XIIIIIII,YIIIIIII,ZIIIIIII,IXIIIIII,IYIIIIII,IZIIIIII,IIXIIIII,IIYIIIII,IIZIIIII,IIIXIIII,IIIYIIII,IIIZIIII,IIIIXIII,IIIIYIII,IIIIZIII,IIIIIXII,IIIIIYII,IIIIIZII,IIIIIIXI,IIIIIIYI,IIIIIIZI,IIIIIIIX,IIIIIIIY,IIIIIIIZ
0.9987322292676026,0.9980008858349549,0.9187819856704067,0.9986781928761985,0.9957967100027219,1.0,0.9993720489802058,0.996724746472708,1.0,0.9991641835181326,0.9983127246489119,1.0,0.998893937237014,0.998210710529591,1.0,0.9982963058436098,0.998086380808374,1.0,0.9951705656273617,0.7461876442833528,0.927615232443074,1.0,1.0,0.9193292433538218
0.9985586421979633,0.9975539780776614,1.0,0.9982241223067518,0.9971184244211457,1.0,0.9991140691025464,0.9980531567544233,1.0,0.999197041168614,0.9982638725786614,1.0,0.9991709338246721,0.9984152597877909,1.0,0.9976357719386755,0.9979533586203075,1.0,0.9481579675176874,0.7080534192075305,1.0,1.0,1.0,1.0
0.0,0.0,0.0,0.0,0.0,0.0,0.0,0.0,0.0,0.0,0.0,0.0,0.0,0.0,0.0,0.0,0.0,0.0,0.0,0.0,0.0,0.0,0.0,0.0
0.999307602138515,0.9968437139629884,0.9927072671444037,0.9982087300840732,0.9968207409936412,1.0,0.99924605880733,0.998049088116403,1.0,0.9991005218207363,0.997970760156889,1.0,0.9990862959785147,0.9983987305547828,1.0,0.997810974529358,0.998156692536341,1.0,0.9481198203267525,0.7080164371169104,0.9926597428289199,1.0,1.0,0.9927361963191359
0.0,0.0,0.0,0.0,0.0,0.0,0.0,0.0,0.0,0.0,0.0,0.0,0.0,0.0,0.0,0.0,0.0,0.0,0.0,0.0,0.0,0.0,0.0,0.0
0.9985527909484375,0.997545997581966,1.0,0.9982241223067518,0.9971184244211457,1.0,0.9991140691025464,0.9980531567544233,1.0,0.999197041168614,0.9982638725786614,1.0,0.9991709338246721,0.9984152597877909,1.0,0.9976357719386755,0.9979533586203075,1.0,0.9481579675176874,0.7080534192075305,1.0,1.0,1.0,1.0
0.9985527909484517,0.997545997581966,1.0,0.9982241223067518,0.9971184244211457,1.0,0.9991140691025464,0.9980531567544233,1.0,0.999197041168614,0.9982638725786614,1.0,0.9991709338246721,0.9984152597877909,1.0,0.9976357719386755,0.9979533586203075,1.0,0.9481579675176874,0.7080534192075305,1.0,1.0,1.0,1.0
0.0,0.0,0.0,0.0,0.0,0.0,0.0,0.0,0.0,0.0,0.0,0.0,0.0,0.0,0.0,0.0,0.0,0.0,0.0,0.0,0.0,0.0,0.0,0.0
0.9985391380328537,0.9975479927059041,1.0,0.9982241223067518,0.9971184244211457,0.9999989550679231,0.9991140691025464,0.9980531567544233,0.9999990205680689,0.9991990947717682,0.9982638725786614,1.0,0.9991709338246721,0.9984152597877909,1.0,0.9976377857615546,0.9979533586203075,1.0,0.9481579675176874,0.7080534192075305,0.9999990108803161,1.0,1.0,0.9999989775051148
0.997509318114794,0.9988448232519858,0.6072364380757378,0.9979509103538504,0.9972732198034748,0.6069393939394274,0.9967022572240012,0.9994832829838742,0.6070587659157312,0.9982503301166759,0.997234221250892,0.6062981366460107,0.9979321435302921,0.9986611321283192,0.6082136409228198,0.9984010246332673,0.9999714952454042,0.6075041753653849,0.9478794930238479,0.7077333818841538,0.6071918892185408,1.0,1.0,0.6072055214724301
0.9985527909484375,0.997545997581966,1.0,0.9982241223067518,0.9971184244211457,1.0,0.9991140691025464,0.9980531567544233,1.0,0.999197041168614,0.9982638725786614,1.0,0.9991709338246721,0.9984152597877909,1.0,0.9976357719386755,0.9979533586203075,1.0,0.9481579675176874,0.7080534192075305,1.0,1.0,1.0,1.0
0.9985527909484375,0.997545997581966,1.0,0.9982241223067518,0.9971184244211457,1.0,0.9991140691025464,0.9980531567544233,1.0,0.999197041168614,0.9982638725786614,1.0,0.9991709338246721,0.9984152597877909,1.0,0.9976357719386755,0.9979533586203075,1.0,0.9481579675176874,0.7080534192075305,1.0,1.0,1.0,1.0
0.9988843617555716,0.997059187346153,0.9965148413512139,0.9982356664737324,0.9966083934819494,0.9965600835946731,0.9993120536597502,0.9983094809434618,0.9964495592558436,0.9990882002017543,0.9981887155473288,0.9965496894410606,0.9990939903279639,0.9986879921319058,0.9965586760282577,0.9976700069275921,0.9980825801743123,0.9965427974949037,0.9481655969558034,0.708076177417226,0.9965410484670585,1.0,1.0,0.9964948875256923
0.9985527909484375,0.997545997581966,1.0,0.9982241223067518,0.9971184244211457,1.0,0.9991140691025464,0.9980531567544233,1.0,0.999197041168614,0.9982638725786614,1.0,0.9991709338246721,0.9984152597877909,1.0,0.9976357719386755,0.9979533586203075,1.0,0.9481579675176874,0.7080534192075305,1.0,1.0,1.0,1.0
0.9985527909484375,0.997545997581966,1.0,0.9982241223067518,0.9971184244211457,1.0,0.9991140691025464,0.9980531567544233,1.0,0.999197041168614,0.9982638725786614,1.0,0.9991709338246721,0.9984152597877909,1.0,0.9976357719386755,0.9979533586203075,1.0,0.9481579675176874,0.7080534192075305,1.0,1.0,1.0,1.0
0.0,0.0,0.0,0.0,0.0,0.0,0.0,0.0,0.0,0.0,0.0,0.0,0.0,0.0,0.0,0.0,0.0,0.0,0.0,0.0,0.0,0.0,0.0,0.0
0.9985527909484375,0.997545997581966,1.0,0.9982241223067518,0.9971184244211457,1.0,0.9991140691025464,0.9980531567544233,1.0,0.999197041168614,0.9982638725786614,1.0,0.9991709338246721,0.9984152597877909,1.0,0.9976357719386755,0.9979533586203075,1.0,0.9481579675176874,0.7080534192075305,1.0,1.0,1.0,1.0
0.9985527909484375,0.997545997581966,1.0,0.9982241223067518,0.9971184244211457,1.0,0.9991140691025464,0.9980531567544233,1.0,0.999197041168614,0.9982638725786614,1.0,0.9991709338246721,0.9984152597877909,1.0,0.9976357719386755,0.9979533586203075,1.0,0.9481579675176874,0.7080534192075305,1.0,1.0,1.0,1.0
0.9996606275271063,0.9972207923834588,0.9935465711362355,0.9983164756429659,0.9968485247800771,1.0,0.9990800717544204,0.9982159022712409,1.0,0.9991477546931691,0.9980327647076734,1.0,0.9992459537336345,0.9985908828881804,1.0,0.9978009054149339,0.9981091846120194,1.0,0.9480893025739618,0.7080377729384679,0.9935242334323036,1.0,1.0,0.9935950920247123
0.9985527909484375,0.997545997581966,1.0,0.9982241223067518,0.9971184244211457,1.0,0.9991140691025464,0.9980531567544233,1.0,0.999197041168614,0.9982638725786614,1.0,0.9991709338246721,0.9984152597877909,1.0,0.9976357719386755,0.9979533586203075,1.0,0.9481579675176874,0.7080534192075305,1.0,1.0,1.0,1.0
0.9985527909484375,0.997545997581966,1.0,0.9982241223067518,0.9971184244211457,1.0,0.9991140691025464,0.9980531567544233,1.0,0.999197041168614,0.9982638725786614,1.0,0.9991709338246721,0.9984152597877909,1.0,0.9976357719386755,0.9979533586203075,1.0,0.9481579675176874,0.7080534192075305,1.0,1.0,1.0,1.0
0.9990618496579771,0.9970272653634424,0.8035097236437849,0.9989206203838421,0.9976344090288336,1.0,0.9963742828059026,0.9998514947158128,1.0,0.9986364075088545,0.9975799435943884,1.0,0.9991113026148213,0.9991136198811716,1.0,0.9983305408323133,0.9985196530780769,1.0,0.9481198203267098,0.7079396281592523,0.8036132542037535,1.0,1.0,0.8038425357872896
0.9985547413649556,0.9975479927058899,1.0,0.9982241223067518,0.9971184244211457,1.0,0.9991140691025464,0.9980531567544233,1.0,0.999197041168614,0.9982638725786614,1.0,0.9991709338246721,0.9984152597877909,1.0,0.9976357719386755,0.9979533586203075,1.0,0.9481579675176874,0.7080534192075305,1.0,1.0,1.0,1.0
0.9985586421979633,0.997563953697238,0.9999907881269152,0.9982452866129705,0.9971283472020644,0.999991640543378,0.9991220684785844,0.99805112243547,0.9999931439764964,0.9991929339623056,0.9982732672075656,0.9999948240165679,0.9991613158876476,0.9984214582501636,0.9999929789368096,0.9976297304700381,0.9979628602051491,0.9999916492693188,0.9481560601581549,0.70805484159564,0.9999891196834838,1.0,1.0,0.9999948875255669
0.9985527909484375,0.997545997581966,1.0,0.9982241223067518,0.9971184244211457,1.0,0.9991140691025464,0.9980531567544233,1.0,0.999197041168614,0.9982638725786614,1.0,0.9991709338246721,0.9984152597877909,1.0,0.9976357719386755,0.9979533586203075,1.0,0.9481579675176874,0.7080534192075305,1.0,1.0,1.0,1.0
0.9985527909484375,0.997545997581966,1.0,0.9982241223067518,0.9971184244211457,1.0,0.9991140691025464,0.9980531567544233,1.0,0.999197041168614,0.9982638725786614,1.0,0.9991709338246721,0.9984152597877909,1.0,0.9976357719386755,0.9979533586203075,1.0,0.9481579675176874,0.7080534192075305,1.0,1.0,1.0,1.0
0.9985547413649414,0.9975539780776614,1.0,0.9982241223067518,0.9971184244211457,1.0,0.9991140691025464,0.9980531567544233,1.0,0.999197041168614,0.9982638725786614,1.0,0.9991709338246721,0.9984152597877909,1.0,0.9976357719386755,0.9979533586203075,1.0,0.9481579675176874,0.7080534192075305,1.0,1.0,1.0,1.0
0.9985332867833137,0.9975400122102371,1.0,0.9982279703624215,0.9971184244211457,0.9999989550679231,0.9991140691025464,0.9980551910733766,0.9999990205680689,0.9991990947717682,0.998265751504448,1.0,0.9991690102372672,0.9984131936336667,1.0,0.9976357719386755,0.9979533586203075,1.0,0.9481579675176874,0.7080534192075305,0.9999990108803161,1.0,1.0,0.9999989775051148
0.9976165910229753,0.995804254402259,0.8970910951891824,0.9976969386793542,0.9980729959453924,0.8970553814000795,0.9992000623950759,0.9971356789030779,0.8968726738490176,0.9988540894428581,0.9978993609772004,0.8969596273290392,0.999022817593783,0.9991384137306341,0.8978174523570033,0.9978834721528642,0.9986032670247198,0.8975751565761172,0.9485604203820088,0.7080647983123924,0.8970524233430623,1.0,1.0,0.8972177914109523
0.9962317953000337,0.9983101300422135,0.7344810644832123,0.9989302405229097,0.997749513287502,0.7342257053292371,0.9974182013802562,0.9992045812861647,0.7347394711067707,0.9987945349513154,0.9965953864855095,0.7340186335404226,0.9992517244960055,0.9981094689777308,0.7353711133400154,0.9978693753927388,0.9991999665544427,0.7348141962421337,0.9476448877994983,0.7078884221874517,0.7344025717112288,1.0,1.0,0.7344049079754313
0.9985527909484375,0.997545997581966,1.0,0.9982241223067518,0.9971184244211457,1.0,0.9991140691025464,0.9980531567544233,1.0,0.999197041168614,0.9982638725786614,1.0,0.9991709338246721,0.9984152597877909,1.0,0.9976357719386755,0.9979533586203075,1.0,0.9481579675176874,0.7080534192075305,1.0,1.0,1.0,1.0
0.9985527909484375,0.997545997581966,1.0,0.9982241223067518,0.9971184244211457,1.0,0.9991140691025464,0.9980531567544233,1.0,0.999197041168614,0.9982638725786614,1.0,0.9991709338246721,0.9984152597877909,1.0,0.9976357719386755,0.9979533586203075,1.0,0.9481579675176874,0.7080534192075305,1.0,1.0,1.0,1.0
0.9985527909484375,0.997545997581966,1.0,0.9982241223067518,0.9971184244211457,1.0,0.9991140691025464,0.9980531567544233,1.0,0.999197041168614,0.9982638725786614,1.0,0.9991709338246721,0.9984152597877909,1.0,0.9976357719386755,0.9979533586203075,1.0,0.9481579675176874,0.7080534192075305,1.0,1.0,1.0,1.0
0.9985527909484375,0.997545997581966,1.0,0.9982241223067518,0.9971184244211457,1.0,0.9991140691025464,0.9980531567544233,1.0,0.999197041168614,0.9982638725786614,1.0,0.9991709338246721,0.9984152597877909,1.0,0.9976357719386755,0.9979533586203075,1.0,0.9481579675176874,0.7080534192075305,1.0,1.0,1.0,1.0
0.9985527909484375,0.997545997581966,1.0,0.9982241223067518,0.9971184244211457,1.0,0.9991140691025464,0.9980531567544233,1.0,0.999197041168614,0.9982638725786614,1.0,0.9991709338246721,0.9984152597877909,1.0,0.9976357719386755,0.9979533586203075,1.0,0.9481579675176874,0.7080534192075305,1.0,1.0,1.0,1.0
0.9971504414768475,0.9978871637717219,0.5636970317298022,0.9987628501008885,0.9974855673152234,0.5634733542319594,0.9997660182506252,0.9991333801226858,0.5640313418217602,0.9983016701954455,0.9965315030089954,0.5632546583851195,0.9980860305233392,0.9985392290350461,0.5647342026078377,0.9991219732243053,0.9993139855726554,0.5642432150313823,0.9480568774616529,0.7076053669547093,0.5638397626113161,1.0,1.0,0.5641247443763149
0.0,0.0,0.0,0.0,0.0,0.0,0.0,0.0,0.0,0.0,0.0,0.0,0.0,0.0,0.0,0.0,0.0,0.0,0.0,0.0,0.0,0.0,0.0,0.0
0.0,0.0,0.0,0.0,0.0,0.0,0.0,0.0,0.0,0.0,0.0,0.0,0.0,0.0,0.0,0.0,0.0,0.0,0.0,0.0,0.0,0.0,0.0,0.0
0.9985527909484375,0.997545997581966,1.0,0.9982241223067518,0.9971184244211457,1.0,0.9991140691025464,0.9980531567544233,1.0,0.999197041168614,0.9982638725786614,1.0,0.9991709338246721,0.9984152597877909,1.0,0.9976357719386755,0.9979533586203075,1.0,0.9481579675176874,0.7080534192075305,1.0,1.0,1.0,1.0
0.9985527909484375,0.997545997581966,1.0,0.9982241223067518,0.9971184244211457,1.0,0.9991140691025464,0.9980531567544233,1.0,0.999197041168614,0.9982638725786614,1.0,0.9991709338246721,0.9984152597877909,1.0,0.9976357719386755,0.9979533586203075,1.0,0.9481579675176874,0.7080534192075305,1.0,1.0,1.0,1.0
0.9985527909484375,0.997545997581966,1.0,0.9982241223067518,0.9971184244211457,1.0,0.9991140691025464,0.9980531567544233,1.0,0.999197041168614,0.9982638725786614,1.0,0.9991709338246721,0.9984152597877909,1.0,0.9976357719386755,0.9979533586203075,1.0,0.9481579675176874,0.7080534192075305,1.0,1.0,1.0,1.0
0.9963215144594813,0.9976696952647472,0.5792507676561556,0.9975199281185922,0.9973387101575639,0.5789278996865477,0.9976001871853697,0.9992208558378337,0.5792144955925949,0.9985337273513863,0.996187659591115,0.5785093167702726,0.9978879010196238,0.9978945889487534,0.5800802407221752,0.999375714907174,0.9998669778117772,0.5796889352818511,0.9480034713942871,0.7077120460625821,0.5791503461919163,1.0,1.0,0.5792535787321498
0.9985527909484375,0.997545997581966,1.0,0.9982241223067518,0.9971184244211457,1.0,0.9991140691025464,0.9980531567544233,1.0,0.999197041168614,0.9982638725786614,1.0,0.9991709338246721,0.9984152597877909,1.0,0.9976357719386755,0.9979533586203075,1.0,0.9481579675176874,0.7080534192075305,1.0,1.0,1.0,1.0
0.9985742455300795,0.9975479927059041,1.0,0.9982241223067518,0.9971184244211457,1.0,0.9991140691025464,0.9980531567544233,1.0,0.999197041168614,0.9982638725786614,1.0,0.9991709338246721,0.9984152597877909,1.0,0.9976357719386755,0.9979533586203075,1.0,0.9481579675176874,0.7080534192075305,1.0,1.0,1.0,1.0
0.9985781463630872,0.9975719341928908,1.0,0.9982241223067518,0.9971184244211457,1.0,0.9991140691025464,0.9980531567544233,1.0,0.9991990947717682,0.9982638725786614,1.0,0.9991728574121055,0.9984152597877909,1.0,0.9976377857615546,0.9979533586203075,1.0,0.9481579675176874,0.7080534192075305,0.9999990108803161,1.0,1.0,0.9999989775051148
0.0,0.0,0.0,0.0,0.0,0.0,0.0,0.0,0.0,0.0,0.0,0.0,0.0,0.0,0.0,0.0,0.0,0.0,0.0,0.0,0.0,0.0,0.0,0.0
0.9985527909484375,0.997545997581966,1.0,0.9982241223067518,0.9971184244211457,1.0,0.9991140691025464,0.9980531567544233,1.0,0.999197041168614,0.9982638725786614,1.0,0.9991709338246721,0.9984152597877909,1.0,0.9976357719386755,0.9979533586203075,1.0,0.9481579675176874,0.7080534192075305,1.0,1.0,1.0,1.0
0.9985527909484375,0.997545997581966,1.0,0.9982241223067518,0.9971184244211457,1.0,0.9991140691025464,0.9980531567544233,1.0,0.999197041168614,0.9982638725786614,1.0,0.9991709338246721,0.9984152597877909,1.0,0.9976357719386755,0.9979533586203075,1.0,0.9481579675176874,0.7080534192075305,1.0,1.0,1.0,1.0
0.9985527909484375,0.997545997581966,1.0,0.9982241223067518,0.9971184244211457,1.0,0.9991140691025464,0.9980531567544233,1.0,0.999197041168614,0.9982638725786614,1.0,0.9991709338246721,0.9984152597877909,1.0,0.9976357719386755,0.9979533586203075,1.0,0.9481579675176874,0.7080534192075305,1.0,1.0,1.0,1.0
0.9966238290189011,0.99801086145456,0.6507011258955231,0.9986070038461747,0.9977653897369834,0.6505663531869885,0.9969222400653734,0.9987753399855279,0.6507120470126893,0.9974021920160112,0.9976287956646104,0.6497608695651707,0.998580392488762,0.9984111274794003,0.6516850551654869,0.9994361295935903,0.9993310884255635,0.6509457202504478,0.9478051060016099,0.7078571296491987,0.6506271018793157,1.0,1.0,0.6506472392637264
0.9985449892823937,0.9975360219623894,0.9999989764585422,0.9982260463345938,0.9971184244211457,0.9999979101358463,0.999116068946563,0.9980551910733766,0.9999980411361378,0.999197041168614,0.9982676304302345,0.9999989648033107,0.9991690102372672,0.9984131936336667,1.0,0.9976357719386755,0.9979533586203075,0.9999989561586631,0.9481579675176874,0.7080534192075305,0.9999990108803161,1.0,1.0,0.9999989775051148
0.9985527909484375,0.997545997581966,1.0,0.9982241223067518,0.9971184244211457,1.0,0.9991140691025464,0.9980531567544233,1.0,0.999197041168614,0.9982638725786614,1.0,0.9991709338246721,0.9984152597877909,1.0,0.9976357719386755,0.9979533586203075,1.0,0.9481579675176874,0.7080534192075305,1.0,1.0,1.0,1.0
0.9985527909484375,0.997545997581966,1.0,0.9982241223067518,0.9971184244211457,1.0,0.9991140691025464,0.9980531567544233,1.0,0.999197041168614,0.9982638725786614,1.0,0.9991709338246721,0.9984152597877909,1.0,0.9976357719386755,0.9979533586203075,1.0,0.9481579675176874,0.7080534192075305,1.0,1.0,1.0,1.0
0.9985527909484375,0.997545997581966,1.0,0.9982241223067518,0.9971184244211457,1.0,0.9991140691025464,0.9980531567544233,1.0,0.999197041168614,0.9982638725786614,1.0,0.9991709338246721,0.9984152597877909,1.0,0.9976357719386755,0.9979533586203075,1.0,0.9481579675176874,0.7080534192075305,1.0,1.0,1.0,1.0
0.0,0.0,0.0,0.0,0.0,0.0,0.0,0.0,0.0,0.0,0.0,0.0,0.0,0.0,0.0,0.0,0.0,0.0,0.0,0.0,0.0,0.0,0.0,0.0
0.9985527909484375,0.997545997581966,1.0,0.9982241223067518,0.9971184244211457,1.0,0.9991140691025464,0.9980531567544233,1.0,0.999197041168614,0.9982638725786614,1.0,0.9991709338246721,0.9984152597877909,1.0,0.9976357719386755,0.9979533586203075,1.0,0.9481579675176874,0.7080534192075305,1.0,1.0,1.0,1.0
0.9994168254630864,0.9974941243601023,0.8202098259979422,0.9989437087177322,0.9985453203172057,1.0,0.9973362077757599,0.9985047755636458,1.0,0.9989896272506229,0.9973582303523614,1.0,0.9983630271110258,0.999202464508457,1.0,0.9980868682638544,0.9981395896835892,1.0,0.9482857606073622,0.7081231162247263,0.8203837784371615,1.0,1.0,0.8205746421267932
0.9985527909484375,0.997545997581966,1.0,0.9982241223067518,0.9971184244211457,1.0,0.9991140691025464,0.9980531567544233,1.0,0.999197041168614,0.9982638725786614,1.0,0.9991709338246721,0.9984152597877909,1.0,0.9976357719386755,0.9979533586203075,1.0,0.9481579675176874,0.7080534192075305,1.0,1.0,1.0,1.0
0.9985527909484375,0.9975479927058899,1.0,0.9982241223067518,0.9971184244211457,1.0,0.9991140691025464,0.9980531567544233,1.0,0.999197041168614,0.9982638725786614,1.0,0.9991709338246721,0.9984152597877909,1.0,0.9976357719386755,0.9979533586203075,1.0,0.9481579675176874,0.7080534192075305,1.0,1.0,1.0,1.0
0.9985527909484375,0.997545997581966,1.0,0.9982241223067518,0.9971184244211457,1.0,0.9991140691025464,0.9980531567544233,1.0,0.999197041168614,0.9982638725786614,1.0,0.9991709338246721,0.9984152597877909,1.0,0.9976357719386755,0.9979533586203075,1.0,0.9481579675176874,0.7080534192075305,1.0,1.0,1.0,1.0
0.9985527909484375,0.997545997581966,1.0,0.9982241223067518,0.9971184244211457,1.0,0.9991140691025464,0.9980531567544233,1.0,0.999197041168614,0.9982638725786614,1.0,0.9991709338246721,0.9984152597877909,1.0,0.9976357719386755,0.9979533586203075,1.0,0.9481579675176874,0.7080534192075305,1.0,1.0,1.0,1.0
0.9985761959465833,0.9975559732015711,1.0,0.9982241223067518,0.9971184244211457,1.0,0.9991140691025464,0.9980531567544233,1.0,0.999197041168614,0.9982638725786614,1.0,0.9991709338246721,0.9984152597877909,1.0,0.9976357719386755,0.9979533586203075,1.0,0.9481579675176874,0.7080534192075305,1.0,1.0,1.0,1.0
0.9985527909484375,0.997545997581966,1.0,0.9982241223067518,0.9971184244211457,1.0,0.9991140691025464,0.9980531567544233,1.0,0.999197041168614,0.9982638725786614,1.0,0.9991709338246721,0.9984152597877909,1.0,0.9976357719386755,0.9979533586203075,1.0,0.9481579675176874,0.7080534192075305,1.0,1.0,1.0,1.0
0.996892986497258,0.9990682771307462,0.4994738996929655,0.9986628006536904,0.9981940538726946,0.499515151515169,0.9994560424287755,0.99821793659018,0.5000773751224372,0.9979772008977505,0.9987354829495843,0.49924948240158074,0.9975166486490394,0.9990144444831941,0.5009177532597562,0.9994703645825211,0.9991638605318656,0.5002317327766264,0.9478718635857035,0.7076864430766392,0.4996023738872921,1.0,1.0,0.5000889570552047
0.9985527909484375,0.997545997581966,1.0,0.9982241223067518,0.9971184244211457,1.0,0.9991140691025464,0.9980531567544233,1.0,0.999197041168614,0.9982638725786614,1.0,0.9991709338246721,0.9984152597877909,1.0,0.9976357719386755,0.9979533586203075,1.0,0.9481579675176874,0.7080534192075305,1.0,1.0,1.0,1.0
0.9985527909484375,0.997545997581966,1.0,0.9982241223067518,0.9971184244211457,1.0,0.9991140691025464,0.9980531567544233,1.0,0.999197041168614,0.9982638725786614,1.0,0.9991709338246721,0.9984152597877909,1.0,0.9976357719386755,0.9979533586203075,1.0,0.9481579675176874,0.7080534192075305,1.0,1.0,1.0,1.0
0.9985527909484375,0.997545997581966,1.0,0.9982241223067518,0.9971184244211457,1.0,0.9991140691025464,0.9980531567544233,1.0,0.999197041168614,0.9982638725786614,1.0,0.9991709338246721,0.9984152597877909,1.0,0.9976357719386755,0.9979533586203075,1.0,0.9481579675176874,0.7080534192075305,1.0,1.0,1.0,1.0
0.9992354367275311,0.9985595205318987,0.5440143295802855,0.9983260957819766,0.9990831350430653,0.5436415882967935,0.9984761188627118,0.9989726689246936,0.544238001958874,0.9992011483748939,0.9981699262896342,0.5436376811593959,0.9983072430759847,0.9986776613614126,0.5449277833500119,0.9993656457928637,0.9992493747957241,0.54453235908138,0.9482876679668664,0.7078173027822743,0.5442512363995533,1.0,1.0,0.544215746421223
0.9981041951508871,0.9976437586537372,0.9772210849539888,0.9979085817416262,0.9966282390437726,1.0,0.998770095932457,0.9979697496769973,1.0,0.9989198047434087,0.9980816167779096,1.0,0.9985765453139237,0.9985165013396795,1.0,0.9977666704258326,0.9981091846119909,1.0,0.9483868506632263,0.7081117371198644,0.9774718100890638,1.0,1.0,0.977615541922269
0.9971133835630752,0.9965165136407563,0.9623572159673088,0.9986570285698946,0.9973922931744141,0.962690700104524,0.9988140925008224,0.9971316102652281,0.9624054848188095,0.998866411061627,0.9974972708601513,0.9628188405797644,0.9986323293487231,0.9987086536732335,0.9630651955867862,0.9978452095182178,0.997531488252207,0.9627922755741096,0.9483258151577445,0.7081117371198786,0.9627833827892829,1.0,1.0,0.9630061349694259
0.9985527909484375,0.997545997581966,1.0,0.9982241223067518,0.9971184244211457,1.0,0.9991140691025464,0.9980531567544233,1.0,0.999197041168614,0.9982638725786614,1.0,0.9991709338246721,0.9984152597877909,1.0,0.9976357719386755,0.9979533586203075,1.0,0.9481579675176874,0.7080534192075305,1.0,1.0,1.0,1.0
0.9985527909484375,0.997545997581966,1.0,0.9982241223067518,0.9971184244211457,1.0,0.9991140691025464,0.9980531567544233,1.0,0.999197041168614,0.9982638725786614,1.0,0.9991709338246721,0.9984152597877909,1.0,0.9976357719386755,0.9979533586203075,1.0,0.9481579675176874,0.7080534192075305,1.0,1.0,1.0,1.0
0.9985527909484375,0.997545997581966,1.0,0.9982241223067518,0.9971184244211457,1.0,0.9991140691025464,0.9980531567544233,1.0,0.999197041168614,0.9982638725786614,1.0,0.9991709338246721,0.9984152597877909,1.0,0.9976357719386755,0.9979533586203075,1.0,0.9481579675176874,0.7080534192075305,1.0,1.0,1.0,1.0
0.9985527909484375,0.997545997581966,1.0,0.9982241223067518,0.9971184244211457,1.0,0.9991140691025464,0.9980531567544233,1.0,0.999197041168614,0.9982638725786614,1.0,0.9991709338246721,0.9984152597877909,1.0,0.9976357719386755,0.9979533586203075,1.0,0.9481579675176874,0.7080534192075305,1.0,1.0,1.0,1.0
0.9985527909484375,0.997545997581966,1.0,0.9982241223067518,0.9971184244211457,1.0,0.9991140691025464,0.9980531567544233,1.0,0.999197041168614,0.9982638725786614,1.0,0.9991709338246721,0.9984152597877909,1.0,0.9976357719386755,0.9979533586203075,1.0,0.9481579675176874,0.7080534192075305,1.0,1.0,1.0,1.0
0.9968812839982633,0.9980088663306645,0.6786233367450976,0.9983511081438792,0.9980650577208081,0.678396029258046,0.9979761578596253,0.9998047053796029,0.678845249755156,0.998472119256931,0.9982976932426055,0.6779161490683521,0.9983072430759421,0.998514435185669,0.6798254764293006,0.9993273831580751,0.9989149190083708,0.6791075156576483,0.9475380756649088,0.7074972654588407,0.6785430267062864,1.0,1.0,0.6785419222903286
0.996935895660684,0.9974502316340477,0.5640419651996424,0.9984857900925874,0.9973903086182787,1.0,0.9991980625511303,0.9981345295128392,1.0,0.9986631043497738,0.9969880819736971,1.0,0.9980821833484157,0.9979958305007273,1.0,0.9990615585378464,0.9993519919121638,1.0,0.9480187302706895,0.7075982550142044,0.5635687438180099,1.0,1.0,0.5638721881390794
0.9985527909484375,0.997545997581966,1.0,0.9982241223067518,0.9971184244211457,1.0,0.9991140691025464,0.9980531567544233,1.0,0.999197041168614,0.9982638725786614,1.0,0.9991709338246721,0.9984152597877909,1.0,0.9976357719386755,0.9979533586203075,1.0,0.9481579675176874,0.7080534192075305,1.0,1.0,1.0,1.0
0.9985527909484375,0.997545997581966,1.0,0.9982241223067518,0.9971184244211457,1.0,0.9991140691025464,0.9980531567544233,1.0,0.999197041168614,0.9982638725786614,1.0,0.9991709338246721,0.9984152597877909,1.0,0.9976357719386755,0.9979533586203075,1.0,0.9481579675176874,0.7080534192075305,1.0,1.0,1.0,1.0
0.997205053138913,0.9969474604067017,0.8923234390992363,0.9993419824800469,0.9982734361201011,1.0,0.9986921020159087,0.9982850691159655,1.0,0.9993140965481899,0.9983146035747694,1.0,0.9992901962442318,0.9987685721426942,1.0,0.9977827810089792,0.9986830803377842,1.0,0.9484803112811733,0.7079254042781429,0.8925331355092965,1.0,1.0,0.8927811860939556
0.9985527909484375,0.997545997581966,1.0,0.9982241223067518,0.9971184244211457,1.0,0.9991140691025464,0.9980531567544233,1.0,0.999197041168614,0.9982638725786614,1.0,0.9991709338246721,0.9984152597877909,1.0,0.9976357719386755,0.9979533586203075,1.0,0.9481579675176874,0.7080534192075305,1.0,1.0,1.0,1.0
0.9985547413649414,0.9975539780776614,1.0,0.9982241223067518,0.9971184244211457,1.0,0.9991140691025464,0.9980531567544233,1.0,0.999197041168614,0.9982638725786614,1.0,0.9991709338246721,0.9984152597877909,1.0,0.9976357719386755,0.9979533586203075,1.0,0.9481579675176874,0.7080534192075305,1.0,1.0,1.0,1.0
0.9985527909484375,0.997545997581966,1.0,0.9982241223067518,0.9971184244211457,1.0,0.9991140691025464,0.9980531567544233,1.0,0.999197041168614,0.9982638725786614,1.0,0.9991709338246721,0.9984152597877909,1.0,0.9976357719386755,0.9979533586203075,1.0,0.9481579675176874,0.7080534192075305,1.0,1.0,1.0,1.0
0.9991262134028176,0.9971669240374297,0.9879529170933026,0.9982318184179917,0.9970191966118023,1.0,0.9993660494480849,0.9983196525382283,1.0,0.9988869470931263,0.9977997779107994,1.0,0.9989477976847354,0.9984111274794998,1.0,0.997899582735883,0.997917252597702,1.0,0.9480873952144009,0.7082155714514329,0.9879930761624038,1.0,1.0,0.9880817995911713
0.9985527909484375,0.997545997581966,1.0,0.9982241223067518,0.9971184244211457,1.0,0.9991140691025464,0.9980531567544233,1.0,0.999197041168614,0.9982638725786614,1.0,0.9991709338246721,0.9984152597877909,1.0,0.9976357719386755,0.9979533586203075,1.0,0.9481579675176874,0.7080534192075305,1.0,1.0,1.0,1.0
0.9985527909484375,0.997545997581966,1.0,0.9982241223067518,0.9971184244211457,1.0,0.9991140691025464,0.9980531567544233,1.0,0.999197041168614,0.9982638725786614,1.0,0.9991709338246721,0.9984152597877909,1.0,0.9976357719386755,0.9979533586203075,1.0,0.9481579675176874,0.7080534192075305,1.0,1.0,1.0,1.0
0.9985527909484375,0.997545997581966,1.0,0.9982241223067518,0.9971184244211457,1.0,0.9991140691025464,0.9980531567544233,1.0,0.999197041168614,0.9982638725786614,1.0,0.9991709338246721,0.9984152597877909,1.0,0.9976357719386755,0.9979533586203075,1.0,0.9481579675176874,0.7080534192075305,1.0,1.0,1.0,1.0
0.9985742455300795,0.9975479927059041,1.0,0.9982241223067518,0.9971184244211457,1.0,0.9991140691025464,0.9980531567544233,1.0,0.999197041168614,0.9982638725786614,1.0,0.9991709338246721,0.9984152597877909,1.0,0.9976357719386755,0.9979533586203075,1.0,0.9481579675176874,0.7080534192075305,1.0,1.0,1.0,1.0
0.9985527909484375,0.997545997581966,1.0,0.9982241223067518,0.9971184244211457,1.0,0.9991140691025464,0.9980531567544233,1.0,0.999197041168614,0.9982638725786614,1.0,0.9991709338246721,0.9984152597877909,1.0,0.9976357719386755,0.9979533586203075,1.0,0.9481579675176874,0.7080534192075305,1.0,1.0,1.0,1.0
0.9985527909484375,0.997545997581966,1.0,0.9982241223067518,0.9971184244211457,1.0,0.9991140691025464,0.9980531567544233,1.0,0.999197041168614,0.9982638725786614,1.0,0.9991709338246721,0.9984152597877909,1.0,0.9976357719386755,0.9979533586203075,1.0,0.9481579675176874,0.7080534192075305,1.0,1.0,1.0,1.0
0.9985586421979633,0.9975539780776614,1.0,0.9982241223067518,0.9971184244211457,1.0,0.9991140691025464,0.9980531567544233,1.0,0.999197041168614,0.9982638725786614,1.0,0.9991709338246721,0.9984152597877909,1.0,0.9976357719386755,0.9979533586203075,1.0,0.9481579675176874,0.7080534192075305,1.0,1.0,1.0,1.0
0.9985527909484375,0.997545997581966,1.0,0.9982241223067518,0.9971184244211457,1.0,0.9991140691025464,0.9980531567544233,1.0,0.999197041168614,0.9982638725786614,1.0,0.9991709338246721,0.9984152597877909,1.0,0.9976357719386755,0.9979533586203075,1.0,0.9481579675176874,0.7080534192075305,1.0,1.0,1.0,1.0
0.9985527909484375,0.997545997581966,1.0,0.9982241223067518,0.9971184244211457,1.0,0.9991140691025464,0.9980531567544233,1.0,0.999197041168614,0.9982638725786614,1.0,0.9991709338246721,0.9984152597877909,1.0,0.9976357719386755,0.9979533586203075,1.0,0.9481579675176874,0.7080534192075305,1.0,1.0,1.0,1.0
0.9975697810268258,0.9980886712873485,0.5616704196520459,0.9987801663515938,0.9973545866070168,0.5614503657261949,0.9999760018719144,0.9993286747428556,0.5621057786483448,0.9984823872727304,0.9968189786534367,0.5613126293995236,0.9980918012856961,0.9984875751819686,0.5627291875626739,0.9990253097260506,0.9992398732107262,0.5621983298538211,0.9480606921807038,0.7076224356119667,0.5618822947576945,1.0,1.0,0.5620930470347929
0.9985527909484375,0.997545997581966,1.0,0.9982241223067518,0.9971184244211457,1.0,0.9991140691025464,0.9980531567544233,1.0,0.999197041168614,0.9982638725786614,1.0,0.9991709338246721,0.9984152597877909,1.0,0.9976357719386755,0.9979533586203075,1.0,0.9481579675176874,0.7080534192075305,1.0,1.0,1.0,1.0
0.9985527909484375,0.997545997581966,1.0,0.9982241223067518,0.9971184244211457,1.0,0.9991140691025464,0.9980531567544233,1.0,0.999197041168614,0.9982638725786614,1.0,0.9991709338246721,0.9984152597877909,1.0,0.9976357719386755,0.9979533586203075,1.0,0.9481579675176874,0.7080534192075305,1.0,1.0,1.0,1.0
0.9985527909484375,0.997545997581966,1.0,0.9982241223067518,0.9971184244211457,1.0,0.9991140691025464,0.9980531567544233,1.0,0.999197041168614,0.9982638725786614,1.0,0.9991709338246721,0.9984152597877909,1.0,0.9976357719386755,0.9979533586203075,1.0,0.9481579675176874,0.7080534192075305,1.0,1.0,1.0,1.0
0.9985527909484375,0.997545997581966,1.0,0.9982241223067518,0.9971184244211457,1.0,0.9991140691025464,0.9980531567544233,1.0,0.999197041168614,0.9982638725786614,1.0,0.9991709338246721,0.9984152597877909,1.0,0.9976357719386755,0.9979533586203075,1.0,0.9481579675176874,0.7080534192075305,1.0,1.0,1.0,1.0
0.998568394280511,0.9975719341928624,1.0,0.9982241223067518,0.9971184244211457,1.0,0.9991140691025464,0.9980531567544233,1.0,0.9991990947717682,0.9982638725786614,1.0,0.9991728574121055,0.9984152597877909,1.0,0.9976357719386755,0.9979533586203075,1.0,0.9481579675176874,0.7080534192075305,0.9999990108803161,1.0,1.0,0.9999989775051148
0.0,0.0,0.0,0.0,0.0,0.0,0.0,0.0,0.0,0.0,0.0,0.0,0.0,0.0,0.0,0.0,0.0,0.0,0.0,0.0,0.0,0.0,0.0,0.0
0.9985527909484375,0.997545997581966,1.0,0.9982241223067518,0.9971184244211457,1.0,0.9991140691025464,0.9980531567544233,1.0,0.999197041168614,0.9982638725786614,1.0,0.9991709338246721,0.9984152597877909,1.0,0.9976357719386755,0.9979533586203075,1.0,0.9481579675176874,0.7080534192075305,1.0,1.0,1.0,1.0
0.9985527909484375,0.997545997581966,1.0,0.9982241223067518,0.9971184244211457,1.0,0.9991140691025464,0.9980531567544233,1.0,0.999197041168614,0.9982638725786614,1.0,0.9991709338246721,0.9984152597877909,1.0,0.9976357719386755,0.9979533586203075,1.0,0.9481579675176874,0.7080534192075305,1.0,1.0,1.0,1.0
0.9985527909484375,0.997545997581966,1.0,0.9982241223067518,0.9971184244211457,1.0,0.9991140691025464,0.9980531567544233,1.0,0.999197041168614,0.9982638725786614,1.0,0.9991709338246721,0.9984152597877909,1.0,0.9976357719386755,0.9979533586203075,1.0,0.9481579675176874,0.7080534192075305,1.0,1.0,1.0,1.0
0.9965594652738758,0.9964087769490959,0.8919099283521419,0.9983414880047263,0.9980352893779951,0.8918516196447754,0.9988900865732404,0.9977256314016216,0.8917228207639241,0.9990779321858696,0.9977678361725424,0.8917246376811434,0.9992651896078542,0.9985867505798609,0.8925667001002822,0.9978935412673451,0.9985918651230037,0.892536534446748,0.9484803112811022,0.7079126027852283,0.8917546983184153,1.0,1.0,0.8919979550101615
0.9985527909484375,0.997545997581966,1.0,0.9982241223067518,0.9971184244211457,1.0,0.9991140691025464,0.9980531567544233,1.0,0.999197041168614,0.9982638725786614,1.0,0.9991709338246721,0.9984152597877909,1.0,0.9976357719386755,0.9979533586203075,1.0,0.9481579675176874,0.7080534192075305,1.0,1.0,1.0,1.0
0.9985527909484375,0.997545997581966,1.0,0.9982241223067518,0.9971184244211457,1.0,0.9991140691025464,0.9980531567544233,1.0,0.999197041168614,0.9982638725786614,1.0,0.9991709338246721,0.9984152597877909,1.0,0.9976357719386755,0.9979533586203075,1.0,0.9481579675176874,0.7080534192075305,1.0,1.0,1.0,1.0
0.9985527909484375,0.997545997581966,1.0,0.9982241223067518,0.9971184244211457,1.0,0.9991140691025464,0.9980531567544233,1.0,0.999197041168614,0.9982638725786614,1.0,0.9991709338246721,0.9984152597877909,1.0,0.9976357719386755,0.9979533586203075,1.0,0.9481579675176874,0.7080534192075305,1.0,1.0,1.0,1.0
0.9985527909484375,0.997545997581966,1.0,0.9982241223067518,0.9971184244211457,1.0,0.9991140691025464,0.9980531567544233,1.0,0.999197041168614,0.9982638725786614,1.0,0.9991709338246721,0.9984152597877909,1.0,0.9976357719386755,0.9979533586203075,1.0,0.9481579675176874,0.7080534192075305,1.0,1.0,1.0,1.0
0.9956642240949947,0.9980687200481952,0.6937717502558698,0.9988109507969938,0.9976006715738066,0.6933719958202147,0.9977121784502145,0.9991293114847082,0.6938991185112471,0.9971249555910333,0.9982751461334516,0.6931925465838376,0.9984822895305285,0.9983264151604772,0.6949468405215242,0.9987836509805561,0.9991049507057994,0.6943977035490363,0.947549519822303,0.7076949774052963,0.6937705242334147,1.0,1.0,0.6936400817995008
0.9984747742882405,0.9977036123715095,0.9990501535316128,0.9984376893965674,0.996910046021867,0.9990731452459585,0.9992860556876053,0.9980022987804062,0.999022526934823,0.9991785587402688,0.9982507200983122,0.9990559006215065,0.9991478507756,0.9985681551928707,0.9990371113344381,0.997571329606572,0.9979419567184635,0.9990793319419353,0.9482170956636082,0.7080548415956542,0.9990563798223917,1.0,1.0,0.9990184049083624
0.0,0.0,0.0,0.0,0.0,0.0,0.0,0.0,0.0,0.0,0.0,0.0,0.0,0.0,0.0,0.0,0.0,0.0,0.0,0.0,0.0,0.0,0.0,0.0
0.9976653514357707,0.9980547541807994,0.8484698055271593,0.9989071521887638,0.9973982468430052,0.848038662486978,0.998062151152368,0.9985576678567014,0.8483555337905031,0.9985090841136639,0.9971684588483782,0.848017598343759,0.998216834467442,0.9991446121929641,0.8494072216650608,0.9983023473120767,0.9984322384973865,0.8488058455115279,0.9483067415622912,0.7083421639926542,0.8481107814045714,1.0,1.0,0.8481155419223043
0.9985527909484375,0.997545997581966,1.0,0.9982241223067518,0.9971184244211457,1.0,0.9991140691025464,0.9980531567544233,1.0,0.999197041168614,0.9982638725786614,1.0,0.9991709338246721,0.9984152597877909,1.0,0.9976357719386755,0.9979533586203075,1.0,0.9481579675176874,0.7080534192075305,1.0,1.0,1.0,1.0
0.9985527909484375,0.997545997581966,1.0,0.9982241223067518,0.9971184244211457,1.0,0.9991140691025464,0.9980531567544233,1.0,0.999197041168614,0.9982638725786614,1.0,0.9991709338246721,0.9984152597877909,1.0,0.9976357719386755,0.9979533586203075,1.0,0.9481579675176874,0.7080534192075305,1.0,1.0,1.0,1.0
0.9985508405319052,0.997545997581966,1.0,0.9982241223067518,0.9971184244211457,1.0,0.9991140691025464,0.9980531567544233,1.0,0.999197041168614,0.9982638725786614,1.0,0.9991709338246721,0.9984152597877909,1.0,0.9976357719386755,0.9979533586203075,1.0,0.9481579675176874,0.7080534192075305,1.0,1.0,1.0,1.0
0.9985547413649414,0.9975539780776614,1.0,0.9982241223067518,0.9971184244211457,1.0,0.9991140691025464,0.9980531567544233,1.0,0.999197041168614,0.9982638725786614,1.0,0.9991709338246721,0.9984152597877909,1.0,0.9976357719386755,0.9979533586203075,1.0,0.9481579675176874,0.7080534192075305,1.0,1.0,1.0,1.0
0.9985527909484375,0.997545997581966,1.0,0.9982241223067518,0.9971184244211457,1.0,0.9991140691025464,0.9980531567544233,1.0,0.999197041168614,0.9982638725786614,1.0,0.9991709338246721,0.9984152597877909,1.0,0.9976357719386755,0.9979533586203075,1.0,0.9481579675176874,0.7080534192075305,1.0,1.0,1.0,1.0
0.9985488901154014,0.9975479927059183,0.9999959058341901,0.9982298943902634,0.9971223935334876,0.9999958202716925,0.999116068946563,0.9980612940302507,0.9999970617042138,0.9991990947717682,0.9982638725786757,0.9999989648033107,0.9991651630624432,0.9984193920960251,0.9999979939819426,0.9976357719386755,0.9979571592542555,0.9999958246346594,0.9481579675176874,0.7080534192075305,0.9999970326409553,1.0,1.0,0.9999979550102296
0.9985527909484375,0.997545997581966,1.0,0.9982241223067518,0.9971184244211457,1.0,0.9991140691025464,0.9980531567544233,1.0,0.999197041168614,0.9982638725786614,1.0,0.9991709338246721,0.9984152597877909,1.0,0.9976357719386755,0.9979533586203075,1.0,0.9481579675176874,0.7080534192075305,1.0,1.0,1.0,1.0
0.9985527909484375,0.997545997581966,1.0,0.9982241223067518,0.9971184244211457,1.0,0.9991140691025464,0.9980531567544233,1.0,0.999197041168614,0.9982638725786614,1.0,0.9991709338246721,0.9984152597877909,1.0,0.9976357719386755,0.9979533586203075,1.0,0.9481579675176874,0.7080534192075305,1.0,1.0,1.0,1.0
0.9985293859502917,0.9975420073341326,0.9999969293756408,0.9982298943902634,0.9971144553087754,1.0,0.999116068946563,0.9980633283492182,1.0,0.999197041168614,0.998265751504448,1.0,0.9991632394750383,0.9984131936336667,1.0,0.9976357719386755,0.9979571592542555,1.0,0.9481579675176874,0.7080534192075305,0.9999970326409553,1.0,1.0,0.9999979550102296
0.9985527909484375,0.997545997581966,1.0,0.9982241223067518,0.9971184244211457,1.0,0.9991140691025464,0.9980531567544233,1.0,0.999197041168614,0.9982638725786614,1.0,0.9991709338246721,0.9984152597877909,1.0,0.9976357719386755,0.9979533586203075,1.0,0.9481579675176874,0.7080534192075305,1.0,1.0,1.0,1.0
0.9985761959465833,0.9975679439450715,1.0,0.9982241223067518,0.9971184244211457,1.0,0.9991140691025464,0.9980531567544233,1.0,0.999197041168614,0.9982638725786614,1.0,0.9991709338246721,0.9984152597877909,1.0,0.9976357719386755,0.9979533586203075,1.0,0.9481579675176874,0.7080534192075305,1.0,1.0,1.0,1.0
0.9961108694762402,0.9962212353009079,0.8901473899693073,0.9977200270134148,0.9981742083108287,0.8901442006269207,0.9992760564676644,0.9977703864187077,0.8899990205681334,0.9987185516347097,0.9977603204694105,0.89004347826085,0.9991420800134705,0.9985516259597631,0.890822467402181,0.9981009650240225,0.9985728619533347,0.890881002087653,0.9485031995956348,0.7079154475614189,0.8900336300692331,1.0,1.0,0.890231083844597
0.9973064747976537,0.9964067818252431,0.9105977482088008,0.9993304383129811,0.9970330885052334,1.0,0.9984641197985553,0.9984661235034906,1.0,0.9990882002018111,0.9979350605669879,1.0,0.9987496681810768,0.9983863336298953,1.0,0.9980143706401492,0.9984531419840579,1.0,0.9484002021801672,0.7079780326379677,0.9108041543026602,1.0,1.0,0.9111738241308345
0.9985527909484375,0.997545997581966,1.0,0.9982241223067518,0.9971184244211457,1.0,0.9991140691025464,0.9980531567544233,1.0,0.999197041168614,0.9982638725786614,1.0,0.9991709338246721,0.9984152597877909,1.0,0.9976357719386755,0.9979533586203075,1.0,0.9481579675176874,0.7080534192075305,1.0,1.0,1.0,1.0
0.9985508405319052,0.997545997581966,1.0,0.9982241223067518,0.9971184244211457,1.0,0.9991140691025464,0.9980531567544233,1.0,0.999197041168614,0.9982638725786614,1.0,0.9991709338246721,0.9984152597877909,1.0,0.9976357719386755,0.9979533586203075,1.0,0.9481579675176874,0.7080534192075305,1.0,1.0,1.0,1.0
0.9985566917814452,0.9975499878298137,1.0,0.9982241223067518,0.9971184244211457,1.0,0.9991140691025464,0.9980531567544233,1.0,0.999197041168614,0.9982638725786614,1.0,0.9991709338246721,0.9984152597877909,1.0,0.9976357719386755,0.9979533586203075,1.0,0.9481579675176874,0.7080534192075305,1.0,1.0,1.0,1.0
0.9985527909484375,0.997545997581966,1.0,0.9982241223067518,0.9971184244211457,1.0,0.9991140691025464,0.9980531567544233,1.0,0.999197041168614,0.9982638725786614,1.0,0.9991709338246721,0.9984152597877909,1.0,0.9976357719386755,0.9979533586203075,1.0,0.9481579675176874,0.7080534192075305,1.0,1.0,1.0,1.0
0.9985527909484375,0.997545997581966,1.0,0.9982241223067518,0.9971184244211457,1.0,0.9991140691025464,0.9980531567544233,1.0,0.999197041168614,0.9982638725786614,1.0,0.9991709338246721,0.9984152597877909,1.0,0.9976357719386755,0.9979533586203075,1.0,0.9481579675176874,0.7080534192075305,1.0,1.0,1.0,1.0
0.9954106699485834,0.997077143461425,0.8822343909927142,0.9974314228379484,0.9970191966119017,1.0,0.9978621667510623,0.9979392348925984,1.0,0.9990656105671292,0.9966310860752685,1.0,0.9980514059500365,0.9992727137485673,1.0,0.9987413607000377,0.9984645438859019,1.0,0.8446531943504567,0.7913328203254082,0.9349406528189732,1.0,1.0,0.8821083844579505
0.9985527909484375,0.997545997581966,1.0,0.9982241223067518,0.9971184244211457,1.0,0.9991140691025464,0.9980531567544233,1.0,0.999197041168614,0.9982638725786614,1.0,0.9991709338246721,0.9984152597877909,1.0,0.9976357719386755,0.9979533586203075,1.0,0.9481579675176874,0.7080534192075305,1.0,1.0,1.0,1.0
0.9985527909484375,0.997545997581966,1.0,0.9982241223067518,0.9971184244211457,1.0,0.9991140691025464,0.9980531567544233,1.0,0.999197041168614,0.9982638725786614,1.0,0.9991709338246721,0.9984152597877909,1.0,0.9976357719386755,0.9979533586203075,1.0,0.9481579675176874,0.7080534192075305,1.0,1.0,1.0,1.0
0.0,0.0,0.0,0.0,0.0,0.0,0.0,0.0,0.0,0.0,0.0,0.0,0.0,0.0,0.0,0.0,0.0,0.0,0.0,0.0,0.0,0.0,0.0,0.0
0.9985527909484375,0.997545997581966,1.0,0.9982241223067518,0.9971184244211457,1.0,0.9991140691025464,0.9980531567544233,1.0,0.999197041168614,0.9982638725786614,1.0,0.9991709338246721,0.9984152597877909,1.0,0.9976357719386755,0.9979533586203075,1.0,0.9481579675176874,0.7080534192075305,1.0,1.0,1.0,1.0
0.9985527909484375,0.997545997581966,1.0,0.9982241223067518,0.9971184244211457,1.0,0.9991140691025464,0.9980531567544233,1.0,0.999197041168614,0.9982638725786614,1.0,0.9991709338246721,0.9984152597877909,1.0,0.9976357719386755,0.9979533586203075,1.0,0.9481579675176874,0.7080534192075305,1.0,1.0,1.0,1.0
0.9985527909484375,0.997545997581966,1.0,0.9982241223067518,0.9971184244211457,1.0,0.9991140691025464,0.9980531567544233,1.0,0.999197041168614,0.9982638725786614,1.0,0.9991709338246721,0.9984152597877909,1.0,0.9976357719386755,0.9979533586203075,1.0,0.9481579675176874,0.7080534192075305,1.0,1.0,1.0,1.0
0.9995416521199303,0.9972786509770515,0.9947154554759834,0.997668078261853,0.9973645093879355,1.0,0.9993020544400082,0.9979372005734604,1.0,0.9990635569639181,0.9979482130474082,1.0,0.999007428894501,0.9984855090278018,1.0,0.9977545874887142,0.9978051338961933,1.0,0.9527623334636388,0.7114657282697436,0.9964401582593325,1.0,1.0,0.9947822085890294
0.9965224073599472,0.9974801584925501,0.624872057318349,0.9982722230026013,0.9974458761913496,1.0,0.9974262007563368,0.9979921271856398,1.0,0.9979854153105094,0.9984893436722331,1.0,0.9980052398518211,0.9985020382608667,1.0,0.9987574712829996,0.9998023670347607,1.0,0.9479653242033521,0.7078827326350989,0.6243066271018876,1.0,1.0,0.6242781186094604
0.9985527909484375,0.997545997581966,1.0,0.9982241223067518,0.9971184244211457,1.0,0.9991140691025464,0.9980531567544233,1.0,0.999197041168614,0.9982638725786614,1.0,0.9991709338246721,0.9984152597877909,1.0,0.9976357719386755,0.9979533586203075,1.0,0.9481579675176874,0.7080534192075305,1.0,1.0,1.0,1.0
0.9985527909484375,0.997545997581966,1.0,0.9982241223067518,0.9971184244211457,1.0,0.9991140691025464,0.9980531567544233,1.0,0.999197041168614,0.9982638725786614,1.0,0.9991709338246721,0.9984152597877909,1.0,0.9976357719386755,0.9979533586203075,1.0,0.9481579675176874,0.7080534192075305,1.0,1.0,1.0,1.0
0.9986230059430454,0.9975839049364765,0.99987615148423,0.9983568802276039,0.9970132429433818,1.0,0.9991680648909238,0.9980145046941544,1.0,0.999190880359194,0.9982826618364982,1.0,0.9991747809995104,0.9984276567124937,1.0,0.9976357719386755,0.9979229535487377,1.0,0.9481713190345573,0.7080576863718733,0.9998773491593411,1.0,1.0,0.9998742331289208
0.0,0.0,0.0,0.0,0.0,0.0,0.0,0.0,0.0,0.0,0.0,0.0,0.0,0.0,0.0,0.0,0.0,0.0,0.0,0.0,0.0,0.0,0.0,0.0
0.9985527909484375,0.997545997581966,1.0,0.9982241223067518,0.9971184244211457,1.0,0.9991140691025464,0.9980531567544233,1.0,0.999197041168614,0.9982638725786614,1.0,0.9991709338246721,0.9984152597877909,1.0,0.9976357719386755,0.9979533586203075,1.0,0.9481579675176874,0.7080534192075305,1.0,1.0,1.0,1.0
0.9985547413649414,0.9975539780776614,1.0,0.9982241223067518,0.9971184244211457,1.0,0.9991140691025464,0.9980531567544233,1.0,0.999197041168614,0.9982638725786614,1.0,0.9991709338246721,0.9984152597877909,1.0,0.9976357719386755,0.9979533586203075,1.0,0.9481579675176874,0.7080534192075305,1.0,1.0,1.0,1.0
0.9985527909484375,0.997545997581966,1.0,0.9982241223067518,0.9971184244211457,1.0,0.9991140691025464,0.9980531567544233,1.0,0.999197041168614,0.9982638725786614,1.0,0.9991709338246721,0.9984152597877909,1.0,0.9976357719386755,0.9979533586203075,1.0,0.9481579675176874,0.7080534192075305,1.0,1.0,1.0,1.0
0.997704359765919,0.9971649289137332,0.9258577277379985,0.9995170690132085,0.9975490731130492,1.0,0.9985341143390087,0.9981202892801235,1.0,0.9994865992127444,0.9986603259183084,1.0,0.9984707480062269,0.99842765671238,1.0,0.9976095922412469,0.9986070676588241,1.0,0.9483773138655494,0.708042040102768,0.9260593471810381,1.0,1.0,0.9265143149284683
0.0,0.0,0.0,0.0,0.0,0.0,0.0,0.0,0.0,0.0,0.0,0.0,0.0,0.0,0.0,0.0,0.0,0.0,0.0,0.0,0.0,0.0,0.0,0.0
0.9985527909484375,0.997545997581966,1.0,0.9982241223067518,0.9971184244211457,1.0,0.9991140691025464,0.9980531567544233,1.0,0.999197041168614,0.9982638725786614,1.0,0.9991709338246721,0.9984152597877909,1.0,0.9976357719386755,0.9979533586203075,1.0,0.9481579675176874,0.7080534192075305,1.0,1.0,1.0,1.0
0.9985586421979633,0.9975499878297995,1.0,0.9982241223067518,0.9971184244211457,1.0,0.9991140691025464,0.9980531567544233,1.0,0.999197041168614,0.9982638725786614,1.0,0.9991709338246721,0.9984152597877909,1.0,0.9976357719386755,0.9979533586203075,1.0,0.9481579675176874,0.7080534192075305,1.0,1.0,1.0,1.0
0.9985527909484375,0.997545997581966,1.0,0.9982241223067518,0.9971184244211457,1.0,0.9991140691025464,0.9980531567544233,1.0,0.999197041168614,0.9982638725786614,1.0,0.9991709338246721,0.9984152597877909,1.0,0.9976357719386755,0.9979533586203075,1.0,0.9481579675176874,0.7080534192075305,1.0,1.0,1.0,1.0
0.9991008579881253,0.9968776310696512,0.9940808597749538,0.9982010339725065,0.9967850189822229,0.9941421107628443,0.9989860790858103,0.9980633283492182,0.9941038197845131,0.9990450745354735,0.9979688812311593,0.9941614906832186,0.9991901696986787,0.9985226998021517,0.9942467402206887,0.9976619516361325,0.9980597763707237,0.9941617954071802,0.9480797657762139,0.7080221266692917,0.9941206726013903,1.0,1.0,0.9941942740287075
0.9962064398852277,0.9961833279464827,0.8900348004094099,0.9977065588185638,0.9982119148784392,0.8900323928944331,0.9993060541278282,0.9978700680478738,0.8899049951028815,0.9987452484756858,0.9977208630281211,0.8899378881987374,0.9991016846777825,0.998561956730498,0.8907091273821308,0.9981150617841479,0.9985405565647767,0.8907682672233719,0.9485165511124762,0.7079083356208997,0.8899119683481658,1.0,1.0,0.8901206543967319
0.9985781463630872,0.9975420073341468,1.0,0.9982241223067518,0.9971184244211457,1.0,0.9991140691025464,0.9980531567544233,1.0,0.999197041168614,0.9982638725786614,1.0,0.9991709338246721,0.9984152597877909,1.0,0.9976357719386755,0.9979533586203075,1.0,0.9481579675176874,0.7080534192075305,1.0,1.0,1.0,1.0
0.9976829051841349,0.996855684706631,0.5353940634594707,0.9987763182958957,0.9980253665970338,0.5350929989550153,0.9988920864172428,0.9993449492944819,0.5356767874631245,0.9984207791781472,0.9980365225590617,0.5350227743270821,0.9975878213831777,0.9981487259058639,0.5363460381142886,0.9993293969809542,0.9992512751127265,0.5358956158663304,0.9480282670684517,0.7078514400967464,0.535566765578622,1.0,1.0,0.5356912065439161
0.9985527909484375,0.997545997581966,1.0,0.9982241223067518,0.9971184244211457,1.0,0.9991140691025464,0.9980531567544233,1.0,0.999197041168614,0.9982638725786614,1.0,0.9991709338246721,0.9984152597877909,1.0,0.9976357719386755,0.9979533586203075,1.0,0.9481579675176874,0.7080534192075305,1.0,1.0,1.0,1.0
0.9985527909484375,0.997545997581966,1.0,0.9982241223067518,0.9971184244211457,1.0,0.9991140691025464,0.9980531567544233,1.0,0.999197041168614,0.9982638725786614,1.0,0.9991709338246721,0.9984152597877909,1.0,0.9976357719386755,0.9979533586203075,1.0,0.9481579675176874,0.7080534192075305,1.0,1.0,1.0,1.0
0.9983714022130101,0.9976038561755871,0.9997072671445366,0.9983049314759285,0.9969239379150849,0.9997324973878676,0.9991780641110495,0.997937200573574,0.9996993143978656,0.9992032019781476,0.9982638725786757,0.9997215320912858,0.9992825018946547,0.9984545167160661,0.9997061183552631,0.9975793848980317,0.9978887478432057,0.9997035490607402,0.9481732263940756,0.7080491520431877,0.9997121661723156,1.0,1.0,0.999710633947025
0.9985527909484375,0.997545997581966,1.0,0.9982241223067518,0.9971184244211457,1.0,0.9991140691025464,0.9980531567544233,1.0,0.999197041168614,0.9982638725786614,1.0,0.9991709338246721,0.9984152597877909,1.0,0.9976357719386755,0.9979533586203075,1.0,0.9481579675176874,0.7080534192075305,1.0,1.0,1.0,1.0
0.9985527909484375,0.997545997581966,1.0,0.9982241223067518,0.9971184244211457,1.0,0.9991140691025464,0.9980531567544233,1.0,0.999197041168614,0.9982638725786614,1.0,0.9991709338246721,0.9984152597877909,1.0,0.9976357719386755,0.9979533586203075,1.0,0.9481579675176874,0.7080534192075305,1.0,1.0,1.0,1.0
0.9985547413650409,0.9976357781581981,0.9996294779941053,0.9982972353645607,0.9968961541285211,1.0,0.9991820637990259,0.998012470375059,1.0,0.9992709708820371,0.9982864196880996,1.0,0.9991709338245869,0.9984999721067425,1.0,0.9975793848980459,0.9979248538657544,1.0,0.9481980220682118,0.7080448848788734,0.9996300692386342,1.0,1.0,0.9996165644174226
0.9985527909484375,0.997545997581966,1.0,0.9982241223067518,0.9971184244211457,1.0,0.9991140691025464,0.9980531567544233,1.0,0.999197041168614,0.9982638725786614,1.0,0.9991709338246721,0.9984152597877909,1.0,0.9976357719386755,0.9979533586203075,1.0,0.9481579675176874,0.7080534192075305,1.0,1.0,1.0,1.0
0.9965828702720358,0.9978512515412064,0.5201330603888792,0.9971178063004942,0.9979717835800272,0.5199801462904716,0.9983621277540635,0.9986288690202372,0.5206797257590097,0.9977595189640596,0.9989628329688856,0.5198778467908625,0.9980898776981775,0.9987727044508858,0.5214433299899497,0.9998670876898785,0.9992227703581875,0.5206753653444451,0.9480339891471061,0.707581186356947,0.5202136498515912,1.0,1.0,0.5205633946829948
0.9985332867832994,0.9975360219623326,0.9999969293756408,0.9982337424459189,0.9971124707525831,1.0,0.999120068634582,0.9980531567544233,1.0,0.9992011483749081,0.998269509356021,1.0,0.9991651630624574,0.9984173259419009,1.0,0.9976317442929172,0.9979552589372673,1.0,0.9481579675176874,0.7080534192075305,0.9999960435212785,1.0,1.0,0.9999969325153373
0.0,0.0,0.0,0.0,0.0,0.0,0.0,0.0,0.0,0.0,0.0,0.0,0.0,0.0,0.0,0.0,0.0,0.0,0.0,0.0,0.0,0.0,0.0,0.0
0.9985527909484375,0.997545997581966,1.0,0.9982241223067518,0.9971184244211457,1.0,0.9991140691025464,0.9980531567544233,1.0,0.999197041168614,0.9982638725786614,1.0,0.9991709338246721,0.9984152597877909,1.0,0.9976357719386755,0.9979533586203075,1.0,0.9481579675176874,0.7080534192075305,1.0,1.0,1.0,1.0
0.9985391380328537,0.9975459975819945,1.0,0.9982241223067518,0.9971184244211457,0.9999989550679231,0.9991140691025464,0.9980531567544233,0.9999990205680689,0.9991990947717682,0.9982638725786614,1.0,0.9991728574121055,0.9984152597877909,1.0,0.9976357719386755,0.9979533586203075,1.0,0.9481579675176874,0.7080534192075305,0.9999990108803161,1.0,1.0,0.9999989775051148
0.9985527909484375,0.997545997581966,1.0,0.9982241223067518,0.9971184244211457,1.0,0.9991140691025464,0.9980531567544233,1.0,0.999197041168614,0.9982638725786614,1.0,0.9991709338246721,0.9984152597877909,1.0,0.9976357719386755,0.9979533586203075,1.0,0.9481579675176874,0.7080534192075305,1.0,1.0,1.0,1.0
0.9985527909484375,0.997545997581966,1.0,0.9982241223067518,0.9971184244211457,1.0,0.9991140691025464,0.9980531567544233,1.0,0.999197041168614,0.9982638725786614,1.0,0.9991709338246721,0.9984152597877909,1.0,0.9976357719386755,0.9979533586203075,1.0,0.9481579675176874,0.7080534192075305,1.0,1.0,1.0,1.0
0.9985469396988975,0.997545997581966,1.0,0.9982241223067518,0.9971184244211457,1.0,0.9991140691025464,0.9980531567544233,1.0,0.999197041168614,0.9982638725786614,1.0,0.9991709338246721,0.9984152597877909,1.0,0.9976357719386755,0.9979533586203075,1.0,0.9481579675176874,0.7080534192075305,1.0,1.0,1.0,1.0
0.9985527909484375,0.997545997581966,1.0,0.9982241223067518,0.9971184244211457,1.0,0.9991140691025464,0.9980531567544233,1.0,0.999197041168614,0.9982638725786614,1.0,0.9991709338246721,0.9984152597877909,1.0,0.9976357719386755,0.9979533586203075,1.0,0.9481579675176874,0.7080534192075305,1.0,1.0,1.0,1.0
0.9986249563595067,0.9975519829537944,0.9998863868987584,0.9983530321719059,0.9970013356062992,1.0,0.9991440667627813,0.9979799212718206,1.0,0.9991929339623056,0.9982676304302203,1.0,0.9991767045869153,0.9984111274794998,1.0,0.9976397995844337,0.9979286544996455,1.0,0.9481694116749821,0.7080519968194494,0.9998892185955341,1.0,1.0,0.9998895705522202
0.9985527909484375,0.997545997581966,1.0,0.9982241223067518,0.9971184244211457,1.0,0.9991140691025464,0.9980531567544233,1.0,0.999197041168614,0.9982638725786614,1.0,0.9991709338246721,0.9984152597877909,1.0,0.9976357719386755,0.9979533586203075,1.0,0.9481579675176874,0.7080534192075305,1.0,1.0,1.0,1.0
0.0,0.0,0.0,0.0,0.0,0.0,0.0,0.0,0.0,0.0,0.0,0.0,0.0,0.0,0.0,0.0,0.0,0.0,0.0,0.0,0.0,0.0,0.0,0.0
0.9985527909484375,0.997545997581966,1.0,0.9982241223067518,0.9971184244211457,1.0,0.9991140691025464,0.9980531567544233,1.0,0.999197041168614,0.9982638725786614,1.0,0.9991709338246721,0.9984152597877909,1.0,0.9976357719386755,0.9979533586203075,1.0,0.9481579675176874,0.7080534192075305,1.0,1.0,1.0,1.0
0.9985742455300795,0.9975420073341468,1.0,0.9982241223067518,0.9971184244211457,1.0,0.9991140691025464,0.9980531567544233,1.0,0.999197041168614,0.9982638725786614,1.0,0.9991709338246721,0.9984152597877909,1.0,0.9976357719386755,0.9979533586203075,1.0,0.9481579675176874,0.7080534192075305,1.0,1.0,1.0,1.0
0.9985527909484375,0.997545997581966,1.0,0.9982241223067518,0.9971184244211457,1.0,0.9991140691025464,0.9980531567544233,1.0,0.999197041168614,0.9982638725786614,1.0,0.9991709338246721,0.9984152597877909,1.0,0.9976357719386755,0.9979533586203075,1.0,0.9481579675176874,0.7080534192075305,1.0,1.0,1.0,1.0
0.9985527909484375,0.997545997581966,1.0,0.9982241223067518,0.9971184244211457,1.0,0.9991140691025464,0.9980531567544233,1.0,0.999197041168614,0.9982638725786614,1.0,0.9991709338246721,0.9984152597877909,1.0,0.9976357719386755,0.9979533586203075,1.0,0.9481579675176874,0.7080534192075305,1.0,1.0,1.0,1.0
0.9969651519082134,0.9976417635298702,0.7576867963152907,0.9988398112146086,0.9961698065651632,0.7571912225704622,0.99700623351373,0.9973004587389056,0.7575190989226286,0.998566585001825,0.9968659517979432,0.7573747412008061,0.9992632660205345,0.9985702213469096,0.7586639919759222,0.9983043611348563,0.9993519919122775,0.7580354906054154,0.947972953641596,0.7082354848849945,0.7572809099901505,1.0,1.0,0.7573844580776381
0.9985527909484375,0.997545997581966,1.0,0.9982241223067518,0.9971184244211457,1.0,0.9991140691025464,0.9980531567544233,1.0,0.999197041168614,0.9982638725786614,1.0,0.9991709338246721,0.9984152597877909,1.0,0.9976357719386755,0.9979533586203075,1.0,0.9481579675176874,0.7080534192075305,1.0,1.0,1.0,1.0
0.9985527909484375,0.997545997581966,1.0,0.9982241223067518,0.9971184244211457,1.0,0.9991140691025464,0.9980531567544233,1.0,0.999197041168614,0.9982638725786614,1.0,0.9991709338246721,0.9984152597877909,1.0,0.9976357719386755,0.9979533586203075,1.0,0.9481579675176874,0.7080534192075305,1.0,1.0,1.0,1.0
0.9977843268429609,0.9979569931089003,0.9806253838280838,0.9985685232896344,0.9968088336564875,0.9807972831766563,0.9995420357210634,0.9979697496771394,0.9806376101861645,0.9988602502522212,0.9980647064460584,0.9810331262940153,0.9982841600270405,0.9982685628448991,0.981160481444384,0.9978109745292585,0.9982137020454189,0.9809039665970616,0.9482399839781124,0.7081814341369324,0.9809297725025345,1.0,1.0,0.9809846625767307
0.9985508405319052,0.997545997581966,1.0,0.9982241223067518,0.9971184244211457,1.0,0.9991140691025464,0.9980531567544233,1.0,0.999197041168614,0.9982638725786614,1.0,0.9991709338246721,0.9984152597877909,1.0,0.9976357719386755,0.9979533586203075,1.0,0.9481579675176874,0.7080534192075305,1.0,1.0,1.0,1.0
0.9985527909484375,0.997545997581966,1.0,0.9982241223067518,0.9971184244211457,1.0,0.9991140691025464,0.9980531567544233,1.0,0.999197041168614,0.9982638725786614,1.0,0.9991709338246721,0.9984152597877909,1.0,0.9976357719386755,0.9979533586203075,1.0,0.9481579675176874,0.7080534192075305,1.0,1.0,1.0,1.0
0.9971094827301812,0.9972227875072406,0.9592824974411513,0.9987282176000889,0.9972077294494,0.9985172413797372,0.9984941174588187,0.9976320527293581,0.9984270323217004,0.9983160454174822,0.9981436213287509,0.9985020703937764,0.9988112229783042,0.99838633363008,0.9984573721167678,0.9978190298207466,0.997784230409593,0.9985062630484336,0.9482819458882119,0.7080946684625644,0.9597329376854873,1.0,1.0,0.9599723926380861
0.9985527909484375,0.997545997581966,1.0,0.9982241223067518,0.9971184244211457,1.0,0.9991140691025464,0.9980531567544233,1.0,0.999197041168614,0.9982638725786614,1.0,0.9991709338246721,0.9984152597877909,1.0,0.9976357719386755,0.9979533586203075,1.0,0.9481579675176874,0.7080534192075305,1.0,1.0,1.0,1.0
0.9985547413649414,0.9975539780776614,1.0,0.9982241223067518,0.9971184244211457,1.0,0.9991140691025464,0.9980531567544233,1.0,0.999197041168614,0.9982638725786614,1.0,0.9991709338246721,0.9984152597877909,1.0,0.9976357719386755,0.9979533586203075,1.0,0.9481579675176874,0.7080534192075305,1.0,1.0,1.0,1.0
0.9985527909484375,0.997545997581966,1.0,0.9982241223067518,0.9971184244211457,1.0,0.9991140691025464,0.9980531567544233,1.0,0.999197041168614,0.9982638725786614,1.0,0.9991709338246721,0.9984152597877909,1.0,0.9976357719386755,0.9979533586203075,1.0,0.9481579675176874,0.7080534192075305,1.0,1.0,1.0,1.0
0.9985527909484375,0.997545997581966,1.0,0.9982241223067518,0.9971184244211457,1.0,0.9991140691025464,0.9980531567544233,1.0,0.999197041168614,0.9982638725786614,1.0,0.9991709338246721,0.9984152597877909,1.0,0.9976357719386755,0.9979533586203075,1.0,0.9481579675176874,0.7080534192075305,1.0,1.0,1.0,1.0
0.0,0.0,0.0,0.0,0.0,0.0,0.0,0.0,0.0,0.0,0.0,0.0,0.0,0.0,0.0,0.0,0.0,0.0,0.0,0.0,0.0,0.0,0.0,0.0
0.9985527909484375,0.997545997581966,1.0,0.9982241223067518,0.9971184244211457,1.0,0.9991140691025464,0.9980531567544233,1.0,0.999197041168614,0.9982638725786614,1.0,0.9991709338246721,0.9984152597877909,1.0,0.9976357719386755,0.9979533586203075,1.0,0.9481579675176874,0.7080534192075305,1.0,1.0,1.0,1.0
0.9985527909484375,0.997545997581966,1.0,0.9982241223067518,0.9971184244211457,1.0,0.9991140691025464,0.9980531567544233,1.0,0.999197041168614,0.9982638725786614,1.0,0.9991709338246721,0.9984152597877909,1.0,0.9976357719386755,0.9979533586203075,1.0,0.9481579675176874,0.7080534192075305,1.0,1.0,1.0,1.0
0.9985527909484375,0.997545997581966,1.0,0.9982241223067518,0.9971184244211457,1.0,0.9991140691025464,0.9980531567544233,1.0,0.999197041168614,0.9982638725786614,1.0,0.9991709338246721,0.9984152597877909,1.0,0.9976357719386755,0.9979533586203075,1.0,0.9481579675176874,0.7080534192075305,1.0,1.0,1.0,1.0
0.9985527909484375,0.997545997581966,1.0,0.9982241223067518,0.9971184244211457,1.0,0.9991140691025464,0.9980531567544233,1.0,0.999197041168614,0.9982638725786614,1.0,0.9991709338246721,0.9984152597877909,1.0,0.9976357719386755,0.9979533586203075,1.0,0.9481579675176874,0.7080534192075305,1.0,1.0,1.0,1.0
0.9985527909484375,0.997545997581966,1.0,0.9982241223067518,0.9971184244211457,1.0,0.9991140691025464,0.9980531567544233,1.0,0.999197041168614,0.9982638725786614,1.0,0.9991709338246721,0.9984152597877909,1.0,0.9976357719386755,0.9979533586203075,1.0,0.9481579675176874,0.7080534192075305,1.0,1.0,1.0,1.0
0.9985527909484375,0.997545997581966,1.0,0.9982241223067518,0.9971184244211457,1.0,0.9991140691025464,0.9980531567544233,1.0,0.999197041168614,0.9982638725786614,1.0,0.9991709338246721,0.9984152597877909,1.0,0.9976357719386755,0.9979533586203075,1.0,0.9481579675176874,0.7080534192075305,1.0,1.0,1.0,1.0
0.0,0.0,0.0,0.0,0.0,0.0,0.0,0.0,0.0,0.0,0.0,0.0,0.0,0.0,0.0,0.0,0.0,0.0,0.0,0.0,0.0,0.0,0.0,0.0
0.9985527909484375,0.997545997581966,1.0,0.9982241223067518,0.9971184244211457,1.0,0.9991140691025464,0.9980531567544233,1.0,0.999197041168614,0.9982638725786614,1.0,0.9991709338246721,0.9984152597877909,1.0,0.9976357719386755,0.9979533586203075,1.0,0.9481579675176874,0.7080534192075305,1.0,1.0,1.0,1.0
0.9985527909484375,0.997545997581966,1.0,0.9982241223067518,0.9971184244211457,1.0,0.9991140691025464,0.9980531567544233,1.0,0.999197041168614,0.9982638725786614,1.0,0.9991709338246721,0.9984152597877909,1.0,0.9976357719386755,0.9979533586203075,1.0,0.9481579675176874,0.7080534192075305,1.0,1.0,1.0,1.0
0.996616027352772,0.9969873628850081,0.8823633572158585,0.9993689188696635,0.9984222778338818,1.0,0.9987880945284644,0.9980958774524282,1.0,0.9991826659466909,0.9976043696295704,1.0,0.9987400502440096,0.9990516352574446,1.0,0.9980506194520302,0.9986184695608102,1.0,0.9484764965619661,0.7078955341279283,0.8825459940652536,1.0,1.0,0.8827505112474014
0.9985527909484375,0.997545997581966,1.0,0.9982241223067518,0.9971184244211457,1.0,0.9991140691025464,0.9980531567544233,1.0,0.999197041168614,0.9982638725786614,1.0,0.9991709338246721,0.9984152597877909,1.0,0.9976357719386755,0.9979533586203075,1.0,0.9481579675176874,0.7080534192075305,1.0,1.0,1.0,1.0
0.9985527909484375,0.997545997581966,1.0,0.9982241223067518,0.9971184244211457,1.0,0.9991140691025464,0.9980531567544233,1.0,0.999197041168614,0.9982638725786614,1.0,0.9991709338246721,0.9984152597877909,1.0,0.9976357719386755,0.9979533586203075,1.0,0.9481579675176874,0.7080534192075305,1.0,1.0,1.0,1.0
0.9973922931243067,0.9966302357039893,0.9234094165814142,0.999772964715504,0.9974518298599975,1.0,0.9986081085674527,0.9980450194785675,1.0,0.9991600763119663,0.9986866308791633,1.0,0.9985823160760816,0.9981466597517112,1.0,0.9976055645955881,0.9983828302559772,1.0,0.9482762238095148,0.7079993684596104,0.9236162215628383,1.0,1.0,0.924004089979519
0.0,0.0,0.0,0.0,0.0,0.0,0.0,0.0,0.0,0.0,0.0,0.0,0.0,0.0,0.0,0.0,0.0,0.0,0.0,0.0,0.0,0.0,0.0,0.0
0.9963429690410379,0.9991520723351925,0.5003920163766651,0.998422297173974,0.9984024322718739,0.5003636363636161,0.9994160455485002,0.9983176182193461,0.5009794319294798,0.9978539847088825,0.9985851688872174,0.5001190476190231,0.9973704560056973,0.9991404798848578,0.5017983951855882,0.9994703645826348,0.9991714617998042,0.5010908141962105,0.947803198642049,0.7077035117339392,0.5005054401583138,1.0,1.0,0.5009335378323314
0.9992198333953155,0.9970412312306678,0.9945680655067832,0.9981317689704667,0.9967631888642075,0.9946238244514589,0.9990860712863565,0.9981711472541122,0.9945621939275355,0.9990861465984864,0.9979820337114944,0.9946594202899206,0.9991151497895743,0.998547493651671,0.9947151454363947,0.9976559101676088,0.9980293712991966,0.9946691022965624,0.9480969320121204,0.7079879893547343,0.9945984174085396,1.0,1.0,0.9947034764826981
0.9985449892824079,0.9975499878298137,1.0,0.9982241223067518,0.9971184244211457,0.9999989550679231,0.9991140691025464,0.9980531567544233,0.9999990205680689,0.999197041168614,0.9982638725786614,1.0,0.9991728574121055,0.9984152597877909,1.0,0.9976377857615546,0.9979533586203075,1.0,0.9481579675176874,0.7080534192075305,0.9999990108803161,1.0,1.0,0.9999989775051148
0.9967408540094311,0.9969953433807177,0.946106448311177,0.9984376893966669,0.9976721155964583,0.9463249738767487,0.9988360907848062,0.9981508040645508,0.9458452497551235,0.9998706230016694,0.9985024961527813,0.9463498964803989,0.9982553062158388,0.9984875751820397,0.9467723169509199,0.997577371075181,0.9986146689268764,0.9465146137787883,0.9482972047645433,0.7080790221934308,0.9462591493571466,1.0,1.0,0.9465828220859578
0.9985527909484375,0.997545997581966,1.0,0.9982241223067518,0.9971184244211457,1.0,0.9991140691025464,0.9980531567544233,1.0,0.999197041168614,0.9982638725786614,1.0,0.9991709338246721,0.9984152597877909,1.0,0.9976357719386755,0.9979533586203075,1.0,0.9481579675176874,0.7080534192075305,1.0,1.0,1.0,1.0
0.9985527909484375,0.997545997581966,1.0,0.9982241223067518,0.9971184244211457,1.0,0.9991140691025464,0.9980531567544233,1.0,0.999197041168614,0.9982638725786614,1.0,0.9991709338246721,0.9984152597877909,1.0,0.9976357719386755,0.9979533586203075,1.0,0.9481579675176874,0.7080534192075305,1.0,1.0,1.0,1.0
0.9985527909484375,0.9975539780776614,1.0,0.9982241223067518,0.9971184244211457,1.0,0.9991140691025464,0.9980531567544233,1.0,0.999197041168614,0.9982638725786614,1.0,0.9991709338246721,0.9984152597877909,1.0,0.9976357719386755,0.9979533586203075,1.0,0.9481579675176874,0.7080534192075305,1.0,1.0,1.0,1.0
0.9985527909484375,0.997545997581966,1.0,0.9982241223067518,0.9971184244211457,1.0,0.9991140691025464,0.9980531567544233,1.0,0.999197041168614,0.9982638725786614,1.0,0.9991709338246721,0.9984152597877909,1.0,0.9976357719386755,0.9979533586203075,1.0,0.9481579675176874,0.7080534192075305,1.0,1.0,1.0,1.0
0.9985527909484375,0.997545997581966,1.0,0.9982241223067518,0.9971184244211457,1.0,0.9991140691025464,0.9980531567544233,1.0,0.999197041168614,0.9982638725786614,1.0,0.9991709338246721,0.9984152597877909,1.0,0.9976357719386755,0.9979533586203075,1.0,0.9481579675176874,0.7080534192075305,1.0,1.0,1.0,1.0
0.9985527909484375,0.9975519829537376,1.0,0.9982241223067518,0.9971184244211457,1.0,0.9991140691025464,0.9980531567544233,1.0,0.999197041168614,0.9982638725786614,1.0,0.9991709338246721,0.9984152597877909,1.0,0.9976357719386755,0.9979533586203075,1.0,0.9481579675176874,0.7080534192075305,1.0,1.0,1.0,1.0
0.9985527909484375,0.997545997581966,1.0,0.9982241223067518,0.9971184244211457,1.0,0.9991140691025464,0.9980531567544233,1.0,0.999197041168614,0.9982638725786614,1.0,0.9991709338246721,0.9984152597877909,1.0,0.9976357719386755,0.9979533586203075,1.0,0.9481579675176874,0.7080534192075305,1.0,1.0,1.0,1.0
0.9985527909484375,0.9975479927058899,1.0,0.9982241223067518,0.9971184244211457,1.0,0.9991140691025464,0.9980531567544233,1.0,0.999197041168614,0.9982638725786614,1.0,0.9991709338246721,0.9984152597877909,1.0,0.9976357719386755,0.9979533586203075,1.0,0.9481579675176874,0.7080534192075305,1.0,1.0,1.0,1.0
0.9985527909484375,0.997545997581966,1.0,0.9982241223067518,0.9971184244211457,1.0,0.9991140691025464,0.9980531567544233,1.0,0.999197041168614,0.9982638725786614,1.0,0.9991709338246721,0.9984152597877909,1.0,0.9976357719386755,0.9979533586203075,1.0,0.9481579675176874,0.7080534192075305,1.0,1.0,1.0,1.0
0.9985527909484375,0.997545997581966,1.0,0.9982241223067518,0.9971184244211457,1.0,0.9991140691025464,0.9980531567544233,1.0,0.999197041168614,0.9982638725786614,1.0,0.9991709338246721,0.9984152597877909,1.0,0.9976357719386755,0.9979533586203075,1.0,0.9481579675176874,0.7080534192075305,1.0,1.0,1.0,1.0
0.9971835985574273,0.9984996668142969,0.5269682702148657,0.9985935356513949,0.9973248182641612,0.5267878787877791,0.9982521363334058,0.9987468595200824,0.5273388834475412,0.9984967624947529,0.9985926845902782,0.5267318840578596,0.9978340405722292,0.9984297228664758,0.5281474423269117,0.9998026453578319,0.999428004591195,0.5275229645093233,0.9480244523494008,0.7077220027792777,0.5270603363005861,1.0,1.0,0.5273108384457146
0.9985527909484375,0.997545997581966,1.0,0.9982241223067518,0.9971184244211457,1.0,0.9991140691025464,0.9980531567544233,1.0,0.999197041168614,0.9982638725786614,1.0,0.9991709338246721,0.9984152597877909,1.0,0.9976357719386755,0.9979533586203075,1.0,0.9481579675176874,0.7080534192075305,1.0,1.0,1.0,1.0
0.9973064747977389,0.9969773872654457,0.8673950870010501,0.9984838660645465,0.9985095983059296,0.8672037617554906,0.9984781187069558,0.9976239154536017,0.8671714005877575,0.9988048029672569,0.997382656387586,0.8669844720497295,0.9978725123205123,0.9987231167520179,0.868190571715175,0.9982318635112222,0.9982574093358068,0.8679311064718505,0.9483754065059742,0.7082354848849093,0.8671661721068702,1.0,1.0,0.8672004089980163
0.9985527909484375,0.997545997581966,1.0,0.9982241223067518,0.9971184244211457,1.0,0.9991140691025464,0.9980531567544233,1.0,0.999197041168614,0.9982638725786614,1.0,0.9991709338246721,0.9984152597877909,1.0,0.9976357719386755,0.9979533586203075,1.0,0.9481579675176874,0.7080534192075305,1.0,1.0,1.0,1.0
0.9985527909484375,0.997545997581966,1.0,0.9982241223067518,0.9971184244211457,1.0,0.9991140691025464,0.9980531567544233,1.0,0.999197041168614,0.9982638725786614,1.0,0.9991709338246721,0.9984152597877909,1.0,0.9976357719386755,0.9979533586203075,1.0,0.9481579675176874,0.7080534192075305,1.0,1.0,1.0,1.0
0.0,0.0,0.0,0.0,0.0,0.0,0.0,0.0,0.0,0.0,0.0,0.0,0.0,0.0,0.0,0.0,0.0,0.0,0.0,0.0,0.0,0.0,0.0,0.0
0.9985527909484375,0.997545997581966,1.0,0.9982241223067518,0.9971184244211457,1.0,0.9991140691025464,0.9980531567544233,1.0,0.999197041168614,0.9982638725786614,1.0,0.9991709338246721,0.9984152597877909,1.0,0.9976357719386755,0.9979533586203075,1.0,0.9481579675176874,0.7080534192075305,1.0,1.0,1.0,1.0
0.9976419464377528,0.9978412759216866,0.8471504605937383,0.99923423692087,0.9975371657758814,0.8467105538140416,0.9983981249464335,0.9986593838047071,0.8470558276201032,0.9984064039560394,0.9974953919342937,0.8467267080746197,0.9981264258589846,0.9990826275694218,0.8480611835507048,0.998276167614506,0.9984721451537553,0.8475114822547809,0.948331537236399,0.7083976371287548,0.846823936696353,1.0,1.0,0.8467709611452747
0.9985527909484375,0.997545997581966,1.0,0.9982241223067518,0.9971184244211457,1.0,0.9991140691025464,0.9980531567544233,1.0,0.999197041168614,0.9982638725786614,1.0,0.9991709338246721,0.9984152597877909,1.0,0.9976357719386755,0.9979533586203075,1.0,0.9481579675176874,0.7080534192075305,1.0,1.0,1.0,1.0
0.9985527909484375,0.997545997581966,1.0,0.9982241223067518,0.9971184244211457,1.0,0.9991140691025464,0.9980531567544233,1.0,0.999197041168614,0.9982638725786614,1.0,0.9991709338246721,0.9984152597877909,1.0,0.9976357719386755,0.9979533586203075,1.0,0.9481579675176874,0.7080534192075305,1.0,1.0,1.0,1.0
0.9985527909484375,0.9975479927058899,1.0,0.9982241223067518,0.9971184244211457,1.0,0.9991140691025464,0.9980531567544233,1.0,0.999197041168614,0.9982638725786614,1.0,0.9991709338246721,0.9984152597877909,1.0,0.9976357719386755,0.9979533586203075,1.0,0.9481579675176874,0.7080534192075305,1.0,1.0,1.0,1.0
0.9985527909484375,0.9975519829537376,1.0,0.9982241223067518,0.9971184244211457,1.0,0.9991140691025464,0.9980531567544233,1.0,0.999197041168614,0.9982638725786614,1.0,0.9991709338246721,0.9984152597877909,1.0,0.9976357719386755,0.9979533586203075,1.0,0.9481579675176874,0.7080534192075305,1.0,1.0,1.0,1.0
0.9985527909484375,0.997545997581966,1.0,0.9982241223067518,0.9971184244211457,1.0,0.9991140691025464,0.9980531567544233,1.0,0.999197041168614,0.9982638725786614,1.0,0.9991709338246721,0.9984152597877909,1.0,0.9976357719386755,0.9979533586203075,1.0,0.9481579675176874,0.7080534192075305,1.0,1.0,1.0,1.0
0.9985527909484375,0.997545997581966,1.0,0.9982241223067518,0.9971184244211457,1.0,0.9991140691025464,0.9980531567544233,1.0,0.999197041168614,0.9982638725786614,1.0,0.9991709338246721,0.9984152597877909,1.0,0.9976357719386755,0.9979533586203075,1.0,0.9481579675176874,0.7080534192075305,1.0,1.0,1.0,1.0
0.9985547413649556,0.9975579683254807,0.9999948822927394,0.998237590501617,0.9971124707525831,0.9999947753396086,0.9991220684785986,0.9980551910733766,0.9999970617042138,0.9992011483749081,0.998269509356021,0.9999979296066286,0.9991632394750525,0.9984235244042878,0.9999969909729174,0.9976297304700381,0.9979590595712153,0.9999947807933225,0.9481560601581549,0.7080534192075305,0.9999940652819035,1.0,1.0,0.9999959100204521
0.9985527909484375,0.997545997581966,1.0,0.9982241223067518,0.9971184244211457,1.0,0.9991140691025464,0.9980531567544233,1.0,0.999197041168614,0.9982638725786614,1.0,0.9991709338246721,0.9984152597877909,1.0,0.9976357719386755,0.9979533586203075,1.0,0.9481579675176874,0.7080534192075305,1.0,1.0,1.0,1.0
0.9985527909484375,0.997545997581966,1.0,0.9982241223067518,0.9971184244211457,1.0,0.9991140691025464,0.9980531567544233,1.0,0.999197041168614,0.9982638725786614,1.0,0.9991709338246721,0.9984152597877909,1.0,0.9976357719386755,0.9979533586203075,1.0,0.9481579675176874,0.7080534192075305,1.0,1.0,1.0,1.0
0.9985527909484375,0.997545997581966,1.0,0.9982241223067518,0.9971184244211457,1.0,0.9991140691025464,0.9980531567544233,1.0,0.999197041168614,0.9982638725786614,1.0,0.9991709338246721,0.9984152597877909,1.0,0.9976357719386755,0.9979533586203075,1.0,0.9481579675176874,0.7080534192075305,1.0,1.0,1.0,1.0
0.9985722951135756,0.9975440024580848,0.9999641760491613,0.9982799191140828,0.9971104861964051,0.9999634273772529,0.9991260681666887,0.9980185733321036,0.9999578844270616,0.9992011483749081,0.9982882986138009,0.9999751552795217,0.9991593923002284,0.9984214582501494,0.9999689067201771,0.9976257028242941,0.9979476576693713,0.9999655532359313,0.9481560601581549,0.7080534192075305,0.9999663699307888,1.0,1.0,0.9999672801636237
0.9985527909484375,0.997545997581966,1.0,0.9982241223067518,0.9971184244211457,1.0,0.9991140691025464,0.9980531567544233,1.0,0.999197041168614,0.9982638725786614,1.0,0.9991709338246721,0.9984152597877909,1.0,0.9976357719386755,0.9979533586203075,1.0,0.9481579675176874,0.7080534192075305,1.0,1.0,1.0,1.0
0.9985527909484375,0.997545997581966,1.0,0.9982241223067518,0.9971184244211457,1.0,0.9991140691025464,0.9980531567544233,1.0,0.999197041168614,0.9982638725786614,1.0,0.9991709338246721,0.9984152597877909,1.0,0.9976357719386755,0.9979533586203075,1.0,0.9481579675176874,0.7080534192075305,1.0,1.0,1.0,1.0
0.0,0.0,0.0,0.0,0.0,0.0,0.0,0.0,0.0,0.0,0.0,0.0,0.0,0.0,0.0,0.0,0.0,0.0,0.0,0.0,0.0,0.0,0.0,0.0
0.9985527909484375,0.997545997581966,1.0,0.9982241223067518,0.9971184244211457,1.0,0.9991140691025464,0.9980531567544233,1.0,0.999197041168614,0.9982638725786614,1.0,0.9991709338246721,0.9984152597877909,1.0,0.9976357719386755,0.9979533586203075,1.0,0.9481579675176874,0.7080534192075305,1.0,1.0,1.0,1.0
0.9985508405320473,0.9977574807172402,0.9997942681680101,0.9983164756429375,0.9970350730613404,1.0,0.9991340675426414,0.9979514408063608,1.0,0.9991970411686424,0.9982375676177355,1.0,0.9991805517617394,0.998396664400687,1.0,0.997623689001415,0.9979267541826999,1.0,0.9482418913377444,0.7080904012982501,0.9999891196834838,1.0,1.0,0.9997893660533208
0.9980963934849143,0.9961952986899547,0.8037768679631156,0.9992323128931417,0.9975947179052156,0.803313479623732,0.9964602760985457,0.9996378912248787,0.8036434867776165,0.9987493556818379,0.997076391485308,0.8033095238095171,0.9991690102373241,0.998989650633888,0.8047803410230188,0.9983406099466805,0.9985405565647767,0.8042891440500668,0.9481350792030128,0.7079609639808382,0.8033837784371514,1.0,1.0,0.8036022494887121
0.9985527909484375,0.997545997581966,1.0,0.9982241223067518,0.9971184244211457,1.0,0.9991140691025464,0.9980531567544233,1.0,0.999197041168614,0.9982638725786614,1.0,0.9991709338246721,0.9984152597877909,1.0,0.9976357719386755,0.9979533586203075,1.0,0.9481579675176874,0.7080534192075305,1.0,1.0,1.0,1.0
0.9985527909484375,0.997545997581966,1.0,0.9982241223067518,0.9971184244211457,1.0,0.9991140691025464,0.9980531567544233,1.0,0.999197041168614,0.9982638725786614,1.0,0.9991709338246721,0.9984152597877909,1.0,0.9976357719386755,0.9979533586203075,1.0,0.9481579675176874,0.7080534192075305,1.0,1.0,1.0,1.0
0.9985527909484375,0.997545997581966,1.0,0.9982241223067518,0.9971184244211457,1.0,0.9991140691025464,0.9980531567544233,1.0,0.999197041168614,0.9982638725786614,1.0,0.9991709338246721,0.9984152597877909,1.0,0.9976357719386755,0.9979533586203075,1.0,0.9481579675176874,0.7080534192075305,1.0,1.0,1.0,1.0
0.9985527909484375,0.997545997581966,1.0,0.9982241223067518,0.9971184244211457,1.0,0.9991140691025464,0.9980531567544233,1.0,0.999197041168614,0.9982638725786614,1.0,0.9991709338246721,0.9984152597877909,1.0,0.9976357719386755,0.9979533586203075,1.0,0.9481579675176874,0.7080534192075305,1.0,1.0,1.0,1.0
0.9985527909484375,0.997545997581966,1.0,0.9982241223067518,0.9971184244211457,1.0,0.9991140691025464,0.9980531567544233,1.0,0.999197041168614,0.9982638725786614,1.0,0.9991709338246721,0.9984152597877909,1.0,0.9976357719386755,0.9979533586203075,1.0,0.9481579675176874,0.7080534192075305,1.0,1.0,1.0,1.0
0.9985644934475317,0.9975440024580848,1.0,0.9982241223067518,0.9971184244211457,0.9999989550679231,0.9991140691025464,0.9980531567544233,0.9999990205680689,0.999197041168614,0.9982638725786614,1.0,0.9991728574121055,0.9984152597877909,1.0,0.9976377857615546,0.9979533586203075,1.0,0.9481579675176874,0.7080534192075305,0.9999990108803161,1.0,1.0,0.9999989775051148
0.9985527909484375,0.997545997581966,1.0,0.9982241223067518,0.9971184244211457,1.0,0.9991140691025464,0.9980531567544233,1.0,0.999197041168614,0.9982638725786614,1.0,0.9991709338246721,0.9984152597877909,1.0,0.9976357719386755,0.9979533586203075,1.0,0.9481579675176874,0.7080534192075305,1.0,1.0,1.0,1.0
0.9977687235110011,0.9974302803946955,0.9770061412487436,0.9981817936943571,0.9966163317067753,0.9772236154649576,0.9989920786178885,0.997768352099925,0.9770685602350611,0.9988828398868606,0.9981436213286656,0.9774689440993427,0.9985765453138953,0.9986941905941933,0.977631895687054,0.9977868086546806,0.9980806798574235,0.9773131524008178,0.9483849433036937,0.7081046251793452,0.9773679525222718,1.0,1.0,0.9775040899795187
0.0,0.0,0.0,0.0,0.0,0.0,0.0,0.0,0.0,0.0,0.0,0.0,0.0,0.0,0.0,0.0,0.0,0.0,0.0,0.0,0.0,0.0,0.0,0.0
0.9985176834512544,0.9976218122908165,0.9999723643807741,0.998247210640784,0.997102547971636,1.0,0.9991320676986817,0.9980206076510569,1.0,0.9991949875654598,0.9982751461333663,1.0,0.9991709338247148,0.9984317890207706,1.0,0.9976297304700381,0.9979514583033193,1.0,0.9481598748772626,0.7080534192075305,0.9999792284866658,1.0,1.0,0.9999764826175976
0.9985800967797616,0.9975659488211335,0.9999027635620052,0.9983260957822324,0.997062856848018,0.9999111807733243,0.9991140691026459,0.9980104360562052,0.9998932419197573,0.9991703443276663,0.9983052089458226,0.999910973084944,0.9991882461114159,0.9984276567125363,0.9999117352056786,0.997643827230192,0.9979438570354091,0.999906054279819,0.9481655969558744,0.7080576863718875,0.9999040553907719,1.0,1.0,0.9998997955010935
0.9985527909484375,0.997545997581966,1.0,0.9982241223067518,0.9971184244211457,1.0,0.9991140691025464,0.9980531567544233,1.0,0.999197041168614,0.9982638725786614,1.0,0.9991709338246721,0.9984152597877909,1.0,0.9976357719386755,0.9979533586203075,1.0,0.9481579675176874,0.7080534192075305,1.0,1.0,1.0,1.0
0.9967564573414052,0.998314120290118,0.7360266120778789,0.9992130726149071,0.9974101541803151,0.7356792058517954,0.9972782122994204,0.9989869091573951,0.7362242899119522,0.9987986421574959,0.9969166827939944,0.7355993788820427,0.999084372391053,0.9981342628270369,0.7368124373120111,0.9978613201012223,0.9991695614829439,0.7363340292275922,0.9477269042601364,0.7079552744283575,0.7359010880316958,1.0,1.0,0.7358742331289321
0.9965711677730411,0.9990602966350082,0.4996939611053861,0.9985589031503537,0.9982238222153796,0.49970114942528454,0.9994880399329844,0.9982464170557108,0.5002801175318083,0.9980798810552471,0.9987580300589514,0.49945134575561667,0.9975166486490821,0.9990908921857766,0.5011354062186228,0.9994542539995592,0.9991790630676292,0.5004290187891058,0.9478432531925165,0.7076935550171584,0.4997982195846262,1.0,1.0,0.5002832310838059
0.9977316655973141,0.9970811337092869,0.949844421699062,0.9984434614801643,0.997295049921405,1.0,0.998452120734413,0.9974794788073922,1.0,0.9992401668346957,0.9985325589652234,1.0,0.9982379939290951,0.9984483182537502,1.0,0.9975028596287245,0.9982232036302605,1.0,0.9493195494817286,0.7088115520672176,0.9502769535113487,1.0,1.0,0.9506196319018514
0.9985527909484375,0.997545997581966,1.0,0.9982241223067518,0.9971184244211457,1.0,0.9991140691025464,0.9980531567544233,1.0,0.999197041168614,0.9982638725786614,1.0,0.9991709338246721,0.9984152597877909,1.0,0.9976357719386755,0.9979533586203075,1.0,0.9481579675176874,0.7080534192075305,1.0,1.0,1.0,1.0
0.9985527909484375,0.9975479927058899,1.0,0.9982241223067518,0.9971184244211457,1.0,0.9991140691025464,0.9980531567544233,1.0,0.999197041168614,0.9982638725786614,1.0,0.9991709338246721,0.9984152597877909,1.0,0.9976357719386755,0.9979533586203075,1.0,0.9481579675176874,0.7080534192075305,1.0,1.0,1.0,1.0
0.9985449892824079,0.9975420073341468,0.9999703172978727,0.9982414385572866,0.9971045325278141,0.9999717868338749,0.9991320676986959,0.9980185733321036,0.999973555337931,0.9991949875654598,0.9982770250591528,0.9999792960662575,0.9991690102373099,0.9984297228666463,0.9999809428284863,0.9976297304700381,0.9979514583033193,0.9999759916492863,0.9481598748772626,0.7080534192075305,0.9999792284866658,1.0,1.0,0.9999764826175976
0.999840065846243,0.9968257578478585,0.989925281474072,0.9980702000798516,0.99692790702737,1.0,0.9992100616150594,0.9982606572883839,1.0,0.9989485551875958,0.9977866254302796,1.0,0.9989131731111058,0.9984359213289338,1.0,0.997740490728404,0.9979913649596313,1.0,0.9481236350458602,0.7081857013012467,0.9899742828884257,1.0,1.0,0.9899969325154956
0.9976555993532514,0.9964526696753211,0.9615168884340335,0.9986820409319108,0.9974359534105446,0.9618432601881253,0.9988740878212639,0.9973370764800649,0.961537708129292,0.9984947088916556,0.9976626163289808,0.9619151138716759,0.9986958077334549,0.9986817936695473,0.9622748244734254,0.9977968777690904,0.9976588094893941,0.961953027139927,0.9483239077981978,0.7081259610009738,0.9619307616221562,1.0,1.0,0.962139059304782
0.998566443863993,0.9975420073341326,1.0,0.9982279703624215,0.9971184244211457,1.0,0.999116068946563,0.9980551910733766,1.0,0.9991990947717682,0.9982676304302345,1.0,0.9991670866498481,0.9984131936336667,1.0,0.9976357719386755,0.9979533586203075,1.0,0.9481579675176874,0.7080534192075305,0.9999990108803161,1.0,1.0,0.9999989775051148
0.9985527909484375,0.997545997581966,1.0,0.9982241223067518,0.9971184244211457,1.0,0.9991140691025464,0.9980531567544233,1.0,0.999197041168614,0.9982638725786614,1.0,0.9991709338246721,0.9984152597877909,1.0,0.9976357719386755,0.9979533586203075,1.0,0.9481579675176874,0.7080534192075305,1.0,1.0,1.0,1.0
0.9988453534252102,0.9978273100542054,0.9987031729789209,0.9984242212018017,0.9968346328867881,0.9987575757579918,0.9993440511639591,0.9981243579179591,0.9986983349661855,0.9991682907244552,0.9982225362115997,0.998722567288219,0.9992190235100225,0.9985908828882373,0.9987291875631357,0.9975995231268797,0.9979020500619669,0.9987484342383866,0.94820183678722,0.7080576863718306,0.998761622156735,1.0,1.0,0.9986871165648594
0.9977589714283965,0.9974362657665097,0.9770122824974692,0.9981721735551758,0.9966421309371043,0.9772319749215939,0.9989780797098717,0.9977683520999534,0.9770744368266264,0.9988992687120657,0.9981548948833137,0.9774772256728497,0.9985803924887477,0.9986962567483033,0.9776359077231689,0.9977747257173917,0.9980863808083171,0.9773194154488394,0.948388758022773,0.7081060475674548,0.9773709198813165,1.0,1.0,0.9775081799590595
0.9985527909484375,0.997545997581966,1.0,0.9982241223067518,0.9971184244211457,1.0,0.9991140691025464,0.9980531567544233,1.0,0.999197041168614,0.9982638725786614,1.0,0.9991709338246721,0.9984152597877909,1.0,0.9976357719386755,0.9979533586203075,1.0,0.9481579675176874,0.7080534192075305,1.0,1.0,1.0,1.0
0.9985527909484375,0.997545997581966,1.0,0.9982241223067518,0.9971184244211457,1.0,0.9991140691025464,0.9980531567544233,1.0,0.999197041168614,0.9982638725786614,1.0,0.9991709338246721,0.9984152597877909,1.0,0.9976357719386755,0.9979533586203075,1.0,0.9481579675176874,0.7080534192075305,1.0,1.0,1.0,1.0
0.0,0.0,0.0,0.0,0.0,0.0,0.0,0.0,0.0,0.0,0.0,0.0,0.0,0.0,0.0,0.0,0.0,0.0,0.0,0.0,0.0,0.0,0.0,0.0
0.9985527909484375,0.997545997581966,1.0,0.9982241223067518,0.9971184244211457,1.0,0.9991140691025464,0.9980531567544233,1.0,0.999197041168614,0.9982638725786614,1.0,0.9991709338246721,0.9984152597877909,1.0,0.9976357719386755,0.9979533586203075,1.0,0.9481579675176874,0.7080534192075305,1.0,1.0,1.0,1.0
0.9969553998257226,0.9973544656860014,0.7976888433981912,0.9996421308224228,0.99684455566792,0.7972643678160622,0.9963242867056721,0.9996785776042145,0.797446620959839,0.9984125647656299,0.9972079162900087,0.7972380952381073,0.9992517244960339,0.9987871675297839,0.7985406218655413,0.9980546470977174,0.9983277210637169,0.7980302713987442,0.9480435259448541,0.7079894117428864,0.7972591493571315,1.0,1.0,0.7975347648261746
0.9985527909484375,0.997545997581966,1.0,0.9982241223067518,0.9971184244211457,1.0,0.9991140691025464,0.9980531567544233,1.0,0.999197041168614,0.9982638725786614,1.0,0.9991709338246721,0.9984152597877909,1.0,0.9976357719386755,0.9979533586203075,1.0,0.9481579675176874,0.7080534192075305,1.0,1.0,1.0,1.0
0.9985527909484375,0.997545997581966,1.0,0.9982241223067518,0.9971184244211457,1.0,0.9991140691025464,0.9980531567544233,1.0,0.999197041168614,0.9982638725786614,1.0,0.9991709338246721,0.9984152597877909,1.0,0.9976357719386755,0.9979533586203075,1.0,0.9481579675176874,0.7080534192075305,1.0,1.0,1.0,1.0
0.9985449892824079,0.9975420073341468,0.9999703172978727,0.9982414385572866,0.9971045325278141,0.9999717868338749,0.9991320676986959,0.9980185733321036,0.999973555337931,0.9991949875654598,0.9982770250591528,0.9999792960662575,0.9991690102373099,0.9984297228666463,0.9999809428284863,0.9976297304700381,0.9979514583033193,0.9999759916492863,0.9481598748772626,0.7080534192075305,0.9999792284866658,1.0,1.0,0.9999764826175976
0.9974761610342711,0.9966242503322178,0.8049068577277652,0.9991322634458015,0.9973466483822051,0.8044743991640715,0.9964482770343324,0.9993591895272829,0.8047737512242747,0.9988581966489534,0.9970275394149724,0.8044347826086877,0.9990305119435448,0.9989111367771244,0.8058986960882137,0.9984251905075894,0.9984797464216371,0.8054311064718362,0.948045433304415,0.7079367833830332,0.8044955489614267,1.0,1.0,0.8048149284253938
0.0,0.0,0.0,0.0,0.0,0.0,0.0,0.0,0.0,0.0,0.0,0.0,0.0,0.0,0.0,0.0,0.0,0.0,0.0,0.0,0.0,0.0,0.0,0.0
0.9985527909484375,0.997545997581966,1.0,0.9982241223067518,0.9971184244211457,1.0,0.9991140691025464,0.9980531567544233,1.0,0.999197041168614,0.9982638725786614,1.0,0.9991709338246721,0.9984152597877909,1.0,0.9976357719386755,0.9979533586203075,1.0,0.9481579675176874,0.7080534192075305,1.0,1.0,1.0,1.0
0.9971601935592673,0.9961613815834909,0.9023070624359448,0.9988205709361324,0.9984024322719307,1.0,0.9988180921886993,0.9970970268426669,1.0,0.9985973890490385,0.9986302631057811,1.0,0.9988227645027195,0.9989751875548905,1.0,0.9979700665368227,0.9984531419842,1.0,0.9485585130225189,0.7080249714455533,0.9025390702273413,1.0,1.0,0.9027842535786164
0.9985527909484375,0.997545997581966,1.0,0.9982241223067518,0.9971184244211457,1.0,0.9991140691025464,0.9980531567544233,1.0,0.999197041168614,0.9982638725786614,1.0,0.9991709338246721,0.9984152597877909,1.0,0.9976357719386755,0.9979533586203075,1.0,0.9481579675176874,0.7080534192075305,1.0,1.0,1.0,1.0
0.0,0.0,0.0,0.0,0.0,0.0,0.0,0.0,0.0,0.0,0.0,0.0,0.0,0.0,0.0,0.0,0.0,0.0,0.0,0.0,0.0,0.0,0.0,0.0
0.9985527909484375,0.997545997581966,1.0,0.9982241223067518,0.9971184244211457,1.0,0.9991140691025464,0.9980531567544233,1.0,0.999197041168614,0.9982638725786614,1.0,0.9991709338246721,0.9984152597877909,1.0,0.9976357719386755,0.9979533586203075,1.0,0.9481579675176874,0.7080534192075305,1.0,1.0,1.0,1.0
0.9976809547678442,0.9982762129356217,0.5301811668372665,0.9987320656557443,0.9972275750113084,0.5299728317659103,0.9983361297817623,0.9990377671314974,0.5304965719883086,0.9982729197514004,0.998855734199509,0.5299565217391446,0.9977147781524707,0.9979049197194456,0.5312026078234382,0.9997482721400246,0.9994660109306608,0.530730688935293,0.9480931172931122,0.7077831654677738,0.5303145400593294,1.0,1.0,0.5304100204498141
0.9985527909484375,0.997545997581966,1.0,0.9982241223067518,0.9971184244211457,1.0,0.9991140691025464,0.9980531567544233,1.0,0.999197041168614,0.9982638725786614,1.0,0.9991709338246721,0.9984152597877909,1.0,0.9976357719386755,0.9979533586203075,1.0,0.9481579675176874,0.7080534192075305,1.0,1.0,1.0,1.0
0.9985059809523591,0.9976716903886995,0.9999703172978727,0.9982529827243383,0.9971085016401986,1.0,0.9991520661388336,0.9980450194785817,1.0,0.9992011483749081,0.9982770250591528,1.0,0.9991651630624432,0.9984235244042878,1.0,0.9976317442929457,0.9979552589372673,1.0,0.9481617822368094,0.7080591087599402,0.9999980217606392,1.0,1.0,0.9999713701431716
0.9985527909484375,0.997545997581966,1.0,0.9982241223067518,0.9971184244211457,1.0,0.9991140691025464,0.9980531567544233,1.0,0.999197041168614,0.9982638725786614,1.0,0.9991709338246721,0.9984152597877909,1.0,0.9976357719386755,0.9979533586203075,1.0,0.9481579675176874,0.7080534192075305,1.0,1.0,1.0,1.0
0.9986347084419975,0.9965703819863592,0.9896786079838122,0.9982760710582852,0.9968147873250786,0.9897680250784759,0.9991340675426983,0.9982810004781584,0.9896709108718653,0.9991148970426309,0.9976889212897646,0.9898198757765755,0.9988573890761216,0.9983656720888519,0.9899528585758972,0.9977445183741196,0.9979001497449076,0.9897766179542558,0.9480835804953927,0.7082013475703945,0.9897487636005948,1.0,1.0,0.9897883435584518
0.9963390682080302,0.9982602519442736,0.6125711361310238,0.9984934862039552,0.9980491812713126,0.6121786833856291,0.9974481990404769,0.9992696794929827,0.612450538687682,0.9976671068223197,0.9973619882040907,0.6116635610767176,0.9978071103484041,0.9987127859813825,0.6135376128385843,0.9984131075704425,0.9997605600611337,0.6128183716075668,0.9481102835290329,0.7078429057681745,0.6124777448071441,1.0,1.0,0.6124478527608304
0.9985527909484375,0.997545997581966,1.0,0.9982241223067518,0.9971184244211457,1.0,0.9991140691025464,0.9980531567544233,1.0,0.999197041168614,0.9982638725786614,1.0,0.9991709338246721,0.9984152597877909,1.0,0.9976357719386755,0.9979533586203075,1.0,0.9481579675176874,0.7080534192075305,1.0,1.0,1.0,1.0
0.0,0.0,0.0,0.0,0.0,0.0,0.0,0.0,0.0,0.0,0.0,0.0,0.0,0.0,0.0,0.0,0.0,0.0,0.0,0.0,0.0,0.0,0.0,0.0
0.9978213847567758,0.9972926168445184,0.9588116683725687,0.9984242212018728,0.9972970344775263,1.0,0.9984481210463372,0.9973472480748882,1.0,0.9983489030679209,0.9980045808209894,1.0,0.9986708010971341,0.99847311210317,1.0,0.9978150021750025,0.9977557256551393,1.0,0.9482838532477018,0.7081003580149599,0.9591918892186371,1.0,1.0,0.9594396728016221
0.9989604279993642,0.9973005973400859,0.9956264073695991,0.9983376399488151,0.9966599919427068,0.9956394984326451,0.9993600499162199,0.998132495193957,0.9955416258570722,0.9990573961544271,0.9979181502349661,0.9956842650104321,0.9989997345447819,0.9984379874830438,0.9956840521565837,0.997575357252245,0.9980369725670926,0.995656576200517,0.9481617822367383,0.7080235490573727,0.995630069238473,1.0,1.0,0.9956646216769371
0.0,0.0,0.0,0.0,0.0,0.0,0.0,0.0,0.0,0.0,0.0,0.0,0.0,0.0,0.0,0.0,0.0,0.0,0.0,0.0,0.0,0.0,0.0,0.0
0.9985527909484375,0.997545997581966,1.0,0.9982241223067518,0.9971184244211457,1.0,0.9991140691025464,0.9980531567544233,1.0,0.999197041168614,0.9982638725786614,1.0,0.9991709338246721,0.9984152597877909,1.0,0.9976357719386755,0.9979533586203075,1.0,0.9481579675176874,0.7080534192075305,1.0,1.0,1.0,1.0
0.0,0.0,0.0,0.0,0.0,0.0,0.0,0.0,0.0,0.0,0.0,0.0,0.0,0.0,0.0,0.0,0.0,0.0,0.0,0.0,0.0,0.0,0.0,0.0
0.9985527909484375,0.997545997581966,1.0,0.9982241223067518,0.9971184244211457,1.0,0.9991140691025464,0.9980531567544233,1.0,0.999197041168614,0.9982638725786614,1.0,0.9991709338246721,0.9984152597877909,1.0,0.9976357719386755,0.9979533586203075,1.0,0.9481579675176874,0.7080534192075305,1.0,1.0,1.0,1.0
0.9985527909484375,0.997545997581966,1.0,0.9982241223067518,0.9971184244211457,1.0,0.9991140691025464,0.9980531567544233,1.0,0.999197041168614,0.9982638725786614,1.0,0.9991709338246721,0.9984152597877909,1.0,0.9976357719386755,0.9979533586203075,1.0,0.9481579675176874,0.7080534192075305,1.0,1.0,1.0,1.0
0.9985527909484375,0.997545997581966,1.0,0.9982241223067518,0.9971184244211457,1.0,0.9991140691025464,0.9980531567544233,1.0,0.999197041168614,0.9982638725786614,1.0,0.9991709338246721,0.9984152597877909,1.0,0.9976357719386755,0.9979533586203075,1.0,0.9481579675176874,0.7080534192075305,1.0,1.0,1.0,1.0
0.0,0.0,0.0,0.0,0.0,0.0,0.0,0.0,0.0,0.0,0.0,0.0,0.0,0.0,0.0,0.0,0.0,0.0,0.0,0.0,0.0,0.0,0.0,0.0
0.9985527909484375,0.997545997581966,1.0,0.9982241223067518,0.9971184244211457,1.0,0.9991140691025464,0.9980531567544233,1.0,0.999197041168614,0.9982638725786614,1.0,0.9991709338246721,0.9984152597877909,1.0,0.9976357719386755,0.9979533586203075,1.0,0.9481579675176874,0.7080534192075305,1.0,1.0,1.0,1.0
0.9985527909484375,0.997545997581966,1.0,0.9982241223067518,0.9971184244211457,1.0,0.9991140691025464,0.9980531567544233,1.0,0.999197041168614,0.9982638725786614,1.0,0.9991709338246721,0.9984152597877909,1.0,0.9976357719386755,0.9979533586203075,1.0,0.9481579675176874,0.7080534192075305,1.0,1.0,1.0,1.0
0.9985547413649556,0.9975479927058899,1.0,0.9982241223067518,0.9971184244211457,1.0,0.9991140691025464,0.9980531567544233,1.0,0.999197041168614,0.9982638725786614,1.0,0.9991709338246721,0.9984152597877909,1.0,0.9976357719386755,0.9979533586203075,1.0,0.9481579675176874,0.7080534192075305,1.0,1.0,1.0,1.0
0.0,0.0,0.0,0.0,0.0,0.0,0.0,0.0,0.0,0.0,0.0,0.0,0.0,0.0,0.0,0.0,0.0,0.0,0.0,0.0,0.0,0.0,0.0,0.0
0.9985527909484375,0.997545997581966,1.0,0.9982241223067518,0.9971184244211457,1.0,0.9991140691025464,0.9980531567544233,1.0,0.999197041168614,0.9982638725786614,1.0,0.9991709338246721,0.9984152597877909,1.0,0.9976357719386755,0.9979533586203075,1.0,0.9481579675176874,0.7080534192075305,1.0,1.0,1.0,1.0
0.9985527909484375,0.997545997581966,1.0,0.9982241223067518,0.9971184244211457,1.0,0.9991140691025464,0.9980531567544233,1.0,0.999197041168614,0.9982638725786614,1.0,0.9991709338246721,0.9984152597877909,1.0,0.9976357719386755,0.9979533586203075,1.0,0.9481579675176874,0.7080534192075305,1.0,1.0,1.0,1.0
0.9985527909484375,0.997545997581966,1.0,0.9982241223067518,0.9971184244211457,1.0,0.9991140691025464,0.9980531567544233,1.0,0.999197041168614,0.9982638725786614,1.0,0.9991709338246721,0.9984152597877909,1.0,0.9976357719386755,0.9979533586203075,1.0,0.9481579675176874,0.7080534192075305,1.0,1.0,1.0,1.0
0.9985761959465833,0.9975479927059041,1.0,0.9982241223067518,0.9971184244211457,1.0,0.9991140691025464,0.9980531567544233,1.0,0.999197041168614,0.9982638725786614,1.0,0.9991709338246721,0.9984152597877909,1.0,0.9976357719386755,0.9979533586203075,1.0,0.9481579675176874,0.7080534192075305,1.0,1.0,1.0,1.0
0.9985527909484375,0.997545997581966,1.0,0.9982241223067518,0.9971184244211457,1.0,0.9991140691025464,0.9980531567544233,1.0,0.999197041168614,0.9982638725786614,1.0,0.9991709338246721,0.9984152597877909,1.0,0.9976357719386755,0.9979533586203075,1.0,0.9481579675176874,0.7080534192075305,1.0,1.0,1.0,1.0
0.9985781463630872,0.9975759244407243,1.0,0.9982241223067518,0.9971184244211457,1.0,0.9991140691025464,0.9980531567544233,1.0,0.999197041168614,0.9982638725786614,1.0,0.9991709338246721,0.9984152597877909,1.0,0.9976357719386755,0.9979533586203075,1.0,0.9481579675176874,0.7080534192075305,1.0,1.0,1.0,1.0
0.9991106100707725,0.9973245388271437,0.9954063459571216,0.9983626523109308,0.9966401463808978,0.9954326018809354,0.9992680570915695,0.9982484513746499,0.9953339862880028,0.9989341799656017,0.9978599035357973,0.9954565217392073,0.9989824222582087,0.9984710459491026,0.9954864593782133,0.9976035507725527,0.9980369725670926,0.9954519832986435,0.9481102835289619,0.7080135923406488,0.9954045499506492,1.0,1.0,0.9954601226994342
0.9983362947157133,0.9976637098930752,0.9996888433983742,0.9982779950862266,0.9968921850161223,0.99969801462926,0.9991960627071705,0.9979372005736025,0.9996767874634997,0.9992011483749792,0.9982864196880286,0.9997049689443003,0.9992863490695072,0.998462781332563,0.9996860581747313,0.9975813987209108,0.9979134519638819,0.9996826722340302,0.9481865779109029,0.708047729655064,0.9996913946589672,1.0,1.0,0.9996830265850818
0.0,0.0,0.0,0.0,0.0,0.0,0.0,0.0,0.0,0.0,0.0,0.0,0.0,0.0,0.0,0.0,0.0,0.0,0.0,0.0,0.0,0.0,0.0,0.0
0.9985527909484375,0.997545997581966,1.0,0.9982241223067518,0.9971184244211457,1.0,0.9991140691025464,0.9980531567544233,1.0,0.999197041168614,0.9982638725786614,1.0,0.9991709338246721,0.9984152597877909,1.0,0.9976357719386755,0.9979533586203075,1.0,0.9481579675176874,0.7080534192075305,1.0,1.0,1.0,1.0
0.9961479273898277,0.997013299495876,0.8709703172978323,0.998966797051807,0.9981742083108998,0.8708631138976699,0.9983141314977928,0.997422517876501,0.8708540646424581,0.9985542633829709,0.9974634501961503,0.870757763975071,0.9979571501667692,0.9988615490782564,0.8717442326980631,0.9982338773341866,0.9982517083849274,0.8715929018789339,0.9482952974050818,0.7081472968224176,0.870776458951525,1.0,1.0,0.870900817995846
0.9985547413649414,0.9975539780776614,1.0,0.9982241223067518,0.9971184244211457,1.0,0.9991140691025464,0.9980531567544233,1.0,0.999197041168614,0.9982638725786614,1.0,0.9991709338246721,0.9984152597877909,1.0,0.9976357719386755,0.9979533586203075,1.0,0.9481579675176874,0.7080534192075305,1.0,1.0,1.0,1.0
0.9985527909484375,0.9975479927058899,1.0,0.9982241223067518,0.9971184244211457,1.0,0.9991140691025464,0.9980531567544233,1.0,0.999197041168614,0.9982638725786614,1.0,0.9991709338246721,0.9984152597877909,1.0,0.9976357719386755,0.9979533586203075,1.0,0.9481579675176874,0.7080534192075305,1.0,1.0,1.0,1.0
0.9970646231502371,0.9984358228490606,0.5262476970316712,0.9984184491182475,0.9972712352472399,0.5260877742945738,0.9982801341496099,0.9986186974254423,0.5266493633692164,0.9985152449230839,0.9986077159965561,0.5260372670806319,0.9977455555512336,0.998613610583547,0.5275045135405492,0.9997865347747705,0.9993595931801735,0.5268340292274871,0.9480435259448683,0.7076693744194102,0.5263758654796149,1.0,1.0,0.5266441717790968
0.9985527909484375,0.997545997581966,1.0,0.9982241223067518,0.9971184244211457,1.0,0.9991140691025464,0.9980531567544233,1.0,0.999197041168614,0.9982638725786614,1.0,0.9991709338246721,0.9984152597877909,1.0,0.9976357719386755,0.9979533586203075,1.0,0.9481579675176874,0.7080534192075305,1.0,1.0,1.0,1.0
0.9985527909484375,0.997545997581966,1.0,0.9982241223067518,0.9971184244211457,1.0,0.9991140691025464,0.9980531567544233,1.0,0.999197041168614,0.9982638725786614,1.0,0.9991709338246721,0.9984152597877909,1.0,0.9976357719386755,0.9979533586203075,1.0,0.9481579675176874,0.7080534192075305,1.0,1.0,1.0,1.0
0.9973142764638112,0.9970771434613681,0.5164667349027923,0.9970177568531255,0.9980233820409836,0.5163166144200275,0.9986481054477849,0.9988709529767306,0.5171694417237873,0.9977800549954594,0.9989365280080591,0.5162142857142697,0.9979783096282802,0.9989338644725763,0.517824473420248,0.9997865347747705,0.9992683779654641,0.5171002087681984,0.9480530627426589,0.7074645505323787,0.5165727002966847,1.0,1.0,0.5170255623721758
0.9985352371998317,0.9975400122102087,0.9999969293756408,0.9982318184180912,0.9971124707525973,1.0,0.9991180687905796,0.9980592597112974,1.0,0.9991990947717682,0.998269509356021,1.0,0.9991632394750383,0.9984173259419009,1.0,0.9976337581158106,0.9979552589372673,1.0,0.9481579675176874,0.7080534192075305,0.9999960435212785,1.0,1.0,0.9999969325153373
0.9985527909484375,0.997545997581966,1.0,0.9982241223067518,0.9971184244211457,1.0,0.9991140691025464,0.9980531567544233,1.0,0.999197041168614,0.9982638725786614,1.0,0.9991709338246721,0.9984152597877909,1.0,0.9976357719386755,0.9979533586203075,1.0,0.9481579675176874,0.7080534192075305,1.0,1.0,1.0,1.0
0.9985605926144814,0.9975499878297995,1.0,0.9982241223067518,0.9971184244211457,1.0,0.9991140691025464,0.9980531567544233,1.0,0.999197041168614,0.9982638725786614,1.0,0.9991709338246721,0.9984152597877909,1.0,0.9976357719386755,0.9979533586203075,1.0,0.9481579675176874,0.7080534192075305,1.0,1.0,1.0,1.0
0.998568394280511,0.9975719341928624,1.0,0.9982241223067518,0.9971184244211457,1.0,0.9991140691025464,0.9980531567544233,1.0,0.9991990947717682,0.9982638725786614,1.0,0.9991728574121055,0.9984152597877909,1.0,0.9976357719386755,0.9979533586203075,1.0,0.9481579675176874,0.7080534192075305,0.9999990108803161,1.0,1.0,0.9999989775051148
0.9968208210863878,0.9967339821476315,0.9595414534288409,0.9988917599663552,0.9971779611067149,0.9599561128526943,0.9987860946845615,0.9972699439542652,0.9595700293829807,0.9988048029670438,0.9977941411334825,0.9599772256728869,0.998636176523604,0.9985908828881236,0.9603701103310485,0.9978049330606353,0.9977785294586283,0.960065762004227,0.9482590575736367,0.7080946684625786,0.9600059347181258,1.0,1.0,0.9602351738241808
0.9985313363668098,0.997532031714556,0.9999969293756408,0.9982298943902634,0.9971124707525831,1.0,0.999116068946563,0.9980633283492182,1.0,0.999197041168614,0.9982638725786757,1.0,0.9991632394750383,0.9984131936336667,1.0,0.9976357719386755,0.9979571592542555,1.0,0.9481579675176874,0.7080534192075305,0.9999970326409553,1.0,1.0,0.9999979550102296
0.0,0.0,0.0,0.0,0.0,0.0,0.0,0.0,0.0,0.0,0.0,0.0,0.0,0.0,0.0,0.0,0.0,0.0,0.0,0.0,0.0,0.0,0.0,0.0
0.9985527909484375,0.997545997581966,1.0,0.9982241223067518,0.9971184244211457,1.0,0.9991140691025464,0.9980531567544233,1.0,0.999197041168614,0.9982638725786614,1.0,0.9991709338246721,0.9984152597877909,1.0,0.9976357719386755,0.9979533586203075,1.0,0.9481579675176874,0.7080534192075305,1.0,1.0,1.0,1.0
0.9985683942805679,0.9975679439450147,0.9999897645854716,0.9982414385572866,0.997114455308747,1.0,0.999118068790537,0.998055191073405,1.0,0.9991949875654598,0.9982619936529034,1.0,0.9991670866498623,0.9984173259419009,1.0,0.9976317442929172,0.9979590595712153,1.0,0.9481598748772626,0.7080519968194352,0.9999881305638141,1.0,1.0,0.9999928425357965
0.9985527909484375,0.997545997581966,1.0,0.9982241223067518,0.9971184244211457,1.0,0.9991140691025464,0.9980531567544233,1.0,0.999197041168614,0.9982638725786614,1.0,0.9991709338246721,0.9984152597877909,1.0,0.9976357719386755,0.9979533586203075,1.0,0.9481579675176874,0.7080534192075305,1.0,1.0,1.0,1.0
0.9985527909484375,0.997545997581966,1.0,0.9982241223067518,0.9971184244211457,1.0,0.9991140691025464,0.9980531567544233,1.0,0.999197041168614,0.9982638725786614,1.0,0.9991709338246721,0.9984152597877909,1.0,0.9976357719386755,0.9979533586203075,1.0,0.9481579675176874,0.7080534192075305,1.0,1.0,1.0,1.0
0.9985527909484375,0.997545997581966,1.0,0.9982241223067518,0.9971184244211457,1.0,0.9991140691025464,0.9980531567544233,1.0,0.999197041168614,0.9982638725786614,1.0,0.9991709338246721,0.9984152597877909,1.0,0.9976357719386755,0.9979533586203075,1.0,0.9481579675176874,0.7080534192075305,1.0,1.0,1.0,1.0
0.997095829814441,0.998308134918247,0.6223776867963338,0.9988802157991472,0.9977217295007534,0.6219895506791744,0.9975741892133527,0.9990886251055997,0.622202742409435,0.9972830830334232,0.9977828675788629,0.6213633540372498,0.9978802066702741,0.9986032798129543,0.6233831494483866,0.9987776095117766,0.9997054508690866,0.6225386221294684,0.94804161858535,0.707938205771157,0.6222858555885864,1.0,1.0,0.622219836400852
0.9976536489368044,0.9980667249241151,0.8481811668373211,0.999003353580747,0.9975153356579369,0.8477554858934866,0.9980821495924204,0.998488501012119,0.8480685602351556,0.9984741728600994,0.997279315469541,0.8477329192547245,0.9982149108799945,0.9992313906661394,0.8491293881645632,0.9983526928840121,0.9984303381804551,0.8485438413361948,0.9483105562813421,0.7083407416046015,0.8478269040553812,1.0,1.0,0.8478302658487493
0.99886095675717,0.996813787104287,0.991509723643901,0.9982664509191181,0.996844555667721,0.9916165099269776,0.9990420747181759,0.997861930772018,0.9915073457395422,0.9993572222142717,0.9976964369928965,0.9916097308489711,0.9989824222580665,0.9983801351676931,0.9917171514544592,0.9977747257173917,0.9980198697142413,0.9915897703550556,0.9481503380794578,0.7080534192075305,0.9915539070227837,1.0,1.0,0.9916155419224353
0.9985527909484375,0.997545997581966,1.0,0.9982241223067518,0.9971184244211457,1.0,0.9991140691025464,0.9980531567544233,1.0,0.999197041168614,0.9982638725786614,1.0,0.9991709338246721,0.9984152597877909,1.0,0.9976357719386755,0.9979533586203075,1.0,0.9481579675176874,0.7080534192075305,1.0,1.0,1.0,1.0
0.9985527909484375,0.997545997581966,1.0,0.9982241223067518,0.9971184244211457,1.0,0.9991140691025464,0.9980531567544233,1.0,0.999197041168614,0.9982638725786614,1.0,0.9991709338246721,0.9984152597877909,1.0,0.9976357719386755,0.9979533586203075,1.0,0.9481579675176874,0.7080534192075305,1.0,1.0,1.0,1.0
0.9985761959466117,0.9975360219623894,0.999961105424795,0.998279919114097,0.997082702409827,0.9999602925810152,0.9991300678546935,0.9980246762889777,0.9999549461312753,0.9991990947717682,0.9982789039849109,0.9999741200828254,0.9991536215379853,0.9984214582501494,0.9999658976931016,0.997627716647159,0.9979476576693713,0.9999624217119276,0.9481598748772626,0.708051996819421,0.9999624134520602,1.0,1.0,0.9999621676891906
0.0,0.0,0.0,0.0,0.0,0.0,0.0,0.0,0.0,0.0,0.0,0.0,0.0,0.0,0.0,0.0,0.0,0.0,0.0,0.0,0.0,0.0,0.0,0.0
0.9985527909484375,0.997545997581966,1.0,0.9982241223067518,0.9971184244211457,1.0,0.9991140691025464,0.9980531567544233,1.0,0.999197041168614,0.9982638725786614,1.0,0.9991709338246721,0.9984152597877909,1.0,0.9976357719386755,0.9979533586203075,1.0,0.9481579675176874,0.7080534192075305,1.0,1.0,1.0,1.0
0.9985527909484517,0.997545997581966,1.0,0.9982241223067518,0.9971184244211457,1.0,0.9991140691025464,0.9980531567544233,1.0,0.999197041168614,0.9982638725786614,1.0,0.9991709338246721,0.9984152597877909,1.0,0.9976357719386755,0.9979533586203075,1.0,0.9481579675176874,0.7080534192075305,1.0,1.0,1.0,1.0
0.9985527909484375,0.997545997581966,1.0,0.9982241223067518,0.9971184244211457,1.0,0.9991140691025464,0.9980531567544233,1.0,0.999197041168614,0.9982638725786614,1.0,0.9991709338246721,0.9984152597877909,1.0,0.9976357719386755,0.9979533586203075,1.0,0.9481579675176874,0.7080534192075305,1.0,1.0,1.0,1.0
0.9985508405319337,0.9975459975820087,0.9999959058341901,0.9982298943902634,0.9971223935334876,0.9999958202716925,0.999116068946563,0.9980653626681715,0.9999970617042138,0.9992011483749081,0.9982676304302345,0.9999989648033107,0.9991632394750383,0.9984152597877909,0.9999979939819426,0.9976357719386755,0.9979571592542555,0.9999958246346594,0.9481579675176874,0.7080534192075305,0.9999970326409553,1.0,1.0,0.9999979550102296
0.9985527909484375,0.997545997581966,1.0,0.9982241223067518,0.9971184244211457,1.0,0.9991140691025464,0.9980531567544233,1.0,0.999197041168614,0.9982638725786614,1.0,0.9991709338246721,0.9984152597877909,1.0,0.9976357719386755,0.9979533586203075,1.0,0.9481579675176874,0.7080534192075305,1.0,1.0,1.0,1.0
0.9985508405319479,0.9975559732015711,0.9999795291709432,0.9982356664737893,0.997114455308747,0.999982236154672,0.9991200686345536,0.9980450194785817,0.9999823702252826,0.999197041168614,0.9982751461333663,0.999985507246393,0.9991632394750383,0.9984255905583979,0.9999859578736334,0.9976297304700381,0.9979571592542555,0.9999812108559638,0.9481598748772484,0.7080562639837495,0.9999841740850783,1.0,1.0,0.9999867075664639
0.9961440265567632,0.9970472166024393,0.5840194472876021,0.9972274758871436,0.9973843549496877,0.5837408568443578,0.9975401918651556,0.9998067396985846,0.5839451518119816,0.9984515832254317,0.9962834848058861,0.5832163561076769,0.9979263727681058,0.9978780597158305,0.5847622868606379,0.9993132863980065,0.9997662610123257,0.5844133611691547,0.9478260869564821,0.7077973893487979,0.5839426310583988,1.0,1.0,0.5840357873211062
0.996717449011399,0.9962990451336395,0.7908679631524009,0.9996575230452436,0.9965051965603919,0.7904399164053828,0.9964742750067472,0.9987977174941705,0.7906709108716541,0.9988048029671575,0.9971665799225775,0.790507246376734,0.9992959670065318,0.9994483368491984,0.791765295887572,0.9979660388910219,0.9982137020454473,0.7911169102296185,0.9480358965066529,0.7079751878618197,0.7905756676557516,1.0,1.0,0.7908006134967849
0.9985527909484375,0.997545997581966,1.0,0.9982241223067518,0.9971184244211457,1.0,0.9991140691025464,0.9980531567544233,1.0,0.999197041168614,0.9982638725786614,1.0,0.9991709338246721,0.9984152597877909,1.0,0.9976357719386755,0.9979533586203075,1.0,0.9481579675176874,0.7080534192075305,1.0,1.0,1.0,1.0
0.9985527909484375,0.997545997581966,1.0,0.9982241223067518,0.9971184244211457,1.0,0.9991140691025464,0.9980531567544233,1.0,0.999197041168614,0.9982638725786614,1.0,0.9991709338246721,0.9984152597877909,1.0,0.9976357719386755,0.9979533586203075,1.0,0.9481579675176874,0.7080534192075305,1.0,1.0,1.0,1.0
0.9968929864972864,0.9976517391493758,0.5223091095189218,0.9983395639769981,0.9969576753702398,1.0,0.9981061477205486,0.9980714656250598,1.0,0.9984700656537484,0.9994212908593312,1.0,0.9976512997678384,0.9983842674760268,1.0,0.9997663965458798,0.9990878478530334,1.0,0.9481369865626021,0.7075641176996044,0.5218625123639953,1.0,1.0,0.5221850715746541
0.9985527909484375,0.997545997581966,1.0,0.9982241223067518,0.9971184244211457,1.0,0.9991140691025464,0.9980531567544233,1.0,0.999197041168614,0.9982638725786614,1.0,0.9991709338246721,0.9984152597877909,1.0,0.9976357719386755,0.9979533586203075,1.0,0.9481579675176874,0.7080534192075305,1.0,1.0,1.0,1.0
0.9985527909484375,0.997545997581966,1.0,0.9982241223067518,0.9971184244211457,1.0,0.9991140691025464,0.9980531567544233,1.0,0.999197041168614,0.9982638725786614,1.0,0.9991709338246721,0.9984152597877909,1.0,0.9976357719386755,0.9979533586203075,1.0,0.9481579675176874,0.7080534192075305,1.0,1.0,1.0,1.0
0.9976829051845328,0.9966621576865151,0.5384882292732769,0.9987109013494404,0.9975788414558053,1.0,0.9985301146512597,0.9978212443928811,1.0,0.999032752916591,0.9981060428131059,1.0,0.99780326317358,0.9977768181637856,1.0,0.9997079956824422,0.9988845139367015,1.0,0.9537789561020844,0.7226485435455743,0.5383798219584222,1.0,1.0,0.5384253578731872
0.9978876989181202,0.9972906217205093,0.6279191402251811,0.9996325106832415,0.9976502854783433,0.6274629049112264,0.9975121940489089,0.9993286747427277,0.627677766895161,0.9970161146239604,0.9978523878326939,0.6268985507246256,0.9978840538450271,0.9988780783113071,0.6288786359077676,0.9990756552981424,0.9996826470653701,0.6280281837160757,0.9479672315629415,0.7078969565160662,0.6277408506429225,1.0,1.0,0.6277126789366037
0.9985527909484375,0.997545997581966,1.0,0.9982241223067518,0.9971184244211457,1.0,0.9991140691025464,0.9980531567544233,1.0,0.999197041168614,0.9982638725786614,1.0,0.9991709338246721,0.9984152597877909,1.0,0.9976357719386755,0.9979533586203075,1.0,0.9481579675176874,0.7080534192075305,1.0,1.0,1.0,1.0
0.9985527909484375,0.997545997581966,1.0,0.9982241223067518,0.9971184244211457,1.0,0.9991140691025464,0.9980531567544233,1.0,0.999197041168614,0.9982638725786614,1.0,0.9991709338246721,0.9984152597877909,1.0,0.9976357719386755,0.9979533586203075,1.0,0.9481579675176874,0.7080534192075305,1.0,1.0,1.0,1.0
0.9985527909484375,0.997545997581966,1.0,0.9982241223067518,0.9971184244211457,1.0,0.9991140691025464,0.9980531567544233,1.0,0.999197041168614,0.9982638725786614,1.0,0.9991709338246721,0.9984152597877909,1.0,0.9976357719386755,0.9979533586203075,1.0,0.9481579675176874,0.7080534192075305,1.0,1.0,1.0,1.0
0.9985527909484375,0.997545997581966,1.0,0.9982241223067518,0.9971184244211457,1.0,0.9991140691025464,0.9980531567544233,1.0,0.999197041168614,0.9982638725786614,1.0,0.9991709338246721,0.9984152597877909,1.0,0.9976357719386755,0.9979533586203075,1.0,0.9481579675176874,0.7080534192075305,1.0,1.0,1.0,1.0
0.9962278944670402,0.9969055628044856,0.5062896622313175,0.9984146010624357,0.9981662700863012,0.506184952978046,0.9991460666068406,0.9991618605880888,0.5069637610185964,0.9973487983342295,0.9987580300590224,0.5060227743270787,0.9976012864952395,0.9990516352576009,0.5077281845536277,0.9996898712765159,0.9990954491208015,0.5069029227557351,0.9479176402148113,0.707669374419396,0.5064975272007644,1.0,1.0,0.5067944785276168
0.9949893799821012,0.9968716456979649,0.7783449334697465,0.9994882085955368,0.9987695751660084,0.7778338557992939,0.9968682442770103,0.9970278599980702,0.7780617042114173,0.9986487291277228,0.9977734729498309,0.7779658385092603,0.999334438754758,0.9991735383507461,0.7791464393179126,0.998127144721451,0.9986583762171222,0.7785302713986582,0.947942435888919,0.7081515639868314,0.7778367952521137,1.0,1.0,0.7780777096113951
0.0,0.0,0.0,0.0,0.0,0.0,0.0,0.0,0.0,0.0,0.0,0.0,0.0,0.0,0.0,0.0,0.0,0.0,0.0,0.0,0.0,0.0,0.0,0.0
0.0,0.0,0.0,0.0,0.0,0.0,0.0,0.0,0.0,0.0,0.0,0.0,0.0,0.0,0.0,0.0,0.0,0.0,0.0,0.0,0.0,0.0,0.0,0.0
0.9985527909484375,0.997545997581966,1.0,0.9982241223067518,0.9971184244211457,1.0,0.9991140691025464,0.9980531567544233,1.0,0.999197041168614,0.9982638725786614,1.0,0.9991709338246721,0.9984152597877909,1.0,0.9976357719386755,0.9979533586203075,1.0,0.9481579675176874,0.7080534192075305,1.0,1.0,1.0,1.0
0.9986269067759252,0.9976078464233922,0.9999518935517244,0.9982529827243951,0.9970727796288656,1.0,0.9991480664508003,0.9980226419700102,1.0,0.9992011483749081,0.9982826618364697,1.0,0.9991613158876191,0.9984276567125079,1.0,0.9976337581158248,0.9979552589372531,1.0,0.9481675043154496,0.7080534192075163,0.9999564787339494,1.0,1.0,0.999950920245432
0.9985527909484375,0.997545997581966,1.0,0.9982241223067518,0.9971184244211457,1.0,0.9991140691025464,0.9980531567544233,1.0,0.999197041168614,0.9982638725786614,1.0,0.9991709338246721,0.9984152597877909,1.0,0.9976357719386755,0.9979533586203075,1.0,0.9481579675176874,0.7080534192075305,1.0,1.0,1.0,1.0
0.0,0.0,0.0,0.0,0.0,0.0,0.0,0.0,0.0,0.0,0.0,0.0,0.0,0.0,0.0,0.0,0.0,0.0,0.0,0.0,0.0,0.0,0.0,0.0
0.9985371876163498,0.9975360219623184,0.9999959058341901,0.9982356664737893,0.9971124707525831,1.0,0.999120068634582,0.9980572253923299,1.0,0.9991990947717682,0.9982713882817933,1.0,0.9991632394750525,0.9984193920960251,1.0,0.9976317442929172,0.9979571592542555,1.0,0.9481560601581549,0.7080534192075305,0.9999960435212785,1.0,1.0,0.9999969325153373
0.9985527909484375,0.997545997581966,1.0,0.9982241223067518,0.9971184244211457,1.0,0.9991140691025464,0.9980531567544233,1.0,0.999197041168614,0.9982638725786614,1.0,0.9991709338246721,0.9984152597877909,1.0,0.9976357719386755,0.9979533586203075,1.0,0.9481579675176874,0.7080534192075305,1.0,1.0,1.0,1.0
0.9963839277877469,0.9989824868022055,0.6189037871033918,0.9981971859170642,0.9975391503320878,0.6184535005224916,0.9980341533359649,0.9993876699926858,0.6187247796277688,0.9975069257765767,0.9979275448639697,0.6179958592133019,0.9979071368939998,0.9986446028954248,0.6198986960882422,0.9985540751720663,0.9997244540389119,0.6190427974947639,0.9481236350458317,0.707936783383019,0.6187685459941576,1.0,1.0,0.6186932515337418
0.9985527909484375,0.997545997581966,1.0,0.9982241223067518,0.9971184244211457,1.0,0.9991140691025464,0.9980531567544233,1.0,0.999197041168614,0.9982638725786614,1.0,0.9991709338246721,0.9984152597877909,1.0,0.9976357719386755,0.9979533586203075,1.0,0.9481579675176874,0.7080534192075305,1.0,1.0,1.0,1.0
0.9985527909484375,0.997545997581966,1.0,0.9982241223067518,0.9971184244211457,1.0,0.9991140691025464,0.9980531567544233,1.0,0.999197041168614,0.9982638725786614,1.0,0.9991709338246721,0.9984152597877909,1.0,0.9976357719386755,0.9979533586203075,1.0,0.9481579675176874,0.7080534192075305,1.0,1.0,1.0,1.0
0.0,0.0,0.0,0.0,0.0,0.0,0.0,0.0,0.0,0.0,0.0,0.0,0.0,0.0,0.0,0.0,0.0,0.0,0.0,0.0,0.0,0.0,0.0,0.0
0.9963585723731683,0.9966362210757751,0.9564421699078522,0.9987609260731176,0.9975788414557627,0.9568505747126252,0.9988560892251428,0.9972068800665284,0.9563986287952986,0.9990019488692212,0.998267630430405,0.9568581780537642,0.9985650037893521,0.9985950151964715,0.9572928786359114,0.9976498686987867,0.997909651329735,0.9569196242170861,0.9483448887532973,0.7081430296581459,0.9569060336300836,1.0,1.0,0.9571308793455628
0.9985391380328537,0.9975479927059041,1.0,0.9982241223067518,0.9971184244211457,0.9999989550679231,0.9991140691025464,0.9980531567544233,0.9999990205680689,0.9991990947717682,0.9982638725786614,1.0,0.9991709338246721,0.9984152597877909,1.0,0.9976377857615546,0.9979533586203075,1.0,0.9481579675176874,0.7080534192075305,0.9999990108803161,1.0,1.0,0.9999989775051148
0.998525485117284,0.9975240512188464,0.9999969293756408,0.9982298943902634,0.9971144553087754,1.0,0.999116068946563,0.9980592597112974,1.0,0.999197041168614,0.9982638725786757,1.0,0.9991632394750383,0.9984131936336667,1.0,0.9976357719386755,0.9979571592542555,1.0,0.9481579675176874,0.7080534192075305,0.9999970326409553,1.0,1.0,0.9999979550102296
0.9961245223918382,0.9967818651215765,0.6915527123848193,0.9984761699534204,0.9976363935850543,1.0,0.9982181389850524,0.9981385981506463,1.0,0.997944343247525,0.9991225416602845,1.0,0.9985573094397466,0.9985640228845654,1.0,0.9988339965523494,0.999108751339719,1.0,0.9475743154963965,0.7076025221785329,0.6916973293768365,1.0,1.0,0.6915470347648167
0.9985527909484375,0.997545997581966,1.0,0.9982241223067518,0.9971184244211457,1.0,0.9991140691025464,0.9980531567544233,1.0,0.999197041168614,0.9982638725786614,1.0,0.9991709338246721,0.9984152597877909,1.0,0.9976357719386755,0.9979533586203075,1.0,0.9481579675176874,0.7080534192075305,1.0,1.0,1.0,1.0
0.9985605926144387,0.9975739293168147,1.0,0.9982260463345938,0.9971184244211457,1.0,0.9991140691025464,0.9980531567544233,1.0,0.999197041168614,0.9982638725786614,1.0,0.9991709338247006,0.9984152597877909,1.0,0.9976357719386755,0.9979533586203075,1.0,0.9481579675176874,0.7080534192075305,0.9999990108803161,1.0,1.0,0.9999989775051148
0.9985527909484375,0.9975479927058899,1.0,0.9982241223067518,0.9971184244211457,1.0,0.9991140691025464,0.9980531567544233,1.0,0.999197041168614,0.9982638725786614,1.0,0.9991709338246721,0.9984152597877909,1.0,0.9976357719386755,0.9979533586203075,1.0,0.9481579675176874,0.7080534192075305,1.0,1.0,1.0,1.0
0.9985527909484375,0.997545997581966,1.0,0.9982241223067518,0.9971184244211457,1.0,0.9991140691025464,0.9980531567544233,1.0,0.999197041168614,0.9982638725786614,1.0,0.9991709338246721,0.9984152597877909,1.0,0.9976357719386755,0.9979533586203075,1.0,0.9481579675176874,0.7080534192075305,1.0,1.0,1.0,1.0
0.0,0.0,0.0,0.0,0.0,0.0,0.0,0.0,0.0,0.0,0.0,0.0,0.0,0.0,0.0,0.0,0.0,0.0,0.0,0.0,0.0,0.0,0.0,0.0
0.9985527909484375,0.997545997581966,1.0,0.9982241223067518,0.9971184244211457,1.0,0.9991140691025464,0.9980531567544233,1.0,0.999197041168614,0.9982638725786614,1.0,0.9991709338246721,0.9984152597877909,1.0,0.9976357719386755,0.9979533586203075,1.0,0.9481579675176874,0.7080534192075305,1.0,1.0,1.0,1.0
0.9985586421980344,0.9975739293168289,0.9999396110543017,0.998283767169795,0.9970271348366708,0.9999320794148971,0.9991300678546793,0.9980084017373088,0.9999285014691992,0.9992114163906365,0.9982976932427476,0.9999523809524078,0.9991786281743202,0.9984297228666463,0.9999458375125769,0.9976277166471448,0.9979305548166195,0.9999405010438878,0.9481732263940756,0.7080519968194494,0.9999475766568082,1.0,1.0,0.9999396728016805
0.9985527909484375,0.997545997581966,1.0,0.9982241223067518,0.9971184244211457,1.0,0.9991140691025464,0.9980531567544233,1.0,0.999197041168614,0.9982638725786614,1.0,0.9991709338246721,0.9984152597877909,1.0,0.9976357719386755,0.9979533586203075,1.0,0.9481579675176874,0.7080534192075305,1.0,1.0,1.0,1.0
0.0,0.0,0.0,0.0,0.0,0.0,0.0,0.0,0.0,0.0,0.0,0.0,0.0,0.0,0.0,0.0,0.0,0.0,0.0,0.0,0.0,0.0,0.0,0.0
0.9978077318412346,0.9972766558529855,0.9500798362333782,0.9982741470305712,0.997102547971636,1.0,0.9985021168347288,0.9975710231606598,1.0,0.9992812388977939,0.9984273391215481,1.0,0.9983399440619962,0.9984607151784672,1.0,0.9975954954810646,0.9982365058490643,1.0,0.9483658697082546,0.7080733326410353,0.9503382789317527,1.0,1.0,0.9506738241309165
0.9985527909484375,0.997545997581966,1.0,0.9982241223067518,0.9971184244211457,1.0,0.9991140691025464,0.9980531567544233,1.0,0.999197041168614,0.9982638725786614,1.0,0.9991709338246721,0.9984152597877909,1.0,0.9976357719386755,0.9979533586203075,1.0,0.9481579675176874,0.7080534192075305,1.0,1.0,1.0,1.0
0.9967037960957157,1.0,0.6667328556805643,0.998455005647017,0.997602656129942,0.6666029258098334,0.9977461757983122,0.9991598262691639,0.6668667972575193,0.9980490770081047,0.9982244151371873,0.6659886128363794,0.9981610504325857,0.9986900582861011,0.6678946840521078,0.9993596043242121,0.9991315551434212,0.6672578288099729,0.947715460102927,0.7077148908388011,0.6666389713154857,1.0,1.0,0.6666237218813222
0.9985527909484375,0.997545997581966,1.0,0.9982241223067518,0.9971184244211457,1.0,0.9991140691025464,0.9980531567544233,1.0,0.999197041168614,0.9982638725786614,1.0,0.9991709338246721,0.9984152597877909,1.0,0.9976357719386755,0.9979533586203075,1.0,0.9481579675176874,0.7080534192075305,1.0,1.0,1.0,1.0
0.9985488901153587,0.9975499878297711,1.0,0.9982279703624215,0.9971184244211457,1.0,0.9991140691025464,0.9980551910733766,1.0,0.9991990947717682,0.998265751504448,1.0,0.9991690102372672,0.9984131936336667,1.0,0.9976357719386755,0.9979533586203075,1.0,0.9481579675176874,0.7080534192075305,0.9999990108803161,1.0,1.0,0.9999989775051148
0.9985527909484375,0.997545997581966,1.0,0.9982241223067518,0.9971184244211457,1.0,0.9991140691025464,0.9980531567544233,1.0,0.999197041168614,0.9982638725786614,1.0,0.9991709338246721,0.9984152597877909,1.0,0.9976357719386755,0.9979533586203075,1.0,0.9481579675176874,0.7080534192075305,1.0,1.0,1.0,1.0
0.0,0.0,0.0,0.0,0.0,0.0,0.0,0.0,0.0,0.0,0.0,0.0,0.0,0.0,0.0,0.0,0.0,0.0,0.0,0.0,0.0,0.0,0.0,0.0
0.9985586421979775,0.9975599634494188,0.9999959058341901,0.9982318184180912,0.9971164398649677,0.9999958202716925,0.9991200686345536,0.9980551910733766,0.9999970617042138,0.9992032019780623,0.998269509356021,0.9999989648033107,0.9991632394750525,0.9984173259419009,0.9999969909729174,0.9976317442929172,0.9979552589372673,0.9999958246346594,0.9481579675176874,0.7080534192075305,0.9999960435212785,1.0,1.0,0.9999969325153373
0.9985527909484375,0.997545997581966,1.0,0.9982241223067518,0.9971184244211457,1.0,0.9991140691025464,0.9980531567544233,1.0,0.999197041168614,0.9982638725786614,1.0,0.9991709338246721,0.9984152597877909,1.0,0.9976357719386755,0.9979533586203075,1.0,0.9481579675176874,0.7080534192075305,1.0,1.0,1.0,1.0
0.9985527909484375,0.997545997581966,1.0,0.9982241223067518,0.9971184244211457,1.0,0.9991140691025464,0.9980531567544233,1.0,0.999197041168614,0.9982638725786614,1.0,0.9991709338246721,0.9984152597877909,1.0,0.9976357719386755,0.9979533586203075,1.0,0.9481579675176874,0.7080534192075305,1.0,1.0,1.0,1.0
0.9985527909484375,0.997545997581966,1.0,0.9982241223067518,0.9971184244211457,1.0,0.9991140691025464,0.9980531567544233,1.0,0.999197041168614,0.9982638725786614,1.0,0.9991709338246721,0.9984152597877909,1.0,0.9976357719386755,0.9979533586203075,1.0,0.9481579675176874,0.7080534192075305,1.0,1.0,1.0,1.0
0.9985527909484375,0.997545997581966,1.0,0.9982241223067518,0.9971184244211457,1.0,0.9991140691025464,0.9980531567544233,1.0,0.999197041168614,0.9982638725786614,1.0,0.9991709338246721,0.9984152597877909,1.0,0.9976357719386755,0.9979533586203075,1.0,0.9481579675176874,0.7080534192075305,1.0,1.0,1.0,1.0
0.0,0.0,0.0,0.0,0.0,0.0,0.0,0.0,0.0,0.0,0.0,0.0,0.0,0.0,0.0,0.0,0.0,0.0,0.0,0.0,0.0,0.0,0.0,0.0
0.9970763256493456,0.996582352729888,0.513127942681642,0.9973063610285209,0.9982258067717424,0.5129791013583258,0.9983581280660445,0.9989747032436043,0.5138707149852877,0.9979669328822354,0.9985795321097299,0.5129213250516997,0.99767438281701,0.9987789029134149,0.5145797392176235,0.9997663965459225,0.9993082846218471,0.5137797494780685,0.948054970102163,0.7075143341160839,0.513226508407449,1.0,1.0,0.5136789366052668
0.9985527909484375,0.997545997581966,1.0,0.9982241223067518,0.9971184244211457,1.0,0.9991140691025464,0.9980531567544233,1.0,0.999197041168614,0.9982638725786614,1.0,0.9991709338246721,0.9984152597877909,1.0,0.9976357719386755,0.9979533586203075,1.0,0.9481579675176874,0.7080534192075305,1.0,1.0,1.0,1.0
0.9986288571925002,0.9976457537778458,0.9998659160697088,0.9983722724502826,0.9969715672635004,0.9998693834901857,0.9991780641109926,0.998010436056191,0.9998579823703224,0.9991703443277089,0.9982995721685057,0.9998664596274125,0.999194016873659,0.9984379874830722,0.9998716148446292,0.9976377857615546,0.9979267541826715,0.9998622129437251,0.9481675043154496,0.7080548415956542,0.9998595450050374,1.0,1.0,0.9998701431493728
0.9985508405319052,0.9975539780776614,1.0,0.9982241223067518,0.9971184244211457,1.0,0.9991140691025464,0.9980531567544233,1.0,0.999197041168614,0.9982638725786614,1.0,0.9991709338246721,0.9984152597877909,1.0,0.9976357719386755,0.9979533586203075,1.0,0.9481579675176874,0.7080534192075305,1.0,1.0,1.0,1.0
0.996575068605992,0.9980288175700025,0.5018863868986472,0.9982779950860277,0.9986723319129567,0.5018683385579124,0.999766018250682,0.9988668843386961,0.5025279138099279,0.9977985374239466,0.998579532109801,0.5016542443063585,0.9971646321522485,0.9990619660282221,0.5033049147441773,0.9993555766783828,0.9991448573621966,0.5026148225469385,0.947801291282417,0.7077333818841254,0.5020999010880445,1.0,1.0,0.502424335378258
0.9985176834512544,0.9976158269190734,0.9999774820880418,0.998249134668626,0.997114455308747,1.0,0.9991300678546509,0.9980206076510854,1.0,0.9991867731528572,0.9982751461333805,1.0,0.9991651630624574,0.9984276567125079,1.0,0.997627716647159,0.9979571592542555,1.0,0.9481579675177159,0.7080548415956258,0.9999802176063426,1.0,1.0,0.9999795501022533
0.9985527909484375,0.997545997581966,1.0,0.9982241223067518,0.9971184244211457,1.0,0.9991140691025464,0.9980531567544233,1.0,0.999197041168614,0.9982638725786614,1.0,0.9991709338246721,0.9984152597877909,1.0,0.9976357719386755,0.9979533586203075,1.0,0.9481579675176874,0.7080534192075305,1.0,1.0,1.0,1.0
0.9985527909484375,0.997545997581966,1.0,0.9982241223067518,0.9971184244211457,1.0,0.9991140691025464,0.9980531567544233,1.0,0.999197041168614,0.9982638725786614,1.0,0.9991709338246721,0.9984152597877909,1.0,0.9976357719386755,0.9979533586203075,1.0,0.9481579675176874,0.7080534192075305,1.0,1.0,1.0,1.0
0.9985703446971854,0.9975978708037729,0.9999232343910549,0.9982837671697808,0.9970489649547005,1.0,0.9991260681667029,0.9980104360562052,1.0,0.9991990947717397,0.9982939353911604,1.0,0.9992036348107121,0.9984255905584263,1.0,0.9976397995844195,0.9979381560845155,1.0,0.9481770411131691,0.7080534192075589,0.9999228486647453,1.0,1.0,0.9999222903885965
0.9985527909484375,0.997545997581966,1.0,0.9982241223067518,0.9971184244211457,1.0,0.9991140691025464,0.9980531567544233,1.0,0.999197041168614,0.9982638725786614,1.0,0.9991709338246721,0.9984152597877909,1.0,0.9976357719386755,0.9979533586203075,1.0,0.9481579675176874,0.7080534192075305,1.0,1.0,1.0,1.0
0.9985527909484375,0.997545997581966,1.0,0.9982241223067518,0.9971184244211457,1.0,0.9991140691025464,0.9980531567544233,1.0,0.999197041168614,0.9982638725786614,1.0,0.9991709338246721,0.9984152597877909,1.0,0.9976357719386755,0.9979533586203075,1.0,0.9481579675176874,0.7080534192075305,1.0,1.0,1.0,1.0
0.9985527909484375,0.997545997581966,1.0,0.9982241223067518,0.9971184244211457,1.0,0.9991140691025464,0.9980531567544233,1.0,0.999197041168614,0.9982638725786614,1.0,0.9991709338246721,0.9984152597877909,1.0,0.9976357719386755,0.9979533586203075,1.0,0.9481579675176874,0.7080534192075305,1.0,1.0,1.0,1.0
0.9985527909484375,0.997545997581966,1.0,0.9982241223067518,0.9971184244211457,1.0,0.9991140691025464,0.9980531567544233,1.0,0.999197041168614,0.9982638725786614,1.0,0.9991709338246721,0.9984152597877909,1.0,0.9976357719386755,0.9979533586203075,1.0,0.9481579675176874,0.7080534192075305,1.0,1.0,1.0,1.0
0.9985527909484375,0.997545997581966,1.0,0.9982241223067518,0.9971184244211457,1.0,0.9991140691025464,0.9980531567544233,1.0,0.999197041168614,0.9982638725786614,1.0,0.9991709338246721,0.9984152597877909,1.0,0.9976357719386755,0.9979533586203075,1.0,0.9481579675176874,0.7080534192075305,1.0,1.0,1.0,1.0
0.9985527909484375,0.997545997581966,1.0,0.9982241223067518,0.9971184244211457,1.0,0.9991140691025464,0.9980531567544233,1.0,0.999197041168614,0.9982638725786614,1.0,0.9991709338246721,0.9984152597877909,1.0,0.9976357719386755,0.9979533586203075,1.0,0.9481579675176874,0.7080534192075305,1.0,1.0,1.0,1.0
0.9985235347007659,0.9976337830343738,0.9999805527123939,0.9982472106408267,0.9971005634154579,1.0,0.9991220684785844,0.9980429851596426,1.0,0.9991990947717682,0.9982732672075656,1.0,0.9991670866498623,0.9984276567125505,1.0,0.9976357719386755,0.9979609598881893,1.0,0.9481598748772626,0.7080576863718449,0.9999831849653873,1.0,1.0,0.9999805725971456
0.0,0.0,0.0,0.0,0.0,0.0,0.0,0.0,0.0,0.0,0.0,0.0,0.0,0.0,0.0,0.0,0.0,0.0,0.0,0.0,0.0,0.0,0.0,0.0
0.9985527909484375,0.997545997581966,1.0,0.9982241223067518,0.9971184244211457,1.0,0.9991140691025464,0.9980531567544233,1.0,0.999197041168614,0.9982638725786614,1.0,0.9991709338246721,0.9984152597877909,1.0,0.9976357719386755,0.9979533586203075,1.0,0.9481579675176874,0.7080534192075305,1.0,1.0,1.0,1.0
0.9985527909484375,0.997545997581966,1.0,0.9982241223067518,0.9971184244211457,1.0,0.9991140691025464,0.9980531567544233,1.0,0.999197041168614,0.9982638725786614,1.0,0.9991709338246721,0.9984152597877909,1.0,0.9976357719386755,0.9979533586203075,1.0,0.9481579675176874,0.7080534192075305,1.0,1.0,1.0,1.0
0.9985547413648845,0.997536021962361,1.0,0.9982279703624215,0.9971184244211457,1.0,0.999116068946563,0.9980551910733766,1.0,0.999197041168614,0.9982676304302345,1.0,0.9991670866498481,0.9984131936336667,1.0,0.9976357719386755,0.9979533586203075,1.0,0.9481579675176874,0.7080534192075305,0.9999990108803161,1.0,1.0,0.9999989775051148
0.9983694517964068,0.9976457537777321,0.99931422722657,0.9983337918936286,0.9968663857858502,0.9993218390808067,0.9992940550636433,0.9979290632977609,0.9992771792364579,0.9992114163906649,0.9982507200982838,0.9993033126297561,0.9992074819854366,0.9986136105835044,0.9992838515550488,0.9976035507726095,0.9978811465752813,0.9993215031318883,0.9481617822367667,0.7080263938335349,0.9992937685463943,1.0,1.0,0.9992873210637754
0.9985371876163072,0.9975360219623894,1.0,0.9982279703624215,0.9971184244211457,0.9999989550679231,0.999116068946563,0.9980551910733766,0.9999990205680689,0.9991990947717682,0.9982676304302345,1.0,0.9991670866498481,0.9984131936336667,1.0,0.9976357719386755,0.9979533586203075,1.0,0.9481579675176874,0.7080534192075305,0.9999990108803161,1.0,1.0,0.9999989775051148
0.9985527909484375,0.997545997581966,1.0,0.9982241223067518,0.9971184244211457,1.0,0.9991140691025464,0.9980531567544233,1.0,0.999197041168614,0.9982638725786614,1.0,0.9991709338246721,0.9984152597877909,1.0,0.9976357719386755,0.9979533586203075,1.0,0.9481579675176874,0.7080534192075305,1.0,1.0,1.0,1.0
0.9990852546560802,0.9971569484180378,0.9959129989765643,0.9981644774438365,0.9967413587461778,0.9959404388715498,0.9993500506960373,0.9981996277196714,0.9958325171401938,0.9991374866773413,0.9980196122270542,0.9959627329193381,0.999088219565806,0.9985640228846506,0.9959739217654047,0.997599523126695,0.9980787795404638,0.9959373695198792,0.9481255424053359,0.7080420401027396,0.9959396636994242,1.0,1.0,0.9959447852761514
0.9985527909484375,0.997545997581966,1.0,0.9982241223067518,0.9971184244211457,1.0,0.9991140691025464,0.9980531567544233,1.0,0.999197041168614,0.9982638725786614,1.0,0.9991709338246721,0.9984152597877909,1.0,0.9976357719386755,0.9979533586203075,1.0,0.9481579675176874,0.7080534192075305,1.0,1.0,1.0,1.0
0.9985527909484375,0.997545997581966,1.0,0.9982241223067518,0.9971184244211457,1.0,0.9991140691025464,0.9980531567544233,1.0,0.999197041168614,0.9982638725786614,1.0,0.9991709338246721,0.9984152597877909,1.0,0.9976357719386755,0.9979533586203075,1.0,0.9481579675176874,0.7080534192075305,1.0,1.0,1.0,1.0
0.0,0.0,0.0,0.0,0.0,0.0,0.0,0.0,0.0,0.0,0.0,0.0,0.0,0.0,0.0,0.0,0.0,0.0,0.0,0.0,0.0,0.0,0.0,0.0
0.9985527909484375,0.997545997581966,1.0,0.9982241223067518,0.9971184244211457,1.0,0.9991140691025464,0.9980531567544233,1.0,0.999197041168614,0.9982638725786614,1.0,0.9991709338246721,0.9984152597877909,1.0,0.9976357719386755,0.9979533586203075,1.0,0.9481579675176874,0.7080534192075305,1.0,1.0,1.0,1.0
0.9970821768989566,0.998054754180643,0.6035015353122475,0.9976353697887674,0.9977177603886673,1.0,0.9976341845335241,0.9984701921413688,1.0,0.9987123908254176,0.9977997779107426,1.0,0.9980129342016966,0.9981487259059065,1.0,0.9984171352162292,0.9999315885889501,1.0,0.9479958419561996,0.7077063565101724,0.6029742828883542,1.0,1.0,0.6030572597137507
0.0,0.0,0.0,0.0,0.0,0.0,0.0,0.0,0.0,0.0,0.0,0.0,0.0,0.0,0.0,0.0,0.0,0.0,0.0,0.0,0.0,0.0,0.0,0.0
0.9985527909484375,0.997545997581966,1.0,0.9982241223067518,0.9971184244211457,1.0,0.9991140691025464,0.9980531567544233,1.0,0.999197041168614,0.9982638725786614,1.0,0.9991709338246721,0.9984152597877909,1.0,0.9976357719386755,0.9979533586203075,1.0,0.9481579675176874,0.7080534192075305,1.0,1.0,1.0,1.0
0.9971543423096847,0.9961274644767997,0.9068853633571408,0.9993920072036104,0.9977971426358607,1.0,0.9986061087234361,0.9979310976166573,1.0,0.9989239119497881,0.9984649176371079,1.0,0.9988593126635976,0.9986239413539977,1.0,0.9980647162121699,0.9985253540291126,1.0,0.9485241805506064,0.7078941117399609,0.9070623145399992,1.0,1.0,0.9073967280162378
0.9985937496953596,0.9975679439450005,0.9999129989765265,0.9983145516151808,0.9970350730613688,0.9999195402299463,0.9991200686347099,0.9980022987803494,0.9999069539667573,0.999186773152843,0.998297693242705,0.9999254658385652,0.9991882461114301,0.9984255905583979,0.9999227683049696,0.9976377857615404,0.9979362557675415,0.9999185803758408,0.9481713190345147,0.708056263983778,0.9999198813056935,1.0,1.0,0.9999171779141705
0.9985527909484375,0.997545997581966,1.0,0.9982241223067518,0.9971184244211457,1.0,0.9991140691025464,0.9980531567544233,1.0,0.999197041168614,0.9982638725786614,1.0,0.9991709338246721,0.9984152597877909,1.0,0.9976357719386755,0.9979533586203075,1.0,0.9481579675176874,0.7080534192075305,1.0,1.0,1.0,1.0
0.9986210555263568,0.9975539780776899,0.9997993858752707,0.9983145516151382,0.9969556908140333,0.9998108672937676,0.9990900709744608,0.9979270289788076,0.9997884427033767,0.9991806123434799,0.9982375676177355,0.999803312629524,0.9992651896079963,0.9983883997841758,0.9997983951856853,0.9976015369497162,0.9979229535487519,0.9997974947809283,0.9481865779108745,0.7080477296551067,0.9997883283878792,1.0,1.0,0.9997975460124167
0.0,0.0,0.0,0.0,0.0,0.0,0.0,0.0,0.0,0.0,0.0,0.0,0.0,0.0,0.0,0.0,0.0,0.0,0.0,0.0,0.0,0.0,0.0,0.0
0.9985527909484375,0.997545997581966,1.0,0.9982241223067518,0.9971184244211457,1.0,0.9991140691025464,0.9980531567544233,1.0,0.999197041168614,0.9982638725786614,1.0,0.9991709338246721,0.9984152597877909,1.0,0.9976357719386755,0.9979533586203075,1.0,0.9481579675176874,0.7080534192075305,1.0,1.0,1.0,1.0
0.9966686885984899,0.9973764120490642,0.6257400204708006,0.9982356664737893,0.9974935055398646,1.0,0.9972882115195034,0.9979046514702361,1.0,0.9978478238995052,0.9984818279691297,1.0,0.9980148577890873,0.9985640228845227,1.0,0.9988299689066764,0.9997377562576304,1.0,0.9480721363380695,0.7078514400967322,0.6252057368941948,1.0,1.0,0.6251472392637751
0.9972440614694165,0.9962292157966175,0.8944882292732217,0.9983895887006469,0.9982119148783397,0.8944827586206259,0.9986581046677685,0.997727665720646,0.8942428991184173,0.9990183776946822,0.9976870423640491,0.8942950310558331,0.9992748075450208,0.9987727044509427,0.8952116349046548,0.9978270851123625,0.998736289213042,0.8950636743214488,0.9485585130225616,0.7079993684596104,0.8943778437189778,1.0,1.0,0.8945695296523084
0.9985527909484375,0.997545997581966,1.0,0.9982241223067518,0.9971184244211457,1.0,0.9991140691025464,0.9980531567544233,1.0,0.999197041168614,0.9982638725786614,1.0,0.9991709338246721,0.9984152597877909,1.0,0.9976357719386755,0.9979533586203075,1.0,0.9481579675176874,0.7080534192075305,1.0,1.0,1.0,1.0
0.9985527909484375,0.997545997581966,1.0,0.9982241223067518,0.9971184244211457,1.0,0.9991140691025464,0.9980531567544233,1.0,0.999197041168614,0.9982638725786614,1.0,0.9991709338246721,0.9984152597877909,1.0,0.9976357719386755,0.9979533586203075,1.0,0.9481579675176874,0.7080534192075305,1.0,1.0,1.0,1.0
0.9985527909484375,0.997545997581966,1.0,0.9982241223067518,0.9971184244211457,1.0,0.9991140691025464,0.9980531567544233,1.0,0.999197041168614,0.9982638725786614,1.0,0.9991709338246721,0.9984152597877909,1.0,0.9976357719386755,0.9979533586203075,1.0,0.9481579675176874,0.7080534192075305,1.0,1.0,1.0,1.0
0.9985527909484375,0.9975479927058899,1.0,0.9982241223067518,0.9971184244211457,1.0,0.9991140691025464,0.9980531567544233,1.0,0.999197041168614,0.9982638725786614,1.0,0.9991709338246721,0.9984152597877909,1.0,0.9976357719386755,0.9979533586203075,1.0,0.9481579675176874,0.7080534192075305,1.0,1.0,1.0,1.0
0.9985527909484375,0.997545997581966,1.0,0.9982241223067518,0.9971184244211457,1.0,0.9991140691025464,0.9980531567544233,1.0,0.999197041168614,0.9982638725786614,1.0,0.9991709338246721,0.9984152597877909,1.0,0.9976357719386755,0.9979533586203075,1.0,0.9481579675176874,0.7080534192075305,1.0,1.0,1.0,1.0
0.9974547064526575,0.9974183096512519,0.9199959058341562,0.9992149966427917,0.9973843549498156,1.0,0.9981861414810282,0.9980307792455818,1.0,0.998932126362277,0.9983146035747552,1.0,0.9988420003770955,0.9983512090098827,1.0,0.9984694946111716,0.9977291212173185,1.0,0.9606301915944044,0.7173828627835661,0.9993471810092842,1.0,1.0,0.9203885480572609
0.9985527909484375,0.997545997581966,1.0,0.9982241223067518,0.9971184244211457,1.0,0.9991140691025464,0.9980531567544233,1.0,0.999197041168614,0.9982638725786614,1.0,0.9991709338246721,0.9984152597877909,1.0,0.9976357719386755,0.9979533586203075,1.0,0.9481579675176874,0.7080534192075305,1.0,1.0,1.0,1.0
0.9985527909484375,0.997545997581966,1.0,0.9982241223067518,0.9971184244211457,1.0,0.9991140691025464,0.9980531567544233,1.0,0.999197041168614,0.9982638725786614,1.0,0.9991709338246721,0.9984152597877909,1.0,0.9976357719386755,0.9979533586203075,1.0,0.9481579675176874,0.7080534192075305,1.0,1.0,1.0,1.0
0.9965146056940455,0.9982363104571874,0.5632517911975583,0.9987820903792368,0.9977276831696145,0.5630459770114484,0.9995620341613716,0.9991150712520493,0.5636092066601677,0.9981517571655871,0.996711879883847,0.5628385093167978,0.9981456617331332,0.9985536921139015,0.564276830491508,0.9990655861835904,0.9993177862066318,0.5637536534447349,0.9480168229111854,0.7075868759093709,0.5633956478733992,1.0,1.0,0.5636666666666983
0.9985527909484375,0.997545997581966,1.0,0.9982241223067518,0.9971184244211457,1.0,0.9991140691025464,0.9980531567544233,1.0,0.999197041168614,0.9982638725786614,1.0,0.9991709338246721,0.9984152597877909,1.0,0.9976357719386755,0.9979533586203075,1.0,0.9481579675176874,0.7080534192075305,1.0,1.0,1.0,1.0
0.9985527909484375,0.997545997581966,1.0,0.9982241223067518,0.9971184244211457,1.0,0.9991140691025464,0.9980531567544233,1.0,0.999197041168614,0.9982638725786614,1.0,0.9991709338246721,0.9984152597877909,1.0,0.9976357719386755,0.9979533586203075,1.0,0.9481579675176874,0.7080534192075305,1.0,1.0,1.0,1.0
0.9985527909484375,0.997545997581966,1.0,0.9982241223067518,0.9971184244211457,1.0,0.9991140691025464,0.9980531567544233,1.0,0.999197041168614,0.9982638725786614,1.0,0.9991709338246721,0.9984152597877909,1.0,0.9976357719386755,0.9979533586203075,1.0,0.9481579675176874,0.7080534192075305,1.0,1.0,1.0,1.0
0.9972479623024952,0.9968796261935182,0.9539682702150145,0.998356880227476,0.9969040923532617,0.9543155694879673,0.9992420591194247,0.9971661936873915,0.9538266405484492,0.9994968672284728,0.9984480073051998,0.9542753623188389,0.998526532041069,0.9984669136408542,0.954741223670986,0.9976740345733646,0.9979913649597449,0.9544321503132238,0.9483258151578013,0.708154408762951,0.9542324431256475,1.0,1.0,0.9545756646216219
0.998543038865833,0.9975400122102371,0.9999979529170915,0.9982260463345938,0.9971204089773238,1.0,0.999116068946563,0.9980633283492324,1.0,0.999197041168614,0.998265751504448,1.0,0.9991670866498481,0.9984131936336667,1.0,0.9976357719386755,0.9979533586203075,1.0,0.9481579675176874,0.70805484159564,0.9999980217606392,1.0,1.0,0.9999979550102296
0.9985527909484375,0.997545997581966,1.0,0.9982241223067518,0.9971184244211457,1.0,0.9991140691025464,0.9980531567544233,1.0,0.999197041168614,0.9982638725786614,1.0,0.9991709338246721,0.9984152597877909,1.0,0.9976357719386755,0.9979533586203075,1.0,0.9481579675176874,0.7080534192075305,1.0,1.0,1.0,1.0
0.9972616152179654,0.9968257578478159,0.9271647901739684,0.9982799191139407,0.9976324244726982,0.927191222570471,0.9992220606793296,0.9978924455564453,0.926806072477973,0.9996488338614427,0.9985795321098152,0.9271211180124013,0.9983322497123481,0.9986280736622604,0.9276208625877302,0.9977284077912145,0.9985880644890415,0.9274843423799766,0.9483029268432404,0.7079780326380387,0.9270336300692392,1.0,1.0,0.927530674846615
0.9985527909484375,0.997545997581966,1.0,0.9982241223067518,0.9971184244211457,1.0,0.9991140691025464,0.9980531567544233,1.0,0.999197041168614,0.9982638725786614,1.0,0.9991709338246721,0.9984152597877909,1.0,0.9976357719386755,0.9979533586203075,1.0,0.9481579675176874,0.7080534192075305,1.0,1.0,1.0,1.0
0.9985527909484375,0.997545997581966,1.0,0.9982241223067518,0.9971184244211457,1.0,0.9991140691025464,0.9980531567544233,1.0,0.999197041168614,0.9982638725786614,1.0,0.9991709338246721,0.9984152597877909,1.0,0.9976357719386755,0.9979533586203075,1.0,0.9481579675176874,0.7080534192075305,1.0,1.0,1.0,1.0
0.9985527909484375,0.997545997581966,1.0,0.9982241223067518,0.9971184244211457,1.0,0.9991140691025464,0.9980531567544233,1.0,0.999197041168614,0.9982638725786614,1.0,0.9991709338246721,0.9984152597877909,1.0,0.9976357719386755,0.9979533586203075,1.0,0.9481579675176874,0.7080534192075305,1.0,1.0,1.0,1.0
0.9985527909484375,0.997545997581966,1.0,0.9982241223067518,0.9971184244211457,1.0,0.9991140691025464,0.9980531567544233,1.0,0.999197041168614,0.9982638725786614,1.0,0.9991709338246721,0.9984152597877909,1.0,0.9976357719386755,0.9979533586203075,1.0,0.9481579675176874,0.7080534192075305,1.0,1.0,1.0,1.0
0.9985527909484375,0.997545997581966,1.0,0.9982241223067518,0.9971184244211457,1.0,0.9991140691025464,0.9980531567544233,1.0,0.999197041168614,0.9982638725786614,1.0,0.9991709338246721,0.9984152597877909,1.0,0.9976357719386755,0.9979533586203075,1.0,0.9481579675176874,0.7080534192075305,1.0,1.0,1.0,1.0
0.99967233002603,0.9970073141243176,0.9916530194473694,0.9981067566087916,0.9967909726507145,1.0,0.9989680804897318,0.99792296034083,1.0,0.9991600763119806,0.9978542667584094,1.0,0.9989670335588414,0.9983677382430045,1.0,0.997776739540285,0.9980426735179009,1.0,0.9481636895962708,0.7080534192075163,0.991634025717147,1.0,1.0,0.9916799591003453
0.9985566917814452,0.9975539780776614,1.0,0.9982241223067518,0.9971184244211457,1.0,0.9991140691025464,0.9980531567544233,1.0,0.999197041168614,0.9982638725786614,1.0,0.9991709338246721,0.9984152597877909,1.0,0.9976357719386755,0.9979533586203075,1.0,0.9481579675176874,0.7080534192075305,1.0,1.0,1.0,1.0
0.9985527909484375,0.997545997581966,1.0,0.9982241223067518,0.9971184244211457,1.0,0.9991140691025464,0.9980531567544233,1.0,0.999197041168614,0.9982638725786614,1.0,0.9991709338246721,0.9984152597877909,1.0,0.9976357719386755,0.9979533586203075,1.0,0.9481579675176874,0.7080534192075305,1.0,1.0,1.0,1.0
0.9985508405319905,0.9975559732014716,0.9999928352098308,0.9982452866129563,0.9971164398649393,1.0,0.9991220684785844,0.9980612940302507,1.0,0.9991929339623056,0.9982713882817933,1.0,0.9991632394750525,0.9984193920960536,1.0,0.9976317442929172,0.9979609598881893,1.0,0.9481560601581549,0.70805484159564,0.9999920870425427,1.0,1.0,0.9999948875255669
0.9985761959465833,0.997563953697238,1.0,0.9982241223067518,0.9971184244211457,1.0,0.9991140691025464,0.9980531567544233,1.0,0.999197041168614,0.9982638725786614,1.0,0.9991709338246721,0.9984152597877909,1.0,0.9976357719386755,0.9979533586203075,1.0,0.9481579675176874,0.7080534192075305,1.0,1.0,1.0,1.0
0.9985527909484375,0.997545997581966,1.0,0.9982241223067518,0.9971184244211457,1.0,0.9991140691025464,0.9980531567544233,1.0,0.999197041168614,0.9982638725786614,1.0,0.9991709338246721,0.9984152597877909,1.0,0.9976357719386755,0.9979533586203075,1.0,0.9481579675176874,0.7080534192075305,1.0,1.0,1.0,1.0
0.9985527909484375,0.9975519829537376,1.0,0.9982241223067518,0.9971184244211457,1.0,0.9991140691025464,0.9980531567544233,1.0,0.999197041168614,0.9982638725786614,1.0,0.9991709338246721,0.9984152597877909,1.0,0.9976357719386755,0.9979533586203075,1.0,0.9481579675176874,0.7080534192075305,1.0,1.0,1.0,1.0
0.9985527909484375,0.997545997581966,1.0,0.9982241223067518,0.9971184244211457,1.0,0.9991140691025464,0.9980531567544233,1.0,0.999197041168614,0.9982638725786614,1.0,0.9991709338246721,0.9984152597877909,1.0,0.9976357719386755,0.9979533586203075,1.0,0.9481579675176874,0.7080534192075305,1.0,1.0,1.0,1.0
0.9963566219565934,0.9963988013296188,0.788158648925247,0.9992303888653282,0.9973764167249755,0.7877021943573794,0.9964322782824269,0.9979758526338287,0.7879451518119112,0.9986713187624332,0.9969317142002865,0.7877939958592037,0.9993729105031406,0.9993305660641596,0.7890130391173855,0.9978653477471227,0.9983562258183412,0.7883684759915965,0.9479195475742586,0.708016437116811,0.7877052423342903,1.0,1.0,0.7879989775051754
0.9985527909484375,0.997545997581966,1.0,0.9982241223067518,0.9971184244211457,1.0,0.9991140691025464,0.9980531567544233,1.0,0.999197041168614,0.9982638725786614,1.0,0.9991709338246721,0.9984152597877909,1.0,0.9976357719386755,0.9979533586203075,1.0,0.9481579675176874,0.7080534192075305,1.0,1.0,1.0,1.0
0.9985313363668382,0.9976198171668926,0.999969293756422,0.9982529827243098,0.9971104861963624,1.0,0.9991380672307031,0.9980348478837868,1.0,0.9992011483749224,0.998277025059167,1.0,0.9991613158876476,0.9984235244042736,1.0,0.9976317442929172,0.9979552589372531,1.0,0.9481560601581549,0.70805484159564,0.999976261127614,1.0,1.0,0.9999723926380568
0.9985547413649414,0.9975539780776614,1.0,0.9982241223067518,0.9971184244211457,1.0,0.9991140691025464,0.9980531567544233,1.0,0.999197041168614,0.9982638725786614,1.0,0.9991709338246721,0.9984152597877909,1.0,0.9976357719386755,0.9979533586203075,1.0,0.9481579675176874,0.7080534192075305,1.0,1.0,1.0,1.0
0.9985527909484375,0.997545997581966,1.0,0.9982241223067518,0.9971184244211457,1.0,0.9991140691025464,0.9980531567544233,1.0,0.999197041168614,0.9982638725786614,1.0,0.9991709338246721,0.9984152597877909,1.0,0.9976357719386755,0.9979533586203075,1.0,0.9481579675176874,0.7080534192075305,1.0,1.0,1.0,1.0
0.998170509312331,0.9972227875073543,0.9773336745138721,0.9978931895188197,0.99650718111657,0.9775151515151492,0.9990800717544488,0.9978843082806463,0.9773672869735535,0.9988807862836069,0.9981098006646221,0.9777732919254376,0.998528455628616,0.9986631982823582,0.9779327983951731,0.9978009054148487,0.9981167858798727,0.9776189979123444,0.9483696844273624,0.7081259610008743,0.9776894164193806,1.0,1.0,0.977808793455992
0.9985566917814737,0.9975619585733284,0.9999959058341901,0.9982337424459189,0.9971164398649677,0.9999958202716925,0.9991200686345536,0.9980531567544233,0.9999970617042138,0.9992032019780623,0.998269509356021,0.9999989648033107,0.9991632394750525,0.9984173259419009,0.9999969909729174,0.9976317442929172,0.9979552589372673,0.9999958246346594,0.9481579675176874,0.7080534192075305,0.9999960435212785,1.0,1.0,0.9999969325153373
0.9985527909484375,0.997545997581966,1.0,0.9982241223067518,0.9971184244211457,1.0,0.9991140691025464,0.9980531567544233,1.0,0.999197041168614,0.9982638725786614,1.0,0.9991709338246721,0.9984152597877909,1.0,0.9976357719386755,0.9979533586203075,1.0,0.9481579675176874,0.7080534192075305,1.0,1.0,1.0,1.0
0.9984416172074617,0.9976816660082051,0.9998863868987584,0.9983222477264775,0.9970668259603599,1.0,0.9991740644229878,0.9980063674182702,1.0,0.9992134699938333,0.998267630430206,1.0,0.9991440036008754,0.9984152597877767,1.0,0.9976297304700381,0.9979324551335793,1.0,0.9481999294277443,0.7080790221934308,0.9999960435212785,1.0,1.0,0.9998742331289208
0.9985742455301505,0.9975619585732858,0.9999518935517244,0.9982587548079209,0.9970509495108502,0.9999529780564629,0.9991240683227005,0.9980185733320894,0.9999451518119855,0.9991929339623056,0.9982864196880428,0.999966873706029,0.9991555451253618,0.9984276567125079,0.9999608826479616,0.9976317442929457,0.9979590595711869,0.9999561586639203,0.9481694116749821,0.7080534192075163,0.9999554896142726,1.0,1.0,0.9999498977505397
0.9985703446970291,0.997545997581966,1.0,0.9982241223067518,0.9971184244211457,1.0,0.9991140691025464,0.9980531567544233,1.0,0.999197041168614,0.9982638725786614,1.0,0.9991709338246721,0.9984152597877909,1.0,0.9976357719386755,0.9979533586203075,1.0,0.9481579675176874,0.7080534192075305,1.0,1.0,1.0,1.0
0.0,0.0,0.0,0.0,0.0,0.0,0.0,0.0,0.0,0.0,0.0,0.0,0.0,0.0,0.0,0.0,0.0,0.0,0.0,0.0,0.0,0.0,0.0,0.0
0.9985527909484375,0.997545997581966,1.0,0.9982241223067518,0.9971184244211457,1.0,0.9991140691025464,0.9980531567544233,1.0,0.999197041168614,0.9982638725786614,1.0,0.9991709338246721,0.9984152597877909,1.0,0.9976357719386755,0.9979533586203075,1.0,0.9481579675176874,0.7080534192075305,1.0,1.0,1.0,1.0
0.9985527909484375,0.997545997581966,1.0,0.9982241223067518,0.9971184244211457,1.0,0.9991140691025464,0.9980531567544233,1.0,0.999197041168614,0.9982638725786614,1.0,0.9991709338246721,0.9984152597877909,1.0,0.9976357719386755,0.9979533586203075,1.0,0.9481579675176874,0.7080534192075305,1.0,1.0,1.0,1.0
0.9985722951135756,0.9975440024580848,0.9999641760491613,0.9982799191140828,0.9971104861964051,0.9999634273772529,0.9991260681666887,0.9980185733321036,0.9999578844270616,0.9992011483749081,0.9982882986138009,0.9999751552795217,0.9991593923002284,0.9984214582501494,0.9999689067201771,0.9976257028242941,0.9979476576693713,0.9999655532359313,0.9481560601581549,0.7080534192075305,0.9999663699307888,1.0,1.0,0.9999672801636237
0.9985527909484375,0.997545997581966,1.0,0.9982241223067518,0.9971184244211457,1.0,0.9991140691025464,0.9980531567544233,1.0,0.999197041168614,0.9982638725786614,1.0,0.9991709338246721,0.9984152597877909,1.0,0.9976357719386755,0.9979533586203075,1.0,0.9481579675176874,0.7080534192075305,1.0,1.0,1.0,1.0
0.9966472340169332,0.9982742178118258,0.6423254861822372,0.9995921060986461,0.9979519380183604,0.6422904911181035,0.9972002183829289,0.9979555094443953,0.6423271302644196,0.9969216488791659,0.9973563514265464,0.6413975155279559,0.9983168610130377,0.998190048988377,0.6433249749247878,0.9992307196598489,0.9998156692536071,0.6427129436325956,0.9476963865073884,0.7079140251733094,0.6422927794263416,1.0,1.0,0.6423783231084101
0.9985527909484375,0.997545997581966,1.0,0.9982241223067518,0.9971184244211457,1.0,0.9991140691025464,0.9980531567544233,1.0,0.999197041168614,0.9982638725786614,1.0,0.9991709338246721,0.9984152597877909,1.0,0.9976357719386755,0.9979533586203075,1.0,0.9481579675176874,0.7080534192075305,1.0,1.0,1.0,1.0
0.9962298448834304,0.9967319870236508,0.9050481064482696,0.998316475642838,0.998015443816243,0.9052330198536396,0.9989500818937245,0.9966006530163298,0.9048716944171602,0.9986384611121366,0.9981511370317975,0.9050082815734299,0.9988496947265304,0.9986280736622888,0.9059137412236922,0.9980405503376346,0.9986051673419496,0.9056388308976651,0.9484803112811733,0.707943895323524,0.9051097922848328,1.0,1.0,0.9054314928425313
0.9985527909484375,0.997545997581966,1.0,0.9982241223067518,0.9971184244211457,1.0,0.9991140691025464,0.9980531567544233,1.0,0.999197041168614,0.9982638725786614,1.0,0.9991709338246721,0.9984152597877909,1.0,0.9976357719386755,0.9979533586203075,1.0,0.9481579675176874,0.7080534192075305,1.0,1.0,1.0,1.0
0.9985527909484375,0.997545997581966,1.0,0.9982241223067518,0.9971184244211457,1.0,0.9991140691025464,0.9980531567544233,1.0,0.999197041168614,0.9982638725786614,1.0,0.9991709338246721,0.9984152597877909,1.0,0.9976357719386755,0.9979533586203075,1.0,0.9481579675176874,0.7080534192075305,1.0,1.0,1.0,1.0
0.9985527909484375,0.997545997581966,1.0,0.9982241223067518,0.9971184244211457,1.0,0.9991140691025464,0.9980531567544233,1.0,0.999197041168614,0.9982638725786614,1.0,0.9991709338246721,0.9984152597877909,1.0,0.9976357719386755,0.9979533586203075,1.0,0.9481579675176874,0.7080534192075305,1.0,1.0,1.0,1.0
0.9985527909484375,0.997545997581966,1.0,0.9982241223067518,0.9971184244211457,1.0,0.9991140691025464,0.9980531567544233,1.0,0.999197041168614,0.9982638725786614,1.0,0.9991709338246721,0.9984152597877909,1.0,0.9976357719386755,0.9979533586203075,1.0,0.9481579675176874,0.7080534192075305,1.0,1.0,1.0,1.0
0.9965653165231885,0.997039236106886,0.5199631525076143,0.9979182018807364,0.997513351101631,1.0,0.9983161313417099,0.997994161504522,1.0,0.9981764004033948,0.9993141920898836,1.0,0.9978917481944904,0.9982685628449701,1.0,0.9999476406051429,0.9992911817690668,1.0,0.9480397112257464,0.7075854535212329,0.5194965380811283,1.0,1.0,0.5198660531696788
0.9985527909484375,0.9975539780776614,1.0,0.9982241223067518,0.9971184244211457,1.0,0.9991140691025464,0.9980531567544233,1.0,0.999197041168614,0.9982638725786614,1.0,0.9991709338246721,0.9984152597877909,1.0,0.9976357719386755,0.9979533586203075,1.0,0.9481579675176874,0.7080534192075305,1.0,1.0,1.0,1.0
0.9985527909484375,0.997545997581966,1.0,0.9982241223067518,0.9971184244211457,1.0,0.9991140691025464,0.9980531567544233,1.0,0.999197041168614,0.9982638725786614,1.0,0.9991709338246721,0.9984152597877909,1.0,0.9976357719386755,0.9979533586203075,1.0,0.9481579675176874,0.7080534192075305,1.0,1.0,1.0,1.0
0.9985508405319479,0.9975499878298137,1.0,0.9982241223067518,0.9971184244211457,0.9999989550679231,0.9991140691025464,0.9980531567544233,0.9999990205680689,0.9991990947717682,0.9982638725786614,1.0,0.9991728574121055,0.9984152597877909,1.0,0.9976377857615546,0.9979533586203075,1.0,0.9481579675176874,0.7080534192075305,0.9999990108803161,1.0,1.0,0.9999989775051148
0.9985527909484375,0.997545997581966,1.0,0.9982241223067518,0.9971184244211457,1.0,0.9991140691025464,0.9980531567544233,1.0,0.999197041168614,0.9982638725786614,1.0,0.9991709338246721,0.9984152597877909,1.0,0.9976357719386755,0.9979533586203075,1.0,0.9481579675176874,0.7080534192075305,1.0,1.0,1.0,1.0
0.9972245573042926,0.9977674563366321,0.7471064483111789,0.998439613424452,0.9973446638261407,0.7466541274816407,0.9969062413132406,0.9974937190400794,0.7469813907933727,0.9990163240914569,0.996668664590814,0.7467422360248577,0.9989285618104589,0.9986652644366814,0.7479137412236909,0.9982902643747451,0.9991809633846458,0.7473987473904131,0.9477097380242867,0.7080064804001722,0.7467774480712279,1.0,1.0,0.7468456032720425
0.9985508405319337,0.9975459975820087,0.9999959058341901,0.9982298943902634,0.9971223935334876,0.9999958202716925,0.999116068946563,0.9980653626681715,0.9999970617042138,0.9992011483749081,0.9982676304302345,0.9999989648033107,0.9991632394750383,0.9984152597877909,0.9999979939819426,0.9976357719386755,0.9979571592542555,0.9999958246346594,0.9481579675176874,0.7080534192075305,0.9999970326409553,1.0,1.0,0.9999979550102296
0.9967233002606974,0.9983081349184175,0.6583848515864119,0.9974410429771581,0.9978070654168221,1.0,0.9973882037200497,0.998026710607931,1.0,0.9980922026743855,0.9989421647853618,1.0,0.9987073492580976,0.9986755952071604,1.0,0.9994602954682534,0.9995895315340135,1.0,0.9478489752710857,0.7078542848730365,0.6579594460929314,1.0,1.0,0.6579723926380296
0.9985683942805963,0.9975579683254949,0.9999344933470269,0.998285691197637,0.9970410267299883,0.9999299895507292,0.9991160689466057,0.9980246762889777,0.999925563173413,0.9992073091843565,0.9983070878716234,0.999948240165665,0.9991997876358738,0.9984255905583979,0.9999428284854943,0.9976297304700239,0.9979286544996597,0.9999363256785472,0.9481770411131691,0.7080505744313399,0.9999386745796599,1.0,1.0,0.9999355828221326
0.9985527909484375,0.997545997581966,1.0,0.9982241223067518,0.9971184244211457,1.0,0.9991140691025464,0.9980531567544233,1.0,0.999197041168614,0.9982638725786614,1.0,0.9991709338246721,0.9984152597877909,1.0,0.9976357719386755,0.9979533586203075,1.0,0.9481579675176874,0.7080534192075305,1.0,1.0,1.0,1.0
0.9985527909484375,0.997545997581966,1.0,0.9982241223067518,0.9971184244211457,1.0,0.9991140691025464,0.9980531567544233,1.0,0.999197041168614,0.9982638725786614,1.0,0.9991709338246721,0.9984152597877909,1.0,0.9976357719386755,0.9979533586203075,1.0,0.9481579675176874,0.7080534192075305,1.0,1.0,1.0,1.0
0.9985527909484375,0.997545997581966,1.0,0.9982241223067518,0.9971184244211457,1.0,0.9991140691025464,0.9980531567544233,1.0,0.999197041168614,0.9982638725786614,1.0,0.9991709338246721,0.9984152597877909,1.0,0.9976357719386755,0.9979533586203075,1.0,0.9481579675176874,0.7080534192075305,1.0,1.0,1.0,1.0
0.0,0.0,0.0,0.0,0.0,0.0,0.0,0.0,0.0,0.0,0.0,0.0,0.0,0.0,0.0,0.0,0.0,0.0,0.0,0.0,0.0,0.0,0.0,0.0
0.9960972165605426,0.9981046322786682,0.6127349027635489,0.9978412407672721,0.9983389264741476,1.0,0.997338207619805,0.9978619307720606,1.0,0.9982831877672425,0.9981981101762472,1.0,0.9979417614673878,0.9984958397984229,1.0,0.9984312319763973,0.9997396565746044,1.0,0.9480912099335512,0.7078599744254177,0.6122314540059719,1.0,1.0,0.6122269938651073
0.998560592614524,0.9975659488211477,0.9999488229273723,0.9982683749470453,0.9970489649547147,0.9999446185998409,0.9991300678547503,0.998022641969996,0.9999422135161922,0.9992114163906649,0.9982901775395874,0.9999648033126576,0.9991593923001858,0.9984193920960109,0.9999578736208861,0.9976297304700381,0.9979571592542271,0.9999509394572357,0.9481694116749821,0.7080548415956258,0.9999525222552279,1.0,1.0,0.9999468302658769
0.0,0.0,0.0,0.0,0.0,0.0,0.0,0.0,0.0,0.0,0.0,0.0,0.0,0.0,0.0,0.0,0.0,0.0,0.0,0.0,0.0,0.0,0.0,0.0
0.9985527909484375,0.997545997581966,1.0,0.9982241223067518,0.9971184244211457,1.0,0.9991140691025464,0.9980531567544233,1.0,0.999197041168614,0.9982638725786614,1.0,0.9991709338246721,0.9984152597877909,1.0,0.9976357719386755,0.9979533586203075,1.0,0.9481579675176874,0.7080534192075305,1.0,1.0,1.0,1.0
0.0,0.0,0.0,0.0,0.0,0.0,0.0,0.0,0.0,0.0,0.0,0.0,0.0,0.0,0.0,0.0,0.0,0.0,0.0,0.0,0.0,0.0,0.0,0.0
0.9987946425959677,0.9973205485794097,0.9975619242582283,0.9982606788355923,0.9968128027687726,0.9976259143158899,0.9994700413368207,0.9982769318401239,0.9975239960826201,0.9990512353450356,0.9980534328912682,0.9975414078677431,0.9990843723910672,0.9987045213650276,0.9975566700103258,0.9976236890013155,0.9980350722499765,0.9976012526098899,0.9481484307199679,0.7080576863719159,0.9976211671616184,1.0,1.0,0.9975685071577161
0.9985371876163356,0.9975440024580848,1.0,0.9982241223067518,0.9971184244211457,0.9999989550679231,0.9991140691025464,0.9980531567544233,0.9999990205680689,0.9991990947717682,0.9982638725786614,1.0,0.9991728574121055,0.9984152597877909,1.0,0.9976357719386755,0.9979533586203075,1.0,0.9481579675176874,0.7080534192075305,0.9999990108803161,1.0,1.0,0.9999989775051148
0.9985527909484375,0.9975479927058899,1.0,0.9982241223067518,0.9971184244211457,1.0,0.9991140691025464,0.9980531567544233,1.0,0.999197041168614,0.9982638725786614,1.0,0.9991709338246721,0.9984152597877909,1.0,0.9976357719386755,0.9979533586203075,1.0,0.9481579675176874,0.7080534192075305,1.0,1.0,1.0,1.0
0.9985527909484375,0.997545997581966,1.0,0.9982241223067518,0.9971184244211457,1.0,0.9991140691025464,0.9980531567544233,1.0,0.999197041168614,0.9982638725786614,1.0,0.9991709338246721,0.9984152597877909,1.0,0.9976357719386755,0.9979533586203075,1.0,0.9481579675176874,0.7080534192075305,1.0,1.0,1.0,1.0
0.9985527909484375,0.997545997581966,1.0,0.9982241223067518,0.9971184244211457,1.0,0.9991140691025464,0.9980531567544233,1.0,0.999197041168614,0.9982638725786614,1.0,0.9991709338246721,0.9984152597877909,1.0,0.9976357719386755,0.9979533586203075,1.0,0.9481579675176874,0.7080534192075305,1.0,1.0,1.0,1.0
0.9985527909484375,0.997545997581966,1.0,0.9982241223067518,0.9971184244211457,1.0,0.9991140691025464,0.9980531567544233,1.0,0.999197041168614,0.9982638725786614,1.0,0.9991709338246721,0.9984152597877909,1.0,0.9976357719386755,0.9979533586203075,1.0,0.9481579675176874,0.7080534192075305,1.0,1.0,1.0,1.0
0.9985527909484375,0.997545997581966,1.0,0.9982241223067518,0.9971184244211457,1.0,0.9991140691025464,0.9980531567544233,1.0,0.999197041168614,0.9982638725786614,1.0,0.9991709338246721,0.9984152597877909,1.0,0.9976357719386755,0.9979533586203075,1.0,0.9481579675176874,0.7080534192075305,1.0,1.0,1.0,1.0
0.9985527909484375,0.997545997581966,1.0,0.9982241223067518,0.9971184244211457,1.0,0.9991140691025464,0.9980531567544233,1.0,0.999197041168614,0.9982638725786614,1.0,0.9991709338246721,0.9984152597877909,1.0,0.9976357719386755,0.9979533586203075,1.0,0.9481579675176874,0.7080534192075305,1.0,1.0,1.0,1.0
0.997833087255799,0.9971210361875364,0.9508648925282088,0.9982856911975801,0.9969874437130102,1.0,0.9985721113751822,0.9974265865144787,1.0,0.9993490078017118,0.9984517651567302,1.0,0.9982764656773924,0.9984565828701761,1.0,0.99765792399036,0.9980730785894849,1.0,0.9483715917869091,0.7080676430886257,0.9511562809100553,1.0,1.0,0.9514550102249899
0.0,0.0,0.0,0.0,0.0,0.0,0.0,0.0,0.0,0.0,0.0,0.0,0.0,0.0,0.0,0.0,0.0,0.0,0.0,0.0,0.0,0.0,0.0,0.0
0.9985527909484375,0.997545997581966,1.0,0.9982241223067518,0.9971184244211457,1.0,0.9991140691025464,0.9980531567544233,1.0,0.999197041168614,0.9982638725786614,1.0,0.9991709338246721,0.9984152597877909,1.0,0.9976357719386755,0.9979533586203075,1.0,0.9481579675176874,0.7080534192075305,1.0,1.0,1.0,1.0
0.9985527909484375,0.997545997581966,1.0,0.9982241223067518,0.9971184244211457,1.0,0.9991140691025464,0.9980531567544233,1.0,0.999197041168614,0.9982638725786614,1.0,0.9991709338246721,0.9984152597877909,1.0,0.9976357719386755,0.9979533586203075,1.0,0.9481579675176874,0.7080534192075305,1.0,1.0,1.0,1.0
0.9980846909859764,0.9969454652828347,0.9847543500512472,0.99819718591705,0.9975451040006647,1.0,0.999484040244937,0.9985352903481299,1.0,0.9988232853954315,0.997833598574914,1.0,0.9989131731114043,0.9981838505259333,1.0,0.9978129883522513,0.9979495579863169,1.0,0.9484249978541612,0.7083876804121019,0.9999960435212785,1.0,1.0,0.9848537832311877
0.0,0.0,0.0,0.0,0.0,0.0,0.0,0.0,0.0,0.0,0.0,0.0,0.0,0.0,0.0,0.0,0.0,0.0,0.0,0.0,0.0,0.0,0.0,0.0
0.9974683593680851,0.9974901341122262,0.6790603889456861,0.9982241223067518,0.9979221696756468,0.6788234064785073,0.9975681896811892,0.9997802935522202,0.6792732615083352,0.9983509566711319,0.9984141866411136,0.6783913043477909,0.9982783892647262,0.9984462520995834,0.6802397191574343,0.9993334246266983,0.9989187196423757,0.6795615866388545,0.9475132799908152,0.7074773520253501,0.6789703264094982,1.0,1.0,0.6790081799590268
0.9985527909484375,0.997545997581966,1.0,0.9982241223067518,0.9971184244211457,1.0,0.9991140691025464,0.9980531567544233,1.0,0.999197041168614,0.9982638725786614,1.0,0.9991709338246721,0.9984152597877909,1.0,0.9976357719386755,0.9979533586203075,1.0,0.9481579675176874,0.7080534192075305,1.0,1.0,1.0,1.0
0.9985527909484375,0.997545997581966,1.0,0.9982241223067518,0.9971184244211457,1.0,0.9991140691025464,0.9980531567544233,1.0,0.999197041168614,0.9982638725786614,1.0,0.9991709338246721,0.9984152597877909,1.0,0.9976357719386755,0.9979533586203075,1.0,0.9481579675176874,0.7080534192075305,1.0,1.0,1.0,1.0
0.9999434379211607,0.9973325193227538,0.9953070624361189,0.9981625534160088,0.9965964861447105,1.0,0.9992840558436598,0.998484432374056,1.0,0.9989814128379635,0.9979162713091085,1.0,0.9990362827057879,0.998448318253736,1.0,0.9976397995844337,0.9980331719331872,1.0,0.948098839371724,0.708002213235801,0.9952838773492658,1.0,1.0,0.9953517382413679
0.9971075323136063,0.9978692076565068,0.9328219037871293,0.9982818431419673,0.9977395905065833,1.0,0.9987620965564759,0.9975181308676042,1.0,0.9988931079024894,0.9981285899224162,1.0,0.9984130403837099,0.9988388213828614,1.0,0.9978230574665332,0.9985500581496183,1.0,0.9482609649331835,0.7080377729384111,0.9329703264095031,1.0,1.0,0.933395705521427
0.99525073579467,0.9982881836790511,0.7053336745138381,0.9991938323365588,0.9978785094394595,0.7051462904911432,0.9980101552078082,0.9989075707178756,0.7055112634672085,0.997893003168798,0.9975649121883947,0.7048302277433081,0.9983938045093765,0.9982189751461732,0.706442326980941,0.9983265131866688,0.9990422402456858,0.7058674321503418,0.947627721563677,0.7076736415837104,0.7054045499506003,1.0,1.0,0.7051758691207226
0.9985527909484375,0.997545997581966,1.0,0.9982241223067518,0.9971184244211457,1.0,0.9991140691025464,0.9980531567544233,1.0,0.999197041168614,0.9982638725786614,1.0,0.9991709338246721,0.9984152597877909,1.0,0.9976357719386755,0.9979533586203075,1.0,0.9481579675176874,0.7080534192075305,1.0,1.0,1.0,1.0
0.9985508405319052,0.997545997581966,1.0,0.9982241223067518,0.9971184244211457,1.0,0.9991140691025464,0.9980531567544233,1.0,0.999197041168614,0.9982638725786614,1.0,0.9991709338246721,0.9984152597877909,1.0,0.9976357719386755,0.9979533586203075,1.0,0.9481579675176874,0.7080534192075305,1.0,1.0,1.0,1.0
0.9981861126443334,0.996989358008932,0.9639774820880618,0.9984550056471875,0.9972811580281871,1.0,0.9982641353974202,0.9972414634889049,1.0,0.9985789066206507,0.997912513457706,1.0,0.9987381266565336,0.9985268321104002,1.0,0.997972080359645,0.997468777792065,1.0,0.948302926843283,0.7081373401056794,0.9645093966370055,1.0,1.0,0.9646083844581241
0.9966608869324034,0.9976876513799624,0.502477993858804,0.9984992582873673,0.9986366099017374,0.5024503657262258,0.9997360205904187,0.9990255612177776,0.5031116552399482,0.9976568388066767,0.9986828730277892,0.5021884057971562,0.9971569378026004,0.9991549429635995,0.5038846539618831,0.9994139775419058,0.9991676611658136,0.5031878914404331,0.9478108280801365,0.7077348042722491,0.502694362017813,1.0,1.0,0.5029826175869161
0.9967740110901673,0.9983639983879158,0.5642364380757385,0.9989244684393412,0.9973327564890297,0.5640355276907059,0.9994080461724479,0.9991516889933081,0.5645357492654597,0.9981661323875954,0.9964093728330425,0.5637525879917078,0.9980110106142348,0.9986776613613415,0.5652748244734696,0.9991380838072814,0.9992645773313882,0.5647640918580095,0.9480797657762849,0.707599677402257,0.5643471810089409,1.0,1.0,0.564672801635993
0.9984416172073622,0.9968856115654035,0.5370624360285561,0.9982318184181338,0.9980313202657527,0.5367471264367296,0.9988040932808815,0.9994629397942987,0.5373761018608718,0.9984536368285575,0.9978617824616691,0.5367091097308005,0.9976859243412832,0.9981569905223182,0.5380280842527085,0.9992629408259148,0.9992550757465892,0.537584551148143,0.9481007467311997,0.7078286818870794,0.537312561819931,1.0,1.0,0.5373773006134641
0.9985527909484375,0.997545997581966,1.0,0.9982241223067518,0.9971184244211457,1.0,0.9991140691025464,0.9980531567544233,1.0,0.999197041168614,0.9982638725786614,1.0,0.9991709338246721,0.9984152597877909,1.0,0.9976357719386755,0.9979533586203075,1.0,0.9481579675176874,0.7080534192075305,1.0,1.0,1.0,1.0
0.9985527909484375,0.997545997581966,1.0,0.9982241223067518,0.9971184244211457,1.0,0.9991140691025464,0.9980531567544233,1.0,0.999197041168614,0.9982638725786614,1.0,0.9991709338246721,0.9984152597877909,1.0,0.9976357719386755,0.9979533586203075,1.0,0.9481579675176874,0.7080534192075305,1.0,1.0,1.0,1.0
0.9985527909484375,0.997545997581966,1.0,0.9982241223067518,0.9971184244211457,1.0,0.9991140691025464,0.9980531567544233,1.0,0.999197041168614,0.9982638725786614,1.0,0.9991709338246721,0.9984152597877909,1.0,0.9976357719386755,0.9979533586203075,1.0,0.9481579675176874,0.7080534192075305,1.0,1.0,1.0,1.0
0.9985527909484375,0.997545997581966,1.0,0.9982241223067518,0.9971184244211457,1.0,0.9991140691025464,0.9980531567544233,1.0,0.999197041168614,0.9982638725786614,1.0,0.9991709338246721,0.9984152597877909,1.0,0.9976357719386755,0.9979533586203075,1.0,0.9481579675176874,0.7080534192075305,1.0,1.0,1.0,1.0
0.9985527909484375,0.997545997581966,1.0,0.9982241223067518,0.9971184244211457,1.0,0.9991140691025464,0.9980531567544233,1.0,0.999197041168614,0.9982638725786614,1.0,0.9991709338246721,0.9984152597877909,1.0,0.9976357719386755,0.9979533586203075,1.0,0.9481579675176874,0.7080534192075305,1.0,1.0,1.0,1.0
0.9985527909484375,0.997545997581966,1.0,0.9982241223067518,0.9971184244211457,1.0,0.9991140691025464,0.9980531567544233,1.0,0.999197041168614,0.9982638725786614,1.0,0.9991709338246721,0.9984152597877909,1.0,0.9976357719386755,0.9979533586203075,1.0,0.9481579675176874,0.7080534192075305,1.0,1.0,1.0,1.0
0.9985527909484375,0.997545997581966,1.0,0.9982241223067518,0.9971184244211457,1.0,0.9991140691025464,0.9980531567544233,1.0,0.999197041168614,0.9982638725786614,1.0,0.9991709338246721,0.9984152597877909,1.0,0.9976357719386755,0.9979533586203075,1.0,0.9481579675176874,0.7080534192075305,1.0,1.0,1.0,1.0
0.0,0.0,0.0,0.0,0.0,0.0,0.0,0.0,0.0,0.0,0.0,0.0,0.0,0.0,0.0,0.0,0.0,0.0,0.0,0.0,0.0,0.0,0.0,0.0
0.9985527909484375,0.997545997581966,1.0,0.9982241223067518,0.9971184244211457,1.0,0.9991140691025464,0.9980531567544233,1.0,0.999197041168614,0.9982638725786614,1.0,0.9991709338246721,0.9984152597877909,1.0,0.9976357719386755,0.9979533586203075,1.0,0.9481579675176874,0.7080534192075305,1.0,1.0,1.0,1.0
0.9985878984457628,0.9975619585733,0.9998925281474769,0.9983684243946271,0.9970370576176464,0.9999017763846254,0.9991420669188074,0.9979860242286662,0.9998844270323985,0.9991580227087553,0.9982864196880286,0.9998975155280263,0.9991843989366203,0.9984297228666179,0.9999027081244449,0.9976418134073413,0.9979286544996455,0.9998935281837902,0.9481694116749821,0.708056263983778,0.9998951533136307,1.0,1.0,0.99989263803689
0.0,0.0,0.0,0.0,0.0,0.0,0.0,0.0,0.0,0.0,0.0,0.0,0.0,0.0,0.0,0.0,0.0,0.0,0.0,0.0,0.0,0.0,0.0,0.0
0.9985527909484375,0.997545997581966,1.0,0.9982241223067518,0.9971184244211457,1.0,0.9991140691025464,0.9980531567544233,1.0,0.999197041168614,0.9982638725786614,1.0,0.9991709338246721,0.9984152597877909,1.0,0.9976357719386755,0.9979533586203075,1.0,0.9481579675176874,0.7080534192075305,1.0,1.0,1.0,1.0
0.9985761959465407,0.9976337830343454,0.9999621289662457,0.9982818431419105,0.9971065170840205,1.0,0.9991360673867291,0.9980165390131504,1.0,0.9992052555812023,0.9982807829106832,1.0,0.9991613158876476,0.9984235244042736,1.0,0.9976257028242941,0.9979514583033193,1.0,0.9481560601581549,0.7080534192075305,0.9999673590504727,1.0,1.0,0.9999683026585089
0.9985527909484375,0.997545997581966,1.0,0.9982241223067518,0.9971184244211457,1.0,0.9991140691025464,0.9980531567544233,1.0,0.999197041168614,0.9982638725786614,1.0,0.9991709338246721,0.9984152597877909,1.0,0.9976357719386755,0.9979533586203075,1.0,0.9481579675176874,0.7080534192075305,1.0,1.0,1.0,1.0
0.9997874046002551,0.9974402560142579,0.9955946775845774,0.9982087300839595,0.9967473124147403,1.0,0.9994340441444791,0.9982972750296994,1.0,0.9990040024725886,0.9979031188286456,1.0,0.9990632129294283,0.9984235244041599,1.0,0.9975793848980032,0.9980198697143123,1.0,0.9481503380794436,0.7080150147287583,0.9955756676558778,1.0,1.0,0.995612474437678
0.9985703446970575,0.9975699390689954,1.0,0.9982241223067518,0.9971184244211457,1.0,0.9991140691025464,0.9980531567544233,1.0,0.999197041168614,0.9982638725786614,1.0,0.9991709338246721,0.9984152597877909,1.0,0.9976357719386755,0.9979533586203075,1.0,0.9481579675176874,0.7080534192075305,1.0,1.0,1.0,1.0
0.9985527909484375,0.997545997581966,1.0,0.9982241223067518,0.9971184244211457,1.0,0.9991140691025464,0.9980531567544233,1.0,0.999197041168614,0.9982638725786614,1.0,0.9991709338246721,0.9984152597877909,1.0,0.9976357719386755,0.9979533586203075,1.0,0.9481579675176874,0.7080534192075305,1.0,1.0,1.0,1.0
0.9985527909484375,0.997545997581966,1.0,0.9982241223067518,0.9971184244211457,1.0,0.9991140691025464,0.9980531567544233,1.0,0.999197041168614,0.9982638725786614,1.0,0.9991709338246721,0.9984152597877909,1.0,0.9976357719386755,0.9979533586203075,1.0,0.9481579675176874,0.7080534192075305,1.0,1.0,1.0,1.0
0.9979618147454374,0.997172909409457,0.984182190378732,0.9983511081439929,0.9967929572069352,0.9842998955068367,0.9994820404008209,0.9980389165217503,0.9841655239960474,0.9989670376159125,0.99782984072327,0.9844906832298932,0.9987881399293599,0.9983801351676931,0.9846328986961126,0.9978754168613477,0.9981585928531871,0.9844081419625113,0.9481160056075879,0.7081586759273222,0.9843293768546602,1.0,1.0,0.9844151329243758
0.9985527909484375,0.997545997581966,1.0,0.9982241223067518,0.9971184244211457,1.0,0.9991140691025464,0.9980531567544233,1.0,0.999197041168614,0.9982638725786614,1.0,0.9991709338246721,0.9984152597877909,1.0,0.9976357719386755,0.9979533586203075,1.0,0.9481579675176874,0.7080534192075305,1.0,1.0,1.0,1.0
0.9985391380328537,0.9975340268384798,0.9999989764585422,0.9982260463345938,0.9971184244211457,0.9999968652037694,0.999116068946563,0.9980572253923583,0.9999980411361378,0.9991990947717682,0.9982676304302345,0.9999989648033107,0.9991690102372672,0.9984131936336667,0.9999989969909748,0.9976357719386755,0.9979533586203075,0.9999979123173262,0.9481579675176874,0.7080534192075305,0.9999980217606392,1.0,1.0,0.9999989775051148
0.9995572554519327,0.9970212799916425,0.9924350051177839,0.9983318678656872,0.9965429031278177,1.0,0.9990800717543635,0.9979961958234185,1.0,0.9991210578521219,0.997989549414612,1.0,0.9990574421672278,0.9983429443933431,1.0,0.9978270851123625,0.9981338887326388,1.0,0.9481179129672626,0.7080121699525534,0.9923926805143921,1.0,1.0,0.992442740286414
0.9985527909484375,0.997545997581966,1.0,0.9982241223067518,0.9971184244211457,1.0,0.9991140691025464,0.9980531567544233,1.0,0.999197041168614,0.9982638725786614,1.0,0.9991709338246721,0.9984152597877909,1.0,0.9976357719386755,0.9979533586203075,1.0,0.9481579675176874,0.7080534192075305,1.0,1.0,1.0,1.0
0.9985527909484375,0.997545997581966,1.0,0.9982241223067518,0.9971184244211457,1.0,0.9991140691025464,0.9980531567544233,1.0,0.999197041168614,0.9982638725786614,1.0,0.9991709338246721,0.9984152597877909,1.0,0.9976357719386755,0.9979533586203075,1.0,0.9481579675176874,0.7080534192075305,1.0,1.0,1.0,1.0
0.9985527909484375,0.997545997581966,1.0,0.9982241223067518,0.9971184244211457,1.0,0.9991140691025464,0.9980531567544233,1.0,0.999197041168614,0.9982638725786614,1.0,0.9991709338246721,0.9984152597877909,1.0,0.9976357719386755,0.9979533586203075,1.0,0.9481579675176874,0.7080534192075305,1.0,1.0,1.0,1.0
0.9990657504910843,0.9978273100542054,0.9955199590584058,0.9978027602104618,0.9974419070792209,1.0,0.9992960549078163,0.9981630099781285,1.0,0.9992298988189958,0.9978523878327366,1.0,0.9989824222582513,0.9983966644005875,1.0,0.9976679931047272,0.9978887478430778,1.0,0.9518754112744148,0.7107801372034857,0.9988110781409105,1.0,1.0,0.9955337423313324
0.9984611213724861,0.9976756806364762,0.9992865916073441,0.9983607282832168,0.9968247101059688,0.9992967607109051,0.9992660572474534,0.997998230142457,0.9992497551424293,0.9992319524221784,0.9982845407623131,0.9992774327125815,0.9992132527476798,0.9986012136587874,0.9992507522571685,0.9975954954810646,0.9978887478431488,0.9992933194158056,0.9481541527985513,0.7080263938335349,0.9992670623149493,1.0,1.0,0.9992627811864807
0.9985527909484375,0.997545997581966,1.0,0.9982241223067518,0.9971184244211457,1.0,0.9991140691025464,0.9980531567544233,1.0,0.999197041168614,0.9982638725786614,1.0,0.9991709338246721,0.9984152597877909,1.0,0.9976357719386755,0.9979533586203075,1.0,0.9481579675176874,0.7080534192075305,1.0,1.0,1.0,1.0
0.9985527909484375,0.997545997581966,1.0,0.9982241223067518,0.9971184244211457,1.0,0.9991140691025464,0.9980531567544233,1.0,0.999197041168614,0.9982638725786614,1.0,0.9991709338246721,0.9984152597877909,1.0,0.9976357719386755,0.9979533586203075,1.0,0.9481579675176874,0.7080534192075305,1.0,1.0,1.0,1.0
0.9989799321645876,0.9977335392300546,0.9987676560904504,0.9984627017585126,0.9968782931228759,1.0,0.9993580500720043,0.9980307792457381,1.0,0.99916829072464,0.9981455002545374,1.0,0.9991709338247574,0.9986012136587874,1.0,0.9975854263666264,0.9979229535486809,1.0,0.9481865779108887,0.7080477296551067,0.9988308605345892,1.0,1.0,0.9987617586916429
0.9985527909484375,0.997545997581966,1.0,0.9982241223067518,0.9971184244211457,1.0,0.9991140691025464,0.9980531567544233,1.0,0.999197041168614,0.9982638725786614,1.0,0.9991709338246721,0.9984152597877909,1.0,0.9976357719386755,0.9979533586203075,1.0,0.9481579675176874,0.7080534192075305,1.0,1.0,1.0,1.0
0.9982348730571147,0.9978093539391324,1.0,0.9978527849341674,0.9963126946103387,0.9785391849529574,0.999292055219712,0.9980328135648193,0.9783858961802352,0.9988479286331113,0.9980910114069275,0.9787939958591565,0.9983341732998525,0.9984917074902597,0.97894383149454,0.9978170159978248,0.9981414900004495,0.9786920668058912,0.948337259315096,0.7081501415986509,0.9787467853610679,1.0,1.0,0.978795501022482
0.9985527909484375,0.9975479927058899,1.0,0.9982241223067518,0.9971184244211457,1.0,0.9991140691025464,0.9980531567544233,1.0,0.999197041168614,0.9982638725786614,1.0,0.9991709338246721,0.9984152597877909,1.0,0.9976357719386755,0.9979533586203075,1.0,0.9481579675176874,0.7080534192075305,1.0,1.0,1.0,1.0
0.9985527909484375,0.997545997581966,1.0,0.9982241223067518,0.9971184244211457,1.0,0.9991140691025464,0.9980531567544233,1.0,0.999197041168614,0.9982638725786614,1.0,0.9991709338246721,0.9984152597877909,1.0,0.9976357719386755,0.9979533586203075,1.0,0.9481579675176874,0.7080534192075305,1.0,1.0,1.0,1.0
0.9985527909484375,0.997545997581966,1.0,0.9982241223067518,0.9971184244211457,1.0,0.9991140691025464,0.9980531567544233,1.0,0.999197041168614,0.9982638725786614,1.0,0.9991709338246721,0.9984152597877909,1.0,0.9976357719386755,0.9979533586203075,1.0,0.9481579675176874,0.7080534192075305,1.0,1.0,1.0,1.0
0.9985527909484375,0.997545997581966,1.0,0.9982241223067518,0.9971184244211457,1.0,0.9991140691025464,0.9980531567544233,1.0,0.999197041168614,0.9982638725786614,1.0,0.9991709338246721,0.9984152597877909,1.0,0.9976357719386755,0.9979533586203075,1.0,0.9481579675176874,0.7080534192075305,1.0,1.0,1.0,1.0
0.9985527909484375,0.997545997581966,1.0,0.9982241223067518,0.9971184244211457,1.0,0.9991140691025464,0.9980531567544233,1.0,0.999197041168614,0.9982638725786614,1.0,0.9991709338246721,0.9984152597877909,1.0,0.9976357719386755,0.9979533586203075,1.0,0.9481579675176874,0.7080534192075305,1.0,1.0,1.0,1.0
0.9967311019269403,0.9968596749545213,0.5719897645855241,0.9992111485871362,0.9972910808090063,1.0,0.9979821573916752,0.9983094809433908,1.0,0.9985665850018393,0.9964150096105442,1.0,0.9978648179708216,0.9978470674039812,1.0,0.999418005187735,0.9996940489673563,1.0,0.9479882125180268,0.7076053669547377,0.5712176063303858,1.0,1.0,0.5714693251532807
0.9985527909484375,0.997545997581966,1.0,0.9982241223067518,0.9971184244211457,1.0,0.9991140691025464,0.9980531567544233,1.0,0.999197041168614,0.9982638725786614,1.0,0.9991709338246721,0.9984152597877909,1.0,0.9976357719386755,0.9979533586203075,1.0,0.9481579675176874,0.7080534192075305,1.0,1.0,1.0,1.0
0.9987244276016014,0.9970911093287498,0.9971310133063227,0.9982587548078357,0.9967274668529882,0.9972058516199098,0.9994140457044551,0.9982382797798266,0.9970959843294409,0.9990450745356156,0.9981041638873052,0.9971532091099746,0.9990305119434737,0.9986838598237,0.9971364092279629,0.9976679931046988,0.9980711782724967,0.9972139874741188,0.9481770411131265,0.7080904012982785,0.9972027695354626,1.0,1.0,0.9971226993867717
0.9982426747231727,0.9970851239571061,0.9838464687819481,0.9984915621759995,0.9971720074379249,0.9839947753395961,0.9994740410247829,0.9980897744956962,0.9838148873652841,0.9988294462048657,0.9978091725397178,0.9841749482402378,0.9985726981390428,0.9983264151603919,0.9842948846539983,0.9979277762562901,0.9981281877816883,0.9840772442589696,0.9481388939221773,0.7081629430915513,0.9840286844708146,1.0,1.0,0.9840961145194242
0.9985527909484375,0.997545997581966,1.0,0.9982241223067518,0.9971184244211457,1.0,0.9991140691025464,0.9980531567544233,1.0,0.999197041168614,0.9982638725786614,1.0,0.9991709338246721,0.9984152597877909,1.0,0.9976357719386755,0.9979533586203075,1.0,0.9481579675176874,0.7080534192075305,1.0,1.0,1.0,1.0
0.9964092832025102,0.9965384600037765,0.8698167860798449,0.9985858395400555,0.998261528783118,0.8696436781609478,0.9986701037319392,0.9975547486089908,0.869669931439752,0.9983468494647525,0.9975573964850639,0.8694855072463739,0.9979282963554681,0.998623941354154,0.8705576730190003,0.9981352000129107,0.9982175026794664,0.8703778705636367,0.9482514281354497,0.7081814341369324,0.869618199802197,1.0,1.0,0.8697075664622105
0.9985527909484375,0.997545997581966,1.0,0.9982241223067518,0.9971184244211457,1.0,0.9991140691025464,0.9980531567544233,1.0,0.999197041168614,0.9982638725786614,1.0,0.9991709338246721,0.9984152597877909,1.0,0.9976357719386755,0.9979533586203075,1.0,0.9481579675176874,0.7080534192075305,1.0,1.0,1.0,1.0
0.9965185065271669,0.9979649736043825,0.8562323439100155,0.99918613622512,0.9979876600293949,0.9768955067920828,0.9989180843893735,0.9985983542358667,0.9766797257590625,0.9989649840128436,0.9982375676176787,0.9770372670807035,0.9985034489921674,0.999526850705692,0.9773319959879956,0.9982137391053527,0.9983752289881664,0.9770563674321551,0.9482895753264842,0.7084118610098926,0.8561928783382697,1.0,1.0,0.8563364008179732
0.9985527909484375,0.997545997581966,1.0,0.9982241223067518,0.9971184244211457,1.0,0.9991140691025464,0.9980531567544233,1.0,0.999197041168614,0.9982638725786614,1.0,0.9991709338246721,0.9984152597877909,1.0,0.9976357719386755,0.9979533586203075,1.0,0.9481579675176874,0.7080534192075305,1.0,1.0,1.0,1.0
0.9985196338679998,0.9974023486597332,0.9851340839304967,0.9982991593924879,0.9970628568480464,1.0,0.9995900319773767,0.9981548727023153,1.0,0.9987144444286145,0.9978317196491417,1.0,0.9989343325728584,0.9984214582500925,1.0,0.9978351404037653,0.9980312716160995,1.0,0.9481331718435513,0.7081188490603836,0.9852007912958172,1.0,1.0,0.985315950920338
0.9985527909484375,0.997545997581966,1.0,0.9982241223067518,0.9971184244211457,1.0,0.9991140691025464,0.9980531567544233,1.0,0.999197041168614,0.9982638725786614,1.0,0.9991709338246721,0.9984152597877909,1.0,0.9976357719386755,0.9979533586203075,1.0,0.9481579675176874,0.7080534192075305,1.0,1.0,1.0,1.0
0.9985527909484375,0.997545997581966,1.0,0.9982241223067518,0.9971184244211457,1.0,0.9991140691025464,0.9980531567544233,1.0,0.999197041168614,0.9982638725786614,1.0,0.9991709338246721,0.9984152597877909,1.0,0.9976357719386755,0.9979533586203075,1.0,0.9481579675176874,0.7080534192075305,1.0,1.0,1.0,1.0
0.0,0.0,0.0,0.0,0.0,0.0,0.0,0.0,0.0,0.0,0.0,0.0,0.0,0.0,0.0,0.0,0.0,0.0,0.0,0.0,0.0,0.0,0.0,0.0
0.9985527909484375,0.997545997581966,1.0,0.9982241223067518,0.9971184244211457,1.0,0.9991140691025464,0.9980531567544233,1.0,0.999197041168614,0.9982638725786614,1.0,0.9991709338246721,0.9984152597877909,1.0,0.9976357719386755,0.9979533586203075,1.0,0.9481579675176874,0.7080534192075305,1.0,1.0,1.0,1.0
0.9985761959465833,0.9975619585733,1.0,0.9982241223067518,0.9971184244211457,1.0,0.9991140691025464,0.9980531567544233,1.0,0.999197041168614,0.9982638725786614,1.0,0.9991709338246721,0.9984152597877909,1.0,0.9976357719386755,0.9979533586203075,1.0,0.9481579675176874,0.7080534192075305,1.0,1.0,1.0,1.0
0.9985566917814452,0.9975539780776614,1.0,0.9982241223067518,0.9971184244211457,1.0,0.9991140691025464,0.9980531567544233,1.0,0.999197041168614,0.9982638725786614,1.0,0.9991709338246721,0.9984152597877909,1.0,0.9976357719386755,0.9979533586203075,1.0,0.9481579675176874,0.7080534192075305,1.0,1.0,1.0,1.0
0.9985527909484375,0.997545997581966,1.0,0.9982241223067518,0.9971184244211457,1.0,0.9991140691025464,0.9980531567544233,1.0,0.999197041168614,0.9982638725786614,1.0,0.9991709338246721,0.9984152597877909,1.0,0.9976357719386755,0.9979533586203075,1.0,0.9481579675176874,0.7080534192075305,1.0,1.0,1.0,1.0
0.9985527909484375,0.997545997581966,1.0,0.9982241223067518,0.9971184244211457,1.0,0.9991140691025464,0.9980531567544233,1.0,0.999197041168614,0.9982638725786614,1.0,0.9991709338246721,0.9984152597877909,1.0,0.9976357719386755,0.9979533586203075,1.0,0.9481579675176874,0.7080534192075305,1.0,1.0,1.0,1.0
0.9969612510751915,0.9971609386660134,0.8062538382804263,0.99891484830016,1.0,1.0,0.9985321144951627,0.998040950840533,1.0,0.9980388089923764,0.9977565626178801,1.0,0.998797757866285,0.9983883997841616,1.0,0.9988621900728418,0.9985272543458024,1.0,0.8076714000972487,0.8335749022464256,0.8466013847675384,1.0,1.0,0.8065777096114815
0.0,0.0,0.0,0.0,0.0,0.0,0.0,0.0,0.0,0.0,0.0,0.0,0.0,0.0,0.0,0.0,0.0,0.0,0.0,0.0,0.0,0.0,0.0,0.0
0.9985371876163782,0.9975400122102513,0.9999744114636826,0.9982568307800079,0.9971045325278425,0.9999738766980357,0.9991260681666319,0.9980307792458945,0.9999774730656412,0.9991990947717397,0.9982751461333521,0.9999803312629538,0.9991632394750525,0.9984173259419009,0.9999829488465437,0.9976297304700381,0.9979590595712153,0.9999801670146198,0.9481598748772626,0.7080548415956258,0.9999831849653873,1.0,1.0,0.9999805725971456
0.9975249214469812,0.9977036123711684,0.7384513817810472,0.9988455832981913,0.9976621928154543,1.0,0.9972302160431639,0.9983115152624009,1.0,0.9984659584474258,0.9971064542978212,1.0,0.9985823160761242,0.9982396366873161,1.0,0.9981331861901026,0.9992645773314592,1.0,0.9479805830799535,0.7080221266693343,0.7385647873393069,1.0,1.0,0.7384897750511712
0.9989604279993927,0.9986752377189987,0.5438556806550281,0.9983376399490709,0.9991783937399106,0.5434723092999079,0.998556112623163,0.9989726689247505,0.5440597453477309,0.9991641835182605,0.9981173163677255,0.543463768115906,0.9982764656772645,0.9986983229025839,0.5447652958876361,0.999371687261501,0.9992683779654925,0.5443549060542239,0.948329629876909,0.7078215699465602,0.544086053412407,1.0,1.0,0.5440470347647732
0.9985527909484375,0.997545997581966,1.0,0.9982241223067518,0.9971184244211457,1.0,0.9991140691025464,0.9980531567544233,1.0,0.999197041168614,0.9982638725786614,1.0,0.9991709338246721,0.9984152597877909,1.0,0.9976357719386755,0.9979533586203075,1.0,0.9481579675176874,0.7080534192075305,1.0,1.0,1.0,1.0
0.9985527909484375,0.997545997581966,1.0,0.9982241223067518,0.9971184244211457,1.0,0.9991140691025464,0.9980531567544233,1.0,0.999197041168614,0.9982638725786614,1.0,0.9991709338246721,0.9984152597877909,1.0,0.9976357719386755,0.9979533586203075,1.0,0.9481579675176874,0.7080534192075305,1.0,1.0,1.0,1.0
0.9985527909484375,0.997545997581966,1.0,0.9982241223067518,0.9971184244211457,1.0,0.9991140691025464,0.9980531567544233,1.0,0.999197041168614,0.9982638725786614,1.0,0.9991709338246721,0.9984152597877909,1.0,0.9976357719386755,0.9979533586203075,1.0,0.9481579675176874,0.7080534192075305,1.0,1.0,1.0,1.0
0.9985527909484375,0.997545997581966,1.0,0.9982241223067518,0.9971184244211457,1.0,0.9991140691025464,0.9980531567544233,1.0,0.999197041168614,0.9982638725786614,1.0,0.9991709338246721,0.9984152597877909,1.0,0.9976357719386755,0.9979533586203075,1.0,0.9481579675176874,0.7080534192075305,1.0,1.0,1.0,1.0
0.9985527909484375,0.997545997581966,1.0,0.9982241223067518,0.9971184244211457,1.0,0.9991140691025464,0.9980531567544233,1.0,0.999197041168614,0.9982638725786614,1.0,0.9991709338246721,0.9984152597877909,1.0,0.9976357719386755,0.9979533586203075,1.0,0.9481579675176874,0.7080534192075305,1.0,1.0,1.0,1.0
0.9985527909484375,0.997545997581966,1.0,0.9982241223067518,0.9971184244211457,1.0,0.9991140691025464,0.9980531567544233,1.0,0.999197041168614,0.9982638725786614,1.0,0.9991709338246721,0.9984152597877909,1.0,0.9976357719386755,0.9979533586203075,1.0,0.9481579675176874,0.7080534192075305,1.0,1.0,1.0,1.0
0.9986113034439796,0.9976437586538935,0.9979590583422038,0.9982722230026297,0.9968524938925469,0.9980219435740665,0.999426044768498,0.9982362454609159,0.9979157688544618,0.9990327529167047,0.9980797378522652,0.9979430641825218,0.9991901696987924,0.9986404705872047,0.997988966901076,0.9975874401895624,0.9980920817591823,0.9979937369523455,0.9481369865626306,0.7080505744313825,0.9980267062318546,1.0,1.0,0.9979815950923836
0.9985664438639787,0.9975719341928908,1.0,0.9982241223067518,0.9971184244211457,1.0,0.9991140691025464,0.9980531567544233,1.0,0.999197041168614,0.9982638725786614,1.0,0.9991709338246721,0.9984152597877909,1.0,0.9976377857615546,0.9979533586203075,1.0,0.9481579675176874,0.7080534192075305,0.9999990108803161,1.0,1.0,0.9999989775051148
0.9985527909484375,0.997545997581966,1.0,0.9982241223067518,0.9971184244211457,1.0,0.9991140691025464,0.9980531567544233,1.0,0.999197041168614,0.9982638725786614,1.0,0.9991709338246721,0.9984152597877909,1.0,0.9976357719386755,0.9979533586203075,1.0,0.9481579675176874,0.7080534192075305,1.0,1.0,1.0,1.0
0.9993232054705032,0.9980806907916815,0.824943705220015,0.9987590020453041,0.9981702391984015,0.8244096133751313,0.9974381998203654,0.9980979117715378,0.8249000979432495,0.9989588232033384,0.9968020683213865,0.8246625258798517,0.998191827831107,0.9992417214367464,0.8258936810431692,0.9981875594078389,0.9982194029963267,0.8253622129436948,0.9482094662254923,0.7081032027912215,0.8246310583580652,1.0,1.0,0.824846625766881
0.9985527909484375,0.997545997581966,1.0,0.9982241223067518,0.9971184244211457,1.0,0.9991140691025464,0.9980531567544233,1.0,0.999197041168614,0.9982638725786614,1.0,0.9991709338246721,0.9984152597877909,1.0,0.9976357719386755,0.9979533586203075,1.0,0.9481579675176874,0.7080534192075305,1.0,1.0,1.0,1.0
0.9977940789255797,0.9991321210960535,0.8427533265097864,0.9991226433064639,0.9973545866070452,1.0,0.9989600811137507,0.998152838383362,1.0,0.9980388089923196,0.9986546891410342,1.0,0.9985265320410264,1.0,1.0,0.9987735818660752,0.9977519250210065,1.0,0.9950809197286787,0.7506169608401052,0.846834817012855,1.0,1.0,0.8426042944785195
0.9984357659576943,0.9976736855125949,0.9993684749235925,0.99837804453378,0.996945768033271,0.9993688610243581,0.9992980547516055,0.997918891702966,0.9993359451521968,0.9991662371212868,0.998261993653017,0.9993664596276872,0.9992247942721662,0.9985516259598484,0.9993580742230108,0.9976216751785074,0.9978773459413475,0.999367432150656,0.9481732263940756,0.708029238609754,0.9993580613257862,1.0,1.0,0.9993394683030132
0.998560592614524,0.9975400122101377,0.9999928352098308,0.9982395145294731,0.9971124707525831,1.0,0.9991240683225868,0.9980551910733766,1.0,0.999197041168614,0.9982732672075656,1.0,0.9991670866498907,0.9984214582501636,1.0,0.9976317442929172,0.9979628602051491,1.0,0.9481560601581549,0.70805484159564,0.9999920870425427,1.0,1.0,0.9999948875255669
0.9985527909484375,0.997545997581966,1.0,0.9982241223067518,0.9971184244211457,1.0,0.9991140691025464,0.9980531567544233,1.0,0.999197041168614,0.9982638725786614,1.0,0.9991709338246721,0.9984152597877909,1.0,0.9976357719386755,0.9979533586203075,1.0,0.9481579675176874,0.7080534192075305,1.0,1.0,1.0,1.0
0.9985527909484375,0.997545997581966,1.0,0.9982241223067518,0.9971184244211457,1.0,0.9991140691025464,0.9980531567544233,1.0,0.999197041168614,0.9982638725786614,1.0,0.9991709338246721,0.9984152597877909,1.0,0.9976357719386755,0.9979533586203075,1.0,0.9481579675176874,0.7080534192075305,1.0,1.0,1.0,1.0
0.9985527909484375,0.997545997581966,1.0,0.9982241223067518,0.9971184244211457,1.0,0.9991140691025464,0.9980531567544233,1.0,0.999197041168614,0.9982638725786614,1.0,0.9991709338246721,0.9984152597877909,1.0,0.9976357719386755,0.9979533586203075,1.0,0.9481579675176874,0.7080534192075305,1.0,1.0,1.0,1.0
0.9990716017408232,0.9972387484986882,0.9866335721598034,0.9984915621761417,0.996935845252267,1.0,0.9993500506959379,0.9982403140988225,1.0,0.9988397142208072,0.9979594866021131,1.0,0.9989708807335944,0.998355341318188,1.0,0.9977988915919127,0.9978887478431915,1.0,0.9480511553830695,0.708110314731698,0.9866834817014194,1.0,1.0,0.9868108384459475
0.9985527909484375,0.9975479927058899,1.0,0.9982241223067518,0.9971184244211457,1.0,0.9991140691025464,0.9980531567544233,1.0,0.999197041168614,0.9982638725786614,1.0,0.9991709338246721,0.9984152597877909,1.0,0.9976357719386755,0.9979533586203075,1.0,0.9481579675176874,0.7080534192075305,1.0,1.0,1.0,1.0
0.9985566917814737,0.9975599634493904,0.9999928352098308,0.9982395145294731,0.9971164398649393,0.9999937304075317,0.9991180687905512,0.9980572253923299,0.9999951028403586,0.999197041168614,0.9982751461333521,0.9999968944099393,0.9991651630624858,0.9984193920960536,0.999994984954867,0.9976317442929172,0.9979628602051491,0.9999947807933225,0.9481560601581549,0.70805484159564,0.9999920870425427,1.0,1.0,0.9999948875255669
0.9985508405319052,0.9975519829537376,1.0,0.9982241223067518,0.9971184244211457,1.0,0.9991140691025464,0.9980531567544233,1.0,0.999197041168614,0.9982638725786614,1.0,0.9991709338246721,0.9984152597877909,1.0,0.9976357719386755,0.9979533586203075,1.0,0.9481579675176874,0.7080534192075305,1.0,1.0,1.0,1.0
0.0,0.0,0.0,0.0,0.0,0.0,0.0,0.0,0.0,0.0,0.0,0.0,0.0,0.0,0.0,0.0,0.0,0.0,0.0,0.0,0.0,0.0,0.0,0.0
0.9985527909484375,0.997545997581966,1.0,0.9982241223067518,0.9971184244211457,1.0,0.9991140691025464,0.9980531567544233,1.0,0.999197041168614,0.9982638725786614,1.0,0.9991709338246721,0.9984152597877909,1.0,0.9976357719386755,0.9979533586203075,1.0,0.9481579675176874,0.7080534192075305,1.0,1.0,1.0,1.0
0.9985527909484375,0.997545997581966,1.0,0.9982241223067518,0.9971184244211457,1.0,0.9991140691025464,0.9980531567544233,1.0,0.999197041168614,0.9982638725786614,1.0,0.9991709338246721,0.9984152597877909,1.0,0.9976357719386755,0.9979533586203075,1.0,0.9481579675176874,0.7080534192075305,1.0,1.0,1.0,1.0
0.9961713323879025,0.998481710699096,0.7339795291709805,0.9991938323364025,0.9978447719843757,0.7337126436781958,0.9974981951407642,0.9992350960707768,0.7341851126346199,0.9986589971434228,0.9967494583995773,0.7335196687370669,0.9992478773211246,0.9982602982285584,0.7348956870611616,0.9978371542266444,0.99910875133979,0.7343006263047727,0.9476601466758865,0.707926826666295,0.7338803165183094,1.0,1.0,0.7338865030674313
0.9985332867833137,0.9975300365906321,0.9999969293756408,0.9982337424459189,0.9971124707525973,1.0,0.9991180687905796,0.9980592597112974,1.0,0.9991990947717682,0.9982676304302345,1.0,0.9991632394750383,0.9984152597877909,1.0,0.9976357719386755,0.9979552589372673,1.0,0.9481579675176874,0.7080534192075305,0.9999960435212785,1.0,1.0,0.9999969325153373
0.9974644585350632,0.9967080455366784,0.5115322415557699,0.9970735536603428,0.9981325326310468,0.511394984325996,0.9988980859491932,0.9987224476925007,0.5122086190009227,0.9976013915216697,0.9985607428521206,0.5112795031055342,0.9977167017399466,0.9988739460029876,0.5129588766298099,0.9998328527009619,0.9992151690901494,0.5121795407097451,0.9480664142593582,0.7075683848640182,0.5116271018792915,1.0,1.0,0.5120930470346607
0.9985527909484375,0.997545997581966,1.0,0.9982241223067518,0.9971184244211457,1.0,0.9991140691025464,0.9980531567544233,1.0,0.999197041168614,0.9982638725786614,1.0,0.9991709338246721,0.9984152597877909,1.0,0.9976357719386755,0.9979533586203075,1.0,0.9481579675176874,0.7080534192075305,1.0,1.0,1.0,1.0
0.9963117623767772,0.9970891142049112,0.9149979529170622,0.998622396068896,0.9978249264225667,0.9150020898641387,0.9989960783059786,0.9975221995057098,0.9146444662095803,0.9994434735466342,0.9975649121882384,0.914955486542425,0.9985611566146133,0.9980557489702448,0.9156920762286944,0.9977505598428564,0.9987210866772074,0.9154572025051806,0.9483658697083683,0.708074755029088,0.91499802176061,1.0,1.0,0.9153302658487092
0.9985527909484375,0.9975479927058899,1.0,0.9982241223067518,0.9971184244211457,1.0,0.9991140691025464,0.9980531567544233,1.0,0.999197041168614,0.9982638725786614,1.0,0.9991709338246721,0.9984152597877909,1.0,0.9976357719386755,0.9979533586203075,1.0,0.9481579675176874,0.7080534192075305,1.0,1.0,1.0,1.0
0.9985527909484375,0.997545997581966,1.0,0.9982241223067518,0.9971184244211457,1.0,0.9991140691025464,0.9980531567544233,1.0,0.999197041168614,0.9982638725786614,1.0,0.9991709338246721,0.9984152597877909,1.0,0.9976357719386755,0.9979533586203075,1.0,0.9481579675176874,0.7080534192075305,1.0,1.0,1.0,1.0
0.9968520277505206,0.9967379723955077,0.5764063459570892,0.9982972353643476,0.997015227499503,0.5760595611285808,0.9980801497484606,0.9993551208894047,0.5763731635651652,0.9983838143214427,0.9962196013293294,0.5756563146998346,0.9978340405721298,0.9981569905224603,0.5772607823471034,0.999385784021456,0.9997472578425999,0.5768611691023011,0.9479767683607463,0.7076907102409962,0.5762858555885586,1.0,1.0,0.5764928425357496
0.9985527909484375,0.997545997581966,1.0,0.9982241223067518,0.9971184244211457,1.0,0.9991140691025464,0.9980531567544233,1.0,0.999197041168614,0.9982638725786614,1.0,0.9991709338246721,0.9984152597877909,1.0,0.9976357719386755,0.9979533586203075,1.0,0.9481579675176874,0.7080534192075305,1.0,1.0,1.0,1.0
0.9985488901154298,0.9975499878298137,1.0,0.9982241223067518,0.9971184244211457,1.0,0.9991140691025464,0.9980531567544233,1.0,0.999197041168614,0.9982638725786614,1.0,0.9991709338246721,0.9984152597877909,1.0,0.9976357719386755,0.9979533586203075,1.0,0.9481579675176874,0.7080534192075305,1.0,1.0,1.0,1.0
0.9960972165606563,0.997544002458099,0.9336284544523963,0.9976334457609397,0.9980213974847487,0.9335903866248358,0.9994260447684411,0.9971682280063447,0.9332321253672333,0.9994681167842572,0.9980515539655244,0.9335786749482509,0.9984553593068313,0.9988760121571261,0.934073219658984,0.9978230574664906,0.9984778461046915,0.9338068893527804,0.9482361692591184,0.708033505774111,0.933511374876403,1.0,1.0,0.9339110429447501
0.998404559293661,0.9976816660083188,0.9996949846470855,0.9982914632810775,0.9969040923532475,0.9997084639500429,0.9991760642670187,0.99792296034083,0.9996836434869891,0.9992196308033527,0.9982713882817649,0.9997122153211109,0.9992825018946689,0.9984648474866731,0.9996890672018139,0.9975854263666832,0.9979096513299481,0.9996878914407006,0.9481789484727017,0.7080491520431877,0.9996953511377029,1.0,1.0,0.9996891615544072
0.9985527909484375,0.997545997581966,1.0,0.9982241223067518,0.9971184244211457,1.0,0.9991140691025464,0.9980531567544233,1.0,0.999197041168614,0.9982638725786614,1.0,0.9991709338246721,0.9984152597877909,1.0,0.9976357719386755,0.9979533586203075,1.0,0.9481579675176874,0.7080534192075305,1.0,1.0,1.0,1.0
0.9985527909484375,0.997545997581966,1.0,0.9982241223067518,0.9971184244211457,1.0,0.9991140691025464,0.9980531567544233,1.0,0.999197041168614,0.9982638725786614,1.0,0.9991709338246721,0.9984152597877909,1.0,0.9976357719386755,0.9979533586203075,1.0,0.9481579675176874,0.7080534192075305,1.0,1.0,1.0,1.0
0.9985527909484375,0.997545997581966,1.0,0.9982241223067518,0.9971184244211457,1.0,0.9991140691025464,0.9980531567544233,1.0,0.999197041168614,0.9982638725786614,1.0,0.9991709338246721,0.9984152597877909,1.0,0.9976357719386755,0.9979533586203075,1.0,0.9481579675176874,0.7080534192075305,1.0,1.0,1.0,1.0
0.9985527909484375,0.997545997581966,1.0,0.9982241223067518,0.9971184244211457,1.0,0.9991140691025464,0.9980531567544233,1.0,0.999197041168614,0.9982638725786614,1.0,0.9991709338246721,0.9984152597877909,1.0,0.9976357719386755,0.9979533586203075,1.0,0.9481579675176874,0.7080534192075305,1.0,1.0,1.0,1.0
0.9985742455300795,0.9975479927059041,1.0,0.9982241223067518,0.9971184244211457,1.0,0.9991140691025464,0.9980531567544233,1.0,0.999197041168614,0.9982638725786614,1.0,0.9991709338246721,0.9984152597877909,1.0,0.9976357719386755,0.9979533586203075,1.0,0.9481579675176874,0.7080534192075305,1.0,1.0,1.0,1.0
0.9970041602386033,0.9966801138016592,0.9359314227225255,0.9980586559128,0.9979638453553719,1.0,0.9989520817375137,0.9979839899096135,1.0,0.9991292722645255,0.9982075048053218,1.0,0.9981937514186967,0.9987603075261546,1.0,0.9975511913778092,0.9983999331085585,1.0,0.9529626062160617,0.711943650672751,0.9363728981206165,1.0,1.0,0.9366032719836284
0.9969788048237547,0.9981245835178214,0.6724247697031984,0.9960326546006399,0.998295266238074,1.0,0.9976601825056832,0.9980348478837158,1.0,0.9990820393923059,0.9993273445704034,1.0,0.9988862428876217,0.9987520429097287,1.0,0.9992085676081359,0.9989662275666973,1.0,0.9475876670131527,0.7075854535212329,0.6721068249257982,1.0,1.0,0.6721390593047261
0.9985527909484375,0.997545997581966,1.0,0.9982241223067518,0.9971184244211457,1.0,0.9991140691025464,0.9980531567544233,1.0,0.999197041168614,0.9982638725786614,1.0,0.9991709338246721,0.9984152597877909,1.0,0.9976357719386755,0.9979533586203075,1.0,0.9481579675176874,0.7080534192075305,1.0,1.0,1.0,1.0
0.9985527909484375,0.997545997581966,1.0,0.9982241223067518,0.9971184244211457,1.0,0.9991140691025464,0.9980531567544233,1.0,0.999197041168614,0.9982638725786614,1.0,0.9991709338246721,0.9984152597877909,1.0,0.9976357719386755,0.9979533586203075,1.0,0.9481579675176874,0.7080534192075305,1.0,1.0,1.0,1.0
0.9963527211237704,0.9973544656858593,0.8881064483111203,0.9988494313538183,0.9983885403786417,1.0,0.9996220294816567,0.9984966382878042,1.0,0.9991457010898301,0.99807034322329,1.0,0.9992748075450635,0.9989008060065743,1.0,0.9981291585443586,0.9985956657570085,1.0,0.9485375320674478,0.7078741983064276,0.8884065281898685,1.0,1.0,0.8885869120653922
0.9985313363667672,0.9975479927058899,0.9999979529170915,0.9982279703624215,0.9971223935335018,1.0,0.9991180687905796,0.9980612940302507,1.0,0.999197041168614,0.9982619936528749,1.0,0.9991651630624432,0.9984131936336667,1.0,0.9976357719386755,0.9979533586203075,1.0,0.9481579675176874,0.70805484159564,0.9999980217606392,1.0,1.0,0.9999979550102296
0.9985527909484375,0.997545997581966,1.0,0.9982241223067518,0.9971184244211457,1.0,0.9991140691025464,0.9980531567544233,1.0,0.999197041168614,0.9982638725786614,1.0,0.9991709338246721,0.9984152597877909,1.0,0.9976357719386755,0.9979533586203075,1.0,0.9481579675176874,0.7080534192075305,1.0,1.0,1.0,1.0
0.9985527909484375,0.997545997581966,1.0,0.9982241223067518,0.9971184244211457,1.0,0.9991140691025464,0.9980531567544233,1.0,0.999197041168614,0.9982638725786614,1.0,0.9991709338246721,0.9984152597877909,1.0,0.9976357719386755,0.9979533586203075,1.0,0.9481579675176874,0.7080534192075305,1.0,1.0,1.0,1.0
0.9985527909484375,0.9975479927058899,1.0,0.9982241223067518,0.9971184244211457,1.0,0.9991140691025464,0.9980531567544233,1.0,0.999197041168614,0.9982638725786614,1.0,0.9991709338246721,0.9984152597877909,1.0,0.9976357719386755,0.9979533586203075,1.0,0.9481579675176874,0.7080534192075305,1.0,1.0,1.0,1.0
0.9985527909484375,0.997545997581966,1.0,0.9982241223067518,0.9971184244211457,1.0,0.9991140691025464,0.9980531567544233,1.0,0.999197041168614,0.9982638725786614,1.0,0.9991709338246721,0.9984152597877909,1.0,0.9976357719386755,0.9979533586203075,1.0,0.9481579675176874,0.7080534192075305,1.0,1.0,1.0,1.0
0.9985527909484375,0.997545997581966,1.0,0.9982241223067518,0.9971184244211457,1.0,0.9991140691025464,0.9980531567544233,1.0,0.999197041168614,0.9982638725786614,1.0,0.9991709338246721,0.9984152597877909,1.0,0.9976357719386755,0.9979533586203075,1.0,0.9481579675176874,0.7080534192075305,1.0,1.0,1.0,1.0
0.998572295113533,0.9975739293167862,1.0,0.9982241223067518,0.9971184244211457,1.0,0.9991140691025464,0.9980531567544233,1.0,0.9991990947717682,0.9982638725786614,1.0,0.9991728574121055,0.9984152597877909,1.0,0.9976357719386755,0.9979533586203075,1.0,0.9481579675176874,0.7080534192075305,0.9999990108803161,1.0,1.0,0.9999989775051148
0.9985527909484375,0.997545997581966,1.0,0.9982241223067518,0.9971184244211457,1.0,0.9991140691025464,0.9980531567544233,1.0,0.999197041168614,0.9982638725786614,1.0,0.9991709338246721,0.9984152597877909,1.0,0.9976357719386755,0.9979533586203075,1.0,0.9481579675176874,0.7080534192075305,1.0,1.0,1.0,1.0
0.9996625779433828,0.9969714018936315,0.9916264073695729,0.998177945638659,0.9967413587461067,1.0,0.998938082829568,0.9979229603408157,1.0,0.9991231114552335,0.99782044609438,1.0,0.999011276069325,0.9983883997842042,1.0,0.9977747257174343,0.9980445738348465,1.0,0.9481560601580981,0.708049152043202,0.991587537092002,1.0,1.0,0.9916472392639406
0.9985527909484375,0.997545997581966,1.0,0.9982241223067518,0.9971184244211457,1.0,0.9991140691025464,0.9980531567544233,1.0,0.999197041168614,0.9982638725786614,1.0,0.9991709338246721,0.9984152597877909,1.0,0.9976357719386755,0.9979533586203075,1.0,0.9481579675176874,0.7080534192075305,1.0,1.0,1.0,1.0
0.9985527909484375,0.997545997581966,1.0,0.9982241223067518,0.9971184244211457,1.0,0.9991140691025464,0.9980531567544233,1.0,0.999197041168614,0.9982638725786614,1.0,0.9991709338246721,0.9984152597877909,1.0,0.9976357719386755,0.9979533586203075,1.0,0.9481579675176874,0.7080534192075305,1.0,1.0,1.0,1.0
0.9985527909484375,0.997545997581966,1.0,0.9982241223067518,0.9971184244211457,1.0,0.9991140691025464,0.9980531567544233,1.0,0.999197041168614,0.9982638725786614,1.0,0.9991709338246721,0.9984152597877909,1.0,0.9976357719386755,0.9979533586203075,1.0,0.9481579675176874,0.7080534192075305,1.0,1.0,1.0,1.0
0.9985527909484375,0.997545997581966,1.0,0.9982241223067518,0.9971184244211457,1.0,0.9991140691025464,0.9980531567544233,1.0,0.999197041168614,0.9982638725786614,1.0,0.9991709338246721,0.9984152597877909,1.0,0.9976357719386755,0.9979533586203075,1.0,0.9481579675176874,0.7080534192075305,1.0,1.0,1.0,1.0
0.9976790043511841,0.9968896018131943,0.5353766632547661,0.9987724702402403,0.9979995673666195,0.535075235109673,0.9988640886011666,0.9992859540445949,0.5356513222329653,0.9984105111624473,0.9980365225590901,0.535004140786711,0.9976051336698788,0.9981507920600023,0.5363289869608252,0.9993374522724849,0.9992379728938658,0.5358726513569465,0.9480282670684517,0.707847172932432,0.5355499505439951,1.0,1.0,0.5356728016359327
0.9985527909484375,0.997545997581966,1.0,0.9982241223067518,0.9971184244211457,1.0,0.9991140691025464,0.9980531567544233,1.0,0.999197041168614,0.9982638725786614,1.0,0.9991709338246721,0.9984152597877909,1.0,0.9976357719386755,0.9979533586203075,1.0,0.9481579675176874,0.7080534192075305,1.0,1.0,1.0,1.0
0.9985527909484375,0.997545997581966,1.0,0.9982241223067518,0.9971184244211457,1.0,0.9991140691025464,0.9980531567544233,1.0,0.999197041168614,0.9982638725786614,1.0,0.9991709338246721,0.9984152597877909,1.0,0.9976357719386755,0.9979533586203075,1.0,0.9481579675176874,0.7080534192075305,1.0,1.0,1.0,1.0
0.0,0.0,0.0,0.0,0.0,0.0,0.0,0.0,0.0,0.0,0.0,0.0,0.0,0.0,0.0,0.0,0.0,0.0,0.0,0.0,0.0,0.0,0.0,0.0
0.9985527909484375,0.997545997581966,1.0,0.9982241223067518,0.9971184244211457,1.0,0.9991140691025464,0.9980531567544233,1.0,0.999197041168614,0.9982638725786614,1.0,0.9991709338246721,0.9984152597877909,1.0,0.9976357719386755,0.9979533586203075,1.0,0.9481579675176874,0.7080534192075305,1.0,1.0,1.0,1.0
0.9985527909484375,0.997545997581966,1.0,0.9982241223067518,0.9971184244211457,1.0,0.9991140691025464,0.9980531567544233,1.0,0.999197041168614,0.9982638725786614,1.0,0.9991709338246721,0.9984152597877909,1.0,0.9976357719386755,0.9979533586203075,1.0,0.9481579675176874,0.7080534192075305,1.0,1.0,1.0,1.0
0.9985527909484375,0.997545997581966,1.0,0.9982241223067518,0.9971184244211457,1.0,0.9991140691025464,0.9980531567544233,1.0,0.999197041168614,0.9982638725786614,1.0,0.9991709338246721,0.9984152597877909,1.0,0.9976357719386755,0.9979533586203075,1.0,0.9481579675176874,0.7080534192075305,1.0,1.0,1.0,1.0
0.9976887564340018,0.9970691629656443,0.9500225179119184,0.9984049809232829,0.997027134836685,0.9502737722048238,0.9989020856372264,0.9975160965486651,0.949809990205722,0.9996878523212871,0.9981605316607869,0.950226708074517,0.998232223166795,0.9984090613255034,0.9507673019056995,0.9975612604921196,0.9982403064829697,0.9504634655532058,0.9483220004387363,0.7080676430886257,0.9502680514342003,1.0,1.0,0.9506124744376478
0.9985722951136182,0.9975559732016137,0.9999344933470269,0.998283767169795,0.9970449958423586,0.9999299895507292,0.999118068790608,0.998026710607931,0.999925563173413,0.9992052555812023,0.9983033300200645,0.999948240165665,0.9991997876358738,0.9984255905583979,0.9999428284854943,0.9976297304700239,0.9979286544996597,0.9999363256785472,0.9481770411131691,0.7080505744313399,0.9999386745796599,1.0,1.0,0.9999355828221326
0.9985527909484375,0.997545997581966,1.0,0.9982241223067518,0.9971184244211457,1.0,0.9991140691025464,0.9980531567544233,1.0,0.999197041168614,0.9982638725786614,1.0,0.9991709338246721,0.9984152597877909,1.0,0.9976357719386755,0.9979533586203075,1.0,0.9481579675176874,0.7080534192075305,1.0,1.0,1.0,1.0
0.0,0.0,0.0,0.0,0.0,0.0,0.0,0.0,0.0,0.0,0.0,0.0,0.0,0.0,0.0,0.0,0.0,0.0,0.0,0.0,0.0,0.0,0.0,0.0
0.9983577492975257,0.9976696952648041,0.9999089048107166,0.9982856911975233,0.9970946097468669,1.0,0.9991520661388904,0.9980287449268417,1.0,0.9992340060252616,0.998284540762242,1.0,0.9991593923001574,0.9984214582501494,1.0,0.9976377857615972,0.9979438570354091,1.0,0.9482056515063562,0.7080818669696498,0.9999891196834838,1.0,1.0,0.9998997955010935
0.9985527909484375,0.997545997581966,1.0,0.9982241223067518,0.9971184244211457,1.0,0.9991140691025464,0.9980531567544233,1.0,0.999197041168614,0.9982638725786614,1.0,0.9991709338246721,0.9984152597877909,1.0,0.9976357719386755,0.9979533586203075,1.0,0.9481579675176874,0.7080534192075305,1.0,1.0,1.0,1.0
0.9985527909484375,0.997545997581966,1.0,0.9982241223067518,0.9971184244211457,1.0,0.9991140691025464,0.9980531567544233,1.0,0.999197041168614,0.9982638725786614,1.0,0.9991709338246721,0.9984152597877909,1.0,0.9976357719386755,0.9979533586203075,1.0,0.9481579675176874,0.7080534192075305,1.0,1.0,1.0,1.0
0.9985761959465833,0.9975759244407243,1.0,0.9982241223067518,0.9971184244211457,1.0,0.9991140691025464,0.9980531567544233,1.0,0.999197041168614,0.9982638725786614,1.0,0.9991709338246721,0.9984152597877909,1.0,0.9976357719386755,0.9979533586203075,1.0,0.9481579675176874,0.7080534192075305,1.0,1.0,1.0,1.0
0.9985527909484375,0.997545997581966,1.0,0.9982241223067518,0.9971184244211457,1.0,0.9991140691025464,0.9980531567544233,1.0,0.999197041168614,0.9982638725786614,1.0,0.9991709338246721,0.9984152597877909,1.0,0.9976357719386755,0.9979533586203075,1.0,0.9481579675176874,0.7080534192075305,1.0,1.0,1.0,1.0
0.9985410884493859,0.9975360219623894,1.0,0.9982279703624215,0.9971184244211457,0.9999989550679231,0.999116068946563,0.9980551910733766,0.9999990205680689,0.999197041168614,0.9982676304302345,1.0,0.9991670866498481,0.9984131936336667,1.0,0.9976357719386755,0.9979533586203075,1.0,0.9481579675176874,0.7080534192075305,0.9999990108803161,1.0,1.0,0.9999989775051148
0.9992685938080541,0.9970711580894971,0.9949252814739893,0.9981567813322982,0.9967750962013753,0.994943573667733,0.9991180687907075,0.9981243579180159,0.9948814887365458,0.9991046290268173,0.9980027018950324,0.9950010351967578,0.9990170468315966,0.9985826182716124,0.9950481444333548,0.9976498686989146,0.9980445738349744,0.9950229645094879,0.9481179129671631,0.708009325176306,0.9949357072206126,1.0,1.0,0.9950184049080306
0.9985527909484375,0.997545997581966,1.0,0.9982241223067518,0.9971184244211457,1.0,0.9991140691025464,0.9980531567544233,1.0,0.999197041168614,0.9982638725786614,1.0,0.9991709338246721,0.9984152597877909,1.0,0.9976357719386755,0.9979533586203075,1.0,0.9481579675176874,0.7080534192075305,1.0,1.0,1.0,1.0
0.9985527909484375,0.997545997581966,1.0,0.9982241223067518,0.9971184244211457,1.0,0.9991140691025464,0.9980531567544233,1.0,0.999197041168614,0.9982638725786614,1.0,0.9991709338246721,0.9984152597877909,1.0,0.9976357719386755,0.9979533586203075,1.0,0.9481579675176874,0.7080534192075305,1.0,1.0,1.0,1.0
0.998560592614524,0.9975479927057904,0.9999928352098308,0.9982395145294731,0.9971144553087612,1.0,0.9991200686345536,0.9980572253923299,1.0,0.9991949875654456,0.9982751461333521,1.0,0.9991670866498907,0.9984193920960536,1.0,0.9976317442929172,0.9979628602051491,1.0,0.9481560601581549,0.70805484159564,0.9999920870425427,1.0,1.0,0.9999948875255669
0.9989077667535895,0.9975799146885151,0.9992241555786734,0.9983337918935717,0.9969100460217675,1.0,0.999286055687449,0.9980002644613535,1.0,0.9992360596285437,0.9982206572857706,1.0,0.9992267178595284,0.9986693967448161,1.0,0.9975793848980317,0.9978925484771679,1.0,0.9481732263940472,0.7080278162216445,0.9992176063308023,1.0,1.0,0.9992014314932334
0.9985761959465833,0.9975440024580848,1.0,0.9982241223067518,0.9971184244211457,1.0,0.9991140691025464,0.9980531567544233,1.0,0.999197041168614,0.9982638725786614,1.0,0.9991709338246721,0.9984152597877909,1.0,0.9976357719386755,0.9979533586203075,1.0,0.9481579675176874,0.7080534192075305,1.0,1.0,1.0,1.0
0.9985527909484375,0.997545997581966,1.0,0.9982241223067518,0.9971184244211457,1.0,0.9991140691025464,0.9980531567544233,1.0,0.999197041168614,0.9982638725786614,1.0,0.9991709338246721,0.9984152597877909,1.0,0.9976357719386755,0.9979533586203075,1.0,0.9481579675176874,0.7080534192075305,1.0,1.0,1.0,1.0
0.9985527909484375,0.997545997581966,1.0,0.9982241223067518,0.9971184244211457,1.0,0.9991140691025464,0.9980531567544233,1.0,0.999197041168614,0.9982638725786614,1.0,0.9991709338246721,0.9984152597877909,1.0,0.9976357719386755,0.9979533586203075,1.0,0.9481579675176874,0.7080534192075305,1.0,1.0,1.0,1.0
0.998028128906995,0.9976976269995532,0.6283674513817985,0.9997190919359014,0.9977098221639835,0.6279895506792386,0.9974322002883724,0.9994019102253446,0.6281949069539579,0.9970304898459119,0.997698315918683,0.6274275362319202,0.9979013661316856,0.998888409081971,0.6293931795386882,0.9989810056227384,0.9997092515029635,0.628545929018756,0.9479615094842586,0.7078884221874517,0.6282383778437151,1.0,1.0,0.6282423312883623
0.9981822118114678,0.9963189963727217,0.8033121801433083,0.9994939806790484,0.9974557989723678,0.8028495297805023,0.996354284365836,0.9995565184666191,0.8031694417237887,0.998695962000042,0.9971534274424414,0.8028146997929184,0.9992632660206056,0.9990619660281652,0.8042678034101698,0.9982781814373709,0.9985234537119823,0.803804801670104,0.9481980220680271,0.7079694983094384,0.8029010880316747,1.0,1.0,0.8031083844580209
0.9985527909484375,0.9975479927058899,1.0,0.9982241223067518,0.9971184244211457,1.0,0.9991140691025464,0.9980531567544233,1.0,0.999197041168614,0.9982638725786614,1.0,0.9991709338246721,0.9984152597877909,1.0,0.9976357719386755,0.9979533586203075,1.0,0.9481579675176874,0.7080534192075305,1.0,1.0,1.0,1.0
0.9985527909484375,0.997545997581966,1.0,0.9982241223067518,0.9971184244211457,1.0,0.9991140691025464,0.9980531567544233,1.0,0.999197041168614,0.9982638725786614,1.0,0.9991709338246721,0.9984152597877909,1.0,0.9976357719386755,0.9979533586203075,1.0,0.9481579675176874,0.7080534192075305,1.0,1.0,1.0,1.0
0.998593749695317,0.9976238074147261,0.9999263050154141,0.9982779950862835,0.9970469803985367,1.0,0.9991200686346389,0.9980043330993169,1.0,0.9991949875654313,0.9982958143169327,1.0,0.9992017112233071,0.9984214582501636,1.0,0.9976357719386613,0.9979362557675415,1.0,0.9481789484727017,0.708056263983778,0.9999248269041203,1.0,1.0,0.9999233128834888
0.9985527909484375,0.997545997581966,1.0,0.9982241223067518,0.9971184244211457,1.0,0.9991140691025464,0.9980531567544233,1.0,0.999197041168614,0.9982638725786614,1.0,0.9991709338246721,0.9984152597877909,1.0,0.9976357719386755,0.9979533586203075,1.0,0.9481579675176874,0.7080534192075305,1.0,1.0,1.0,1.0
0.9985527909484375,0.997545997581966,1.0,0.9982241223067518,0.9971184244211457,1.0,0.9991140691025464,0.9980531567544233,1.0,0.999197041168614,0.9982638725786614,1.0,0.9991709338246721,0.9984152597877909,1.0,0.9976357719386755,0.9979533586203075,1.0,0.9481579675176874,0.7080534192075305,1.0,1.0,1.0,1.0
0.9992783458909287,0.9977714465846077,0.9983336745141571,0.9982626028634627,0.9969417989206164,1.0,0.9992860556875769,0.9981508040643803,1.0,0.9991066826301704,0.9982770250591528,1.0,0.9991459271882945,0.9985578244221784,1.0,0.9975834125438325,0.9979438570352954,1.0,0.9481751337535655,0.7080548415956827,0.9983966369935189,1.0,1.0,0.9983496932519174
0.9985527909484375,0.997545997581966,1.0,0.9982241223067518,0.9971184244211457,1.0,0.9991140691025464,0.9980531567544233,1.0,0.999197041168614,0.9982638725786614,1.0,0.9991709338246721,0.9984152597877909,1.0,0.9976357719386755,0.9979533586203075,1.0,0.9481579675176874,0.7080534192075305,1.0,1.0,1.0,1.0
0.9971992018895719,0.9979011296392315,0.5325721596724193,0.9984184491184038,0.9971819302190283,0.5323301985370676,0.9983861258822344,0.9990662475968719,0.5328667972575758,0.9984392616065065,0.9981755630669937,0.5322060041407966,0.9978378877470391,0.9978925227946291,0.5335817452356935,0.9994965442801202,0.999302583670854,0.5330855949894726,0.9480263597089333,0.7078144580060979,0.5327556874381472,1.0,1.0,0.5328241308793764
0.9985527909484375,0.997545997581966,1.0,0.9982241223067518,0.9971184244211457,1.0,0.9991140691025464,0.9980531567544233,1.0,0.999197041168614,0.9982638725786614,1.0,0.9991709338246721,0.9984152597877909,1.0,0.9976357719386755,0.9979533586203075,1.0,0.9481579675176874,0.7080534192075305,1.0,1.0,1.0,1.0
0.9950459420611111,0.9966322308279558,0.886267144319298,0.9973583097801537,0.9974022159553755,0.8862800417972139,0.9996240293258154,0.9974347237902919,0.8862066601370273,0.9988417678237482,0.9970576022274855,0.8861718426500644,0.9988035286286134,0.9988181598417185,0.8870290872617446,0.9980345088689546,0.9984208365955283,0.8869665970772047,0.9485775866179438,0.7078955341279851,0.8862205736892861,1.0,1.0,0.8863476482616903
0.9985527909484375,0.997545997581966,1.0,0.9982241223067518,0.9971184244211457,1.0,0.9991140691025464,0.9980531567544233,1.0,0.999197041168614,0.9982638725786614,1.0,0.9991709338246721,0.9984152597877909,1.0,0.9976357719386755,0.9979533586203075,1.0,0.9481579675176874,0.7080534192075305,1.0,1.0,1.0,1.0
0.9952663391267862,0.997174904533253,0.7250122824974667,0.9987686221846275,0.997324818264147,0.7246050156740012,0.9985061165229752,0.9996155137163498,0.7251792360431963,0.9986199786837346,0.9973807774617711,0.7244989648033311,0.9989535684469217,0.9979545074183847,0.7258896690070742,0.9976438272301635,0.9988940155218131,0.7252379958246848,0.9475590566200225,0.7078315266633268,0.7248625123640053,1.0,1.0,0.724770961145218
0.9985527909484375,0.997545997581966,1.0,0.9982241223067518,0.9971184244211457,1.0,0.9991140691025464,0.9980531567544233,1.0,0.999197041168614,0.9982638725786614,1.0,0.9991709338246721,0.9984152597877909,1.0,0.9976357719386755,0.9979533586203075,1.0,0.9481579675176874,0.7080534192075305,1.0,1.0,1.0,1.0
0.9971153339793659,0.9976098415472023,0.7578096212897094,0.9989013801052806,0.9962551424811608,0.7573155694879361,0.9971362233744259,0.9972943557820031,0.7576532810969638,0.9985439953672284,0.9968302522081132,0.7574834368530006,0.9991920932862115,0.9985598905763453,0.758779338014044,0.9982983196661905,0.9993481912784006,0.7581555323591189,0.9479767683606894,0.7082553983184141,0.7573936696340837,1.0,1.0,0.757516359918128
0.0,0.0,0.0,0.0,0.0,0.0,0.0,0.0,0.0,0.0,0.0,0.0,0.0,0.0,0.0,0.0,0.0,0.0,0.0,0.0,0.0,0.0,0.0,0.0
0.9985527909484375,0.997545997581966,1.0,0.9982241223067518,0.9971184244211457,1.0,0.9991140691025464,0.9980531567544233,1.0,0.999197041168614,0.9982638725786614,1.0,0.9991709338246721,0.9984152597877909,1.0,0.9976357719386755,0.9979533586203075,1.0,0.9481579675176874,0.7080534192075305,1.0,1.0,1.0,1.0
0.996565316523288,0.9972706704813703,0.9454964176049572,0.9981259968870404,0.9980452121590133,0.9456478578893055,0.9989720801778219,0.9980409508406467,0.94523408423116,0.9997453532095477,0.9984705544144958,0.9456915113872029,0.9982456882787574,0.9985247659562759,0.9461243731194173,0.9975773710751099,0.9985709616364318,0.9458465553236408,0.9483448887532973,0.708117426672203,0.9456122650841223,1.0,1.0,0.9458885480573045
0.9985586421979349,0.9975519829537234,1.0,0.9982279703624215,0.9971184244211457,1.0,0.9991140691025464,0.9980551910733766,1.0,0.9991990947717682,0.998265751504448,1.0,0.9991690102372672,0.9984131936336667,1.0,0.9976357719386755,0.9979533586203075,1.0,0.9481579675176874,0.7080534192075305,0.9999990108803161,1.0,1.0,0.9999989775051148
0.9985527909484375,0.997545997581966,1.0,0.9982241223067518,0.9971184244211457,1.0,0.9991140691025464,0.9980531567544233,1.0,0.999197041168614,0.9982638725786614,1.0,0.9991709338246721,0.9984152597877909,1.0,0.9976357719386755,0.9979533586203075,1.0,0.9481579675176874,0.7080534192075305,1.0,1.0,1.0,1.0
0.9985527909484375,0.997545997581966,1.0,0.9982241223067518,0.9971184244211457,1.0,0.9991140691025464,0.9980531567544233,1.0,0.999197041168614,0.9982638725786614,1.0,0.9991709338246721,0.9984152597877909,1.0,0.9976357719386755,0.9979533586203075,1.0,0.9481579675176874,0.7080534192075305,1.0,1.0,1.0,1.0
0.9985527909484375,0.997545997581966,1.0,0.9982241223067518,0.9971184244211457,1.0,0.9991140691025464,0.9980531567544233,1.0,0.999197041168614,0.9982638725786614,1.0,0.9991709338246721,0.9984152597877909,1.0,0.9976357719386755,0.9979533586203075,1.0,0.9481579675176874,0.7080534192075305,1.0,1.0,1.0,1.0
0.9985527909484375,0.997545997581966,1.0,0.9982241223067518,0.9971184244211457,1.0,0.9991140691025464,0.9980531567544233,1.0,0.999197041168614,0.9982638725786614,1.0,0.9991709338246721,0.9984152597877909,1.0,0.9976357719386755,0.9979533586203075,1.0,0.9481579675176874,0.7080534192075305,1.0,1.0,1.0,1.0
0.9985527909484375,0.997545997581966,1.0,0.9982241223067518,0.9971184244211457,1.0,0.9991140691025464,0.9980531567544233,1.0,0.999197041168614,0.9982638725786614,1.0,0.9991709338246721,0.9984152597877909,1.0,0.9976357719386755,0.9979533586203075,1.0,0.9481579675176874,0.7080534192075305,1.0,1.0,1.0,1.0
0.9985527909484375,0.997545997581966,1.0,0.9982241223067518,0.9971184244211457,1.0,0.9991140691025464,0.9980531567544233,1.0,0.999197041168614,0.9982638725786614,1.0,0.9991709338246721,0.9984152597877909,1.0,0.9976357719386755,0.9979533586203075,1.0,0.9481579675176874,0.7080534192075305,1.0,1.0,1.0,1.0
0.998568394280511,0.9975719341928908,1.0,0.9982241223067518,0.9971184244211457,1.0,0.9991140691025464,0.9980531567544233,1.0,0.999197041168614,0.9982638725786614,1.0,0.9991709338246721,0.9984152597877909,1.0,0.9976377857615546,0.9979533586203075,1.0,0.9481579675176874,0.7080534192075305,0.9999990108803161,1.0,1.0,0.9999989775051148
0.9985527909484375,0.997545997581966,1.0,0.9982241223067518,0.9971184244211457,1.0,0.9991140691025464,0.9980531567544233,1.0,0.999197041168614,0.9982638725786614,1.0,0.9991709338246721,0.9984152597877909,1.0,0.9976357719386755,0.9979533586203075,1.0,0.9481579675176874,0.7080534192075305,1.0,1.0,1.0,1.0
0.9987439317667253,0.9975240512187895,0.8264206755374488,0.9987397617670837,0.9985056291934882,1.0,0.9979001637872074,0.9978436219012963,1.0,0.9987103372222634,0.9975611543366938,1.0,0.9981648976073387,0.9993016399062782,1.0,0.9981795041165071,0.9982194029963836,1.0,0.9481655969558034,0.7081529863748415,0.8265905044510689,1.0,1.0,0.826784253578758
0.9985527909484375,0.997545997581966,1.0,0.9982241223067518,0.9971184244211457,1.0,0.9991140691025464,0.9980531567544233,1.0,0.999197041168614,0.9982638725786614,1.0,0.9991709338246721,0.9984152597877909,1.0,0.9976357719386755,0.9979533586203075,1.0,0.9481579675176874,0.7080534192075305,1.0,1.0,1.0,1.0
0.9985488901154298,0.9975499878298137,1.0,0.9982241223067518,0.9971184244211457,1.0,0.9991140691025464,0.9980531567544233,1.0,0.999197041168614,0.9982638725786614,1.0,0.9991709338246721,0.9984152597877909,1.0,0.9976357719386755,0.9979533586203075,1.0,0.9481579675176874,0.7080534192075305,1.0,1.0,1.0,1.0
0.9985527909484375,0.997545997581966,1.0,0.9982241223067518,0.9971184244211457,1.0,0.9991140691025464,0.9980531567544233,1.0,0.999197041168614,0.9982638725786614,1.0,0.9991709338246721,0.9984152597877909,1.0,0.9976357719386755,0.9979533586203075,1.0,0.9481579675176874,0.7080534192075305,1.0,1.0,1.0,1.0
0.9985488901154014,0.9975479927059183,0.9999969293756408,0.9982298943902634,0.9971204089773096,0.9999958202716925,0.999116068946563,0.9980612940302507,0.9999980411361378,0.999197041168614,0.9982638725786614,0.9999989648033107,0.9991651630624432,0.9984173259419009,0.9999989969909748,0.9976357719386755,0.9979571592542555,0.9999979123173262,0.9481579675176874,0.7080534192075305,0.9999970326409553,1.0,1.0,0.9999979550102296
0.9985527909484375,0.997545997581966,1.0,0.9982241223067518,0.9971184244211457,1.0,0.9991140691025464,0.9980531567544233,1.0,0.999197041168614,0.9982638725786614,1.0,0.9991709338246721,0.9984152597877909,1.0,0.9976357719386755,0.9979533586203075,1.0,0.9481579675176874,0.7080534192075305,1.0,1.0,1.0,1.0
0.9985527909484375,0.997545997581966,1.0,0.9982241223067518,0.9971184244211457,1.0,0.9991140691025464,0.9980531567544233,1.0,0.999197041168614,0.9982638725786614,1.0,0.9991709338246721,0.9984152597877909,1.0,0.9976357719386755,0.9979533586203075,1.0,0.9481579675176874,0.7080534192075305,1.0,1.0,1.0,1.0
0.9985527909484375,0.997545997581966,1.0,0.9982241223067518,0.9971184244211457,1.0,0.9991140691025464,0.9980531567544233,1.0,0.999197041168614,0.9982638725786614,1.0,0.9991709338246721,0.9984152597877909,1.0,0.9976357719386755,0.9979533586203075,1.0,0.9481579675176874,0.7080534192075305,1.0,1.0,1.0,1.0
0.9985566917814452,0.9975539780776614,1.0,0.9982241223067518,0.9971184244211457,1.0,0.9991140691025464,0.9980531567544233,1.0,0.999197041168614,0.9982638725786614,1.0,0.9991709338246721,0.9984152597877909,1.0,0.9976357719386755,0.9979533586203075,1.0,0.9481579675176874,0.7080534192075305,1.0,1.0,1.0,1.0
0.9985527909484375,0.997545997581966,1.0,0.9982241223067518,0.9971184244211457,1.0,0.9991140691025464,0.9980531567544233,1.0,0.999197041168614,0.9982638725786614,1.0,0.9991709338246721,0.9984152597877909,1.0,0.9976357719386755,0.9979533586203075,1.0,0.9481579675176874,0.7080534192075305,1.0,1.0,1.0,1.0
0.9985527909484375,0.997545997581966,1.0,0.9982241223067518,0.9971184244211457,1.0,0.9991140691025464,0.9980531567544233,1.0,0.999197041168614,0.9982638725786614,1.0,0.9991709338246721,0.9984152597877909,1.0,0.9976357719386755,0.9979533586203075,1.0,0.9481579675176874,0.7080534192075305,1.0,1.0,1.0,1.0
0.9985527909484375,0.997545997581966,1.0,0.9982241223067518,0.9971184244211457,1.0,0.9991140691025464,0.9980531567544233,1.0,0.999197041168614,0.9982638725786614,1.0,0.9991709338246721,0.9984152597877909,1.0,0.9976357719386755,0.9979533586203075,1.0,0.9481579675176874,0.7080534192075305,1.0,1.0,1.0,1.0
0.9985527909484375,0.997545997581966,1.0,0.9982241223067518,0.9971184244211457,1.0,0.9991140691025464,0.9980531567544233,1.0,0.999197041168614,0.9982638725786614,1.0,0.9991709338246721,0.9984152597877909,1.0,0.9976357719386755,0.9979533586203075,1.0,0.9481579675176874,0.7080534192075305,1.0,1.0,1.0,1.0
0.9966881927635711,0.9976018610516775,0.5024431934493876,0.9984242212018017,0.9985869959971581,0.5024117032392894,0.9996980235541884,0.9990336984935624,0.5030754162585325,0.997630141965729,0.9986678416214971,0.502148033126339,0.997145396278114,0.9991425460388399,0.5038425275827549,0.999418005187664,0.9991505583130902,0.5031450939456406,0.9478012912824312,0.7077433386008636,0.5026587537092055,1.0,1.0,0.5029406952965019
0.0,0.0,0.0,0.0,0.0,0.0,0.0,0.0,0.0,0.0,0.0,0.0,0.0,0.0,0.0,0.0,0.0,0.0,0.0,0.0,0.0,0.0,0.0,0.0
0.9985391380328537,0.9975459975819945,1.0,0.9982241223067518,0.9971184244211457,0.9999989550679231,0.9991140691025464,0.9980531567544233,0.9999990205680689,0.9991990947717682,0.9982638725786614,1.0,0.9991728574121055,0.9984152597877909,1.0,0.9976357719386755,0.9979533586203075,1.0,0.9481579675176874,0.7080534192075305,0.9999990108803161,1.0,1.0,0.9999989775051148
0.9985527909484375,0.997545997581966,1.0,0.9982241223067518,0.9971184244211457,1.0,0.9991140691025464,0.9980531567544233,1.0,0.999197041168614,0.9982638725786614,1.0,0.9991709338246721,0.9984152597877909,1.0,0.9976357719386755,0.9979533586203075,1.0,0.9481579675176874,0.7080534192075305,1.0,1.0,1.0,1.0
0.9985527909484375,0.997545997581966,1.0,0.9982241223067518,0.9971184244211457,1.0,0.9991140691025464,0.9980531567544233,1.0,0.999197041168614,0.9982638725786614,1.0,0.9991709338246721,0.9984152597877909,1.0,0.9976357719386755,0.9979533586203075,1.0,0.9481579675176874,0.7080534192075305,1.0,1.0,1.0,1.0
0.9955354966053136,0.9979290613739806,0.7133541453428478,0.9996344347110551,0.9973625248317006,0.7134242424243595,0.9978401684668086,0.9986085258307043,0.7138344760039672,0.9978539847089536,0.9976381902938272,0.7131521739130235,0.9987958342789511,0.9982355043790534,0.7147061183551244,0.9981251308985719,0.9992322719429865,0.7141659707725267,0.9475666860582521,0.7077732087509929,0.7133026706232286,1.0,1.0,0.7132453987730258
0.0,0.0,0.0,0.0,0.0,0.0,0.0,0.0,0.0,0.0,0.0,0.0,0.0,0.0,0.0,0.0,0.0,0.0,0.0,0.0,0.0,0.0,0.0,0.0
0.9985683942806958,0.9975878951842105,0.999903787103456,0.9983183996708505,0.9970569031794554,0.9999111807733243,0.9991240683227431,0.9980165390130651,0.9998952007836053,0.9991826659465488,0.9983052089458226,0.9999120082816333,0.9991882461114159,0.9984214582501636,0.9999117352056786,0.9976458410530711,0.9979457573523831,0.999907098121156,0.9481675043154496,0.7080576863718875,0.9999040553907719,1.0,1.0,0.9999008179959787
0.9985527909484375,0.997545997581966,1.0,0.9982241223067518,0.9971184244211457,1.0,0.9991140691025464,0.9980531567544233,1.0,0.999197041168614,0.9982638725786614,1.0,0.9991709338246721,0.9984152597877909,1.0,0.9976357719386755,0.9979533586203075,1.0,0.9481579675176874,0.7080534192075305,1.0,1.0,1.0,1.0
0.996992457739438,0.9973664364294592,0.797698055271276,0.9996325106833126,0.9968485247802334,0.7972737722047754,0.9963182871736649,0.9996907835179627,0.7974554358472048,0.9984331007971292,0.9972060373642506,0.7972474120083035,0.9992671131953159,0.9987830352215354,0.7985526579738789,0.9980465918061867,0.9983372226485869,0.7980407098121063,0.9480549701021346,0.7079894117428864,0.7972720079130156,1.0,1.0,0.7975470347648184
0.9972109043887372,0.9976537342733707,0.7471934493347092,0.9982799191139549,0.9973545866069742,0.7467533960291917,0.9968562452129675,0.9975547486088772,0.7470744368267006,0.9989937344568318,0.9966029021885703,0.7468291925466204,0.9990035817196059,0.9986404705871195,0.747994984954893,0.9983043611348705,0.9991923652864898,0.7474718162839409,0.9476887570692867,0.7080235490574154,0.7468635014836948,1.0,1.0,0.7469212678937183
0.9985527909484375,0.997545997581966,1.0,0.9982241223067518,0.9971184244211457,1.0,0.9991140691025464,0.9980531567544233,1.0,0.999197041168614,0.9982638725786614,1.0,0.9991709338246721,0.9984152597877909,1.0,0.9976357719386755,0.9979533586203075,1.0,0.9481579675176874,0.7080534192075305,1.0,1.0,1.0,1.0
0.9985547413649414,0.9975539780776614,1.0,0.9982241223067518,0.9971184244211457,1.0,0.9991140691025464,0.9980531567544233,1.0,0.999197041168614,0.9982638725786614,1.0,0.9991709338246721,0.9984152597877909,1.0,0.9976357719386755,0.9979533586203075,1.0,0.9481579675176874,0.7080534192075305,1.0,1.0,1.0,1.0
0.9985527909484375,0.997545997581966,1.0,0.9982241223067518,0.9971184244211457,1.0,0.9991140691025464,0.9980531567544233,1.0,0.999197041168614,0.9982638725786614,1.0,0.9991709338246721,0.9984152597877909,1.0,0.9976357719386755,0.9979533586203075,1.0,0.9481579675176874,0.7080534192075305,1.0,1.0,1.0,1.0
0.9985527909484375,0.997545997581966,1.0,0.9982241223067518,0.9971184244211457,1.0,0.9991140691025464,0.9980531567544233,1.0,0.999197041168614,0.9982638725786614,1.0,0.9991709338246721,0.9984152597877909,1.0,0.9976357719386755,0.9979533586203075,1.0,0.9481579675176874,0.7080534192075305,1.0,1.0,1.0,1.0
0.9985527909484375,0.997545997581966,1.0,0.9982241223067518,0.9971184244211457,1.0,0.9991140691025464,0.9980531567544233,1.0,0.999197041168614,0.9982638725786614,1.0,0.9991709338246721,0.9984152597877909,1.0,0.9976357719386755,0.9979533586203075,1.0,0.9481579675176874,0.7080534192075305,1.0,1.0,1.0,1.0
0.9985547413649414,0.9975539780776614,1.0,0.9982241223067518,0.9971184244211457,1.0,0.9991140691025464,0.9980531567544233,1.0,0.999197041168614,0.9982638725786614,1.0,0.9991709338246721,0.9984152597877909,1.0,0.9976357719386755,0.9979533586203075,1.0,0.9481579675176874,0.7080534192075305,1.0,1.0,1.0,1.0
0.9985527909484375,0.997545997581966,1.0,0.9982241223067518,0.9971184244211457,1.0,0.9991140691025464,0.9980531567544233,1.0,0.999197041168614,0.9982638725786614,1.0,0.9991709338246721,0.9984152597877909,1.0,0.9976357719386755,0.9979533586203075,1.0,0.9481579675176874,0.7080534192075305,1.0,1.0,1.0,1.0
0.9985527909484375,0.997545997581966,1.0,0.9982241223067518,0.9971184244211457,1.0,0.9991140691025464,0.9980531567544233,1.0,0.999197041168614,0.9982638725786614,1.0,0.9991709338246721,0.9984152597877909,1.0,0.9976357719386755,0.9979533586203075,1.0,0.9481579675176874,0.7080534192075305,1.0,1.0,1.0,1.0
0.9985527909484375,0.997545997581966,1.0,0.9982241223067518,0.9971184244211457,1.0,0.9991140691025464,0.9980531567544233,1.0,0.999197041168614,0.9982638725786614,1.0,0.9991709338246721,0.9984152597877909,1.0,0.9976357719386755,0.9979533586203075,1.0,0.9481579675176874,0.7080534192075305,1.0,1.0,1.0,1.0
0.9985547413649414,0.9975539780776614,1.0,0.9982241223067518,0.9971184244211457,1.0,0.9991140691025464,0.9980531567544233,1.0,0.999197041168614,0.9982638725786614,1.0,0.9991709338246721,0.9984152597877909,1.0,0.9976357719386755,0.9979533586203075,1.0,0.9481579675176874,0.7080534192075305,1.0,1.0,1.0,1.0
0.9985527909484375,0.997545997581966,1.0,0.9982241223067518,0.9971184244211457,1.0,0.9991140691025464,0.9980531567544233,1.0,0.999197041168614,0.9982638725786614,1.0,0.9991709338246721,0.9984152597877909,1.0,0.9976357719386755,0.9979533586203075,1.0,0.9481579675176874,0.7080534192075305,1.0,1.0,1.0,1.0
0.9963000598778393,0.9976916416278954,0.8588444216991746,0.999436259843975,0.9978705712147473,1.0,0.9987540971803526,0.9987102417786673,1.0,0.9990738249797175,0.9983052089457232,1.0,0.9983514855865678,0.9990268414079679,1.0,0.9982358911569378,0.9982213033133149,1.0,0.9483982948206346,0.708406171457483,0.8589228486647755,1.0,1.0,0.8590071574642977
0.9981002943179362,0.9961753474508157,0.8037697031729323,0.999222692753932,0.9975986870175433,0.8033072100312495,0.9964462771904437,0.9996500971386411,0.8036395690498921,0.9987637309038888,0.9970782704110661,0.8033074534161386,0.9991709338247432,0.9989875844797353,0.8047753259778645,0.9983466514153321,0.9985405565647767,0.8042828810020453,0.9481312644839193,0.7079623863689335,0.8033788328387246,1.0,1.0,0.8035991820040422
0.0,0.0,0.0,0.0,0.0,0.0,0.0,0.0,0.0,0.0,0.0,0.0,0.0,0.0,0.0,0.0,0.0,0.0,0.0,0.0,0.0,0.0,0.0,0.0
0.9975073676985176,0.9966601625628613,0.9472384851586142,0.998455005647159,0.9975014437646337,0.9474994775339596,0.9988460900050598,0.997762249142994,0.9470186092066157,0.9998357117480339,0.9982563568754586,0.9474917184264768,0.9981495089080852,0.9984731121032269,0.9478946840521658,0.9975894540124699,0.998496849274531,0.9477045929018857,0.9482914826859172,0.7080391953265064,0.9474302670623302,1.0,1.0,0.9477464212678584
0.9977277647642353,0.9962950548858345,0.8940522006140625,0.9991322634458442,0.9983746484855374,1.0,0.9986821027959252,0.998291172072669,1.0,0.9992832925009338,0.9982093837310231,1.0,0.9993863756148755,0.9989607244761629,1.0,0.9978170159979385,0.9986754790699308,1.0,0.9485451615057343,0.7079851445785579,0.8942729970325587,1.0,1.0,0.8944611451942279
0.9985527909484375,0.997545997581966,1.0,0.9982241223067518,0.9971184244211457,1.0,0.9991140691025464,0.9980531567544233,1.0,0.999197041168614,0.9982638725786614,1.0,0.9991709338246721,0.9984152597877909,1.0,0.9976357719386755,0.9979533586203075,1.0,0.9481579675176874,0.7080534192075305,1.0,1.0,1.0,1.0
0.9985527909484375,0.997545997581966,1.0,0.9982241223067518,0.9971184244211457,1.0,0.9991140691025464,0.9980531567544233,1.0,0.999197041168614,0.9982638725786614,1.0,0.9991709338246721,0.9984152597877909,1.0,0.9976357719386755,0.9979533586203075,1.0,0.9481579675176874,0.7080534192075305,1.0,1.0,1.0,1.0
0.9985410884493007,0.9975300365906179,1.0,0.9982260463345938,0.9971184244211457,1.0,0.999116068946563,0.9980572253923583,1.0,0.9991990947717682,0.9982676304302345,1.0,0.9991670866498481,0.9984131936336667,1.0,0.9976357719386755,0.9979533586203075,1.0,0.9481579675176874,0.7080534192075305,0.9999980217606392,1.0,1.0,0.9999989775051148
0.9985527909484375,0.9975499878298137,1.0,0.9982241223067518,0.9971184244211457,1.0,0.9991140691025464,0.9980531567544233,1.0,0.999197041168614,0.9982638725786614,1.0,0.9991709338246721,0.9984152597877909,1.0,0.9976357719386755,0.9979533586203075,1.0,0.9481579675176874,0.7080534192075305,1.0,1.0,1.0,1.0
0.998566443863993,0.9975499878297995,1.0,0.9982241223067518,0.9971184244211457,1.0,0.9991140691025464,0.9980531567544233,1.0,0.999197041168614,0.9982638725786614,1.0,0.9991709338246721,0.9984152597877909,1.0,0.9976357719386755,0.9979533586203075,1.0,0.9481579675176874,0.7080534192075305,1.0,1.0,1.0,1.0
0.9985527909484375,0.997545997581966,1.0,0.9982241223067518,0.9971184244211457,1.0,0.9991140691025464,0.9980531567544233,1.0,0.999197041168614,0.9982638725786614,1.0,0.9991709338246721,0.9984152597877909,1.0,0.9976357719386755,0.9979533586203075,1.0,0.9481579675176874,0.7080534192075305,1.0,1.0,1.0,1.0
0.9985547413649556,0.9975579683254665,0.9999928352098308,0.9982395145294447,0.9971164398649393,0.9999937304075317,0.9991200686345536,0.9980592597112974,0.9999951028403586,0.999197041168614,0.9982751461333521,0.9999968944099393,0.9991651630624858,0.9984193920960536,0.999994984954867,0.9976317442929172,0.9979609598881893,0.9999947807933225,0.9481560601581549,0.70805484159564,0.9999920870425427,1.0,1.0,0.9999948875255669
0.9985722951135898,0.9975380170863417,0.9999754350051333,0.9982606788356492,0.9971065170840205,0.9999749216301197,0.9991320676986533,0.9980307792458945,0.9999784524975652,0.9991949875654456,0.9982732672075656,0.9999803312629538,0.9991613158876476,0.9984235244042878,0.9999829488465437,0.9976337581158106,0.9979590595712153,0.9999801670146198,0.9481598748772626,0.7080562639837495,0.9999831849653873,1.0,1.0,0.9999805725971456
0.9985527909484375,0.997545997581966,1.0,0.9982241223067518,0.9971184244211457,1.0,0.9991140691025464,0.9980531567544233,1.0,0.999197041168614,0.9982638725786614,1.0,0.9991709338246721,0.9984152597877909,1.0,0.9976357719386755,0.9979533586203075,1.0,0.9481579675176874,0.7080534192075305,1.0,1.0,1.0,1.0
0.9985527909484375,0.997545997581966,1.0,0.9982241223067518,0.9971184244211457,1.0,0.9991140691025464,0.9980531567544233,1.0,0.999197041168614,0.9982638725786614,1.0,0.9991709338246721,0.9984152597877909,1.0,0.9976357719386755,0.9979533586203075,1.0,0.9481579675176874,0.7080534192075305,1.0,1.0,1.0,1.0
0.9985527909484375,0.997545997581966,1.0,0.9982241223067518,0.9971184244211457,1.0,0.9991140691025464,0.9980531567544233,1.0,0.999197041168614,0.9982638725786614,1.0,0.9991709338246721,0.9984152597877909,1.0,0.9976357719386755,0.9979533586203075,1.0,0.9481579675176874,0.7080534192075305,1.0,1.0,1.0,1.0
0.9985527909484375,0.997545997581966,1.0,0.9982241223067518,0.9971184244211457,1.0,0.9991140691025464,0.9980531567544233,1.0,0.999197041168614,0.9982638725786614,1.0,0.9991709338246721,0.9984152597877909,1.0,0.9976357719386755,0.9979533586203075,1.0,0.9481579675176874,0.7080534192075305,1.0,1.0,1.0,1.0
0.9957656457536075,0.997390377916247,0.7743265097236076,0.9991495796963221,0.9990196292450264,1.0,0.9967522533242175,0.9973167332905177,1.0,0.9987123908255029,0.998042159336407,1.0,0.9988323824398293,0.9985474936515857,1.0,0.99810297884693,0.998835105695747,1.0,0.9478680488665674,0.70812169383656,0.7741750741839297,1.0,1.0,0.7745020449897524
0.9985527909484375,0.997545997581966,1.0,0.9982241223067518,0.9971184244211457,1.0,0.9991140691025464,0.9980531567544233,1.0,0.999197041168614,0.9982638725786614,1.0,0.9991709338246721,0.9984152597877909,1.0,0.9976357719386755,0.9979533586203075,1.0,0.9481579675176874,0.7080534192075305,1.0,1.0,1.0,1.0
0.9985527909484375,0.997545997581966,1.0,0.9982241223067518,0.9971184244211457,1.0,0.9991140691025464,0.9980531567544233,1.0,0.999197041168614,0.9982638725786614,1.0,0.9991709338246721,0.9984152597877909,1.0,0.9976357719386755,0.9979533586203075,1.0,0.9481579675176874,0.7080534192075305,1.0,1.0,1.0,1.0
0.9985527909484375,0.997545997581966,1.0,0.9982241223067518,0.9971184244211457,1.0,0.9991140691025464,0.9980531567544233,1.0,0.999197041168614,0.9982638725786614,1.0,0.9991709338246721,0.9984152597877909,1.0,0.9976357719386755,0.9979533586203075,1.0,0.9481579675176874,0.7080534192075305,1.0,1.0,1.0,1.0
0.9986620142732363,0.9971369971789699,0.9972364380760084,0.9982298943902208,0.9966540382741726,0.997313479624097,0.9995780329134476,0.9982321768230662,0.9972047012736098,0.9990430209324188,0.9980665853718023,0.9972453416151481,0.9990151232442059,0.9986693967448019,0.9972467402209233,0.997676048396201,0.9980445738349033,0.9973173277664102,0.948175133753594,0.7080804445815829,0.9972937685463279,1.0,1.0,0.9972300613499385
0.9985527909484375,0.997545997581966,1.0,0.9982241223067518,0.9971184244211457,1.0,0.9991140691025464,0.9980531567544233,1.0,0.999197041168614,0.9982638725786614,1.0,0.9991709338246721,0.9984152597877909,1.0,0.9976357719386755,0.9979533586203075,1.0,0.9481579675176874,0.7080534192075305,1.0,1.0,1.0,1.0
0.0,0.0,0.0,0.0,0.0,0.0,0.0,0.0,0.0,0.0,0.0,0.0,0.0,0.0,0.0,0.0,0.0,0.0,0.0,0.0,0.0,0.0,0.0,0.0
0.9985527909484375,0.997545997581966,1.0,0.9982241223067518,0.9971184244211457,1.0,0.9991140691025464,0.9980531567544233,1.0,0.999197041168614,0.9982638725786614,1.0,0.9991709338246721,0.9984152597877909,1.0,0.9976357719386755,0.9979533586203075,1.0,0.9481579675176874,0.7080534192075305,1.0,1.0,1.0,1.0
0.9985527909484375,0.997545997581966,1.0,0.9982241223067518,0.9971184244211457,1.0,0.9991140691025464,0.9980531567544233,1.0,0.999197041168614,0.9982638725786614,1.0,0.9991709338246721,0.9984152597877909,1.0,0.9976357719386755,0.9979533586203075,1.0,0.9481579675176874,0.7080534192075305,1.0,1.0,1.0,1.0
0.9985527909484375,0.9975479927058899,1.0,0.9982241223067518,0.9971184244211457,1.0,0.9991140691025464,0.9980531567544233,1.0,0.999197041168614,0.9982638725786614,1.0,0.9991709338246721,0.9984152597877909,1.0,0.9976357719386755,0.9979533586203075,1.0,0.9481579675176874,0.7080534192075305,1.0,1.0,1.0,1.0
0.9964794981970044,0.9971409874267323,0.5045189355168773,0.9984357653687255,0.9982535905583774,0.5044754440961228,0.9993540503841132,0.9992432333464905,0.5051606268364637,0.997322101493225,0.9989346490822868,0.504254658385122,0.9974724061383711,0.9991528768095606,0.5059408224674584,0.999546889852013,0.9990764459512462,0.5051764091858288,0.9478890298215674,0.7077205803911113,0.504716122650855,1.0,1.0,0.5050010224948807
0.9986132538604977,0.9976497440256225,0.9979590583422038,0.9982760710582994,0.9968465402239985,0.9980219435740665,0.9994280446125146,0.9982382797798692,0.9979157688544618,0.9990368601230131,0.9980872535553829,0.9979430641825218,0.9991920932862115,0.9986404705872047,0.997988966901076,0.9975874401895624,0.9980920817591823,0.9979937369523455,0.9481369865626306,0.7080505744313825,0.9980267062318546,1.0,1.0,0.9979815950923836
0.9985527909484375,0.997545997581966,1.0,0.9982241223067518,0.9971184244211457,1.0,0.9991140691025464,0.9980531567544233,1.0,0.999197041168614,0.9982638725786614,1.0,0.9991709338246721,0.9984152597877909,1.0,0.9976357719386755,0.9979533586203075,1.0,0.9481579675176874,0.7080534192075305,1.0,1.0,1.0,1.0
0.9962727540466574,0.9976158269189455,0.8736223132036542,0.9990937828890196,0.9981305480749256,0.8734231974921443,0.9984401216704271,0.9976259497726261,0.8734407443682244,0.999059449757624,0.9972511315828427,0.8733664596273698,0.9979686916912129,0.9987665059884847,0.8742778335004786,0.9984413010907929,0.9982726118715561,0.8741565762004271,0.9483925727419944,0.7081202714484789,0.8733313550939528,1.0,1.0,0.8734253578731312
0.9985527909484375,0.997545997581966,1.0,0.9982241223067518,0.9971184244211457,1.0,0.9991140691025464,0.9980531567544233,1.0,0.999197041168614,0.9982638725786614,1.0,0.9991709338246721,0.9984152597877909,1.0,0.9976357719386755,0.9979533586203075,1.0,0.9481579675176874,0.7080534192075305,1.0,1.0,1.0,1.0
0.9985527909484375,0.997545997581966,1.0,0.9982241223067518,0.9971184244211457,1.0,0.9991140691025464,0.9980531567544233,1.0,0.999197041168614,0.9982638725786614,1.0,0.9991709338246721,0.9984152597877909,1.0,0.9976357719386755,0.9979533586203075,1.0,0.9481579675176874,0.7080534192075305,1.0,1.0,1.0,1.0
0.9985527909484375,0.997545997581966,1.0,0.9982241223067518,0.9971184244211457,1.0,0.9991140691025464,0.9980531567544233,1.0,0.999197041168614,0.9982638725786614,1.0,0.9991709338246721,0.9984152597877909,1.0,0.9976357719386755,0.9979533586203075,1.0,0.9481579675176874,0.7080534192075305,1.0,1.0,1.0,1.0
0.0,0.0,0.0,0.0,0.0,0.0,0.0,0.0,0.0,0.0,0.0,0.0,0.0,0.0,0.0,0.0,0.0,0.0,0.0,0.0,0.0,0.0,0.0,0.0
0.9985527909484375,0.9975479927058899,1.0,0.9982241223067518,0.9971184244211457,1.0,0.9991140691025464,0.9980531567544233,1.0,0.999197041168614,0.9982638725786614,1.0,0.9991709338246721,0.9984152597877909,1.0,0.9976357719386755,0.9979533586203075,1.0,0.9481579675176874,0.7080534192075305,1.0,1.0,1.0,1.0
0.9977199630980351,0.9979589882326394,0.9796192425793535,0.9984146010625778,0.9967651734203571,0.9797481713688754,0.999402046640455,0.9980734999440983,0.9796356513222264,0.9989218583466624,0.9977941411336104,0.9799999999999898,0.9984957546425051,0.9982685628448991,0.9801624874623869,0.9977767395403703,0.9981186861969036,0.9799551148225234,0.9482914826858888,0.7081344953294888,0.9799604352126963,1.0,1.0,0.9800112474437981
0.9974352022875479,0.996991353133069,0.5901299897645913,0.9979239739641343,0.9984083859404222,0.5898652037618319,0.996994234449673,0.999951176344851,0.5900519098922885,0.998720605238006,0.996584112930833,0.5892846790891468,0.9976185987819406,0.9981404612893812,0.5909197592779449,0.9989447568108147,0.9997149524540561,0.5904519832986423,0.9479596021248113,0.7077831654678164,0.590009891196857,1.0,1.0,0.5901083844580839
0.9985410884493575,0.997553978077633,1.0,0.9982279703624215,0.9971184244211457,1.0,0.9991140691025464,0.9980551910733766,1.0,0.9991990947717682,0.998265751504448,1.0,0.9991690102372672,0.9984131936336667,1.0,0.9976357719386755,0.9979533586203075,1.0,0.9481579675176874,0.7080534192075305,0.9999990108803161,1.0,1.0,0.9999989775051148
0.9985508405319052,0.997545997581966,1.0,0.9982241223067518,0.9971184244211457,1.0,0.9991140691025464,0.9980531567544233,1.0,0.999197041168614,0.9982638725786614,1.0,0.9991709338246721,0.9984152597877909,1.0,0.9976357719386755,0.9979533586203075,1.0,0.9481579675176874,0.7080534192075305,1.0,1.0,1.0,1.0
0.9985527909484375,0.997545997581966,1.0,0.9982241223067518,0.9971184244211457,1.0,0.9991140691025464,0.9980531567544233,1.0,0.999197041168614,0.9982638725786614,1.0,0.9991709338246721,0.9984152597877909,1.0,0.9976357719386755,0.9979533586203075,1.0,0.9481579675176874,0.7080534192075305,1.0,1.0,1.0,1.0
0.9985527909484375,0.997545997581966,1.0,0.9982241223067518,0.9971184244211457,1.0,0.9991140691025464,0.9980531567544233,1.0,0.999197041168614,0.9982638725786614,1.0,0.9991709338246721,0.9984152597877909,1.0,0.9976357719386755,0.9979533586203075,1.0,0.9481579675176874,0.7080534192075305,1.0,1.0,1.0,1.0
0.9989526263334767,0.9976916416277959,0.9988004094169654,0.9984357653688534,0.9968544784486397,1.0,0.9993320520999021,0.9980002644613108,1.0,0.999155969105729,0.9981981101764035,1.0,0.9991786281743487,0.9986136105835186,1.0,0.9976015369497162,0.9979267541826431,1.0,0.9481884852704354,0.7080477296551351,0.9988625123644752,1.0,1.0,0.9987965235178322
0.9985527909484375,0.997545997581966,1.0,0.9982241223067518,0.9971184244211457,1.0,0.9991140691025464,0.9980531567544233,1.0,0.999197041168614,0.9982638725786614,1.0,0.9991709338246721,0.9984152597877909,1.0,0.9976357719386755,0.9979533586203075,1.0,0.9481579675176874,0.7080534192075305,1.0,1.0,1.0,1.0
0.0,0.0,0.0,0.0,0.0,0.0,0.0,0.0,0.0,0.0,0.0,0.0,0.0,0.0,0.0,0.0,0.0,0.0,0.0,0.0,0.0,0.0,0.0,0.0
0.9985527909484375,0.997545997581966,1.0,0.9982241223067518,0.9971184244211457,1.0,0.9991140691025464,0.9980531567544233,1.0,0.999197041168614,0.9982638725786614,1.0,0.9991709338246721,0.9984152597877909,1.0,0.9976357719386755,0.9979533586203075,1.0,0.9481579675176874,0.7080534192075305,1.0,1.0,1.0,1.0
0.9985527909484375,0.997545997581966,1.0,0.9982241223067518,0.9971184244211457,1.0,0.9991140691025464,0.9980531567544233,1.0,0.999197041168614,0.9982638725786614,1.0,0.9991709338246721,0.9984152597877909,1.0,0.9976357719386755,0.9979533586203075,1.0,0.9481579675176874,0.7080534192075305,1.0,1.0,1.0,1.0
0.9985527909484375,0.997545997581966,1.0,0.9982241223067518,0.9971184244211457,1.0,0.9991140691025464,0.9980531567544233,1.0,0.999197041168614,0.9982638725786614,1.0,0.9991709338246721,0.9984152597877909,1.0,0.9976357719386755,0.9979533586203075,1.0,0.9481579675176874,0.7080534192075305,1.0,1.0,1.0,1.0
0.9969924577395517,0.9995610727382882,0.6684626407369691,0.998079820218976,0.9974557989723394,0.6683469174503713,0.9978721659710885,0.9989869091574235,0.6686219392752974,0.9983263134332816,0.9983484242388272,0.6677318840579076,0.998209140117865,0.9985826182717545,0.6696589769307622,0.9993575905013188,0.9990764459511752,0.6689947807932839,0.9477078306646547,0.7076608400907247,0.6683491592482582,1.0,1.0,0.6683854805726099
0.9985527909484375,0.997545997581966,1.0,0.9982241223067518,0.9971184244211457,1.0,0.9991140691025464,0.9980531567544233,1.0,0.999197041168614,0.9982638725786614,1.0,0.9991709338246721,0.9984152597877909,1.0,0.9976357719386755,0.9979533586203075,1.0,0.9481579675176874,0.7080534192075305,1.0,1.0,1.0,1.0
0.9985527909484375,0.997545997581966,1.0,0.9982241223067518,0.9971184244211457,1.0,0.9991140691025464,0.9980531567544233,1.0,0.999197041168614,0.9982638725786614,1.0,0.9991709338246721,0.9984152597877909,1.0,0.9976357719386755,0.9979533586203075,1.0,0.9481579675176874,0.7080534192075305,1.0,1.0,1.0,1.0
0.9985527909484375,0.997545997581966,1.0,0.9982241223067518,0.9971184244211457,1.0,0.9991140691025464,0.9980531567544233,1.0,0.999197041168614,0.9982638725786614,1.0,0.9991709338246721,0.9984152597877909,1.0,0.9976357719386755,0.9979533586203075,1.0,0.9481579675176874,0.7080534192075305,1.0,1.0,1.0,1.0
0.9985527909484375,0.997545997581966,1.0,0.9982241223067518,0.9971184244211457,1.0,0.9991140691025464,0.9980531567544233,1.0,0.999197041168614,0.9982638725786614,1.0,0.9991709338246721,0.9984152597877909,1.0,0.9976357719386755,0.9979533586203075,1.0,0.9481579675176874,0.7080534192075305,1.0,1.0,1.0,1.0
0.9985527909484375,0.9975519829537376,1.0,0.9982241223067518,0.9971184244211457,1.0,0.9991140691025464,0.9980531567544233,1.0,0.999197041168614,0.9982638725786614,1.0,0.9991709338246721,0.9984152597877909,1.0,0.9976357719386755,0.9979533586203075,1.0,0.9481579675176874,0.7080534192075305,1.0,1.0,1.0,1.0
0.9985527909484375,0.997545997581966,1.0,0.9982241223067518,0.9971184244211457,1.0,0.9991140691025464,0.9980531567544233,1.0,0.999197041168614,0.9982638725786614,1.0,0.9991709338246721,0.9984152597877909,1.0,0.9976357719386755,0.9979533586203075,1.0,0.9481579675176874,0.7080534192075305,1.0,1.0,1.0,1.0
0.9969593006587303,0.9965983137211794,0.8983582395085747,0.9976930906235566,0.9978507256530236,0.8983887147334713,0.9987500974923762,0.9970258256790885,0.8981841332026121,0.9986980156034093,0.9978843295709083,0.8982650103518495,0.9991055318525213,0.9990041137127292,0.899176529588658,0.9978532648098479,0.9984930486404693,0.8988736951982901,0.9485527909438218,0.7080207042811821,0.8983402571709718,1.0,1.0,0.8985562372187204
0.9985547413649414,0.9975539780776614,1.0,0.9982241223067518,0.9971184244211457,1.0,0.9991140691025464,0.9980531567544233,1.0,0.999197041168614,0.9982638725786614,1.0,0.9991709338246721,0.9984152597877909,1.0,0.9976357719386755,0.9979533586203075,1.0,0.9481579675176874,0.7080534192075305,1.0,1.0,1.0,1.0
0.9985527909484375,0.997545997581966,1.0,0.9982241223067518,0.9971184244211457,1.0,0.9991140691025464,0.9980531567544233,1.0,0.999197041168614,0.9982638725786614,1.0,0.9991709338246721,0.9984152597877909,1.0,0.9976357719386755,0.9979533586203075,1.0,0.9481579675176874,0.7080534192075305,1.0,1.0,1.0,1.0
0.9985527909484375,0.997545997581966,1.0,0.9982241223067518,0.9971184244211457,1.0,0.9991140691025464,0.9980531567544233,1.0,0.999197041168614,0.9982638725786614,1.0,0.9991709338246721,0.9984152597877909,1.0,0.9976357719386755,0.9979533586203075,1.0,0.9481579675176874,0.7080534192075305,1.0,1.0,1.0,1.0
0.9969300444112719,0.9986672572234596,0.8439027635619425,0.999097630944803,0.9988390346324394,1.0,0.9983341299381152,0.9985047755636174,1.0,0.9984248863844272,0.9984724333402539,1.0,0.9980514059500649,0.9996549522614231,1.0,0.9982499879172195,0.9985310549798783,1.0,0.9471527890364513,0.7095412371646717,0.8441157270030075,1.0,1.0,0.8440337423313409
0.9970802264826233,0.9968457090869265,0.9701975435006034,0.9987974826020007,0.9964476444311003,0.9703949843261412,0.9989800795538173,0.9973797971783682,0.9702213516161606,0.9983550638774688,0.9977095894733878,0.9706128364390167,0.9988246880900675,0.9986156767377139,0.9709107321966712,0.9976901451564686,0.9974858806449731,0.970567849686951,0.9484612376856347,0.7081273833890123,0.9706468842730516,1.0,1.0,0.9707208588957812
0.9949893799821012,0.9968716456979649,0.7783449334697465,0.9994882085955368,0.9987695751660084,0.7778338557992939,0.9968682442770103,0.9970278599980702,0.7780617042114173,0.9986487291277228,0.9977734729498309,0.7779658385092603,0.999334438754758,0.9991735383507461,0.7791464393179126,0.998127144721451,0.9986583762171222,0.7785302713986582,0.947942435888919,0.7081515639868314,0.7778367952521137,1.0,1.0,0.7780777096113951
0.9985527909484375,0.997545997581966,1.0,0.9982241223067518,0.9971184244211457,1.0,0.9991140691025464,0.9980531567544233,1.0,0.999197041168614,0.9982638725786614,1.0,0.9991709338246721,0.9984152597877909,1.0,0.9976357719386755,0.9979533586203075,1.0,0.9481579675176874,0.7080534192075305,1.0,1.0,1.0,1.0
0.9985625430310421,0.9975519829536523,0.9999928352098308,0.9982395145294447,0.9971124707525831,1.0,0.9991220684785844,0.9980592597112974,1.0,0.9991949875654456,0.9982751461333521,1.0,0.9991670866498907,0.9984193920960536,1.0,0.9976317442929172,0.9979609598881893,1.0,0.9481560601581549,0.70805484159564,0.9999920870425427,1.0,1.0,0.9999948875255669
0.9985527909484375,0.997545997581966,1.0,0.9982241223067518,0.9971184244211457,1.0,0.9991140691025464,0.9980531567544233,1.0,0.999197041168614,0.9982638725786614,1.0,0.9991709338246721,0.9984152597877909,1.0,0.9976357719386755,0.9979533586203075,1.0,0.9481579675176874,0.7080534192075305,1.0,1.0,1.0,1.0
0.9979988726594229,0.9961653718312959,0.754763561924257,0.9986512564864398,0.9965627486895983,1.0,0.9968182481766945,0.9972353605321302,1.0,0.9990512353449787,0.997600611778168,1.0,0.9989477976847922,0.9981445935977433,1.0,0.9983244993638039,0.9994242039571333,1.0,0.946935350048193,0.7092382684984386,0.7548862512365062,1.0,1.0,0.7549253578731623
0.9985118322018565,0.997775436832427,0.9990962128970295,0.9984415374522086,0.9969040923534038,0.9991243469178528,0.9993200530357313,0.998049088116403,0.9990734573951485,0.9992011483749224,0.9982244151373862,0.9990973084889987,0.9991632394749104,0.9986012136588585,0.9990932798399328,0.997587440189605,0.9979153522808701,0.99912630480204,0.9482037441467668,0.7080562639837495,0.9991097922852887,1.0,1.0,0.999064417178289
0.9967662094241092,0.9992538236550104,0.49998157625382333,0.9985569791224975,0.9984143396090843,0.4999780564263645,0.9994880399330128,0.9982708288831788,0.5005788442703079,0.9979402360410887,0.9986434155864572,0.49972463768109776,0.9975031835371198,0.9991260168060165,0.5014232698094432,0.9994260604791663,0.9991543589470524,0.5007004175364926,0.9478299016756893,0.7077177356149775,0.5000890207715756,1.0,1.0,0.5005408997955101
0.9985527909484375,0.997545997581966,1.0,0.9982241223067518,0.9971184244211457,1.0,0.9991140691025464,0.9980531567544233,1.0,0.999197041168614,0.9982638725786614,1.0,0.9991709338246721,0.9984152597877909,1.0,0.9976357719386755,0.9979533586203075,1.0,0.9481579675176874,0.7080534192075305,1.0,1.0,1.0,1.0
0.9985527909484375,0.997545997581966,1.0,0.9982241223067518,0.9971184244211457,1.0,0.9991140691025464,0.9980531567544233,1.0,0.999197041168614,0.9982638725786614,1.0,0.9991709338246721,0.9984152597877909,1.0,0.9976357719386755,0.9979533586203075,1.0,0.9481579675176874,0.7080534192075305,1.0,1.0,1.0,1.0
0.9984396667907447,0.9976716903886853,0.999366427840684,0.9983703484224122,0.9969437834770503,0.9993688610243581,0.9993000545956363,0.9979270289788218,0.9993349657202515,0.9991600763118385,0.9982695093561631,0.9993643892343158,0.9992267178595853,0.9985516259598484,0.9993570712139856,0.9976236890013865,0.9978773459413475,0.9993663883093262,0.9481713190345289,0.7080263938335634,0.9993580613257862,1.0,1.0,0.9993394683030132
0.9985527909484375,0.997545997581966,1.0,0.9982241223067518,0.9971184244211457,1.0,0.9991140691025464,0.9980531567544233,1.0,0.999197041168614,0.9982638725786614,1.0,0.9991709338246721,0.9984152597877909,1.0,0.9976357719386755,0.9979533586203075,1.0,0.9481579675176874,0.7080534192075305,1.0,1.0,1.0,1.0
0.9969124906623534,0.9982303250854017,0.7197471852610491,0.9981683254995346,0.9971045325277572,1.0,0.9981941408569384,0.9984701921412977,1.0,0.9982996165924334,0.9979463341216501,1.0,0.9986958077335402,0.9981032705152586,1.0,0.9977968777691615,0.999084047219128,1.0,0.9476429804400794,0.707783165467788,0.7197448071216925,1.0,1.0,0.7196083844580983
0.9985527909484375,0.997545997581966,1.0,0.9982241223067518,0.9971184244211457,1.0,0.9991140691025464,0.9980531567544233,1.0,0.999197041168614,0.9982638725786614,1.0,0.9991709338246721,0.9984152597877909,1.0,0.9976357719386755,0.9979533586203075,1.0,0.9481579675176874,0.7080534192075305,1.0,1.0,1.0,1.0
0.9985508405319052,0.9975539780776614,1.0,0.9982241223067518,0.9971184244211457,1.0,0.9991140691025464,0.9980531567544233,1.0,0.999197041168614,0.9982638725786614,1.0,0.9991709338246721,0.9984152597877909,1.0,0.9976357719386755,0.9979533586203075,1.0,0.9481579675176874,0.7080534192075305,1.0,1.0,1.0,1.0
0.9985527909484375,0.997545997581966,1.0,0.9982241223067518,0.9971184244211457,1.0,0.9991140691025464,0.9980531567544233,1.0,0.999197041168614,0.9982638725786614,1.0,0.9991709338246721,0.9984152597877909,1.0,0.9976357719386755,0.9979533586203075,1.0,0.9481579675176874,0.7080534192075305,1.0,1.0,1.0,1.0
0.9985527909484375,0.9975479927058899,1.0,0.9982241223067518,0.9971184244211457,1.0,0.9991140691025464,0.9980531567544233,1.0,0.999197041168614,0.9982638725786614,1.0,0.9991709338246721,0.9984152597877909,1.0,0.9976357719386755,0.9979533586203075,1.0,0.9481579675176874,0.7080534192075305,1.0,1.0,1.0,1.0
0.9985527909484375,0.997545997581966,1.0,0.9982241223067518,0.9971184244211457,1.0,0.9991140691025464,0.9980531567544233,1.0,0.999197041168614,0.9982638725786614,1.0,0.9991709338246721,0.9984152597877909,1.0,0.9976357719386755,0.9979533586203075,1.0,0.9481579675176874,0.7080534192075305,1.0,1.0,1.0,1.0
0.9985449892823937,0.9975360219623894,0.9999989764585422,0.9982260463345938,0.9971184244211457,0.9999979101358463,0.999116068946563,0.9980551910733766,0.9999980411361378,0.999197041168614,0.9982676304302345,0.9999989648033107,0.9991690102372672,0.9984131936336667,1.0,0.9976357719386755,0.9979533586203075,0.9999989561586631,0.9481579675176874,0.7080534192075305,0.9999990108803161,1.0,1.0,0.9999989775051148
0.9985527909484375,0.997545997581966,1.0,0.9982241223067518,0.9971184244211457,1.0,0.9991140691025464,0.9980531567544233,1.0,0.999197041168614,0.9982638725786614,1.0,0.9991709338246721,0.9984152597877909,1.0,0.9976357719386755,0.9979533586203075,1.0,0.9481579675176874,0.7080534192075305,1.0,1.0,1.0,1.0
0.9985820471960665,0.9976297927864834,0.9999662231320627,0.9982568307800079,0.997102547971636,1.0,0.9991480664508003,0.9980246762889777,1.0,0.9992032019780481,0.9982713882817933,1.0,0.9991613158876476,0.9984235244042878,1.0,0.997627716647159,0.9979514583033193,1.0,0.9481560601581549,0.7080519968194352,0.9999703264095174,1.0,1.0,0.9999703476482793
0.997868194753039,0.9979031247630701,0.9801729785057063,0.9984069049513096,0.9968326483308232,0.9803406478579149,0.9993900475762558,0.9980694313061065,0.98018511263475,0.9988540894426166,0.9980346436335736,0.9805869565217833,0.9983918809221421,0.9982582320744058,0.9807011033100252,0.9977888224776166,0.9981813966570598,0.9805093945720245,0.9482533354949823,0.7081572535391558,0.9805222551929518,1.0,1.0,0.9805501022495662
0.9985527909484375,0.997545997581966,1.0,0.9982241223067518,0.9971184244211457,1.0,0.9991140691025464,0.9980531567544233,1.0,0.999197041168614,0.9982638725786614,1.0,0.9991709338246721,0.9984152597877909,1.0,0.9976357719386755,0.9979533586203075,1.0,0.9481579675176874,0.7080534192075305,1.0,1.0,1.0,1.0
0.9985508405319052,0.997545997581966,1.0,0.9982241223067518,0.9971184244211457,1.0,0.9991140691025464,0.9980531567544233,1.0,0.999197041168614,0.9982638725786614,1.0,0.9991709338246721,0.9984152597877909,1.0,0.9976357719386755,0.9979533586203075,1.0,0.9481579675176874,0.7080534192075305,1.0,1.0,1.0,1.0
0.9969983089889496,0.9994493457988654,0.6685516888433938,0.9980201753559754,0.997582810568062,0.6684367816091807,0.9979321612914873,0.9990540416831095,0.6687365328110246,0.9982893485766198,0.9983014510943917,0.6678178053829456,0.9981995221808546,0.9986136105836039,0.6697492477431908,0.9993757149072593,0.999065044049317,0.6690960334028659,0.947705923305108,0.7076565729263962,0.6684510385756539,1.0,1.0,0.6684826175869176
0.9985527909484375,0.997545997581966,1.0,0.9982241223067518,0.9971184244211457,1.0,0.9991140691025464,0.9980531567544233,1.0,0.999197041168614,0.9982638725786614,1.0,0.9991709338246721,0.9984152597877909,1.0,0.9976357719386755,0.9979533586203075,1.0,0.9481579675176874,0.7080534192075305,1.0,1.0,1.0,1.0
0.9985527909484375,0.997545997581966,1.0,0.9982241223067518,0.9971184244211457,1.0,0.9991140691025464,0.9980531567544233,1.0,0.999197041168614,0.9982638725786614,1.0,0.9991709338246721,0.9984152597877909,1.0,0.9976357719386755,0.9979533586203075,1.0,0.9481579675176874,0.7080534192075305,1.0,1.0,1.0,1.0
0.9985527909484375,0.997545997581966,1.0,0.9982241223067518,0.9971184244211457,1.0,0.9991140691025464,0.9980531567544233,1.0,0.999197041168614,0.9982638725786614,1.0,0.9991709338246721,0.9984152597877909,1.0,0.9976357719386755,0.9979533586203075,1.0,0.9481579675176874,0.7080534192075305,1.0,1.0,1.0,1.0
0.9985527909484375,0.997545997581966,1.0,0.9982241223067518,0.9971184244211457,1.0,0.9991140691025464,0.9980531567544233,1.0,0.999197041168614,0.9982638725786614,1.0,0.9991709338246721,0.9984152597877909,1.0,0.9976357719386755,0.9979533586203075,1.0,0.9481579675176874,0.7080534192075305,1.0,1.0,1.0,1.0
0.998732229267631,0.9975539780776899,0.999806550665447,0.9983068555038273,0.9969636290387172,1.0,0.9991460666067837,0.997943303530505,1.0,0.9992011483749224,0.9982488411723835,1.0,0.9992459537338476,0.9983904659382716,1.0,0.997607578418382,0.9979229535487519,1.0,0.9481865779108887,0.7080420401026828,0.9997992087043954,1.0,1.0,0.9998098159510462
0.9986776176053098,0.9971389923028795,0.9972364380760084,0.9982279703623931,0.9966560228303507,0.997313479624097,0.9995840324454974,0.9982423484178611,0.9972047012736098,0.9990389137260962,0.9980684642975888,0.9972453416151481,0.99901897041903,0.9986673305906777,0.9972457372119052,0.997676048396201,0.9980426735179293,0.9973152400837364,0.948175133753594,0.7080804445815829,0.9972937685463279,1.0,1.0,0.9972300613499385
0.0,0.0,0.0,0.0,0.0,0.0,0.0,0.0,0.0,0.0,0.0,0.0,0.0,0.0,0.0,0.0,0.0,0.0,0.0,0.0,0.0,0.0,0.0,0.0
0.9974878635333511,0.9976158269190591,0.9579498464687788,0.9988205709363598,0.997160100100956,1.0,0.9985801107513055,0.997605606582951,1.0,0.9984413152095755,0.9980158543755664,1.0,0.9987496681810768,0.9985165013398216,1.0,0.9977928501232611,0.997808934530326,1.0,0.9482819458882403,0.708164365479675,0.9583511374877034,1.0,1.0,0.9585920245399322
0.9980963934850564,0.9965763673581023,0.9643101330604154,0.9985050303709215,0.9972116985617561,1.0,0.9981901411688767,0.9972170516613801,1.0,0.9985460489703257,0.9979933072662277,1.0,0.9986842662088975,0.9985288982645244,1.0,0.9979297900791977,0.9974364724035922,1.0,0.9483563329105067,0.7081487192105129,0.9648635014836628,1.0,1.0,0.9649110429448271
0.9987887913463567,0.9967678992542233,0.99178505629488,0.9982145021675564,0.99665999194265,0.9918944618600918,0.9991700647349404,0.997908720108228,0.9917864838394479,0.9994003478803819,0.9977283787311393,0.9918892339545877,0.998886242887437,0.9983925320924243,0.9919969909729858,0.9977807671860575,0.9980616766876125,0.9918789144051416,0.9481408012817667,0.70805484159564,0.9918565776459403,1.0,1.0,0.991875255623853
0.9985527909484375,0.997545997581966,1.0,0.9982241223067518,0.9971184244211457,1.0,0.9991140691025464,0.9980531567544233,1.0,0.999197041168614,0.9982638725786614,1.0,0.9991709338246721,0.9984152597877909,1.0,0.9976357719386755,0.9979533586203075,1.0,0.9481579675176874,0.7080534192075305,1.0,1.0,1.0,1.0
0.9961342744743718,0.9962391914160946,0.890128966223152,0.9976911665959278,0.9981742083108287,0.8901274817136695,0.999286055687719,0.9977174941257516,0.8899872673849814,0.9987226588409754,0.9977358944342569,0.8900289855072216,0.9991420800134705,0.9985578244221642,0.8908074222667679,0.9981009650240367,0.9985671610024269,0.8908653444676276,0.9485070143147425,0.7079140251733094,0.8900168150346275,1.0,1.0,0.8902147239264053
0.9965750686058357,0.9961174888571804,0.9081484135106095,0.999580561931765,0.9980094901475951,1.0,0.9985841104393387,0.9981223235990484,1.0,0.9989321263622912,0.9982375676177355,1.0,0.9988092993908992,0.9986239413541256,1.0,0.9981190894298635,0.9983315216979491,1.0,0.9485070143147425,0.707899801292271,0.9082858555884599,1.0,1.0,0.9086697341512391
0.9985586421979633,0.9975499878297995,1.0,0.9982241223067518,0.9971184244211457,1.0,0.9991140691025464,0.9980531567544233,1.0,0.999197041168614,0.9982638725786614,1.0,0.9991709338246721,0.9984152597877909,1.0,0.9976357719386755,0.9979533586203075,1.0,0.9481579675176874,0.7080534192075305,1.0,1.0,1.0,1.0
0.9997952062662705,0.9975001097317318,0.9956151484136484,0.9982145021674853,0.9967790653136888,1.0,0.9994300444565027,0.9983033779865593,1.0,0.9990368601230131,0.9979125134575639,1.0,0.9990612893420376,0.9984214582500499,1.0,0.9975914678353206,0.9980160690803928,1.0,0.948171319034472,0.7080292386097966,0.9955905044511439,1.0,1.0,0.9956206543967809
0.9985527909484375,0.997545997581966,1.0,0.9982241223067518,0.9971184244211457,1.0,0.9991140691025464,0.9980531567544233,1.0,0.999197041168614,0.9982638725786614,1.0,0.9991709338246721,0.9984152597877909,1.0,0.9976357719386755,0.9979533586203075,1.0,0.9481579675176874,0.7080534192075305,1.0,1.0,1.0,1.0
0.9961147703093332,0.9967240065280265,0.8909293756397219,0.9988032546856545,0.9983925094908983,1.0,0.9989200842333759,0.9985474962617928,1.0,0.9991498082961954,0.9983089667975236,1.0,0.9993498274541395,0.9987954321463377,1.0,0.9979821494741827,0.9984911483234242,1.0,0.9471566037556016,0.7090391341637456,0.891325420375793,1.0,1.0,0.891572597136971
0.9980320297399459,0.9966481918192329,0.7555516888433687,0.9988032546856402,0.996195605795748,0.7550783699059451,0.9968882427170485,0.9972089143856664,0.7554211557296924,0.9989280191560681,0.9966216914463075,0.7552163561076384,0.999011276069325,0.9985247659562901,0.756549648946816,0.9984110937474924,0.9992987830370765,0.7558528183715723,0.9479138254956752,0.7082041923466562,0.7551909000989596,1.0,1.0,0.755244376278057
0.9985586421979775,0.9975659488211903,0.999976458546584,0.9982356664737893,0.997116439864925,0.9999780564263574,0.9991240683225868,0.9980389165217218,0.9999784524975723,0.999197041168614,0.9982789039849251,0.9999834368530216,0.9991728574121055,0.9984297228666605,0.999983951855576,0.9976337581158106,0.9979571592542555,0.9999801670146198,0.9481617822368094,0.7080576863718449,0.9999841740850783,1.0,1.0,0.999982617586916
0.9985527909484375,0.997545997581966,1.0,0.9982241223067518,0.9971184244211457,1.0,0.9991140691025464,0.9980531567544233,1.0,0.999197041168614,0.9982638725786614,1.0,0.9991709338246721,0.9984152597877909,1.0,0.9976357719386755,0.9979533586203075,1.0,0.9481579675176874,0.7080534192075305,1.0,1.0,1.0,1.0
0.9985683942806958,0.9975878951842105,0.999903787103456,0.9983183996708505,0.9970569031794554,0.9999111807733243,0.9991240683227431,0.9980165390130651,0.9998952007836053,0.9991826659465488,0.9983052089458226,0.9999120082816333,0.9991882461114159,0.9984214582501636,0.9999117352056786,0.9976458410530711,0.9979457573523831,0.999907098121156,0.9481675043154496,0.7080576863718875,0.9999040553907719,1.0,1.0,0.9999008179959787
0.9985527909484375,0.997545997581966,1.0,0.9982241223067518,0.9971184244211457,1.0,0.9991140691025464,0.9980531567544233,1.0,0.999197041168614,0.9982638725786614,1.0,0.9991709338246721,0.9984152597877909,1.0,0.9976357719386755,0.9979533586203075,1.0,0.9481579675176874,0.7080534192075305,1.0,1.0,1.0,1.0
0.9985527909484375,0.997545997581966,1.0,0.9982241223067518,0.9971184244211457,1.0,0.9991140691025464,0.9980531567544233,1.0,0.999197041168614,0.9982638725786614,1.0,0.9991709338246721,0.9984152597877909,1.0,0.9976357719386755,0.9979533586203075,1.0,0.9481579675176874,0.7080534192075305,1.0,1.0,1.0,1.0
0.9985527909484375,0.9975479927058899,1.0,0.9982241223067518,0.9971184244211457,1.0,0.9991140691025464,0.9980531567544233,1.0,0.999197041168614,0.9982638725786614,1.0,0.9991709338246721,0.9984152597877909,1.0,0.9976357719386755,0.9979533586203075,1.0,0.9481579675176874,0.7080534192075305,1.0,1.0,1.0,1.0
0.9985527909484375,0.997545997581966,1.0,0.9982241223067518,0.9971184244211457,1.0,0.9991140691025464,0.9980531567544233,1.0,0.999197041168614,0.9982638725786614,1.0,0.9991709338246721,0.9984152597877909,1.0,0.9976357719386755,0.9979533586203075,1.0,0.9481579675176874,0.7080534192075305,1.0,1.0,1.0,1.0
0.9985527909484375,0.997545997581966,1.0,0.9982241223067518,0.9971184244211457,1.0,0.9991140691025464,0.9980531567544233,1.0,0.999197041168614,0.9982638725786614,1.0,0.9991709338246721,0.9984152597877909,1.0,0.9976357719386755,0.9979533586203075,1.0,0.9481579675176874,0.7080534192075305,1.0,1.0,1.0,1.0
0.9976887564340302,0.9979949004631692,0.8454841351074336,0.999061074415792,0.997981706361017,0.8450334378265438,0.9986741034199156,0.9982667602453574,0.8453731635651422,0.9984331007970866,0.9974784816022009,0.8450082815735271,0.9980494823627026,0.9992623829779888,0.8463039117351912,0.9982761676145486,0.9984854473726159,0.8458371607515645,0.9483582402700108,0.7084203953385071,0.8451167161226607,1.0,1.0,0.8450725971370545
0.9985527909484375,0.997545997581966,1.0,0.9982241223067518,0.9971184244211457,1.0,0.9991140691025464,0.9980531567544233,1.0,0.999197041168614,0.9982638725786614,1.0,0.9991709338246721,0.9984152597877909,1.0,0.9976357719386755,0.9979533586203075,1.0,0.9481579675176874,0.7080534192075305,1.0,1.0,1.0,1.0
0.0,0.0,0.0,0.0,0.0,0.0,0.0,0.0,0.0,0.0,0.0,0.0,0.0,0.0,0.0,0.0,0.0,0.0,0.0,0.0,0.0,0.0,0.0,0.0
0.9985547413649414,0.9975539780776614,1.0,0.9982241223067518,0.9971184244211457,1.0,0.9991140691025464,0.9980531567544233,1.0,0.999197041168614,0.9982638725786614,1.0,0.9991709338246721,0.9984152597877909,1.0,0.9976357719386755,0.9979533586203075,1.0,0.9481579675176874,0.7080534192075305,1.0,1.0,1.0,1.0
0.9985527909484375,0.997545997581966,1.0,0.9982241223067518,0.9971184244211457,1.0,0.9991140691025464,0.9980531567544233,1.0,0.999197041168614,0.9982638725786614,1.0,0.9991709338246721,0.9984152597877909,1.0,0.9976357719386755,0.9979533586203075,1.0,0.9481579675176874,0.7080534192075305,1.0,1.0,1.0,1.0
0.9959743403204726,0.9973843925445749,0.6899017400205025,0.9986724207926443,0.9979320924566082,0.6895987460815505,0.9976301848456615,0.9993917386306634,0.6900920666014372,0.997437103269533,0.9984292180474625,0.6893022774327449,0.9982610769780109,0.9985041044149909,0.6910180541625692,0.9990011438515012,0.9990422402456574,0.6905062630480643,0.9475705007772319,0.7075669624759087,0.6899228486647644,1.0,1.0,0.6897862985684853
0.9985527909484375,0.997545997581966,1.0,0.9982241223067518,0.9971184244211457,1.0,0.9991140691025464,0.9980531567544233,1.0,0.999197041168614,0.9982638725786614,1.0,0.9991709338246721,0.9984152597877909,1.0,0.9976357719386755,0.9979533586203075,1.0,0.9481579675176874,0.7080534192075305,1.0,1.0,1.0,1.0
0.9985527909484375,0.997545997581966,1.0,0.9982241223067518,0.9971184244211457,1.0,0.9991140691025464,0.9980531567544233,1.0,0.999197041168614,0.9982638725786614,1.0,0.9991709338246721,0.9984152597877909,1.0,0.9976357719386755,0.9979533586203075,1.0,0.9481579675176874,0.7080534192075305,1.0,1.0,1.0,1.0
0.0,0.0,0.0,0.0,0.0,0.0,0.0,0.0,0.0,0.0,0.0,0.0,0.0,0.0,0.0,0.0,0.0,0.0,0.0,0.0,0.0,0.0,0.0,0.0
0.9985527909484375,0.997545997581966,1.0,0.9982241223067518,0.9971184244211457,1.0,0.9991140691025464,0.9980531567544233,1.0,0.999197041168614,0.9982638725786614,1.0,0.9991709338246721,0.9984152597877909,1.0,0.9976357719386755,0.9979533586203075,1.0,0.9481579675176874,0.7080534192075305,1.0,1.0,1.0,1.0
0.9972245573043779,0.9974382608903198,0.9675578300921899,0.9988705956598523,0.9971065170840205,0.9871912225706296,0.9986201076317371,0.9973004587390051,0.9871302644467903,0.998619978683621,0.9980816167778528,0.9873695652175059,0.9985726981391281,0.99842972286649,0.9872527582749342,0.9977203524997407,0.9974763790599184,0.9872066805846487,0.9491764975156798,0.7086038834039528,0.968103857566966,1.0,1.0,0.9682126789367516
0.9985527909484375,0.997545997581966,1.0,0.9982241223067518,0.9971184244211457,1.0,0.9991140691025464,0.9980531567544233,1.0,0.999197041168614,0.9982638725786614,1.0,0.9991709338246721,0.9984152597877909,1.0,0.9976357719386755,0.9979533586203075,1.0,0.9481579675176874,0.7080534192075305,1.0,1.0,1.0,1.0
0.0,0.0,0.0,0.0,0.0,0.0,0.0,0.0,0.0,0.0,0.0,0.0,0.0,0.0,0.0,0.0,0.0,0.0,0.0,0.0,0.0,0.0,0.0,0.0
0.9985527909484375,0.997545997581966,1.0,0.9982241223067518,0.9971184244211457,1.0,0.9991140691025464,0.9980531567544233,1.0,0.999197041168614,0.9982638725786614,1.0,0.9991709338246721,0.9984152597877909,1.0,0.9976357719386755,0.9979533586203075,1.0,0.9481579675176874,0.7080534192075305,1.0,1.0,1.0,1.0
0.9985527909484375,0.997545997581966,1.0,0.9982241223067518,0.9971184244211457,1.0,0.9991140691025464,0.9980531567544233,1.0,0.999197041168614,0.9982638725786614,1.0,0.9991709338246721,0.9984152597877909,1.0,0.9976357719386755,0.9979533586203075,1.0,0.9481579675176874,0.7080534192075305,1.0,1.0,1.0,1.0
0.9985527909484375,0.997545997581966,1.0,0.9982241223067518,0.9971184244211457,1.0,0.9991140691025464,0.9980531567544233,1.0,0.999197041168614,0.9982638725786614,1.0,0.9991709338246721,0.9984152597877909,1.0,0.9976357719386755,0.9979533586203075,1.0,0.9481579675176874,0.7080534192075305,1.0,1.0,1.0,1.0
0.9985527909484375,0.997545997581966,1.0,0.9982241223067518,0.9971184244211457,1.0,0.9991140691025464,0.9980531567544233,1.0,0.999197041168614,0.9982638725786614,1.0,0.9991709338246721,0.9984152597877909,1.0,0.9976357719386755,0.9979533586203075,1.0,0.9481579675176874,0.7080534192075305,1.0,1.0,1.0,1.0
0.997924756831921,0.9980168468261894,0.9791494370521789,0.9980432636902066,0.9967989108753983,1.0,0.9991580656709402,0.9981996277196572,1.0,0.9988068565701838,0.9979951861920711,1.0,0.9984649772438985,0.9982644305367216,1.0,0.9978129883521376,0.9981167858798727,1.0,0.948312463640903,0.7081771669726749,0.9794035608308818,1.0,1.0,0.9794652351738549
0.9985527909484375,0.9975479927058899,1.0,0.9982241223067518,0.9971184244211457,1.0,0.9991140691025464,0.9980531567544233,1.0,0.999197041168614,0.9982638725786614,1.0,0.9991709338246721,0.9984152597877909,1.0,0.9976357719386755,0.9979533586203075,1.0,0.9481579675176874,0.7080534192075305,1.0,1.0,1.0,1.0
0.9985527909484375,0.997545997581966,1.0,0.9982241223067518,0.9971184244211457,1.0,0.9991140691025464,0.9980531567544233,1.0,0.999197041168614,0.9982638725786614,1.0,0.9991709338246721,0.9984152597877909,1.0,0.9976357719386755,0.9979533586203075,1.0,0.9481579675176874,0.7080534192075305,1.0,1.0,1.0,1.0
0.9985527909484375,0.997545997581966,1.0,0.9982241223067518,0.9971184244211457,1.0,0.9991140691025464,0.9980531567544233,1.0,0.999197041168614,0.9982638725786614,1.0,0.9991709338246721,0.9984152597877909,1.0,0.9976357719386755,0.9979533586203075,1.0,0.9481579675176874,0.7080534192075305,1.0,1.0,1.0,1.0
0.9985527909484375,0.997545997581966,1.0,0.9982241223067518,0.9971184244211457,1.0,0.9991140691025464,0.9980531567544233,1.0,0.999197041168614,0.9982638725786614,1.0,0.9991709338246721,0.9984152597877909,1.0,0.9976357719386755,0.9979533586203075,1.0,0.9481579675176874,0.7080534192075305,1.0,1.0,1.0,1.0
0.9970139123211936,0.99708113370923,0.5120951893551293,0.9969965925466653,0.9980333048217744,0.5119791013583566,0.9988860868850793,0.9987326192872956,0.5128256611165227,0.9976486243940315,0.9984348548246658,0.5118819875775387,0.9977821037119412,0.9988780783112077,0.513564694082163,0.9997845209519198,0.999274078916315,0.5127515657619455,0.948064506899911,0.7075513162068034,0.5121909000987941,1.0,1.0,0.512665644171733
0.9985527909484375,0.997545997581966,1.0,0.9982241223067518,0.9971184244211457,1.0,0.9991140691025464,0.9980531567544233,1.0,0.999197041168614,0.9982638725786614,1.0,0.9991709338246721,0.9984152597877909,1.0,0.9976357719386755,0.9979533586203075,1.0,0.9481579675176874,0.7080534192075305,1.0,1.0,1.0,1.0
0.9966745398480299,0.9961294596007946,0.940329580347985,0.9981240728592695,0.9977892044113332,0.9403803552769006,0.9995740332253717,0.9974876160832764,0.9400568070518887,0.9997905324788974,0.998010217598349,0.9403478260869562,0.9985553858522991,0.9988739460029166,0.9408746238716077,0.9975491775548306,0.9986089679758692,0.940525052192001,0.9483372593151103,0.7081416072699795,0.9403115727002671,1.0,1.0,0.9405971370143433
0.9985527909484375,0.997545997581966,1.0,0.9982241223067518,0.9971184244211457,1.0,0.9991140691025464,0.9980531567544233,1.0,0.999197041168614,0.9982638725786614,1.0,0.9991709338246721,0.9984152597877909,1.0,0.9976357719386755,0.9979533586203075,1.0,0.9481579675176874,0.7080534192075305,1.0,1.0,1.0,1.0
0.9985527909484375,0.997545997581966,1.0,0.9982241223067518,0.9971184244211457,1.0,0.9991140691025464,0.9980531567544233,1.0,0.999197041168614,0.9982638725786614,1.0,0.9991709338246721,0.9984152597877909,1.0,0.9976357719386755,0.9979533586203075,1.0,0.9481579675176874,0.7080534192075305,1.0,1.0,1.0,1.0
0.9973357310453537,0.9973285290749487,0.9733705220061708,0.9985665992617498,0.9966897602854345,0.9735851619646212,0.9994480430525954,0.9978436219014526,0.9734916748287148,0.9990861465985716,0.9980083386725624,0.9738695652174769,0.9986573359852144,0.9986260075082072,0.974092276830568,0.9976679931048693,0.9976816132930679,0.973725469728663,0.9484497935283684,0.7081643654797176,0.9738387734916998,1.0,1.0,0.9739263803681197
0.998585948029131,0.9975539780776899,0.9997604913000657,0.9983511081439929,0.9969695827074077,0.9997878787880339,0.9991320676986959,0.9979656810389343,0.9997492654262246,0.9991806123435083,0.9982432043950809,0.9997681159421816,0.9992709603702536,0.9984090613253613,0.9997552657975604,0.9975713296065152,0.9978963491111585,0.9997599164928559,0.9481827631918236,0.7080434624907781,0.9997596439170877,1.0,1.0,0.999763803681148
0.9985527909484375,0.997545997581966,1.0,0.9982241223067518,0.9971184244211457,1.0,0.9991140691025464,0.9980531567544233,1.0,0.999197041168614,0.9982638725786614,1.0,0.9991709338246721,0.9984152597877909,1.0,0.9976357719386755,0.9979533586203075,1.0,0.9481579675176874,0.7080534192075305,1.0,1.0,1.0,1.0
0.997790178092643,0.9963449329837033,0.894600818833112,0.9990322139982197,0.998525474755354,1.0,0.9987400982722221,0.9981324951938717,1.0,0.9992442740410468,0.9982789039849393,1.0,0.9993825284401225,0.9990867598775708,1.0,0.9977948639461829,0.9986583762172501,1.0,0.9485680498202527,0.7080150147287867,0.8948269040553143,1.0,1.0,0.8950184049079013
0.9985527909484375,0.997545997581966,1.0,0.9982241223067518,0.9971184244211457,1.0,0.9991140691025464,0.9980531567544233,1.0,0.999197041168614,0.9982638725786614,1.0,0.9991709338246721,0.9984152597877909,1.0,0.9976357719386755,0.9979533586203075,1.0,0.9481579675176874,0.7080534192075305,1.0,1.0,1.0,1.0
0.9964365890336069,0.9967120357844976,0.9393234390992617,0.9987724702403113,0.9978348492034144,1.0,0.9987340987402717,0.9978721023669124,1.0,0.9991107898363367,0.9980684642975319,1.0,0.9984938310550859,0.9987665059885558,1.0,0.9974525140566186,0.9985709616363039,1.0,0.9482705017309598,0.7081985027941613,0.9395113748762967,1.0,1.0,0.9398364008180309
0.9972518631354035,0.997224782631136,0.5486028659160382,0.9980490357734908,0.9982734361201437,0.5482716823406122,0.9987740956205045,0.998781442942402,0.5488873653280706,0.9991005218206226,0.9975705489656832,0.5482111801242056,0.9979763860408895,0.9986631982825713,0.5495195586759891,0.9994018946047447,0.9992018668714735,0.549213987473955,0.9481922999894863,0.7077746311391024,0.5488081107814438,1.0,1.0,0.5489314928424847
0.9985527909484375,0.997545997581966,1.0,0.9982241223067518,0.9971184244211457,1.0,0.9991140691025464,0.9980531567544233,1.0,0.999197041168614,0.9982638725786614,1.0,0.9991709338246721,0.9984152597877909,1.0,0.9976357719386755,0.9979533586203075,1.0,0.9481579675176874,0.7080534192075305,1.0,1.0,1.0,1.0
0.9972850202159833,0.9980866761633678,0.6224902763562028,0.9976546100671726,0.9979697990238634,1.0,0.9974981951408068,0.9978253130306882,1.0,0.9978026446302266,0.9987091779886867,1.0,0.9980975720478966,0.9983904659382148,1.0,0.9987252501170047,0.9997529587934082,1.0,0.948068321618976,0.7079595415927002,0.621914935707224,1.0,1.0,0.6218282208589017
0.9985527909484375,0.997545997581966,1.0,0.9982241223067518,0.9971184244211457,1.0,0.9991140691025464,0.9980531567544233,1.0,0.999197041168614,0.9982638725786614,1.0,0.9991709338246721,0.9984152597877909,1.0,0.9976357719386755,0.9979533586203075,1.0,0.9481579675176874,0.7080534192075305,1.0,1.0,1.0,1.0
0.0,0.0,0.0,0.0,0.0,0.0,0.0,0.0,0.0,0.0,0.0,0.0,0.0,0.0,0.0,0.0,0.0,0.0,0.0,0.0,0.0,0.0,0.0,0.0
0.9985527909484375,0.997545997581966,1.0,0.9982241223067518,0.9971184244211457,1.0,0.9991140691025464,0.9980531567544233,1.0,0.999197041168614,0.9982638725786614,1.0,0.9991709338246721,0.9984152597877909,1.0,0.9976357719386755,0.9979533586203075,1.0,0.9481579675176874,0.7080534192075305,1.0,1.0,1.0,1.0
0.9968578790001743,0.997454221881739,0.5619631525076656,0.9985204225935576,0.9968465402239559,1.0,0.9993560502279877,0.9981284265558799,1.0,0.9990409673293925,0.997219189844671,1.0,0.9981552796702289,0.9979813674219429,1.0,0.9990635723607397,0.9992911817691095,1.0,0.9480263597089049,0.7076153236714617,0.5615351137488247,1.0,1.0,0.5617689161554509
0.9985449892823794,0.9975579683254665,1.0,0.9982260463345938,0.9971184244211457,1.0,0.9991140691025464,0.9980531567544233,1.0,0.9991990947717682,0.9982638725786614,1.0,0.9991690102372672,0.9984152597877909,1.0,0.9976357719386755,0.9979533586203075,1.0,0.9481579675176874,0.7080534192075305,0.9999990108803161,1.0,1.0,0.9999989775051148
0.9985722951135472,0.997545997581966,1.0,0.9982241223067518,0.9971184244211457,1.0,0.9991140691025464,0.9980531567544233,1.0,0.999197041168614,0.9982638725786614,1.0,0.9991709338246721,0.9984152597877909,1.0,0.9976357719386755,0.9979533586203075,1.0,0.9481579675176874,0.7080534192075305,1.0,1.0,1.0,1.0
0.9985527909484375,0.997545997581966,1.0,0.9982241223067518,0.9971184244211457,1.0,0.9991140691025464,0.9980531567544233,1.0,0.999197041168614,0.9982638725786614,1.0,0.9991709338246721,0.9984152597877909,1.0,0.9976357719386755,0.9979533586203075,1.0,0.9481579675176874,0.7080534192075305,1.0,1.0,1.0,1.0
0.9985527909484375,0.997545997581966,1.0,0.9982241223067518,0.9971184244211457,1.0,0.9991140691025464,0.9980531567544233,1.0,0.999197041168614,0.9982638725786614,1.0,0.9991709338246721,0.9984152597877909,1.0,0.9976357719386755,0.9979533586203075,1.0,0.9481579675176874,0.7080534192075305,1.0,1.0,1.0,1.0
0.9985527909484375,0.997545997581966,1.0,0.9982241223067518,0.9971184244211457,1.0,0.9991140691025464,0.9980531567544233,1.0,0.999197041168614,0.9982638725786614,1.0,0.9991709338246721,0.9984152597877909,1.0,0.9976357719386755,0.9979533586203075,1.0,0.9481579675176874,0.7080534192075305,1.0,1.0,1.0,1.0
0.9985527909484375,0.997545997581966,1.0,0.9982241223067518,0.9971184244211457,1.0,0.9991140691025464,0.9980531567544233,1.0,0.999197041168614,0.9982638725786614,1.0,0.9991709338246721,0.9984152597877909,1.0,0.9976357719386755,0.9979533586203075,1.0,0.9481579675176874,0.7080534192075305,1.0,1.0,1.0,1.0
0.9985547413649556,0.9975479927058899,1.0,0.9982241223067518,0.9971184244211457,1.0,0.9991140691025464,0.9980531567544233,1.0,0.999197041168614,0.9982638725786614,1.0,0.9991709338246721,0.9984152597877909,1.0,0.9976357719386755,0.9979533586203075,1.0,0.9481579675176874,0.7080534192075305,1.0,1.0,1.0,1.0
0.9962220432173154,0.9968477042110209,0.9378802456498931,0.9982991593924027,0.997892401332777,0.9378808777428986,0.9993640496041394,0.997583229074408,0.9375102840351985,0.9996057081953609,0.9980947692586,0.9378944099379609,0.9984226583207914,0.9987809690675533,0.9383590772317092,0.9974887628682865,0.9985101514932921,0.9380427974948233,0.9482876679668095,0.7081416072699938,0.9377893175074163,1.0,1.0,0.9381411042944805
0.9985566917814452,0.9975499878298137,1.0,0.9982241223067518,0.9971184244211457,1.0,0.9991140691025464,0.9980531567544233,1.0,0.999197041168614,0.9982638725786614,1.0,0.9991709338246721,0.9984152597877909,1.0,0.9976357719386755,0.9979533586203075,1.0,0.9481579675176874,0.7080534192075305,1.0,1.0,1.0,1.0
0.9963995311199625,0.9965584112429298,0.8697983623336825,0.9985800674565724,0.9982357295527038,0.8696321839080667,0.9986561048238372,0.9975303367814661,0.8696552399608137,0.99833452784587,0.9975912171491359,0.8694730848861312,0.997924449180644,0.9986446028953537,0.870540621865544,0.9981211032527426,0.9982023001437028,0.8703632567849127,0.9482495207759172,0.7081885460774657,0.8696063303659898,1.0,1.0,0.8696912065440046
0.9985527909484375,0.9975479927058899,1.0,0.9982241223067518,0.9971184244211457,1.0,0.9991140691025464,0.9980531567544233,1.0,0.999197041168614,0.9982638725786614,1.0,0.9991709338246721,0.9984152597877909,1.0,0.9976357719386755,0.9979533586203075,1.0,0.9481579675176874,0.7080534192075305,1.0,1.0,1.0,1.0
0.9989623784158965,0.9971589435419759,0.9960276356193418,0.9981587053603107,0.9966679301674333,0.996044932079478,0.9994140457044978,0.9982260738661637,0.9959569049952179,0.9991559691056295,0.9980365225591328,0.9960755693582541,0.999093990328106,0.9985660890387891,0.9960822467403005,0.9976055645953466,0.9980958823931445,0.9960469728601993,0.948129357124472,0.7080406177146159,0.9960573689417345,1.0,1.0,0.9960470347648993
0.9976809547680148,0.997390377916517,0.6827256908904928,0.999236160949124,0.9974915209838429,1.0,0.9970382310178678,0.9976686704706879,1.0,0.9974596929041866,0.9990511424808659,1.0,0.9980725654115759,0.9983016213111711,1.0,0.9991904432022807,0.9988427069634156,1.0,0.9239859999809852,0.7365324738314882,0.6831948565776287,1.0,1.0,0.6827494887525489
0.9985527909484375,0.997545997581966,1.0,0.9982241223067518,0.9971184244211457,1.0,0.9991140691025464,0.9980531567544233,1.0,0.999197041168614,0.9982638725786614,1.0,0.9991709338246721,0.9984152597877909,1.0,0.9976357719386755,0.9979533586203075,1.0,0.9481579675176874,0.7080534192075305,1.0,1.0,1.0,1.0
0.9985527909484375,0.997545997581966,1.0,0.9982241223067518,0.9971184244211457,1.0,0.9991140691025464,0.9980531567544233,1.0,0.999197041168614,0.9982638725786614,1.0,0.9991709338246721,0.9984152597877909,1.0,0.9976357719386755,0.9979533586203075,1.0,0.9481579675176874,0.7080534192075305,1.0,1.0,1.0,1.0
0.9985352371998886,0.9975819098123964,0.999984646878211,0.9982395145294305,0.9971164398649108,0.9999937304075317,0.9991160689465346,0.9980490881165025,0.9999970617042138,0.9991949875654598,0.998265751504448,0.9999979296066286,0.9991632394750383,0.9984255905583979,0.9999959879638922,0.9976337581158106,0.9979571592542555,0.9999937369519927,0.9481617822368094,0.7080562639837495,0.9999871414441301,1.0,1.0,0.9999877300613562
0.9985527909484375,0.997545997581966,1.0,0.9982241223067518,0.9971184244211457,1.0,0.9991140691025464,0.9980531567544233,1.0,0.999197041168614,0.9982638725786614,1.0,0.9991709338246721,0.9984152597877909,1.0,0.9976357719386755,0.9979533586203075,1.0,0.9481579675176874,0.7080534192075305,1.0,1.0,1.0,1.0
0.9985722951135472,0.9975420073341468,1.0,0.9982241223067518,0.9971184244211457,1.0,0.9991140691025464,0.9980531567544233,1.0,0.999197041168614,0.9982638725786614,1.0,0.9991709338246721,0.9984152597877909,1.0,0.9976357719386755,0.9979533586203075,1.0,0.9481579675176874,0.7080534192075305,1.0,1.0,1.0,1.0
0.0,0.0,0.0,0.0,0.0,0.0,0.0,0.0,0.0,0.0,0.0,0.0,0.0,0.0,0.0,0.0,0.0,0.0,0.0,0.0,0.0,0.0,0.0,0.0
0.9985527909484375,0.997545997581966,1.0,0.9982241223067518,0.9971184244211457,1.0,0.9991140691025464,0.9980531567544233,1.0,0.999197041168614,0.9982638725786614,1.0,0.9991709338246721,0.9984152597877909,1.0,0.9976357719386755,0.9979533586203075,1.0,0.9481579675176874,0.7080534192075305,1.0,1.0,1.0,1.0
0.9985527909484375,0.997545997581966,1.0,0.9982241223067518,0.9971184244211457,1.0,0.9991140691025464,0.9980531567544233,1.0,0.999197041168614,0.9982638725786614,1.0,0.9991709338246721,0.9984152597877909,1.0,0.9976357719386755,0.9979533586203075,1.0,0.9481579675176874,0.7080534192075305,1.0,1.0,1.0,1.0
0.9985527909484375,0.997545997581966,1.0,0.9982241223067518,0.9971184244211457,1.0,0.9991140691025464,0.9980531567544233,1.0,0.999197041168614,0.9982638725786614,1.0,0.9991709338246721,0.9984152597877909,1.0,0.9976357719386755,0.9979533586203075,1.0,0.9481579675176874,0.7080534192075305,1.0,1.0,1.0,1.0
0.9985527909484375,0.9975479927058899,1.0,0.9982241223067518,0.9971184244211457,1.0,0.9991140691025464,0.9980531567544233,1.0,0.999197041168614,0.9982638725786614,1.0,0.9991709338246721,0.9984152597877909,1.0,0.9976357719386755,0.9979533586203075,1.0,0.9481579675176874,0.7080534192075305,1.0,1.0,1.0,1.0
0.9985527909484375,0.997545997581966,1.0,0.9982241223067518,0.9971184244211457,1.0,0.9991140691025464,0.9980531567544233,1.0,0.999197041168614,0.9982638725786614,1.0,0.9991709338246721,0.9984152597877909,1.0,0.9976357719386755,0.9979533586203075,1.0,0.9481579675176874,0.7080534192075305,1.0,1.0,1.0,1.0
0.9985527909484375,0.997545997581966,1.0,0.9982241223067518,0.9971184244211457,1.0,0.9991140691025464,0.9980531567544233,1.0,0.999197041168614,0.9982638725786614,1.0,0.9991709338246721,0.9984152597877909,1.0,0.9976357719386755,0.9979533586203075,1.0,0.9481579675176874,0.7080534192075305,1.0,1.0,1.0,1.0
0.9985527909484375,0.997545997581966,1.0,0.9982241223067518,0.9971184244211457,1.0,0.9991140691025464,0.9980531567544233,1.0,0.999197041168614,0.9982638725786614,1.0,0.9991709338246721,0.9984152597877909,1.0,0.9976357719386755,0.9979533586203075,1.0,0.9481579675176874,0.7080534192075305,1.0,1.0,1.0,1.0
0.9965204569436565,0.9963848354621803,0.9433868986694094,0.9983241717541631,0.9979777372487462,0.9435318704284441,0.9990400748741592,0.9977520775481565,0.943060724779599,0.9998192829228998,0.9983014510942922,0.9435238095237963,0.9983014723137984,0.9985516259597631,0.9439949849548555,0.997597509303958,0.9986070676590373,0.9436868475990963,0.948329629876909,0.7081430296581317,0.9434352126607379,1.0,1.0,0.9437218813906156
0.9974781114507749,0.9988687647388446,0.6577789150461086,0.9982337424459473,0.9969894282691172,1.0,0.9976741814139558,0.998390853701892,1.0,0.9982236332758987,0.9986490523637173,1.0,1.0,0.998656999820227,1.0,0.9990414203092257,0.9990688446832934,1.0,0.9231639280163222,0.7261476182821553,0.9984886251240681,1.0,1.0,0.657376278118619
0.9985527909484375,0.997545997581966,1.0,0.9982241223067518,0.9971184244211457,1.0,0.9991140691025464,0.9980531567544233,1.0,0.999197041168614,0.9982638725786614,1.0,0.9991709338246721,0.9984152597877909,1.0,0.9976357719386755,0.9979533586203075,1.0,0.9481579675176874,0.7080534192075305,1.0,1.0,1.0,1.0
0.9985527909484375,0.997545997581966,1.0,0.9982241223067518,0.9971184244211457,1.0,0.9991140691025464,0.9980531567544233,1.0,0.999197041168614,0.9982638725786614,1.0,0.9991709338246721,0.9984152597877909,1.0,0.9976357719386755,0.9979533586203075,1.0,0.9481579675176874,0.7080534192075305,1.0,1.0,1.0,1.0
0.9985547413649414,0.9975539780776614,1.0,0.9982241223067518,0.9971184244211457,1.0,0.9991140691025464,0.9980531567544233,1.0,0.999197041168614,0.9982638725786614,1.0,0.9991709338246721,0.9984152597877909,1.0,0.9976357719386755,0.9979533586203075,1.0,0.9481579675176874,0.7080534192075305,1.0,1.0,1.0,1.0
0.9985527909484375,0.997545997581966,1.0,0.9982241223067518,0.9971184244211457,1.0,0.9991140691025464,0.9980531567544233,1.0,0.999197041168614,0.9982638725786614,1.0,0.9991709338246721,0.9984152597877909,1.0,0.9976357719386755,0.9979533586203075,1.0,0.9481579675176874,0.7080534192075305,1.0,1.0,1.0,1.0
0.9987166259355433,0.9978712027804306,0.9984206755377514,0.9983241717542626,0.9969279070274695,0.9984942528739822,0.9993220528798474,0.9981813188488644,0.9984133202747003,0.9990717713764923,0.9982939353912599,0.9984544513461415,0.999186322524011,0.9985350967268829,0.9984563691077497,0.9975693157836503,0.9979115516468084,0.9984707724429924,0.9481789484726164,0.7080448848789445,0.9984896142437805,1.0,1.0,0.9984396728020357
0.0,0.0,0.0,0.0,0.0,0.0,0.0,0.0,0.0,0.0,0.0,0.0,0.0,0.0,0.0,0.0,0.0,0.0,0.0,0.0,0.0,0.0,0.0,0.0
0.9985527909484375,0.997545997581966,1.0,0.9982241223067518,0.9971184244211457,1.0,0.9991140691025464,0.9980531567544233,1.0,0.999197041168614,0.9982638725786614,1.0,0.9991709338246721,0.9984152597877909,1.0,0.9976357719386755,0.9979533586203075,1.0,0.9481579675176874,0.7080534192075305,1.0,1.0,1.0,1.0
0.9985527909484375,0.997545997581966,1.0,0.9982241223067518,0.9971184244211457,1.0,0.9991140691025464,0.9980531567544233,1.0,0.999197041168614,0.9982638725786614,1.0,0.9991709338246721,0.9984152597877909,1.0,0.9976357719386755,0.9979533586203075,1.0,0.9481579675176874,0.7080534192075305,1.0,1.0,1.0,1.0
0.9966979448461473,0.9997665705016487,0.6627185261002637,0.9986878130155361,0.9974617526408167,0.6626426332288204,0.9969382388174353,0.9991130369331387,0.6628344760039013,0.9976301419656721,0.9983146035746557,0.6619782608696099,0.9985746217264335,0.9983305474687683,0.6638856569709617,0.9992568993572775,0.9992930820860408,0.6632442588726306,0.9477764956083234,0.7077504505413401,0.6626636993076715,1.0,1.0,0.6626871165643706
0.9985527909484375,0.997545997581966,1.0,0.9982241223067518,0.9971184244211457,1.0,0.9991140691025464,0.9980531567544233,1.0,0.999197041168614,0.9982638725786614,1.0,0.9991709338246721,0.9984152597877909,1.0,0.9976357719386755,0.9979533586203075,1.0,0.9481579675176874,0.7080534192075305,1.0,1.0,1.0,1.0
0.9985527909484375,0.9975479927058899,1.0,0.9982241223067518,0.9971184244211457,1.0,0.9991140691025464,0.9980531567544233,1.0,0.999197041168614,0.9982638725786614,1.0,0.9991709338246721,0.9984152597877909,1.0,0.9976357719386755,0.9979533586203075,1.0,0.9481579675176874,0.7080534192075305,1.0,1.0,1.0,1.0
0.9985391380328537,0.9975340268384798,0.9999989764585422,0.9982260463345938,0.9971184244211457,0.9999968652037694,0.999116068946563,0.9980572253923583,0.9999980411361378,0.9991990947717682,0.9982676304302345,0.9999989648033107,0.9991690102372672,0.9984131936336667,0.9999989969909748,0.9976357719386755,0.9979533586203075,0.9999979123173262,0.9481579675176874,0.7080534192075305,0.9999980217606392,1.0,1.0,0.9999989775051148
0.9985527909484375,0.997545997581966,1.0,0.9982241223067518,0.9971184244211457,1.0,0.9991140691025464,0.9980531567544233,1.0,0.999197041168614,0.9982638725786614,1.0,0.9991709338246721,0.9984152597877909,1.0,0.9976357719386755,0.9979533586203075,1.0,0.9481579675176874,0.7080534192075305,1.0,1.0,1.0,1.0
0.9986093530274047,0.9976297927865545,0.9998505629479126,0.9983530321719627,0.9970112583872037,0.9998578892373118,0.9991600655148574,0.9979819555907739,0.9998462291871775,0.9991806123434941,0.9982807829107401,0.9998561076605554,0.9992055583980886,0.9984193920959541,0.9998605817453381,0.9976297304700665,0.9979324551335793,0.9998465553236926,0.9481751337536508,0.7080505744313257,0.9998496538082122,1.0,1.0,0.9998578732107362
0.9985527909484375,0.997545997581966,1.0,0.9982241223067518,0.9971184244211457,1.0,0.9991140691025464,0.9980531567544233,1.0,0.999197041168614,0.9982638725786614,1.0,0.9991709338246721,0.9984152597877909,1.0,0.9976357719386755,0.9979533586203075,1.0,0.9481579675176874,0.7080534192075305,1.0,1.0,1.0,1.0
0.9985527909484375,0.997545997581966,1.0,0.9982241223067518,0.9971184244211457,1.0,0.9991140691025464,0.9980531567544233,1.0,0.999197041168614,0.9982638725786614,1.0,0.9991709338246721,0.9984152597877909,1.0,0.9976357719386755,0.9979533586203075,1.0,0.9481579675176874,0.7080534192075305,1.0,1.0,1.0,1.0
0.9997581483525977,0.9973764120488937,0.996294779938772,0.9981587053603533,0.9966302235999223,1.0,0.9993620497600944,0.9982545543315098,1.0,0.9991354330742865,0.9981135585160388,1.0,0.9991016846777114,0.99864047058702,1.0,0.9976538963445449,0.9980559757366905,1.0,0.9481598748771773,0.7080534192075874,0.996323442136628,1.0,1.0,0.9962873210634982
0.9985527909484375,0.997545997581966,1.0,0.9982241223067518,0.9971184244211457,1.0,0.9991140691025464,0.9980531567544233,1.0,0.999197041168614,0.9982638725786614,1.0,0.9991709338246721,0.9984152597877909,1.0,0.9976357719386755,0.9979533586203075,1.0,0.9481579675176874,0.7080534192075305,1.0,1.0,1.0,1.0
0.9985527909484375,0.997545997581966,1.0,0.9982241223067518,0.9971184244211457,1.0,0.9991140691025464,0.9980531567544233,1.0,0.999197041168614,0.9982638725786614,1.0,0.9991709338246721,0.9984152597877909,1.0,0.9976357719386755,0.9979533586203075,1.0,0.9481579675176874,0.7080534192075305,1.0,1.0,1.0,1.0
0.9985527909484375,0.9975539780776614,1.0,0.9982241223067518,0.9971184244211457,1.0,0.9991140691025464,0.9980531567544233,1.0,0.999197041168614,0.9982638725786614,1.0,0.9991709338246721,0.9984152597877909,1.0,0.9976357719386755,0.9979533586203075,1.0,0.9481579675176874,0.7080534192075305,1.0,1.0,1.0,1.0
0.9985527909484375,0.997545997581966,1.0,0.9982241223067518,0.9971184244211457,1.0,0.9991140691025464,0.9980531567544233,1.0,0.999197041168614,0.9982638725786614,1.0,0.9991709338246721,0.9984152597877909,1.0,0.9976357719386755,0.9979533586203075,1.0,0.9481579675176874,0.7080534192075305,1.0,1.0,1.0,1.0
0.9985742455300795,0.9975400122102371,1.0,0.9982241223067518,0.9971184244211457,1.0,0.9991140691025464,0.9980531567544233,1.0,0.999197041168614,0.9982638725786614,1.0,0.9991709338246721,0.9984152597877909,1.0,0.9976357719386755,0.9979533586203075,1.0,0.9481579675176874,0.7080534192075305,1.0,1.0,1.0,1.0
0.0,0.0,0.0,0.0,0.0,0.0,0.0,0.0,0.0,0.0,0.0,0.0,0.0,0.0,0.0,0.0,0.0,0.0,0.0,0.0,0.0,0.0,0.0,0.0
0.9985742455300795,0.9975699390689954,1.0,0.9982241223067518,0.9971184244211457,1.0,0.9991140691025464,0.9980531567544233,1.0,0.999197041168614,0.9982638725786614,1.0,0.9991709338246721,0.9984152597877909,1.0,0.9976357719386755,0.9979533586203075,1.0,0.9481579675176874,0.7080534192075305,1.0,1.0,1.0,1.0
0.9985527909484375,0.997545997581966,1.0,0.9982241223067518,0.9971184244211457,1.0,0.9991140691025464,0.9980531567544233,1.0,0.999197041168614,0.9982638725786614,1.0,0.9991709338246721,0.9984152597877909,1.0,0.9976357719386755,0.9979533586203075,1.0,0.9481579675176874,0.7080534192075305,1.0,1.0,1.0,1.0
0.9985527909484375,0.997545997581966,1.0,0.9982241223067518,0.9971184244211457,1.0,0.9991140691025464,0.9980531567544233,1.0,0.999197041168614,0.9982638725786614,1.0,0.9991709338246721,0.9984152597877909,1.0,0.9976357719386755,0.9979533586203075,1.0,0.9481579675176874,0.7080534192075305,1.0,1.0,1.0,1.0
0.9985527909484375,0.997545997581966,1.0,0.9982241223067518,0.9971184244211457,1.0,0.9991140691025464,0.9980531567544233,1.0,0.999197041168614,0.9982638725786614,1.0,0.9991709338246721,0.9984152597877909,1.0,0.9976357719386755,0.9979533586203075,1.0,0.9481579675176874,0.7080534192075305,1.0,1.0,1.0,1.0
0.9985527909484375,0.997545997581966,1.0,0.9982241223067518,0.9971184244211457,1.0,0.9991140691025464,0.9980531567544233,1.0,0.999197041168614,0.9982638725786614,1.0,0.9991709338246721,0.9984152597877909,1.0,0.9976357719386755,0.9979533586203075,1.0,0.9481579675176874,0.7080534192075305,1.0,1.0,1.0,1.0
0.9969163914954464,0.998765018295316,0.6092149437052186,0.998393436756416,0.9975808260119265,0.6088422152560469,0.9971242243107525,0.9990825221485409,0.6090401567091632,0.998094256277426,0.997245494805739,0.6082681159420389,0.9980225521387638,0.9984255905583979,0.6101745235707696,0.9983345684780858,0.9999562927096264,0.60947703549067,0.9479405285293296,0.707888422187466,0.6091117705242581,1.0,1.0,0.6091390593047592
0.9985527909484375,0.997545997581966,1.0,0.9982241223067518,0.9971184244211457,1.0,0.9991140691025464,0.9980531567544233,1.0,0.999197041168614,0.9982638725786614,1.0,0.9991709338246721,0.9984152597877909,1.0,0.9976357719386755,0.9979533586203075,1.0,0.9481579675176874,0.7080534192075305,1.0,1.0,1.0,1.0
0.0,0.0,0.0,0.0,0.0,0.0,0.0,0.0,0.0,0.0,0.0,0.0,0.0,0.0,0.0,0.0,0.0,0.0,0.0,0.0,0.0,0.0,0.0,0.0
0.9974566568690761,0.9978313003022663,0.837491299897728,0.9986358642638464,0.9996050733193158,1.0,0.9981881413248885,0.9980612940302365,1.0,0.998437208003466,0.9985983213675809,1.0,0.9981552796702715,0.999688010727283,1.0,0.9983748449356824,0.9983657274032254,1.0,0.9481884852703786,0.7084246625027504,0.837658753709313,1.0,1.0,0.837578732106337
0.0,0.0,0.0,0.0,0.0,0.0,0.0,0.0,0.0,0.0,0.0,0.0,0.0,0.0,0.0,0.0,0.0,0.0,0.0,0.0,0.0,0.0,0.0,0.0
0.9985527909484375,0.997545997581966,1.0,0.9982241223067518,0.9971184244211457,1.0,0.9991140691025464,0.9980531567544233,1.0,0.999197041168614,0.9982638725786614,1.0,0.9991709338246721,0.9984152597877909,1.0,0.9976357719386755,0.9979533586203075,1.0,0.9481579675176874,0.7080534192075305,1.0,1.0,1.0,1.0
0.9985527909484375,0.997545997581966,1.0,0.9982241223067518,0.9971184244211457,1.0,0.9991140691025464,0.9980531567544233,1.0,0.999197041168614,0.9982638725786614,1.0,0.9991709338246721,0.9984152597877909,1.0,0.9976357719386755,0.9979533586203075,1.0,0.9481579675176874,0.7080534192075305,1.0,1.0,1.0,1.0
0.9985527909484375,0.997545997581966,1.0,0.9982241223067518,0.9971184244211457,1.0,0.9991140691025464,0.9980531567544233,1.0,0.999197041168614,0.9982638725786614,1.0,0.9991709338246721,0.9984152597877909,1.0,0.9976357719386755,0.9979533586203075,1.0,0.9481579675176874,0.7080534192075305,1.0,1.0,1.0,1.0
0.9985527909484375,0.997545997581966,1.0,0.9982241223067518,0.9971184244211457,1.0,0.9991140691025464,0.9980531567544233,1.0,0.999197041168614,0.9982638725786614,1.0,0.9991709338246721,0.9984152597877909,1.0,0.9976357719386755,0.9979533586203075,1.0,0.9481579675176874,0.7080534192075305,1.0,1.0,1.0,1.0
0.9985527909484375,0.9975479927058899,1.0,0.9982241223067518,0.9971184244211457,1.0,0.9991140691025464,0.9980531567544233,1.0,0.999197041168614,0.9982638725786614,1.0,0.9991709338246721,0.9984152597877909,1.0,0.9976357719386755,0.9979533586203075,1.0,0.9481579675176874,0.7080534192075305,1.0,1.0,1.0,1.0
0.0,0.0,0.0,0.0,0.0,0.0,0.0,0.0,0.0,0.0,0.0,0.0,0.0,0.0,0.0,0.0,0.0,0.0,0.0,0.0,0.0,0.0,0.0,0.0
0.9985527909484375,0.997545997581966,1.0,0.9982241223067518,0.9971184244211457,1.0,0.9991140691025464,0.9980531567544233,1.0,0.999197041168614,0.9982638725786614,1.0,0.9991709338246721,0.9984152597877909,1.0,0.9976357719386755,0.9979533586203075,1.0,0.9481579675176874,0.7080534192075305,1.0,1.0,1.0,1.0
0.9984045592937321,0.9969295042915434,0.5368863868985727,0.9984011328678122,0.9980511658273628,0.5365830721003064,0.9988380906289507,0.9993958072685842,0.5371949069539141,0.9984495296222917,0.9977377733600292,0.5365424430640857,0.997693618690974,0.9982003797589698,0.5378645937812934,0.9992730099402536,0.9992512751126839,0.5374018789143378,0.948098839371724,0.7078101908417267,0.5371147378832433,1.0,1.0,0.5372167689161174
0.9985527909484375,0.997545997581966,1.0,0.9982241223067518,0.9971184244211457,1.0,0.9991140691025464,0.9980531567544233,1.0,0.999197041168614,0.9982638725786614,1.0,0.9991709338246721,0.9984152597877909,1.0,0.9976357719386755,0.9979533586203075,1.0,0.9481579675176874,0.7080534192075305,1.0,1.0,1.0,1.0
0.9985527909484375,0.997545997581966,1.0,0.9982241223067518,0.9971184244211457,1.0,0.9991140691025464,0.9980531567544233,1.0,0.999197041168614,0.9982638725786614,1.0,0.9991709338246721,0.9984152597877909,1.0,0.9976357719386755,0.9979533586203075,1.0,0.9481579675176874,0.7080534192075305,1.0,1.0,1.0,1.0
0.9985527909484375,0.997545997581966,1.0,0.9982241223067518,0.9971184244211457,1.0,0.9991140691025464,0.9980531567544233,1.0,0.999197041168614,0.9982638725786614,1.0,0.9991709338246721,0.9984152597877909,1.0,0.9976357719386755,0.9979533586203075,1.0,0.9481579675176874,0.7080534192075305,1.0,1.0,1.0,1.0
0.996276654879594,0.997861227160854,0.4999508700102595,0.9991957563644434,0.9975431194443445,1.0,0.9989940784619193,0.997670704789769,1.0,0.9981620251813439,0.9990642949611441,1.0,0.9974146985160246,0.9986900582859306,1.0,0.9993958531360363,0.9992018668714024,1.0,0.9478833077429982,0.7076594177026578,0.4993155291790998,1.0,1.0,0.49979754601226745
0.9985332867833137,0.9975479927059041,1.0,0.9982260463345938,0.9971184244211457,0.9999989550679231,0.9991140691025464,0.9980531567544233,0.9999990205680689,0.999197041168614,0.9982638725786614,1.0,0.9991709338247006,0.9984152597877909,1.0,0.9976357719386755,0.9979533586203075,1.0,0.9481579675176874,0.7080534192075305,0.9999990108803161,1.0,1.0,0.9999989775051148
0.9977921285091185,0.9968616700781752,0.9665721596725376,0.9990860867777229,0.9972672661349833,0.9668913270638484,0.9988280914088676,0.996871217438084,0.9666885406465653,0.9983489030677504,0.9978110514656322,0.967052795031158,0.9983784158102367,0.9985288982643823,0.9673851554665234,0.9978593062783858,0.9974041670149489,0.9670459290189015,0.9484269052138075,0.7080733326410638,0.9671038575668973,1.0,1.0,0.9671728016360319
0.9985527909484375,0.997545997581966,1.0,0.9982241223067518,0.9971184244211457,1.0,0.9991140691025464,0.9980531567544233,1.0,0.999197041168614,0.9982638725786614,1.0,0.9991709338246721,0.9984152597877909,1.0,0.9976357719386755,0.9979533586203075,1.0,0.9481579675176874,0.7080534192075305,1.0,1.0,1.0,1.0
0.9985527909484375,0.997545997581966,1.0,0.9982241223067518,0.9971184244211457,1.0,0.9991140691025464,0.9980531567544233,1.0,0.999197041168614,0.9982638725786614,1.0,0.9991709338246721,0.9984152597877909,1.0,0.9976357719386755,0.9979533586203075,1.0,0.9481579675176874,0.7080534192075305,1.0,1.0,1.0,1.0
0.9985527909484375,0.997545997581966,1.0,0.9982241223067518,0.9971184244211457,1.0,0.9991140691025464,0.9980531567544233,1.0,0.999197041168614,0.9982638725786614,1.0,0.9991709338246721,0.9984152597877909,1.0,0.9976357719386755,0.9979533586203075,1.0,0.9481579675176874,0.7080534192075305,1.0,1.0,1.0,1.0
0.9986113034439654,0.9975479927058473,0.9999140225179772,0.9983145516151666,0.9970430112861521,0.9999205851620303,0.9991200686347099,0.9979982301424144,0.9999079333986884,0.999186773152843,0.9983033300200503,0.9999254658385652,0.9991901696988208,0.9984255905583979,0.9999237713139948,0.9976377857615404,0.9979362557675415,0.9999196242171777,0.9481751337536224,0.708056263983778,0.9999208704253846,1.0,1.0,0.9999182004090486
0.9985527909484375,0.997545997581966,1.0,0.9982241223067518,0.9971184244211457,1.0,0.9991140691025464,0.9980531567544233,1.0,0.999197041168614,0.9982638725786614,1.0,0.9991709338246721,0.9984152597877909,1.0,0.9976357719386755,0.9979533586203075,1.0,0.9481579675176874,0.7080534192075305,1.0,1.0,1.0,1.0
0.9985527909484375,0.997545997581966,1.0,0.9982241223067518,0.9971184244211457,1.0,0.9991140691025464,0.9980531567544233,1.0,0.999197041168614,0.9982638725786614,1.0,0.9991709338246721,0.9984152597877909,1.0,0.9976357719386755,0.9979533586203075,1.0,0.9481579675176874,0.7080534192075305,1.0,1.0,1.0,1.0
0.9985527909484375,0.9975499878298137,1.0,0.9982241223067518,0.9971184244211457,1.0,0.9991140691025464,0.9980531567544233,1.0,0.999197041168614,0.9982638725786614,1.0,0.9991709338246721,0.9984152597877909,1.0,0.9976357719386755,0.9979533586203075,1.0,0.9481579675176874,0.7080534192075305,1.0,1.0,1.0,1.0
0.9985820471961091,0.9975320317145702,0.9999590583418936,0.9982818431419247,0.9970866715221831,0.9999592476489383,0.9991340675427409,0.9980287449268985,0.9999539666993442,0.9991990947717397,0.9982789039849251,0.9999730848861432,0.9991516979505519,0.9984235244042736,0.9999658976931016,0.9976297304700381,0.9979476576693713,0.9999624217119276,0.9481617822368094,0.708051996819421,0.9999614243323762,1.0,1.0,0.9999611451943053
0.9985527909484375,0.997545997581966,1.0,0.9982241223067518,0.9971184244211457,1.0,0.9991140691025464,0.9980531567544233,1.0,0.999197041168614,0.9982638725786614,1.0,0.9991709338246721,0.9984152597877909,1.0,0.9976357719386755,0.9979533586203075,1.0,0.9481579675176874,0.7080534192075305,1.0,1.0,1.0,1.0
0.9985527909484375,0.997545997581966,1.0,0.9982241223067518,0.9971184244211457,1.0,0.9991140691025464,0.9980531567544233,1.0,0.999197041168614,0.9982638725786614,1.0,0.9991709338246721,0.9984152597877909,1.0,0.9976357719386755,0.9979533586203075,1.0,0.9481579675176874,0.7080534192075305,1.0,1.0,1.0,1.0
0.0,0.0,0.0,0.0,0.0,0.0,0.0,0.0,0.0,0.0,0.0,0.0,0.0,0.0,0.0,0.0,0.0,0.0,0.0,0.0,0.0,0.0,0.0,0.0
0.9985527909484375,0.997545997581966,1.0,0.9982241223067518,0.9971184244211457,1.0,0.9991140691025464,0.9980531567544233,1.0,0.999197041168614,0.9982638725786614,1.0,0.9991709338246721,0.9984152597877909,1.0,0.9976357719386755,0.9979533586203075,1.0,0.9481579675176874,0.7080534192075305,1.0,1.0,1.0,1.0
0.9986093530273195,0.9976297927864977,0.9999518935517244,0.9982568307800506,0.9970747641850437,0.999991640543378,0.9991380672307315,0.9980226419700102,0.9999921645445724,0.9992052555812023,0.9982882986138151,0.9999968944099393,0.9991574687127809,0.9984255905583836,0.9999919759277844,0.9976317442929457,0.9979571592542271,0.9999906054279819,0.9481694116749821,0.7080534192075163,0.9999564787339494,1.0,1.0,0.9999498977505397
0.9985761959465833,0.9975420073341468,1.0,0.9982241223067518,0.9971184244211457,1.0,0.9991140691025464,0.9980531567544233,1.0,0.999197041168614,0.9982638725786614,1.0,0.9991709338246721,0.9984152597877909,1.0,0.9976357719386755,0.9979533586203075,1.0,0.9481579675176874,0.7080534192075305,1.0,1.0,1.0,1.0
0.9977238639310286,0.9977953880715944,0.9778515864892512,0.9978220004888527,0.99655877957737,1.0,0.998842090316856,0.998228108184918,1.0,0.9987719453167188,0.9980628275201724,1.0,0.9985900104257297,0.998398730554797,1.0,0.997776739540285,0.9981357890495701,1.0,0.9483410740341327,0.7081444520462412,0.9781285855588777,1.0,1.0,0.978218813905869
0.9985586421979207,0.9975719341928908,1.0,0.9982260463345938,0.9971184244211457,1.0,0.9991140691025464,0.9980531567544233,1.0,0.999197041168614,0.9982638725786614,1.0,0.9991709338247006,0.9984152597877909,1.0,0.9976357719386755,0.9979533586203075,1.0,0.9481579675176874,0.7080534192075305,0.9999990108803161,1.0,1.0,0.9999989775051148
0.9985586421979775,0.9975659488211477,0.9999928352098308,0.9982452866129705,0.9971124707525831,0.9999937304075317,0.9991180687905512,0.9980572253923299,0.9999951028403586,0.999197041168614,0.9982713882817933,0.9999968944099393,0.9991651630624858,0.9984193920960536,0.999994984954867,0.9976317442929172,0.9979609598881893,0.9999947807933225,0.9481560601581549,0.70805484159564,0.9999920870425427,1.0,1.0,0.9999948875255669
0.0,0.0,0.0,0.0,0.0,0.0,0.0,0.0,0.0,0.0,0.0,0.0,0.0,0.0,0.0,0.0,0.0,0.0,0.0,0.0,0.0,0.0,0.0,0.0
0.9985527909484375,0.997545997581966,1.0,0.9982241223067518,0.9971184244211457,1.0,0.9991140691025464,0.9980531567544233,1.0,0.999197041168614,0.9982638725786614,1.0,0.9991709338246721,0.9984152597877909,1.0,0.9976357719386755,0.9979533586203075,1.0,0.9481579675176874,0.7080534192075305,1.0,1.0,1.0,1.0
0.998566443863993,0.9975499878297995,1.0,0.9982241223067518,0.9971184244211457,1.0,0.9991140691025464,0.9980531567544233,1.0,0.999197041168614,0.9982638725786614,1.0,0.9991709338246721,0.9984152597877909,1.0,0.9976357719386755,0.9979533586203075,1.0,0.9481579675176874,0.7080534192075305,1.0,1.0,1.0,1.0
0.9972109043885666,0.998561515655723,0.7152865916069899,0.9984915621761132,0.9971799456627224,1.0,0.9983361297819044,0.9984620548654561,1.0,0.9979648792791096,0.9982093837308952,1.0,0.998697731320874,0.9982747613074565,1.0,0.9978673615699307,0.9991600598980312,1.0,0.947667776114173,0.7078841550231516,0.7154342235410809,1.0,1.0,0.7153200408998828
0.9985800967796052,0.9975759244407243,1.0,0.9982241223067518,0.9971184244211457,1.0,0.9991140691025464,0.9980531567544233,1.0,0.9991990947717682,0.9982638725786614,1.0,0.9991709338246721,0.9984152597877909,1.0,0.9976377857615546,0.9979533586203075,1.0,0.9481579675176874,0.7080534192075305,0.9999990108803161,1.0,1.0,0.9999989775051148
0.9985527909484375,0.997545997581966,1.0,0.9982241223067518,0.9971184244211457,1.0,0.9991140691025464,0.9980531567544233,1.0,0.999197041168614,0.9982638725786614,1.0,0.9991709338246721,0.9984152597877909,1.0,0.9976357719386755,0.9979533586203075,1.0,0.9481579675176874,0.7080534192075305,1.0,1.0,1.0,1.0
0.9963624732061049,0.9983380617771189,0.7347952917094105,0.9989764171908888,0.9976344090289899,0.7345151515151969,0.9974162015364385,0.9990987967002809,0.7350538687561041,0.9987534628882884,0.996713758809733,0.7343374741201174,0.9992690367827208,0.9981383951354275,0.7356720160481345,0.9978452095181751,0.9992569760636769,0.7351346555323346,0.9476639613950226,0.7079168699495284,0.7346785361029475,1.0,1.0,0.7346809815951119
0.0,0.0,0.0,0.0,0.0,0.0,0.0,0.0,0.0,0.0,0.0,0.0,0.0,0.0,0.0,0.0,0.0,0.0,0.0,0.0,0.0,0.0,0.0,0.0
0.9964619444484697,0.9964686306666408,0.7809375639713565,0.9992996538675385,0.9987021002557697,0.7804409613375114,0.9968142484885618,0.9968996979036717,0.7806601371203925,0.998500869700905,0.9979313027154149,0.7805610766045206,0.9994633191115554,0.9994627999279118,0.7817131394181871,0.998072771503729,0.998595665757037,0.7811200417536384,0.9478947519001935,0.7080150147287299,0.7804035608308908,1.0,1.0,0.7807290388548154
0.0,0.0,0.0,0.0,0.0,0.0,0.0,0.0,0.0,0.0,0.0,0.0,0.0,0.0,0.0,0.0,0.0,0.0,0.0,0.0,0.0,0.0,0.0,0.0
0.9985742455300795,0.9975479927059041,1.0,0.9982241223067518,0.9971184244211457,1.0,0.9991140691025464,0.9980531567544233,1.0,0.999197041168614,0.9982638725786614,1.0,0.9991709338246721,0.9984152597877909,1.0,0.9976357719386755,0.9979533586203075,1.0,0.9481579675176874,0.7080534192075305,1.0,1.0,1.0,1.0
0.996986606489827,0.997627797662588,0.8368546571136264,0.9984453855080346,0.9997241466903404,1.0,0.9982601357095149,0.9981731815730086,1.0,0.9985398881607637,0.9984498862310431,1.0,0.9983418676495006,0.9995206522434756,1.0,0.9982801952605485,0.9983771293051262,1.0,0.94715851111512,0.7093861968612742,0.8371364985164078,1.0,1.0,0.8370603271983796
0.9985527909484375,0.997545997581966,1.0,0.9982241223067518,0.9971184244211457,1.0,0.9991140691025464,0.9980531567544233,1.0,0.999197041168614,0.9982638725786614,1.0,0.9991709338246721,0.9984152597877909,1.0,0.9976357719386755,0.9979533586203075,1.0,0.9481579675176874,0.7080534192075305,1.0,1.0,1.0,1.0
0.9985527909484375,0.997545997581966,1.0,0.9982241223067518,0.9971184244211457,1.0,0.9991140691025464,0.9980531567544233,1.0,0.999197041168614,0.9982638725786614,1.0,0.9991709338246721,0.9984152597877909,1.0,0.9976357719386755,0.9979533586203075,1.0,0.9481579675176874,0.7080534192075305,1.0,1.0,1.0,1.0
0.998539138032811,0.9975400122102087,0.9999989764585422,0.9982260463345938,0.9971184244211457,1.0,0.999116068946563,0.9980551910733766,1.0,0.9991990947717682,0.9982676304302345,1.0,0.9991670866498481,0.9984131936336667,1.0,0.9976357719386755,0.9979552589372673,1.0,0.9481579675176874,0.70805484159564,0.9999980217606392,1.0,1.0,0.9999979550102296
0.9966842919305634,0.9979829297196972,0.7577768679631944,0.9988744437156214,0.9961360691101078,0.7572779519330624,0.9971042258702738,0.9973085960146904,0.7576062683643485,0.9985706922081476,0.9968640728722136,0.757449275362319,0.9992286414470755,0.9985474936516283,0.7587432296890526,0.9983164440721026,0.9993443906444384,0.7581231732776743,0.9479786757202504,0.7082553983184141,0.7573570722057781,1.0,1.0,0.7574785276072902
0.0,0.0,0.0,0.0,0.0,0.0,0.0,0.0,0.0,0.0,0.0,0.0,0.0,0.0,0.0,0.0,0.0,0.0,0.0,0.0,0.0,0.0,0.0,0.0
0.9985547413649556,0.9975479927058899,1.0,0.9982241223067518,0.9971184244211457,1.0,0.9991140691025464,0.9980531567544233,1.0,0.999197041168614,0.9982638725786614,1.0,0.9991709338246721,0.9984152597877909,1.0,0.9976357719386755,0.9979533586203075,1.0,0.9481579675176874,0.7080534192075305,1.0,1.0,1.0,1.0
0.9984747742880558,0.9976078464234917,0.9997215967248749,0.9983222477264349,0.9968902004600011,0.9997471264369651,0.9991700647350115,0.997924994659769,0.9997159647406448,0.9992155235970444,0.9982413254693228,0.9997329192548463,0.9992844254821307,0.9984421197913207,0.9997201604816368,0.9975854263666832,0.9978830468923263,0.9997171189980918,0.9481770411131691,0.708049152043202,0.999729970326598,1.0,1.0,0.9997269938652238
0.9985527909484375,0.997545997581966,1.0,0.9982241223067518,0.9971184244211457,1.0,0.9991140691025464,0.9980531567544233,1.0,0.999197041168614,0.9982638725786614,1.0,0.9991709338246721,0.9984152597877909,1.0,0.9976357719386755,0.9979533586203075,1.0,0.9481579675176874,0.7080534192075305,1.0,1.0,1.0,1.0
0.9985527909484375,0.997545997581966,1.0,0.9982241223067518,0.9971184244211457,1.0,0.9991140691025464,0.9980531567544233,1.0,0.999197041168614,0.9982638725786614,1.0,0.9991709338246721,0.9984152597877909,1.0,0.9976357719386755,0.9979533586203075,1.0,0.9481579675176874,0.7080534192075305,1.0,1.0,1.0,1.0
0.0,0.0,0.0,0.0,0.0,0.0,0.0,0.0,0.0,0.0,0.0,0.0,0.0,0.0,0.0,0.0,0.0,0.0,0.0,0.0,0.0,0.0,0.0,0.0
0.9987224771850975,0.9974661926252821,0.9995087001026732,0.9982318184181196,0.9969894282692167,1.0,0.9992260603672776,0.997927028978765,1.0,0.9992073091843849,0.9981830787700972,1.0,0.9991940168735454,0.9985144351855979,1.0,0.9975914678352922,0.9978830468923547,1.0,0.9481865779109455,0.7080391953264638,0.9995272007916114,1.0,1.0,0.9995132924338179
0.9985527909484375,0.997545997581966,1.0,0.9982241223067518,0.9971184244211457,1.0,0.9991140691025464,0.9980531567544233,1.0,0.999197041168614,0.9982638725786614,1.0,0.9991709338246721,0.9984152597877909,1.0,0.9976357719386755,0.9979533586203075,1.0,0.9481579675176874,0.7080534192075305,1.0,1.0,1.0,1.0
0.9985430388658614,0.9976238074147261,0.9999703172978727,0.9982549067521092,0.9971065170840063,1.0,0.9991400670747481,0.9980307792458802,1.0,0.9992011483749224,0.9982713882818075,1.0,0.9991613158876618,0.9984214582501494,1.0,0.997627716647159,0.9979514583033193,1.0,0.9481598748772626,0.70805484159564,0.9999782393669747,1.0,1.0,0.9999744376278201
0.9985527909484375,0.997545997581966,1.0,0.9982241223067518,0.9971184244211457,1.0,0.9991140691025464,0.9980531567544233,1.0,0.999197041168614,0.9982638725786614,1.0,0.9991709338246721,0.9984152597877909,1.0,0.9976357719386755,0.9979533586203075,1.0,0.9481579675176874,0.7080534192075305,1.0,1.0,1.0,1.0
0.9952819424589592,0.9973385046944543,1.0,0.99923423692114,0.9972017757807521,0.7246050156740012,0.9984921176148873,0.999611445078429,0.7251762977473959,0.9986097106680063,0.9973845353133584,0.7244968944099455,0.9989458740972736,0.9979503751101504,0.725888665998049,0.9976377857615404,0.9988902148878509,0.7252369519833479,0.9475609639795692,0.7078315266633268,0.7248615232443214,1.0,1.0,0.7247699386503186
0.9967779119231466,0.998260251944231,0.6424626407370013,0.9994555001221528,0.997926138787804,0.6424012539185355,0.9972062179149788,0.9980043330993738,0.642450538687541,0.996940131307511,0.9973845353132589,0.6415217391304608,0.9982726185024688,0.9981714536011879,0.6434393179538773,0.9992428025970952,0.9998194698874698,0.6428413361169589,0.947667776114173,0.7079282490543477,0.6423996043521356,1.0,1.0,0.6424969325153782
0.9962922582116533,0.9979051198870081,0.49996519959061203,0.9991996044200846,0.9975351812196038,1.0,0.9990240761221116,0.9976218811346911,1.0,0.9981455963561245,0.9990736895900341,1.0,0.9974223928656869,0.998692124440069,1.0,0.9994159913648275,0.9991885646525844,1.0,0.9478833077430124,0.7076622624788769,0.4993283877349768,1.0,1.0,0.4998067484662485
0.9985527909484375,0.997545997581966,1.0,0.9982241223067518,0.9971184244211457,1.0,0.9991140691025464,0.9980531567544233,1.0,0.999197041168614,0.9982638725786614,1.0,0.9991709338246721,0.9984152597877909,1.0,0.9976357719386755,0.9979533586203075,1.0,0.9481579675176874,0.7080534192075305,1.0,1.0,1.0,1.0
0.9985527909484375,0.997545997581966,1.0,0.9982241223067518,0.9971184244211457,1.0,0.9991140691025464,0.9980531567544233,1.0,0.999197041168614,0.9982638725786614,1.0,0.9991709338246721,0.9984152597877909,1.0,0.9976357719386755,0.9979533586203075,1.0,0.9481579675176874,0.7080534192075305,1.0,1.0,1.0,1.0
0.9985527909484375,0.997545997581966,1.0,0.9982241223067518,0.9971184244211457,1.0,0.9991140691025464,0.9980531567544233,1.0,0.999197041168614,0.9982638725786614,1.0,0.9991709338246721,0.9984152597877909,1.0,0.9976357719386755,0.9979533586203075,1.0,0.9481579675176874,0.7080534192075305,1.0,1.0,1.0,1.0
0.9988921634215018,0.9975021048556982,0.9992835209829636,0.9982722230027576,0.9969001232409198,1.0,0.9992800561555129,0.9979534751252572,1.0,0.9992216844064217,0.9982300519146463,1.0,0.9992151763350847,0.9986446028953111,1.0,0.9975934816581997,0.997879246258293,1.0,0.948152245439033,0.7080263938335349,0.9992739861527298,1.0,1.0,0.9992750511251245
0.9985547413649556,0.9975479927058899,1.0,0.9982241223067518,0.9971184244211457,1.0,0.9991140691025464,0.9980531567544233,1.0,0.999197041168614,0.9982638725786614,1.0,0.9991709338246721,0.9984152597877909,1.0,0.9976357719386755,0.9979533586203075,1.0,0.9481579675176874,0.7080534192075305,1.0,1.0,1.0,1.0
0.997591235608354,0.9977953880715091,0.5616622313203976,0.99878209037945,0.9972990190338322,0.5614284221525239,1.0,0.9993185031480465,0.5620822722820549,0.9984844408758846,0.9968077050987318,0.5612846790889634,0.9980956484604917,0.9984896413360929,0.5627061183550452,0.9990373926633396,0.9992379728937522,0.5621826722337744,0.9480568774616103,0.7076195908357477,0.5618664688427657,1.0,1.0,0.562083844580819
0.9985527909484375,0.997545997581966,1.0,0.9982241223067518,0.9971184244211457,1.0,0.9991140691025464,0.9980531567544233,1.0,0.999197041168614,0.9982638725786614,1.0,0.9991709338246721,0.9984152597877909,1.0,0.9976357719386755,0.9979533586203075,1.0,0.9481579675176874,0.7080534192075305,1.0,1.0,1.0,1.0
0.9985566917814452,0.9975539780776614,1.0,0.9982241223067518,0.9971184244211457,1.0,0.9991140691025464,0.9980531567544233,1.0,0.999197041168614,0.9982638725786614,1.0,0.9991709338246721,0.9984152597877909,1.0,0.9976357719386755,0.9979533586203075,1.0,0.9481579675176874,0.7080534192075305,1.0,1.0,1.0,1.0
0.9985664438640356,0.9975559732015711,0.9999795291709432,0.9982337424459615,0.997114455308747,0.999982236154672,0.9991200686345394,0.9980450194785817,0.9999833496572066,0.9991908803591514,0.9982713882818075,0.999985507246393,0.9991632394750383,0.9984255905583979,0.9999859578736334,0.9976297304700381,0.9979571592542555,0.9999822546972936,0.9481617822368094,0.7080562639837495,0.9999861523244391,1.0,1.0,0.9999867075664639
0.9985527909484375,0.997545997581966,1.0,0.9982241223067518,0.9971184244211457,1.0,0.9991140691025464,0.9980531567544233,1.0,0.999197041168614,0.9982638725786614,1.0,0.9991709338246721,0.9984152597877909,1.0,0.9976357719386755,0.9979533586203075,1.0,0.9481579675176874,0.7080534192075305,1.0,1.0,1.0,1.0
0.9985722951135472,0.9975420073341468,1.0,0.9982241223067518,0.9971184244211457,1.0,0.9991140691025464,0.9980531567544233,1.0,0.999197041168614,0.9982638725786614,1.0,0.9991709338246721,0.9984152597877909,1.0,0.9976357719386755,0.9979533586203075,1.0,0.9481579675176874,0.7080534192075305,1.0,1.0,1.0,1.0
0.998560592614524,0.9975479927057904,0.9999928352098308,0.9982395145294731,0.9971144553087612,1.0,0.9991200686345536,0.9980572253923299,1.0,0.9991949875654456,0.9982751461333521,1.0,0.9991670866498907,0.9984193920960536,1.0,0.9976317442929172,0.9979628602051491,1.0,0.9481560601581549,0.70805484159564,0.9999920870425427,1.0,1.0,0.9999948875255669
0.9985527909484375,0.997545997581966,1.0,0.9982241223067518,0.9971184244211457,1.0,0.9991140691025464,0.9980531567544233,1.0,0.999197041168614,0.9982638725786614,1.0,0.9991709338246721,0.9984152597877909,1.0,0.9976357719386755,0.9979533586203075,1.0,0.9481579675176874,0.7080534192075305,1.0,1.0,1.0,1.0
0.9985527909484375,0.997545997581966,1.0,0.9982241223067518,0.9971184244211457,1.0,0.9991140691025464,0.9980531567544233,1.0,0.999197041168614,0.9982638725786614,1.0,0.9991709338246721,0.9984152597877909,1.0,0.9976357719386755,0.9979533586203075,1.0,0.9481579675176874,0.7080534192075305,1.0,1.0,1.0,1.0
0.9985527909484375,0.997545997581966,1.0,0.9982241223067518,0.9971184244211457,1.0,0.9991140691025464,0.9980531567544233,1.0,0.999197041168614,0.9982638725786614,1.0,0.9991709338246721,0.9984152597877909,1.0,0.9976357719386755,0.9979533586203075,1.0,0.9481579675176874,0.7080534192075305,1.0,1.0,1.0,1.0
0.9979735172445885,0.9981964079788952,0.6306653019447239,1.0,0.9977514978438364,0.6303239289446623,0.9971482224385397,0.9988323009162627,0.6304593535749916,0.9972563861926034,0.9977077105477576,0.6297857142857026,0.9976859243413116,0.9986239413540545,0.6317803410230809,0.9988480933125317,0.9996503416769968,0.6309091858037732,0.9479233622934089,0.7078116132298504,0.6305677546983546,1.0,1.0,0.6306533742331766
0.9985527909484375,0.997545997581966,1.0,0.9982241223067518,0.9971184244211457,1.0,0.9991140691025464,0.9980531567544233,1.0,0.999197041168614,0.9982638725786614,1.0,0.9991709338246721,0.9984152597877909,1.0,0.9976357719386755,0.9979533586203075,1.0,0.9481579675176874,0.7080534192075305,1.0,1.0,1.0,1.0
0.9985527909484375,0.997545997581966,1.0,0.9982241223067518,0.9971184244211457,1.0,0.9991140691025464,0.9980531567544233,1.0,0.999197041168614,0.9982638725786614,1.0,0.9991709338246721,0.9984152597877909,1.0,0.9976357719386755,0.9979533586203075,1.0,0.9481579675176874,0.7080534192075305,1.0,1.0,1.0,1.0
0.9985527909484375,0.997545997581966,1.0,0.9982241223067518,0.9971184244211457,1.0,0.9991140691025464,0.9980531567544233,1.0,0.999197041168614,0.9982638725786614,1.0,0.9991709338246721,0.9984152597877909,1.0,0.9976357719386755,0.9979533586203075,1.0,0.9481579675176874,0.7080534192075305,1.0,1.0,1.0,1.0
0.9985527909484375,0.997545997581966,1.0,0.9982241223067518,0.9971184244211457,1.0,0.9991140691025464,0.9980531567544233,1.0,0.999197041168614,0.9982638725786614,1.0,0.9991709338246721,0.9984152597877909,1.0,0.9976357719386755,0.9979533586203075,1.0,0.9481579675176874,0.7080534192075305,1.0,1.0,1.0,1.0
0.9985527909484375,0.997545997581966,1.0,0.9982241223067518,0.9971184244211457,1.0,0.9991140691025464,0.9980531567544233,1.0,0.999197041168614,0.9982638725786614,1.0,0.9991709338246721,0.9984152597877909,1.0,0.9976357719386755,0.9979533586203075,1.0,0.9481579675176874,0.7080534192075305,1.0,1.0,1.0,1.0
0.9992568913092299,0.9977574807170697,0.9983940634599193,0.9982914632810491,0.9969417989207159,1.0,0.9992960549075605,0.9981406324696849,1.0,0.9991148970427872,0.9982619936528465,1.0,0.9991690102372957,0.9985206336480132,1.0,0.997555219023468,0.997924853865598,1.0,0.9481789484726164,0.7080548415956827,0.9984698318500946,1.0,1.0,0.9984079754605162
0.9986425101081977,0.9976377732822215,0.9998607983624481,0.9983588042554743,0.9970072892748192,1.0,0.999174064422931,0.9979982301424286,1.0,0.9992011483749508,0.9982789039849251,1.0,0.9991882461113732,0.998425590558341,1.0,0.9976337581158106,0.9979210532317637,1.0,0.9481694116749964,0.7080534192075589,0.9998565776459927,1.0,1.0,0.9998680981596024
0.9985527909484375,0.997545997581966,1.0,0.9982241223067518,0.9971184244211457,1.0,0.9991140691025464,0.9980531567544233,1.0,0.999197041168614,0.9982638725786614,1.0,0.9991709338246721,0.9984152597877909,1.0,0.9976357719386755,0.9979533586203075,1.0,0.9481579675176874,0.7080534192075305,1.0,1.0,1.0,1.0
0.9985527909484375,0.997545997581966,1.0,0.9982241223067518,0.9971184244211457,1.0,0.9991140691025464,0.9980531567544233,1.0,0.999197041168614,0.9982638725786614,1.0,0.9991709338246721,0.9984152597877909,1.0,0.9976357719386755,0.9979533586203075,1.0,0.9481579675176874,0.7080534192075305,1.0,1.0,1.0,1.0
0.9985527909484375,0.997545997581966,1.0,0.9982241223067518,0.9971184244211457,1.0,0.9991140691025464,0.9980531567544233,1.0,0.999197041168614,0.9982638725786614,1.0,0.9991709338246721,0.9984152597877909,1.0,0.9976357719386755,0.9979533586203075,1.0,0.9481579675176874,0.7080534192075305,1.0,1.0,1.0,1.0
0.9985527909484375,0.9975519829537376,0.9999948822927394,0.9982375905016454,0.9971164398649677,0.9999958202716925,0.9991200686345536,0.9980572253923299,0.9999970617042138,0.9992011483749081,0.998269509356021,0.9999989648033107,0.9991613158876476,0.9984193920960251,0.9999969909729174,0.9976317442929172,0.9979571592542555,0.9999958246346594,0.9481560601581549,0.7080534192075305,0.9999960435212785,1.0,1.0,0.9999969325153373
0.9985488901154014,0.9975380170863275,0.9999979529170915,0.9982260463345938,0.9971184244211315,0.9999958202716925,0.999116068946563,0.9980633283492324,0.9999980411361378,0.999197041168614,0.998265751504448,0.9999989648033107,0.9991670866498481,0.9984131936336667,0.9999989969909748,0.9976357719386755,0.9979533586203075,0.9999979123173262,0.9481579675176874,0.70805484159564,0.9999980217606392,1.0,1.0,0.9999979550102296
0.9985527909484375,0.997545997581966,1.0,0.9982241223067518,0.9971184244211457,1.0,0.9991140691025464,0.9980531567544233,1.0,0.999197041168614,0.9982638725786614,1.0,0.9991709338246721,0.9984152597877909,1.0,0.9976357719386755,0.9979533586203075,1.0,0.9481579675176874,0.7080534192075305,1.0,1.0,1.0,1.0
0.9971016810640236,0.9967619138824944,0.8813510747184594,0.9987994066297574,0.9987219458177918,0.8813040752350147,0.9990440745622777,0.9975954349881846,0.8812948090107326,0.9989547159969305,0.9974634501961503,0.8812422360247325,0.998499601817386,0.9989194013935787,0.8821153460380842,0.998127144721451,0.9985861641721385,0.8819446764091055,0.9484803112810596,0.7079168699495284,0.8812631058357994,1.0,1.0,0.8814243353782132
0.9985527909484375,0.997545997581966,1.0,0.9982241223067518,0.9971184244211457,1.0,0.9991140691025464,0.9980531567544233,1.0,0.999197041168614,0.9982638725786614,1.0,0.9991709338246721,0.9984152597877909,1.0,0.9976357719386755,0.9979533586203075,1.0,0.9481579675176874,0.7080534192075305,1.0,1.0,1.0,1.0
0.9985527909484375,0.997545997581966,1.0,0.9982241223067518,0.9971184244211457,1.0,0.9991140691025464,0.9980531567544233,1.0,0.999197041168614,0.9982638725786614,1.0,0.9991709338246721,0.9984152597877909,1.0,0.9976357719386755,0.9979533586203075,1.0,0.9481579675176874,0.7080534192075305,1.0,1.0,1.0,1.0
0.9982017159763075,0.9969534457784022,0.5429866939611543,0.9987397617670837,0.9978427874281408,1.0,0.998490117770757,0.9981874218057527,1.0,0.9997227635749795,0.9982601147270032,1.0,0.9982572298032295,0.9980743443576046,1.0,0.9994099498962044,0.9992227703580596,1.0,0.9482418913377302,0.707768941586707,0.542637982195842,1.0,1.0,0.5426676891615401
0.0,0.0,0.0,0.0,0.0,0.0,0.0,0.0,0.0,0.0,0.0,0.0,0.0,0.0,0.0,0.0,0.0,0.0,0.0,0.0,0.0,0.0,0.0,0.0
0.9985527909484375,0.997545997581966,1.0,0.9982241223067518,0.9971184244211457,1.0,0.9991140691025464,0.9980531567544233,1.0,0.999197041168614,0.9982638725786614,1.0,0.9991709338246721,0.9984152597877909,1.0,0.9976357719386755,0.9979533586203075,1.0,0.9481579675176874,0.7080534192075305,1.0,1.0,1.0,1.0
0.998566443863993,0.9975719341928908,1.0,0.9982241223067518,0.9971184244211457,1.0,0.9991140691025464,0.9980531567544233,1.0,0.9991990947717682,0.9982638725786614,1.0,0.9991728574121055,0.9984152597877909,1.0,0.9976357719386755,0.9979533586203075,1.0,0.9481579675176874,0.7080534192075305,0.9999990108803161,1.0,1.0,0.9999989775051148
0.9986210555264137,0.9976377732822073,0.9998700102355116,0.9983684243946129,0.9969715672635004,0.9998746081505772,0.9991940628630829,0.9980084017372093,0.9998609206661015,0.9991641835182605,0.998286419688057,0.9998685300207839,0.9991901696988066,0.9984338551748522,0.9998746238717118,0.9976377857615546,0.9979248538656833,0.999864300626399,0.9481713190345573,0.7080548415956542,0.9998635014837731,1.0,1.0,0.9998711656442651
0.9985527909484375,0.997545997581966,1.0,0.9982241223067518,0.9971184244211457,1.0,0.9991140691025464,0.9980531567544233,1.0,0.999197041168614,0.9982638725786614,1.0,0.9991709338246721,0.9984152597877909,1.0,0.9976357719386755,0.9979533586203075,1.0,0.9481579675176874,0.7080534192075305,1.0,1.0,1.0,1.0
0.9985488901154014,0.9975499878298422,0.9999969293756408,0.9982298943902634,0.9971204089773096,0.9999958202716925,0.999116068946563,0.9980612940302507,0.9999980411361378,0.999197041168614,0.9982638725786614,0.9999989648033107,0.9991651630624432,0.9984173259419009,0.9999989969909748,0.9976357719386755,0.9979571592542555,0.9999979123173262,0.9481579675176874,0.7080534192075305,0.9999970326409553,1.0,1.0,0.9999979550102296
0.99717774730793,0.9960456643963198,0.9056049129989105,0.9991226433066913,0.9978924013327628,1.0,0.9988820871971882,0.9971600907305316,1.0,0.9989033759183741,0.9986753573244158,1.0,0.9988420003769818,0.9985681551927286,1.0,0.9980586747435893,0.998527254346044,1.0,0.9484097389780004,0.7079424729354145,0.9058071216616739,1.0,1.0,0.9061206543967231
0.9985527909484375,0.997545997581966,1.0,0.9982241223067518,0.9971184244211457,1.0,0.9991140691025464,0.9980531567544233,1.0,0.999197041168614,0.9982638725786614,1.0,0.9991709338246721,0.9984152597877909,1.0,0.9976357719386755,0.9979533586203075,1.0,0.9481579675176874,0.7080534192075305,1.0,1.0,1.0,1.0
0.9985527909484375,0.997545997581966,1.0,0.9982241223067518,0.9971184244211457,1.0,0.9991140691025464,0.9980531567544233,1.0,0.999197041168614,0.9982638725786614,1.0,0.9991709338246721,0.9984152597877909,1.0,0.9976357719386755,0.9979533586203075,1.0,0.9481579675176874,0.7080534192075305,1.0,1.0,1.0,1.0
0.9982309722241638,0.9985555302840083,0.6039570112590198,0.997887417435436,0.9973029881462168,1.0,0.9949083971452097,0.9970522718256092,1.0,0.9974514784916124,0.9975968539265239,1.0,0.9970415225580211,0.9990537014116398,1.0,0.9993716872616005,0.9980806798575372,1.0,0.7831179606511398,0.9503287850102424,0.6296152324431077,1.0,1.0,0.6041666666667567
0.9974898139497839,0.9987530475518724,0.6641811668373023,0.9978277725725491,0.9973605402754231,1.0,0.9973122096475464,0.9977724207377321,1.0,0.9984433688127581,0.9992935239062035,1.0,0.9987900635167222,0.9985805521175877,1.0,0.9992025261395128,0.9992151690902915,1.0,0.9478031986420206,0.7076850206885297,0.6639099901088201,1.0,1.0,0.6638803680981624
0.0,0.0,0.0,0.0,0.0,0.0,0.0,0.0,0.0,0.0,0.0,0.0,0.0,0.0,0.0,0.0,0.0,0.0,0.0,0.0,0.0,0.0,0.0,0.0
0.9985527909484375,0.997545997581966,1.0,0.9982241223067518,0.9971184244211457,1.0,0.9991140691025464,0.9980531567544233,1.0,0.999197041168614,0.9982638725786614,1.0,0.9991709338246721,0.9984152597877909,1.0,0.9976357719386755,0.9979533586203075,1.0,0.9481579675176874,0.7080534192075305,1.0,1.0,1.0,1.0
0.0,0.0,0.0,0.0,0.0,0.0,0.0,0.0,0.0,0.0,0.0,0.0,0.0,0.0,0.0,0.0,0.0,0.0,0.0,0.0,0.0,0.0,0.0,0.0
0.9985761959465691,0.9976796708844233,0.9989385875131944,0.9984877141204151,0.9968207409934138,0.9989696969701285,0.9992980547516765,0.9980653626681715,0.9989138099906754,0.9992073091843707,0.9982244151374431,0.9989285714289622,0.9991728574121055,0.9985846844258646,0.9989317953866035,0.9975975093040006,0.9979362557674989,0.9989551148229552,0.9482075588658745,0.7080534192075589,0.9989643916918638,1.0,1.0,0.9989028629861139
0.9965126552775274,0.9968397237153255,0.9386284544523349,0.9986589525979781,0.9976403626974957,1.0,0.9989120848573521,0.9979961958233758,1.0,0.9991148970426167,0.9980290068559299,1.0,0.9984476649572116,0.9988036967628489,1.0,0.9974545278793698,0.9985177527611597,1.0,0.9482037441468378,0.7081885460774373,0.9388358061325164,1.0,1.0,0.9391666666666865
0.9974098468726282,0.997711592867006,0.6477287615147702,0.9988782917712768,0.9985492894296897,0.6475214211076548,0.9969282395972812,0.9981426667886097,0.6476542605288529,0.9970797763216552,0.9978561456842385,0.64669254658385,0.9984880602928285,0.9982850920780351,0.6485947843530013,0.9994059222504461,0.9996294381903397,0.6479446764090753,0.9477555146533092,0.7078912669636566,0.6475529179030417,1.0,1.0,0.6476942740286873
0.9969495485761541,0.9983899349988974,0.736127942681776,0.9991707440023418,0.9974637371969521,0.7357659352143742,0.9973562062158834,0.9989279139074654,0.7363173359452588,0.9987637309040593,0.9969542613095541,0.7357049689441411,0.9991016846778251,0.9980970720528717,0.7369177532598385,0.9978794445071202,0.9991828637017193,0.736430062630518,0.9477478852151364,0.7079709206975338,0.7360000000000255,1.0,1.0,0.7359621676892516
0.9965204569436139,0.9974781633688394,0.9330706243602833,0.9977027107630079,0.9980491812712131,0.9329895506791601,0.9993300522559991,0.9968590115243074,0.9326669931439611,0.9993859726583167,0.9981455002545943,0.9329834368530001,0.9984226583208056,0.9989214675478166,0.9334694082246742,0.9978230574665332,0.9985576594174859,0.933256784968691,0.9482590575736083,0.7080164371168678,0.9329366963402705,1.0,1.0,0.9333548057259335
0.9985527909484375,0.997545997581966,1.0,0.9982241223067518,0.9971184244211457,1.0,0.9991140691025464,0.9980531567544233,1.0,0.999197041168614,0.9982638725786614,1.0,0.9991709338246721,0.9984152597877909,1.0,0.9976357719386755,0.9979533586203075,1.0,0.9481579675176874,0.7080534192075305,1.0,1.0,1.0,1.0
0.9964931511125172,0.9970931044526736,0.7085301944728499,0.9997094717966633,0.9977772970741938,0.7082643678160849,0.9978781655028826,0.9986471778909873,0.708682664054848,0.998246222910339,0.9975780646688577,0.7079875776397628,0.9984226583207487,0.9982644305367216,0.7096228686058268,0.9981593658874459,0.9991866643356389,0.7089801670145945,0.9476506098782238,0.7077518729294212,0.7085687438180628,1.0,1.0,0.7083537832311109
0.0,0.0,0.0,0.0,0.0,0.0,0.0,0.0,0.0,0.0,0.0,0.0,0.0,0.0,0.0,0.0,0.0,0.0,0.0,0.0,0.0,0.0,0.0,0.0
0.9956330174308476,0.9968816213174705,0.7750255885362591,0.9994901326235066,0.9987378222670742,1.0,0.9966982575358401,0.9977358029964734,1.0,0.9987041764128151,0.998106042812978,1.0,0.9987727512300495,0.9985288982644391,1.0,0.9981070064926598,0.9987419901640351,1.0,0.9478108280801507,0.7081231162246553,0.7748763600394923,1.0,1.0,0.7752198364007796
0.9974078964564939,0.9977993783193426,1.0,0.9985223466215132,0.9965429031278603,0.9727586206896817,0.999206061927211,0.9976768077465721,0.9726238981391404,0.9990101632819517,0.9979031188287308,0.973018633540498,0.998655412397838,0.998706587519095,0.9732778335005534,0.997659937813367,0.9976645104401882,0.9728997912318107,0.9484497935283684,0.7081942356299322,0.9730425321463727,1.0,1.0,0.9731114519427635
0.9978876989179497,0.9979250711261187,0.980991811668396,0.9985993077350344,0.996767157976592,1.0,0.9994880399327712,0.9980714656249887,1.0,0.9987555164915989,0.9980421593364497,1.0,0.9983668742858782,0.9982293059166096,1.0,0.9978270851123199,0.9982023001435749,1.0,0.9482380766185798,0.7081985027941755,0.9812354104847145,1.0,1.0,0.9812699386503212
0.9979559634959827,0.997573929316701,0.7494687819857262,0.9986435603751858,0.9969874437129533,0.7490167189133246,0.9969862350737628,0.997501856315921,0.7493320274241242,0.9987144444284866,0.9967607319541827,0.7490703933747795,0.9988477711391255,0.9985950151965,0.7502958876630004,0.9982922781977095,0.9994850141003155,0.7497734864300654,0.9478165501588478,0.7081160042841788,0.7490702274974979,1.0,1.0,0.7491543967280734
0.9950790991416341,0.9969235189198855,0.7783172978505135,0.9994670442892755,0.9988449883010446,0.7778087774293923,0.9969102410013022,0.9970197227222144,0.7780381978451203,0.998644621921386,0.997749046914663,0.7779389233953964,0.9993286679925859,0.9991549429635995,0.7791183550651581,0.9981291585443017,0.9986545755832026,0.7785062630479302,0.947929084372106,0.7081458744343934,0.7778090999009848,1.0,1.0,0.7780552147238708
0.9985527909484375,0.997545997581966,1.0,0.9982241223067518,0.9971184244211457,1.0,0.9991140691025464,0.9980531567544233,1.0,0.999197041168614,0.9982638725786614,1.0,0.9991709338246721,0.9984152597877909,1.0,0.9976357719386755,0.9979533586203075,1.0,0.9481579675176874,0.7080534192075305,1.0,1.0,1.0,1.0
0.9986230059430454,0.9976218122908307,0.9998577277380818,0.9983472600884653,0.9970172120557237,1.0,0.9991620653588313,0.9979799212718063,1.0,0.9992114163907075,0.9982713882818075,1.0,0.9991940168736164,0.9984193920959967,1.0,0.9976317442929172,0.9979229535487377,1.0,0.9481655969559171,0.7080548415956542,0.9998555885263158,1.0,1.0,0.9998670756647172
0.9985527909484375,0.997545997581966,1.0,0.9982241223067518,0.9971184244211457,1.0,0.9991140691025464,0.9980531567544233,1.0,0.999197041168614,0.9982638725786614,1.0,0.9991709338246721,0.9984152597877909,1.0,0.9976357719386755,0.9979533586203075,1.0,0.9481579675176874,0.7080534192075305,1.0,1.0,1.0,1.0
0.9985527909484375,0.997545997581966,1.0,0.9982241223067518,0.9971184244211457,1.0,0.9991140691025464,0.9980531567544233,1.0,0.999197041168614,0.9982638725786614,1.0,0.9991709338246721,0.9984152597877909,1.0,0.9976357719386755,0.9979533586203075,1.0,0.9481579675176874,0.7080534192075305,1.0,1.0,1.0,1.0
0.9985527909484375,0.997545997581966,1.0,0.9982241223067518,0.9971184244211457,1.0,0.9991140691025464,0.9980531567544233,1.0,0.999197041168614,0.9982638725786614,1.0,0.9991709338246721,0.9984152597877909,1.0,0.9976357719386755,0.9979533586203075,1.0,0.9481579675176874,0.7080534192075305,1.0,1.0,1.0,1.0
0.9975015164488212,0.9985076473100634,0.5256407369498177,0.9983838166171921,0.9973228337080684,0.525486938348898,0.9983781265060401,0.9985088442015098,0.5260372184132649,0.9984864944789535,0.99860020029341,0.5254140786748493,0.9977186253274368,0.9987024552107471,0.5268996990972781,0.9997704241916239,0.9993557925462682,0.5262181628391929,0.9480473406640186,0.7075939878499184,0.5257784371907803,1.0,1.0,0.5260705521471678
0.9985527909484375,0.997545997581966,1.0,0.9982241223067518,0.9971184244211457,1.0,0.9991140691025464,0.9980531567544233,1.0,0.999197041168614,0.9982638725786614,1.0,0.9991709338246721,0.9984152597877909,1.0,0.9976357719386755,0.9979533586203075,1.0,0.9481579675176874,0.7080534192075305,1.0,1.0,1.0,1.0
0.9985527909484375,0.997545997581966,1.0,0.9982241223067518,0.9971184244211457,1.0,0.9991140691025464,0.9980531567544233,1.0,0.999197041168614,0.9982638725786614,1.0,0.9991709338246721,0.9984152597877909,1.0,0.9976357719386755,0.9979533586203075,1.0,0.9481579675176874,0.7080534192075305,1.0,1.0,1.0,1.0
0.9985527909484375,0.997545997581966,1.0,0.9982241223067518,0.9971184244211457,1.0,0.9991140691025464,0.9980531567544233,1.0,0.999197041168614,0.9982638725786614,1.0,0.9991709338246721,0.9984152597877909,1.0,0.9976357719386755,0.9979533586203075,1.0,0.9481579675176874,0.7080534192075305,1.0,1.0,1.0,1.0
0.9985527909484375,0.997545997581966,1.0,0.9982241223067518,0.9971184244211457,1.0,0.9991140691025464,0.9980531567544233,1.0,0.999197041168614,0.9982638725786614,1.0,0.9991709338246721,0.9984152597877909,1.0,0.9976357719386755,0.9979533586203075,1.0,0.9481579675176874,0.7080534192075305,1.0,1.0,1.0,1.0
0.9985547413649414,0.9975539780776614,1.0,0.9982241223067518,0.9971184244211457,1.0,0.9991140691025464,0.9980531567544233,1.0,0.999197041168614,0.9982638725786614,1.0,0.9991709338246721,0.9984152597877909,1.0,0.9976357719386755,0.9979533586203075,1.0,0.9481579675176874,0.7080534192075305,1.0,1.0,1.0,1.0
0.9985527909484375,0.997545997581966,1.0,0.9982241223067518,0.9971184244211457,1.0,0.9991140691025464,0.9980531567544233,1.0,0.999197041168614,0.9982638725786614,1.0,0.9991709338246721,0.9984152597877909,1.0,0.9976357719386755,0.9979533586203075,1.0,0.9481579675176874,0.7080534192075305,1.0,1.0,1.0,1.0
0.998568394280511,0.9975719341928908,1.0,0.9982241223067518,0.9971184244211457,1.0,0.9991140691025464,0.9980531567544233,1.0,0.999197041168614,0.9982638725786614,1.0,0.9991709338246721,0.9984152597877909,1.0,0.9976377857615546,0.9979533586203075,1.0,0.9481579675176874,0.7080534192075305,0.9999990108803161,1.0,1.0,0.9999989775051148
0.0,0.0,0.0,0.0,0.0,0.0,0.0,0.0,0.0,0.0,0.0,0.0,0.0,0.0,0.0,0.0,0.0,0.0,0.0,0.0,0.0,0.0,0.0,0.0
0.9985527909484375,0.997545997581966,1.0,0.9982241223067518,0.9971184244211457,1.0,0.9991140691025464,0.9980531567544233,1.0,0.999197041168614,0.9982638725786614,1.0,0.9991709338246721,0.9984152597877909,1.0,0.9976357719386755,0.9979533586203075,1.0,0.9481579675176874,0.7080534192075305,1.0,1.0,1.0,1.0
0.9985527909484375,0.997545997581966,1.0,0.9982241223067518,0.9971184244211457,1.0,0.9991140691025464,0.9980531567544233,1.0,0.999197041168614,0.9982638725786614,1.0,0.9991709338246721,0.9984152597877909,1.0,0.9976357719386755,0.9979533586203075,1.0,0.9481579675176874,0.7080534192075305,1.0,1.0,1.0,1.0
0.9966979448462752,0.9987530475516593,0.5231555783009085,0.9980144032724496,0.9977455441752596,0.5229958202715963,0.9982621355533041,0.9983054123055979,0.5235621939275106,0.9985090841135502,0.9989872590042523,0.5229171842648839,0.9976436054182614,0.9987355136768059,0.5244423269808465,0.9997180647968236,0.9993006833540505,0.5237098121085211,0.9481446160008886,0.7075826087450281,0.5231958456972237,1.0,1.0,0.5235368098158801
0.9985527909484375,0.997545997581966,1.0,0.9982241223067518,0.9971184244211457,1.0,0.9991140691025464,0.9980531567544233,1.0,0.999197041168614,0.9982638725786614,1.0,0.9991709338246721,0.9984152597877909,1.0,0.9976357719386755,0.9979533586203075,1.0,0.9481579675176874,0.7080534192075305,1.0,1.0,1.0,1.0
0.996690143180146,0.9964806014101697,0.5853848515864186,0.9976026613153977,0.9977376059504337,0.5851494252874403,0.9972922112076361,0.9998799751813436,0.5853212536729373,0.9983612246867892,0.9965991443371109,0.5845776397515294,0.9979975455022725,0.9976797089200176,0.5861544633900877,0.9991461390988547,0.9997453575256685,0.5857734864300781,0.9478260869565105,0.707766096810488,0.5853402571711328,1.0,1.0,0.5854458077709026
0.9989214196691734,0.9986572816037693,0.543848515864866,0.998345336060467,0.9991942701893635,0.5434587251828944,0.9985501130911558,0.9989950464332935,0.5440509304603651,0.9991600763119663,0.9981210742192985,0.5434585921324597,0.9982726185024404,0.9986962567484454,0.5447562688063954,0.9993777287301242,0.9992664776485185,0.5443475991648796,0.9483391666746428,0.7078272594989841,0.5440811078139944,1.0,1.0,0.5440347648261152
0.998420162625905,0.9985096424338025,0.6060194472875935,0.9974872196451798,0.9974438916353421,0.6057805642634051,0.9973642055919925,0.9992676451739868,0.6059049951028825,0.998180507609689,0.9972229476962724,0.6051180124224516,0.9979667681038222,0.9986508013577549,0.6070371113341011,0.9984010246332531,0.9998574762269499,0.6062974947808755,0.9479004739788763,0.7077547177056545,0.6060009891197566,1.0,1.0,0.6060460122700277
0.9985527909484375,0.997545997581966,1.0,0.9982241223067518,0.9971184244211457,1.0,0.9991140691025464,0.9980531567544233,1.0,0.999197041168614,0.9982638725786614,1.0,0.9991709338246721,0.9984152597877909,1.0,0.9976357719386755,0.9979533586203075,1.0,0.9481579675176874,0.7080534192075305,1.0,1.0,1.0,1.0
0.9979637651619839,0.998621369373268,0.8415230296827829,0.9992438570601507,0.9994443242686089,0.8410062695925831,0.9984141236984527,0.9983237211761207,0.8413359451518545,0.9982297940854181,0.9976889212897362,0.8410341614907679,0.9982379939288393,0.9994999907022049,0.8423249749248072,0.9982580432086934,0.9985861641721243,0.8418622129436883,0.9482647796522059,0.7084630669815795,0.8411730959447041,1.0,1.0,0.8411032719836484
0.9986249563593788,0.9975759244407811,0.9997983623338129,0.9983183996707936,0.9969279070274553,0.9998087774296067,0.9990880711304442,0.9979290632977325,0.9997864838395216,0.9991806123434799,0.9982375676177355,0.9998012422361597,0.9992651896079963,0.9983904659383,0.9997953861586097,0.9976015369497162,0.9979210532317779,0.9997943632569175,0.9481884852704212,0.7080477296551067,0.9997873392682024,1.0,1.0,0.9997965235175243
0.9985527909484375,0.997545997581966,1.0,0.9982241223067518,0.9971184244211457,1.0,0.9991140691025464,0.9980531567544233,1.0,0.999197041168614,0.9982638725786614,1.0,0.9991709338246721,0.9984152597877909,1.0,0.9976357719386755,0.9979533586203075,1.0,0.9481579675176874,0.7080534192075305,1.0,1.0,1.0,1.0
0.9994421808778782,0.9967220114040742,0.9886980552713922,0.9980144032726201,0.9968266946621753,1.0,0.9992980547516055,0.998167078616234,1.0,0.9988623038553044,0.9977678361725424,1.0,0.9988362296146249,0.9985598905763027,1.0,0.9978129883521945,0.997932455133423,1.0,0.9480149155517097,0.7082283729444185,0.9887378832840525,1.0,1.0,0.988799591002234
0.9985527909484375,0.997545997581966,1.0,0.9982241223067518,0.9971184244211457,1.0,0.9991140691025464,0.9980531567544233,1.0,0.999197041168614,0.9982638725786614,1.0,0.9991709338246721,0.9984152597877909,1.0,0.9976357719386755,0.9979533586203075,1.0,0.9481579675176874,0.7080534192075305,1.0,1.0,1.0,1.0
0.9986054521942833,0.9976258025386215,0.999949846468823,0.998251058696539,0.9970549186232205,1.0,0.9991340675427409,0.998026710607931,1.0,0.9991970411685998,0.9982789039849109,1.0,0.9991593923001858,0.9984255905583694,1.0,0.9976317442929457,0.9979590595711869,1.0,0.9481694116749821,0.7080548415956258,0.9999545004945887,1.0,1.0,0.9999488752556545
0.9985625430310421,0.9975519829536523,0.9999928352098308,0.9982395145294447,0.9971124707525831,1.0,0.9991220684785844,0.9980592597112974,1.0,0.9991949875654456,0.9982751461333521,1.0,0.9991670866498907,0.9984193920960536,1.0,0.9976317442929172,0.9979609598881893,1.0,0.9481560601581549,0.70805484159564,0.9999920870425427,1.0,1.0,0.9999948875255669
0.9985527909484375,0.997545997581966,1.0,0.9982241223067518,0.9971184244211457,1.0,0.9991140691025464,0.9980531567544233,1.0,0.999197041168614,0.9982638725786614,1.0,0.9991709338246721,0.9984152597877909,1.0,0.9976357719386755,0.9979533586203075,1.0,0.9481579675176874,0.7080534192075305,1.0,1.0,1.0,1.0
0.9985527909484375,0.997545997581966,1.0,0.9982241223067518,0.9971184244211457,1.0,0.9991140691025464,0.9980531567544233,1.0,0.999197041168614,0.9982638725786614,1.0,0.9991709338246721,0.9984152597877909,1.0,0.9976357719386755,0.9979533586203075,1.0,0.9481579675176874,0.7080534192075305,1.0,1.0,1.0,1.0
0.9985527909484375,0.997545997581966,1.0,0.9982241223067518,0.9971184244211457,1.0,0.9991140691025464,0.9980531567544233,1.0,0.999197041168614,0.9982638725786614,1.0,0.9991709338246721,0.9984152597877909,1.0,0.9976357719386755,0.9979533586203075,1.0,0.9481579675176874,0.7080534192075305,1.0,1.0,1.0,1.0
0.9973630368765782,0.9964167574448055,0.9612374616172374,0.9988802157990762,0.9974002313991974,0.9615611285266823,0.9988620887571642,0.997229257575242,0.9612761998041179,0.9984864944790672,0.9977678361727413,0.9616532091097767,0.9987862163418413,0.9987024552107755,0.9620040120360969,0.9977868086546806,0.9976778126590062,0.9616972860125443,0.9483620549891896,0.7081088923437022,0.9616528189911051,1.0,1.0,0.9618813905931063
0.9985527909484375,0.997545997581966,1.0,0.9982241223067518,0.9971184244211457,1.0,0.9991140691025464,0.9980531567544233,1.0,0.999197041168614,0.9982638725786614,1.0,0.9991709338246721,0.9984152597877909,1.0,0.9976357719386755,0.9979533586203075,1.0,0.9481579675176874,0.7080534192075305,1.0,1.0,1.0,1.0
0.9994889908740703,0.997276655853085,0.9943807574208066,0.998149085221101,0.9967473124147261,1.0,0.9989220840774351,0.9981019804094586,1.0,0.998983466441004,0.9981154374419248,1.0,0.9992190235100082,0.9984772444115322,1.0,0.9975995231269792,0.998069277955679,1.0,0.9478337163946691,0.7081970804060802,0.9943402571711388,1.0,1.0,0.9944059304704567
0.9985527909484375,0.997545997581966,1.0,0.9982241223067518,0.9971184244211457,1.0,0.9991140691025464,0.9980531567544233,1.0,0.999197041168614,0.9982638725786614,1.0,0.9991709338246721,0.9984152597877909,1.0,0.9976357719386755,0.9979533586203075,1.0,0.9481579675176874,0.7080534192075305,1.0,1.0,1.0,1.0
0.0,0.0,0.0,0.0,0.0,0.0,0.0,0.0,0.0,0.0,0.0,0.0,0.0,0.0,0.0,0.0,0.0,0.0,0.0,0.0,0.0,0.0,0.0,0.0
0.9969846560735078,0.9996169362079428,0.668316274309106,0.998270298974731,0.9975093819892749,0.6681922675026257,0.9978621667510481,0.9990682819158252,0.6684583741430501,0.9982605981325463,0.9984555230083316,0.6675683229813316,0.9982341467543137,0.9986859259778669,0.6694974924774186,0.999371687261501,0.9990270377098227,0.6688173277661633,0.9476963865073884,0.7076579953145767,0.6681533135508957,1.0,1.0,0.6682188139059377
0.9985527909484375,0.997545997581966,1.0,0.9982241223067518,0.9971184244211457,1.0,0.9991140691025464,0.9980531567544233,1.0,0.999197041168614,0.9982638725786614,1.0,0.9991709338246721,0.9984152597877909,1.0,0.9976357719386755,0.9979533586203075,1.0,0.9481579675176874,0.7080534192075305,1.0,1.0,1.0,1.0
0.9985527909484375,0.997545997581966,1.0,0.9982241223067518,0.9971184244211457,1.0,0.9991140691025464,0.9980531567544233,1.0,0.999197041168614,0.9982638725786614,1.0,0.9991709338246721,0.9984152597877909,1.0,0.9976357719386755,0.9979533586203075,1.0,0.9481579675176874,0.7080534192075305,1.0,1.0,1.0,1.0
0.9985527909484375,0.997545997581966,1.0,0.9982241223067518,0.9971184244211457,1.0,0.9991140691025464,0.9980531567544233,1.0,0.999197041168614,0.9982638725786614,1.0,0.9991709338246721,0.9984152597877909,1.0,0.9976357719386755,0.9979533586203075,1.0,0.9481579675176874,0.7080534192075305,1.0,1.0,1.0,1.0
0.9959528857388307,0.9965544209950679,0.9409641760492278,0.9979720746601117,0.9976760847088286,0.9410334378265759,0.9990960705063969,0.9975445770141533,0.9406914789422274,0.9998891054299861,0.9979031188289014,0.940991718426524,0.9984919074676952,0.9987789029133154,0.9414944834504482,0.9975229978573594,0.9986260708286494,0.9411784968684174,0.9483143710005066,0.7081842789131372,0.9409475766567965,1.0,1.0,0.9412259713702014
0.9985527909484375,0.9975479927058899,1.0,0.9982241223067518,0.9971184244211457,1.0,0.9991140691025464,0.9980531567544233,1.0,0.999197041168614,0.9982638725786614,1.0,0.9991709338246721,0.9984152597877909,1.0,0.9976357719386755,0.9979533586203075,1.0,0.9481579675176874,0.7080534192075305,1.0,1.0,1.0,1.0
0.9985527909484375,0.997545997581966,1.0,0.9982241223067518,0.9971184244211457,1.0,0.9991140691025464,0.9980531567544233,1.0,0.999197041168614,0.9982638725786614,1.0,0.9991709338246721,0.9984152597877909,1.0,0.9976357719386755,0.9979533586203075,1.0,0.9481579675176874,0.7080534192075305,1.0,1.0,1.0,1.0
0.9985527909484375,0.997545997581966,1.0,0.9982241223067518,0.9971184244211457,1.0,0.9991140691025464,0.9980531567544233,1.0,0.999197041168614,0.9982638725786614,1.0,0.9991709338246721,0.9984152597877909,1.0,0.9976357719386755,0.9979533586203075,1.0,0.9481579675176874,0.7080534192075305,1.0,1.0,1.0,1.0
0.9985527909484375,0.997545997581966,1.0,0.9982241223067518,0.9971184244211457,1.0,0.9991140691025464,0.9980531567544233,1.0,0.999197041168614,0.9982638725786614,1.0,0.9991709338246721,0.9984152597877909,1.0,0.9976357719386755,0.9979533586203075,1.0,0.9481579675176874,0.7080534192075305,1.0,1.0,1.0,1.0
0.9985527909484375,0.997545997581966,1.0,0.9982241223067518,0.9971184244211457,1.0,0.9991140691025464,0.9980531567544233,1.0,0.999197041168614,0.9982638725786614,1.0,0.9991709338246721,0.9984152597877909,1.0,0.9976357719386755,0.9979533586203075,1.0,0.9481579675176874,0.7080534192075305,1.0,1.0,1.0,1.0
0.0,0.0,0.0,0.0,0.0,0.0,0.0,0.0,0.0,0.0,0.0,0.0,0.0,0.0,0.0,0.0,0.0,0.0,0.0,0.0,0.0,0.0,0.0,0.0
0.9985527909484375,0.997545997581966,1.0,0.9982241223067518,0.9971184244211457,1.0,0.9991140691025464,0.9980531567544233,1.0,0.999197041168614,0.9982638725786614,1.0,0.9991709338246721,0.9984152597877909,1.0,0.9976357719386755,0.9979533586203075,1.0,0.9481579675176874,0.7080534192075305,1.0,1.0,1.0,1.0
0.9985878984458196,0.9976038561755303,0.9999263050154141,0.9982856911976228,0.9970509495108928,1.0,0.9991240683226437,0.9980084017372519,1.0,0.9991970411685998,0.998297693242705,1.0,0.9992017112233071,0.9984193920960536,1.0,0.9976377857615404,0.9979381560845155,1.0,0.9481789484727017,0.708056263983778,0.9999248269041203,1.0,1.0,0.9999233128834888
0.9973825410417163,0.9973584559337922,0.8010859774820673,0.9997902809657973,0.9968445556678489,0.8006729362591116,0.9964562764104414,0.9996745089662227,0.8009902056807405,0.998476226463282,0.9970707547080053,0.8007060041407641,0.9993036613560378,0.9990929583399435,0.8020341023068696,0.9981654073561401,0.9984360391312777,0.8015240083506825,0.9481388939222057,0.7080064804001722,0.8006933728981593,1.0,1.0,0.8009488752556138
0.0,0.0,0.0,0.0,0.0,0.0,0.0,0.0,0.0,0.0,0.0,0.0,0.0,0.0,0.0,0.0,0.0,0.0,0.0,0.0,0.0,0.0,0.0,0.0
0.9963780765382353,0.9970492117265195,0.940742067553785,0.9984165250906045,0.9977058530515706,1.0,0.9984741190187663,0.9979026171512402,1.0,0.9995235640693636,0.9982995721685057,1.0,0.9986400236985844,0.998754109063853,1.0,0.9975189702117007,0.9986032670249614,1.0,0.9475743154963965,0.7087390102738169,0.9410128585558866,1.0,1.0,0.9412781186094819
0.9971543423098979,0.9965005526492803,0.9456704196520462,0.9983799685614088,0.9977812661865926,1.0,0.9982141392971897,0.9983318584519907,1.0,0.9994434735464495,0.9988651288284274,1.0,0.9984707480061843,0.9985722875010623,1.0,0.997559246669411,0.9985975660741389,1.0,0.9472519717329106,0.7089623252062154,0.9460672601385696,1.0,1.0,0.9463558282209235
0.9985586421979775,0.9976158269190734,0.9999825997953096,0.9982298943902777,0.9971184244211031,1.0,0.9991260681665892,0.9980450194785817,1.0,0.9992011483749081,0.9982713882817933,1.0,0.9991632394750383,0.9984173259419293,1.0,0.9976337581158248,0.9979552589372673,1.0,0.9481636895963419,0.7080562639837495,0.9999841740850783,1.0,1.0,0.9999867075664639
0.9985527909484375,0.997545997581966,1.0,0.9982241223067518,0.9971184244211457,1.0,0.9991140691025464,0.9980531567544233,1.0,0.999197041168614,0.9982638725786614,1.0,0.9991709338246721,0.9984152597877909,1.0,0.9976357719386755,0.9979533586203075,1.0,0.9481579675176874,0.7080534192075305,1.0,1.0,1.0,1.0
0.9976087893568746,0.998661271851546,0.6083377686795899,0.9983895887006327,0.9974081696240091,0.6079592476489708,0.9969502378814923,0.9990275955366172,0.608109696376097,0.9982195260695761,0.997256768360387,0.6073322981366545,0.9981264258590983,0.9985041044149625,0.6092577733199818,0.9984372734450346,1.0,0.6085375782881144,0.9479042886979414,0.7078713535302512,0.6081899109792062,1.0,1.0,0.6082126789366384
0.9985527909484375,0.997545997581966,1.0,0.9982241223067518,0.9971184244211457,1.0,0.9991140691025464,0.9980531567544233,1.0,0.999197041168614,0.9982638725786614,1.0,0.9991709338246721,0.9984152597877909,1.0,0.9976357719386755,0.9979533586203075,1.0,0.9481579675176874,0.7080534192075305,1.0,1.0,1.0,1.0
0.9985527909484375,0.997545997581966,1.0,0.9982241223067518,0.9971184244211457,1.0,0.9991140691025464,0.9980531567544233,1.0,0.999197041168614,0.9982638725786614,1.0,0.9991709338246721,0.9984152597877909,1.0,0.9976357719386755,0.9979533586203075,1.0,0.9481579675176874,0.7080534192075305,1.0,1.0,1.0,1.0
0.9985527909484375,0.997545997581966,1.0,0.9982241223067518,0.9971184244211457,1.0,0.9991140691025464,0.9980531567544233,1.0,0.999197041168614,0.9982638725786614,1.0,0.9991709338246721,0.9984152597877909,1.0,0.9976357719386755,0.9979533586203075,1.0,0.9481579675176874,0.7080534192075305,1.0,1.0,1.0,1.0
0.9985527909484375,0.997545997581966,1.0,0.9982241223067518,0.9971184244211457,1.0,0.9991140691025464,0.9980531567544233,1.0,0.999197041168614,0.9982638725786614,1.0,0.9991709338246721,0.9984152597877909,1.0,0.9976357719386755,0.9979533586203075,1.0,0.9481579675176874,0.7080534192075305,1.0,1.0,1.0,1.0
0.9985527909484375,0.997545997581966,1.0,0.9982241223067518,0.9971184244211457,1.0,0.9991140691025464,0.9980531567544233,1.0,0.999197041168614,0.9982638725786614,1.0,0.9991709338246721,0.9984152597877909,1.0,0.9976357719386755,0.9979533586203075,1.0,0.9481579675176874,0.7080534192075305,1.0,1.0,1.0,1.0
0.996259101131173,0.9978552417892246,0.8864616171953799,0.9984588537029424,0.9979539225744105,1.0,0.9994980391528685,0.9982443827366438,1.0,0.9991785587402688,0.9977415312115312,1.0,0.9989958873700147,0.9989214675478593,1.0,0.9979922185885215,0.9984284378634243,1.0,0.9485318099888502,0.7078670863658658,0.886748763600238,1.0,1.0,0.8869274028628595
0.9985527909484375,0.997545997581966,1.0,0.9982241223067518,0.9971184244211457,1.0,0.9991140691025464,0.9980531567544233,1.0,0.999197041168614,0.9982638725786614,1.0,0.9991709338246721,0.9984152597877909,1.0,0.9976357719386755,0.9979533586203075,1.0,0.9481579675176874,0.7080534192075305,1.0,1.0,1.0,1.0
0.9985527909484375,0.997545997581966,1.0,0.9982241223067518,0.9971184244211457,1.0,0.9991140691025464,0.9980531567544233,1.0,0.999197041168614,0.9982638725786614,1.0,0.9991709338246721,0.9984152597877909,1.0,0.9976357719386755,0.9979533586203075,1.0,0.9481579675176874,0.7080534192075305,1.0,1.0,1.0,1.0
0.9985527909484375,0.997545997581966,1.0,0.9982241223067518,0.9971184244211457,1.0,0.9991140691025464,0.9980531567544233,1.0,0.999197041168614,0.9982638725786614,1.0,0.9991709338246721,0.9984152597877909,1.0,0.9976357719386755,0.9979533586203075,1.0,0.9481579675176874,0.7080534192075305,1.0,1.0,1.0,1.0
0.9985527909484375,0.997545997581966,1.0,0.9982241223067518,0.9971184244211457,1.0,0.9991140691025464,0.9980531567544233,1.0,0.999197041168614,0.9982638725786614,1.0,0.9991709338246721,0.9984152597877909,1.0,0.9976357719386755,0.9979533586203075,1.0,0.9481579675176874,0.7080534192075305,1.0,1.0,1.0,1.0
0.0,0.0,0.0,0.0,0.0,0.0,0.0,0.0,0.0,0.0,0.0,0.0,0.0,0.0,0.0,0.0,0.0,0.0,0.0,0.0,0.0,0.0,0.0,0.0
0.995625215765017,0.9966900894215058,0.8886939611053748,0.9978066082661599,0.9977931735236467,0.8887429467084189,0.9995260369691294,0.9980287449268985,0.888654260528817,0.9989711448222351,0.9975367283015828,0.8886542443063306,0.9990420534680311,0.9986673305906777,0.8894373119357013,0.9981875594079241,0.9985728619532921,0.8894561586638332,0.9485299026292466,0.7078585520372798,0.8886162215627564,1.0,1.0,0.8888016359917827
0.9985527909484375,0.997545997581966,1.0,0.9982241223067518,0.9971184244211457,1.0,0.9991140691025464,0.9980531567544233,1.0,0.999197041168614,0.9982638725786614,1.0,0.9991709338246721,0.9984152597877909,1.0,0.9976357719386755,0.9979533586203075,1.0,0.9481579675176874,0.7080534192075305,1.0,1.0,1.0,1.0
0.9985527909484375,0.997545997581966,1.0,0.9982241223067518,0.9971184244211457,1.0,0.9991140691025464,0.9980531567544233,1.0,0.999197041168614,0.9982638725786614,1.0,0.9991709338246721,0.9984152597877909,1.0,0.9976357719386755,0.9979533586203075,1.0,0.9481579675176874,0.7080534192075305,1.0,1.0,1.0,1.0
0.9985527909484375,0.997545997581966,1.0,0.9982241223067518,0.9971184244211457,1.0,0.9991140691025464,0.9980531567544233,1.0,0.999197041168614,0.9982638725786614,1.0,0.9991709338246721,0.9984152597877909,1.0,0.9976357719386755,0.9979533586203075,1.0,0.9481579675176874,0.7080534192075305,1.0,1.0,1.0,1.0
0.9985527909484375,0.997545997581966,1.0,0.9982241223067518,0.9971184244211457,1.0,0.9991140691025464,0.9980531567544233,1.0,0.999197041168614,0.9982638725786614,1.0,0.9991709338246721,0.9984152597877909,1.0,0.9976357719386755,0.9979533586203075,1.0,0.9481579675176874,0.7080534192075305,1.0,1.0,1.0,1.0
0.9985527909484375,0.997545997581966,1.0,0.9982241223067518,0.9971184244211457,1.0,0.9991140691025464,0.9980531567544233,1.0,0.999197041168614,0.9982638725786614,1.0,0.9991709338246721,0.9984152597877909,1.0,0.9976357719386755,0.9979533586203075,1.0,0.9481579675176874,0.7080534192075305,1.0,1.0,1.0,1.0
0.9974508056195646,0.9963489232316078,0.7418874104402349,0.9988321151033119,0.9973446638260839,1.0,0.997350206683933,0.9979656810391333,1.0,0.9986384611121224,0.9972661629890922,1.0,0.9988343060273195,0.9982169089919637,1.0,0.9981754764706352,0.9990802465850663,1.0,0.9480645068999536,0.7083066042900867,0.7419574678536662,1.0,1.0,0.7419427402864329
0.9985527909484375,0.997545997581966,1.0,0.9982241223067518,0.9971184244211457,1.0,0.9991140691025464,0.9980531567544233,1.0,0.999197041168614,0.9982638725786614,1.0,0.9991709338246721,0.9984152597877909,1.0,0.9976357719386755,0.9979533586203075,1.0,0.9481579675176874,0.7080534192075305,1.0,1.0,1.0,1.0
0.9985527909484375,0.997545997581966,1.0,0.9982241223067518,0.9971184244211457,1.0,0.9991140691025464,0.9980531567544233,1.0,0.999197041168614,0.9982638725786614,1.0,0.9991709338246721,0.9984152597877909,1.0,0.9976357719386755,0.9979533586203075,1.0,0.9481579675176874,0.7080534192075305,1.0,1.0,1.0,1.0
0.999604065448068,0.9972207923833878,0.99100614124891,0.998179869666572,0.996665945611241,1.0,0.9990420747182185,0.9980022987801789,1.0,0.9990779321860543,0.9978974820513429,1.0,0.9988727777753468,0.9984069951712797,1.0,0.9977324354369159,0.9979704614728888,1.0,0.9481636895962708,0.7081216938365742,0.9909772502473899,1.0,1.0,0.9910408997956708
0.9985527909484375,0.997545997581966,1.0,0.9982241223067518,0.9971184244211457,1.0,0.9991140691025464,0.9980531567544233,1.0,0.999197041168614,0.9982638725786614,1.0,0.9991709338246721,0.9984152597877909,1.0,0.9976357719386755,0.9979533586203075,1.0,0.9481579675176874,0.7080534192075305,1.0,1.0,1.0,1.0
0.9985527909484375,0.997545997581966,1.0,0.9982241223067518,0.9971184244211457,1.0,0.9991140691025464,0.9980531567544233,1.0,0.999197041168614,0.9982638725786614,1.0,0.9991709338246721,0.9984152597877909,1.0,0.9976357719386755,0.9979533586203075,1.0,0.9481579675176874,0.7080534192075305,1.0,1.0,1.0,1.0
0.9985527909484375,0.997545997581966,1.0,0.9982241223067518,0.9971184244211457,1.0,0.9991140691025464,0.9980531567544233,1.0,0.999197041168614,0.9982638725786614,1.0,0.9991709338246721,0.9984152597877909,1.0,0.9976357719386755,0.9979533586203075,1.0,0.9481579675176874,0.7080534192075305,1.0,1.0,1.0,1.0
0.9985527909484375,0.997545997581966,1.0,0.9982241223067518,0.9971184244211457,1.0,0.9991140691025464,0.9980531567544233,1.0,0.999197041168614,0.9982638725786614,1.0,0.9991709338246721,0.9984152597877909,1.0,0.9976357719386755,0.9979533586203075,1.0,0.9481579675176874,0.7080534192075305,1.0,1.0,1.0,1.0
0.9985527909484375,0.997545997581966,1.0,0.9982241223067518,0.9971184244211457,1.0,0.9991140691025464,0.9980531567544233,1.0,0.999197041168614,0.9982638725786614,1.0,0.9991709338246721,0.9984152597877909,1.0,0.9976357719386755,0.9979533586203075,1.0,0.9481579675176874,0.7080534192075305,1.0,1.0,1.0,1.0
0.9985527909484375,0.997545997581966,1.0,0.9982241223067518,0.9971184244211457,1.0,0.9991140691025464,0.9980531567544233,1.0,0.999197041168614,0.9982638725786614,1.0,0.9991709338246721,0.9984152597877909,1.0,0.9976357719386755,0.9979533586203075,1.0,0.9481579675176874,0.7080534192075305,1.0,1.0,1.0,1.0
0.9985820471961517,0.9975958756798491,0.9999877175025702,0.9982414385572582,0.9971104861963767,1.0,0.999126068166575,0.9980511224354842,1.0,0.999197041168614,0.998265751504448,1.0,0.9991632394750383,0.9984214582501636,1.0,0.9976297304700381,0.9979571592542555,1.0,0.9481598748772626,0.70805484159564,0.9999881305638141,1.0,1.0,0.9999907975460189
0.9985566917814452,0.9975579683254807,0.9999948822927394,0.9982356664737893,0.9971144553087754,0.9999947753396086,0.9991200686345536,0.9980592597112974,0.9999970617042138,0.9992011483749081,0.998269509356021,0.9999989648033107,0.9991613158876476,0.9984214582501636,0.9999969909729174,0.9976317442929172,0.9979571592542555,0.9999947807933225,0.9481560601581549,0.7080534192075305,0.9999950544015874,1.0,1.0,0.9999969325153373
0.9985527909484375,0.997545997581966,1.0,0.9982241223067518,0.9971184244211457,1.0,0.9991140691025464,0.9980531567544233,1.0,0.999197041168614,0.9982638725786614,1.0,0.9991709338246721,0.9984152597877909,1.0,0.9976357719386755,0.9979533586203075,1.0,0.9481579675176874,0.7080534192075305,1.0,1.0,1.0,1.0
0.9985527909484375,0.997545997581966,1.0,0.9982241223067518,0.9971184244211457,1.0,0.9991140691025464,0.9980531567544233,1.0,0.999197041168614,0.9982638725786614,1.0,0.9991709338246721,0.9984152597877909,1.0,0.9976357719386755,0.9979533586203075,1.0,0.9481579675176874,0.7080534192075305,1.0,1.0,1.0,1.0
0.9985527909484375,0.997545997581966,1.0,0.9982241223067518,0.9971184244211457,1.0,0.9991140691025464,0.9980531567544233,1.0,0.999197041168614,0.9982638725786614,1.0,0.9991709338246721,0.9984152597877909,1.0,0.9976357719386755,0.9979533586203075,1.0,0.9481579675176874,0.7080534192075305,1.0,1.0,1.0,1.0
0.997628293522169,0.9978273100540775,0.9741392016376338,0.9982972353645607,0.9967770807574396,1.0,0.9991720645788718,0.997817175754875,1.0,0.9991333794710613,0.9979970651177155,1.0,0.9987073492579697,0.9984007967089781,1.0,0.997694172802241,0.9978051338962359,1.0,0.9484440714497282,0.7081288057771218,0.9744747774481368,1.0,1.0,0.9746298568507186
0.0,0.0,0.0,0.0,0.0,0.0,0.0,0.0,0.0,0.0,0.0,0.0,0.0,0.0,0.0,0.0,0.0,0.0,0.0,0.0,0.0,0.0,0.0,0.0
0.9985527909484375,0.997545997581966,1.0,0.9982241223067518,0.9971184244211457,1.0,0.9991140691025464,0.9980531567544233,1.0,0.999197041168614,0.9982638725786614,1.0,0.9991709338246721,0.9984152597877909,1.0,0.9976357719386755,0.9979533586203075,1.0,0.9481579675176874,0.7080534192075305,1.0,1.0,1.0,1.0
0.9985527909484375,0.997545997581966,1.0,0.9982241223067518,0.9971184244211457,1.0,0.9991140691025464,0.9980531567544233,1.0,0.999197041168614,0.9982638725786614,1.0,0.9991709338246721,0.9984152597877909,1.0,0.9976357719386755,0.9979533586203075,1.0,0.9481579675176874,0.7080534192075305,1.0,1.0,1.0,1.0
0.9985527909484375,0.997545997581966,1.0,0.9982241223067518,0.9971184244211457,1.0,0.9991140691025464,0.9980531567544233,1.0,0.999197041168614,0.9982638725786614,1.0,0.9991709338246721,0.9984152597877909,1.0,0.9976357719386755,0.9979533586203075,1.0,0.9481579675176874,0.7080534192075305,1.0,1.0,1.0,1.0
0.9985527909484375,0.997545997581966,1.0,0.9982241223067518,0.9971184244211457,1.0,0.9991140691025464,0.9980531567544233,1.0,0.999197041168614,0.9982638725786614,1.0,0.9991709338246721,0.9984152597877909,1.0,0.9976357719386755,0.9979533586203075,1.0,0.9481579675176874,0.7080534192075305,1.0,1.0,1.0,1.0
0.9985781463630872,0.9975619585733,1.0,0.9982241223067518,0.9971184244211457,1.0,0.9991140691025464,0.9980531567544233,1.0,0.999197041168614,0.9982638725786614,1.0,0.9991709338246721,0.9984152597877909,1.0,0.9976357719386755,0.9979533586203075,1.0,0.9481579675176874,0.7080534192075305,1.0,1.0,1.0,1.0
0.9985527909484375,0.997545997581966,1.0,0.9982241223067518,0.9971184244211457,1.0,0.9991140691025464,0.9980531567544233,1.0,0.999197041168614,0.9982638725786614,1.0,0.9991709338246721,0.9984152597877909,1.0,0.9976357719386755,0.9979533586203075,1.0,0.9481579675176874,0.7080534192075305,1.0,1.0,1.0,1.0
0.9967096473451562,0.9971908655245727,0.8659293756398014,0.9984761699531646,0.9983686948169179,0.8658223615465985,0.99877209577663,0.9976707047899112,0.8658413320275002,0.9989239119498023,0.9974972708601939,0.8656128364389772,0.9979821568030331,0.9986094782752701,0.8668204613842221,0.9982983196662616,0.9982555090187617,0.866539665970798,0.9484307199328583,0.7083137162306627,0.8657636003956952,1.0,1.0,0.8657791411042766
0.9985527909484375,0.9975479927058899,1.0,0.9982241223067518,0.9971184244211457,1.0,0.9991140691025464,0.9980531567544233,1.0,0.999197041168614,0.9982638725786614,1.0,0.9991709338246721,0.9984152597877909,1.0,0.9976357719386755,0.9979533586203075,1.0,0.9481579675176874,0.7080534192075305,1.0,1.0,1.0,1.0
0.9985527909484375,0.997545997581966,1.0,0.9982241223067518,0.9971184244211457,1.0,0.9991140691025464,0.9980531567544233,1.0,0.999197041168614,0.9982638725786614,1.0,0.9991709338246721,0.9984152597877909,1.0,0.9976357719386755,0.9979533586203075,1.0,0.9481579675176874,0.7080534192075305,1.0,1.0,1.0,1.0
0.9985527909484375,0.997545997581966,1.0,0.9982241223067518,0.9971184244211457,1.0,0.9991140691025464,0.9980531567544233,1.0,0.999197041168614,0.9982638725786614,1.0,0.9991709338246721,0.9984152597877909,1.0,0.9976357719386755,0.9979533586203075,1.0,0.9481579675176874,0.7080534192075305,1.0,1.0,1.0,1.0
0.9985527909484375,0.997545997581966,1.0,0.9982241223067518,0.9971184244211457,1.0,0.9991140691025464,0.9980531567544233,1.0,0.999197041168614,0.9982638725786614,1.0,0.9991709338246721,0.9984152597877909,1.0,0.9976357719386755,0.9979533586203075,1.0,0.9481579675176874,0.7080534192075305,1.0,1.0,1.0,1.0
0.9985527909484375,0.997545997581966,1.0,0.9982241223067518,0.9971184244211457,1.0,0.9991140691025464,0.9980531567544233,1.0,0.999197041168614,0.9982638725786614,1.0,0.9991709338246721,0.9984152597877909,1.0,0.9976357719386755,0.9979533586203075,1.0,0.9481579675176874,0.7080534192075305,1.0,1.0,1.0,1.0
0.0,0.0,0.0,0.0,0.0,0.0,0.0,0.0,0.0,0.0,0.0,0.0,0.0,0.0,0.0,0.0,0.0,0.0,0.0,0.0,0.0,0.0,0.0,0.0
0.9985527909484375,0.9975479927058899,1.0,0.9982241223067518,0.9971184244211457,1.0,0.9991140691025464,0.9980531567544233,1.0,0.999197041168614,0.9982638725786614,1.0,0.9991709338246721,0.9984152597877909,1.0,0.9976357719386755,0.9979533586203075,1.0,0.9481579675176874,0.7080534192075305,1.0,1.0,1.0,1.0
0.9985527909484375,0.997545997581966,1.0,0.9982241223067518,0.9971184244211457,1.0,0.9991140691025464,0.9980531567544233,1.0,0.999197041168614,0.9982638725786614,1.0,0.9991709338246721,0.9984152597877909,1.0,0.9976357719386755,0.9979533586203075,1.0,0.9481579675176874,0.7080534192075305,1.0,1.0,1.0,1.0
0.9971640943923887,0.9964925721537838,0.9622784032753842,0.9987262935720764,0.9974280151858181,0.9626018808777488,0.9988360907849483,0.9971397475409987,0.9623085210577926,0.9988746254741443,0.9975517597078749,0.9627236024845303,0.9985534622647947,0.9986983229026265,0.9629658976931026,0.9978512509868835,0.997573295225564,0.9626993736952016,0.9483296298768522,0.7081060475674263,0.9626993076161838,1.0,1.0,0.9629171779141856
0.9985527909484375,0.997545997581966,1.0,0.9982241223067518,0.9971184244211457,1.0,0.9991140691025464,0.9980531567544233,1.0,0.999197041168614,0.9982638725786614,1.0,0.9991709338246721,0.9984152597877909,1.0,0.9976357719386755,0.9979533586203075,1.0,0.9481579675176874,0.7080534192075305,1.0,1.0,1.0,1.0
0.9960113982341454,0.9973863876684419,0.7724421699078619,0.9993285142852528,0.9992895288861945,1.0,0.9971842196307961,0.997367591264549,1.0,0.9987575700946962,0.9980759800004222,1.0,0.9988708541881266,0.9987458444473845,1.0,0.9981492967730787,0.9987780961864274,1.0,0.9478489752711852,0.708094668462607,0.7721711177052271,1.0,1.0,0.7725143149283795
0.0,0.0,0.0,0.0,0.0,0.0,0.0,0.0,0.0,0.0,0.0,0.0,0.0,0.0,0.0,0.0,0.0,0.0,0.0,0.0,0.0,0.0,0.0,0.0
0.9985527909484375,0.997545997581966,1.0,0.9982241223067518,0.9971184244211457,1.0,0.9991140691025464,0.9980531567544233,1.0,0.999197041168614,0.9982638725786614,1.0,0.9991709338246721,0.9984152597877909,1.0,0.9976357719386755,0.9979533586203075,1.0,0.9481579675176874,0.7080534192075305,1.0,1.0,1.0,1.0
0.9985527909484375,0.997545997581966,1.0,0.9982241223067518,0.9971184244211457,1.0,0.9991140691025464,0.9980531567544233,1.0,0.999197041168614,0.9982638725786614,1.0,0.9991709338246721,0.9984152597877909,1.0,0.9976357719386755,0.9979533586203075,1.0,0.9481579675176874,0.7080534192075305,1.0,1.0,1.0,1.0
0.9985527909484375,0.997545997581966,1.0,0.9982241223067518,0.9971184244211457,1.0,0.9991140691025464,0.9980531567544233,1.0,0.999197041168614,0.9982638725786614,1.0,0.9991709338246721,0.9984152597877909,1.0,0.9976357719386755,0.9979533586203075,1.0,0.9481579675176874,0.7080534192075305,1.0,1.0,1.0,1.0
0.9985527909484375,0.997545997581966,1.0,0.9982241223067518,0.9971184244211457,1.0,0.9991140691025464,0.9980531567544233,1.0,0.999197041168614,0.9982638725786614,1.0,0.9991709338246721,0.9984152597877909,1.0,0.9976357719386755,0.9979533586203075,1.0,0.9481579675176874,0.7080534192075305,1.0,1.0,1.0,1.0
0.0,0.0,0.0,0.0,0.0,0.0,0.0,0.0,0.0,0.0,0.0,0.0,0.0,0.0,0.0,0.0,0.0,0.0,0.0,0.0,0.0,0.0,0.0,0.0
0.9993485608852666,0.9982961641746471,0.5432814738996967,0.9984319173130984,0.9992498377625338,0.5429070010449664,0.9987440979602695,0.9991577919501964,0.5435406464250789,0.9991580227087837,0.9981060428128785,0.5429265010351543,0.998364950698388,0.9985206336480559,0.5442547642928517,0.9993354384494921,0.9992759792334169,0.5437891440500664,0.948312463640903,0.7078016565131122,0.5435370919881066,1.0,1.0,0.5435081799590407
0.9985527909484375,0.997545997581966,1.0,0.9982241223067518,0.9971184244211457,1.0,0.9991140691025464,0.9980531567544233,1.0,0.999197041168614,0.9982638725786614,1.0,0.9991709338246721,0.9984152597877909,1.0,0.9976357719386755,0.9979533586203075,1.0,0.9481579675176874,0.7080534192075305,1.0,1.0,1.0,1.0
0.9970041602384327,0.9988986915977591,0.8439416581371617,0.999134187473814,0.9987021002557981,1.0,0.9983841260380757,0.9982586229693595,1.0,0.998478280066422,0.9983822449029134,1.0,0.9980360172507261,0.9995805707129364,1.0,0.9982399188027813,0.9985557591006682,1.0,0.9484650524046288,0.7085427207154709,0.8440415430267194,1.0,1.0,0.8439683026585243
0.9985527909484375,0.997545997581966,1.0,0.9982241223067518,0.9971184244211457,1.0,0.9991140691025464,0.9980531567544233,1.0,0.999197041168614,0.9982638725786614,1.0,0.9991709338246721,0.9984152597877909,1.0,0.9976357719386755,0.9979533586203075,1.0,0.9481579675176874,0.7080534192075305,1.0,1.0,1.0,1.0
0.9971094827301528,0.9978891588956884,0.9328341862845875,0.9982760710584415,0.9977733279616388,1.0,0.9987580968684568,0.9975262681435026,1.0,0.9988828398867611,0.9981210742192701,1.0,0.9984072696214668,0.9988491521534684,1.0,0.9978270851123057,0.9985481578326301,1.0,0.9482418913377302,0.7080591087599828,0.9329732937685549,1.0,1.0,0.933395705521427
0.0,0.0,0.0,0.0,0.0,0.0,0.0,0.0,0.0,0.0,0.0,0.0,0.0,0.0,0.0,0.0,0.0,0.0,0.0,0.0,0.0,0.0,0.0,0.0
0.999368065050362,0.9969694067697787,0.9925496417605686,0.9981837177222275,0.9966143471504125,1.0,0.9991520661387767,0.9980226419699392,1.0,0.9991046290269452,0.9980703432232758,1.0,0.9990997610903349,0.9983863336299805,1.0,0.99782909893527,0.9981319884156505,1.0,0.9481560601581975,0.7080207042811963,0.9925153313551149,1.0,1.0,0.992558282208698
0.9985527909484375,0.997545997581966,1.0,0.9982241223067518,0.9971184244211457,1.0,0.9991140691025464,0.9980531567544233,1.0,0.999197041168614,0.9982638725786614,1.0,0.9991709338246721,0.9984152597877909,1.0,0.9976357719386755,0.9979533586203075,1.0,0.9481579675176874,0.7080534192075305,1.0,1.0,1.0,1.0
0.9981080959839375,0.9971888704007768,0.9772865916070046,0.9979432142426106,0.9965151193411401,0.9774817136885972,0.9990800717544488,0.9978131071170253,0.9773251714005866,0.9989608768064642,0.9981004060358032,0.9777298136645598,0.9985534622650221,0.9986569998199997,0.9778836509528475,0.9978230574664906,0.9980977827101185,0.9775720250522184,0.9483639623487221,0.708118849060341,0.9776330365974317,1.0,1.0,0.9777607361962879
0.9985527909484375,0.997545997581966,1.0,0.9982241223067518,0.9971184244211457,1.0,0.9991140691025464,0.9980531567544233,1.0,0.999197041168614,0.9982638725786614,1.0,0.9991709338246721,0.9984152597877909,1.0,0.9976357719386755,0.9979533586203075,1.0,0.9481579675176874,0.7080534192075305,1.0,1.0,1.0,1.0
0.9985527909484375,0.997545997581966,1.0,0.9982241223067518,0.9971184244211457,1.0,0.9991140691025464,0.9980531567544233,1.0,0.999197041168614,0.9982638725786614,1.0,0.9991709338246721,0.9984152597877909,1.0,0.9976357719386755,0.9979533586203075,1.0,0.9481579675176874,0.7080534192075305,1.0,1.0,1.0,1.0
0.9985527909484375,0.997545997581966,1.0,0.9982241223067518,0.9971184244211457,1.0,0.9991140691025464,0.9980531567544233,1.0,0.999197041168614,0.9982638725786614,1.0,0.9991709338246721,0.9984152597877909,1.0,0.9976357719386755,0.9979533586203075,1.0,0.9481579675176874,0.7080534192075305,1.0,1.0,1.0,1.0
0.9985508405319052,0.997545997581966,1.0,0.9982241223067518,0.9971184244211457,1.0,0.9991140691025464,0.9980531567544233,1.0,0.999197041168614,0.9982638725786614,1.0,0.9991709338246721,0.9984152597877909,1.0,0.9976357719386755,0.9979533586203075,1.0,0.9481579675176874,0.7080534192075305,1.0,1.0,1.0,1.0
0.9985527909484375,0.997545997581966,1.0,0.9982241223067518,0.9971184244211457,1.0,0.9991140691025464,0.9980531567544233,1.0,0.999197041168614,0.9982638725786614,1.0,0.9991709338246721,0.9984152597877909,1.0,0.9976357719386755,0.9979533586203075,1.0,0.9481579675176874,0.7080534192075305,1.0,1.0,1.0,1.0
0.9971504414768333,0.997202836268059,0.9169979529170931,0.9987416857948546,0.9973486329385679,0.9170846394984125,0.9988680882890577,0.9973492823939978,0.9167042115572812,0.9997289243843284,0.9977358944343138,0.9169761904761984,0.9987092728454599,0.9982251736084606,0.9176970912737659,0.9977062557395158,0.9987039838244982,0.9174217118997632,0.9483334445959741,0.7080050580120059,0.916978239366955,1.0,1.0,0.9173844580776773
0.9985527909484375,0.9975479927058899,1.0,0.9982241223067518,0.9971184244211457,1.0,0.9991140691025464,0.9980531567544233,1.0,0.999197041168614,0.9982638725786614,1.0,0.9991709338246721,0.9984152597877909,1.0,0.9976357719386755,0.9979533586203075,1.0,0.9481579675176874,0.7080534192075305,1.0,1.0,1.0,1.0
0.9985527909484375,0.997545997581966,1.0,0.9982241223067518,0.9971184244211457,1.0,0.9991140691025464,0.9980531567544233,1.0,0.999197041168614,0.9982638725786614,1.0,0.9991709338246721,0.9984152597877909,1.0,0.9976357719386755,0.9979533586203075,1.0,0.9481579675176874,0.7080534192075305,1.0,1.0,1.0,1.0
0.9983596997139017,0.9976397684060601,0.9995240532244836,0.9982702989748162,0.9969616444825817,0.9995308254966417,0.9992520583394793,0.9978944798754412,0.9995200783548555,0.999203201978105,0.9981924733990155,0.999549689441281,0.9992151763351131,0.9984896413361071,0.9995416248748938,0.9975975093039153,0.9978925484772248,0.9995260960336836,0.9481846705513988,0.7080363505502589,0.9995331355097079,1.0,1.0,0.9995276073622392
0.9985527909484375,0.997545997581966,1.0,0.9982241223067518,0.9971184244211457,1.0,0.9991140691025464,0.9980531567544233,1.0,0.999197041168614,0.9982638725786614,1.0,0.9991709338246721,0.9984152597877909,1.0,0.9976357719386755,0.9979533586203075,1.0,0.9481579675176874,0.7080534192075305,1.0,1.0,1.0,1.0
0.9985469396988975,0.997545997581966,1.0,0.9982241223067518,0.9971184244211457,1.0,0.9991140691025464,0.9980531567544233,1.0,0.999197041168614,0.9982638725786614,1.0,0.9991709338246721,0.9984152597877909,1.0,0.9976357719386755,0.9979533586203075,1.0,0.9481579675176874,0.7080534192075305,1.0,1.0,1.0,1.0
0.9985508405318484,0.9975300365906179,1.0,0.9982260463345938,0.9971184244211457,1.0,0.999116068946563,0.9980572253923583,1.0,0.9991990947717682,0.9982676304302345,1.0,0.9991670866498481,0.9984131936336667,1.0,0.9976357719386755,0.9979533586203075,1.0,0.9481579675176874,0.7080534192075305,0.9999980217606392,1.0,1.0,0.9999989775051148
0.9962317952998347,0.9968257578478017,0.9379611054247334,0.9982837671697524,0.997942015237399,0.9379728317659186,0.9993800483562438,0.9975506799710843,0.9375945151811109,0.9996077617985719,0.9980759800008485,0.9379751552795739,0.9984014988592094,0.9988078290711258,0.9384312938816635,0.9974867490454642,0.9984930486405261,0.938127348643043,0.9482838532477729,0.7081586759272511,0.9378763600395672,1.0,1.0,0.9382229038854959
0.9974215493718361,0.9969334945393911,0.9654002047083523,0.9989475567733734,0.9971541464323934,0.9657596656218459,0.9985381140269993,0.9967796730848733,0.9654711067581445,0.9984597976380059,0.9976381902936993,0.9659078674949129,0.9983899573346235,0.9985784859635061,0.9661925777332883,0.9977787533631499,0.9974079676490959,0.9658507306890698,0.9483506108319517,0.7081074699555074,0.9659317507419161,1.0,1.0,0.966017382413149
0.9985527909484375,0.997545997581966,1.0,0.9982241223067518,0.9971184244211457,1.0,0.9991140691025464,0.9980531567544233,1.0,0.999197041168614,0.9982638725786614,1.0,0.9991709338246721,0.9984152597877909,1.0,0.9976357719386755,0.9979533586203075,1.0,0.9481579675176874,0.7080534192075305,1.0,1.0,1.0,1.0
0.9985527909484375,0.997545997581966,1.0,0.9982241223067518,0.9971184244211457,1.0,0.9991140691025464,0.9980531567544233,1.0,0.999197041168614,0.9982638725786614,1.0,0.9991709338246721,0.9984152597877909,1.0,0.9976357719386755,0.9979533586203075,1.0,0.9481579675176874,0.7080534192075305,1.0,1.0,1.0,1.0
0.9985527909484375,0.997545997581966,1.0,0.9982241223067518,0.9971184244211457,1.0,0.9991140691025464,0.9980531567544233,1.0,0.999197041168614,0.9982638725786614,1.0,0.9991709338246721,0.9984152597877909,1.0,0.9976357719386755,0.9979533586203075,1.0,0.9481579675176874,0.7080534192075305,1.0,1.0,1.0,1.0
0.9985722951135472,0.997545997581966,1.0,0.9982241223067518,0.9971184244211457,1.0,0.9991140691025464,0.9980531567544233,1.0,0.999197041168614,0.9982638725786614,1.0,0.9991709338246721,0.9984152597877909,1.0,0.9976357719386755,0.9979533586203075,1.0,0.9481579675176874,0.7080534192075305,1.0,1.0,1.0,1.0
0.9985527909484375,0.997545997581966,1.0,0.9982241223067518,0.9971184244211457,1.0,0.9991140691025464,0.9980531567544233,1.0,0.999197041168614,0.9982638725786614,1.0,0.9991709338246721,0.9984152597877909,1.0,0.9976357719386755,0.9979533586203075,1.0,0.9481579675176874,0.7080534192075305,1.0,1.0,1.0,1.0
0.9985625430309852,0.9975479927058899,1.0,0.9982241223067518,0.9971184244211457,1.0,0.9991140691025464,0.9980531567544233,1.0,0.999197041168614,0.9982638725786614,1.0,0.9991709338246721,0.9984152597877909,1.0,0.9976357719386755,0.9979533586203075,1.0,0.9481579675176874,0.7080534192075305,1.0,1.0,1.0,1.0
0.9985527909484375,0.997545997581966,1.0,0.9982241223067518,0.9971184244211457,1.0,0.9991140691025464,0.9980531567544233,1.0,0.999197041168614,0.9982638725786614,1.0,0.9991709338246721,0.9984152597877909,1.0,0.9976357719386755,0.9979533586203075,1.0,0.9481579675176874,0.7080534192075305,1.0,1.0,1.0,1.0
0.9985527909484375,0.997545997581966,1.0,0.9982241223067518,0.9971184244211457,1.0,0.9991140691025464,0.9980531567544233,1.0,0.999197041168614,0.9982638725786614,1.0,0.9991709338246721,0.9984152597877909,1.0,0.9976357719386755,0.9979533586203075,1.0,0.9481579675176874,0.7080534192075305,1.0,1.0,1.0,1.0
0.9985527909484375,0.997545997581966,1.0,0.9982241223067518,0.9971184244211457,1.0,0.9991140691025464,0.9980531567544233,1.0,0.999197041168614,0.9982638725786614,1.0,0.9991709338246721,0.9984152597877909,1.0,0.9976357719386755,0.9979533586203075,1.0,0.9481579675176874,0.7080534192075305,1.0,1.0,1.0,1.0
0.9985527909484375,0.997545997581966,1.0,0.9982241223067518,0.9971184244211457,1.0,0.9991140691025464,0.9980531567544233,1.0,0.999197041168614,0.9982638725786614,1.0,0.9991709338246721,0.9984152597877909,1.0,0.9976357719386755,0.9979533586203075,1.0,0.9481579675176874,0.7080534192075305,1.0,1.0,1.0,1.0
0.9985527909484375,0.997545997581966,1.0,0.9982241223067518,0.9971184244211457,1.0,0.9991140691025464,0.9980531567544233,1.0,0.999197041168614,0.9982638725786614,1.0,0.9991709338246721,0.9984152597877909,1.0,0.9976357719386755,0.9979533586203075,1.0,0.9481579675176874,0.7080534192075305,1.0,1.0,1.0,1.0
0.9985527909484375,0.997545997581966,1.0,0.9982241223067518,0.9971184244211457,1.0,0.9991140691025464,0.9980531567544233,1.0,0.999197041168614,0.9982638725786614,1.0,0.9991709338246721,0.9984152597877909,1.0,0.9976357719386755,0.9979533586203075,1.0,0.9481579675176874,0.7080534192075305,1.0,1.0,1.0,1.0
0.9993914700483657,0.9968596749544361,0.9944257932447655,0.998202958000519,0.9968624166734799,0.9944932079415452,0.9990260759660714,0.9980104360561484,0.9944319294809247,0.9990532889481756,0.9979106345318627,0.9945258799172052,0.9991767045868585,0.9984979059526466,0.9945927783350754,0.9976418134073839,0.99806547732166,0.9945396659708834,0.9480988393716387,0.7079808774142293,0.9944678536103169,1.0,1.0,0.9945582822087076
0.9985527909484375,0.997545997581966,1.0,0.9982241223067518,0.9971184244211457,1.0,0.9991140691025464,0.9980531567544233,1.0,0.999197041168614,0.9982638725786614,1.0,0.9991709338246721,0.9984152597877909,1.0,0.9976357719386755,0.9979533586203075,1.0,0.9481579675176874,0.7080534192075305,1.0,1.0,1.0,1.0
0.9967701102570174,0.997745509973555,0.6821013306039063,0.9961923489110234,0.997471675421977,0.9487001044932626,0.9982561360212685,0.9982159022712693,0.9481576885406326,0.9991580227088122,0.9990323532228018,0.9486418219461612,0.9984784423558324,0.9987417121391786,0.9491414242727529,0.9990816967667229,0.998844607280617,0.9489572025052126,0.9474675033617359,0.7074588609800117,0.6817764589515178,1.0,1.0,0.6818466257668376
0.9985527909484375,0.997545997581966,1.0,0.9982241223067518,0.9971184244211457,1.0,0.9991140691025464,0.9980531567544233,1.0,0.999197041168614,0.9982638725786614,1.0,0.9991709338246721,0.9984152597877909,1.0,0.9976357719386755,0.9979533586203075,1.0,0.9481579675176874,0.7080534192075305,1.0,1.0,1.0,1.0
0.9985527909484375,0.997545997581966,1.0,0.9982241223067518,0.9971184244211457,1.0,0.9991140691025464,0.9980531567544233,1.0,0.999197041168614,0.9982638725786614,1.0,0.9991709338246721,0.9984152597877909,1.0,0.9976357719386755,0.9979533586203075,1.0,0.9481579675176874,0.7080534192075305,1.0,1.0,1.0,1.0
0.9985527909484375,0.997545997581966,1.0,0.9982241223067518,0.9971184244211457,1.0,0.9991140691025464,0.9980531567544233,1.0,0.999197041168614,0.9982638725786614,1.0,0.9991709338246721,0.9984152597877909,1.0,0.9976357719386755,0.9979533586203075,1.0,0.9481579675176874,0.7080534192075305,1.0,1.0,1.0,1.0
0.0,0.0,0.0,0.0,0.0,0.0,0.0,0.0,0.0,0.0,0.0,0.0,0.0,0.0,0.0,0.0,0.0,0.0,0.0,0.0,0.0,0.0,0.0,0.0
0.9985527909484375,0.997545997581966,1.0,0.9982241223067518,0.9971184244211457,1.0,0.9991140691025464,0.9980531567544233,1.0,0.999197041168614,0.9982638725786614,1.0,0.9991709338246721,0.9984152597877909,1.0,0.9976357719386755,0.9979533586203075,1.0,0.9481579675176874,0.7080534192075305,1.0,1.0,1.0,1.0
0.9964931511125741,0.9981924177309196,0.5015148413510886,0.9984434614799511,0.998444107951812,0.5015005224659888,0.9995140379050866,0.9985759767273805,0.5021371204700955,0.9978478238994342,0.998711056914459,0.501292960662461,0.9973339078445917,0.9991301491142792,0.5029297893680678,0.9993213416893099,0.9991201532414493,0.5022296450939336,0.9478184575183377,0.7076921326291057,0.5016824925816437,1.0,1.0,0.5020480572596782
0.9985547413649414,0.9975539780776614,1.0,0.9982241223067518,0.9971184244211457,1.0,0.9991140691025464,0.9980531567544233,1.0,0.999197041168614,0.9982638725786614,1.0,0.9991709338246721,0.9984152597877909,1.0,0.9976357719386755,0.9979533586203075,1.0,0.9481579675176874,0.7080534192075305,1.0,1.0,1.0,1.0
0.9967954656717524,0.9977155831148821,0.9725823950869881,0.9984934862038983,0.996749296970961,0.9727669801463179,0.9992340597433724,0.9976483272810839,0.9726376101861618,0.9990122168851059,0.9979049977545458,0.9730300207040656,0.998674648271944,0.9987127859814535,0.9732918756269413,0.997659937813367,0.9976645104401882,0.9729091858038359,0.9484478861688217,0.7081942356299322,0.9730474777447853,1.0,1.0,0.973118609406967
0.9985527909484375,0.997545997581966,1.0,0.9982241223067518,0.9971184244211457,1.0,0.9991140691025464,0.9980531567544233,1.0,0.999197041168614,0.9982638725786614,1.0,0.9991709338246721,0.9984152597877909,1.0,0.9976357719386755,0.9979533586203075,1.0,0.9481579675176874,0.7080534192075305,1.0,1.0,1.0,1.0
0.9985527909484375,0.997545997581966,1.0,0.9982241223067518,0.9971184244211457,1.0,0.9991140691025464,0.9980531567544233,1.0,0.999197041168614,0.9982638725786614,1.0,0.9991709338246721,0.9984152597877909,1.0,0.9976357719386755,0.9979533586203075,1.0,0.9481579675176874,0.7080534192075305,1.0,1.0,1.0,1.0
0.9985566917814452,0.9975499878297995,1.0,0.9982241223067518,0.9971184244211457,1.0,0.9991140691025464,0.9980531567544233,1.0,0.999197041168614,0.9982638725786614,1.0,0.9991709338246721,0.9984152597877909,1.0,0.9976357719386755,0.9979533586203075,1.0,0.9481579675176874,0.7080534192075305,1.0,1.0,1.0,1.0
0.9985469396989402,0.9975300365906321,0.999969293756422,0.9982395145294447,0.9971045325278141,0.9999717868338749,0.9991320676986959,0.9980206076510569,0.9999725759059999,0.9991949875654598,0.9982789039849393,0.9999792960662575,0.9991670866498907,0.9984317890207706,0.9999809428284863,0.9976297304700381,0.9979514583033193,0.9999749478079423,0.9481598748772626,0.7080534192075305,0.9999782393669747,1.0,1.0,0.9999764826175976
0.9985527909484375,0.997545997581966,1.0,0.9982241223067518,0.9971184244211457,1.0,0.9991140691025464,0.9980531567544233,1.0,0.999197041168614,0.9982638725786614,1.0,0.9991709338246721,0.9984152597877909,1.0,0.9976357719386755,0.9979533586203075,1.0,0.9481579675176874,0.7080534192075305,1.0,1.0,1.0,1.0
0.9985527909484375,0.997545997581966,1.0,0.9982241223067518,0.9971184244211457,1.0,0.9991140691025464,0.9980531567544233,1.0,0.999197041168614,0.9982638725786614,1.0,0.9991709338246721,0.9984152597877909,1.0,0.9976357719386755,0.9979533586203075,1.0,0.9481579675176874,0.7080534192075305,1.0,1.0,1.0,1.0
0.0,0.0,0.0,0.0,0.0,0.0,0.0,0.0,0.0,0.0,0.0,0.0,0.0,0.0,0.0,0.0,0.0,0.0,0.0,0.0,0.0,0.0,0.0,0.0
0.0,0.0,0.0,0.0,0.0,0.0,0.0,0.0,0.0,0.0,0.0,0.0,0.0,0.0,0.0,0.0,0.0,0.0,0.0,0.0,0.0,0.0,0.0,0.0
0.9985800967796052,0.9975739293168147,1.0,0.9982241223067518,0.9971184244211457,1.0,0.9991140691025464,0.9980531567544233,1.0,0.9991990947717682,0.9982638725786614,1.0,0.9991728574121055,0.9984152597877909,1.0,0.9976377857615546,0.9979533586203075,1.0,0.9481579675176874,0.7080534192075305,0.9999990108803161,1.0,1.0,0.9999989775051148
0.9985527909484375,0.997545997581966,1.0,0.9982241223067518,0.9971184244211457,1.0,0.9991140691025464,0.9980531567544233,1.0,0.999197041168614,0.9982638725786614,1.0,0.9991709338246721,0.9984152597877909,1.0,0.9976357719386755,0.9979533586203075,1.0,0.9481579675176874,0.7080534192075305,1.0,1.0,1.0,1.0
0.9985527909484375,0.997545997581966,1.0,0.9982241223067518,0.9971184244211457,1.0,0.9991140691025464,0.9980531567544233,1.0,0.999197041168614,0.9982638725786614,1.0,0.9991709338246721,0.9984152597877909,1.0,0.9976357719386755,0.9979533586203075,1.0,0.9481579675176874,0.7080534192075305,1.0,1.0,1.0,1.0
0.9985527909484375,0.997545997581966,1.0,0.9982241223067518,0.9971184244211457,1.0,0.9991140691025464,0.9980531567544233,1.0,0.999197041168614,0.9982638725786614,1.0,0.9991709338246721,0.9984152597877909,1.0,0.9976357719386755,0.9979533586203075,1.0,0.9481579675176874,0.7080534192075305,1.0,1.0,1.0,1.0
0.9985527909484375,0.997545997581966,1.0,0.9982241223067518,0.9971184244211457,1.0,0.9991140691025464,0.9980531567544233,1.0,0.999197041168614,0.9982638725786614,1.0,0.9991709338246721,0.9984152597877909,1.0,0.9976357719386755,0.9979533586203075,1.0,0.9481579675176874,0.7080534192075305,1.0,1.0,1.0,1.0
0.9985917992787705,0.9976457537778316,0.999856704196624,0.998366500366842,0.9969795054882553,0.9998641588297943,0.9991500662948027,0.9979758526338713,0.9998511263468188,0.9991847195497741,0.9982864196880854,0.9998612836439804,0.9991997876358596,0.998423524404231,0.9998665997994891,0.9976297304700381,0.9979248538656975,0.9998590814197286,0.9481694116749964,0.7080534192075589,0.9998555885263158,1.0,1.0,0.9998650306749397
0.9985605926144814,0.9975499878297995,1.0,0.9982241223067518,0.9971184244211457,1.0,0.9991140691025464,0.9980531567544233,1.0,0.999197041168614,0.9982638725786614,1.0,0.9991709338246721,0.9984152597877909,1.0,0.9976357719386755,0.9979533586203075,1.0,0.9481579675176874,0.7080534192075305,1.0,1.0,1.0,1.0
0.9985527909484375,0.997545997581966,1.0,0.9982241223067518,0.9971184244211457,1.0,0.9991140691025464,0.9980531567544233,1.0,0.999197041168614,0.9982638725786614,1.0,0.9991709338246721,0.9984152597877909,1.0,0.9976357719386755,0.9979533586203075,1.0,0.9481579675176874,0.7080534192075305,1.0,1.0,1.0,1.0
0.9985527909484375,0.997545997581966,1.0,0.9982241223067518,0.9971184244211457,1.0,0.9991140691025464,0.9980531567544233,1.0,0.999197041168614,0.9982638725786614,1.0,0.9991709338246721,0.9984152597877909,1.0,0.9976357719386755,0.9979533586203075,1.0,0.9481579675176874,0.7080534192075305,1.0,1.0,1.0,1.0
0.9985917992786142,0.9975998659277963,0.9999600818833443,0.9982895392532498,0.9970926251907315,1.0,0.9991380672307315,0.9980185733321036,1.0,0.9992073091843565,0.9982732672075656,1.0,0.9991613158876476,0.9984173259418867,1.0,0.997623689001415,0.9979476576693713,1.0,0.9481598748772626,0.7080534192075305,0.9999653808111049,1.0,1.0,0.999964212678961
0.9985527909484375,0.997545997581966,1.0,0.9982241223067518,0.9971184244211457,1.0,0.9991140691025464,0.9980531567544233,1.0,0.999197041168614,0.9982638725786614,1.0,0.9991709338246721,0.9984152597877909,1.0,0.9976357719386755,0.9979533586203075,1.0,0.9481579675176874,0.7080534192075305,1.0,1.0,1.0,1.0
0.9983694517963926,0.9964806014100702,0.9888874104402916,0.9981259968868841,0.9967830344260165,0.988977011494427,0.9993280524119541,0.9979087201081001,0.9888540646425881,0.9989300727590518,0.997771594024087,0.9890942028986984,0.9987727512299358,0.9985454274974757,0.9892066198597078,0.9978391680496657,0.9978887478430352,0.9890052192068595,0.9480416185853358,0.7082383296611567,0.9889366963404385,1.0,1.0,0.9889846625768612
0.9985527909484375,0.997545997581966,1.0,0.9982241223067518,0.9971184244211457,1.0,0.9991140691025464,0.9980531567544233,1.0,0.999197041168614,0.9982638725786614,1.0,0.9991709338246721,0.9984152597877909,1.0,0.9976357719386755,0.9979533586203075,1.0,0.9481579675176874,0.7080534192075305,1.0,1.0,1.0,1.0
0.996551663607832,0.9982163592179916,0.5014943705220176,0.9984453855078357,0.9984222778337966,0.5014806687564786,0.9995560346293644,0.9985515648998131,0.5021214495592261,0.9978580919151625,0.9986960255082096,0.501279503105529,0.9973377550194016,0.9991198183436438,0.5029147442326618,0.9993273831579756,0.9991296548263051,0.5022108559498832,0.9478127354396975,0.7076963997934342,0.5016597428289273,1.0,1.0,0.5020337423312569
0.9985527909484375,0.997545997581966,1.0,0.9982241223067518,0.9971184244211457,1.0,0.9991140691025464,0.9980531567544233,1.0,0.999197041168614,0.9982638725786614,1.0,0.9991709338246721,0.9984152597877909,1.0,0.9976357719386755,0.9979533586203075,1.0,0.9481579675176874,0.7080534192075305,1.0,1.0,1.0,1.0
0.9985527909484375,0.997545997581966,1.0,0.9982241223067518,0.9971184244211457,1.0,0.9991140691025464,0.9980531567544233,1.0,0.999197041168614,0.9982638725786614,1.0,0.9991709338246721,0.9984152597877909,1.0,0.9976357719386755,0.9979533586203075,1.0,0.9481579675176874,0.7080534192075305,1.0,1.0,1.0,1.0
0.9991320646524144,0.9984218569815084,0.8244350051176497,0.9987994066299279,0.9983170963561605,0.8238975966562165,0.9972822119873541,0.9980694313060638,0.8243770812929014,0.9989937344568318,0.9968246154309526,0.8241563146997635,0.9981245022715655,0.9991880014296726,0.8253891675024931,0.9982842229060793,0.9981471909513573,0.8248716075156892,0.9481655969559313,0.7081231162247263,0.8240890207715026,1.0,1.0,0.8243231083844336
0.9963468698742162,0.995421190610216,0.9093142272261687,0.9986243200967237,0.998009490147652,0.9094451410657527,0.998764096400464,0.997678842065568,0.9090391772772008,0.9991190042490103,0.9975141811924573,0.9092463768115522,0.9986419472859325,0.9986053459670217,0.9100802407220812,0.9980324950461892,0.9983752289881949,0.9097453027139295,0.948478403921527,0.7079396281591954,0.9092680514342035,1.0,1.0,0.9096513292433315
0.9985527909484375,0.997545997581966,1.0,0.9982241223067518,0.9971184244211457,1.0,0.9991140691025464,0.9980531567544233,1.0,0.999197041168614,0.9982638725786614,1.0,0.9991709338246721,0.9984152597877909,1.0,0.9976357719386755,0.9979533586203075,1.0,0.9481579675176874,0.7080534192075305,1.0,1.0,1.0,1.0
0.9987224771850407,0.9978731979043545,0.99841862845485,0.9983318678655877,0.9969259224712914,0.9984932079419053,0.9993240527238356,0.9981813188488644,0.9984133202747003,0.9990656105670297,0.9982920564654592,0.9984544513461415,0.9991863225240252,0.9985330305727587,0.9984553660987245,0.9975693157836503,0.9979115516468084,0.9984686847603257,0.9481808558321774,0.7080448848789445,0.9984896142437805,1.0,1.0,0.9984386503071505
0.9985508405319052,0.997545997581966,1.0,0.9982241223067518,0.9971184244211457,1.0,0.9991140691025464,0.9980531567544233,1.0,0.999197041168614,0.9982638725786614,1.0,0.9991709338246721,0.9984152597877909,1.0,0.9976357719386755,0.9979533586203075,1.0,0.9481579675176874,0.7080534192075305,1.0,1.0,1.0,1.0
0.997437152704066,0.9968536895825508,0.9674554759468776,0.9987455338504532,0.9969140151343083,0.9677189132707511,0.9987680960885115,0.996820359464138,0.9675132223311422,0.9981209531183453,0.9978429932039035,0.9679171842651257,0.9984707480061275,0.9985433613432946,0.9682116349048684,0.9977948639462539,0.9974288711356394,0.9679196242172523,0.9484383493711022,0.7080662207004877,0.967957467853779,1.0,1.0,0.9680654396729267
0.9985527909484375,0.997545997581966,1.0,0.9982241223067518,0.9971184244211457,1.0,0.9991140691025464,0.9980531567544233,1.0,0.999197041168614,0.9982638725786614,1.0,0.9991709338246721,0.9984152597877909,1.0,0.9976357719386755,0.9979533586203075,1.0,0.9481579675176874,0.7080534192075305,1.0,1.0,1.0,1.0
0.9985527909484375,0.997545997581966,1.0,0.9982241223067518,0.9971184244211457,1.0,0.9991140691025464,0.9980531567544233,1.0,0.999197041168614,0.9982638725786614,1.0,0.9991709338246721,0.9984152597877909,1.0,0.9976357719386755,0.9979533586203075,1.0,0.9481579675176874,0.7080534192075305,1.0,1.0,1.0,1.0
0.9970587719007966,0.9965125233928092,0.5173439099283144,0.9979932389665294,0.997459768084795,1.0,0.9984541205785291,0.9978904112375062,1.0,0.99797925450099,0.9990962366994012,1.0,0.9977994159987844,0.9986714628989546,1.0,0.9997724380146877,0.9992892814521213,1.0,0.9480778584167808,0.7074659729204882,0.5168476755686982,1.0,1.0,0.5172668711655817
0.9985625430309994,0.9976098415472876,0.999984646878211,0.9982395145294447,0.9971124707525405,1.0,0.999122068478556,0.998047053797535,1.0,0.9991908803591514,0.998265751504448,1.0,0.9991593923002,0.9984214582501636,1.0,0.9976317442929172,0.9979552589372673,1.0,0.9481617822368094,0.7080562639837495,0.9999871414441301,1.0,1.0,0.9999877300613562
0.0,0.0,0.0,0.0,0.0,0.0,0.0,0.0,0.0,0.0,0.0,0.0,0.0,0.0,0.0,0.0,0.0,0.0,0.0,0.0,0.0,0.0,0.0,0.0
0.9985508405318768,0.9975479927058615,1.0,0.9982279703624215,0.9971184244211457,1.0,0.9991140691025464,0.9980551910733766,1.0,0.9991990947717682,0.998265751504448,1.0,0.9991690102372672,0.9984131936336667,1.0,0.9976357719386755,0.9979533586203075,1.0,0.9481579675176874,0.7080534192075305,0.9999990108803161,1.0,1.0,0.9999989775051148
0.9985527909484375,0.997545997581966,1.0,0.9982241223067518,0.9971184244211457,1.0,0.9991140691025464,0.9980531567544233,1.0,0.999197041168614,0.9982638725786614,1.0,0.9991709338246721,0.9984152597877909,1.0,0.9976357719386755,0.9979533586203075,1.0,0.9481579675176874,0.7080534192075305,1.0,1.0,1.0,1.0
0.9985527909484375,0.997545997581966,1.0,0.9982241223067518,0.9971184244211457,1.0,0.9991140691025464,0.9980531567544233,1.0,0.999197041168614,0.9982638725786614,1.0,0.9991709338246721,0.9984152597877909,1.0,0.9976357719386755,0.9979533586203075,1.0,0.9481579675176874,0.7080534192075305,1.0,1.0,1.0,1.0
0.9985527909484375,0.997545997581966,1.0,0.9982241223067518,0.9971184244211457,1.0,0.9991140691025464,0.9980531567544233,1.0,0.999197041168614,0.9982638725786614,1.0,0.9991709338246721,0.9984152597877909,1.0,0.9976357719386755,0.9979533586203075,1.0,0.9481579675176874,0.7080534192075305,1.0,1.0,1.0,1.0
0.9985527909484375,0.997545997581966,1.0,0.9982241223067518,0.9971184244211457,1.0,0.9991140691025464,0.9980531567544233,1.0,0.999197041168614,0.9982638725786614,1.0,0.9991709338246721,0.9984152597877909,1.0,0.9976357719386755,0.9979533586203075,1.0,0.9481579675176874,0.7080534192075305,1.0,1.0,1.0,1.0
0.9966140769361687,0.998387939875002,0.613593654043008,0.9985454349555027,0.9980650577208081,0.6132100313480038,0.9975201934249611,0.9989930121143402,0.6134476003918579,0.9975171937925182,0.997399566719821,0.6126438923396123,0.9978398113345719,0.9987127859814393,0.6145937813441407,0.998423176684895,0.9998099683025572,0.6138162839249333,0.9481102835289619,0.7079254042782566,0.6134886251236651,1.0,1.0,0.6134376278118978
0.9985527909484375,0.997545997581966,1.0,0.9982241223067518,0.9971184244211457,1.0,0.9991140691025464,0.9980531567544233,1.0,0.999197041168614,0.9982638725786614,1.0,0.9991709338246721,0.9984152597877909,1.0,0.9976357719386755,0.9979533586203075,1.0,0.9481579675176874,0.7080534192075305,1.0,1.0,1.0,1.0
0.9985527909484375,0.997545997581966,1.0,0.9982241223067518,0.9971184244211457,1.0,0.9991140691025464,0.9980531567544233,1.0,0.999197041168614,0.9982638725786614,1.0,0.9991709338246721,0.9984152597877909,1.0,0.9976357719386755,0.9979533586203075,1.0,0.9481579675176874,0.7080534192075305,1.0,1.0,1.0,1.0
0.9985527909484375,0.997545997581966,1.0,0.9982241223067518,0.9971184244211457,1.0,0.9991140691025464,0.9980531567544233,1.0,0.999197041168614,0.9982638725786614,1.0,0.9991709338246721,0.9984152597877909,1.0,0.9976357719386755,0.9979533586203075,1.0,0.9481579675176874,0.7080534192075305,1.0,1.0,1.0,1.0
0.9985449892823937,0.9975360219623894,0.9999989764585422,0.9982260463345938,0.9971184244211457,0.9999979101358463,0.999116068946563,0.9980551910733766,0.9999980411361378,0.999197041168614,0.9982676304302345,0.9999989648033107,0.9991690102372672,0.9984131936336667,1.0,0.9976357719386755,0.9979533586203075,0.9999989561586631,0.9481579675176874,0.7080534192075305,0.9999990108803161,1.0,1.0,0.9999989775051148
0.9985332867833137,0.9975360219623752,0.9999969293756408,0.9982298943902634,0.9971124707525973,1.0,0.9991180687905796,0.9980592597112974,1.0,0.9991990947717682,0.9982676304302345,1.0,0.9991632394750383,0.9984152597877909,1.0,0.9976357719386755,0.9979552589372673,1.0,0.9481579675176874,0.7080534192075305,0.9999960435212785,1.0,1.0,0.9999969325153373
0.998570344697228,0.9975978708037587,0.999910951893618,0.998320323698664,0.9970350730613688,1.0,0.9991340675427978,0.9980165390130935,1.0,0.9991990947717682,0.9982826618364555,1.0,0.9991882461114159,0.9984193920960251,1.0,0.997643827230192,0.9979400564014753,1.0,0.9481713190345289,0.708056263983778,0.9999159248269578,1.0,1.0,0.9999120654397302
0.9985527909484375,0.997545997581966,1.0,0.9982241223067518,0.9971184244211457,1.0,0.9991140691025464,0.9980531567544233,1.0,0.999197041168614,0.9982638725786614,1.0,0.9991709338246721,0.9984152597877909,1.0,0.9976357719386755,0.9979533586203075,1.0,0.9481579675176874,0.7080534192075305,1.0,1.0,1.0,1.0
0.9985527909484375,0.997545997581966,1.0,0.9982241223067518,0.9971184244211457,1.0,0.9991140691025464,0.9980531567544233,1.0,0.999197041168614,0.9982638725786614,1.0,0.9991709338246721,0.9984152597877909,1.0,0.9976357719386755,0.9979533586203075,1.0,0.9481579675176874,0.7080534192075305,1.0,1.0,1.0,1.0
0.9985527909484375,0.997545997581966,1.0,0.9982241223067518,0.9971184244211457,1.0,0.9991140691025464,0.9980531567544233,1.0,0.999197041168614,0.9982638725786614,1.0,0.9991709338246721,0.9984152597877909,1.0,0.9976357719386755,0.9979533586203075,1.0,0.9481579675176874,0.7080534192075305,1.0,1.0,1.0,1.0
0.9985527909484375,0.9975519829537376,1.0,0.9982241223067518,0.9971184244211457,1.0,0.9991140691025464,0.9980531567544233,1.0,0.999197041168614,0.9982638725786614,1.0,0.9991709338246721,0.9984152597877909,1.0,0.9976357719386755,0.9979533586203075,1.0,0.9481579675176874,0.7080534192075305,1.0,1.0,1.0,1.0
0.9976868060173274,0.9967998212367917,0.5353009211872362,0.9986858889875521,0.9980690268331784,0.5349999999999469,0.9987740956205897,0.9992269587947931,0.5355788442701979,0.9984064039561531,0.9980459171879801,0.5349285714285443,0.9976243695440274,0.9981053366692976,0.536246740220605,0.9993394660953356,0.9992322719429154,0.5357933194154185,0.9480397112257037,0.7078585520372371,0.5354896142433319,1.0,1.0,0.5355910020449315
0.9985527909484375,0.997545997581966,1.0,0.9982241223067518,0.9971184244211457,1.0,0.9991140691025464,0.9980531567544233,1.0,0.999197041168614,0.9982638725786614,1.0,0.9991709338246721,0.9984152597877909,1.0,0.9976357719386755,0.9979533586203075,1.0,0.9481579675176874,0.7080534192075305,1.0,1.0,1.0,1.0
0.9985781463632435,0.9969813775134071,0.9929703172979671,0.9984607777307133,0.996804864544174,0.9930135841171932,0.9993560502282435,0.9978944798754554,0.9929774730656575,0.9991826659465914,0.9979012399029585,0.9930300207040972,0.9990901431532677,0.9984462520995265,0.9931424272819172,0.997794863946325,0.9981338887326388,0.9931137787057693,0.9480969320122341,0.7080007908477768,0.9929821958457481,1.0,1.0,0.993059304703614
0.9985527909484375,0.997545997581966,1.0,0.9982241223067518,0.9971184244211457,1.0,0.9991140691025464,0.9980531567544233,1.0,0.999197041168614,0.9982638725786614,1.0,0.9991709338246721,0.9984152597877909,1.0,0.9976357719386755,0.9979533586203075,1.0,0.9481579675176874,0.7080534192075305,1.0,1.0,1.0,1.0
0.9985527909484375,0.9975519829537376,1.0,0.9982241223067518,0.9971184244211457,1.0,0.9991140691025464,0.9980531567544233,1.0,0.999197041168614,0.9982638725786614,1.0,0.9991709338246721,0.9984152597877909,1.0,0.9976357719386755,0.9979533586203075,1.0,0.9481579675176874,0.7080534192075305,1.0,1.0,1.0,1.0
0.9985527909484375,0.997545997581966,1.0,0.9982241223067518,0.9971184244211457,1.0,0.9991140691025464,0.9980531567544233,1.0,0.999197041168614,0.9982638725786614,1.0,0.9991709338246721,0.9984152597877909,1.0,0.9976357719386755,0.9979533586203075,1.0,0.9481579675176874,0.7080534192075305,1.0,1.0,1.0,1.0
0.9985527909484375,0.997545997581966,1.0,0.9982241223067518,0.9971184244211457,1.0,0.9991140691025464,0.9980531567544233,1.0,0.999197041168614,0.9982638725786614,1.0,0.9991709338246721,0.9984152597877909,1.0,0.9976357719386755,0.9979533586203075,1.0,0.9481579675176874,0.7080534192075305,1.0,1.0,1.0,1.0
0.9985527909484375,0.997545997581966,1.0,0.9982241223067518,0.9971184244211457,1.0,0.9991140691025464,0.9980531567544233,1.0,0.999197041168614,0.9982638725786614,1.0,0.9991709338246721,0.9984152597877909,1.0,0.9976357719386755,0.9979533586203075,1.0,0.9481579675176874,0.7080534192075305,1.0,1.0,1.0,1.0
0.996149877806431,0.996716026032388,0.5079795291708749,0.9980836682744751,0.9985274593115747,0.5078234064784795,0.9991060697266647,0.9987794086234203,0.5086571988245367,0.9975336226177092,0.9987542722073215,0.5077360248446396,0.9976436054182045,0.9988140275334274,0.5094092276829443,0.9997019542137622,0.9993101849388069,0.5085824634654799,0.9479271770125024,0.707605366954752,0.5081117705241383,1.0,1.0,0.5084867075663837
0.9985527909484375,0.997545997581966,1.0,0.9982241223067518,0.9971184244211457,1.0,0.9991140691025464,0.9980531567544233,1.0,0.999197041168614,0.9982638725786614,1.0,0.9991709338246721,0.9984152597877909,1.0,0.9976357719386755,0.9979533586203075,1.0,0.9481579675176874,0.7080534192075305,1.0,1.0,1.0,1.0
0.9985527909484375,0.997545997581966,1.0,0.9982241223067518,0.9971184244211457,1.0,0.9991140691025464,0.9980531567544233,1.0,0.999197041168614,0.9982638725786614,1.0,0.9991709338246721,0.9984152597877909,1.0,0.9976357719386755,0.9979533586203075,1.0,0.9481579675176874,0.7080534192075305,1.0,1.0,1.0,1.0
0.9985527909484375,0.997545997581966,1.0,0.9982241223067518,0.9971184244211457,1.0,0.9991140691025464,0.9980531567544233,1.0,0.999197041168614,0.9982638725786614,1.0,0.9991709338246721,0.9984152597877909,1.0,0.9976357719386755,0.9979533586203075,1.0,0.9481579675176874,0.7080534192075305,1.0,1.0,1.0,1.0
0.9985527909484375,0.997545997581966,1.0,0.9982241223067518,0.9971184244211457,1.0,0.9991140691025464,0.9980531567544233,1.0,0.999197041168614,0.9982638725786614,1.0,0.9991709338246721,0.9984152597877909,1.0,0.9976357719386755,0.9979533586203075,1.0,0.9481579675176874,0.7080534192075305,1.0,1.0,1.0,1.0
0.9985527909484375,0.997545997581966,1.0,0.9982241223067518,0.9971184244211457,1.0,0.9991140691025464,0.9980531567544233,1.0,0.999197041168614,0.9982638725786614,1.0,0.9991709338246721,0.9984152597877909,1.0,0.9976357719386755,0.9979533586203075,1.0,0.9481579675176874,0.7080534192075305,1.0,1.0,1.0,1.0
0.9985527909484375,0.997545997581966,1.0,0.9982241223067518,0.9971184244211457,1.0,0.9991140691025464,0.9980531567544233,1.0,0.999197041168614,0.9982638725786614,1.0,0.9991709338246721,0.9984152597877909,1.0,0.9976357719386755,0.9979533586203075,1.0,0.9481579675176874,0.7080534192075305,1.0,1.0,1.0,1.0
0.9985527909484375,0.997545997581966,1.0,0.9982241223067518,0.9971184244211457,1.0,0.9991140691025464,0.9980531567544233,1.0,0.999197041168614,0.9982638725786614,1.0,0.9991709338246721,0.9984152597877909,1.0,0.9976357719386755,0.9979533586203075,1.0,0.9481579675176874,0.7080534192075305,1.0,1.0,1.0,1.0
0.9985332867833137,0.9975479927059041,1.0,0.9982260463345938,0.9971184244211457,0.9999989550679231,0.9991140691025464,0.9980531567544233,0.9999990205680689,0.999197041168614,0.9982638725786614,1.0,0.9991709338247006,0.9984152597877909,1.0,0.9976357719386755,0.9979533586203075,1.0,0.9481579675176874,0.7080534192075305,0.9999990108803161,1.0,1.0,0.9999989775051148
0.9985527909484375,0.997545997581966,1.0,0.9982241223067518,0.9971184244211457,1.0,0.9991140691025464,0.9980531567544233,1.0,0.999197041168614,0.9982638725786614,1.0,0.9991709338246721,0.9984152597877909,1.0,0.9976357719386755,0.9979533586203075,1.0,0.9481579675176874,0.7080534192075305,1.0,1.0,1.0,1.0
0.9985761959465833,0.9975440024580848,1.0,0.9982241223067518,0.9971184244211457,1.0,0.9991140691025464,0.9980531567544233,1.0,0.999197041168614,0.9982638725786614,1.0,0.9991709338246721,0.9984152597877909,1.0,0.9976357719386755,0.9979533586203075,1.0,0.9481579675176874,0.7080534192075305,1.0,1.0,1.0,1.0
0.9985527909484375,0.997545997581966,1.0,0.9982241223067518,0.9971184244211457,1.0,0.9991140691025464,0.9980531567544233,1.0,0.999197041168614,0.9982638725786614,1.0,0.9991709338246721,0.9984152597877909,1.0,0.9976357719386755,0.9979533586203075,1.0,0.9481579675176874,0.7080534192075305,1.0,1.0,1.0,1.0
0.9985527909484375,0.997545997581966,1.0,0.9982241223067518,0.9971184244211457,1.0,0.9991140691025464,0.9980531567544233,1.0,0.999197041168614,0.9982638725786614,1.0,0.9991709338246721,0.9984152597877909,1.0,0.9976357719386755,0.9979533586203075,1.0,0.9481579675176874,0.7080534192075305,1.0,1.0,1.0,1.0
0.9985527909484375,0.997545997581966,1.0,0.9982241223067518,0.9971184244211457,1.0,0.9991140691025464,0.9980531567544233,1.0,0.999197041168614,0.9982638725786614,1.0,0.9991709338246721,0.9984152597877909,1.0,0.9976357719386755,0.9979533586203075,1.0,0.9481579675176874,0.7080534192075305,1.0,1.0,1.0,1.0
0.9985527909484375,0.997545997581966,1.0,0.9982241223067518,0.9971184244211457,1.0,0.9991140691025464,0.9980531567544233,1.0,0.999197041168614,0.9982638725786614,1.0,0.9991709338246721,0.9984152597877909,1.0,0.9976357719386755,0.9979533586203075,1.0,0.9481579675176874,0.7080534192075305,1.0,1.0,1.0,1.0
0.9985527909484375,0.997545997581966,1.0,0.9982241223067518,0.9971184244211457,1.0,0.9991140691025464,0.9980531567544233,1.0,0.999197041168614,0.9982638725786614,1.0,0.9991709338246721,0.9984152597877909,1.0,0.9976357719386755,0.9979533586203075,1.0,0.9481579675176874,0.7080534192075305,1.0,1.0,1.0,1.0
0.9983870055450268,0.9966960747932063,0.9895332650974638,0.9983203236985077,0.9967393741900139,0.9896144200628498,0.9991500662949022,0.9982850691160792,0.9895230166504874,0.9990594497575813,0.9976663741804117,0.9896894409939776,0.9988554654887878,0.99838633363008,0.9898124373121178,0.9977928501232185,0.9978792462581794,0.9896210855952035,0.9480988393717809,0.708187123689342,0.9895865479725074,1.0,1.0,0.989646216769124
0.9985527909484375,0.997545997581966,1.0,0.9982241223067518,0.9971184244211457,1.0,0.9991140691025464,0.9980531567544233,1.0,0.999197041168614,0.9982638725786614,1.0,0.9991709338246721,0.9984152597877909,1.0,0.9976357719386755,0.9979533586203075,1.0,0.9481579675176874,0.7080534192075305,1.0,1.0,1.0,1.0
0.9985547413649414,0.9975539780776614,1.0,0.9982241223067518,0.9971184244211457,1.0,0.9991140691025464,0.9980531567544233,1.0,0.999197041168614,0.9982638725786614,1.0,0.9991709338246721,0.9984152597877909,1.0,0.9976357719386755,0.9979533586203075,1.0,0.9481579675176874,0.7080534192075305,1.0,1.0,1.0,1.0
0.9985527909484375,0.997545997581966,1.0,0.9982241223067518,0.9971184244211457,1.0,0.9991140691025464,0.9980531567544233,1.0,0.999197041168614,0.9982638725786614,1.0,0.9991709338246721,0.9984152597877909,1.0,0.9976357719386755,0.9979533586203075,1.0,0.9481579675176874,0.7080534192075305,1.0,1.0,1.0,1.0
0.9985527909484375,0.997545997581966,1.0,0.9982241223067518,0.9971184244211457,1.0,0.9991140691025464,0.9980531567544233,1.0,0.999197041168614,0.9982638725786614,1.0,0.9991709338246721,0.9984152597877909,1.0,0.9976357719386755,0.9979533586203075,1.0,0.9481579675176874,0.7080534192075305,1.0,1.0,1.0,1.0
0.9985527909484375,0.997545997581966,1.0,0.9982241223067518,0.9971184244211457,1.0,0.9991140691025464,0.9980531567544233,1.0,0.999197041168614,0.9982638725786614,1.0,0.9991709338246721,0.9984152597877909,1.0,0.9976357719386755,0.9979533586203075,1.0,0.9481579675176874,0.7080534192075305,1.0,1.0,1.0,1.0
0.0,0.0,0.0,0.0,0.0,0.0,0.0,0.0,0.0,0.0,0.0,0.0,0.0,0.0,0.0,0.0,0.0,0.0,0.0,0.0,0.0,0.0,0.0,0.0
0.9985508405319052,0.9975679439450573,1.0,0.9982260463345938,0.9971184244211457,1.0,0.9991140691025464,0.9980531567544233,1.0,0.999197041168614,0.9982638725786614,1.0,0.9991709338247006,0.9984152597877909,1.0,0.9976357719386755,0.9979533586203075,1.0,0.9481579675176874,0.7080534192075305,0.9999990108803161,1.0,1.0,0.9999989775051148
0.9985527909484375,0.997545997581966,1.0,0.9982241223067518,0.9971184244211457,1.0,0.9991140691025464,0.9980531567544233,1.0,0.999197041168614,0.9982638725786614,1.0,0.9991709338246721,0.9984152597877909,1.0,0.9976357719386755,0.9979533586203075,1.0,0.9481579675176874,0.7080534192075305,1.0,1.0,1.0,1.0
0.9985527909484375,0.997545997581966,1.0,0.9982241223067518,0.9971184244211457,1.0,0.9991140691025464,0.9980531567544233,1.0,0.999197041168614,0.9982638725786614,1.0,0.9991709338246721,0.9984152597877909,1.0,0.9976357719386755,0.9979533586203075,1.0,0.9481579675176874,0.7080534192075305,1.0,1.0,1.0,1.0
0.9985644934474891,0.9975579683254665,1.0,0.9982241223067518,0.9971184244211457,1.0,0.9991140691025464,0.9980531567544233,1.0,0.999197041168614,0.9982638725786614,1.0,0.9991709338246721,0.9984152597877909,1.0,0.9976357719386755,0.9979533586203075,1.0,0.9481579675176874,0.7080534192075305,1.0,1.0,1.0,1.0
0.0,0.0,0.0,0.0,0.0,0.0,0.0,0.0,0.0,0.0,0.0,0.0,0.0,0.0,0.0,0.0,0.0,0.0,0.0,0.0,0.0,0.0,0.0,0.0
0.9985527909484375,0.997545997581966,1.0,0.9982241223067518,0.9971184244211457,1.0,0.9991140691025464,0.9980531567544233,1.0,0.999197041168614,0.9982638725786614,1.0,0.9991709338246721,0.9984152597877909,1.0,0.9976357719386755,0.9979533586203075,1.0,0.9481579675176874,0.7080534192075305,1.0,1.0,1.0,1.0
0.9985527909484375,0.997545997581966,1.0,0.9982241223067518,0.9971184244211457,1.0,0.9991140691025464,0.9980531567544233,1.0,0.999197041168614,0.9982638725786614,1.0,0.9991709338246721,0.9984152597877909,1.0,0.9976357719386755,0.9979533586203075,1.0,0.9481579675176874,0.7080534192075305,1.0,1.0,1.0,1.0
0.9985527909484375,0.997545997581966,1.0,0.9982241223067518,0.9971184244211457,1.0,0.9991140691025464,0.9980531567544233,1.0,0.999197041168614,0.9982638725786614,1.0,0.9991709338246721,0.9984152597877909,1.0,0.9976357719386755,0.9979533586203075,1.0,0.9481579675176874,0.7080534192075305,1.0,1.0,1.0,1.0
0.9985742455301363,0.9972207923833025,0.983248720573215,0.9985069543987635,0.997007289274805,0.9833646812957184,0.9993760486682675,0.9980084017371667,0.9831459353574914,0.9985891746363507,0.9978805717193637,0.9835393374741841,0.9984745951808947,0.9983346797769173,0.9836840521564909,0.9979358315478493,0.9980198697142981,0.9834081419624425,0.948121727686285,0.7081743221963706,0.98341048466866,1.0,1.0,0.9834785276073816
0.9985527909484375,0.997545997581966,1.0,0.9982241223067518,0.9971184244211457,1.0,0.9991140691025464,0.9980531567544233,1.0,0.999197041168614,0.9982638725786614,1.0,0.9991709338246721,0.9984152597877909,1.0,0.9976357719386755,0.9979533586203075,1.0,0.9481579675176874,0.7080534192075305,1.0,1.0,1.0,1.0
0.9985527909484375,0.9975479927058899,1.0,0.9982241223067518,0.9971184244211457,1.0,0.9991140691025464,0.9980531567544233,1.0,0.999197041168614,0.9982638725786614,1.0,0.9991709338246721,0.9984152597877909,1.0,0.9976357719386755,0.9979533586203075,1.0,0.9481579675176874,0.7080534192075305,1.0,1.0,1.0,1.0
0.0,0.0,0.0,0.0,0.0,0.0,0.0,0.0,0.0,0.0,0.0,0.0,0.0,0.0,0.0,0.0,0.0,0.0,0.0,0.0,0.0,0.0,0.0,0.0
0.9985527909484375,0.997545997581966,1.0,0.9982241223067518,0.9971184244211457,1.0,0.9991140691025464,0.9980531567544233,1.0,0.999197041168614,0.9982638725786614,1.0,0.9991709338246721,0.9984152597877909,1.0,0.9976357719386755,0.9979533586203075,1.0,0.9481579675176874,0.7080534192075305,1.0,1.0,1.0,1.0
0.9985527909484375,0.997545997581966,1.0,0.9982241223067518,0.9971184244211457,1.0,0.9991140691025464,0.9980531567544233,1.0,0.999197041168614,0.9982638725786614,1.0,0.9991709338246721,0.9984152597877909,1.0,0.9976357719386755,0.9979533586203075,1.0,0.9481579675176874,0.7080534192075305,1.0,1.0,1.0,1.0
0.9985527909484375,0.997545997581966,1.0,0.9982241223067518,0.9971184244211457,1.0,0.9991140691025464,0.9980531567544233,1.0,0.999197041168614,0.9982638725786614,1.0,0.9991709338246721,0.9984152597877909,1.0,0.9976357719386755,0.9979533586203075,1.0,0.9481579675176874,0.7080534192075305,1.0,1.0,1.0,1.0
0.996793515255149,0.9974262901469473,0.5784554759467824,0.9975372443690276,0.997166053769476,0.5781149425287637,0.9975821885893055,0.9992615422169848,0.5783888344759873,0.9985234593356154,0.9961538389271141,0.5777173913043612,0.9978032631735942,0.9980226905042997,0.5792647943831639,0.9995126548630537,0.9998897816155363,0.5789081419624367,0.9479576947652362,0.7077262699436346,0.5783521266073848,1.0,1.0,0.5784764826175532
0.9985527909484375,0.997545997581966,1.0,0.9982241223067518,0.9971184244211457,1.0,0.9991140691025464,0.9980531567544233,1.0,0.999197041168614,0.9982638725786614,1.0,0.9991709338246721,0.9984152597877909,1.0,0.9976357719386755,0.9979533586203075,1.0,0.9481579675176874,0.7080534192075305,1.0,1.0,1.0,1.0
0.9985527909484517,0.9975479927058899,1.0,0.9982241223067518,0.9971184244211457,1.0,0.9991140691025464,0.9980531567544233,1.0,0.999197041168614,0.9982638725786614,1.0,0.9991709338246721,0.9984152597877909,1.0,0.9976357719386755,0.9979533586203075,1.0,0.9481579675176874,0.7080534192075305,1.0,1.0,1.0,1.0
0.9985527909484375,0.997545997581966,1.0,0.9982241223067518,0.9971184244211457,1.0,0.9991140691025464,0.9980531567544233,1.0,0.999197041168614,0.9982638725786614,1.0,0.9991709338246721,0.9984152597877909,1.0,0.9976357719386755,0.9979533586203075,1.0,0.9481579675176874,0.7080534192075305,1.0,1.0,1.0,1.0
0.9988082955115516,0.9973245388272431,0.9975609007167776,0.9982702989747736,0.9968187564373352,0.997624869383813,0.9994700413368207,0.9982769318401239,0.9975239960826201,0.999045074535573,0.9980534328912682,0.9975414078677431,0.9990920667407437,0.9987045213650276,0.9975566700103258,0.9976216751784364,0.9980350722499765,0.9976002087685458,0.9481503380795147,0.7080605311481207,0.9976211671616184,1.0,1.0,0.9975654396730533
0.9985527909484375,0.997545997581966,1.0,0.9982241223067518,0.9971184244211457,1.0,0.9991140691025464,0.9980531567544233,1.0,0.999197041168614,0.9982638725786614,1.0,0.9991709338246721,0.9984152597877909,1.0,0.9976357719386755,0.9979533586203075,1.0,0.9481579675176874,0.7080534192075305,1.0,1.0,1.0,1.0
0.9985527909484375,0.997545997581966,1.0,0.9982241223067518,0.9971184244211457,1.0,0.9991140691025464,0.9980531567544233,1.0,0.999197041168614,0.9982638725786614,1.0,0.9991709338246721,0.9984152597877909,1.0,0.9976357719386755,0.9979533586203075,1.0,0.9481579675176874,0.7080534192075305,1.0,1.0,1.0,1.0
0.9985527909484375,0.997545997581966,1.0,0.9982241223067518,0.9971184244211457,1.0,0.9991140691025464,0.9980531567544233,1.0,0.999197041168614,0.9982638725786614,1.0,0.9991709338246721,0.9984152597877909,1.0,0.9976357719386755,0.9979533586203075,1.0,0.9481579675176874,0.7080534192075305,1.0,1.0,1.0,1.0
0.9985527909484375,0.997545997581966,1.0,0.9982241223067518,0.9971184244211457,1.0,0.9991140691025464,0.9980531567544233,1.0,0.999197041168614,0.9982638725786614,1.0,0.9991709338246721,0.9984152597877909,1.0,0.9976357719386755,0.9979533586203075,1.0,0.9481579675176874,0.7080534192075305,1.0,1.0,1.0,1.0
0.9985527909484375,0.997545997581966,1.0,0.9982241223067518,0.9971184244211457,1.0,0.9991140691025464,0.9980531567544233,1.0,0.999197041168614,0.9982638725786614,1.0,0.9991709338246721,0.9984152597877909,1.0,0.9976357719386755,0.9979533586203075,1.0,0.9481579675176874,0.7080534192075305,1.0,1.0,1.0,1.0
0.9985527909484375,0.997545997581966,1.0,0.9982241223067518,0.9971184244211457,1.0,0.9991140691025464,0.9980531567544233,1.0,0.999197041168614,0.9982638725786614,1.0,0.9991709338246721,0.9984152597877909,1.0,0.9976357719386755,0.9979533586203075,1.0,0.9481579675176874,0.7080534192075305,1.0,1.0,1.0,1.0
0.9985644934476312,0.997629792786455,0.999930399181217,0.9982779950862692,0.9970648414041818,1.0,0.9991320676986959,0.9980043330993169,1.0,0.9991990947717682,0.9982901775395732,1.0,0.9991978640484547,0.9984235244042878,1.0,0.9976357719386613,0.9979362557675415,1.0,0.9481751337536224,0.7080534192075589,0.9999287833828348,1.0,1.0,0.9999294478528142
0.9985527909484375,0.997545997581966,1.0,0.9982241223067518,0.9971184244211457,1.0,0.9991140691025464,0.9980531567544233,1.0,0.999197041168614,0.9982638725786614,1.0,0.9991709338246721,0.9984152597877909,1.0,0.9976357719386755,0.9979533586203075,1.0,0.9481579675176874,0.7080534192075305,1.0,1.0,1.0,1.0
0.9985547413649414,0.9975539780776614,1.0,0.9982241223067518,0.9971184244211457,1.0,0.9991140691025464,0.9980531567544233,1.0,0.999197041168614,0.9982638725786614,1.0,0.9991709338246721,0.9984152597877909,1.0,0.9976357719386755,0.9979533586203075,1.0,0.9481579675176874,0.7080534192075305,1.0,1.0,1.0,1.0
0.9985527909484375,0.9975479927058899,1.0,0.9982241223067518,0.9971184244211457,1.0,0.9991140691025464,0.9980531567544233,1.0,0.999197041168614,0.9982638725786614,1.0,0.9991709338246721,0.9984152597877909,1.0,0.9976357719386755,0.9979533586203075,1.0,0.9481579675176874,0.7080534192075305,1.0,1.0,1.0,1.0
0.9985527909484375,0.997545997581966,1.0,0.9982241223067518,0.9971184244211457,1.0,0.9991140691025464,0.9980531567544233,1.0,0.999197041168614,0.9982638725786614,1.0,0.9991709338246721,0.9984152597877909,1.0,0.9976357719386755,0.9979533586203075,1.0,0.9481579675176874,0.7080534192075305,1.0,1.0,1.0,1.0
0.9971933506401882,0.9967499431390081,0.6817686796315385,0.9976353697887106,0.9978070654168789,1.0,0.9980461524001214,0.9982036963575069,1.0,0.9986651579529138,0.9996148202148589,1.0,0.9985707745516379,0.998481376719667,1.0,0.9991139179327604,0.9988351056957328,1.0,0.9474827622381241,0.7074588609800117,0.6817131552918028,1.0,1.0,0.6817842535787122
0.9985527909484375,0.997545997581966,1.0,0.9982241223067518,0.9971184244211457,1.0,0.9991140691025464,0.9980531567544233,1.0,0.999197041168614,0.9982638725786614,1.0,0.9991709338246721,0.9984152597877909,1.0,0.9976357719386755,0.9979533586203075,1.0,0.9481579675176874,0.7080534192075305,1.0,1.0,1.0,1.0
0.9985527909484375,0.997545997581966,1.0,0.9982241223067518,0.9971184244211457,1.0,0.9991140691025464,0.9980531567544233,1.0,0.999197041168614,0.9982638725786614,1.0,0.9991709338246721,0.9984152597877909,1.0,0.9976357719386755,0.9979533586203075,1.0,0.9481579675176874,0.7080534192075305,1.0,1.0,1.0,1.0
0.9985508405319052,0.997545997581966,1.0,0.9982241223067518,0.9971184244211457,1.0,0.9991140691025464,0.9980531567544233,1.0,0.999197041168614,0.9982638725786614,1.0,0.9991709338246721,0.9984152597877909,1.0,0.9976357719386755,0.9979533586203075,1.0,0.9481579675176874,0.7080534192075305,1.0,1.0,1.0,1.0
0.9985527909484375,0.997545997581966,1.0,0.9982241223067518,0.9971184244211457,1.0,0.9991140691025464,0.9980531567544233,1.0,0.999197041168614,0.9982638725786614,1.0,0.9991709338246721,0.9984152597877909,1.0,0.9976357719386755,0.9979533586203075,1.0,0.9481579675176874,0.7080534192075305,1.0,1.0,1.0,1.0
0.9985527909484375,0.997545997581966,1.0,0.9982241223067518,0.9971184244211457,1.0,0.9991140691025464,0.9980531567544233,1.0,0.999197041168614,0.9982638725786614,1.0,0.9991709338246721,0.9984152597877909,1.0,0.9976357719386755,0.9979533586203075,1.0,0.9481579675176874,0.7080534192075305,1.0,1.0,1.0,1.0
0.9985527909484375,0.997545997581966,1.0,0.9982241223067518,0.9971184244211457,1.0,0.9991140691025464,0.9980531567544233,1.0,0.999197041168614,0.9982638725786614,1.0,0.9991709338246721,0.9984152597877909,1.0,0.9976357719386755,0.9979533586203075,1.0,0.9481579675176874,0.7080534192075305,1.0,1.0,1.0,1.0
0.0,0.0,0.0,0.0,0.0,0.0,0.0,0.0,0.0,0.0,0.0,0.0,0.0,0.0,0.0,0.0,0.0,0.0,0.0,0.0,0.0,0.0,0.0,0.0
0.9985527909484375,0.997545997581966,1.0,0.9982241223067518,0.9971184244211457,1.0,0.9991140691025464,0.9980531567544233,1.0,0.999197041168614,0.9982638725786614,1.0,0.9991709338246721,0.9984152597877909,1.0,0.9976357719386755,0.9979533586203075,1.0,0.9481579675176874,0.7080534192075305,1.0,1.0,1.0,1.0
0.9985527909484375,0.997545997581966,1.0,0.9982241223067518,0.9971184244211457,1.0,0.9991140691025464,0.9980531567544233,1.0,0.999197041168614,0.9982638725786614,1.0,0.9991709338246721,0.9984152597877909,1.0,0.9976357719386755,0.9979533586203075,1.0,0.9481579675176874,0.7080534192075305,1.0,1.0,1.0,1.0
0.9985722951135756,0.9975739293168289,1.0,0.9982241223067518,0.9971184244211457,1.0,0.9991140691025464,0.9980531567544233,1.0,0.999197041168614,0.9982638725786614,1.0,0.9991709338246721,0.9984152597877909,1.0,0.9976357719386755,0.9979533586203075,1.0,0.9481579675176874,0.7080534192075305,1.0,1.0,1.0,1.0
0.9967486556754892,0.9961713572028259,0.7878229273284845,0.9994997527624747,0.9975331966634826,0.7873751306164678,0.9964942734466717,0.9979310976166147,0.7875964740449888,0.9986651579529138,0.9968922567588692,0.7874327122152849,0.9994017643143565,0.9993305660640743,0.7886529588766464,0.9978250712895118,0.998369528037216,0.7880260960333914,0.9479386211697829,0.7080391953264922,0.7873758654796603,1.0,1.0,0.787633946830212
0.9985527909484375,0.997545997581966,1.0,0.9982241223067518,0.9971184244211457,1.0,0.9991140691025464,0.9980531567544233,1.0,0.999197041168614,0.9982638725786614,1.0,0.9991709338246721,0.9984152597877909,1.0,0.9976357719386755,0.9979533586203075,1.0,0.9481579675176874,0.7080534192075305,1.0,1.0,1.0,1.0
0.9985527909484375,0.997545997581966,1.0,0.9982241223067518,0.9971184244211457,1.0,0.9991140691025464,0.9980531567544233,1.0,0.999197041168614,0.9982638725786614,1.0,0.9991709338246721,0.9984152597877909,1.0,0.9976357719386755,0.9979533586203075,1.0,0.9481579675176874,0.7080534192075305,1.0,1.0,1.0,1.0
0.9969358956605419,0.9964566599231546,0.9572988741043957,0.9988301910752426,0.9973605402755794,0.9576802507837172,0.9988000935929193,0.9971702623253407,0.957242899118512,0.9990019488692923,0.9978655403131995,0.9576977225672394,0.9984669008312466,0.998656999820156,0.958122367101339,0.9976982004479709,0.9978089345303829,0.9577317327765869,0.9482552428545432,0.7081458744343507,0.9577171117705632,1.0,1.0,0.9579744376278256
0.9985527909484375,0.997545997581966,1.0,0.9982241223067518,0.9971184244211457,1.0,0.9991140691025464,0.9980531567544233,1.0,0.999197041168614,0.9982638725786614,1.0,0.9991709338246721,0.9984152597877909,1.0,0.9976357719386755,0.9979533586203075,1.0,0.9481579675176874,0.7080534192075305,1.0,1.0,1.0,1.0
0.9985527909484375,0.997545997581966,1.0,0.9982241223067518,0.9971184244211457,1.0,0.9991140691025464,0.9980531567544233,1.0,0.999197041168614,0.9982638725786614,1.0,0.9991709338246721,0.9984152597877909,1.0,0.9976357719386755,0.9979533586203075,1.0,0.9481579675176874,0.7080534192075305,1.0,1.0,1.0,1.0
0.9985157330347505,0.9976477489017412,0.9999805527123939,0.998254906752166,0.9971045325278425,1.0,0.9991280680106058,0.9980368822027685,1.0,0.9991929339623056,0.9982695093560352,1.0,0.9991632394750525,0.9984276567125505,1.0,0.9976337581158106,0.9979590595712153,1.0,0.9481598748772626,0.7080576863718449,0.9999831849653873,1.0,1.0,0.9999805725971456
0.9985527909484375,0.997545997581966,1.0,0.9982241223067518,0.9971184244211457,1.0,0.9991140691025464,0.9980531567544233,1.0,0.999197041168614,0.9982638725786614,1.0,0.9991709338246721,0.9984152597877909,1.0,0.9976357719386755,0.9979533586203075,1.0,0.9481579675176874,0.7080534192075305,1.0,1.0,1.0,1.0
0.998958477582903,0.9971768996572905,0.9956990788127911,0.9983107035592127,0.9965825942515494,0.9957272727273434,0.9992440589633844,0.9980409508407462,0.9956229187072623,0.9991333794710044,0.9979876704888255,0.9957670807454448,0.9990535949923469,0.9984648474866589,0.9957602808426387,0.9975713296065294,0.9980616766876977,0.9957400835074068,0.9481522454389903,0.7080235490573727,0.9957220573690364,1.0,1.0,0.995745398773046
0.9985527909484375,0.997545997581966,1.0,0.9982241223067518,0.9971184244211457,1.0,0.9991140691025464,0.9980531567544233,1.0,0.999197041168614,0.9982638725786614,1.0,0.9991709338246721,0.9984152597877909,1.0,0.9976357719386755,0.9979533586203075,1.0,0.9481579675176874,0.7080534192075305,1.0,1.0,1.0,1.0
0.9967564573414052,0.998314120290118,0.7360266120778789,0.9992130726149071,0.9974101541803151,0.7356792058517954,0.9972782122994204,0.9989869091573951,0.7362242899119522,0.9987986421574959,0.9969166827939944,0.7355993788820427,0.999084372391053,0.9981342628270369,0.7368124373120111,0.9978613201012223,0.9991695614829439,0.7363340292275922,0.9477269042601364,0.7079552744283575,0.7359010880316958,1.0,1.0,0.7358742331289321
0.9985527909484375,0.997545997581966,1.0,0.9982241223067518,0.9971184244211457,1.0,0.9991140691025464,0.9980531567544233,1.0,0.999197041168614,0.9982638725786614,1.0,0.9991709338246721,0.9984152597877909,1.0,0.9976357719386755,0.9979533586203075,1.0,0.9481579675176874,0.7080534192075305,1.0,1.0,1.0,1.0
0.9985547413649414,0.9975539780776614,1.0,0.9982241223067518,0.9971184244211457,1.0,0.9991140691025464,0.9980531567544233,1.0,0.999197041168614,0.9982638725786614,1.0,0.9991709338246721,0.9984152597877909,1.0,0.9976357719386755,0.9979533586203075,1.0,0.9481579675176874,0.7080534192075305,1.0,1.0,1.0,1.0
0.9982972863855224,0.9976258025386358,0.9996734902765851,0.9982645268913046,0.9968862313475881,0.999680250783932,0.9991880633311183,0.997973818314847,0.9996640548484166,0.9992278452159553,0.9983164825005275,0.9996894409939969,0.9992478773211957,0.9984669136407689,0.9996700100303002,0.9975793848980459,0.9979001497450781,0.9996691022966715,0.9481903926300106,0.7080491520431877,0.9996755687440526,1.0,1.0,0.9996646216771197
0.9985527909484375,0.997545997581966,1.0,0.9982241223067518,0.9971184244211457,1.0,0.9991140691025464,0.9980531567544233,1.0,0.999197041168614,0.9982638725786614,1.0,0.9991709338246721,0.9984152597877909,1.0,0.9976357719386755,0.9979533586203075,1.0,0.9481579675176874,0.7080534192075305,1.0,1.0,1.0,1.0
0.9985527909484375,0.997545997581966,1.0,0.9982241223067518,0.9971184244211457,1.0,0.9991140691025464,0.9980531567544233,1.0,0.999197041168614,0.9982638725786614,1.0,0.9991709338246721,0.9984152597877909,1.0,0.9976357719386755,0.9979533586203075,1.0,0.9481579675176874,0.7080534192075305,1.0,1.0,1.0,1.0
0.9985527909484375,0.997545997581966,1.0,0.9982241223067518,0.9971184244211457,1.0,0.9991140691025464,0.9980531567544233,1.0,0.999197041168614,0.9982638725786614,1.0,0.9991709338246721,0.9984152597877909,1.0,0.9976357719386755,0.9979533586203075,1.0,0.9481579675176874,0.7080534192075305,1.0,1.0,1.0,1.0
0.9985527909484375,0.997545997581966,1.0,0.9982241223067518,0.9971184244211457,1.0,0.9991140691025464,0.9980531567544233,1.0,0.999197041168614,0.9982638725786614,1.0,0.9991709338246721,0.9984152597877909,1.0,0.9976357719386755,0.9979533586203075,1.0,0.9481579675176874,0.7080534192075305,1.0,1.0,1.0,1.0
0.9985527909484375,0.997545997581966,1.0,0.9982241223067518,0.9971184244211457,1.0,0.9991140691025464,0.9980531567544233,1.0,0.999197041168614,0.9982638725786614,1.0,0.9991709338246721,0.9984152597877909,1.0,0.9976357719386755,0.9979533586203075,1.0,0.9481579675176874,0.7080534192075305,1.0,1.0,1.0,1.0
0.9963917294537197,0.997699622123605,0.5001258955987851,0.9992111485872499,0.9975689186747445,1.0,0.9990500740942139,0.9974652385747618,1.0,0.9980922026741581,0.99914508876968,1.0,0.997395462641876,0.9986342721246473,1.0,0.9994683507596136,0.9991600598980028,1.0,0.9478852151025308,0.7076864430766392,0.4995074183977053,1.0,1.0,0.49997955010226747
0.9985527909484375,0.997545997581966,1.0,0.9982241223067518,0.9971184244211457,1.0,0.9991140691025464,0.9980531567544233,1.0,0.999197041168614,0.9982638725786614,1.0,0.9991709338246721,0.9984152597877909,1.0,0.9976357719386755,0.9979533586203075,1.0,0.9481579675176874,0.7080534192075305,1.0,1.0,1.0,1.0
0.9985527909484375,0.997545997581966,1.0,0.9982241223067518,0.9971184244211457,1.0,0.9991140691025464,0.9980531567544233,1.0,0.999197041168614,0.9982638725786614,1.0,0.9991709338246721,0.9984152597877909,1.0,0.9976357719386755,0.9979533586203075,1.0,0.9481579675176874,0.7080534192075305,1.0,1.0,1.0,1.0
0.9985644934474465,0.9975679439450431,1.0,0.9982260463345938,0.9971184244211457,1.0,0.9991140691025464,0.9980531567544233,1.0,0.9991990947717682,0.9982638725786614,1.0,0.9991709338247006,0.9984152597877909,1.0,0.9976357719386755,0.9979533586203075,1.0,0.9481579675176874,0.7080534192075305,0.9999990108803161,1.0,1.0,0.9999989775051148
0.9985742455300795,0.9975479927059041,1.0,0.9982241223067518,0.9971184244211457,1.0,0.9991140691025464,0.9980531567544233,1.0,0.999197041168614,0.9982638725786614,1.0,0.9991709338246721,0.9984152597877909,1.0,0.9976357719386755,0.9979533586203075,1.0,0.9481579675176874,0.7080534192075305,1.0,1.0,1.0,1.0
0.9985527909484375,0.997545997581966,1.0,0.9982241223067518,0.9971184244211457,1.0,0.9991140691025464,0.9980531567544233,1.0,0.999197041168614,0.9982638725786614,1.0,0.9991709338246721,0.9984152597877909,1.0,0.9976357719386755,0.9979533586203075,1.0,0.9481579675176874,0.7080534192075305,1.0,1.0,1.0,1.0
0.9985527909484375,0.997545997581966,1.0,0.9982241223067518,0.9971184244211457,1.0,0.9991140691025464,0.9980531567544233,1.0,0.999197041168614,0.9982638725786614,1.0,0.9991709338246721,0.9984152597877909,1.0,0.9976357719386755,0.9979533586203075,1.0,0.9481579675176874,0.7080534192075305,1.0,1.0,1.0,1.0
0.9985547413649414,0.9975539780776614,1.0,0.9982241223067518,0.9971184244211457,1.0,0.9991140691025464,0.9980531567544233,1.0,0.999197041168614,0.9982638725786614,1.0,0.9991709338246721,0.9984152597877909,1.0,0.9976357719386755,0.9979533586203075,1.0,0.9481579675176874,0.7080534192075305,1.0,1.0,1.0,1.0
0.0,0.0,0.0,0.0,0.0,0.0,0.0,0.0,0.0,0.0,0.0,0.0,0.0,0.0,0.0,0.0,0.0,0.0,0.0,0.0,0.0,0.0,0.0,0.0
0.9985527909484375,0.997545997581966,1.0,0.9982241223067518,0.9971184244211457,1.0,0.9991140691025464,0.9980531567544233,1.0,0.999197041168614,0.9982638725786614,1.0,0.9991709338246721,0.9984152597877909,1.0,0.9976357719386755,0.9979533586203075,1.0,0.9481579675176874,0.7080534192075305,1.0,1.0,1.0,1.0
0.9985527909484375,0.997545997581966,1.0,0.9982241223067518,0.9971184244211457,1.0,0.9991140691025464,0.9980531567544233,1.0,0.999197041168614,0.9982638725786614,1.0,0.9991709338246721,0.9984152597877909,1.0,0.9976357719386755,0.9979533586203075,1.0,0.9481579675176874,0.7080534192075305,1.0,1.0,1.0,1.0
0.9985527909484375,0.997545997581966,1.0,0.9982241223067518,0.9971184244211457,1.0,0.9991140691025464,0.9980531567544233,1.0,0.999197041168614,0.9982638725786614,1.0,0.9991709338246721,0.9984152597877909,1.0,0.9976357719386755,0.9979533586203075,1.0,0.9481579675176874,0.7080534192075305,1.0,1.0,1.0,1.0
0.9985800967796337,0.9975978708037871,0.9999877175025702,0.9982414385572582,0.9971104861963767,1.0,0.999126068166575,0.9980531567544375,1.0,0.999197041168614,0.998265751504448,1.0,0.9991632394750383,0.9984214582501636,1.0,0.9976297304700381,0.9979571592542555,1.0,0.9481598748772626,0.70805484159564,0.9999881305638141,1.0,1.0,0.9999907975460189
0.9985527909484375,0.997545997581966,1.0,0.9982241223067518,0.9971184244211457,1.0,0.9991140691025464,0.9980531567544233,1.0,0.999197041168614,0.9982638725786614,1.0,0.9991709338246721,0.9984152597877909,1.0,0.9976357719386755,0.9979533586203075,1.0,0.9481579675176874,0.7080534192075305,1.0,1.0,1.0,1.0
0.9985527909484375,0.997545997581966,1.0,0.9982241223067518,0.9971184244211457,1.0,0.9991140691025464,0.9980531567544233,1.0,0.999197041168614,0.9982638725786614,1.0,0.9991709338246721,0.9984152597877909,1.0,0.9976357719386755,0.9979533586203075,1.0,0.9481579675176874,0.7080534192075305,1.0,1.0,1.0,1.0
0.9985527909484375,0.997545997581966,1.0,0.9982241223067518,0.9971184244211457,1.0,0.9991140691025464,0.9980531567544233,1.0,0.999197041168614,0.9982638725786614,1.0,0.9991709338246721,0.9984152597877909,1.0,0.9976357719386755,0.9979533586203075,1.0,0.9481579675176874,0.7080534192075305,1.0,1.0,1.0,1.0
0.9949893799820302,0.9968636652022838,0.7783572159671834,0.9994478040109129,0.9987616369412962,0.7778453500521536,0.9968662444329652,0.9970258256791595,0.7780714985307071,0.9986323003024751,0.9977828675787066,0.7779720496893745,0.9993209736428668,0.9991673398883876,0.7791544633901211,0.9981392276587115,0.9986583762171364,0.7785386221293464,0.9479367138102646,0.7081487192106266,0.7778496538079906,1.0,1.0,0.7780910020449312
0.0,0.0,0.0,0.0,0.0,0.0,0.0,0.0,0.0,0.0,0.0,0.0,0.0,0.0,0.0,0.0,0.0,0.0,0.0,0.0,0.0,0.0,0.0,0.0
0.9986873696878007,0.9978672125325261,0.9987932446268104,0.9985319667605808,0.9968286792181971,0.9988244514110889,0.9993200530358166,0.9981141863231784,0.9987737512247463,0.9992114163906933,0.9982150205084821,0.9987971014496893,0.9991709338247148,0.9986012136588158,0.9987933801408602,0.9975834125437615,0.9979229535486809,0.9988235908145953,0.9481865779108887,0.7080491520432304,0.9988318496542661,1.0,1.0,0.9987638036814133
0.0,0.0,0.0,0.0,0.0,0.0,0.0,0.0,0.0,0.0,0.0,0.0,0.0,0.0,0.0,0.0,0.0,0.0,0.0,0.0,0.0,0.0,0.0,0.0
0.9960231007332823,0.9973704266771364,0.6898474923234588,0.9987012812102449,0.9979499534622533,0.6895350052247053,0.9976781811020317,0.9994324250099851,0.6900264446621378,0.9974904969513858,0.9983916395318175,0.6892236024844962,0.998232223166795,0.9985185674938464,0.6909538615848305,0.9989729503311082,0.9990650440492885,0.6904279749478235,0.9475552419008579,0.707561272923499,0.6898506429278513,1.0,1.0,0.6897310838445705
0.9985371876163356,0.9976198171668926,0.999969293756422,0.9982529827242956,0.9971045325278141,1.0,0.9991360673867291,0.9980328135648193,1.0,0.9992052555812307,0.9982751461333663,1.0,0.9991613158876618,0.9984235244042736,1.0,0.9976317442929172,0.9979514583033193,1.0,0.9481560601581549,0.7080534192075305,0.9999782393669747,1.0,1.0,0.9999744376278201
0.0,0.0,0.0,0.0,0.0,0.0,0.0,0.0,0.0,0.0,0.0,0.0,0.0,0.0,0.0,0.0,0.0,0.0,0.0,0.0,0.0,0.0,0.0,0.0
0.9985469396988407,0.9975420073341326,1.0,0.9982279703624215,0.9971184244211457,1.0,0.999116068946563,0.9980551910733766,1.0,0.9991990947717682,0.9982676304302345,1.0,0.9991670866498481,0.9984131936336667,1.0,0.9976357719386755,0.9979533586203075,1.0,0.9481579675176874,0.7080534192075305,0.9999990108803161,1.0,1.0,0.9999989775051148
0.9985527909484375,0.997545997581966,1.0,0.9982241223067518,0.9971184244211457,1.0,0.9991140691025464,0.9980531567544233,1.0,0.999197041168614,0.9982638725786614,1.0,0.9991709338246721,0.9984152597877909,1.0,0.9976357719386755,0.9979533586203075,1.0,0.9481579675176874,0.7080534192075305,1.0,1.0,1.0,1.0
0.9985527909484375,0.997545997581966,1.0,0.9982241223067518,0.9971184244211457,1.0,0.9991140691025464,0.9980531567544233,1.0,0.999197041168614,0.9982638725786614,1.0,0.9991709338246721,0.9984152597877909,1.0,0.9976357719386755,0.9979533586203075,1.0,0.9481579675176874,0.7080534192075305,1.0,1.0,1.0,1.0
0.9971172843960119,0.9969873628850507,0.5139488229273184,0.9970889458827799,0.9979618607991085,0.5137993730407047,0.9980441525560622,0.9989909777953727,0.5146474045054035,0.9978621991216556,0.9987880928715498,0.513742236024811,0.9976262931316171,0.9989793198632526,0.5153771313942599,0.9997422306714299,0.9993025836709108,0.5145897703548954,0.9480339891471914,0.7075299803852317,0.5140217606330424,1.0,1.0,0.51450511247441
0.9985527909484375,0.997545997581966,1.0,0.9982241223067518,0.9971184244211457,1.0,0.9991140691025464,0.9980531567544233,1.0,0.999197041168614,0.9982638725786614,1.0,0.9991709338246721,0.9984152597877909,1.0,0.9976357719386755,0.9979533586203075,1.0,0.9481579675176874,0.7080534192075305,1.0,1.0,1.0,1.0
0.9970997306474914,0.9974961194838983,0.592455475946835,0.9980144032723786,0.997975752692625,0.5921880877742964,0.9967382544161865,1.0,0.5923623898139141,0.9985912282395333,0.9965202294543474,0.5916770186335256,0.9975108778867252,0.998156990522375,0.593283851554709,0.9987534436372272,0.9997833638651201,0.5928716075157183,0.9480015640349109,0.7077803206916116,0.5923719090009882,1.0,1.0,0.5924233128834544
0.9985527909484375,0.997545997581966,1.0,0.9982241223067518,0.9971184244211457,1.0,0.9991140691025464,0.9980531567544233,1.0,0.999197041168614,0.9982638725786614,1.0,0.9991709338246721,0.9984152597877909,1.0,0.9976357719386755,0.9979533586203075,1.0,0.9481579675176874,0.7080534192075305,1.0,1.0,1.0,1.0
0.9985527909484375,0.997545997581966,1.0,0.9982241223067518,0.9971184244211457,1.0,0.9991140691025464,0.9980531567544233,1.0,0.999197041168614,0.9982638725786614,1.0,0.9991709338246721,0.9984152597877909,1.0,0.9976357719386755,0.9979533586203075,1.0,0.9481579675176874,0.7080534192075305,1.0,1.0,1.0,1.0
0.9985527909484375,0.997545997581966,1.0,0.9982241223067518,0.9971184244211457,1.0,0.9991140691025464,0.9980531567544233,1.0,0.999197041168614,0.9982638725786614,1.0,0.9991709338246721,0.9984152597877909,1.0,0.9976357719386755,0.9979533586203075,1.0,0.9481579675176874,0.7080534192075305,1.0,1.0,1.0,1.0
0.9985527909484375,0.997545997581966,1.0,0.9982241223067518,0.9971184244211457,1.0,0.9991140691025464,0.9980531567544233,1.0,0.999197041168614,0.9982638725786614,1.0,0.9991709338246721,0.9984152597877909,1.0,0.9976357719386755,0.9979533586203075,1.0,0.9481579675176874,0.7080534192075305,1.0,1.0,1.0,1.0
0.9985527909484375,0.997545997581966,1.0,0.9982241223067518,0.9971184244211457,1.0,0.9991140691025464,0.9980531567544233,1.0,0.999197041168614,0.9982638725786614,1.0,0.9991709338246721,0.9984152597877909,1.0,0.9976357719386755,0.9979533586203075,1.0,0.9481579675176874,0.7080534192075305,1.0,1.0,1.0,1.0
0.9985527909484375,0.997545997581966,1.0,0.9982241223067518,0.9971184244211457,1.0,0.9991140691025464,0.9980531567544233,1.0,0.999197041168614,0.9982638725786614,1.0,0.9991709338246721,0.9984152597877909,1.0,0.9976357719386755,0.9979533586203075,1.0,0.9481579675176874,0.7080534192075305,1.0,1.0,1.0,1.0
0.9985625430309994,0.9975559732015853,0.9999959058341901,0.9982337424459189,0.9971124707525973,0.9999958202716925,0.999120068634582,0.9980551910733766,0.9999970617042138,0.9991990947717682,0.998265751504448,0.9999989648033107,0.9991613158876191,0.9984152597877909,0.9999979939819426,0.9976357719386755,0.9979552589372673,0.9999958246346594,0.9481579675176874,0.7080534192075305,0.9999970326409553,1.0,1.0,0.9999979550102296
0.0,0.0,0.0,0.0,0.0,0.0,0.0,0.0,0.0,0.0,0.0,0.0,0.0,0.0,0.0,0.0,0.0,0.0,0.0,0.0,0.0,0.0,0.0,0.0
0.9985566917814168,0.997569939068967,1.0,0.9982260463345938,0.9971184244211457,1.0,0.9991140691025464,0.9980531567544233,1.0,0.999197041168614,0.9982638725786614,1.0,0.9991709338247006,0.9984152597877909,1.0,0.9976357719386755,0.9979533586203075,1.0,0.9481579675176874,0.7080534192075305,0.9999990108803161,1.0,1.0,0.9999989775051148
0.9985527909484375,0.997545997581966,1.0,0.9982241223067518,0.9971184244211457,1.0,0.9991140691025464,0.9980531567544233,1.0,0.999197041168614,0.9982638725786614,1.0,0.9991709338246721,0.9984152597877909,1.0,0.9976357719386755,0.9979533586203075,1.0,0.9481579675176874,0.7080534192075305,1.0,1.0,1.0,1.0
0.9985605926146945,0.9976297927864266,0.9999099283521673,0.9983087795316408,0.9970370576175611,1.0,0.999140067074805,0.998010436056191,1.0,0.9991990947717682,0.9982695093559926,1.0,0.999186322524011,0.9984111274795566,1.0,0.997641813407327,0.9979438570354375,1.0,0.9481694116749821,0.7080548415956684,0.9999129574679202,1.0,1.0,0.9999100204499527
0.9985527909484375,0.997545997581966,1.0,0.9982241223067518,0.9971184244211457,1.0,0.9991140691025464,0.9980531567544233,1.0,0.999197041168614,0.9982638725786614,1.0,0.9991709338246721,0.9984152597877909,1.0,0.9976357719386755,0.9979533586203075,1.0,0.9481579675176874,0.7080534192075305,1.0,1.0,1.0,1.0
0.9978038310082269,0.9980667249242572,0.8484094165814327,0.9989552528848122,0.9974280151858039,0.8479676071055664,0.9980321534921757,0.9984885010120621,0.8482859941235148,0.9984741728600852,0.9972342212507641,0.8479513457557601,0.9982033693556787,0.9991570091176669,0.8493360080241459,0.9983003334891833,0.9984417400822565,0.8487286012526667,0.948331537236399,0.7083307848878491,0.8480553907022781,1.0,1.0,0.8480511247444014
0.996832523585482,0.9963529134795266,0.6858085977481565,0.9980220993839595,0.9976998993830364,1.0,0.9981461446006819,0.9982708288830651,1.0,0.9984577440349227,0.9989816222267791,1.0,0.9986861897963593,0.9984421197912638,1.0,0.9990535032462873,0.9988237037938177,1.0,0.9474789475190448,0.7074901535182789,0.6857932739861141,1.0,1.0,0.685780163599155
0.9985527909484375,0.997545997581966,1.0,0.9982241223067518,0.9971184244211457,1.0,0.9991140691025464,0.9980531567544233,1.0,0.999197041168614,0.9982638725786614,1.0,0.9991709338246721,0.9984152597877909,1.0,0.9976357719386755,0.9979533586203075,1.0,0.9481579675176874,0.7080534192075305,1.0,1.0,1.0,1.0
0.9985527909484375,0.997545997581966,1.0,0.9982241223067518,0.9971184244211457,1.0,0.9991140691025464,0.9980531567544233,1.0,0.999197041168614,0.9982638725786614,1.0,0.9991709338246721,0.9984152597877909,1.0,0.9976357719386755,0.9979533586203075,1.0,0.9481579675176874,0.7080534192075305,1.0,1.0,1.0,1.0
0.9985527909484375,0.997545997581966,1.0,0.9982241223067518,0.9971184244211457,1.0,0.9991140691025464,0.9980531567544233,1.0,0.999197041168614,0.9982638725786614,1.0,0.9991709338246721,0.9984152597877909,1.0,0.9976357719386755,0.9979533586203075,1.0,0.9481579675176874,0.7080534192075305,1.0,1.0,1.0,1.0
0.9985527909484375,0.997545997581966,1.0,0.9982241223067518,0.9971184244211457,1.0,0.9991140691025464,0.9980531567544233,1.0,0.999197041168614,0.9982638725786614,1.0,0.9991709338246721,0.9984152597877909,1.0,0.9976357719386755,0.9979533586203075,1.0,0.9481579675176874,0.7080534192075305,1.0,1.0,1.0,1.0
0.9985527909484375,0.997545997581966,1.0,0.9982241223067518,0.9971184244211457,1.0,0.9991140691025464,0.9980531567544233,1.0,0.999197041168614,0.9982638725786614,1.0,0.9991709338246721,0.9984152597877909,1.0,0.9976357719386755,0.9979533586203075,1.0,0.9481579675176874,0.7080534192075305,1.0,1.0,1.0,1.0
0.9985761959465833,0.997563953697238,1.0,0.9982241223067518,0.9971184244211457,1.0,0.9991140691025464,0.9980531567544233,1.0,0.999197041168614,0.9982638725786614,1.0,0.9991709338246721,0.9984152597877909,1.0,0.9976357719386755,0.9979533586203075,1.0,0.9481579675176874,0.7080534192075305,1.0,1.0,1.0,1.0
0.9985527909484375,0.997545997581966,1.0,0.9982241223067518,0.9971184244211457,1.0,0.9991140691025464,0.9980531567544233,1.0,0.999197041168614,0.9982638725786614,1.0,0.9991709338246721,0.9984152597877909,1.0,0.9976357719386755,0.9979533586203075,1.0,0.9481579675176874,0.7080534192075305,1.0,1.0,1.0,1.0
0.9985527909484375,0.997545997581966,1.0,0.9982241223067518,0.9971184244211457,1.0,0.9991140691025464,0.9980531567544233,1.0,0.999197041168614,0.9982638725786614,1.0,0.9991709338246721,0.9984152597877909,1.0,0.9976357719386755,0.9979533586203075,1.0,0.9481579675176874,0.7080534192075305,1.0,1.0,1.0,1.0
0.9985527909484375,0.997545997581966,1.0,0.9982241223067518,0.9971184244211457,1.0,0.9991140691025464,0.9980531567544233,1.0,0.999197041168614,0.9982638725786614,1.0,0.9991709338246721,0.9984152597877909,1.0,0.9976357719386755,0.9979533586203075,1.0,0.9481579675176874,0.7080534192075305,1.0,1.0,1.0,1.0
0.9987185763519477,0.9974921292361358,0.999450358239848,0.998266450919175,0.9969675981512012,0.9999947753396086,0.9991880633309336,0.9979758526338429,0.9999941234084275,0.9992257916127585,0.9982450833209384,0.9999968944099393,0.999238259384029,0.9985226998020948,0.9999939819458348,0.9976035507725527,0.9978963491111443,0.9999947807933225,0.9481922999896,0.708029238609754,0.9994688427303018,1.0,1.0,0.9994427402865966
0.9985527909484375,0.997545997581966,1.0,0.9982241223067518,0.9971184244211457,1.0,0.9991140691025464,0.9980531567544233,1.0,0.999197041168614,0.9982638725786614,1.0,0.9991709338246721,0.9984152597877909,1.0,0.9976357719386755,0.9979533586203075,1.0,0.9481579675176874,0.7080534192075305,1.0,1.0,1.0,1.0
0.9985527909484375,0.997545997581966,1.0,0.9982241223067518,0.9971184244211457,1.0,0.9991140691025464,0.9980531567544233,1.0,0.999197041168614,0.9982638725786614,1.0,0.9991709338246721,0.9984152597877909,1.0,0.9976357719386755,0.9979533586203075,1.0,0.9481579675176874,0.7080534192075305,1.0,1.0,1.0,1.0
0.9985527909484375,0.997545997581966,1.0,0.9982241223067518,0.9971184244211457,1.0,0.9991140691025464,0.9980531567544233,1.0,0.999197041168614,0.9982638725786614,1.0,0.9991709338246721,0.9984152597877909,1.0,0.9976357719386755,0.9979533586203075,1.0,0.9481579675176874,0.7080534192075305,1.0,1.0,1.0,1.0
0.9985527909484375,0.997545997581966,1.0,0.9982241223067518,0.9971184244211457,1.0,0.9991140691025464,0.9980531567544233,1.0,0.999197041168614,0.9982638725786614,1.0,0.9991709338246721,0.9984152597877909,1.0,0.9976357719386755,0.9979533586203075,1.0,0.9481579675176874,0.7080534192075305,1.0,1.0,1.0,1.0
0.99725966480149,0.9962132548052409,0.894487205731771,0.9983761205057959,0.9982158839907243,0.8944796238243811,0.9986741034198445,0.9977378373154693,0.8942389813906999,0.9990265921072847,0.9976964369929533,0.8942950310558331,0.9992709603701968,0.9987768367591912,0.8952076228685542,0.99782909893527,0.9987419901639498,0.8950626304801048,0.9485585130225331,0.7079993684596104,0.8943768545992938,1.0,1.0,0.8945654396727605
0.9985527909484375,0.997545997581966,1.0,0.9982241223067518,0.9971184244211457,1.0,0.9991140691025464,0.9980531567544233,1.0,0.999197041168614,0.9982638725786614,1.0,0.9991709338246721,0.9984152597877909,1.0,0.9976357719386755,0.9979533586203075,1.0,0.9481579675176874,0.7080534192075305,1.0,1.0,1.0,1.0
0.9975288222799179,0.9988408330041665,0.6072354145342871,0.9979335941032872,0.9972573433540077,0.6069362591431826,0.996708256756051,0.9994893859407483,0.6070558276199378,0.9982441693072417,0.9972304633993332,0.6062939958592608,0.9979359907051162,0.998659065974195,0.6082106318957443,0.9984010246332673,0.9999676946114704,0.6075041753653849,0.9478794930238479,0.7077319594960585,0.607190900098864,1.0,1.0,0.6072055214724301
0.9985547413649414,0.9975539780776614,1.0,0.9982241223067518,0.9971184244211457,1.0,0.9991140691025464,0.9980531567544233,1.0,0.999197041168614,0.9982638725786614,1.0,0.9991709338246721,0.9984152597877909,1.0,0.9976357719386755,0.9979533586203075,1.0,0.9481579675176874,0.7080534192075305,1.0,1.0,1.0,1.0
0.9985293859503201,0.9975440024579569,0.9999969293756408,0.9982356664737893,0.9971144553087754,1.0,0.999120068634582,0.9980551910733766,1.0,0.9991990947717682,0.9982713882817933,1.0,0.9991632394750525,0.9984193920960251,1.0,0.9976317442929172,0.9979571592542555,1.0,0.9481560601581549,0.7080534192075305,0.9999960435212785,1.0,1.0,0.9999969325153373
0.99869712177032,0.9967160260324022,0.9905056294781502,0.9981221488313565,0.9966699147234976,0.990642633229001,0.999000077993955,0.9979087201081853,0.9905112634672761,0.999141593883607,0.997850508906879,0.9906728778469116,0.9988381532019588,0.9983904659383285,0.9907331995989139,0.9977948639462255,0.9979647605221231,0.9906398747391236,0.9481560601581407,0.7081131595079597,0.9905786350149768,1.0,1.0,0.9906298568508589
0.9985371876163356,0.9975459975819945,1.0,0.9982241223067518,0.9971184244211457,0.9999989550679231,0.9991140691025464,0.9980531567544233,0.9999990205680689,0.999197041168614,0.9982638725786614,1.0,0.9991709338246721,0.9984152597877909,1.0,0.9976377857615546,0.9979533586203075,1.0,0.9481579675176874,0.7080534192075305,0.9999990108803161,1.0,1.0,0.9999989775051148
0.9985527909484375,0.997545997581966,1.0,0.9982241223067518,0.9971184244211457,1.0,0.9991140691025464,0.9980531567544233,1.0,0.999197041168614,0.9982638725786614,1.0,0.9991709338246721,0.9984152597877909,1.0,0.9976357719386755,0.9979533586203075,1.0,0.9481579675176874,0.7080534192075305,1.0,1.0,1.0,1.0
0.9985527909484375,0.997545997581966,1.0,0.9982241223067518,0.9971184244211457,1.0,0.9991140691025464,0.9980531567544233,1.0,0.999197041168614,0.9982638725786614,1.0,0.9991709338246721,0.9984152597877909,1.0,0.9976357719386755,0.9979533586203075,1.0,0.9481579675176874,0.7080534192075305,1.0,1.0,1.0,1.0
0.996181084470507,0.9968217675999824,0.6401729785055963,0.9984319173132121,0.9980650577206092,1.0,0.9970522299260978,0.9965111429819871,1.0,0.9971557596381331,0.998322119277816,1.0,0.998361103523763,0.9984565828703609,1.0,0.9990232959032568,0.9998460743251627,1.0,0.947606740608677,0.7081302281652029,0.6395974282887948,1.0,1.0,0.6396042944785307
0.9985527909484375,0.997545997581966,1.0,0.9982241223067518,0.9971184244211457,1.0,0.9991140691025464,0.9980531567544233,1.0,0.999197041168614,0.9982638725786614,1.0,0.9991709338246721,0.9984152597877909,1.0,0.9976357719386755,0.9979533586203075,1.0,0.9481579675176874,0.7080534192075305,1.0,1.0,1.0,1.0
0.9985469396988833,0.997551982953766,0.9999959058341901,0.9982298943902634,0.9971243780897083,0.9999958202716925,0.999116068946563,0.9980633283492182,0.9999970617042138,0.9991990947717682,0.9982638725786757,0.9999989648033107,0.9991651630624432,0.9984193920960251,0.9999979939819426,0.9976357719386755,0.9979571592542555,0.9999958246346594,0.9481579675176874,0.7080534192075305,0.9999970326409553,1.0,1.0,0.9999979550102296
0.9985527909484375,0.997545997581966,1.0,0.9982241223067518,0.9971184244211457,1.0,0.9991140691025464,0.9980531567544233,1.0,0.999197041168614,0.9982638725786614,1.0,0.9991709338246721,0.9984152597877909,1.0,0.9976357719386755,0.9979533586203075,1.0,0.9481579675176874,0.7080534192075305,1.0,1.0,1.0,1.0
0.9977648226779792,0.9974801584927349,0.5185312180143242,0.9970331490755626,0.9980987951758209,0.5183751306164623,0.9986581046678253,0.9987427908820337,0.5191332027423172,0.9977882694082183,0.9990098061134347,0.5182318840579185,0.9982129872929022,0.9988264244581018,0.5198164493480277,1.0,0.9993386896933885,0.5190918580375268,0.9480263597089049,0.7075157565041366,0.5185618199802704,1.0,1.0,0.51898057259708
0.9966374819342008,0.9967818651217613,0.9379089048105769,0.9987897864907893,0.9981027642882339,1.0,0.9988300912528416,0.9981935247626552,1.0,0.999106682630071,0.9980534328912682,1.0,0.9984707480061417,0.998787167529855,1.0,0.9975008458056891,0.9985424568817933,1.0,0.9482380766186793,0.7081956580179138,0.9380682492581371,1.0,1.0,0.9384038854805965
0.998539138032811,0.997545997581966,0.9999979529170915,0.9982260463345938,0.9971223935335018,1.0,0.999116068946563,0.9980612940302507,1.0,0.999197041168614,0.998265751504448,1.0,0.9991651630624432,0.9984131936336667,1.0,0.9976357719386755,0.9979533586203075,1.0,0.9481579675176874,0.70805484159564,0.9999980217606392,1.0,1.0,0.9999979550102296
0.0,0.0,0.0,0.0,0.0,0.0,0.0,0.0,0.0,0.0,0.0,0.0,0.0,0.0,0.0,0.0,0.0,0.0,0.0,0.0,0.0,0.0,0.0,0.0
0.0,0.0,0.0,0.0,0.0,0.0,0.0,0.0,0.0,0.0,0.0,0.0,0.0,0.0,0.0,0.0,0.0,0.0,0.0,0.0,0.0,0.0,0.0,0.0
0.9970061106550503,0.999433384807574,0.668542476970309,0.9980644279961695,0.9975788414556632,0.6684252873562855,0.9979241619154635,0.9990133553039016,0.6687238001959344,0.9982852413702972,0.998333392832663,0.6678084886127564,0.9982149108801792,0.9985950151965142,0.6697372116348461,0.9993656457928353,0.9990688446832507,0.6690845511481598,0.9477002012264677,0.7076608400907389,0.6684411473788145,1.0,1.0,0.6684703476482525
0.9985527909484375,0.997545997581966,1.0,0.9982241223067518,0.9971184244211457,1.0,0.9991140691025464,0.9980531567544233,1.0,0.999197041168614,0.9982638725786614,1.0,0.9991709338246721,0.9984152597877909,1.0,0.9976357719386755,0.9979533586203075,1.0,0.9481579675176874,0.7080534192075305,1.0,1.0,1.0,1.0
0.9985488901154298,0.9975579683254807,1.0,0.9982241223067518,0.9971184244211457,0.9999989550679231,0.9991140691025464,0.9980531567544233,0.9999990205680689,0.999197041168614,0.9982638725786614,1.0,0.9991728574121055,0.9984152597877909,1.0,0.9976377857615546,0.9979533586203075,1.0,0.9481579675176874,0.7080534192075305,0.9999990108803161,1.0,1.0,0.9999989775051148
0.9985469396988407,0.9975440024580422,1.0,0.9982279703624215,0.9971184244211457,1.0,0.999116068946563,0.9980551910733766,1.0,0.9991990947717682,0.9982676304302345,1.0,0.9991670866498481,0.9984131936336667,1.0,0.9976357719386755,0.9979533586203075,1.0,0.9481579675176874,0.7080534192075305,0.9999990108803161,1.0,1.0,0.9999989775051148
0.9985371876163356,0.9975459975819945,1.0,0.9982241223067518,0.9971184244211457,0.9999989550679231,0.9991140691025464,0.9980531567544233,0.9999990205680689,0.999197041168614,0.9982638725786614,1.0,0.9991709338246721,0.9984152597877909,1.0,0.9976377857615546,0.9979533586203075,1.0,0.9481579675176874,0.7080534192075305,0.9999990108803161,1.0,1.0,0.9999989775051148
0.0,0.0,0.0,0.0,0.0,0.0,0.0,0.0,0.0,0.0,0.0,0.0,0.0,0.0,0.0,0.0,0.0,0.0,0.0,0.0,0.0,0.0,0.0,0.0
0.9985527909484375,0.997545997581966,1.0,0.9982241223067518,0.9971184244211457,1.0,0.9991140691025464,0.9980531567544233,1.0,0.999197041168614,0.9982638725786614,1.0,0.9991709338246721,0.9984152597877909,1.0,0.9976357719386755,0.9979533586203075,1.0,0.9481579675176874,0.7080534192075305,1.0,1.0,1.0,1.0
0.9985527909484375,0.9975519829537376,1.0,0.9982241223067518,0.9971184244211457,1.0,0.9991140691025464,0.9980531567544233,1.0,0.999197041168614,0.9982638725786614,1.0,0.9991709338246721,0.9984152597877909,1.0,0.9976357719386755,0.9979533586203075,1.0,0.9481579675176874,0.7080534192075305,1.0,1.0,1.0,1.0
0.9985527909483807,0.9975280414667083,1.0,0.9982260463345938,0.9971184244211457,1.0,0.999116068946563,0.9980572253923583,1.0,0.9991990947717682,0.9982676304302345,1.0,0.9991670866498481,0.9984131936336667,1.0,0.9976357719386755,0.9979533586203075,1.0,0.9481579675176874,0.7080534192075305,0.9999980217606392,1.0,1.0,0.9999989775051148
0.0,0.0,0.0,0.0,0.0,0.0,0.0,0.0,0.0,0.0,0.0,0.0,0.0,0.0,0.0,0.0,0.0,0.0,0.0,0.0,0.0,0.0,0.0,0.0
0.9985527909484375,0.997545997581966,1.0,0.9982241223067518,0.9971184244211457,1.0,0.9991140691025464,0.9980531567544233,1.0,0.999197041168614,0.9982638725786614,1.0,0.9991709338246721,0.9984152597877909,1.0,0.9976357719386755,0.9979533586203075,1.0,0.9481579675176874,0.7080534192075305,1.0,1.0,1.0,1.0
0.9966842919306202,0.9970611824701052,0.521334698055206,0.998164477443936,0.9971839147752775,1.0,0.9981581436647957,0.9979982301424002,1.0,0.998203097244371,0.9994288065624914,1.0,0.9976339874810378,0.9983801351676362,1.0,0.9998026453577467,0.9991296548264614,1.0,0.9480797657762423,0.7075726520283183,0.5209376854598702,1.0,1.0,0.5212617586912032
0.9985527909484375,0.997545997581966,1.0,0.9982241223067518,0.9971184244211457,1.0,0.9991140691025464,0.9980531567544233,1.0,0.999197041168614,0.9982638725786614,1.0,0.9991709338246721,0.9984152597877909,1.0,0.9976357719386755,0.9979533586203075,1.0,0.9481579675176874,0.7080534192075305,1.0,1.0,1.0,1.0
0.9985527909484375,0.997545997581966,1.0,0.9982241223067518,0.9971184244211457,1.0,0.9991140691025464,0.9980531567544233,1.0,0.999197041168614,0.9982638725786614,1.0,0.9991709338246721,0.9984152597877909,1.0,0.9976357719386755,0.9979533586203075,1.0,0.9481579675176874,0.7080534192075305,1.0,1.0,1.0,1.0
0.9985527909484375,0.997545997581966,1.0,0.9982241223067518,0.9971184244211457,1.0,0.9991140691025464,0.9980531567544233,1.0,0.999197041168614,0.9982638725786614,1.0,0.9991709338246721,0.9984152597877909,1.0,0.9976357719386755,0.9979533586203075,1.0,0.9481579675176874,0.7080534192075305,1.0,1.0,1.0,1.0
0.9985527909484375,0.997545997581966,1.0,0.9982241223067518,0.9971184244211457,1.0,0.9991140691025464,0.9980531567544233,1.0,0.999197041168614,0.9982638725786614,1.0,0.9991709338246721,0.9984152597877909,1.0,0.9976357719386755,0.9979533586203075,1.0,0.9481579675176874,0.7080534192075305,1.0,1.0,1.0,1.0
0.9985527909484375,0.997545997581966,1.0,0.9982241223067518,0.9971184244211457,1.0,0.9991140691025464,0.9980531567544233,1.0,0.999197041168614,0.9982638725786614,1.0,0.9991709338246721,0.9984152597877909,1.0,0.9976357719386755,0.9979533586203075,1.0,0.9481579675176874,0.7080534192075305,1.0,1.0,1.0,1.0
0.9960913653109174,0.9982782080594745,0.6743848515865238,0.9970947179664762,0.9985353975363296,0.6741964472309192,0.9977681740825375,0.9997009551127007,0.6745670910871979,0.9988171245860258,0.9980440382623357,0.6736925465838439,0.998620787824521,0.9986673305907914,0.6756118355065084,0.999226692014048,0.9990365392948064,0.6749540709812081,0.9476372583613966,0.7076053669547946,0.6742957467853543,1.0,1.0,0.6742597137014457
0.9985625430310279,0.9975599634493904,0.9999795291709432,0.9982375905016454,0.9971124707525689,0.999982236154672,0.999118068790537,0.9980450194785817,0.9999833496572066,0.9991908803591514,0.9982713882818075,0.9999865424430752,0.9991613158876191,0.9984255905583979,0.9999859578736334,0.9976297304700381,0.9979552589372673,0.9999822546972936,0.9481617822368094,0.7080562639837495,0.9999871414441301,1.0,1.0,0.9999877300613562
0.9985527909484375,0.997545997581966,1.0,0.9982241223067518,0.9971184244211457,1.0,0.9991140691025464,0.9980531567544233,1.0,0.999197041168614,0.9982638725786614,1.0,0.9991709338246721,0.9984152597877909,1.0,0.9976357719386755,0.9979533586203075,1.0,0.9481579675176874,0.7080534192075305,1.0,1.0,1.0,1.0
0.9971582431428487,0.9987630231713496,0.6730849539405881,0.9965271297546678,0.9984441079519115,0.6729007314524225,0.9977841728345993,0.9993937729496167,0.6732771792360239,0.9985357809544695,0.9981492581060678,0.672397515527912,0.9985880868384527,0.9986900582860869,0.6742607823470337,0.9990535032463441,0.9990270377097801,0.673593945720242,0.9475590566198946,0.7075669624759229,0.6729663699306982,1.0,1.0,0.6730061349692917
0.9985527909484375,0.9975479927058899,1.0,0.9982241223067518,0.9971184244211457,1.0,0.9991140691025464,0.9980531567544233,1.0,0.999197041168614,0.9982638725786614,1.0,0.9991709338246721,0.9984152597877909,1.0,0.9976357719386755,0.9979533586203075,1.0,0.9481579675176874,0.7080534192075305,1.0,1.0,1.0,1.0
0.9955354966053136,0.9979290613739806,0.7133541453428478,0.9996344347110551,0.9973625248317006,0.7134242424243595,0.9978401684668086,0.9986085258307043,0.7138344760039672,0.9978539847089536,0.9976381902938272,0.7131521739130235,0.9987958342789511,0.9982355043790534,0.7147061183551244,0.9981251308985719,0.9992322719429865,0.7141659707725267,0.9475666860582521,0.7077732087509929,0.7133026706232286,1.0,1.0,0.7132453987730258
0.9985527909484375,0.997545997581966,1.0,0.9982241223067518,0.9971184244211457,1.0,0.9991140691025464,0.9980531567544233,1.0,0.999197041168614,0.9982638725786614,1.0,0.9991709338246721,0.9984152597877909,1.0,0.9976357719386755,0.9979533586203075,1.0,0.9481579675176874,0.7080534192075305,1.0,1.0,1.0,1.0
0.9985527909484375,0.997545997581966,1.0,0.9982241223067518,0.9971184244211457,1.0,0.9991140691025464,0.9980531567544233,1.0,0.999197041168614,0.9982638725786614,1.0,0.9991709338246721,0.9984152597877909,1.0,0.9976357719386755,0.9979533586203075,1.0,0.9481579675176874,0.7080534192075305,1.0,1.0,1.0,1.0
0.9964599940316816,0.9978492564173251,0.5201985670418949,0.9971774511634806,0.9979281233439963,0.5200438871473168,0.9983881257262937,0.9986146287874504,0.5207414299705562,0.9977348757262519,0.9989741065236188,0.5199554865424147,0.9980879541108862,0.9988140275333848,0.5215145436308717,0.999885212095819,0.9992227703582159,0.520747390396636,0.9480416185853073,0.7075754968045089,0.5202779426310116,1.0,1.0,0.5206400817995558
0.9985527909484375,0.997545997581966,1.0,0.9982241223067518,0.9971184244211457,1.0,0.9991140691025464,0.9980531567544233,1.0,0.999197041168614,0.9982638725786614,1.0,0.9991709338246721,0.9984152597877909,1.0,0.9976357719386755,0.9979533586203075,1.0,0.9481579675176874,0.7080534192075305,1.0,1.0,1.0,1.0
0.0,0.0,0.0,0.0,0.0,0.0,0.0,0.0,0.0,0.0,0.0,0.0,0.0,0.0,0.0,0.0,0.0,0.0,0.0,0.0,0.0,0.0,0.0,0.0
0.9976965580999888,0.9970252702394902,0.9874053224156611,0.9986551045420526,0.996739374189886,0.9874984326020524,0.9993220528799753,0.9982159022712267,0.9873780607249216,0.9988910542992357,0.9979369394929165,0.9876625258799763,0.9989343325728584,0.998514435185669,0.987765295887769,0.9978512509868409,0.9978887478431346,0.9875939457203202,0.9479977493157605,0.7081586759272795,0.9874490603364592,1.0,1.0,0.9875940695297984
0.9960933157276628,0.996265128027062,0.5049314227225778,0.9992592492829715,0.9977098221638556,1.0,0.9991920630191231,0.9983725448311418,1.0,0.9976629996160682,0.9991526044729397,1.0,0.9973012068586229,0.9988780783112219,1.0,0.9995468898519562,0.9991296548264756,1.0,0.9478718635857319,0.7077276923317015,0.504484668644892,1.0,1.0,0.5047832310837848
0.9985527909484375,0.997545997581966,1.0,0.9982241223067518,0.9971184244211457,1.0,0.9991140691025464,0.9980531567544233,1.0,0.999197041168614,0.9982638725786614,1.0,0.9991709338246721,0.9984152597877909,1.0,0.9976357719386755,0.9979533586203075,1.0,0.9481579675176874,0.7080534192075305,1.0,1.0,1.0,1.0
0.9985527909484375,0.997545997581966,1.0,0.9982241223067518,0.9971184244211457,1.0,0.9991140691025464,0.9980531567544233,1.0,0.999197041168614,0.9982638725786614,1.0,0.9991709338246721,0.9984152597877909,1.0,0.9976357719386755,0.9979533586203075,1.0,0.9481579675176874,0.7080534192075305,1.0,1.0,1.0,1.0
0.9985527909484375,0.997545997581966,1.0,0.9982241223067518,0.9971184244211457,1.0,0.9991140691025464,0.9980531567544233,1.0,0.999197041168614,0.9982638725786614,1.0,0.9991709338246721,0.9984152597877909,1.0,0.9976357719386755,0.9979533586203075,1.0,0.9481579675176874,0.7080534192075305,1.0,1.0,1.0,1.0
0.9985527909484375,0.997545997581966,1.0,0.9982241223067518,0.9971184244211457,1.0,0.9991140691025464,0.9980531567544233,1.0,0.999197041168614,0.9982638725786614,1.0,0.9991709338246721,0.9984152597877909,1.0,0.9976357719386755,0.9979533586203075,1.0,0.9481579675176874,0.7080534192075305,1.0,1.0,1.0,1.0
0.9985508405319337,0.9975519829537092,0.9999918116683801,0.9982433625851428,0.997116439864925,1.0,0.9991240683225868,0.9980551910733766,1.0,0.9991929339623056,0.9982770250591244,1.0,0.9991574687127951,0.9984193920960536,1.0,0.9976357719386897,0.9979609598881893,1.0,0.9481579675177159,0.7080562639837495,0.9999891196834838,1.0,1.0,0.9999948875255669
0.9988219484269791,0.9975100853515073,0.9993715455479446,0.9982741470305854,0.9969517217017909,1.0,0.9992960549076031,0.9979555094441963,1.0,0.999178558740212,0.9982507200982838,1.0,0.9992324886218427,0.9985536921139442,1.0,0.9976176475327634,0.9978659440395177,1.0,0.9481770411131833,0.7080306609978635,0.9993818001982007,1.0,1.0,0.9993599182007671
0.9985527909484375,0.997545997581966,1.0,0.9982241223067518,0.9971184244211457,1.0,0.9991140691025464,0.9980531567544233,1.0,0.999197041168614,0.9982638725786614,1.0,0.9991709338246721,0.9984152597877909,1.0,0.9976357719386755,0.9979533586203075,1.0,0.9481579675176874,0.7080534192075305,1.0,1.0,1.0,1.0
0.996865680666204,0.9975280414667651,0.9709723643808772,0.99866087662555,0.996868370342014,0.9711400208987584,0.9992760564675081,0.9974306551523284,0.9710176297748419,0.9984289935908635,0.9976889212898925,0.9714016563148391,0.9987785219922358,0.9986941905943638,0.9716960882649417,0.9976881313335753,0.9975181860334317,0.9713444676410603,0.9484536082474335,0.7081814341369466,0.9714500494560596,1.0,1.0,0.9714959100206144
0.9985547413649414,0.9975539780776614,1.0,0.9982241223067518,0.9971184244211457,1.0,0.9991140691025464,0.9980531567544233,1.0,0.999197041168614,0.9982638725786614,1.0,0.9991709338246721,0.9984152597877909,1.0,0.9976357719386755,0.9979533586203075,1.0,0.9481579675176874,0.7080534192075305,1.0,1.0,1.0,1.0
0.998568394280511,0.9975719341928908,1.0,0.9982241223067518,0.9971184244211457,1.0,0.9991140691025464,0.9980531567544233,1.0,0.999197041168614,0.9982638725786614,1.0,0.9991709338246721,0.9984152597877909,1.0,0.9976377857615546,0.9979533586203075,1.0,0.9481579675176874,0.7080534192075305,0.9999990108803161,1.0,1.0,0.9999989775051148
0.9970704744000756,0.996857679830427,0.9701975435006034,0.9987955585741588,0.9964655054367881,0.9703960292582181,0.9989700803337342,0.9973777628594007,0.9702213516161606,0.9983489030680346,0.997705831621829,0.9706128364390167,0.9988208409152151,0.9986094782753412,0.9709107321966712,0.9976921589793477,0.9974877809619187,0.9705688935282808,0.9484650524047282,0.7081302281652171,0.9706468842730516,1.0,1.0,0.9707218813906664
0.998568394280511,0.9975479927058899,1.0,0.9982241223067518,0.9971184244211457,1.0,0.9991140691025464,0.9980531567544233,1.0,0.999197041168614,0.9982638725786614,1.0,0.9991709338246721,0.9984152597877909,1.0,0.9976357719386755,0.9979533586203075,1.0,0.9481579675176874,0.7080534192075305,1.0,1.0,1.0,1.0
0.0,0.0,0.0,0.0,0.0,0.0,0.0,0.0,0.0,0.0,0.0,0.0,0.0,0.0,0.0,0.0,0.0,0.0,0.0,0.0,0.0,0.0,0.0,0.0
0.9985527909484375,0.997545997581966,1.0,0.9982241223067518,0.9971184244211457,1.0,0.9991140691025464,0.9980531567544233,1.0,0.999197041168614,0.9982638725786614,1.0,0.9991709338246721,0.9984152597877909,1.0,0.9976357719386755,0.9979533586203075,1.0,0.9481579675176874,0.7080534192075305,1.0,1.0,1.0,1.0
0.9985722951135756,0.9975479927059041,1.0,0.9982241223067518,0.9971184244211457,1.0,0.9991140691025464,0.9980531567544233,1.0,0.999197041168614,0.9982638725786614,1.0,0.9991709338246721,0.9984152597877909,1.0,0.9976357719386755,0.9979533586203075,1.0,0.9481579675176874,0.7080534192075305,1.0,1.0,1.0,1.0
0.9985527909484375,0.997545997581966,1.0,0.9982241223067518,0.9971184244211457,1.0,0.9991140691025464,0.9980531567544233,1.0,0.999197041168614,0.9982638725786614,1.0,0.9991709338246721,0.9984152597877909,1.0,0.9976357719386755,0.9979533586203075,1.0,0.9481579675176874,0.7080534192075305,1.0,1.0,1.0,1.0
0.9985527909484375,0.997545997581966,1.0,0.9982241223067518,0.9971184244211457,1.0,0.9991140691025464,0.9980531567544233,1.0,0.999197041168614,0.9982638725786614,1.0,0.9991709338246721,0.9984152597877909,1.0,0.9976357719386755,0.9979533586203075,1.0,0.9481579675176874,0.7080534192075305,1.0,1.0,1.0,1.0
0.9985508405319479,0.9975499878298137,1.0,0.9982241223067518,0.9971184244211457,0.9999989550679231,0.9991140691025464,0.9980531567544233,0.9999990205680689,0.9991990947717682,0.9982638725786614,1.0,0.9991728574121055,0.9984152597877909,1.0,0.9976377857615546,0.9979533586203075,1.0,0.9481579675176874,0.7080534192075305,0.9999990108803161,1.0,1.0,0.9999989775051148
0.9985527909484375,0.997545997581966,1.0,0.9982241223067518,0.9971184244211457,1.0,0.9991140691025464,0.9980531567544233,1.0,0.999197041168614,0.9982638725786614,1.0,0.9991709338246721,0.9984152597877909,1.0,0.9976357719386755,0.9979533586203075,1.0,0.9481579675176874,0.7080534192075305,1.0,1.0,1.0,1.0
0.9985781463630872,0.9975420073341468,1.0,0.9982241223067518,0.9971184244211457,1.0,0.9991140691025464,0.9980531567544233,1.0,0.999197041168614,0.9982638725786614,1.0,0.9991709338246721,0.9984152597877909,1.0,0.9976357719386755,0.9979533586203075,1.0,0.9481579675176874,0.7080534192075305,1.0,1.0,1.0,1.0
0.9962552002979947,0.9989565501912665,0.6191033776868196,0.9981009845251947,0.9976165480231316,0.618630094043894,0.9979481600435207,0.999328674742884,0.6189010773751278,0.9975356762207923,0.9979049977546595,0.6181687370600883,0.9979456086422545,0.9987355136767491,0.6201023069207565,0.9985198401831354,0.9996845473824152,0.6191931106471671,0.9480854878549252,0.7079581192046049,0.6189515331355864,1.0,1.0,0.6188977505112376
0.998525485117284,0.9976277976625312,0.9999815762538447,0.9982356664737893,0.9971124707525689,1.0,0.9991220684785844,0.9980450194785817,1.0,0.9992032019780623,0.998269509356021,1.0,0.9991632394750383,0.9984276567125505,1.0,0.9976337581158248,0.9979571592542555,1.0,0.9481636895963419,0.7080576863718449,0.9999841740850783,1.0,1.0,0.9999836400818012
0.9985527909484375,0.997545997581966,1.0,0.9982241223067518,0.9971184244211457,1.0,0.9991140691025464,0.9980531567544233,1.0,0.999197041168614,0.9982638725786614,1.0,0.9991709338246721,0.9984152597877909,1.0,0.9976357719386755,0.9979533586203075,1.0,0.9481579675176874,0.7080534192075305,1.0,1.0,1.0,1.0
0.9985527909484375,0.997545997581966,1.0,0.9982241223067518,0.9971184244211457,1.0,0.9991140691025464,0.9980531567544233,1.0,0.999197041168614,0.9982638725786614,1.0,0.9991709338246721,0.9984152597877909,1.0,0.9976357719386755,0.9979533586203075,1.0,0.9481579675176874,0.7080534192075305,1.0,1.0,1.0,1.0
0.9985527909484375,0.997545997581966,1.0,0.9982241223067518,0.9971184244211457,1.0,0.9991140691025464,0.9980531567544233,1.0,0.999197041168614,0.9982638725786614,1.0,0.9991709338246721,0.9984152597877909,1.0,0.9976357719386755,0.9979533586203075,1.0,0.9481579675176874,0.7080534192075305,1.0,1.0,1.0,1.0
0.9985527909484375,0.997545997581966,1.0,0.9982241223067518,0.9971184244211457,1.0,0.9991140691025464,0.9980531567544233,1.0,0.999197041168614,0.9982638725786614,1.0,0.9991709338246721,0.9984152597877909,1.0,0.9976357719386755,0.9979533586203075,1.0,0.9481579675176874,0.7080534192075305,1.0,1.0,1.0,1.0
0.9985527909484375,0.997545997581966,1.0,0.9982241223067518,0.9971184244211457,1.0,0.9991140691025464,0.9980531567544233,1.0,0.999197041168614,0.9982638725786614,1.0,0.9991709338246721,0.9984152597877909,1.0,0.9976357719386755,0.9979533586203075,1.0,0.9481579675176874,0.7080534192075305,1.0,1.0,1.0,1.0
0.9985527909484375,0.997545997581966,1.0,0.9982241223067518,0.9971184244211457,1.0,0.9991140691025464,0.9980531567544233,1.0,0.999197041168614,0.9982638725786614,1.0,0.9991709338246721,0.9984152597877909,1.0,0.9976357719386755,0.9979533586203075,1.0,0.9481579675176874,0.7080534192075305,1.0,1.0,1.0,1.0
0.0,0.0,0.0,0.0,0.0,0.0,0.0,0.0,0.0,0.0,0.0,0.0,0.0,0.0,0.0,0.0,0.0,0.0,0.0,0.0,0.0,0.0,0.0,0.0
0.9985527909484375,0.997545997581966,1.0,0.9982241223067518,0.9971184244211457,1.0,0.9991140691025464,0.9980531567544233,1.0,0.999197041168614,0.9982638725786614,1.0,0.9991709338246721,0.9984152597877909,1.0,0.9976357719386755,0.9979533586203075,1.0,0.9481579675176874,0.7080534192075305,1.0,1.0,1.0,1.0
0.9985527909484375,0.997545997581966,1.0,0.9982241223067518,0.9971184244211457,1.0,0.9991140691025464,0.9980531567544233,1.0,0.999197041168614,0.9982638725786614,1.0,0.9991709338246721,0.9984152597877909,1.0,0.9976357719386755,0.9979533586203075,1.0,0.9481579675176874,0.7080534192075305,1.0,1.0,1.0,1.0
0.9985527909484375,0.997545997581966,1.0,0.9982241223067518,0.9971184244211457,1.0,0.9991140691025464,0.9980531567544233,1.0,0.999197041168614,0.9982638725786614,1.0,0.9991709338246721,0.9984152597877909,1.0,0.9976357719386755,0.9979533586203075,1.0,0.9481579675176874,0.7080534192075305,1.0,1.0,1.0,1.0
0.997694607683485,0.997436265766467,0.9772835209826525,0.9979451382704667,0.996527026678308,0.9774796238244363,0.9990800717544488,0.9978049698412121,0.9773202742409381,0.9989670376159552,0.9980947692584721,0.9777267080744991,0.998555385852427,0.9986528675117512,0.977880641925772,0.9978210436436115,0.9980977827101327,0.9775678496868778,0.9483639623487221,0.708118849060341,0.9776310583580639,1.0,1.0,0.9777607361962879
0.9985527909484375,0.997545997581966,1.0,0.9982241223067518,0.9971184244211457,1.0,0.9991140691025464,0.9980531567544233,1.0,0.999197041168614,0.9982638725786614,1.0,0.9991709338246721,0.9984152597877909,1.0,0.9976357719386755,0.9979533586203075,1.0,0.9481579675176874,0.7080534192075305,1.0,1.0,1.0,1.0
0.9985527909484375,0.997545997581966,1.0,0.9982241223067518,0.9971184244211457,1.0,0.9991140691025464,0.9980531567544233,1.0,0.999197041168614,0.9982638725786614,1.0,0.9991709338246721,0.9984152597877909,1.0,0.9976357719386755,0.9979533586203075,1.0,0.9481579675176874,0.7080534192075305,1.0,1.0,1.0,1.0
0.9992666433917208,0.9977634660888981,0.9984022517915463,0.9982837671697382,0.9969616444825817,1.0,0.9993100538157051,0.9981304608749184,1.0,0.9990882002017969,0.9982563568755438,1.0,0.9991670866498339,0.9985268321104002,1.0,0.9975652881378636,0.997924853865598,1.0,0.9481770411130697,0.7080505744313683,0.9984767556878822,1.0,1.0,0.998424335378715
0.9985527909484375,0.997545997581966,1.0,0.9982241223067518,0.9971184244211457,1.0,0.9991140691025464,0.9980531567544233,1.0,0.999197041168614,0.9982638725786614,1.0,0.9991709338246721,0.9984152597877909,1.0,0.9976357719386755,0.9979533586203075,1.0,0.9481579675176874,0.7080534192075305,1.0,1.0,1.0,1.0
0.9985527909484375,0.997545997581966,1.0,0.9982241223067518,0.9971184244211457,1.0,0.9991140691025464,0.9980531567544233,1.0,0.999197041168614,0.9982638725786614,1.0,0.9991709338246721,0.9984152597877909,1.0,0.9976357719386755,0.9979533586203075,1.0,0.9481579675176874,0.7080534192075305,1.0,1.0,1.0,1.0
0.9985527909484375,0.997545997581966,1.0,0.9982241223067518,0.9971184244211457,1.0,0.9991140691025464,0.9980531567544233,1.0,0.999197041168614,0.9982638725786614,1.0,0.9991709338246721,0.9984152597877909,1.0,0.9976357719386755,0.9979533586203075,1.0,0.9481579675176874,0.7080534192075305,1.0,1.0,1.0,1.0
0.0,0.0,0.0,0.0,0.0,0.0,0.0,0.0,0.0,0.0,0.0,0.0,0.0,0.0,0.0,0.0,0.0,0.0,0.0,0.0,0.0,0.0,0.0,0.0
0.9976887564340302,0.9979949004631692,0.8454841351074336,0.999061074415792,0.997981706361017,0.8450334378265438,0.9986741034199156,0.9982667602453574,0.8453731635651422,0.9984331007970866,0.9974784816022009,0.8450082815735271,0.9980494823627026,0.9992623829779888,0.8463039117351912,0.9982761676145486,0.9984854473726159,0.8458371607515645,0.9483582402700108,0.7084203953385071,0.8451167161226607,1.0,1.0,0.8450725971370545
0.9985527909484375,0.997545997581966,1.0,0.9982241223067518,0.9971184244211457,1.0,0.9991140691025464,0.9980531567544233,1.0,0.999197041168614,0.9982638725786614,1.0,0.9991709338246721,0.9984152597877909,1.0,0.9976357719386755,0.9979533586203075,1.0,0.9481579675176874,0.7080534192075305,1.0,1.0,1.0,1.0
0.0,0.0,0.0,0.0,0.0,0.0,0.0,0.0,0.0,0.0,0.0,0.0,0.0,0.0,0.0,0.0,0.0,0.0,0.0,0.0,0.0,0.0,0.0,0.0
0.9984338155414321,0.9970372409830901,0.9846386898669692,0.9982702989748304,0.9971085016401418,0.9847408568443186,0.9994960393090366,0.9981182549612697,0.984632713026464,0.9989218583465345,0.9978636613874556,0.9849523809525067,0.9988708541881266,0.9984793105655001,0.985070210631946,0.9978693753927104,0.9980369725670357,0.984828810021007,0.948119820326653,0.7081487192105698,0.9847596439169877,1.0,1.0,0.9848752556238125
0.9982387738901792,0.9972507192422029,0.8276100307062322,0.9987032052381153,0.9986088261152304,1.0,0.9981821417928103,0.998110117685215,1.0,0.998642568318246,0.9977434101374314,1.0,0.9982014457682453,0.9992127952791634,1.0,0.9981654073562396,0.9982118017284307,1.0,0.9482151883041467,0.7081444520462696,0.827848664688446,1.0,1.0,0.8279642126788929
0.9972577143849435,0.9975400122102513,0.5163101330604434,0.996927327544725,0.9979995673666622,0.5161431556948415,0.9986441057598796,0.9989604630110023,0.5170088148873759,0.9978108590427581,0.9989083441213751,0.5160455486542261,0.9979667681038507,0.9989483275513891,0.517677031093271,0.9998107006493342,0.9992512751126412,0.5169290187890709,0.9480549701021772,0.7074716624729405,0.5164104846686115,1.0,1.0,0.516850715746429
0.9985527909484375,0.997545997581966,1.0,0.9982241223067518,0.9971184244211457,1.0,0.9991140691025464,0.9980531567544233,1.0,0.999197041168614,0.9982638725786614,1.0,0.9991709338246721,0.9984152597877909,1.0,0.9976357719386755,0.9979533586203075,1.0,0.9481579675176874,0.7080534192075305,1.0,1.0,1.0,1.0
0.9985527909484375,0.997545997581966,1.0,0.9982241223067518,0.9971184244211457,1.0,0.9991140691025464,0.9980531567544233,1.0,0.999197041168614,0.9982638725786614,1.0,0.9991709338246721,0.9984152597877909,1.0,0.9976357719386755,0.9979533586203075,1.0,0.9481579675176874,0.7080534192075305,1.0,1.0,1.0,1.0
0.9985527909484375,0.997545997581966,1.0,0.9982241223067518,0.9971184244211457,1.0,0.9991140691025464,0.9980531567544233,1.0,0.999197041168614,0.9982638725786614,1.0,0.9991709338246721,0.9984152597877909,1.0,0.9976357719386755,0.9979533586203075,1.0,0.9481579675176874,0.7080534192075305,1.0,1.0,1.0,1.0
0.9974352022875479,0.996991353133069,0.5901299897645913,0.9979239739641343,0.9984083859404222,0.5898652037618319,0.996994234449673,0.999951176344851,0.5900519098922885,0.998720605238006,0.996584112930833,0.5892846790891468,0.9976185987819406,0.9981404612893812,0.5909197592779449,0.9989447568108147,0.9997149524540561,0.5904519832986423,0.9479596021248113,0.7077831654678164,0.590009891196857,1.0,1.0,0.5901083844580839
0.9985527909484375,0.997545997581966,1.0,0.9982241223067518,0.9971184244211457,1.0,0.9991140691025464,0.9980531567544233,1.0,0.999197041168614,0.9982638725786614,1.0,0.9991709338246721,0.9984152597877909,1.0,0.9976357719386755,0.9979533586203075,1.0,0.9481579675176874,0.7080534192075305,1.0,1.0,1.0,1.0
0.9972089539722049,0.9973285290749629,0.9737318321392436,0.9983857406449062,0.9965091656726912,0.9739414838036851,0.9993840480442913,0.997802935522131,0.9738344760040221,0.9992216844063648,0.9980571907428128,0.9742028985508071,0.9987208143699604,0.9986074121211885,0.9744433299900308,0.9976820898650374,0.997736722485385,0.9740751565762693,0.9484669597642466,0.7081401848819553,0.9741454005935779,1.0,1.0,0.974276073619663
0.9985527909484375,0.997545997581966,1.0,0.9982241223067518,0.9971184244211457,1.0,0.9991140691025464,0.9980531567544233,1.0,0.999197041168614,0.9982638725786614,1.0,0.9991709338246721,0.9984152597877909,1.0,0.9976357719386755,0.9979533586203075,1.0,0.9481579675176874,0.7080534192075305,1.0,1.0,1.0,1.0
0.9985527909484375,0.997545997581966,1.0,0.9982241223067518,0.9971184244211457,1.0,0.9991140691025464,0.9980531567544233,1.0,0.999197041168614,0.9982638725786614,1.0,0.9991709338246721,0.9984152597877909,1.0,0.9976357719386755,0.9979533586203075,1.0,0.9481579675176874,0.7080534192075305,1.0,1.0,1.0,1.0
0.9985527909484375,0.997545997581966,1.0,0.9982241223067518,0.9971184244211457,1.0,0.9991140691025464,0.9980531567544233,1.0,0.999197041168614,0.9982638725786614,1.0,0.9991709338246721,0.9984152597877909,1.0,0.9976357719386755,0.9979533586203075,1.0,0.9481579675176874,0.7080534192075305,1.0,1.0,1.0,1.0
0.0,0.0,0.0,0.0,0.0,0.0,0.0,0.0,0.0,0.0,0.0,0.0,0.0,0.0,0.0,0.0,0.0,0.0,0.0,0.0,0.0,0.0,0.0,0.0
0.0,0.0,0.0,0.0,0.0,0.0,0.0,0.0,0.0,0.0,0.0,0.0,0.0,0.0,0.0,0.0,0.0,0.0,0.0,0.0,0.0,0.0,0.0,0.0
0.9985527909484375,0.997545997581966,1.0,0.9982241223067518,0.9971184244211457,1.0,0.9991140691025464,0.9980531567544233,1.0,0.999197041168614,0.9982638725786614,1.0,0.9991709338246721,0.9984152597877909,1.0,0.9976357719386755,0.9979533586203075,1.0,0.9481579675176874,0.7080534192075305,1.0,1.0,1.0,1.0
0.997641946437696,0.9975459975818808,0.9758055271238604,0.9978585570177785,0.9972335286796721,1.0,0.9988860868853067,0.9981813188488644,1.0,0.9989321263623765,0.9980515539653538,1.0,0.9987265851320188,0.9984937736443271,1.0,0.9977606289572094,0.9979685611559432,1.0,0.9483258151577871,0.7080875565220595,0.976081107814025,1.0,1.0,0.9762770961144369
0.9985527909484375,0.997545997581966,1.0,0.9982241223067518,0.9971184244211457,1.0,0.9991140691025464,0.9980531567544233,1.0,0.999197041168614,0.9982638725786614,1.0,0.9991709338246721,0.9984152597877909,1.0,0.9976357719386755,0.9979533586203075,1.0,0.9481579675176874,0.7080534192075305,1.0,1.0,1.0,1.0
0.9985566917814452,0.9975539780776614,1.0,0.9982241223067518,0.9971184244211457,1.0,0.9991140691025464,0.9980531567544233,1.0,0.999197041168614,0.9982638725786614,1.0,0.9991709338246721,0.9984152597877909,1.0,0.9976357719386755,0.9979533586203075,1.0,0.9481579675176874,0.7080534192075305,1.0,1.0,1.0,1.0
0.9985527909484375,0.997545997581966,1.0,0.9982241223067518,0.9971184244211457,1.0,0.9991140691025464,0.9980531567544233,1.0,0.999197041168614,0.9982638725786614,1.0,0.9991709338246721,0.9984152597877909,1.0,0.9976357719386755,0.9979533586203075,1.0,0.9481579675176874,0.7080534192075305,1.0,1.0,1.0,1.0
0.9985527909484375,0.997545997581966,1.0,0.9982241223067518,0.9971184244211457,1.0,0.9991140691025464,0.9980531567544233,1.0,0.999197041168614,0.9982638725786614,1.0,0.9991709338246721,0.9984152597877909,1.0,0.9976357719386755,0.9979533586203075,1.0,0.9481579675176874,0.7080534192075305,1.0,1.0,1.0,1.0
0.9985527909484375,0.997545997581966,1.0,0.9982241223067518,0.9971184244211457,1.0,0.9991140691025464,0.9980531567544233,1.0,0.999197041168614,0.9982638725786614,1.0,0.9991709338246721,0.9984152597877909,1.0,0.9976357719386755,0.9979533586203075,1.0,0.9481579675176874,0.7080534192075305,1.0,1.0,1.0,1.0
0.9985508405319621,0.997551982953766,0.9999744114636826,0.9982606788356634,0.9971025479716502,0.9999738766980357,0.9991300678546509,0.9980328135648477,0.9999774730656412,0.9991990947717397,0.9982732672075656,0.9999803312629538,0.9991613158876476,0.9984214582501636,0.9999829488465437,0.9976317442929172,0.9979590595712153,0.9999801670146198,0.9481598748772626,0.7080548415956258,0.9999831849653873,1.0,1.0,0.9999805725971456
0.9985527909484375,0.997545997581966,1.0,0.9982241223067518,0.9971184244211457,1.0,0.9991140691025464,0.9980531567544233,1.0,0.999197041168614,0.9982638725786614,1.0,0.9991709338246721,0.9984152597877909,1.0,0.9976357719386755,0.9979533586203075,1.0,0.9481579675176874,0.7080534192075305,1.0,1.0,1.0,1.0
0.9982192697251264,0.9976617147692082,0.9624554759468182,0.9986089278740877,0.9977475287313098,1.0,0.9984441213585455,0.9971967084717619,1.0,0.9983283670363363,0.9978317196489996,1.0,0.9982687713276874,0.9983284813147861,1.0,0.9982862367289869,0.9973110514832939,1.0,0.9382683082674816,0.7160045687104741,0.9640306627101722,1.0,1.0,0.9633844580777904
0.998546939698997,0.997637773282122,0.9999457523030131,0.9982760710584273,0.9970291193928489,1.0,0.9991420669187363,0.998000264461453,1.0,0.9992073091843281,0.9982826618364697,1.0,0.9991747809994962,0.9984276567125079,1.0,0.9976277166471448,0.9979343554505533,1.0,0.9481732263940756,0.7080519968194494,0.9999475766568082,1.0,1.0,0.9999396728016805
0.9985527909484375,0.997545997581966,1.0,0.9982241223067518,0.9971184244211457,1.0,0.9991140691025464,0.9980531567544233,1.0,0.999197041168614,0.9982638725786614,1.0,0.9991709338246721,0.9984152597877909,1.0,0.9976357719386755,0.9979533586203075,1.0,0.9481579675176874,0.7080534192075305,1.0,1.0,1.0,1.0
0.9985527909484375,0.997545997581966,1.0,0.9982241223067518,0.9971184244211457,1.0,0.9991140691025464,0.9980531567544233,1.0,0.999197041168614,0.9982638725786614,1.0,0.9991709338246721,0.9984152597877909,1.0,0.9976357719386755,0.9979533586203075,1.0,0.9481579675176874,0.7080534192075305,1.0,1.0,1.0,1.0
0.9985527909484375,0.997545997581966,1.0,0.9982241223067518,0.9971184244211457,1.0,0.9991140691025464,0.9980531567544233,1.0,0.999197041168614,0.9982638725786614,1.0,0.9991709338246721,0.9984152597877909,1.0,0.9976357719386755,0.9979533586203075,1.0,0.9481579675176874,0.7080534192075305,1.0,1.0,1.0,1.0
0.9985527909484375,0.997545997581966,1.0,0.9982241223067518,0.9971184244211457,1.0,0.9991140691025464,0.9980531567544233,1.0,0.999197041168614,0.9982638725786614,1.0,0.9991709338246721,0.9984152597877909,1.0,0.9976357719386755,0.9979533586203075,1.0,0.9481579675176874,0.7080534192075305,1.0,1.0,1.0,1.0
0.9985547413649414,0.9975539780776614,1.0,0.9982241223067518,0.9971184244211457,1.0,0.9991140691025464,0.9980531567544233,1.0,0.999197041168614,0.9982638725786614,1.0,0.9991709338246721,0.9984152597877909,1.0,0.9976357719386755,0.9979533586203075,1.0,0.9481579675176874,0.7080534192075305,1.0,1.0,1.0,1.0
0.9985586421979633,0.9975539780776614,1.0,0.9982241223067518,0.9971184244211457,1.0,0.9991140691025464,0.9980531567544233,1.0,0.999197041168614,0.9982638725786614,1.0,0.9991709338246721,0.9984152597877909,1.0,0.9976357719386755,0.9979533586203075,1.0,0.9481579675176874,0.7080534192075305,1.0,1.0,1.0,1.0
0.9985527909484375,0.997545997581966,1.0,0.9982241223067518,0.9971184244211457,1.0,0.9991140691025464,0.9980531567544233,1.0,0.999197041168614,0.9982638725786614,1.0,0.9991709338246721,0.9984152597877909,1.0,0.9976357719386755,0.9979533586203075,1.0,0.9481579675176874,0.7080534192075305,1.0,1.0,1.0,1.0
0.9985527909484375,0.997545997581966,1.0,0.9982241223067518,0.9971184244211457,1.0,0.9991140691025464,0.9980531567544233,1.0,0.999197041168614,0.9982638725786614,1.0,0.9991709338246721,0.9984152597877909,1.0,0.9976357719386755,0.9979533586203075,1.0,0.9481579675176874,0.7080534192075305,1.0,1.0,1.0,1.0
0.9985527909484375,0.997545997581966,1.0,0.9982241223067518,0.9971184244211457,1.0,0.9991140691025464,0.9980531567544233,1.0,0.999197041168614,0.9982638725786614,1.0,0.9991709338246721,0.9984152597877909,1.0,0.9976357719386755,0.9979533586203075,1.0,0.9481579675176874,0.7080534192075305,1.0,1.0,1.0,1.0
0.9985547413648845,0.9975400122102087,1.0,0.9982279703624215,0.9971184244211457,1.0,0.999116068946563,0.9980551910733766,1.0,0.999197041168614,0.9982676304302345,1.0,0.9991670866498481,0.9984131936336667,1.0,0.9976357719386755,0.9979533586203075,1.0,0.9481579675176874,0.7080534192075305,0.9999990108803161,1.0,1.0,0.9999989775051148
0.9985527909484375,0.997545997581966,1.0,0.9982241223067518,0.9971184244211457,1.0,0.9991140691025464,0.9980531567544233,1.0,0.999197041168614,0.9982638725786614,1.0,0.9991709338246721,0.9984152597877909,1.0,0.9976357719386755,0.9979533586203075,1.0,0.9481579675176874,0.7080534192075305,1.0,1.0,1.0,1.0
0.9985527909484375,0.997545997581966,1.0,0.9982241223067518,0.9971184244211457,1.0,0.9991140691025464,0.9980531567544233,1.0,0.999197041168614,0.9982638725786614,1.0,0.9991709338246721,0.9984152597877909,1.0,0.9976357719386755,0.9979533586203075,1.0,0.9481579675176874,0.7080534192075305,1.0,1.0,1.0,1.0
0.9985527909484375,0.997545997581966,1.0,0.9982241223067518,0.9971184244211457,1.0,0.9991140691025464,0.9980531567544233,1.0,0.999197041168614,0.9982638725786614,1.0,0.9991709338246721,0.9984152597877909,1.0,0.9976357719386755,0.9979533586203075,1.0,0.9481579675176874,0.7080534192075305,1.0,1.0,1.0,1.0
0.9985527909484375,0.997545997581966,1.0,0.9982241223067518,0.9971184244211457,1.0,0.9991140691025464,0.9980531567544233,1.0,0.999197041168614,0.9982638725786614,1.0,0.9991709338246721,0.9984152597877909,1.0,0.9976357719386755,0.9979533586203075,1.0,0.9481579675176874,0.7080534192075305,1.0,1.0,1.0,1.0
0.9985527909484375,0.9975479927058899,1.0,0.9982241223067518,0.9971184244211457,1.0,0.9991140691025464,0.9980531567544233,1.0,0.999197041168614,0.9982638725786614,1.0,0.9991709338246721,0.9984152597877909,1.0,0.9976357719386755,0.9979533586203075,1.0,0.9481579675176874,0.7080534192075305,1.0,1.0,1.0,1.0
0.9985527909484375,0.997545997581966,1.0,0.9982241223067518,0.9971184244211457,1.0,0.9991140691025464,0.9980531567544233,1.0,0.999197041168614,0.9982638725786614,1.0,0.9991709338246721,0.9984152597877909,1.0,0.9976357719386755,0.9979533586203075,1.0,0.9481579675176874,0.7080534192075305,1.0,1.0,1.0,1.0
0.997271367300641,0.9962052743095313,0.8945015353121164,0.9984396134243525,0.9982000075412998,0.8944973876697375,0.9986661040437923,0.9977337686774916,0.8942654260528045,0.9990389137261673,0.9976832845124903,0.8943146997928864,0.9992825018946832,0.9987954321462951,0.8952276830490931,0.9978431956953955,0.9987476911148576,0.8950772442588146,0.9485642351011734,0.708003635623939,0.8943956478732886,1.0,1.0,0.8945797546011818
0.9985527909484375,0.9975479927058899,1.0,0.9982241223067518,0.9971184244211457,1.0,0.9991140691025464,0.9980531567544233,1.0,0.999197041168614,0.9982638725786614,1.0,0.9991709338246721,0.9984152597877909,1.0,0.9976357719386755,0.9979533586203075,1.0,0.9481579675176874,0.7080534192075305,1.0,1.0,1.0,1.0
0.9985527909484375,0.997545997581966,1.0,0.9982241223067518,0.9971184244211457,1.0,0.9991140691025464,0.9980531567544233,1.0,0.999197041168614,0.9982638725786614,1.0,0.9991709338246721,0.9984152597877909,1.0,0.9976357719386755,0.9979533586203075,1.0,0.9481579675176874,0.7080534192075305,1.0,1.0,1.0,1.0
0.9985527909484375,0.997545997581966,1.0,0.9982241223067518,0.9971184244211457,1.0,0.9991140691025464,0.9980531567544233,1.0,0.999197041168614,0.9982638725786614,1.0,0.9991709338246721,0.9984152597877909,1.0,0.9976357719386755,0.9979533586203075,1.0,0.9481579675176874,0.7080534192075305,1.0,1.0,1.0,1.0
0.9985683942805252,0.9975699390689954,1.0,0.9982241223067518,0.9971184244211457,1.0,0.9991140691025464,0.9980531567544233,1.0,0.999197041168614,0.9982638725786614,1.0,0.9991709338246721,0.9984152597877909,1.0,0.9976357719386755,0.9979533586203075,1.0,0.9481579675176874,0.7080534192075305,1.0,1.0,1.0,1.0
0.9985527909484375,0.9975479927058899,1.0,0.9982241223067518,0.9971184244211457,1.0,0.9991140691025464,0.9980531567544233,1.0,0.999197041168614,0.9982638725786614,1.0,0.9991709338246721,0.9984152597877909,1.0,0.9976357719386755,0.9979533586203075,1.0,0.9481579675176874,0.7080534192075305,1.0,1.0,1.0,1.0
0.9985527909484375,0.997545997581966,1.0,0.9982241223067518,0.9971184244211457,1.0,0.9991140691025464,0.9980531567544233,1.0,0.999197041168614,0.9982638725786614,1.0,0.9991709338246721,0.9984152597877909,1.0,0.9976357719386755,0.9979533586203075,1.0,0.9481579675176874,0.7080534192075305,1.0,1.0,1.0,1.0
0.9974332518709303,0.9970053190004506,0.9654616171955581,0.9989148483001031,0.9971343008705702,0.9658213166145231,0.9985081163668639,0.9967715358090317,0.9655465230167266,0.998502923304244,0.9976851634381916,0.9659699792961405,0.9983976516842574,0.9985784859634492,0.9662627883651709,0.9977827810089792,0.9973965657472661,0.9659154488519093,0.948360147629657,0.7081131595079597,0.9659901088032328,1.0,1.0,0.9660787321063893
0.9977316655972146,0.9977016172471878,0.9758567041965307,0.9978143043776413,0.9972632970224993,1.0,0.9988420903170123,0.9981874218057101,1.0,0.9988931079025036,0.9980703432231621,1.0,0.9987285087194238,0.9984855090278302,1.0,0.9977706980716619,0.997978062740799,1.0,0.948339166674586,0.7080960908507024,0.9761305637982147,1.0,1.0,0.9763261758690618
0.9985527909484375,0.997545997581966,1.0,0.9982241223067518,0.9971184244211457,1.0,0.9991140691025464,0.9980531567544233,1.0,0.999197041168614,0.9982638725786614,1.0,0.9991709338246721,0.9984152597877909,1.0,0.9976357719386755,0.9979533586203075,1.0,0.9481579675176874,0.7080534192075305,1.0,1.0,1.0,1.0
0.9982855838865419,0.9976457537778742,0.9995701125898577,0.9983222477264206,0.9968961541285069,0.9995809822364308,0.9992340597432872,0.9979249946597974,0.9995739471109601,0.9992504348505946,0.9982375676177639,0.9995993788822446,0.9991747809994109,0.9985226998020522,0.9995877632901227,0.9975954954811215,0.9979191529149034,0.999576200417799,0.9481999294277728,0.7080406177145591,0.9995875370922604,1.0,1.0,0.9995695296526108
0.9985820471961091,0.9975739293168147,1.0,0.9982241223067518,0.9971184244211457,1.0,0.9991140691025464,0.9980531567544233,1.0,0.999197041168614,0.9982638725786614,1.0,0.9991728574121055,0.9984152597877909,1.0,0.9976377857615546,0.9979533586203075,1.0,0.9481579675176874,0.7080534192075305,0.9999990108803161,1.0,1.0,0.9999989775051148
0.0,0.0,0.0,0.0,0.0,0.0,0.0,0.0,0.0,0.0,0.0,0.0,0.0,0.0,0.0,0.0,0.0,0.0,0.0,0.0,0.0,0.0,0.0,0.0
0.9967525565084969,0.9991221454765338,0.5001299897645595,0.9984684738419531,0.9983825867100506,0.5001222570532917,0.9995100382170108,0.998250485693589,0.5007228207639329,0.997903271184498,0.9986077159966271,0.49986956521732395,0.9974724061385416,0.9991404798848862,0.5015717151454382,0.9994139775419626,0.9991790630677855,0.5008475991648922,0.94784706791161,0.7077248475555109,0.5002433234421915,1.0,1.0,0.5006697341513444
0.9985527909484375,0.997545997581966,1.0,0.9982241223067518,0.9971184244211457,1.0,0.9991140691025464,0.9980531567544233,1.0,0.999197041168614,0.9982638725786614,1.0,0.9991709338246721,0.9984152597877909,1.0,0.9976357719386755,0.9979533586203075,1.0,0.9481579675176874,0.7080534192075305,1.0,1.0,1.0,1.0
0.9985527909484375,0.997545997581966,1.0,0.9982241223067518,0.9971184244211457,1.0,0.9991140691025464,0.9980531567544233,1.0,0.999197041168614,0.9982638725786614,1.0,0.9991709338246721,0.9984152597877909,1.0,0.9976357719386755,0.9979533586203075,1.0,0.9481579675176874,0.7080534192075305,1.0,1.0,1.0,1.0
0.9985527909484375,0.997545997581966,1.0,0.9982241223067518,0.9971184244211457,1.0,0.9991140691025464,0.9980531567544233,1.0,0.999197041168614,0.9982638725786614,1.0,0.9991709338246721,0.9984152597877909,1.0,0.9976357719386755,0.9979533586203075,1.0,0.9481579675176874,0.7080534192075305,1.0,1.0,1.0,1.0
0.9985527909484375,0.997545997581966,1.0,0.9982241223067518,0.9971184244211457,1.0,0.9991140691025464,0.9980531567544233,1.0,0.999197041168614,0.9982638725786614,1.0,0.9991709338246721,0.9984152597877909,1.0,0.9976357719386755,0.9979533586203075,1.0,0.9481579675176874,0.7080534192075305,1.0,1.0,1.0,1.0
0.9985761959465833,0.9975440024580848,1.0,0.9982241223067518,0.9971184244211457,1.0,0.9991140691025464,0.9980531567544233,1.0,0.999197041168614,0.9982638725786614,1.0,0.9991709338246721,0.9984152597877909,1.0,0.9976357719386755,0.9979533586203075,1.0,0.9481579675176874,0.7080534192075305,1.0,1.0,1.0,1.0
0.9967642590075769,0.9982722226878025,0.6424155578301338,0.9994766644284283,0.9979459843496272,0.6423667711598995,0.9972082177589243,0.9979860242287231,0.6424094025464839,0.9969319168949653,0.9973638671296641,0.6414741200828402,0.998289930789241,0.9981962474506503,0.643402206619875,0.9992488440657041,0.9997890648159427,0.6427933194154889,0.9476715908333091,0.707922559501938,0.642366963402587,1.0,1.0,0.6424611451943036
0.9985527909484375,0.997545997581966,1.0,0.9982241223067518,0.9971184244211457,1.0,0.9991140691025464,0.9980531567544233,1.0,0.999197041168614,0.9982638725786614,1.0,0.9991709338246721,0.9984152597877909,1.0,0.9976357719386755,0.9979533586203075,1.0,0.9481579675176874,0.7080534192075305,1.0,1.0,1.0,1.0
0.9985527909484375,0.997545997581966,1.0,0.9982241223067518,0.9971184244211457,1.0,0.9991140691025464,0.9980531567544233,1.0,0.999197041168614,0.9982638725786614,1.0,0.9991709338246721,0.9984152597877909,1.0,0.9976357719386755,0.9979533586203075,1.0,0.9481579675176874,0.7080534192075305,1.0,1.0,1.0,1.0
0.9985527909484375,0.997545997581966,1.0,0.9982241223067518,0.9971184244211457,1.0,0.9991140691025464,0.9980531567544233,1.0,0.999197041168614,0.9982638725786614,1.0,0.9991709338246721,0.9984152597877909,1.0,0.9976357719386755,0.9979533586203075,1.0,0.9481579675176874,0.7080534192075305,1.0,1.0,1.0,1.0
0.9960757619788438,0.9964726209145027,0.9390562947798742,0.9982164261954836,0.9975986870175007,0.9391358411703266,0.9997460198105586,0.9974733758506176,0.938774730656192,0.9994907064189107,0.9979482130475077,0.9391190476191227,0.9984438177823733,0.9988284906123255,0.9396028084252706,0.9974464725879244,0.9985044505422849,0.9392849686848237,0.9482304471805207,0.7081857013012467,0.9389910979228304,1.0,1.0,0.9393087934560782
0.0,0.0,0.0,0.0,0.0,0.0,0.0,0.0,0.0,0.0,0.0,0.0,0.0,0.0,0.0,0.0,0.0,0.0,0.0,0.0,0.0,0.0,0.0,0.0
0.9985527909484375,0.997545997581966,1.0,0.9982241223067518,0.9971184244211457,1.0,0.9991140691025464,0.9980531567544233,1.0,0.999197041168614,0.9982638725786614,1.0,0.9991709338246721,0.9984152597877909,1.0,0.9976357719386755,0.9979533586203075,1.0,0.9481579675176874,0.7080534192075305,1.0,1.0,1.0,1.0
0.9985527909484375,0.997545997581966,1.0,0.9982241223067518,0.9971184244211457,1.0,0.9991140691025464,0.9980531567544233,1.0,0.999197041168614,0.9982638725786614,1.0,0.9991709338246721,0.9984152597877909,1.0,0.9976357719386755,0.9979533586203075,1.0,0.9481579675176874,0.7080534192075305,1.0,1.0,1.0,1.0
0.9965360602757158,0.9978093539389477,0.5738659160696429,0.9990322139981771,0.9967949417631559,0.5735914315570056,0.9979641587957673,0.999391738630635,0.5738961802154847,0.9981455963561388,0.996251543067558,0.5731335403726874,0.9976243695442975,0.9980888074363747,0.5746790371113804,0.9994985581029425,0.9996940489673563,0.57437787056368,0.9480683216189902,0.7076082117308999,0.5737804154302921,1.0,1.0,0.573940695296578
0.9985527909484375,0.997545997581966,1.0,0.9982241223067518,0.9971184244211457,1.0,0.9991140691025464,0.9980531567544233,1.0,0.999197041168614,0.9982638725786614,1.0,0.9991709338246721,0.9984152597877909,1.0,0.9976357719386755,0.9979533586203075,1.0,0.9481579675176874,0.7080534192075305,1.0,1.0,1.0,1.0
0.0,0.0,0.0,0.0,0.0,0.0,0.0,0.0,0.0,0.0,0.0,0.0,0.0,0.0,0.0,0.0,0.0,0.0,0.0,0.0,0.0,0.0,0.0,0.0
0.9985722951135472,0.9975420073341468,1.0,0.9982241223067518,0.9971184244211457,1.0,0.9991140691025464,0.9980531567544233,1.0,0.999197041168614,0.9982638725786614,1.0,0.9991709338246721,0.9984152597877909,1.0,0.9976357719386755,0.9979533586203075,1.0,0.9481579675176874,0.7080534192075305,1.0,1.0,1.0,1.0
0.9985527909484375,0.997545997581966,1.0,0.9982241223067518,0.9971184244211457,1.0,0.9991140691025464,0.9980531567544233,1.0,0.999197041168614,0.9982638725786614,1.0,0.9991709338246721,0.9984152597877909,1.0,0.9976357719386755,0.9979533586203075,1.0,0.9481579675176874,0.7080534192075305,1.0,1.0,1.0,1.0
0.9985527909484375,0.997545997581966,1.0,0.9982241223067518,0.9971184244211457,1.0,0.9991140691025464,0.9980531567544233,1.0,0.999197041168614,0.9982638725786614,1.0,0.9991709338246721,0.9984152597877909,1.0,0.9976357719386755,0.9979533586203075,1.0,0.9481579675176874,0.7080534192075305,1.0,1.0,1.0,1.0
0.996493151112432,0.9962352011684317,0.9433439099283518,0.9983126275870546,0.9979598762430442,0.9434702194357669,0.9990860712864276,0.9977439402723434,0.9430127326150526,0.9998213365260398,0.9983108457231964,0.9434648033126152,0.998291854376717,0.9985826182715982,0.9439398194583646,0.997581398720925,0.9985937654402051,0.9436231732776079,0.9483334445959741,0.7081430296581601,0.9433768545994141,1.0,1.0,0.9436697341513494
0.9985527909484375,0.997545997581966,1.0,0.9982241223067518,0.9971184244211457,1.0,0.9991140691025464,0.9980531567544233,1.0,0.999197041168614,0.9982638725786614,1.0,0.9991709338246721,0.9984152597877909,1.0,0.9976357719386755,0.9979533586203075,1.0,0.9481579675176874,0.7080534192075305,1.0,1.0,1.0,1.0
0.9985527909484375,0.997545997581966,1.0,0.9982241223067518,0.9971184244211457,1.0,0.9991140691025464,0.9980531567544233,1.0,0.999197041168614,0.9982638725786614,1.0,0.9991709338246721,0.9984152597877909,1.0,0.9976357719386755,0.9979533586203075,1.0,0.9481579675176874,0.7080534192075305,1.0,1.0,1.0,1.0
0.9985527909484375,0.997545997581966,1.0,0.9982241223067518,0.9971184244211457,1.0,0.9991140691025464,0.9980531567544233,1.0,0.999197041168614,0.9982638725786614,1.0,0.9991709338246721,0.9984152597877909,1.0,0.9976357719386755,0.9979533586203075,1.0,0.9481579675176874,0.7080534192075305,1.0,1.0,1.0,1.0
0.9985547413649556,0.9975479927058899,1.0,0.9982241223067518,0.9971184244211457,1.0,0.9991140691025464,0.9980531567544233,1.0,0.999197041168614,0.9982638725786614,1.0,0.9991709338246721,0.9984152597877909,1.0,0.9976357719386755,0.9979533586203075,1.0,0.9481579675176874,0.7080534192075305,1.0,1.0,1.0,1.0
0.9985527909484375,0.997545997581966,1.0,0.9982241223067518,0.9971184244211457,1.0,0.9991140691025464,0.9980531567544233,1.0,0.999197041168614,0.9982638725786614,1.0,0.9991709338246721,0.9984152597877909,1.0,0.9976357719386755,0.9979533586203075,1.0,0.9481579675176874,0.7080534192075305,1.0,1.0,1.0,1.0
0.9985469396988833,0.9976238074146977,0.9999703172978727,0.9982549067521092,0.9971065170840063,1.0,0.9991400670747481,0.9980307792458802,1.0,0.9992011483749224,0.9982732672075798,1.0,0.9991613158876618,0.9984214582501494,1.0,0.997627716647159,0.9979514583033193,1.0,0.9481598748772626,0.70805484159564,0.9999782393669747,1.0,1.0,0.9999744376278201
0.9985527909484375,0.997545997581966,1.0,0.9982241223067518,0.9971184244211457,1.0,0.9991140691025464,0.9980531567544233,1.0,0.999197041168614,0.9982638725786614,1.0,0.9991709338246721,0.9984152597877909,1.0,0.9976357719386755,0.9979533586203075,1.0,0.9481579675176874,0.7080534192075305,1.0,1.0,1.0,1.0
0.0,0.0,0.0,0.0,0.0,0.0,0.0,0.0,0.0,0.0,0.0,0.0,0.0,0.0,0.0,0.0,0.0,0.0,0.0,0.0,0.0,0.0,0.0,0.0
0.9985761959465833,0.9975759244407243,1.0,0.9982241223067518,0.9971184244211457,1.0,0.9991140691025464,0.9980531567544233,1.0,0.999197041168614,0.9982638725786614,1.0,0.9991709338246721,0.9984152597877909,1.0,0.9976357719386755,0.9979533586203075,1.0,0.9481579675176874,0.7080534192075305,1.0,1.0,1.0,1.0
0.9985527909484375,0.9975499878298137,1.0,0.9982241223067518,0.9971184244211457,1.0,0.9991140691025464,0.9980531567544233,1.0,0.999197041168614,0.9982638725786614,1.0,0.9991709338246721,0.9984152597877909,1.0,0.9976357719386755,0.9979533586203075,1.0,0.9481579675176874,0.7080534192075305,1.0,1.0,1.0,1.0
0.9985527909484375,0.997545997581966,1.0,0.9982241223067518,0.9971184244211457,1.0,0.9991140691025464,0.9980531567544233,1.0,0.999197041168614,0.9982638725786614,1.0,0.9991709338246721,0.9984152597877909,1.0,0.9976357719386755,0.9979533586203075,1.0,0.9481579675176874,0.7080534192075305,1.0,1.0,1.0,1.0
0.9985664438639787,0.9975679439450431,1.0,0.9982260463345938,0.9971184244211457,1.0,0.9991140691025464,0.9980531567544233,1.0,0.9991990947717682,0.9982638725786614,1.0,0.9991709338247006,0.9984152597877909,1.0,0.9976357719386755,0.9979533586203075,1.0,0.9481579675176874,0.7080534192075305,0.9999990108803161,1.0,1.0,0.9999989775051148
0.9985527909484375,0.997545997581966,1.0,0.9982241223067518,0.9971184244211457,1.0,0.9991140691025464,0.9980531567544233,1.0,0.999197041168614,0.9982638725786614,1.0,0.9991709338246721,0.9984152597877909,1.0,0.9976357719386755,0.9979533586203075,1.0,0.9481579675176874,0.7080534192075305,1.0,1.0,1.0,1.0
0.9985683942806247,0.9975619585732858,0.9999529170931751,0.9982568307800648,0.9970549186232347,0.9999540229885469,0.9991300678547361,0.998022641969996,0.9999461312439095,0.9992011483749081,0.9982901775395874,0.999966873706029,0.9991574687127809,0.9984276567125079,0.9999608826479616,0.9976317442929457,0.9979571592542271,0.9999561586639203,0.9481694116749821,0.7080534192075163,0.9999564787339494,1.0,1.0,0.9999498977505397
0.0,0.0,0.0,0.0,0.0,0.0,0.0,0.0,0.0,0.0,0.0,0.0,0.0,0.0,0.0,0.0,0.0,0.0,0.0,0.0,0.0,0.0,0.0,0.0
0.9985527909484375,0.997545997581966,1.0,0.9982241223067518,0.9971184244211457,1.0,0.9991140691025464,0.9980531567544233,1.0,0.999197041168614,0.9982638725786614,1.0,0.9991709338246721,0.9984152597877909,1.0,0.9976357719386755,0.9979533586203075,1.0,0.9481579675176874,0.7080534192075305,1.0,1.0,1.0,1.0
0.9985527909484375,0.997545997581966,1.0,0.9982241223067518,0.9971184244211457,1.0,0.9991140691025464,0.9980531567544233,1.0,0.999197041168614,0.9982638725786614,1.0,0.9991709338246721,0.9984152597877909,1.0,0.9976357719386755,0.9979533586203075,1.0,0.9481579675176874,0.7080534192075305,1.0,1.0,1.0,1.0
0.9969729535742147,0.9976098415472876,0.8644022517912617,0.9977181029858002,0.998527459311731,1.0,0.9986781031079772,0.9984539175895861,1.0,0.9987596236978078,0.9968058261732153,1.0,0.9982245288173459,0.9988119613792605,1.0,0.9987715680433098,0.9989795297856148,1.0,0.8423834364897402,0.7969043145297547,0.8976587537090523,1.0,1.0,0.8642280163599381
0.9985527909484375,0.997545997581966,1.0,0.9982241223067518,0.9971184244211457,1.0,0.9991140691025464,0.9980531567544233,1.0,0.999197041168614,0.9982638725786614,1.0,0.9991709338246721,0.9984152597877909,1.0,0.9976357719386755,0.9979533586203075,1.0,0.9481579675176874,0.7080534192075305,1.0,1.0,1.0,1.0
0.9972889210490479,0.9982502763246828,0.6475977482087174,0.998936012606265,0.9985254747554393,0.6473887147335731,0.9970462303941048,0.9981162206420038,0.6475044074436056,0.9970736155121926,0.9979726390825334,0.6465424430641136,0.9985284556284455,0.9983470767017195,0.6484493480440605,0.9994300881250524,0.9996408400921837,0.6478037578286973,0.9477650514510856,0.7078983789041899,0.6474124629079654,1.0,1.0,0.6475408997955014
0.9985527909484375,0.997545997581966,1.0,0.9982241223067518,0.9971184244211457,1.0,0.9991140691025464,0.9980531567544233,1.0,0.999197041168614,0.9982638725786614,1.0,0.9991709338246721,0.9984152597877909,1.0,0.9976357719386755,0.9979533586203075,1.0,0.9481579675176874,0.7080534192075305,1.0,1.0,1.0,1.0
0.9969261435779799,0.9959997765460571,0.5151535312179689,0.9978970375745604,0.9975272429948205,1.0,0.9980501520880551,0.997949406487308,1.0,0.9981681859907354,0.9989571961916681,1.0,0.9975474260476318,0.9986218752000013,1.0,0.9997865347748132,0.9993367893764571,1.0,0.9480225449898967,0.7075356699376414,0.5146567754697955,1.0,1.0,0.5150940695296029
0.9985527909484375,0.997545997581966,1.0,0.9982241223067518,0.9971184244211457,1.0,0.9991140691025464,0.9980531567544233,1.0,0.999197041168614,0.9982638725786614,1.0,0.9991709338246721,0.9984152597877909,1.0,0.9976357719386755,0.9979533586203075,1.0,0.9481579675176874,0.7080534192075305,1.0,1.0,1.0,1.0
0.9985527909484375,0.997545997581966,1.0,0.9982241223067518,0.9971184244211457,1.0,0.9991140691025464,0.9980531567544233,1.0,0.999197041168614,0.9982638725786614,1.0,0.9991709338246721,0.9984152597877909,1.0,0.9976357719386755,0.9979533586203075,1.0,0.9481579675176874,0.7080534192075305,1.0,1.0,1.0,1.0
0.9962142415512432,0.9967339821475178,0.8700051177072297,0.9985800674564729,0.9981642855299384,0.869841170323916,0.9985461134032221,0.997583229074479,0.8698765915768831,0.9983201526237622,0.9976062485553285,0.8696832298136457,0.9980148577891299,0.9986446028953537,0.8707652958876366,0.9981956146994548,0.998276412505561,0.8705762004175597,0.9482571502140615,0.7081515639867177,0.8697992087042792,1.0,1.0,0.8699018404908188
0.9985508405319337,0.9975499878297995,1.0,0.9982241223067518,0.9971184244211457,1.0,0.9991140691025464,0.9980531567544233,1.0,0.999197041168614,0.9982638725786614,1.0,0.9991709338246721,0.9984152597877909,1.0,0.9976357719386755,0.9979533586203075,1.0,0.9481579675176874,0.7080534192075305,1.0,1.0,1.0,1.0
0.9962356961330698,0.9954391467252464,0.9092374616171668,0.9987089773215132,0.9980432276027926,0.9093740856843553,0.9987720957763884,0.9976483272810555,0.9089666993144334,0.9990635569639892,0.9975761857432559,0.9091790890268996,0.9986881133839347,0.9985640228845654,0.9100220661985219,0.9980727715037858,0.9983657274033817,0.9096816283924127,0.9484784039215413,0.7079481624877957,0.9091988130563706,1.0,1.0,0.9095787321063256
0.9985527909484375,0.997545997581966,1.0,0.9982241223067518,0.9971184244211457,1.0,0.9991140691025464,0.9980531567544233,1.0,0.999197041168614,0.9982638725786614,1.0,0.9991709338246721,0.9984152597877909,1.0,0.9976357719386755,0.9979533586203075,1.0,0.9481579675176874,0.7080534192075305,1.0,1.0,1.0,1.0
0.9976146406065425,0.9964406989318064,0.8114984646878369,0.9995670937367578,0.9979817063609886,0.8110198537094888,0.9971022260263851,0.9988811245713833,0.81122331047996,0.9988581966489534,0.9972079162902077,0.8110403726708313,0.9988112229783042,0.9989297321642425,0.812510531594782,0.9982097114595376,0.9983657274032396,0.8119123173277458,0.9481636895963419,0.7080448848789445,0.8110425321464518,1.0,1.0,0.8112975460122556
0.9993875692155143,0.9988448232520426,0.8170071647901409,0.9984607777307275,0.9961956057956485,1.0,0.9977181779822786,0.9981202892801662,1.0,0.997122901987666,0.9985776531840429,1.0,0.9995921994684096,0.9994318076160198,1.0,0.9990676000066969,0.9974288711356394,1.0,1.0,0.7472089189421638,0.9932650840751762,1.0,1.0,0.816959100204457
0.9993700154668659,0.9976258025386784,0.9981166837260389,0.9982241223067945,0.9969080614655894,1.0,0.9992500584953206,0.9981406324696849,1.0,0.9990389137260678,0.9981849576958837,1.0,0.9991747809995104,0.9985722875010623,1.0,0.9975673019607711,0.9980502747858253,1.0,0.9481465233603359,0.7080619535362018,0.9981859545009044,1.0,1.0,0.9981267893664452
0.9962395969660207,0.9967299918995991,0.6530245649948156,0.997285196722359,0.9977018839391434,1.0,0.9973102098037288,0.9976117095397825,1.0,0.9977677333765911,0.9983935184573767,1.0,0.9986708010971483,0.9985908828881378,1.0,0.9994401572393627,0.9992417735276717,1.0,0.948878949426387,0.7089793938634728,0.6527052423342283,1.0,1.0,0.6527944785275395
0.9985527909484375,0.9975479927058899,1.0,0.9982241223067518,0.9971184244211457,1.0,0.9991140691025464,0.9980531567544233,1.0,0.999197041168614,0.9982638725786614,1.0,0.9991709338246721,0.9984152597877909,1.0,0.9976357719386755,0.9979533586203075,1.0,0.9481579675176874,0.7080534192075305,1.0,1.0,1.0,1.0
0.9993427096356413,0.9976377732820652,0.9979303991814845,0.9982145021675564,0.9968902004599585,1.0,0.9994300444564317,0.9982057306764744,1.0,0.9990368601229704,0.9980947692584294,1.0,0.9991613158875907,0.9985888167341272,1.0,0.9975894540124415,0.9980901814421941,1.0,0.9481350792031122,0.7080391953265632,0.99799109792324,1.0,1.0,0.9979447852764238
0.9985371876163356,0.9976178220429688,0.999969293756422,0.9982529827242956,0.9971045325278141,1.0,0.9991360673867291,0.9980328135648193,1.0,0.9992052555812307,0.9982751461333663,1.0,0.9991613158876618,0.9984235244042736,1.0,0.9976317442929172,0.9979514583033193,1.0,0.9481560601581549,0.7080534192075305,0.9999782393669747,1.0,1.0,0.9999744376278201
0.9985527909484375,0.997545997581966,1.0,0.9982241223067518,0.9971184244211457,1.0,0.9991140691025464,0.9980531567544233,1.0,0.999197041168614,0.9982638725786614,1.0,0.9991709338246721,0.9984152597877909,1.0,0.9976357719386755,0.9979533586203075,1.0,0.9481579675176874,0.7080534192075305,1.0,1.0,1.0,1.0
0.9981236993158831,0.9974262901469473,0.9846775844421956,0.9982375905016454,0.997154146432436,0.9850177638453772,0.9995000389970841,0.9981508040645508,0.9848912830558305,0.9988992687120088,0.9978505089069643,0.9852184265011417,0.9988362296146391,0.9984689797948363,0.9853410230692177,0.9978734030385112,0.9980597763707095,0.9851064718164295,0.9481198203266672,0.7081558311511316,0.9848318496539008,1.0,1.0,0.9849345603272894
0.9985527909484375,0.997545997581966,1.0,0.9982241223067518,0.9971184244211457,1.0,0.9991140691025464,0.9980531567544233,1.0,0.999197041168614,0.9982638725786614,1.0,0.9991709338246721,0.9984152597877909,1.0,0.9976357719386755,0.9979533586203075,1.0,0.9481579675176874,0.7080534192075305,1.0,1.0,1.0,1.0
0.999344660052131,0.9976317879103362,0.9979170931425969,0.9982298943902634,0.9969100460217675,1.0,0.9994220450803795,0.9981853874869131,1.0,0.9990286457103821,0.9980928903326571,1.0,0.9991670866498481,0.9985929490423615,1.0,0.9976035507725953,0.9980939820761421,1.0,0.9481312644839903,0.7080391953265632,0.9979812067264007,1.0,1.0,0.997928425358225
0.9985527909484375,0.997545997581966,1.0,0.9982241223067518,0.9971184244211457,1.0,0.9991140691025464,0.9980531567544233,1.0,0.999197041168614,0.9982638725786614,1.0,0.9991709338246721,0.9984152597877909,1.0,0.9976357719386755,0.9979533586203075,1.0,0.9481579675176874,0.7080534192075305,1.0,1.0,1.0,1.0
0.9985781463630872,0.9975619585733,1.0,0.9982241223067518,0.9971184244211457,1.0,0.9991140691025464,0.9980531567544233,1.0,0.999197041168614,0.9982638725786614,1.0,0.9991709338246721,0.9984152597877909,1.0,0.9976357719386755,0.9979533586203075,1.0,0.9481579675176874,0.7080534192075305,1.0,1.0,1.0,1.0
0.9980008230757704,0.9972227875073969,0.9842364380757758,0.9983376399490567,0.9968147873250075,0.9843625914315979,0.999454042584702,0.9979839899098266,0.9842233104799121,0.9989629304096042,0.9978354775006153,0.984550724637792,0.9987362030691429,0.9983842674759558,0.9846890672016357,0.9978552786325707,0.9981395896834613,0.9844592901880063,0.9481369865626021,0.7081444520463123,0.9843887240356679,1.0,1.0,0.9844683026585344
0.9979540130795215,0.9978552417889546,0.5009477993859051,0.9976623061784551,0.9977634051808337,1.0,0.9964242789061899,0.9986532808478472,1.0,0.9996693698931125,1.0,1.0,0.9969030242639576,0.9990268414081953,1.0,0.9993596043241695,0.9984379394481664,1.0,0.9236369531838591,1.0,0.501407517309552,1.0,1.0,0.501257668711645
0.9985527909484375,0.997545997581966,1.0,0.9982241223067518,0.9971184244211457,1.0,0.9991140691025464,0.9980531567544233,1.0,0.999197041168614,0.9982638725786614,1.0,0.9991709338246721,0.9984152597877909,1.0,0.9976357719386755,0.9979533586203075,1.0,0.9481579675176874,0.7080534192075305,1.0,1.0,1.0,1.0
0.9972772185500389,0.9965484356233816,0.815775844421708,0.9990014295525782,0.9989084940989557,0.8153406478578731,0.9980481522439675,0.9988587470628971,0.8156219392751964,0.9987596236978078,0.9968734675010325,0.8153612836439095,0.9985996283628964,0.998900806006489,0.8167422266800557,0.9981754764706068,0.998251708384899,0.8162181628392204,0.9481140982480838,0.7080918236864164,0.8153986152324464,1.0,1.0,0.8156922290388664
0.9985449892823226,0.9975440024580422,1.0,0.9982279703624215,0.9971184244211457,1.0,0.999116068946563,0.9980551910733766,1.0,0.9991990947717682,0.9982676304302345,1.0,0.9991670866498481,0.9984131936336667,1.0,0.9976357719386755,0.9979533586203075,1.0,0.9481579675176874,0.7080534192075305,0.9999990108803161,1.0,1.0,0.9999989775051148
0.9973045243813203,0.9966003088452453,0.6809754350050738,0.9976026613154403,0.9980491812712415,1.0,0.9978041712745664,0.9983054123055553,1.0,0.9987575700946252,0.9995434210352272,1.0,0.9985496150900275,0.9985454274974188,1.0,0.9992246781912257,0.9989871310534255,1.0,0.9474160046539453,0.7074873087420883,0.6809010880315896,1.0,1.0,0.6809867075664044
0.9985371876163072,0.9975360219623894,1.0,0.9982279703624215,0.9971184244211457,0.9999989550679231,0.999116068946563,0.9980551910733766,0.9999990205680689,0.9991990947717682,0.9982676304302345,1.0,0.9991670866498481,0.9984131936336667,1.0,0.9976357719386755,0.9979533586203075,1.0,0.9481579675176874,0.7080534192075305,0.9999990108803161,1.0,1.0,0.9999989775051148
0.9992354367274885,0.9978632222847352,0.9984237461620538,0.9982626028634627,0.9970211811679945,1.0,0.9993380516318524,0.9981141863231215,1.0,0.9990799857891801,0.9981887155474425,1.0,0.9991401564259945,0.9984421197913775,1.0,0.9975793848980743,0.9979077510127894,1.0,0.9482895753263278,0.7080960908506739,0.9985064292784074,1.0,1.0,0.9984550102253422
0.9985527909484375,0.997545997581966,1.0,0.9982241223067518,0.9971184244211457,1.0,0.9991140691025464,0.9980531567544233,1.0,0.999197041168614,0.9982638725786614,1.0,0.9991709338246721,0.9984152597877909,1.0,0.9976357719386755,0.9979533586203075,1.0,0.9481579675176874,0.7080534192075305,1.0,1.0,1.0,1.0
0.9985527909484375,0.997545997581966,1.0,0.9982241223067518,0.9971184244211457,1.0,0.9991140691025464,0.9980531567544233,1.0,0.999197041168614,0.9982638725786614,1.0,0.9991709338246721,0.9984152597877909,1.0,0.9976357719386755,0.9979533586203075,1.0,0.9481579675176874,0.7080534192075305,1.0,1.0,1.0,1.0
0.9985527909484375,0.997545997581966,1.0,0.9982241223067518,0.9971184244211457,1.0,0.9991140691025464,0.9980531567544233,1.0,0.999197041168614,0.9982638725786614,1.0,0.9991709338246721,0.9984152597877909,1.0,0.9976357719386755,0.9979533586203075,1.0,0.9481579675176874,0.7080534192075305,1.0,1.0,1.0,1.0
0.9985527909484375,0.997545997581966,1.0,0.9982241223067518,0.9971184244211457,1.0,0.9991140691025464,0.9980531567544233,1.0,0.999197041168614,0.9982638725786614,1.0,0.9991709338246721,0.9984152597877909,1.0,0.9976357719386755,0.9979533586203075,1.0,0.9481579675176874,0.7080534192075305,1.0,1.0,1.0,1.0
0.9985527909484375,0.997545997581966,1.0,0.9982241223067518,0.9971184244211457,1.0,0.9991140691025464,0.9980531567544233,1.0,0.999197041168614,0.9982638725786614,1.0,0.9991709338246721,0.9984152597877909,1.0,0.9976357719386755,0.9979533586203075,1.0,0.9481579675176874,0.7080534192075305,1.0,1.0,1.0,1.0
0.9988863121720044,0.9976178220428551,0.9990931422726348,0.9984242212018017,0.9969755363759703,1.0,0.9993280524117125,0.9980165390129798,1.0,0.9991806123434941,0.9981924733990297,1.0,0.9991670866497202,0.9986301398165693,1.0,0.997591467835349,0.9979172525978441,1.0,0.94820183678722,0.7080562639837495,0.9991117705246566,1.0,1.0,0.9990674846629517
0.9985527909484375,0.997545997581966,1.0,0.9982241223067518,0.9971184244211457,1.0,0.9991140691025464,0.9980531567544233,1.0,0.999197041168614,0.9982638725786614,1.0,0.9991709338246721,0.9984152597877909,1.0,0.9976357719386755,0.9979533586203075,1.0,0.9481579675176874,0.7080534192075305,1.0,1.0,1.0,1.0
0.9985761959465833,0.9975400122102371,1.0,0.9982241223067518,0.9971184244211457,1.0,0.9991140691025464,0.9980531567544233,1.0,0.999197041168614,0.9982638725786614,1.0,0.9991709338246721,0.9984152597877909,1.0,0.9976357719386755,0.9979533586203075,1.0,0.9481579675176874,0.7080534192075305,1.0,1.0,1.0,1.0
0.9985527909484375,0.997545997581966,1.0,0.9982241223067518,0.9971184244211457,1.0,0.9991140691025464,0.9980531567544233,1.0,0.999197041168614,0.9982638725786614,1.0,0.9991709338246721,0.9984152597877909,1.0,0.9976357719386755,0.9979533586203075,1.0,0.9481579675176874,0.7080534192075305,1.0,1.0,1.0,1.0
0.9985527909484375,0.997545997581966,1.0,0.9982241223067518,0.9971184244211457,1.0,0.9991140691025464,0.9980531567544233,1.0,0.999197041168614,0.9982638725786614,1.0,0.9991709338246721,0.9984152597877909,1.0,0.9976357719386755,0.9979533586203075,1.0,0.9481579675176874,0.7080534192075305,1.0,1.0,1.0,1.0
0.9985527909484375,0.997545997581966,1.0,0.9982241223067518,0.9971184244211457,1.0,0.9991140691025464,0.9980531567544233,1.0,0.999197041168614,0.9982638725786614,1.0,0.9991709338246721,0.9984152597877909,1.0,0.9976357719386755,0.9979533586203075,1.0,0.9481579675176874,0.7080534192075305,1.0,1.0,1.0,1.0
0.9985527909484375,0.997545997581966,1.0,0.9982241223067518,0.9971184244211457,1.0,0.9991140691025464,0.9980531567544233,1.0,0.999197041168614,0.9982638725786614,1.0,0.9991709338246721,0.9984152597877909,1.0,0.9976357719386755,0.9979533586203075,1.0,0.9481579675176874,0.7080534192075305,1.0,1.0,1.0,1.0
0.9974469047865142,0.9976756806366041,0.969912998976568,0.9981991099449203,0.9977018839392429,1.0,0.9990000779939265,0.9975669545226111,1.0,0.9981620251813439,0.9979256659381832,1.0,0.9988131465657375,0.9984317890205858,1.0,0.9976901451564544,0.997461176524169,1.0,0.9446045566819805,0.7110873730340188,0.9704263105836546,1.0,1.0,0.9703445807771587
0.9985527909484375,0.997545997581966,1.0,0.9982241223067518,0.9971184244211457,1.0,0.9991140691025464,0.9980531567544233,1.0,0.999197041168614,0.9982638725786614,1.0,0.9991709338246721,0.9984152597877909,1.0,0.9976357719386755,0.9979533586203075,1.0,0.9481579675176874,0.7080534192075305,1.0,1.0,1.0,1.0
0.9985527909484375,0.997545997581966,1.0,0.9982241223067518,0.9971184244211457,1.0,0.9991140691025464,0.9980531567544233,1.0,0.999197041168614,0.9982638725786614,1.0,0.9991709338246721,0.9984152597877909,1.0,0.9976357719386755,0.9979533586203075,1.0,0.9481579675176874,0.7080534192075305,1.0,1.0,1.0,1.0
0.0,0.0,0.0,0.0,0.0,0.0,0.0,0.0,0.0,0.0,0.0,0.0,0.0,0.0,0.0,0.0,0.0,0.0,0.0,0.0,0.0,0.0,0.0,0.0
0.9985527909484375,0.997545997581966,1.0,0.9982241223067518,0.9971184244211457,1.0,0.9991140691025464,0.9980531567544233,1.0,0.999197041168614,0.9982638725786614,1.0,0.9991709338246721,0.9984152597877909,1.0,0.9976357719386755,0.9979533586203075,1.0,0.9481579675176874,0.7080534192075305,1.0,1.0,1.0,1.0
0.9985527909484375,0.997545997581966,1.0,0.9982241223067518,0.9971184244211457,1.0,0.9991140691025464,0.9980531567544233,1.0,0.999197041168614,0.9982638725786614,1.0,0.9991709338246721,0.9984152597877909,1.0,0.9976357719386755,0.9979533586203075,1.0,0.9481579675176874,0.7080534192075305,1.0,1.0,1.0,1.0
0.9972070035556726,0.999361560346415,0.49923848515869196,0.9986127759298142,0.9981305480748119,0.49928108672936133,0.9993240527241056,0.9983766134691905,0.499825661116553,0.9980121121513292,0.9987148147660321,0.49897826086948527,0.9974704825510514,0.9990805614151697,0.5006760280842428,0.9994260604792373,0.9992018668714024,0.4999780793319104,0.9478890298216669,0.7076665296431628,0.49934915924833234,1.0,1.0,0.49982515337423195
0.0,0.0,0.0,0.0,0.0,0.0,0.0,0.0,0.0,0.0,0.0,0.0,0.0,0.0,0.0,0.0,0.0,0.0,0.0,0.0,0.0,0.0,0.0,0.0
0.9985527909484375,0.997545997581966,1.0,0.9982241223067518,0.9971184244211457,1.0,0.9991140691025464,0.9980531567544233,1.0,0.999197041168614,0.9982638725786614,1.0,0.9991709338246721,0.9984152597877909,1.0,0.9976357719386755,0.9979533586203075,1.0,0.9481579675176874,0.7080534192075305,1.0,1.0,1.0,1.0
0.9987049234364491,0.9972068265161909,0.9973469805529689,0.9983030074480297,0.9966857911730216,0.9974200626962144,0.9995880321336301,0.9982301425041413,0.9973192948093796,0.9990306993135221,0.9980947692585147,0.9973374741203429,0.999074754454071,0.9986838598236858,0.9973570712139406,0.9976700069275921,0.9980407732009695,0.9974144050106801,0.9481408012817667,0.7080619535362302,0.9974035608312164,1.0,1.0,0.9973496932517634
0.9985527909484375,0.997545997581966,1.0,0.9982241223067518,0.9971184244211457,1.0,0.9991140691025464,0.9980531567544233,1.0,0.999197041168614,0.9982638725786614,1.0,0.9991709338246721,0.9984152597877909,1.0,0.9976357719386755,0.9979533586203075,1.0,0.9481579675176874,0.7080534192075305,1.0,1.0,1.0,1.0
0.9985527909484375,0.997545997581966,1.0,0.9982241223067518,0.9971184244211457,1.0,0.9991140691025464,0.9980531567544233,1.0,0.999197041168614,0.9982638725786614,1.0,0.9991709338246721,0.9984152597877909,1.0,0.9976357719386755,0.9979533586203075,1.0,0.9481579675176874,0.7080534192075305,1.0,1.0,1.0,1.0
0.9985527909484375,0.997545997581966,1.0,0.9982241223067518,0.9971184244211457,1.0,0.9991140691025464,0.9980531567544233,1.0,0.999197041168614,0.9982638725786614,1.0,0.9991709338246721,0.9984152597877909,1.0,0.9976357719386755,0.9979533586203075,1.0,0.9481579675176874,0.7080534192075305,1.0,1.0,1.0,1.0
0.9985527909484375,0.997545997581966,1.0,0.9982241223067518,0.9971184244211457,1.0,0.9991140691025464,0.9980531567544233,1.0,0.999197041168614,0.9982638725786614,1.0,0.9991709338246721,0.9984152597877909,1.0,0.9976357719386755,0.9979533586203075,1.0,0.9481579675176874,0.7080534192075305,1.0,1.0,1.0,1.0
0.0,0.0,0.0,0.0,0.0,0.0,0.0,0.0,0.0,0.0,0.0,0.0,0.0,0.0,0.0,0.0,0.0,0.0,0.0,0.0,0.0,0.0,0.0,0.0
0.9985781463630872,0.9975440024580848,1.0,0.9982241223067518,0.9971184244211457,1.0,0.9991140691025464,0.9980531567544233,1.0,0.999197041168614,0.9982638725786614,1.0,0.9991709338246721,0.9984152597877909,1.0,0.9976357719386755,0.9979533586203075,1.0,0.9481579675176874,0.7080534192075305,1.0,1.0,1.0,1.0
0.9985527909484375,0.997545997581966,1.0,0.9982241223067518,0.9971184244211457,1.0,0.9991140691025464,0.9980531567544233,1.0,0.999197041168614,0.9982638725786614,1.0,0.9991709338246721,0.9984152597877909,1.0,0.9976357719386755,0.9979533586203075,1.0,0.9481579675176874,0.7080534192075305,1.0,1.0,1.0,1.0
0.9985527909484375,0.997545997581966,1.0,0.9982241223067518,0.9971184244211457,1.0,0.9991140691025464,0.9980531567544233,1.0,0.999197041168614,0.9982638725786614,1.0,0.9991709338246721,0.9984152597877909,1.0,0.9976357719386755,0.9979533586203075,1.0,0.9481579675176874,0.7080534192075305,1.0,1.0,1.0,1.0
0.9985527909484375,0.997545997581966,1.0,0.9982241223067518,0.9971184244211457,1.0,0.9991140691025464,0.9980531567544233,1.0,0.999197041168614,0.9982638725786614,1.0,0.9991709338246721,0.9984152597877909,1.0,0.9976357719386755,0.9979533586203075,1.0,0.9481579675176874,0.7080534192075305,1.0,1.0,1.0,1.0
0.9985527909484375,0.997545997581966,1.0,0.9982241223067518,0.9971184244211457,1.0,0.9991140691025464,0.9980531567544233,1.0,0.999197041168614,0.9982638725786614,1.0,0.9991709338246721,0.9984152597877909,1.0,0.9976357719386755,0.9979533586203075,1.0,0.9481579675176874,0.7080534192075305,1.0,1.0,1.0,1.0
0.9985527909484375,0.997545997581966,1.0,0.9982241223067518,0.9971184244211457,1.0,0.9991140691025464,0.9980531567544233,1.0,0.999197041168614,0.9982638725786614,1.0,0.9991709338246721,0.9984152597877909,1.0,0.9976357719386755,0.9979533586203075,1.0,0.9481579675176874,0.7080534192075305,1.0,1.0,1.0,1.0
0.9985527909484375,0.997545997581966,1.0,0.9982241223067518,0.9971184244211457,1.0,0.9991140691025464,0.9980531567544233,1.0,0.999197041168614,0.9982638725786614,1.0,0.9991709338246721,0.9984152597877909,1.0,0.9976357719386755,0.9979533586203075,1.0,0.9481579675176874,0.7080534192075305,1.0,1.0,1.0,1.0
0.9985527909484375,0.997545997581966,1.0,0.9982241223067518,0.9971184244211457,1.0,0.9991140691025464,0.9980531567544233,1.0,0.999197041168614,0.9982638725786614,1.0,0.9991709338246721,0.9984152597877909,1.0,0.9976357719386755,0.9979533586203075,1.0,0.9481579675176874,0.7080534192075305,1.0,1.0,1.0,1.0
0.0,0.0,0.0,0.0,0.0,0.0,0.0,0.0,0.0,0.0,0.0,0.0,0.0,0.0,0.0,0.0,0.0,0.0,0.0,0.0,0.0,0.0,0.0,0.0
0.996733052343302,0.9967539333868132,0.7246806550665781,0.9980875163304006,0.9973843549496877,1.0,0.9987480976483738,0.9988994334420056,1.0,0.9986035498585721,0.9981605316606448,1.0,0.9986554123978522,0.9979545074183562,1.0,0.99766396545904,0.9989643272497801,1.0,0.9475819449345693,0.7078443281562556,0.724602373887258,1.0,1.0,0.7244907975460322
0.9966433331838545,0.9970731532136341,0.6870603889457954,0.9982991593922748,0.9980928415074857,0.686750261233037,0.9979761578597817,0.9992839197256131,0.687285014691497,0.9976527316003541,0.998089132481013,0.6863799171842544,0.9984765187683848,0.9985474936516283,0.688236710130397,0.9989910747370203,0.9988123018919026,0.6875939457202733,0.9474369856088884,0.7075370923256941,0.6870445103857392,1.0,1.0,0.6869928425358651
0.9985527909484375,0.997545997581966,1.0,0.9982241223067518,0.9971184244211457,1.0,0.9991140691025464,0.9980531567544233,1.0,0.999197041168614,0.9982638725786614,1.0,0.9991709338246721,0.9984152597877909,1.0,0.9976357719386755,0.9979533586203075,1.0,0.9481579675176874,0.7080534192075305,1.0,1.0,1.0,1.0
0.9985527909484375,0.997545997581966,1.0,0.9982241223067518,0.9971184244211457,1.0,0.9991140691025464,0.9980531567544233,1.0,0.999197041168614,0.9982638725786614,1.0,0.9991709338246721,0.9984152597877909,1.0,0.9976357719386755,0.9979533586203075,1.0,0.9481579675176874,0.7080534192075305,1.0,1.0,1.0,1.0
0.9985527909484375,0.997545997581966,1.0,0.9982241223067518,0.9971184244211457,1.0,0.9991140691025464,0.9980531567544233,1.0,0.999197041168614,0.9982638725786614,1.0,0.9991709338246721,0.9984152597877909,1.0,0.9976357719386755,0.9979533586203075,1.0,0.9481579675176874,0.7080534192075305,1.0,1.0,1.0,1.0
0.998562543030971,0.9975679439450573,1.0,0.9982260463345938,0.9971184244211457,1.0,0.9991140691025464,0.9980531567544233,1.0,0.999197041168614,0.9982638725786614,1.0,0.9991709338247006,0.9984152597877909,1.0,0.9976357719386755,0.9979533586203075,1.0,0.9481579675176874,0.7080534192075305,0.9999990108803161,1.0,1.0,0.9999989775051148
0.0,0.0,0.0,0.0,0.0,0.0,0.0,0.0,0.0,0.0,0.0,0.0,0.0,0.0,0.0,0.0,0.0,0.0,0.0,0.0,0.0,0.0,0.0,0.0
0.9985605926144814,0.9975499878297995,1.0,0.9982241223067518,0.9971184244211457,1.0,0.9991140691025464,0.9980531567544233,1.0,0.999197041168614,0.9982638725786614,1.0,0.9991709338246721,0.9984152597877909,1.0,0.9976357719386755,0.9979533586203075,1.0,0.9481579675176874,0.7080534192075305,1.0,1.0,1.0,1.0
0.9985527909484375,0.997545997581966,1.0,0.9982241223067518,0.9971184244211457,1.0,0.9991140691025464,0.9980531567544233,1.0,0.999197041168614,0.9982638725786614,1.0,0.9991709338246721,0.9984152597877909,1.0,0.9976357719386755,0.9979533586203075,1.0,0.9481579675176874,0.7080534192075305,1.0,1.0,1.0,1.0
0.9985527909484375,0.997545997581966,1.0,0.9982241223067518,0.9971184244211457,1.0,0.9991140691025464,0.9980531567544233,1.0,0.999197041168614,0.9982638725786614,1.0,0.9991709338246721,0.9984152597877909,1.0,0.9976357719386755,0.9979533586203075,1.0,0.9481579675176874,0.7080534192075305,1.0,1.0,1.0,1.0
0.9985527909484375,0.997545997581966,1.0,0.9982241223067518,0.9971184244211457,1.0,0.9991140691025464,0.9980531567544233,1.0,0.999197041168614,0.9982638725786614,1.0,0.9991709338246721,0.9984152597877909,1.0,0.9976357719386755,0.9979533586203075,1.0,0.9481579675176874,0.7080534192075305,1.0,1.0,1.0,1.0
0.9985488901154298,0.9975499878298137,1.0,0.9982241223067518,0.9971184244211457,1.0,0.9991140691025464,0.9980531567544233,1.0,0.999197041168614,0.9982638725786614,1.0,0.9991709338246721,0.9984152597877909,1.0,0.9976357719386755,0.9979533586203075,1.0,0.9481579675176874,0.7080534192075305,1.0,1.0,1.0,1.0
0.9985742455300795,0.9975759244407243,1.0,0.9982241223067518,0.9971184244211457,1.0,0.9991140691025464,0.9980531567544233,1.0,0.999197041168614,0.9982638725786614,1.0,0.9991709338246721,0.9984152597877909,1.0,0.9976357719386755,0.9979533586203075,1.0,0.9481579675176874,0.7080534192075305,1.0,1.0,1.0,1.0
0.9985527909484375,0.997545997581966,1.0,0.9982241223067518,0.9971184244211457,1.0,0.9991140691025464,0.9980531567544233,1.0,0.999197041168614,0.9982638725786614,1.0,0.9991709338246721,0.9984152597877909,1.0,0.9976357719386755,0.9979533586203075,1.0,0.9481579675176874,0.7080534192075305,1.0,1.0,1.0,1.0
0.9985527909484375,0.997545997581966,1.0,0.9982241223067518,0.9971184244211457,1.0,0.9991140691025464,0.9980531567544233,1.0,0.999197041168614,0.9982638725786614,1.0,0.9991709338246721,0.9984152597877909,1.0,0.9976357719386755,0.9979533586203075,1.0,0.9481579675176874,0.7080534192075305,1.0,1.0,1.0,1.0
0.9969456477431464,0.9975799146885294,0.7340368474923622,0.9987763182959242,0.9981960384288868,1.0,0.9975881881211848,0.9988180606836181,1.0,0.9988273926017115,0.9972285844735183,1.0,0.9989420269224496,0.998080542819821,1.0,0.9979217347875817,0.9991505583131186,1.0,0.947654424597232,0.7079410505472765,0.734103857566808,1.0,1.0,0.7341042944784988
0.0,0.0,0.0,0.0,0.0,0.0,0.0,0.0,0.0,0.0,0.0,0.0,0.0,0.0,0.0,0.0,0.0,0.0,0.0,0.0,0.0,0.0,0.0,0.0
0.9985527909484375,0.997545997581966,1.0,0.9982241223067518,0.9971184244211457,1.0,0.9991140691025464,0.9980531567544233,1.0,0.999197041168614,0.9982638725786614,1.0,0.9991709338246721,0.9984152597877909,1.0,0.9976357719386755,0.9979533586203075,1.0,0.9481579675176874,0.7080534192075305,1.0,1.0,1.0,1.0
0.9985547413649414,0.9975539780776614,1.0,0.9982241223067518,0.9971184244211457,1.0,0.9991140691025464,0.9980531567544233,1.0,0.999197041168614,0.9982638725786614,1.0,0.9991709338246721,0.9984152597877909,1.0,0.9976357719386755,0.9979533586203075,1.0,0.9481579675176874,0.7080534192075305,1.0,1.0,1.0,1.0
0.9985527909484375,0.997545997581966,1.0,0.9982241223067518,0.9971184244211457,1.0,0.9991140691025464,0.9980531567544233,1.0,0.999197041168614,0.9982638725786614,1.0,0.9991709338246721,0.9984152597877909,1.0,0.9976357719386755,0.9979533586203075,1.0,0.9481579675176874,0.7080534192075305,1.0,1.0,1.0,1.0
0.9985527909484375,0.997545997581966,1.0,0.9982241223067518,0.9971184244211457,1.0,0.9991140691025464,0.9980531567544233,1.0,0.999197041168614,0.9982638725786614,1.0,0.9991709338246721,0.9984152597877909,1.0,0.9976357719386755,0.9979533586203075,1.0,0.9481579675176874,0.7080534192075305,1.0,1.0,1.0,1.0
0.9985527909484375,0.997545997581966,1.0,0.9982241223067518,0.9971184244211457,1.0,0.9991140691025464,0.9980531567544233,1.0,0.999197041168614,0.9982638725786614,1.0,0.9991709338246721,0.9984152597877909,1.0,0.9976357719386755,0.9979533586203075,1.0,0.9481579675176874,0.7080534192075305,1.0,1.0,1.0,1.0
0.0,0.0,0.0,0.0,0.0,0.0,0.0,0.0,0.0,0.0,0.0,0.0,0.0,0.0,0.0,0.0,0.0,0.0,0.0,0.0,0.0,0.0,0.0,0.0
0.9985527909484375,0.997545997581966,1.0,0.9982241223067518,0.9971184244211457,1.0,0.9991140691025464,0.9980531567544233,1.0,0.999197041168614,0.9982638725786614,1.0,0.9991709338246721,0.9984152597877909,1.0,0.9976357719386755,0.9979533586203075,1.0,0.9481579675176874,0.7080534192075305,1.0,1.0,1.0,1.0
0.996742804426006,0.9968616700784452,0.9197093142272195,0.9997806608268149,0.9976899766020608,1.0,0.9982421371132517,0.9983257554951024,1.0,0.9994352591339464,0.998397276309035,1.0,0.9987804455798113,0.9981631889847051,1.0,0.9977586151344724,0.99851965307802,1.0,0.948333444596031,0.7080150147287867,0.920000989119707,1.0,1.0,0.9203640081799591
0.9985527909484375,0.997545997581966,1.0,0.9982241223067518,0.9971184244211457,1.0,0.9991140691025464,0.9980531567544233,1.0,0.999197041168614,0.9982638725786614,1.0,0.9991709338246721,0.9984152597877909,1.0,0.9976357719386755,0.9979533586203075,1.0,0.9481579675176874,0.7080534192075305,1.0,1.0,1.0,1.0
0.9985527909484375,0.997545997581966,1.0,0.9982241223067518,0.9971184244211457,1.0,0.9991140691025464,0.9980531567544233,1.0,0.999197041168614,0.9982638725786614,1.0,0.9991709338246721,0.9984152597877909,1.0,0.9976357719386755,0.9979533586203075,1.0,0.9481579675176874,0.7080534192075305,1.0,1.0,1.0,1.0
0.9965048536115688,0.9982323202093397,0.5015035823951024,0.9984569296748163,0.9984361697271424,0.5014911180772756,0.9995280368131603,0.998561736494608,0.5021292850146608,0.9978416630899858,0.9986941465823946,0.5012857142856646,0.9973339078445775,0.9991301491142792,0.5029207622868341,0.9993233555122032,0.9991296548263051,0.5022212943632383,0.9478146427992584,0.7076935550172294,0.5016686449060614,1.0,1.0,0.5020419222903669
0.9985527909484375,0.997545997581966,1.0,0.9982241223067518,0.9971184244211457,1.0,0.9991140691025464,0.9980531567544233,1.0,0.999197041168614,0.9982638725786614,1.0,0.9991709338246721,0.9984152597877909,1.0,0.9976357719386755,0.9979533586203075,1.0,0.9481579675176874,0.7080534192075305,1.0,1.0,1.0,1.0
0.9962532498813914,0.9978612271608114,0.49995496417607654,0.9991899842809318,0.9975431194443587,1.0,0.999008077369993,0.9976605331949742,1.0,0.9981681859907781,0.9990642949611441,1.0,0.9974204692782678,0.9986900582859306,1.0,0.9993978669589154,0.9991980662374544,1.0,0.9478814003834515,0.7076608400907674,0.4993175074184606,1.0,1.0,0.49980061349692306
0.9985527909484375,0.997545997581966,1.0,0.9982241223067518,0.9971184244211457,1.0,0.9991140691025464,0.9980531567544233,1.0,0.999197041168614,0.9982638725786614,1.0,0.9991709338246721,0.9984152597877909,1.0,0.9976357719386755,0.9979533586203075,1.0,0.9481579675176874,0.7080534192075305,1.0,1.0,1.0,1.0
0.9985527909484375,0.997545997581966,1.0,0.9982241223067518,0.9971184244211457,1.0,0.9991140691025464,0.9980531567544233,1.0,0.999197041168614,0.9982638725786614,1.0,0.9991709338246721,0.9984152597877909,1.0,0.9976357719386755,0.9979533586203075,1.0,0.9481579675176874,0.7080534192075305,1.0,1.0,1.0,1.0
0.9985488901153872,0.9975380170863275,0.9999979529170915,0.9982260463345938,0.9971184244211315,0.9999958202716925,0.999116068946563,0.9980592597112974,0.9999980411361378,0.9991990947717682,0.9982638725786757,0.9999989648033107,0.9991670866498481,0.9984152597877909,0.9999989969909748,0.9976357719386755,0.9979533586203075,0.9999979123173262,0.9481579675176874,0.70805484159564,0.9999980217606392,1.0,1.0,0.9999979550102296
0.9971543423097273,0.9992877407613889,0.4992180143296352,0.9986339402358908,0.9981245944061925,0.4992591431556974,0.9993420513202125,0.9984071282535893,0.49980313418218003,0.9980038977387409,0.9986809941020311,0.4989513457556143,0.9974954891874148,0.999078495261017,0.5006519558675961,0.9994139775419484,0.9991904649696011,0.49995093945719304,0.947885215102545,0.7076608400907531,0.4993293768546607,1.0,1.0,0.4998077709611408
0.9985527909484375,0.997545997581966,1.0,0.9982241223067518,0.9971184244211457,1.0,0.9991140691025464,0.9980531567544233,1.0,0.999197041168614,0.9982638725786614,1.0,0.9991709338246721,0.9984152597877909,1.0,0.9976357719386755,0.9979533586203075,1.0,0.9481579675176874,0.7080534192075305,1.0,1.0,1.0,1.0
0.9985566917814452,0.9975539780776614,1.0,0.9982241223067518,0.9971184244211457,1.0,0.9991140691025464,0.9980531567544233,1.0,0.999197041168614,0.9982638725786614,1.0,0.9991709338246721,0.9984152597877909,1.0,0.9976357719386755,0.9979533586203075,1.0,0.9481579675176874,0.7080534192075305,1.0,1.0,1.0,1.0
0.9985527909484375,0.997545997581966,1.0,0.9982241223067518,0.9971184244211457,1.0,0.9991140691025464,0.9980531567544233,1.0,0.999197041168614,0.9982638725786614,1.0,0.9991709338246721,0.9984152597877909,1.0,0.9976357719386755,0.9979533586203075,1.0,0.9481579675176874,0.7080534192075305,1.0,1.0,1.0,1.0
0.9985527909484375,0.997545997581966,1.0,0.9982241223067518,0.9971184244211457,1.0,0.9991140691025464,0.9980531567544233,1.0,0.999197041168614,0.9982638725786614,1.0,0.9991709338246721,0.9984152597877909,1.0,0.9976357719386755,0.9979533586203075,1.0,0.9481579675176874,0.7080534192075305,1.0,1.0,1.0,1.0
0.9985508405319337,0.997545997581966,1.0,0.9982241223067518,0.9971184244211457,1.0,0.9991140691025464,0.9980531567544233,1.0,0.999197041168614,0.9982638725786614,1.0,0.9991709338246721,0.9984152597877909,1.0,0.9976357719386755,0.9979533586203075,1.0,0.9481579675176874,0.7080534192075305,1.0,1.0,1.0,1.0
0.9985527909484375,0.997545997581966,1.0,0.9982241223067518,0.9971184244211457,1.0,0.9991140691025464,0.9980531567544233,1.0,0.999197041168614,0.9982638725786614,1.0,0.9991709338246721,0.9984152597877909,1.0,0.9976357719386755,0.9979533586203075,1.0,0.9481579675176874,0.7080534192075305,1.0,1.0,1.0,1.0
0.9969768544073077,0.9987330963125771,0.523379733879203,0.9980990604973101,0.9978189727539757,0.5232539184952429,0.9983521285337531,0.9983440643657673,0.5237904015671049,0.9984762264631684,0.998972227597946,0.5231656314698654,0.9976570705301953,0.998739645985026,0.5246730190570545,0.9997039680366271,0.9993120852558661,0.5239739039665636,0.9481331718435939,0.7075811863569044,0.523443125618094,1.0,1.0,0.5237975460121902
0.9985527909484375,0.997545997581966,1.0,0.9982241223067518,0.9971184244211457,1.0,0.9991140691025464,0.9980531567544233,1.0,0.999197041168614,0.9982638725786614,1.0,0.9991709338246721,0.9984152597877909,1.0,0.9976357719386755,0.9979533586203075,1.0,0.9481579675176874,0.7080534192075305,1.0,1.0,1.0,1.0
0.9985527909484375,0.997545997581966,1.0,0.9982241223067518,0.9971184244211457,1.0,0.9991140691025464,0.9980531567544233,1.0,0.999197041168614,0.9982638725786614,1.0,0.9991709338246721,0.9984152597877909,1.0,0.9976357719386755,0.9979533586203075,1.0,0.9481579675176874,0.7080534192075305,1.0,1.0,1.0,1.0
0.0,0.0,0.0,0.0,0.0,0.0,0.0,0.0,0.0,0.0,0.0,0.0,0.0,0.0,0.0,0.0,0.0,0.0,0.0,0.0,0.0,0.0,0.0,0.0
0.9985527909484375,0.997545997581966,1.0,0.9982241223067518,0.9971184244211457,1.0,0.9991140691025464,0.9980531567544233,1.0,0.999197041168614,0.9982638725786614,1.0,0.9991709338246721,0.9984152597877909,1.0,0.9976357719386755,0.9979533586203075,1.0,0.9481579675176874,0.7080534192075305,1.0,1.0,1.0,1.0
0.9985527909484375,0.997545997581966,1.0,0.9982241223067518,0.9971184244211457,1.0,0.9991140691025464,0.9980531567544233,1.0,0.999197041168614,0.9982638725786614,1.0,0.9991709338246721,0.9984152597877909,1.0,0.9976357719386755,0.9979533586203075,1.0,0.9481579675176874,0.7080534192075305,1.0,1.0,1.0,1.0
0.9972967227152338,0.9959119910937915,0.8937277379733644,0.9984376893965816,0.9979439997936765,0.8937126436781426,0.9987620965564048,0.9976239154536728,0.8935014691478216,0.999040967329293,0.9976024907038976,0.8935300207038992,0.9992767311324258,0.998745844447356,0.8944112337010353,0.9978129883521802,0.9986298714626116,0.8943277661794653,0.9485375320676042,0.7079837221904626,0.8935984174083913,1.0,1.0,0.8938139059303936
0.9992646929752311,0.9977355343541063,0.8264534288638714,0.9986820409318256,0.99806902683315,0.825920585161974,0.9977281772022764,0.9975730574795705,0.8264378060724198,0.9988027493640317,0.9967438216222746,0.8261273291925164,0.998207216530389,0.9990495691033772,0.8274122367101242,0.9981956146994975,0.9982916150412962,0.826955114822475,0.9481770411131123,0.7081828565250845,0.8261770524233114,1.0,1.0,0.8263701431493047
0.9985527909484375,0.997545997581966,1.0,0.9982241223067518,0.9971184244211457,1.0,0.9991140691025464,0.9980531567544233,1.0,0.999197041168614,0.9982638725786614,1.0,0.9991709338246721,0.9984152597877909,1.0,0.9976357719386755,0.9979533586203075,1.0,0.9481579675176874,0.7080534192075305,1.0,1.0,1.0,1.0
0.998548890115373,0.9975579683254665,1.0,0.9982260463345938,0.9971184244211457,1.0,0.9991140691025464,0.9980531567544233,1.0,0.9991990947717682,0.9982638725786614,1.0,0.9991690102372672,0.9984152597877909,1.0,0.9976357719386755,0.9979533586203075,1.0,0.9481579675176874,0.7080534192075305,0.9999990108803161,1.0,1.0,0.9999989775051148
0.9985527909484375,0.997545997581966,1.0,0.9982241223067518,0.9971184244211457,1.0,0.9991140691025464,0.9980531567544233,1.0,0.999197041168614,0.9982638725786614,1.0,0.9991709338246721,0.9984152597877909,1.0,0.9976357719386755,0.9979533586203075,1.0,0.9481579675176874,0.7080534192075305,1.0,1.0,1.0,1.0
0.9985742455300795,0.9975499878298137,1.0,0.9982241223067518,0.9971184244211457,1.0,0.9991140691025464,0.9980531567544233,1.0,0.999197041168614,0.9982638725786614,1.0,0.9991709338246721,0.9984152597877909,1.0,0.9976357719386755,0.9979533586203075,1.0,0.9481579675176874,0.7080534192075305,1.0,1.0,1.0,1.0
0.9985527909484375,0.997545997581966,1.0,0.9982241223067518,0.9971184244211457,1.0,0.9991140691025464,0.9980531567544233,1.0,0.999197041168614,0.9982638725786614,1.0,0.9991709338246721,0.9984152597877909,1.0,0.9976357719386755,0.9979533586203075,1.0,0.9481579675176874,0.7080534192075305,1.0,1.0,1.0,1.0
0.9985527909484375,0.997545997581966,1.0,0.9982241223067518,0.9971184244211457,1.0,0.9991140691025464,0.9980531567544233,1.0,0.999197041168614,0.9982638725786614,1.0,0.9991709338246721,0.9984152597877909,1.0,0.9976357719386755,0.9979533586203075,1.0,0.9481579675176874,0.7080534192075305,1.0,1.0,1.0,1.0
0.9985527909484375,0.997545997581966,1.0,0.9982241223067518,0.9971184244211457,1.0,0.9991140691025464,0.9980531567544233,1.0,0.999197041168614,0.9982638725786614,1.0,0.9991709338246721,0.9984152597877909,1.0,0.9976357719386755,0.9979533586203075,1.0,0.9481579675176874,0.7080534192075305,1.0,1.0,1.0,1.0
0.998583997612684,0.9975639536972665,0.9999447287615624,0.9982702989749015,0.9970390421737534,0.9999383490073726,0.9991360673867575,0.9980124703752011,0.9999353574926957,0.9992340060253042,0.9982864196880854,0.999957556935847,0.9991709338246579,0.9984255905583836,0.9999528585757531,0.9976297304700665,0.9979419567184351,0.9999467640919022,0.9481751337536224,0.7080534192075305,0.9999515331355369,1.0,1.0,0.999942740286329
0.9985527909484375,0.997545997581966,1.0,0.9982241223067518,0.9971184244211457,1.0,0.9991140691025464,0.9980531567544233,1.0,0.999197041168614,0.9982638725786614,1.0,0.9991709338246721,0.9984152597877909,1.0,0.9976357719386755,0.9979533586203075,1.0,0.9481579675176874,0.7080534192075305,1.0,1.0,1.0,1.0
0.9985742455300795,0.9975719341928908,1.0,0.9982241223067518,0.9971184244211457,1.0,0.9991140691025464,0.9980531567544233,1.0,0.999197041168614,0.9982638725786614,1.0,0.9991709338246721,0.9984152597877909,1.0,0.9976357719386755,0.9979533586203075,1.0,0.9481579675176874,0.7080534192075305,1.0,1.0,1.0,1.0
0.9985547413649982,0.9975958756798065,0.9999918116683801,0.9982414385572866,0.9971164398649108,1.0,0.9991240683225868,0.99805112243547,1.0,0.9991949875654598,0.998265751504448,1.0,0.9991651630624574,0.9984193920960251,1.0,0.9976317442929172,0.9979590595712153,1.0,0.9481579675177159,0.70805484159564,0.9999881305638141,1.0,1.0,0.9999938650306817
0.0,0.0,0.0,0.0,0.0,0.0,0.0,0.0,0.0,0.0,0.0,0.0,0.0,0.0,0.0,0.0,0.0,0.0,0.0,0.0,0.0,0.0,0.0,0.0
0.9985527909484375,0.997545997581966,1.0,0.9982241223067518,0.9971184244211457,1.0,0.9991140691025464,0.9980531567544233,1.0,0.999197041168614,0.9982638725786614,1.0,0.9991709338246721,0.9984152597877909,1.0,0.9976357719386755,0.9979533586203075,1.0,0.9481579675176874,0.7080534192075305,1.0,1.0,1.0,1.0
0.9993953708812882,0.9971529581702043,0.9950818833163595,0.9981510092487724,0.9965945015886746,0.9950815047022061,0.9991780641111347,0.9981670786162198,0.9950274240940331,0.9989731984253183,0.9979256659379558,0.9951521739130982,0.9990555185799082,0.9985412951891561,0.9951845536610406,0.997659937813296,0.9980426735180288,0.995150313152493,0.948114098248098,0.7080007908477057,0.99507715133538,1.0,1.0,0.9951523517382839
0.9985527909484375,0.997545997581966,1.0,0.9982241223067518,0.9971184244211457,1.0,0.9991140691025464,0.9980531567544233,1.0,0.999197041168614,0.9982638725786614,1.0,0.9991709338246721,0.9984152597877909,1.0,0.9976357719386755,0.9979533586203075,1.0,0.9481579675176874,0.7080534192075305,1.0,1.0,1.0,1.0
0.9985605926144956,0.9975479927059467,0.999976458546584,0.9982472106408267,0.9971005634154722,0.9999770114942663,0.9991200686345536,0.9980368822027685,0.9999784524975723,0.9991949875654598,0.9982770250591528,0.9999824016563181,0.9991670866498623,0.9984276567125505,0.9999829488465437,0.9976357719386755,0.9979590595712153,0.9999801670146198,0.9481598748772626,0.7080562639837495,0.9999831849653873,1.0,1.0,0.9999815950920308
0.9985527909484375,0.997545997581966,1.0,0.9982241223067518,0.9971184244211457,1.0,0.9991140691025464,0.9980531567544233,1.0,0.999197041168614,0.9982638725786614,1.0,0.9991709338246721,0.9984152597877909,1.0,0.9976357719386755,0.9979533586203075,1.0,0.9481579675176874,0.7080534192075305,1.0,1.0,1.0,1.0
0.9985527909484375,0.997545997581966,1.0,0.9982241223067518,0.9971184244211457,1.0,0.9991140691025464,0.9980531567544233,1.0,0.999197041168614,0.9982638725786614,1.0,0.9991709338246721,0.9984152597877909,1.0,0.9976357719386755,0.9979533586203075,1.0,0.9481579675176874,0.7080534192075305,1.0,1.0,1.0,1.0
0.9985508405319052,0.9975619585733,1.0,0.9982260463345938,0.9971184244211457,1.0,0.9991140691025464,0.9980531567544233,1.0,0.9991990947717682,0.9982638725786614,1.0,0.9991690102372672,0.9984152597877909,1.0,0.9976357719386755,0.9979533586203075,1.0,0.9481579675176874,0.7080534192075305,0.9999990108803161,1.0,1.0,0.9999989775051148
0.9985742455302073,0.997536021962361,0.9997134083932409,0.9983087795315555,0.9969080614656463,1.0,0.9991800639549808,0.9979677153579445,1.0,0.9992175772001701,0.9982356886919774,1.0,0.9992594188457105,0.9984545167160803,1.0,0.9975914678353206,0.9978868475262459,1.0,0.9481732263940756,0.7080491520431877,0.9997220573691337,1.0,1.0,0.9997218813907836
0.9989136180032006,0.9974681877491491,0.9955363357217237,0.9982722230023882,0.9966937293979043,0.995553814002129,0.9993720489802058,0.9981772502110573,0.9954593535749723,0.9989875736473834,0.9979087556059909,0.9955879917185086,0.9989862694329616,0.998440053637168,0.9956068204614823,0.9975773710751241,0.9980255706652486,0.9955803757829713,0.9481408012816814,0.7080150147287583,0.9955410484669613,1.0,1.0,0.9955766871166176
0.9967076969287092,0.9985116375577832,0.61542784032752,0.998562751206066,0.9978467565405538,0.6150512016718324,0.9973582060598432,0.9988709529766453,0.6152928501469219,0.9972646006050354,0.997831719649156,0.6145093167701958,0.9977917216490226,0.9985929490422336,0.6163951855566339,0.9984211628620017,0.9998346724231908,0.6156691022964296,0.9481026540908886,0.7079310938306094,0.6153452027694897,1.0,1.0,0.6152321063394623
0.9985527909484375,0.997545997581966,1.0,0.9982241223067518,0.9971184244211457,1.0,0.9991140691025464,0.9980531567544233,1.0,0.999197041168614,0.9982638725786614,1.0,0.9991709338246721,0.9984152597877909,1.0,0.9976357719386755,0.9979533586203075,1.0,0.9481579675176874,0.7080534192075305,1.0,1.0,1.0,1.0
0.9985527909484375,0.997545997581966,1.0,0.9982241223067518,0.9971184244211457,1.0,0.9991140691025464,0.9980531567544233,1.0,0.999197041168614,0.9982638725786614,1.0,0.9991709338246721,0.9984152597877909,1.0,0.9976357719386755,0.9979533586203075,1.0,0.9481579675176874,0.7080534192075305,1.0,1.0,1.0,1.0
0.9985527909484375,0.997545997581966,1.0,0.9982241223067518,0.9971184244211457,1.0,0.9991140691025464,0.9980531567544233,1.0,0.999197041168614,0.9982638725786614,1.0,0.9991709338246721,0.9984152597877909,1.0,0.9976357719386755,0.9979533586203075,1.0,0.9481579675176874,0.7080534192075305,1.0,1.0,1.0,1.0
0.9985527909484375,0.997545997581966,1.0,0.9982241223067518,0.9971184244211457,1.0,0.9991140691025464,0.9980531567544233,1.0,0.999197041168614,0.9982638725786614,1.0,0.9991709338246721,0.9984152597877909,1.0,0.9976357719386755,0.9979533586203075,1.0,0.9481579675176874,0.7080534192075305,1.0,1.0,1.0,1.0
0.9971445902272507,0.9968097968564962,0.9271177072671222,0.9982375905015743,0.9976205171356582,0.9271473354231503,0.9992220606793154,0.9978822739616504,0.9267649363369515,0.9996324050362659,0.9986114738480723,0.927071428571395,0.9983457148242536,0.9986363382787573,0.9275767301905304,0.9977203524996838,0.9986013667078453,0.927431106471829,0.9482972047645717,0.7079865669666816,0.9269920870425423,1.0,1.0,0.9274938650306694
0.9973727889590833,0.9976437586538651,0.975597748208834,0.9979739986879821,0.9969814900443907,0.9757826541275278,0.9992540581835527,0.997971783995979,0.9756807051909888,0.9990348065198305,0.9980083386724914,0.9760817805382445,0.9986708010971483,0.9987210505978368,0.9762657973922089,0.9977445183742191,0.9979305548164774,0.9759697286012496,0.9483334445959741,0.7081032027912073,0.9759614243323398,1.0,1.0,0.9761462167688464
0.9985527909484375,0.997545997581966,1.0,0.9982241223067518,0.9971184244211457,1.0,0.9991140691025464,0.9980531567544233,1.0,0.999197041168614,0.9982638725786614,1.0,0.9991709338246721,0.9984152597877909,1.0,0.9976357719386755,0.9979533586203075,1.0,0.9481579675176874,0.7080534192075305,1.0,1.0,1.0,1.0
0.9985527909484375,0.997545997581966,1.0,0.9982241223067518,0.9971184244211457,1.0,0.9991140691025464,0.9980531567544233,1.0,0.999197041168614,0.9982638725786614,1.0,0.9991709338246721,0.9984152597877909,1.0,0.9976357719386755,0.9979533586203075,1.0,0.9481579675176874,0.7080534192075305,1.0,1.0,1.0,1.0
0.9985293859502917,0.9975360219623326,0.9999969293756408,0.9982337424459189,0.9971124707525831,1.0,0.999120068634582,0.9980531567544233,1.0,0.9992011483749081,0.998269509356021,1.0,0.9991651630624574,0.9984173259419009,1.0,0.9976317442929172,0.9979552589372673,1.0,0.9481579675176874,0.7080534192075305,0.9999960435212785,1.0,1.0,0.9999969325153373
0.9985527909484375,0.997545997581966,1.0,0.9982241223067518,0.9971184244211457,1.0,0.9991140691025464,0.9980531567544233,1.0,0.999197041168614,0.9982638725786614,1.0,0.9991709338246721,0.9984152597877909,1.0,0.9976357719386755,0.9979533586203075,1.0,0.9481579675176874,0.7080534192075305,1.0,1.0,1.0,1.0
1.0,0.9970512068504576,0.9946960081883773,0.9982241223066808,0.9966957139539119,1.0,0.9990580734702235,0.998260657288327,1.0,0.9990306993135221,0.9980214911528265,1.0,0.9990670601043377,0.9985288982645244,1.0,0.9976317442930167,0.9980255706652343,1.0,0.948104561450279,0.7080036356238963,0.9946755687438298,1.0,1.0,0.9947862985685916
0.9985527909484375,0.997545997581966,1.0,0.9982241223067518,0.9971184244211457,1.0,0.9991140691025464,0.9980531567544233,1.0,0.999197041168614,0.9982638725786614,1.0,0.9991709338246721,0.9984152597877909,1.0,0.9976357719386755,0.9979533586203075,1.0,0.9481579675176874,0.7080534192075305,1.0,1.0,1.0,1.0
0.9985527909484375,0.997545997581966,1.0,0.9982241223067518,0.9971184244211457,1.0,0.9991140691025464,0.9980531567544233,1.0,0.999197041168614,0.9982638725786614,1.0,0.9991709338246721,0.9984152597877909,1.0,0.9976357719386755,0.9979533586203075,1.0,0.9481579675176874,0.7080534192075305,1.0,1.0,1.0,1.0
0.9986561630236395,0.9976138317952064,0.999852610030814,0.9983337918936144,0.9970311039490127,1.0,0.9991500662947743,0.9979941615045362,1.0,0.9992011483749792,0.9982770250591813,1.0,0.999188246111359,0.9984131936336098,1.0,0.9976337581158248,0.9979343554505533,1.0,0.9481770411132118,0.7080505744313257,0.9998476755688515,1.0,1.0,0.9998548057260734
0.9985527909484375,0.9975519829537376,1.0,0.9982241223067518,0.9971184244211457,1.0,0.9991140691025464,0.9980531567544233,1.0,0.999197041168614,0.9982638725786614,1.0,0.9991709338246721,0.9984152597877909,1.0,0.9976357719386755,0.9979533586203075,1.0,0.9481579675176874,0.7080534192075305,1.0,1.0,1.0,1.0
0.9985527909484375,0.997545997581966,1.0,0.9982241223067518,0.9971184244211457,1.0,0.9991140691025464,0.9980531567544233,1.0,0.999197041168614,0.9982638725786614,1.0,0.9991709338246721,0.9984152597877909,1.0,0.9976357719386755,0.9979533586203075,1.0,0.9481579675176874,0.7080534192075305,1.0,1.0,1.0,1.0
0.9958475632471391,0.9962631329031382,0.5053162743091235,0.9993304383129811,0.9976244862480002,1.0,0.9989280836095418,0.9982545543314814,1.0,0.9977862158049646,0.9992521875392413,1.0,0.9973512201313213,0.9988718798488208,1.0,0.9995630004350318,0.9990422402456858,1.0,0.9478718635856325,0.7077120460624826,0.504867457962419,1.0,1.0,0.5051646216768688
0.9985235347007375,0.9976238074147261,0.9999744114636826,0.998247210640784,0.9971104861963624,1.0,0.9991320676986817,0.9980185733321036,1.0,0.9991929339623056,0.9982751461333663,1.0,0.9991709338247148,0.9984317890207706,1.0,0.9976317442929172,0.9979514583033193,1.0,0.9481598748772626,0.7080534192075305,0.9999802176063426,1.0,1.0,0.9999775051124828
0.9988668080069516,0.9970871190809305,0.9964790174003397,0.9982337424458052,0.9965726714706307,0.9965203761756527,0.9993360517879069,0.9983379614088932,0.9964182174340763,0.9990820393923343,0.9981755630669511,0.9965144927536826,0.9990939903280633,0.99868799213192,0.9965325977935464,0.9976619516360756,0.9980825801743123,0.9965073068894696,0.9481560601580554,0.7080676430886115,0.9965143422355993,1.0,1.0,0.996464212679065
0.9985527909484375,0.9975479927058899,1.0,0.9982241223067518,0.9971184244211457,1.0,0.9991140691025464,0.9980531567544233,1.0,0.999197041168614,0.9982638725786614,1.0,0.9991709338246721,0.9984152597877909,1.0,0.9976357719386755,0.9979533586203075,1.0,0.9481579675176874,0.7080534192075305,1.0,1.0,1.0,1.0
0.9985527909484375,0.997545997581966,1.0,0.9982241223067518,0.9971184244211457,1.0,0.9991140691025464,0.9980531567544233,1.0,0.999197041168614,0.9982638725786614,1.0,0.9991709338246721,0.9984152597877909,1.0,0.9976357719386755,0.9979533586203075,1.0,0.9481579675176874,0.7080534192075305,1.0,1.0,1.0,1.0
0.9985527909484375,0.997545997581966,1.0,0.9982241223067518,0.9971184244211457,1.0,0.9991140691025464,0.9980531567544233,1.0,0.999197041168614,0.9982638725786614,1.0,0.9991709338246721,0.9984152597877909,1.0,0.9976357719386755,0.9979533586203075,1.0,0.9481579675176874,0.7080534192075305,1.0,1.0,1.0,1.0
0.9985527909484375,0.997545997581966,1.0,0.9982241223067518,0.9971184244211457,1.0,0.9991140691025464,0.9980531567544233,1.0,0.999197041168614,0.9982638725786614,1.0,0.9991709338246721,0.9984152597877909,1.0,0.9976357719386755,0.9979533586203075,1.0,0.9481579675176874,0.7080534192075305,1.0,1.0,1.0,1.0
0.9976458472707179,0.9977794270799762,0.9740399181166808,0.9982683749471448,0.9967671579765636,1.0,0.9991580656708834,0.9978578621340972,1.0,0.999123111455333,0.9979782758599924,1.0,0.9986919605587303,0.9984255905584263,1.0,0.9976901451565254,0.9978222367490304,1.0,0.948466959764275,0.7081174266722741,0.9743847675569484,1.0,1.0,0.9745429447853056
0.9985527909484375,0.997545997581966,1.0,0.9982241223067518,0.9971184244211457,1.0,0.9991140691025464,0.9980531567544233,1.0,0.999197041168614,0.9982638725786614,1.0,0.9991709338246721,0.9984152597877909,1.0,0.9976357719386755,0.9979533586203075,1.0,0.9481579675176874,0.7080534192075305,1.0,1.0,1.0,1.0
0.9985527909484375,0.9975479927058899,1.0,0.9982241223067518,0.9971184244211457,1.0,0.9991140691025464,0.9980531567544233,1.0,0.999197041168614,0.9982638725786614,1.0,0.9991709338246721,0.9984152597877909,1.0,0.9976357719386755,0.9979533586203075,1.0,0.9481579675176874,0.7080534192075305,1.0,1.0,1.0,1.0
0.9985527909484375,0.997545997581966,1.0,0.9982241223067518,0.9971184244211457,1.0,0.9991140691025464,0.9980531567544233,1.0,0.999197041168614,0.9982638725786614,1.0,0.9991709338246721,0.9984152597877909,1.0,0.9976357719386755,0.9979533586203075,1.0,0.9481579675176874,0.7080534192075305,1.0,1.0,1.0,1.0
0.9985527909484375,0.997545997581966,1.0,0.9982241223067518,0.9971184244211457,1.0,0.9991140691025464,0.9980531567544233,1.0,0.999197041168614,0.9982638725786614,1.0,0.9991709338246721,0.9984152597877909,1.0,0.9976357719386755,0.9979533586203075,1.0,0.9481579675176874,0.7080534192075305,1.0,1.0,1.0,1.0
0.9985527909484375,0.997545997581966,1.0,0.9982241223067518,0.9971184244211457,1.0,0.9991140691025464,0.9980531567544233,1.0,0.999197041168614,0.9982638725786614,1.0,0.9991709338246721,0.9984152597877909,1.0,0.9976357719386755,0.9979533586203075,1.0,0.9481579675176874,0.7080534192075305,1.0,1.0,1.0,1.0
0.9985527909484375,0.997545997581966,1.0,0.9982241223067518,0.9971184244211457,1.0,0.9991140691025464,0.9980531567544233,1.0,0.999197041168614,0.9982638725786614,1.0,0.9991709338246721,0.9984152597877909,1.0,0.9976357719386755,0.9979533586203075,1.0,0.9481579675176874,0.7080534192075305,1.0,1.0,1.0,1.0
0.9985332867834558,0.9969694067698924,0.9927308085978339,0.9983491841160657,0.9967969263195329,0.9927931034483919,0.9994340441445644,0.9979270289788218,0.9927228207640226,0.9992689172789397,0.9978486299811493,0.9927877846792157,0.9989804986707611,0.9983966644007012,0.9929077231695373,0.9977888224776166,0.998171895072133,0.9928475991650174,0.9481293571245146,0.7080093251763913,0.9927448071217171,1.0,1.0,0.9928169734152306
0.9985625430310421,0.9975499878297001,0.9999928352098308,0.9982375905016454,0.9971144553087612,1.0,0.9991220684785844,0.9980551910733766,1.0,0.999197041168614,0.9982732672075656,1.0,0.9991670866498907,0.9984214582501636,1.0,0.9976317442929172,0.9979628602051491,1.0,0.9481560601581549,0.70805484159564,0.9999920870425427,1.0,1.0,0.9999948875255669
0.9985527909484375,0.997545997581966,1.0,0.9982241223067518,0.9971184244211457,1.0,0.9991140691025464,0.9980531567544233,1.0,0.999197041168614,0.9982638725786614,1.0,0.9991709338246721,0.9984152597877909,1.0,0.9976357719386755,0.9979533586203075,1.0,0.9481579675176874,0.7080534192075305,1.0,1.0,1.0,1.0
0.9986035017778221,0.9976337830343596,0.9998505629479126,0.9983703484224975,0.9970013356062424,0.9998578892373118,0.999158065670855,0.9979717839959505,0.9998462291871775,0.9991744515340315,0.9982845407623131,0.9998581780539197,0.9992094055729126,0.998423524404231,0.9998635907724065,0.9976297304700665,0.9979267541826715,0.9998507306890403,0.9481732263941041,0.7080505744313257,0.999852621167264,1.0,1.0,0.9998609406953989
0.9960113982342449,0.9969314994153393,0.6754278403274796,0.997054313381966,0.9981226098500429,1.0,0.998130145848549,0.9984396773569983,1.0,0.9991847195497883,0.9991206627344837,1.0,0.9988958608246037,0.9987458444472992,1.0,0.9993072449292555,0.9989434237630377,1.0,0.9476372583613397,0.7076309699406096,0.6752453016814783,1.0,1.0,0.675175869120686
0.9990579488249978,0.9967678992544364,0.9935383828046582,0.9983395639769412,0.9968227255496913,0.993573667711722,0.9990920708185485,0.998114186323221,0.9935386875612551,0.9992463276442862,0.997831719649156,0.9935766045549528,0.9992132527476087,0.9986280736623883,0.9937241725176023,0.9977888224776166,0.9981148855629272,0.993640918580482,0.9481045614503216,0.7080363505503584,0.9935390702275555,1.0,1.0,0.9936104294480188
0.9985527909484375,0.997545997581966,1.0,0.9982241223067518,0.9971184244211457,1.0,0.9991140691025464,0.9980531567544233,1.0,0.999197041168614,0.9982638725786614,1.0,0.9991709338246721,0.9984152597877909,1.0,0.9976357719386755,0.9979533586203075,1.0,0.9481579675176874,0.7080534192075305,1.0,1.0,1.0,1.0
0.9985547413649414,0.9975539780776614,1.0,0.9982241223067518,0.9971184244211457,1.0,0.9991140691025464,0.9980531567544233,1.0,0.999197041168614,0.9982638725786614,1.0,0.9991709338246721,0.9984152597877909,1.0,0.9976357719386755,0.9979533586203075,1.0,0.9481579675176874,0.7080534192075305,1.0,1.0,1.0,1.0
0.9985527909484375,0.997545997581966,1.0,0.9982241223067518,0.9971184244211457,1.0,0.9991140691025464,0.9980531567544233,1.0,0.999197041168614,0.9982638725786614,1.0,0.9991709338246721,0.9984152597877909,1.0,0.9976357719386755,0.9979533586203075,1.0,0.9481579675176874,0.7080534192075305,1.0,1.0,1.0,1.0
0.9982602284718212,0.9976497440256793,0.9996008188334429,0.9983337918934723,0.9968425711115572,0.999608150470479,0.9992200608352846,0.9979819555907028,0.9996082272284852,0.9992771316915281,0.9982319308404755,0.9996314699795334,0.9991843989364924,0.9985082367231826,0.9996218655970281,0.9975995231268655,0.9979362557676126,0.9996054279752045,0.9481942073491325,0.708047729655064,0.9996073194859321,1.0,1.0,0.9995910020452428
0.9985839976126272,0.9975779195646339,1.0,0.9982241223067518,0.9971184244211457,1.0,0.9991140691025464,0.9980531567544233,1.0,0.9991990947717682,0.9982638725786614,1.0,0.9991728574121055,0.9984152597877909,1.0,0.9976377857615546,0.9979533586203075,1.0,0.9481579675176874,0.7080534192075305,0.9999990108803161,1.0,1.0,0.9999989775051148
0.0,0.0,0.0,0.0,0.0,0.0,0.0,0.0,0.0,0.0,0.0,0.0,0.0,0.0,0.0,0.0,0.0,0.0,0.0,0.0,0.0,0.0,0.0,0.0
0.9967506060916236,0.9971230313114035,0.929144319344978,0.9978277725723359,0.9975550267815407,0.9290950888192455,0.9991420669188926,0.9976300184104758,0.9287365328109942,0.9994968672284159,0.9983033300199224,0.9290414078675013,0.9984842131180045,0.9987479106014518,0.9295727181544962,0.9976619516362177,0.9985804632212023,0.9293924843423653,0.9481732263941467,0.7078969565161088,0.928990108803184,1.0,1.0,0.9294867075664897
0.9985527909484375,0.997545997581966,1.0,0.9982241223067518,0.9971184244211457,1.0,0.9991140691025464,0.9980531567544233,1.0,0.999197041168614,0.9982638725786614,1.0,0.9991709338246721,0.9984152597877909,1.0,0.9976357719386755,0.9979533586203075,1.0,0.9481579675176874,0.7080534192075305,1.0,1.0,1.0,1.0
0.9985761959465833,0.9975759244407243,1.0,0.9982241223067518,0.9971184244211457,1.0,0.9991140691025464,0.9980531567544233,1.0,0.9991990947717682,0.9982638725786614,1.0,0.9991709338246721,0.9984152597877909,1.0,0.9976377857615546,0.9979533586203075,1.0,0.9481579675176874,0.7080534192075305,0.9999990108803161,1.0,1.0,0.9999989775051148
0.9985527909484375,0.997545997581966,1.0,0.9982241223067518,0.9971184244211457,1.0,0.9991140691025464,0.9980531567544233,1.0,0.999197041168614,0.9982638725786614,1.0,0.9991709338246721,0.9984152597877909,1.0,0.9976357719386755,0.9979533586203075,1.0,0.9481579675176874,0.7080534192075305,1.0,1.0,1.0,1.0
0.9985781463630872,0.9975699390690522,0.9997666325487984,0.9983703484224122,0.9969675981511585,0.9997962382446488,0.999104069882506,0.9979372005734461,0.9997590597455073,0.9991744515340883,0.9982319308404186,0.9997774327123707,0.9992613424331722,0.9984276567124795,0.9997683049149018,0.9975693157836503,0.9979096513299623,0.9997703549062038,0.9481865779109029,0.7080434624907781,0.9997685459942289,1.0,1.0,0.9997730061351291
0.0,0.0,0.0,0.0,0.0,0.0,0.0,0.0,0.0,0.0,0.0,0.0,0.0,0.0,0.0,0.0,0.0,0.0,0.0,0.0,0.0,0.0,0.0,0.0
0.9985527909484375,0.997545997581966,1.0,0.9982241223067518,0.9971184244211457,1.0,0.9991140691025464,0.9980531567544233,1.0,0.999197041168614,0.9982638725786614,1.0,0.9991709338246721,0.9984152597877909,1.0,0.9976357719386755,0.9979533586203075,1.0,0.9481579675176874,0.7080534192075305,1.0,1.0,1.0,1.0
0.9985527909484375,0.997545997581966,1.0,0.9982241223067518,0.9971184244211457,1.0,0.9991140691025464,0.9980531567544233,1.0,0.999197041168614,0.9982638725786614,1.0,0.9991709338246721,0.9984152597877909,1.0,0.9976357719386755,0.9979533586203075,1.0,0.9481579675176874,0.7080534192075305,1.0,1.0,1.0,1.0
0.9960913653112016,0.9974103291555281,0.6900941658137256,0.9987513059339079,0.9980551349398041,0.6897513061651281,0.9975881881213695,0.9994507338805931,0.6902664054848913,0.9975048721734936,0.9984123077153981,0.6894844720497346,0.9982591533905634,0.9983677382428908,0.6911755265798121,0.9989709365082575,0.9990517418304563,0.6906638830898402,0.9475361683054757,0.7075612729234848,0.6901048466865447,1.0,1.0,0.6899611451942746
0.0,0.0,0.0,0.0,0.0,0.0,0.0,0.0,0.0,0.0,0.0,0.0,0.0,0.0,0.0,0.0,0.0,0.0,0.0,0.0,0.0,0.0,0.0,0.0
0.9985527909484375,0.997545997581966,1.0,0.9982241223067518,0.9971184244211457,1.0,0.9991140691025464,0.9980531567544233,1.0,0.999197041168614,0.9982638725786614,1.0,0.9991709338246721,0.9984152597877909,1.0,0.9976357719386755,0.9979533586203075,1.0,0.9481579675176874,0.7080534192075305,1.0,1.0,1.0,1.0
0.0,0.0,0.0,0.0,0.0,0.0,0.0,0.0,0.0,0.0,0.0,0.0,0.0,0.0,0.0,0.0,0.0,0.0,0.0,0.0,0.0,0.0,0.0,0.0
0.9977024093495288,0.9979569931087013,0.9782405322415713,0.9979278220198609,0.9965627486895698,1.0,0.9989660806456158,0.9982077649953851,1.0,0.9987945349513154,0.9980214911528975,1.0,0.9984976782297963,0.9984173259418583,1.0,0.9978150021749599,0.9981452906344828,1.0,0.9483506108319375,0.708137340105722,0.9785242334322888,1.0,1.0,0.9785971370143116
0.9963156632100265,0.9969175335480571,0.5063050153531279,0.9983972848119294,0.9981980229851501,0.5062006269592345,0.9991360673867575,0.9991964440104653,0.5069833496571832,0.9973241550964076,0.9987599089847521,0.5060393374740642,0.9975705090966471,0.9990392383328555,0.5077412236709833,0.9996959127451674,0.9991125519735675,0.506918580375789,0.9479271770125592,0.7076636848670006,0.5065133531157215,1.0,1.0,0.5068108384458299
0.9988941138379346,0.997510085351422,0.9956827021495798,0.9982356664736329,0.9969874437130528,1.0,0.9992720567795459,0.9983196525382567,1.0,0.9991723979308489,0.9979425762700487,1.0,0.9990920667407011,0.9982437689955219,1.0,0.9976196613556567,0.9979989662275699,1.0,0.9481655969558176,0.7080249714454823,1.0,1.0,1.0,0.9956584867076188
0.9985878984458196,0.9976258025386358,0.999903787103456,0.9983030074481434,0.9970569031794412,1.0,0.9991460666068548,0.998014504694126,1.0,0.9991970411685998,0.9982920564653739,1.0,0.9991901696988066,0.9984173259419293,1.0,0.9976478548759502,0.9979457573523831,1.0,0.9481675043154496,0.7080591087599828,0.9999040553907719,1.0,1.0,0.9998997955010935
0.0,0.0,0.0,0.0,0.0,0.0,0.0,0.0,0.0,0.0,0.0,0.0,0.0,0.0,0.0,0.0,0.0,0.0,0.0,0.0,0.0,0.0,0.0,0.0
0.9985527909484375,0.997545997581966,1.0,0.9982241223067518,0.9971184244211457,1.0,0.9991140691025464,0.9980531567544233,1.0,0.999197041168614,0.9982638725786614,1.0,0.9991709338246721,0.9984152597877909,1.0,0.9976357719386755,0.9979533586203075,1.0,0.9481579675176874,0.7080534192075305,1.0,1.0,1.0,1.0
0.9985527909484375,0.997545997581966,1.0,0.9982241223067518,0.9971184244211457,1.0,0.9991140691025464,0.9980531567544233,1.0,0.999197041168614,0.9982638725786614,1.0,0.9991709338246721,0.9984152597877909,1.0,0.9976357719386755,0.9979533586203075,1.0,0.9481579675176874,0.7080534192075305,1.0,1.0,1.0,1.0
0.9985527909484375,0.997545997581966,1.0,0.9982241223067518,0.9971184244211457,1.0,0.9991140691025464,0.9980531567544233,1.0,0.999197041168614,0.9982638725786614,1.0,0.9991709338246721,0.9984152597877909,1.0,0.9976357719386755,0.9979533586203075,1.0,0.9481579675176874,0.7080534192075305,1.0,1.0,1.0,1.0
0.9986366588585582,0.9984577692120808,0.8303295803479855,0.9993188941460005,0.99925380687489,1.0,0.9987800951525543,0.9978049698412121,1.0,0.9985973890491096,0.9979331816411445,1.0,0.9983476384115733,0.9992727137486952,1.0,0.9982238082196631,0.9983049172602847,1.0,0.9481255424053785,0.7081046251792742,0.8304253214638422,1.0,1.0,0.8305787321063178
0.9985527909484375,0.997545997581966,1.0,0.9982241223067518,0.9971184244211457,1.0,0.9991140691025464,0.9980531567544233,1.0,0.999197041168614,0.9982638725786614,1.0,0.9991709338246721,0.9984152597877909,1.0,0.9976357719386755,0.9979533586203075,1.0,0.9481579675176874,0.7080534192075305,1.0,1.0,1.0,1.0
0.9975015164488212,0.9985076473100634,0.5256407369498177,0.9983838166171921,0.9973228337080684,0.525486938348898,0.9983781265060401,0.9985088442015098,0.5260372184132649,0.9984864944789535,0.99860020029341,0.5254140786748493,0.9977186253274368,0.9987024552107471,0.5268996990972781,0.9997704241916239,0.9993557925462682,0.5262181628391929,0.9480473406640186,0.7075939878499184,0.5257784371907803,1.0,1.0,0.5260705521471678
0.0,0.0,0.0,0.0,0.0,0.0,0.0,0.0,0.0,0.0,0.0,0.0,0.0,0.0,0.0,0.0,0.0,0.0,0.0,0.0,0.0,0.0,0.0,0.0
0.9985547413649272,0.9975539780776614,1.0,0.9982241223067518,0.9971184244211457,1.0,0.9991140691025464,0.9980531567544233,1.0,0.999197041168614,0.9982638725786614,1.0,0.9991709338246721,0.9984152597877909,1.0,0.9976357719386755,0.9979533586203075,1.0,0.9481579675176874,0.7080534192075305,1.0,1.0,1.0,1.0
0.9985742455300795,0.9975420073341468,1.0,0.9982241223067518,0.9971184244211457,1.0,0.9991140691025464,0.9980531567544233,1.0,0.999197041168614,0.9982638725786614,1.0,0.9991709338246721,0.9984152597877909,1.0,0.9976357719386755,0.9979533586203075,1.0,0.9481579675176874,0.7080534192075305,1.0,1.0,1.0,1.0
0.9985527909484375,0.997545997581966,1.0,0.9982241223067518,0.9971184244211457,1.0,0.9991140691025464,0.9980531567544233,1.0,0.999197041168614,0.9982638725786614,1.0,0.9991709338246721,0.9984152597877909,1.0,0.9976357719386755,0.9979533586203075,1.0,0.9481579675176874,0.7080534192075305,1.0,1.0,1.0,1.0
0.9985527909484375,0.997545997581966,1.0,0.9982241223067518,0.9971184244211457,1.0,0.9991140691025464,0.9980531567544233,1.0,0.999197041168614,0.9982638725786614,1.0,0.9991709338246721,0.9984152597877909,1.0,0.9976357719386755,0.9979533586203075,1.0,0.9481579675176874,0.7080534192075305,1.0,1.0,1.0,1.0
0.9985527909484375,0.997545997581966,1.0,0.9982241223067518,0.9971184244211457,1.0,0.9991140691025464,0.9980531567544233,1.0,0.999197041168614,0.9982638725786614,1.0,0.9991709338246721,0.9984152597877909,1.0,0.9976357719386755,0.9979533586203075,1.0,0.9481579675176874,0.7080534192075305,1.0,1.0,1.0,1.0
0.0,0.0,0.0,0.0,0.0,0.0,0.0,0.0,0.0,0.0,0.0,0.0,0.0,0.0,0.0,0.0,0.0,0.0,0.0,0.0,0.0,0.0,0.0,0.0
0.9985527909484375,0.9975519829537376,1.0,0.9982241223067518,0.9971184244211457,1.0,0.9991140691025464,0.9980531567544233,1.0,0.999197041168614,0.9982638725786614,1.0,0.9991709338246721,0.9984152597877909,1.0,0.9976357719386755,0.9979533586203075,1.0,0.9481579675176874,0.7080534192075305,1.0,1.0,1.0,1.0
0.9985527909484375,0.997545997581966,1.0,0.9982241223067518,0.9971184244211457,1.0,0.9991140691025464,0.9980531567544233,1.0,0.999197041168614,0.9982638725786614,1.0,0.9991709338246721,0.9984152597877909,1.0,0.9976357719386755,0.9979533586203075,1.0,0.9481579675176874,0.7080534192075305,1.0,1.0,1.0,1.0
0.9968383748348941,0.9965284843840578,0.8909918116683642,0.9978739492403292,0.9979836909173514,0.8909561128526775,0.9990600733141974,0.9977154598066988,0.8908227228207934,0.9988623038552475,0.9976738898835009,0.8908167701863334,0.999224794272223,0.998535096726826,0.8916328986960593,0.9980727715037716,0.9984854473725733,0.8916680584551315,0.9484879407192608,0.707899801292271,0.8908476755686578,1.0,1.0,0.8910961145194634
0.9985527909484375,0.997545997581966,1.0,0.9982241223067518,0.9971184244211457,1.0,0.9991140691025464,0.9980531567544233,1.0,0.999197041168614,0.9982638725786614,1.0,0.9991709338246721,0.9984152597877909,1.0,0.9976357719386755,0.9979533586203075,1.0,0.9481579675176874,0.7080534192075305,1.0,1.0,1.0,1.0
0.9985527909484375,0.997545997581966,1.0,0.9982241223067518,0.9971184244211457,1.0,0.9991140691025464,0.9980531567544233,1.0,0.999197041168614,0.9982638725786614,1.0,0.9991709338246721,0.9984152597877909,1.0,0.9976357719386755,0.9979533586203075,1.0,0.9481579675176874,0.7080534192075305,1.0,1.0,1.0,1.0
0.9985566917814452,0.9975499878298137,1.0,0.9982241223067518,0.9971184244211457,1.0,0.9991140691025464,0.9980531567544233,1.0,0.999197041168614,0.9982638725786614,1.0,0.9991709338246721,0.9984152597877909,1.0,0.9976357719386755,0.9979533586203075,1.0,0.9481579675176874,0.7080534192075305,1.0,1.0,1.0,1.0
0.0,0.0,0.0,0.0,0.0,0.0,0.0,0.0,0.0,0.0,0.0,0.0,0.0,0.0,0.0,0.0,0.0,0.0,0.0,0.0,0.0,0.0,0.0,0.0
0.9985527909484375,0.997545997581966,1.0,0.9982241223067518,0.9971184244211457,1.0,0.9991140691025464,0.9980531567544233,1.0,0.999197041168614,0.9982638725786614,1.0,0.9991709338246721,0.9984152597877909,1.0,0.9976357719386755,0.9979533586203075,1.0,0.9481579675176874,0.7080534192075305,1.0,1.0,1.0,1.0
0.9985527909484375,0.997545997581966,1.0,0.9982241223067518,0.9971184244211457,1.0,0.9991140691025464,0.9980531567544233,1.0,0.999197041168614,0.9982638725786614,1.0,0.9991709338246721,0.9984152597877909,1.0,0.9976357719386755,0.9979533586203075,1.0,0.9481579675176874,0.7080534192075305,1.0,1.0,1.0,1.0
0.9985527909484375,0.997545997581966,1.0,0.9982241223067518,0.9971184244211457,1.0,0.9991140691025464,0.9980531567544233,1.0,0.999197041168614,0.9982638725786614,1.0,0.9991709338246721,0.9984152597877909,1.0,0.9976357719386755,0.9979533586203075,1.0,0.9481579675176874,0.7080534192075305,1.0,1.0,1.0,1.0
0.997942310580541,0.998172466491809,0.5295475946774957,0.9989186963558012,0.9973962622867276,0.5293531870428367,0.9983001325896765,0.9989543600542419,0.5298619000979556,0.9985357809544411,0.9988068821294007,0.5293302277432517,0.9977878744743123,0.9980681458950755,0.5306218655967285,0.9997925762434647,0.9994128020554598,0.5301148225469632,0.9480549701021346,0.7077220027793487,0.5296419386745086,1.0,1.0,0.5298231083843348
0.9985547413649272,0.9975499878297995,1.0,0.9982241223067518,0.9971184244211457,1.0,0.9991140691025464,0.9980531567544233,1.0,0.999197041168614,0.9982638725786614,1.0,0.9991709338246721,0.9984152597877909,1.0,0.9976357719386755,0.9979533586203075,1.0,0.9481579675176874,0.7080534192075305,1.0,1.0,1.0,1.0
0.9985527909484375,0.997545997581966,1.0,0.9982241223067518,0.9971184244211457,1.0,0.9991140691025464,0.9980531567544233,1.0,0.999197041168614,0.9982638725786614,1.0,0.9991709338246721,0.9984152597877909,1.0,0.9976357719386755,0.9979533586203075,1.0,0.9481579675176874,0.7080534192075305,1.0,1.0,1.0,1.0
0.0,0.0,0.0,0.0,0.0,0.0,0.0,0.0,0.0,0.0,0.0,0.0,0.0,0.0,0.0,0.0,0.0,0.0,0.0,0.0,0.0,0.0,0.0,0.0
0.9985527909484375,0.997545997581966,1.0,0.9982241223067518,0.9971184244211457,1.0,0.9991140691025464,0.9980531567544233,1.0,0.999197041168614,0.9982638725786614,1.0,0.9991709338246721,0.9984152597877909,1.0,0.9976357719386755,0.9979533586203075,1.0,0.9481579675176874,0.7080534192075305,1.0,1.0,1.0,1.0
0.9966140769361971,0.997829305178044,0.573820880245691,0.9990283659424932,0.9967770807574112,0.5735517241379995,0.9980021558319834,0.9993917386307203,0.5738628795298979,0.9980942562773691,0.996234632735522,0.5730973084886273,0.997633987481322,0.9981136012857519,0.5746379137412774,0.999492516634291,0.999694048967342,0.5743267223382134,0.9480702289785512,0.7076039445665856,0.5737398615232934,1.0,1.0,0.5739018404908549
0.9985527909484375,0.997545997581966,1.0,0.9982241223067518,0.9971184244211457,1.0,0.9991140691025464,0.9980531567544233,1.0,0.999197041168614,0.9982638725786614,1.0,0.9991709338246721,0.9984152597877909,1.0,0.9976357719386755,0.9979533586203075,1.0,0.9481579675176874,0.7080534192075305,1.0,1.0,1.0,1.0
0.9985527909484375,0.997545997581966,1.0,0.9982241223067518,0.9971184244211457,1.0,0.9991140691025464,0.9980531567544233,1.0,0.999197041168614,0.9982638725786614,1.0,0.9991709338246721,0.9984152597877909,1.0,0.9976357719386755,0.9979533586203075,1.0,0.9481579675176874,0.7080534192075305,1.0,1.0,1.0,1.0
0.9990052875791378,0.9977355343540495,0.963549641760423,0.9989071521887638,0.9973704630565408,1.0,0.998636106383799,0.9971906055149731,1.0,0.9980839882616408,0.9984085498638819,1.0,0.9983457148243104,0.9985660890386043,1.0,0.9980002738800948,0.9975694945916729,1.0,0.9254107975622787,0.7257209018508632,0.968601384767716,1.0,1.0,0.9640623721881738
0.0,0.0,0.0,0.0,0.0,0.0,0.0,0.0,0.0,0.0,0.0,0.0,0.0,0.0,0.0,0.0,0.0,0.0,0.0,0.0,0.0,0.0,0.0,0.0
0.9971504414768475,0.9978871637717219,0.5636970317298022,0.9987628501008885,0.9974855673152234,0.5634733542319594,0.9997660182506252,0.9991333801226858,0.5640313418217602,0.9983016701954455,0.9965315030089954,0.5632546583851195,0.9980860305233392,0.9985392290350461,0.5647342026078377,0.9991219732243053,0.9993139855726554,0.5642432150313823,0.9480568774616529,0.7076053669547093,0.5638397626113161,1.0,1.0,0.5641247443763149
0.9985527909484375,0.997545997581966,1.0,0.9982241223067518,0.9971184244211457,1.0,0.9991140691025464,0.9980531567544233,1.0,0.999197041168614,0.9982638725786614,1.0,0.9991709338246721,0.9984152597877909,1.0,0.9976357719386755,0.9979533586203075,1.0,0.9481579675176874,0.7080534192075305,1.0,1.0,1.0,1.0
0.9985527909484375,0.9975479927058899,1.0,0.9982241223067518,0.9971184244211457,1.0,0.9991140691025464,0.9980531567544233,1.0,0.999197041168614,0.9982638725786614,1.0,0.9991709338246721,0.9984152597877909,1.0,0.9976357719386755,0.9979533586203075,1.0,0.9481579675176874,0.7080534192075305,1.0,1.0,1.0,1.0
0.9985527909484375,0.997545997581966,1.0,0.9982241223067518,0.9971184244211457,1.0,0.9991140691025464,0.9980531567544233,1.0,0.999197041168614,0.9982638725786614,1.0,0.9991709338246721,0.9984152597877909,1.0,0.9976357719386755,0.9979533586203075,1.0,0.9481579675176874,0.7080534192075305,1.0,1.0,1.0,1.0
0.9985527909484375,0.997545997581966,1.0,0.9982241223067518,0.9971184244211457,1.0,0.9991140691025464,0.9980531567544233,1.0,0.999197041168614,0.9982638725786614,1.0,0.9991709338246721,0.9984152597877909,1.0,0.9976357719386755,0.9979533586203075,1.0,0.9481579675176874,0.7080534192075305,1.0,1.0,1.0,1.0
0.997068523983387,0.9975739293168289,0.5731443193449834,0.9988071027411394,0.9969497371454423,0.572834900731479,0.9981641431969734,0.9995544841476232,0.5731919686582003,0.9981188995151342,0.9962816058802417,0.5723985507245857,0.9975666619219083,0.9983636059345287,0.5739648946840958,0.9994461987080143,0.9996047340696634,0.5736033402922303,0.9480835804954495,0.7075996774022855,0.5730464886251312,1.0,1.0,0.5732075664621874
0.9985527909484375,0.997545997581966,1.0,0.9982241223067518,0.9971184244211457,1.0,0.9991140691025464,0.9980531567544233,1.0,0.999197041168614,0.9982638725786614,1.0,0.9991709338246721,0.9984152597877909,1.0,0.9976357719386755,0.9979533586203075,1.0,0.9481579675176874,0.7080534192075305,1.0,1.0,1.0,1.0
0.9985527909484375,0.997545997581966,1.0,0.9982241223067518,0.9971184244211457,1.0,0.9991140691025464,0.9980531567544233,1.0,0.999197041168614,0.9982638725786614,1.0,0.9991709338246721,0.9984152597877909,1.0,0.9976357719386755,0.9979533586203075,1.0,0.9481579675176874,0.7080534192075305,1.0,1.0,1.0,1.0
0.9985527909484375,0.997545997581966,1.0,0.9982241223067518,0.9971184244211457,1.0,0.9991140691025464,0.9980531567544233,1.0,0.999197041168614,0.9982638725786614,1.0,0.9991709338246721,0.9984152597877909,1.0,0.9976357719386755,0.9979533586203075,1.0,0.9481579675176874,0.7080534192075305,1.0,1.0,1.0,1.0
0.9985527909484375,0.997545997581966,1.0,0.9982241223067518,0.9971184244211457,1.0,0.9991140691025464,0.9980531567544233,1.0,0.999197041168614,0.9982638725786614,1.0,0.9991709338246721,0.9984152597877909,1.0,0.9976357719386755,0.9979533586203075,1.0,0.9481579675176874,0.7080534192075305,1.0,1.0,1.0,1.0
0.9971016810640663,0.9967419626432559,0.958900716478972,0.9988417352423369,0.9971382699829263,0.959303030303083,0.9987600967125729,0.997139747540885,0.9589108716943997,0.998710337222164,0.9978862084968654,0.9593447204969081,0.9985092197543111,0.998613610583547,0.9597111334002477,0.9977928501232611,0.997789931360515,0.9593841336117208,0.9482838532477018,0.7081103147316838,0.9593560830860781,1.0,1.0,0.9595961145194067
0.9985527909484375,0.997545997581966,1.0,0.9982241223067518,0.9971184244211457,1.0,0.9991140691025464,0.9980531567544233,1.0,0.999197041168614,0.9982638725786614,1.0,0.9991709338246721,0.9984152597877909,1.0,0.9976357719386755,0.9979533586203075,1.0,0.9481579675176874,0.7080534192075305,1.0,1.0,1.0,1.0
0.9985527909484375,0.997545997581966,1.0,0.9982241223067518,0.9971184244211457,1.0,0.9991140691025464,0.9980531567544233,1.0,0.999197041168614,0.9982638725786614,1.0,0.9991709338246721,0.9984152597877909,1.0,0.9976357719386755,0.9979533586203075,1.0,0.9481579675176874,0.7080534192075305,1.0,1.0,1.0,1.0
0.9986288571924575,0.9975619585733426,0.9998904810645683,0.998360728283302,0.9970430112861663,1.0,0.9991480664508288,0.9979819555907739,1.0,0.9991929339623056,0.9982732672075656,1.0,0.999184398936606,0.9984214582501494,1.0,0.9976418134073413,0.9979286544996455,1.0,0.9481694116749821,0.708056263983778,0.9998951533136307,1.0,1.0,0.99989263803689
0.9967389035929415,0.9977534904692646,0.6109785056294967,0.9979682266045131,0.9980710113893423,1.0,0.997112225246525,0.9979799212717637,1.0,0.9984331007972571,0.9983728502737677,1.0,0.9979917747400577,0.9983491428557443,1.0,0.9984070661018478,0.9997852641820799,1.0,0.9480206376303215,0.7079140251734088,0.61043719090015,1.0,1.0,0.6104570552147166
0.9985527909484375,0.997545997581966,1.0,0.9982241223067518,0.9971184244211457,1.0,0.9991140691025464,0.9980531567544233,1.0,0.999197041168614,0.9982638725786614,1.0,0.9991709338246721,0.9984152597877909,1.0,0.9976357719386755,0.9979533586203075,1.0,0.9481579675176874,0.7080534192075305,1.0,1.0,1.0,1.0
0.9985527909484375,0.997545997581966,1.0,0.9982241223067518,0.9971184244211457,1.0,0.9991140691025464,0.9980531567544233,1.0,0.999197041168614,0.9982638725786614,1.0,0.9991709338246721,0.9984152597877909,1.0,0.9976357719386755,0.9979533586203075,1.0,0.9481579675176874,0.7080534192075305,1.0,1.0,1.0,1.0
0.9971426398108036,0.9974382608905046,0.9513408393040024,0.9983299438376179,0.9967393741899997,0.9515726227795085,0.998972080177694,0.9974103119628523,0.951125367286977,1.0,0.9981624105865592,0.9515175983437487,0.998224528817147,0.9984607151784672,0.9520782347040964,0.9976881313335468,0.9980141687633335,0.9517557411274069,0.9483925727418807,0.7080847117458973,0.9516003956479082,1.0,1.0,0.9518783231084242
0.9985527909484375,0.997545997581966,1.0,0.9982241223067518,0.9971184244211457,1.0,0.9991140691025464,0.9980531567544233,1.0,0.999197041168614,0.9982638725786614,1.0,0.9991709338246721,0.9984152597877909,1.0,0.9976357719386755,0.9979533586203075,1.0,0.9481579675176874,0.7080534192075305,1.0,1.0,1.0,1.0
0.9977628722614469,0.9974282852707859,0.9770061412487436,0.9981817936943571,0.9966183162629534,0.9772236154649576,0.9989900787738861,0.9977724207378458,0.9770685602350611,0.9988848934900147,0.9981436213286656,0.9774689440993427,0.9985784689013286,0.9986941905941933,0.977631895687054,0.9977868086546806,0.9980806798574235,0.9773131524008178,0.9483849433036937,0.7081046251793452,0.9773679525222718,1.0,1.0,0.9775040899795187
0.9985527909484375,0.997545997581966,1.0,0.9982241223067518,0.9971184244211457,1.0,0.9991140691025464,0.9980531567544233,1.0,0.999197041168614,0.9982638725786614,1.0,0.9991709338246721,0.9984152597877909,1.0,0.9976357719386755,0.9979533586203075,1.0,0.9481579675176874,0.7080534192075305,1.0,1.0,1.0,1.0
0.9985527909484375,0.997545997581966,1.0,0.9982241223067518,0.9971184244211457,1.0,0.9991140691025464,0.9980531567544233,1.0,0.999197041168614,0.9982638725786614,1.0,0.9991709338246721,0.9984152597877909,1.0,0.9976357719386755,0.9979533586203075,1.0,0.9481579675176874,0.7080534192075305,1.0,1.0,1.0,1.0
0.9985527909484375,0.997545997581966,1.0,0.9982241223067518,0.9971184244211457,1.0,0.9991140691025464,0.9980531567544233,1.0,0.999197041168614,0.9982638725786614,1.0,0.9991709338246721,0.9984152597877909,1.0,0.9976357719386755,0.9979533586203075,1.0,0.9481579675176874,0.7080534192075305,1.0,1.0,1.0,1.0
0.9974000947901516,0.9970113043721653,0.965490276356249,0.998859051492758,0.9971779611066864,0.9658557993731236,0.9986061087235072,0.9968040849123554,0.9655788442703752,0.9985275665420517,0.9977001948443984,0.9660041407868363,0.9984515121318225,0.9985764198092824,0.9662918756269434,0.9977666704259462,0.997407967649039,0.9659467640920028,0.9483696844273766,0.7081202714484647,0.96602670623151,1.0,1.0,0.9661032719836768
0.9986366588584303,0.9975938805560531,0.9998188331628768,0.9983453360606092,0.9969656135949805,0.9998380355278158,0.9991380672307031,0.9979758526338429,0.9998188050931702,0.9992175772001701,0.998269509356021,0.999831262940063,0.9992459537338334,0.998425590558341,0.9998294884655152,0.9976116060641402,0.9979229535487519,0.9998235908143158,0.9481865779109313,0.7080434624907923,0.9998199802177297,1.0,1.0,0.9998271983641303
0.9985527909484375,0.997545997581966,1.0,0.9982241223067518,0.9971184244211457,1.0,0.9991140691025464,0.9980531567544233,1.0,0.999197041168614,0.9982638725786614,1.0,0.9991709338246721,0.9984152597877909,1.0,0.9976357719386755,0.9979533586203075,1.0,0.9481579675176874,0.7080534192075305,1.0,1.0,1.0,1.0
0.9965692173564804,0.9978731979043971,0.520292732855637,0.9972447921377494,0.9978507256528388,0.5201452455590214,0.9984041244783555,0.9986492122098554,0.5208393731635255,0.9977903230113583,0.9989797433009358,0.5200424430641561,0.9980783361738617,0.998849152153511,0.5216208625877456,0.9998852120957906,0.9992341722600315,0.5208528183715941,0.9480282670684801,0.7075882982974662,0.5203709198812305,1.0,1.0,0.5207351738241428
0.9985527909484375,0.997545997581966,1.0,0.9982241223067518,0.9971184244211457,1.0,0.9991140691025464,0.9980531567544233,1.0,0.999197041168614,0.9982638725786614,1.0,0.9991709338246721,0.9984152597877909,1.0,0.9976357719386755,0.9979533586203075,1.0,0.9481579675176874,0.7080534192075305,1.0,1.0,1.0,1.0
0.9985215842844042,0.9976736855125949,0.9990030706247666,0.9984761699533209,0.9969239379150707,0.9990397074194348,0.9992620575594628,0.9980145046941828,0.998976493634153,0.9991888267560398,0.9982525990240703,0.9990062111805216,0.9991516979504524,0.9985743536552292,0.9989929789372454,0.9976035507726948,0.9979343554505533,0.9990323590818306,0.9482285398208745,0.7080619535362018,0.9990118694366643,1.0,1.0,0.998964212679347
0.9985527909484375,0.997545997581966,1.0,0.9982241223067518,0.9971184244211457,1.0,0.9991140691025464,0.9980531567544233,1.0,0.999197041168614,0.9982638725786614,1.0,0.9991709338246721,0.9984152597877909,1.0,0.9976357719386755,0.9979533586203075,1.0,0.9481579675176874,0.7080534192075305,1.0,1.0,1.0,1.0
0.0,0.0,0.0,0.0,0.0,0.0,0.0,0.0,0.0,0.0,0.0,0.0,0.0,0.0,0.0,0.0,0.0,0.0,0.0,0.0,0.0,0.0,0.0,0.0
0.9985332867832994,0.9975340268384798,1.0,0.9982279703624215,0.9971184244211457,0.9999989550679231,0.999116068946563,0.9980551910733766,0.9999990205680689,0.9991990947717682,0.9982676304302345,1.0,0.9991670866498481,0.9984131936336667,1.0,0.9976357719386755,0.9979533586203075,1.0,0.9481579675176874,0.7080534192075305,0.9999990108803161,1.0,1.0,0.9999989775051148
0.9985527909484375,0.997545997581966,1.0,0.9982241223067518,0.9971184244211457,1.0,0.9991140691025464,0.9980531567544233,1.0,0.999197041168614,0.9982638725786614,1.0,0.9991709338246721,0.9984152597877909,1.0,0.9976357719386755,0.9979533586203075,1.0,0.9481579675176874,0.7080534192075305,1.0,1.0,1.0,1.0
0.9974859131168188,0.9975719341928198,0.957952917093138,0.9988167228806759,0.997215667674098,1.0,0.998558112467208,0.997634087048354,1.0,0.9984474760190238,0.998025249004499,1.0,0.9987419738314145,0.9985144351856832,1.0,0.9977908363003962,0.997799432945456,1.0,0.9483010194837078,0.7081828565250561,0.9583501483680195,1.0,1.0,0.9585920245399322
0.9985527909484375,0.997545997581966,1.0,0.9982241223067518,0.9971184244211457,1.0,0.9991140691025464,0.9980531567544233,1.0,0.999197041168614,0.9982638725786614,1.0,0.9991709338246721,0.9984152597877909,1.0,0.9976357719386755,0.9979533586203075,1.0,0.9481579675176874,0.7080534192075305,1.0,1.0,1.0,1.0
0.9985683942806247,0.9975619585732858,0.9999529170931751,0.9982568307800648,0.9970549186232347,0.9999540229885469,0.9991300678547361,0.998022641969996,0.9999461312439095,0.9992011483749081,0.9982901775395874,0.999966873706029,0.9991574687127809,0.9984276567125079,0.9999608826479616,0.9976317442929457,0.9979571592542271,0.9999561586639203,0.9481694116749821,0.7080534192075163,0.9999564787339494,1.0,1.0,0.9999498977505397
0.9985527909484375,0.997545997581966,1.0,0.9982241223067518,0.9971184244211457,1.0,0.9991140691025464,0.9980531567544233,1.0,0.999197041168614,0.9982638725786614,1.0,0.9991709338246721,0.9984152597877909,1.0,0.9976357719386755,0.9979533586203075,1.0,0.9481579675176874,0.7080534192075305,1.0,1.0,1.0,1.0
0.9985722951135756,0.9975499878298137,1.0,0.9982241223067518,0.9971184244211457,1.0,0.9991140691025464,0.9980531567544233,1.0,0.999197041168614,0.9982638725786614,1.0,0.9991709338246721,0.9984152597877909,1.0,0.9976357719386755,0.9979533586203075,1.0,0.9481579675176874,0.7080534192075305,1.0,1.0,1.0,1.0
0.9985527909484375,0.997545997581966,1.0,0.9982241223067518,0.9971184244211457,1.0,0.9991140691025464,0.9980531567544233,1.0,0.999197041168614,0.9982638725786614,1.0,0.9991709338246721,0.9984152597877909,1.0,0.9976357719386755,0.9979533586203075,1.0,0.9481579675176874,0.7080534192075305,1.0,1.0,1.0,1.0
0.9985527909484375,0.997545997581966,1.0,0.9982241223067518,0.9971184244211457,1.0,0.9991140691025464,0.9980531567544233,1.0,0.999197041168614,0.9982638725786614,1.0,0.9991709338246721,0.9984152597877909,1.0,0.9976357719386755,0.9979533586203075,1.0,0.9481579675176874,0.7080534192075305,1.0,1.0,1.0,1.0
0.9961791340540032,0.9968217675998687,0.9417318321392472,0.9981144527199461,0.997932092456594,0.9418422152560311,0.9991200686346389,0.9974774444883963,0.9414730656219561,0.9999507135245267,0.997906876680176,0.9418084886128355,0.998530379215893,0.9987830352214786,0.9423199598796614,0.9976236890013297,0.9986241705116043,0.941969728601201,0.9483296298768664,0.708180011748837,0.9417398615232457,1.0,1.0,0.9420092024539883
0.9974000947904784,0.9975479927058473,0.5177809621289384,0.9969773522684733,0.9985215056429411,0.5176060606059352,0.9985921098155188,0.9990316641745096,0.518420176297667,0.9976855892507359,0.9989121019730334,0.5174855072463416,0.9980571767122655,0.9988119613793458,0.5191073219659046,0.9999033365018022,0.9992968827200741,0.5183475991648336,0.9480206376303073,0.7075257132209174,0.5178516320474387,1.0,1.0,0.5182586912064622
0.9985547413649414,0.9975539780776614,1.0,0.9982241223067518,0.9971184244211457,1.0,0.9991140691025464,0.9980531567544233,1.0,0.999197041168614,0.9982638725786614,1.0,0.9991709338246721,0.9984152597877909,1.0,0.9976357719386755,0.9979533586203075,1.0,0.9481579675176874,0.7080534192075305,1.0,1.0,1.0,1.0
0.9985527909484375,0.997545997581966,1.0,0.9982241223067518,0.9971184244211457,1.0,0.9991140691025464,0.9980531567544233,1.0,0.999197041168614,0.9982638725786614,1.0,0.9991709338246721,0.9984152597877909,1.0,0.9976357719386755,0.9979533586203075,1.0,0.9481579675176874,0.7080534192075305,1.0,1.0,1.0,1.0
0.0,0.0,0.0,0.0,0.0,0.0,0.0,0.0,0.0,0.0,0.0,0.0,0.0,0.0,0.0,0.0,0.0,0.0,0.0,0.0,0.0,0.0,0.0,0.0
0.9988297500931225,0.9967798699977379,0.9917789150461402,0.9982106541118583,0.9966599919426216,0.9918892371997003,0.9991840636429856,0.997896514194494,0.9917835455436617,0.9993921334678078,0.9977283787311393,0.9918850931678449,0.9988939372370993,0.9983801351676931,0.9919899699098096,0.9977727118945268,0.9980654773215463,0.9918716075157832,0.9481388939222342,0.7080534192075305,0.9918496538081527,1.0,1.0,0.9918691206545205
0.0,0.0,0.0,0.0,0.0,0.0,0.0,0.0,0.0,0.0,0.0,0.0,0.0,0.0,0.0,0.0,0.0,0.0,0.0,0.0,0.0,0.0,0.0,0.0
0.9985527909484375,0.997545997581966,1.0,0.9982241223067518,0.9971184244211457,1.0,0.9991140691025464,0.9980531567544233,1.0,0.999197041168614,0.9982638725786614,1.0,0.9991709338246721,0.9984152597877909,1.0,0.9976357719386755,0.9979533586203075,1.0,0.9481579675176874,0.7080534192075305,1.0,1.0,1.0,1.0
0.9985527909484375,0.997545997581966,1.0,0.9982241223067518,0.9971184244211457,1.0,0.9991140691025464,0.9980531567544233,1.0,0.999197041168614,0.9982638725786614,1.0,0.9991709338246721,0.9984152597877909,1.0,0.9976357719386755,0.9979533586203075,1.0,0.9481579675176874,0.7080534192075305,1.0,1.0,1.0,1.0
0.9985527909484375,0.997545997581966,1.0,0.9982241223067518,0.9971184244211457,1.0,0.9991140691025464,0.9980531567544233,1.0,0.999197041168614,0.9982638725786614,1.0,0.9991709338246721,0.9984152597877909,1.0,0.9976357719386755,0.9979533586203075,1.0,0.9481579675176874,0.7080534192075305,1.0,1.0,1.0,1.0
0.9977472689292028,0.9965504307471491,0.5434063459570524,0.9994054753986319,0.9977534823999008,1.0,0.9984761188626692,0.99801857333199,1.0,0.9991600763121085,0.9979275448639129,1.0,0.998278389264911,0.9982148428379247,1.0,0.9997986177121305,0.9988256041107206,1.0,0.9436585063469067,0.7197554061416156,0.5433501483679422,1.0,1.0,0.5433047034764158
0.9986210555263568,0.9975539780776899,0.9997993858752707,0.9983145516151382,0.9969556908140333,0.9998108672937676,0.9990900709744608,0.9979270289788076,0.9997884427033767,0.9991806123434799,0.9982375676177355,0.999803312629524,0.9992651896079963,0.9983883997841758,0.9997983951856853,0.9976015369497162,0.9979229535487519,0.9997974947809283,0.9481865779108745,0.7080477296551067,0.9997883283878792,1.0,1.0,0.9997975460124167
0.9985527909484375,0.997545997581966,1.0,0.9982241223067518,0.9971184244211457,1.0,0.9991140691025464,0.9980531567544233,1.0,0.999197041168614,0.9982638725786614,1.0,0.9991709338246721,0.9984152597877909,1.0,0.9976357719386755,0.9979533586203075,1.0,0.9481579675176874,0.7080534192075305,1.0,1.0,1.0,1.0
0.9985527909484375,0.997545997581966,1.0,0.9982241223067518,0.9971184244211457,1.0,0.9991140691025464,0.9980531567544233,1.0,0.999197041168614,0.9982638725786614,1.0,0.9991709338246721,0.9984152597877909,1.0,0.9976357719386755,0.9979533586203075,1.0,0.9481579675176874,0.7080534192075305,1.0,1.0,1.0,1.0
0.9965321594427081,0.9963489232316931,0.943409416581396,0.9982664509191181,0.9980194129284996,0.9435579937304368,0.9990420747181048,0.9977683520998681,0.9430852105778342,0.9998583013826732,0.9983277560552608,0.9435476190476138,0.9983168610130946,0.9985681551927286,0.9440200601805486,0.9975854263666548,0.9986108682929711,0.9437129436325193,0.9483277225173623,0.7081501415986509,0.9434658753709257,1.0,1.0,0.9437453987730322
0.9985547413649414,0.9975539780776614,1.0,0.9982241223067518,0.9971184244211457,1.0,0.9991140691025464,0.9980531567544233,1.0,0.999197041168614,0.9982638725786614,1.0,0.9991709338246721,0.9984152597877909,1.0,0.9976357719386755,0.9979533586203075,1.0,0.9481579675176874,0.7080534192075305,1.0,1.0,1.0,1.0
0.9992081308963776,0.9976357781583118,0.8264227226202578,0.9986724207926443,0.9979618607990943,0.8258798328108696,0.9976741814138705,0.9976157781778028,0.8264103819783912,0.9987616773010473,0.9967175166613345,0.826086956521678,0.9981995221807551,0.9990537014116398,0.8273681043129386,0.998191587053725,0.9982650106037312,0.8269258872650624,0.9481617822367099,0.7081800117488939,0.8261463897131094,1.0,1.0,0.826341513292455
0.9952877937083286,0.9973005973399296,0.7682630501535002,0.9982991593924311,0.9976800538212132,0.7677931034481915,0.9969182403774113,0.9967898446796823,0.7680274240939511,0.9988376606173972,0.9975029076375392,0.767842650103475,0.9991863225239115,0.998793365992185,0.7690752256769997,0.9980546470978169,0.9989244205932692,0.7683997912316514,0.9479195475742586,0.7081117371198786,0.7677121661720392,1.0,1.0,0.7679478527606918
0.9985527909484375,0.997545997581966,1.0,0.9982241223067518,0.9971184244211457,1.0,0.9991140691025464,0.9980531567544233,1.0,0.999197041168614,0.9982638725786614,1.0,0.9991709338246721,0.9984152597877909,1.0,0.9976357719386755,0.9979533586203075,1.0,0.9481579675176874,0.7080534192075305,1.0,1.0,1.0,1.0
0.9961576794724039,0.9971509630462521,0.5098178096212536,0.9976238256215311,0.9985572276543735,0.509667711598695,0.9989500818937245,0.9989706346057972,0.5104809010773224,0.9975911235058419,0.9986678416212698,0.5095434782608734,0.997510877886711,0.9988760121570692,0.511194583751255,0.9997986177120737,0.9992436738448021,0.5104050104383901,0.9480282670685654,0.7075712296401804,0.5099287833827404,1.0,1.0,0.5103476482617566
0.9985527909484375,0.997545997581966,1.0,0.9982241223067518,0.9971184244211457,1.0,0.9991140691025464,0.9980531567544233,1.0,0.999197041168614,0.9982638725786614,1.0,0.9991709338246721,0.9984152597877909,1.0,0.9976357719386755,0.9979533586203075,1.0,0.9481579675176874,0.7080534192075305,1.0,1.0,1.0,1.0
0.9967291515103938,0.9975380170863275,0.6108700102354447,0.9980836682747025,0.9980114747037163,1.0,0.9971022260263567,0.9978822739616788,1.0,0.9983981895436074,0.9983127246488408,1.0,0.9979840803904239,0.9983677382429477,1.0,0.9984131075704141,0.9998213702045575,1.0,0.9480130081921629,0.7078599744254603,0.6103412462908508,1.0,1.0,0.610357873210603
0.9985527909484375,0.997545997581966,1.0,0.9982241223067518,0.9971184244211457,1.0,0.9991140691025464,0.9980531567544233,1.0,0.999197041168614,0.9982638725786614,1.0,0.9991709338246721,0.9984152597877909,1.0,0.9976357719386755,0.9979533586203075,1.0,0.9481579675176874,0.7080534192075305,1.0,1.0,1.0,1.0
0.9985527909484375,0.997545997581966,1.0,0.9982241223067518,0.9971184244211457,1.0,0.9991140691025464,0.9980531567544233,1.0,0.999197041168614,0.9982638725786614,1.0,0.9991709338246721,0.9984152597877909,1.0,0.9976357719386755,0.9979533586203075,1.0,0.9481579675176874,0.7080534192075305,1.0,1.0,1.0,1.0
0.9985527909484375,0.997545997581966,1.0,0.9982241223067518,0.9971184244211457,1.0,0.9991140691025464,0.9980531567544233,1.0,0.999197041168614,0.9982638725786614,1.0,0.9991709338246721,0.9984152597877909,1.0,0.9976357719386755,0.9979533586203075,1.0,0.9481579675176874,0.7080534192075305,1.0,1.0,1.0,1.0
0.9994928917069927,0.9971788947810865,0.9970010235417419,0.9982395145294305,0.9967492969709184,1.0,0.9993960471082772,0.9982321768229099,1.0,0.999057396154555,0.9980797378520805,1.0,0.9990843723909677,0.9986074121211175,1.0,0.9976579239902605,0.9980806798573809,1.0,0.948182763191781,0.7080733326410495,0.99703560830892,1.0,1.0,0.996965235174045
0.9985527909484375,0.997545997581966,1.0,0.9982241223067518,0.9971184244211457,1.0,0.9991140691025464,0.9980531567544233,1.0,0.999197041168614,0.9982638725786614,1.0,0.9991709338246721,0.9984152597877909,1.0,0.9976357719386755,0.9979533586203075,1.0,0.9481579675176874,0.7080534192075305,1.0,1.0,1.0,1.0
0.9985527909484375,0.997545997581966,1.0,0.9982241223067518,0.9971184244211457,1.0,0.9991140691025464,0.9980531567544233,1.0,0.999197041168614,0.9982638725786614,1.0,0.9991709338246721,0.9984152597877909,1.0,0.9976357719386755,0.9979533586203075,1.0,0.9481579675176874,0.7080534192075305,1.0,1.0,1.0,1.0
0.9985527909484375,0.997545997581966,1.0,0.9982241223067518,0.9971184244211457,1.0,0.9991140691025464,0.9980531567544233,1.0,0.999197041168614,0.9982638725786614,1.0,0.9991709338246721,0.9984152597877909,1.0,0.9976357719386755,0.9979533586203075,1.0,0.9481579675176874,0.7080534192075305,1.0,1.0,1.0,1.0
0.9985527909484375,0.9975519829537376,1.0,0.9982241223067518,0.9971184244211457,1.0,0.9991140691025464,0.9980531567544233,1.0,0.999197041168614,0.9982638725786614,1.0,0.9991709338246721,0.9984152597877909,1.0,0.9976357719386755,0.9979533586203075,1.0,0.9481579675176874,0.7080534192075305,1.0,1.0,1.0,1.0
0.9985527909484375,0.997545997581966,1.0,0.9982241223067518,0.9971184244211457,1.0,0.9991140691025464,0.9980531567544233,1.0,0.999197041168614,0.9982638725786614,1.0,0.9991709338246721,0.9984152597877909,1.0,0.9976357719386755,0.9979533586203075,1.0,0.9481579675176874,0.7080534192075305,1.0,1.0,1.0,1.0
0.0,0.0,0.0,0.0,0.0,0.0,0.0,0.0,0.0,0.0,0.0,0.0,0.0,0.0,0.0,0.0,0.0,0.0,0.0,0.0,0.0,0.0,0.0,0.0
0.9985527909484375,0.997545997581966,1.0,0.9982241223067518,0.9971184244211457,1.0,0.9991140691025464,0.9980531567544233,1.0,0.999197041168614,0.9982638725786614,1.0,0.9991709338246721,0.9984152597877909,1.0,0.9976357719386755,0.9979533586203075,1.0,0.9481579675176874,0.7080534192075305,1.0,1.0,1.0,1.0
0.9985527909484375,0.997545997581966,1.0,0.9982241223067518,0.9971184244211457,1.0,0.9991140691025464,0.9980531567544233,1.0,0.999197041168614,0.9982638725786614,1.0,0.9991709338246721,0.9984152597877909,1.0,0.9976357719386755,0.9979533586203075,1.0,0.9481579675176874,0.7080534192075305,1.0,1.0,1.0,1.0
0.9985527909484375,0.997545997581966,1.0,0.9982241223067518,0.9971184244211457,1.0,0.9991140691025464,0.9980531567544233,1.0,0.999197041168614,0.9982638725786614,1.0,0.9991709338246721,0.9984152597877909,1.0,0.9976357719386755,0.9979533586203075,1.0,0.9481579675176874,0.7080534192075305,1.0,1.0,1.0,1.0
0.9965653165232453,0.998373974007464,0.6182876151483896,0.9980932884138412,0.9972930653653833,0.6178526645768017,0.9978221698707443,0.9994242877340866,0.6181263467188884,0.9973344231119796,0.9978335985749993,0.6173819875776942,0.997920602005891,0.9986631982824861,0.6192808425276084,0.9985701857551277,0.9998232705215173,0.6184749478079539,0.9481999294277728,0.7079495848760331,0.6181661721068465,1.0,1.0,0.6180828220859027
0.9985527909484375,0.997545997581966,1.0,0.9982241223067518,0.9971184244211457,1.0,0.9991140691025464,0.9980531567544233,1.0,0.999197041168614,0.9982638725786614,1.0,0.9991709338246721,0.9984152597877909,1.0,0.9976357719386755,0.9979533586203075,1.0,0.9481579675176874,0.7080534192075305,1.0,1.0,1.0,1.0
0.9985527909484375,0.997545997581966,1.0,0.9982241223067518,0.9971184244211457,1.0,0.9991140691025464,0.9980531567544233,1.0,0.999197041168614,0.9982638725786614,1.0,0.9991709338246721,0.9984152597877909,1.0,0.9976357719386755,0.9979533586203075,1.0,0.9481579675176874,0.7080534192075305,1.0,1.0,1.0,1.0
0.9985410884493149,0.9975380170863133,0.9999979529170915,0.9982260463345938,0.9971204089773238,1.0,0.999116068946563,0.9980592597112974,1.0,0.9991990947717682,0.9982638725786757,1.0,0.9991670866498481,0.9984152597877909,1.0,0.9976357719386755,0.9979533586203075,1.0,0.9481579675176874,0.70805484159564,0.9999980217606392,1.0,1.0,0.9999979550102296
0.9985527909484375,0.997545997581966,1.0,0.9982241223067518,0.9971184244211457,1.0,0.9991140691025464,0.9980531567544233,1.0,0.999197041168614,0.9982638725786614,1.0,0.9991709338246721,0.9984152597877909,1.0,0.9976357719386755,0.9979533586203075,1.0,0.9481579675176874,0.7080534192075305,1.0,1.0,1.0,1.0
0.9985527909484375,0.997545997581966,1.0,0.9982241223067518,0.9971184244211457,1.0,0.9991140691025464,0.9980531567544233,1.0,0.999197041168614,0.9982638725786614,1.0,0.9991709338246721,0.9984152597877909,1.0,0.9976357719386755,0.9979533586203075,1.0,0.9481579675176874,0.7080534192075305,1.0,1.0,1.0,1.0
0.9985508405319621,0.997551982953766,0.9999744114636826,0.9982606788356634,0.9971025479716502,0.9999738766980357,0.9991300678546509,0.9980328135648477,0.9999774730656412,0.9991990947717397,0.9982732672075656,0.9999803312629538,0.9991613158876476,0.9984214582501636,0.9999829488465437,0.9976317442929172,0.9979590595712153,0.9999801670146198,0.9481598748772626,0.7080548415956258,0.9999831849653873,1.0,1.0,0.9999805725971456
0.0,0.0,0.0,0.0,0.0,0.0,0.0,0.0,0.0,0.0,0.0,0.0,0.0,0.0,0.0,0.0,0.0,0.0,0.0,0.0,0.0,0.0,0.0,0.0
0.9985527909484375,0.997545997581966,1.0,0.9982241223067518,0.9971184244211457,1.0,0.9991140691025464,0.9980531567544233,1.0,0.999197041168614,0.9982638725786614,1.0,0.9991709338246721,0.9984152597877909,1.0,0.9976357719386755,0.9979533586203075,1.0,0.9481579675176874,0.7080534192075305,1.0,1.0,1.0,1.0
0.9985527909484375,0.997545997581966,1.0,0.9982241223067518,0.9971184244211457,1.0,0.9991140691025464,0.9980531567544233,1.0,0.999197041168614,0.9982638725786614,1.0,0.9991709338246721,0.9984152597877909,1.0,0.9976357719386755,0.9979533586203075,1.0,0.9481579675176874,0.7080534192075305,1.0,1.0,1.0,1.0
0.0,0.0,0.0,0.0,0.0,0.0,0.0,0.0,0.0,0.0,0.0,0.0,0.0,0.0,0.0,0.0,0.0,0.0,0.0,0.0,0.0,0.0,0.0,0.0
0.9985527909484375,0.997545997581966,1.0,0.9982241223067518,0.9971184244211457,1.0,0.9991140691025464,0.9980531567544233,1.0,0.999197041168614,0.9982638725786614,1.0,0.9991709338246721,0.9984152597877909,1.0,0.9976357719386755,0.9979533586203075,1.0,0.9481579675176874,0.7080534192075305,1.0,1.0,1.0,1.0
0.9985742455300795,0.9975479927059041,1.0,0.9982241223067518,0.9971184244211457,1.0,0.9991140691025464,0.9980531567544233,1.0,0.999197041168614,0.9982638725786614,1.0,0.9991709338246721,0.9984152597877909,1.0,0.9976357719386755,0.9979533586203075,1.0,0.9481579675176874,0.7080534192075305,1.0,1.0,1.0,1.0
0.9985527909484375,0.997545997581966,1.0,0.9982241223067518,0.9971184244211457,1.0,0.9991140691025464,0.9980531567544233,1.0,0.999197041168614,0.9982638725786614,1.0,0.9991709338246721,0.9984152597877909,1.0,0.9976357719386755,0.9979533586203075,1.0,0.9481579675176874,0.7080534192075305,1.0,1.0,1.0,1.0
0.0,0.0,0.0,0.0,0.0,0.0,0.0,0.0,0.0,0.0,0.0,0.0,0.0,0.0,0.0,0.0,0.0,0.0,0.0,0.0,0.0,0.0,0.0,0.0
0.9985527909484375,0.997545997581966,1.0,0.9982241223067518,0.9971184244211457,1.0,0.9991140691025464,0.9980531567544233,1.0,0.999197041168614,0.9982638725786614,1.0,0.9991709338246721,0.9984152597877909,1.0,0.9976357719386755,0.9979533586203075,1.0,0.9481579675176874,0.7080534192075305,1.0,1.0,1.0,1.0
0.9981295505654799,0.9968736408217893,0.5432681678608375,0.9986724207927864,0.9978328646471368,1.0,0.9985981093474408,0.9982260738658653,1.0,0.9997391924001278,0.9981718052153212,1.0,0.9982110637052841,0.9980991382070812,1.0,0.999413977541991,0.9992094681392132,1.0,0.9482743164499681,0.7078087684535888,0.5429109792284947,1.0,1.0,0.5429366053169318
0.9985547413649414,0.9975539780776614,1.0,0.9982241223067518,0.9971184244211457,1.0,0.9991140691025464,0.9980531567544233,1.0,0.999197041168614,0.9982638725786614,1.0,0.9991709338246721,0.9984152597877909,1.0,0.9976357719386755,0.9979533586203075,1.0,0.9481579675176874,0.7080534192075305,1.0,1.0,1.0,1.0
0.9985527909484375,0.997545997581966,1.0,0.9982241223067518,0.9971184244211457,1.0,0.9991140691025464,0.9980531567544233,1.0,0.999197041168614,0.9982638725786614,1.0,0.9991709338246721,0.9984152597877909,1.0,0.9976357719386755,0.9979533586203075,1.0,0.9481579675176874,0.7080534192075305,1.0,1.0,1.0,1.0
0.9985566917814452,0.9975499878297995,1.0,0.9982241223067518,0.9971184244211457,1.0,0.9991140691025464,0.9980531567544233,1.0,0.999197041168614,0.9982638725786614,1.0,0.9991709338246721,0.9984152597877909,1.0,0.9976357719386755,0.9979533586203075,1.0,0.9481579675176874,0.7080534192075305,1.0,1.0,1.0,1.0
0.9985488901154014,0.997545997581966,1.0,0.9982241223067518,0.9971184244211457,1.0,0.9991140691025464,0.9980531567544233,1.0,0.999197041168614,0.9982638725786614,1.0,0.9991709338246721,0.9984152597877909,1.0,0.9976357719386755,0.9979533586203075,1.0,0.9481579675176874,0.7080534192075305,1.0,1.0,1.0,1.0
0.9985527909484375,0.997545997581966,1.0,0.9982241223067518,0.9971184244211457,1.0,0.9991140691025464,0.9980531567544233,1.0,0.999197041168614,0.9982638725786614,1.0,0.9991709338246721,0.9984152597877909,1.0,0.9976357719386755,0.9979533586203075,1.0,0.9481579675176874,0.7080534192075305,1.0,1.0,1.0,1.0
0.9985527909484375,0.997545997581966,1.0,0.9982241223067518,0.9971184244211457,1.0,0.9991140691025464,0.9980531567544233,1.0,0.999197041168614,0.9982638725786614,1.0,0.9991709338246721,0.9984152597877909,1.0,0.9976357719386755,0.9979533586203075,1.0,0.9481579675176874,0.7080534192075305,1.0,1.0,1.0,1.0
0.9985469396988975,0.9975479927058899,1.0,0.9982241223067518,0.9971184244211457,1.0,0.9991140691025464,0.9980531567544233,1.0,0.999197041168614,0.9982638725786614,1.0,0.9991709338246721,0.9984152597877909,1.0,0.9976357719386755,0.9979533586203075,1.0,0.9481579675176874,0.7080534192075305,1.0,1.0,1.0,1.0
0.9985703446970717,0.9975519829536239,0.9999928352098308,0.9982414385573009,0.9971144553087612,1.0,0.9991200686345536,0.9980551910733766,1.0,0.999197041168614,0.9982751461333521,1.0,0.9991670866498907,0.9984193920960536,1.0,0.9976317442929172,0.9979628602051491,1.0,0.9481560601581549,0.70805484159564,0.9999920870425427,1.0,1.0,0.9999948875255669
0.9970860777318791,0.9976916416277959,0.7457461617195449,0.9987243695443624,0.9971144553087612,0.7454033437826126,0.9971802199427913,0.9977785236946914,0.7456601371204883,0.9990101632820512,0.9966310860752401,0.7454503105589652,0.9989074023490474,0.9985619567303843,0.7466018054162191,0.9983325546552635,0.9991011500717519,0.7460521920667915,0.9476944791478701,0.7080135923406488,0.7454708209693734,1.0,1.0,0.7455368098159383
0.9983850551285229,0.9967240065280549,0.9895342886389145,0.9983241717541631,0.9967453278585765,0.9896154649949267,0.9991520661389188,0.9982871034350325,0.9895230166504874,0.9990594497575671,0.9976569795515218,0.9896915113873632,0.998861236251031,0.99838633363008,0.9898124373121178,0.9977948639461118,0.9978830468921132,0.9896221294365404,0.9481007467313418,0.708187123689342,0.9895865479725074,1.0,1.0,0.989646216769124
0.9965029031949513,0.9974641975012446,0.5595301944728135,0.9984415374521802,0.9971997912247588,1.0,0.9993940472643033,0.9982504856937027,1.0,0.9990491817418388,0.9973056204305237,1.0,0.9979783096284223,0.9979937643465888,1.0,0.9991723187965249,0.9992949824030006,1.0,0.9503323574010523,0.7123504536705809,0.5592779426310202,1.0,1.0,0.5594703476482152
0.9981510051472924,0.9980088663308209,0.8379508700102605,0.998447309535706,0.9996705636734902,0.8374420062696615,0.9983221308738308,0.9981345295128108,0.8378354554359362,0.9983776535120512,0.9979012399030864,0.837442028985599,0.9982379939290666,0.999237589128569,0.8387261785356586,0.9983768587585757,0.9983752289880812,0.8383402922756602,0.9481980220681123,0.7084161281741359,0.8376904055391847,1.0,1.0,0.8376134969325193
0.9965029031950081,0.9962252255488266,0.9433408393039926,0.998324171754092,0.9979678144677848,0.9434670846395292,0.9990800717543635,0.997727665720646,0.9430097943192735,0.9998172293197314,0.9983221192778444,0.9434616977225545,0.9983033959011465,0.9985846844257367,0.9439307923771239,0.9975874401895481,0.9985937654402051,0.9436169102295864,0.9483277225173339,0.7081359177176267,0.9433709198813105,1.0,1.0,0.943667689161579
0.9985859480291026,0.9976238074148256,0.999961105424795,0.9982818431419105,0.9971005634154722,1.0,0.9991400670747481,0.9980206076510569,1.0,0.9992073091843565,0.9982732672075656,1.0,0.9991613158876476,0.9984173259418867,1.0,0.997623689001415,0.9979476576693713,1.0,0.9481598748772626,0.7080534192075305,0.9999663699307888,1.0,1.0,0.9999652351738462
0.9986444605246874,0.9976038561757434,0.9998730808598637,0.9983434120327388,0.9970092738310257,1.0,0.9991660650469072,0.9980124703751869,1.0,0.9991806123434515,0.9982732672076082,1.0,0.9991786281743487,0.9984235244042452,1.0,0.9976317442929172,0.9979191529147613,1.0,0.9481713190345573,0.7080576863718591,0.9998733926806054,1.0,1.0,0.9998732106340356
0.0,0.0,0.0,0.0,0.0,0.0,0.0,0.0,0.0,0.0,0.0,0.0,0.0,0.0,0.0,0.0,0.0,0.0,0.0,0.0,0.0,0.0,0.0,0.0
0.9985547413649556,0.9975579683254665,0.9999928352098308,0.9982395145294447,0.9971164398649393,0.9999937304075317,0.9991200686345536,0.9980592597112974,0.9999951028403586,0.999197041168614,0.9982751461333521,0.9999968944099393,0.9991651630624858,0.9984193920960536,0.999994984954867,0.9976317442929172,0.9979609598881893,0.9999947807933225,0.9481560601581549,0.70805484159564,0.9999920870425427,1.0,1.0,0.9999948875255669
0.9985137826182182,0.9976098415473018,0.9999785056294925,0.9982510586964679,0.9971124707525689,1.0,0.9991280680106343,0.9980246762889919,1.0,0.9991867731528572,0.9982713882818075,1.0,0.9991670866498623,0.9984255905583836,1.0,0.997627716647159,0.9979571592542555,1.0,0.9481579675177159,0.7080548415956258,0.9999812067260265,1.0,1.0,0.9999795501022533
0.9985781463630872,0.9975420073341468,1.0,0.9982241223067518,0.9971184244211457,1.0,0.9991140691025464,0.9980531567544233,1.0,0.999197041168614,0.9982638725786614,1.0,0.9991709338246721,0.9984152597877909,1.0,0.9976357719386755,0.9979533586203075,1.0,0.9481579675176874,0.7080534192075305,1.0,1.0,1.0,1.0
0.9985527909484517,0.9975420073341468,0.9999672466735134,0.9982375905016454,0.9971085016401844,0.9999665621734835,0.9991440667627955,0.9980348478837868,0.999963761018634,0.9991990947717824,0.9982770250591528,0.9999792960662575,0.9991555451254044,0.9984255905583979,0.9999759277833604,0.9976297304700381,0.9979590595711869,0.9999728601252755,0.9481560601581549,0.7080534192075305,0.9999742828882532,1.0,1.0,0.9999713701431716
0.9985527909484375,0.997545997581966,1.0,0.9982241223067518,0.9971184244211457,1.0,0.9991140691025464,0.9980531567544233,1.0,0.999197041168614,0.9982638725786614,1.0,0.9991709338246721,0.9984152597877909,1.0,0.9976357719386755,0.9979533586203075,1.0,0.9481579675176874,0.7080534192075305,1.0,1.0,1.0,1.0
0.9958690178287952,0.9968058066086058,0.8905629477993884,0.9977469634032303,0.998031320265568,0.8905590386624667,0.9991160689466199,0.9976768077465437,0.8904221351616428,0.9988499822362513,0.9977039526960567,0.890442028985504,0.9991036082652158,0.9984462520994697,0.89121664994979,0.9980324950462176,0.998455042300975,0.8912693110647183,0.9484574229664844,0.707888422187466,0.8904490603362376,1.0,1.0,0.8906860940695083
0.0,0.0,0.0,0.0,0.0,0.0,0.0,0.0,0.0,0.0,0.0,0.0,0.0,0.0,0.0,0.0,0.0,0.0,0.0,0.0,0.0,0.0,0.0,0.0
0.9985527909484375,0.9975499878298137,1.0,0.9982241223067518,0.9971184244211457,1.0,0.9991140691025464,0.9980531567544233,1.0,0.999197041168614,0.9982638725786614,1.0,0.9991709338246721,0.9984152597877909,1.0,0.9976357719386755,0.9979533586203075,1.0,0.9481579675176874,0.7080534192075305,1.0,1.0,1.0,1.0
0.9985254851172414,0.9975360219623752,0.9999969293756408,0.9982298943902634,0.9971204089773238,1.0,0.999116068946563,0.9980592597112974,1.0,0.999197041168614,0.9982619936528749,1.0,0.9991651630624432,0.9984173259419009,1.0,0.9976357719386755,0.9979571592542555,1.0,0.9481579675176874,0.7080534192075305,0.9999970326409553,1.0,1.0,0.9999979550102296
0.9985527909484375,0.997545997581966,1.0,0.9982241223067518,0.9971184244211457,1.0,0.9991140691025464,0.9980531567544233,1.0,0.999197041168614,0.9982638725786614,1.0,0.9991709338246721,0.9984152597877909,1.0,0.9976357719386755,0.9979533586203075,1.0,0.9481579675176874,0.7080534192075305,1.0,1.0,1.0,1.0
0.9985527909484375,0.997545997581966,1.0,0.9982241223067518,0.9971184244211457,1.0,0.9991140691025464,0.9980531567544233,1.0,0.999197041168614,0.9982638725786614,1.0,0.9991709338246721,0.9984152597877909,1.0,0.9976357719386755,0.9979533586203075,1.0,0.9481579675176874,0.7080534192075305,1.0,1.0,1.0,1.0
0.9985527909484375,0.997545997581966,1.0,0.9982241223067518,0.9971184244211457,1.0,0.9991140691025464,0.9980531567544233,1.0,0.999197041168614,0.9982638725786614,1.0,0.9991709338246721,0.9984152597877909,1.0,0.9976357719386755,0.9979533586203075,1.0,0.9481579675176874,0.7080534192075305,1.0,1.0,1.0,1.0
0.9985664438640782,0.9975679439449863,0.9999918116683801,0.9982414385572866,0.9971204089773238,1.0,0.9991260681665892,0.9980531567544233,1.0,0.9991929339623056,0.9982713882817933,1.0,0.9991632394750525,0.9984214582501636,1.0,0.9976297304700381,0.9979628602051491,1.0,0.9481560601581549,0.70805484159564,0.9999891196834838,1.0,1.0,0.9999948875255669
0.9980885918187425,0.9977095977431247,0.8368587512794861,0.998628168152436,0.9995931659822901,0.8363887147335802,0.998504116678987,0.9979799212716784,0.836775710088169,0.9984906016852051,0.9978805717195627,0.8363861283644738,0.9984669008313176,0.9991797368131472,0.8376910732197729,0.9983446375924672,0.9983980327917834,0.8373121085596296,0.9481522454389477,0.7083563878737777,0.8366211671612973,1.0,1.0,0.836564417177982
0.0,0.0,0.0,0.0,0.0,0.0,0.0,0.0,0.0,0.0,0.0,0.0,0.0,0.0,0.0,0.0,0.0,0.0,0.0,0.0,0.0,0.0,0.0,0.0
0.9985839976126698,0.9975918854320156,0.9999877175025702,0.9982414385572582,0.9971124707525689,1.0,0.9991240683225584,0.9980511224354842,1.0,0.999197041168614,0.998265751504448,1.0,0.9991632394750383,0.9984214582501636,1.0,0.9976297304700381,0.9979571592542555,1.0,0.9481598748772626,0.70805484159564,0.9999881305638141,1.0,1.0,0.9999907975460189
0.9985527909484375,0.997545997581966,1.0,0.9982241223067518,0.9971184244211457,1.0,0.9991140691025464,0.9980531567544233,1.0,0.999197041168614,0.9982638725786614,1.0,0.9991709338246721,0.9984152597877909,1.0,0.9976357719386755,0.9979533586203075,1.0,0.9481579675176874,0.7080534192075305,1.0,1.0,1.0,1.0
0.9955452486878613,0.9966222552082655,0.8847881269190268,0.9981394650818487,0.99773760595032,0.8848234064785245,0.9995460354092529,0.9973614883077033,0.8847619980411139,0.9987103372222634,0.9970519654502965,0.8847422360247208,0.9986688775096582,0.9988160936874948,0.8855546639919538,0.9980063153486611,0.9984949489573722,0.8854603340291689,0.9485337173483686,0.7079239818900334,0.8847814045498907,1.0,1.0,0.8848977505111861
0.9985527909484375,0.997545997581966,1.0,0.9982241223067518,0.9971184244211457,1.0,0.9991140691025464,0.9980531567544233,1.0,0.999197041168614,0.9982638725786614,1.0,0.9991709338246721,0.9984152597877909,1.0,0.9976357719386755,0.9979533586203075,1.0,0.9481579675176874,0.7080534192075305,1.0,1.0,1.0,1.0
0.997431301454327,0.9970591873461956,0.9654861821904319,0.9988725196876942,0.9971501773201084,0.9658495297806482,0.9985881101273861,0.9967695014900357,0.9655690499510925,0.9985255129388975,0.9977039526959715,0.9659937888199508,0.9984303526702547,0.9985805521175308,0.9662858575727782,0.9977706980717187,0.9974079676490533,0.9659373695199704,0.9483620549892038,0.7081202714484647,0.9660178041543617,1.0,1.0,0.9660961145194662
0.9985527909484375,0.997545997581966,1.0,0.9982241223067518,0.9971184244211457,1.0,0.9991140691025464,0.9980531567544233,1.0,0.999197041168614,0.9982638725786614,1.0,0.9991709338246721,0.9984152597877909,1.0,0.9976357719386755,0.9979533586203075,1.0,0.9481579675176874,0.7080534192075305,1.0,1.0,1.0,1.0
0.9985527909484375,0.997545997581966,1.0,0.9982241223067518,0.9971184244211457,1.0,0.9991140691025464,0.9980531567544233,1.0,0.999197041168614,0.9982638725786614,1.0,0.9991709338246721,0.9984152597877909,1.0,0.9976357719386755,0.9979533586203075,1.0,0.9481579675176874,0.7080534192075305,1.0,1.0,1.0,1.0
0.9985508405319337,0.9975479927059183,0.9999959058341901,0.9982298943902634,0.9971184244211457,0.9999958202716925,0.9991180687905796,0.9980612940302507,0.9999970617042138,0.999197041168614,0.998265751504448,0.9999989648033107,0.9991613158876191,0.9984152597877909,0.9999979939819426,0.9976357719386755,0.9979571592542555,0.9999958246346594,0.9481579675176874,0.7080534192075305,0.9999970326409553,1.0,1.0,0.9999979550102296
0.9985449892825926,0.9975699390689527,0.9999068577278081,0.9983280198100033,0.9970390421737818,0.9999143155695549,0.9991100694146553,0.9980165390130651,0.9998981390794057,0.9991765051371146,0.9982901775395874,0.9999182194617475,0.999184398936606,0.9984235244042736,0.9999167502508115,0.997641813407327,0.9979495579863453,0.9999133611691633,0.9481675043154496,0.7080548415956684,0.9999099901088684,1.0,1.0,0.9999069529653042
0.9959684890708616,0.9961374400964331,0.6703705220060883,0.9965463700330872,0.9978943858891114,0.9273991640543002,0.9972562140152377,0.9964867311545191,0.9269422135161705,0.9980860418646955,0.9987505143556348,0.9272267080745351,0.9983745686353842,0.9983222828521292,0.9279669007021027,0.9992810652318127,0.999553425511337,0.9274843423799481,0.9477364410578133,0.7079140251733662,0.6448308605339861,1.0,1.0,0.6449580777095321
0.9985527909484375,0.997545997581966,1.0,0.9982241223067518,0.9971184244211457,1.0,0.9991140691025464,0.9980531567544233,1.0,0.999197041168614,0.9982638725786614,1.0,0.9991709338246721,0.9984152597877909,1.0,0.9976357719386755,0.9979533586203075,1.0,0.9481579675176874,0.7080534192075305,1.0,1.0,1.0,1.0
0.9985527909484375,0.9975519829537376,1.0,0.9982241223067518,0.9971184244211457,1.0,0.9991140691025464,0.9980531567544233,1.0,0.999197041168614,0.9982638725786614,1.0,0.9991709338246721,0.9984152597877909,1.0,0.9976357719386755,0.9979533586203075,1.0,0.9481579675176874,0.7080534192075305,1.0,1.0,1.0,1.0
0.9985527909484375,0.997545997581966,1.0,0.9982241223067518,0.9971184244211457,1.0,0.9991140691025464,0.9980531567544233,1.0,0.999197041168614,0.9982638725786614,1.0,0.9991709338246721,0.9984152597877909,1.0,0.9976357719386755,0.9979533586203075,1.0,0.9481579675176874,0.7080534192075305,1.0,1.0,1.0,1.0
0.9985527909484375,0.9975479927058899,1.0,0.9982241223067518,0.9971184244211457,1.0,0.9991140691025464,0.9980531567544233,1.0,0.999197041168614,0.9982638725786614,1.0,0.9991709338246721,0.9984152597877909,1.0,0.9976357719386755,0.9979533586203075,1.0,0.9481579675176874,0.7080534192075305,1.0,1.0,1.0,1.0
0.9985527909484375,0.997545997581966,1.0,0.9982241223067518,0.9971184244211457,1.0,0.9991140691025464,0.9980531567544233,1.0,0.999197041168614,0.9982638725786614,1.0,0.9991709338246721,0.9984152597877909,1.0,0.9976357719386755,0.9979533586203075,1.0,0.9481579675176874,0.7080534192075305,1.0,1.0,1.0,1.0
0.9970607223174142,0.9974003535360225,0.9178638689867498,0.9994843605400376,0.9972355132359922,1.0,0.9981161469404327,0.9979555094442105,1.0,0.9994455271497173,0.9981173163678392,1.0,0.9987400502439243,0.9980619474326176,1.0,0.9977102833852172,0.9986621768509991,1.0,0.9483811285846855,0.7080050580119632,0.9182294757666085,1.0,1.0,0.9185705521472443
0.9961303736413782,0.9979290613740375,0.712106448311232,0.9997075477690203,0.9971858993313418,0.7118641588297763,0.998102148032487,0.998624800382359,0.7123114593536215,0.9978272878678922,0.9976043696297268,0.7115310559006787,0.9988131465657659,0.9981611228306377,0.7130922768305936,0.9982379049797743,0.9990878478529339,0.7126179540710567,0.947621999485051,0.7078301042751747,0.7120870425322039,1.0,1.0,0.7119447852761098
0.9967252506772297,0.9971788947811007,0.6427021494370706,0.9979124297971538,0.997791188967426,1.0,0.9971422229065325,0.9966840600936564,1.0,0.9973138870806224,0.9981022849614334,1.0,0.998347638411559,0.9982706289991228,1.0,0.9991320423387577,0.9998270711554369,1.0,0.9476754055524168,0.7079694983093674,0.6421226508407756,1.0,1.0,0.6422065439672622
0.9985527909484375,0.997545997581966,1.0,0.9982241223067518,0.9971184244211457,1.0,0.9991140691025464,0.9980531567544233,1.0,0.999197041168614,0.9982638725786614,1.0,0.9991709338246721,0.9984152597877909,1.0,0.9976357719386755,0.9979533586203075,1.0,0.9481579675176874,0.7080534192075305,1.0,1.0,1.0,1.0
0.9985527909484375,0.997545997581966,1.0,0.9982241223067518,0.9971184244211457,1.0,0.9991140691025464,0.9980531567544233,1.0,0.999197041168614,0.9982638725786614,1.0,0.9991709338246721,0.9984152597877909,1.0,0.9976357719386755,0.9979533586203075,1.0,0.9481579675176874,0.7080534192075305,1.0,1.0,1.0,1.0
0.9985527909484375,0.997545997581966,1.0,0.9982241223067518,0.9971184244211457,1.0,0.9991140691025464,0.9980531567544233,1.0,0.999197041168614,0.9982638725786614,1.0,0.9991709338246721,0.9984152597877909,1.0,0.9976357719386755,0.9979533586203075,1.0,0.9481579675176874,0.7080534192075305,1.0,1.0,1.0,1.0
0.9985527909484375,0.9975519829537376,1.0,0.9982241223067518,0.9971184244211457,1.0,0.9991140691025464,0.9980531567544233,1.0,0.999197041168614,0.9982638725786614,1.0,0.9991709338246721,0.9984152597877909,1.0,0.9976357719386755,0.9979533586203075,1.0,0.9481579675176874,0.7080534192075305,1.0,1.0,1.0,1.0
0.9985566917814452,0.9975539780776614,1.0,0.9982241223067518,0.9971184244211457,1.0,0.9991140691025464,0.9980531567544233,1.0,0.999197041168614,0.9982638725786614,1.0,0.9991709338246721,0.9984152597877909,1.0,0.9976357719386755,0.9979533586203075,1.0,0.9481579675176874,0.7080534192075305,1.0,1.0,1.0,1.0
0.9993232054705032,0.9980806907916815,0.824943705220015,0.9987590020453041,0.9981702391984015,0.8244096133751313,0.9974381998203654,0.9980979117715378,0.8249000979432495,0.9989588232033384,0.9968020683213865,0.8246625258798517,0.998191827831107,0.9992417214367464,0.8258936810431692,0.9981875594078389,0.9982194029963267,0.8253622129436948,0.9482094662254923,0.7081032027912215,0.8246310583580652,1.0,1.0,0.824846625766881
0.9973142764638112,0.9970771434613681,0.5164667349027923,0.9970177568531255,0.9980233820409836,0.5163166144200275,0.9986481054477849,0.9988709529767306,0.5171694417237873,0.9977800549954594,0.9989365280080591,0.5162142857142697,0.9979783096282802,0.9989338644725763,0.517824473420248,0.9997865347747705,0.9992683779654641,0.5171002087681984,0.9480530627426589,0.7074645505323787,0.5165727002966847,1.0,1.0,0.5170255623721758
0.9978681947529253,0.9972666802333521,0.6355220061412012,0.9982433625852281,0.9988172045144239,1.0,0.9969502378813644,0.9977825923325412,1.0,0.9970284362429567,0.9985006172268953,1.0,0.9981879806561267,0.9983718705511109,1.0,0.9990253097260506,0.9998612768609689,1.0,0.947839438473423,0.7078926893518371,0.6349366963401692,1.0,1.0,0.6350112474436571
0.9985527909484375,0.997545997581966,1.0,0.9982241223067518,0.9971184244211457,1.0,0.9991140691025464,0.9980531567544233,1.0,0.999197041168614,0.9982638725786614,1.0,0.9991709338246721,0.9984152597877909,1.0,0.9976357719386755,0.9979533586203075,1.0,0.9481579675176874,0.7080534192075305,1.0,1.0,1.0,1.0
0.9985527909484375,0.997545997581966,1.0,0.9982241223067518,0.9971184244211457,1.0,0.9991140691025464,0.9980531567544233,1.0,0.999197041168614,0.9982638725786614,1.0,0.9991709338246721,0.9984152597877909,1.0,0.9976357719386755,0.9979533586203075,1.0,0.9481579675176874,0.7080534192075305,1.0,1.0,1.0,1.0
0.9985527909484375,0.997545997581966,1.0,0.9982241223067518,0.9971184244211457,1.0,0.9991140691025464,0.9980531567544233,1.0,0.999197041168614,0.9982638725786614,1.0,0.9991709338246721,0.9984152597877909,1.0,0.9976357719386755,0.9979533586203075,1.0,0.9481579675176874,0.7080534192075305,1.0,1.0,1.0,1.0
0.9985527909484375,0.997545997581966,1.0,0.9982241223067518,0.9971184244211457,1.0,0.9991140691025464,0.9980531567544233,1.0,0.999197041168614,0.9982638725786614,1.0,0.9991709338246721,0.9984152597877909,1.0,0.9976357719386755,0.9979533586203075,1.0,0.9481579675176874,0.7080534192075305,1.0,1.0,1.0,1.0
0.9985742455300795,0.9975479927059041,1.0,0.9982241223067518,0.9971184244211457,1.0,0.9991140691025464,0.9980531567544233,1.0,0.999197041168614,0.9982638725786614,1.0,0.9991709338246721,0.9984152597877909,1.0,0.9976357719386755,0.9979533586203075,1.0,0.9481579675176874,0.7080534192075305,1.0,1.0,1.0,1.0
0.9987322292674179,0.9975040999796505,0.9994390992838547,0.9982683749470311,0.996999351050178,1.0,0.9992120614590618,0.9979372005736025,1.0,0.9992298988190527,0.9982582358013872,1.0,0.9992498009085011,0.9985226998020948,1.0,0.9976095922412043,0.9978887478432483,1.0,0.9481961147086793,0.7080235490573159,0.9994540059350641,1.0,1.0,0.9994243353786416
0.9985527909484375,0.997545997581966,1.0,0.9982241223067518,0.9971184244211457,1.0,0.9991140691025464,0.9980531567544233,1.0,0.999197041168614,0.9982638725786614,1.0,0.9991709338246721,0.9984152597877909,1.0,0.9976357719386755,0.9979533586203075,1.0,0.9481579675176874,0.7080534192075305,1.0,1.0,1.0,1.0
0.0,0.0,0.0,0.0,0.0,0.0,0.0,0.0,0.0,0.0,0.0,0.0,0.0,0.0,0.0,0.0,0.0,0.0,0.0,0.0,0.0,0.0,0.0,0.0
0.9985527909484375,0.997545997581966,1.0,0.9982241223067518,0.9971184244211457,1.0,0.9991140691025464,0.9980531567544233,1.0,0.999197041168614,0.9982638725786614,1.0,0.9991709338246721,0.9984152597877909,1.0,0.9976357719386755,0.9979533586203075,1.0,0.9481579675176874,0.7080534192075305,1.0,1.0,1.0,1.0
0.9973552352103638,0.9968457090869833,0.9553633572159583,0.9981837177222275,0.997562965006253,0.9557199582026854,0.9989840792418363,0.9970441345497107,0.9552683643485977,0.9993284717702551,0.9982187783600551,0.9556708074534015,0.9983976516844137,0.9984276567124795,0.9561725175525737,0.9977042419165656,0.997940056401319,0.9558058455114562,0.9483792212251814,0.708118849060341,0.9557260138476096,1.0,1.0,0.9560122699386397
0.9985527909484375,0.997545997581966,1.0,0.9982241223067518,0.9971184244211457,1.0,0.9991140691025464,0.9980531567544233,1.0,0.999197041168614,0.9982638725786614,1.0,0.9991709338246721,0.9984152597877909,1.0,0.9976357719386755,0.9979533586203075,1.0,0.9481579675176874,0.7080534192075305,1.0,1.0,1.0,1.0
0.9985781463632435,0.9980786956676724,0.9822395087001397,0.9985954596793931,0.9970926251907315,1.0,0.9994060463283603,0.9980348478837158,1.0,0.9985871210332391,0.9979162713090943,1.0,0.9983803393976274,0.9982355043789966,1.0,0.9977847948317446,0.9980996830270925,1.0,0.9482361692591184,0.7081558311510747,0.9824035608308535,1.0,1.0,0.9824591002045651
0.9985527909484375,0.997545997581966,1.0,0.9982241223067518,0.9971184244211457,1.0,0.9991140691025464,0.9980531567544233,1.0,0.999197041168614,0.9982638725786614,1.0,0.9991709338246721,0.9984152597877909,1.0,0.9976357719386755,0.9979533586203075,1.0,0.9481579675176874,0.7080534192075305,1.0,1.0,1.0,1.0
0.9985527909484375,0.997545997581966,1.0,0.9982241223067518,0.9971184244211457,1.0,0.9991140691025464,0.9980531567544233,1.0,0.999197041168614,0.9982638725786614,1.0,0.9991709338246721,0.9984152597877909,1.0,0.9976357719386755,0.9979533586203075,1.0,0.9481579675176874,0.7080534192075305,1.0,1.0,1.0,1.0
0.9985527909484375,0.997545997581966,1.0,0.9982241223067518,0.9971184244211457,1.0,0.9991140691025464,0.9980531567544233,1.0,0.999197041168614,0.9982638725786614,1.0,0.9991709338246721,0.9984152597877909,1.0,0.9976357719386755,0.9979533586203075,1.0,0.9481579675176874,0.7080534192075305,1.0,1.0,1.0,1.0
0.9985527909484375,0.997545997581966,1.0,0.9982241223067518,0.9971184244211457,1.0,0.9991140691025464,0.9980531567544233,1.0,0.999197041168614,0.9982638725786614,1.0,0.9991709338246721,0.9984152597877909,1.0,0.9976357719386755,0.9979533586203075,1.0,0.9481579675176874,0.7080534192075305,1.0,1.0,1.0,1.0
0.9985722951135756,0.9975719341929192,1.0,0.9982241223067518,0.9971184244211457,1.0,0.9991140691025464,0.9980531567544233,1.0,0.999197041168614,0.9982638725786614,1.0,0.9991709338246721,0.9984152597877909,1.0,0.9976357719386755,0.9979533586203075,1.0,0.9481579675176874,0.7080534192075305,1.0,1.0,1.0,1.0
0.998330443466088,0.9969514506546631,0.9843295803480459,0.9983357159212574,0.9967453278585623,0.9844461859979603,0.999496039308923,0.9979738183150033,0.9843241919686818,0.99896087680645,0.9978843295709083,0.9846573498965938,0.9987496681811194,0.9983780690135404,0.9847713139418417,0.9978613201011655,0.9981319884155511,0.9845354906055306,0.9481293571244152,0.7081529863749125,0.9844708209694275,1.0,1.0,0.9845552147240042
0.9985527909484375,0.997545997581966,1.0,0.9982241223067518,0.9971184244211457,1.0,0.9991140691025464,0.9980531567544233,1.0,0.999197041168614,0.9982638725786614,1.0,0.9991709338246721,0.9984152597877909,1.0,0.9976357719386755,0.9979533586203075,1.0,0.9481579675176874,0.7080534192075305,1.0,1.0,1.0,1.0
0.9985527909484375,0.997545997581966,1.0,0.9982241223067518,0.9971184244211457,1.0,0.9991140691025464,0.9980531567544233,1.0,0.999197041168614,0.9982638725786614,1.0,0.9991709338246721,0.9984152597877909,1.0,0.9976357719386755,0.9979533586203075,1.0,0.9481579675176874,0.7080534192075305,1.0,1.0,1.0,1.0
0.0,0.0,0.0,0.0,0.0,0.0,0.0,0.0,0.0,0.0,0.0,0.0,0.0,0.0,0.0,0.0,0.0,0.0,0.0,0.0,0.0,0.0,0.0,0.0
0.9985527909484375,0.997545997581966,1.0,0.9982241223067518,0.9971184244211457,1.0,0.9991140691025464,0.9980531567544233,1.0,0.999197041168614,0.9982638725786614,1.0,0.9991709338246721,0.9984152597877909,1.0,0.9976357719386755,0.9979533586203075,1.0,0.9481579675176874,0.7080534192075305,1.0,1.0,1.0,1.0
0.9985527909484375,0.997545997581966,1.0,0.9982241223067518,0.9971184244211457,1.0,0.9991140691025464,0.9980531567544233,1.0,0.999197041168614,0.9982638725786614,1.0,0.9991709338246721,0.9984152597877909,1.0,0.9976357719386755,0.9979533586203075,1.0,0.9481579675176874,0.7080534192075305,1.0,1.0,1.0,1.0
0.9985527909484375,0.997545997581966,1.0,0.9982241223067518,0.9971184244211457,1.0,0.9991140691025464,0.9980531567544233,1.0,0.999197041168614,0.9982638725786614,1.0,0.9991709338246721,0.9984152597877909,1.0,0.9976357719386755,0.9979533586203075,1.0,0.9481579675176874,0.7080534192075305,1.0,1.0,1.0,1.0
0.0,0.0,0.0,0.0,0.0,0.0,0.0,0.0,0.0,0.0,0.0,0.0,0.0,0.0,0.0,0.0,0.0,0.0,0.0,0.0,0.0,0.0,0.0,0.0
0.9976946076834281,0.9970272653633998,0.9874155578301895,0.9986493324585553,0.9967135749595428,0.9875067920586886,0.9993360517880632,0.9981975934005476,0.9873849167484323,0.9989013223149925,0.9979444551960341,0.9876697722567869,0.9989343325728441,0.998514435185669,0.9877703109329019,0.9978492371639618,0.9978963491110022,0.9876012526096716,0.9479977493157605,0.7081558311510605,0.9874559841742467,1.0,1.0,0.987600204499131
0.9985527909484375,0.9975479927058899,1.0,0.9982241223067518,0.9971184244211457,1.0,0.9991140691025464,0.9980531567544233,1.0,0.999197041168614,0.9982638725786614,1.0,0.9991709338246721,0.9984152597877909,1.0,0.9976357719386755,0.9979533586203075,1.0,0.9481579675176874,0.7080534192075305,1.0,1.0,1.0,1.0
0.999165221733108,0.9966880942975536,0.9894800409418565,0.9981413891097901,0.9967155595159198,1.0,0.9991860634869738,0.9983542359607185,1.0,0.9989978416631828,0.9977866254303649,1.0,0.9988612362509457,0.9984276567125363,1.0,0.9977827810088797,0.9978659440393471,1.0,0.9480873952145146,0.708187123689342,0.9895370919883248,1.0,1.0,0.9895981595094128
0.9985527909484375,0.997545997581966,1.0,0.9982241223067518,0.9971184244211457,1.0,0.9991140691025464,0.9980531567544233,1.0,0.999197041168614,0.9982638725786614,1.0,0.9991709338246721,0.9984152597877909,1.0,0.9976357719386755,0.9979533586203075,1.0,0.9481579675176874,0.7080534192075305,1.0,1.0,1.0,1.0
0.9985527909484375,0.997545997581966,1.0,0.9982241223067518,0.9971184244211457,1.0,0.9991140691025464,0.9980531567544233,1.0,0.999197041168614,0.9982638725786614,1.0,0.9991709338246721,0.9984152597877909,1.0,0.9976357719386755,0.9979533586203075,1.0,0.9481579675176874,0.7080534192075305,1.0,1.0,1.0,1.0
0.9985527909484375,0.997545997581966,1.0,0.9982241223067518,0.9971184244211457,1.0,0.9991140691025464,0.9980531567544233,1.0,0.999197041168614,0.9982638725786614,1.0,0.9991709338246721,0.9984152597877909,1.0,0.9976357719386755,0.9979533586203075,1.0,0.9481579675176874,0.7080534192075305,1.0,1.0,1.0,1.0
0.9985703446970291,0.997545997581966,1.0,0.9982241223067518,0.9971184244211457,1.0,0.9991140691025464,0.9980531567544233,1.0,0.999197041168614,0.9982638725786614,1.0,0.9991709338246721,0.9984152597877909,1.0,0.9976357719386755,0.9979533586203075,1.0,0.9481579675176874,0.7080534192075305,1.0,1.0,1.0,1.0
0.9985527909484375,0.997545997581966,1.0,0.9982241223067518,0.9971184244211457,1.0,0.9991140691025464,0.9980531567544233,1.0,0.999197041168614,0.9982638725786614,1.0,0.9991709338246721,0.9984152597877909,1.0,0.9976357719386755,0.9979533586203075,1.0,0.9481579675176874,0.7080534192075305,1.0,1.0,1.0,1.0
0.9985527909484375,0.997545997581966,1.0,0.9982241223067518,0.9971184244211457,1.0,0.9991140691025464,0.9980531567544233,1.0,0.999197041168614,0.9982638725786614,1.0,0.9991709338246721,0.9984152597877909,1.0,0.9976357719386755,0.9979533586203075,1.0,0.9481579675176874,0.7080534192075305,1.0,1.0,1.0,1.0
0.9985313363669235,0.9975839049363344,0.9996663254864089,0.9982587548078072,0.9969159996903585,1.0,0.9992060619271683,0.9980002644613677,1.0,0.9992257916127727,0.9982845407622847,1.0,0.9992209470973847,0.9984689797949216,1.0,0.997581398720925,0.9979020500620663,1.0,0.9481865779109313,0.7080477296550782,0.9996726013850008,1.0,1.0,0.9996635991822345
0.9985527909484375,0.997545997581966,1.0,0.9982241223067518,0.9971184244211457,1.0,0.9991140691025464,0.9980531567544233,1.0,0.999197041168614,0.9982638725786614,1.0,0.9991709338246721,0.9984152597877909,1.0,0.9976357719386755,0.9979533586203075,1.0,0.9481579675176874,0.7080534192075305,1.0,1.0,1.0,1.0
0.9982056168095568,0.9981225883939686,0.7992169907881106,0.9992534771995167,0.9970172120557095,1.0,0.996288289513501,0.9998698035864635,1.0,0.9983817607184164,0.997816688242807,1.0,0.9992478773210962,0.9991694060424834,1.0,0.9981331861901026,0.9984436403992021,1.0,0.9481980220681123,0.7079908341309675,0.799336300692346,1.0,1.0,0.7995725971369794
0.9985410884493149,0.9975400122102087,0.9999989764585422,0.9982260463345938,0.9971184244211457,1.0,0.999116068946563,0.9980572253923299,1.0,0.9991990947717682,0.9982676304302345,1.0,0.9991670866498481,0.9984131936336667,1.0,0.9976357719386755,0.9979552589372673,1.0,0.9481579675176874,0.70805484159564,0.9999980217606392,1.0,1.0,0.9999979550102296
0.0,0.0,0.0,0.0,0.0,0.0,0.0,0.0,0.0,0.0,0.0,0.0,0.0,0.0,0.0,0.0,0.0,0.0,0.0,0.0,0.0,0.0,0.0,0.0
0.9985547413649414,0.9975539780776614,1.0,0.9982241223067518,0.9971184244211457,1.0,0.9991140691025464,0.9980531567544233,1.0,0.999197041168614,0.9982638725786614,1.0,0.9991709338246721,0.9984152597877909,1.0,0.9976357719386755,0.9979533586203075,1.0,0.9481579675176874,0.7080534192075305,1.0,1.0,1.0,1.0
0.9985527909484375,0.997545997581966,1.0,0.9982241223067518,0.9971184244211457,1.0,0.9991140691025464,0.9980531567544233,1.0,0.999197041168614,0.9982638725786614,1.0,0.9991709338246721,0.9984152597877909,1.0,0.9976357719386755,0.9979533586203075,1.0,0.9481579675176874,0.7080534192075305,1.0,1.0,1.0,1.0
0.9985527909484375,0.997545997581966,1.0,0.9982241223067518,0.9971184244211457,1.0,0.9991140691025464,0.9980531567544233,1.0,0.999197041168614,0.9982638725786614,1.0,0.9991709338246721,0.9984152597877909,1.0,0.9976357719386755,0.9979533586203075,1.0,0.9481579675176874,0.7080534192075305,1.0,1.0,1.0,1.0
0.9985527909484375,0.997545997581966,1.0,0.9982241223067518,0.9971184244211457,1.0,0.9991140691025464,0.9980531567544233,1.0,0.999197041168614,0.9982638725786614,1.0,0.9991709338246721,0.9984152597877909,1.0,0.9976357719386755,0.9979533586203075,1.0,0.9481579675176874,0.7080534192075305,1.0,1.0,1.0,1.0
0.9970158627375412,0.9966501869431283,0.881534288638619,0.9987763182956684,0.9986663782445646,0.8814796238243687,0.9990140769018581,0.9975689888416639,0.8814564152791178,0.999016324091329,0.9975235758211056,0.881414078674851,0.9984784423558324,0.9989194013936498,0.882271815446309,0.9981352000129675,0.9985443571987531,0.8821221294362616,0.9485012922360738,0.7079083356208997,0.8814510385756762,1.0,1.0,0.8816104294477611
0.9985332867832994,0.9975360219623894,1.0,0.9982279703624215,0.9971184244211457,0.9999989550679231,0.9991140691025464,0.9980551910733766,0.9999990205680689,0.9991990947717682,0.998265751504448,1.0,0.9991690102372672,0.9984131936336667,1.0,0.9976357719386755,0.9979533586203075,1.0,0.9481579675176874,0.7080534192075305,0.9999990108803161,1.0,1.0,0.9999989775051148
0.9985527909484375,0.997545997581966,1.0,0.9982241223067518,0.9971184244211457,1.0,0.9991140691025464,0.9980531567544233,1.0,0.999197041168614,0.9982638725786614,1.0,0.9991709338246721,0.9984152597877909,1.0,0.9976357719386755,0.9979533586203075,1.0,0.9481579675176874,0.7080534192075305,1.0,1.0,1.0,1.0
0.9985527909484375,0.997545997581966,1.0,0.9982241223067518,0.9971184244211457,1.0,0.9991140691025464,0.9980531567544233,1.0,0.999197041168614,0.9982638725786614,1.0,0.9991709338246721,0.9984152597877909,1.0,0.9976357719386755,0.9979533586203075,1.0,0.9481579675176874,0.7080534192075305,1.0,1.0,1.0,1.0
0.9985527909484517,0.9975400122102087,0.9999672466735134,0.9982433625851428,0.9971164398649108,0.9999676071055603,0.9991380672307457,0.9980328135648193,0.9999657198824892,0.9992032019780765,0.9982789039849393,0.9999792960662575,0.9991593923002284,0.9984235244042878,0.9999759277833604,0.9976337581158106,0.9979571592542271,0.9999728601252755,0.9481560601581549,0.7080534192075305,0.99997527200793,1.0,1.0,0.9999723926380568
0.9985527909484375,0.997545997581966,1.0,0.9982241223067518,0.9971184244211457,1.0,0.9991140691025464,0.9980531567544233,1.0,0.999197041168614,0.9982638725786614,1.0,0.9991709338246721,0.9984152597877909,1.0,0.9976357719386755,0.9979533586203075,1.0,0.9481579675176874,0.7080534192075305,1.0,1.0,1.0,1.0
0.9965731181894739,0.9984517838402667,0.56274104401232,0.9987070532937992,0.9977197449448738,0.5624911180773324,0.9995980313535568,0.999332743380819,0.5630812928502138,0.9983324742427158,0.9968039472470451,0.5623157349897028,0.9981995221807836,0.9985681551928849,0.5637562688064648,0.9990373926632685,0.9993139855727691,0.5632025052193086,0.9480606921807748,0.7075769191926327,0.5628882294757958,1.0,1.0,0.5631104294479243
0.9986366588586293,0.9976118366712683,0.9998577277380889,0.9983472600884653,0.9970172120557237,1.0,0.9991620653588456,0.9979778869528388,1.0,0.9992052555812592,0.9982751461333663,1.0,0.9991920932862115,0.998425590558341,1.0,0.9976337581158106,0.9979210532317637,1.0,0.9481675043154496,0.7080548415956542,0.9998555885263158,1.0,1.0,0.9998670756647172
0.9986698159392233,0.9976597196451706,0.8017635619243535,0.9991130231673679,0.9970965943031302,1.0,0.9961423009004875,0.999977622491258,1.0,0.9986199786837489,0.9977189841021925,1.0,0.9992440301463432,0.9992789122109542,1.0,0.9982721399688046,0.9984987495914339,1.0,0.9481732263939477,0.7079879893548338,0.8018367952522709,1.0,1.0,0.8020521472392446
0.9985527909484375,0.997545997581966,1.0,0.9982241223067518,0.9971184244211457,1.0,0.9991140691025464,0.9980531567544233,1.0,0.999197041168614,0.9982638725786614,1.0,0.9991709338246721,0.9984152597877909,1.0,0.9976357719386755,0.9979533586203075,1.0,0.9481579675176874,0.7080534192075305,1.0,1.0,1.0,1.0
0.9962200928008969,0.9961553962115346,0.8837041965198722,0.9981298449425964,0.9977911889674971,0.8836175548589154,0.9990860712864276,0.9973981060490331,0.8836082272281089,0.9989773056316977,0.9971759745516806,0.88357867494814,0.9985361499781504,0.9989111367771528,0.8844142427281341,0.9981533244189791,0.9984930486404267,0.8843037578287394,0.948524180550649,0.7078926893517945,0.8836449060335596,1.0,1.0,0.8837842535786606
0.9985527909484375,0.9975479927058899,1.0,0.9982241223067518,0.9971184244211457,1.0,0.9991140691025464,0.9980531567544233,1.0,0.999197041168614,0.9982638725786614,1.0,0.9991709338246721,0.9984152597877909,1.0,0.9976357719386755,0.9979533586203075,1.0,0.9481579675176874,0.7080534192075305,1.0,1.0,1.0,1.0
0.9985527909484375,0.997545997581966,1.0,0.9982241223067518,0.9971184244211457,1.0,0.9991140691025464,0.9980531567544233,1.0,0.999197041168614,0.9982638725786614,1.0,0.9991709338246721,0.9984152597877909,1.0,0.9976357719386755,0.9979533586203075,1.0,0.9481579675176874,0.7080534192075305,1.0,1.0,1.0,1.0
0.9985527909484375,0.997545997581966,1.0,0.9982241223067518,0.9971184244211457,1.0,0.9991140691025464,0.9980531567544233,1.0,0.999197041168614,0.9982638725786614,1.0,0.9991709338246721,0.9984152597877909,1.0,0.9976357719386755,0.9979533586203075,1.0,0.9481579675176874,0.7080534192075305,1.0,1.0,1.0,1.0
0.9985527909484375,0.997545997581966,1.0,0.9982241223067518,0.9971184244211457,1.0,0.9991140691025464,0.9980531567544233,1.0,0.999197041168614,0.9982638725786614,1.0,0.9991709338246721,0.9984152597877909,1.0,0.9976357719386755,0.9979533586203075,1.0,0.9481579675176874,0.7080534192075305,1.0,1.0,1.0,1.0
0.9965887215214764,0.9966262454561701,0.5056919140225347,0.9983895887006895,0.9983726639292456,0.5056029258098036,0.9992080617712276,0.9990906594243398,0.5063907933399037,0.9971537060349931,0.9988294292384836,0.5054554865424024,0.9974397051524733,0.999055767565892,0.5071323971916257,0.9996234151215049,0.9991581595809578,0.5063507306889363,0.9479061960575308,0.7076935550171726,0.5058991097923169,1.0,1.0,0.5062024539877186
0.9985293859502917,0.9975420073341326,0.9999969293756408,0.9982298943902634,0.9971144553087754,1.0,0.999116068946563,0.9980633283492182,1.0,0.999197041168614,0.998265751504448,1.0,0.9991632394750383,0.9984131936336667,1.0,0.9976357719386755,0.9979571592542555,1.0,0.9481579675176874,0.7080534192075305,0.9999970326409553,1.0,1.0,0.9999979550102296
0.9985527909484375,0.997545997581966,1.0,0.9982241223067518,0.9971184244211457,1.0,0.9991140691025464,0.9980531567544233,1.0,0.999197041168614,0.9982638725786614,1.0,0.9991709338246721,0.9984152597877909,1.0,0.9976357719386755,0.9979533586203075,1.0,0.9481579675176874,0.7080534192075305,1.0,1.0,1.0,1.0
0.9985527909484375,0.997545997581966,1.0,0.9982241223067518,0.9971184244211457,1.0,0.9991140691025464,0.9980531567544233,1.0,0.999197041168614,0.9982638725786614,1.0,0.9991709338246721,0.9984152597877909,1.0,0.9976357719386755,0.9979533586203075,1.0,0.9481579675176874,0.7080534192075305,1.0,1.0,1.0,1.0
0.9964892502794669,0.9982363104572158,0.563261003070636,0.9988032546854697,0.9977237140572157,0.5630616509926369,0.9995760330694736,0.9991333801226574,0.5636219392752508,0.9981579179750071,0.996694969551811,0.5628447204969333,0.9981398909708759,0.9985495598056389,0.5642878635908062,0.9990575308920882,0.9993234871575396,0.5637661795407638,0.9480072861134659,0.7075826087450565,0.5634055390702457,1.0,1.0,0.5636850715746746
0.9985527909484375,0.997545997581966,1.0,0.9982241223067518,0.9971184244211457,1.0,0.9991140691025464,0.9980531567544233,1.0,0.999197041168614,0.9982638725786614,1.0,0.9991709338246721,0.9984152597877909,1.0,0.9976357719386755,0.9979533586203075,1.0,0.9481579675176874,0.7080534192075305,1.0,1.0,1.0,1.0
0.9985527909484375,0.997545997581966,1.0,0.9982241223067518,0.9971184244211457,1.0,0.9991140691025464,0.9980531567544233,1.0,0.999197041168614,0.9982638725786614,1.0,0.9991709338246721,0.9984152597877909,1.0,0.9976357719386755,0.9979533586203075,1.0,0.9481579675176874,0.7080534192075305,1.0,1.0,1.0,1.0
0.998566443863993,0.9975699390689527,1.0,0.9982241223067518,0.9971184244211457,1.0,0.9991140691025464,0.9980531567544233,1.0,0.9991990947717682,0.9982638725786614,1.0,0.9991728574121055,0.9984152597877909,1.0,0.9976357719386755,0.9979533586203075,1.0,0.9481579675176874,0.7080534192075305,0.9999990108803161,1.0,1.0,0.9999989775051148
0.9985527909484375,0.997545997581966,1.0,0.9982241223067518,0.9971184244211457,1.0,0.9991140691025464,0.9980531567544233,1.0,0.999197041168614,0.9982638725786614,1.0,0.9991709338246721,0.9984152597877909,1.0,0.9976357719386755,0.9979533586203075,1.0,0.9481579675176874,0.7080534192075305,1.0,1.0,1.0,1.0
0.9985527909484375,0.997545997581966,1.0,0.9982241223067518,0.9971184244211457,1.0,0.9991140691025464,0.9980531567544233,1.0,0.999197041168614,0.9982638725786614,1.0,0.9991709338246721,0.9984152597877909,1.0,0.9976357719386755,0.9979533586203075,1.0,0.9481579675176874,0.7080534192075305,1.0,1.0,1.0,1.0
0.9985527909484375,0.997545997581966,1.0,0.9982241223067518,0.9971184244211457,1.0,0.9991140691025464,0.9980531567544233,1.0,0.999197041168614,0.9982638725786614,1.0,0.9991709338246721,0.9984152597877909,1.0,0.9976357719386755,0.9979533586203075,1.0,0.9481579675176874,0.7080534192075305,1.0,1.0,1.0,1.0
0.9985527909484375,0.997545997581966,1.0,0.9982241223067518,0.9971184244211457,1.0,0.9991140691025464,0.9980531567544233,1.0,0.999197041168614,0.9982638725786614,1.0,0.9991709338246721,0.9984152597877909,1.0,0.9976357719386755,0.9979533586203075,1.0,0.9481579675176874,0.7080534192075305,1.0,1.0,1.0,1.0
0.9985527909484375,0.997545997581966,1.0,0.9982241223067518,0.9971184244211457,1.0,0.9991140691025464,0.9980531567544233,1.0,0.999197041168614,0.9982638725786614,1.0,0.9991709338246721,0.9984152597877909,1.0,0.9976357719386755,0.9979533586203075,1.0,0.9481579675176874,0.7080534192075305,1.0,1.0,1.0,1.0
0.9985527909484375,0.997545997581966,1.0,0.9982241223067518,0.9971184244211457,1.0,0.9991140691025464,0.9980531567544233,1.0,0.999197041168614,0.9982638725786614,1.0,0.9991709338246721,0.9984152597877909,1.0,0.9976357719386755,0.9979533586203075,1.0,0.9481579675176874,0.7080534192075305,1.0,1.0,1.0,1.0
0.9956798274271392,0.9971988460205239,0.5019682702149595,0.9993323623407804,0.9978209573101253,1.0,0.9992480586513608,0.99753440541933,1.0,0.9980675594364072,0.9990248375197979,1.0,0.9972454228236245,0.9986921244401685,1.0,0.9993394660953072,0.999165760848868,1.0,0.9477993839228986,0.7077077788982677,0.5013560830860868,1.0,1.0,0.5017638036809657
0.9970100114879727,0.998064729800376,0.6721596724667052,0.9963347269710567,0.9981166561816082,1.0,0.9976401840655456,0.9979961958233474,1.0,0.9990594497577376,0.9994025016017218,1.0,0.9987900635168074,0.9987375798308449,1.0,0.9992830790546492,0.9989833304195201,1.0,0.9475876670131811,0.7075740744164136,0.6718308605340937,1.0,1.0,0.6718773006135237
0.9985527909484375,0.997545997581966,1.0,0.9982241223067518,0.9971184244211457,1.0,0.9991140691025464,0.9980531567544233,1.0,0.999197041168614,0.9982638725786614,1.0,0.9991709338246721,0.9984152597877909,1.0,0.9976357719386755,0.9979533586203075,1.0,0.9481579675176874,0.7080534192075305,1.0,1.0,1.0,1.0
0.9985586421979633,0.9975539780776614,1.0,0.9982241223067518,0.9971184244211457,1.0,0.9991140691025464,0.9980531567544233,1.0,0.999197041168614,0.9982638725786614,1.0,0.9991709338246721,0.9984152597877909,1.0,0.9976357719386755,0.9979533586203075,1.0,0.9481579675176874,0.7080534192075305,1.0,1.0,1.0,1.0
0.9985527909484375,0.9975479927058899,1.0,0.9982241223067518,0.9971184244211457,1.0,0.9991140691025464,0.9980531567544233,1.0,0.999197041168614,0.9982638725786614,1.0,0.9991709338246721,0.9984152597877909,1.0,0.9976357719386755,0.9979533586203075,1.0,0.9481579675176874,0.7080534192075305,1.0,1.0,1.0,1.0
0.9963449194576697,0.9954770540797853,0.9093336745137748,0.9986339402360471,0.9979360615688648,0.9094660397073326,0.9987620965565185,0.9976727391086655,0.9090597453477187,0.9991374866773697,0.9975235758213898,0.9092743271221195,0.9986515652229571,0.998590882888152,0.9101013039116381,0.998032495046175,0.9983885312070129,0.9097682672233134,0.9484803112810738,0.7079453177116335,0.9092917903065967,1.0,1.0,0.9096728016359634
0.996604324853493,0.9988767452347531,0.5238628454452083,0.9981644774436376,0.9977733279617382,0.5237565308254446,0.9985201154310204,0.9983013436677197,0.5242830558276026,0.9985542633828004,0.9989853800784374,0.5236501035195715,0.9975762798588477,0.9986156767376144,0.5251464393178438,0.9997019542138048,0.9992284713089106,0.5244342379957558,0.9481446160009455,0.707545626654337,0.5239663699306547,1.0,1.0,0.5243036809814825
0.9985527909484375,0.997545997581966,1.0,0.9982241223067518,0.9971184244211457,1.0,0.9991140691025464,0.9980531567544233,1.0,0.999197041168614,0.9982638725786614,1.0,0.9991709338246721,0.9984152597877909,1.0,0.9976357719386755,0.9979533586203075,1.0,0.9481579675176874,0.7080534192075305,1.0,1.0,1.0,1.0
0.9985527909484375,0.997545997581966,1.0,0.9982241223067518,0.9971184244211457,1.0,0.9991140691025464,0.9980531567544233,1.0,0.999197041168614,0.9982638725786614,1.0,0.9991709338246721,0.9984152597877909,1.0,0.9976357719386755,0.9979533586203075,1.0,0.9481579675176874,0.7080534192075305,1.0,1.0,1.0,1.0
0.9985508405319052,0.997545997581966,1.0,0.9982241223067518,0.9971184244211457,1.0,0.9991140691025464,0.9980531567544233,1.0,0.999197041168614,0.9982638725786614,1.0,0.9991709338246721,0.9984152597877909,1.0,0.9976357719386755,0.9979533586203075,1.0,0.9481579675176874,0.7080534192075305,1.0,1.0,1.0,1.0
0.9985527909484375,0.997545997581966,1.0,0.9982241223067518,0.9971184244211457,1.0,0.9991140691025464,0.9980531567544233,1.0,0.999197041168614,0.9982638725786614,1.0,0.9991709338246721,0.9984152597877909,1.0,0.9976357719386755,0.9979533586203075,1.0,0.9481579675176874,0.7080534192075305,1.0,1.0,1.0,1.0
0.9985547413649414,0.997551982953766,0.9999959058341901,0.9982298943902634,0.9971124707525831,0.9999958202716925,0.9991180687905796,0.9980572253923299,0.9999970617042138,0.999197041168614,0.998265751504448,0.9999989648033107,0.9991613158876191,0.9984152597877909,0.9999979939819426,0.9976357719386755,0.9979571592542555,0.9999958246346594,0.9481579675176874,0.7080534192075305,0.9999970326409553,1.0,1.0,0.9999979550102296
0.9985527909484375,0.9975479927058899,1.0,0.9982241223067518,0.9971184244211457,1.0,0.9991140691025464,0.9980531567544233,1.0,0.999197041168614,0.9982638725786614,1.0,0.9991709338246721,0.9984152597877909,1.0,0.9976357719386755,0.9979533586203075,1.0,0.9481579675176874,0.7080534192075305,1.0,1.0,1.0,1.0
0.9985761959465691,0.9975579683254807,1.0,0.9982241223067518,0.9971184244211457,1.0,0.9991140691025464,0.9980531567544233,1.0,0.999197041168614,0.9982638725786614,1.0,0.9991709338246721,0.9984152597877909,1.0,0.9976357719386755,0.9979533586203075,1.0,0.9481579675176874,0.7080534192075305,1.0,1.0,1.0,1.0
0.9985527909484375,0.997545997581966,1.0,0.9982241223067518,0.9971184244211457,1.0,0.9991140691025464,0.9980531567544233,1.0,0.999197041168614,0.9982638725786614,1.0,0.9991709338246721,0.9984152597877909,1.0,0.9976357719386755,0.9979533586203075,1.0,0.9481579675176874,0.7080534192075305,1.0,1.0,1.0,1.0
0.9974839627002439,0.9992618041506915,0.663519959058327,0.9990322139981203,0.9975550267814555,0.6634712643678924,0.9970882271184252,0.999094728062417,0.6636679725759294,0.997677374837977,0.9982789039848541,0.6628198757764352,0.9985149905165116,0.9985474936516283,0.6647251755265629,0.999299189637739,0.9992170694071945,0.6640688935281744,0.947778402967856,0.7076949774052537,0.6635044510386123,1.0,1.0,0.6635143149284133
0.9985527909484375,0.997545997581966,1.0,0.9982241223067518,0.9971184244211457,1.0,0.9991140691025464,0.9980531567544233,1.0,0.999197041168614,0.9982638725786614,1.0,0.9991709338246721,0.9984152597877909,1.0,0.9976357719386755,0.9979533586203075,1.0,0.9481579675176874,0.7080534192075305,1.0,1.0,1.0,1.0
0.9985527909484375,0.997545997581966,1.0,0.9982241223067518,0.9971184244211457,1.0,0.9991140691025464,0.9980531567544233,1.0,0.999197041168614,0.9982638725786614,1.0,0.9991709338246721,0.9984152597877909,1.0,0.9976357719386755,0.9979533586203075,1.0,0.9481579675176874,0.7080534192075305,1.0,1.0,1.0,1.0
0.9985937496953596,0.9975679439450005,0.9999129989765265,0.9983145516151808,0.9970350730613688,0.9999195402299463,0.9991200686347099,0.9980022987803494,0.9999069539667573,0.999186773152843,0.998297693242705,0.9999254658385652,0.9991882461114301,0.9984255905583979,0.9999227683049696,0.9976377857615404,0.9979362557675415,0.9999185803758408,0.9481713190345147,0.708056263983778,0.9999198813056935,1.0,1.0,0.9999171779141705
0.0,0.0,0.0,0.0,0.0,0.0,0.0,0.0,0.0,0.0,0.0,0.0,0.0,0.0,0.0,0.0,0.0,0.0,0.0,0.0,0.0,0.0,0.0,0.0
0.9975775826927986,0.9980447785611801,0.5321699078812898,0.9984376893966527,0.9972613124662644,0.5319383490073264,0.9984421215144437,0.9989808062005636,0.5324926542605652,0.9984844408756999,0.9982657515045474,0.5318250517598742,0.9977609442504587,0.9978697950993194,0.533165496489481,0.9994844613428029,0.9993424903273791,0.5326868475991375,0.9480702289785512,0.7078201475585075,0.5323610286844982,1.0,1.0,0.5324059304703752
0.9985527909484375,0.997545997581966,1.0,0.9982241223067518,0.9971184244211457,1.0,0.9991140691025464,0.9980531567544233,1.0,0.999197041168614,0.9982638725786614,1.0,0.9991709338246721,0.9984152597877909,1.0,0.9976357719386755,0.9979533586203075,1.0,0.9481579675176874,0.7080534192075305,1.0,1.0,1.0,1.0
0.9985722951135472,0.997569939068967,1.0,0.9982241223067518,0.9971184244211457,1.0,0.9991140691025464,0.9980531567544233,1.0,0.999197041168614,0.9982638725786614,1.0,0.9991709338246721,0.9984152597877909,1.0,0.9976377857615546,0.9979533586203075,1.0,0.9481579675176874,0.7080534192075305,0.9999990108803161,1.0,1.0,0.9999989775051148
0.9985527909484375,0.997545997581966,1.0,0.9982241223067518,0.9971184244211457,1.0,0.9991140691025464,0.9980531567544233,1.0,0.999197041168614,0.9982638725786614,1.0,0.9991709338246721,0.9984152597877909,1.0,0.9976357719386755,0.9979533586203075,1.0,0.9481579675176874,0.7080534192075305,1.0,1.0,1.0,1.0
0.0,0.0,0.0,0.0,0.0,0.0,0.0,0.0,0.0,0.0,0.0,0.0,0.0,0.0,0.0,0.0,0.0,0.0,0.0,0.0,0.0,0.0,0.0,0.0
0.9985527909484375,0.997545997581966,1.0,0.9982241223067518,0.9971184244211457,1.0,0.9991140691025464,0.9980531567544233,1.0,0.999197041168614,0.9982638725786614,1.0,0.9991709338246721,0.9984152597877909,1.0,0.9976357719386755,0.9979533586203075,1.0,0.9481579675176874,0.7080534192075305,1.0,1.0,1.0,1.0
0.9985527909484375,0.997545997581966,1.0,0.9982241223067518,0.9971184244211457,1.0,0.9991140691025464,0.9980531567544233,1.0,0.999197041168614,0.9982638725786614,1.0,0.9991709338246721,0.9984152597877909,1.0,0.9976357719386755,0.9979533586203075,1.0,0.9481579675176874,0.7080534192075305,1.0,1.0,1.0,1.0
0.0,0.0,0.0,0.0,0.0,0.0,0.0,0.0,0.0,0.0,0.0,0.0,0.0,0.0,0.0,0.0,0.0,0.0,0.0,0.0,0.0,0.0,0.0,0.0
0.9985527909484375,0.997545997581966,1.0,0.9982241223067518,0.9971184244211457,1.0,0.9991140691025464,0.9980531567544233,1.0,0.999197041168614,0.9982638725786614,1.0,0.9991709338246721,0.9984152597877909,1.0,0.9976357719386755,0.9979533586203075,1.0,0.9481579675176874,0.7080534192075305,1.0,1.0,1.0,1.0
0.9971231356457224,0.9977235636105064,0.746859774820912,0.9985473589834584,0.9974855673151097,0.7464200626958899,0.9968862428732024,0.9977195284448612,0.7467433888345099,0.9990697177733665,0.9966724224424581,0.7465000000000046,0.998936256160178,0.998628073662374,0.7476770310932963,0.9982640846773307,0.9991448573621113,0.7471450939457043,0.9477097380242441,0.7080135923406772,0.7465331355093809,1.0,1.0,0.7465971370143407
0.9985527909484375,0.997545997581966,1.0,0.9982241223067518,0.9971184244211457,1.0,0.9991140691025464,0.9980531567544233,1.0,0.999197041168614,0.9982638725786614,1.0,0.9991709338246721,0.9984152597877909,1.0,0.9976357719386755,0.9979533586203075,1.0,0.9481579675176874,0.7080534192075305,1.0,1.0,1.0,1.0
0.0,0.0,0.0,0.0,0.0,0.0,0.0,0.0,0.0,0.0,0.0,0.0,0.0,0.0,0.0,0.0,0.0,0.0,0.0,0.0,0.0,0.0,0.0,0.0
0.9985859480292874,0.9975978708037871,0.99988024565004,0.9983703484224691,0.9969973664939431,0.9998902821317444,0.9991760642669902,0.997994161504522,0.9998746327131158,0.9991580227087837,0.9982920564654023,0.9998840579710944,0.9991786281743487,0.9984297228665895,0.9998906720161216,0.9976317442929172,0.9979248538656833,0.9998768267224349,0.9481732263940899,0.7080591087599828,0.9998822947577608,1.0,1.0,0.9998803680982391
0.9969066394128419,0.9961354449725235,0.8997594677583649,0.9980105552168226,0.9975550267815265,0.8997711598745113,0.9987101006121435,0.9969607274724268,0.8995749265425772,0.9988890006962805,0.9981793209184673,0.8996501035196118,0.9990055053071103,0.9989173352395824,0.9005255767300824,0.9978129883522797,0.9985177527611455,0.9003027139873794,0.9485146437529721,0.7080107475644155,0.8997230464885959,1.0,1.0,0.8999938650306092
0.9985527909484375,0.997545997581966,1.0,0.9982241223067518,0.9971184244211457,1.0,0.9991140691025464,0.9980531567544233,1.0,0.999197041168614,0.9982638725786614,1.0,0.9991709338246721,0.9984152597877909,1.0,0.9976357719386755,0.9979533586203075,1.0,0.9481579675176874,0.7080534192075305,1.0,1.0,1.0,1.0
0.9985527909484375,0.997545997581966,1.0,0.9982241223067518,0.9971184244211457,1.0,0.9991140691025464,0.9980531567544233,1.0,0.999197041168614,0.9982638725786614,1.0,0.9991709338246721,0.9984152597877909,1.0,0.9976357719386755,0.9979533586203075,1.0,0.9481579675176874,0.7080534192075305,1.0,1.0,1.0,1.0
0.9985527909484375,0.997545997581966,1.0,0.9982241223067518,0.9971184244211457,1.0,0.9991140691025464,0.9980531567544233,1.0,0.999197041168614,0.9982638725786614,1.0,0.9991709338246721,0.9984152597877909,1.0,0.9976357719386755,0.9979533586203075,1.0,0.9481579675176874,0.7080534192075305,1.0,1.0,1.0,1.0
0.9952838928753067,0.9974063389075525,0.7682978505628952,0.9982779950861129,0.9977534823999861,0.7678265412747365,0.9968762436531478,0.9968061192313797,0.7680577864837872,0.9988540894425739,0.9974991497859804,0.7678830227742779,0.9991978640484405,0.9987830352215781,0.7691013039117109,0.9980606885664685,0.9989225202762668,0.7684290187890497,0.9479214549337911,0.7081060475674832,0.7677428288822483,1.0,1.0,0.7679764826175557
0.9984942784532791,0.9976377732820936,0.9999785056294925,0.9982510586964679,0.9971005634154579,1.0,0.9991260681666461,0.9980409508406751,1.0,0.9992011483748939,0.9982807829106974,1.0,0.9991670866498481,0.9984235244042878,1.0,0.9976317442929457,0.9979533586203075,1.0,0.9481617822368094,0.70805484159564,0.9999990108803161,1.0,1.0,0.9999795501022533
0.9985332867832994,0.9975340268384798,1.0,0.9982279703624215,0.9971184244211457,0.9999989550679231,0.999116068946563,0.9980551910733766,0.9999990205680689,0.9991990947717682,0.9982676304302345,1.0,0.9991670866498481,0.9984131936336667,1.0,0.9976357719386755,0.9979533586203075,1.0,0.9481579675176874,0.7080534192075305,0.9999990108803161,1.0,1.0,0.9999989775051148
0.0,0.0,0.0,0.0,0.0,0.0,0.0,0.0,0.0,0.0,0.0,0.0,0.0,0.0,0.0,0.0,0.0,0.0,0.0,0.0,0.0,0.0,0.0,0.0
0.9985508405319621,0.9975679439450005,0.9999918116683801,0.9982395145294447,0.997116439864925,1.0,0.9991220684785844,0.9980531567544233,1.0,0.9991929339623056,0.9982713882817933,1.0,0.9991632394750525,0.9984214582501636,1.0,0.9976297304700381,0.9979628602051491,1.0,0.9481560601581549,0.70805484159564,0.9999891196834838,1.0,1.0,0.9999948875255669
0.9985527909484375,0.997545997581966,1.0,0.9982241223067518,0.9971184244211457,1.0,0.9991140691025464,0.9980531567544233,1.0,0.999197041168614,0.9982638725786614,1.0,0.9991709338246721,0.9984152597877909,1.0,0.9976357719386755,0.9979533586203075,1.0,0.9481579675176874,0.7080534192075305,1.0,1.0,1.0,1.0
0.9985566917814452,0.9975499878297995,1.0,0.9982241223067518,0.9971184244211457,1.0,0.9991140691025464,0.9980531567544233,1.0,0.999197041168614,0.9982638725786614,1.0,0.9991709338246721,0.9984152597877909,1.0,0.9976357719386755,0.9979533586203075,1.0,0.9481579675176874,0.7080534192075305,1.0,1.0,1.0,1.0
0.9964697461143288,0.9982223445898057,0.6137799385875553,0.9984954102316692,0.9978864476643139,0.6134022988505592,0.9973962030961303,0.9990377671314974,0.6136552399608988,0.9976075523310328,0.9974953919345637,0.6128633540373443,0.9978513528589872,0.998706587519024,0.6147863590773213,0.9984050522789261,0.9998593765439381,0.6140052192067529,0.9480873952144435,0.7079453177116903,0.6136795252225511,1.0,1.0,0.6136175869120706
0.0,0.0,0.0,0.0,0.0,0.0,0.0,0.0,0.0,0.0,0.0,0.0,0.0,0.0,0.0,0.0,0.0,0.0,0.0,0.0,0.0,0.0,0.0,0.0
0.9969885569064303,0.999515184888125,0.668479017400216,0.9980740481354502,0.9974776290903549,0.6683646812957136,0.9979041634752548,0.9989991150711859,0.6686434867777393,0.9982893485766056,0.9983540610162009,0.6677515527949751,0.9982033693556787,0.9986115444294938,0.6696780341022688,0.9993596043242121,0.9990764459511894,0.6690177453026749,0.9477002012264677,0.7076665296431344,0.6683699307616138,1.0,1.0,0.6684028629856869
0.9963059111272088,0.9966761235541242,0.5076878198565993,0.9980259474396007,0.9985611967668717,0.5075402298849383,0.9990080773699788,0.9987672027095726,0.5083535749264314,0.9975315690144981,0.9985945635160505,0.5074534161489765,0.9977090073903838,0.9988181598417043,0.5091213640922021,0.9997200786196743,0.9992683779654641,0.5083037578287275,0.9479328990911853,0.7076210132238572,0.507833827893073,1.0,1.0,0.5082034764825636
0.9985547413649414,0.9975539780776614,1.0,0.9982241223067518,0.9971184244211457,1.0,0.9991140691025464,0.9980531567544233,1.0,0.999197041168614,0.9982638725786614,1.0,0.9991709338246721,0.9984152597877909,1.0,0.9976357719386755,0.9979533586203075,1.0,0.9481579675176874,0.7080534192075305,1.0,1.0,1.0,1.0
0.9985527909484375,0.997545997581966,1.0,0.9982241223067518,0.9971184244211457,1.0,0.9991140691025464,0.9980531567544233,1.0,0.999197041168614,0.9982638725786614,1.0,0.9991709338246721,0.9984152597877909,1.0,0.9976357719386755,0.9979533586203075,1.0,0.9481579675176874,0.7080534192075305,1.0,1.0,1.0,1.0
0.9954282236972745,0.9973225437032909,0.5564442169908261,0.9982337424459047,0.9969854591567326,1.0,0.999344051164087,0.998409162572429,1.0,0.9988705182678359,0.9979068766803749,1.0,0.9978705887330079,0.9982334382248865,1.0,0.9992045399623919,0.9991220535584375,1.0,0.9496666889192085,0.7113803849835278,0.5560692383778445,1.0,1.0,0.556243353783259
0.9985625430309852,0.9975499878297995,1.0,0.9982241223067518,0.9971184244211457,1.0,0.9991140691025464,0.9980531567544233,1.0,0.999197041168614,0.9982638725786614,1.0,0.9991709338246721,0.9984152597877909,1.0,0.9976357719386755,0.9979533586203075,1.0,0.9481579675176874,0.7080534192075305,1.0,1.0,1.0,1.0
0.0,0.0,0.0,0.0,0.0,0.0,0.0,0.0,0.0,0.0,0.0,0.0,0.0,0.0,0.0,0.0,0.0,0.0,0.0,0.0,0.0,0.0,0.0,0.0
0.9985527909484375,0.997545997581966,1.0,0.9982241223067518,0.9971184244211457,1.0,0.9991140691025464,0.9980531567544233,1.0,0.999197041168614,0.9982638725786614,1.0,0.9991709338246721,0.9984152597877909,1.0,0.9976357719386755,0.9979533586203075,1.0,0.9481579675176874,0.7080534192075305,1.0,1.0,1.0,1.0
0.9985527909484375,0.997545997581966,1.0,0.9982241223067518,0.9971184244211457,1.0,0.9991140691025464,0.9980531567544233,1.0,0.999197041168614,0.9982638725786614,1.0,0.9991709338246721,0.9984152597877909,1.0,0.9976357719386755,0.9979533586203075,1.0,0.9481579675176874,0.7080534192075305,1.0,1.0,1.0,1.0
0.9985527909484375,0.997545997581966,1.0,0.9982241223067518,0.9971184244211457,1.0,0.9991140691025464,0.9980531567544233,1.0,0.999197041168614,0.9982638725786614,1.0,0.9991709338246721,0.9984152597877909,1.0,0.9976357719386755,0.9979533586203075,1.0,0.9481579675176874,0.7080534192075305,1.0,1.0,1.0,1.0
0.9985527909484375,0.997545997581966,1.0,0.9982241223067518,0.9971184244211457,1.0,0.9991140691025464,0.9980531567544233,1.0,0.999197041168614,0.9982638725786614,1.0,0.9991709338246721,0.9984152597877909,1.0,0.9976357719386755,0.9979533586203075,1.0,0.9481579675176874,0.7080534192075305,1.0,1.0,1.0,1.0
0.9993700154665817,0.9969195286716825,0.9914114636643845,0.9981991099448351,0.9966004552570666,1.0,0.9989000857931956,0.9979412692114948,1.0,0.9990964146143,0.9978674192389292,1.0,0.9989401033348884,0.9983574074722839,1.0,0.9977445183741622,0.9980065674953948,1.0,0.948171319034401,0.7080847117458546,0.9913491592483155,1.0,1.0,0.9914233128835832
0.9985703446971996,0.9976357781582692,0.999903787103456,0.9983107035594827,0.9970311039490554,1.0,0.9991340675427693,0.9980043330992885,1.0,0.9991990947717682,0.9982920564653597,1.0,0.9991843989365776,0.9984131936336667,1.0,0.9976458410530853,0.9979476576693713,1.0,0.9481732263940756,0.708056263983778,0.9999080118695076,1.0,1.0,0.9999049079755267
0.9985527909484375,0.997545997581966,1.0,0.9982241223067518,0.9971184244211457,1.0,0.9991140691025464,0.9980531567544233,1.0,0.999197041168614,0.9982638725786614,1.0,0.9991709338246721,0.9984152597877909,1.0,0.9976357719386755,0.9979533586203075,1.0,0.9481579675176874,0.7080534192075305,1.0,1.0,1.0,1.0
0.9985527909484375,0.997545997581966,1.0,0.9982241223067518,0.9971184244211457,1.0,0.9991140691025464,0.9980531567544233,1.0,0.999197041168614,0.9982638725786614,1.0,0.9991709338246721,0.9984152597877909,1.0,0.9976357719386755,0.9979533586203075,1.0,0.9481579675176874,0.7080534192075305,1.0,1.0,1.0,1.0
0.9985527909484375,0.997545997581966,1.0,0.9982241223067518,0.9971184244211457,1.0,0.9991140691025464,0.9980531567544233,1.0,0.999197041168614,0.9982638725786614,1.0,0.9991709338246721,0.9984152597877909,1.0,0.9976357719386755,0.9979533586203075,1.0,0.9481579675176874,0.7080534192075305,1.0,1.0,1.0,1.0
0.9985527909484375,0.997545997581966,1.0,0.9982241223067518,0.9971184244211457,1.0,0.9991140691025464,0.9980531567544233,1.0,0.999197041168614,0.9982638725786614,1.0,0.9991709338246721,0.9984152597877909,1.0,0.9976357719386755,0.9979533586203075,1.0,0.9481579675176874,0.7080534192075305,1.0,1.0,1.0,1.0
0.9993485608852666,0.9982961641746471,0.5432814738996967,0.9984319173130984,0.9992498377625338,0.5429070010449664,0.9987440979602695,0.9991577919501964,0.5435406464250789,0.9991580227087837,0.9981060428128785,0.5429265010351543,0.998364950698388,0.9985206336480559,0.5442547642928517,0.9993354384494921,0.9992759792334169,0.5437891440500664,0.948312463640903,0.7078016565131122,0.5435370919881066,1.0,1.0,0.5435081799590407
0.9985527909484375,0.997545997581966,1.0,0.9982241223067518,0.9971184244211457,1.0,0.9991140691025464,0.9980531567544233,1.0,0.999197041168614,0.9982638725786614,1.0,0.9991709338246721,0.9984152597877909,1.0,0.9976357719386755,0.9979533586203075,1.0,0.9481579675176874,0.7080534192075305,1.0,1.0,1.0,1.0
0.9985527909484375,0.997545997581966,1.0,0.9982241223067518,0.9971184244211457,1.0,0.9991140691025464,0.9980531567544233,1.0,0.999197041168614,0.9982638725786614,1.0,0.9991709338246721,0.9984152597877909,1.0,0.9976357719386755,0.9979533586203075,1.0,0.9481579675176874,0.7080534192075305,1.0,1.0,1.0,1.0
0.998539138032811,0.997545997581966,0.9999979529170915,0.9982260463345938,0.9971223935335018,1.0,0.999116068946563,0.9980612940302507,1.0,0.999197041168614,0.998265751504448,1.0,0.9991651630624432,0.9984131936336667,1.0,0.9976357719386755,0.9979533586203075,1.0,0.9481579675176874,0.70805484159564,0.9999980217606392,1.0,1.0,0.9999979550102296
0.9964209857015618,0.9971609386659708,0.9408833162743804,0.9984088289791657,0.997765389737026,1.0,0.9983561282218716,0.9979921271855687,1.0,0.9995379392915282,0.9981943523247594,1.0,0.9985746217264904,0.9988078290709836,1.0,0.9975431360862217,0.9986184695607676,1.0,0.9482705017309456,0.708212726675228,0.9410623145400692,1.0,1.0,0.941327198364057
0.9985527909484375,0.9975499878298137,1.0,0.9982241223067518,0.9971184244211457,1.0,0.9991140691025464,0.9980531567544233,1.0,0.999197041168614,0.9982638725786614,1.0,0.9991709338246721,0.9984152597877909,1.0,0.9976357719386755,0.9979533586203075,1.0,0.9481579675176874,0.7080534192075305,1.0,1.0,1.0,1.0
0.9985118322017854,0.9977714465846645,0.9991484135111435,0.9984222971738888,0.9968584475612232,0.9991661442010269,0.9993340519438618,0.9980368822026406,0.9991136141042531,0.9992114163906507,0.9982563568756433,0.9991356107664302,0.9992074819854082,0.9986301398165409,0.9991354062190823,0.997601536949773,0.9978849472092861,0.9991586638834704,0.948190392629968,0.7080406177146017,0.9991473788332925,1.0,1.0,0.9991104294482653
0.9985527909484375,0.997545997581966,1.0,0.9982241223067518,0.9971184244211457,1.0,0.9991140691025464,0.9980531567544233,1.0,0.999197041168614,0.9982638725786614,1.0,0.9991709338246721,0.9984152597877909,1.0,0.9976357719386755,0.9979533586203075,1.0,0.9481579675176874,0.7080534192075305,1.0,1.0,1.0,1.0
