0,1,2,3,4,5,6,7,8,9,10,11,12,13,14,15,16,17,18,19,20,21,22,23,24,25,26,27,28,29,30,31
0.5641760735831269,0.41009055627273483,0.024882547415870704,0.062054631828971196,0.49990132877250915,0.018133785590805473,0.8056847545219625,0.501833740831259,0.0064807483651776465,0.2770996093748863,0.5435522177290295,0.012892607324090477,0.19719148513868845,0.23378454596718257,0.013617774779746128,0.588695767546767,0.9015822784808734,0.010970344680970356,0.4879720641488916,0.9446437724243424,0.001904036557505151,0.4033444816051315,0.01639344261639053,0.0,0.5527891111254917,0.27138047320840997,0.6770064819583013,0.2451129305335371,0.34007978971007446,0.6129475628242744,0.4896324976532469,0.4021002923537935
0.49781998447119236,0.6558861578250799,0.06803549678085119,0.144180522565307,0.8570253913959078,0.3071328397638666,0.8439922480619941,0.630517307939769,0.05944107210932259,0.03771972656244316,0.49496116567175363,0.028699766835771356,0.249689872475642,0.24929498025926478,0.019520215860751478,0.4960859758523668,0.9006329113922789,0.007431523816165964,0.4837687532332211,0.959507944643974,0.020563594821169318,0.4428093645484523,0.03278688524005702,0.003591160221105838,0.8240631115417045,0.4286798790060118,0.6625442598268734,0.040985569475679995,0.37292322050672055,0.543485919251907,0.48710846573501954,0.4278836597060831
0.4668219554440043,0.34023285898911126,0.03184270053935734,0.5392517814727285,0.482600973556103,1.0,0.595413436692553,0.7452708789087268,0.06284273188472866,0.26861572265619316,0.49342063033574846,0.01844740090515984,0.08956482905782082,0.225606316976382,0.011088157173546165,0.0048427756401281385,0.8999999999998636,0.015641588222649716,0.9902353854112107,0.9646335212712529,0.018913429804456428,0.40685618729088446,0.0,0.000828729281863616,0.4831597043089175,0.7445481682152746,0.5365377909987643,0.23340539943094996,0.24141846840998937,0.1008337425539878,0.9887573349521972,0.3280712897016542
0.4717792510302843,0.591203104786473,0.027144597181063546,0.53426365795724,0.4839165899224156,1.0,0.5060077519380002,0.5591300990863317,0.05454385501897718,0.43157958984366473,0.49727196867581824,0.009498011246733995,0.03701682131696771,0.20981387478821034,0.010244951304869687,0.38005837866518277,0.8943829113922561,0.019534291174153395,0.5886575271598247,0.9482316760629601,0.017390200558224933,0.40685618729088446,0.0,0.0,0.4790316064867426,0.5444801249389997,0.4729495317613157,0.38567196472499177,0.1956250136487938,0.43281486858680296,0.5888797422518337,0.4207663255064631
0.4595950546497818,0.6015523932710494,0.06298938576634328,0.5209619952494222,0.48628469938161345,1.0,0.47984496124027487,0.3677132930124003,0.007624409841341162,0.63739013671875,0.5461839655947074,0.01446989439033075,0.041333796457138305,0.14241398759133972,0.007968295459335195,0.8146477378266468,0.8977848101264954,0.013659848538395636,0.20854888773916969,0.9384930804715168,0.01878649403391819,0.40685618729088446,0.0,0.0,0.4744811677943659,0.36998440976529423,0.4845493631107445,0.541532345173664,0.20366605098402601,0.8321599376561153,0.20803796935857122,0.41009032420714675
0.7111031475840548,0.7567917205687991,0.058291282408106326,0.2611638954868738,0.7560189448756773,0.2472522096474279,0.37713178294566774,0.45547548578035446,0.029676549074849845,0.6760253906250284,0.5265421400603998,0.008812234261370122,0.06902198183905739,0.15002820078950663,0.00889582191489069,0.8889478572375538,0.9029272151897771,0.011182673933035403,0.32326694257625377,0.9400307534594958,0.012693577049844862,0.5193979933109745,0.0,0.00041436464096022974,0.8212623707400581,0.3064037590290667,0.39174049991171955,0.5652655923179566,0.22322154115283865,0.9038553921045889,0.32805981130798045,0.5244476551098955
0.46604551155706986,0.7141009055631002,0.036018792413301526,0.5374703087886417,0.49049467175373707,1.0,0.4005167958656273,0.24395187234587468,0.030878859857480734,0.71649169921875,0.5285319982028227,0.017041558085253428,0.09631320398963794,0.14664410603484157,0.008727180741175289,0.5797399495820343,0.8973892405062998,0.01111189751566144,0.408238489394563,0.9451563300870021,0.02221375983742746,0.40685618729088446,0.0,0.0,0.48363276105997954,0.24549326398710036,0.415105019979805,0.630230583601417,0.2455493272125011,0.6142152571685244,0.4102360217297587,0.3839578777932502
0.8390372095800842,0.4786545924953316,0.07464764224789633,0.04637767220901878,0.8023286409682981,0.42930758944585534,0.8510981912143905,0.6397825247715474,0.13744464971703962,0.08941650390622158,0.4324411066178868,0.03771773419286717,0.04828065300463891,0.30513254371089715,0.02774147308068109,0.10209632479765673,0.8863924050632477,0.01847264491462397,0.7778711846870578,0.9431060994356812,0.029195227214870556,0.7086956521739012,0.2786885245877784,0.0085635359117191,0.9149311050990434,0.39084166456294156,0.6629542148777006,0.08809703635847654,0.19743758024083036,0.18148845997825447,0.7779874722232307,0.6912347217307229
0.5628023651676131,0.5743855109976721,0.07586566904456049,0.29370546318295965,0.6200499934219295,0.9003294086950859,0.7684754521963839,0.7246171663878016,0.29509398551370225,0.5697631835937784,0.6150587329097732,0.03154574132490495,0.6192626407979276,0.2760857304004958,0.01454530123525899,0.020764229799624445,0.9036392405063793,0.013164413617261062,0.6164640455251345,0.9661711942592319,0.015359228230408917,0.4391304347823848,0.0,0.0005524861879848686,0.6533517076387199,0.5945977981847221,0.7102945403032379,0.5173720603479808,0.678053921844679,0.11314772508916349,0.6167430749967195,0.41533135845094193
0.46037149853677306,0.8913324708928485,0.047677048894968266,0.5469714964371235,0.49329035653207143,0.9999673852777136,0.3915374677002035,0.2741281688328314,0.03750623148881971,0.6845703125,0.5076705821940095,0.01248114113288068,0.1114970475859991,0.1897913141567642,0.006492685189101621,0.13128565742337628,0.8934335443036616,0.0145799419632624,0.8852819451629728,0.9651460789339126,0.022467631378333408,0.40685618729088446,0.0,0.00041436464096022974,0.4894441014807285,0.2867635016589958,0.4003962412519826,0.5809186166659117,0.2652346969151722,0.21820889467736038,0.8864631054170786,0.4190015369175626
0.4499790957414973,0.18369987063306326,0.046459022098474634,0.5358076009501076,0.4880278910669489,1.0,0.4305555555555145,0.4303821901942513,0.1317263423360373,0.5644531249999147,0.4182553437319996,0.012892607324104688,0.10469905225039611,0.20840383530730833,0.011088157173588797,0.14667639644417818,0.9073575949365704,0.009271710665956334,0.6784143817899633,0.9559200410046742,0.018024879410916128,0.40685618729088446,0.0,0.00041436464096022974,0.47012397409642404,0.41485406436420647,0.3682505131732796,0.5011061113278856,0.2481722041706007,0.2351346157952321,0.6764372547111464,0.30798469870114786
0.7664098429193587,0.18240620957385545,0.02592657038434254,0.6123515439430776,0.4417839757926316,0.6076122761814702,0.4246770025838771,0.7327564020074107,0.014691651271249384,0.10717773437491473,0.5277617305347064,0.015464271019055786,0.7893613854016621,0.22306824591066743,0.007968295459278352,0.5543983017114442,0.9073575949365704,0.00990869842158304,0.4537635799276245,0.9764223475142444,0.008758568164353164,0.24364548494958171,0.01639344261639053,0.0,0.5895056600672035,0.7834911810665943,0.44033257421135374,0.0824098992358131,0.8275831947377128,0.5925470247881037,0.45389682483383353,0.2567670430578346
0.6065818551036273,0.3790426908153677,0.07412563076366041,0.16134204275533648,0.7288185765031159,0.6606438146179414,0.5922480620155852,0.5842555655642627,0.12908712354477814,0.38397216796869316,0.4541369792669627,0.009635166643818138,0.1879620900115242,0.2154540327127279,0.018929971752612573,0.11815045774181954,0.9026898734176712,0.01281053153081757,0.7457966890842442,0.936442849820196,0.020055851738959518,0.5215719063543247,0.0,0.00041436464096022974,0.7583082231429046,0.40216200271630953,0.5006368162978276,0.33938275471126644,0.3222656047961152,0.20027969340483764,0.748213793751944,0.48287330854225274
0.46120766887653986,0.2975420439870504,0.05637724029918445,0.5285629453681224,0.488488356795159,0.9999021558331691,0.48863049095604083,0.4881932827177735,0.014339755432430934,0.5102539062499716,0.5270556518390492,0.010286654779832816,0.12673051158645876,0.19966159052455623,0.012395126270064338,0.03190924771132586,0.900395569620116,0.011607332436767592,0.5118339368856368,0.9579702716553129,0.016882457476242507,0.40685618729088446,0.0,0.0,0.47791323387191653,0.4731649805144542,0.46446448344933344,0.4642937885276126,0.26976553870693465,0.12440485086585795,0.5129047318174287,0.3352758936665623
0.45750462880005216,0.22121604139829287,0.06438141639114292,0.5515439429929074,0.49046178134454976,0.9995760086103047,0.4915374677002262,0.5127718440355125,0.23673792557401896,0.4747314453125,0.3552217728994549,0.013921272802051021,0.1493574157693729,0.2095318668921209,0.009528226316476207,0.049887223032925476,0.9011867088607346,0.011324226767527534,0.9658561821003104,0.9697590978985318,0.016628585935450246,0.40685618729088446,0.0,0.00013812154696779544,0.4751553392455463,0.5155210151477689,0.36229522307533557,0.4281664006751953,0.2849465022751758,0.1397879881290578,0.9661152839206011,0.30674837702474633
0.45475721196919494,0.5187580853817053,0.049765094832025625,0.5355106888360979,0.48980397316148583,1.0,0.6823643410852753,0.8507914039377624,0.08419107944050097,0.21923828124997158,0.4922652288337588,0.02029899876561103,0.16240758199776906,0.2763677382969263,0.012605927737268985,0.33859625845818186,0.8936708860759381,0.00920093424855395,0.6573331608897206,0.9456688877494344,0.023610053312950186,0.40685618729088446,0.0,0.0013812154697916412,0.4867858897926425,0.8455933382737015,0.5928008391677508,0.22287012863048972,0.29375532304945295,0.39545658347037715,0.6545755089718739,0.3872450389562232
0.9601027294989137,0.686934023286085,0.057421263267656286,0.11152019002381053,0.5956453098276455,0.21176739180063464,0.5019379844961804,0.5021554497490541,0.0451013166769485,0.4730224609374716,0.4932280634187407,0.014675627485900122,0.2567359698307996,0.2591652566271705,0.012057843922605116,0.3483481491308851,0.8956487341772572,0.01358907212113536,0.7362260734609265,0.9185033316243789,0.01599390708292958,0.9724080267556587,0.0,0.0,0.7994169422521225,0.2975300833620622,0.4654317439429292,0.4327331918805726,0.3809642578418959,0.40336432734807204,0.7341171579729746,0.9422904434759403
0.7763841605446942,0.7787839586017071,0.03671480772561608,0.246437054631798,0.5911393237732199,0.5924464303185886,0.8084625322997283,0.6773902972589667,0.186768716459909,0.20159912109377842,0.4154310289492855,0.03219722946091963,0.18806133081938015,0.25775521714570004,0.00860069986086387,0.12518243332883117,0.8938291139240278,0.02186991294493623,0.8530134505949718,0.9395181957970635,0.01827875095187892,0.6884615384615245,0.03278688524005702,0.0016574585636703887,0.7043036796994926,0.5252180868438217,0.6070383884243569,0.16494874710497243,0.3266079488573723,0.2040774387770341,0.8495347037891463,0.7247269183591811
0.4772143582392232,0.7943078913340287,0.05637724029907076,0.48188836104515076,0.5306867517431613,0.9819640585760254,0.6281007751937864,0.6530369321837384,0.24474355590744779,0.50823974609375,0.5473393670968107,0.01848168975443798,0.5272167915447312,0.26085730400427565,0.012521607150347336,0.2664853389943005,0.9015822784810439,0.0037511501167841743,0.6607604759440449,0.9559200410046742,0.0073622746888872825,0.42290969899659103,0.0,0.0,0.5317533879083101,0.6175479266254342,0.5784874263430311,0.46107342201204915,0.6041892471239976,0.32624847876675744,0.6585199274794604,0.43482160605458375
0.23914471719518815,0.44372574385488406,0.04785105272299006,0.9632422802851295,0.7945007235890387,0.4808388506571646,0.8408268733849411,0.6941191609831066,0.10753350341637713,0.1466064453123863,0.4749983952757191,0.03411740501985605,0.19069121222642593,0.29272419627739055,0.009401745436122155,0.14932997213745125,0.8893196202531612,0.007289970981616989,0.8759699948266757,0.9820604818037282,0.026529576034533875,0.183277591972967,0.1147540983511135,0.0016574585636703887,0.6507529559488745,0.90718517090896,0.6600772349479769,0.13467261281752485,0.32102772640703847,0.24094999679738294,0.8748806033921426,0.146288368394778
0.4577435346113816,0.3583441138416674,0.06525143553142243,0.5359857482186499,0.49532956189976574,0.999510779165746,0.3908914728682191,0.17558872731947872,0.021406996862310734,0.7061157226562784,0.542332627254666,0.010389521327638818,0.20701632511293155,0.18697123519450543,0.009696867490163186,0.641103887488299,0.8962816455696156,0.007077641729694051,0.42349974133463775,0.949256791389189,0.016120842853410977,0.40685618729088446,0.0,0.00013812154696779544,0.47813096239505626,0.16833291258700456,0.42083709611769393,0.6269549533858765,0.33954073217572045,0.677733415889179,0.42431945995613773,0.3597986977410983
0.47076390133184987,0.4294954721863178,0.0756916652165387,0.5304038004751135,0.48980397316137214,1.0,0.27332041343666447,0.9025221979153315,0.07125890736345752,0.2708129882811363,0.5103665190320896,0.02369359484288225,0.2782216047238535,0.23209249858996372,0.024073527551749407,0.054000265357473154,0.8910601265822606,0.02512562814058583,0.7486420072425517,0.9313172731931445,0.025894897182126897,0.40685618729088446,0.0,0.006906077348162398,0.4825668531495353,0.8850385322196672,0.32932666706543046,0.24719285524091106,0.3935338382160296,0.1474368554775083,0.7477403315554909,0.32319872780072956
0.45625037329037355,0.8266494178515131,0.04123890725594492,0.5238123515438815,0.48746875411130475,0.9998043116663098,0.6375968992248033,0.6551280401492221,0.24137122078529671,0.3582763671873863,0.3766608896592629,0.01903031134274613,0.14082270629685922,0.23265651438214263,0.014713942409045444,0.7532837999204389,0.8996044303797248,0.013659848538424058,0.42356440765641423,0.9702716555614188,0.00406194465591625,0.40685618729088446,0.0,0.0,0.4719584899258962,0.6600767839417756,0.4590592042203241,0.30415298331871554,0.2867395294682922,0.7708355573585379,0.42431945995613773,0.45665844068327033
0.45320432419518397,0.5316946959910638,0.029058639290042265,0.5288598574823027,0.4902973292988122,1.0,0.6350775193799052,0.17800154420272918,0.05952904606907339,0.8204956054687784,0.48905578021694396,0.013921272802079443,0.03974594353201155,0.19007332205308103,0.010371432185166896,0.8270532041926515,0.8864715189873209,0.01748177507246851,0.17408173823071138,0.9723218862120575,0.02132520944388716,0.40685618729088446,0.0,0.00041436464096022974,0.48553198335820014,0.17161563873362695,0.5347404080001041,0.7255805619145974,0.20594756314957863,0.8460698806499352,0.17159292809142812,0.35688970556145705
0.4602520456310515,0.4773609314370333,0.058291282408106326,0.5273752969121404,0.48296276805680805,1.0,0.533527131782904,0.5672049929223704,0.21043371162136282,0.4348754882811363,0.3692149688684765,0.011383897956406486,0.06654096164356815,0.17597292724190083,0.009528226316433575,0.763831763300999,0.8970727848100069,0.016278575978333265,0.3588334195551397,0.9794976934906572,0.007616146229850074,0.40685618729088446,0.0,0.0,0.4775249950595679,0.5612909763938916,0.39441323177341303,0.3687060088388421,0.2247651536658566,0.7833763904605462,0.36224477170705427,0.3903043290652022
0.5281610225169686,0.5032341526512027,0.04089089959950343,0.1742280285035065,0.722076042625929,0.7245034408531978,0.3673772609818968,0.41571226354389523,0.14201929562182158,0.5610961914062784,0.4674240965402703,0.01124674255927971,0.24279263633204096,0.23547659334428772,0.011003836586709781,0.1612047233647047,0.8931170886075961,0.010404133342774458,0.7968184169684207,0.9610456176324078,0.015105356689559812,0.4625418060199422,0.0,0.00013812154696779544,0.7124418297590438,0.23827723834781978,0.34596413112140567,0.49469552213312795,0.37253703003435135,0.24431539167756,0.7968286281309247,0.44983685402195306
0.4175476318461051,0.5860284605423658,0.028710631633714456,0.7030878859858376,0.899750032890438,0.04849809203876987,0.7734496124030557,0.5131578947368496,0.009413213688802102,0.2677001953125284,0.5443224853971458,0.006034837470835441,0.22373840123066202,0.26536943034386695,0.012226485096334727,0.7060501525805023,0.9003164556961565,0.022082242196773905,0.5922788411795068,0.9436186570987957,0.008250825082541269,0.4366220735785191,0.01639344261639053,0.0,0.8213568072079198,0.5893742099695913,0.6835847286637033,0.2299974712670405,0.3582284431580831,0.7221240685782959,0.5931540995722457,0.4537494485035154
0.4454996117781036,0.6131953428184715,0.08317382982403387,0.5236342042755382,0.492862781213006,1.0,0.5583979328165185,0.45714837215282955,1.0,0.6190795898438921,0.0,0.057742422164295704,0.24204833027343398,0.23265651438202894,0.05784392259369042,0.05419928353452974,0.8617879746834092,0.038714700261806456,0.6187273667874535,0.9400307534597232,0.05343995938051194,0.40685618729088446,0.0,0.042679558011457175,0.48295421755015866,0.43513856126473627,0.18120305029900408,0.5868854216033697,0.336151221154978,0.14563539509362045,0.6168997959328522,0.4043305196914275
0.4565490055545638,0.17464424320860417,0.03219070819557146,0.5480403800475528,0.4852979871069607,1.0,0.5047803617571276,0.5847381289408986,0.03656784258528489,0.4000854492186079,0.5081840939727158,0.007509257989255502,0.038604674242151304,0.23942470389170012,0.011931363042307908,0.2755738357436428,0.9024525316454515,0.010687239011843985,0.6357346094153513,0.9661711942592319,0.006727595836309774,0.40685618729088446,0.0,0.0,0.46919884647606125,0.5957035014237562,0.4735374744142433,0.368031121836367,0.19506526733911755,0.339613980400145,0.6313197717483092,0.34542342805337967
0.46503016185866386,0.8525226390675016,0.02975465460229998,0.543824228028484,0.487337192474655,1.0,0.48301033591727105,0.385149916355644,0.009325239729093937,0.5997924804688637,0.538609666859287,0.010698120971042613,0.07775517292716927,0.17653694303407974,0.01054007335895335,0.7452567334482865,0.8989715189872527,0.015853917474629498,0.3674340403517533,0.9666837519216642,0.007489210459254991,0.40685618729088446,0.0,0.0,0.46714310447650575,0.3760947321655408,0.4724389115912402,0.5167021973182102,0.23536470288044598,0.7631600017080302,0.3698267656263283,0.4066577134351519
0.3482649465447025,0.619663648124515,0.05115712545665474,0.6585510688836678,0.8253519273780086,0.04034441146737322,0.6266149870801598,0.501029468536828,0.011700536641143344,0.30895996093741473,0.53796777713589,0.0123782745851031,0.1191385897881787,0.17174280879862636,0.01172056157507484,0.2672814117022426,0.9003164556961565,0.015216929718945948,0.6616658044490009,0.9728344438751719,0.022848438690061812,0.31103678929724765,0.0,0.0,0.7351913999856521,0.5513387424118292,0.5745293905675197,0.2652875303322446,0.26479908325734414,0.3467611076712842,0.6567893984060618,0.2703084016541766
0.8788747536283381,0.34540750323139946,0.053941186706026656,0.1383016627077609,0.5877845020392272,0.08000391376668858,0.5664728682170903,0.5101016600179804,0.016421805812143475,0.54217529296875,0.552410295911244,0.015155671375651991,0.6989530094774921,0.20924985899603143,0.012648088030701388,0.060103489451989844,0.9000791139239368,0.01082879184656349,0.6819063631659503,0.9533572526913758,0.012058898197437884,0.6061872909698423,0.01639344261639053,0.0,0.7658342849847912,0.30954080741670964,0.5483754254560154,0.4614636172268263,0.7446568364333928,0.14842432265089656,0.6829222020776626,0.6021710778301781
0.4557725616676578,0.39715394566519535,0.006264137810774173,0.5364014251782123,0.49069201420866193,1.0,0.6546511627906568,0.7026122764122675,0.18360165391041505,0.35589599609366473,0.4404005391873227,0.018790289397855986,0.23897186523092273,0.27072758037229505,0.011383279227644039,0.3262571314845957,0.9028481012656471,0.016774010899553105,0.608639420589725,0.9533572526904663,0.006854531606904857,0.40685618729088446,0.0,0.0,0.47562140070266423,0.7083847955851752,0.5320574637349864,0.34140406640352694,0.36650165452729766,0.3813891794949029,0.6085144010042995,0.45878200497435273
0.5128710505883589,0.7554980595095913,0.0518531407689693,0.15480997624700876,0.7373700828838423,0.6753204396464696,0.8308785529713987,0.7628361858190118,0.12509897070469833,0.02069091796877842,0.43879581487900055,0.042415306542253006,0.06326601498540185,0.2966723068242345,0.03288502887980371,0.2573305028524828,0.8919303797467819,0.013518295703846661,0.6162053802379432,0.9589953869806322,0.03148007108404727,0.4389632107021839,0.06557377048738999,0.016436464088428693,0.713784926190911,0.5761853962118124,0.6360634978065036,0.030748387723406267,0.2063429486332211,0.3314046587100279,0.6154761099553809,0.399215541775618
0.4712417129546509,0.7153945666250365,0.0654254393596716,0.5339073634204112,0.4929285620312953,1.0,0.687015503875898,1.0,0.05032110495298525,0.07312011718744316,0.5194171641311982,0.029694143464510603,0.3653550339899141,0.24591088550494078,0.010624393945789734,0.48109327318562123,0.9013449367088242,0.006794536060539258,0.4992886704604018,0.9569451563302209,0.015359228230408917,0.40685618729088446,0.0,0.0006906077348389772,0.49908623973222177,1.0,0.5831311520612132,0.09063916655640014,0.4711328368793204,0.5353139611845279,0.5010384824134064,0.45385611155012384
0.5952338290629768,0.8033635187575783,0.06037932834510684,0.057779097387197,0.7689777660834665,0.6937477577378246,0.7093669250646144,0.6241153004760918,0.2710184452069342,0.6553344726562216,0.7182104114514516,0.023110684405409643,0.8389817893117311,0.27862380146632404,0.013322652725648254,0.1952368316305524,0.8954113924050375,0.021091372354675286,0.7076435592342989,0.936955407483083,0.01916730134541922,0.5183946488293714,0.0,0.00041436464096022974,0.7907725077953529,0.39160353209750554,0.7581644517908472,0.5834456749456081,0.8704319471470683,0.27661891239839065,0.7058908925339722,0.4923081398450222
0.4617452069521448,0.4838292367412578,0.06507743170340063,0.5326603325415533,0.48470595974211506,0.9998695411108685,0.5138888888888573,0.572416677390251,0.12046567549340637,0.43414306640616473,0.46196803389173624,0.011692497599767648,0.13536446186679996,0.1948674562886481,0.010076310131111654,0.27517579938955805,0.8962025316454287,0.013872177790375417,0.6106440765649381,0.9548949256793549,0.01891342980434274,0.40685618729088446,0.0,0.00013812154696779544,0.4823596175672975,0.5814071747653458,0.4528573575260424,0.3905904340209929,0.27629859419769787,0.3493338599824938,0.6096180463332814,0.3942605584294938
0.4684942961238221,0.7490297542053668,0.027666608665356307,0.5313539192398764,0.4855611103801607,1.0,0.4942506459947822,0.5365461330588204,0.14366147620307856,0.45007324218741473,0.395981770331872,0.007440680290770274,0.03359301344727328,0.20473773265621276,0.008263417513362015,0.059838131882685275,0.9024525316454515,0.01967584400870237,0.5994568028969525,0.9595079446435193,0.016501650164855164,0.40685618729088446,0.0,0.00013812154696779544,0.482174242278532,0.5233957576103023,0.4129895935609085,0.40374821858299015,0.18924137709078082,0.1510557892265183,0.6001224072995512,0.38778805082984036
0.5187839694201557,0.34928848641720833,0.04941708717575466,0.272921615201966,0.6365938692277524,0.9141580509442235,0.6159560723513664,0.6082228799381824,0.33380252778516706,0.5283813476562216,0.6171127800243994,0.01573858181316723,0.621991763012943,0.2399887196841064,0.005354357266298848,0.11960992437312257,0.899367088607562,0.010687239011872407,0.4648215209519435,0.967196309585006,0.0033003300329141894,0.4031772575249306,0.0,0.0,0.6373359822179481,0.47204932413663414,0.6179014678141499,0.4717476893911794,0.6873075512880291,0.20349029613342395,0.46528631265337594,0.40807342296261595
0.4634175476319342,0.619663648124515,0.03062467374275002,0.5295130641329706,0.4886528088409534,1.0,0.4420542635658933,0.40712263543939287,0.03973490513477884,0.56982421875,0.5134475897040716,0.013098340419659849,0.0978514365108083,0.222222222222058,0.011509760107870193,0.6503250630223363,0.9027689873417444,0.018047986410806516,0.4977366787377093,0.9415684264479296,0.00520436659024881,0.40685618729088446,0.0,0.0,0.4774401771208261,0.3937977467903693,0.43181980651870333,0.5191438480616739,0.25352140196335426,0.6688595554796848,0.4991281366870055,0.4539191397141167
0.45828107268718554,0.7930142302711829,0.05481120584636301,0.9076603325416102,0.8912643073279867,0.248850331039435,0.7636304909561602,0.5696178098057061,0.05876660508492648,0.18762207031241473,0.4864240323512661,0.01721300233157308,0.058601697017934384,0.23068245910883434,0.014208018887799767,0.1669762504974699,0.9030854430378099,0.0085639464928704,0.564148991205343,0.9538698103538081,0.0205635948208851,0.4053511705683377,0.0,0.004005524861952381,0.8323429163030625,0.7472726137576018,0.6146860196573982,0.1753835384510296,0.20925316969274377,0.24976247411240138,0.5640402987265816,0.4087909743668092
0.6500627127755081,0.591203104786473,0.04524099530175363,0.24673396674589299,0.6444546770161992,0.8273050454975248,0.7317829457364553,0.6638141809290801,0.3039500307909293,0.5513916015624716,0.6130688747674355,0.02413934988339861,0.6332059742967147,0.32515510434279804,0.008642860154338905,0.32857901021625935,0.8966772151897544,0.020100502512519824,0.6577211588204364,0.935417734495104,0.01980198019788304,0.6182274247489659,0.0,0.00013812154696779544,0.7071717502050774,0.519879585116982,0.6895867040343262,0.496952960543382,0.6981461707950132,0.37884311548563687,0.6564693577576008,0.5796748716407478
0.4568476378188677,0.6041397153940125,0.04732904123886783,0.5373515439429184,0.4888501512959067,1.0,0.41660206718339055,0.34667352979023747,0.062168264860332556,0.6658325195313353,0.4826368829835417,0.01062954327248633,0.007790403413878266,0.18866328257183795,0.011256798347361041,0.5359559506434834,0.9012658227846941,0.013305966451923723,0.46734350750122644,0.9487442337265293,0.006092916983845953,0.40685618729088446,0.0,0.0,0.4817177993504913,0.33202856731803365,0.39660014501612295,0.5863696270705248,0.1781981685835774,0.5678389948117797,0.46844052770416056,0.42002453250091776
0.6897210774653502,0.2600258732218208,0.07308160779524542,0.4897268408550417,0.5107880542033882,0.6461302632007317,0.5248708010336145,0.7099794106291881,0.012287029705916552,0.15350341796872158,0.5487515244881536,0.012069674941670883,0.9945417555699407,0.24252679075004835,0.008811501328054305,0.5697227013400266,0.8904272151898454,0.006794536060539258,0.4993533367822067,0.9533572526911485,0.012439705509052601,0.4652173913041793,0.0,0.00041436464096022974,0.6003343750492007,0.6899135796101774,0.5172363485697673,0.1568132606085726,0.9767745509674342,0.6157738540043738,0.5026188893268966,0.44170137255940745
0.6466583049634096,0.5200517464418226,0.013572298590418086,0.3614608076009347,0.5243389027759662,0.3995955774436766,0.8113695090437716,0.6090271522326418,0.15119791208468314,0.3754272460936079,0.4976571025098053,0.028836922232912343,0.3442167419241571,0.2600112803158936,0.0059446013744235415,0.4674936977576465,0.8959651898732659,0.017906433576200698,0.5133212622865528,0.9441312147621375,0.02030972328009284,0.6172240802673628,0.0,0.0,0.5941243028752581,0.5097898168531998,0.6498867152679964,0.3295659120101391,0.45861038093781303,0.5050654397164749,0.5176459525580697,0.6181511415371119
0.618586872125718,0.7787839586035261,0.0264485818686353,0.30629453681703467,0.5991316931983022,0.8244349499363608,0.7727390180878331,0.6682859348860859,0.42379988856632167,0.7604980468749716,0.8952435971501131,0.049821697983844615,0.9482955391255814,0.35645798082362035,0.022935199628946634,0.6134403608861874,0.9058544303796907,0.02887677825742685,0.42983704086907437,0.9410558687852699,0.0033003300329710328,0.49230769230757687,0.01639344261639053,0.00013812154696779544,0.6566071425448712,0.5379083388301922,0.8764620149654974,0.7073033491476224,0.9645578291498111,0.6357847428315324,0.4322280933000968,0.4814139641321731
0.45720599653591876,0.49288486416480737,0.06577344701588572,0.536579572446584,0.4860215761083708,1.0,0.3351421188629615,0.31402007463643145,0.12908712354477814,0.7044067382812784,0.41979587906797633,0.016698669592642545,0.00843546866482825,0.2391426959953833,0.013955057127219561,0.31358630754937167,0.8957278481012168,0.01040413334266077,0.496508018623814,0.9579702716557676,0.017009393246780746,0.40685618729088446,0.0,0.00041436464096022974,0.47531797982908586,0.30509899301380017,0.30732185556452407,0.6358473851058761,0.17123869444631623,0.37937688152533156,0.498337933230232,0.3778344492550332
0.9242071313384486,0.6843467011631219,0.012528275622003093,0.14055819477431442,0.6564596763583523,0.4856658295554155,0.7134366925063489,0.6220563634023364,0.11216679862759804,0.21557617187494316,0.4423903973297172,0.02084762035386234,0.18910335930138444,0.1957134799773712,0.014081538007502559,0.1634602627040067,0.8836234177214806,0.011748885271344989,0.907462493533302,0.9390056381344039,0.02119827367346261,0.8351170568558928,0.09836065572744701,0.00041436464096022974,0.8364334144204548,0.426096587068713,0.5689315345886428,0.16957247666783815,0.31686353568869663,0.23409910967825454,0.9044942615391847,0.8436222770621953
0.4729737800871874,0.6106080206973274,0.06994953888988675,0.539311163895519,0.4853637679253211,1.0,0.3963824289405409,0.39943379230471976,0.1365062608134764,0.6042480468750284,0.42095128057002285,0.012789740776270264,0.06410956185192163,0.2120699379582902,0.013364813019066446,0.4093803900755688,0.8968354430379577,0.00821006440645533,0.5053026383858708,0.9543823680166952,0.014851485148369648,0.40685618729088446,0.0,0.0,0.4787998873757999,0.38248555211416146,0.35103531886770156,0.5404002766533722,0.2166057305608433,0.46638608365182677,0.5070433688072455,0.39821193947358324
0.4692707400107565,0.3777490297552504,0.04506699147367499,0.5394893111639192,0.49095513748191877,0.999510779165746,0.578940568475474,0.6270428516278344,0.1901117269288335,0.3811645507811079,0.41183644649851203,0.010389521327624607,0.15218577879235795,0.23773265651391284,0.011509760107898614,0.019437441952931067,0.9042721518986241,0.01719866940322845,0.7492240041385685,0.9405433111223829,0.019040365574937823,0.40685618729088446,0.0,0.00041436464096022974,0.4846776830887336,0.6217065289876018,0.4596617360210331,0.3493653885121262,0.29739769687955686,0.11695614578223967,0.7485305350122644,0.3213709110477794
0.5361046407454069,0.319534282019049,0.016182356011768206,0.11722090261287121,0.7498355479541914,0.6735592446430445,0.522803617570986,0.5155385407283148,0.1614322160640569,0.49206542968741473,0.5463765325118288,0.004423261555274394,0.48672654195408427,0.2053017484489601,0.009401745436178999,0.9519039405598448,0.8920886075948715,0.012881307948106269,0.8850879461976433,0.9861609431059151,0.01878649403391819,0.3234113712371709,0.0,0.0,0.7510296198232567,0.30549892822791946,0.48837609655682,0.4226333320494291,0.5705550453601518,0.9605653649892076,0.8836091346858836,0.30643323620535057
0.4007047721435413,0.434670116428606,0.0026100574210659033,0.05576009501186263,0.48135113800812235,0.00926258112909295,0.8960594315244066,0.5016085445888194,0.01061552447141878,0.35784912109366473,0.5520893510495455,0.009017967356967915,0.3607403364263746,0.20558375634516324,0.005607319026921687,0.20671354650383478,0.8943829113922561,0.00920093424872448,0.8246249353336452,0.9764223475142444,0.02170601675555872,0.3463210702337278,0.06557377048738999,0.0,0.45653823889978185,0.2666943544891893,0.7429698544440555,0.2890911130946847,0.4737292781800875,0.2825730725708695,0.8223147517292659,0.3253319887325006
0.4594158752912847,0.5304010349291275,0.07464764224806686,0.5302256532066849,0.48904749375078893,1.0,0.4604651162790958,0.46332518337405304,0.007389812615514302,0.5174560546875284,0.5343731946851733,0.00737210259218557,0.22353991961497854,0.18076706147780897,0.008895821914933322,0.27053204192642966,0.9040348101264613,0.009837922004351185,0.6627651319192296,0.9584828293182,0.023736989083488425,0.40685618729088446,0.0,0.0,0.4811004646624042,0.46255764903241925,0.47365126976646366,0.4575934835723956,0.35165515949321957,0.3460431923479348,0.6596268721965259,0.4471896711384602
0.46031177208388385,0.3531694695993792,0.07673568818512422,0.5203087885986122,0.4867122747006789,1.0,0.48611111111108585,0.46499806974642865,0.004545321251555379,0.49072265625,0.5371975094679442,0.011795364147516807,0.502108867166271,0.17230682459091895,0.010961676293277378,0.07191190128699532,0.9102848101265977,0.009908698421639883,0.647245214692191,0.9538698103535808,0.014724549377774565,0.40685618729088446,0.0,0.0,0.4855695830630111,0.4507342249536066,0.4729860046305845,0.43833157215178176,0.5835878244257913,0.16588914746893124,0.6439729252209929,0.32069214620605635
0.4696888251806115,0.6274256144897663,0.030276666086706427,0.5470902612826762,0.48760031574789764,1.0,0.39728682170536445,0.33525286320927705,0.06228556347323888,0.6458740234374716,0.48404904037494134,0.014264161294704536,0.05135711804697962,0.1937394247041766,0.009106623382095336,0.02985272654899518,0.8996835443037412,0.015570811805446283,0.9134764614588278,0.9646335212712529,0.01891342980434274,0.40685618729088446,0.0,0.00041436464096022974,0.47666632273138987,0.3412569366591214,0.3938909402851607,0.5578786777573725,0.21021060023880977,0.1262063112496321,0.9119360314629432,0.3901152445735647
0.4663441438212601,0.6623544631311233,0.050983121628632944,0.5391923990499095,0.4889488225233123,0.9987932552754444,0.3669896640826664,0.26364045811348547,0.07158147854899255,0.6265258789063068,0.5112651646447546,0.015327115621971643,0.2488959460130502,0.1988155668360605,0.008347738100255242,0.8283136526468979,0.8893987341771776,0.01854342133194109,0.11465338851533602,0.9697590978985318,0.016120842853240447,0.40685618729088446,0.0,0.00013812154696779544,0.49313674225662396,0.2556563235457645,0.36702502476506993,0.5479898247805863,0.37115547959450623,0.8496087494929725,0.11756379779367876,0.41009032420726044
0.7402496565728427,0.6313065976710277,0.046459022098474634,0.19804038004750169,0.9120510459150069,0.10325821075639396,0.9441214470283228,0.5323960880195528,0.04747661358908317,0.30230712890616473,0.5249374157520492,0.020161843368512677,0.3043715575844317,0.2600112803157799,0.012985370378189032,0.19463977709952474,0.8959651898734364,0.023356217708141003,0.7073202276254165,0.9420809841101345,0.013835998984404796,0.6339464882942707,0.03278688524005702,0.00041436464096022974,0.9953245204288663,0.3564716665806742,0.7727302568710996,0.27811373269452133,0.4239107072457955,0.27559941926253373,0.7074910957762768,0.590850249930952
0.45804216687582766,0.795601552394146,0.020358447885769237,0.5201306413302405,0.48822523352188796,0.9990541730537359,0.448320413436619,0.44090207180538243,0.09137561948334394,0.5307006835938068,0.4720457025482858,0.011418186805670416,0.11854314494132723,0.26847151720255624,0.01083519541299438,0.6178851001724581,0.8935917721519218,0.017906433576200698,0.6034661148474072,0.9492567913887342,0.021071337902867526,0.40685618729088446,0.0,0.0,0.48142574582946907,0.4239693298551259,0.42062409456099203,0.4819028129223,0.2607245438987036,0.6380665926511142,0.6037566833230699,0.4570317613462862
0.8754703458161259,0.5381630012934693,0.0716895771706163,0.021793349168632403,0.7771674779634452,0.47959949121033674,0.8749354005167618,0.6361793848925004,0.20002345972261537,0.6488037109374716,0.6165350792735182,0.044266904402647356,0.6757306604476128,0.3093626621546264,0.014713942409045444,0.04530980496213033,0.8965189873416648,0.02208224219688759,0.5800569063631258,0.9528446950273519,0.012693577050129079,0.5075250836118244,0.01639344261639053,0.0012430939227670024,0.9312423816877384,0.37850248692743094,0.7731533421549415,0.5876725106634524,0.7252323751749259,0.1376956252535706,0.5820813530130806,0.46174432867735504
0.8064265663262518,0.4864165588614924,0.051157125456597896,0.17927553444178557,0.6907314826996469,0.5868366980854773,0.8602067183461486,0.777216574443429,0.09190346324156451,0.0111083984375,0.48417741831951844,0.05506789192152439,0.4106088423559413,0.28905809362663604,0.019815337914749875,0.48633408517972043,0.8920094936707983,0.011395003184844654,0.49249870667344453,0.9415684264477022,0.01802487941108666,0.7155518394648652,0.03278688524005702,0.000828729281863616,0.8077019934839029,0.592566453036099,0.6906254513517212,0.013000366750020476,0.501710846780071,0.5369979930397051,0.49485707875473395,0.7012949863520817
0.7634235202772004,0.4644243208276748,0.03288672350771549,0.22767220902613872,0.6571503749506604,0.6794625093767053,0.6242248062015676,0.6326727576887947,0.10521685581070983,0.3154907226562216,0.4709544900186984,0.015532848717569436,0.1978365503895816,0.24985899605178474,0.011467599814466212,0.30887621069382476,0.906487341772106,0.013235190034578181,0.5580703569581544,0.9554074833420145,0.0053313023612417965,0.5170568561871391,0.0,0.0,0.7645873738442646,0.4704595364189572,0.5157249128662897,0.27236965721434103,0.3341248705514772,0.3600518820590537,0.559292479209688,0.5096554298762612
0.47733381114488793,0.5433376455375765,0.06211936662600692,0.3361045130641571,0.6473161426128229,0.46257460617722757,0.35885012919891324,0.356936044267087,0.022931878830547703,0.8325805664063353,0.514153668399814,0.0197846660265526,0.03448618071766418,0.1692047377326844,0.010287111598231036,0.3882844633142497,0.8984177215189106,0.01613702314378429,0.5663476461458856,0.9564325986671065,0.01815181518134068,0.4282608695652925,0.0,0.00013812154696779544,0.6381360689595965,0.24595563252648844,0.3854088098027546,0.7424728328674632,0.1919918348299916,0.45073873219891425,0.5670377928413188,0.42145478698904526
0.47900615182470574,0.5213454075037589,0.05046111014434018,0.5311757719714763,0.48861991843180874,1.0,0.4496124031007014,0.5947111053918235,0.0375355561420605,0.39630126953119316,0.5164644714037934,0.004937594294304404,0.963975586761336,0.17230682459091895,0.001138327922731719,0.5209632479765958,0.8972310126582101,0.013518295703846661,0.5013579927573346,0.9564325986671065,0.02170601675538819,0.40685618729088446,0.0,0.00041436464096022974,0.4845946139734565,0.5942955846971358,0.43322911818813736,0.3381552307091624,0.9627291712881174,0.561489847769991,0.5037258340440474,0.35844116805736803
0.4723765155587216,0.5601552393272868,0.06316338959442191,0.1896674584322966,0.7144783581107248,0.6713088288053086,0.6345607235141699,0.6245978638527561,0.10187384534179955,0.3489379882812216,0.491944283971975,0.00997805513641481,0.17441571974404724,0.24224478285339046,0.009991989544232638,0.9432134801644168,0.8930379746833523,0.014579941963319243,0.7928737713398846,0.9625832906206142,0.009520182787298381,0.4008361204010953,0.0,0.00013812154696779544,0.6742973664467229,0.44865039961852915,0.548325822353803,0.3075458395644546,0.3233862467917561,0.9497726156670865,0.7908105441846089,0.37707326296805377
0.4431105536641837,0.22639068563876208,0.034452757960650615,0.5523159144892702,0.495526904354719,1.0,0.5594961240310283,0.8532042208209845,0.01140729010884911,0.12805175781244316,0.5306502342897943,0.00987518858865144,0.031260854463369014,0.19712351945861428,0.010371432185209528,0.033435053734905296,0.9015822784811007,0.013589072121192203,0.7988877392653535,0.9574577139928806,0.007235338918405887,0.40685618729088446,0.0,0.00041436464096022974,0.4669690965403248,0.8618576719246249,0.5128566864252235,0.10331799905213757,0.19585718768277616,0.13299848410451887,0.7974654100397061,0.3865468808331798
0.4607895837066849,0.38551099611959216,0.04106490342780944,0.5331947743467822,0.4902315484804376,1.0,0.9500645994831984,0.1019817269334169,0.3501950089440413,0.7399902343750284,0.44296809808074045,0.26107529831294585,0.286805934600153,0.404399323180769,0.2459209916100349,0.5530715138649214,0.9261075949366386,0.13525373345589742,0.4482022762545057,0.7257816504356924,0.023229246001392312,0.40685618729088446,0.0,0.0016574585636703887,0.48473364544005904,0.08546941264717134,0.7109233325698483,0.7083282395831532,0.41954537565644046,0.5679083843970147,0.44930242686490374,0.35018932690763904
0.5823926417010341,0.4786545924953316,0.05550722115873441,0.4064726840855144,0.5226614919089343,0.5450572388376571,0.8580103359171858,0.6381096383991007,0.27227940529603245,0.7255859375000284,0.6949740034662568,0.05355918255382619,0.8210688235002408,0.3542019176534268,0.015177705636787664,0.009088496749370734,0.8973892405062998,0.02201146577957047,0.957384893947193,0.9405433111223829,0.01840568672241716,0.5545150501670832,0.09836065572744701,0.00414364640897702,0.569410803881695,0.5623324366460167,0.8395587658164771,0.6449993887499659,0.851515510259901,0.08829824711236256,0.957870112987564,0.5477874690313342
0.5425550976527518,0.7205692108664152,0.07743170349749562,0.26959619952501157,0.6532035258518363,0.6733961710315697,0.743798449612342,0.8291082228799382,0.05108354593711795,0.03540039062497158,0.5177482508504738,0.0295912769167046,0.45392745496945963,0.22165820642953804,0.021248787891579468,0.4907124850736295,0.8949367088607687,0.004742019958854371,0.49424469736158017,0.9620707329574998,0.015740035541739417,0.43645484949831825,0.0,0.00041436464096022974,0.6781237922187984,0.6932388328044681,0.6207098787495795,0.04348583323422872,0.5393977497508615,0.5440036723103674,0.4972276891249976,0.40306995641356025
0.18843695872894273,0.28201811125563836,0.064903427875322,0.027019002375254786,0.5173332456255793,0.04588891425592578,0.9554909560722535,0.5195599022004416,0.02859153690509686,0.5405883789061932,0.5593427049233242,0.019201755589051572,0.5414578474669725,0.25888324873074,0.009275264555839158,0.24187342443943294,0.8976265822782921,0.0023356217707828364,0.745408691153699,0.9677088672476657,0.028433612591982182,0.12006688963174383,0.0,0.0,0.38733816824731093,0.26702009357757106,0.8002337181464014,0.476446778544954,0.6137221750338995,0.32422016781606544,0.7421990091937118,0.0645020532637659
0.5088096517948202,0.29754204398250295,0.052201148425126576,0.09542755344412512,0.7645375608472307,0.6726134176967662,0.6317829457364894,0.6001158152103443,0.18864549426702126,0.46099853515616473,0.516271904486814,0.00918941160334441,0.4103607403363583,0.20445572476000962,0.009991989544204216,0.025275308478057923,0.8977056962025358,0.014579941963290821,0.48654940506983735,0.9692465402358721,0.017517136328820015,0.40685618729088446,0.0,0.00013812154696779544,0.7459746455571974,0.3848163962579889,0.5761327379015739,0.41333060922369214,0.5079967863435115,0.11853075559923809,0.4867917244746707,0.34884634218485644
0.4559517410260412,0.6817593790428873,0.03984687663114528,0.5351543942993544,0.4976318905407169,1.0,0.33772609819118315,0.8641423240252237,0.029383302542470346,0.11108398437491473,0.5253867385584101,0.016252914552140396,0.03528010718008545,0.23463056965590567,0.013154011551890221,0.3429746583521194,0.9022943037975324,0.012598202279036741,0.425310398344493,0.9559200410046742,0.007616146229850074,0.40685618729088446,0.0,0.0,0.4895402867720833,0.8722894662312513,0.3918907681332229,0.08839177609158355,0.20506139394066736,0.3962332130580819,0.426523451225961,0.42565828068859446
0.09938481753576411,0.09055627425732382,0.062119366626063766,0.8848574821852822,0.7774634916459036,0.23518476240172959,0.7671188630490633,0.5826791918671574,0.04093721591745236,0.23278808593732947,0.5205083766609562,0.019784666026595232,0.18463752294957203,0.2157360406092721,0.0057759602006797195,0.06912564680902733,0.9000000000000341,0.017198669403342137,0.7379720641489484,0.9574577139924259,0.02411779639510314,0.1816053511702762,0.03278688524005702,0.00041436464096022974,0.5716545444052485,0.7448974329045086,0.6534143711858462,0.22147178955583513,0.3202461504510552,0.17024734718279433,0.7333269545162295,0.04270885351775178
0.5865734934002376,0.5640362225112767,0.04993909866021795,0.22298099762474521,0.7939415866333945,0.2525031799354167,0.658914728682106,0.5723845064985227,0.03281428697108879,0.23510742187491473,0.5195455420759458,0.01333836236449315,0.3963677864337569,0.2577552171459274,0.006450524895626586,0.4906461456811826,0.8981012658227883,0.009625592752342982,0.5062726332126033,0.9425935417730216,0.014724549378229312,0.5275919732441707,0.0,0.00013812154696779544,0.8043014062289586,0.412420974339895,0.5683231671288809,0.222257203958236,0.49711334115673367,0.5350497469949289,0.5106809442188478,0.5316377141139128
0.879591471062497,0.38551099612050166,0.05463720201817068,0.11157957244657268,0.6366596500460417,0.48602459150059474,0.8929586563305918,0.6327049285805799,0.26506554060000553,0.5340576171874716,0.5627447204570615,0.06051981895488723,0.5504391405746105,0.45403271291627334,0.015135545343369472,0.2577285392064539,0.8924050632910507,0.011607332436852857,0.7263321262286695,0.925679138903206,0.016247778624233433,0.8854515050165332,0.03278688524005702,0.00041436464096022974,0.7959254161762459,0.4151897565914453,0.754984017588697,0.5281015914270597,0.6218666562456576,0.3120022631680115,0.7233380569573171,0.8581090581167814
0.4574449023473619,0.482535575678412,0.0602053245170282,0.5380641330166043,0.4831272201026593,1.0,0.8344315245477105,0.8334191223780465,0.2951233101668862,0.10888671874994316,0.30258681558507305,0.06532025785217854,0.03344415223546093,0.38917089678545835,0.02622370251697248,0.08425102826063835,0.8841772151896521,0.029796871682322035,0.7655199172270954,0.9159405433113079,0.028560548362690952,0.40685618729088446,0.0,0.0075966850830013755,0.47358839340837733,0.8295371157070406,0.5421458593810371,0.13559199982586279,0.18824831587619428,0.16641223818780304,0.7651413045450397,0.35433948908405455
0.5767186286807089,0.49417852522674366,0.07847572646574008,0.42185273159140024,0.539172477305641,0.7641955578748423,0.6382428940568445,0.5934564406125418,0.27914137415326934,0.5610961914062784,0.6575518325952032,0.011521053353391153,0.7035180866372457,0.2236322617031874,0.019225093806667815,0.001724824200579178,0.8995253164555379,0.015712364640108945,0.7305354371442832,0.9466940030752085,0.01599390708304327,0.4705685618727671,0.0,0.00041436464096022974,0.5843370122750002,0.5293477346204014,0.6518095649369826,0.4901555254488983,0.7559161277049213,0.0969986335589681,0.7300028209768357,0.4410080627566799
0.11395807203018649,0.5342820181112984,0.023838524447512555,0.8248218527315885,0.7460531509011616,0.24823065131595,0.7515503875968079,0.5925878265345403,0.03255036509192166,0.07983398437514211,0.52005905385451,0.025305170758457507,0.2523693742866726,0.21347997743907854,0.009401745436164788,0.4765158551147124,0.8943829113923698,0.0024063981880715346,0.5305225038800074,0.9620707329574998,0.027798933739575205,0.05133779264178884,0.09836065572744701,0.000828729281863616,0.5506791555980755,0.723510852088225,0.6241383284629762,0.0677700427204968,0.37497715614392746,0.5312253133207037,0.5304624257431385,0.05189157216483409
0.4565490055545638,0.6106080207000559,0.04384896467706767,0.5143705463182755,0.4933232469411877,1.0,0.7510981912143677,0.006981083515597675,0.0884431541597479,0.8797607421875568,0.5002888503755116,0.051158963105194744,0.16528556542465367,0.19486745628898916,0.037691302331467114,0.5990447127504126,0.9042721518986809,0.026116497982798137,0.397115882048638,0.908764736033163,0.02081746636184789,0.40685618729088446,0.0,0.00041436464096022974,0.4742940436821357,0.0,0.6255228385813041,0.7853859332113302,0.30944890849474405,0.6278182846894538,0.39929360100168765,0.40841280538359115
0.4525473332138006,0.19534282018139493,0.06594745084385067,0.5241092636579765,0.4854624391527267,1.0,0.5722868217054327,0.0680414361085866,0.014046508900023014,0.8370361328125853,0.5340522498234463,0.014915649430761846,0.15898377412798936,0.20248166948670132,0.011720561575117472,0.40068992968019757,0.8957278481012168,0.012244320192451141,0.534790481117426,0.9543823680166952,0.015993907082872738,0.40685618729088446,0.0,0.00013812154696779544,0.4770257059563505,0.05185766287631566,0.5168234756893781,0.7484446617777394,0.2974137881492993,0.46124591668981907,0.5352201434243398,0.38640627954453066
0.8912978558203406,0.4294954721854083,0.05759526709562124,0.038242280285004426,0.8385409814498246,0.26864746746680623,0.9486434108526396,0.5888238321966099,0.11982053312220842,0.3415527343749716,0.5124847551190896,0.04296392813057537,0.35503398997667546,0.3558939650309867,0.014587461528734025,0.2533501393126869,0.8912183544302934,0.017410998655236654,0.6500258665286935,0.9374679651459701,0.01739020055833862,0.7347826086955251,0.01639344261639053,0.00041436464096022974,1.0,0.33551759488734945,0.7755765995906216,0.3269199530425908,0.4582207423362661,0.32502348570577055,0.6490407853863474,0.6573498111578715
0.9506062234964361,0.5045278137104106,0.07116756568638039,0.18099762470308178,0.6117287199053152,0.36854636182771117,0.4979328165374852,0.5059194440869845,0.06246151139266942,0.48052978515619316,0.5312279350408744,0.01711013578380971,0.4290676326105256,0.22645234066555986,0.009317424849243139,0.06985538012469306,0.8994462025315784,0.010687239011900829,0.71928349715472,0.9502819067147357,0.012566641279363466,0.6712374581937297,0.0,0.0,0.8176869011372787,0.330023462262659,0.4793264482282211,0.40776572210398854,0.5301533153187279,0.15533926169482015,0.718100278303325,0.7018234532646375
0.8617929881145301,0.686934023286085,0.04054289194357352,0.09435866983380947,0.7099065912380524,0.5733994325038339,0.6781653746769791,0.5960622828464182,0.1889973901058113,0.5501098632813353,0.5979202772964811,0.009223700452565708,0.6247705056320285,0.24478285391978716,0.0077153336987265675,0.9180045110785784,0.9019778481011826,0.02491329888877658,0.5336911536471689,0.9712967708869655,0.008250825082541269,0.3516722408023156,0.01639344261639053,0.0,0.8558138762147678,0.37904719506975937,0.6411361444675379,0.4781097135163179,0.6919935588946373,0.930581057710782,0.5341033005428812,0.38117979026168314
0.4619841127636164,0.3169469598960859,0.059161301548556366,0.5425771971496545,0.49049467175370864,0.9927595316526094,0.602131782945662,0.6018530433663329,0.37031172106392773,0.5845336914063921,0.7793183131138335,0.019956110272914884,0.7975983724506648,0.2521150592217509,0.009359585142689753,0.03111317500318478,0.8960443037973391,0.008705499327589905,0.9696714950853789,0.9600205023064063,0.019040365574937823,0.4071906354513999,0.0,0.00041436464096022974,0.4881805765171521,0.5954049072593506,0.7199073297337151,0.5079504368344487,0.8267108180456546,0.13429286675065555,0.9694394174600518,0.3715558744672194
0.5181867048917752,0.40103492884827574,0.05637724029912761,0.04156769596207255,0.4914813840283472,0.016927040866221432,0.8819121447027385,0.5020267661819133,0.008709422011079937,0.3669433593748863,0.5427177610886531,0.007989301879021582,0.3763707636580307,0.23209249858985004,0.008221257219915401,0.18601565609648674,0.8987341772151467,0.009130157831293673,0.7241334712882121,0.9733470015373769,0.00241177963954442,0.4573578595317258,0.03278688524005702,0.0,0.5224269122947618,0.2561865543952564,0.7322701735087236,0.3026524901320613,0.4797359192769761,0.2645638063924025,0.7241348591903431,0.42367531768627487
0.4682553903124358,0.4838292367403483,0.06786149295271571,0.519418052256583,0.5033219313248054,0.8850331039431154,0.7536821705426462,0.6768433920988315,0.4308084806897483,0.7670288085937784,0.9367096732781874,0.04642710190648813,0.968788765940559,0.33869148336145827,0.019225093806667815,0.10448454292159681,0.8924050632911076,0.028310566919032,0.5517977237454943,0.9589953869806322,0.008885503934720873,0.4098662207356938,0.01639344261639053,0.00013812154696779544,0.504049400765652,0.662778608714035,0.9188726673776415,0.7144407397297812,0.9662336199494348,0.1911496252962479,0.551547165578171,0.4410759392408181
0.4670608612555043,0.6972833117706614,0.05115712545665474,0.5382422802850613,0.49052756216288174,1.0,0.535852713178258,0.5749581778406423,0.13662355942641113,0.4567871093749716,0.47621798575005414,0.012755451927006334,0.26407978960949663,0.21235194585460704,0.012943210084756629,0.6515855114767533,0.9026107594935979,0.014650718380551098,0.4917873771339032,0.9400307534597232,0.00520436659041934,0.40685618729088446,0.0,0.0,0.4867447924409021,0.5694778854828115,0.46967280918413223,0.40940521186925594,0.39038569624051433,0.6688915814420682,0.4934267940010386,0.43962629147125654
0.4662844173684846,0.597671410091607,0.050287106316318386,0.5410332541568152,0.4936192606236034,1.0,0.5979974160206893,0.16796422596829075,0.04257939649869513,0.7860717773436932,0.5175556839334661,0.014538472088858612,0.07418250384560565,0.23265651438191526,0.0,0.9864667639643301,0.8915348101265863,0.014226059876762065,0.029035178479034585,0.9779600205024508,0.020436659050290018,0.40685618729088446,0.0,0.0012430939227670024,0.48544017012555685,0.16178374724819378,0.5342837676765697,0.6718977387098164,0.22798915448422008,0.9873844396524305,0.028500114653780884,0.34270836868569177
0.47697545242800743,0.40620957308874495,0.03758482686606612,0.5391330166271473,0.49016576766213404,1.0,0.5414082687338464,0.6188071033329123,0.09096507433805812,0.38781738281244316,0.4662045060657931,0.01813880126185552,0.051754081278375,0.16666666666662877,0.008516379274027486,0.39160143293074157,0.8972310126582101,0.019958949677885585,0.5662829798240523,0.9584828293184273,0.01916730134541922,0.40685618729088446,0.0,0.0,0.4982642926970726,0.6091103794045836,0.4806730265624566,0.3356683642111875,0.2101404882780855,0.4561110873881944,0.5660941678365532,0.34493859602355315
0.4680762109537966,0.6222509702456591,0.04767704889502511,0.5306413301663611,0.4923694250756654,1.0,0.4042635658914264,0.2237163814180434,0.023313099322621156,0.7606811523437784,0.5396366904166996,0.013475517761591504,0.06649134123958333,0.16046249294981862,0.012479446856929144,0.7751094599973101,0.8950158227846714,0.006086771887567011,0.4009311950336212,0.9451563300865473,0.016882457476185664,0.40685618729088446,0.0,0.00041436464096022974,0.4853518545398856,0.22291049685161113,0.43133690572928174,0.6599507315741278,0.2216997667915166,0.800891923052319,0.4032512170617508,0.37531817101955767
0.4616257540465085,0.7593790426908527,0.01670436749611781,0.541983372921635,0.4940797263518135,1.0,0.4104005167958178,0.3296229571483593,0.06222691416678572,0.66168212890625,0.4818666153155391,0.00661774790835068,0.04123455564931078,0.21404399323182588,0.00594460137439512,0.9601963646011882,0.8905063291139186,0.02215301861417629,0.12073202276246775,0.9523321373649196,0.013962934754943035,0.40685618729088446,0.0,0.00013812154696779544,0.48151406141519715,0.34395423727738716,0.3919053572809048,0.5777719350835753,0.20222588234753403,0.9638293443218231,0.12216149515072061,0.3698638106827161
0.7604371976347863,0.2807244501909736,0.05481120584653354,0.008313539192386088,0.8332456255756284,0.48537229705485174,0.7979974160206211,0.6053274996782534,0.24779331984396435,0.7121582031250853,0.6950381924385454,0.03535180359344281,0.8437453480871113,0.3245910885501644,0.020110459968805117,0.02262173278489854,0.8973101265822265,0.01783565715894042,0.761316606311425,0.9451563300865473,0.010916476263162167,0.6100334448158833,0.16393442622211296,0.00041436464096022974,0.9122851351753383,0.353213370865717,0.7834897533120824,0.6243424875698338,0.8774580851159612,0.11198945278309225,0.7615103279096616,0.585012872290406
0.9666726393120086,0.476067270375097,0.039846876631088435,0.02019002375291734,0.748487041178791,0.2954567691856198,0.856589147286769,0.5817140651139141,0.1341896132078375,0.31585693359366473,0.5027280313242386,0.02461939377316469,0.2761871681635455,0.24703891708998071,0.017875964416703027,0.03648666578214943,0.894699367088549,0.020029726095060596,0.6342472840144637,0.9446437724238876,0.013201320131940975,0.601003344481569,0.06557377048738999,0.0013812154697916412,0.9374008635690387,0.31177121534156527,0.6969367166539371,0.27887905120601886,0.38814441224909046,0.12507472724558966,0.6353004835253273,0.5950731369118785
0.46765812578399846,0.5433376455357575,0.02436053593169163,0.5286817102138173,0.488060781476122,1.0,0.4771963824289571,0.43430703899109346,0.011905809213814678,0.53424072265625,0.5362988638552224,0.003600329172883221,0.08827469855609138,0.21630005640201944,0.011889202748832872,0.326389810269319,0.8983386075947806,0.01599547030932058,0.6429125711329391,0.951307022040055,0.018786494033861345,0.40685618729088446,0.0,0.0,0.4775424832943571,0.4201889467679081,0.4782774885073735,0.48728348770885077,0.24143341030321608,0.38572069090679406,0.6389281607725934,0.41290234998086817
0.8217165382547762,0.619663648122696,0.044718983817574554,0.10391923990496821,0.534863833706126,0.08698346433580184,0.5023901808785354,0.49913138592198436,0.020967127063755697,0.4732666015623863,0.5315488799024024,0.006994925250268125,0.2319257678757367,0.21291596164701332,0.008937982208323092,0.1112511609393323,0.893037974683466,0.016703234482122298,0.7920331091567334,0.9579702716562224,0.009774054328431703,0.6834448160533952,0.0,0.0,0.6920872732869014,0.2778246781742837,0.49724046270939937,0.40242188978407967,0.3668177330389142,0.1929937869633136,0.7890734163349293,0.6684233747218968
0.25144836648146907,0.4139715394549057,0.039846876631258965,0.20439429928740083,0.5536771477437128,0.019242686148515986,0.9773901808784444,0.5004182215930939,0.01835723292572311,0.66143798828125,0.5395725014442689,0.013029762721146199,0.6315685009676315,0.18866328257206533,0.006028921961302558,0.07051877404802553,0.9051424050633727,0.012739755113557294,0.804125711329533,0.9600205023066337,0.025767961411531815,0.24782608695625186,0.09836065572744701,0.00013812154696779544,0.4502293581992802,0.3340571979742748,0.7991453677267515,0.5814846509259723,0.698448456789805,0.17307363836286527,0.7985855523093051,0.16800399501602215
0.8635250552470666,0.6377749029743427,0.06907951974937987,0.13046318289789838,0.5708788317326992,0.3039692117021531,0.9226098191214476,0.581971432248082,0.16542036890412248,0.8255004882813353,0.6511971243341179,0.04183239610472356,0.8682082072147921,0.3708403835302079,0.02597074075633543,0.2243598248639671,0.8867879746835001,0.019888173260596886,0.7303414381788969,0.9174782162997417,0.03300330033022192,0.8030100334447638,0.8032786885160021,0.0085635359117191,0.7337844714968043,0.3826520409815686,0.851901184784694,0.763126384732459,0.8883541734432185,0.2878760381749714,0.7300127191412287,0.8159626097537966
0.5503195365228066,0.6106080207000559,0.044544979989495914,0.34014251781471216,0.5901526114984534,0.9282149962493236,0.7026485788114485,0.6554819199588451,0.41553033635376835,0.6799926757813353,0.8728416458052948,0.03003703195719254,0.9023966655089168,0.28990411731547283,0.019815337914735665,0.6919198620139468,0.9012658227846373,0.018614197749172945,0.44309363683387915,0.9338800615066702,0.0031733942624327938,0.42859531772569426,0.0,0.0,0.6162810219424983,0.5559452360206052,0.8395558479869152,0.6112215454744785,0.9183425532477258,0.708569080000899,0.44439788641193445,0.395288402333108
0.5669234904139273,0.7580853816289164,0.02784061249349179,0.358135391923895,0.6003486383370671,0.7564984834154274,0.578294573643376,0.6811221207051261,0.03782880267441158,0.25427246093741473,0.4997111496245168,0.012035386092406952,0.033741874658915094,0.19091934574157676,0.015810110038373182,0.3612843306354421,0.9026898734176143,0.01599547030932058,0.6279099844800271,0.9420809841105893,0.011931962427070175,0.5371237458192013,0.0,0.00013812154696779544,0.6243719537681187,0.5814732274138237,0.5009008798715087,0.2044522446272481,0.1904171891539761,0.4184832504216729,0.62656535345522,0.5639420722690716
0.6956937227498088,0.6532988357066642,0.04628501827033915,0.1990498812352257,0.6764241547164431,0.7558461889696986,0.5782945736433476,0.5677840689743618,0.17594791941588994,0.5211791992187216,0.5874574748058876,0.0,0.6214955589739475,0.22560631697683675,0.009823348370488816,0.9921719517048189,0.9075949367088469,0.020242055347040377,0.5486937403000525,0.9753972321884703,0.009393247016987516,0.37341137123729595,0.0,0.0,0.7489423990010806,0.39765232600328204,0.5710382075189386,0.45262812386442874,0.6889534583011994,0.9935601127314158,0.5464694072484235,0.3621986162893336
0.47649764080514956,0.7386804657171524,0.031842700539300495,0.5335510688836678,0.4896395211156488,1.0,0.5504521963825084,0.3409149401621505,0.05384006334131186,0.6544189453125,0.4941267090314341,0.009669455493039436,0.02193221852829197,0.16694867456305928,0.013828576246908142,0.7490380788111963,0.8905854430378213,0.012881307948163112,0.27133988618726335,0.9610456176321804,0.015613099771314864,0.40685618729088446,0.0,0.00013812154696779544,0.4934183028367869,0.3307527558883976,0.4856202065531505,0.5614172292120259,0.189642509456462,0.7679131882913453,0.2699064458496423,0.3993319014628014
0.45732544944155507,0.8137128072430642,0.040716895771538475,0.5301662707838375,0.4899026443888772,1.0,0.14702842377255365,0.9098571612404527,0.18433477024133538,0.07171630859369316,0.4029141793440658,0.06449732546973053,0.23683818786295774,0.26254935138172186,0.045490956617044276,0.32479766485329264,0.8689082278480669,0.018331092080018152,0.8007630625969568,0.9584828293182,0.03313023610064647,0.40685618729088446,0.0,0.007182320442097989,0.48504493601932097,0.9020393981427475,0.17792632772184902,0.07285932708910536,0.3487058596358281,0.38165606251470763,0.7992124360536934,0.41681979278280323
0.4552947500447999,0.6028460543338952,0.034452757960650615,0.5314726840855428,0.48855413761343414,1.0,0.6182170542635959,0.626881997168951,0.2973226591595761,0.47369384765616473,0.5004814172925762,0.01649293649701633,0.4384955093534302,0.2622673434856324,0.007883974872441968,0.18966432267475852,0.9037974683542984,0.01160733243673917,0.6419425763062634,0.9646335212710255,0.007996953541351104,0.40685618729088446,0.0,0.0,0.48152455435607067,0.6328440913191287,0.5386021554006959,0.4241656437299639,0.5280625996365416,0.2698614343361214,0.6378245154436399,0.38615901520910256
0.4695096458221997,0.6028460543338952,0.054289194362183935,0.5453087885985894,0.48743586370214587,1.0,0.4680232558139892,0.4993244112726245,0.16518577167822457,0.48394775390625,0.3864818024264025,0.00987518858865144,0.0018855753486946014,0.2227862380144643,0.010497913065464104,0.28220777497679705,0.9044303797468842,0.009979474838957003,0.4946973616139587,0.9687339825732124,0.00520436659041934,0.40685618729088446,0.0,0.0,0.471375257295648,0.49689145378259525,0.3815558158907919,0.4307872397791357,0.16903419049995705,0.3472788607298014,0.4967542269286014,0.3743630519207386
0.46389535925459313,0.41397153945399623,0.03462676178861557,0.5491686460807443,0.4818444941455198,1.0,0.5191214470284535,0.8922918543301819,0.013489340488575863,0.08660888671877842,0.5423326272547229,0.012892607324062055,0.03329529102367701,0.18584320360957918,0.009696867490163186,0.02348414488520234,0.8978639240506254,0.013730624955684334,0.8984092084841677,0.967196309585006,0.019040365574937823,0.40685618729088446,0.0,0.00041436464096022974,0.4738918142819415,0.9032690632015061,0.5085966552919956,0.06911479275271404,0.19542961965987615,0.1210234430045034,0.8991327558304363,0.3922921403880082
0.4671205877083935,0.4307891332473446,0.04263093788046035,0.5419833729215497,0.48730430206549613,1.0,0.5468346253229583,0.9081199330845493,0.0206738805313762,0.06738281250005684,0.5359137300212353,0.015807159511723512,0.03716568252869479,0.18979131415699158,0.009781188077084835,0.02666843571711297,0.8981803797466341,0.01040413334266077,0.904358510087917,0.9692465402358721,0.019167301345362375,0.40685618729088446,0.0,0.0006906077348389772,0.4768490747849796,0.9132882546628167,0.5233783797583982,0.04570307986276134,0.1997317355468624,0.12461568845142779,0.9044942615391847,0.400592464740555
0.5295944573852012,0.6403622250991248,0.026622585696770784,0.1653800475059768,0.7156953032495323,0.6756465868693198,0.7270025839792424,0.705025093295518,0.1130758628779347,0.23931884765607947,0.46594775017652523,0.030311342751360826,0.15828908847319667,0.2614213197967956,0.008853661621458286,0.024943611516533792,0.896360759493632,0.018260315662786297,0.983704086911473,0.9584828293182,0.0145976136074637,0.46471571906340614,0.01639344261639053,0.0016574585636703887,0.7112797365572305,0.515851278390187,0.5830903024476015,0.21540952913650813,0.2973793068570103,0.11363345218524046,0.9833826316909722,0.47471843379867096
0.4724959684645569,0.6429495472184499,0.03062467374275002,0.5334916864608203,0.4990132877252762,1.0,0.6415374677003172,0.6902908248616342,0.18527315914491282,0.29467773437505684,0.3886000385133741,0.02098477575088964,0.06822805537638033,0.22532430908051992,0.010371432185124263,0.1724824200610442,0.8993670886074483,0.010758015429161105,0.8232022762545341,0.9559200410049016,0.018532622492784867,0.40685618729088446,0.0,0.00041436464096022974,0.4921486569910343,0.6805341035253178,0.4820517010216321,0.2555527458522988,0.22842706689479542,0.25028556483124476,0.8221547314050497,0.3839675744337683
0.47482530012544544,0.5601552393291058,0.03323473116398645,0.530819477434676,0.495198000263116,1.0,0.5355297157622942,0.5647600051473489,0.1511979120847542,0.4635009765625,0.4484883497014778,0.011281031408586273,0.19396615888464908,0.1895093062601063,0.010287111598273668,0.6830967228339375,0.8984968354430976,0.01748177507235482,0.3786213140196253,0.9420809841101345,0.006981467377386252,0.40685618729088446,0.0,0.0,0.4888669897326565,0.5599337301921139,0.4456824146790268,0.40946047556923304,0.33623512563261215,0.702107842090669,0.38060256725387376,0.41356656986181406
0.46514961476441385,0.6921086675274637,0.05011310248823975,0.5295130641330275,0.4879950006578042,0.9997716969440233,0.43423772609810385,0.9247201132415483,0.007653734494581954,0.06750488281244316,0.5368765646062172,0.011075298312974269,0.12841760531944146,0.1875352509869117,0.006450524895612375,0.1877404802971796,0.8953322784809075,0.014863047632502457,0.9075918261769402,0.967708867247211,0.01853262249284171,0.40685618729088446,0.0,0.00013812154696779544,0.48994863705442526,0.9205748571045831,0.43821568887766205,0.04996005941683279,0.2782318453123196,0.2625781967248315,0.9071915113341902,0.4373524292509501
0.5744490234724253,0.8344113842158549,0.05568122498664252,0.39750593824214775,0.5614063938955667,0.8531359055477452,0.5563953488372704,0.5515377686269431,0.21732500513178366,0.45507812499994316,0.41780602092561026,0.0048004388972202605,0.20403910087830468,0.19966159052410148,0.005860280787544525,0.9735305824597731,0.8798259493669889,0.019888173260625308,0.004138644593979279,0.951307022040055,0.014978420918907887,0.5347826086954797,0.0,0.00013812154696779544,0.5978527945324998,0.4947171453674031,0.4250270993418752,0.3636669641974777,0.32441608805143574,0.9671947392019717,0.0063249270423000326,0.545508758490655
0.4783491608433508,0.5705045278127727,0.09274404036881378,0.4672209026128087,0.5248651493224799,0.9818335996868797,0.8308139534884162,0.7377750611246938,0.49790328729363864,0.8479003906249716,1.0,0.0742696475106186,0.9865032501365363,0.3993231810487714,0.043931025759945896,0.9559506434920024,0.913212025316227,0.05471017057118388,0.05600103466110795,0.8862121988718172,0.042269611576500665,0.4269230769230603,0.03278688524005702,0.0064917127072021685,0.5124918461105494,0.6968662994863308,1.0000000000000142,0.7703759773720265,1.0,0.9484355317377435,0.05957045265955685,0.42985692606805515
0.4706444484262704,0.715394566624127,0.024708543587962595,0.5308194774347896,0.4902644388896249,0.9997390822217227,0.8383720930231959,0.1945695534679288,0.32881733673505664,0.7994995117187784,0.3056678862571687,0.0644630366204666,0.11298565970346885,0.3110547095319589,0.055525106454709316,0.5414621202069156,0.9001582278480669,0.051242126123497655,0.47393947232279743,0.9138903126606692,0.006727595836423461,0.40685618729088446,0.0,0.0,0.4786818417909444,0.18969325331011078,0.5491223898191038,0.7503554460701594,0.2634152340646949,0.5706652859918506,0.4742820943855861,0.4308411350888832
0.46365645344320683,0.5472186287197474,0.04941708717575466,0.5396080760095288,0.4984541507696605,1.0,0.4567829457364496,0.43897181829875365,0.05583413976133045,0.5620727539062784,0.4909814493870499,0.00860650116580075,0.002282538579947868,0.2064297800333179,0.003625785235442436,0.9406262438634769,0.8946993670886627,0.01960506759138525,0.09939213657526125,0.9477191184007552,0.017897943640264202,0.40685618729088446,0.0,0.00013812154696779544,0.49649360892458105,0.444046620502192,0.4252692791939552,0.4686194290422918,0.17217083871145178,0.9517795759762748,0.1031405225900528,0.32775130056194257
0.4644328973302265,0.44890038809626276,0.04750304506700331,0.5539192399049853,0.4882252335219306,1.0,0.4809431524547847,0.948526573156613,0.010380927245535077,0.02032470703122158,0.5407279029463155,0.013749828555759791,0.02376817347297333,0.1971235194585006,0.006787807243128441,0.028724956879329966,0.9012658227846941,0.015287706136234647,0.8394981893429474,0.9589953869813144,0.017897943640321046,0.40685618729088446,0.0,0.0,0.4839510469331998,0.9531659577317413,0.4774181877068884,0.012633616741254627,0.19377796576466721,0.12490659094308398,0.8389420182027152,0.34171931134460465
0.45350295645940264,0.2574385510997672,0.03828084217849437,0.5284441805225697,0.49098802789106344,1.0,0.47525839793274827,0.3893964740702387,0.006304800445761316,0.6038818359375284,0.5267347069773507,0.011041009463696128,0.05115863643140983,0.2157360406092721,0.011045996880156395,0.18090752288699719,0.8946202531645326,0.007289970981673832,0.834130884635158,0.9646335212712529,0.018024879410916128,0.40685618729088446,0.0,0.0,0.4718841649280705,0.37638970700672303,0.47099750379679506,0.5376672354919663,0.2085980251414128,0.2579557828213126,0.8329239342563994,0.3642106692136622
0.5240996237234867,0.5420439844747307,0.06612145467181563,0.3315914489310785,0.5985396658334992,0.9311177065327314,0.5435400516795426,0.5649852013897458,0.2212545086654103,0.40795898437494316,0.33140766416335055,0.010629543272500541,0.028879075075650462,0.2185561195711898,0.008685020447728675,0.06633939233120145,0.9051424050630885,0.01521692971897437,0.6117434040352521,0.9579702716557676,0.002919522721526846,0.43143812709035956,0.0,0.0,0.5838184861134721,0.469998977541195,0.3894587572088426,0.34108755612197683,0.18684952479031836,0.15606785233899245,0.6111984532468568,0.4604255855559245
0.4628202831033832,0.3130659767148245,0.06838350443695163,0.5331947743467822,0.493356137350375,1.0,0.7105297157622772,0.33255050830004507,0.4828890648368258,0.6137695312500284,0.31420501957768465,0.03452887121108006,0.6517640053590412,0.17230682459148738,0.030271090686781577,0.5340321082658477,0.8952531645569479,0.014296836294107607,0.5432617692705435,0.9554074833413324,0.030718456461045207,0.40685618729088446,0.0,0.006077348066412469,0.4841364222219511,0.3276193268239922,0.47986624669370315,0.5460572699397517,0.6922245835521892,0.5741187522685607,0.5423583696403398,0.3695341249024864
0.45822134623421107,0.6222509702465686,0.03219070819540093,0.5140142517814752,0.48240363110110707,1.0,0.5636304909560295,0.6262385793333891,0.08703557080444568,0.35455322265616473,0.4699916554336028,0.0029145521875904024,0.006500272912234095,0.243936830230723,0.0056494793203398785,0.8264561496616807,0.8998417721518877,0.015783141057255534,0.6465338851526496,0.974372116863151,0.009266311246221903,0.40685618729088446,0.0,0.00013812154696779544,0.48202646669453486,0.6078970013002447,0.4920525617813638,0.3181280007769942,0.17787174568434239,0.8427898883361706,0.6431860211523599,0.4380263457724709
0.45589201457326567,0.4204398447618587,0.047329041238924674,0.5388954869358997,0.4982568083146788,1.0,0.540762273901862,0.6706665808775938,0.03633324535937277,0.31842041015619316,0.5129982668977675,0.01494993828008262,0.021584875700966677,0.21432600112780165,0.012479446856929144,0.2735173145813121,0.8988924050631795,0.010262580508083374,0.5840662183134953,0.9615581752946127,0.017263264787914068,0.40685618729088446,0.0,0.0017955801106950275,0.4939481963508996,0.6642715795360061,0.5192759114205074,0.2782058388611688,0.17726372556569459,0.34834639280913393,0.5836584605385156,0.3743630519207386
0.8233888789344803,0.33764553687251464,0.0788237341219542,0.9955463182898256,0.22947638468622245,0.5758781513975464,0.2812015503875216,0.60439454381671,0.21489105891323845,0.38958740234366473,0.44431606649985156,0.026573858181308196,0.6314196397559328,0.22391426959939054,0.013491293899377865,0.5553270532042518,0.8846518987341483,0.03609597282175514,0.5991334712881269,0.9302921578680525,0.061309977151552175,0.7872909698993453,0.9508196721362765,0.029696132596825464,0.4120280581238944,0.8362663423752963,0.2992949064908146,0.34054999104057515,0.6778435859624494,0.585762858423891,0.6020228548615592,0.7316842579888885
0.5504389894284429,0.5226390685647857,0.0052201148422454935,0.1545130641329706,0.7397381923431254,0.6776686996509937,0.4231266149870123,0.46567365847380415,0.13248878332017,0.4979248046875,0.5161435265422085,0.010458099026152468,0.43417853421323116,0.20783981951467467,0.011172477760439392,0.2650922117553307,0.9024525316454515,0.010899568263766923,0.3629073978272004,0.9825730394666152,0.0038080731147829283,0.35585284280909946,0.0,0.0,0.7287181298781462,0.27227806536316734,0.42170223257726036,0.43238821242027825,0.5293567974695463,0.32829814035915206,0.3647721030135358,0.3515710981930624
0.4476497640805519,0.156532988357867,0.05829128240827686,0.5325415676958869,0.49042889093534825,1.0,0.39276485788116133,0.39576631064211654,0.20310254831237273,0.5034179687500568,0.5073496373322826,0.010012343985707162,0.43522056269534914,0.17399887196836517,0.012352965976617725,0.07934191322806328,0.9101265822782807,0.012952084365394967,0.6341179513708823,0.9569451563302209,0.015486164000833469,0.40685618729088446,0.0,0.00013812154696779544,0.49009291499145036,0.3859926762994803,0.4077623019340706,0.447781664844058,0.5221754936858645,0.16977229540751182,0.6302095276430748,0.37184192536489036
0.66272472077884,0.34023285898820177,0.058291282408106326,0.35273159144890087,0.5074332324694097,0.24115325657999165,0.6769379844960781,0.55234204092136,0.06046743497256557,0.38616943359366473,0.517042172154845,0.009738033191595719,0.31732248300505717,0.22419627749593474,0.005607319026921687,0.14309406925829649,0.8990506329113259,0.01585391747465792,0.7982410760475318,0.9461814454125488,0.01535922823046576,0.5774247491638107,0.0,0.00013812154696779544,0.5994118706640421,0.4460571545423875,0.5952722407909476,0.31893518572792345,0.4312000524115547,0.22077097166769022,0.7982622122727037,0.6125270899895554
0.6233052619005832,0.9094437257435857,0.06472942404718651,0.32214964370538723,0.5968293645573226,0.8466455758129285,0.5439276485788866,0.5518916484364524,0.27333509281257307,0.4594726562499716,0.46177546697470007,0.006720614456142471,0.37771051456351756,0.19994359842064569,0.015304186517141716,0.017977975321741724,0.9066455696201956,0.016349352395792494,0.7689472322814197,0.9466940030752085,0.0011424219346167774,0.5113712374578654,0.0,0.0,0.6495436445131446,0.44058564268773637,0.4604933174408785,0.3811353173559837,0.4865390782231316,0.10969158998230455,0.7702058653222252,0.4951395588998935
0.46126739532940064,0.4812419146173852,0.06855750826508711,0.5437054631828744,0.48575845283517083,0.9999347705554413,0.8609173126614564,0.9175460043751968,0.21791149819651423,0.144287109375,0.4115796906091589,0.08143601700730585,0.17600357266923083,0.43316412859564934,0.014882583582760844,0.04351864136918948,0.8882120253163635,0.02066671385082941,0.9924987066735298,0.9589953869815417,0.025387154099860254,0.40685618729088446,0.0,0.005110497237694744,0.48841491886334154,0.9126340619935718,0.6330464620587293,0.16823442526592203,0.3046399176126897,0.13387119157934535,0.9908112040621688,0.3878607756342376
0.3730514244758467,0.44760672703978344,0.04524099530175363,0.6323634204276516,0.897546375476935,0.019242686148515986,0.7110465116279556,0.4989061896795448,0.006920618163718473,0.3151245117187216,0.5472109891520915,0.009909477437929581,0.15159033394544963,0.22250423011803377,0.01323833213881187,0.47426031577546723,0.9007120253164658,0.010828791846449803,0.4784661148474072,0.9574577139928806,0.0055851739019203706,0.43244147157196267,0.0,0.0,0.8090004949170577,0.5407513172074232,0.6194639655346066,0.2934954625153239,0.2981298496500244,0.5140620663151481,0.48062681775667215,0.4033269173896201
0.563996894224573,0.44760672703705495,0.04089089959967396,0.48687648456061083,0.5223325878174307,0.6701346988030252,0.5223514211886311,0.7822352335606553,0.005864930647192068,0.06866455078130684,0.546055587650045,0.018515978603787175,0.6434277775022963,0.26198533558942927,0.003077701420778567,0.5407323868913352,0.9070411392405617,0.010758015429161105,0.5214045525090967,0.943106099436136,0.0029195227217542197,0.44648829431434933,0.0,0.0,0.5588382915393879,0.7540190322110618,0.5093261126777975,0.06852028931382392,0.6977335446653683,0.5794403996840174,0.525251042194185,0.4640375841789819
0.6405064803201697,0.40103492884554726,0.04611101444220367,0.11888361045129159,0.4923365346665065,0.014546166139425054,0.9045219638241804,0.49948526573149366,0.014369080085643304,0.12738037109375,0.5355927851595936,0.017453024276463225,0.16990026298825,0.16948674562877386,0.003920907289483466,0.05672018044310789,0.8988132911391062,0.017694104324334603,0.9657268494567006,0.9692465402358721,0.01383599898446164,0.5969899665548724,0.4098360655698343,0.00013812154696779544,0.5746668928478442,0.2918839391627728,0.7681988675903568,0.07490073467229763,0.3091362781123337,0.13546181437752125,0.967095202194713,0.5677383070635074
0.4761990085408456,0.7244501940504051,0.06455542021905103,0.4761876484560048,0.5089461912906472,0.9688529402171753,0.5699612403101071,0.5767919186719723,0.249728746957544,0.4600830078124716,0.4417485076064338,0.0073721025922139916,0.31067334888106757,0.2304004512125175,0.007167249884048488,0.35186413692446195,0.9012658227846941,0.01075801542924637,0.6398085876874688,0.9518195797031694,0.01853262249301224,0.43428093645491117,0.0,0.0,0.5094821209031579,0.5318152082151215,0.4797480745972251,0.4133255852509876,0.42789904337399776,0.40879005914126765,0.6368742916625934,0.4484114478539709
0.46503016185866386,0.9831824062102896,0.011832260309518006,0.5282066508314074,0.49352058939614096,1.0,0.5470930232558828,0.24710461973999998,0.016891000263967726,0.7226562500000284,0.5285319982027374,0.010903854066640406,0.08380886220427897,0.1756909193456977,0.008474218980566661,0.1877404802971796,0.8985759493669434,0.01380140137294461,0.8123383341955162,0.9482316760629601,0.0196750444273448,0.40685618729088446,0.0,0.00041436464096022974,0.4893496650128668,0.24526253213279858,0.5070793839294225,0.6246908163453497,0.24439305454825444,0.26819341546215014,0.811388827941812,0.41740643953897916
0.6872125664457087,0.7451487710213769,0.025926570384285696,0.2295130641330161,0.64951980002634,0.7810899840188341,0.6015503875968591,0.5886629777376982,0.21140142517811,0.45068359374994316,0.48603889851722215,0.014092717048427517,0.4023222349029538,0.25042301184396365,0.006998608710290455,0.192649595329641,0.9020569620252559,0.013164413617289483,0.4928220382824122,0.9697590978987591,0.007108403147981335,0.4163879598660287,0.0,0.0,0.7311691059839376,0.43845114682775943,0.5255083953250761,0.389622481942979,0.5087519266421623,0.26524969575339696,0.4961207444079321,0.44905627445365326
0.46031177208388385,0.4178525226379861,0.022098486166612474,0.5251187648456437,0.49194184975661415,1.0,0.41802325581389255,0.6627203706086107,0.03442714289910498,0.31072998046866473,0.5072854483599372,0.01899602249345378,0.05359003622291425,0.1996615905247836,0.008432058687134258,0.0783468223431214,0.9022151898733455,0.011395003184958341,0.925116399379192,0.9605330599692934,0.019548108656863405,0.40685618729088446,0.0,0.00041436464096022974,0.4887882926760909,0.6494305447352673,0.4154974680533883,0.26932847905922586,0.2069647612687504,0.16517123214552498,0.9236422605428061,0.36900565798964635
0.4920862449979211,0.7529107373866282,0.02697059335287122,0.06834916864605134,0.7975924220497745,0.6580346368350547,0.7626614987079563,0.6467957791789871,0.23799888566318828,0.25939941406244316,0.3713332049553344,0.02811685639831296,0.11199325162519358,0.3195149464183942,0.011931363042307908,0.847353058246,0.9015822784811007,0.02399320546393824,0.5393817899637554,0.9810353664793183,0.004315816197049571,0.40301003344461606,0.01639344261639053,0.0,0.7642419812071495,0.4145527557074473,0.544515136970162,0.23556403304436913,0.26404624171158275,0.864580886905685,0.5387108960642877,0.45803051532794825
0.4696888251806115,0.39844760672713164,0.01653036366786864,0.49839667458431336,0.5082554926983107,0.981605296630903,0.5625322997415481,0.5719984557971713,0.2661798774229851,0.46374511718741473,0.48160985942618595,0.00925798930185806,0.3967151292611675,0.21686407219385728,0.007504532231521921,0.1972270134005214,0.9046677215188765,0.012385873027000116,0.3861872736679004,0.9738595592004913,0.00406194465591625,0.4038461538459046,0.0,0.0,0.5030359575595753,0.5488224079538213,0.5059428893223412,0.3899423415397223,0.5011189179309952,0.2740034588039748,0.38694399123684775,0.4636254769534389
0.44454398853252997,0.734799482534072,0.02279450147892703,0.5438242280285124,0.48783054861203823,1.0,0.6182816537468057,0.4220177583322311,0.7235271692912306,0.56292724609375,0.2334552923807678,0.025236593059915435,0.6639210043169896,0.19571347997714383,0.01800244529704287,0.5159214541594963,0.899367088607562,0.013235190034635025,0.508277289187788,0.9548949256784454,0.028687484133172347,0.40685618729088446,0.0,0.007182320442097989,0.4681084550368979,0.4326403234227172,0.3601491594462516,0.5062389367933235,0.7065733986025862,0.5585888293443588,0.5100441623100664,0.3941878336249829
0.8227916144060146,0.4657179818896111,0.02679658952479258,0.16918052256528426,0.6527759505328845,0.6163856364763234,0.6989018087854504,0.6322867069874576,0.15386645552915468,0.39990234374994316,0.4916233391103617,0.017658757372046807,0.3449114275789782,0.2388606880996349,0.010919515999788132,0.2850603688469562,0.8945411392404594,0.023922429046564275,0.6503491981375475,0.9523321373660565,0.018405686722644532,0.718227424749216,0.0,0.00013812154696779544,0.8012392163172279,0.44163524641709273,0.5963722625287744,0.35292738517290445,0.4486452874992608,0.35545615645753514,0.6488774656739906,0.6428678784236013
0.46013259272527307,0.469598965071782,0.05637724029918445,0.5406769596199297,0.4897053019339097,1.0,0.543217054263522,0.7002959722043016,0.03181724876107239,0.31542968749991473,0.5199948648822499,0.016595803044850754,0.05443358308954771,0.16018048505372917,0.009907668957396254,0.56607403476184,0.8967563291137708,0.006865312477827956,0.44037765131923834,0.9533572526904663,0.0223406956079657,0.40685618729088446,0.0,0.0,0.482857157847036,0.690295418208251,0.5100584878931613,0.2590092390858558,0.2111140100938087,0.6075485193330223,0.4410770522607095,0.3772478024989141
0.45141253060984354,0.3635187580857746,0.05011310248806922,0.5790973871734479,0.885015129588254,0.0,0.6822351421188841,0.5036031398790328,0.00589425530043286,0.23986816406244316,0.5469542332628237,0.009600877794511575,0.11154666799001234,0.2007896221093688,0.005649479320382511,0.08345495555263938,0.8931170886075961,0.006936088895116654,0.8980858768753137,0.9805228088162039,0.020309723279979153,0.39515050167210575,0.03278688524005702,0.0,0.8153093756175451,0.5275615986188456,0.6191940663018158,0.20416420352447062,0.2587533633627004,0.17968699959436663,0.8991327558304363,0.3395715054519428
0.4667622289911435,0.4230271668811838,0.04506699147367499,0.5431710213776455,0.48891593211419604,1.0,0.7874031007751512,0.18797452065362563,0.2506671358611072,0.8411254882812216,0.33121509724628595,0.04361541626664689,0.0398451843398675,0.27241962774974127,0.021881192293136564,0.8190924771128891,0.9078322784808392,0.018331092080046574,0.24715468184169254,0.9241414659149996,0.02259456714892849,0.40685618729088446,0.0,0.0033149171272270905,0.47413752398075815,0.18785644678372648,0.5394030996103254,0.744381942502315,0.2088991617597742,0.8365341503512411,0.24538374358476744,0.37103225587497946
0.4568476378188393,0.6778783958598069,0.018618409604982844,0.541923990498816,0.49753321931326866,1.0,0.6010981912145326,0.7522519624243813,0.05278437582478546,0.2152709960936363,0.49598818922908094,0.011383897956335431,0.008832431896053095,0.21291596164701332,0.012648088030672966,0.1313519968156811,0.9052215189871617,0.008634722910244363,0.6387092602172686,0.9548949256789001,0.01865955826337995,0.40685618729088446,0.0,0.0033149171272270905,0.4943714116328408,0.7512755852219186,0.531109169133444,0.1842223811285919,0.16541710295075518,0.22026923159043577,0.6340137221552311,0.3872062523939235
0.5395687750104514,0.44501940491318237,0.05080911780049746,0.17007125890739871,0.7287527956847697,0.6750921365904361,0.36808785529706256,0.42098828979527525,0.12301692032495737,0.5648193359375284,0.45728223891140374,0.0118639418460873,0.23281893514615604,0.19458544839255865,0.008179096926497209,0.008690460395342825,0.8946202531645895,0.014933824049677469,0.8846999482668423,0.9502819067147357,0.013074384361402736,0.4724080267557724,0.0,0.00013812154696779544,0.7141250723575894,0.23950147442178604,0.3385470084223101,0.4762742888148068,0.36393279826029357,0.1046101372846806,0.88550958224792,0.45565968670155144
0.4826494654483042,0.7554980595068628,0.05063511397236198,0.5203681710214596,0.4937179318510658,0.976745703010323,0.4458656330748454,0.4444730407926585,0.22970000879737995,0.5199584960936932,0.474613261441732,0.0026745302427571005,0.35557981441959896,0.19007332205285365,0.007968295459292563,0.8151121135729227,0.90015822784801,0.012244320192479563,0.3550827728918762,0.9769349051766767,0.007362274688830439,0.4096989966554929,0.0,0.0,0.49846540739719103,0.4366478190410845,0.40097688933107634,0.44152346948854415,0.4668663516609399,0.8338466383414982,0.3590938560443817,0.42778184497979055
0.46909156065225943,0.49288486416571686,0.045937010614068186,0.486638954869278,0.5132219444809891,0.9612863246469345,0.595090439276504,0.6216381418092425,0.20694407788630542,0.42700195312482947,0.44694781436552944,0.01707584693454578,0.2803056616881179,0.21658206429754046,0.01323833213881187,0.31577550749625516,0.8981012658226177,0.008068511571849513,0.5818675633729526,0.9584828293184273,0.019294237116071145,0.42307692307684874,0.0,0.0006906077348389772,0.5199435829545678,0.5932278843517764,0.4887320717611061,0.3901349271607728,0.3905224720327567,0.3780077716335484,0.58255151582145,0.46866773006496487
0.614107388162239,0.6481241914634666,0.03288672350788602,0.09222090261280869,0.7726286014998038,0.6678190535207591,0.7667958656330711,0.681733367648917,0.21025776370191807,0.3898925781249716,0.4811605366198535,0.034151693869176825,0.364164144296069,0.3344613649181838,0.013491293899377865,0.44248374684877945,0.901740506328963,0.011182673933035403,0.48551474392135674,0.9554074833413324,0.0012693577049276428,0.40852842809346157,0.0,0.0,0.7810394307229558,0.4541128631651503,0.6148071095834524,0.37669747478381055,0.47855550970820104,0.48634893353545294,0.48710846573501954,0.4419680301759854
0.5316848832348455,0.565329883569575,0.04506699147350446,0.3924584323040108,0.5606828048941424,0.9425002446103719,0.5628552971575687,0.566786771329248,0.2970587372804516,0.5202636718749716,0.6525450927531438,0.01076669866951363,0.6675432938024528,0.21319796954310277,0.006914288123454071,0.08292424041394497,0.8997626582278713,0.008917828579541265,0.2929384376617179,0.9692465402358721,0.003808073115010302,0.3819397993309508,0.0,0.0,0.5787451492008842,0.48639270199669227,0.6171632569396905,0.4489103840492419,0.7236473851111782,0.17374351474259697,0.2930417554064775,0.35736968927119506
0.6885862748611089,0.5291073738699197,0.077953714981561,0.275475059382444,0.591698460728864,0.7376145592120054,0.7230620155038707,0.658312958435161,0.23409870678280242,0.3944702148436363,0.46318762436612815,0.02674530242764206,0.33816305264724633,0.26734348561763,0.014840423289371074,0.0561231259120234,0.9004746835442461,0.017906433576200698,0.7209001551991321,0.9349051768324443,0.013201320132225192,0.5369565217388867,0.0,0.00041436464096022974,0.6777845204638879,0.5138461733348123,0.592274170935184,0.3537546660146802,0.44442477733704777,0.14463725259946614,0.7214277112308594,0.5402677242469736
0.4367198232096996,0.43725743855065957,0.050287106316318386,0.5301662707839512,0.497006972766755,0.999510779165746,0.4343023255813421,0.13543945438163973,0.016363156505704524,0.86749267578125,0.5402785801400114,0.01577287066245958,0.04828065300463891,0.13226170332757192,0.011636240988238455,0.6426960329042402,0.8951740506328179,0.011890438105922385,0.354371443352278,0.9538698103535808,0.018786494033747658,0.40685618729088446,0.0,0.00013812154696779544,0.47647220332522977,0.11871199145113565,0.4488395062448518,0.7548719975482925,0.20404994270359111,0.6736234173837374,0.3581436322634204,0.35103778296007704
0.4747058472197807,0.7166882276851538,0.053071167565576616,0.5310570071259235,0.490297329298798,0.9999673852777136,0.5179586563307339,0.6530691030755236,0.01659775373161665,0.3284912109374716,0.5289171320366961,0.01560142641613993,0.08991217188514611,0.19684151156218377,0.009064463088648722,0.07589226482679123,0.8941455696200933,0.008776275744878603,0.9663088463527458,0.9615581752948401,0.01954810865674972,0.40685618729088446,0.0,0.00013812154696779544,0.49047678174508746,0.6377835626626904,0.49856369840730963,0.2817745341521345,0.23655085933128817,0.17096526250614374,0.9662720048567337,0.4166307082911658
0.4575046288001374,0.4734799482539529,0.06107534365747824,0.5257719714964253,0.4946717537165881,1.0,0.5301679586563353,0.582743533650742,0.11037799478022237,0.4044799804685226,0.4459849797805191,0.011452475654905925,0.10112638316886091,0.21037789058095768,0.017032758547998128,0.21474061297590197,0.8967563291139413,0.008776275744878603,0.7856311433005487,0.9569451563299936,0.015740035541909947,0.40685618729088446,0.0,0.00041436464096022974,0.4706661093749034,0.5722602401963712,0.45602757932481097,0.36823040608774704,0.25754766751299485,0.2912787966778865,0.7836855155211424,0.34749366082115785
0.5458400525593845,0.6662354463132942,0.040542891943459836,0.45385985748217195,0.5282199710564299,0.7889175173673948,0.791602067183419,0.7223008621798499,0.22764728307085136,0.29870605468741473,0.4216573592656516,0.03830064463038241,0.22939512727640476,0.3406655386346529,0.013955057127219561,0.44739286188126925,0.8992088607594155,0.01847264491462397,0.5166839110191574,0.9564325986675613,0.0016501650165992032,0.4590301003343029,0.0,0.0,0.555627451631949,0.6690789455825552,0.5947951756605931,0.29419379472383866,0.3613283113246837,0.4902374191345018,0.5195496995081896,0.496375880576295
0.4535029564595163,0.6856403622250582,0.07516965373241646,0.5512470308788977,0.48394948033153184,1.0,0.3769379844960383,0.9106936044267115,0.02521920178297421,0.27893066406244316,0.5307786122345135,0.009223700452608341,0.267205875055879,0.20050761421316565,0.009781188077070624,0.06706912564675349,0.8985759493670571,0.018189539245440756,0.8009570615623431,0.9441312147621375,0.0205635948208851,0.40685618729088446,0.0,0.0022099447515415704,0.46535143482225294,0.9052253073936356,0.4122367935387672,0.2436861222801383,0.391127044022312,0.15513376176954807,0.7992124360536934,0.3774514319513287
0.47500447948385727,0.7671410090561039,0.05515921350274766,0.517517814726915,0.4979607946323057,0.8638661491797563,0.6397286821704711,0.6183567108480048,0.32394944429783834,0.47015380859375,0.5013158739327821,0.02177341928398846,0.4316478936138708,0.2523970671178404,0.01437666006157201,0.6342045906859255,0.9018987341770526,0.011041121098315898,0.4579022245214617,0.946181445412094,0.0033003300328005025,0.4105351170566678,0.0,0.0,0.4939315825278783,0.613019248465605,0.5485271525922428,0.42082972584179856,0.5277787036642962,0.6570686636633809,0.45832790309034976,0.42964844829504045
0.4635370005375421,0.6545924967640531,0.05463720201828437,0.48954869358664155,0.5253913958690077,0.9946838002674383,0.7492248062015108,0.7395444601723824,0.2850356294537164,0.4625244140623579,0.5099813851981025,0.03720340145382295,0.4558130303180974,0.29187817258866744,0.017623002656065978,0.2228340188404161,0.8989715189874232,0.00948403991785085,0.7106182100361877,0.9415684264477022,0.018913429804456428,0.41421404682262164,0.0,0.0002762430939355909,0.5157009371945378,0.7140065093527852,0.6466741849407924,0.43034010620678487,0.545452664656807,0.30583726540987755,0.7084248226166494,0.4355924889822518
0.5051066117183893,0.34799482535527204,0.07882373412201105,0.5049287410926695,0.5082554926983391,0.4058576041225308,0.47764857881128364,0.49208596062277365,0.0002639218791244957,0.52972412109375,0.5298799666217917,0.011829652996809159,0.28174465340151755,0.23152848279733007,0.008516379273999064,0.4766485338993789,0.8995253164556516,0.014296836294221293,0.5319451629590901,0.9554074833417872,0.014343742066671439,0.4573578595317258,0.0,0.0,0.5175520668470313,0.46944974524488714,0.4626671004506875,0.48732367949062905,0.39843133108132633,0.5273688536840666,0.5341033005428812,0.4398250726036963
0.47070417487907434,0.5200517464409131,0.028884635461906782,0.5413301662707966,0.49269832916719736,1.0,0.40161498708008025,0.22937845837080317,0.024867305944113127,0.7490234375,0.5246164708903507,0.0012001097243086178,0.04555153078956664,0.268753525098532,0.008853661621486708,0.9299456016981935,0.9008702531646122,0.02540873380985431,0.5909208484221438,0.9630958482828191,0.0038080731148397717,0.40685618729088446,0.0,0.0,0.49509804778837463,0.22444689955200658,0.42092608991873703,0.6702800194929921,0.20686936302706727,0.936449815316962,0.5906168701014849,0.4312435456736239
0.5481693842203299,0.6934023285903095,0.06960153123361579,0.2457244655582258,0.6688922510196136,0.7550960503571105,0.740374677002535,0.7767661819585641,0.09677135567878281,0.13458251953122158,0.45907953013676206,0.0249965711150395,0.2271125886964569,0.261421319797023,0.016442514439887645,0.4577418070849433,0.8968354430379009,0.012456649444430923,0.5396404552508329,0.9497693490518486,0.019294237115957458,0.48327759197309206,0.01639344261639053,0.002486187845420318,0.6839849741086681,0.6227154153309016,0.5854785459288081,0.14575549664482423,0.35414011128256107,0.5078703802549569,0.5412514249232458,0.4900294293042293
0.45696709072439035,0.45407503234036994,0.058291282408106326,0.5384204275534614,0.495198000263116,1.0,0.3483204134366247,0.8144704671213248,0.054925075511036425,0.16314697265630684,0.49457603183779497,0.014367027842482116,0.09393142460194781,0.21037789058038925,0.019435895273815618,0.22296669762505417,0.8988132911391631,0.008563946492955665,0.6702664252456714,0.9518195797029421,0.024244732165527694,0.40685618729088446,0.0,0.00414364640897702,0.4852189439554877,0.8034101263234277,0.3660971549702907,0.14757082545551725,0.23174416720203794,0.30479642163251697,0.6672385606089506,0.36838507299142975
0.5260705966672674,0.7373868046579446,0.04628501827011178,0.050890736342040555,0.789600052624678,0.6687648804670374,0.8184108527130718,0.6854330202032912,0.2518694466438234,0.33026123046875,0.44271134219147257,0.04683856809764109,0.28973353843099403,0.3877608573041016,0.011383279227629828,0.008093405864286751,0.8919303797467819,0.012315096609711418,0.9696714950853789,0.9538698103538081,0.017644072099415098,0.4737458193978341,0.01639344261639053,0.000828729281863616,0.7763359699762162,0.45272937687013837,0.6319055907072766,0.304750836072742,0.3985554637331745,0.10586715630810772,0.9694394174600518,0.5125547254153844
0.4575046288001374,0.5316946959883353,0.04071689577159532,0.5305225653206378,0.4907577950269797,1.0,0.48372093023252205,0.5058551023034141,0.016216533239514774,0.4792480468749716,0.5242313370563636,0.012789740776256053,0.1929737508063738,0.19740552735459005,0.01804460559047527,0.185285922780821,0.8997626582278144,0.008280840823829294,0.8081996896016221,0.9528446950284888,0.01827875095187892,0.40685618729088446,0.0,0.0,0.47108670142162623,0.49463842508767186,0.48338806695248593,0.4071762426377745,0.3267205877450863,0.26737408459126755,0.8075879328178246,0.3974459048662311
0.4526667861196074,0.5058214747732563,0.08352183748030484,0.5387767220903186,0.4870411787922393,1.0,0.164599483204114,0.9934371380774394,0.12460045159969013,0.02795410156252842,0.4792348674497475,0.07673844465780633,0.18136257629140573,0.3384094754652551,0.0632826004468825,0.3490778824465508,0.8707278481011258,0.021516030858435897,0.5040739782720891,0.9507944643769406,0.0507743082002321,0.40685618729088446,0.0,0.03522099447519622,0.47198122463112213,0.9873468460765338,0.23971282721633713,0.058674977433952336,0.294544944640279,0.4159531993936696,0.5065666072226804,0.38238702201630304
0.45834079913993264,0.3337645536857963,0.038628849834651646,0.5410332541567584,0.48536376792527847,1.0,0.42002583979325436,0.3398854716252231,0.030028444913682506,0.6431884765624716,0.5098530072532981,0.013372651213799713,0.03006996476952395,0.20022560631673514,0.009949829250786024,0.040865065675973256,0.8972310126580965,0.015287706136319912,0.8976978789446832,0.9666837519223463,0.022086824066946065,0.40685618729088446,0.0,0.00041436464096022974,0.4838023969374774,0.3375389868971439,0.43083649796261625,0.5626447532141299,0.1947330975579291,0.13414608108976722,0.8983326542092698,0.3556630805256873
0.5292958251209825,0.8939197930139926,0.023664520619377072,0.4824821852731702,0.5054598079200048,0.6380418120739648,0.5383720930232414,0.5239673143739196,0.14659394152658933,0.4439086914061363,0.3996405417548772,0.009120833904745496,0.077358209695916,0.19063733784537362,0.003920907289511888,0.8654637123523514,0.8880537974683875,0.012598202278894632,0.1996249353336168,0.9769349051773588,0.01205889819755157,0.45050167224087545,0.0,0.0,0.5385904132994597,0.5032768447463951,0.4117816121299711,0.3581271969414672,0.22735125057897676,0.8814692444007903,0.19948265594143777,0.44407220118603163
0.6197216747298171,0.7309184993528106,0.041934922568145794,0.34328978622326645,0.5068083146954478,0.2240631421023238,0.9313307493539753,0.5869257495817237,0.09509985044432767,0.23052978515616473,0.49983952756917915,0.035008915100775084,0.27157247059992073,0.2941342357587473,0.01197352333574031,0.24505771527122988,0.8982594936709347,0.01125345035029568,0.7205768235901928,0.9461814454132309,0.009774054328431703,0.5571906354513771,0.03278688524005702,0.00013812154696779544,0.5771563430702003,0.48590047404081815,0.7279940943129759,0.19105330937460963,0.3978968710525521,0.30628029122277667,0.7211142693586794,0.5886151742729453
0.6069402138207636,0.4864165588605829,0.07203758482671674,0.06638954869353597,0.8241678726484025,0.5023971820880178,0.4612403100775282,0.4881289409342031,0.130436057593613,0.50482177734375,0.4364208229025621,0.014092717048370673,0.13357812732604657,0.20981387478843772,0.006956448416858052,0.007496351333372786,0.8967563291138845,0.014933824049762734,0.9937273667873683,0.973347001538059,0.011043412033416189,0.5727424749162537,0.0,0.00013812154696779544,0.821132083390907,0.2537389870781084,0.3999454365875579,0.4243465067480372,0.2748308405274429,0.0913674018405004,0.9931884132087703,0.5548369267467024
0.45690736427164325,0.7839586028467238,0.07308160779541595,0.5398456057006626,0.4898039731614148,1.0,0.6264857881136834,0.3720885342941642,0.35714495176094374,0.6143798828125853,0.3049618075615115,0.022116307776641975,0.8246911129856471,0.1920473773266167,0.012184324802916535,0.5090884967493139,0.8939873417719468,0.01309363720008605,0.4929513709259936,0.9584828293184273,0.032495557247955276,0.40685618729088446,0.0,0.008287292817840353,0.487073571254939,0.3778781536746436,0.41662666808667836,0.5580461435147868,0.8366195920403641,0.5543106945363832,0.49549056127540325,0.4441691675918378
0.4588186107627621,0.6338939197949003,0.045589002958024594,0.5417458432304727,0.49019865807130714,1.0,0.38152454780359335,0.8037253892677825,0.033547403302009116,0.22143554687497158,0.527761730534678,0.0066177479083648905,0.10479829305819521,0.22109419063713176,0.010076310131111654,0.04099774446066817,0.9045886075949738,0.012881307948163112,0.6497025349198111,0.9569451563299936,0.007870017770926552,0.40685618729088446,0.0,0.00013812154696779544,0.46391127868729143,0.8012964415718926,0.40288077310808035,0.18258958999362562,0.25258810832178824,0.13785842389560798,0.6461835152670687,0.45071439999611584
0.4492026518545629,0.619663648124515,0.027492604837107137,0.5092636579572627,0.4915471648467076,1.0,0.7158268733849127,0.0820357740316382,0.08307674261753561,0.944091796875,0.47012003337829356,0.028322589493882333,0.03116161365556991,0.23265651438259738,0.02268223786840906,0.36254477908971694,0.9011075949367182,0.02094981952009789,0.6300439730988217,0.9400307534604053,0.01700939324683759,0.40685618729088446,0.0,0.00041436464096022974,0.48239109638991806,0.0675926705085601,0.5785282759566286,0.8503994895643245,0.1908114252611881,0.4212881909601549,0.6260918912587385,0.4106381844009661
0.32568834736900953,0.5523932729620356,0.09552810161807201,0.13978622327795165,0.0,0.17928312840413696,0.8156330749354197,0.45576502380640704,0.07636139702650269,0.50360107421875,0.5459913986777281,0.02005897682076352,0.5070709075571926,0.17681895093062394,0.022640077574948236,0.4994692848612772,0.8943037974682966,0.02526718097533376,0.5107346094154082,0.9641209636081385,0.05826351865948709,0.3254180602004908,1.0,0.041160220994811425,0.0,0.2520324761871109,0.681941990630861,0.4588360794926416,0.5794592643760836,0.5529522599654797,0.5135415137262385,0.38799168028236863
0.4692707400107565,0.5097024579563367,0.03323473116410014,0.5314133016627522,0.4906262333903584,1.0,0.413888888888863,0.3432312443700596,0.062168264860332556,0.6005859375000568,0.49836318120549095,0.01035523247841752,0.20493226814866716,0.24196277495752838,0.008642860154296272,0.06162929547562612,0.8931962025316125,0.0077146294853776,0.9669555095705675,0.9687339825732124,0.01916730134524869,0.40685618729088446,0.0,0.00013812154696779544,0.5088079494520201,0.3415329100534592,0.40732608641735624,0.5337100196437348,0.3337708626184508,0.15840841642292958,0.9673756501857156,0.4012663812621895
0.4640148121602863,0.7658473479950771,0.0447189838176314,0.5245249406176242,0.4894092882514798,1.0,0.5543281653747556,0.7849697593616725,0.03046831471219491,0.20782470703122158,0.5135117786765022,0.016527225346322894,0.20056567260465386,0.2067117879299758,0.0068721278299932465,0.20571845561886448,0.8984177215189106,0.008917828579484421,0.9359803414382384,0.9646335212710255,0.01815181518134068,0.40685618729088446,0.0,0.00041436464096022974,0.4826918940283349,0.7747269899264921,0.49754829372622567,0.18938535043051274,0.32841132043807875,0.28358189038578985,0.9350581434672733,0.3931502930809643
0.767723824882097,0.6843467011640314,0.034452757960480085,0.3102731591449128,0.5719642152348143,0.622615048432877,0.5671188630490178,0.5682344614592694,0.09416146154070759,0.4080810546873863,0.46710315167857175,0.01062954327248633,0.35180866372243713,0.2571912013537485,0.00817909692652563,0.4750563884833525,0.8945411392404594,0.012315096609711418,0.5302638385929015,0.9456688877503439,0.01789794364037789,0.682107023411163,0.0,0.00013812154696779544,0.6934828344231505,0.4678120014947922,0.48407375689518517,0.36412079640015804,0.45561970352983394,0.5181987531225616,0.5306191466792143,0.66657616468774
0.5053455175298609,0.5381630012934693,0.028536627805635817,0.47226840855105934,0.9452703591632599,0.010860702521128474,0.8675710594314978,0.5011259812121693,0.0004985191050224103,0.4201660156249716,0.5404069580846169,0.011143876011530551,0.4368580360242902,0.17456288776077145,0.01618955267929323,0.20386095263364723,0.9003955696202297,0.006228324722087564,0.6385152612519107,0.9574577139924259,0.017644072099585628,0.4280936454850348,0.01639344261639053,0.0,0.8939093724696647,0.46556259212307793,0.7312824882082936,0.368449786230002,0.5231823474173893,0.28970418686088806,0.635130565036718,0.38413726564436956
0.05662067729784326,0.5808538163000776,0.041412911083909876,0.9760095011877183,0.821043283778522,0.2858028113890754,0.8968346253229527,0.6068073607000457,0.10034896337351995,0.12628173828125,0.48905578021694396,0.0373748457001426,0.1355133230786123,0.2820078962208754,0.0160630717989676,0.3520631551014901,0.8926424050632136,0.007289970981616989,0.5726202793584889,0.9682214249103254,0.02894135567396461,0.1526755852840438,0.24590163933316944,0.006215469613323421,0.5930111767308688,0.8274813401267949,0.7008276423499495,0.12106267071044385,0.27618480593346817,0.4144212908598206,0.5719522314587095,0.13964616958452325
0.46305918891485476,0.658473479946224,0.038628849834481116,0.5316508313539714,0.49513221944481245,1.0,0.4739664082686943,0.5037318234461452,0.04084924195772999,0.4918212890624716,0.5062584248026383,0.011658208750489507,0.1095122314296475,0.16948674562877386,0.01214216450945571,0.6089956216000019,0.9031645569619968,0.012031990940585047,0.44095964821525513,0.9533572526913758,0.0055851739019203706,0.40685618729088446,0.0,0.0,0.4893977576585371,0.4808922355564249,0.4455088038212125,0.4207727874842533,0.26007744498215857,0.6301161474902415,0.44171053478135036,0.4467727155926582
0.16030579943856083,0.45148771021922585,0.06838350443695163,0.9150237529691481,0.5747270096040324,0.033919311177058376,0.9380490956071696,0.5080427229442677,0.020439283305506706,0.7077026367188353,0.5402785801400682,0.013269784665993711,0.7300650027291624,0.22391426959950422,0.006872127830021668,0.8334217858563591,0.8965189873418353,0.011395003184844654,0.16541645111226444,0.9528446950275793,0.02411779639510314,0.08946488294310484,0.09836065572744701,0.00013812154696779544,0.41965467731581896,0.6987085349974933,0.7841754432547674,0.6088217611703612,0.7778795614439105,0.8466970557465459,0.16100024250508227,0.019369039596256243
0.45762408170577373,0.6946959896504268,0.032538715851671896,0.5408551068883298,0.49523089067224646,1.0,0.48436692506456325,0.4503281430960868,0.0061581771795999884,0.5297851562500568,0.5345015726298925,0.01179536414755944,0.04991812633360837,0.20586576424136638,0.009781188077042202,0.01738092079071407,0.8967563291139413,0.015924693891889774,0.9841567511639653,0.9687339825732124,0.0167555217058748,0.40685618729088446,0.0,0.0,0.4844503360364456,0.45224619722235104,0.47479651786220245,0.46382655906433,0.20660270770096645,0.11056429745713103,0.9833826316909722,0.3954144586608095
0.457803261064214,0.5743855109976721,0.09657212458665754,0.5400237529690912,0.48760031574792606,1.0,0.1518087855297381,0.7053468022132989,0.6752001407583634,0.31152343749994316,0.23775595352731216,0.09909477437936687,0.6706197588449356,0.15454032712887056,0.09498714111049367,0.5120074300118631,0.8894778481013077,0.027673579163320028,0.4903000517329872,0.9451563300870021,0.059786747905377524,0.40685618729088446,0.0,0.04875690607752858,0.48648072009555676,0.6987157736439116,0.06360284838517316,0.27174668459664986,0.7088824958019018,0.5613403932788401,0.4934267940010386,0.3999379415002977
0.4560114674789588,0.6843467011631219,0.06159735514165732,0.5513657957244789,0.9149782923299483,0.005870650011416956,0.6852067183461656,0.5009329558615292,0.009853083487300296,0.2173461914061363,0.5427177610886531,0.012961185022575705,0.05408624026208031,0.18725324309059488,0.00535435726632727,0.1623324930343415,0.8975474683542188,0.015712364639966836,0.8058717020175266,0.9559200410046742,0.02005585173901636,0.39882943143788907,0.03278688524005702,0.0,0.8493414805190014,0.5093907864698508,0.6201306895852099,0.1810706755736362,0.21878264947352477,0.24848944210773993,0.8041235752829436,0.3755024071909929
0.5940990264589061,0.8175937904279635,0.02105446319802695,0.40011876484553,0.8646888567293729,0.018296859202209248,0.8722868217053588,0.5019302535066004,0.0139292102871309,0.2765502929687784,0.5376468322742483,0.0105952544232224,0.23346400039699233,0.20783981951490205,0.011467599814508844,0.6095926761311148,0.8892405063290312,0.014296836294107607,0.3846352819450942,0.9374679651461975,0.015232292460041208,0.5332775919731603,0.01639344261639053,0.0,0.8560193629735693,0.4252605234084257,0.7258115578145947,0.22421655332021828,0.36039616705957656,0.6293875568460976,0.3867905696888556,0.5404277188168294
0.4504569073642699,0.001293661061936291,0.07760570732546057,0.5429334916864832,0.4907249046178208,0.9999021558331407,0.7786175710593568,0.8009908634667511,0.24125392217237618,0.15081787109369316,0.3415495217922455,0.04073515292822094,0.03215402173381676,0.311900733220682,0.02605506134325708,0.10096855512801994,0.8954905063292244,0.021091372354675286,0.7566606311432906,0.9297796002049381,0.04100025387151618,0.40685618729088446,0.0,0.01671270718230744,0.475635391290524,0.793124914606608,0.5439695028456271,0.1511529180070852,0.1889678255062961,0.18610553622139037,0.7564358689681399,0.3222630019828898
0.9629695992354925,0.5071151358342831,0.05011310248801237,0.0,0.7557887120115794,0.29186914973419675,0.8397286821704597,0.5748616651653435,0.1280021113750962,0.4670410156250284,0.5281468643686935,0.029659854615289305,0.4552175854710754,0.29131415679637485,0.01593659091864197,0.3759453363406635,0.8887658227845918,0.011961214523211083,0.5630496637351428,0.935417734495104,0.020182787509440914,0.8006688963210422,0.01639344261639053,0.00041436464096022974,0.9481220259070824,0.30665620682259487,0.6958177290240855,0.43805190433681673,0.53861157628927,0.4297937528022828,0.562783231849636,0.7378076865271055
0.7281849130980902,0.33247089262567897,0.057769270923984095,0.1508313539192443,0.6900736745164835,0.7446919539479779,0.9328165374676303,0.7177647664392737,0.40145450280053296,0.5789794921875853,0.6240451890366501,0.09683171032783378,0.612464645462353,0.6164692611392866,0.015388507104049154,0.21334748573701745,0.8909018987341142,0.01734022223786269,0.7343507501293516,0.944643772424115,0.020944402132329287,0.6560200668895391,0.01639344261639053,0.00013812154696779544,0.7838104415254605,0.5215309013291005,0.8271696615755246,0.5764003905301252,0.6819928347875077,0.28245564404215884,0.7328468935435524,0.6610393829058125
0.3062772501940003,0.5562742561442064,0.07917174177805464,0.08182897862229765,0.49098802789104923,0.027852972831936995,0.8364987080102537,0.498777506112404,0.013460015835306649,0.55303955078125,0.5416265485589804,0.011658208750489507,0.5737111100085315,0.2185561195713035,0.009401745436122155,0.8489452036618559,0.8952531645569479,0.01521692971897437,0.12293067770298194,0.9846232701174813,0.017517136328933702,0.21053511705667916,0.01639344261639053,0.0,0.41385208101250726,0.28296502195570383,0.7198898227564001,0.46193419600530206,0.6445404046035037,0.8672737365757826,0.12295169860752253,0.17409348531191426
0.9016305321627556,0.4877102199216097,0.08508787193306944,0.18788598574818138,0.6887580581502561,0.3893219399236756,0.712984496123994,0.6325762450134675,0.05269640186510571,0.11999511718727263,0.5010591180434858,0.014778494033677703,0.05383813824261097,0.23237450648571212,0.019267254100071796,0.17686081995486802,0.9000791139240505,0.013801401373086719,0.6172400413864523,0.9625832906199321,0.0145976136074637,0.601003344481569,0.09836065572744701,0.004005524861952381,0.8574560214615587,0.4455106367384616,0.6097607233882769,0.09844976948338058,0.20421315415325125,0.25739532847961755,0.6188068422711126,0.5740702133745117
0.5735531266799683,0.6481241914616476,0.03584478858533657,0.4277909738717085,0.6252466780686916,0.01245882391305031,0.857687338501222,0.5030884056105549,0.00486789243718988,0.23303222656241473,0.5343731946851165,0.005897682073737087,0.23202500868347897,0.22842639593909553,0.010413592478585088,0.1363937906328374,0.8992088607595292,0.009484039917879272,0.686691670977666,0.9723218862120575,0.0066006600659420656,0.4757525083610403,0.1803278688530554,0.0,0.6599237862727705,0.44396609056090597,0.7215850817210878,0.18328959685968016,0.35736066397180366,0.21813950509218216,0.6854594315484235,0.49172634140899163
0.8223138027833556,0.4230271668811838,0.06124934748555688,0.08628266033252885,0.787791080121039,0.41714229803335456,0.8715116279068411,0.6615300476128709,0.11310518753116128,0.075439453125,0.46459978175755623,0.032711562199892796,0.08078201756575254,0.26170332769288507,0.027572831906894635,0.048958471540373694,0.8976265822783489,0.019534291174096552,0.6630237972063924,0.9605330599695208,0.01764407209947194,0.5645484949831143,0.09836065572744701,0.006629834254226807,0.9101498217074493,0.42057530951996114,0.6724692570184629,0.08549964246063269,0.22987298241341136,0.13537107415081095,0.6656680518597966,0.5445245494698838
0.4574449023472482,0.3699870633909086,0.03166869671133554,0.5412707838480344,0.4893435074332473,1.0,0.5884366925064626,0.38997555012217333,0.20808773936251157,0.6095581054687784,0.3461711278002042,0.01182965299682337,0.02317272862609343,0.2287084038350713,0.013702095366568301,0.24684887886419915,0.8983386075947806,0.010333356925400494,0.6981376099326724,0.9630958482830465,0.01739020055833862,0.40685618729088446,0.0,0.00041436464096022974,0.48861953121037516,0.38807650163457197,0.4166835657627388,0.5343463895219713,0.18857933628112278,0.31985663044173407,0.6951249890707345,0.4327901598491053
0.5655497819985555,0.7710219922391843,0.04611101444226051,0.3335510688834802,0.5855808446256958,0.8902840742311042,0.768217054263431,0.6986874276154396,0.363127181021099,0.6696777343750853,0.7431157327171434,0.04975312028527412,0.8037016821317593,0.334179357022208,0.013491293899363654,0.01346689664319456,0.8970727848100637,0.02356854696006394,0.9662441800310546,0.9461814454123214,0.015613099771371708,0.5316053511704126,0.03278688524005702,0.0031767955803161385,0.6181741233585143,0.5894312143100677,0.7990315723745454,0.6029085452751701,0.8356196345673084,0.09853054209287393,0.9675356705099603,0.5314728712237411
0.4694499193693389,0.7024579560165876,0.07255959631106634,0.5421615201900636,0.48812656229445395,0.9994455497211447,0.38074935400513255,0.9787672114270833,0.012345679012412347,0.1251220703125,0.5366839976892663,0.009600877794497364,0.7933806381182933,0.2055837563447085,0.004679792571309349,0.5530715138649782,0.9007120253164089,0.009413263500562152,0.553608380755378,0.9589953869806322,0.01662858593533656,0.40685618729088446,0.0,0.00041436464096022974,0.4844940566234186,0.9815070680858042,0.39618873105050056,0.11450303699152187,0.8100747439476947,0.591770395200399,0.5529807497199783,0.37880896163517264
0.9547870751956111,0.34540750323321845,0.04906907951959738,0.0448931116389133,0.7103670569661773,0.4287531391669859,0.8506459948319787,0.6158795521811271,0.1931028415588969,0.5223999023437784,0.5522819179665817,0.034426004663259846,0.5396218925222627,0.28172588832501333,0.012057843922590905,0.11417009420193835,0.9027689873415738,0.006794536060596101,0.49903000517323903,0.9636084059452514,0.016501650164855164,0.43311036789293667,0.0,0.00013812154696779544,0.8959012824122681,0.3664401875171279,0.7190436521889012,0.4743300113709097,0.6141508924333436,0.1997352520443485,0.5030923515233781,0.4225020241737525
0.3195365227258833,0.2613195342819381,0.05324517139359841,0.7366389548694485,0.9320484146822992,0.04637813509019395,0.8218992248060033,0.509426071290676,0.01750681798189646,0.5122070312499432,0.5460555876501019,0.016081470305849166,0.5169949883392064,0.1990975747318089,0.006239723428464572,0.0070983149794301426,0.897468354430373,0.015075376884283287,1.0,0.9887237314198956,0.021071337903151743,0.23043478260842676,0.0,0.0,0.8016729245400143,0.6042333413863048,0.6949438390758331,0.45699730547596573,0.5996480609445598,0.10978766786942629,0.999213095931367,0.1892396379275283
0.47267514782302555,0.5614489003864946,0.044544979989325384,0.5434679334916837,0.49398105512429424,1.0,0.9917958656328949,0.09242697207560013,0.40579455147947385,0.7045288085938068,0.4338532640093149,0.25106295432721026,0.33726988537691227,0.3381274675688246,0.24313841224332577,0.39850072973328565,0.8281645569619513,0.12116922641374117,0.6140713916193192,0.6037929267042728,0.022340695607852012,0.40685618729088446,0.0,0.003038674033348343,0.492541267862066,0.08817033258864626,0.7307937517597622,0.6766052011514603,0.411696284181005,0.40699393641781967,0.6119919560917424,0.42489224608141285
0.4506360867228807,0.5834411384221312,0.18340003480074074,0.5277315914488838,0.4840481515589943,1.0,0.8958010335916811,0.23008621798989282,0.6234714524500617,0.7012329101562784,0.28589768277811345,0.15357975586331918,0.2990125539621715,0.31218274111688515,0.1480669505459815,0.2660209632479962,0.8317246835442234,0.09420341142325128,0.5463657527159853,0.9400307534597232,0.1789794364053705,0.40685618729088446,0.0,0.16671270718256892,0.47586361275450884,0.2222671621520078,0.5731288323867574,0.6638024439952517,0.3729703449393753,0.3402251425155782,0.5466294275726682,0.37465879945904135
0.4693304664636173,0.6338939197949003,0.034278754132401446,0.5464370546317525,0.4932574661228841,1.0,0.3894702842377171,0.7538605070132434,0.031553326881933685,0.2283325195311363,0.5184543295462163,0.01248114113288068,0.04689128169513879,0.1880992667792043,0.016063071798953388,0.6608730264029816,0.8985759493670571,0.01677401089946784,0.45389291257112063,0.9420809841101345,0.004696623508209541,0.40685618729088446,0.0,0.0,0.48499946660885485,0.7479973832293183,0.4148818060197499,0.18937027851231392,0.20605675390814326,0.6808559472212607,0.4548437492267112,0.4449352021991899
0.4524278803081643,0.25097024579372373,0.047155037410675504,0.5316508313539714,0.48858702802263565,1.0,0.39160206718338486,0.22741603397237498,0.027623823348250198,0.7803344726562784,0.5106874638936745,0.010252365930554674,0.0563191584381002,0.21094190637325028,0.01800244529707129,0.1342709300783156,0.9054588607594383,0.010970344681055622,0.7726978789446832,0.9487442337265293,0.02043665905034686,0.40685618729088446,0.0,0.00151933701681628,0.471754751990602,0.21611069338091227,0.4177762929267459,0.6796564272520413,0.2098830279631727,0.22000501740080836,0.7717895716239411,0.3692189840829201
0.6749089171594562,0.5730918499357358,0.06612145467187247,0.34608076009490674,0.7394092882515224,0.03303871367539557,0.8831395348836679,0.5080427229442108,0.015190170376271794,0.048645019531164735,0.5409204698633232,0.016630091894114685,0.05284573016427885,0.19966159052410148,0.014334499768125397,0.019968157091653893,0.8976265822783489,0.014084507042184669,0.7974004138644375,0.9461814454123214,0.019675044427742705,0.5660535117054906,0.4098360655698343,0.00041436464096022974,0.7908678186750109,0.4123829714462346,0.7570264982690276,0.041407583184394525,0.2140138867657413,0.1082717723167832,0.7998987087844398,0.5678449701101158
0.47434748850270125,0.49676584734697826,0.18514007308169766,0.5190023752969068,0.4860544665175439,0.9999347705554271,0.02448320413429883,0.7696564148758114,0.7035864050907321,0.23889160156241473,0.2577829128955784,0.2556233712796683,0.7042623926959095,0.0,0.23694084910825097,0.4994692848612772,0.8916139240507164,0.0998655248070861,0.4892007242627585,0.9359302921577637,0.20297029702982172,0.40685618729088446,0.0,0.13162983425439734,0.4862052803976127,0.7627850330127472,0.0,0.1662114389160365,0.7385651414824963,0.5411827187907363,0.49137292489103856,0.4033608556314334
0.4709430806904038,0.4062095730942019,0.038628849834481116,0.5464370546318094,0.48924483620577064,1.0,0.45555555555549176,0.4396474070260723,0.04841500249261799,0.54241943359375,0.4946402208100551,0.006000548621571511,0.09522155510353514,0.20924985899603143,0.009654707196773415,0.1475388085445104,0.894699367088549,0.012102767357760058,0.8582514226590092,0.9605330599692934,0.016882457476356194,0.40685618729088446,0.0,0.00013812154696779544,0.4911352137849434,0.44492973536412705,0.4381106470141134,0.47353622368066794,0.2518892874670371,0.2279768132032416,0.857600058069238,0.3712649752493462
0.9240279519798946,0.5614489003864946,0.06142335131374921,0.17737529691214604,0.5460136824102335,0.1929813117641288,0.7094961240310056,0.5493501479860754,0.029647224421623264,0.17675781249997158,0.5135117786764454,0.01831024550813254,0.2784200863395654,0.22391426959950422,0.009148783675513528,0.4698155764891965,0.8924050632911076,0.015146153301600407,0.5389291257112916,0.9154279856484209,0.018024879410859285,0.9357859531771169,0.09836065572744701,0.00041436464096022974,0.7379204390246343,0.36311131499964233,0.5952343090069121,0.13559869845613548,0.39171207661283347,0.5068508871192137,0.539344378584957,0.8979670992984552
0.5598757689782019,0.6067270375142471,0.0708195580303368,0.8527315914489293,0.28825154584922075,0.6702325429698988,0.8305555555554349,0.17391584094706047,0.09410281223431127,0.9920043945312784,0.48462674112590776,0.06559456864624735,0.03979556393585426,0.3776085730396517,0.025338336354820967,0.9114369112377574,0.9043512658227542,0.029867648099639155,0.14110191412314066,0.9159405433110805,0.018913429804456428,0.4991638795984841,0.09836065572744701,0.002486187845420318,0.34652412589431947,0.32366612105370507,0.6501230594609808,0.9004734256963047,0.2107921847001819,0.9139302261033038,0.14322643865699547,0.5456251181777816
0.44968046347730706,0.6274256144888568,0.04767704889502511,0.24150831353918534,0.9068872516773894,0.1412217474968145,0.6813307493540606,0.5254150045038841,0.03407524706025811,0.28094482421866473,0.5291096989537323,0.007612124537061504,0.1367538331763285,0.26113931190093354,0.014545301235287411,0.6264428817831345,0.897468354430373,0.016844787316841803,0.6124547335748503,0.9559200410039921,0.01980198019805357,0.40451505016693545,0.0,0.0,0.8515572398669065,0.3756730810122093,0.6012392022070259,0.259164982240236,0.2811041369504892,0.6464920895872979,0.6111984532468568,0.4061098532414462
0.8365286985606701,0.549805950841801,0.06037932834510684,0.1839073634203885,0.7142152348374964,0.06907798180095881,0.820671834625216,0.5202998327113306,0.03158265153516027,0.2139282226561363,0.5258360613646857,0.010389521327624607,0.17128963429777855,0.204455724760237,0.011678401281656647,0.2384901154304373,0.8935917721517512,0.023710099794726602,0.783367822038258,0.9318298308555768,0.018659558263436793,0.8275919732439547,0.09836065572744701,0.00013812154696779544,0.8557220629821103,0.34559560035070547,0.7030670765244196,0.16623655877964438,0.31716926981266624,0.30075581271219676,0.7810014632785851,0.7727737725265911
0.46156602759364773,0.6093143596372101,0.0408908995997308,0.5256532066508726,0.48730430206552455,1.0,0.5594961240310283,0.6463453866940654,0.0853640655699337,0.34375,0.4697348995442212,0.009429433548206134,0.021832977720521285,0.2535250987027666,0.015388507104020732,0.7345760912829462,0.8978639240505686,0.018755750583835606,0.5439730988101417,0.9641209636088206,0.004315816196935884,0.40685618729088446,0.0,0.0,0.4790184903106649,0.6309032292506345,0.48881814773260146,0.29745100370604405,0.18503351006910407,0.7526474795567424,0.5429918521610375,0.4286884808759055
0.6160783611062186,0.3661060802069187,0.04471898381751771,0.18527315914485598,0.7202670701223468,0.665699096572169,0.5872739018088282,0.5894672500321576,0.10949825518314071,0.3736572265625284,0.46941395468260794,0.01844740090515984,0.18091599265613922,0.23801466441034336,0.015051224756518877,0.570120737694026,0.9022943037975324,0.01818953924535549,0.5360838075530125,0.966683751922119,0.005204366590533027,0.29832775919715004,0.0,0.0,0.7515420251026228,0.41272137816588383,0.49285204707624075,0.32215052827072554,0.33021354264243996,0.5988161069240618,0.5352201434243398,0.281745589240586
0.7802663799797642,0.2768434670115312,0.043326953192888595,0.21662707838470396,0.8139718458098173,0.06708848374154286,0.7839793281652874,0.5190129970402921,0.03126008034959682,0.3475952148436363,0.5280826753963481,0.010560965573930048,0.30184091698509974,0.18076706147769528,0.02200767317336272,0.04637123523943387,0.9064082278480896,0.014438389128599738,0.661148473874789,0.960020502306179,0.011678090885993697,0.5493311036785258,0.06557377048738999,0.00041436464096022974,0.9073534529645002,0.34906291198076644,0.6589378225113336,0.3109386958101936,0.41456512768996845,0.1335963020689519,0.6629543051241171,0.4905675928574169
0.5152601087022219,0.8978007761943445,0.038628849834481116,0.2058788598575063,0.8028548875148118,0.31590620005873404,0.5228036175710145,0.5117745463903844,0.04087856661095657,0.4456787109373863,0.5079915270556512,0.006754903305420612,0.048528755024193515,0.1742808798645683,0.0077153336987265675,0.8343505373489393,0.8931170886074824,0.011324226767555956,0.29959906880489484,0.9774474628395637,0.005077430820051632,0.43311036789293667,0.0,0.0,0.7803224130965845,0.3402009991141597,0.4932999339111319,0.3694009917321921,0.2069578650103665,0.8499637039093386,0.30144694666375926,0.4687889380724073
0.4658663321984591,0.9003880983182171,0.058291282408106326,0.5236342042755666,0.48549532956185715,0.9997390822217085,0.4295865633074527,0.4456311928965846,0.23506642033957803,0.5560913085937216,0.3381475062584798,0.012858318474798125,0.05041433037280285,0.18640721940175808,0.01454530123525899,0.7170624917075372,0.9002373417721401,0.014013730624924392,0.4286083807552643,0.9477191184007552,0.004823559278804623,0.40685618729088446,0.0,0.0,0.47643198038524304,0.4380086845660287,0.3165261488589124,0.4827669362306892,0.20870951465278154,0.7380569848623963,0.42905738130863824,0.47754985285354223
0.4603714985367162,0.5213454075019399,0.03601879241341521,0.5334323040379161,0.49388238389688865,1.0,0.5277131782945617,0.6547419894479134,0.014574352658286216,0.33331298828107947,0.5250657936966547,0.009532300096012136,0.05820473378659585,0.2272983643540556,0.01648467473332005,0.33295741011014,0.8961234177214124,0.0072191945642430255,0.6277806518365026,0.9584828293182,0.020055851738732144,0.40685618729088446,0.0,0.00041436464096022974,0.4793061717729614,0.6478796647420637,0.5125459375788779,0.3080231169731178,0.20441429502423603,0.39899545231338607,0.624194743084928,0.36667846424614936
0.9770053156543099,0.23156532988377876,0.034974769444716,0.05671021377673924,0.729311932640428,0.21979061348289974,0.6091731266150191,0.5242568523999296,0.07213864696055339,0.5502319335938353,0.5802683099044543,0.009120833904802339,0.6799980151839122,0.2298364354195428,0.009275264555810736,0.3981026933793146,0.8981012658227314,0.02399320546376771,0.5517330574237747,0.9297796002049381,0.01535922823063629,0.718227424749216,0.0,0.0,0.9231392080977514,0.2931443684688162,0.5667650461527813,0.49870130305103544,0.7287770520104004,0.4400580737451776,0.5517071859024156,0.7112970711296498
0.5596965896195627,0.4851228978013751,0.055333217330542084,0.16359857482191842,0.7212208919878691,0.6757118163138784,0.6727390180878672,0.6692188907476293,0.11970323450927367,0.2708129882811079,0.45529238076900924,0.01765875737211786,0.12916191137807687,0.2521150592217509,0.012395126270050127,0.08425102826055308,0.8954113924050944,0.017906433576285963,0.7831738230729854,0.9507944643769406,0.01777100787001018,0.47541806020058175,0.0,0.000828729281863616,0.7287286228190197,0.4686534941398577,0.5584142179998111,0.24558853328466057,0.27695603750183295,0.1677172961547626,0.7841622771056791,0.47191610466563816
0.46228274502780664,0.17981888744998287,0.04663302592655327,0.5384798099762236,0.49049467175373707,0.999510779165746,0.4717700258397599,0.43530433663617885,0.011348640802282262,0.5348510742188353,0.5314846909301139,0.007714991084910139,0.1055425991169443,0.22081218274126968,0.011298958640765022,0.008690460395285982,0.9053797468354219,0.01528770613629149,0.6841050181065214,0.9523321373660565,0.01637471439437377,0.40685618729088446,0.0,0.00013812154696779544,0.4788331150218852,0.4143093562219349,0.47550117369692657,0.4798429841058294,0.2591338069530309,0.10976631722783736,0.6816585364244645,0.3206339663622657
0.6115391506899073,0.6209573091864513,0.048721071863326415,0.3354513064132618,0.5870280226286297,0.8305991324484125,0.7792635658914833,0.6785162784712071,0.4147385707164375,0.7791748046875,0.8987098016560537,0.05434782608695343,0.9548950528457283,0.36238014664411367,0.022766558455245445,0.23271858829772896,0.8967563291137708,0.02852289617086967,0.5505043973099077,0.9502819067147357,0.0019040365573914642,0.4489966555184992,0.06557377048738999,0.00013812154696779544,0.646458719896188,0.5740472810286832,0.900405724197995,0.7288947092542912,0.9592810420706428,0.29962422870806904,0.5517071859024156,0.45320158830969604
0.9347189870393606,0.5679172056943571,0.044022968505089466,0.05005938242271668,0.6657018813314011,0.12621897524543613,0.945801033591664,0.540889203448657,0.06111257734382036,0.41888427734366473,0.5323191475704618,0.021259086545086348,0.4358656279461002,0.2997743936828101,0.012100004216037519,0.07874485869709247,0.8926424050632136,0.013305966451952145,0.791580444904298,0.9477191184014373,0.01713632901737583,0.7938127090299645,0.09836065572744701,0.00013812154696779544,0.8481933779050195,0.29855163733657264,0.7691850939759632,0.3668990533160752,0.5411137687247276,0.1620006618699108,0.7889166953988536,0.7779032954032346
0.7596010272949627,0.2613195342810286,0.09796415521117297,0.12078384798093111,0.7009603999473057,0.6940086755161019,0.8680232558138812,0.6718890747651045,0.3899005894255225,0.777587890625,0.8024263431542238,0.07042929639283102,0.8698953009476611,0.4763113367172309,0.022049833466851965,0.2727212418733984,0.8888449367088356,0.034255785972078456,0.6927703052249399,0.9113275243460066,0.026529576034533875,0.7197324414715922,0.06557377048738999,0.00041436464096022974,0.8040836777058473,0.4629367731381109,0.9103847012361399,0.7367940690326691,0.8943596651637051,0.32628584238955227,0.6917975561432002,0.7248432780463645
0.5121543331542,0.13971539456633764,0.04889507569168927,0.1464964370546511,0.7303315353242539,0.675516127980174,0.6087209302324368,0.5876978509843696,0.12984956452891083,0.40502929687491473,0.4717889466589327,0.010423810176888537,0.2712747481764666,0.19571347997759858,0.015514987984332151,0.0980496218654423,0.9065664556960087,0.009059381414061818,0.6215080186239277,0.967708867247211,0.014851485148369648,0.4322742474916481,0.0,0.00041436464096022974,0.7164702446429203,0.37696156007305603,0.5114867654546487,0.36130569701759896,0.38919839041324167,0.18541964686039591,0.6195904469515767,0.4175227992262762
0.5012841187361801,0.6778783958579879,0.0480250565510687,0.26668646080767644,0.6712603604789109,0.6795277388213208,0.37454780361747453,0.3706408441641287,0.05601008768071836,0.7019653320312784,0.4866807882405624,0.00802359072825709,0.011958517342350206,0.1861252115060097,0.012901049791295804,0.939896510547868,0.8990506329113828,0.010616462594555287,0.27838851526129815,0.9461814454132309,0.016501650164912007,0.43110367892973045,0.0,0.000828729281863616,0.662041611505856,0.23609388162459766,0.37024922641045066,0.5955484252357053,0.18497834000163493,0.9507654205008862,0.278141718618258,0.43239744590493956
0.4569073642717001,0.5381630012934693,0.060727336001320964,0.5438242280285692,0.4960531509012185,1.0,0.7379844961240565,0.8321001158152228,0.15348523503712386,0.25946044921875,0.4647281597021049,0.027088190920295574,0.2212573810352012,0.2932882120699105,0.018002445297000236,0.11907920923439974,0.9041139240505913,0.013164413617261062,0.7752198654940798,0.9451563300865473,0.020182787509440914,0.40685618729088446,0.0,0.003591160221105838,0.48746268447901286,0.8297189866980972,0.5935536391899348,0.24057963247960856,0.3514344792233146,0.202065140807548,0.7744769232545536,0.3853444973989326
0.8584483067550934,0.40879689521261753,0.056551244127206246,0.48414489311167586,0.511939218523878,0.5418609960536003,0.47157622739018734,0.44431218633370406,0.009501187648467635,0.5881347656250284,0.5392515565826557,0.009120833904759706,0.9052250285316177,0.24478285391990084,0.007209410177495101,0.5049091150324614,0.8969936708859905,0.011890438105979229,0.49864200724260854,0.9328549461815783,0.02373698908360211,0.8122073578592222,0.0,0.0,0.6907126980324136,0.4075484604756241,0.4788202048024317,0.5071482758562524,0.9138036658211206,0.5402112645984971,0.4996081976597111,0.7825431379298493
0.3771128232694707,0.7270375161697302,0.048895075691575585,0.8695368171022437,0.8960005262465671,0.20651642151266003,0.7623385012920494,0.5590979281945891,0.04674349725819127,0.18829345703127842,0.5016368187945659,0.018070223563256604,0.08331265816519817,0.20219966159061187,0.013154011551932854,0.09838131882710854,0.9052215189873323,0.010616462594555287,0.5960294878427135,0.9630958482828191,0.01789794364054842,0.3795986622071723,0.03278688524005702,0.0033149171272270905,0.7900143928172412,0.7082391178261389,0.6197630430627754,0.17109139108779914,0.23130280666228487,0.1902368853684493,0.5953745877826861,0.3859456891159425
0.46873320193515156,0.35058214747641614,0.17904993909854738,0.5388954869358713,0.4875345349296367,1.0,0.9906976744184988,0.17024835928445725,0.5926805665523318,0.7960815429688921,0.3437961358238226,0.432690988890414,0.21262343075480317,0.7072758037227231,0.3879590201947565,0.06633939233105934,0.5818037974684103,0.3678250406963741,0.9151577858251585,0.0,0.2027164254886884,0.40685618729088446,0.0,0.12417127071864797,0.4912445152523759,0.1773658384750263,0.6827619007325012,0.8159082421621804,0.16424818714611433,0.041006575997670325,0.9174773538246939,0.3772671957801208
0.45003882219430125,0.35446313065949653,0.04524099530175363,0.5394299287411286,0.4918760689383106,0.999706467499422,0.48882428940567024,0.41088662977730905,0.014808949884212552,0.5880126953126421,0.5484305796264834,0.01320120696746585,1.0,0.21206993795806284,0.004932754331960609,0.5093538543186185,0.8957278481012168,0.004175808620487942,0.48984738748060863,0.9554074833417872,0.015613099771371708,0.40685618729088446,0.0,0.0002762430939355909,0.4805417155608467,0.41200022801734804,0.49530594172217945,0.5450457767648516,0.9882729125313574,0.5622931656596393,0.49153294521528323,0.36039019281776064
0.465269067670107,0.5588615782671695,0.05080911780066799,0.5361045130641457,0.496678068675223,1.0,0.6432816537467545,0.06118903616004445,0.04665552329846889,0.9447021484374716,0.5112009756723808,0.021533397339126736,0.025455267205927612,0.18415115623224665,0.015725789451479955,0.7406129759851012,0.8916930379745622,0.01514615330165725,0.22917744438694854,0.9261916965658656,0.019167301345476062,0.40685618729088446,0.0,0.00041436464096022974,0.4943102028110786,0.057386179071428955,0.5649983003642518,0.8425738147192305,0.19758240166794394,0.7594236394303664,0.22704244497862192,0.40922732319398847
0.4675386728781632,0.6054333764550393,0.035322777101100655,0.5371140142517845,0.4785554532298164,0.9999021558331407,0.4644056847545244,0.4530626688971182,0.08627312982029878,0.5104370117186932,0.5027280313241818,0.004251817309011585,0.2601101572966229,0.23463056965590567,0.007883974872456179,0.8607536154968614,0.9000791139239368,0.021374478023915344,0.5801215726849591,0.9759097898513573,0.004569687737784989,0.40685618729088446,0.0,0.0,0.47958773235309593,0.44581375505690346,0.4527771172135431,0.45561571297710657,0.38073093443153994,0.873291948673085,0.5798542660263593,0.4320338218824986
0.4713611658604293,0.5730918499357358,0.03271271967980738,0.524584323040358,0.4843112748322653,1.0,0.6561369509042834,0.02911465705822991,0.043986979853983144,0.8326416015625568,0.5206367546055333,0.02379646139070246,0.19084007343835196,0.19261139311902298,0.019225093806653604,0.5125381451505007,0.8971518987340232,0.015358482553494923,0.4705768235902781,0.9441312147621375,0.019548108656863405,0.40685618729088446,0.0,0.0,0.4841670266328606,0.023484883444211846,0.5628434832465672,0.7483709768444555,0.324698834647279,0.5537662531759509,0.471124579946661,0.4282521320488968
0.4478289434390774,0.44890038809899124,0.05289716373755482,0.5257125890736631,0.4966780686751946,1.0,0.7129844961240224,0.7061189036159448,0.2991114630069944,0.5388183593749432,0.5927209705374423,0.022904951309868693,0.5887460923932224,0.2642413987591681,0.019351574686979234,0.021626641899928245,0.9013449367086537,0.012527425861605934,0.7437920331091163,0.943106099436136,0.018278750951935763,0.40685618729088446,0.0,0.00041436464096022974,0.48207281051674045,0.7001806947109657,0.6583951062163038,0.4968307105404506,0.6580064985741956,0.1184827166556488,0.7429892126505138,0.37412063590568323
0.49985068386789067,0.44760672703614546,0.05133112928473338,0.4710213776722014,0.9807591106433051,0.0037506930628410373,0.852713178294465,0.5014155192381509,0.005659658074606,0.18768310546869316,0.5419474934206505,0.006652036757586188,0.13387584974950073,0.2053017484489601,0.012057843922590905,0.05652116226613657,0.8992879746834888,0.016349352395650385,0.6671624418003148,0.9600205023064063,0.017517136328933702,0.4259197324414572,0.09836065572744701,0.00013812154696779544,0.932464809299546,0.45086633025057665,0.7267438043537027,0.16539588067729483,0.2802260133763923,0.1510077502829006,0.66630813315669,0.42206082702648473
0.46013259272538676,0.5679172056934476,0.05655124412726309,0.5453087885986179,0.4929943428496557,1.0,0.450129198966323,0.5772423111568514,0.07762235711564358,0.44335937499994316,0.49797804737147544,0.005417638184042062,0.24155212623429634,0.20389170896805808,0.005438677853192075,0.15669364468612912,0.8983386075948943,0.016278575978446952,0.7881531298498885,0.9497693490518486,0.018151815181454367,0.40685618729088446,0.0,0.0002762430939355909,0.4708348708406618,0.5734003270058423,0.4321218018764199,0.37960635499055684,0.3747852102841307,0.24028012041767965,0.7854292421470177,0.35138201370125444
0.4532043241952124,0.3699870633909086,0.04141291108402356,0.5406175771972244,0.4974345480858062,1.0,0.48210594315241906,0.463453866941137,0.006861968857208467,0.53533935546875,0.5350150844085704,0.008846523110648263,0.04649431846388552,0.22081218274126968,0.011425439521076441,0.2507629030116618,0.9029272151897203,0.008563946492898822,0.5437144335230357,0.9548949256789001,0.014978420918907887,0.40685618729088446,0.0,0.0,0.4730882298933352,0.4560772508344684,0.4935727509734136,0.48577964520700334,0.19846282399481652,0.3260963554454861,0.5428351312249049,0.38635294802122644
0.45571283521474015,0.28719275549792656,0.05324517139359841,0.5358076009502213,0.5020392053677369,1.0,0.6860465116278363,0.7261935400849211,0.19673909856015825,0.3898315429686363,0.46569099428722893,0.02767110135778239,0.31429563836641705,0.2250423011842031,0.01618955267929323,0.17546769271586982,0.9034018987339891,0.006369877556693382,0.6572684945679441,0.9528446950282614,0.017136329017432672,0.40685618729088446,0.0,0.0012430939227670024,0.499614384422884,0.7285281388806482,0.5761108541799871,0.3485615528764754,0.4234969317396917,0.26584217605739013,0.6544187880357129,0.37032440111113374
0.49489338828169593,0.5316946959901543,0.06142335131363552,0.46086698337290954,0.5290422312853735,0.9667329832685709,0.6461240310077869,0.6322867069874718,0.37283364124222373,0.6104125976563637,0.7930547531935019,0.02420792758192647,0.8389817893117311,0.28398195149463845,0.014756102702463636,0.19722701340049298,0.8996044303797817,0.010333356925400494,0.7434040351784574,0.9636084059457062,0.01548616400117453,0.43528428093645744,0.0,0.00013812154696779544,0.528717430348749,0.587008982255341,0.749715876348219,0.5424014924548146,0.8689320109374705,0.27451587420205215,0.7442561776918524,0.41273750709069645
0.47148061876612246,0.39715394566610485,0.029058639290042265,0.5485748218527249,0.4880607814761504,1.0,0.3954134366925075,0.36671599536732913,0.1428697105657193,0.5698852539063637,0.4581166955516949,0.0010286654779463333,0.1922294447475963,0.27185561195688024,0.005733799907218895,0.8596921852195578,0.90015822784801,0.019746620425991068,0.640778582514173,0.9697590978987591,0.0072353389183490435,0.40685618729088446,0.0,0.0,0.4910451493757648,0.3666763483562079,0.374157659083707,0.5086136012338898,0.32649875809877926,0.8781305378226705,0.636240809141924,0.4248146729565292
0.449979095741611,0.6351875808541081,0.06177135896990649,0.5439429928741504,0.4901328772530036,0.9993477055543138,0.7958010335917436,0.8093874662205565,0.2720154834169506,0.12310791015627842,0.3045766737274107,0.05424495953911901,0.03647099687393052,0.33051325437122614,0.02538049664822495,0.05101499270264753,0.8787974683542643,0.02080826668546365,0.9626228660114293,0.9543823680169226,0.040365575018995514,0.40685618729088446,0.0,0.008701657458686896,0.4863670465694554,0.8078148426634897,0.528999578373643,0.13807886632380928,0.1876092625945489,0.1399614620919465,0.9627911503811504,0.3846705808772981
0.45415994744081445,0.6015523932737779,0.039846876631258965,0.5342042755345346,0.49095513748189035,1.0,0.368217054263539,0.2644769012996875,0.0664496642327208,0.6727905273437784,0.4879645676872997,0.014607049787400683,0.14047536346959077,0.20360970107151388,0.014165858594381575,0.00902215735695222,0.8962025316455993,0.015004600467079854,0.8318028970512046,0.949769349052076,0.022721502919239356,0.40685618729088446,0.0,0.0037292817680736334,0.4751037489529324,0.25608521334550005,0.3730503427720322,0.6045162165466138,0.2873234126824684,0.1036386830924414,0.8302365826257301,0.347294879689116
0.9293436062833109,0.4721862871920166,0.058987297720420884,0.17654394299296428,0.547954216550437,0.20260265483835838,0.8320413436692036,0.5855424012354007,0.03146535292222552,0.07025146484372158,0.5207009435779639,0.02427650528046854,0.3681833970128139,0.28454596728659,0.011383279227601406,0.4826854186015055,0.8918512658227087,0.010545686177351854,0.5079539575788772,0.9159405433110805,0.015105356689502969,0.9224080267555905,0.09836065572744701,0.00041436464096022974,0.741265063928239,0.40066269807876154,0.6903847304144506,0.0752306422144784,0.4626481402515594,0.5186204282939002,0.5105209238946316,0.8614204608812202
0.4635967269904029,0.6636481241912406,0.039672872803180326,0.531532066508305,0.49375082226025313,1.0,0.5247416020671665,0.35552052502889353,0.035453505762291115,0.6064453125000284,0.5081199050003136,0.01045809902618089,0.12097454473294533,0.21573604060881735,0.011931363042265275,0.18223431073371898,0.8888449367088356,0.0075023002334830835,0.8272115882048183,0.9641209636085932,0.02170601675538819,0.40685618729088446,0.0,0.00041436464096022974,0.4864947106833739,0.34675197411458214,0.48893486091434113,0.5365150710808564,0.27258725778324333,0.2635549885774253,0.8259523271409535,0.4221674900729795
0.5157976467778838,0.5097024579536082,0.06438141639097239,0.13616389548684538,0.8587028022628687,0.31887413978671475,0.8452842377260197,0.6346995238708075,0.06469018503858592,0.0396728515625,0.4916233391103617,0.029728432313788744,0.25261747630639775,0.2487309644667448,0.020068299675344292,0.49429481225939753,0.8977848101264954,0.007573076650857047,0.48415675116393686,0.9554074833424693,0.021198273673519452,0.4573578595317258,0.06557377048738999,0.0037292817680736334,0.8375762705639858,0.42882555676500544,0.656898259660565,0.04612341891387928,0.37138305612288036,0.5401525503341986,0.4867917244746707,0.43010419040325587
0.5063608672281816,0.6067270375169755,0.05794327475183536,0.38099762470301357,0.5619326404421088,0.9510453018492058,0.6920542635658364,0.6669669283232196,0.34784903668519007,0.6061401367188068,0.7185313563129796,0.026333836236432262,0.7474321440976723,0.2718556119569939,0.011298958640750811,0.12299323338194768,0.8977848101265522,0.014509165546002123,0.6163993792033295,0.9646335212717077,0.015613099771371708,0.4292642140468388,0.0,0.00041436464096022974,0.5730195011306307,0.5822142838400026,0.7300234447603628,0.567171352637672,0.7902882291213018,0.20979941072232577,0.6146793077223549,0.42090207847485317
0.4755420175595191,0.6688227684353478,0.0401948842873594,0.533254156769658,0.4878963294303702,0.9992498613874403,0.6771317829457075,0.8323574829494333,0.10920500865078964,0.14617919921866473,0.44226201938511167,0.022493485118616263,0.015034982384719342,0.23857868020252226,0.019225093806667815,0.07920923444339678,0.8861550632912554,0.01889730341838458,0.8885799275736304,0.9538698103542629,0.025133282558954306,0.40685618729088446,0.0,0.002071823204573775,0.47853319179523623,0.8395508781835446,0.5494418921540927,0.12451246531367133,0.17532702632183828,0.16991374340801713,0.8901039802168214,0.42038330820292913
0.46873320193515156,0.49417852522765315,0.050113102488182903,0.5490498812350779,0.4860544665175439,1.0,0.5412144702843307,0.9232724231115554,0.016744376997777977,0.05047607421860789,0.5375184543296427,0.0131326292689522,0.03597479283484972,0.183587140439613,0.009991989544246849,0.028525938702387066,0.8987341772151467,0.010616462594640552,0.9002198654939946,0.9692465402358721,0.019801980197939884,0.40685618729088446,0.0,0.00041436464096022974,0.47566512128966565,0.9282912541769264,0.5232850092130406,0.030709870599196165,0.19807088664043704,0.1271937784230488,0.9010167064517702,0.39691743795361845
0.8198650182166034,0.5834411384212217,0.06159735514165732,0.09127078384801735,0.8613998158137832,0.21078895013204146,0.7222222222222001,0.5471946982370213,0.0730770358640882,0.37207031249991473,0.5107516528661051,0.010560965574001102,0.3303726492333112,0.2182741116747593,0.008474218980609294,0.07191190128699532,0.8939873417719468,0.019321961922344144,0.9293843766166674,0.9523321373656017,0.024244732165584537,0.7705685618726079,0.01639344261639053,0.00041436464096022974,0.9580710826791261,0.31979163556312074,0.6183741562001472,0.3013412332513212,0.4380411407790348,0.15414095693577679,0.9255493068810665,0.7435432494412453
0.744908319894904,0.5510996119028277,0.06316338959442191,0.13895486935862778,0.8887646362320822,0.17722840090014813,0.7769379844961293,0.5466477930767866,0.05841470924609382,0.27935791015619316,0.5097888182809811,0.017144424633102062,0.2387733836154382,0.2120699379582902,0.012605927737226352,0.03582327185881695,0.8955696202531271,0.012385873027142225,0.9026125193998666,0.9620707329579545,0.01726326478797091,0.6784280936453797,0.09836065572744701,0.00041436464096022974,0.9436144333899534,0.34327651900731837,0.6589845077840408,0.218924635385207,0.3605823660372778,0.12285692935074621,0.9000763808351451,0.6841416291327391
0.5610105715822158,0.6985769728335072,0.0443709761611899,0.46062945368166197,0.7106959610577519,0.013959101138212304,0.7832041343668834,0.5064341783553914,0.012990821383539242,0.39025878906244316,0.5280184864240596,0.006343437114267658,0.3755272167915109,0.20586576424159375,0.011509760107912825,0.23464243067530788,0.8966772151896976,0.02236534786598554,0.7170848422142058,0.9415684264479296,0.0167555217058748,0.5093645484946592,0.01639344261639053,0.0,0.7211710821544841,0.45299539712569015,0.667316370044972,0.3245251927112349,0.48305072083144296,0.3150393919337944,0.7168333132620148,0.5344739814892137
0.8177745923669022,0.9676584734806966,0.05463720201828437,0.06947743467944179,0.8342981186686274,0.337203613711182,0.9315245478035195,0.6380774675074292,0.09152224274951948,0.6228027343750853,0.5655690352398892,0.04371828281439605,0.628640897136961,0.3347433728145006,0.01720139972175616,0.4506434921054847,0.8890031645569252,0.011536556019450472,0.5108639420589896,0.943106099436136,0.01980198019788304,0.6607023411369255,0.06557377048738999,0.0016574585636703887,0.9455941015681901,0.41318465153608486,0.7714522475311156,0.5907270860790277,0.6782998883955997,0.4996984221876062,0.5122679499086189,0.6800738884012958
0.45917696947984155,0.14618369987056212,0.054289194362183935,0.5384798099763373,0.49904617813450614,1.0,0.4989664082687568,0.3132801441255566,0.00785900706728171,0.6926879882813068,0.5391873676103103,0.010320943629110957,0.014786880365306843,0.21630005640133732,0.010118470424558268,0.3959798328246791,0.897468354430373,0.007006865312376931,0.5284531815830746,0.9559200410049016,0.016501650164855164,0.40685618729088446,0.0,0.00041436464096022974,0.4876742921199906,0.3189311414712108,0.498020982112223,0.6203718744608864,0.1695537086353056,0.4566501910882721,0.5299889635466855,0.37697629656213394
0.6010272949889952,0.5342820181103889,0.03132068905506458,0.10201900237532868,0.760755163794272,0.667884282965332,0.7032945736433476,0.6517500965126288,0.17231166241458595,0.24114990234369316,0.3813466846395386,0.025716636949653093,0.017168659752996973,0.20642978003411372,0.018719170285393716,0.6898633408517867,0.8939873417721742,0.01599547030915005,0.2805871702017271,0.9021014864174504,0.0137090632139234,0.5638795986620835,0.01639344261639053,0.00041436464096022974,0.7688387637217176,0.4377779527117127,0.5160152369058579,0.1968559978698181,0.18384505486545777,0.7010509853321025,0.28194591313035744,0.5316328657937106
0.4518903422325877,0.40232858991021203,0.05672524795534173,0.536935866983498,0.4961847125378256,0.9999673852777136,0.785917312661411,0.1794492343327505,0.22623969971552071,0.8552856445312784,0.337954939341472,0.04227815114526834,0.056815362477152576,0.3130287648051535,0.0247902525401571,0.19802308610849195,0.896123417721526,0.016349352395678807,0.5638903259182371,0.9548949256789001,0.03122619954297079,0.40685618729088446,0.0,0.01533149171285686,0.48552061600557295,0.17497165617513133,0.5481113618823343,0.778905008398425,0.20047308332860325,0.2776864444776663,0.5640402987265816,0.37452789481085347
0.781460909036582,0.45278137128025264,0.058639290064263605,0.03135391923981956,0.5253256150506616,0.062457193176996384,0.9254521963823663,0.514605584866743,0.027330576815941754,0.44451904296869316,0.5395725014442689,0.00469757234944268,0.4664814171587466,0.24562887760885133,0.01184704245540047,0.20405997081061855,0.8944620253163862,0.024630193219621788,0.7340920848421888,0.9364428498206507,0.01535922823046576,0.6968227424748079,0.0,0.0,0.6670581116553933,0.24347639613128536,0.7778802260150854,0.38610905035196197,0.5636013181048156,0.2791916647095434,0.7318966697625626,0.6566952879175005
0.46407453861326076,0.6804657179818605,0.03132068905506458,0.5372327790973941,0.4906262333903584,1.0,0.5810077519379604,0.6529082486166118,0.1392627782176703,0.33941650390619316,0.42075871365298667,0.01052667672470875,0.06157892125241915,0.2146080090240048,0.01285888949784919,0.292225023218748,0.9012658227848078,0.01783565715894042,0.6753103983445783,0.9451563300865473,0.01904036557488098,0.40685618729088446,0.0,0.00013812154696779544,0.4867718992048111,0.6509533749736249,0.4705890076607204,0.3008053428274877,0.2185964504957667,0.3587841877149174,0.6721595980025938,0.41876881754319584
0.45457803261072627,0.5006468305282397,0.03810683835041573,0.5355106888360979,0.4959873700828581,1.0,0.6468992248062193,0.698719598507239,0.19547813847100315,0.2872314453124716,0.3776879132165334,0.02218488547524089,0.042078102515745286,0.25042301184475946,0.01281672920445942,0.2771659811595839,0.8992879746835456,0.014367612711424727,0.7127521986549539,0.9415684264479296,0.01954810865692025,0.40685618729088446,0.0,0.00041436464096022974,0.48504143837237734,0.6992478141549867,0.48550932903050636,0.26525068786557426,0.2065958114425257,0.33833027307474595,0.7096884882698191,0.4252995049864694
0.4619243863106135,0.686934023284266,0.03984687663114528,0.5410332541567584,0.49756610972242754,1.0,0.6607881136950766,0.7296036546132427,0.13591976774881687,0.23773193359380684,0.4181269657873088,0.020504731861166192,0.01999702277578308,0.23152848279755744,0.016737636493928676,0.24426164256328775,0.8914556962023994,0.01394295420757885,0.7489006725296576,0.9472065607383229,0.03122619954314132,0.40685618729088446,0.0,0.004972375690726949,0.4772154533037991,0.7190437024228373,0.5293788962142401,0.22082872104721218,0.18513925269846254,0.30913327070481955,0.748213793751944,0.4048250483621132
0.4397061458520284,0.7503234152654841,0.026100574212648553,0.5521377672208985,0.7592422049730345,0.00528358501027526,0.5297803617569912,0.48902972590400395,0.008386850825473857,0.41308593750008527,0.5334103601002198,0.008195034974576743,0.08748077209358485,0.21517202481652475,0.01648467473332005,0.32240944672943783,0.8990506329113259,0.007148418147011171,0.6143947232281732,0.9682214249103254,0.023483117542582477,0.38996655518366197,0.0,0.0,0.699031851322033,0.4892492528359469,0.517396829194638,0.36518755327503527,0.22751561140503895,0.3885202937848362,0.6129355810964796,0.4029439000858588
0.47088335423759986,0.5886157826635099,0.06525143553153612,0.5274346793349025,0.4889817129325138,0.9989237141645759,0.38540051679586895,0.08074893836054287,0.024339462185878347,0.8231201171875568,0.5188394633802886,0.01968179947878923,0.14022726145003617,0.19909757473192258,0.008094776339603982,0.036353986997482934,0.899920886075904,0.012952084365480232,0.9687661665803944,0.9728344438749446,0.017644072099415098,0.40685618729088446,0.0,0.00041436464096022974,0.4918539802348363,0.07587277717001939,0.39725519774856366,0.7228877125349698,0.2815569912544049,0.12980389435708162,0.9688026355512704,0.41344536185437164
0.96141671146151,0.2690815006453704,0.04941708717575466,0.05011876484559252,0.6104459939482041,0.129676135807685,0.8015503875967909,0.5365139621670352,0.04820972991994665,0.1572875976561363,0.5147955581230974,0.016595803044822333,0.1056914603285577,0.22391426959950422,0.011172477760467814,0.06965636194769331,0.8869462025315897,0.017481775072525352,0.9911407139161668,0.933367503844238,0.01853262249318277,0.9724080267556587,0.4098360655698343,0.000828729281863616,0.8119437648322219,0.29562541452563096,0.6832389658628415,0.14491816785763945,0.24736764068654793,0.14651877788932666,0.9941584333185176,0.9028978410428863
0.5280415696113039,0.5847347994822485,0.054289194362013404,0.2071258907363358,0.6886264965136206,0.7786112651250932,0.406589147286752,0.4154870673014699,0.13495205419198442,0.5206298828124716,0.5151165029848244,0.01121245371001578,0.4111050463950505,0.16807670614764447,0.010877355706398362,0.6385829905796925,0.8972310126582101,0.009200934248639214,0.3711846870149884,0.9487442337265293,0.017263264788084598,0.45752508361204036,0.0,0.0,0.682839494729933,0.24319861307535007,0.4140575191737952,0.4429100859601647,0.49918681619286076,0.6710613403933223,0.3736309601384278,0.47455843922870145
0.8976288598219639,0.49288486416662636,0.05324517139376894,0.2135391923991392,0.5947901591895999,0.439679071132673,0.48882428940567024,0.4995496075151067,0.07911791443068239,0.48034667968744316,0.5300725335388563,0.01587573721022295,0.41671215203695056,0.21037789058095768,0.010076310131083233,0.07516253151121077,0.8946993670886627,0.010191804090879941,0.762997930677642,0.9513070220402824,0.01294744859109187,0.6807692307691013,0.0,0.0,0.7758690341072878,0.33702504300210023,0.4746608387884521,0.4022242801902962,0.5157838114930655,0.15891549416065232,0.7613503075854169,0.6550080724533132
0.46365645344326367,0.4256144890032374,0.04645902209841779,0.5500593824228304,0.49338902775951965,0.9998695411108542,0.662209302325607,0.7309226611761375,0.17759009999709008,0.27398681640619316,0.4034276911226584,0.02585379234676566,0.07348781819098349,0.17597292724190083,0.013533454192881322,0.67175268674535,0.8998417721517171,0.015004600467051432,0.34609415416446154,0.9461814454123214,0.019040365574937823,0.40685618729088446,0.0,0.00041436464096022974,0.4896224814755783,0.7435338528871682,0.5150902849406265,0.21679782026569683,0.22814546967543947,0.699756602685909,0.34927487697405013,0.37617632371262744
0.46777757868972003,0.39327296248211496,0.06542543935955791,0.5283254156769601,0.4869096171556322,1.0,0.6462532299741497,0.6854008493115202,0.20269200316704428,0.31585693359369316,0.38757301495613206,0.015087093677138341,0.11263831687600145,0.22194021432574118,0.013491293899335233,0.17195170492243506,0.8992879746834888,0.01415528345953021,0.8118856699430523,0.9482316760634149,0.017644072099415098,0.40685618729088446,0.0,0.00041436464096022974,0.48513762366371793,0.6723191446815235,0.5017178721436011,0.27486322234258864,0.268570187244876,0.2507926425689391,0.8107553454211427,0.3537964772105511
0.7214955503793874,0.8201811125481981,0.04263093788040351,0.24673396674580772,0.8328509406657361,0.13968885554939448,0.7638242894056475,0.5475807489382873,0.030351016099288586,0.2644042968749716,0.5372616984402612,0.014367027842482116,0.2612018061826973,0.2411167512693737,0.014418820354961781,0.47140772190525126,0.908386075949295,0.012173543775134021,0.47516813243657907,0.9774474628395637,0.008631632393928612,0.3185618729092994,0.0,0.0,0.8917277151795986,0.4072706774196604,0.6478880020307969,0.23019675551842056,0.39744056861945865,0.5125301577812422,0.4744388153216903,0.3471251884782873
0.4601325927253015,0.5575679172052332,0.05707325561149901,0.5192399049880407,0.4871069596106139,1.0,0.5225452196382889,0.09310256080291879,0.004340048678940889,0.7065429687500284,0.5405995250016815,0.014607049787329629,0.2834317471344434,0.1875352509869117,0.010202791011408863,0.5662067135464497,0.8961234177214124,0.005449784131826618,0.4472322814277163,0.9507944643773953,0.017644072099358254,0.40685618729088446,0.0,0.0,0.4885950476816703,0.07710334705957678,0.5068342862478517,0.626228151998589,0.3965854325735165,0.610131946964998,0.44803876121176245,0.40800069815816187
0.7044735113181559,0.5097024579563367,0.03462676178867241,0.26460807600946623,0.6288646230759269,0.7473663611754375,0.50400516795861,0.5211041050057474,0.11653617195980814,0.485595703125,0.5265421400604282,0.01117816486076606,0.4285714285714164,0.20022560631673514,0.01576794974494078,0.6105877670160282,0.8978639240505117,0.014650718380494254,0.576370926021724,0.9646335212710255,0.025006346788529754,0.17525083612002845,0.0,0.0,0.7195289369077074,0.38556107200733436,0.4930081509568254,0.4094403796783581,0.5371070425740356,0.631410530136435,0.5741595221166449,0.179227856509101
0.46508988831152465,0.5924967658484093,0.058639290064263605,0.5356888361045833,0.4866136034732591,0.9999673852777136,0.41647286821697094,0.33174623600562825,0.028884783437476358,0.6002197265625284,0.5172989280441982,0.008983678507703985,0.18558031062383407,0.20642978003354528,0.013154011551904432,0.01870770863740745,0.8971518987340232,0.018260315662701032,0.5649249870667177,0.9554074833420145,0.01662858593533656,0.40685618729088446,0.0,0.000828729281863616,0.4894021297172344,0.3086658360319774,0.4208327193733794,0.5533286331277623,0.32122656852521914,0.11157311527213665,0.56435374059879,0.41121513451662395
0.607955563519198,0.7076326002588758,0.06037932834510684,0.36021377672204835,0.5478226549138441,0.7227096311274579,0.7180232558139892,0.6283940290824859,0.29230814345625333,0.6346435546875,0.7033185698696798,0.025922370045250887,0.8043467473824819,0.29216018048509795,0.011509760107941247,0.6108531245853897,0.9003164556961565,0.019888173260596886,0.4061691670976302,0.9302921578678252,0.005077430819937945,0.5272575250834848,0.0,0.0,0.5994118706640279,0.5294291693924151,0.7194959157680643,0.5744912808953018,0.8462111381469981,0.6314318807780523,0.40959923982097735,0.53010079657912
0.45804216687565713,0.5769728331169972,0.03984687663114528,0.8138954869358486,0.8911656361005811,0.1391670199928683,0.7509689922481186,0.5362887659246098,0.02809301780007445,0.24072265625,0.517427305988889,0.00857221231653682,0.18349625365956967,0.2323745064859395,0.0169484379611049,0.16219981424970342,0.9022151898732886,0.010262580508054953,0.7102948784272769,0.9507944643773953,0.023990860624451216,0.40685618729088446,0.0,0.000828729281863616,0.8343899141852233,0.6604803384790898,0.6461154205832145,0.21154441945483882,0.31684054816054186,0.25432083609118195,0.7077913400959801,0.4053971501573983
0.359792151944049,0.4204398447600397,0.07429963459173905,0.5597980997625314,0.5807130640704798,0.013437265581671909,0.45290697674420244,0.49961394929864866,0.005894255300447071,0.6116333007813353,0.5438731625906712,0.012069674941699304,0.08375924180035099,0.19853355893985736,0.00720941017746668,0.05300517447264497,0.8925632911391403,0.01281053153081757,0.10340144852554545,0.9431060994356812,0.01167809088605054,0.5093645484946592,0.01639344261639053,0.0,0.5119138599507238,0.5167461560525339,0.4773510776273753,0.5204668275454196,0.23416590328915277,0.1463906740397931,0.10932192624878212,0.5195314583262416
0.48599414680771247,0.5614489003883136,0.03828084217838068,0.4827790973871231,0.5249638205499281,0.9744626724503433,0.4290051679586213,0.3710912366490504,0.03577607694796825,0.62811279296875,0.5113293536170715,0.008263612673161447,0.565027539324177,0.19796954314688264,0.006366204308790202,0.5041793817168525,0.8973101265822834,0.012031990940528203,0.5199172271081522,0.9523321373649196,0.02069053059142334,0.4198996655516112,0.0,0.0,0.5360484983727218,0.33708295217333273,0.4142121641395704,0.5566109619735187,0.6340167142317057,0.5545642334052161,0.5230305539837161,0.4181288392637157
0.6900197097294267,0.5989650711517243,0.06542543935955791,0.2775534441805121,0.593441652414171,0.6774403965950455,0.8386304909560351,0.6647149658988667,0.33427172223689183,0.7838745117188068,0.7802169587265837,0.05949115347685563,0.8863196546420795,0.32994923857881986,0.02428432901891142,0.23125912166636908,0.89889240506335,0.017481775072411665,0.6028841179513336,0.9441312147616827,0.030337649149373647,0.5277591973243148,0.09836065572744701,0.017541436464114213,0.6834751920645203,0.5444176916137451,0.8727928443148159,0.7111064964990987,0.8932700563308913,0.30961899780092494,0.6066238516067415,0.4620303795749692
0.843576419996424,0.7451487710222864,0.07569166521665238,0.14489311163893603,0.6334692803578719,0.5292717132513474,0.8013565891471615,0.620447818813517,0.26582798158415244,0.7460327148436363,0.7324603633096558,0.037614867645018535,0.8990224780429799,0.3426395939085296,0.018297567351055477,0.5293220114103008,0.8975474683543894,0.016066246726552436,0.46210553543707533,0.9318298308560315,0.0151053566896735,0.6424749163879255,0.0,0.00013812154696779544,0.7976016634809042,0.4278248138989085,0.8114192177006743,0.6937252255345356,0.9132209319833748,0.5688691632683458,0.4651493880460009,0.6518712092194505
0.46096876306512513,0.25485122897498513,0.062119366626063766,0.5313539192399048,0.4920076305749035,1.0,0.6450904392764585,0.32370351306133216,0.2384094308084741,0.5730590820313353,0.4576673727453908,0.024070772184856537,0.32426933955238724,0.19063733784537362,0.019983979088465276,0.663327583919255,0.8984968354429839,0.014650718380636363,0.39614588722190547,0.935417734495104,0.019040365574937823,0.40685618729088446,0.0,0.000828729281863616,0.48392306575752286,0.31925688055960677,0.5256251085067731,0.49350316594015453,0.4323149475251853,0.6963538441830224,0.3981800575083412,0.3303645452033379
0.4491429254016168,0.45148771022013534,0.02784061249332126,0.5321852731591434,0.4976318905407169,1.0,0.44127906976740405,0.41883284004627797,0.08149321134278864,0.54150390625,0.49444765389304735,0.013064051570381707,0.16027390462963353,0.18443316412890454,0.008010455752767598,0.15032506302244997,0.8955696202530135,0.014650718380551098,0.8693740300051616,0.9636084059452514,0.016120842853240447,0.40685618729088446,0.0,0.00013812154696779544,0.4789371700188809,0.40809135895632664,0.4236352946497419,0.4581863123537744,0.3009078924229698,0.23030136430602965,0.8704297288067266,0.36259133023366985
0.6275458400527043,0.44372574385488406,0.03688881155369472,0.30825415676955004,0.5766675437443212,0.017872867812556592,0.9307493540050586,0.5034744563119062,0.0008504149438550712,0.6473999023438068,0.5423326272547229,0.006343437114182393,0.6689822855158241,0.23124647490101324,0.013027530671635645,0.3994958206181707,0.9026898734176143,0.019958949677885585,0.5555483704087578,0.9364428498211055,0.007362274689057813,0.5448160535115676,0.01639344261639053,0.0,0.6327278323507812,0.3868558848837864,0.752124544636203,0.5857751236316346,0.7290529023478314,0.44204368341269173,0.5558248222867235,0.5473462718840665
0.4670608612555327,0.5950840879677344,0.044544979989325384,0.532541567696029,0.48809367188528086,1.0,0.8753875968991736,0.09850727062148223,0.23987566347027212,0.7528076171874716,0.42717761088650263,0.07718419969828005,0.2342083064555993,0.2873660462493035,0.06990176651629554,0.1593472203794022,0.8522151898732204,0.05810743860149614,0.8416968442834616,0.8416196822142865,0.0335110434121475,0.40685618729088446,0.0,0.009116022099590282,0.4860234027557908,0.08841554173575616,0.6583338317958862,0.6742824510958201,0.34571977973348567,0.21921237483184086,0.8419428117055361,0.3977125624826954
0.4712417129546509,0.871927554980175,0.029058639289871735,0.542755344418083,0.4834561241941344,1.0,0.5487726098191956,0.20383477029973562,0.01363596375473719,0.7254028320313637,0.5325117144874696,0.0076464133863396455,0.13457053540417974,0.1771009588267134,0.007082929297183682,0.8416478705054828,0.8988924050631226,0.011324226767584378,0.32352560786338813,0.9656586365967996,0.007108403147924491,0.40685618729088446,0.0,0.0,0.47202669404158826,0.20403844083173794,0.5216539424983182,0.6376694125468987,0.2826534963455458,0.8568786429532622,0.32663612533050923,0.4309962813383663
0.9215791674131992,0.23932729624630156,0.04541499912988911,0.09192399049879896,0.639060649914498,0.40044356022306715,0.8177648578810874,0.6085767597477343,0.1512858860443771,0.5466918945312216,0.557673791642685,0.029694143464524814,0.5673100779040965,0.2171460800901741,0.0166111556136741,0.12226350006636721,0.9004746835444166,0.009342487083330298,0.5770175892395457,0.9518195797022599,0.011931962426956488,0.5331103678928457,0.0,0.00041436464096022974,0.8417647027961976,0.3745049444479207,0.7009312252987456,0.49836804619377517,0.62995136988431,0.20279373145166346,0.5787506206974342,0.5030035344255452
0.4662246909157375,0.6080206985780023,0.029232643117950374,0.5320071258908285,0.49480331535323785,1.0,0.5317829457364383,0.23172693347061113,0.01565936482801078,0.74395751953125,0.5343731946852017,0.018001645864757165,0.08286607452987482,0.18556119571314866,0.009443905729554558,0.5981159612578324,0.8868670886076302,0.014933824049762734,0.37771598551469765,0.9420809841101345,0.0205635948208851,0.40685618729088446,0.0,0.0,0.48793486681836384,0.22346877745594895,0.516190306678439,0.6512240909539457,0.2310051181731012,0.6232172214275522,0.37980576502084773,0.40653165710745043
0.46335782117898816,0.14359637774759904,0.04837306420728282,0.5836698337292603,0.46783317984476014,0.9953034799908522,0.06744186046520895,0.9419315403422814,0.2202867951086347,0.04986572265619316,0.39726554977855244,0.09618022219170541,0.36892770307142086,0.272137619852856,0.07424427674014566,0.4739949582060774,0.8880537974682738,0.012031990940556625,0.556841696844316,0.9584828293179726,0.022467631378560782,0.41103678929749776,0.0,0.004972375690726949,0.4645399807279915,0.9527940722724395,0.12201487801281985,0.0706320325151637,0.45646794331736373,0.521267907850671,0.5573953310358775,0.3418647609536265
0.9229528758287131,0.4320827943065524,0.051157125456597896,0.04358669833729323,0.7794698066043821,0.3369100812106893,0.8467054263566638,0.605520525028922,0.11002609894140392,0.15509033203119316,0.46742409654024186,0.03233438485798956,0.10162258720788486,0.24732092498595648,0.01821324676417646,0.315244792357646,0.8881329113922334,0.020808266685520493,0.5984221417485571,0.9425935417727942,0.021071337902981213,0.7371237458193036,0.03278688524005702,0.00041436464096022974,0.9466101680094994,0.3530957428615409,0.6688526072995131,0.13598721901334443,0.2496548997341108,0.38238732198908565,0.5998386599204935,0.6547608081179987
0.5703278982261963,0.6183699870653072,0.04611101444203314,0.10385985748220605,0.7647677937113571,0.6697433221356022,0.6108527131783603,0.5684596577016805,0.19656315064074192,0.5751953125000284,0.6421464792349525,0.01244685228361675,0.779189202600179,0.21037789058095768,0.009359585142718174,0.039471938437031895,0.8966772151896976,0.018472644914680814,0.8815959648215141,0.9605330599697481,0.014978420918907887,0.5036789297658402,0.0,0.00041436464096022974,0.76935029458933,0.3507060847156822,0.6285661347949514,0.48624185069763826,0.8207995751904775,0.12930215427977032,0.8824955911925656,0.507376719335582
0.460968763065182,0.35446313065858703,1.0,0.5375890736341375,0.48815945270362704,1.0,0.48585271317827505,0.49298674559251765,0.9061024603384169,0.4913330078125,0.5568393350023371,1.0,0.43254106088431854,0.4734912577550858,1.0,0.0076953695103725295,0.0,1.0,0.558329022245232,0.6099436186570983,1.0,0.40685618729088446,0.0,1.0,0.4802120623350561,0.4950320264861858,0.4810640157212447,0.48636075138534807,0.0,0.06090270512632401,0.559292479209688,0.34896755019229886
0.4683748432180437,0.4333764553684887,0.026970593352928063,0.5387767220902901,0.49190895934744105,1.0,0.6076873385013073,0.7172178612790816,0.0735462303158414,0.2980346679686363,0.4972077797035581,0.016115759155127307,0.1563042723168735,0.23011844331620068,0.007841814578981143,0.47963380655426135,0.9010284810124745,0.01528770613629149,0.4999353336782235,0.9559200410049016,0.007235338918405887,0.40685618729088446,0.0,0.0,0.48740060124553963,0.7088534979401402,0.514635103531873,0.2716026640452469,0.2991102677242452,0.5230426799325585,0.5019854068062273,0.45329370639541366
0.6806426566327275,0.5226390685638762,0.044022968505089466,0.2605106888359501,0.6145901855019389,0.7797201656828179,0.620284237726139,0.6250482563376494,0.15694554411892625,0.3203735351562784,0.39874189614224065,0.017658757372132072,0.09958815064763371,0.18668922729841597,0.008685020447714464,0.061430277298711644,0.9009493670884581,0.016137023143869555,0.8654293843766538,0.9559200410046742,0.015866971312277656,0.6031772575250329,0.01639344261639053,0.0012430939227670024,0.6786650530855525,0.4914488965135888,0.49460712154655084,0.25277616359397825,0.24886297939048063,0.14415686316374376,0.8648818076687235,0.6005517388500152
0.6628441736846185,0.6545924967658721,0.04524099530175363,0.3400237529690173,0.560913037758155,0.6301164345585448,0.7711886304909967,0.6687363273709792,0.2111961526054813,0.19921874999991473,0.3663906540856203,0.03860924427377199,0.09680940802863347,0.2467569091936639,0.012226485096306305,0.059241077351714466,0.8856012658227428,0.022223795031436566,0.9703181583030869,0.9564325986677886,0.018151815181568054,0.6396321070232034,0.09836065572744701,0.002071823204573775,0.6491125595255625,0.5625586443463106,0.5684325857367583,0.15830538050732912,0.24923307859316424,0.1390380468433534,0.9695961383961844,0.6202407675860968
0.45720599653580507,0.8137128072457926,0.02766660866507209,0.5308788598575802,0.4868438363373002,0.99067218942632,0.518023255814029,0.5360313987903567,0.27955191929855516,0.5225830078125,0.6238526221195855,0.01038952132768145,0.6545923683818842,0.23716864072139288,0.007631013111861762,0.17480429879256576,0.9039556962024449,0.008210064406483752,0.694580962234852,0.9738595592000365,0.005839045442940005,0.40836120401331755,0.0,0.0,0.4680078976868316,0.5253474776484239,0.5489954642339683,0.4562554321705079,0.7182257766048679,0.258668360484279,0.6924244398875885,0.4425740702134249
0.4675983993310524,0.38809831824255525,0.05515921350274766,0.5412114014252438,0.48148269964475787,1.0,0.4483204134366474,0.44968472526051073,0.1292630714642229,0.5402221679688068,0.4281404454715414,0.004320395007511024,0.042772788170623244,0.1807670614775816,0.014545301235287411,0.022489054000203623,0.9052215189871617,0.0125274258616912,0.6262286601137816,0.9589953869806322,0.0158669713123345,0.40685618729088446,0.0,0.00041436464096022974,0.487920001818793,0.44731125003278294,0.3919739262751989,0.4744522613738411,0.19910877353490264,0.11976108632069327,0.6226110367832121,0.38909709731063913
0.6080750164248627,0.6403622250963963,0.051157125456768426,0.07951306413298198,0.7668398894882387,0.6605133557287957,0.7200258397932942,0.6521039763221523,0.2004340048679012,0.2453002929686079,0.3740933307657883,0.02612810314084868,0.166873418349752,0.19627749577000486,0.012015683629158502,0.10561231259111992,0.8916139240505458,0.018118762828265744,0.8795913088463294,0.9410558687852699,0.015359228230579447,0.5448160535115676,0.03278688524005702,0.00041436464096022974,0.7777822469933398,0.4142550663738689,0.5116093142954696,0.19655455950641,0.30405948252774806,0.18559845848369605,0.8802652048177322,0.5706424509228896
0.5527085946366697,0.5226390685620572,0.06264137811007231,0.10558194774350227,0.7618076568872567,0.6728417207527286,0.5808785529715976,0.5654677647663959,0.18714993695199666,0.5599365234374147,0.6402849990371635,0.008915100809161913,0.7747233662481392,0.21460800902434585,0.011172477760425181,0.06547698023089765,0.8940664556961337,0.015712364639995258,0.8521081220899873,0.9641209636085932,0.015866971312448186,0.48327759197309206,0.0,0.00041436464096022974,0.7806861683802282,0.34090133815428203,0.6151295297479891,0.4738778538258259,0.8120654638825897,0.15286258727076074,0.852545395456417,0.4278982046669739
0.46114794242367907,0.4269081500642642,0.07603967287269597,0.5325415676959722,0.49421128798843483,1.0,0.25633074935396394,0.9156800926521385,0.08712354476412543,0.13397216796869316,0.5018293857116021,0.029831298861608957,0.6475958914306261,0.21714608009006042,0.02074286437031958,0.4998673212153051,0.8922468354431317,0.008068511571849513,0.49152871184682567,0.9564325986671065,0.02081746636196158,0.40685618729088446,0.0,0.0031767955803161385,0.5058690515955391,0.9164262078812442,0.29704380099819616,0.13122281821424053,0.6937578516775602,0.5535073766467349,0.4934267940010386,0.376069660666019
0.6654124111569786,0.5407503234127944,0.024882547415870704,0.047090261282647816,0.8476845151953825,0.4495613319852083,0.7154392764857676,0.5917835542400809,0.13536259933728445,0.3428344726561363,0.44803902689523056,0.021224797695765574,0.20264972956877614,0.23632261703357926,0.010202791011437284,0.5441156959002456,0.8924841772150671,0.016561681647573323,0.4320356958095033,0.9328549461815783,0.020055851739243735,0.6451505016721057,0.0,0.0,0.8737900327554797,0.3434864397531925,0.5682516803050817,0.28931216789447944,0.3364075320934887,0.5722132075069339,0.432384814236201,0.6694560669456564
0.5820342829839547,0.3738680465712605,0.009222202888338416,0.1467339667458134,0.7907841073543267,0.4915364795668751,0.4364341085271235,0.4782524771585912,0.0910237236445397,0.5476684570313637,0.473842993773701,0.012686874228492684,0.1204287202898513,0.1985335589394026,0.006829967536589265,0.03469550218920858,0.8981012658227883,0.008422393658349847,0.1934816347645949,0.9805228088159765,0.005712109672572296,0.324414715718774,0.0,0.0,0.7975693102465584,0.28131551540518274,0.4300676498779268,0.4696191996141579,0.2693138337794778,0.13070062130370275,0.1909108455836872,0.2797674745584118
0.45780326106444136,0.639068564036279,0.06333739342267108,0.5431116389548833,0.49674384949348394,1.0,0.55045219638248,0.5790117102045969,0.16483387583940612,0.4347534179687216,0.44970794017595495,0.012069674941670883,0.22795613556291983,0.21686407219419834,0.00788397487247039,0.010348945203617177,0.8931170886074824,0.01288130794813469,0.9915287118468825,0.974884674526038,0.01929423711584377,0.40685618729088446,0.0,0.00041436464096022974,0.4840909528115134,0.5850889312952887,0.4668643982486884,0.38016234130526527,0.3519149185609649,0.10875749941288859,0.9901810209296968,0.4039814406299911
0.7457444902348129,0.469598965071782,0.09082999825989191,0.20522565320663944,0.6228785686094369,0.6810606307686982,0.8841085271317297,0.6904516793205033,0.33667634380232414,0.8308105468750284,0.7826561396752538,0.0681662323412695,0.9036867960105042,0.46531302876474,0.027066908385648958,0.22303303701727373,0.885601265822686,0.02604572156550944,0.7583419555095077,0.9359302921579911,0.042396547347038904,0.723745819397891,0.4098360655698343,0.01671270718230744,0.7249310526343322,0.5210278154036416,0.9095341539242696,0.7932266799745662,0.9138933171807366,0.2837446890279409,0.7597699006718983,0.6992489951856555
0.4875470345816666,0.6248382923677127,0.0595093092046568,0.12232779097382718,0.9788514669122179,0.2040377026189617,0.8894056847544505,0.5668189422210759,0.08322336588371115,0.6571655273438353,0.5627447204570615,0.03017418735423405,0.682975239418596,0.2281443880428924,0.01357561448624267,0.12611118482152506,0.9073575949366841,0.008917828579512843,0.673823072943577,0.9487442337258472,0.01853262249284171,0.42357859531756503,0.01639344261639053,0.0016574585636703887,0.9014948943098489,0.36506303503779236,0.7558579075368783,0.5845693701779737,0.7297298850508582,0.21563080470573937,0.6718428567422734,0.41419200318046023
0.6469569372275998,0.49288486416571686,0.05237515225314837,0.22642517814725238,0.6658334429680366,0.7522259547959891,0.4958010335917322,0.5161819585638625,0.10961555379611809,0.4786376953124716,0.42781950060981444,0.012858318474798125,0.3317124001389118,0.23745064861827814,0.006661326362817022,0.4776436247843776,0.8939082278480441,0.011395003184873076,0.5327858251422697,0.9461814454125488,0.01637471439443061,0.6137123745817803,0.0,0.0,0.6982894757552032,0.36041944336616893,0.39961863967866407,0.439383257108517,0.43511367907339604,0.5233122317825689,0.5345833615156153,0.5836601909268211
0.4632980947261842,0.3764553686905856,0.036018792413472056,0.539073634204243,0.49151427443761975,1.0,0.5065245478036502,0.5946467636082531,0.022785255564386375,0.38391113281232947,0.5154374478465513,0.013372651213842346,0.008236987049144773,0.19881556683583312,0.008221257219972244,0.019105744991350093,0.9003955696202297,0.01861419774922979,0.9687015002586463,0.9702716555614188,0.017771007869953337,0.40685618729088446,0.0,0.00013812154696779544,0.4874338288916107,0.5869546924073035,0.4749453271689248,0.3313778915056105,0.17672236927850804,0.11080716100519794,0.9686459146151378,0.31819041293147166
0.29254016603948685,0.5032341526521122,0.058291282408106326,0.7760688836105487,0.6955992632548202,0.358957633475697,0.6890180878553451,0.6460880195598264,0.02812234245328682,0.07781982421875,0.5242955260286806,0.015532848717583647,0.09804991812640651,0.21686407219397097,0.004173869050120516,0.084649064614581,0.8973892405061861,0.01514615330165725,0.9918520434557649,0.9733470015382863,0.01992891596842128,0.20083612040110665,0.06557377048738999,0.000828729281863616,0.5901999429883631,0.7586825301602573,0.61144139320524,0.06526308033167538,0.24308736295117228,0.17668723445143542,0.9904944628018768,0.20422094765274323
0.4676581257839416,0.5899094437236272,0.03132068905512142,0.5440617577196463,0.5012498355479948,1.0,0.4869509043926996,0.7891841461845104,0.0039001788804142734,0.19146728515616473,0.5428461390333723,0.012584007680672471,0.0794422666601804,0.22786238014691662,0.013111851258500451,0.25056388483477576,0.9000791139239368,0.00743152381627965,0.5788282462493726,0.9610456176317257,0.015486164000833469,0.40685618729088446,0.0,0.0,0.4916502422994995,0.7969912566199753,0.5044445838518499,0.1707547849153741,0.22514214912695252,0.3271158485812862,0.5784338794370569,0.33649767038201617
0.5639968942245446,0.44890038809990074,0.0742996345917959,0.06573634204275436,0.7799302723326349,0.6680473565767358,0.7947028423771769,0.6847896023677436,0.2255652326911104,0.16040039062502842,0.32839078246362874,0.033740227677910184,0.008733191088197145,0.30174844895680053,0.027572831906880424,0.2276767944804874,0.892246835443018,0.022931559204465657,0.7543326435591382,0.9318298308560315,0.03769992383860199,0.5234113712373869,0.1803278688530554,0.014779005525099365,0.7824096339187747,0.45057768922499974,0.5308363520711055,0.17199403152045534,0.17505117598443576,0.2886046288191153,0.7573959909134942,0.5068531007431716
0.47201815684175585,0.9223803363520346,0.039498868975101686,0.6070665083136362,0.458327851598483,0.9404455171064257,0.453100775193775,0.5648565178226619,0.019471569748716888,0.42498779296883527,0.5379035881636867,0.00925798930184385,0.05368927703082704,0.1971235194585006,0.01197352333574031,0.6911237893060616,0.8977848101264385,0.018897303418469846,0.48305742369376503,0.9384930804712894,0.00520436659041934,0.40685618729088446,0.0,0.0,0.44943888998678005,0.5939707504395102,0.4526093420148385,0.37098019382489156,0.21105309314427245,0.7105973909516479,0.4842643931682744,0.4571578176740445
0.464253717971701,0.4256144890032374,0.05498520967466902,0.515736342042743,0.4915800552558949,0.9989563288868624,0.39366925064592806,0.37656028825114163,0.13474678161931308,0.50848388671875,0.5449001861480838,0.004628994650872187,0.47337865330223394,0.27411167512650536,0.007082929297183682,0.9837468488787238,0.905617088607471,0.02080826668546365,0.6678737713398561,0.9595079446435193,0.005965981213307714,0.4061872909697968,0.0,0.0,0.49911509531963816,0.34670582774373315,0.4325157088647842,0.442978746920744,0.5597279196172451,0.9827780387300891,0.6639078282932473,0.3801907329207097
0.9464253717971758,0.29883570504443924,0.05602923264302717,0.01989311163887919,0.7496053150900792,0.36404553015232466,0.826421188630519,0.5906897439196825,0.14852936864025423,0.7047729492188068,0.6228255985622866,0.02941983267039916,0.77784945169455,0.26339537507055866,0.012605927737226352,0.19424174074552525,0.891139240506277,0.015146153301600407,0.5340144852560229,0.969759097898077,0.012820512820496788,0.4994983277589995,0.01639344261639053,0.00041436464096022974,0.9260256412498649,0.32627927240744725,0.7562532734399667,0.6357268097605981,0.8079702357486269,0.27690447722957856,0.5368170472785891,0.4595480395817617
0.7723824882040162,0.4282018111243815,0.06281538193832148,0.166923990498816,0.6680371003815111,0.6893121555069541,0.6691860465116122,0.6019495560416459,0.2287322952405475,0.47943115234369316,0.5334745490724515,0.01625291455221145,0.4997270877785809,0.20219966159049818,0.015641468864600938,0.0,0.8927215189872868,0.019888173260625308,0.9143171236419221,0.9600205023066337,0.016755521705931642,0.7041806020067156,0.0,0.0,0.7804937977975612,0.41345972009963816,0.6146262041517758,0.4026613658172664,0.5809350636811814,0.08622189721808127,0.9119360314629432,0.6378983501165862
0.47267514782299713,0.6752910737377533,0.04089089959967396,0.5380047505937569,0.4900670964346574,0.9999673852777136,0.5124031007751739,0.5310770814566865,0.1586463740066364,0.48907470703119316,0.5141536683997856,0.009257989301829639,0.3970624720884359,0.23688663282587186,0.012943210084728207,0.5965901552341393,0.9028481012658176,0.017694104324363025,0.5058846352819728,0.9492567913887342,0.00444275196724675,0.40685618729088446,0.0,0.0,0.4784483738564944,0.5235694851241277,0.48171760953894704,0.44700629838715145,0.5029487251691478,0.622694130708652,0.5073634094557065,0.44430976888054374
0.7604969240875903,0.7930142302693639,0.03967287280295295,0.060510688836103554,0.7808840941981288,0.5590163399758978,0.8523901808785013,0.6863659760648062,0.1730154540922939,0.125732421875,0.4159445407279918,0.04196955150185033,0.1059395623481123,0.28200789622144384,0.01323833213881187,0.11894653044976167,0.8875791139240619,0.02724892065958784,0.8531427832384679,0.9343926191688752,0.02005585173901636,0.7076923076922981,0.08196721311105648,0.002486187845420318,0.8599463460956827,0.44974524488792156,0.6368235924025498,0.0893396322786657,0.2564270255172971,0.1974694152059442,0.851758491387784,0.7313206339663907
0.6838081586334965,0.4864165588614924,0.013920306246518521,0.09786223277905037,0.8838310748586764,0.3027298522552968,0.7686692506459281,0.5773709947239638,0.09480660391196238,0.3450317382812216,0.5061300468580043,0.01639006994922454,0.2763856497791721,0.2614213197967956,0.009612546903326802,0.8517314581397386,0.90015822784801,0.018472644914737657,0.6300439730987648,0.9958995386980405,0.010916476263162167,0.2964882943142584,0.01639344261639053,0.0,0.9210694755103361,0.36013894581783745,0.6477800423377005,0.3170846891082135,0.4071792349060672,0.8702174562845357,0.624194743084928,0.32550652826330406
0.6085528280476638,0.6442432082785672,0.026274578040556662,0.3027909738716801,0.6632351006447124,0.49244969179086695,0.4763565891472581,0.5077210140265009,0.030526964018676495,0.4755859375,0.515052314012479,0.010080921684277655,0.04431102069182202,0.2134799774393059,0.013449133605945462,0.16717526867452648,0.8946202531645326,0.012952084365394967,0.6369632695291898,0.9620707329568177,0.014343742066500909,0.4829431438126335,0.0,0.0,0.7021036597629262,0.38042072822592843,0.467853542463871,0.41175643110375404,0.1975065428252094,0.2505070777376943,0.635130565036718,0.49087788535655363
0.47255569491724714,0.28589909443508077,0.057943274752062734,0.5340855106888682,0.4941783975792333,1.0,0.7427648578811272,0.7680156993951783,0.23984633881705975,0.4984741210936363,0.5488799024328728,0.030242765052818754,0.5024562099936531,0.31020868584289474,0.012690248324105369,0.00743001194106796,0.9060917721518535,0.016066246726580857,0.7283367822038542,0.9410558687854973,0.01700939324683759,0.40685618729088446,0.0,0.0,0.4865821518573483,0.7473232842824444,0.6431202685570128,0.4596717336222298,0.5896048099103552,0.10621143540367939,0.7269789317570599,0.4113605841256458
0.45822134623421107,0.8072445019415682,0.0737776231077305,0.5280285035628367,0.4887843704775747,1.0,0.5606589147286911,0.3958949942092005,0.17855781355382305,0.5321655273438068,0.5002246614031662,0.013886983952801302,0.5424006351412061,0.21037789058038925,0.010160630718004882,0.5006633939232756,0.8939873417721174,0.003751150116698909,0.49042938437654016,0.9564325986675613,0.016247778623778686,0.40685618729088446,0.0,0.00041436464096022974,0.4989961753230716,0.38965543138257885,0.479333742802055,0.4965242482043095,0.6083591847243497,0.5540144543843724,0.4921664277359241,0.42803880595562305
0.4669414083497827,0.30271668822661013,0.0602053245170282,0.5388954869358713,0.49292856203132374,1.0,0.49386304909560863,0.6857225582292727,0.0068033195507695154,0.3075561523437784,0.5389948006933025,0.01388698395278709,0.10757703567711019,0.2160180485050205,0.007926135165902792,0.19344566803763996,0.8962025316455424,0.008493170075752232,0.2285954474908749,0.9723218862127396,0.008758568164239477,0.40685618729088446,0.0,0.0,0.48639415333337865,0.6789316481764303,0.49613752314203907,0.24439282777652238,0.2614578460455448,0.2666134679847687,0.22625224152184842,0.4085437100317222
0.5846622469092608,0.6261319534287395,0.05794327475194905,0.5391923990498526,0.489836863570531,0.6577737190568058,0.46879844961242156,0.3201003731823562,0.00835752617230412,0.7827148437501705,0.5399576352783129,0.013646962007911156,0.025207165186401426,0.15623237450631677,0.011088157173560376,0.467891734111646,0.900395569620116,0.014367612711424727,0.5022633212622338,0.9477191184007552,0.015613099771655925,0.500167224080144,0.0,0.0,0.5515080979271403,0.30864864424674465,0.4637963004839065,0.6892522151533171,0.1860219737781108,0.5184202660290111,0.5056196828298027,0.4937577876145838
0.5574867108643105,0.5730918499339168,0.056899251783363525,0.052790973871594815,0.9229048809367413,0.3483252340106162,0.7421188630490008,0.5732209496847389,0.1276502155362209,0.5957031250000284,0.5866230181655396,0.015704292963874877,0.6988537686697498,0.2278623801463482,0.010497913065464104,0.5112776966962258,0.8973892405061861,0.012881307948106269,0.4661795137092497,0.9456688877494344,0.016247778623778686,0.5093645484946592,0.0,0.0,0.896941832382268,0.31907139024538367,0.6716055794736064,0.5420163212126567,0.7482865671230456,0.5494027158016195,0.46907071083666096,0.519861144106585
0.4650898883116099,0.45407503234036994,0.028188620149421695,0.5352137767221166,0.4914156032101289,0.9996086233325627,0.0,0.9203127010680561,0.35218908536411675,0.04479980468755684,0.32986712882731695,0.16023179262103326,0.7179576241750851,0.03581500282007255,0.12530039209073607,0.5030516120471873,0.8931170886075961,0.02498407530606528,0.48771339886187093,0.9600205023066337,0.05407463823314629,0.40685618729088446,0.0,0.01671270718230744,0.47686131654931785,0.9207277735099808,0.03396061805464967,0.0,0.7497060469842154,0.5431816726092791,0.49057942204618143,0.38691535317582293
0.4671205877083082,0.39844760672622215,0.0523751522533189,0.5318289786223716,0.48713985001973015,0.9987932552754302,0.6119509043928133,0.6793527216574375,0.11477669276563063,0.41577148437494316,0.501508440849932,0.00997805513641481,0.30382573314147976,0.24365482233520197,0.009696867490163186,0.9786387156692911,0.8936708860759381,0.013942954207607272,0.9864847387480324,0.9738595592004913,0.014978420918907887,0.40685618729088446,0.0,0.00041436464096022974,0.488068651814487,0.6687079649540948,0.5419926733300144,0.3687143821267398,0.4131238096770744,0.9858792194205819,0.9849597392163503,0.3543297924434228
0.4573851758944443,0.3699870633909086,0.038106838350358885,0.5300475059382563,0.4819102749637949,1.0,0.5677648578811159,0.6118903616007856,0.13858831119325998,0.49932861328119316,0.5385454778869132,0.008160746125327023,0.521460824691161,0.1917653694300725,0.010413592478585088,0.01651850869038185,0.9006329113922789,0.015429258970897308,0.841955509570596,0.9543823680157857,0.019801980197826197,0.40685618729088446,0.0,0.0,0.4822573113937807,0.6021133228191928,0.5316664745761983,0.4264013115918317,0.6027306884650159,0.11208019300980254,0.841469349509083,0.3663875650280488
0.49447530311184096,0.5601552393263773,0.02209848616655563,0.37606888361045776,0.5839034337587634,0.9496428687909457,0.39857881136944684,0.39049028439063704,0.15061141901995256,0.5620727539063353,0.4357789331792219,0.010663832121792893,0.15630427231684507,0.230118443316087,0.011467599814466212,0.0737030648798509,0.8924050632911644,0.013730624955684334,0.9129591308845306,0.9728344438751719,0.018151815181568054,0.44481605351165854,0.0,0.00013812154696779544,0.5686124659635396,0.2977237171535023,0.3409454643068841,0.4798563813664316,0.30482496721404573,0.16485364135192526,0.9124094936594247,0.43356104277665963
0.6133309442752477,0.421733505821976,0.028362623977557178,0.35920427553435275,0.6579068543612436,0.2851505169433892,0.575775193798421,0.5740895637626267,0.012785548810924752,0.24084472656247158,0.5205083766609278,0.011075298312945847,0.03567707041148083,0.18302312464766146,0.015894430625209566,0.36592808809868416,0.899841772151774,0.015712364639995258,0.6228013450595142,0.9507944643773953,0.012185833968032966,0.5829431438125994,0.0,0.0,0.6987380489775603,0.47862382473789467,0.5216451890096891,0.19513277522580097,0.19057465372162596,0.4187207763093568,0.6211840514176572,0.5620803172741944
0.47118198650187537,0.8965071151369557,0.02853662780569266,0.5442992874107802,0.4934548085778232,1.0,0.6394702842377455,0.7610024449877386,0.1024603384065017,0.3159179687499716,0.48719430001924025,0.02036757646412468,0.19322185282598525,0.2507050197402805,0.013744255660000704,0.702202467825316,0.9029272151898908,0.02201146577957047,0.4999353336782235,0.9436186570987957,0.005077430819824258,0.40685618729088446,0.0,0.0,0.4965635618637805,0.7655420524638714,0.5323740482404702,0.2758361983933071,0.33088937596906476,0.7226471592971393,0.5018286858701515,0.42904725657791687
0.4578629875172169,0.3661060802069187,0.06124934748555688,0.5426959619953209,0.4828312064201725,0.9999021558331407,0.3563307493539867,0.3307489383605571,0.13240080936046184,0.6766357421876137,0.42955260286282737,0.01693869153751848,0.03840619262646783,0.18274111675100357,0.01328049243218743,0.6109194639776092,0.8983386075949511,0.006582206808644742,0.42718572167606794,0.9461814454125488,0.01751713632887686,0.40685618729088446,0.0,0.00013812154696779544,0.47634803685822646,0.3280997919793691,0.33395580363590227,0.5900254045554334,0.19796399463473335,0.6490701795589189,0.42794383781529177,0.40008339110914903
0.4601923191782191,0.31953428201723,0.03219070819540093,0.5487529691212103,0.48585712406260484,1.0,0.44483204134363064,0.2726161369192823,0.012404328318751823,0.7250366210938637,0.5235252583605643,0.015155671375595148,0.018409169850684748,0.17992103778897217,0.011762721868549875,0.03336871434257205,0.9009493670885718,0.010333356925400494,0.8898085876874973,0.9682214249103254,0.01878649403391819,0.40685618729088446,0.0,0.00013812154696779544,0.4716437016996764,0.27177497943772266,0.45457012346791714,0.6257877170565109,0.18099919888459226,0.13027360847192426,0.8907374627375191,0.35157594651332147
0.46491070895302755,0.4695989650726915,0.01914042108933245,0.5437054631829028,0.49526378108140534,1.0,0.3892764857880877,0.30941963711231324,0.06920618163690051,0.6842651367186932,0.48160985942618595,0.007474969139977361,0.03364263385108757,0.2078398195144473,0.0052700366794340425,0.9446066074033581,0.8907436708860246,0.01882652700106746,0.10146145887216562,0.9661711942594593,0.017263264787857224,0.40685618729088446,0.0,0.00041436464096022974,0.4835357013569137,0.31580495105315265,0.3733508792149678,0.5801265036331813,0.19493883593460737,0.952340030317913,0.1058311736088342,0.3235672001434864
0.5483485635788838,0.28460543337678246,0.05341917522184758,0.21805225653213256,0.663761347191155,0.8851309481099889,0.7291343669249954,0.6672242954574159,0.38497404768195054,0.6215820312500568,0.731882662558661,0.033260183788172526,0.7595891430556492,0.3302312464749093,0.009233104262392544,0.22847286718848636,0.8973892405061861,0.012173543775134021,0.4487842731505509,0.977447462839109,0.003554201574047511,0.3963210702338529,0.0,0.0,0.6729595164852924,0.5120546083484783,0.7625659976569779,0.5756551679095594,0.80380144752462,0.29912782629122603,0.44930242686490374,0.4149144029051399
0.45780326106432767,0.6869340232851755,0.05272315990941934,0.5359263657957456,0.48931061702406,1.0,0.4978036175710656,0.33644318620511626,0.006363449752171846,0.62896728515625,0.5331536042108667,0.008743656562842261,0.1326353396517277,0.21291596164701332,0.005860280787558736,0.14329308743532465,0.8985759493669434,0.012668978696240174,0.7225168132436863,0.9405433111223829,0.023610053312893342,0.40685618729088446,0.0,0.00013812154696779544,0.4772303183033699,0.32976558548435264,0.48485281738324204,0.5550250612506034,0.27588251993879,0.2317585455943174,0.7203240659019059,0.39418298530472384
0.4575046288002511,0.6778783958598069,0.07255959631106634,0.5484560570070869,0.48720563083807633,1.0,0.34883720930233153,0.9103718955089022,0.03319550746313382,0.27178955078125,0.5245522819179769,0.011521053353433786,0.2681486627301979,0.19514946418496493,0.011341118934140582,0.06216001061432053,0.8958069620252331,0.018047986410977046,0.7939730988100848,0.9410558687852699,0.024498603706376798,0.40685618729088446,0.0,0.003453038674194886,0.47214911168512685,0.9053004083501293,0.3916850611504117,0.23633437552857117,0.3912362347807914,0.15103977624528397,0.7922375295501354,0.38709474102699915
0.6090306396703795,0.74773609314434,0.037758830694201606,0.3732185273157711,0.5081568214708483,0.2606568605068844,0.730361757105868,0.5592587826534725,0.10451306413300188,0.5836791992187784,0.5794980422363949,0.014058428199106743,0.6767726889297876,0.259447264523601,0.010624393945789734,0.26157622396175384,0.8948575949366955,0.01719866940337056,0.7425633729953063,0.9518195797029421,0.01802487941108666,0.5722408026754238,0.0,0.00013812154696779544,0.5690164441871701,0.4786355875383066,0.6807850712168744,0.5077394299800346,0.7345032452642499,0.31653393684484854,0.7447296398882486,0.5355163703534345
0.7087140894702202,0.44501940491591085,0.07603967287269597,0.19548693586710897,0.678331798447573,0.7372557972668687,0.6100129198966044,0.5794942735812754,0.18210609659540467,0.53131103515625,0.6023493163874605,0.004731861198706611,0.6287897583486881,0.22786238014646187,0.008980142501798127,0.9930343638051795,0.9076740506327496,0.018968079835758545,0.49527935851000393,0.9666837519223463,0.006092916984073327,0.40100334448140984,0.0,0.0,0.7577844505109255,0.40926944865945813,0.5974810377552728,0.4607753329637774,0.6938084242394211,0.9922657300852507,0.4973844100611018,0.3885783270386014
0.497342172848505,0.6351875808522891,0.035322777100930125,0.16965558194769415,0.7085251940534647,0.8050944196210281,0.6546511627905716,0.6283618581906723,0.216503914841212,0.38494873046869316,0.4332755632582348,0.01635578109997482,0.24939215005215942,0.249012972363289,0.012605927737268985,0.04749900490912751,0.8900316455695361,0.014296836294079185,0.9218830832901403,0.9718093285496252,0.018786494034145562,0.4446488294314008,0.0,0.00041436464096022974,0.6959311872937661,0.44222157677624807,0.5033824938980729,0.3309659257423334,0.3706279158242296,0.14478937592073748,0.9214250717204777,0.457414778649877
0.03846383563279687,0.7231565329875593,0.03375674264816553,0.9092042755343357,0.7151361662939166,0.09797462574607607,0.8434754521963441,0.5293720241924831,0.02703733028363331,0.07324218749991473,0.5152448809295436,0.014435605541081031,0.18056864982881393,0.1717428087982853,0.005396517559759673,0.16996152315243762,0.8953322784808506,0.007219194564356712,0.8579280910501268,0.9605330599688386,0.025894897181956367,0.044816053511510745,0.2950819672187208,0.00041436464096022974,0.492077829640138,0.7155347685759494,0.6895298063582089,0.038301093383921625,0.3111787199854632,0.2606913337746164,0.8538156598859246,0.03642543040956525
0.744072149555052,0.5834411384212217,0.06855750826491658,0.04809976247028658,0.8098605446651987,0.5245425785199558,0.6484496124030557,0.5762771844035086,0.17929092988474338,0.41345214843744316,0.4777585210860593,0.014744205184470616,0.3293802411552349,0.23604060913703506,0.01425017918124638,0.06832957410102836,0.8912183544301797,0.0061575483047988655,0.8837946197620568,0.9620707329574998,0.01967504442779955,0.6740802675583382,0.01639344261639053,0.00041436464096022974,0.8885693399765415,0.3387831292487675,0.5482718425072051,0.35291231325473404,0.43663545343477494,0.14976674424065095,0.8815453674115474,0.6622272213792257
0.4641342650659226,0.3699870633872706,0.042804941708595834,0.5288598574822458,0.48891593211421025,1.0,0.5887596899224548,0.7504825633766359,0.04979326119467942,0.2336425781248863,0.5024712754348855,0.012412563434324397,0.04321937180566238,0.23265651438214263,0.013659935073150109,0.11582857901018428,0.8987341772152035,0.01585391747465792,0.6735644076564427,0.9518195797022599,0.017136329017432672,0.40685618729088446,0.0,0.0012430939227670024,0.4874425730090195,0.7332368783698939,0.5265062930288593,0.21337984415637834,0.19622613750908613,0.20821412558450447,0.6707326126370106,0.3744309284048768
0.4719584303888098,0.6351875808522891,0.03636680006968618,0.5347980997625825,0.49220497302984256,1.0,0.2632428940569014,0.8828979539312627,0.08436702735995993,0.1369628906248863,0.47904230053271135,0.02239061857078184,0.2443804892571393,0.18612521150566863,0.01998397908850791,0.4890540002652415,0.8969145569620309,0.013872177790318574,0.5076306259699948,0.9548949256793549,0.025641025640993576,0.40685618729088446,0.0,0.002486187845420318,0.4776780171140018,0.8709847002159563,0.29305950475676923,0.11825761927329381,0.36890270183909024,0.5360478894890832,0.5092506594651809,0.40605167339776926
0.4558920145732088,0.33635187580875936,0.04924308334773286,0.5528503562945843,0.4896066307065041,1.0,0.31440568475446184,0.7958756916741834,0.0746605671388636,0.1824340820311079,0.4691571987932832,0.016870113838976408,0.04570039200123688,0.2289904117316155,0.013449133605945462,0.08000530715139575,0.9045094936709006,0.010262580508140218,0.6066994309363452,0.9579702716557676,0.007870017770983395,0.40685618729088446,0.0,0.00013812154696779544,0.4720415590411591,0.7980634811193283,0.32918223450300843,0.15853648325258973,0.19717207429107475,0.17298823579650957,0.606620552218601,0.40715709042603976
0.4560711939317912,0.6791720569208337,0.059857316860870924,0.5470308788598288,0.4865807130640718,1.0,0.7038759689922642,0.7830395058550721,0.16263452684674462,0.24176025390622158,0.42865395725019084,0.029762721163024253,0.1312955887462124,0.28652002256023934,0.010793035119519345,0.05890938039004823,0.8941455696200933,0.006228324722144407,0.9349456802897009,0.9677088672474383,0.02678344757538298,0.40685618729088446,0.0,0.0031767955803161385,0.49065603615167674,0.7822741836390179,0.5408459663194947,0.23173744048685307,0.27500784449389926,0.15252364583560052,0.9339478993620389,0.4235589579989778
0.45642955264887064,0.45407503233946045,0.044022968505259996,0.5372921615201562,0.4857255624259835,1.0,0.48546511627904465,0.30099086346672266,0.006392774405497903,0.7034912109375284,0.5251941716413739,0.01320120696746585,0.02917679749921831,0.2095318668920072,0.012858889497920245,0.10070319755865853,0.9067246835442688,0.009837922004351185,0.583613554061003,0.9605330599688386,0.016501650164855164,0.40685618729088446,0.0,0.0,0.4809168381971176,0.29128946532642885,0.4842400731791372,0.6368404570475263,0.18792419172973496,0.18770683434041757,0.5828715564698825,0.39894403583883786
0.46246192438621847,0.49935316946994135,0.06142335131363552,0.5399049881236238,0.4906920142087188,1.0,0.6660206718345023,0.8411401364045759,0.07269581537202896,0.12835693359369316,0.4814814814814099,0.01820737896035496,0.0389520170694766,0.23434856175936147,0.015810110038373182,0.05201008358750414,0.8978639240506254,0.021586807275753017,0.766231246766722,0.933367503844238,0.02424473216547085,0.40685618729088446,0.0,0.004005524861952381,0.473549044880059,0.8399897211220946,0.5494798239381566,0.12372202693850909,0.2012810949418622,0.1464280376625311,0.7662449498739932,0.3714492114206678
0.8291823448605271,0.5575679172061427,0.04680702975440454,0.16912114014260737,0.5978818576503073,0.4459084830892408,0.76854005167948,0.6019495560417027,0.20940734875811984,0.3646240234373863,0.45439373515631587,0.029248388424036875,0.27256487867813917,0.29864636209799755,0.014713942409017022,0.4820883640705347,0.8978639240506254,0.008280840823744029,0.4845447490945958,0.9461814454123214,0.01535922823046576,0.5943143812706921,0.06557377048738999,0.0033149171272270905,0.7484780863674132,0.4187665527484512,0.5815657365112372,0.35215034405845813,0.3921419433885944,0.526085146358696,0.4899492389136242,0.585012872290406
0.4715403452189548,0.8564036222514915,0.050635113972475665,0.5397268408551668,0.4939481647151638,1.0,0.43617571059436955,0.4061896795778779,0.10709363361779367,0.53057861328125,0.5092753065023601,0.008709367713635174,0.3265518781323067,0.2289904117316155,0.007125089590587663,0.971673079474499,0.8972310126580965,0.015995470309178472,0.3881272633212234,0.9584828293184273,0.004569687737841832,0.40685618729088446,0.0,0.0,0.4857357212934801,0.4046566212351195,0.427015600175622,0.4581930109841039,0.43490679132034415,0.9697087772487976,0.3891611800591761,0.46066800157080934
0.46186465985792324,0.5601552393272868,0.03636680006951565,0.5405581947744054,0.49296145244051104,0.999836926388582,0.35658914728676905,0.2437910178869771,0.06776927362832907,0.7589721679686932,0.4733936709673401,0.021259086545029504,0.0,0.21545403271284158,0.012943210084685575,0.00490911503251823,0.8953322784808506,0.017340222237891112,0.9961200206931551,0.967196309585006,0.017517136328933702,0.40685618729088446,0.0,0.002071823204573775,0.4876419388856448,0.2383242895494817,0.3694789194109944,0.6745386737046886,0.1621528739582061,0.09929115869931593,0.9955689217434838,0.39146792593703594
0.5270262199128126,0.591203104786473,0.038628849834481116,0.3758313539191249,0.5692672016840277,0.931639542089286,0.44450904392761004,0.47059580491564645,0.19770681211696228,0.5062255859375568,0.46851530906988614,0.010320943629110957,0.3373195057807834,0.19909757473203626,0.011256798347318409,0.4694838795276155,0.8977056962023653,0.012527425861662778,0.4976073460942132,0.9523321373656017,0.020309723279979153,0.46421404682257617,0.0,0.0,0.5808210026704614,0.3843694098422077,0.4152436168831173,0.44457804490423314,0.44445006361797823,0.5266082370775109,0.4996081976597111,0.44448915673154943
0.7394134862330475,0.667529107372502,0.030450669914614537,0.25433491686465004,0.6513945533482683,0.6930628485698378,0.5634366925064,0.5969308969244196,0.0858039353684461,0.3499145507812216,0.47474163938636593,0.012103963790991656,0.14791842405617217,0.17174280879874004,0.013196171845351046,0.15662730529388114,0.8903481012657153,0.012598202278923054,0.8114330056905317,0.9605330599697481,0.0142168062961332,0.6474916387958842,0.0,0.00013812154696779544,0.7371247243416974,0.45325417873483786,0.5011167992576873,0.2800228423293447,0.29476217678100625,0.23101927962937907,0.8101251622886139,0.633728794658964
0.23060383443825572,0.34411384217310115,0.04210892639622443,0.9145486935867098,0.7713129851335623,0.44545187697723065,0.8241602067182328,0.6876849826276441,0.07644937098623927,0.13031005859372158,0.4884138904935469,0.031751474420502745,0.14742222001689242,0.2938522278622031,0.012690248324148001,0.09121666445528831,0.8912183544304071,0.008705499327618327,0.9162571132953872,0.974884674526038,0.025894897182070054,0.1526755852840438,0.09836065572744701,0.000828729281863616,0.6142602564124928,0.8751460170705201,0.6683711654248441,0.13476304432649044,0.28194662985592345,0.19096547601256475,0.9132062958924223,0.09428043654276053
0.4634175476317921,0.6119016817592637,0.016182356011768206,0.5324821852731532,0.4909880278910208,1.0,0.5568475452195969,0.8517887015827483,0.022961203483802706,0.13830566406244316,0.533410360100163,0.01457276093807991,0.021981838932219944,0.1844331641283361,0.008685020447728675,0.6030914156825702,0.8909810126580737,0.015783141057426064,0.3875452664252066,0.9436186570987957,0.020817466361791048,0.40685618729088446,0.0,0.0,0.47934639471296236,0.8460367053662736,0.5308334342415861,0.1074075128487948,0.1848576554789929,0.6275647458206493,0.38837097660245945,0.44898839796951506
0.18306157797289302,0.4579560155243598,0.05046111014428334,0.8853325415677205,0.8187080647283551,0.2546883663285513,0.7664082687337839,0.5913975035387722,0.05187531157447722,0.34704589843741473,0.5343731946852301,0.018310245508118328,0.329231379943451,0.19599548787368803,0.009486066023015383,0.36811728804559607,0.8995253164557084,0.01054568617729501,0.6016554578376088,0.9492567913885068,0.020690530591480183,0.16605351170534277,0.0,0.0,0.6405896683006347,0.778151774508899,0.6514185757782371,0.2958265858588618,0.44089849052397767,0.4287795973268942,0.6001224072995512,0.1477719544064371
0.4502777280057444,0.39456662354496075,0.07447363841993138,0.5389548693586335,0.49243520589396894,1.0,0.4255167958655761,0.44633895251568845,0.21814609542242636,0.5027465820313068,0.5302009114833766,0.0029145521875904024,0.4677219272565196,0.1641285956009142,0.013069690965053837,0.06408385299189945,0.9033227848100296,0.00976714558711933,0.5228272115882646,0.9584828293182,0.01662858593533656,0.40685618729088446,0.0,0.0,0.49241272933635116,0.44981310719799694,0.4357296981067691,0.4626308535561634,0.5501271784992809,0.15412494395457088,0.5246175596735441,0.33042272504684433
0.5596368631667588,0.3091849935299251,0.06403340873487195,0.30587885985738694,0.6252795684778363,0.6719285085287368,0.4072997416019746,0.3875949041307081,0.04137708571597898,0.66815185546875,0.4932280634187123,0.02033328761483233,0.010370664417251874,0.17343485617561782,0.006450524895655008,0.013068860289138229,0.8978639240506254,0.017906433576285963,0.9984480082772507,0.9641209636088206,0.01408987052559496,0.5212374581938661,0.01639344261639053,0.00041436464096022974,0.6337683823207954,0.27247531847778816,0.41212883384561394,0.5770250378054129,0.18151986639642814,0.10059087900594932,0.9993698168674428,0.4558924060760319
0.4737502239742355,0.6403622250954868,0.04611101444208998,0.5162114014252381,0.49463886330747187,0.9811813052411225,0.4700904392765324,0.10452322738377973,0.012169731092953384,0.9024658203124432,0.5461839655947358,0.012275408037297098,0.02262690418305624,0.1943034404963555,0.010160630718004882,0.22800849144218205,0.9005537974682625,0.011961214523211083,0.765196585618213,0.9507944643773953,0.01624777862383553,0.4292642140468388,0.0,0.0,0.49402601899572574,0.09671284018244819,0.4765063659745863,0.7965676218355213,0.192711344460065,0.29918654055555294,0.7651413045450397,0.4127520520515304
0.9688825180673462,0.27943078913358477,0.06246737428210736,0.023277909738709468,0.6860610445993558,0.3590228629203125,0.8502583979326914,0.587343971174846,0.15506876631185662,0.6218261718749716,0.5938763720394036,0.0301056096557204,0.6721579913660776,0.288494077833775,0.017285720308649388,0.0785458405200643,0.8958069620252331,0.0169155637341305,0.7477366787376809,0.924141465915227,0.024625539477085567,0.7727424749160718,0.09836065572744701,0.0016574585636703887,0.8762348879791233,0.3319453228843372,0.7802363733712667,0.552693937907037,0.7271817175591764,0.16558223199609756,0.746153325865663,0.6854361306524765
0.6133309442753045,0.6623544631311233,0.0495910910038333,0.21098574821851912,0.67014208656758,0.839274648576378,0.6032945736433817,0.590528889460785,0.2658573062373506,0.35986328124994316,0.3054111303678724,0.02293924015908999,0.06584627598874704,0.204455724760237,0.007420211644657115,0.026801114501779466,0.8973101265822265,0.016703234482235985,0.968895499224061,0.9625832906203868,0.013074384361402736,0.564715719063372,0.01639344261639053,0.000828729281863616,0.7119932565366867,0.42680235509361353,0.4027523886081923,0.29557371256512965,0.22630186992049062,0.1100732327006142,0.9694394174600518,0.5481026098507868
0.5753449202652803,0.6558861578259894,0.047503045066889626,0.3361638954869477,0.6157084594132556,0.6645901960145011,0.592377260981948,0.6733045940033264,0.03797542594061554,0.29034423828116473,0.5129340779254221,0.013612673158647226,0.11874162655692544,0.2501410039479879,0.014545301235287411,0.3037680774843352,0.8999999999998636,0.012244320192451141,0.6806130367303354,0.9318298308560315,0.01421680629596267,0.5494983277588972,0.01639344261639053,0.00041436464096022974,0.6450552890542838,0.5705935418606174,0.5403543120414014,0.26329803713383626,0.26513010366227263,0.3562007600828565,0.6802315510588812,0.5580271215037556
0.5160962790419887,0.6390685640353695,0.03880285366250291,0.17986935866986187,0.6999079068543637,0.7780894295684959,0.39341085271323095,0.4297709432504746,0.1739538429958003,0.5256958007811647,0.4650491045638887,0.010560965574001102,0.2986155907309751,0.23660462492944134,0.010455752771989069,0.11052142762372341,0.8939873417721174,0.009696369169745367,0.827664252457339,0.9707842132240785,0.013582127443555692,0.4573578595317258,0.0,0.0,0.6991787524942907,0.25486821591796627,0.3593000710491481,0.4580339185144737,0.4170868595243178,0.19408266968423504,0.8276993531549408,0.41287810837945926
0.45989368691400045,0.3027166882284291,0.14337915434128945,0.5278503562945502,0.490724904617835,1.0,0.8963178294572458,0.1662591687040873,0.40729010879448424,0.56494140625,0.4672957185955795,0.10125497188310817,0.41939165384798116,0.21489001692020793,0.1031240777435869,0.03290433859621089,0.8144778481011485,0.07289970981665306,0.6566218313501793,0.9062019477191825,0.08555470931719356,0.40685618729088446,0.0,0.07113259668523142,0.4934340422481114,0.15445461775874492,0.7035324703366115,0.5042209744162278,0.46187920743597033,0.12092736511738167,0.6553591136523664,0.3654615358510114
0.46425371797172943,0.5795601552399603,0.03427875413251513,0.5270190023752548,0.489080384159962,1.0,0.5276485788114371,0.6892935272165346,0.020615231224937247,0.31439208984369316,0.5281468643686651,0.007234947195129848,0.08490051109021124,0.23886068809918015,0.012774568911027018,0.13977709964171936,0.897468354430373,0.014296836294050763,0.6584324883599777,0.9507944643778501,0.015740035541909947,0.40685618729088446,0.0,0.00041436464096022974,0.49621904363840486,0.6791732380003594,0.501335636473442,0.28989997270306844,0.23420613146336677,0.22872141682859137,0.6553591136523664,0.39482296358426083
0.4528459654780477,0.6778783958598069,0.07586566904467418,0.525000000000091,0.4883896855676966,0.9996412380548634,0.8246124031007014,0.7667610346158682,0.43564704847365476,0.67218017578125,0.7580075742987447,0.06885200932657654,0.7553217883193497,0.481669486745659,0.013069690965053837,0.2117553403210195,0.8917721518986923,0.015287706136319912,0.7820098292808098,0.9600205023066337,0.022848438689834438,0.40685618729088446,0.0,0.00041436464096022974,0.4939044757639408,0.7439021190232467,0.8414393069571275,0.6431120496636424,0.7974373503655556,0.28251969596686877,0.7806649256895071,0.3863626446617445
0.4662844173683993,0.3712807244492069,0.0193144249172974,0.5410332541568152,0.488554137613491,1.0,0.4689922480619657,0.6460558486680981,0.003900178880442695,0.33697509765625,0.5365556197445471,0.015189960224944343,0.01806182702327419,0.21432600112802902,0.010750874826086942,0.029521029587414205,0.8979430379745281,0.012315096609711418,0.9666968442834616,0.967196309585006,0.017136329017318985,0.40685618729088446,0.0,0.0,0.4835400734156252,0.6506258262235889,0.46428941367670973,0.30764966833405083,0.1811037921375771,0.12438883788456678,0.966902187989291,0.35573095701005286
0.45666845846028536,0.556274256143297,0.04437097616136043,0.5353325415677261,0.488060781476122,1.0,0.6042635658914719,0.6196757174108427,0.22113721005248976,0.4633178710937216,0.5098530072533833,0.006377725963474745,0.4033642633850434,0.22504230118454416,0.010244951304869687,0.9573437707309438,0.8915348101264726,0.012385873026971694,0.8709260217278825,0.9666837519216642,0.017390200558281776,0.40685618729088446,0.0,0.0,0.47879464090533475,0.6213373580207389,0.5234936340253711,0.3929265813372922,0.5008154825599433,0.9615528321626243,0.8716999932362057,0.42000029089922464
0.4643134444245618,0.7813712807219417,0.0518531407689693,0.55385985748228,0.4891132745691351,1.0,0.4733204134366531,0.6036867841976203,0.009501187648510268,0.417724609375,0.5373258874126066,0.00836647922099587,0.18205726194622684,0.1844331641283361,0.006408364602179972,0.030914156826298722,0.8994462025315784,0.017057116568679476,0.9829927573719601,0.9723218862120575,0.016882457476413038,0.40685618729088446,0.0,0.00013812154696779544,0.49351973459855003,0.5996757086408451,0.4597828259471015,0.3601233887700346,0.3198840968832144,0.12747400559391053,0.9819490475491648,0.4073898098002928
0.4546974855163626,0.07891332470808265,0.026274578040556662,0.5450118764845513,0.4892777266149011,1.0,0.5520671834624977,0.8639492986745552,0.010879446350585908,0.10852050781241473,0.5295590217600932,0.014058428199106743,0.03205478092593239,0.19458544839267233,0.0102871115983163,0.024545575162505884,0.8985759493670571,0.0068653124778848,0.8231376099327576,0.9584828293182,0.010662604721858315,0.40685618729088446,0.0,0.00041436464096022974,0.47465954778924413,0.8676911160997491,0.5076950459631036,0.07790004638800951,0.1935182066969503,0.12224309840510728,0.8221547314050497,0.38517965450881775
0.45517529713910676,0.8033635187584878,0.05237515225326206,0.5418646080760823,0.49437574003424345,1.0,0.4720284237725707,0.6264316046840293,0.009735784874393971,0.39685058593744316,0.5460555876501303,0.009600877794511575,0.11189401081725237,0.21573604060870366,0.010076310131140076,0.41203396576878504,0.8978639240506254,0.007785405902751563,0.5192058975685541,0.9569451563302209,0.014597613607350013,0.40685618729088446,0.0,0.00013812154696779544,0.4792344700103257,0.630769314292067,0.46859321225312556,0.36244278951056685,0.2556351051736385,0.46944990071955317,0.520973385485604,0.3839239395512095
0.45272651257249663,0.39068564036188036,0.049765094832025625,0.5242280285036145,0.48760031574792606,0.9999347705554271,0.4817183462532171,0.5297580748937918,0.1032814286971444,0.4686889648437216,0.4484883497016767,0.010080921684220812,0.03979556393599637,0.18527918781740027,0.009781188077084835,0.27073106010337256,0.8986550632910166,0.009908698421639883,0.6409725814795024,0.9538698103535808,0.02348311754246879,0.40685618729088446,0.0,0.0,0.4789957556054105,0.5187901688323535,0.4342693244203417,0.41136623588889165,0.19432391955743356,0.34526656276023004,0.6365575504023013,0.4029148101640203
0.6640387027413794,0.9831824062093801,0.03967287280323717,0.40718527315914343,0.7083936324168008,0.033593163954222405,0.6461886304909115,0.5162141294556477,0.005278437582489914,0.23870849609377842,0.5293022658707685,0.012309696886561028,0.38391306505235434,0.23632261703357926,0.008263417513404647,0.4931670425898176,0.9011075949366614,0.009342487083273454,0.5075012933264702,0.9482316760638696,0.010789540492453398,0.5831103678928002,0.01639344261639053,0.0,0.7631131156514499,0.4539979496533988,0.5724475191883585,0.20500823094195653,0.4898274441201522,0.5312359886414697,0.5117911883240822,0.6000426652185524
0.4689721077465663,0.5989650711535432,0.06264137811035653,0.5333135391923349,0.486186028154151,1.0,0.49722222222214896,0.5349697593617577,0.08530541626349475,0.45721435546866473,0.4606842544450842,0.006686325606935384,0.0490745794670886,0.20755781161835785,0.010371432185124263,0.03184290831893577,0.9069620253164317,0.0125274258616912,0.6234480082772222,0.9548949256793549,0.004569687737784989,0.40685618729088446,0.0,0.0,0.47851570356046125,0.5289206544822349,0.44388649059507657,0.39352108477621073,0.20833136981525513,0.13099686145568512,0.6199038888238135,0.42156145003571055
0.4546974855164194,0.7632600258712046,0.06194536279792828,0.5391330166270336,0.4949677673990749,1.0,0.543927648578773,0.5642130999871284,0.23072637166069399,0.48077392578116473,0.4814172925091782,0.014298450143982677,0.3863444648438872,0.1717428087982853,0.01003414983765083,0.1541727477776078,0.9041139240504776,0.0077146294853776,0.688114330056834,0.9497693490518486,0.022467631378333408,0.40685618729088446,0.0,0.00013812154696779544,0.49018735145932624,0.5641647190183363,0.49050027646431715,0.41544905105524776,0.48218409102139503,0.2453669107756582,0.6845059083793501,0.4313889952825889
0.5623245535447552,0.8227684346711612,0.09030798677559915,0.26258907363413186,0.6900078936981942,0.4629333681223784,0.5425710594315944,0.5599343713807201,0.03958828186856067,0.36450195312494316,0.5052955902175711,0.015910026059557936,0.1465786731504295,0.1751269035535188,0.0015599308570983794,0.11781876078018172,0.895332278481078,0.009484039917907694,0.9928220382824975,0.9682214249105527,0.014851485148597021,0.5356187290967682,0.01639344261639053,0.00041436464096022974,0.6973975757809114,0.4176970427414801,0.5005478224967419,0.3094214560477724,0.28486374717391527,0.1951341887824185,0.9922414888158926,0.5462360065356506
0.6691751776863271,0.6701164294936461,0.052549156081283854,0.22517814726839447,0.6396526772793294,0.7853625126382298,0.7361757105943241,0.6418414618453028,0.35333274684028027,0.6530761718749716,0.7651967392001779,0.028082567548963766,0.8381382424452966,0.2445008460236977,0.019520215860694634,0.013068860289280337,0.8969936708861042,0.012881307948106269,0.8607734092084343,0.9472065607376408,0.01916730134558975,0.5989966555181923,0.06557377048738999,0.004696132596791358,0.7054141826086635,0.4684471927171785,0.8053603446540052,0.5692077362481598,0.8664252209963763,0.0997555351538324,0.8599838659920351,0.6162166617376101
0.45266678611949374,0.6727037516156997,0.06612145467198616,0.5249406175771867,0.49917773977111324,1.0,0.750258397932754,0.023291725646643613,0.07680126682505772,0.9704589843749716,0.48180242634325054,0.03634618022221048,0.21267305115873114,0.2769317540889915,0.019688857034424245,0.3694440758922326,0.896598101265738,0.012102767357930588,0.7047335747542149,0.9400307534597232,0.018659558263436793,0.40685618729088446,0.0,0.003038674033348343,0.48495049955141667,0.013299203115508362,0.6159508987644244,0.8655919830792698,0.33518344622123664,0.428403292268996,0.7008164335923652,0.42206567534685746
0.46007286627252597,0.686934023286085,0.013572298590418086,0.5300475059382563,0.49233653466653493,1.0,0.6853359173126705,0.7834577274482086,0.10724025688394079,0.2651977539061363,0.46973489954427805,0.01916746673975922,0.14360144891600157,0.2478849407780217,0.010160630718004882,0.49383043651315006,0.8992879746835456,0.014863047632502457,0.49139937920321586,0.9528446950282614,0.009774054328261172,0.40685618729088446,0.0,0.0,0.48369834194046746,0.7727372669947385,0.5454488424240509,0.24431244421296583,0.28842221652644184,0.5306701966394485,0.4929500324164451,0.4648908885516789
0.4710625335961538,0.7076326002579663,0.07551766138834637,0.532066508313477,0.4881923431127575,0.9995107791657176,0.7625968992247465,0.7782782138720563,0.24527139966569678,0.5171508789061932,0.5587650041723862,0.0294541215196773,0.5351064357664086,0.30738860688086334,0.005818120494112122,0.08066870107464297,0.899841772151774,0.01415528345953021,0.8410501810656683,0.951307022040055,0.0196750444273448,0.40685618729088446,0.0,0.00013812154696779544,0.49218450787235213,0.7631569184720206,0.668678996441713,0.4586250726382559,0.6149083314847417,0.16998313299319534,0.8405257245043742,0.4085243167505155
0.4560711939317912,0.7386804657171524,0.035322777100930125,0.5437054631828744,0.49506643862645205,0.9995760086103189,0.5107881136950425,0.5714515506369935,0.06316530307026369,0.4284667968748863,0.49136658322098015,0.010355232478403309,0.08847318017177486,0.18950930626022,0.009823348370517238,0.510083587634341,0.9007120253163521,0.014226059876762065,0.4828634247284356,0.957970271655995,0.005965981213307714,0.40685618729088446,0.0,0.0,0.48097892143060506,0.5569459788866595,0.45896729258973323,0.3845080777108194,0.23990473968345327,0.5463015351111835,0.48410437284405816,0.42146933195004976
0.8834139640446494,0.13324708926484163,0.05046111014434018,0.06621140142513582,0.7601960268385568,0.4158050944196532,0.8636304909560693,0.6497233303307155,0.11721063898416162,0.10845947265622158,0.46389370306189903,0.03771773419282454,0.10097752195702014,0.26818950930612573,0.024748092246696274,0.043253283799913333,0.893433544303889,0.022436124283245817,0.5972581479565804,0.9384930804715168,0.018532622492955397,0.5279264214046293,0.09836065572744701,0.006353591160234373,0.9028572277999984,0.39678187877257187,0.6595316008233851,0.11365566025889962,0.240397822161583,0.13052714734081405,0.6006123664366214,0.468522280455943
0.4613271217822046,0.6002587322100226,0.06733948146847979,0.5285035629453319,0.49131693198268067,0.9997390822217227,0.5428294573643484,0.566175524385514,0.17735550277116374,0.43969726562491473,0.4385390589896758,0.009498011246733995,0.2298913313155424,0.2134799774393059,0.004468991104189968,0.16074034761837197,0.9016613924050034,0.011111897515604596,0.4193610967406869,0.9764223475142444,0.004442751967303593,0.40685618729088446,0.0,0.0,0.47850870826650294,0.5488305514310241,0.465746869533632,0.3787305090791335,0.3604317977281255,0.24171061340393862,0.41924830040267125,0.471053103652082
0.45654900555453537,0.7943078913331192,0.039324865146966204,0.5357482185273454,0.4864491514274363,0.999836926388582,0.7089147286821458,0.6996525543687824,0.33603120143109777,0.2855224609373579,0.27466461261963104,0.029694143464524814,0.07522453232769521,0.29808234630581865,0.02015262026226594,0.7150723099376535,0.9024525316455652,0.024276311133036188,0.5263191929643654,0.9502819067147357,0.005331302360787049,0.40685618729088446,0.0,0.0,0.4765570212639574,0.6899226279181931,0.4527829528726812,0.2546517800772392,0.23139015926903994,0.7385533872793246,0.5280918153728464,0.46190432324721087
0.7597802066535735,0.6856403622250582,0.07395162693563861,0.18087885985738694,0.8492961452440966,0.16255177587160574,0.5684754521963384,0.514991635568137,0.042989941643966745,0.44482421874994316,0.5178124398229329,0.0070292140994894226,0.31940653996920787,0.1565143824026336,0.010034149837679252,0.7343107337136701,0.8979430379745281,0.017057116568651054,0.24502069322286957,0.9241414659145448,0.01865955826337995,0.6996655518394732,0.0,0.0,0.9347662609978897,0.3262340308674112,0.5227174913668335,0.35953893327661035,0.4362894911365629,0.7547745372248755,0.2436433163470042,0.6752158714612619
0.49626709669715297,0.4178525226379861,0.06246737428210736,0.5093230403800533,0.5105907117484492,0.8168357196438052,0.4640180878552371,0.42526701840168357,0.006070203219820769,0.5898437499999716,0.5315488799025161,0.015841448361015864,0.4647447030218643,0.24337281443877146,0.011467599814480423,0.5013267878465797,0.9098892405062884,0.0017694104323879856,0.4762027935851165,0.9646335212710255,0.0021579080984110988,0.39999999999980673,0.0,0.0,0.527939203900587,0.406834548973535,0.4583764321071868,0.5381344649552773,0.5549970863308147,0.5496669299912753,0.47729608544099733,0.38070950319274743
0.4561906468374559,0.597671410089788,0.056899251783363525,0.5419239904988444,0.4960860413103205,1.0,0.5178294573643427,0.4657058293655325,0.17876308612649439,0.5133056640625,0.435843122151681,0.009017967356996337,0.22497891132837822,0.19712351945793216,0.005185716092597659,0.0753615496881821,0.8960443037973391,0.015146153301600407,0.8565700982927353,0.9589953869813144,0.018659558263436793,0.40685618729088446,0.0,0.0002762430939355909,0.47117851465428373,0.46006484017519256,0.44002766102403257,0.4440220585895531,0.3536251906527923,0.165360719089648,0.8555527877355189,0.35574550197088683
0.4444245356268084,0.48771021992342867,0.0769096920132597,0.5343230403800021,0.48888304170500874,1.0,0.520284237726031,0.4493308454509872,0.1581478549016282,0.5213623046876705,0.433917452981575,0.009120833904802339,0.18111447427190797,0.19684151156229746,0.013027530671635645,0.02049887223023461,0.9053797468355356,0.014438389128599738,0.6513838592859997,0.9543823680164678,0.014978420918851043,0.40685618729088446,0.0,0.00041436464096022974,0.4617383655146199,0.42995026145082704,0.4318446080698237,0.47185989144867335,0.31873127234814547,0.1195075474518319,0.6485607244136702,0.3774756735529081
0.4627605566505224,0.6183699870625787,0.03758482686617981,0.534560570071335,0.4936192606235892,1.0,0.41782945736432,0.4164843649465553,0.1277088648427025,0.5808715820313637,0.42409654021443544,0.010732409820334965,0.030218825981336295,0.21968415115600237,0.011088157173546165,0.2690725752951266,0.9039556962025017,0.013164413617346327,0.7140455250904836,0.9395181957966088,0.017771007869782807,0.40685618729088446,0.0,0.00013812154696779544,0.4896880623560804,0.4092223974577678,0.3650438185051712,0.5126645979063653,0.19373314008478815,0.3342256122296874,0.710798732375082,0.433531952854878
0.46550797348143647,0.5821474773611044,0.03201670436732229,0.533016627078382,0.49098802789107765,1.0,0.48998708010333303,0.4285162784711929,0.007653734494596165,0.5796508789063353,0.5400218242507151,0.014367027842510538,0.01771448419597732,0.16102650874211122,0.010371432185124263,0.6374552209100841,0.8944620253163862,0.008988604996687855,0.33826952922913733,0.9507944643773953,0.0167555217058748,0.40685618729088446,0.0,0.0,0.48900427237578015,0.42167196445099364,0.4811836467325179,0.5006221352888076,0.1830083088420622,0.6608503960544283,0.3413662436301479,0.32525926392798965
0.20760915009256564,0.3557567917214328,0.040542891943630366,0.9592636579572229,0.7736810945928028,0.5051042040376927,0.8372093023255331,0.70402779565039,0.10817864578754666,0.1336669921875,0.46710315167857175,0.03675764641339185,0.18448866173775968,0.28454596728704473,0.01197352333574031,0.14574764495156955,0.8863132911391745,0.009059381414004974,0.9176151060527502,0.9800102511533169,0.02741812642818786,0.11939799331071299,0.13114754097477999,0.0017955801106950275,0.6183691171764423,0.9139867840413274,0.6634327389228076,0.12295503376950023,0.3162704574633324,0.23939139996159042,0.9138364790249511,0.058974968122356586
0.45648927910178827,0.4062095730932924,0.04315294936475311,0.5552256532067474,0.49069201420866193,1.0,0.3222868217053758,0.8038540728348806,0.06562857394213495,0.17327880859377842,0.48141729250912135,0.015875737210237162,0.046543938867813495,0.226734348561763,0.01340697331252727,0.07589226482679123,0.9031645569618831,0.008847052162224145,0.6064407656491824,0.959507944643974,0.007489210459482365,0.40685618729088446,0.0,0.00013812154696779544,0.4733549254738847,0.8045665000873186,0.34285518374299784,0.15414720575006413,0.1972881613080517,0.1688835749514226,0.6063038109582806,0.40426749152766206
0.4595353281968926,0.4113842173364901,0.049765094832025625,0.553444180522547,0.4940468359426262,1.0,0.372351421188597,0.26598893321319395,0.04680214656465864,0.7166137695312784,0.5072854483600224,0.021121931147987993,0.07309085495967338,0.14777213761976782,0.012437286563510952,0.626575560567801,0.8981803797468046,0.008705499327589905,0.39627521986545844,0.9431060994359086,0.01916730134541922,0.40685618729088446,0.0,0.00013812154696779544,0.48515161425152087,0.2663785685395794,0.38714929512534013,0.616575425739768,0.2264524382296429,0.6618538762090225,0.3981800575083412,0.38321608478753433
0.5932031296661933,0.6934023285903095,0.07273360013920183,0.26140142517812137,0.635278252861454,0.8786406183751723,0.7452196382429577,0.6984300604812717,0.324330664789926,0.43194580078125,0.4685153090699714,0.03312302839121628,0.39780677814712817,0.33925549915375086,0.009317424849285771,0.49674936977567086,0.9011867088607346,0.018755750583693498,0.48564407656485287,0.9461814454123214,0.008250825082484425,0.5096989966552883,0.0,0.0,0.6651107967115166,0.5480677790656614,0.577454514684689,0.40115249934271446,0.5063543274596327,0.528118794969771,0.4894757767171427,0.560204017318199
0.4666427760856209,0.7554980595095913,0.04437097616130359,0.44406175771962353,0.9827983160110421,0.008251524738255966,0.6921188630490178,0.5002895380259673,0.00894401923696364,0.38183593749982947,0.5338596829066091,0.012069674941685093,0.31176499776714195,0.21376198533550905,0.00805261604618579,0.029056653840967783,0.8999999999999773,0.013447519286529541,0.9712234868080714,0.9641209636081385,0.017517136328933702,0.4209030100333848,0.01639344261639053,0.0,0.9025363186916024,0.4496013767905396,0.6030497154386438,0.3254429050620047,0.4228532809524097,0.12337468240920657,0.9706997837251663,0.3876862361036615
0.520874395269658,0.6248382923658937,0.07290760396716678,0.2715558194774417,0.6388961978686893,0.8692475783568767,0.5082687338500875,0.5271200617681444,0.15319198850473015,0.46130371093744316,0.45009307400985676,0.004183239610455303,0.19927554210300968,0.19966159052421517,0.013449133605931252,0.008756799787732916,0.9014240506328974,0.011395003184873076,0.5516683911019697,0.9528446950282614,0.01713632901737583,0.41939799331072436,0.0,0.00013812154696779544,0.6283041833606546,0.39240430735655707,0.4401633400977971,0.4236347772789202,0.3336237424385047,0.10286739116514809,0.5521872468750928,0.4063377242955539
0.4683151167652966,0.8318240620947108,0.027144597181063546,0.5340261282659924,0.49684252072094637,1.0,0.6550387596898872,0.7675009651267573,0.1148646667253388,0.23663330078122158,0.45490724693499374,0.02221917432450482,0.12424949139105479,0.18415115623213296,0.008010455752739176,0.1660474990049181,0.8923259493669775,0.016278575978503795,0.8789446456285077,0.958995386981087,0.019421172886438853,0.40685618729088446,0.0,0.00041436464096022974,0.4991771785531114,0.7661320021462501,0.5243762774622382,0.19470573754426823,0.2752538110447631,0.25000533766043986,0.8797884432331671,0.4117387531088639
0.8689004360031731,0.4825355756775025,0.051679136940833814,0.20997624703076667,0.5753190369688639,0.3689703532174349,0.6302971576226071,0.5463904259426045,0.08920559514383797,0.35968017578125,0.47769433211377077,0.013681250857189298,0.09705751004830176,0.18330513254352354,0.009865508663963851,0.9925699880588184,0.8969145569619741,0.01394295420757885,0.2165028453180753,0.9461814454132309,0.012820512820553631,0.6496655518392913,0.08196721311105648,0.00013812154696779544,0.7570001031806157,0.3847241035162767,0.5294664311005732,0.28277095540892105,0.24143800780888114,0.9861914725537986,0.21532631773433764,0.6521863500390737
0.4559517410260696,0.19016817593819724,0.04437097616147412,0.5389548693586903,0.4880278910669489,0.9999021558331407,0.4558139534883594,0.2457856131771763,0.008680097357895988,0.7291870117188921,0.5389306117208719,0.008263612673133025,0.08787773532486653,0.1666666666662877,0.006787807243128441,0.8486798460925513,0.8986550632911303,0.00212329251888832,0.27806518365230204,0.9472065607383229,0.02081746636196158,0.40685618729088446,0.0,0.00013812154696779544,0.46400658956689256,0.2429742150366394,0.4519148985835244,0.6178548641266843,0.24137479210654078,0.8703749172662185,0.2763979919923827,0.3525553072138905
0.5457803261064669,0.4294954721844988,0.03132068905512142,0.26538004750588584,0.6476779371135137,0.9061348292619442,0.829974160206632,0.723748552309857,0.42039822879095823,0.7280883789062784,0.7942101546954348,0.07454395830471583,0.8324815163995254,0.41624365482232406,0.02032126143596713,0.2701340055724586,0.9026898734176712,0.00920093424872448,0.6198266942576822,0.9584828293184273,0.01827875095204945,0.4645484949830916,0.09836065572744701,0.002071823204573775,0.6573486436999474,0.5968653041724536,0.8826624027450833,0.7010685989982051,0.8526660360421374,0.3347113393257928,0.617853319101954,0.4845071924831359
0.45911724302695234,0.6338939197930813,0.07760570732557426,0.5406769596199297,0.4821405078279213,1.0,0.8412144702842284,0.3043044653197171,0.8898272777924774,0.8690185546875568,0.10571923743512457,0.44153751200103386,0.1963975586761535,0.7749576988155695,0.3823095408744166,0.07224359824860471,0.5094145569620423,0.23759643286857113,0.9231764097258406,0.4418247052794868,0.1756791063721721,0.40685618729088446,0.0,0.049309392265399765,0.47401248310198696,0.3039209033106687,0.4328352111997731,0.896713819441743,0.11593300055048417,0.10347588445034717,0.9255493068810665,0.42214324847151374
0.45822134623421107,0.7580853816307354,0.03410475030443649,0.5360451306413268,0.4984541507696605,0.9999347705554271,0.635335917312716,0.6919958821258092,0.1777367232632372,0.2886962890624716,0.37678926760386844,0.017864490467701444,0.050811293603999275,0.2405527354762853,0.014123698300977594,0.2914952899031107,0.9029272151897771,0.015075376884396974,0.6914769787893817,0.9379805228088571,0.017517136328933702,0.40685618729088446,0.0,0.00041436464096022974,0.48099903290062684,0.6804418107835914,0.4670657284871709,0.250498629292764,0.20761990582008139,0.35163706044372134,0.6884701232156374,0.40680316304417374
0.961834796631365,0.7917205692101561,0.01705237515210456,0.20374109263653395,0.5789369819760282,0.29356511529304896,0.6709948320412877,0.5849633251833097,0.04120113779656265,0.1913452148436363,0.517042172154845,0.017761623919909653,0.18473676375734271,0.18386914833638457,0.011088157173560376,0.18117288045633018,0.8871044303796793,0.010970344681055622,0.975750129332539,0.9282419272171865,0.02386392485396982,0.9613712374581382,0.09836065572744701,0.00041436464096022974,0.7858163420559094,0.41415101083174477,0.5846688482305353,0.15319265093270928,0.30917650628649085,0.24764342293494224,0.9787783355576778,0.9625952088899794
0.6917517768619632,0.5562742561442064,0.05498520967449849,0.0592042755343698,0.5045059860544399,0.03127751867194206,0.6804909560723331,0.5066593745977883,0.007653734494581954,0.45776367187491473,0.539508312471952,0.00785214648195165,0.4451942638812909,0.23040045121285857,0.011256798347318409,0.419994692848519,0.9036392405063225,0.014933824049762734,0.5150025866528551,0.9420809841105893,0.006473724295517513,0.5060200668896186,0.0,0.0,0.6040296390603146,0.27090905636102036,0.6191079903302921,0.4136889859445887,0.5426665762490472,0.46202788393790684,0.5187561966633041,0.4769050262536325
0.6259332258257473,0.38939197929994407,0.05655124412726309,0.3475059382421932,0.6007762136561183,0.020090668927963407,0.9326873385012107,0.5048578046582719,0.002551244831536792,0.6258544921875568,0.5404711470569339,0.006823481003891629,0.642088026596582,0.2326565143824837,0.011931363042307908,0.40612975985135336,0.9030854430379236,0.018826527001181148,0.5536083807554064,0.9431060994359086,0.006473724295574357,0.5421404682272168,0.01639344261639053,0.0,0.6493740086356894,0.4136569732142874,0.7501170779104314,0.5671328355134335,0.704357400892178,0.44768559045203915,0.5536142322406477,0.5509631188274398
0.46968882518069677,0.606727037517885,0.0,0.4259501187648027,0.549500065780876,0.8927627931248026,0.5742894056847376,0.7591365332646944,0.028826134130980563,0.1812133789061363,0.5134475897041284,0.016732958441906476,0.040291767975077164,0.18274111675134463,0.008853661621486708,0.1540400689929129,0.8931170886075961,0.014438389128713425,0.8646533885152792,0.9666837519214369,0.02132520944388716,0.41839464882912125,0.0,0.00041436464096022974,0.5480987665548014,0.6941943341304722,0.5237591565138331,0.1368613902672564,0.20785552798329832,0.23770203044605864,0.8656720111255538,0.3935672486266526
0.785223675565959,0.44890038809808175,0.03897685749069524,0.20457244655577256,0.5516708327852058,0.2965330550210865,0.8524547803616827,0.5811349890618516,0.13527462537754786,0.7721557617186932,0.6217343860325286,0.03065423124400013,0.8691013744851261,0.2952622673432188,0.01791812471014964,0.5756269072574867,0.8965981012658517,0.013022860782740509,0.4386316606311027,0.9384930804712894,0.016755521705931642,0.604180602006636,0.0,0.00013812154696779544,0.6898435327633194,0.41165186815889854,0.7783937640146661,0.691683817951315,0.8870599756102138,0.6095768302837712,0.4399998020366809,0.536810871873513
0.4597145075554465,0.44501940491682035,0.045589002958024594,0.5351543942992976,0.4910209183002081,1.0,0.45355297157615837,0.4256208982112213,0.039646931175056466,0.5525512695313068,0.512035432312814,0.01714442463307364,0.1516895747531919,0.204455724760237,0.007757493992144759,0.23172349741275866,0.8969145569620309,0.00870549932750464,0.22044749094661142,0.9646335212710255,0.013201320131827288,0.40685618729088446,0.0,0.0,0.47228027344603163,0.43009412954825166,0.44159891223314673,0.4706239941587569,0.2987735004373633,0.3058372654098207,0.21834360817786092,0.42595402822695405
0.4600728662724407,0.5006468305300587,0.007134156951565274,0.5399643705463006,0.48967241152480767,1.0,0.5629198966408069,0.7728091622699651,0.036949063077315714,0.2076416015625,0.5121638102573911,0.01711013578382392,0.008187366645188376,0.21799210377878353,0.013238332138769238,0.06116491972935023,0.8917721518987491,0.010687239011900829,0.9171624418002864,0.9712967708862834,0.01929423711584377,0.40685618729088446,0.0,0.00041436464096022974,0.4778109276983997,0.7789127372126927,0.5214015502428424,0.1766596275226675,0.17236278457122012,0.15710335845597,0.9154234847147507,0.37717022937403044
0.47106253359606853,0.4385510996107769,0.039498868974931156,0.5417458432303874,0.49115247993685784,1.0,0.4683462532299245,0.23233818041428833,0.004340048678926678,0.7520141601562784,0.5447076192310192,0.004903305445040473,0.05155559966271994,0.17258883248723578,0.00919094396893172,0.8637388881517438,0.898971518987139,0.011465779602133352,0.3090403517847733,0.943618657099023,0.016755521705817955,0.40685618729088446,0.0,0.00013812154696779544,0.4864431203907742,0.23158872906560646,0.4658913020960256,0.638528511882555,0.21225189273559408,0.8908661955291848,0.3104790216654294,0.37964287272666297
0.47237651555877846,0.6403622250973058,0.05463720201839806,0.542577197149626,0.49562557558215303,1.0,0.1525193798450175,0.7861279114657407,0.31054807776895643,0.21148681640616473,0.3270428140444892,0.045364147579206815,0.13104748672662936,0.30344049633424675,0.043635903705890655,0.019371102560683084,0.8744462025314874,0.04133342770177251,0.7080315571649578,0.9318298308560315,0.03325717187101418,0.40685618729088446,0.0,0.002071823204573775,0.4799855896945502,0.778022383704382,0.12937364412105978,0.19943329587684389,0.2634600597446024,0.11532282170080066,0.7054174303375191,0.41044425158912645
0.46126739532942906,0.6067270375169755,0.03619279624143701,0.537648456056985,0.49098802789107765,1.0,0.6465116279069036,0.687395444601691,0.2278525556435227,0.4035034179687784,0.44181269657872235,0.01639006994925296,0.31404753634700455,0.24450084602335664,0.011762721868507242,0.1929812922912788,0.8916930379746759,0.0064406539740389235,0.8408561821003957,0.9712967708867382,0.019548108656863405,0.40685618729088446,0.0,0.00041436464096022974,0.4854611560072897,0.6857830270028415,0.5220711921229935,0.35663340238502883,0.42531639459011217,0.2743103742767232,0.8405257245043742,0.3696844228316536
0.4816341157498698,0.4657179818896111,0.06925352357751535,0.20195961995244716,0.7503946849098355,0.44982224976352825,0.46989664082687455,0.4999034873246302,0.0631359784170229,0.49420166015625,0.495089543616416,0.011349609107099923,0.11015729668054064,0.18584320360957918,0.010118470424558268,0.01280350271983366,0.9021360759493291,0.011819661688662109,0.8499094671495016,0.949256791389189,0.01751713632887686,0.42307692307684874,0.0,0.0,0.7004405286343598,0.33635546820923423,0.4486542240688749,0.4265084896765927,0.2660312147643822,0.10517059162631881,0.8506383491181566,0.3686662755688417
0.6418204622827943,0.38421733505856537,0.06820950060904352,0.3542755344416548,0.5955466386001973,0.6581977104464869,0.4107881136950198,0.3785227126495272,0.03650919327883173,0.6810302734375568,0.5010591180435142,0.014641338636650403,0.02590185084105201,0.20473773265598538,0.01568362915803334,0.027597187209750018,0.9022151898734023,0.011890438105979229,0.8091050181065214,0.9472065607383229,0.018024879411200345,0.5387959866217784,0.01639344261639053,0.00041436464096022974,0.6388504633507921,0.2851248530780879,0.4266362823349965,0.6014666651036862,0.19105164493004168,0.115704464419224,0.8104419035489627,0.4676835210442505
0.4668816818968935,0.4204398447627682,0.03897685749086577,0.51413301662717,0.4988488356795244,0.9828772707999889,0.6484496124031125,0.6318041436107933,0.39972434825958203,0.6165161132813068,0.8075614609410309,0.022493485118658896,0.8376420384061589,0.24506486181564924,0.011509760107912825,0.39670956614025954,0.8973101265821697,0.01818953924535549,0.5588463528195291,0.9518195797020326,0.018913429804456428,0.4145484949831939,0.0,0.00013812154696779544,0.49960651471722883,0.6151419815251273,0.7642043589455483,0.5653911916360812,0.8595427550782517,0.4609870401605747,0.5600925808309114,0.39010554793293295
0.6151824643135058,0.7593790426908527,0.04854706803547515,0.1791567695962044,0.7174056045256947,0.657447571833913,0.4344961240309715,0.4667996396860019,0.11533386117714883,0.5134277343750284,0.4823159381219,0.007440680290756063,0.29573760730417575,0.24393683023129142,0.01239512627007855,0.41176860819948047,0.9015031645568001,0.01741099865515139,0.5034919813761007,0.9533572526904663,0.00241177963937389,0.44481605351165854,0.0,0.0,0.7589404228305341,0.28392866675898176,0.41020598417661347,0.4739431654711552,0.42163953946786137,0.46075485193330223,0.5070433688072455,0.47788438695397417
0.569193095622154,0.7011642949573798,0.029406646946085857,0.15558194774354206,0.7433232469412019,0.6652424904602157,0.4968992248061852,0.5021554497490399,0.13011348640807796,0.4864501953125284,0.49887669298422566,0.0022973529008112337,0.3147918424055831,0.2351945854479709,0.005565158733503495,0.9848746185484458,0.9028481012657039,0.02363932337735264,0.5380884635281404,0.967196309585006,0.0,0.39515050167210575,0.0,0.0,0.754864789712741,0.3123322104383135,0.4555621855126901,0.42981258907082065,0.42995642714043925,0.9825511881632565,0.5377573728951859,0.4135374799399756
0.4622827450277782,0.6972833117697519,0.048025056551125545,0.5368764845606506,0.4912182607551898,1.0,0.40096899224801064,0.5937138077467381,0.1892613119849358,0.4066162109373579,0.39007638487711915,0.013818406254301863,0.09298863692757209,0.20727580372249577,0.011889202748875505,0.5267347751094462,0.9007120253164089,0.009625592752399825,0.48176409725815006,0.9518195797029421,0.004696623508209541,0.40685618729088446,0.0,0.0,0.4621370972678278,0.5840302792579166,0.33100587796757,0.3675789642912264,0.24422754434576177,0.5588530435339862,0.4828341084146075,0.45377853842546756
0.4662844173684846,0.7011642949564703,0.07047155037395214,0.5347387173396783,0.48842257597684124,1.0,0.841343669250648,0.047548578046516354,0.16181343655611613,0.9569091796875,0.4693497657102057,0.114181868056491,0.07636580161775441,0.5186125211505441,0.04431046840085173,0.713480164521684,0.9098892405062315,0.025974945148249162,0.4379203310915045,0.9405433111223829,0.01751713632904739,0.40685618729088446,0.0,0.003591160221105838,0.49076708644260236,0.04124309274781979,0.6488231663994526,0.8969415728718957,0.23481645033487553,0.7415157887994894,0.4383864012418428,0.46470665238035735
0.42794003464135244,0.5536869340230623,0.04454497998943907,0.570902612826643,0.6446191290619367,0.00936042529598069,0.7526485788113462,0.4965255436880369,0.004428022638663265,0.34222412109366473,0.5388022337762948,0.010046632834956881,0.2596635736615269,0.2148900169204353,0.011762721868549875,0.2341780549289183,0.8976265822784626,0.009979474838843316,0.5610450077600717,0.9554074833417872,0.01726326478797091,0.39715719063531196,0.01639344261639053,0.0,0.6050457055016523,0.5081249281790434,0.6613771280095477,0.31131549376442536,0.3813401039265898,0.3153463074065712,0.5613727434247267,0.45192163175073574
0.5000298632264446,0.12936610608267074,0.04698103358248318,0.14400237529690685,0.8013419286936596,0.4296011219464191,0.47241602067185795,0.5001930253506259,0.07357555496911061,0.4993896484374716,0.4920084729443772,0.008229323823854884,0.11358110455029191,0.24647490129723337,0.008432058687134258,0.957012073769306,0.8980221518987719,0.02087904310278077,0.7721805483704145,0.9707842132240785,0.0017771007867963817,0.3819397993309508,0.0,0.0,0.7821945286308534,0.3003169622296582,0.45690876384691137,0.43644088375029355,0.2693517632008877,0.9615635074834188,0.7716328506877801,0.3650397319849503
0.4635370005375137,0.7968952134542633,0.03480076561675105,0.5396674584323193,0.49450730167085055,1.0,0.6733850129199084,0.7812057650237989,0.11067124131260186,0.23150634765616473,0.45843764041342183,0.02156768618844751,0.09537041631531906,0.2557811618720507,0.016821957080807692,0.4156162929546099,0.8934335443036616,0.01252742586154909,0.5714562855664269,0.9533572526913758,0.022721502919353043,0.40685618729088446,0.0,0.003038674033348343,0.484919895140564,0.7741795672918244,0.5622146909799852,0.21794496070418745,0.2392840764242976,0.47044270555332446,0.5713088507736757,0.3600411137560968
0.7013677357702193,0.6170763260033709,0.07586566904467418,0.3660332541566902,0.5770951190632871,0.7646847787091104,0.35788113695087986,0.31842748680993793,0.06143514852942644,0.5949096679688068,0.5252583606136909,0.011315320257878625,0.2909740485286818,0.21517202481686581,0.007251570470941715,0.9571447525539725,0.8813291139238686,0.020029726095174283,0.0,0.9497693490523034,0.021198273673519452,0.6732441471570496,0.0,0.00013812154696779544,0.6741705767445154,0.2261651732434018,0.3720655753011073,0.4941512584214536,0.4061769786802074,0.9554678993104062,0.0,0.6871621326790773
0.7584064982381165,0.2561448900369214,0.0633373934225574,0.13135391923989914,0.6924417839757666,0.7020971266429825,0.8404392764857676,0.6874597863852046,0.3319843992844653,0.7142333984375284,0.7280955131909366,0.0619599506241002,0.7979457152781322,0.4210377890582322,0.019478055567276442,0.20638184954222538,0.8947784810126223,0.01408450704221309,0.5774702534919811,0.9492567913887342,0.013835998984404796,0.5193979933109745,0.01639344261639053,0.0016574585636703887,0.7903763992773634,0.4835768685434374,0.8210101234095788,0.6772700402085263,0.827472854602803,0.28306947498776935,0.5790706613458383,0.4646921074194097
0.7861195723586718,0.40491591202953714,0.03671480772572977,0.2527315914489634,0.7548019997369124,0.22898796516747666,0.7074935400516154,0.5773709947239922,0.01953021905515584,0.13439941406241473,0.5251941716414308,0.01464133863660777,0.21500521014246488,0.22758037225014505,0.013786415953461528,0.4511742072441791,0.8938291139240278,0.013589072121078516,0.5501810657009969,0.9384930804706073,0.023356181771987394,0.7431438127089791,0.09836065572744701,0.000828729281863616,0.8517076386860651,0.430010885114541,0.589883009624458,0.12436677010464336,0.3435302176803816,0.49864690308945114,0.5505969417971244,0.6899499168513898
0.8588663919249768,0.7968952134533538,0.053071167565406085,0.22072446555816327,0.5995921589264555,0.5105508626594002,0.6194444444444116,0.5836764895122855,0.13028943432742324,0.5529785156250284,0.5855318056357532,0.012241119188018956,0.6470004465836894,0.2695995487873688,0.009317424849243139,0.05273981690322671,0.8909810126580737,0.009979474838957003,0.8913605794101898,0.9451563300876842,0.017390200558565994,0.7650501672237056,0.01639344261639053,0.00013812154696779544,0.7538933182701442,0.42371416756920155,0.6000224672874737,0.4607652850183115,0.7127696868063822,0.14434635010780994,0.8897872389565293,0.7910858782975083
0.5675804813953675,0.6972833117715709,0.08734992169814859,0.26466745843231365,0.6313642941718456,0.8818694758813876,0.6529069767442479,0.6514927293784609,0.25239729040205816,0.4409179687499716,0.48501187495992326,0.020607598408972194,0.3949287947203004,0.22870840383529867,0.006450524895655008,0.22674804298796403,0.8984177215190243,0.011961214523211083,0.807359027418471,0.9615581752948401,0.0151053566896735,0.5264214046822531,0.0,0.0002762430939355909,0.6567619134227414,0.514902110879774,0.5540039186450798,0.38830452643199465,0.501974053977051,0.2930802570617743,0.8082214153384655,0.5614694289163253
0.9377650361344934,0.49935316946903185,0.046633025926439586,0.013717339667493889,0.7650309169845855,0.4046182446756461,0.8941860465115212,0.6222493887530334,0.185331808451366,0.8211669921875284,0.6546633288401722,0.03703195720751751,0.902892869547884,0.38888888888891415,0.02145958935872727,0.12723895449113343,0.884018987341733,0.027390473494165235,0.8169296430419308,0.9174782162992869,0.025767961411361284,0.880936454849234,0.16393442622211296,0.003038674033348343,0.9425187954803249,0.37139775547670695,0.8327281268555708,0.7413122951684841,0.9210148533913411,0.19928155091065491,0.817289783609624,0.8088210339528246
0.46347727408473816,0.463130659768467,0.0495910910038333,0.5459619952494279,0.48292987764764916,1.0,0.4915374677002262,0.5098442928837699,0.08826720624031736,0.4749755859375284,0.4532383336542978,0.01498422712934655,0.02282538579865445,0.2002256063169625,0.005480838146638689,0.020565211622653123,0.8985759493670571,0.0145799419632624,0.9999999999999716,0.9743721168633783,0.016374714394316925,0.40685618729088446,0.0,0.0,0.4774340562386641,0.5088334106963686,0.4397417137287931,0.41953689019436524,0.18917126513008498,0.11799165189913197,1.0,0.41672282637682656
0.5164546377590682,0.7800776196627339,0.05550722115867757,0.301009501187508,0.6233390343375476,0.907080656208251,0.399289405684641,0.41149787672111415,0.17612386733530627,0.5491333007812784,0.42326208357408746,0.01580715951168088,0.1946608445394702,0.21150592216554287,0.010708714532626118,0.013400557250861311,0.8926424050632136,0.010191804090766254,0.9787247801344563,0.9682214249103254,0.0201827875095546,0.47441471571897864,0.0,0.0002762430939355909,0.620529788584733,0.2853564897631884,0.3360099556344096,0.4714529496581008,0.3321617356503168,0.10944872643423764,0.9794085186902635,0.4583311111865669
0.4008242250493197,0.5666235446306018,0.06194536279787144,0.5921615201901318,0.7749967109590727,0.00926258112907874,0.7420542635659046,0.4971689615235704,0.005161138969526746,0.31860351562491473,0.5371333204955988,0.013509806610869646,0.21624572024018107,0.21122391426911236,0.011045996880156395,0.15350935385430375,0.8956487341771435,0.009200934248639214,0.6020434557682961,0.9636084059457062,0.015359228230693134,0.3859531772573064,0.01639344261639053,0.0,0.7041795132324751,0.5104051017979714,0.66272516525855,0.29667731190667723,0.3456220827389984,0.24131028887421735,0.6018694333136239,0.38370091681747454
0.4483067550618216,0.4799482535572679,0.035148773272851486,0.5359263657957456,0.49384949348771556,0.9999673852777136,0.8007105943151771,0.0,0.10146330019651373,0.9585571289061932,0.4882855125489982,0.062337127965975014,0.10504639507780666,0.40496333897317527,0.02635018339729811,0.8914687541461319,0.8997626582278144,0.018684974166518487,0.9121184687014363,0.9917990773965357,0.024498603706490485,0.40685618729088446,0.0,0.003038674033348343,0.4867596574404871,0.007954367573020704,0.651716194391625,0.8855287815023871,0.26139003283765305,0.9080401178555917,0.9114625692665186,0.39376602975892183
0.5122140596070324,0.510996119016454,0.06751348529667212,0.46324228028510106,0.5287462176029436,0.9381298718241311,0.3507105943151885,0.3492150302406003,0.14899856309202164,0.5527954101561932,0.489761858912658,0.016595803044864965,0.34684662333145866,0.23942470389147275,0.013111851258500451,0.5318429083189073,0.9008702531644417,0.007006865312376931,0.48066476978786454,0.9482316760634149,0.00444275196724675,0.4172240802673741,0.0,0.0,0.533722563145659,0.3054102548094022,0.3643493750738429,0.5103786903172818,0.45896209011792166,0.5624559643017903,0.4828341084146075,0.4206354208585026
0.4704055426148557,0.6752910737377533,0.0562032364712195,0.5545724465558806,0.49368504144190695,0.9999673852777136,0.6631136950903738,0.7981276540985363,0.09114102225747445,0.1605224609373863,0.46524167148089646,0.01330407351522922,0.029375279114759678,0.25296108291047403,0.012732408617551982,0.1321480695235948,0.8977056962025358,0.011111897515633018,0.7066088980857614,0.967708867247211,0.009393247016930673,0.40685618729088446,0.0,0.00041436464096022974,0.475825138638001,0.7954313283187417,0.5377311832820197,0.13438122239952577,0.19030110213699913,0.21918034886951432,0.702563459606381,0.4288824136879157
0.5143642119095091,0.7981888745143806,0.04002088045939445,0.5250593824227963,0.5024996710959044,0.9333028929258518,0.4560723514211418,0.14328915197526726,0.000410545145314245,0.8753051757813068,0.537903588163573,0.012103963790977446,0.04634545725215844,0.15538635081782104,0.008516379273970642,0.5108133209498931,0.896281645569502,0.01358907212113536,0.46799017071907656,0.9497693490518486,0.01574003554196679,0.4633779264212876,0.0,0.0,0.5099167035377263,0.13359283880710393,0.452240236577623,0.7761702925794225,0.20407752773732568,0.5468246258300269,0.4700242340057912,0.4678919988170378
0.952338290629001,0.5355756791695967,0.08821994083859863,0.37214964370545545,0.5778844888830861,0.34000847982778737,0.5506459948321094,0.5471946982370071,0.0048972170904022505,0.32550048828116473,0.5351434623531759,0.01831024550814675,0.7436609934004537,0.23970671178790326,0.006492685189101621,0.5210959267612054,0.8886867088605754,0.010758015429189527,0.5403517847904595,0.9169656586366273,0.015993907082872738,0.9247491638793122,0.01639344261639053,0.00013812154696779544,0.7774036267101252,0.46891589507221454,0.5316285427921628,0.2914440069866373,0.7757118375425023,0.5535714285714732,0.5410914045990012,0.9074698070853628
0.6038941647256593,0.5614489003883136,0.03323473116410014,0.5403800475058915,0.502894356005811,0.6584260135025062,0.4895994832040742,0.31041693475741283,0.0023166476056388774,0.6182861328125,0.5471468001797462,0.0058633932245015785,0.3108222100927662,0.21545403271306895,0.009570386609894399,0.9408252620404767,0.8901898734176825,0.013730624955741177,0.9503362648733003,0.9846232701177087,0.01777100787018071,0.23043478260842676,0.0,0.0,0.5539608228564248,0.3144938512223092,0.4805752792727418,0.5365050231353621,0.42665771685568643,0.9536504259453693,0.947264229848571,0.2029797776561395
0.9639252224810662,0.5937904269085266,0.04367496084898903,0.2374703087886303,0.6431061702407703,0.17624995923155495,0.7161498708009901,0.5591300990863033,0.0229025541772927,0.09899902343755684,0.5083124719174066,0.014847071732276618,0.47848955490499634,0.23547659334462878,0.00860069986086387,0.49270266684348485,0.8944620253163862,0.014792271215242181,0.5053673047077041,0.9390056381344039,0.020436659050744765,0.845484949832553,0.0,0.0,0.8481785129054344,0.4047443898228096,0.6158721173667772,0.07948259779578848,0.5591026588524244,0.5288420479535603,0.5073634094557065,0.8331159669733665
0.5061219614167101,0.6817593790437968,0.058813293892342244,0.14412114014251642,0.7181291935271759,0.8393724927432373,0.7407622739016233,0.6565113884956304,0.39075100436942023,0.7216186523437216,0.8619937094807142,0.03696337950898965,0.9208554557634159,0.31274675690929143,0.0169484379611049,0.39956216001053235,0.8952531645568342,0.026258050817403955,0.5680289705121595,0.9456688877494344,0.014851485148540178,0.4428093645484523,0.0,0.00013812154696779544,0.7176410819620855,0.4689810428898369,0.846857716419052,0.6679103790252725,0.9298144791543734,0.44821401883129397,0.5681480369466101,0.4203154317187341
0.5213522068926011,0.7102199223809293,0.04976509483196878,0.27102137767218437,0.6580713064070238,0.6820064577149907,0.5916666666666401,0.6295200102946552,0.060643382892052955,0.39831542968730105,0.5110084087554583,0.012275408037297098,0.2685952463653223,0.20332769317531074,0.010919515999844975,0.24810932731850244,0.8971518987341369,0.015712364640080523,0.7535566476978488,0.9487442337267566,0.015866971312448186,0.473244147157061,0.0,0.0,0.6540346232072523,0.4897713402082218,0.5278455767892041,0.34711632338976983,0.40478163572356607,0.31017945214259157,0.7529484157162756,0.45169376069662803
0.6646956937227628,0.6209573091837228,0.029232643117950374,0.326425178147133,0.5167741086699209,0.25768892077884686,0.8165374677002148,0.5705185947753932,0.10914635934433647,0.4131469726561079,0.5246806598626677,0.02431079412973247,0.4117997320498432,0.23322053017420785,0.007588852818372516,0.2081066737428614,0.8978639240505686,0.013305966451838458,0.762997930677642,0.9651460789339126,0.011678090885993697,0.5774247491638107,0.0,0.0,0.5994249868401198,0.4596296165598375,0.6814853503073266,0.34629406652075545,0.5158113965268001,0.27737952900486107,0.7648212638966072,0.6308198024795502
0.4478289434390774,0.5394566623535866,0.040716895771709005,0.5321258907363813,0.495855808446251,1.0,0.6284883720930452,0.7401235362243881,0.09084777572505232,0.24658203125002842,0.45497143590736755,0.013304073515271853,0.09338560015879693,0.19289340101477137,0.011551920401345228,0.15185086904594414,0.8912974683542529,0.01245664944437408,0.8799146404552118,0.9620707329577272,0.025767961411531815,0.40685618729088446,0.0,0.002486187845420318,0.48891683120181995,0.7356382993162214,0.514960441525929,0.20091871714532772,0.24358734168771434,0.23690938787711957,0.8802652048177322,0.4368045690571307
0.4705249955205204,0.5886157826653289,0.0495910910038333,0.5412707838479491,0.4923365346665065,0.9999347705554271,0.36375968992248886,0.3530755372538863,0.17260490894695124,0.53570556640625,0.49810642531619465,0.010595254423279243,0.3630724954100515,0.23152848279744376,0.006281883721868553,0.06965636194775016,0.8996044303797248,0.010899568263766923,0.9176797723745835,0.9687339825734398,0.01904036557488098,0.40685618729088446,0.0,0.00013812154696779544,0.4877591100587182,0.35875636435366687,0.36428518282387756,0.47004958661079854,0.4657077802438607,0.1673836923799854,0.9159002462993442,0.41588406696502034
0.46813593740660053,0.8473479948261229,0.030102662258570945,0.5293942992874747,0.5006249177739903,1.0,0.624224806201596,0.6653262128425297,0.18606492478231473,0.35113525390605105,0.39386353424484355,0.01618433685366938,0.09194660844551095,0.2157360406091584,0.009823348370474605,0.45528724956866995,0.8973101265821697,0.016420128813138035,0.5249612002069739,0.9507944643769406,0.01662858593533656,0.40685618729088446,0.0,0.0,0.4894414782455243,0.6437816860436243,0.47986770560848413,0.31070256909217164,0.23511184007111297,0.5089112240322891,0.5261946671989506,0.46074557469574984
0.4591172430268671,0.8874514877115871,0.08125978771533937,0.5329572446555915,0.49634916458356315,1.0,0.8740310077519098,0.21162012610980696,0.44673176739682674,0.8280639648437784,0.386931125232735,0.41225483472774727,0.07373592021042441,1.0,0.31704540663602643,0.6704922382910468,1.0,0.2815485880104518,0.391813243662682,0.5381855458742848,0.03681137344489116,0.40685618729088446,0.0,0.017955801105131286,0.4948610822069668,0.2181673737919283,0.6208937020108181,0.9126649328377994,0.2878544245819228,0.6444904669385494,0.39452928454420544,0.4626945994559719
0.46819566385951816,0.7115135834401372,0.05411519053421898,0.5187648456056877,0.4856268911985495,1.0,0.5919896640827176,0.7466863981469203,0.0664496642327208,0.2426757812498863,0.4941267090314341,0.01841311205593854,0.00853470947254209,0.18161308516607733,0.012732408617537772,0.7366326124451916,0.8875791139238913,0.014367612711282618,0.2437920331090595,0.927729369554072,0.021832952525983274,0.40685618729088446,0.0,0.00041436464096022974,0.48980261029394967,0.7410808565851994,0.5334769878078589,0.19616938826439423,0.18298532131390743,0.7525087003864712,0.2422229297576166,0.4211008596072361
0.7044735113181844,0.5782664941789335,0.031146685226985937,0.12024940617575908,0.7496382054992665,0.6156681125859933,0.6965762273902385,0.6419058036288305,0.14970235476968696,0.3071899414061079,0.46042749855581633,0.025819503497444884,0.16994988339209272,0.26029328821209674,0.010244951304883898,0.33773384635796333,0.9008702531644985,0.013235190034606603,0.43462234868076166,0.9753972321884703,0.010027925869621868,0.31538461538423235,0.0,0.0,0.8156355311963921,0.45047725300605634,0.5613524723498955,0.27926087313298353,0.31915309348909204,0.3944370903346055,0.43317171830483403,0.3153347522751915
0.4527265125724682,0.5976714100906975,0.035322777101100655,0.5384204275534898,0.49934219181693607,0.9999021558331691,0.3726098191214078,0.16532621284252969,0.03498431131052371,0.6907958984375,0.5196739200205798,0.010320943629110957,0.21897484245525334,0.23604060913726244,0.015346346810574119,0.04040068992964052,0.8872626582277121,0.015924693891889774,0.9375969994827358,0.9554074833417872,0.0214521452144254,0.40685618729088446,0.0,0.0012430939227670024,0.486224517455895,0.15549245868768935,0.39004086420275996,0.612067247549561,0.3461806796722158,0.13812263808529224,0.9368018700931771,0.3992397833769701
0.5021800155289782,0.33376455368761526,0.059857316860870924,0.5229216152020513,0.49065912379953147,0.6806040246567164,0.48791989664081825,0.7456247587182503,0.008034954986669618,0.1444702148436079,0.5464407214841174,0.010835276368112545,0.5615541110504978,0.22588832487338095,0.007673173405294165,0.49814249701464064,0.8950949367088583,0.0038219265339591857,0.48635540610433736,0.9538698103535808,0.01700939324700812,0.4182274247488067,0.0,0.0,0.5135577540209795,0.7328269900170028,0.4867902561999813,0.15101727074355153,0.6221413572066297,0.5496455793496864,0.48916233484496274,0.3841469622848308
0.750223974198235,0.4799482535572679,0.058639290064263605,0.2868764845606222,0.6356400473621733,0.6155376536968902,0.6229328165373715,0.670537897310524,0.04322453886986466,0.20611572265622158,0.5103665190320896,0.012001097243185654,0.05845283580615046,0.22588832487281252,0.01395505712720535,0.41674406262433195,0.8931170886074824,0.020525161016280435,0.5657656492498973,0.9343926191695573,0.028560548362406735,0.7528428093643242,0.09836065572744701,0.00151933701681628,0.7372025469865093,0.5384123295864356,0.5531577480775098,0.18069220296175104,0.2157862251835354,0.4612352413690246,0.564670481859082,0.7316309264654706
0.651914232813823,0.8214747736101344,0.03045066991450085,0.05118764845602186,0.8927114853308495,0.36596979876716773,0.6647932816537434,0.5581649723330457,0.12811940998798832,0.4547729492186363,0.5132550227871207,0.012275408037311308,0.4279759837245649,0.24309080654245463,0.009570386609851766,0.19596656494616127,0.8981803797468046,0.015783141057255534,0.7651319192964365,0.9472065607383229,0.01853262249301224,0.6113712374580587,0.0,0.0,0.922105653421653,0.319508423522322,0.5847155335032426,0.38587459829150816,0.5362392633876709,0.26794521425372864,0.7667151126823626,0.5945204283975727
0.8794720181568039,0.5342820181122079,0.04698103358265371,0.06336104513070495,0.7759176424154788,0.4271550177750214,0.7363049095607153,0.6007592330458777,0.12196123280844517,0.36480712890625,0.4881571346042506,0.02105335344943171,0.3883292810003809,0.26480541455168805,0.012648088030701388,0.45800716465427627,0.8919303797466682,0.011324226767555956,0.5346611484739299,0.9359302921579911,0.021325209443944004,0.8053511705685992,0.01639344261639053,0.00041436464096022974,0.9179233420716173,0.36578418518631395,0.588689617341231,0.34192655956678664,0.48758041324680335,0.4988684159959007,0.5344233411913706,0.8070756386450171
0.5638177148659622,0.6843467011631219,0.05846528623624181,0.365439429928756,0.6024865149322522,0.6723524999184747,0.4082041343668834,0.35658216445757773,0.02389959238732331,0.6329956054687216,0.5179408177675384,0.011898230695379652,0.16404505532679536,0.2442188381272672,0.010034149837693462,0.2338463579673089,0.8990506329113259,0.016915563734158923,0.5893041903776179,0.962070732957045,0.0017771007870237554,0.45518394648820504,0.0,0.0,0.629890366256106,0.2779902622109063,0.41293269588483383,0.5704201883320081,0.3010871951422871,0.30322714947587315,0.5895165241606151,0.4887591693857303
0.46114794242367907,0.8033635187593973,0.05637724029929814,0.5283254156770454,0.4923694250756796,1.0,0.547997416020678,0.6881353751125516,0.038444620392368734,0.3112182617187216,0.5035624879645866,0.011658208750489507,0.057658909343615505,0.19007332205273997,0.01113031746700699,0.32174605280610535,0.8990506329112691,0.018401868497335272,0.6410372478013073,0.9518195797029421,0.019801980197826197,0.40685618729088446,0.0,0.00013812154696779544,0.4763795156808328,0.6818759676034318,0.5018812705980764,0.2783632566730603,0.21037955857045176,0.3861797297009275,0.6365575504023013,0.44047959584406726
0.4717195245774235,0.482535575678412,0.026796589524906267,0.536638954869403,0.49421128798843483,0.9994781644434596,0.6362403100775111,0.727769913781998,0.12360341338965952,0.25170898437494316,0.4303228705307447,0.020024687971442745,0.1869200615294062,0.2743936830233906,0.012268645389738708,0.37926230595726906,0.9008702531644985,0.003538820864775971,0.5777935851009204,0.9595079446442014,0.007870017770926552,0.40685618729088446,0.0,0.00041436464096022974,0.48120014760071683,0.7302753671577022,0.5067744707422008,0.24174351949383777,0.3194128525568374,0.4272263381514563,0.5776436759802834,0.3813931163548432
0.5377172549722502,0.5666235446315113,0.04715503741078919,0.415914489311092,0.5678529140903095,0.6736897035321903,0.451679586563273,0.4077982241666973,0.01818128500630678,0.6593627929687784,0.5181975736568631,0.011863941846158355,0.22249789113288898,0.2507050197402805,0.009359585142689753,0.49469284861342544,0.9015031645570275,0.006228324722115985,0.49301603724771326,0.9528446950275793,0.005077430820051632,0.45518394648820504,0.0,0.0,0.5918106094125193,0.3365862000635076,0.4245938016546802,0.5879689250540423,0.35399873798465364,0.5317590793603415,0.49564728221150745,0.4482999364870466
0.4641342650660363,0.5730918499357358,0.04628501827033915,0.5402019002375766,0.5023352190501669,1.0,0.5466408268733574,0.7743211941834716,0.018474531538672068,0.20739746093741473,0.5208293215225979,0.012652585379214543,0.13536446186679996,0.21122391426911236,0.006872127830021668,0.23278492769000536,0.8953322784809075,0.014579941963148713,0.8680160372477417,0.9589953869806322,0.015232292459870678,0.40685618729088446,0.0,0.00041436464096022974,0.49226058169368514,0.7752346000059447,0.5065964831400152,0.174638315830407,0.27568827532621754,0.30638704443069287,0.8686827027927677,0.39088127918074633
0.9195484680164441,0.5679172056907191,0.10910040020871747,0.0448931116389133,0.7276674121825977,0.48951436678514426,0.7786821705425666,0.6223780723201457,0.17304477874546365,0.17218017578125,0.4009243212017566,0.0281854340968124,0.04237582493925629,0.24929498025926478,0.01732788060206758,0.028857635664024883,0.8880537974682738,0.025621063061720406,0.8054190377650912,0.9256791389034333,0.02259456714909902,0.7347826086955251,0.1147540983511135,0.004972375690726949,0.8999192043552569,0.367089856032365,0.6016433215988144,0.1459179384295055,0.2009362820201943,0.12122894292977549,0.803503290314751,0.7068220714933773
0.45326405064804476,0.6455368693405035,0.051157125456597896,0.35659144893105577,0.5947243783712821,0.822706369655279,0.6663436692506366,0.8396281044910126,0.04249142253891591,0.08111572265619316,0.5082482829449475,0.022253463173726118,0.25554508013695454,0.23209249858985004,0.008937982208365725,0.49004909115029704,0.8968354430379577,0.007714629485462865,0.4938566994308644,0.9574577139928806,0.023610053312950186,0.40685618729088446,0.0,0.0016574585636703887,0.5666249280796336,0.7446884169894332,0.5622759654003744,0.08375464926805876,0.37621963203864084,0.5429788415141843,0.4964374856682241,0.440920792991335
0.559696589619648,0.6222509702447496,0.05063511397236198,0.28503562945363115,0.7890409156690197,0.18244675646586472,0.5709948320413503,0.5292755115171701,0.018063986393386244,0.39642333984366473,0.5206367546055901,0.009738033191595719,0.2904778444895726,0.20360970107151388,0.009949829250800235,0.1664455353588039,0.9061708860758131,0.014509165546058966,0.6795137092601067,0.9564325986677886,0.0015232292460609642,0.4602006688962206,0.0,0.0,0.784859735612855,0.38536110440030313,0.5138122756006851,0.32647114481261497,0.41288359000822084,0.2499252727544672,0.6791246063417589,0.44535215774499193
0.5020605626232282,0.2613195342819381,0.060727336001320964,0.41668646080756844,0.5536771477437696,0.7972995009947539,0.3750645994831814,0.1717925620897489,0.019618193014878216,0.7563476562500284,0.5216637781629174,0.009909477437929581,0.1973899667544572,0.2171460800901741,0.006787807243156863,0.04020167175264078,0.8972310126580396,0.02031283176441434,0.9783367822036837,0.9646335212712529,0.014470677837039148,0.45301003344479795,0.0,0.00041436464096022974,0.5472575824613983,0.10717539873630244,0.40347601033491287,0.6551930294052966,0.3331973237919783,0.13054316032199154,0.9789350564937536,0.3932957426899861
0.501463298094734,0.8486416558862402,0.029058639289985422,0.125237529691276,0.7500986712274909,0.6773425524281578,0.699870801033569,0.6426457341396912,0.15149115861704843,0.44342041015625,0.5162077155144402,0.009120833904802339,0.3954249987595233,0.2941342357586336,0.006703486656263635,0.8887488390604972,0.8987341772150899,0.021940689362168087,0.5799275737196297,0.974884674526038,0.0005077430820392692,0.3963210702338529,0.0,0.0,0.728423453121934,0.4254116301521975,0.6052234984484528,0.3949713382355924,0.4962949851557994,0.9019391720221961,0.5798542660263593,0.45854928560009967
0.5017619303590948,0.4139715394576342,0.052027144597047936,0.27351543942995704,0.6342915405867302,0.9288346759727091,0.7270671834625375,0.6823767854844789,0.37811207882469944,0.7025756835938068,0.8246999165544082,0.042072418049670546,0.8924229643228898,0.3183869148336953,0.01538850710399231,0.15682632347088088,0.8985759493671139,0.013305966451895301,0.7481893429900879,0.955920041005129,0.012947448590864497,0.43277591973242124,0.01639344261639053,0.00041436464096022974,0.6235263976159899,0.5533329894976333,0.8191295822689,0.6329401795567549,0.911352045947524,0.23662382304590324,0.7488472762725564,0.42093116839669165
0.4603117720839407,0.2703751617054877,0.046807029754688756,0.5240498812352143,0.4927641099854725,1.0,0.39722222222215464,0.2296679963967847,0.030820210551055993,0.7817993164062784,0.5099171962257287,0.011075298312945847,0.055922195206846936,0.22419627749593474,0.018803490872301154,0.16080668701070522,0.9022943037975324,0.010191804090766254,0.7559493016037209,0.9400307534594958,0.01942117288638201,0.40685618729088446,0.0,0.0016574585636703887,0.48489890925881696,0.2140811578938866,0.4237622202348632,0.6893158521411067,0.20934167167607143,0.243861690543838,0.7546888429540672,0.3918654882015744
0.601206474347606,0.45407503234309843,0.07899773795014653,0.1303444180524025,0.7376660965662438,0.6581324810018998,0.7478036175710088,0.6971753957019615,0.13999589454853378,0.3153076171875284,0.4744848834970128,0.02756823480997639,0.27410311119933795,0.2532430908065635,0.018972132046030765,0.11722170624912565,0.9020569620252559,0.01082879184656349,0.7572426280393074,0.9318298308555768,0.018151815181568054,0.5347826086954797,0.01639344261639053,0.0016574585636703887,0.7507594265957778,0.48684511739723746,0.617522149973496,0.28221496909412735,0.39023742668413774,0.19795514230202116,0.7588196768908801,0.5040653165711433
0.4465149614763959,0.40491591202953714,0.035496780929008764,0.5324228028504194,0.49898039731614574,1.0,0.3248062015503592,0.9431540342297637,0.04404562916046473,0.11578369140636369,0.512035432312814,0.022013441228892816,0.2685952463653791,0.2413987591652358,0.018972132046016554,0.44387687408777765,0.895569620253184,0.00806851157179267,0.5628556647697849,0.9564325986677886,0.02183295252592643,0.40685618729088446,0.0,0.0033149171272270905,0.48801094063969686,0.9395102512805522,0.3693943023542232,0.12084161591056386,0.3841480304860454,0.4981184747101963,0.5634134149821648,0.37637510484489667
0.4697485516335007,0.4670116429488189,0.02853662780569266,0.5337885985748585,0.48815945270361283,1.0,0.7779069767441626,0.017854844936252334,0.10049558663969549,0.8072509765625853,0.49425508697601117,0.05215333973390557,0.23311665756966704,0.2512690355330278,0.04616552131200535,0.43989651054786805,0.8944620253162725,0.03368957463362676,0.5509570615623147,0.8903126601737767,0.01739020055833862,0.40685618729088446,0.0,0.00041436464096022974,0.46979606969411236,0.014508961896666506,0.6349897365345498,0.7375459902836212,0.3556055662000688,0.4863916348186592,0.5505969417971244,0.4212899440989304
0.5188436958729312,0.5808538163000776,0.050287106316318386,0.3910332541566959,0.563445599263261,0.9504256221258203,0.4243540051678565,0.43108994981339777,0.15732676461102812,0.5272827148437216,0.44585660183577147,0.006720614456142471,0.22750955192779543,0.21630005640167838,0.008389898393730277,0.043319623192132894,0.9094936708860359,0.015995470309178472,0.5838075530264177,0.9497693490509391,0.002665651180336681,0.42073578595307026,0.0,0.0,0.5784522212681651,0.35564555605922976,0.3758645893665431,0.4630528672649916,0.3562618601277734,0.13561927535920404,0.5850821465159584,0.44311708208692835
0.4760795556351809,0.821474773607406,0.05237515225326206,0.4143705463183096,0.5587422707538678,0.9693747757737583,0.46757105943152055,0.4889975550121761,0.1346001583531944,0.5059204101562216,0.47018422235066737,0.012035386092421163,0.37195454771000414,0.22588832487326727,0.007757493992116338,0.4734642430674967,0.8953322784808506,0.008847052162167302,0.5141619244696471,0.9579702716548582,0.021325209443944004,0.41705685618705957,0.0,0.0,0.5501370203195677,0.42701046617786176,0.41843572240350113,0.48525212807118123,0.47010874250179313,0.5294452035783479,0.5165357084528068,0.41931182941675615
0.44723167891058324,0.6571798188879256,0.04036888811549488,0.5264251781473206,0.49269832916718315,1.0,0.34799741602071776,0.1900977995109372,0.0585320078590712,0.7150878906250284,0.49817061428845477,0.016047181456556814,0.247655435915334,0.20671178792974843,0.009317424849243139,0.1491309539604515,0.9024525316455652,0.01181966168869053,0.8796559751681059,0.962070732957045,0.01865955826337995,0.40685618729088446,0.0,0.00041436464096022974,0.4848167145552935,0.18450585832698607,0.3657295084478278,0.6335011898441962,0.36522354796406375,0.23203877276515072,0.8802652048177322,0.40566380777369204
0.5228453682137228,0.754204398447655,0.06246737428227789,0.09602137767211616,0.7621365609787887,0.6775708554841486,0.6430878552970967,0.6136597606485452,0.18066918858683323,0.3728027343749716,0.44341742088710134,0.01248114113288068,0.22701334788874306,0.22758037225003136,0.010371432185152685,0.11158285790105538,0.8978639240506254,0.01741099865515139,0.7658432488359779,0.948744233726984,0.01700939324717865,0.45301003344479795,0.0,0.00041436464096022974,0.7533363179920798,0.39581190015375967,0.53241198002452,0.3267407646821141,0.3569284984432102,0.19387183209857994,0.7664016708101258,0.41753249586685115
0.0,0.5472186287197474,0.022794501478813345,0.9479809976247395,0.748158137087259,0.3278758031375304,0.7297803617570651,0.5733496332518087,0.0796750828422006,0.35626220703119316,0.5085050388342722,0.013749828555759791,0.29553912568846386,0.19261139311902298,0.006745646949710249,0.49495820618273,0.8992879746836593,0.011819661688662109,0.4965726849456189,0.9630958482825918,0.02043665905034686,0.04214046822716,0.0,0.0,0.5032650534352996,0.7847298944333829,0.598675888953224,0.30143668873310503,0.4175615519799294,0.5392024467835768,0.4977044507095627,0.0
0.9380039419459365,0.4644243208276748,0.051679136940833814,0.013064133016570167,0.7867056966188812,0.3591207070871718,0.8917958656330427,0.6019817269334595,0.16876337937306118,0.6703491210938068,0.6109506386803787,0.040220820189233564,0.7238624522404109,0.33333333333303017,0.004384670517310951,0.4960196364601188,0.8981012658226177,0.02852289617098336,0.4787894464562612,0.912865197334213,0.018151815181568054,0.9277591973241215,0.0,0.0,0.9604031387884078,0.3324303121937646,0.7857029270206937,0.5856746441771179,0.7644226624844634,0.525498003715029,0.48094685840513307,0.9043280955314685
0.4810965776743217,0.9663648124196698,0.052897163737497976,0.5268408551068262,0.49835547954216963,0.9675483513257888,0.43281653746763027,0.4373311028181206,0.1900530776223519,0.5034790039063068,0.524873226779647,0.008915100809204546,0.46042772788172215,0.21630005640167838,0.011298958640765022,0.645813984343846,0.8890822784808847,0.012598202278923054,0.34557682359024966,0.9425935417727942,0.02107133790292437,0.4108695652172969,0.0,0.0,0.4898218473522036,0.42120145243438856,0.43289940344973843,0.44736802442318435,0.5490800965935989,0.6662494395456804,0.34911815603794594,0.45749235177476066
0.4964462760557069,0.6701164294954651,0.047329041238754144,0.46003562945369936,0.5283844231022812,0.9383255601578355,0.7165374677002205,0.6616265602882123,0.3905457317967205,0.4075927734373579,0.4013736440080322,0.029659854615275094,0.334243040738329,0.2518330513254341,0.010329271891720282,0.6866790500197908,0.8962025316455424,0.003397268030255418,0.35734609415419527,0.9523321373653744,0.020563594820941944,0.43311036789293667,0.0,0.00013812154696779544,0.5258344948435933,0.6311755833218058,0.5314811924002356,0.3527498714699959,0.4411306645579316,0.7166075965582763,0.361297847314205,0.4303223648166181
0.9259989249238743,0.5963777490296707,0.016008352183689567,0.11543942992872758,0.6267596368899291,0.42973158083559326,0.7457364341084656,0.6010809419636587,0.13530395003080287,0.33929443359375,0.4805186468964564,0.019784666026595232,0.270977025752984,0.2470389170892986,0.012648088030715599,0.14262969351196375,0.8950158227847851,0.020100502512661933,0.8607734092084343,0.9313172731931445,0.014343742066500909,0.9262541806016884,0.01639344261639053,0.00041436464096022974,0.808015907298369,0.3986738799778067,0.616700780957089,0.2769213765015195,0.3917546035398516,0.2088172812092921,0.8607773688369775,0.9470805839317791
0.45296541838379767,0.3208279430773473,0.060727336001320964,0.562767220902515,0.39333640310485407,0.07077394735985365,0.4175710594314239,0.5266374983914801,0.0075071112284206265,0.23834228515616473,0.5504846267411949,0.009155122754037848,0.5159033394532457,0.22419627749593474,0.007883974872456179,0.49588695767548074,0.8963607594938026,0.003114162361043782,0.4911407139160531,0.9579702716557676,0.014724549377831408,0.4096989966554929,0.0,0.0,0.406422204461947,0.5333054645446538,0.43407237092614537,0.229545313722042,0.5900289298041343,0.5499097935393138,0.4931067533525493,0.3825761065079405
0.46712058770822296,0.3699870633881801,0.05063511397236198,0.5254750593824724,0.49033021970795687,1.0,0.8419896640826039,0.14653841204470552,0.26535878713239924,0.75250244140625,0.38770139290068073,0.06490879166098296,0.18845829405066183,0.27918781725838926,0.06075298284073938,0.1562956083322149,0.867879746835456,0.06865312477881957,0.8079410243144594,0.8129164531007973,0.03998476770760817,0.40685618729088446,0.0,0.010497237569268236,0.4807200955557107,0.14305013034085334,0.6147808491175653,0.666036437199466,0.31771752235820827,0.21821956999812642,0.8085348572107307,0.39082794765749895
0.8663919249835601,0.34282018111480284,0.051331129284676535,0.017399049881191786,0.7939744770425392,0.4784253612080249,0.8263565891472524,0.6264316046840293,0.21406996862260996,0.7407226562500853,0.673021374927913,0.0399122205458724,0.849253212921127,0.31500282007903024,0.016147392385832404,0.26986864800306876,0.9037183544303957,0.018968079835758545,0.5959001551992174,0.9477191184007552,0.011931962426956488,0.6227424749162651,0.06557377048738999,0.00013812154696779544,0.9282903676551797,0.365606838349251,0.7731358351776265,0.6681883721826409,0.8792131828876393,0.3293549971176901,0.5985354016097517,0.6338984858695085
0.3826673833840175,0.782664941785697,0.06873151209305206,0.7420427553443858,0.9732272069464898,0.062098431231873974,0.6168604651162752,0.511774546390356,0.027887745227431537,0.3705444335936363,0.5207009435779639,0.010972431765182478,0.11010767627664109,0.2007896221093688,0.012310805683185322,0.013334217858528064,0.8994462025315784,0.013305966451838458,0.8645240558716694,0.9712967708862834,0.020817466362188952,0.337792642140073,0.01639344261639053,0.00013812154696779544,0.8615412731085144,0.5999028211719519,0.5581807916363175,0.3139279595804112,0.2627600895134776,0.11286216025791873,0.8610908107091575,0.2932409566706724
0.5152003822493612,0.5821474773601949,0.06246737428210736,0.2207244655581917,0.6618865938692124,0.8951436678516842,0.7328811369509083,0.6612083386951326,0.4143280255710806,0.72296142578125,0.8910713139483164,0.029694143464524814,0.9201607701086232,0.3330513254371681,0.013912896833744526,0.9489850072972388,0.9077531645568797,0.03199094061847063,0.5325918261769402,0.9625832906208416,0.006092916983845953,0.4011705685617244,0.03278688524005702,0.00013812154696779544,0.6499511203837613,0.5018788811586177,0.8683139759658189,0.6557774848986639,0.9363935097013325,0.9518116019386582,0.5333097976979673,0.41159330350012624
0.4728543271814942,0.5549805950831797,0.08125978771533937,0.5266033254155786,0.4953295618997373,1.0,0.48126614987077687,0.9159696306781342,0.0019354271135796353,0.12359619140619316,0.541562359586635,0.00850363461800896,0.08877090259522902,0.1816130851664184,0.011214638053871795,0.22515589757196608,0.9002373417721401,0.020666713850886254,0.7213528194515959,0.9451563300870021,0.019167301345362375,0.40685618729088446,0.0,0.0,0.4867133136182815,0.8978771764573708,0.483059811128868,0.10645295803135468,0.24488958515556192,0.30942951085683035,0.7190538014724552,0.4162913258701906
0.4817535686556482,0.5226390685638762,0.06733948146853663,0.19038004750595405,0.6836271543217975,0.8612243566746116,0.8087855297156636,0.7256144640329296,0.3426878977156491,0.277587890625,0.3511136786700604,0.05023316417499757,0.21168064308042744,0.3401015228429287,0.011341118934154792,0.15297863871569461,0.8920886075948147,0.0169155637341305,0.8731893429901447,0.9497693490509391,0.01739020055833862,0.42006688963192573,0.0,0.000828729281863616,0.655262297289525,0.5512582124705432,0.5646029344611634,0.24829310526726545,0.33920051675963236,0.22904434528260254,0.8744104405838016,0.4283781883767688
0.5499014513529232,0.3712807244492069,0.056551244127376776,0.24720902612816076,0.628305486120297,0.8864355370014039,0.6082687338501671,0.6161369193153234,0.2205800416410426,0.43237304687494316,0.4542011682393081,0.012721163077728193,0.31062372847719644,0.20868584320362515,0.009865508663907008,0.03443014461987559,0.8981803797466341,0.016278575978446952,0.791839110191404,0.9543823680169226,0.021198273673576296,0.4705685618727671,0.0,0.00041436464096022974,0.6442394629013393,0.4685802028449615,0.5179920664214706,0.3716751767182984,0.42311189064372456,0.12492794158467291,0.7933444742672862,0.44845508273664336
0.8453682135818781,0.5161707632578327,0.04611101444220367,0.11074821852733407,0.6868175240099674,0.5878151397540563,0.8504521963824061,0.681508171406449,0.2167385120670957,0.6453857421875853,0.6219269529495932,0.0451584144835806,0.6980598422072148,0.3291032148898694,0.014882583582775055,0.09698819158813876,0.8906645569619513,0.014721494797839796,0.5888515261251257,0.9656586365967996,0.014343742066330378,0.5240802675583609,0.01639344261639053,0.000828729281863616,0.8367648164697243,0.45961242477464737,0.7680135854143515,0.5999829184927705,0.740405293108239,0.1794761620086831,0.5909369107499742,0.5056798072307629
0.4512930777041788,0.5058214747723468,0.03775883069414476,0.5463182897863135,0.4915142744375345,1.0,0.6921188630491031,0.1763608287220677,0.11342775871680999,0.6505126953125568,0.4895692919956218,0.02475654917022041,0.27484741725797335,0.22617033276924303,0.02226063493401398,0.0057051877404319384,0.8812499999999659,0.023993205463824552,0.9949560269011215,0.9497693490523034,0.03706524498602448,0.40685618729088446,0.0,0.0077348066299123275,0.47397838104416223,0.18377204054729646,0.5748240913514024,0.5789626166189521,0.3842388312220919,0.10280867690076434,0.9939852154417963,0.3929951468313675
0.47822970793768604,0.5782664941789335,0.05898729772047773,0.5407957244655108,0.5001315616366213,1.0,0.5431524547803406,0.7468472526057894,0.019588868361680056,0.25860595703116473,0.5337313049618047,0.01320120696746585,0.032600605369026425,0.2140439932315985,0.010961676293291589,0.4278890805359197,0.8966772151898681,0.006369877556750225,0.5027159855146692,0.9528446950284888,0.017517136328933702,0.40685618729088446,0.0,0.001933701657662823,0.49388611311741215,0.7481005339406437,0.5112212429661867,0.2336833925883468,0.1888919666634763,0.485609667570543,0.5048261799849456,0.41682464110317596
0.47763244340919186,1.0,0.04819906037931787,0.5388954869359281,0.48947506906982596,0.9998695411108685,0.4965116279069264,0.51032685626042,0.20257470455410953,0.49420166015619316,0.46864368701460535,0.007612124537075715,0.31603235250324246,0.19176536942984512,0.010287111598273668,0.7639644420856371,0.8865506329112804,0.015924693891861352,0.24159337816854531,0.9620707329574998,0.018913429804285897,0.40685618729088446,0.0,0.0,0.4858642598192091,0.5163055034524007,0.4377502950655128,0.4298896233192693,0.4287771669480378,0.7837873903111188,0.23985231938732454,0.45659541251950486
0.4659260586513483,0.619663648124515,0.03758482686617981,0.5256532066507873,0.48283120642021515,1.0,0.029909560723496043,0.9482692060223599,0.26324741209936064,0.010681152343636313,0.36151229218828007,0.12981758332183801,0.19421426090409,0.36548223350280296,0.08975926472447782,0.25281942417407777,0.8218354430377985,0.029513766013081977,0.8437661665804228,0.9461814454132309,0.0596598121351235,0.40685618729088446,0.0,0.015193370166002751,0.481538544943902,0.9445022028105825,0.07654050458026518,0.04055350782147116,0.28301095240775,0.3204491107457841,0.844156701139724,0.3976446859985572
0.603894164725574,0.5730918499339168,0.0654254393596716,0.2971496437054668,0.6452440468359271,0.6662535468510526,0.7175710594316058,0.80128040149269,0.052725726518332294,0.02429199218747158,0.5028564092689294,0.020470443011902262,0.12608544633565089,0.27664974619301574,0.021543909945606288,0.43273185617607623,0.8935126582277348,0.013730624955712756,0.5267718572168008,0.9451563300870021,0.022213759837484304,0.5028428093644379,0.03278688524005702,0.004972375690726949,0.6830755858995872,0.6768071054553246,0.6024194642572809,0.0444939770939925,0.2602303120442002,0.4850705638704653,0.5306191466792143,0.5028435398555757
0.4667025025384248,0.7037516170757954,0.05220114842524026,0.5283847980997223,0.48727141165632304,1.0,0.8114341085270382,0.830009007849668,0.2654467610920932,0.32281494140619316,0.44303228705308584,0.051261829653014956,0.29300848508907507,0.3840947546531197,0.014039377714055945,0.08504710096849522,0.8956487341772572,0.01797720999357466,0.7025995861355341,0.945668887749207,0.018405686722360315,0.40685618729088446,0.0,0.0016574585636703887,0.48601640746190355,0.8070864538685214,0.6297945410326804,0.31683349047204956,0.40610226921378967,0.179713687896367,0.699232727290763,0.4184779183252658
0.37550020904257053,0.4230271668811838,0.046459022098304104,0.6059976247031216,0.7305946585975533,0.01007794918623972,0.8145994832040628,0.49646120190448073,0.007419137268712461,0.2220458984373863,0.5377110212465368,0.009669455492968382,0.18438942092996058,0.186125211505896,0.009486066023058015,0.21129096457468677,0.9003164556962133,0.013942954207607272,0.69341696844279,0.9620707329574998,0.023990860624564903,0.3364548494980113,0.06557377048738999,0.0,0.660199225970743,0.5359520946380343,0.7055472316362454,0.19518971358331783,0.321251854806178,0.2986527745159151,0.6889699805171006,0.27799783764902486
0.4721973362001677,0.7050452781340937,0.048025056551125545,0.5271971496437118,0.49598737008292915,1.0,0.24528423772613905,0.8745656929609709,0.11275329169237125,0.17254638671872158,0.4680017972912367,0.027773967905645236,0.22860120081375612,0.22109419063701807,0.02116446730470045,0.1685020565211346,0.8791930379746304,0.02229457144866842,0.9191024314536946,0.9446437724238876,0.0236100533128365,0.40685618729088446,0.0,0.003867403315041429,0.5051843872035136,0.8704182761344441,0.2751250654687851,0.1500375960625604,0.34034759441260576,0.25073926596496676,0.9173206328886181,0.39465812069414596
0.732783849967177,0.4864165588614924,0.06264137811024284,0.22695961995248126,0.6226483357453247,0.7001728580281252,0.7187984496122795,0.6534229828850613,0.2102870883552015,0.4733276367187784,0.52506579369674,0.018104512412548956,0.45799632809013247,0.298082346306046,0.008937982208365725,0.7695369510414594,0.9030063291137935,0.016207799561129832,0.5834842214175069,1.0,0.008250825082484425,0.2908026755850983,0.0,0.0,0.7306794354098116,0.48614387352638744,0.6141009948339757,0.42173236627442634,0.5545568751674068,0.7948657044644563,0.5795375247660672,0.28474185118568585
0.550916801051244,0.821474773607406,0.02853662780569266,0.39709026128255687,0.5533482436522092,0.8968396334105364,0.6532299741601832,0.6299060609960065,0.2996979560717392,0.45098876953119316,0.46504910456383186,0.01501851597859627,0.35945020592464516,0.2901861252112212,0.008474218980566661,0.9111052142761196,0.8956487341772572,0.017694104324363025,0.7046689084324669,0.9856483854434828,0.0062198527543273485,0.3491638795982226,0.0,0.0,0.5855830490037874,0.5481609766381581,0.5361570142433578,0.4028840952746009,0.4712650151660114,0.92317505391037,0.6998662098113755,0.3357267874545755
0.49256405662063685,0.9094437257463142,0.0386288498345948,0.5338479809976775,0.4825680831469157,0.9745931313395175,0.47209302325569524,0.5813923561961047,0.0,0.41864013671869316,0.553052185634499,0.010046632834956881,0.07641542202165397,0.18274111675100357,0.0068721278299932465,0.8078147804164928,0.8973892405061861,0.017481775072525352,0.47238748060010494,0.9687339825727577,0.0022848438690630246,0.40936454849492065,0.0,0.0,0.49114745554928163,0.5759926672511853,0.4793089412509772,0.35277331667609246,0.23609455689816627,0.8282100689626191,0.4736486118649168,0.471790048337823
0.46252165083919294,0.606727037516066,0.014964329215217731,0.5335510688836109,0.4857913432443297,0.5421219138318634,0.48934108527129183,0.555687813666168,0.004779918477467504,0.4325561523436363,0.5359779189936091,0.00925798930185806,0.3108718304966658,0.23519458544853933,0.009022302795258952,0.454424837468423,0.8983386075949511,0.008563946492955665,0.5616916709777797,0.9569451563297662,0.018786494033861345,0.40685618729088446,0.0,0.0,0.4625865449019244,0.5596405650125433,0.471724043353106,0.3982469684511045,0.42006604316827634,0.5045957256015754,0.5623064702650709,0.38391424291046405
0.56632622588549,0.39715394566610485,0.058639290064263605,0.4872327790973543,0.5898565978160519,0.028570496722224448,0.5482558139535172,0.5075601595676034,0.005219788276022541,0.2242431640625,0.5527312407729426,0.011041009463696128,0.5742073140475838,0.2577552171460411,0.006829967536546633,0.5015921454159127,0.8935126582278485,0.012315096609711418,0.5157139161925102,0.9487442337258472,0.017263264787914068,0.5060200668896186,0.0,0.0,0.6297443394956019,0.4783668527903586,0.5259606589042818,0.2201387621265951,0.6315007292793098,0.5520288447167729,0.520499923289151,0.4887543210655849
0.4650898883114962,0.6313065976719372,0.06646946232814344,0.5402612826603956,0.48569267201681043,1.0,0.12060723514210281,0.7929481405224408,0.38403565877834467,0.18041992187494316,0.26574234546507114,0.07252091619807288,0.10132486478448754,0.31500282007880287,0.05910873139674777,0.023351466100592688,0.8480221518986468,0.0593814141128064,0.9727754785307354,0.852895950794391,0.05978674790566174,0.40685618729088446,0.0,0.016160220994493102,0.4749795824859149,0.7917830505284797,0.06686352289983688,0.17680364807407045,0.23264872643346735,0.10961686273680016,0.9726035306752578,0.3833906243183378
0.4634772740847666,0.6701164294936461,0.07899773795026022,0.5296318289785233,0.4893435074332473,1.0,1.0,0.10954188650099184,0.4583150054250069,1.0,0.2646511329354553,0.29652996845429413,0.039745943532068395,0.8124647490133157,0.19794257768032253,0.044049356507883886,0.7168512658226973,0.1712081534432741,0.9668261769270714,0.5720143516143708,0.12033511043421186,0.40685618729088446,0.0,0.05469613259680273,0.4863049633359253,0.10429170297295798,0.6467850624634508,1.0,0.10239564524263756,0.09294201165744198,0.9678557111583643,0.3931357481201303
0.46252165083907926,0.6934023285903095,0.05846528623629865,0.5558194774347385,0.493060123667874,1.0,0.471124031007804,0.7559837858705265,0.004809243130694085,0.26049804687494316,0.5387380448039778,0.006069126320127793,0.1107527415273637,0.220812182741156,0.008727180741175289,0.10295873689793211,0.901740506328963,0.012031990940556625,0.7408820486290608,0.9677088672476657,0.005965981213421401,0.40685618729088446,0.0,0.0,0.4881674603410886,0.7514719335057691,0.46283633456414464,0.2129611797627433,0.26304168673283357,0.19376507889063532,0.7401385413074877,0.4165337418850754
0.5438690796154049,0.8745148771022286,0.06194536279787144,0.4586104513063276,0.524930930140826,0.8482763119271937,0.47596899224799927,0.5027666966928024,0.11990850708188816,0.48156738281255684,0.5015084408499035,0.01172678644906,0.3215898377412998,0.20360970107162757,0.007926135165888581,0.14661005705184493,0.8924050632909939,0.01181966168869053,0.849974133471278,0.9543823680164678,0.01726326478814144,0.51153846153818,0.0,0.0,0.5453111419292611,0.4509468601918769,0.44184546882954123,0.4083736228034809,0.43986520113509187,0.22435787945428842,0.8504816281820808,0.5241470592511632
0.4464552350235067,0.6791720569217432,0.04732904123886783,0.5183491686461537,0.48352190501252323,1.0,0.4985142118862598,0.31952129713030786,0.01108471892321461,0.6837158203124147,0.5341164387958486,0.012343985735782326,0.016622835309874517,0.19402143260003868,0.009233104262406755,0.2989253018442639,0.8956487341770867,0.013942954207635694,0.607604759441216,0.957457713993108,0.02221375983742746,0.40685618729088446,0.0,0.0,0.48212090316239653,0.3201635210223941,0.4975205743455575,0.6083662543101411,0.1764419214354973,0.3677487883511219,0.6077241975475545,0.3974749947880696
0.919966553186498,0.4075032341534097,0.056899251783363525,0.06745843230405058,0.5800881462965037,0.20178728678126845,0.9711886304908717,0.5797194698236581,0.08020292660043538,0.0,0.4959240002567924,0.03644904676998806,0.22294447476809864,0.30146644106014264,0.023904886377991375,0.39797001459459125,0.8923259493670344,0.008847052162195723,0.537894464562811,0.9554074833408777,0.015486164001060843,0.5814381270902231,0.21311475409311242,0.005110497237694744,0.7594178516403218,0.3453892989280405,0.7497581848765549,0.025918675278887804,0.35016441829483824,0.45129384888016943,0.5409379830510659,0.5563253610786205
0.6887057277669157,0.17335058214666788,0.07047155037412267,0.19714964370538723,0.5156229443494453,0.11154235021686532,0.8382428940567195,0.529597220434951,0.05671387935838368,0.6444091796875284,0.5619102638167419,0.021807708133295023,0.7138391306505696,0.24478285391978716,0.008937982208365725,0.01764627835999022,0.8880537974682738,0.008988604996744698,0.972258147956552,0.959507944643974,0.021959888296521513,0.6647157190633948,0.16393442622211296,0.00041436464096022974,0.619567061259545,0.367661709098698,0.727012244671684,0.5424467082093258,0.765134126479694,0.10511187736190664,0.9714965859582207,0.5943895237494985
0.468315116765325,0.7697283311781575,0.02592657038451307,0.5440617577197031,0.49674384949351236,1.0,0.4975452196382264,0.45566851113106566,0.022785255564329532,0.5064697265625,0.519545542075889,0.005554793581069362,0.23688780826680045,0.19571347997725752,0.007293730764374118,0.070983149794273,0.8988924050632932,0.016066246726580857,0.8931065700982401,0.9646335212712529,0.019294237115957458,0.40685618729088446,0.0,0.00013812154696779544,0.489367153247656,0.45977257982643494,0.47450619382264847,0.4318272021328369,0.3675625289498896,0.15823494246004088,0.8938982765646415,0.38510692970425
0.4649704354058315,0.49805950840800506,0.07047155037395214,0.5251781472684911,0.49483620576242515,1.0,0.6350129198965817,0.1545811349890016,0.061845693674712265,0.74554443359375,0.4957314333396994,0.015429982169763434,0.1763012950925429,0.21376198533562274,0.022513596694636817,0.059904471275046944,0.9017405063291335,0.011890438105893963,0.688114330056834,0.944643772424115,0.024371667936065933,0.40685618729088446,0.0,0.0064917127072021685,0.49933369825451734,0.13288616595139047,0.5553680039565592,0.6692233105635808,0.30503300434347125,0.15434111920063742,0.6845059083793501,0.35440251724782
0.2700232933165694,0.7257438551087034,0.01740038280826184,0.783076009501201,0.8877450335481711,0.08473304849809438,0.86841085271314,0.5311092523484433,0.033107533503411446,0.11920166015622158,0.529687399704784,0.01368125085723193,0.14851386890290996,0.2335025380710931,0.013997217420651964,0.1022953429746849,0.898259493670821,0.00672375964325056,0.8735126745991124,0.9779600205024508,0.023356181771987394,0.21321070234097306,0.21311475409311242,0.0012430939227670024,0.7463733773103911,0.6512329676912003,0.7242125872248124,0.10194812915628404,0.2862521938721727,0.1969089608643344,0.872340074533156,0.17818061932445062
0.47171952457750876,0.7593790426890337,0.06003132068889272,0.5364014251781839,0.49138271280097,0.9997390822217227,0.5856589147286684,0.5860571355037649,0.32515175508051186,0.5237426757812784,0.6253931574556191,0.007749279934174069,0.6266064605766246,0.23575860124060455,0.004216029343567129,0.1156295608331277,0.8990506329114396,0.015712364639995258,0.8297335747542434,0.9528446950282614,0.018786494033861345,0.40685618729088446,0.0,0.00013812154696779544,0.4964927345128558,0.5813628380561227,0.5984876889476709,0.4484381306133116,0.6873719163667715,0.20205980314707972,0.8276993531549408,0.4213917588251661
0.4354058412470465,0.7800776196627339,0.024534539759656582,0.6034441805227004,0.7216155768977615,0.039333355076493604,0.6764211886304565,0.5100051473426959,0.005835605993922854,0.07470703124994316,0.5389948006933594,0.010869565217348054,0.43849550935340176,0.1751269035532914,0.008263417513404647,0.5003980363539426,0.8964398734176484,0.008776275744850182,0.49385669943089283,0.9707842132238511,0.02310231023096776,0.371739130434662,0.0,0.0,0.6827511791442333,0.5415385200044653,0.5884430607448365,0.05677591574462326,0.5262362405276519,0.5488689497619532,0.49501379969083814,0.3945078227648082
0.7898226124351879,0.4294954721854083,0.06525143553142243,0.21324228028493053,0.5947243783713105,0.5453507713381782,0.7002583979327426,0.6011452837472575,0.1923110759215092,0.5083618164062784,0.5534373194685998,0.006754903305434823,0.5639855108422296,0.28990411731547283,0.014460980648408395,0.2607138118613932,0.8935126582277348,0.023002335621754355,0.7130755302637226,0.9308047155304848,0.0210713379030949,0.7568561872907367,0.0,0.0,0.7361751131926155,0.44536224448710016,0.6345914528019136,0.44359502090807723,0.6442863924177686,0.3227096099238054,0.7104786917265926,0.7226906238333299
0.46568715284007567,0.5769728331188162,0.3796763528796987,0.53491686460805,0.49177739771084816,1.0,0.9368217054262971,0.19128812250670535,0.5485762880854423,0.7352294921875,0.4098465883560891,0.45909340282535993,0.253113680345308,0.6435420191767207,0.43016147392383175,0.0038476847551862647,0.5212025316456561,0.45063344893478074,0.863812726332128,0.18913377755029614,0.4287890327496484,0.40685618729088446,0.0,0.35593922651963794,0.48702023213883194,0.1827396286031302,0.6912805040842187,0.7366684697146297,0.16099660129390259,0.0,0.8637715635635459,0.38621719505283636
0.5033148181329068,0.6649417852522674,0.03688881155369472,0.4945368171021016,0.767300355216463,0.012034832523411865,0.7249354005167277,0.5019945952901423,0.0042520747192327235,0.01458740234375,0.540021824250573,0.010183788232026814,0.40619262640802845,0.23519458544842564,0.006324044015286745,0.49111052142754374,0.8950949367088583,0.00821006440645533,0.4958613554061344,0.9564325986671065,0.01916730134541922,0.43110367892973045,0.01639344261639053,0.0,0.760739962190442,0.48760336560863493,0.6247423191784236,0.0227217539693072,0.5009131795544022,0.5427519909473517,0.498337933230232,0.4555772652563519
0.582691273965338,0.33376455368761526,0.046807029754518226,0.4153800475059768,0.5241086699118398,0.44731091614750085,0.8098837209301166,0.6129198301376846,0.20143104307796023,0.479736328125,0.5191604082418451,0.03970648745027461,0.4743710613804524,0.27636773829658523,0.01197352333574031,0.34649064614569625,0.8960443037974528,0.009625592752371404,0.544813760993236,0.9533572526913758,0.013582127443498848,0.4645484949830916,0.0,0.00013812154696779544,0.5741912128615496,0.5601156011831705,0.6637026381555842,0.4507910245052642,0.5574061792774216,0.4074422998911018,0.5453657619194132,0.46817804971453825
0.6024607298572278,0.6119016817610827,0.08717591787006995,0.2890142517813672,0.6091303775818915,0.8728025830860133,0.5879844961240224,0.5937138077467097,0.2857980704378775,0.43627929687494316,0.4099107773284345,0.0132697846659795,0.2913710117600772,0.22476029328811364,0.012858889497863402,0.511609393657892,0.8962816455696156,0.004742019958825949,0.4836394205897534,0.9559200410046742,0.017771007869782807,0.4195652173910389,0.0,0.0,0.6521528891438351,0.4635095310352426,0.4520345295947976,0.3788293138760821,0.4019495722596105,0.5608920298055295,0.48584150069370935,0.4353500729671964
0.6114196977841857,0.5937904269103456,0.05498520967432796,0.10451306413298767,0.7506249177740045,0.6624702390659252,0.6880490956072265,0.6356646506240793,0.1636315650567326,0.5175170898437216,0.5483022016819064,0.020401865313402823,0.5543591524835563,0.2095318668921209,0.011003836586667148,0.0675998407854479,0.901028481012645,0.011324226767527534,0.9339756854630537,0.9569451563306757,0.013074384361459579,0.5744147157189445,0.0,0.00013812154696779544,0.7786601563798143,0.41238659076944373,0.6160296801620859,0.4342906234248005,0.6284468361690472,0.1443837137306332,0.9334678383893902,0.5754810745816599
0.8172370542914678,0.7322121604120184,0.04732904123886783,0.2582541567695955,0.5891330088146276,0.547503343009069,0.8524547803617679,0.7201132415390106,0.10627254332720781,0.37335205078116473,0.5182617626291517,0.03518035934712316,0.39269587654447946,0.31641285955993226,0.011045996880156395,0.2179249038078126,0.8969936708861042,0.014013730624952814,0.6644464562855603,0.9548949256795822,0.019040365575278884,0.6419732441470387,0.0,0.00013812154696779544,0.7449174817641477,0.5757881754901177,0.7208031034034832,0.3593563956009973,0.48923666464756366,0.29431058778314423,0.6637478079690311,0.6818823118730393
0.8581496744908179,0.6183699870616692,0.04941708717592519,0.1815320665082254,0.6373832390475087,0.05831512344676071,0.8862403100774259,0.5173079397760887,0.01744816867545751,0.27581787109366473,0.5372616984402327,0.006754903305434823,0.29851634992309073,0.22560631697695044,0.012015683629144291,0.05764893193574494,0.8923259493669775,0.008634722910329629,0.8315442317640986,0.9507944643773953,0.01091647626270742,0.7066889632108087,0.24590163933316944,0.00013812154696779544,0.7895107316552838,0.32719134185502696,0.7445644482894664,0.2168982997201283,0.42200159303564533,0.14662286226703714,0.8310333848587561,0.7030985615033956
0.45989368691388677,0.23156532988286926,0.03358273882025742,0.5248812351543108,0.49519800026317284,0.9999673852777136,0.7431524547803576,0.7151910950971256,0.38180698513242817,0.5653076171874147,0.6339302907761066,0.03398024962285717,0.6409467573066365,0.2822899041174196,0.016020911505535196,0.06162929547562612,0.9038765822784853,0.007926958737357381,0.8301862390067356,0.9579702716557676,0.02018278750938407,0.40685618729088446,0.0,0.0013812154697916412,0.48354357106258306,0.7064204079158145,0.722070900340043,0.5123882794065651,0.7023356477942855,0.15279853534596555,0.8283295362874981,0.3820427912749551
0.4510541718927641,0.17464424320860417,0.03723681920996569,0.5241686460807671,0.49526378108141955,1.0,0.496834625322947,0.5341654870672699,0.019119673909855806,0.45538330078116473,0.5201232428269691,0.015875737210237162,0.13040242147587833,0.2134799774386238,0.017285720308635177,0.28625447790895464,0.8985759493669434,0.006936088895088233,0.6474392136575489,0.9528446950282614,0.019675044427287958,0.40685618729088446,0.0,0.00013812154696779544,0.48007565410370034,0.5325010699624073,0.48726586241558323,0.4111920715011479,0.2637301631999094,0.3552079552490568,0.6442863670932297,0.4060710666788623
0.45959505464961126,0.5717981888737995,0.0633373934225574,0.5305819477434284,0.4932245757136968,1.0,0.5872093023255047,0.3862115557842998,0.20949532271779958,0.6002197265626421,0.3924513768534439,0.012035386092406952,0.5655237433632863,0.21968415115600237,0.011256798347275776,0.49741276369903176,0.894936708860655,0.003468044447487273,0.48907139161923396,0.9554074833417872,0.016120842853240447,0.40685618729088446,0.0,0.0002762430939355909,0.5021265693504802,0.36960347599800514,0.4345042096985452,0.5649323354606679,0.6307340952166101,0.5511988385251243,0.4908928639183614,0.397513781350483
0.6718628680643235,0.24967658473178744,0.0894379676352628,0.32072446555812917,0.5420339429022789,0.41107595968820476,0.8985788113694184,0.6112469437652095,0.20861558312070372,0.9039306640625,0.7203286475383948,0.050164586476427075,0.9697811740187774,0.29751833051284393,0.03086133479489206,0.011012339126921233,0.8897943037974869,0.02901833109206109,0.57223228142783,0.9564325986671065,0.03465346534648006,0.4573578595317258,0.09836065572744701,0.021961325967026823,0.634772206997738,0.5040586185586022,0.8513978591884808,0.8280143417674708,0.9629843328502261,0.10337446890287083,0.5748325972948294,0.4080491813610365
0.46921101355789574,0.5420439844765497,0.014268313902732643,0.5363420427553649,0.4988817260886975,1.0,0.4810077519378808,0.4910243211941605,0.13304595173160294,0.5101318359374432,0.45349508954367934,0.011795364147587861,0.19098893464993694,0.175690919345584,0.012015683629144291,0.6652514262968339,0.8952531645569479,0.01479227121521376,0.3593507501293516,0.9400307534597232,0.013582127443442005,0.40685618729088446,0.0,0.0,0.48591585011185146,0.48882850651342835,0.4014349885694344,0.44759410319574044,0.33106178242994133,0.6826147063219423,0.3625582135792911,0.3661112107710096
0.46538852057577174,0.4385510996107769,0.04663302592638274,0.5261282660333109,0.48990264438893405,1.0,0.7200904392764471,0.296422596834347,0.3895780182399733,0.6394042968750853,0.32601579048721874,0.03528322589492916,0.30437155758451695,0.23688663282575817,0.035878409713717474,0.19881915881643408,0.8759493670885377,0.015712364640080523,0.7953310915674479,0.9384930804712894,0.03249555724818265,0.40685618729088446,0.0,0.0085635359117191,0.4837236998809118,0.29218796231197075,0.5026267760463696,0.5870043222912216,0.4010013367247325,0.2761999060572293,0.7931844539430415,0.35344739814888726
0.5205160365526922,0.4346701164276965,0.04819906037914734,0.5252375296912817,0.491218260755133,0.676201037148175,0.48888888888888005,0.4981340882769132,0.6951995542652725,0.24224853515622158,0.09615508055719602,0.11099300507474652,0.7076365801618181,0.15566835871368312,0.09064463088661512,0.5484277564017077,0.8879746835442575,0.02838134333634912,0.5392524573202309,0.949256791389189,0.04239654734698206,0.44648829431434933,0.1967213114767219,0.005662983425509083,0.5069227177416309,0.5004619161239674,0.17618876022881125,0.19475932658667716,0.7482130070330584,0.5774441146957088,0.5412514249232458,0.413556873221296
0.49268350952633,0.4864165588614924,0.0422829302244736,0.46834916864611387,0.5367714774372132,0.9617755454812169,0.36434108527117814,0.21281044910560354,0.0455998357819567,0.7650756835937216,0.5121638102574764,0.014229872445497449,0.06371259862069678,0.22983643542022492,0.010329271891706071,0.9746583521294383,0.9034018987341597,0.0169155637341305,0.43488101396792445,0.9620707329568177,0.0033003300329710328,0.41070234113698234,0.0,0.0,0.5323899596546511,0.17829781420022073,0.38236113684475015,0.6788592902466064,0.21990099271636154,0.9735492239042003,0.43601909025971963,0.3980325516225207
0.4707639013318783,0.3673997412679455,0.037062815381659675,0.5057007125890323,0.505788712011551,0.9888457649782936,0.4192506459947083,0.42806588598627116,0.1769742822791045,0.5412597656250284,0.4259580204120823,0.009909477437929581,0.19560363221359012,0.2013536379015477,0.009401745436136366,0.10110123391268644,0.899604430379668,0.009059381414061818,0.7939730988101701,0.9620707329574998,0.009520182787298381,0.41337792642116256,0.0,0.0,0.4890506161979715,0.3982097017767927,0.35926651600939863,0.4641531172913176,0.34125790052604543,0.18863024958903907,0.7931844539430415,0.3630179824200468
0.8341396404468071,0.6002587322127511,0.052549156081454385,0.195902612826643,0.6080121036706032,0.5183457812856744,0.7945090439276328,0.641873632737088,0.17363127181020843,0.20648193359377842,0.4161371076448859,0.03473460430667785,0.10871830496708412,0.2743936830229359,0.011889202748861294,0.0463048958470722,0.8907436708860246,0.01910963267030752,0.9672788411795068,0.9364428498206507,0.022086824066946065,0.8277591973242124,0.09836065572744701,0.001933701657662823,0.7590173710636208,0.4709888624376788,0.6089422722013751,0.17375744594622233,0.25447078687457747,0.12211766338577945,0.9654884001762127,0.8305851437770002
0.4443050827210868,0.39327296248302446,0.04002088045922392,0.5388954869358713,0.4958229180370921,0.9999347705554413,0.7281653746769052,0.7605520525029164,0.21474443564707713,0.18316650390622158,0.34347519096220935,0.027876834453422816,0.013645611075276065,0.2560631697687086,0.025717778995741014,0.21122462518241036,0.8950158227846714,0.017694104324363025,0.688566994309241,0.943618657099023,0.03808073114998933,0.40685618729088446,0.0,0.014364640884252822,0.48074982555488077,0.7603401801879954,0.5193094664602711,0.17497827131793997,0.1668480765760023,0.2960586715631166,0.6860929140690928,0.3409532767373662
0.4842620796750907,0.501940491588357,0.01357229859047493,0.5034441805225356,0.5071701091961813,0.9847363099702875,0.4793281653746817,0.5102303435851212,0.02354769654850486,0.471923828125,0.5127415110084996,0.011966808393921724,0.03587555202707904,0.19966159052421517,0.007757493992130549,0.10375480960590266,0.8926424050632704,0.014296836294050763,0.8779099844800555,0.9707842132238511,0.019040365574824136,0.42642140468223033,0.0,0.0,0.5002063611705125,0.49391908460076195,0.46674476723745784,0.3983742424267973,0.19839845891610253,0.19126171616457555,0.8794684025847346,0.3610835026204313
0.63029325688359,0.7024579560138591,0.029406646946085857,0.31235154394300935,0.6359689514537621,0.6072861289585632,0.587790697674393,0.6411980440097551,0.03668514119823385,0.25396728515630684,0.5013158739328105,0.014092717048399095,0.024661340743364235,0.18443316412856348,0.012437286563510952,0.3525275308477376,0.9015822784809302,0.01889730341838458,0.6392265907915373,0.9436186570987957,0.01408987052559496,0.5956521739128675,0.0,0.00013812154696779544,0.6730364647183649,0.5232392218817097,0.5099972134727864,0.20574508027473826,0.18378068978674378,0.40286792493114376,0.6381412567039604,0.6149124635770704
0.4724959684644432,0.4230271668811838,0.05637724029912761,0.3229809976247111,0.5940665701880903,0.8451452985877523,0.43811369509049314,0.4517114914424809,0.07108295944402698,0.54718017578125,0.4733294819949947,0.018653134000800264,0.10812286012014738,0.2053017484488464,0.007588852818415148,0.07350404670293642,0.8947784810125086,0.010828791846591912,0.9208484221417166,0.9569451563302209,0.017263264787914068,0.4280936454850348,0.0,0.0,0.5806653573808376,0.33908353307472794,0.3875607090909199,0.47268214831768773,0.2514157443878844,0.16764256890920137,0.9193745019986466,0.4064346907014169
0.4797228692588362,0.9754204398441289,0.03149469288308637,0.5356294536817074,0.5005591369557152,0.9994129349988583,0.37041343669253024,0.31398790374467467,0.10175654672883638,0.5963134765625853,0.488991591244627,0.015155671375666202,0.27013347888649264,0.19966159052455623,0.013196171845379467,0.6651187475121958,0.8881329113923471,0.011890438105922385,0.31621831350236107,0.9374679651459701,0.020944402132329287,0.40685618729088446,0.0,0.0,0.5047629207450797,0.3045931925959451,0.3731159939367643,0.5267970331766776,0.38718008544464055,0.6833432969660862,0.31809071007782563,0.44907081941465776
0.46544824702868937,0.39844760672622215,0.028014616321513586,0.5273159144893214,0.4846072885146242,1.0,0.5803617571059192,0.06115686526824504,0.02255065833848846,0.8226318359375284,0.5328326593490829,0.014744205184484827,0.17282786681889206,0.1830231246473204,0.012479446856943355,0.49555526071375766,0.8971518987340232,0.014650718380494254,0.4866787377133335,0.9528446950275793,0.02081746636184789,0.40685618729088446,0.0,0.0,0.4864028974507306,0.05633476568047513,0.5259548232451721,0.7343222744529498,0.3118809889693921,0.544532100689679,0.48774194825568884,0.4401256684620307
0.4587588843099013,0.7205692108645962,0.036888811553751566,0.5255344418052061,0.4961847125378398,0.9993477055542712,0.4332041343669175,0.5333612147728672,0.6516817688630994,0.46716308593744316,0.18216830348549706,0.012309696886518395,0.7738798193816763,0.22194021432585487,0.004764113158202576,0.5635531378531482,0.9006329113923925,0.007926958737243694,0.53149249870674,0.958995386981087,0.018786494033975032,0.40685618729088446,0.0,0.0013812154697916412,0.4872388350736969,0.5202080386978025,0.22037053517368577,0.4102643112049975,0.803055502237271,0.5991763990008394,0.5325195942411938,0.3997779469302145
0.8675864540403779,0.43855109961259586,0.0595093092046568,0.08954869358663586,0.6671161689251619,0.5664524966569786,0.7709302325581291,0.6186784197657715,0.2885839124952554,0.6398925781250853,0.6768085242955522,0.03206007406394917,0.7454473279412639,0.35222786238034587,0.017833804123270625,0.1626641899959509,0.888924050632852,0.011536556019450472,0.6306906363165581,0.9569451563299936,0.015232292459927521,0.6083612040133062,0.01639344261639053,0.0006906077348389772,0.8262744988309265,0.3951748992696906,0.7524352934825629,0.5933864423071782,0.7816495160550971,0.24539359907768699,0.6310063298761293,0.640962488545938
0.9618347966314786,0.7141009055612813,0.03166869671133554,0.22119952494057316,0.6314958558084811,0.151788917517365,0.7043927648578006,0.5440097799511108,0.019735491627855595,0.1466064453125,0.5183259516015539,0.018138801261812887,0.2908251873171821,0.23857868020286332,0.011889202748832872,0.4654371765954295,0.8855221518986696,0.014155283459501788,0.5471417485773031,0.9123526396724628,0.02208682406705975,0.940468227424617,0.09836065572744701,0.00013812154696779544,0.8239310753690603,0.3853113387062166,0.6068122566347824,0.12162368099779997,0.3936028008004371,0.5014625189486992,0.5469428694448482,0.9194306132641259
0.46783730514249555,0.7645536869349598,0.01966243257345468,0.526959619952521,0.4872385212471926,1.0,0.500129198966448,0.27055719984551274,0.015424767602141287,0.62945556640625,0.5424610051993284,0.009463722397441643,0.28412643278917926,0.19966159052410148,0.006197563134989537,0.13805227544111176,0.8950158227846714,0.009767145587062487,0.9384376616658585,0.9692465402363268,0.02259456714892849,0.40685618729088446,0.0,0.00013812154696779544,0.4819626346375969,0.26215843768292757,0.47790108849630997,0.5444429000379785,0.39761987133877597,0.22588445032772597,0.9374353526138464,0.42115903945079936
0.45714627008305797,0.6778783958607164,0.04141291108402356,0.5334916864608772,0.4977963425864971,1.0,0.4430232558139551,0.13592201775827562,0.009853083487271874,0.84368896484375,0.5284036202580467,0.00833219037171773,0.2879472038902122,0.21742808798614988,0.007757493992173181,0.48195568528581134,0.8981803797468615,0.010758015429189527,0.5285178479048227,0.9559200410049016,0.01904036557488098,0.40685618729088446,0.0,0.00013812154696779544,0.48053821791391726,0.13421174307511308,0.4467065728486972,0.7508042543000784,0.40379776952016755,0.5320446441915578,0.5299889635466855,0.4152004538028109
0.5148420235322817,0.3234152652003104,0.06838350443689478,0.25730403800480417,0.49516510985399975,0.011121620299405777,0.9076873385012334,0.5015763736970484,0.012756224157655538,0.32312011718741473,0.5379677771359468,0.008366479220939027,0.3187118543145857,0.19796954314745108,0.010919515999830764,0.238224757861218,0.899367088607562,0.015500035388214428,0.7469606828762778,0.9513070220402824,0.01637471439437377,0.47842809364550476,0.06557377048738999,0.0,0.5048005204498907,0.3720827123931798,0.7494766143256442,0.2526103724941038,0.43803194576784676,0.3058159147682602,0.7475935087837797,0.49538197491483515
0.4727946007287187,0.5200517464409131,0.08299982599606892,0.5932304038005327,0.4960202604920312,0.005381429177134578,0.9114987080102992,0.4987775061123898,0.009853083487342928,0.3222656249999716,0.5469542332628237,0.008263612673133025,0.32481516399545285,0.17992103778919954,0.011467599814508844,0.2678121268409086,0.8994462025315784,0.010828791846421382,0.7440506983962791,0.9543823680157857,0.02069053059159387,0.4153846153845393,0.06557377048738999,0.0,0.49072336585560095,0.5237640237463665,0.7656764039501098,0.27010049620108134,0.44837403466752335,0.3321866259581441,0.7439460352077845,0.4013148644652347
0.9711521232754592,0.2095730918499612,0.0572472594395208,0.17945368171027098,0.6032101039337192,0.3577835034734278,0.7821705426356118,0.6329622957147905,0.054602504325401924,0.3730468749998579,0.5242313370563636,0.027636812508546882,0.5468664714931037,0.2715736040606771,0.007841814579009565,0.5137322542125276,0.8856803797467023,0.011748885271316567,0.546107087428851,0.9128651973351225,0.01624777862417659,0.9570234113711535,0.0,0.00013812154696779544,0.8225223980567051,0.4557858953165095,0.6709476089116322,0.35247020365508774,0.6111004474522304,0.5479241838717428,0.5461526659881031,0.9109557493807188
0.4843218061280652,0.584734799483158,0.06977553506175127,0.5270783847980738,0.49930930140770613,0.775871628453146,0.4829457364341465,0.6709561189035895,0.004457347291889846,0.2838134765624716,0.5453495089544447,0.011281031408572062,0.2833821267304586,0.22673434856119457,0.010708714532626118,0.4923046304895138,0.8966772151898112,0.003397268030170153,0.4861614071390079,0.9559200410039921,0.01815181518151121,0.4187290969896367,0.0,0.0,0.4908169279117658,0.6573487190762819,0.4733069658803686,0.25760252672336037,0.39858075001407656,0.5427466532869119,0.4888455935846423,0.4192148630106658
0.47022636325630174,0.34540750323230895,0.02975465460229998,0.5387767220902901,0.49575713721877435,0.9999673852777136,0.6282299741602628,0.3114142324024982,0.1510219641652384,0.6835937500000568,0.4214006033763269,0.02252777396782335,0.06793033295298301,0.17005076142140751,0.013702095366568301,0.5119410906195867,0.8962025316455424,0.016349352395678807,0.4740041386445455,0.9497693490511665,0.01916730134541922,0.40685618729088446,0.0,0.0,0.4747749701388386,0.3051894760939007,0.5008410643658578,0.6020176274456333,0.22449160208125818,0.5622291137348725,0.4749155769062554,0.41555922950493596
0.48133548348553745,0.6481241914625571,0.03601879241341521,0.5482779097387152,0.4864491514274363,1.0,0.6107881136951221,0.7370351306138332,0.07076038825846354,0.21783447265619316,0.48334296167914204,0.010903854066626195,0.06723564729836085,0.2160180485050205,0.009907668957353621,0.23258590951300562,0.9044303797467137,0.016844787316728116,0.6129720641490621,0.9651460789332305,0.0066006600659420656,0.40685618729088446,0.0,0.00013812154696779544,0.48021730880550706,0.7373230942679783,0.5294022388505937,0.19110354910179694,0.22100324468956956,0.3070889467728648,0.6116752148313935,0.44334495314103606
0.45816161978146397,0.6610608020719155,0.05672524795534173,0.5384798099763373,0.49562557558215303,1.0,0.5757751937984779,0.7552760262514653,0.03891381484416456,0.27929687499991473,0.5090827395853523,0.015395693320499504,0.1869200615294062,0.19120135363800728,0.00581812049406949,0.14992702666845048,0.8981012658226746,0.015146153301685672,0.918649767201174,0.9656586365967996,0.018532622492784867,0.40685618729088446,0.0,0.0002762430939355909,0.49123926878195334,0.7495021168516445,0.5229129859462489,0.2168061935535377,0.31975421734938436,0.22799816384485894,0.9171639119525139,0.3964423025641963
0.4586991578569837,0.6248382923677127,0.0408908995997308,0.5475653206651145,0.4961847125378682,1.0,0.5372093023256355,0.1951808004117197,0.014193132166241185,0.5338134765625,0.5309069901790906,0.010183788231984181,0.41919317223249664,0.1889452904680411,0.013870736540326334,0.021759320684537897,0.8989715189872527,0.01238587302705696,0.9254397309881313,0.9579702716557676,0.020436659050290018,0.40685618729088446,0.0,0.0012430939227670024,0.4884796253320758,0.21034239702345303,0.49538472311985515,0.4641782371549539,0.5045819890418386,0.11465828298145198,0.9237989814789103,0.35509582705066123
0.46944991936931046,0.40750323415159073,0.034452757960650615,0.5260095011877013,0.4860873569266886,1.0,0.6036175710594875,0.05153776862695736,0.029207354623068227,0.82891845703125,0.5293022658707116,0.016972980386739778,0.17506078499479827,0.1852791878171729,0.013870736540326334,0.5006633939232756,0.8967563291138845,0.015712364639995258,0.48098810139683223,0.9507944643773953,0.020563594820771414,0.40685618729088446,0.0,0.0,0.4853973239503091,0.0478221175031166,0.5325812141380339,0.7412335862624104,0.3122108599978901,0.546328223413127,0.48173376247373767,0.4151665155605997
0.46741921997249847,0.4812419146155662,0.03967287280312348,0.5316508313538861,0.5534140244704986,0.011089005577133548,0.8863049095607209,0.49736198687426736,0.00571830738101653,0.11083984375005684,0.5432312728674447,0.014024139349842812,0.14692601597784005,0.18979131415653683,0.006914288123454071,0.05579142895038558,0.8992879746835456,0.013801401373029876,0.9321650284531984,0.9589953869806322,0.02195988829646467,0.41103678929749776,0.4098360655698343,0.0,0.5492870921087984,0.5001560833132004,0.7353514015064775,0.08757119388013734,0.28545797477579526,0.14723135555232147,0.9319369222977514,0.3834051692791718
0.5127515976826373,0.6157826649405251,0.06820950060892983,0.13598574821844522,0.7493421918168508,0.6811584749355717,0.41537467700248953,0.4431862051215205,0.14709246063164017,0.5485839843750284,0.44149175171708066,0.01597860375798632,0.23520071453384617,0.1708967851095622,0.005902441080905874,0.8484144885231899,0.8923259493669775,0.01118267393297856,0.22296947749603646,0.9774474628397911,0.005965981213478244,0.4573578595317258,0.0,0.0,0.725234473507939,0.24316332467410007,0.3463317776438686,0.46515456252080867,0.36624534358884375,0.8653254905310348,0.22150112261675758,0.47817528617213156
0.7637818789942799,0.408796895213527,0.038454846006516163,0.041211401425158556,0.518944875674265,0.07403541958842652,0.8315891472867634,0.5171149144254201,0.03243306647902955,0.6204833984375,0.5481096347648418,0.0118639418460873,0.6632263186623106,0.1720248166947158,0.010877355706398362,0.16671089292816532,0.9028481012657608,0.008139287989195054,0.5381531298499169,0.9584828293184273,0.013328255902536057,0.4660535117054678,0.03278688524005702,0.00041436464096022974,0.6566631048962108,0.2656302734669822,0.705439271943149,0.5422223040943663,0.7114410076812874,0.24850011742856282,0.5391876576488812,0.43915600440232083
0.4713611658604009,0.5381630012934693,0.048025056551296075,0.5457244655582372,0.49082357584529746,1.0,0.3583979328164446,0.13640458113498255,0.032638339051729304,0.8817749023438068,0.5090185506130354,0.01639006994923875,0.012504341785358974,0.20473773265609907,0.011509760107941247,0.5797399495820343,0.8989715189872527,0.016207799561044567,0.4370150025866053,0.9502819067140535,0.005585173901806684,0.40685618729088446,0.0,0.0,0.4949345327930956,0.12101478584010295,0.36509488052219297,0.7762908679248142,0.17787059630794033,0.6039562738860411,0.43712273558872994,0.39379996800113304
0.4542196738936468,0.4359637774896328,0.03584478858533657,0.5321852731591434,0.49463886330747187,1.0,0.5128552971575857,0.39470467121347497,0.03917773672331748,0.5964965820313637,0.509339495474677,0.010766698669584684,0.045998114424776304,0.20981387478843772,0.01673763649397131,0.06381849542250961,0.9044303797467137,0.007360747398877265,0.7468960165545013,0.9415684264479296,0.021959888296521513,0.40685618729088446,0.0,0.00041436464096022974,0.4824934025634633,0.38664415447632905,0.47397660776051964,0.5321023483723195,0.2035832958828223,0.15740493626839225,0.746153325865663,0.36389068007395053
0.459833960461026,0.5782664941789335,0.025926570384285696,0.5388361045130523,0.49220497302981414,1.0,0.4916666666666174,0.5695534680221215,0.017418844022174085,0.4151000976561363,0.5266063290327168,0.011726786449017368,0.07646504242546825,0.20558375634527692,0.010666554239207926,0.10634204590681406,0.8996044303798385,0.008776275744878603,0.8876099327470115,0.9677088672474383,0.01853262249284171,0.40685618729088446,0.0,0.00013812154696779544,0.4779770659289113,0.5646008474645186,0.474379268237513,0.37121799520042487,0.22482836936816852,0.19104020325812598,0.8882035326548134,0.39210790421657293
0.6400883951502863,0.523932729624903,0.07777971115359605,0.2830166270782968,0.6471845809761874,0.6549688529402289,0.753617571059408,0.8305559130099596,0.04803378200053032,0.07208251953125,0.5205725656331879,0.03710053490604537,0.34396863990471616,0.2783417935703483,0.030144609806470157,0.4898500729732689,0.8973101265821697,0.0085639464928704,0.486290739782703,0.9425935417734763,0.020563594820941944,0.6008361204012544,0.08196721311105648,0.004005524861952381,0.7001956933473252,0.7048270008749569,0.6312213596793868,0.0791342690203578,0.4475533799136997,0.5364588893396558,0.49137292489103856,0.6021613811894326
0.45696709072450403,0.19793014230162953,0.036366800069458805,0.5450118764846081,0.49427706880670996,1.0,0.6444444444443889,0.7856453480890622,0.08049617313278645,0.18182373046872158,0.4750625842480076,0.01446989439030233,0.01434029673009718,0.23237450648628055,0.02099582613098505,0.2110256070053822,0.8959651898733796,0.011961214523211083,0.7313114330056294,0.9343926191695573,0.02437166793583856,0.40685618729088446,0.0,0.005248618784605696,0.4721552325673031,0.782288660931826,0.5410064469443796,0.16909352460157834,0.17613273918232153,0.2935339581954395,0.7295293587803826,0.33671099647523306
0.4646120766888089,0.4256144890041469,0.026622585696827628,0.5464964370547136,0.48983686357058787,1.0,0.6697028423772053,0.9175138334834685,0.06471950969182672,0.064453125,0.501251684960522,0.028562611438744057,0.057609288939744374,0.1771009588267134,0.017243560015188564,0.640705851134328,0.8996044303796111,0.012598202278951476,0.380302638385956,0.9405433111223829,0.021959888296350982,0.40685618729088446,0.0,0.00041436464096022974,0.49306591490577034,0.9132873498320038,0.5851050637472639,0.04205065169301747,0.21199213366782033,0.6733592031940532,0.38234959326791795,0.38758442137714155
0.12476855999520353,0.7037516170757954,0.05724725943957765,0.9233372921615342,0.820056571503784,0.23590228629204546,0.5945736434109108,0.5188199716896236,0.0592357995367081,0.42736816406244316,0.5129982668977959,0.008126457276063093,0.2943482359946472,0.23152848279767113,0.008811501328096938,0.08451638582988608,0.89272151898723,0.0,0.9435463010864567,0.9769349051769041,0.030591520690506968,0.028762541805633646,0.0,0.0,0.6116877370748597,0.7168693940076736,0.5267732744320739,0.3676124574427888,0.40730681568712157,0.18588402331491238,0.9383855763948077,0.021002923537082552
0.5087499253419026,0.6985769728316882,0.04976509483196878,0.11330166270789732,0.7518747533218999,0.6765271843710252,0.46711886304908035,0.4914747136790112,0.1641007595085,0.48736572265619316,0.5773798061493949,0.00987518858865144,0.5943531980351793,0.21150592216554287,0.006998608710333087,0.11529786387157515,0.8962816455696156,0.013730624955712756,0.9132177961717218,0.9605330599692934,0.014724549378001939,0.4545150501670605,0.0,0.0,0.7389706075237967,0.27029105692379574,0.48531237553631,0.4104284276471901,0.6604753590939367,0.19594284433250664,0.9130462755682061,0.46670900866399734
0.8529534730933221,0.5924967658484093,0.041412911083909876,0.11662707838479491,0.6854032364162066,0.5992955219986129,0.7283591731265915,0.6217346544845839,0.22219289756898775,0.5999755859375568,0.621028307336843,0.014984227129303918,0.6979109809954025,0.2859560067682878,0.010118470424572479,0.12697359692182886,0.8911392405063907,0.02052516101619517,0.8186109674081479,0.9425935417737037,0.01764407209947194,0.76772575250817,0.01639344261639053,0.00041436464096022974,0.8304104663587708,0.410732560064929,0.7008611973896706,0.5254941495837784,0.75669425553167,0.20411480239982893,0.8151864236777158,0.7184337986105334
0.4627008301976616,0.6429495472184499,0.0716895771706163,0.5483966745843816,0.48727141165636567,1.0,0.5306847545219568,0.8118324539956063,0.007712383801063538,0.18518066406244316,0.5346299505745549,0.010252365930611518,0.04793331017725677,0.2281443880427787,0.010666554239193715,0.24970147273444354,0.9041139240505913,0.01104112109834432,0.640778582514173,0.9595079446435193,0.006092916983902796,0.40685618729088446,0.0,0.0,0.47025338703390673,0.8185008944252417,0.49721128441396445,0.17058564450033487,0.20368559038288936,0.3186049490787468,0.636240809141924,0.4164804103618849
0.5032550916801313,0.7102199223791104,0.03828084217838068,0.5032660332541639,0.7453953427180409,0.0043051433417105045,0.6953488372092238,0.5049543173336559,0.0031084132430976297,0.10168457031252842,0.5346941395468718,0.010320943629125168,0.2844737756165614,0.20755781161835785,0.009190943968960141,0.4674936977576465,0.8973892405062998,0.016420128812939083,0.5562596999482707,0.9507944643769406,0.015613099771542238,0.4643812709028907,0.09836065572744701,0.0,0.7246110179376899,0.485669742186559,0.6022414766551947,0.0900228925690385,0.40171854760200176,0.5153617866216962,0.5572386100997733,0.4661756934310688
0.46431344442447653,0.6727037516166092,0.06542543935955791,0.5252969121140723,0.48848835679518743,1.0,0.6770671834625546,0.08116715995360835,0.06020351309348371,0.9039306640625853,0.4978496694268131,0.024482238376066334,0.05334193420350175,0.2560631697685949,0.018128926177340077,0.46026270399357827,0.9007120253164658,0.02307311203898621,0.49954733574747934,0.9466940030756632,0.005585173901806684,0.40685618729088446,0.0,0.0,0.4774209400625722,0.05979302900254879,0.5584696567611473,0.8282052527309247,0.21317024448387656,0.502244486196787,0.5008784620891618,0.4732396961072709
0.710804515319893,0.619663648122696,0.04036888811532435,0.3652612826601285,0.6960268385738573,0.0362349564593103,0.8571705426356573,0.5146377557585424,0.008034954986669618,0.04498291015619316,0.5414339816420295,0.014504183239594681,0.12127226715631423,0.24957698815546792,0.014587461528691392,0.27179249038073294,0.8957278481013304,0.01507537688434013,0.742434040351668,0.9379805228088571,0.014343742066671439,0.6801003344481273,0.7213114754194976,0.00041436464096022974,0.7647211588403877,0.4227975739676566,0.7303181455442314,0.04811291211228763,0.2720619927657708,0.32629651771037516,0.7442594770799644,0.7004707719011662
0.4607895837067417,0.4294954721872273,0.03410475030443649,0.529691211401456,0.4979607946322915,0.9995433938880041,0.5125322997415367,0.6860120962552685,0.006979267470200057,0.30731201171866473,0.5384812889146531,0.011452475654891714,0.18513372698865282,0.22701635645785245,0.010750874826129575,0.3201539073902211,0.9010284810125313,0.009413263500647417,0.5738489394723274,0.9584828293184273,0.015486164000833469,0.40685618729088446,0.0,0.00013812154696779544,0.5021423087617904,0.6794329244403059,0.5094822165583679,0.27304956818954906,0.3148176456863041,0.38857367038883694,0.5738427808563529,0.35784967298064885
0.46741921997261215,0.7166882276851538,0.04141291108402356,0.5308194774346191,0.49181028812000704,1.0,0.4627906976744214,0.43800669154541083,0.016891000263981937,0.5472412109375284,0.533217793183212,0.01515567137563778,0.16736962238874753,0.19007332205285365,0.011636240988224245,0.6902613772057578,0.8995253164557084,0.015358482553409658,0.4200724262803135,0.9487442337265293,0.006092916983902796,0.40685618729088446,0.0,0.0,0.4886842376791094,0.4274366414852153,0.4645272167845036,0.46594500089591406,0.30980636455689137,0.7082461515468879,0.4202018235718299,0.43710516491574936
0.46025204563099464,0.5899094437263557,0.058813293892512775,0.5345605700711928,0.49549401394554593,0.9997716969440091,0.6426356589147701,0.8280465834513251,0.06741737778951062,0.24877929687494316,0.49817061428842635,0.01508709367712413,0.18146181709926168,0.22617033276924303,0.017580842362661997,0.05771527132810661,0.8970727848100069,0.012173543775162443,0.7975944128297385,0.9497693490518486,0.021325209443944004,0.40685618729088446,0.0,0.0016574585636703887,0.4984592865150006,0.8244818260209428,0.5618951886449679,0.23231184803486826,0.31737270943648355,0.14848303691530873,0.795568261865867,0.3371909801848574
0.638416054470639,0.5265200517469566,0.07134156951434534,0.17333729216144889,0.8821536639915593,0.21659437069892817,0.6258397932816138,0.5282460429802853,0.042667370458360665,0.5459594726562216,0.5477886899030864,0.010492387875430609,0.6693296283432062,0.21122391426945342,0.010118470424558268,0.3003847684754817,0.8952531645568911,0.015004600467079854,0.6002974650801889,0.9482316760634149,0.01700939324700812,0.5287625418059179,0.0,0.0,0.8980776932318832,0.32916477783236076,0.5697412322869297,0.48419039516892326,0.7247094089102291,0.3690324956765494,0.6020228548615592,0.5452760391161746
0.4836648151466818,0.8124191461820374,0.04941708717575466,0.5336104513064583,0.49401394553348155,0.9867258080297177,0.46660206718345876,0.4686977223008313,0.24055013049473928,0.5108642578125,0.4543295461839705,0.007543546838604698,0.3350369672008924,0.1779469825154365,0.01100383658668136,0.772124187342456,0.8864715189871504,0.015429258970868887,0.2494180031039832,0.9671963095843239,0.018278750951935763,0.4086956521737761,0.0,0.0,0.49981375029949504,0.4687331192503308,0.4070999546277676,0.42999847606157005,0.4439949105612868,0.7920234003032078,0.2482443130921581,0.45051077054358757
0.47763244340916344,0.5058214747732563,0.052027144597047936,0.3072446555819113,1.0,0.07093702097127164,0.8208010335917493,0.5180478702869493,0.024456760798841515,0.3013305664061363,0.532062391681194,0.009155122754052059,0.25162506822806563,0.20868584320339778,0.01863484969852891,0.010547963380560077,0.8962816455696725,0.01358907212113536,0.7641619244697608,0.9364428498206507,0.022848438689948125,0.4225752508359619,0.01639344261639053,0.00041436464096022974,0.9272235853329533,0.3943089761929741,0.6890104326995186,0.2736993353284163,0.3761667607239474,0.10798086982515542,0.764981284220795,0.378057471988825
0.6024010034046228,0.19404915911945864,0.021576474682376556,0.3895486935865904,0.8872845678200605,0.030657838948513927,0.7465762273901646,0.5023806459914653,0.008856045277269686,0.34442138671869316,0.5347583285192172,0.010115210533513164,0.27618716816360234,0.2586012408349916,0.008389898393659223,0.7677457874485185,0.8975474683542188,0.019958949677942428,0.5486937403000809,0.9958995386980405,0.004188880426568176,0.37207357859523427,0.01639344261639053,0.0,0.8944620006890318,0.42547134898509853,0.6416409289785605,0.2985914455141483,0.40048526671853324,0.7941264384994895,0.5475796513536295,0.33431592624742734
0.46371617989598235,0.476067270373278,0.02523055507214167,0.5467933491687234,0.48493619260626986,0.9999347705554271,0.7172480620155,0.7905674945309329,0.19509691797891549,0.21575927734366473,0.40156621092503997,0.03404882732128556,0.11650870838099081,0.31302876480572195,0.01479826299592446,0.2666843571712718,0.901503164556857,0.015429258970840465,0.5713269529228171,0.9528446950275793,0.006981467377386252,0.40685618729088446,0.0,0.00013812154696779544,0.47002079351116777,0.7970156870515837,0.5375707026571348,0.21126475163990222,0.2634301759580069,0.3316528599184494,0.5706720688648659,0.43861299252881736
0.4724362420116677,0.7684346701144023,0.05307116756563346,0.5105106888360638,0.4971385344033479,0.947164149897219,0.6022609819120817,0.5818427486809838,0.3610744552945562,0.5819091796876421,0.7874703126002487,0.016012892607278673,0.8255842802559812,0.20360970107162757,0.008980142501798127,0.6432267480429346,0.8954905063289971,0.007926958737243694,0.3272115882048183,0.9456688877494344,0.019548108656977092,0.4175585284278327,0.0,0.00013812154696779544,0.49034212233721064,0.5595346998087933,0.7245247949859817,0.4930978988070933,0.8537315079703944,0.6728467877959758,0.3309236802035116,0.43224229965528593
0.46401481216037155,0.0,0.0769096920132597,0.5337885985747448,0.4891461649782656,0.9998695411108685,0.6434108527132025,0.6633959593359862,0.2570599102665767,0.47967529296869316,0.5262853841710466,0.014298450143982677,0.4640500173671853,0.22165820642953804,0.014840423289371074,0.007828048295039025,0.9027689873417444,0.015075376884283287,0.6036601138127651,0.9569451563299936,0.01624777862383553,0.40685618729088446,0.0,0.00013812154696779544,0.49020658851758014,0.6569207341073167,0.5803154465519071,0.4364911234775377,0.5445389104141896,0.10467952686977355,0.6039167036472577,0.3116112422851529
0.5736725795856046,0.782664941783878,0.10074821646071541,0.37488123515441885,0.5774569135640348,0.9093636867682164,0.4067829457363814,0.41609831424520394,0.1706401571801308,0.5133666992188068,0.48026189100707484,0.009326567000428554,0.3532972758397932,0.22165820642976541,0.009528226316476207,0.4262305957276453,0.899208860759245,0.018047986410834937,0.550763062597099,0.944643772424115,0.019294237116071145,0.5200668896319485,0.0,0.0,0.6110940115037522,0.32417735045633833,0.38727330288091366,0.47050509347099023,0.47271322943743144,0.4699996797403969,0.5520272265508481,0.5250779367488008
0.8593442035477494,0.9417852522637986,0.03149469288302953,0.09548693586697254,0.8031837916063864,0.289227357229052,0.6944444444443718,0.5596770042465238,0.07422069734029435,0.30297851562482947,0.4855253867385727,0.018275956658854398,0.13089862551490228,0.2146080090237774,0.008389898393659223,0.5947326522488083,0.8970727848100637,0.018826527001124305,0.37668132436621704,0.9272168118909576,0.019548108657204466,0.8563545150499294,0.0,0.00013812154696779544,0.934536290710426,0.33086043075375926,0.5764916309353794,0.24067006398868784,0.265246190679278,0.6152347503042961,0.3782220587191887,0.8466815671711174
0.46210356566919586,0.5135834411385076,0.03462676178867241,0.5442399049881033,0.48819234311271487,0.9999673852777136,0.5080749354004865,0.5932634152618732,0.0521685581068283,0.39984130859375,0.4939341421144263,0.009978055136485864,0.060437651962445216,0.2391426959953833,0.011088157173588797,0.2882446596788384,0.9022943037974187,0.011748885271344989,0.6028194516295855,0.9630958482828191,0.007996953541351104,0.40685618729088446,0.0,0.0,0.48122812877637955,0.6021531353744365,0.45790082589168435,0.3724706390660799,0.2116484701225545,0.3490749834532494,0.6026530379941164,0.4549372869770423
0.4709430806904038,0.6856403622250582,0.04071689577159532,0.5470308788598857,0.4899355347980645,0.9999347705554413,0.6087855297157034,0.6770042465576864,0.1377672209026315,0.30175781249994316,0.4134411708068626,0.01817309011110524,0.019103855505392175,0.2560631697687086,0.0102871115983163,0.4132280748307551,0.9006329113923925,0.016632458064890443,0.5172659079151742,0.9554074833417872,0.006092916983845953,0.40685618729088446,0.0,0.0,0.47866785120311306,0.6765655156313954,0.4734338914655041,0.2805051437107693,0.1827094709764765,0.4602104105728415,0.5190729379235961,0.4501616914820943
0.550259810069889,0.40879689521261753,0.027666608665185777,0.15279097387178808,0.7328969872385187,0.6739506213104534,0.3776485788113746,0.4276476643932199,0.12773818949591487,0.5756225585938068,0.44970794017584126,0.01378411740500951,0.1699995037960491,0.19317540891142926,0.0072515704708990825,0.14548228738217972,0.8990506329113259,0.013589072121163781,0.840209518882574,0.9651460789339126,0.01167809088622107,0.4906354515049429,0.0,0.00013812154696779544,0.7333839909201316,0.24073294914215637,0.35295816853673045,0.48594376164930964,0.31403032284831056,0.22158496487821822,0.841469349509083,0.47336575243508605
0.4319417069820588,0.7153945666250365,0.05272315990941934,0.5889548693587301,0.6558347585843762,0.05094419621016755,0.5802325581394712,0.5027666966928024,0.008621448051371772,0.18829345703127842,0.5568393350022802,0.0067891921546703315,0.8119882895846899,0.24083474337271582,0.006998608710290455,0.5250099509087249,0.8921677215188311,0.006369877556750225,0.5142912571132285,0.9646335212710255,0.020690530591650713,0.3841137123744147,0.0,0.00013812154696779544,0.614722820222724,0.5240282343403209,0.5413682578077328,0.191024840195837,0.826461403365613,0.5727896748297496,0.5154287637357413,0.3709595310705822
0.7679627306935117,0.23803363518982223,0.059161301548556366,0.2809382422802855,0.630114458623865,0.6453475098659425,0.5563307493540037,0.5850598378586795,0.05606873698717152,0.3629150390623863,0.5072854483600224,0.01052667672470875,0.91356125638859,0.24083474337260213,0.007968295459377828,0.5200344964839871,0.8945411392403457,0.007219194564328291,0.49224004138639543,0.943106099436136,0.011805026656531936,0.5484949832772372,0.0,0.00041436464096022974,0.7486092481283322,0.4659118568123404,0.49734404565819545,0.3414710527065097,0.9175138528591731,0.5666780536755311,0.4965942066043283,0.5240452445250412
0.9862629158454297,0.29495472186044935,0.06681746998413018,0.205344418052249,0.6455729509275301,0.31078568865986256,0.6374677002583269,0.5770171149143835,0.0362452713996646,0.2914428710937216,0.5167854162654919,0.014572760938108331,0.21569989579722915,0.2521150592217509,0.0135334541928529,0.44971474061293293,0.9041930379746645,0.013730624955599069,0.4814407656492108,0.9733470015371495,0.010281797410300442,0.3612040133777441,0.0,0.0,0.8429066845279891,0.40507555789606897,0.5455276238217408,0.25476565679232976,0.3510678281498656,0.49457426820677597,0.48189048340984186,0.3782514048008352
0.4533237771009624,0.39068564036006137,0.07134156951440218,0.5295724465557896,0.49115247993684363,0.999445549721159,0.7172480620154715,0.7475550122248507,0.24318934928598424,0.5189819335937216,0.556069067334306,0.028185434096840822,0.5446831737210687,0.2512690355330278,0.013364813019094868,0.1212684091813685,0.9060917721518535,0.010050251256302545,0.5929255043972717,0.9569451563302209,0.016501650164855164,0.40685618729088446,0.0,0.00013812154696779544,0.4854410445373105,0.7288339716914578,0.6485022051496685,0.47656065526004454,0.6162002305649423,0.20927098234304253,0.592517317663436,0.3811070654571722
0.8529534730932653,0.9987063389380637,0.028362623977500334,0.11235154394296387,0.7918037100381667,0.31636280617070156,0.6558785529715578,0.5519238193282376,0.0633412509897795,0.32604980468744316,0.4888632132999362,0.01563571526541807,0.17511040539883993,0.18217710095905204,0.013154011551932854,0.5857768342841609,0.8892405063290312,0.0247009696367968,0.3780393171236085,0.9179907739624014,0.02119827367346261,0.8301003344478204,0.0,0.0,0.9170777859195169,0.3250885150731193,0.5489794161714769,0.25325679031780624,0.30429050718529993,0.6052293058907026,0.3786922215275297,0.8582302661243375
0.4603714985367162,0.45407503234036994,0.045589002958024594,0.5296912114014276,0.4966451782659931,0.9999673852777136,0.7591731266149679,0.9048063312314696,0.10996744963495075,0.04705810546872158,0.4530457667372616,0.03387738307502275,0.07036173274460111,0.29864636209799755,0.024663771659831468,0.3110654106407651,0.8939873417721174,0.012739755113472029,0.6032074495602728,0.9533572526911485,0.0314800710842178,0.40685618729088446,0.0,0.010497237569268236,0.48603127246144595,0.9007970654527497,0.6092501032182014,0.05685127533544687,0.2088256016697585,0.3769776031770107,0.6037566833230699,0.4034481253970057
0.5884250134384956,0.5717981888737995,0.04489298764548266,0.3355700712588998,0.5502894356005754,0.013632953915390544,0.8788759689921335,0.5051151717925535,0.006480748365149225,0.6218261718750853,0.5443866743694059,0.005520504731805431,0.6634744206818368,0.2103778905807303,0.009823348370488816,0.47731192782271137,0.8983386075949511,0.02017127892975168,0.5014226590791395,0.9436186570987957,0.009774054328659076,0.5178929765885414,0.0,0.0,0.5835981343551282,0.40543025157008117,0.7147865388851784,0.5602349209645467,0.7210578400688803,0.5130479108397026,0.505462961893727,0.5027562700902308
0.5650719703757829,0.4320827943074619,0.03741082303810117,0.4235748218527533,0.5483160110512131,0.9014056945304958,0.37596899224797653,0.3500193025350029,0.10923433330407306,0.6413574218750284,0.4611335772514167,0.01498422712934655,0.1185927653451131,0.19148336153409673,0.006872127830035879,0.946994825527355,0.8992088607593587,0.019463514756836275,0.12196068287627782,0.9277293695538447,0.015486164001004,0.4969899665549633,0.0,0.00041436464096022974,0.5736980446404658,0.3038041801373481,0.3516538987308877,0.5411187047528472,0.27063676602256237,0.9541094647394175,0.12515898926545788,0.4402662697509072
0.4520695215910848,0.6338939197921718,0.06229337045408556,0.5454869358669612,0.49174450730166086,1.0,0.32564599483191614,0.7617745463904413,0.0956863435090014,0.2891845703125284,0.4959240002566503,0.017864490467701444,0.7651962486974355,0.22645234066544617,0.013449133605988095,0.591216664455402,0.8915348101265295,0.017057116568651054,0.5662829798240807,0.9574577139924259,0.0469662350852218,0.40685618729088446,0.0,0.022237569061019258,0.47929218118511585,0.771684948772986,0.3534366925818233,0.28821861649836933,0.7873124936066347,0.6314318807780523,0.5667210515809984,0.3929321186675452
0.6375201576778409,0.5834411384212217,0.046633025926439586,0.4126484560570134,0.5532824628338915,0.8370242327386137,0.366666666666589,0.2552116844678949,0.038092724553564494,0.7540283203125,0.5124847551191749,0.012584007680700893,0.1640946757308086,0.22081218274126968,0.005522998440071092,0.21454159479890222,0.8958069620253468,0.013235190034635025,0.8647180548369988,0.9569451563297662,0.01104341203358672,0.5958193979931821,0.01639344261639053,0.00041436464096022974,0.624300252005483,0.19410520829654843,0.40739173758207414,0.6596191493743788,0.29645061072113776,0.28000032025965993,0.8650385286048845,0.5697746015893586
0.4566684584602285,0.5329883570511811,0.04976509483196878,0.5353919239905451,0.48237074069200503,1.0,0.3491602067182953,0.19074121734648486,0.05832673528639987,0.7318725585938353,0.497207779703416,0.010835276368098334,0.13486825782769074,0.22165820642953804,0.0166111556136741,0.009552872495703468,0.9015822784808734,0.022506900700534516,0.7525866528711447,0.9313172731931445,0.02297537446042952,0.40685618729088446,0.0,0.005110497237694744,0.4590451773569413,0.17468391998036736,0.3652947518458518,0.6683122968430553,0.2817064101871267,0.1054294681555632,0.751684750063049,0.35129959225628227
0.45642955264887064,0.5032341526512027,0.03723681920996569,0.5347387173396498,0.49513221944481245,1.0,0.6740310077518927,0.8289151975292697,0.09205008650775426,0.15447998046875,0.4606200654728241,0.019990399122178815,0.049421922294527576,0.2631133671743555,0.016020911505520985,0.12889743929935094,0.8905854430378781,0.015216929718945948,0.8722193481635259,0.9584828293182,0.02272150291946673,0.40685618729088446,0.0,0.0048342541437591535,0.48374206252744045,0.8270135426025718,0.5381980360089216,0.12512036601310683,0.20949338936162576,0.2069517689006375,0.8729702576656848,0.3512026258503056
0.4713014394075685,0.6222509702483876,0.02505655124406303,0.5314726840854291,0.48970530193396655,0.999836926388582,0.3970284237726105,0.37324668639811875,0.1212574411308367,0.54193115234375,0.49162333911039013,0.011418186805599362,0.28993202004670593,0.2498589960521258,0.01610523209235737,0.4482552739816015,0.9033227848101433,0.013376742869184,0.4716761510605352,0.9574577139928806,0.003554201573820137,0.40685618729088446,0.0,0.0,0.48527840395375677,0.37098696229298866,0.38559117414918376,0.5039681011225241,0.41493982439826027,0.49305837265407604,0.4725482659241038,0.446001832665047
0.9338828166995086,0.39844760672713164,0.06855750826508711,0.14869358669832877,0.5582160242073826,0.13512279442942088,0.8277131782944878,0.5579397760905778,0.022316061112590546,0.15710449218752842,0.53405224982356,0.019167466739787642,0.3870391504986799,0.26649746192913426,0.00847421898053824,0.47790898235365376,0.8915348101265863,0.012315096609768261,0.5236032074495824,0.9067145053820695,0.015866971312561873,0.9516722408026226,0.09836065572744701,0.00013812154696779544,0.7575422384590809,0.3680706926208046,0.6998122376688798,0.1387286334626765,0.47905548844479995,0.512450092875298,0.5269848706557241,0.8909176415831439
0.45589201457326567,0.5899094437245367,0.029058639290042265,0.5285629453682077,0.49671095908432505,1.0,0.7529715762273099,0.00817140651135162,0.09005601008769304,0.87841796875,0.4961165671737717,0.04831298861610378,0.17064456904680014,0.22053017484506654,0.037016737636491825,0.5888947857237667,0.9038765822784853,0.026965814990376202,0.40972581479556425,0.9097898513584823,0.01891342980434274,0.40685618729088446,0.0,0.00041436464096022974,0.47988153469755446,0.005944738363680813,0.620882030692627,0.7903412449739164,0.31419698242717686,0.6193447488096808,0.4110262251865322,0.4042917331291278
0.46305918891482634,0.5601552393272868,0.04123890725577439,0.5364608076009176,0.4905604525719838,1.0,0.40316537467700186,0.3030176296486786,0.057622943608734545,0.6174926757812784,0.5221131009692499,0.007920724180522143,0.20448568451348592,0.23660462492955503,0.006155402841571345,1.0,0.8938291139240278,0.01415528345953021,0.8211329539575161,0.9574577139928806,0.009393247016930673,0.40685618729088446,0.0,0.00013812154696779544,0.4805565805604317,0.29964919709837545,0.42711480638008936,0.5415407184616186,0.34369572788281744,1.0,0.8199342431945809,0.4045196041832355
0.48014095442886173,0.9469598965033583,0.050635113972475665,0.4546318289785347,0.5414748059466348,0.9865627344183139,0.5553617571059135,0.5687170248359337,0.30040174774940454,0.43646240234366473,0.3319853649142601,0.01580715951166667,0.15893415372403297,0.194021432599925,0.005986761667827523,0.5293220114103576,0.8944620253163862,0.0075023002334830835,0.45376357992753924,0.9482316760634149,0.01980198019788304,0.4259197324414572,0.0,0.0,0.5229218293393245,0.5218457824479117,0.38396302526400916,0.3769453241048666,0.2979172150149907,0.5660855733714811,0.4553139120349954,0.4744469278617771
0.4773338111449732,0.3699870633881801,0.010440229684888891,0.5347980997624688,0.49036311011710154,0.9853559896937298,0.4797803617570082,0.4457277055719686,0.003489633735043185,0.52734375,0.5335387380448253,0.015052804827803357,0.096908648836461,0.1644106034966626,0.005607319026907476,0.14355844500462922,0.9024525316454515,0.014367612711367883,0.9019011898602969,0.9625832906194773,0.01840568672241716,0.4135451505014771,0.0,0.0,0.49207957846360273,0.4477808572185751,0.4800880017390057,0.44353975720812855,0.24619527675261565,0.21955665392746937,0.902593813977262,0.336783721279744
0.5032550916801313,0.6934023285903095,0.05063511397241882,0.182482185273102,0.7473687672674885,0.5592446430319171,0.5141472868216681,0.5348410757946169,0.07993900472129667,0.42791748046869316,0.4671673406508887,0.01254971883140854,0.0490745794670886,0.20219966159072555,0.009991989544232638,0.32824731325464995,0.8939873417721174,0.013093637200029207,0.5631789963786957,0.9584828293184273,0.015993907082872738,0.43327759197313753,0.0,0.0,0.7431677838734032,0.3457566602333202,0.46161376398553955,0.3734469644319631,0.20456601270979036,0.3931320323676175,0.5640402987265816,0.4331004523483557
0.4615660275936193,0.4256144890041469,0.07151557334248082,0.4666864608077219,0.5336468885673327,0.9777241446788736,0.5978036175710599,0.5992472011323713,0.3184950587959605,0.5444335937499432,0.6305924642147716,0.018515978603787175,0.6575199722126683,0.18697123519450543,0.011678401281670858,0.2749767812127004,0.8995253164556516,0.009625592752371404,0.5658303155717022,0.9528446950282614,0.015613099771428551,0.4185618729094358,0.0,0.00041436464096022974,0.5431836981670557,0.5630834462109533,0.612321118812531,0.49499696049647923,0.7107697718602992,0.3470680231441179,0.5665643306448942,0.3914048977731568
0.5172908080990055,0.9366106080196914,0.05376718287783433,0.28076009501185695,0.6227798973819745,0.9130491503864988,0.6397932816537093,0.6419379745205731,0.2512536289258236,0.4984130859375284,0.5409204698632948,0.013784117404966878,0.5098992705801209,0.2473209249857291,0.010371432185166896,0.35524744593340074,0.9026107594937116,0.014721494797839796,0.6383212622865813,0.943106099436136,0.015993907083156955,0.47541806020058175,0.0,0.0,0.635574916974619,0.4962472142521648,0.5820530140449591,0.4455074798580654,0.5945988503937087,0.40777590366593586,0.635924067881632,0.5223483324202789
0.7110434211312509,0.7464424320814942,0.07168957717072999,0.21122327790973827,0.6727075384817596,0.7132187469423599,0.7268087855296983,0.7301827306652342,0.10436644086688318,0.1927490234373579,0.4749983952757759,0.023865039089287166,0.620255048876146,0.25267907501392983,0.010919515999830764,0.5001326787846381,0.8932753164557994,0.010474909759921047,0.5010993274702003,0.9431060994368181,0.017644072099585628,0.6135451505014657,0.0,0.00041436464096022974,0.7659969255683308,0.5658603719397348,0.5891243739431786,0.1926408847550931,0.67374376032285,0.5497683455388085,0.5054596625056149,0.6248757617923388
0.9767664098430089,0.44760672703705495,0.034626761788558724,0.06146080760095174,0.6263649519800083,0.16496526532071698,0.8348191214468841,0.5490927808518933,0.052403155332740425,0.24902343749994316,0.5162719044868709,0.01594431490870818,0.34233116657568985,0.2834179357026869,0.009991989544246849,0.4652381584183729,0.8923259493670344,0.008847052162053615,0.5384117951370513,0.9103024090206873,0.017263264787914068,1.0,0.09836065572744701,0.00041436464096022974,0.8344065280082873,0.3083165713427576,0.696615755404153,0.2275457725781962,0.44369492331932747,0.5032533040117642,0.5406146430144076,1.0
0.9360926954549313,0.6701164294963746,0.03897685749069524,0.12250593824222733,0.6683660044731425,0.4586608395029117,0.7815245478035706,0.6457984815338875,0.11026069616727341,0.21734619140625,0.46793760831894815,0.02479083801948434,0.157147819183308,0.25634517766468434,0.010750874826086942,0.1260448454291634,0.8886075949367296,0.023426994125543388,0.8977625452664029,0.9236289082523399,0.015613099771371708,0.9471571906353802,0.06557377048738999,0.00041436464096022974,0.8467768308870376,0.4288436533810369,0.6374013226521384,0.17085191505469766,0.2915542672322715,0.19290037790639758,0.8991327558304363,0.925263142584356
0.5528280475422207,0.6571798188842877,0.051853140769082984,0.16900237529691253,0.7351006446520074,0.6672972179641761,0.4169896640827062,0.4615236134344798,0.12735696900386984,0.4996337890624716,0.5015726298222489,0.010423810176888537,0.37771051456365967,0.2402707275806506,0.013997217420623542,0.35425235504843045,0.9034018987341028,0.011111897515604596,0.4769141231246863,0.9533572526911485,0.0019040365573914642,0.4025083612038429,0.0,0.0,0.7357781302628723,0.2832907610441282,0.4054017778335606,0.4620028569658814,0.48830107225325037,0.4098042146166847,0.47761282670131777,0.432232603014711
0.7321865854386829,0.6649417852513579,0.04089089959967396,0.18557007125889413,0.8384752006315352,0.17830468673558642,0.7509689922480334,0.5550765667223914,0.04345913609571994,0.2247924804686079,0.5190320302971827,0.014778494033734546,0.12434873219874021,0.1926113931189093,0.013406973312484638,0.6299588695767397,0.8939082278479304,0.016349352395650385,0.3383341955509991,0.9277293695538447,0.015359228230579447,0.7115384615385096,0.01639344261639053,0.00013812154696779544,0.9112419619700916,0.3765960084294022,0.633535198507218,0.16876194240185782,0.2632347819690324,0.6485524265004301,0.34105610114608,0.7053093955599365
0.46449262378311573,0.39456662354496075,0.04924308334773286,0.5324228028504194,0.4884883567951164,1.0,0.495348837209292,0.5598378587054214,0.02272660625790479,0.44458007812491473,0.5193529751588812,0.013886983952829723,0.11139780677822841,0.18189509306228047,0.010961676293263167,0.007098314979458564,0.8999208860758472,0.011819661688662109,0.844930160372428,0.9518195797029421,0.020436659050290018,0.40685618729088446,0.0,0.00013812154696779544,0.4757752971688518,0.5452537552740182,0.47552159850374665,0.3813848413345795,0.2643657683523486,0.10465283856783003,0.8447901836604217,0.3690153546303918
0.60031057755495,0.7567917205678896,0.05515921350257713,0.33034441805219217,0.5488751480068572,0.014937542806805482,0.6930878552971365,0.5046647793076318,0.012756224157669749,0.24566650390625,0.5292380768984515,0.01131532025779336,0.16255644320952456,0.18217710095825623,0.011509760107898614,0.14017513599571885,0.9011867088606209,0.012315096609711418,0.8540481117433671,0.9436186570987957,0.013455191673074296,0.5376254180599744,0.13114754097477999,0.00013812154696779544,0.5902253009288074,0.4026026553164428,0.6318209736505196,0.21589517983309747,0.29567018414155655,0.21792866750649864,0.8538156598859246,0.5247288576871938
0.46389535925462155,0.5200517464409131,0.027666608665356307,0.5358076009501929,0.48799500065779,0.9976843547177197,0.6684108527130945,0.6284583708660278,0.4305445588105812,0.6415405273438068,0.8840747159637772,0.020607598409000616,0.9068128814567729,0.23801466441034336,0.014756102702449425,0.7972004776435426,0.8984968354429839,0.016420128812967505,0.44412829798235975,0.9815479241412959,0.006092916983845953,0.40685618729088446,0.0,0.0,0.47593618892891243,0.6296455144370157,0.8267013499338276,0.5638973970797281,0.9203470656995023,0.8179884493029306,0.4442378660876898,0.37111952564043804
0.46186465985792324,0.7490297542035478,0.06090133982951329,0.5447149643704847,0.4856268911985069,1.0,0.4919896640826096,0.5180478702869351,0.10166857276915664,0.4671630859374716,0.450157262982259,0.01368125085723193,0.02892869547963528,0.20332769317531074,0.007673173405251532,0.019769138914597306,0.8942246835442234,0.009767145587090909,0.9981893429901163,0.9764223475142444,0.019421172886438853,0.40685618729088446,0.0,0.0,0.4781536971002964,0.519692285141133,0.4355487926750783,0.4082932392398675,0.1934480947361692,0.11975041099987038,0.9977894099539242,0.4082188725716378
0.5813175655498526,0.8188874514862619,0.052549156081283854,0.44471496437040514,0.5499605315090434,0.8401878608003415,0.49237726098184,0.5094904130742322,0.02079117914436779,0.4826049804686079,0.5299441555941371,0.00785214648196586,0.6611422616981315,0.23745064861839182,0.007125089590616085,0.5193711025605978,0.8954113924051512,0.009979474838843316,0.5616270046560601,0.9456688877505712,0.012820512820553631,0.5421404682272168,0.0,0.0,0.5737032911109168,0.4776773717198637,0.46517643385790564,0.43447316110038514,0.7035873187002437,0.5630858082285499,0.562783231849636,0.5571204856077543
0.46831511676526816,0.5640362225085482,0.051679136940833814,0.5182897862231926,0.4890474937508458,1.0,0.4767441860464601,0.4786063569681147,0.015190170376243373,0.5020141601561932,0.5339880608511578,0.0074406802907276415,0.05507864834029874,0.23096446700526485,0.010793035119505134,0.20120737694045943,0.8975474683543325,0.014013730624924392,0.6377392653905929,0.9564325986671065,0.016628585935450246,0.40685618729088446,0.0,0.0,0.4791409079541751,0.4825634580461582,0.4795759226541634,0.4607502131001979,0.20739003053893157,0.2868565450391998,0.6330667977623818,0.3932957426899861
0.46084931015937514,0.6636481241930596,0.04854706803530462,0.5479216152018864,0.4854295487435678,1.0,0.7103359173126194,0.8615043108994769,0.10603794610132411,0.10687255859369316,0.4521471211246535,0.030448498148402336,0.036570237681786466,0.252397067117613,0.015430667397410502,0.048626774578707455,0.8897943037974869,0.010050251256188858,0.9556389032591426,0.9610456176321804,0.028052805280481152,0.40685618729088446,0.0,0.004005524861952381,0.48882939002787396,0.8528147928978314,0.5760991828617961,0.1051400264931317,0.1923780253023608,0.14633729743576396,0.9545426800600012,0.4046068739485804
0.47494475303108175,0.6765847348015086,0.04210892639645181,0.5309382422803424,0.4918760689382822,1.0,0.5490956072352162,0.3715416291338727,0.08932289375680114,0.622802734375,0.4674240965402703,0.011075298312974269,0.027688185381890662,0.20699379582617894,0.012985370378189032,0.26986864800318244,0.9055379746833978,0.01238587302705696,0.7302767718571488,0.9492567913887342,0.01777100786983965,0.40685618729088446,0.0,0.00013812154696779544,0.4948453427956423,0.3705010681527483,0.47713078149686794,0.5427983862999497,0.19369406128703304,0.3350129171381866,0.7282557949627915,0.4173628046564204
0.8057098488921213,0.6131953428184715,0.04089089959950343,0.19691211401425335,0.6809959215892292,0.05368383288215739,0.9534883720929201,0.5095225839659747,0.026010967420319275,0.6120605468751137,0.5506771936581742,0.014298450143968466,0.627598868654843,0.2828539199097122,0.014587461528734025,0.15052408119933602,0.8861550632910848,0.004529690706931433,0.811497672012365,0.9584828293179726,0.02322924600167653,0.7548494983275873,0.2786885245877784,0.00013812154696779544,0.8120932892396837,0.3342671187201205,0.7998602359648856,0.5366004786171175,0.6925142264064164,0.22614332685699878,0.8104419035489627,0.7351944418855965
0.4585199784983729,0.271668822767424,0.08578388724532715,0.5345011876484875,0.4908564662544421,1.0,0.9609173126614792,0.15123536224419354,0.4904548253716712,0.6751708984376137,0.3875730149560752,0.1650665203675601,0.3107725896887814,0.338691483361913,0.1610101606306813,0.14130290566535564,0.7852056962024108,0.14310991577613663,0.8270175892394604,0.627883136852688,0.0639756283319457,0.40685618729088446,0.0,0.0334254143648991,0.474489037500021,0.156264279361082,0.6920493521688798,0.618807744286471,0.3685532914117289,0.17478435851998597,0.8273793125065083,0.3744503216859698
0.45147225706261906,0.6959896507114536,0.07168957717072999,0.5327790973871345,0.4925996579397349,1.0,0.6640826873385208,0.344325054690529,0.3321016978974711,0.6278076171876137,0.30573207522948564,0.016767247291156195,0.20597429663075673,0.21771009588269408,0.015304186517113294,0.14992702666845048,0.8918512658227087,0.01663245806500413,0.8208096223486621,0.943618657099023,0.021198273673348922,0.40685618729088446,0.0,0.003038674033348343,0.48107335789848094,0.3255626464129193,0.4508294659934222,0.5492156741250085,0.33651672285202494,0.22997309819160705,0.8197775222585051,0.4062165162879978
1.0,0.7529107373848092,0.057421263267656286,0.09857482185279309,0.6645836074200702,0.2940543361273029,0.574354005167919,0.5336185819070778,0.0803495498665967,0.5358276367188068,0.5682007831054818,0.008400768070174536,0.6956284424155399,0.19514946418496493,0.009991989544246849,0.07702003449648487,0.8954905063289971,0.011465779602076509,0.5713916192447073,0.9441312147616827,0.008758568164523695,0.5294314381270624,0.01639344261639053,0.0,0.8780492923385737,0.32440355815663224,0.5540214256223521,0.45793343906004225,0.7379525238581834,0.15864594231055662,0.5744729639888249,0.5190175363746334
0.4699277309919978,0.6338939197949003,0.053941186706026656,0.5288598574822458,0.49430995921586884,0.9910309513714424,0.6792635658915458,0.6581521039763345,0.42846250843086864,0.6860961914063068,0.9066692342256033,0.02660814703060055,0.9241800228253965,0.29131415679637485,0.013280492432230062,0.4329308743531044,0.8937499999998977,0.026470380069355315,0.5455250905328626,0.9461814454123214,0.019294237115957458,0.408193979933003,0.0,0.00013812154696779544,0.49544693807241913,0.6555689168903598,0.825979187121888,0.6319990219999738,0.9318511741454927,0.4797195593227741,0.5450490206590928,0.4194330374241986
0.4628202831033832,0.6494178525217649,0.08734992169814859,0.529275534441922,0.48858702802263565,1.0,0.05484496124029192,0.9342426972075515,0.2595818304448585,0.10870361328127842,0.3881507157071269,0.10698120971062508,0.26795018111454283,0.316694867455908,0.09334288966647364,0.4671620007959234,0.8881329113923471,0.027248920659559417,0.5337558199689738,0.9487442337258472,0.05483625285620519,0.40685618729088446,0.0,0.022237569061019258,0.4761241874528963,0.9127996460301802,0.10910785902800058,0.14064611638534075,0.3740059330810084,0.5165654290412078,0.5347433818398031,0.3935575519861345
0.7054888610165335,0.8344113842140359,0.0408908995997308,0.08093824228029689,0.7618734377055745,0.6330843742865682,0.8848837209301905,0.7395444601723682,0.20838098589482001,0.03802490234375,0.376275755825219,0.0714922507200697,0.059395623480384074,0.3138747884939903,0.028036595134679487,0.07536154968821052,0.872705696202388,0.03588364356997431,0.9643041903775895,0.9246540235776592,0.023990860624451216,0.6904682274247307,0.1967213114767219,0.005524861878654974,0.8285593367062489,0.5061361100780744,0.6321477705593708,0.027832808886415705,0.20600962947551693,0.14797062151720297,0.964548074559616,0.6778194194621392
0.5255330585916624,0.35963777490087523,0.05115712545665474,0.12695961995251537,0.7478292329956844,0.6747333746453279,0.4487080103358494,0.4678612791145724,0.14697516201873384,0.47344970703125,0.6027344502215897,0.004903305444940997,0.6941894507022255,0.21742808798614988,0.006703486656263635,0.9639113705717364,0.8821202531644303,0.023568546960149206,0.04681841696844913,0.9702716555609641,0.017771007869953337,0.48127090300988584,0.0,0.0,0.7268836140486314,0.2718057436849364,0.48730525311438555,0.38833299561073886,0.7343837101181236,0.9656574930077113,0.04910809290419138,0.4615019126623565
0.32222421310393656,0.5834411384212217,0.038628849834481116,0.09079572446566431,0.50075647941064,0.00968657251881666,0.9460594315243611,0.5026058422339048,0.011847159907333094,0.5234985351562216,0.5502920598241872,0.012584007680715104,0.5363965662681096,0.19289340101488506,0.00860069986086387,0.533368714342572,0.8971518987341369,0.009767145587062487,0.4566735644077369,0.965658636597027,0.020690530591650713,0.22892976588605052,0.0,0.0,0.4431606136971453,0.27001327386784624,0.7841229223230215,0.4375160139130685,0.6111234349803567,0.5765980955227974,0.45627073459223766,0.24848126366623546
0.47380995042706786,0.8124191461829469,0.0422829302244736,0.4666864608076082,0.5187804236284705,0.9948794886011569,0.3912144702842397,0.404002058937067,0.21034573766166886,0.5365600585937216,0.4565761602156613,0.00870936771354991,0.31002828363017443,0.18781725888288747,0.007631013111861762,0.04570784131618666,0.898259493670821,0.012739755113472029,0.8537247801344847,0.9584828293179726,0.014724549378001939,0.41103678929749776,0.0,0.00013812154696779544,0.5143342316456483,0.3642486873166888,0.36187505562109834,0.4626861172561689,0.42522559385406566,0.1425021884408295,0.8534956192374068,0.40422870496524865
0.461984112763588,0.5394566623526771,0.015486340699510492,0.5430522565321496,0.48914616497835084,1.0,0.45781653746763595,0.4520975421437896,0.023137151403147982,0.5433349609375,0.5242313370563352,0.009738033191553086,0.005855207661340955,0.19740552735459005,0.013828576246893931,0.01346689664319456,0.9003164556961565,0.010333356925457338,0.8306389032591142,0.9543823680164678,0.01980198019788304,0.40685618729088446,0.0,0.00013812154696779544,0.4720634193346598,0.4543463095118341,0.46155978413897003,0.4721764017302519,0.1762143449071516,0.10876283707327161,0.828649576935959,0.3725061452460068
0.5641760735831269,0.8926261319538753,0.059509309204713645,0.2542755344418026,0.6288975134850574,0.8996118848048269,0.7962532299740133,0.7006820229056245,0.442626315943798,0.8073120117188353,0.9536555619745286,0.04858729941020101,0.9853619808465908,0.3956570783980169,0.027699312787220265,0.998540533368697,0.9236550632911076,0.03687451341207293,0.5182359027418784,0.9646335212712529,0.01904036557488098,0.39966555183934815,0.13114754097477999,0.00013812154696779544,0.6465846351866844,0.5532497450639227,0.9581918793886217,0.750271713191438,0.9965783064398863,0.994579605867159,0.520659943613424,0.4382396718655741
0.4566684584603138,0.6054333764532203,0.044892987645539506,0.531769596199581,0.49891461649781377,0.999673852777164,0.6753229974160888,0.7586217989962591,0.14609542242162377,0.2555541992186363,0.42993773669681445,0.02242490742007419,0.08311417654957154,0.24055273547662637,0.009275264555853369,0.40579806288971554,0.8981803797468046,0.01811876282818048,0.5779875840662498,0.949256791389189,0.017517136328820015,0.40685618729088446,0.0,0.00013812154696779544,0.48468905044131816,0.7447327536987274,0.5334142544726461,0.23047139936062422,0.2389427116318359,0.45895872920982583,0.5778036963044997,0.403205709382064
0.45851997849842974,0.6144890038804078,0.05498520967466902,0.5190617577196974,0.49230364425736184,1.0,0.5012273901808726,0.4722043495044943,0.12295827101849,0.5067749023438068,0.5072854483599372,0.009566588945290277,0.43159827320997124,0.20642978003400003,0.009275264555853369,0.4680907522886457,0.9017405063290198,0.00898860499677312,0.5467537506467011,0.9528446950284888,0.017263264787857224,0.40685618729088446,0.0,0.00013812154696779544,0.48927971207371,0.4576208921812537,0.44076003623942484,0.4756881586637576,0.5228513270125177,0.519175544975127,0.5459926456638584,0.4032735858663159
0.470524995520492,0.8072445019397492,0.05846528623629865,0.532897862232744,0.4868767267464449,1.0,0.4937984496123704,0.0749260069488713,0.006803319550755305,0.92657470703125,0.5427177610887384,0.005246193937637145,0.0371160621248805,0.1880992667790906,0.005818120494126333,0.840188403874123,0.894699367088549,0.01790643357625754,0.43921365752720476,0.9718093285491705,0.006473724295346983,0.40685618729088446,0.0,0.0,0.4790525923684896,0.054015684337116454,0.4840970995315246,0.8174455778154766,0.19634682203169973,0.8586801033371216,0.43981008721937087,0.45798203212490307
0.45577256166760094,0.3053040103486637,0.05829128240816317,0.5423990498812543,0.493948164715178,1.0,0.36821705426348217,0.31784841075793224,0.07750505850275147,0.6730957031250568,0.48481930804285867,0.02365930599363253,0.07840023817803399,0.14833615341240147,0.013111851258457818,0.6078015125380318,0.8990506329113828,0.01146577960210493,0.3958872219347711,0.9390056381341765,0.0196750444273448,0.40685618729088446,0.0,0.00013812154696779544,0.4750862607181148,0.31718210353253085,0.3724521877156377,0.5821377673800043,0.23287285483266373,0.6403804684330794,0.3975465749876719,0.3696165463475154
0.5295347309323688,0.360931435961902,0.06246737428210736,0.12173396674580772,0.7555584791474672,0.6746681452007408,0.866602067183436,0.7567237163813729,0.17542007565762674,0.61956787109375,0.5807176327108152,0.061788506377723706,0.6258125341141181,0.3824027072757872,0.009823348370474605,0.047764362478403655,0.8917721518986923,0.00785618232001184,0.9491722710812383,0.9738595592000365,0.017771007870067024,0.4949832775919276,0.01639344261639053,0.0006906077348389772,0.7390117048755371,0.5443371616724448,0.7423191784558867,0.5603571709674497,0.6903798344208383,0.13691899566583743,0.9490046570863342,0.5098299694070647
0.1370722092815697,0.44243208279294777,0.057769270923643035,0.23319477434688451,0.5849888172608644,0.48745963928115543,0.821705426356516,0.635246429030957,0.18242866778099653,0.7353515624999716,0.6516464471403651,0.03610615827732033,0.7988885029523942,0.3141567963904208,0.004468991104147335,0.9761178187607129,0.898022151898715,0.014296836294107607,0.14110191412314066,0.9687339825732124,0.020563594821112474,0.1439799331100744,0.09836065572744701,0.00041436464096022974,0.4182425023565486,0.48396956511118105,0.7651263930812462,0.6534497108703192,0.836719587787627,0.9777125990136142,0.1406892091862062,0.11062412427230583
0.4582810726871287,0.6170763260015519,0.03427875413251513,0.5409738717339678,0.4844099460597562,1.0,0.46511627906971853,0.4760648565177519,0.17961350107030682,0.4998168945312216,0.41305603697293236,0.0050404608421388275,0.19103855505392175,0.2126339537506965,0.016990598254523093,0.0563884834814985,0.9049050632910962,0.01118267393297856,0.6834583548887281,0.9518195797031694,0.0167555217058748,0.40685618729088446,0.0,0.00013812154696779544,0.48345175782993977,0.4635764885145335,0.3892968176691767,0.45426761362969614,0.32248053818395306,0.1543571321818149,0.6811817748398994,0.3535686061563297
0.45923669593270233,0.5135834411403266,0.0748216460761455,0.5323634204276004,0.49065912379950305,1.0,0.21214470284235176,0.7819135246429028,0.2530717574265111,0.26629638671866473,0.39431285705120445,0.0405637086819155,0.7767081824045761,0.20022560631684883,0.034191997976321886,0.5315775507495459,0.8921677215189447,0.018401868497420537,0.5186885669942853,0.9559200410039921,0.04061944656024252,0.40685618729088446,0.0,0.021408839779155642,0.4846121022082599,0.779223094177496,0.20654731771224988,0.24940507789668231,0.7933731553946188,0.5747058949121424,0.520659943613424,0.3659609128417287
0.6676222899122877,0.7076326002606947,0.052723159909362494,0.05659144893110124,0.7779568477831731,0.6507615537653919,0.6692506459947936,0.598925492214633,0.2409900002932801,0.50335693359375,0.5400218242506014,0.01772733507063151,0.5151590333945535,0.23942470389147275,0.016737636493914465,0.3310999071248091,0.8952531645567774,0.007856182319898153,0.5973228142783569,0.958995386981087,0.015613099771542238,0.5719063545149652,0.0,0.0,0.834189673896887,0.36918182484465945,0.6124859761817589,0.46339617206768935,0.5907541863162464,0.3933268569720667,0.5982186603494313,0.5412470849474289
0.7274084692110705,0.6338939197930813,0.0602053245170282,0.22238717339675418,0.6340613077226891,0.7227096311275005,0.6958010335917209,0.632158023420331,0.24489017917366596,0.50897216796875,0.564413633737729,0.014949938280054198,0.5420532923138524,0.21094190637336396,0.017454361482350578,0.020565211622653123,0.8995253164555947,0.015004600466966167,0.5800569063631826,0.9641209636081385,0.013201320131940975,0.47006688963199394,0.0,0.00013812154696779544,0.7370836269899286,0.4726229868645788,0.6143023250724724,0.4553059013258576,0.6093844284783074,0.10977699254866025,0.5811245304558952,0.47690987457389156
0.6233052619004411,0.3661060802069187,0.060727336001320964,0.2459026128265407,0.5427575319037459,0.017383646978260003,0.929005167958536,0.5059837858705265,0.003665581654487937,0.68878173828125,0.544258296424772,0.0054862158825699225,0.7109611472237134,0.24760293288170487,0.011172477760425181,0.3973066206713156,0.902689873417728,0.020100502512491403,0.552573719606869,0.9328549461815783,0.0024117796396012636,0.5316053511704126,0.03278688524005702,0.0,0.6030791534994933,0.3623078252481804,0.7578930936433466,0.6295573712565101,0.7614997982844613,0.43897986634499375,0.5539342728890801,0.5126565401416769
0.7500447948396527,0.15782664942071278,0.04837306420745335,0.5924584323039994,0.45267070122352493,0.6173640781448313,0.4355943152454813,0.7399626817654905,0.008885369930510478,0.10125732421872158,0.5382887219975885,0.013921272802065232,0.7579516697266229,0.20812182741133256,0.00788397487247039,0.5610322409446269,0.9022151898733455,0.011890438106036072,0.4199430936367605,0.965658636597027,0.017390200558281776,0.1744147157186262,0.0,0.00013812154696779544,0.5815764944133832,0.7777473151408145,0.4742494248228297,0.07433470041209489,0.8004717040769833,0.5955734782330353,0.4200418032475852,0.1612842230808269
0.332795795257681,0.4243208279431201,0.048547068035247776,0.627672209026116,0.6709972372056114,0.012784971135943124,0.8333979328165242,0.49909921503018495,0.010791472390849322,0.1900024414061363,0.5388022337762948,0.013989850500578882,0.4849402074133309,0.23152848279755744,0.007209410177495101,0.5009287514926939,0.908939873417637,0.0014863047632331927,0.4919813760992042,0.9630958482828191,0.0034272658033387415,0.39314381270889953,0.0,0.0,0.5855541934163853,0.5463549343590159,0.6753900043913035,0.1659501923344635,0.5733572250375971,0.5501846830497641,0.49374683464949953,0.34367803274568587
0.5049871588126678,0.715394566622308,0.08369584130838348,0.3742280285034951,0.5786080778844536,0.9555787482469356,0.6068475452195514,0.5996332518336942,0.3940353655318489,0.597412109375,0.8413248603890224,0.02293924015906157,0.8879571279709637,0.261703327692544,0.012774568910970174,0.07277431338729912,0.8909810126582443,0.015358482553551767,0.9130237972063355,0.9610456176324078,0.018659558263323106,0.46321070234097306,0.0,0.00041436464096022974,0.587513750124586,0.5106611689147229,0.7671995109717358,0.5171124884239191,0.9118324852850606,0.16229690202195002,0.9122527727233205,0.4350397804680597
0.465269067670107,0.4230271668811838,0.03306072733585097,0.546199524940647,0.5024667806867882,1.0,0.6198966408268518,0.7241346030111941,0.09548107093635849,0.25451660156241473,0.4520829321523081,0.01426416129477559,0.04386443705649867,0.22194021432574118,0.017538682069201172,0.23364733979033758,0.9008702531644985,0.009767145586977222,0.5720382824624721,0.957970271655995,0.01802487941097297,0.40685618729088446,0.0,0.003591160221105838,0.4900894173444925,0.7163943578370606,0.5207435796807971,0.22450124510788783,0.19604913354262976,0.3155731579734038,0.5717790135819598,0.39238910679398487
0.45505584423344203,0.39068564036188036,0.03201670436749282,0.535866983372955,0.49210630180240855,0.9999347705554413,0.5756459948321151,0.8773002187620023,0.019383595789022934,0.10675048828130684,0.5306502342897943,0.012103963790991656,0.0458988736169772,0.20276367738290446,0.0182975673510839,0.06030250762904643,0.8984177215189106,0.01104112109834432,0.7895757889291133,0.9466940030747537,0.02310231023096776,0.40685618729088446,0.0,0.002486187845420318,0.46876426384152126,0.8710824219425177,0.525587176722695,0.09891197497398707,0.2055625220536399,0.1497507312595303,0.7870195472249861,0.34694095230707944
0.4539807680821468,0.5821474773620139,0.0748216460761455,0.5391923990499663,0.4948033153532094,0.9999347705554413,0.5757751937984779,0.8577081456698181,0.018738453417782353,0.11468505859366473,0.5180691957122576,0.013921272802093654,0.056517640053698415,0.22899041173127443,0.012901049791310015,0.20631551014992056,0.8924050632911644,0.0014863047632331927,0.7871184687014647,0.9641209636081385,0.020690530591480183,0.40685618729088446,0.0,0.00041436464096022974,0.48312909989805064,0.8475902998518734,0.5314067877468744,0.11054247182806876,0.21047150868292874,0.2891650831607535,0.7844790183659995,0.391792763397234
0.20940094367790607,0.5730918499357358,0.042456934052438555,0.8149643705462495,0.8197605578213825,0.09347379407067535,0.8087209302324823,0.5300154420280592,0.01143661476203306,0.2885742187498863,0.545285319982014,0.00908654505555262,0.2944474768024179,0.22419627749548,0.015388507104020732,0.6499933660607269,0.9014240506328406,0.018401868497363694,0.5314924987067116,0.933367503844238,0.006854531607075387,0.49816053511699465,0.01639344261639053,0.0,0.6543397929043522,0.6757475485871396,0.6895181350400605,0.2415291633242589,0.4116077821977626,0.6724197749642826,0.5352201434243398,0.5069306738680552
0.464253717971701,0.27425614489220607,0.03584478858533657,0.523456057007138,0.4892448362057422,1.0,0.43624031007746567,0.4497812379358237,0.1068297117386976,0.5426635742187784,0.44194107452341314,0.014435605541038399,0.029474519922587206,0.17315284827975574,0.006071082254692328,0.13095396046171004,0.9007120253164089,0.014509165545888436,0.8436368339368414,0.9610456176321804,0.019801980197826197,0.40685618729088446,0.0,0.00013812154696779544,0.4816137443535098,0.44143165948680974,0.39116860532122644,0.46016073363401233,0.1988903920178018,0.21159019578541916,0.8436832389432709,0.3646664113217071
0.462342471480639,0.43984476067180367,0.035322777100930125,0.5292161520189609,0.491448493619302,1.0,0.5312661498707314,0.19994209239477811,0.008504149438465447,0.7985839843750568,0.5151806919571982,0.01433273899327503,0.07835061777402075,0.20614777213756952,0.013786415953461528,0.1280350271991324,0.9057753164556743,0.009130157831265251,0.568222969477489,0.9548949256793549,0.015613099771314864,0.40685618729088446,0.0,0.00041436464096022974,0.48384961517140823,0.18989774507113566,0.5023597946431693,0.7224456029353234,0.22763514655122208,0.210322501441226,0.5673545341016677,0.388011073563689
0.45905751657412,0.6985769728344167,0.07029754654593035,0.526959619952521,0.4864820418366236,1.0,0.5218992248061909,0.6559323124436389,0.038444620392397155,0.34497070312494316,0.5232043134990079,0.012515429982158821,0.01677169652163002,0.16497461928940993,0.008980142501769706,0.7624386360620576,0.8906645569618377,0.01394295420757885,0.2115882048628066,0.9374679651461975,0.0196750444273448,0.40685618729088446,0.0,0.00013812154696779544,0.4844249780960155,0.6511605812271029,0.49711937278334517,0.29701391807910227,0.18633230540768864,0.7837553643487354,0.2107385185417172,0.39281575898041865
0.46479125604741967,0.09961190168178291,0.04976509483196878,0.5323040380047814,0.4946388633074861,1.0,0.40258397932814205,0.23153390811988572,0.021846866660808928,0.74822998046875,0.524359715001026,0.008949389658440055,0.06852577779994817,0.22532430908040624,0.008769341034607692,0.09254345230198169,0.8996835443036844,0.013164413617261062,0.7334454216243955,0.9436186570987957,0.021959888296350982,0.40685618729088446,0.0,0.00041436464096022974,0.4852556692485166,0.2258249568621693,0.4300311770086438,0.667963968067653,0.22101703720642263,0.1848431795375518,0.7309530447578254,0.3608362382852306
0.45487666487483125,0.386804657176981,0.06072733600137781,0.7315320665083505,0.3578476516247804,0.6130263200808628,0.3720930232557862,0.6661304851370176,0.03466174012490342,0.24615478515619316,0.5369407535786479,0.011178164860794482,0.6334540763162977,0.23519458544842564,0.0061554028415855555,0.49621865463709014,0.8929588607595065,0.005662113383777978,0.4874547335746797,0.957457713993108,0.017263264787914068,0.40685618729088446,0.0,0.00041436464096022974,0.39032340992598336,0.7507363060644536,0.3910621045428826,0.2393169406685729,0.684814553863788,0.5507184490894304,0.4888455935846423,0.3922630504661697
0.7563757988413613,0.613195342817562,0.057943274752062734,0.025950118764825447,0.8889290882779477,0.3682854440494481,0.7247416020671551,0.5715158924205497,0.1745110114073043,0.7051391601562216,0.6757815007382248,0.02095048690162571,0.9149506276981185,0.21601804850536155,0.014376660061529378,0.8054929016849712,0.8973892405061861,0.018755750583693498,0.36452405587166936,0.927729369554072,0.011297283574435824,0.5332775919731603,0.01639344261639053,0.000828729281863616,0.9503605199601992,0.3120254727967193,0.7297856416525832,0.6078437611469099,0.9267330010102626,0.8290854452676513,0.3696865416308981,0.5490625772701492
0.046885265484093,0.44243208279567625,0.012180267965732128,1.0,0.5504209972372394,0.09207136101237268,0.8948966408268575,0.5384120447818219,0.028151667106570244,0.24151611328107947,0.5321265806534541,0.01711013578382392,0.31315436907649996,0.2171460800901741,0.0043425102238785485,0.1464110388748452,0.8975474683544462,0.010262580508054953,0.8796559751681059,0.9656586365967996,0.026021832952665136,0.037625418059974436,0.09836065572744701,0.00041436464096022974,0.3554308838729128,0.7618440089795371,0.7504701352851271,0.20034096028214776,0.4186097832620703,0.23970365309480712,0.8761541672097053,0.011912322975604184
0.46688168189695034,0.5213454075028494,0.08787193318238451,0.5266627078384829,0.49194184975659994,1.0,0.6747416020671153,0.38856003088402247,0.8154306325328093,0.5631103515625,0.34424545863024036,0.06336579344397819,0.4668287599861287,0.18950930626056106,0.05877144904927434,0.4978771394452792,0.8976265822784626,0.011607332436767592,0.4930160372477417,0.957970271655995,0.023356181771873707,0.40685618729088446,0.0,0.0033149171272270905,0.5006339485111369,0.3930612145181982,0.46162981204798825,0.5221314371743802,0.5495421459087027,0.542319640455247,0.49549056127540325,0.4204463363668651
0.44782894343899216,0.4217335058210665,0.691317208978603,0.5433491686461025,0.4934548085778374,1.0,0.8535529715762209,0.2636404581134144,0.5995132107563563,0.5745849609374716,0.5097246293086641,0.5686462762309787,0.41259365851237817,0.4173716864074777,0.5627977570723601,0.03754809605945297,0.42594936708871955,0.53061080048127,0.6348939472322854,0.6606868272683641,0.7185833968011366,0.40685618729088446,0.0,0.6993093922652065,0.4838111410548436,0.26274386321126997,0.7063160797209207,0.5316250709636563,0.23533941659945867,0.1026805730512308,0.6305262689034237,0.3568703122803072
0.03302872842380111,0.6856403622250582,0.03845484600634563,0.9870546318289826,0.5521641889225464,0.10580215909460833,0.8957364341084428,0.5413717668253355,0.02952992580858904,0.21246337890619316,0.5259002503370027,0.020333287614874962,0.30382573314147976,0.2230682459108948,0.0038365867026470823,0.15105479633808727,0.893037974683466,0.009413263500562152,0.8987325400930501,0.9779600205024508,0.023356181772157925,0.0,0.09836065572744701,0.00041436464096022974,0.34409588449372563,0.7585757601257512,0.7340412960415108,0.180216600210656,0.41023542676916236,0.24357612571256482,0.8950184188342405,0.03244495944386472
0.853670190527339,0.5032341526530217,0.0709935618582449,0.05522565320663375,0.8367977897645034,0.3060239392061135,0.7206718346253069,0.5661433534937572,0.11375032990235923,0.38659667968744316,0.505809101996249,0.01501851597859627,0.35349575745541983,0.22645234066544617,0.009612546903312591,0.07071779222494001,0.8909810126580737,0.016207799561158254,0.921495085359453,0.9466940030752085,0.022721502919580416,0.7836120401336757,0.01639344261639053,0.00041436464096022974,0.9551715333509065,0.3214538097448383,0.6199220647729078,0.3217435864801246,0.4540577009942979,0.15390343104812132,0.9170071910164381,0.7363192521951305
0.4645523502359765,0.6882276843471118,0.0532451713937121,0.5287410926365794,0.4881923431127859,1.0,0.48042635658907784,0.4942414103718846,0.8521450983842698,0.49523925781244316,0.19584055459282013,0.011898230695365442,0.6885327246563975,0.1940214325998113,0.006071082254749172,0.5279288841713878,0.8977056962024221,0.008705499327589905,0.5009699948266473,0.9559200410046742,0.017644072099415098,0.40685618729088446,0.0,0.0002762430939355909,0.48066063555742744,0.4830656391407899,0.245207100246418,0.4485737778767316,0.7295149516629635,0.5733181032090329,0.5030923515233781,0.36587849139664286
0.457385175894359,0.415265200518661,0.07586566904456049,0.5277909738717028,0.4868438363372718,1.0,0.2712532299741497,0.6821515892419825,0.3684642679100705,0.4716796875000284,0.490018614802068,0.038232066931811914,0.45491986304779175,0.19458544839221759,0.03246342594545126,0.3268541860156233,0.8902689873417557,0.015712364639966836,0.5434557682359298,0.9507944643767132,0.038334602691122655,0.40685618729088446,0.0,0.022237569061019258,0.4926776760934075,0.6774015792916686,0.300018528217592,0.43293582544706055,0.5336278801936203,0.39005753997909665,0.5431485730971417,0.4063862074984854
