event_id,begin_time_utc,begin_lat,begin_lon,cape,cin,temp_2m,dewpoint_2m,surface_pressure,tcwv,shear_0_1km,shear_0_3km,ef_category,ef_binary,tor_f_scale_raw,cz_timezone,begin_date_time_raw
679228,2017-04-06T15:00:00+00:00,26.501,-81.998,1738.4375,196.0753936767578,296.462646484375,294.4355163574219,101615.75,41.36659240722656,11.198454655897132,13.094660522259566,0.0,0,EF0,EST-5,06-APR-17 09:30:00
700928,2017-05-31T23:00:00+00:00,41.6425,-73.8736,745.5,63.84375762939453,293.346435546875,290.447998046875,99364.6875,24.16689682006836,8.103854889483058,12.600888750645344,1.0,0,EF1,EST-5,31-MAY-17 17:58:00
666464,2017-01-16T00:00:00+00:00,31.77,-97.58,507.0,8.640220642089844,290.17376708984375,290.08160400390625,98294.4375,36.882572174072266,15.862654792999605,17.562248514702556,1.0,0,EF1,CST-6,15-JAN-17 18:17:00
692077,2017-04-30T13:00:00+00:00,32.151,-90.807,348.25,52.625003814697266,295.67041015625,294.7049560546875,100113.6875,48.53192901611328,16.06987833091143,22.992182859548453,0.0,0,EF0,CST-6,30-APR-17 06:52:00
739562,2017-01-16T01:00:00+00:00,31.9115,-97.4266,485.5625,0.31267863512039185,290.7861328125,290.55828857421875,98251.75,34.62328338623047,16.150938475832856,16.856810018597365,0.0,0,EF0,CST-6,15-JAN-17 18:35:00
684355,2017-04-02T22:00:00+00:00,32.1738,-91.8682,545.625,47.1718864440918,294.90869140625,293.20654296875,100265.1875,49.895023345947266,16.64581194978778,21.453018837806315,1.0,0,EF1,CST-6,02-APR-17 15:36:00
697149,2017-04-30T10:00:00+00:00,32.5936,-91.8519,107.625,71.26564025878906,296.2099609375,294.6619873046875,100252.1875,48.00389862060547,17.69737957085453,33.60394102342356,1.0,0,EF1,CST-6,30-APR-17 03:44:00
692094,2017-04-30T14:00:00+00:00,32.6205,-90.3237,479.625,68.29701232910156,296.8740234375,294.47576904296875,100024.3125,49.705013275146484,15.197945425293753,24.112157598253518,1.0,0,EF1,CST-6,30-APR-17 07:54:00
690539,2017-04-30T14:00:00+00:00,32.6166,-90.3668,479.625,68.29701232910156,296.8740234375,294.47576904296875,100024.3125,49.705013275146484,15.197945425293753,24.112157598253518,1.0,0,EF1,CST-6,30-APR-17 07:51:00
692088,2017-04-30T13:00:00+00:00,32.3464,-90.6583,209.0,60.796878814697266,295.58740234375,294.6864013671875,100239.6875,47.55829620361328,16.48880589189726,23.206895850849566,1.0,0,EF1,CST-6,30-APR-17 07:15:00
686658,2017-03-07T05:00:00+00:00,38.3007,-92.0355,673.1875,19.546926498413086,289.596435546875,288.41412353515625,97608.5625,32.59880447387695,20.033242274735393,26.236735255120713,1.0,0,EF1,CST-6,06-MAR-17 23:03:00
684353,2017-04-02T21:00:00+00:00,31.7753,-92.0083,1711.25,57.57842254638672,296.009033203125,292.90771484375,100327.1875,45.31879425048828,18.72139357103026,17.852521759031294,2.0,1,EF2,CST-6,02-APR-17 15:28:00
690585,2017-04-30T15:00:00+00:00,33.5014,-89.6045,379.0625,176.19854736328125,296.4775390625,293.29547119140625,99541.3125,46.40202331542969,16.24366575577993,25.325415252858004,1.0,0,EF1,CST-6,30-APR-17 09:13:00
666465,2017-01-16T01:00:00+00:00,31.92,-97.42,485.5625,0.31267863512039185,290.7861328125,290.55828857421875,98251.75,34.62328338623047,16.150938475832856,16.856810018597365,1.0,0,EF1,CST-6,15-JAN-17 18:36:00
680844,2017-04-02T22:00:00+00:00,32.2377,-91.8523,545.625,47.1718864440918,294.90869140625,293.20654296875,100265.1875,49.895023345947266,16.64581194978778,21.453018837806315,1.0,0,EF1,CST-6,02-APR-17 15:48:00
692042,2017-04-02T22:00:00+00:00,32.1264,-91.8837,545.625,47.1718864440918,294.90869140625,293.20654296875,100265.1875,49.895023345947266,16.64581194978778,21.453018837806315,1.0,0,EF1,CST-6,02-APR-17 15:30:00
726661,2017-08-21T23:00:00+00:00,41.9496,-93.5614,254.125,206.9219512939453,298.232421875,294.398193359375,98008.0625,48.44843292236328,7.336100076835256,14.001261947306363,0.0,0,EF0,CST-6,21-AUG-17 16:58:00
666463,2017-01-16T00:00:00+00:00,31.6,-97.62,537.9375,2.562096118927002,290.98236083984375,290.77496337890625,98206.4375,36.001712799072266,15.254495197462695,17.019428603029713,0.0,0,EF0,CST-6,15-JAN-17 18:00:00
666467,2017-01-16T02:00:00+00:00,32.55,-97.1,684.4375,11.156275749206543,291.017822265625,290.2803955078125,98906.75,37.23149490356445,17.637419133463894,17.277745875799578,0.0,0,EF0,CST-6,15-JAN-17 20:13:00
726659,2017-08-21T23:00:00+00:00,41.949,-93.7256,349.625,198.6094512939453,298.25634765625,294.506591796875,97937.0625,48.77167510986328,6.511052745863419,13.896844156772861,0.0,0,EF0,CST-6,21-AUG-17 16:52:00
726660,2017-08-21T23:00:00+00:00,41.9304,-93.6981,349.625,198.6094512939453,298.25634765625,294.506591796875,97937.0625,48.77167510986328,6.511052745863419,13.896844156772861,0.0,0,EF0,CST-6,21-AUG-17 16:54:00
666466,2017-01-16T02:00:00+00:00,32.52,-97.12,684.4375,11.156275749206543,291.017822265625,290.2803955078125,98906.75,37.23149490356445,17.637419133463894,17.277745875799578,0.0,0,EF0,CST-6,15-JAN-17 20:11:00
683885,2017-03-01T13:00:00+00:00,36.0502,-86.5658,524.6875,182.86114501953125,291.77691650390625,288.2952880859375,98571.9375,34.504417419433594,17.28218115281385,17.62754305774215,0.0,0,EF0,CST-6,01-MAR-17 07:19:00
668715,2017-01-07T07:00:00+00:00,30.2745,-83.0506,426.25,2.1562747955322266,290.91326904296875,290.1541748046875,100607.75,42.73711395263672,20.080900578897797,21.89757704213139,0.0,0,EF0,EST-5,07-JAN-17 01:30:00
668776,2017-01-22T23:00:00+00:00,30.9007,-81.8579,670.625,0.3125138282775879,294.507568359375,292.92803955078125,99268.875,38.38611602783203,22.115721687069808,28.552186648516027,1.0,0,EF1,EST-5,22-JAN-17 18:26:00
668807,2017-01-22T10:00:00+00:00,31.402,-83.0281,776.375,78.75006866455078,293.58984375,292.5355224609375,99280.3125,41.463897705078125,19.797334035760258,20.05125188775234,1.0,0,EF1,EST-5,22-JAN-17 04:47:00
668808,2017-01-22T22:00:00+00:00,31.402,-83.0281,102.6875,209.10940551757812,293.33837890625,291.5774230957031,98258.1875,27.856143951416016,19.158493413329154,29.050692441107046,1.0,0,EF1,EST-5,22-JAN-17 16:47:00
668805,2017-01-22T11:00:00+00:00,31.7404,-82.5428,983.75,79.84375762939453,293.2109375,291.928466796875,99473.3125,42.91518783569336,20.872209388834566,21.92836337641077,1.0,0,EF1,EST-5,22-JAN-17 05:52:00
678120,2017-02-28T23:00:00+00:00,40.8645,-89.6086,1233.1875,201.59378051757812,291.62646484375,287.34014892578125,97570.9375,25.422027587890625,16.351686838064463,21.43653711527269,0.0,0,EF0,CST-6,28-FEB-17 17:10:00
684757,2017-03-01T07:00:00+00:00,35.4203,-93.3852,1425.375,304.75006103515625,293.958740234375,290.12420654296875,97889.5625,22.764846801757812,18.30801284646852,30.789979199481486,1.0,0,EF1,CST-6,01-MAR-17 01:29:00
684760,2017-03-01T09:00:00+00:00,35.4617,-92.2345,1394.9375,264.56256103515625,291.7708435058594,289.3446044921875,98470.75,25.130836486816406,20.04454810544538,24.88764845393603,1.0,0,EF1,CST-6,01-MAR-17 02:33:00
685166,2017-03-25T04:00:00+00:00,34.5024,-92.7689,861.0,12.579964637756348,292.1103515625,288.159423828125,99644.9375,37.141563415527344,17.89114737756061,20.59261204835152,0.0,0,EF0,CST-6,24-MAR-17 21:31:00
685172,2017-03-25T04:00:00+00:00,34.5035,-92.7678,861.0,12.579964637756348,292.1103515625,288.159423828125,99644.9375,37.141563415527344,17.89114737756061,20.59261204835152,2.0,1,EF2,CST-6,24-MAR-17 21:32:00
684618,2017-04-11T00:00:00+00:00,32.2484,-95.1026,1739.125,35.06259536743164,294.202880859375,292.8612060546875,100079.0625,41.724185943603516,5.799716211151781,13.347937349946658,1.0,0,EF1,CST-6,10-APR-17 18:10:00
685183,2017-03-25T04:00:00+00:00,34.5279,-92.7723,846.75,8.876839637756348,291.19140625,288.101806640625,99122.9375,36.303672790527344,17.663142078316856,20.14619623661102,1.0,0,EF1,CST-6,24-MAR-17 21:33:00
685206,2017-03-25T04:00:00+00:00,34.9527,-92.2291,397.5625,3.876840114593506,293.3896484375,287.432861328125,99883.9375,36.253868103027344,18.234400411206376,22.172314093137558,1.0,0,EF1,CST-6,24-MAR-17 22:23:00
684753,2017-03-01T08:00:00+00:00,35.4372,-92.6235,1372.125,321.83355712890625,292.15625,289.4816589355469,98170.6875,23.839818954467773,19.42105263959899,26.863372775815915,1.0,0,EF1,CST-6,01-MAR-17 02:16:00
676469,2017-01-22T20:00:00+00:00,32.6262,-85.4207,364.625,31.9843807220459,290.188232421875,289.9565124511719,96675.125,34.52191925048828,11.542338421557469,20.805947833658927,1.0,0,EF1,CST-6,22-JAN-17 14:00:00
684754,2017-03-01T08:00:00+00:00,35.4439,-92.5602,1372.125,321.83355712890625,292.15625,289.4816589355469,98170.6875,23.839818954467773,19.42105263959899,26.863372775815915,0.0,0,EF0,CST-6,01-MAR-17 02:18:00
684755,2017-03-01T09:00:00+00:00,35.6362,-91.2627,1095.9375,462.12506103515625,292.9808044433594,289.5946044921875,99540.75,25.201148986816406,20.57722355915687,22.781512433740303,1.0,0,EF1,CST-6,01-MAR-17 03:20:00
684756,2017-03-01T09:00:00+00:00,35.4538,-91.4619,1266.6875,419.98443603515625,293.1028747558594,289.8289794921875,99424.75,26.203102111816406,20.15351847932995,22.320906071301735,1.0,0,EF1,CST-6,01-MAR-17 03:13:00
698099,2017-04-30T12:00:00+00:00,32.289,-90.9521,260.125,54.98444747924805,295.54449462890625,294.708740234375,100395.3125,48.10285568237305,16.31360680634914,21.90316742149849,1.0,0,EF1,CST-6,30-APR-17 06:13:00
710676,2017-06-28T21:00:00+00:00,40.7567,-95.5628,2104.125,6.156339168548584,306.13330078125,293.573974609375,96796.375,43.61907196044922,9.701504141769023,18.441487832820943,2.0,1,EF2,CST-6,28-JUN-17 14:46:00
680845,2017-04-02T22:00:00+00:00,32.2603,-91.784,440.5,39.6562614440918,294.96044921875,292.76611328125,100294.1875,48.310062408447266,15.688391568291115,22.4776294087353,1.0,0,EF1,CST-6,02-APR-17 15:49:00
699679,2017-04-02T22:00:00+00:00,32.311,-91.7595,440.5,39.6562614440918,294.96044921875,292.76611328125,100294.1875,48.310062408447266,15.688391568291115,22.4776294087353,1.0,0,EF1,CST-6,02-APR-17 15:57:00
684949,2017-04-30T02:00:00+00:00,32.5656,-95.4619,1315.75,82.453125,294.314697265625,293.5403747558594,98713.3125,46.823402404785156,7.8888667692007095,16.271135075658076,1.0,0,EF1,CST-6,29-APR-17 19:45:00
692096,2017-04-30T14:00:00+00:00,32.9005,-90.0257,528.5625,148.95326232910156,296.8037109375,294.22283935546875,99975.3125,46.965755462646484,15.529311836669486,25.519708489280212,2.0,1,EF2,CST-6,30-APR-17 08:23:00
690493,2017-04-30T13:00:00+00:00,32.3026,-90.4686,283.25,131.203125,296.12060546875,294.4090576171875,100026.6875,46.39423370361328,15.393797163283146,23.461307385747737,1.0,0,EF1,CST-6,30-APR-17 07:22:00
692053,2017-04-27T04:00:00+00:00,32.663,-89.318,350.625,10.406270980834961,294.429443359375,291.241943359375,98750.125,41.776607513427734,20.14763518984975,22.17603336573308,1.0,0,EF1,CST-6,26-APR-17 21:40:00
692099,2017-04-30T15:00:00+00:00,33.3875,-89.6463,379.0625,176.19854736328125,296.4775390625,293.29547119140625,99541.3125,46.40202331542969,16.24366575577993,25.325415252858004,2.0,1,EF2,CST-6,30-APR-17 09:06:00
684995,2017-04-30T08:00:00+00:00,31.9873,-92.5856,2443.25,4.049342155456543,295.720458984375,293.52545166015625,99844.0625,60.162540435791016,19.943431823892045,27.29183146536101,1.0,0,EF1,CST-6,30-APR-17 02:07:00
684982,2017-04-29T19:00:00+00:00,31.7571,-93.1455,3242.625,260.1406555175781,298.46142578125,293.98773193359375,100016.0,43.09288787841797,19.94983265590873,20.760287693510147,1.0,0,EF1,CST-6,29-APR-17 13:24:00
690589,2017-04-30T15:00:00+00:00,33.529,-89.5278,368.125,169.63604736328125,296.68359375,293.20562744140625,99687.3125,45.53190612792969,16.8419343532809,26.05029324170317,1.0,0,EF1,CST-6,30-APR-17 09:14:00
690419,2017-04-30T11:00:00+00:00,31.4795,-91.4255,793.5,15.143655776977539,296.161376953125,295.1319885253906,100340.625,49.34221649169922,17.184717997673594,17.402449195329346,2.0,1,EF2,CST-6,30-APR-17 05:14:00
690579,2017-04-30T15:00:00+00:00,33.4156,-89.5944,379.0625,176.19854736328125,296.4775390625,293.29547119140625,99541.3125,46.40202331542969,16.24366575577993,25.325415252858004,1.0,0,EF1,CST-6,30-APR-17 09:11:00
690593,2017-04-30T15:00:00+00:00,33.5792,-89.5032,368.125,169.63604736328125,296.68359375,293.20562744140625,99687.3125,45.53190612792969,16.8419343532809,26.05029324170317,1.0,0,EF1,CST-6,30-APR-17 09:18:00
692100,2017-04-30T15:00:00+00:00,33.5526,-89.5064,368.125,169.63604736328125,296.68359375,293.20562744140625,99687.3125,45.53190612792969,16.8419343532809,26.05029324170317,1.0,0,EF1,CST-6,30-APR-17 09:18:00
680850,2017-04-03T06:00:00+00:00,31.5727,-90.6494,943.125,0.4843996465206146,293.1240234375,292.615234375,99169.6875,43.67890548706055,19.783332058496732,28.91372996566555,1.0,0,EF1,CST-6,02-APR-17 23:57:00
690607,2017-04-30T17:00:00+00:00,33.4933,-88.3428,95.75,201.75001525878906,298.736328125,291.37298583984375,100320.3125,47.14515686035156,13.974584706559167,23.081288180787322,1.0,0,EF1,CST-6,30-APR-17 10:37:00
690453,2017-04-30T13:00:00+00:00,31.8472,-90.4507,250.75,69.15625,296.14208984375,294.5096435546875,99730.6875,47.58173370361328,15.227515261074233,22.48161882326594,0.0,0,EF0,CST-6,30-APR-17 07:01:00
714507,2017-05-19T09:00:00+00:00,38.8952,-91.445,1751.875,61.093772888183594,293.096923828125,291.74267578125,98415.9375,40.45811462402344,13.226735868119967,17.630700899130265,0.0,0,EF0,CST-6,19-MAY-17 03:23:00
690480,2017-04-30T13:00:00+00:00,32.1646,-90.5739,300.5,103.890625,296.22412109375,294.4178466796875,99917.6875,47.03583526611328,15.14173614972873,23.038045050119962,1.0,0,EF1,CST-6,30-APR-17 07:10:00
690572,2017-04-30T15:00:00+00:00,33.15,-89.7739,386.5625,103.19853973388672,296.0537109375,293.73101806640625,99715.3125,49.14909362792969,15.997497566503526,24.593893488972675,1.0,0,EF1,CST-6,30-APR-17 08:42:00
690557,2017-04-30T14:00:00+00:00,32.8556,-90.0951,528.5625,148.95326232910156,296.8037109375,294.22283935546875,99975.3125,46.965755462646484,15.529311836669486,25.519708489280212,2.0,1,EF2,CST-6,30-APR-17 08:16:00
687097,2017-04-18T17:00:00+00:00,33.33,-90.8,934.375,39.43754959106445,298.171630859375,292.22955322265625,101479.4375,35.56978988647461,2.135131812353437,3.4262606778848252,0.0,0,EF0,CST-6,18-APR-17 11:15:00
690577,2017-04-30T15:00:00+00:00,33.3033,-89.7531,411.5625,104.76103973388672,296.2724609375,293.60308837890625,99713.3125,47.89030456542969,16.385757286248957,25.852888836746285,1.0,0,EF1,CST-6,30-APR-17 08:58:00
692050,2017-04-27T04:00:00+00:00,32.609,-89.4624,351.8125,3.921895980834961,292.964599609375,291.661865234375,98860.125,42.399654388427734,19.931394373731813,19.16778291843039,1.0,0,EF1,CST-6,26-APR-17 21:31:00
690422,2017-04-30T12:00:00+00:00,31.6707,-90.9184,412.75,28.468820571899414,295.74176025390625,295.071044921875,99846.3125,47.07648849487305,16.02915452006106,20.895770244616145,1.0,0,EF1,CST-6,30-APR-17 06:24:00
690448,2017-04-30T13:00:00+00:00,31.9338,-90.9845,645.875,19.187503814697266,295.11279296875,294.6414794921875,100108.6875,50.28778839111328,16.851515014920853,20.923379103601544,2.0,1,EF2,CST-6,30-APR-17 06:30:00
692075,2017-04-30T13:00:00+00:00,31.7859,-90.7871,499.625,42.453128814697266,295.57568359375,294.7264404296875,99879.6875,49.47235870361328,15.823247370488497,22.340748919921385,1.0,0,EF1,CST-6,30-APR-17 06:37:00
690586,2017-04-30T15:00:00+00:00,32.6869,-89.0975,219.8125,258.29229736328125,296.98046875,293.15386962890625,99542.3125,45.07096862792969,12.953233012467456,23.632810337852824,0.0,0,EF0,CST-6,30-APR-17 09:17:00
684953,2017-04-30T02:00:00+00:00,32.6496,-95.4439,1315.75,82.453125,294.314697265625,293.5403747558594,98713.3125,46.823402404785156,7.8888667692007095,16.271135075658076,1.0,0,EF1,CST-6,29-APR-17 19:48:00
690483,2017-04-30T13:00:00+00:00,32.3406,-90.6617,209.0,60.796878814697266,295.58740234375,294.6864013671875,100239.6875,47.55829620361328,16.48880589189726,23.206895850849566,0.0,0,EF0,CST-6,30-APR-17 07:14:00
690575,2017-04-30T15:00:00+00:00,33.2553,-89.7662,386.5625,103.19853973388672,296.0537109375,293.73101806640625,99715.3125,49.14909362792969,15.997497566503526,24.593893488972675,0.0,0,EF0,CST-6,30-APR-17 08:51:00
692098,2017-04-30T15:00:00+00:00,33.2481,-89.8721,386.5625,103.19853973388672,296.0537109375,293.73101806640625,99715.3125,49.14909362792969,15.997497566503526,24.593893488972675,0.0,0,EF0,CST-6,30-APR-17 08:47:00
710678,2017-06-28T21:00:00+00:00,40.7518,-95.2898,1976.25,10.921964645385742,305.17724609375,294.126708984375,96808.375,45.48918914794922,12.551024840633618,21.865546173601764,1.0,0,EF1,CST-6,28-JUN-17 15:21:00
722574,2017-08-19T01:00:00+00:00,43.5014,-95.7401,1015.25,62.93008041381836,292.819091796875,289.08892822265625,95945.0,26.633358001708984,7.785510492428489,17.156582496798986,1.0,0,EF1,CST-6,18-AUG-17 18:47:00
719427,2017-08-19T01:00:00+00:00,43.63,-95.82,712.75,149.55508422851562,292.570068359375,288.84967041015625,95686.0,25.402889251708984,6.987690478315195,15.818632269677385,1.0,0,EF1,CST-6,18-AUG-17 18:37:00
719515,2017-08-19T02:00:00+00:00,42.85,-95.49,1014.875,124.14917755126953,294.47021484375,290.63848876953125,96385.5625,27.475364685058594,7.315257062406472,16.89582517544869,0.0,0,EF0,CST-6,18-AUG-17 20:21:00
668987,2017-01-22T02:00:00+00:00,33.1908,-92.4782,216.5,63.95314025878906,291.2529296875,290.36859130859375,99162.5625,28.811058044433594,12.233274499429177,15.569174189631907,0.0,0,EF0,CST-6,21-JAN-17 19:38:00
676482,2017-01-02T20:00:00+00:00,31.7314,-89.6559,1067.0625,91.79698181152344,293.7949523925781,291.4327392578125,99724.625,41.6965217590332,17.49372689358541,13.97635545522788,2.0,1,EF2,CST-6,02-JAN-17 14:21:00
676483,2017-01-02T20:00:00+00:00,31.8836,-89.9774,1017.875,72.12510681152344,293.4092102050781,291.4561767578125,99627.625,42.5529670715332,16.03148473160916,13.002223280035668,1.0,0,EF1,CST-6,02-JAN-17 14:02:00
673095,2017-01-22T09:00:00+00:00,31.1092,-83.3226,1103.0,100.500244140625,291.2666015625,290.601318359375,99477.9375,39.111392974853516,19.725277703631154,24.44666883073815,3.0,1,EF3,EST-5,22-JAN-17 03:49:00
676485,2017-01-02T21:00:00+00:00,31.8597,-89.317,1195.9375,30.093793869018555,292.40234375,291.0712890625,99751.375,43.0740966796875,19.135777279028147,16.296061414102272,1.0,0,EF1,CST-6,02-JAN-17 14:44:00
676487,2017-01-02T21:00:00+00:00,31.1232,-89.349,1564.5,20.156293869018555,294.04296875,292.0908203125,100214.375,45.6561279296875,19.009704674913923,18.101386278133596,1.0,0,EF1,CST-6,02-JAN-17 14:57:00
676488,2017-01-02T21:00:00+00:00,32.26,-88.81,1111.8125,0.6875432133674622,292.0244140625,290.3564453125,99659.375,39.6385498046875,18.97853736909129,21.32670048524225,0.0,0,EF0,CST-6,02-JAN-17 15:28:00
676500,2017-01-22T03:00:00+00:00,33.2393,-91.82,237.25,55.937503814697266,290.697509765625,290.14569091796875,99270.1875,29.256240844726562,12.184250145004112,18.02604875891489,0.0,0,EF0,CST-6,21-JAN-17 20:45:00
668885,2017-01-21T23:00:00+00:00,32.902,-94.0431,690.375,8.556243896484375,291.2578125,290.2131042480469,98688.5625,27.631006240844727,10.056230482768184,12.140270864133912,2.0,1,EF2,CST-6,21-JAN-17 17:23:00
668966,2017-01-22T01:00:00+00:00,31.5566,-92.7473,833.3125,26.10938262939453,290.96044921875,289.72589111328125,99111.375,26.177459716796875,11.719668062942805,18.64823633708148,1.0,0,EF1,CST-6,21-JAN-17 19:00:00
668881,2017-01-21T22:00:00+00:00,32.5199,-94.2529,1165.375,2.3437745571136475,291.423828125,290.6103515625,98561.6640625,25.283248901367188,7.70772697295677,15.552458773341558,2.0,1,EF2,CST-6,21-JAN-17 16:18:00
668882,2017-01-21T22:00:00+00:00,32.7724,-94.4179,1180.5,3.0937745571136475,289.5830078125,289.5078125,98504.6640625,23.931686401367188,7.288997806062674,16.73126417651746,1.0,0,EF1,CST-6,21-JAN-17 16:19:00
668883,2017-01-21T23:00:00+00:00,32.8087,-94.1962,502.9375,28.321868896484375,290.2421875,289.4367370605469,98611.5625,26.331201553344727,8.535447757928342,11.776767377818931,2.0,1,EF2,CST-6,21-JAN-17 16:50:00
676459,2017-01-21T15:00:00+00:00,32.5294,-85.1094,830.8125,17.28127098083496,290.5040283203125,288.9574279785156,98596.734375,42.67422103881836,13.841286180216766,25.82146882872181,1.0,0,EF1,CST-6,21-JAN-17 09:19:00
673008,2017-01-22T20:00:00+00:00,29.8217,-84.9188,473.4375,135.71875,294.016357421875,291.9184265136719,99246.125,24.15863800048828,18.768112451713993,28.601983778858934,1.0,0,EF1,EST-5,22-JAN-17 14:50:00
673031,2017-01-22T20:00:00+00:00,31.5704,-84.8654,590.5,2.421879768371582,292.679443359375,292.2895202636719,97700.125,30.73773956298828,17.93168709430716,36.650731686123,2.0,1,EF2,EST-5,22-JAN-17 14:38:00
673051,2017-01-22T08:00:00+00:00,30.9753,-83.7376,1284.9375,98.42125701904297,291.8212890625,290.9892578125,99522.0,38.47149658203125,20.201434848425432,24.211992922109058,1.0,0,EF1,EST-5,22-JAN-17 03:15:00
673054,2017-01-22T08:00:00+00:00,30.9998,-83.5841,1285.875,100.59313201904297,291.94140625,290.97265625,99631.0,38.68829345703125,20.685035710841685,23.174645903569456,3.0,1,EF3,EST-5,22-JAN-17 03:29:00
668889,2017-01-21T23:00:00+00:00,32.8883,-93.6432,1091.125,3.290618658065796,292.7998046875,290.7970886230469,98648.5625,24.242334365844727,12.677320397360022,14.774509602733644,2.0,1,EF2,CST-6,21-JAN-17 17:12:00
668884,2017-01-21T23:00:00+00:00,32.8808,-94.0723,690.375,8.556243896484375,291.2578125,290.2131042480469,98688.5625,27.631006240844727,10.056230482768184,12.140270864133912,2.0,1,EF2,CST-6,21-JAN-17 17:17:00
676460,2017-01-22T19:00:00+00:00,33.0439,-87.3412,177.0,,289.27978515625,288.2159423828125,97698.375,29.11524200439453,4.77128946239992,12.351554957872096,0.0,0,EF0,CST-6,22-JAN-17 12:36:00
673083,2017-01-22T09:00:00+00:00,31.0351,-83.4852,1043.5,74.047119140625,291.10546875,290.547607421875,99414.9375,39.629947662353516,18.378804477575123,25.04626592515527,3.0,1,EF3,EST-5,22-JAN-17 03:35:00
668890,2017-01-22T00:00:00+00:00,32.9499,-93.5126,469.5,39.81660079956055,291.283203125,289.84228515625,98821.9375,29.004253387451172,11.710841122355689,11.621950608759121,1.0,0,EF1,CST-6,21-JAN-17 17:31:00
676467,2017-01-22T19:00:00+00:00,32.1254,-85.957,472.4375,11.271258354187012,291.96337890625,291.0919189453125,97671.375,33.33399200439453,11.29622477791265,17.56151000403486,1.0,0,EF1,CST-6,22-JAN-17 13:06:00
676468,2017-01-22T20:00:00+00:00,32.5302,-85.5572,364.625,31.9843807220459,290.188232421875,289.9565124511719,96675.125,34.52191925048828,11.542338421557469,20.805947833658927,0.0,0,EF0,CST-6,22-JAN-17 13:46:00
669603,2017-01-02T20:00:00+00:00,30.9533,-90.4358,916.9375,19.234485626220703,294.6767883300781,291.5343017578125,100183.625,46.1691780090332,16.173718551279407,19.46493972963139,1.0,0,EF1,CST-6,02-JAN-17 13:45:00
668973,2017-01-22T02:00:00+00:00,31.6287,-92.4199,1035.6875,82.90626525878906,291.005859375,289.96624755859375,99217.5625,27.340354919433594,12.694556141295042,18.058340983078548,0.0,0,EF0,CST-6,21-JAN-17 19:51:00
669605,2017-01-02T21:00:00+00:00,30.5895,-89.9019,1206.125,31.000043869018555,294.4306640625,291.7353515625,100726.375,44.8426513671875,20.01201496641332,21.496933643151777,0.0,0,EF0,CST-6,02-JAN-17 14:44:00
710599,2017-06-29T23:00:00+00:00,42.7521,-97.4062,2535.25,125.54696655273438,295.39599609375,290.9287109375,95301.9375,38.476470947265625,2.118653025896563,17.51844671044429,1.0,0,EF1,CST-6,29-JUN-17 16:45:00
668976,2017-01-22T02:00:00+00:00,31.6792,-92.1562,1090.125,67.40626525878906,291.1748046875,290.11956787109375,99247.5625,26.949729919433594,11.904524405319687,17.554528266841057,0.0,0,EF0,CST-6,21-JAN-17 20:29:00
669620,2017-01-02T20:00:00+00:00,31.0883,-90.3515,896.1875,16.125110626220703,294.7080383300781,291.5177001953125,99824.625,44.6555061340332,16.5245460566869,18.322147444670783,1.0,0,EF1,CST-6,02-JAN-17 13:55:00
668977,2017-01-22T03:00:00+00:00,32.8663,-92.1666,268.0625,28.250001907348633,290.804931640625,290.18963623046875,99207.1875,25.099990844726562,18.175021206697647,20.149599048751575,0.0,0,EF0,CST-6,21-JAN-17 20:48:00
668940,2017-01-22T00:00:00+00:00,32.8875,-93.3193,733.6875,23.879100799560547,291.080078125,289.68798828125,98699.9375,28.496440887451172,13.744898895715021,12.961639893530286,1.0,0,EF1,CST-6,21-JAN-17 17:55:00
690568,2017-04-30T15:00:00+00:00,32.4074,-89.3973,237.875,170.27667236328125,296.6591796875,293.75152587890625,99600.3125,47.63639831542969,15.358022707651902,23.79489672504005,0.0,0,EF0,CST-6,30-APR-17 08:41:00
668953,2017-01-22T00:00:00+00:00,31.6824,-93.0381,830.8125,5.441600799560547,291.5908203125,290.36962890625,98931.9375,25.317729949951172,11.32342511869007,21.55035893985284,2.0,1,EF2,CST-6,21-JAN-17 17:56:00
668981,2017-01-22T01:00:00+00:00,33.1731,-92.807,734.125,30.95313262939453,290.96044921875,289.63409423828125,98959.375,28.858123779296875,12.336890348026186,14.702202034780441,1.0,0,EF1,CST-6,21-JAN-17 19:04:00
673009,2017-01-22T12:00:00+00:00,30.8897,-83.3891,1476.125,20.078176498413086,292.76123046875,292.154052734375,99498.375,37.20366287231445,19.074655851601655,27.467458982590134,1.0,0,EF1,EST-5,22-JAN-17 07:00:00
673043,2017-01-22T20:00:00+00:00,31.6195,-84.7874,590.5,2.421879768371582,292.679443359375,292.2895202636719,97700.125,30.73773956298828,17.93168709430716,36.650731686123,2.0,1,EF2,EST-5,22-JAN-17 14:45:00
690565,2017-04-30T15:00:00+00:00,33.1769,-89.9856,414.5625,65.87041473388672,296.1708984375,293.95758056640625,99948.3125,50.44596862792969,16.565350717611885,24.38661551539036,1.0,0,EF1,CST-6,30-APR-17 08:38:00
690598,2017-04-30T14:00:00+00:00,32.7771,-90.1848,570.125,80.39076232910156,296.6513671875,294.49237060546875,100155.3125,48.932552337646484,15.724752043829916,25.27824004855415,1.0,0,EF1,CST-6,30-APR-17 08:06:00
690570,2017-04-30T15:00:00+00:00,33.136,-89.8272,386.5625,103.19853973388672,296.0537109375,293.73101806640625,99715.3125,49.14909362792969,15.997497566503526,24.593893488972675,1.0,0,EF1,CST-6,30-APR-17 08:42:00
675117,2017-01-22T09:00:00+00:00,32.01,-81.67,1007.4375,150.312744140625,291.0771484375,290.468505859375,99870.9375,38.620182037353516,18.210790392234717,18.768813702300186,1.0,0,EF1,EST-5,22-JAN-17 04:25:00
674986,2017-01-21T20:00:00+00:00,31.93,-82.09,649.8125,4.585533142089844,297.001220703125,289.006591796875,100121.140625,45.369422912597656,14.654722106333494,21.33168662027028,0.0,0,EF0,EST-5,21-JAN-17 14:50:00
666272,2017-01-16T15:00:00+00:00,30.085,-95.4498,343.1875,29.078235626220703,294.93194580078125,293.30853271484375,100895.8125,33.826622009277344,14.090070439751372,12.937688064109448,0.0,0,EF0,CST-6,16-JAN-17 08:35:00
666276,2017-01-16T15:00:00+00:00,30.1276,-95.4339,343.1875,29.078235626220703,294.93194580078125,293.30853271484375,100895.8125,33.826622009277344,14.090070439751372,12.937688064109448,0.0,0,EF0,CST-6,16-JAN-17 08:40:00
722745,2017-08-03T22:00:00+00:00,44.9285,-85.3808,496.75,59.32815933227539,292.88427734375,291.30810546875,98094.125,38.24847412109375,11.175621162261237,17.53622562829504,0.0,0,EF0,EST-5,03-AUG-17 17:10:00
722747,2017-08-18T00:00:00+00:00,44.4016,-83.9742,125.625,5.245260238647461,296.004150390625,294.533203125,96864.9375,39.840267181396484,10.422488633722628,10.339135299404274,0.0,0,EF0,EST-5,17-AUG-17 18:34:00
674988,2017-01-21T20:00:00+00:00,32.78,-81.61,389.6875,8.288658142089844,293.366455078125,291.558349609375,99961.140625,43.875282287597656,15.14655674895965,24.423365896910386,1.0,0,EF1,EST-5,21-JAN-17 14:52:00
674987,2017-01-21T20:00:00+00:00,32.82,-81.76,413.6875,1.6011582612991333,293.106689453125,291.113037109375,99785.140625,43.485633850097656,17.044210530141548,25.23659161353301,0.0,0,EF0,EST-5,21-JAN-17 14:42:00
674297,2017-01-09T22:00:00+00:00,38.8491,-121.3272,17.6875,28.98442840576172,285.9157409667969,282.66143798828125,99622.625,15.171685218811035,9.572898319624604,18.58246103631651,0.0,0,EF0,PST-8,09-JAN-17 14:00:00
673155,2017-03-01T14:00:00+00:00,39.0577,-82.1854,434.21875,81.7921371459961,287.7452392578125,285.40411376953125,97591.4375,31.535907745361328,16.89178338785959,20.223005110674283,1.0,0,EF1,EST-5,01-MAR-17 09:07:00
676090,2017-01-21T15:00:00+00:00,31.787,-86.1345,439.0625,3.187521457672119,290.9600830078125,288.9076232910156,99251.734375,42.39492416381836,9.734785247783066,31.67010030778237,1.0,0,EF1,CST-6,21-JAN-17 08:55:00
725377,2017-10-21T22:00:00+00:00,34.4793,-98.9428,2637.125,65.60948181152344,295.35791015625,292.3439025878906,96066.0,37.471214294433594,7.150414257970722,17.88143487502649,,0,EFU,CST-6,21-OCT-17 16:23:00
687972,2017-03-11T21:00:00+00:00,30.0929,-94.2291,482.8125,24.687631607055664,293.5888671875,291.9020080566406,101596.875,35.52944564819336,6.480440777020586,10.664141326033322,0.0,0,EF0,CST-6,11-MAR-17 14:47:00
674016,2017-03-07T00:00:00+00:00,39.1548,-96.3829,866.6875,378.72509765625,292.62060546875,284.03143310546875,95304.0625,22.363243103027344,18.193464242650673,20.2709685224072,0.0,0,EF0,CST-6,06-MAR-17 17:36:00
676100,2017-01-21T15:00:00+00:00,31.7889,-85.6644,591.375,5.859396457672119,290.9727783203125,288.9974670410156,99169.734375,41.52676010131836,13.001711537691168,31.15014248656504,1.0,0,EF1,CST-6,21-JAN-17 09:29:00
725378,2017-10-21T23:00:00+00:00,34.62,-98.7148,1671.1875,112.1720199584961,293.8134765625,292.97381591796875,95881.0625,39.66246032714844,6.232118421381175,23.85678099949741,,0,EFU,CST-6,21-OCT-17 17:05:00
678392,2017-03-26T19:00:00+00:00,18.383,-66.0312,638.5,55.16450119018555,300.361328125,295.8365783691406,99820.3125,40.74149703979492,3.406732613289646,7.3002146461106046,0.0,0,EF0,AST-4,26-MAR-17 15:00:00
676056,2017-01-21T11:00:00+00:00,31.998,-88.106,169.25,4.093793869018555,292.1390075683594,291.35504150390625,99876.40625,42.52054977416992,9.50532737284337,20.80515534128449,1.0,0,EF1,CST-6,21-JAN-17 05:29:00
674105,2017-03-01T09:00:00+00:00,39.0258,-84.2955,505.125,0.5312960147857666,288.3255310058594,286.9324951171875,97582.75,31.511695861816406,18.302834479406066,30.72568598919947,1.0,0,EF1,EST-5,01-MAR-17 03:38:00
679118,2017-03-10T01:00:00+00:00,36.766,-93.8717,1297.0625,80.57829284667969,289.1531982421875,287.1260681152344,96914.4375,29.45914077758789,8.55029974539139,21.975451093714046,0.0,0,EF0,CST-6,09-MAR-17 18:42:00
676065,2017-01-21T14:00:00+00:00,32.5299,-86.2179,260.3125,9.34375286102295,289.89178466796875,288.99517822265625,99211.5859375,40.81407165527344,4.292239238846246,18.09061609095338,1.0,0,EF1,CST-6,21-JAN-17 07:55:00
674661,2017-03-14T01:00:00+00:00,26.9339,-82.367,373.9375,23.64066505432129,295.29022216796875,293.80377197265625,101134.625,46.677268981933594,12.501924437172034,24.296528900536664,1.0,0,EF1,EST-5,13-MAR-17 20:15:00
675301,2017-02-07T22:00:00+00:00,32.6234,-84.9057,188.875,18.047054290771484,289.3255615234375,289.1729736328125,98878.6875,35.79247283935547,12.062427907535469,16.531805893763117,1.0,0,EF1,EST-5,07-FEB-17 16:36:00
676074,2017-01-21T14:00:00+00:00,32.4692,-86.1733,367.875,12.28125286102295,290.19256591796875,289.23345947265625,99621.5859375,42.76426696777344,7.825911523805067,21.904550788775722,1.0,0,EF1,CST-6,21-JAN-17 07:55:00
695395,2017-04-29T20:00:00+00:00,36.2087,-93.0769,2046.5,47.78127670288086,292.30419921875,292.0550537109375,96174.9375,43.85731506347656,16.687808481388064,25.358283375327005,1.0,0,EF1,CST-6,29-APR-17 14:16:00
676456,2017-01-21T15:00:00+00:00,32.5626,-85.3572,771.8125,15.687521934509277,290.2188720703125,288.5599670410156,98595.734375,42.51601791381836,11.641233912367278,24.348120973212794,0.0,0,EF0,CST-6,21-JAN-17 08:56:00
676457,2017-01-21T15:00:00+00:00,32.6138,-85.3677,771.8125,15.687521934509277,290.2188720703125,288.5599670410156,98595.734375,42.51601791381836,11.641233912367278,24.348120973212794,0.0,0,EF0,CST-6,21-JAN-17 09:00:00
679884,2017-03-25T02:00:00+00:00,32.4825,-94.4499,1599.3125,1.8015114068984985,293.404296875,289.9295654296875,100007.6875,34.694156646728516,19.300738360483386,16.447273163674094,2.0,1,EF2,CST-6,24-MAR-17 19:31:00
680157,2017-03-25T04:00:00+00:00,31.7063,-93.2166,702.1875,10.720589637756348,294.0791015625,291.614501953125,100580.9375,39.361289978027344,21.06819450449872,24.629691147021116,1.0,0,EF1,CST-6,24-MAR-17 22:00:00
675630,2017-01-21T11:00:00+00:00,31.8476,-88.2905,163.1875,2.8750438690185547,292.0003356933594,291.20953369140625,99814.40625,41.40043258666992,9.64268909516661,19.76215557647577,2.0,1,EF2,CST-6,21-JAN-17 05:14:00
686665,2017-03-07T05:00:00+00:00,38.7166,-91.5152,630.3125,23.296926498413086,290.473388671875,288.12017822265625,97743.5625,31.147632598876953,20.33443323840949,25.997282518518716,1.0,0,EF1,CST-6,06-MAR-17 23:17:00
686666,2017-03-07T05:00:00+00:00,38.7358,-91.4178,630.3125,23.296926498413086,290.473388671875,288.12017822265625,97743.5625,31.147632598876953,20.33443323840949,25.997282518518716,1.0,0,EF1,CST-6,06-MAR-17 23:23:00
680381,2017-03-01T10:00:00+00:00,37.7013,-89.3705,19.375,26.86843490600586,288.5497131347656,285.95428466796875,98737.875,28.857702255249023,22.46355199786511,26.171198962480503,0.0,0,EF0,CST-6,01-MAR-17 04:08:00
676075,2017-01-21T14:00:00+00:00,32.4359,-86.1064,520.125,14.23437786102295,290.16326904296875,289.15924072265625,99476.5859375,43.35118103027344,11.20866539401245,23.83863674333155,0.0,0,EF0,CST-6,21-JAN-17 07:57:00
676077,2017-01-21T15:00:00+00:00,32.474,-85.4557,781.9375,21.65627098083496,290.1544189453125,288.2113342285156,99091.734375,42.40761947631836,14.813120649881597,25.56475082967003,1.0,0,EF1,CST-6,21-JAN-17 08:48:00
687600,2017-03-29T00:00:00+00:00,33.417,-99.387,719.8125,12.250136375427246,293.251708984375,290.7802734375,95419.25,33.36899948120117,11.06272091493255,19.813870202103043,,0,EFU,CST-6,28-MAR-17 18:13:00
686672,2017-03-07T06:00:00+00:00,38.8051,-90.9085,577.9375,65.17189025878906,290.470458984375,287.8208923339844,98061.875,34.08802032470703,18.487861046164074,24.94199440649619,1.0,0,EF1,CST-6,06-MAR-17 23:51:00
674104,2017-03-01T08:00:00+00:00,39.2991,-83.5968,750.125,5.036691665649414,289.169921875,287.1759948730469,96962.6875,32.161109924316406,17.812850490758898,26.459433039888275,0.0,0,EF0,EST-5,01-MAR-17 02:31:00
674021,2017-03-01T08:00:00+00:00,39.2754,-83.4669,750.125,5.036691665649414,289.169921875,287.1759948730469,96962.6875,32.161109924316406,17.812850490758898,26.459433039888275,0.0,0,EF0,EST-5,01-MAR-17 02:40:00
680775,2017-03-01T13:00:00+00:00,39.1583,-83.0228,257.1875,25.829891204833984,286.76226806640625,284.8773193359375,97269.9375,32.372581481933594,18.254666848476216,22.234060602584822,1.0,0,EF1,EST-5,01-MAR-17 08:16:00
681335,2017-03-30T04:00:00+00:00,37.7304,-91.443,541.875,91.75013732910156,290.4072265625,288.25787353515625,96566.5625,29.71240997314453,15.555825744170068,21.172705161806892,1.0,0,EF1,CST-6,29-MAR-17 22:00:00
675077,2017-01-15T22:00:00+00:00,30.9217,-96.114,538.75,10.07819652557373,294.0352783203125,292.546630859375,100218.75,33.22775650024414,12.434224526288773,10.88433160967087,0.0,0,EF0,CST-6,15-JAN-17 15:48:00
686683,2017-03-07T06:00:00+00:00,38.3116,-90.7115,365.4375,5.046886444091797,290.605224609375,288.3394470214844,98137.875,30.657358169555664,20.374567494538727,23.95247009068279,0.0,0,EF0,CST-6,07-MAR-17 00:29:00
674107,2017-03-01T12:00:00+00:00,39.0699,-84.3925,368.125,23.528291702270508,286.49920654296875,284.68438720703125,97354.375,34.30720520019531,13.899863825881253,18.288899436896713,0.0,0,EF0,EST-5,01-MAR-17 07:03:00
704342,2017-06-19T00:00:00+00:00,31.1586,-101.8282,2145.625,943.2860717773438,309.181640625,287.07470703125,91577.375,30.5030517578125,0.7964066860705319,5.503840496680986,0.0,0,EF0,CST-6,18-JUN-17 18:05:00
704346,2017-06-19T01:00:00+00:00,31.4895,-101.47,2712.375,560.390625,307.873779296875,287.7650146484375,91677.25,32.67906951904297,1.1322118662800453,5.013198093107943,0.0,0,EF0,CST-6,18-JUN-17 19:05:00
704354,2017-06-19T01:00:00+00:00,31.2614,-101.3982,2535.0,793.859375,307.721435546875,288.7484130859375,91984.25,33.14586639404297,1.3943501118829826,3.0156378374227213,0.0,0,EF0,CST-6,18-JUN-17 19:00:00
674676,2017-01-16T01:00:00+00:00,31.0817,-99.2111,131.4375,110.29705047607422,290.8017578125,289.10614013671875,95209.75,27.759023666381836,9.868493993791999,24.113568606812642,2.0,1,EF2,CST-6,15-JAN-17 19:00:00
676458,2017-01-21T15:00:00+00:00,32.4811,-85.2189,828.375,32.015647888183594,290.7003173828125,288.9115295410156,99160.734375,42.15859603881836,17.246128104356025,25.988510208678,0.0,0,EF0,CST-6,21-JAN-17 09:08:00
686692,2017-03-07T07:00:00+00:00,38.2424,-90.5707,395.625,74.32107543945312,289.5018310546875,288.5165710449219,98110.0625,32.68623352050781,20.539035294763053,22.578049008724367,0.0,0,EF0,CST-6,07-MAR-17 00:39:00
686567,2017-03-30T04:00:00+00:00,31.1774,-91.3105,1594.625,85.20326232910156,295.3759765625,292.22174072265625,100278.5625,40.87842559814453,12.913015612739434,15.362448785694559,1.0,0,EF1,CST-6,29-MAR-17 22:23:00
674106,2017-03-01T13:00:00+00:00,39.1078,-83.6814,457.3125,17.048641204833984,285.67047119140625,284.0159912109375,96905.9375,30.76906394958496,14.002635711261892,18.341866465876066,1.0,0,EF1,EST-5,01-MAR-17 07:39:00
681848,2017-03-29T11:00:00+00:00,32.5278,-94.7976,77.9375,156.015625,292.17919921875,290.82177734375,99687.0,30.225988388061523,17.69803524676837,20.954374970351317,1.0,0,EF1,CST-6,29-MAR-17 04:38:00
676061,2017-01-21T12:00:00+00:00,32.0988,-87.7823,231.25,25.031330108642578,291.211181640625,290.3233642578125,99883.0625,41.32265853881836,5.935785748997296,23.021378686079995,1.0,0,EF1,CST-6,21-JAN-17 05:55:00
686707,2017-03-07T07:00:00+00:00,39.0745,-89.815,319.1875,38.555450439453125,289.9364013671875,287.6171569824219,98345.0625,32.77900695800781,19.84879683390958,24.038904037875547,1.0,0,EF1,CST-6,07-MAR-17 00:50:00
686708,2017-03-07T07:00:00+00:00,39.1116,-89.6994,319.1875,38.555450439453125,289.9364013671875,287.6171569824219,98345.0625,32.77900695800781,19.84879683390958,24.038904037875547,0.0,0,EF0,CST-6,07-MAR-17 00:57:00
686717,2017-03-07T07:00:00+00:00,39.2061,-89.3969,256.1875,48.680450439453125,290.3670654296875,286.9745788574219,98454.0625,30.61884880065918,20.881126807352377,23.891784525581166,1.0,0,EF1,CST-6,07-MAR-17 01:14:00
674014,2017-03-07T02:00:00+00:00,38.4881,-95.2717,1023.875,23.195775985717773,290.63812255859375,285.989501953125,96470.875,27.858491897583008,14.117085088137953,20.29523013589853,1.0,0,EF1,CST-6,06-MAR-17 19:38:00
674015,2017-03-07T00:00:00+00:00,39.0539,-96.5376,548.3125,,293.11669921875,278.96014404296875,95238.0625,18.590782165527344,13.086318916940181,12.61955860283114,0.0,0,EF0,CST-6,06-MAR-17 17:35:00
677019,2017-03-26T18:00:00+00:00,39.0139,-84.0608,385.6875,10.236125946044922,289.27001953125,286.3402404785156,98234.25,25.53509521484375,9.655889603085635,13.969845508903777,1.0,0,EF1,EST-5,26-MAR-17 13:24:00
674971,2017-01-02T22:00:00+00:00,32.0308,-85.8742,246.25,39.656272888183594,293.21221923828125,291.95947265625,100104.125,41.90336608886719,12.706849788319492,20.822639565719175,1.0,0,EF1,CST-6,02-JAN-17 16:24:00
686639,2017-03-31T22:00:00+00:00,36.2081,-76.9334,518.8125,85.95315551757812,292.56298828125,289.896728515625,99960.375,24.197601318359375,9.644213275589932,19.603733544993265,1.0,0,EF1,EST-5,31-MAR-17 17:15:00
695416,2017-04-30T06:00:00+00:00,35.1512,-91.702,1379.9375,15.156490325927734,293.72998046875,292.40264892578125,99476.0,43.576385498046875,19.14529193591709,21.723686455490785,1.0,0,EF1,CST-6,29-APR-17 23:37:00
686727,2017-03-25T23:00:00+00:00,39.448,-91.6656,460.4375,18.016368865966797,288.3251953125,286.5434265136719,98257.8125,24.464448928833008,3.9339393585660365,6.004489264069156,0.0,0,EF0,CST-6,25-MAR-17 17:21:00
674017,2017-03-07T00:00:00+00:00,39.2934,-96.32,833.8125,339.67822265625,292.36962890625,283.84490966796875,95250.0625,21.532188415527344,15.576269891628181,15.598470296404514,0.0,0,EF0,CST-6,06-MAR-17 17:37:00
674018,2017-03-07T00:00:00+00:00,39.0079,-96.4,1049.125,381.22509765625,292.80419921875,284.28240966796875,95033.0625,23.457969665527344,19.891127039719976,24.97438020242386,0.0,0,EF0,CST-6,06-MAR-17 17:37:00
674019,2017-03-07T00:00:00+00:00,39.07,-96.1886,866.6875,378.72509765625,292.62060546875,284.03143310546875,95304.0625,22.363243103027344,18.193464242650673,20.2709685224072,0.0,0,EF0,CST-6,06-MAR-17 17:59:00
676664,2017-01-11T08:00:00+00:00,38.6267,-121.4805,27.9375,,286.0945129394531,283.8938293457031,100310.9375,17.060583114624023,13.449399298257415,20.206140847265143,0.0,0,EF0,PST-8,11-JAN-17 00:01:00
676081,2017-01-21T15:00:00+00:00,32.5267,-85.4825,690.5625,13.453146934509277,289.7930908203125,287.9994201660156,98586.734375,42.44668197631836,9.248822465146372,21.904043864971353,0.0,0,EF0,CST-6,21-JAN-17 08:49:00
676078,2017-01-21T15:00:00+00:00,32.497,-85.4392,781.9375,21.65627098083496,290.1544189453125,288.2113342285156,99091.734375,42.40761947631836,14.813120649881597,25.56475082967003,1.0,0,EF1,CST-6,21-JAN-17 08:50:00
682151,2017-03-07T04:00:00+00:00,35.6562,-94.7044,1528.5625,75.45320129394531,293.9350891113281,292.3095703125,97764.5625,30.200820922851562,18.429029308129287,23.674829516153938,1.0,0,EF1,CST-6,06-MAR-17 21:44:00
674020,2017-03-07T00:00:00+00:00,39.1095,-95.9236,881.9375,195.74073791503906,292.33837890625,285.46600341796875,95524.0625,24.553672790527344,21.611460156750898,26.12666871846588,0.0,0,EF0,CST-6,06-MAR-17 18:13:00
675634,2017-01-21T10:00:00+00:00,31.384,-89.1461,130.8125,4.8907084465026855,292.1297302246094,291.27313232421875,99672.2265625,39.665313720703125,7.770836174502165,17.815122066729348,2.0,1,EF2,CST-6,21-JAN-17 04:05:00
674662,2017-03-14T00:00:00+00:00,27.0021,-81.969,253.84375,91.75982666015625,295.59979248046875,293.94415283203125,101038.0,43.537498474121094,11.30272258603469,20.16808603081593,1.0,0,EF1,EST-5,13-MAR-17 19:03:00
680152,2017-03-25T03:00:00+00:00,31.8527,-93.8726,1827.0,5.687585353851318,293.31591796875,291.65435791015625,100371.4375,38.4145393371582,19.71157547476879,18.066433364012244,1.0,0,EF1,CST-6,24-MAR-17 21:05:00
682154,2017-03-07T05:00:00+00:00,35.8074,-93.9938,1094.0,35.84379959106445,289.734130859375,288.60455322265625,95625.5625,28.538257598876953,15.332169084733554,25.018261369508476,1.0,0,EF1,CST-6,06-MAR-17 22:51:00
682155,2017-03-07T05:00:00+00:00,35.8268,-93.9611,1094.0,35.84379959106445,289.734130859375,288.60455322265625,95625.5625,28.538257598876953,15.332169084733554,25.018261369508476,1.0,0,EF1,CST-6,06-MAR-17 22:55:00
696469,2017-04-30T07:00:00+00:00,34.4852,-91.8424,1634.5,9.640381813049316,295.1318359375,293.2713623046875,99861.4375,53.047386169433594,17.30853704387937,23.847632790414174,1.0,0,EF1,CST-6,30-APR-17 01:15:00
676043,2017-01-20T00:00:00+00:00,33.4785,-86.3045,302.46875,0.2813863754272461,290.967041015625,289.28076171875,98597.5625,38.4033317565918,10.346374260327636,19.28880506534101,1.0,0,EF1,CST-6,19-JAN-17 17:58:00
680153,2017-03-25T04:00:00+00:00,32.0248,-93.6846,1393.125,29.392465591430664,292.908203125,291.151611328125,100417.9375,39.299766540527344,20.45327651545384,20.587178306039863,1.0,0,EF1,CST-6,24-MAR-17 21:35:00
666269,2017-01-16T14:00:00+00:00,29.9302,-95.5648,332.1875,25.12510108947754,293.92291259765625,293.3909912109375,101079.75,33.67021560668945,14.05903311600452,13.522833382545592,0.0,0,EF0,CST-6,16-JAN-17 07:31:00
680159,2017-03-25T05:00:00+00:00,32.1278,-92.747,495.875,9.640628814697266,292.7775573730469,290.95562744140625,100562.875,39.27711486816406,21.287694542701505,26.806008689961175,1.0,0,EF1,CST-6,24-MAR-17 22:49:00
680160,2017-03-25T05:00:00+00:00,32.1681,-92.6882,495.875,9.640628814697266,292.7775573730469,290.95562744140625,100562.875,39.27711486816406,21.287694542701505,26.806008689961175,1.0,0,EF1,CST-6,24-MAR-17 22:54:00
678123,2017-03-01T00:00:00+00:00,40.924,-89.2983,544.6875,236.38063049316406,291.355712890625,286.56585693359375,97568.5,24.527008056640625,15.644791887453023,24.15137697763746,2.0,1,EF2,CST-6,28-FEB-17 17:31:00
676730,2017-03-07T00:00:00+00:00,41.9826,-93.8958,563.4375,16.38136100769043,292.21923828125,287.23455810546875,95648.0625,27.750938415527344,18.40343041494111,23.4407181059392,0.0,0,EF0,CST-6,06-MAR-17 18:27:00
680484,2017-03-01T11:00:00+00:00,36.8329,-89.4928,75.125,15.820209503173828,289.3705749511719,286.9155578613281,99409.3125,32.762699127197266,17.26090947867203,28.161196934186773,1.0,0,EF1,CST-6,01-MAR-17 04:43:00
685442,2017-03-28T23:00:00+00:00,32.6783,-99.8247,1337.625,24.671916961669922,293.440673828125,290.133056640625,94057.0,32.716312408447266,9.51682835625774,10.58540717623534,0.0,0,EF0,CST-6,28-MAR-17 16:33:00
715824,2017-05-19T23:00:00+00:00,38.4982,-92.1846,1028.125,61.64064407348633,294.079345703125,293.14794921875,98525.0,46.37256622314453,8.046027012886436,12.462403139590712,1.0,0,EF1,CST-6,19-MAY-17 17:27:00
698091,2017-05-17T00:00:00+00:00,40.77,-102.01,386.375,43.54694747924805,292.7275390625,279.864990234375,87833.5,21.189167022705078,0.38133408322210105,15.958885535395135,0.0,0,EF0,MST-7,16-MAY-17 16:36:00
692868,2017-05-04T17:00:00+00:00,31.3841,-82.9376,322.25,22.81253433227539,294.9619140625,293.314208984375,100059.1875,42.46674728393555,10.566807487716348,21.215817847698805,0.0,0,EF0,EST-5,04-MAY-17 12:25:00
692869,2017-05-04T18:00:00+00:00,31.5894,-82.6965,518.75,11.28129768371582,296.3369140625,293.296630859375,100039.5,44.57402038574219,8.317211116105655,20.675312678506504,1.0,0,EF1,EST-5,04-MAY-17 13:04:00
683952,2017-03-10T00:00:00+00:00,36.717,-90.804,406.0,46.0625114440918,293.0830078125,287.07781982421875,99675.4375,33.538177490234375,13.337256419431178,18.996186183052338,2.0,1,EF2,CST-6,09-MAR-17 18:25:00
693267,2017-04-06T04:00:00+00:00,34.42,-82.55,1537.1875,0.18756067752838135,290.6669921875,288.8339538574219,97984.4375,34.255332946777344,17.18409313873799,23.123809781730337,0.0,0,EF0,EST-5,05-APR-17 23:20:00
693269,2017-04-06T05:00:00+00:00,34.44,-82.4,1557.25,1.1284831762313843,290.749755859375,289.0235595703125,98132.8125,33.95878219604492,17.892652665015422,24.278471331149227,0.0,0,EF0,EST-5,05-APR-17 23:30:00
685446,2017-03-28T23:00:00+00:00,32.8888,-99.7803,1258.75,15.187542915344238,294.053955078125,290.325439453125,94382.0,33.216312408447266,10.069799013503692,11.169804027402654,0.0,0,EF0,CST-6,28-MAR-17 17:03:00
685447,2017-03-28T22:00:00+00:00,32.44,-99.94,2333.5625,14.812531471252441,295.705322265625,290.021728515625,93202.5625,32.79200744628906,7.187910582405003,10.018304852995026,0.0,0,EF0,CST-6,28-MAR-17 15:52:00
685452,2017-03-28T22:00:00+00:00,32.776,-100.2873,2073.5625,21.062530517578125,296.416259765625,289.455322265625,93667.5625,34.41212463378906,7.261311918039275,9.619738514371022,0.0,0,EF0,CST-6,28-MAR-17 15:36:00
710675,2017-06-29T02:00:00+00:00,40.2226,-94.5972,3405.0,72.8593978881836,295.498046875,292.8831481933594,97174.1875,48.388641357421875,13.448449473070864,13.653231525612131,0.0,0,EF0,CST-6,28-JUN-17 19:50:00
710679,2017-06-29T00:00:00+00:00,40.2815,-94.2156,2849.0,97.77017211914062,296.443115234375,294.22027587890625,96909.1875,44.09520721435547,12.80266352152182,14.217189046130576,1.0,0,EF1,CST-6,28-JUN-17 17:57:00
678311,2017-03-28T21:00:00+00:00,33.6456,-101.1935,1165.5,88.7031478881836,295.545654296875,286.99658203125,90241.4375,26.39784812927246,0.5662709839604667,14.94678858311616,,0,EFU,CST-6,28-MAR-17 15:26:00
678312,2017-03-28T22:00:00+00:00,33.6893,-101.1791,955.0625,68.35940551757812,292.276611328125,286.238525390625,90022.5625,25.079116821289062,0.47137310530017934,16.847070093061067,,0,EFU,CST-6,28-MAR-17 15:34:00
678314,2017-03-28T22:00:00+00:00,33.889,-101.0698,883.5,7.343781471252441,290.074462890625,287.515869140625,90551.5625,27.606460571289062,1.5435797520755303,18.12836052472475,,0,EFU,CST-6,28-MAR-17 16:17:00
692870,2017-05-04T18:00:00+00:00,31.6869,-82.6207,400.5625,10.23442268371582,298.8623046875,292.739990234375,100181.5,44.18632507324219,6.021809100097098,19.27932961497378,1.0,0,EF1,EST-5,04-MAY-17 13:20:00
693683,2017-05-24T13:00:00+00:00,29.6963,-81.2297,870.25,55.740970611572266,299.037353515625,296.8056640625,100610.0625,43.31853485107422,14.451296759424084,9.465303854363391,,0,EFU,EST-5,24-MAY-17 07:53:00
678119,2017-02-28T22:00:00+00:00,41.1113,-89.7134,1223.625,25.765748977661133,288.99755859375,286.8488464355469,97420.125,26.64004898071289,16.64859474541661,21.53616509709292,1.0,0,EF1,CST-6,28-FEB-17 16:12:00
678121,2017-02-28T23:00:00+00:00,40.878,-89.5212,1233.1875,201.59378051757812,291.62646484375,287.34014892578125,97570.9375,25.422027587890625,16.351686838064463,21.43653711527269,0.0,0,EF0,CST-6,28-FEB-17 17:15:00
675972,2017-03-07T05:00:00+00:00,38.2468,-92.7159,655.0,1.6719263792037964,289.688232421875,288.93072509765625,97280.5625,33.46013259887695,15.251567031571675,23.076542316888702,0.0,0,EF0,CST-6,06-MAR-17 22:36:00
683925,2017-03-10T01:00:00+00:00,36.8917,-90.5408,451.6875,6.218915939331055,290.9588623046875,288.0020446777344,99563.4375,34.69351577758789,13.640316235096014,15.471406571228979,1.0,0,EF1,CST-6,09-MAR-17 18:32:00
683928,2017-03-10T01:00:00+00:00,36.8531,-90.2082,475.8125,9.125165939331055,291.2322998046875,287.8497009277344,99865.4375,34.41031265258789,13.292614254683533,15.238949435078972,1.0,0,EF1,CST-6,09-MAR-17 19:03:00
683953,2017-03-10T02:00:00+00:00,36.6715,-89.7598,437.75,33.36954879760742,291.47113037109375,287.6349182128906,100313.375,35.23324203491211,15.513308191978277,15.692573740990621,0.0,0,EF0,CST-6,09-MAR-17 20:00:00
686475,2017-03-31T22:00:00+00:00,36.6988,-76.4648,1203.25,70.84378051757812,292.93994140625,290.084228515625,100006.375,28.006195068359375,7.457503470322333,17.819570284914835,1.0,0,EF1,EST-5,31-MAR-17 16:45:00
687596,2017-03-27T00:00:00+00:00,34.739,-96.609,1758.125,61.37504196166992,292.669677734375,290.14849853515625,97711.25,35.690391540527344,9.046831510297169,19.39601627091879,0.0,0,EF0,CST-6,26-MAR-17 18:14:00
687597,2017-03-27T00:00:00+00:00,34.758,-96.534,1598.5,79.04692077636719,292.503662109375,289.63775634765625,97599.25,34.280235290527344,8.313026700225581,19.333075209839514,0.0,0,EF0,CST-6,26-MAR-17 18:27:00
678320,2017-03-29T00:00:00+00:00,33.599,-100.536,1078.375,61.68763732910156,291.313232421875,288.705078125,93048.25,35.06333541870117,5.882742348584539,13.085380560242266,1.0,0,EF1,CST-6,28-MAR-17 17:34:00
678322,2017-03-29T00:00:00+00:00,33.6482,-100.5653,1078.375,61.68763732910156,291.313232421875,288.705078125,93048.25,35.06333541870117,5.882742348584539,13.085380560242266,,0,EFU,CST-6,28-MAR-17 17:43:00
683958,2017-03-10T01:00:00+00:00,36.6614,-90.0897,574.375,12.812665939331055,292.0633544921875,288.0772399902344,100306.4375,35.31363296508789,14.350884022497507,17.108162774784123,1.0,0,EF1,CST-6,09-MAR-17 19:28:00
683959,2017-03-10T02:00:00+00:00,36.671,-89.6209,409.71875,28.682048797607422,291.66351318359375,287.6290588378906,100308.375,34.61703109741211,14.908819107152256,15.899121543019529,1.0,0,EF1,CST-6,09-MAR-17 20:10:00
675227,2017-03-01T07:00:00+00:00,37.6839,-93.1067,706.8125,4.781296730041504,290.368896484375,287.76287841796875,96301.5625,25.427932739257812,11.054954309854349,27.374569995020064,0.0,0,EF0,CST-6,01-MAR-17 00:30:00
685546,2017-03-07T04:00:00+00:00,37.9676,-93.5021,962.625,0.6094491481781006,291.3764953613281,290.6337890625,97120.5625,32.39418029785156,17.622749919149104,27.3683645757398,1.0,0,EF1,CST-6,06-MAR-17 22:00:00
686472,2017-03-31T22:00:00+00:00,36.6826,-76.5701,1203.25,70.84378051757812,292.93994140625,290.084228515625,100006.375,28.006195068359375,7.457503470322333,17.819570284914835,1.0,0,EF1,EST-5,31-MAR-17 16:33:00
691228,2017-04-06T18:00:00+00:00,38.8313,-77.0243,190.4375,108.09391021728516,287.976318359375,283.2487487792969,98154.5,22.032325744628906,14.874486598592842,17.61096422970191,0.0,0,EF0,EST-5,06-APR-17 12:41:00
678323,2017-03-29T00:00:00+00:00,33.6653,-100.5135,1078.375,61.68763732910156,291.313232421875,288.705078125,93048.25,35.06333541870117,5.882742348584539,13.085380560242266,,0,EFU,CST-6,28-MAR-17 17:49:00
676738,2017-03-07T01:00:00+00:00,41.2765,-93.291,513.1875,13.234506607055664,292.823974609375,288.0521545410156,96204.625,29.203397750854492,20.49025284091624,26.53372624887827,1.0,0,EF1,CST-6,06-MAR-17 19:29:00
680326,2017-03-29T07:00:00+00:00,32.861,-97.331,1229.75,51.561763763427734,294.048828125,290.1321716308594,98121.0625,36.39426803588867,13.999449496567571,12.547715844828067,0.0,0,EF0,CST-6,29-MAR-17 01:10:00
687121,2017-05-12T01:00:00+00:00,32.7265,-93.9739,145.25,39.48445510864258,297.64453125,292.349853515625,100063.5,47.91632843017578,15.114941480942909,18.253681997177768,1.0,0,EF1,CST-6,11-MAY-17 19:15:00
687187,2017-05-12T02:00:00+00:00,32.7976,-93.8878,70.875,17.406370162963867,294.778076171875,291.9818115234375,100202.625,48.15025329589844,15.548511612634165,19.888618609104707,1.0,0,EF1,CST-6,11-MAY-17 19:31:00
691702,2017-05-29T01:00:00+00:00,31.9719,-92.8796,1924.125,452.5682373046875,295.07958984375,293.0814208984375,100785.3125,56.97969055175781,6.570829588364875,13.84823159718211,1.0,0,EF1,CST-6,28-MAY-17 18:50:00
676736,2017-03-07T01:00:00+00:00,42.2472,-93.3327,560.75,6.656381607055664,291.541748046875,287.7601623535156,95532.625,28.710233688354492,19.555136533515483,23.273074086454006,1.0,0,EF1,CST-6,06-MAR-17 18:58:00
676737,2017-03-07T01:00:00+00:00,41.2409,-93.4915,503.625,13.609506607055664,292.477294921875,288.1390686035156,95818.625,29.002225875854492,19.769009416821007,28.21473797928505,1.0,0,EF1,CST-6,06-MAR-17 19:19:00
683960,2017-03-10T02:00:00+00:00,36.6169,-89.3918,381.8125,21.307048797607422,291.64105224609375,287.7452697753906,100249.375,34.28207015991211,14.270607704246668,16.325115126794238,2.0,1,EF2,CST-6,09-MAR-17 20:26:00
686766,2017-03-07T06:00:00+00:00,40.3459,-89.6934,496.125,22.640636444091797,290.820068359375,287.1910095214844,98125.875,32.12512969970703,19.863386503561003,25.152455407824217,1.0,0,EF1,CST-6,07-MAR-17 00:00:00
688165,2017-05-20T01:00:00+00:00,38.58,-96.4626,587.0,60.15626907348633,290.473388671875,289.9306640625,95852.5,33.879512786865234,9.796378957351125,19.771279818051063,0.0,0,EF0,CST-6,19-MAY-17 19:09:00
688175,2017-05-20T02:00:00+00:00,38.6602,-96.2631,684.875,83.14066314697266,290.22705078125,289.6541748046875,96141.75,31.227468490600586,10.805644080939317,19.292628334952624,0.0,0,EF0,CST-6,19-MAY-17 19:38:00
688186,2017-05-18T23:00:00+00:00,38.8495,-96.4537,1603.25,9.859514236450195,291.7509765625,291.53076171875,95890.0,39.42840576171875,6.740483791451743,11.841773870318987,0.0,0,EF0,CST-6,18-MAY-17 16:52:00
688738,2017-05-20T00:00:00+00:00,39.2557,-96.9901,173.625,2.2501752376556396,290.975341796875,290.272705078125,96231.0,34.042057037353516,12.308291130655082,17.720316544310563,0.0,0,EF0,CST-6,19-MAY-17 18:15:00
691703,2017-05-29T01:00:00+00:00,31.9759,-92.8568,1924.125,452.5682373046875,295.07958984375,293.0814208984375,100785.3125,56.97969055175781,6.570829588364875,13.84823159718211,1.0,0,EF1,CST-6,28-MAY-17 18:52:00
676803,2017-03-07T02:00:00+00:00,41.3469,-93.2,516.8125,0.2582751512527466,290.26605224609375,286.609619140625,96311.875,30.869234085083008,18.608813497753196,23.66016151781675,1.0,0,EF1,CST-6,06-MAR-17 19:35:00
676811,2017-03-07T02:00:00+00:00,40.6898,-93.0973,1048.125,2.102025032043457,289.99652099609375,286.718017578125,96078.875,30.177827835083008,21.955508519357657,29.513341001971526,1.0,0,EF1,CST-6,06-MAR-17 20:22:00
686765,2017-03-07T06:00:00+00:00,40.2633,-89.8563,496.125,22.640636444091797,290.820068359375,287.1910095214844,98125.875,32.12512969970703,19.863386503561003,25.152455407824217,1.0,0,EF1,CST-6,06-MAR-17 23:52:00
684700,2017-03-01T21:00:00+00:00,34.7755,-84.8207,654.96875,39.7033805847168,293.85626220703125,290.15545654296875,96831.6875,32.042842864990234,15.204248077936208,25.73313932954594,1.0,0,EF1,EST-5,01-MAR-17 16:27:00
678122,2017-02-28T23:00:00+00:00,40.9128,-89.3609,1420.625,197.40628051757812,291.07470703125,287.28839111328125,97553.9375,25.797027587890625,16.804782278767583,22.85927722863331,3.0,1,EF3,CST-6,28-FEB-17 17:26:00
679119,2017-03-10T01:00:00+00:00,36.687,-93.1218,700.375,63.42204284667969,290.1590576171875,288.2227478027344,97697.4375,32.48941421508789,8.251451931587004,21.03476399668865,0.0,0,EF0,CST-6,09-MAR-17 19:06:00
676812,2017-03-07T03:00:00+00:00,40.6891,-92.876,685.875,1.0386526584625244,289.00689697265625,286.8931884765625,96331.0,32.848121643066406,19.646100312454298,22.972156982816557,2.0,1,EF2,CST-6,06-MAR-17 20:33:00
677882,2017-03-07T03:00:00+00:00,40.6322,-92.9041,457.125,6.273027420043945,288.50006103515625,286.2681884765625,96230.0,30.789525985717773,16.892731944117084,17.612230845883257,1.0,0,EF1,CST-6,06-MAR-17 20:30:00
683951,2017-03-10T03:00:00+00:00,36.569,-89.1867,421.4375,5.302495956420898,289.5025939941406,287.3293762207031,100235.3125,35.60792922973633,14.778871224390256,14.361172929186269,2.0,1,EF2,CST-6,09-MAR-17 20:41:00
696466,2017-04-30T06:00:00+00:00,35.2275,-91.352,1191.75,60.687740325927734,295.61865234375,292.52667236328125,99963.0,40.419158935546875,18.329559858853937,19.48723673372786,1.0,0,EF1,CST-6,29-APR-17 23:57:00
676809,2017-03-07T02:00:00+00:00,41.4611,-92.9974,520.875,2.164525032043457,290.22698974609375,286.747314453125,96416.875,30.775484085083008,20.02274618385605,27.10170026711338,0.0,0,EF0,CST-6,06-MAR-17 19:47:00
676810,2017-03-07T02:00:00+00:00,40.6174,-93.2085,1197.5625,0.1957751363515854,289.93206787109375,286.577392578125,95955.875,31.173921585083008,20.86202833015084,29.330343812347945,2.0,1,EF2,CST-6,06-MAR-17 20:16:00
690883,2017-04-03T18:00:00+00:00,34.859,-82.507,657.125,6.015625,288.684326171875,288.20654296875,96972.5625,39.64714813232422,14.745642125867024,16.567899221018653,0.0,0,EF0,EST-5,03-APR-17 13:13:00
691223,2017-04-06T17:00:00+00:00,38.6746,-77.8656,133.0,,287.97998046875,283.6251220703125,97660.375,20.446075439453125,14.938460890025295,14.10858038768681,0.0,0,EF0,EST-5,06-APR-17 11:58:00
686767,2017-03-07T06:00:00+00:00,40.392,-89.5381,479.8125,17.281261444091797,290.794677734375,286.9595642089844,98049.875,30.784311294555664,19.432470034126876,24.771913254855455,2.0,1,EF2,CST-6,07-MAR-17 00:09:00
703536,2017-05-28T05:00:00+00:00,35.5862,-94.4641,4443.0,101.89097595214844,294.29931640625,293.11529541015625,97417.25,45.1136589050293,12.174105225438096,18.51022441041193,1.0,0,EF1,CST-6,27-MAY-17 22:46:00
703534,2017-05-28T05:00:00+00:00,35.5797,-94.4911,4443.0,101.89097595214844,294.29931640625,293.11529541015625,97417.25,45.1136589050293,12.174105225438096,18.51022441041193,1.0,0,EF1,CST-6,27-MAY-17 22:45:00
696182,2017-05-30T22:00:00+00:00,39.1682,-77.9986,787.875,54.56270980834961,296.8642578125,291.74072265625,99004.0,31.110843658447266,5.222947211453992,16.794618801556588,0.0,0,EF0,EST-5,30-MAY-17 16:59:00
689915,2017-03-22T01:00:00+00:00,33.9807,-83.6548,1091.5625,129.77784729003906,292.2818908691406,289.4187316894531,98406.1875,37.272918701171875,13.990659757427343,20.11063993603329,0.0,0,EF0,EST-5,21-MAR-17 20:03:00
689926,2017-03-22T01:00:00+00:00,34.058,-83.4923,1119.4375,159.13722229003906,292.8824768066406,289.1560363769531,98423.1875,39.120574951171875,13.801475745970341,23.294871864444886,1.0,0,EF1,EST-5,21-MAR-17 20:03:00
686884,2017-05-11T23:00:00+00:00,32.5528,-95.0058,368.6875,61.15625762939453,298.4365234375,294.38525390625,99482.9375,48.08928680419922,12.426587464587763,13.36442893903601,1.0,0,EF1,CST-6,11-MAY-17 17:09:00
686885,2017-05-11T23:00:00+00:00,32.5738,-94.8971,200.875,124.10938262939453,298.9453125,293.96240234375,99603.9375,46.04631805419922,11.574158889064128,10.917440824112214,0.0,0,EF0,CST-6,11-MAY-17 17:23:00
691705,2017-05-29T01:00:00+00:00,31.9083,-92.7384,1924.125,452.5682373046875,295.07958984375,293.0814208984375,100785.3125,56.97969055175781,6.570829588364875,13.84823159718211,1.0,0,EF1,CST-6,28-MAY-17 19:07:00
683955,2017-03-10T01:00:00+00:00,36.6611,-90.2736,578.5625,9.468915939331055,291.9793701171875,288.2598571777344,100141.4375,35.03433609008789,15.002907041586008,16.96157548469929,1.0,0,EF1,CST-6,09-MAR-17 19:14:00
680459,2017-03-01T11:00:00+00:00,36.5827,-88.6263,92.4375,130.21083068847656,290.4115905761719,287.4868469238281,98899.3125,29.929691314697266,19.186889632733944,23.67703855863198,2.0,1,EF2,CST-6,01-MAR-17 05:25:00
691222,2017-04-06T16:00:00+00:00,38.28,-77.97,113.3125,21.594324111938477,289.17919921875,286.31500244140625,97360.25,24.307594299316406,16.08576095123873,16.547734281705008,0.0,0,EF0,EST-5,06-APR-17 11:29:00
716550,2017-06-09T21:00:00+00:00,41.3534,-87.6233,151.5,,302.06884765625,287.638427734375,98412.3125,28.64379119873047,3.9915180216649224,8.104808615637443,0.0,0,EF0,CST-6,09-JUN-17 15:05:00
688699,2017-03-28T23:00:00+00:00,34.89,-100.27,299.8125,37.62504196166992,287.811767578125,286.869384765625,93174.0,31.248538970947266,6.483074578240894,16.424075241776112,0.0,0,EF0,CST-6,28-MAR-17 16:57:00
695608,2017-05-23T22:00:00+00:00,39.5299,-89.0704,21.125,,291.203125,286.63720703125,98267.25,25.257553100585938,3.8903985099462495,8.814617936227648,0.0,0,EF0,CST-6,23-MAY-17 15:30:00
695609,2017-05-24T01:00:00+00:00,40.8137,-90.1668,11.5,,287.558837890625,283.2060546875,97988.5625,18.148910522460938,4.74541580569903,7.3990847069833166,0.0,0,EF0,CST-6,23-MAY-17 19:05:00
698440,2017-05-19T07:00:00+00:00,37.1726,-93.1647,1387.625,22.10946273803711,292.790283203125,290.740966796875,96666.625,40.296630859375,11.562070593150006,18.997592349722495,0.0,0,EF0,CST-6,19-MAY-17 00:54:00
698441,2017-05-19T07:00:00+00:00,36.6995,-93.1595,1424.875,34.73446273803711,293.212158203125,290.801513671875,97151.625,41.338623046875,13.157837858165646,19.97355228089523,1.0,0,EF1,CST-6,19-MAY-17 00:30:00
698442,2017-05-19T06:00:00+00:00,36.6429,-93.265,2048.5,234.23439025878906,293.8408203125,291.74658203125,97147.0,39.74047088623047,13.024703393297331,16.19283302777735,0.0,0,EF0,CST-6,19-MAY-17 00:28:00
698444,2017-05-19T06:00:00+00:00,36.5972,-93.5985,1804.75,259.2656555175781,293.927734375,291.48974609375,96920.0,40.26097869873047,12.197232958869074,17.279604915613664,0.0,0,EF0,CST-6,19-MAY-17 00:04:00
698445,2017-05-19T07:00:00+00:00,36.9149,-93.0654,1540.0,4.812588214874268,292.612548828125,290.910888671875,96954.625,41.027099609375,12.059266938227328,19.63552193772185,0.0,0,EF0,CST-6,19-MAY-17 01:00:00
686886,2017-05-11T23:00:00+00:00,32.5711,-94.8768,200.875,124.10938262939453,298.9453125,293.96240234375,99603.9375,46.04631805419922,11.574158889064128,10.917440824112214,1.0,0,EF1,CST-6,11-MAY-17 17:26:00
679120,2017-03-10T01:00:00+00:00,36.7056,-93.7501,1187.3125,62.14079284667969,289.7449951171875,287.8262634277344,96915.4375,30.32046890258789,9.815701413747393,22.659047254867097,0.0,0,EF0,CST-6,09-MAR-17 19:00:00
678313,2017-03-28T22:00:00+00:00,33.464,-100.9993,1770.6875,36.781280517578125,293.922119140625,288.693603515625,91583.5625,29.549819946289062,1.7820731884341952,13.256957338525478,,0,EFU,CST-6,28-MAR-17 16:14:00
698447,2017-05-19T20:00:00+00:00,36.8732,-94.376,1770.75,61.43467712402344,292.65380859375,291.7578125,97064.0,39.96931838989258,9.084212137100419,12.24446669970301,0.0,0,EF0,CST-6,19-MAY-17 14:10:00
698446,2017-05-19T05:00:00+00:00,36.5036,-94.2079,1615.5,126.45314025878906,295.025146484375,291.98291015625,96678.3125,41.47308349609375,12.29922838809321,16.30866596728961,1.0,0,EF1,CST-6,18-MAY-17 23:23:00
698449,2017-05-19T08:00:00+00:00,37.27,-92.31,1315.375,253.2813262939453,291.909423828125,290.5820617675781,96662.8125,37.3073616027832,10.971931422255627,10.287701124125377,0.0,0,EF0,CST-6,19-MAY-17 02:00:00
698450,2017-05-19T20:00:00+00:00,36.76,-94.56,1739.25,122.02842712402344,292.77392578125,291.90234375,97525.0,40.85701370239258,9.329270232809682,11.440902834917717,1.0,0,EF1,CST-6,19-MAY-17 13:55:00
698451,2017-05-19T07:00:00+00:00,37.4683,-92.9169,1612.875,21.87508773803711,293.008056640625,291.015380859375,96522.625,40.051513671875,11.117645240501394,15.37199518433126,1.0,0,EF1,CST-6,19-MAY-17 01:15:00
698454,2017-05-19T21:00:00+00:00,37.2173,-93.8474,1819.75,178.04000854492188,292.413330078125,290.8408203125,96859.4375,39.00332260131836,6.0660403740836575,13.195876783122177,0.0,0,EF0,CST-6,19-MAY-17 14:57:00
698455,2017-05-19T21:00:00+00:00,37.2993,-93.6678,1834.5,163.54000854492188,292.779541015625,290.4775390625,97342.4375,40.52285385131836,8.295750445248073,14.386807140374195,0.0,0,EF0,CST-6,19-MAY-17 15:05:00
686891,2017-05-12T00:00:00+00:00,32.0177,-94.6932,379.625,22.656259536743164,296.411376953125,293.8466796875,99395.9375,47.61176300048828,13.948813790531018,18.232560021915052,1.0,0,EF1,CST-6,11-MAY-17 18:03:00
702314,2017-05-23T22:00:00+00:00,35.706,-76.132,243.125,46.6562614440918,295.9521484375,295.08447265625,100563.25,48.17845153808594,10.42717772329664,10.955300138029893,1.0,0,EF1,EST-5,23-MAY-17 17:16:00
690882,2017-04-03T18:00:00+00:00,34.728,-82.781,639.25,25.5,289.073974609375,288.40185546875,97951.5625,39.90789031982422,14.833004870096861,14.612633789849328,0.0,0,EF0,EST-5,03-APR-17 12:51:00
690884,2017-04-03T18:00:00+00:00,34.87,-82.487,657.125,6.015625,288.684326171875,288.20654296875,96972.5625,39.64714813232422,14.745642125867024,16.567899221018653,0.0,0,EF0,EST-5,03-APR-17 13:14:00
696529,2017-04-03T20:00:00+00:00,34.62,-81.49,815.75,0.2969137728214264,291.533935546875,289.93377685546875,99156.75,41.10791778564453,16.158637539083436,12.733525578424564,0.0,0,EF0,EST-5,03-APR-17 14:30:00
694216,2017-06-17T04:00:00+00:00,39.8669,-96.4663,3822.375,354.8576354980469,294.61962890625,293.0472106933594,95613.75,42.7765007019043,12.550837903973656,14.468181493435482,1.0,0,EF1,CST-6,16-JUN-17 22:01:00
679128,2017-03-10T01:00:00+00:00,36.74,-93.3,807.25,51.85954284667969,289.9090576171875,287.9014587402344,97515.4375,31.62710952758789,9.022204963002517,20.40078326797591,0.0,0,EF0,CST-6,09-MAR-17 18:50:00
675933,2017-03-07T04:00:00+00:00,37.9624,-92.994,930.0625,0.9688241481781006,291.0171203613281,290.1572265625,96901.5625,31.754531860351562,18.736437836161365,29.133069222029764,1.0,0,EF1,CST-6,06-MAR-17 22:24:00
688027,2017-03-30T01:00:00+00:00,30.7928,-92.6769,2380.125,5.454148292541504,293.092041015625,291.5129089355469,100340.125,43.477291107177734,15.82338338039834,12.956606514311964,2.0,1,EF2,CST-6,29-MAR-17 19:11:00
688053,2017-03-29T20:00:00+00:00,30.6708,-94.4198,1146.5,0.29125678539276123,295.64501953125,293.53955078125,100075.25,40.63827896118164,12.243937273460077,14.47075459972497,1.0,0,EF1,CST-6,29-MAR-17 14:13:00
680325,2017-03-29T07:00:00+00:00,32.923,-97.373,1229.75,51.561763763427734,294.048828125,290.1321716308594,98121.0625,36.39426803588867,13.999449496567571,12.547715844828067,0.0,0,EF0,CST-6,29-MAR-17 01:08:00
680327,2017-03-29T08:00:00+00:00,33.035,-97.03,825.75,1.0000090599060059,291.189697265625,288.361328125,98293.4375,38.46778869628906,14.280008030347217,16.459114437564025,1.0,0,EF1,CST-6,29-MAR-17 01:31:00
683906,2017-03-10T02:00:00+00:00,36.6135,-89.3756,381.8125,21.307048797607422,291.64105224609375,287.7452697753906,100249.375,34.28207015991211,14.270607704246668,16.325115126794238,1.0,0,EF1,CST-6,09-MAR-17 20:28:00
683911,2017-03-10T03:00:00+00:00,36.5996,-88.3322,433.3125,11.708745956420898,289.3580627441406,287.2532043457031,99698.3125,33.33742141723633,13.262483510195056,14.65342309600524,1.0,0,EF1,CST-6,09-MAR-17 21:13:00
710674,2017-06-29T02:00:00+00:00,40.2829,-94.8887,3496.625,36.000022888183594,295.1875,292.3001403808594,96802.1875,44.898406982421875,12.340614275265793,12.224833901449013,0.0,0,EF0,CST-6,28-JUN-17 19:31:00
688056,2017-03-29T20:00:00+00:00,30.6747,-94.359,1275.5,4.150631904602051,296.05224609375,293.40673828125,100198.25,41.25156021118164,11.7455997799395,14.299865899632731,1.0,0,EF1,CST-6,29-MAR-17 14:25:00
688057,2017-03-29T21:00:00+00:00,30.8309,-93.9739,1145.5,1.4532804489135742,296.211181640625,294.141845703125,100090.0625,40.00069046020508,13.473663380813726,16.262804485558263,1.0,0,EF1,CST-6,29-MAR-17 15:12:00
688060,2017-03-29T22:00:00+00:00,30.9534,-93.8457,2293.25,1.605552077293396,293.74072265625,293.2351379394531,100027.3125,40.218406677246094,10.615485113328443,15.147352311521884,1.0,0,EF1,CST-6,29-MAR-17 15:34:00
689098,2017-05-23T16:00:00+00:00,31.6552,-84.8836,810.125,15.961522102355957,296.6533203125,294.91943359375,99663.375,46.30860137939453,11.847513285873486,23.244120746250402,0.0,0,EF0,EST-5,23-MAY-17 10:46:00
689101,2017-05-24T21:00:00+00:00,31.1661,-83.3577,561.0,57.656307220458984,296.214111328125,294.0399475097656,99303.1875,41.95330810546875,12.11588017726806,18.210721222479155,0.0,0,EF0,EST-5,24-MAY-17 15:48:00
687106,2017-05-12T02:00:00+00:00,31.86,-94.4618,547.5625,226.1407470703125,295.071044921875,292.5111083984375,99683.625,44.10435485839844,14.243012815238192,15.28825071258302,1.0,0,EF1,CST-6,11-MAY-17 19:44:00
696056,2017-05-05T13:00:00+00:00,38.345,-77.0189,122.9375,44.43750762939453,292.852783203125,291.81005859375,99783.0625,41.860877990722656,14.670204471738288,23.683833024223915,1.0,0,EF1,EST-5,05-MAY-17 08:19:00
685157,2017-03-01T10:00:00+00:00,38.5991,-87.1394,897.125,106.5246810913086,288.9540100097656,286.87127685546875,98356.875,34.531532287597656,15.960306097915526,24.093417519202383,2.0,1,EF2,EST-5,01-MAR-17 05:00:00
685213,2017-03-01T10:00:00+00:00,38.6573,-87.0782,897.125,106.5246810913086,288.9540100097656,286.87127685546875,98356.875,34.531532287597656,15.960306097915526,24.093417519202383,2.0,1,EF2,EST-5,01-MAR-17 05:05:00
687137,2017-03-01T10:00:00+00:00,38.6443,-87.0011,897.125,106.5246810913086,288.9540100097656,286.87127685546875,98356.875,34.531532287597656,15.960306097915526,24.093417519202383,1.0,0,EF1,EST-5,01-MAR-17 05:10:00
687139,2017-03-01T11:00:00+00:00,38.7281,-86.5129,125.0,64.78895568847656,288.5395202636719,286.6489562988281,98015.3125,31.538089752197266,16.68024590911974,20.229721808761557,1.0,0,EF1,EST-5,01-MAR-17 05:30:00
676729,2017-03-06T23:00:00+00:00,42.272,-94.1476,464.375,23.43095588684082,290.06201171875,286.46002197265625,95066.5,25.267276763916016,17.119434511335488,23.619102200680103,1.0,0,EF1,CST-6,06-MAR-17 17:28:00
684088,2017-03-27T19:00:00+00:00,36.9334,-87.7316,1047.875,35.15150833129883,291.88330078125,288.9083557128906,99095.8125,29.41326904296875,7.828284165670774,16.65816214378326,0.0,0,EF0,CST-6,27-MAR-17 13:27:00
684108,2017-03-27T20:00:00+00:00,36.9487,-87.6591,1060.5,13.03341007232666,290.831787109375,288.51275634765625,99065.75,30.648998260498047,10.535156662284962,17.94455485922709,0.0,0,EF0,CST-6,27-MAR-17 13:32:00
681688,2017-03-27T22:00:00+00:00,37.137,-85.699,1018.0,20.296974182128906,292.799072265625,288.601806640625,98380.5,31.641094207763672,8.158606259436477,15.997100227602562,1.0,0,EF1,CST-6,27-MAR-17 16:05:00
696060,2017-05-05T12:00:00+00:00,38.3269,-77.9033,31.125,2.500239133834839,290.947998046875,290.360595703125,98144.0625,40.16895294189453,14.917679129075042,19.350346306105394,1.0,0,EF1,EST-5,05-MAY-17 07:17:00
687141,2017-03-01T11:00:00+00:00,38.69,-86.3406,222.6875,104.72645568847656,288.6674499511719,286.6821594238281,97818.3125,32.918949127197266,15.586084958503436,22.48449813654461,2.0,1,EF2,EST-5,01-MAR-17 05:37:00
687142,2017-03-01T11:00:00+00:00,38.7991,-86.0166,404.5,55.39833450317383,287.6449890136719,285.7427062988281,97864.3125,33.502933502197266,10.801045672884149,25.959911989223833,2.0,1,EF2,EST-5,01-MAR-17 05:45:00
685091,2017-03-07T04:00:00+00:00,39.6334,-92.28,879.0625,27.62507438659668,291.0063781738281,287.3994140625,97124.5625,34.82679748535156,19.33673565032781,27.114352479780273,1.0,0,EF1,CST-6,06-MAR-17 21:40:00
696037,2017-05-23T17:00:00+00:00,31.854,-84.2359,744.0,5.406311511993408,296.228271484375,294.729736328125,99550.875,46.113792419433594,12.004698822837064,23.48229543597535,1.0,0,EF1,EST-5,23-MAY-17 11:56:00
686663,2017-03-31T22:00:00+00:00,36.74,-76.23,892.0625,52.20315170288086,292.21923828125,290.121337890625,100115.375,29.914398193359375,9.013058272825392,17.505517551049998,2.0,1,EF2,EST-5,31-MAR-17 17:13:00
692959,2017-05-31T20:00:00+00:00,38.01,-96.55,882.5,129.0000762939453,301.4072265625,285.78271484375,96719.8125,26.682676315307617,1.5959052847622333,7.4976151851414174,0.0,0,EF0,CST-6,31-MAY-17 13:44:00
701976,2017-05-12T09:00:00+00:00,30.5699,-93.57,1920.625,13.820622444152832,295.35400390625,294.49169921875,100555.375,41.5612678527832,9.502322805609023,10.216362377430805,1.0,0,EF1,CST-6,12-MAY-17 03:06:00
691224,2017-04-06T17:00:00+00:00,38.75,-77.82,133.0,,287.97998046875,283.6251220703125,97660.375,20.446075439453125,14.938460890025295,14.10858038768681,0.0,0,EF0,EST-5,06-APR-17 12:08:00
698496,2017-05-19T21:00:00+00:00,37.3545,-93.675,1834.5,163.54000854492188,292.779541015625,290.4775390625,97342.4375,40.52285385131836,8.295750445248073,14.386807140374195,0.0,0,EF0,CST-6,19-MAY-17 15:12:00
698497,2017-05-19T21:00:00+00:00,37.4219,-93.5928,1871.25,132.07125854492188,292.478759765625,290.40625,97203.4375,39.78945541381836,7.175973615473375,14.210593716484807,0.0,0,EF0,CST-6,19-MAY-17 15:19:00
676731,2017-03-07T01:00:00+00:00,42.0894,-93.6986,484.5,49.98450469970703,291.496826171875,287.5209045410156,95434.625,28.153593063354492,18.14860934175838,21.069145303342307,0.0,0,EF0,CST-6,06-MAR-17 18:39:00
676728,2017-03-06T23:00:00+00:00,42.2348,-94.2041,494.4375,28.21220588684082,290.41552734375,286.28619384765625,95194.5,25.314151763916016,17.392544663234876,23.73748369167584,0.0,0,EF0,CST-6,06-MAR-17 17:23:00
680483,2017-03-01T11:00:00+00:00,36.8203,-89.5762,75.125,15.820209503173828,289.3705749511719,286.9155578613281,99409.3125,32.762699127197266,17.26090947867203,28.161196934186773,1.0,0,EF1,CST-6,01-MAR-17 04:40:00
686664,2017-03-31T22:00:00+00:00,36.7568,-76.1486,433.125,88.07815551757812,290.01416015625,289.181884765625,100201.375,31.055023193359375,10.074052950243644,16.890913826250408,2.0,1,EF2,EST-5,31-MAR-17 17:20:00
691225,2017-04-06T17:00:00+00:00,38.77,-77.72,111.625,20.515697479248047,287.72119140625,284.3614501953125,97262.375,23.757598876953125,14.445446327737832,14.93669804334543,0.0,0,EF0,EST-5,06-APR-17 12:08:00
691227,2017-04-06T18:00:00+00:00,38.9936,-77.3916,234.25,,287.080810546875,282.8405456542969,97917.5,18.099708557128906,14.579611970972206,14.905954812688796,0.0,0,EF0,EST-5,06-APR-17 12:37:00
683985,2017-03-07T03:00:00+00:00,43.8564,-91.1172,204.375,0.5699025988578796,287.46392822265625,284.3316650390625,95820.0,27.886205673217773,19.910884756332273,25.630588152422114,1.0,0,EF1,CST-6,06-MAR-17 20:46:00
700038,2017-05-23T23:00:00+00:00,30.395,-97.371,286.375,,295.140869140625,291.435791015625,99254.375,37.86985397338867,7.064606378946423,16.510613505079945,0.0,0,EF0,CST-6,23-MAY-17 16:37:00
700224,2017-05-01T20:00:00+00:00,35.61,-81.2,345.125,15.594079971313477,295.3154296875,293.198486328125,97240.375,39.883384704589844,15.410191916307374,23.624295340507803,0.0,0,EF0,EST-5,01-MAY-17 14:54:00
697290,2017-05-08T20:00:00+00:00,37.9027,-105.0433,892.625,186.22564697265625,290.474365234375,280.7574768066406,77236.0,13.610620498657227,0.5930085320335676,4.510834052040439,1.0,0,EF1,MST-7,08-MAY-17 13:24:00
686419,2017-05-10T00:00:00+00:00,38.4563,-102.4502,1110.84375,172.81263732910156,295.893310546875,286.886474609375,87492.375,26.84956169128418,0.20217204802338842,13.798383985027165,,0,EFU,MST-7,09-MAY-17 17:11:00
685158,2017-03-25T03:00:00+00:00,34.5259,-92.965,370.5625,25.765710830688477,291.08837890625,288.11138916015625,98518.4375,34.7983283996582,18.396905833454962,22.87584878060555,0.0,0,EF0,CST-6,24-MAR-17 20:58:00
685205,2017-03-25T04:00:00+00:00,34.9279,-92.2479,397.5625,3.876840114593506,293.3896484375,287.432861328125,99883.9375,36.253868103027344,18.234400411206376,22.172314093137558,1.0,0,EF1,CST-6,24-MAR-17 22:21:00
705201,2017-05-16T23:00:00+00:00,37.3764,-100.0012,1663.25,7.4531402587890625,291.56494140625,290.6572265625,91394.75,27.91934585571289,5.423204057126585,9.974241363751435,1.0,0,EF1,CST-6,16-MAY-17 16:49:00
685445,2017-05-10T20:00:00+00:00,34.0234,-100.773,2847.625,123.37500762939453,302.010498046875,286.29052734375,92804.125,22.173574447631836,0.41184435942249764,14.186753031220595,,0,EFU,CST-6,10-MAY-17 13:54:00
698428,2017-05-27T20:00:00+00:00,37.6284,-92.4892,3210.625,318.83587646484375,295.796630859375,292.930908203125,96812.5,33.40453338623047,2.747834685193041,11.412601520709153,1.0,0,EF1,CST-6,27-MAY-17 14:09:00
686968,2017-05-10T01:00:00+00:00,33.86,-102.7,419.5625,30.891324996948242,291.535400390625,287.974365234375,87906.6875,24.812679290771484,0.317932088502331,9.898628907068575,,0,EFU,CST-6,09-MAY-17 18:46:00
686970,2017-05-10T02:00:00+00:00,34.07,-102.54,647.8125,61.854026794433594,289.71142578125,287.8048095703125,88156.9375,24.397216796875,0.2276840198216967,12.386815740378147,,0,EFU,CST-6,09-MAY-17 19:45:00
703483,2017-05-19T03:00:00+00:00,35.2461,-95.95,3133.625,59.9063720703125,297.626953125,293.73388671875,98068.75,48.9833984375,13.280800435106306,16.596532742837507,2.0,1,EF2,CST-6,18-MAY-17 20:57:00
700095,2017-05-25T22:00:00+00:00,39.6876,-102.1557,2087.625,453.3424377441406,296.419921875,283.646484375,86708.3125,29.623706817626953,0.20199998167779637,11.62471356941584,0.0,0,EF0,MST-7,25-MAY-17 14:35:00
683030,2017-03-14T05:00:00+00:00,26.1277,-80.2978,913.375,87.5002212524414,297.0563659667969,294.1722412109375,101171.25,46.41641616821289,12.086977548345617,16.93972498712667,0.0,0,EF0,EST-5,14-MAR-17 00:23:00
705203,2017-05-17T01:00:00+00:00,38.1987,-99.0186,764.375,88.90634155273438,292.364013671875,291.386474609375,92798.4375,28.23070526123047,8.60966997834131,12.297606093629073,1.0,0,EF1,CST-6,16-MAY-17 18:59:00
688277,2017-05-10T22:00:00+00:00,34.6332,-100.935,1258.125,118.1719970703125,298.3583984375,287.525634765625,92094.3125,22.86774253845215,1.528703351564859,11.625653324899316,,0,EFU,CST-6,10-MAY-17 15:44:00
687016,2017-05-10T21:00:00+00:00,34.3019,-100.0641,2479.0625,60.109432220458984,302.36083984375,291.067626953125,94816.8125,29.338760375976562,1.5190857597214282,13.270100458696191,,0,EFU,CST-6,10-MAY-17 14:58:00
688967,2017-05-25T00:00:00+00:00,38.5357,-82.683,892.0,37.656253814697266,291.887451171875,290.16558837890625,96744.4375,29.2523193359375,11.143784846733658,14.367225757215964,1.0,0,EF1,EST-5,24-MAY-17 19:11:00
698430,2017-05-27T20:00:00+00:00,37.5862,-92.3541,3275.75,326.83587646484375,295.427490234375,292.772705078125,96978.5,33.52660369873047,2.568231808907754,11.004120303266772,1.0,0,EF1,CST-6,27-MAY-17 14:05:00
698429,2017-05-27T20:00:00+00:00,37.65,-92.26,3275.75,326.83587646484375,295.427490234375,292.772705078125,96978.5,33.52660369873047,2.568231808907754,11.004120303266772,1.0,0,EF1,CST-6,27-MAY-17 14:25:00
698431,2017-05-27T21:00:00+00:00,37.7655,-91.6816,3210.5,326.9532470703125,296.41943359375,292.951904296875,97257.0625,33.090885162353516,3.3148527732695743,12.028629145744423,0.0,0,EF0,CST-6,27-MAY-17 15:00:00
703484,2017-05-19T03:00:00+00:00,35.3578,-95.7225,2350.25,20.9063720703125,297.392578125,293.60791015625,98348.75,48.4677734375,13.797142131207565,18.520845847386013,1.0,0,EF1,CST-6,18-MAY-17 21:11:00
703485,2017-05-19T03:00:00+00:00,35.3761,-95.6591,2350.25,20.9063720703125,297.392578125,293.60791015625,98348.75,48.4677734375,13.797142131207565,18.520845847386013,1.0,0,EF1,CST-6,18-MAY-17 21:15:00
680202,2017-04-05T18:00:00+00:00,34.0054,-81.278,531.0625,25.015644073486328,292.455078125,291.1559753417969,99805.5625,41.54369354248047,8.252537188573632,25.657307034826875,0.0,0,EF0,EST-5,05-APR-17 13:06:00
686144,2017-03-27T19:00:00+00:00,34.9358,-88.7171,1578.0625,107.55775451660156,297.95458984375,289.4698791503906,99315.8125,28.70135498046875,7.037959310374748,13.724307438816655,0.0,0,EF0,CST-6,27-MAR-17 12:59:00
698100,2017-05-11T19:00:00+00:00,36.304,-95.7948,3351.8125,104.92190551757812,296.966552734375,292.947998046875,98528.75,31.476051330566406,3.11400531452066,13.851717903139162,1.0,0,EF1,CST-6,11-MAY-17 13:01:00
698102,2017-05-11T19:00:00+00:00,36.3775,-95.6616,3351.8125,104.92190551757812,296.966552734375,292.947998046875,98528.75,31.476051330566406,3.11400531452066,13.851717903139162,1.0,0,EF1,CST-6,11-MAY-17 13:27:00
698103,2017-05-11T22:00:00+00:00,36.5454,-95.9009,792.125,132.8594970703125,294.07763671875,291.83203125,98306.9375,31.808509826660156,7.061345771309185,13.924323556233876,0.0,0,EF0,CST-6,11-MAY-17 16:11:00
691387,2017-05-28T22:00:00+00:00,32.5501,-94.8205,2860.0,315.46881103515625,297.311767578125,295.3773193359375,99749.125,52.82508850097656,5.288397399918684,14.983487546906424,1.0,0,EF1,CST-6,28-MAY-17 15:53:00
696075,2017-05-11T21:00:00+00:00,32.6568,-95.9109,1356.5,57.250091552734375,297.693359375,294.014892578125,99423.6875,43.26250457763672,10.657921430713913,10.528879942836557,0.0,0,EF0,CST-6,11-MAY-17 14:55:00
698681,2017-05-04T22:00:00+00:00,32.0808,-81.148,455.5625,25.890722274780273,297.314453125,294.5299987792969,100674.375,44.06431579589844,13.443864559042288,19.73301554395337,1.0,0,EF1,EST-5,04-MAY-17 16:50:00
698717,2017-05-05T00:00:00+00:00,32.7928,-80.7776,305.5625,18.234418869018555,295.30029296875,293.750244140625,100418.1875,44.9931755065918,15.823165801509363,22.75166624920394,1.0,0,EF1,EST-5,04-MAY-17 18:46:00
698901,2017-05-05T00:00:00+00:00,33.0529,-80.5846,283.625,9.296917915344238,295.53271484375,293.471923828125,100398.1875,44.0263786315918,15.173601191550961,23.26688895466382,1.0,0,EF1,EST-5,04-MAY-17 19:26:00
670374,2017-02-08T03:00:00+00:00,30.046,-82.0734,966.3125,117.68750762939453,291.86993408203125,289.8477783203125,100929.5625,36.99766159057617,14.61561336387437,15.907973075690325,1.0,0,EF1,EST-5,07-FEB-17 22:00:00
681971,2017-03-29T20:00:00+00:00,29.633,-95.0278,1504.25,91.119384765625,296.76416015625,294.67041015625,100685.25,38.60019302368164,7.559056383604526,11.394201807677728,0.0,0,EF0,CST-6,29-MAR-17 14:00:00
702815,2017-05-24T20:00:00+00:00,34.819,-80.632,1618.875,32.77996826171875,296.306640625,292.043212890625,98153.0,40.359031677246094,10.862146289897012,14.982402081560718,1.0,0,EF1,EST-5,24-MAY-17 15:21:00
703491,2017-05-19T03:00:00+00:00,35.4664,-95.4911,2065.375,20.7969970703125,297.62890625,293.87255859375,98447.75,47.443359375,13.916365748988673,17.990452693292095,1.0,0,EF1,CST-6,18-MAY-17 21:25:00
692459,2017-05-28T01:00:00+00:00,36.7912,-90.5013,2597.125,244.8287811279297,296.386962890625,292.123046875,99201.6875,52.19155502319336,10.730624685314396,13.259165490358715,0.0,0,EF0,CST-6,27-MAY-17 19:18:00
698720,2017-05-05T00:00:00+00:00,32.988,-80.6494,364.0,11.046917915344238,295.80615234375,293.823486328125,100519.1875,44.3974723815918,14.802224794239132,22.157135286372423,1.0,0,EF1,EST-5,04-MAY-17 19:15:00
698902,2017-05-05T00:00:00+00:00,33.0586,-80.5831,283.625,9.296917915344238,295.53271484375,293.471923828125,100398.1875,44.0263786315918,15.173601191550961,23.26688895466382,1.0,0,EF1,EST-5,04-MAY-17 19:27:00
688519,2017-05-18T20:00:00+00:00,37.7113,-103.8885,731.25,138.35940551757812,289.835205078125,278.911376953125,84080.125,11.774059295654297,0.16751947878385365,10.344664390462993,,0,EFU,MST-7,18-MAY-17 13:29:00
676573,2017-03-25T05:00:00+00:00,29.7829,-94.8774,1465.25,4.265629291534424,294.9152526855469,292.91168212890625,101316.875,33.66969299316406,16.817585867196467,12.890939222259032,0.0,0,EF0,CST-6,24-MAR-17 23:23:00
699475,2017-05-12T16:00:00+00:00,29.8531,-90.1182,1087.1875,22.117704391479492,298.76025390625,295.31689453125,101054.375,43.92905044555664,9.138418939281388,13.41532815228722,0.0,0,EF0,CST-6,12-MAY-17 10:13:00
691401,2017-05-28T22:00:00+00:00,32.3834,-94.6213,2336.25,169.78131103515625,296.893798828125,295.2855224609375,99822.125,55.99696350097656,6.641164303696284,12.640244257460322,1.0,0,EF1,CST-6,28-MAY-17 16:07:00
691407,2017-05-28T22:00:00+00:00,32.3845,-94.5837,2336.25,169.78131103515625,296.893798828125,295.2855224609375,99822.125,55.99696350097656,6.641164303696284,12.640244257460322,1.0,0,EF1,CST-6,28-MAY-17 16:11:00
703494,2017-05-19T04:00:00+00:00,35.5643,-95.3315,2112.5,25.015872955322266,296.00390625,293.190673828125,98694.75,47.62282943725586,14.43377143390339,21.188802303903735,1.0,0,EF1,CST-6,18-MAY-17 21:35:00
699161,2017-05-23T22:00:00+00:00,31.9849,-80.9971,367.25,127.39064025878906,298.244140625,295.56982421875,100646.25,49.95188903808594,16.40276326110521,23.406183891108167,2.0,1,EF2,EST-5,23-MAY-17 16:53:00
723117,2017-10-08T22:00:00+00:00,35.174,-82.242,416.75,0.29736629128456116,296.1044921875,295.68280029296875,96128.5625,58.64910888671875,11.070320012470578,20.517773692126973,1.0,0,EF1,EST-5,08-OCT-17 16:37:00
723119,2017-10-08T21:00:00+00:00,35.4,-81.618,468.0,48.671913146972656,297.379150390625,296.62646484375,97643.8125,55.790313720703125,13.91352263367192,19.44431477180498,0.0,0,EF0,EST-5,08-OCT-17 15:54:00
691713,2017-05-16T22:00:00+00:00,40.6662,-97.4305,1714.125,89.796875,300.75,290.181884765625,94209.5625,38.37462615966797,4.044144456825151,7.1850749775662806,0.0,0,EF0,CST-6,16-MAY-17 15:43:00
689268,2017-03-24T23:00:00+00:00,45.6723,-122.5651,190.375,28.18016815185547,284.651611328125,281.00958251953125,99241.8125,14.388311386108398,10.23662618987877,14.801056039577144,0.0,0,EF0,PST-8,24-MAR-17 15:10:00
703176,2017-05-24T19:00:00+00:00,35.707,-80.834,641.25,34.67380142211914,295.169921875,291.0400390625,97297.75,35.88990783691406,7.513861079755923,17.03089455776519,0.0,0,EF0,EST-5,24-MAY-17 14:26:00
703177,2017-05-24T20:00:00+00:00,35.798,-80.783,811.875,33.23309326171875,292.4208984375,290.779541015625,96924.0,36.751609802246094,10.663381601566206,19.361999702516506,2.0,1,EF2,EST-5,24-MAY-17 14:41:00
703495,2017-05-19T04:00:00+00:00,35.73,-95.4173,2429.75,55.125247955322266,295.6337890625,293.075439453125,98662.75,48.19216537475586,15.306917414498644,20.83199251834438,1.0,0,EF1,CST-6,18-MAY-17 21:37:00
703496,2017-05-19T04:00:00+00:00,35.8548,-95.5275,2170.75,33.265872955322266,294.8916015625,292.646728515625,98616.75,47.76247787475586,14.63016647841411,20.972236063862642,1.0,0,EF1,CST-6,18-MAY-17 21:39:00
703499,2017-05-19T04:00:00+00:00,35.7583,-95.3846,1877.5,15.047123908996582,295.6318359375,292.886962890625,98528.75,47.26540756225586,13.21658350614471,20.502401431905188,2.0,1,EF2,CST-6,18-MAY-17 21:40:00
691714,2017-05-17T06:00:00+00:00,40.4516,-97.9389,788.375,54.25004959106445,289.85888671875,289.0572204589844,93761.5,32.143192291259766,7.87375013637736,20.14947124045621,1.0,0,EF1,CST-6,17-MAY-17 00:24:00
701336,2017-05-01T14:00:00+00:00,32.34,-84.928,190.8125,3.8750457763671875,294.07666015625,293.066650390625,99970.5,39.925575256347656,12.40296266588366,19.516638951630522,0.0,0,EF0,EST-5,01-MAY-17 09:07:00
701343,2017-05-01T14:00:00+00:00,34.2529,-84.2152,637.375,41.57817077636719,293.74560546875,292.725830078125,97314.5,40.663856506347656,12.254384299452374,22.412617904739243,0.0,0,EF0,EST-5,01-MAY-17 09:24:00
701358,2017-05-05T01:00:00+00:00,33.656,-84.4185,122.5,0.17193444073200226,291.83349609375,290.0136413574219,96954.25,33.211734771728516,11.059297003579873,21.97814122828347,0.0,0,EF0,EST-5,04-MAY-17 20:12:00
701413,2017-05-23T20:00:00+00:00,34.9156,-79.0695,682.25,10.546882629394531,296.162109375,294.46240234375,100057.8125,46.11547088623047,4.783301227620338,16.909402094831762,0.0,0,EF0,EST-5,23-MAY-17 14:38:00
681972,2017-03-29T20:00:00+00:00,29.6814,-95.0285,1504.25,91.119384765625,296.76416015625,294.67041015625,100685.25,38.60019302368164,7.559056383604526,11.394201807677728,1.0,0,EF1,CST-6,29-MAR-17 14:03:00
681973,2017-03-29T21:00:00+00:00,29.7716,-94.8364,1129.5,63.84390640258789,296.371337890625,295.274658203125,100578.0625,38.51533889770508,8.184394610544597,12.71707812110672,0.0,0,EF0,CST-6,29-MAR-17 14:35:00
685379,2017-05-03T23:00:00+00:00,31.3323,-94.7158,1717.5,176.62501525878906,294.1318359375,293.1013488769531,99624.1875,44.304046630859375,18.20726756479269,22.013987614809405,0.0,0,EF0,CST-6,03-MAY-17 16:31:00
685344,2017-05-03T21:00:00+00:00,32.098,-94.5231,1192.125,22.937562942504883,294.84521484375,293.900390625,99454.8125,41.86585235595703,5.044783591795675,15.846377919231333,1.0,0,EF1,CST-6,03-MAY-17 15:14:00
723112,2017-10-08T21:00:00+00:00,34.51,-81.967,545.375,4.6094136238098145,297.932861328125,297.27978515625,98654.8125,58.582305908203125,14.45120893901624,17.044996586492825,2.0,1,EF2,EST-5,08-OCT-17 15:40:00
723125,2017-10-08T22:00:00+00:00,35.683,-81.532,692.5,0.8598662614822388,296.8544921875,296.19451904296875,96963.5625,55.51434326171875,9.979047622786057,20.564369235686627,1.0,0,EF1,EST-5,08-OCT-17 16:34:00
723130,2017-10-08T22:00:00+00:00,35.794,-81.499,627.0,0.7661162614822388,296.109375,295.54705810546875,95796.5625,51.92645263671875,9.009733367078573,21.673734259619742,0.0,0,EF0,EST-5,08-OCT-17 16:51:00
703509,2017-05-19T04:00:00+00:00,35.8843,-95.2652,1877.5,15.047123908996582,295.6318359375,292.886962890625,98528.75,47.26540756225586,13.21658350614471,20.502401431905188,1.0,0,EF1,CST-6,18-MAY-17 21:51:00
703515,2017-05-19T04:00:00+00:00,36.0748,-95.2395,1472.875,19.968997955322266,295.8359375,292.777587890625,98399.75,46.74685287475586,12.080119116179569,19.05122882957296,0.0,0,EF0,CST-6,18-MAY-17 22:04:00
699216,2017-05-11T04:00:00+00:00,29.4279,-100.78,1016.5,54.70330047607422,298.232666015625,291.947021484375,96850.375,33.833778381347656,10.50218235359292,16.583291955988486,,0,EFU,CST-6,10-MAY-17 21:58:00
701370,2017-05-05T02:00:00+00:00,33.7785,-84.252,246.75,0.12513789534568787,290.8349609375,289.6534729003906,96766.5625,33.5202522277832,9.710970734856977,21.29047511639323,0.0,0,EF0,EST-5,04-MAY-17 20:40:00
681970,2017-03-29T20:00:00+00:00,29.6487,-95.071,1504.25,91.119384765625,296.76416015625,294.67041015625,100685.25,38.60019302368164,7.559056383604526,11.394201807677728,1.0,0,EF1,CST-6,29-MAR-17 13:55:00
723096,2017-10-08T20:00:00+00:00,34.291,-82.044,406.375,22.0782527923584,299.225830078125,297.0984802246094,98920.25,57.98004150390625,14.634222908411871,17.686619045840082,1.0,0,EF1,EST-5,08-OCT-17 15:08:00
723113,2017-10-08T21:00:00+00:00,34.615,-81.919,545.375,4.6094136238098145,297.932861328125,297.27978515625,98654.8125,58.582305908203125,14.45120893901624,17.044996586492825,1.0,0,EF1,EST-5,08-OCT-17 15:53:00
723114,2017-10-08T22:00:00+00:00,34.722,-81.745,707.25,2.1098663806915283,298.01171875,297.07928466796875,98946.5625,64.81121826171875,11.466570391616525,17.920786660405547,0.0,0,EF0,EST-5,08-OCT-17 16:34:00
723120,2017-10-08T21:00:00+00:00,35.559,-81.568,533.375,29.750038146972656,296.890869140625,296.24072265625,97043.8125,55.068634033203125,13.256911989326847,20.523125457678383,0.0,0,EF0,EST-5,08-OCT-17 16:15:00
703518,2017-05-19T04:00:00+00:00,36.0169,-95.1727,1472.875,19.968997955322266,295.8359375,292.777587890625,98399.75,46.74685287475586,12.080119116179569,19.05122882957296,1.0,0,EF1,CST-6,18-MAY-17 22:01:00
703741,2017-05-19T04:00:00+00:00,36.0746,-95.1384,1393.75,37.922122955322266,297.21875,293.190673828125,97856.75,45.31814193725586,11.856604845153626,16.99999490843058,1.0,0,EF1,CST-6,18-MAY-17 22:06:00
698452,2017-05-19T21:00:00+00:00,37.0546,-93.9592,1797.0,139.64938354492188,292.336181640625,290.5224609375,96959.4375,39.49160385131836,7.730005131184355,13.40959320376377,1.0,0,EF1,CST-6,19-MAY-17 14:42:00
686611,2017-03-27T22:00:00+00:00,35.5536,-88.3624,560.75,23.984474182128906,291.801025390625,290.014892578125,99011.5,29.378398895263672,11.016919079553558,22.855712517858723,0.0,0,EF0,CST-6,27-MAR-17 15:59:00
686620,2017-03-27T22:00:00+00:00,35.5578,-88.1721,560.75,23.984474182128906,291.801025390625,290.014892578125,99011.5,29.378398895263672,11.016919079553558,22.855712517858723,1.0,0,EF1,CST-6,27-MAR-17 16:18:00
688108,2017-03-30T11:00:00+00:00,31.146,-89.5971,850.5625,70.73234558105469,293.95263671875,291.6736145019531,100177.75,30.892953872680664,13.39129550719229,18.253661189344566,0.0,0,EF0,CST-6,30-MAR-17 04:32:00
690635,2017-03-29T16:00:00+00:00,29.6984,-95.4873,1281.625,133.92190551757812,297.232666015625,290.728759765625,100637.25,41.4474983215332,8.254069106176466,16.537840087171354,0.0,0,EF0,CST-6,29-MAR-17 09:34:00
723272,2017-10-23T19:00:00+00:00,34.972,-81.989,763.375,0.168471097946167,295.329833984375,293.9541015625,98012.0625,46.05950927734375,16.485247159435865,24.157024105617765,2.0,1,EF2,EST-5,23-OCT-17 14:12:00
683875,2017-03-01T11:00:00+00:00,36.0422,-89.3566,332.0,104.47645568847656,291.0473327636719,288.2837219238281,99538.3125,34.777347564697266,17.674497910745856,22.13153402388079,0.0,0,EF0,CST-6,01-MAR-17 04:51:00
684737,2017-03-10T04:00:00+00:00,35.9077,-88.3921,490.75,0.7345932126045227,289.96630859375,288.5511169433594,99652.4375,34.633243560791016,18.4997511860539,23.778012961536163,0.0,0,EF0,CST-6,09-MAR-17 21:54:00
683717,2017-03-07T09:00:00+00:00,36.1184,-91.102,349.75,42.781341552734375,289.1605224609375,288.5601806640625,99788.125,31.433242797851562,22.24461784755876,22.12289763823896,0.0,0,EF0,CST-6,07-MAR-17 02:37:00
687138,2017-03-25T07:00:00+00:00,36.1834,-90.3852,171.875,18.92745590209961,292.2789306640625,288.2544860839844,100291.125,36.15674591064453,18.002252167196385,20.92282264687692,0.0,0,EF0,CST-6,25-MAR-17 00:34:00
699519,2017-05-17T21:00:00+00:00,42.0075,-97.0187,1019.625,3.890676498413086,291.3408203125,283.0460205078125,93825.625,27.18266487121582,2.623461185785143,5.850724018781747,1.0,0,EF1,CST-6,17-MAY-17 14:48:00
706864,2017-05-19T21:00:00+00:00,37.524,-98.651,2667.5,166.08688354492188,293.105712890625,291.591796875,94303.4375,30.64297103881836,3.123450555713806,20.129222746105107,0.0,0,EF0,CST-6,19-MAY-17 15:11:00
706866,2017-05-19T21:00:00+00:00,37.466,-98.536,2243.125,163.18063354492188,294.481689453125,292.3505859375,94697.4375,31.07168197631836,2.6759570278479625,17.74772873710945,0.0,0,EF0,CST-6,19-MAY-17 15:14:00
706871,2017-05-18T21:00:00+00:00,37.5154,-99.9445,493.75,52.82821273803711,295.767578125,288.213623046875,91435.875,25.099960327148438,2.0769142222834076,10.072328318061565,0.0,0,EF0,CST-6,18-MAY-17 15:14:00
684719,2017-03-10T03:00:00+00:00,36.5033,-89.0837,473.53125,13.349370956420898,289.9176330566406,287.7707824707031,100132.3125,35.32081985473633,17.69139767272925,18.64343165522972,2.0,1,EF2,CST-6,09-MAR-17 20:51:00
689155,2017-03-05T18:00:00+00:00,28.94,-95.56,111.625,27.843820571899414,293.8493347167969,293.1705322265625,102054.75,39.249786376953125,10.540183316691225,10.689940066855039,0.0,0,EF0,CST-6,05-MAR-17 12:05:00
681985,2017-03-29T18:00:00+00:00,30.266,-95.1294,802.75,46.047142028808594,296.697998046875,291.711669921875,100235.5,39.890811920166016,8.56122905090607,12.605276458534552,0.0,0,EF0,CST-6,29-MAR-17 12:23:00
706873,2017-05-18T21:00:00+00:00,37.5904,-99.8839,754.875,78.65634155273438,294.94921875,289.675537109375,91859.875,26.979843139648438,2.0145345281217404,13.081157525359071,0.0,0,EF0,CST-6,18-MAY-17 15:18:00
687105,2017-05-12T02:00:00+00:00,31.8442,-94.4768,547.5625,226.1407470703125,295.071044921875,292.5111083984375,99683.625,44.10435485839844,14.243012815238192,15.28825071258302,2.0,1,EF2,CST-6,11-MAY-17 19:42:00
694016,2017-05-26T19:00:00+00:00,41.6437,-108.4234,713.625,42.06254196166992,285.17626953125,277.756591796875,78196.5625,12.915706634521484,0.2156675235058075,2.718017767684816,0.0,0,EF0,MST-7,26-MAY-17 11:40:00
698521,2017-05-11T06:00:00+00:00,36.9052,-94.4182,608.25,164.38856506347656,292.93701171875,289.46337890625,97700.625,38.346519470214844,12.775348738518462,12.156079737827554,0.0,0,EF0,CST-6,10-MAY-17 23:34:00
698453,2017-05-19T08:00:00+00:00,36.5307,-91.544,1058.125,340.5469665527344,292.693603515625,291.2773742675781,98295.8125,37.1872444152832,12.909962569202648,10.467610440848887,0.0,0,EF0,CST-6,19-MAY-17 02:12:00
690932,2017-05-21T00:00:00+00:00,40.6566,-87.0997,1023.75,104.08428192138672,293.93310546875,291.815185546875,98693.0,42.710418701171875,10.397440888093938,17.074108511113796,0.0,0,EF0,EST-5,20-MAY-17 18:34:00
687104,2017-05-12T02:00:00+00:00,31.815,-94.4989,547.5625,226.1407470703125,295.071044921875,292.5111083984375,99683.625,44.10435485839844,14.243012815238192,15.28825071258302,2.0,1,EF2,CST-6,11-MAY-17 19:33:00
698427,2017-05-27T20:00:00+00:00,38.204,-92.7704,3134.75,233.0546417236328,296.350341796875,291.947509765625,97651.5,34.53050994873047,2.2039775419364016,12.501205405907635,1.0,0,EF1,CST-6,27-MAY-17 13:38:00
698426,2017-05-27T20:00:00+00:00,38.1918,-92.7854,3134.75,233.0546417236328,296.350341796875,291.947509765625,97651.5,34.53050994873047,2.2039775419364016,12.501205405907635,1.0,0,EF1,CST-6,27-MAY-17 13:38:00
698425,2017-05-27T20:00:00+00:00,37.6004,-92.7221,3155.25,304.71087646484375,296.443115234375,293.124267578125,96708.5,33.36840057373047,2.878472730885127,11.758167396683197,1.0,0,EF1,CST-6,27-MAY-17 13:50:00
683881,2017-03-01T13:00:00+00:00,36.0398,-86.5971,524.6875,182.86114501953125,291.77691650390625,288.2952880859375,98571.9375,34.504417419433594,17.28218115281385,17.62754305774215,0.0,0,EF0,CST-6,01-MAR-17 07:17:00
686514,2017-03-10T06:00:00+00:00,35.4146,-86.7049,371.875,35.73439025878906,289.7558288574219,287.0239562988281,98524.6875,34.53500747680664,18.394739996644706,24.579925805083477,0.0,0,EF0,CST-6,09-MAR-17 23:32:00
676594,2017-03-05T18:00:00+00:00,28.8844,-96.1457,220.5,,294.6061706542969,292.5123291015625,101978.75,38.036895751953125,9.346792486966706,5.504420728528565,0.0,0,EF0,CST-6,05-MAR-17 11:55:00
690824,2017-05-18T04:00:00+00:00,42.4194,-88.706,765.125,112.84505462646484,294.439453125,291.357421875,97068.625,32.20867919921875,16.111177543861448,20.69158019847252,1.0,0,EF1,CST-6,17-MAY-17 21:31:00
690823,2017-05-18T03:00:00+00:00,42.3341,-88.8221,1156.0,47.89065933227539,294.739501953125,291.505859375,96995.1875,31.746051788330078,16.087917037295835,20.695909240805015,1.0,0,EF1,CST-6,17-MAY-17 21:21:00
702475,2017-05-18T22:00:00+00:00,36.3647,-98.92,1403.5,474.4690246582031,293.224609375,291.96875,94016.625,26.730762481689453,10.967804624631166,18.169246652213577,,0,EFU,CST-6,18-MAY-17 15:37:00
702478,2017-05-18T22:00:00+00:00,36.85,-98.695,847.375,195.65650939941406,294.865234375,293.1162109375,94806.625,30.511035919189453,10.883386771882433,17.697590492597126,,0,EFU,CST-6,18-MAY-17 15:57:00
702494,2017-05-20T00:00:00+00:00,34.31,-97.2101,1568.375,29.10955047607422,294.612060546875,293.195556640625,97253.0,40.753971099853516,13.255767636726587,17.778608871345085,,0,EFU,CST-6,19-MAY-17 18:22:00
702496,2017-05-20T00:00:00+00:00,34.3322,-97.2048,1568.375,29.10955047607422,294.612060546875,293.195556640625,97253.0,40.753971099853516,13.255767636726587,17.778608871345085,,0,EFU,CST-6,19-MAY-17 18:24:00
702499,2017-05-20T01:00:00+00:00,34.3635,-97.1132,1515.25,57.98439407348633,294.729248046875,292.8388671875,97226.5,36.183223724365234,16.08920123356998,19.04347451278678,,0,EFU,CST-6,19-MAY-17 18:47:00
697449,2017-05-16T00:00:00+00:00,43.1806,-91.9223,1353.25,90.50938415527344,293.991455078125,290.7237243652344,96649.8125,37.531890869140625,5.477412035703244,10.806494813945184,0.0,0,EF0,CST-6,15-MAY-17 17:45:00
700746,2017-05-10T08:00:00+00:00,35.04,-101.1,1429.375,154.5642547607422,290.73974609375,289.465576171875,90475.625,24.318931579589844,1.1864114648058683,9.937920880389056,1.0,0,EF1,CST-6,10-MAY-17 02:27:00
700751,2017-05-10T09:00:00+00:00,35.2,-100.9,1549.0,112.70216369628906,291.94140625,290.947998046875,91339.5625,26.57300567626953,3.0117484379899966,9.933151677181655,1.0,0,EF1,CST-6,10-MAY-17 03:01:00
685302,2017-05-10T21:00:00+00:00,34.1744,-100.2891,2299.9375,,303.67529296875,287.753173828125,94350.8125,26.096572875976562,0.17053001267770426,13.222905079128818,,0,EFU,CST-6,10-MAY-17 14:37:00
702866,2017-05-28T03:00:00+00:00,34.359,-97.037,5515.25,572.7344970703125,301.634521484375,297.60498046875,97189.3125,38.23073196411133,9.963562828872506,17.497742401634415,,0,EFU,CST-6,27-MAY-17 21:17:00
686969,2017-05-10T03:00:00+00:00,33.49,-102.86,961.84375,470.71881103515625,291.357177734375,286.88427734375,88262.8125,21.692211151123047,0.3262267668960706,15.903248714791422,,0,EFU,CST-6,09-MAY-17 20:31:00
703482,2017-05-19T03:00:00+00:00,34.8403,-95.9151,3252.5,99.1719970703125,297.6611328125,293.83251953125,98075.75,48.6201171875,13.187073425135448,14.812536444329734,1.0,0,EF1,CST-6,18-MAY-17 20:56:00
702735,2017-05-16T20:00:00+00:00,36.68,-100.71,2174.9375,98.7914047241211,297.42236328125,292.167236328125,90481.75,29.34336280822754,2.1407326803227216,9.883479043953914,0.0,0,EF0,CST-6,16-MAY-17 13:45:00
703501,2017-05-19T04:00:00+00:00,35.6183,-95.2472,2112.5,25.015872955322266,296.00390625,293.190673828125,98694.75,47.62282943725586,14.43377143390339,21.188802303903735,1.0,0,EF1,CST-6,18-MAY-17 21:41:00
703528,2017-05-21T00:00:00+00:00,40.6566,-87.0975,1023.75,104.08428192138672,293.93310546875,291.815185546875,98693.0,42.710418701171875,10.397440888093938,17.074108511113796,0.0,0,EF0,EST-5,20-MAY-17 18:35:00
705202,2017-05-30T22:00:00+00:00,29.2705,-90.1965,685.625,20.375207901000977,297.9140625,295.52880859375,101719.0,48.713382720947266,8.319012901124301,14.45305035144201,0.0,0,EF0,CST-6,30-MAY-17 15:39:00
683297,2017-04-02T20:00:00+00:00,31.3077,-93.5838,644.75,88.46878814697266,293.264892578125,292.744384765625,99751.1875,42.21894836425781,14.385436403457675,19.02170660970113,1.0,0,EF1,CST-6,02-APR-17 14:07:00
680129,2017-03-19T21:00:00+00:00,30.3874,-103.6677,0.0,,302.211181640625,273.716064453125,85776.3125,11.825332641601562,0.061113525689047536,0.7224790145660058,0.0,0,EF0,CST-6,19-MAR-17 15:19:00
681470,2017-03-29T02:00:00+00:00,32.0926,-100.849,764.25,19.062591552734375,289.56201171875,287.24407958984375,92578.0625,30.52277183532715,4.922903493449497,15.660742747811884,0.0,0,EF0,CST-6,28-MAR-17 19:50:00
699687,2017-04-02T21:00:00+00:00,32.0788,-91.918,1750.625,59.48467254638672,295.298095703125,292.30615234375,100382.1875,44.09809112548828,18.025694998712442,15.765966430768648,1.0,0,EF1,CST-6,02-APR-17 15:21:00
683508,2017-04-02T21:00:00+00:00,31.6917,-92.8661,831.625,19.594045639038086,294.249267578125,293.10693359375,100218.1875,46.26313018798828,14.454851566300198,19.563556737228506,1.0,0,EF1,CST-6,02-APR-17 15:12:00
700774,2017-05-18T21:00:00+00:00,35.287,-98.859,1309.125,12.234463691711426,296.875,293.168701171875,94889.875,36.78746032714844,6.257366285848636,19.542606317820923,,0,EFU,CST-6,18-MAY-17 14:40:00
702867,2017-05-28T03:00:00+00:00,34.358,-97.035,5515.25,572.7344970703125,301.634521484375,297.60498046875,97189.3125,38.23073196411133,9.963562828872506,17.497742401634415,,0,EFU,CST-6,27-MAY-17 21:18:00
702880,2017-05-28T04:00:00+00:00,34.332,-96.844,5656.5,436.56689453125,301.63037109375,297.6357421875,97494.3125,39.95112609863281,10.968636624351165,14.784177964063945,,0,EFU,CST-6,27-MAY-17 21:39:00
702886,2017-05-28T04:00:00+00:00,34.219,-97.735,5431.125,649.61376953125,302.39794921875,296.6474609375,97405.3125,35.45014953613281,10.413754976470797,9.821177533699998,,0,EFU,CST-6,27-MAY-17 22:06:00
702891,2017-05-18T21:00:00+00:00,34.054,-99.282,2229.5,87.32821655273438,299.3232421875,293.683349609375,95853.875,35.84214782714844,10.484079855567861,18.571100081114846,,0,EFU,CST-6,18-MAY-17 15:04:00
683509,2017-04-02T21:00:00+00:00,31.7088,-92.8429,831.625,19.594045639038086,294.249267578125,293.10693359375,100218.1875,46.26313018798828,14.454851566300198,19.563556737228506,1.0,0,EF1,CST-6,02-APR-17 15:16:00
700418,2017-05-07T21:00:00+00:00,34.6207,-117.3743,20.40625,,286.342529296875,270.7991638183594,90184.1875,8.470352172851562,0.18155625155523725,2.172938772751065,0.0,0,EF0,PST-8,07-MAY-17 12:30:00
690881,2017-05-16T23:00:00+00:00,45.3923,-91.5413,2010.125,52.45314025878906,297.10498046875,295.0732421875,95707.75,34.07364273071289,9.260418988660025,20.214097744292882,3.0,1,EF3,CST-6,16-MAY-17 16:38:00
706863,2017-05-19T21:00:00+00:00,37.24,-98.682,1573.125,270.8993835449219,294.791259765625,292.2880859375,94850.4375,30.39101791381836,0.17512588514780558,20.47638641603595,0.0,0,EF0,CST-6,19-MAY-17 14:37:00
704418,2017-05-19T21:00:00+00:00,37.328,-98.617,2243.125,163.18063354492188,294.481689453125,292.3505859375,94697.4375,31.07168197631836,2.6759570278479625,17.74772873710945,0.0,0,EF0,CST-6,19-MAY-17 14:53:00
680690,2017-02-25T20:00:00+00:00,38.5551,-76.9841,505.78125,29.921960830688477,294.278076171875,290.09686279296875,99325.4375,27.417938232421875,12.468492202840507,19.1514361284812,1.0,0,EF1,EST-5,25-FEB-17 15:06:00
683302,2017-04-02T21:00:00+00:00,31.7815,-92.5139,1364.375,27.547170639038086,294.475830078125,293.00439453125,100211.1875,45.14594268798828,15.901107492653447,18.900531271218743,1.0,0,EF1,CST-6,02-APR-17 14:54:00
702746,2017-05-16T20:00:00+00:00,36.35,-101.14,2269.5625,97.1664047241211,298.05615234375,292.501220703125,89963.75,27.25156593322754,0.3410799331308715,13.109580905334393,0.0,0,EF0,CST-6,16-MAY-17 14:04:00
702500,2017-05-20T03:00:00+00:00,34.3381,-96.5992,2471.5,143.7500762939453,295.169677734375,293.890869140625,97859.5,40.71152877807617,17.696288559419514,15.694405259579158,,0,EFU,CST-6,19-MAY-17 20:44:00
702502,2017-05-20T03:00:00+00:00,34.347,-96.6036,2471.5,143.7500762939453,295.169677734375,293.890869140625,97859.5,40.71152877807617,17.696288559419514,15.694405259579158,,0,EFU,CST-6,19-MAY-17 20:56:00
702807,2017-05-18T22:00:00+00:00,36.507,-98.926,1403.5,474.4690246582031,293.224609375,291.96875,94016.625,26.730762481689453,10.967804624631166,18.169246652213577,,0,EFU,CST-6,18-MAY-17 16:00:00
702828,2017-05-20T03:00:00+00:00,34.267,-96.701,2804.75,121.56258392333984,295.021240234375,293.755126953125,97444.5,44.18516159057617,17.190209405949926,16.017609427722793,,0,EFU,CST-6,19-MAY-17 20:32:00
702865,2017-05-20T03:00:00+00:00,34.4251,-96.4838,2471.5,143.7500762939453,295.169677734375,293.890869140625,97859.5,40.71152877807617,17.696288559419514,15.694405259579158,,0,EFU,CST-6,19-MAY-17 21:13:00
706867,2017-05-19T21:00:00+00:00,37.4708,-98.5317,2243.125,163.18063354492188,294.481689453125,292.3505859375,94697.4375,31.07168197631836,2.6759570278479625,17.74772873710945,0.0,0,EF0,CST-6,19-MAY-17 15:15:00
706868,2017-05-18T21:00:00+00:00,38.158,-98.799,792.875,15.343838691711426,294.7509765625,290.250732421875,93783.875,28.650741577148438,4.042075529181528,10.632265244012931,0.0,0,EF0,CST-6,18-MAY-17 15:03:00
706869,2017-05-18T22:00:00+00:00,38.238,-98.769,58.75,30.406513214111328,290.8857421875,290.203125,93792.625,27.846973419189453,3.6934391329205387,19.551521325125233,0.0,0,EF0,CST-6,18-MAY-17 15:33:00
684636,2017-04-22T23:00:00+00:00,34.79,-86.15,296.0,30.72235679626465,292.509521484375,290.717529296875,97066.0625,37.96052169799805,7.503112732847544,15.526699612040568,0.0,0,EF0,CST-6,22-APR-17 16:40:00
683303,2017-04-02T21:00:00+00:00,31.7968,-92.5076,1364.375,27.547170639038086,294.475830078125,293.00439453125,100211.1875,45.14594268798828,15.901107492653447,18.900531271218743,1.0,0,EF1,CST-6,02-APR-17 14:55:00
687714,2017-05-21T20:00:00+00:00,29.77,-95.95,2195.625,34.464073181152344,301.7255859375,294.23681640625,100810.625,46.470069885253906,1.3374678074171948,4.980127805076794,0.0,0,EF0,CST-6,21-MAY-17 13:55:00
704023,2017-05-23T18:00:00+00:00,31.8667,-83.7481,908.3125,25.875076293945312,297.046630859375,294.61328125,99545.5,46.96063232421875,12.239475891730102,22.676185338961826,1.0,0,EF1,EST-5,23-MAY-17 12:46:00
704008,2017-05-23T17:00:00+00:00,31.9144,-84.1807,744.0,5.406311511993408,296.228271484375,294.729736328125,99550.875,46.113792419433594,12.004698822837064,23.48229543597535,0.0,0,EF0,EST-5,23-MAY-17 12:06:00
685143,2017-03-07T06:00:00+00:00,35.9252,-93.388,773.5625,33.4218864440918,289.058349609375,288.0523376464844,95276.875,27.358530044555664,15.55183821665874,23.670502474460086,2.0,1,EF2,CST-6,06-MAR-17 23:38:00
694598,2017-04-05T16:00:00+00:00,31.7706,-85.1428,2462.9375,31.174694061279297,296.224365234375,294.31585693359375,99699.5625,49.03009033203125,13.383172937487602,25.071077049323087,1.0,0,EF1,CST-6,05-APR-17 09:53:00
686651,2017-04-30T08:00:00+00:00,36.7772,-89.58,450.25,131.45559692382812,295.156982421875,288.28619384765625,99649.0625,39.867618560791016,18.18677831344663,17.670589960817914,2.0,1,EF2,CST-6,30-APR-17 01:52:00
743509,2017-03-29T00:00:00+00:00,31.6466,-101.8029,2989.5625,352.8282470703125,296.669677734375,285.591796875,90739.25,24.830913543701172,3.782083428415403,21.699490818080683,0.0,0,EF0,CST-6,28-MAR-17 18:22:00
704030,2017-05-23T18:00:00+00:00,31.8956,-83.5756,1149.9375,33.75007629394531,297.797607421875,294.4736328125,99567.5,47.45086669921875,12.682322836608776,23.86052802907972,1.0,0,EF1,EST-5,23-MAY-17 13:00:00
703193,2017-05-21T00:00:00+00:00,40.134,-86.6956,1097.875,49.03740310668945,294.29638671875,291.989013671875,98409.0,42.088348388671875,10.156256638429726,15.715422019573145,1.0,0,EF1,EST-5,20-MAY-17 18:40:00
703268,2017-05-21T01:00:00+00:00,40.3602,-86.3514,845.375,18.718854904174805,293.964599609375,291.30596923828125,98340.4375,42.580963134765625,11.349996002959443,16.386126705610383,1.0,0,EF1,EST-5,20-MAY-17 19:40:00
699686,2017-04-02T21:00:00+00:00,32.0597,-91.9371,1750.625,59.48467254638672,295.298095703125,292.30615234375,100382.1875,44.09809112548828,18.025694998712442,15.765966430768648,1.0,0,EF1,CST-6,02-APR-17 15:17:00
685145,2017-03-07T06:00:00+00:00,36.023,-92.94,860.5625,77.40626525878906,289.886474609375,287.9419860839844,96379.875,29.252084732055664,16.804713835044364,24.902041719506293,2.0,1,EF2,CST-6,07-MAR-17 00:15:00
683511,2017-04-02T21:00:00+00:00,31.7365,-92.0389,1572.125,67.43779754638672,296.096923828125,293.27392578125,100362.1875,45.94086456298828,19.488006469193035,19.96618431972561,2.0,1,EF2,CST-6,02-APR-17 15:22:00
689171,2017-05-22T15:00:00+00:00,29.2211,-95.48,561.0,8.812505722045898,298.34765625,295.680908203125,101344.5625,54.35886764526367,7.677048012417911,11.305993876323798,0.0,0,EF0,CST-6,22-MAY-17 08:35:00
689172,2017-05-22T17:00:00+00:00,29.2281,-94.8957,279.0625,26.79701805114746,298.08642578125,296.100341796875,101357.8125,51.90511703491211,7.548370781611767,7.582059009984143,0.0,0,EF0,CST-6,22-MAY-17 10:45:00
699474,2017-05-12T14:00:00+00:00,30.163,-91.148,966.625,0.07830006629228592,295.701416015625,294.789306640625,100947.375,45.267066955566406,8.187756511095463,11.197760631435667,0.0,0,EF0,CST-6,12-MAY-17 08:01:00
684638,2017-04-11T01:00:00+00:00,32.2758,-94.9854,1743.5,41.665653228759766,293.943603515625,291.7947998046875,100156.75,43.8095703125,6.380773771875426,9.59420023235611,1.0,0,EF1,CST-6,10-APR-17 18:37:00
684634,2017-04-11T01:00:00+00:00,32.2782,-94.9999,1743.5,41.665653228759766,293.943603515625,291.7947998046875,100156.75,43.8095703125,6.380773771875426,9.59420023235611,0.0,0,EF0,CST-6,10-APR-17 18:35:00
699977,2017-05-17T22:00:00+00:00,44.0965,-91.192,1041.375,13.734408378601074,293.47265625,291.3915100097656,96261.0625,32.652103424072266,15.073202462039356,19.163267060615567,1.0,0,EF1,CST-6,17-MAY-17 16:21:00
700763,2017-05-11T02:00:00+00:00,34.34,-98.63,1991.9375,127.18763732910156,294.278564453125,291.5895080566406,96921.5,29.187822341918945,11.031850262546259,18.250733549939014,,0,EFU,CST-6,10-MAY-17 19:36:00
700764,2017-05-11T20:00:00+00:00,35.9698,-97.0427,64.875,,296.03125,291.503173828125,97416.9375,20.883012771606445,4.190909520354381,11.190530884012794,,0,EFU,CST-6,11-MAY-17 14:13:00
700767,2017-05-16T23:00:00+00:00,35.07,-99.92,3152.875,62.96876525878906,298.17431640625,292.068359375,92839.75,42.20743179321289,6.30059668591694,23.23979642804678,,0,EFU,CST-6,16-MAY-17 17:08:00
703481,2017-05-19T03:00:00+00:00,34.8051,-96.0686,3252.5,99.1719970703125,297.6611328125,293.83251953125,98075.75,48.6201171875,13.187073425135448,14.812536444329734,1.0,0,EF1,CST-6,18-MAY-17 20:46:00
703492,2017-05-19T04:00:00+00:00,35.7882,-95.6194,2170.75,33.265872955322266,294.8916015625,292.646728515625,98616.75,47.76247787475586,14.63016647841411,20.972236063862642,1.0,0,EF1,CST-6,18-MAY-17 21:30:00
695482,2017-04-27T16:00:00+00:00,31.8349,-85.931,2902.625,8.65627384185791,296.263916015625,294.011962890625,99479.375,40.35720443725586,10.510132282758628,16.58925883311927,1.0,0,EF1,CST-6,27-APR-17 10:25:00
685929,2017-04-27T00:00:00+00:00,36.6334,-88.9223,16.25,,296.428466796875,287.07135009765625,98562.125,30.094491958618164,12.086780436956586,19.479135543307645,1.0,0,EF1,CST-6,26-APR-17 18:12:00
702761,2017-05-16T22:00:00+00:00,35.31,-100.38,1914.25,70.984375,295.9853515625,291.635986328125,91427.5625,35.03673553466797,4.249264105656139,17.580372508987853,1.0,0,EF1,CST-6,16-MAY-17 16:16:00
703504,2017-05-19T04:00:00+00:00,35.8073,-95.3392,1877.5,15.047123908996582,295.6318359375,292.886962890625,98528.75,47.26540756225586,13.21658350614471,20.502401431905188,1.0,0,EF1,CST-6,18-MAY-17 21:45:00
703506,2017-05-19T04:00:00+00:00,35.8133,-95.3324,1877.5,15.047123908996582,295.6318359375,292.886962890625,98528.75,47.26540756225586,13.21658350614471,20.502401431905188,1.0,0,EF1,CST-6,18-MAY-17 21:46:00
695477,2017-04-27T14:00:00+00:00,32.2325,-85.9988,1614.875,42.562564849853516,296.688720703125,294.650390625,99528.6875,44.664207458496094,11.46237827949584,17.808388432530815,0.0,0,EF0,CST-6,27-APR-17 08:13:00
704855,2017-05-27T01:00:00+00:00,39.58,-102.29,132.75,195.14071655273438,296.13525390625,283.1943359375,87406.6875,19.64952278137207,0.23640781189218868,15.868837061320475,0.0,0,EF0,MST-7,26-MAY-17 17:45:00
685054,2017-04-05T19:00:00+00:00,37.7004,-89.1492,913.0,20.093856811523438,290.322021484375,286.15887451171875,98000.375,22.763900756835938,13.199765705499106,16.02032193511976,1.0,0,EF1,CST-6,05-APR-17 13:10:00
702763,2017-05-16T22:00:00+00:00,35.37,-100.29,1914.25,70.984375,295.9853515625,291.635986328125,91427.5625,35.03673553466797,4.249264105656139,17.580372508987853,2.0,1,EF2,CST-6,16-MAY-17 16:25:00
703514,2017-05-19T04:00:00+00:00,35.915,-95.3299,1877.5,15.047123908996582,295.6318359375,292.886962890625,98528.75,47.26540756225586,13.21658350614471,20.502401431905188,1.0,0,EF1,CST-6,18-MAY-17 21:48:00
703519,2017-05-19T05:00:00+00:00,36.3207,-94.2529,1615.5,126.45314025878906,295.025146484375,291.98291015625,96678.3125,41.47308349609375,12.29922838809321,16.30866596728961,0.0,0,EF0,CST-6,18-MAY-17 23:07:00
697780,2017-05-02T22:00:00+00:00,26.74,-80.61,874.875,23.265710830688477,299.094970703125,296.456787109375,101431.125,47.33060836791992,1.391340469250893,5.891310528908681,0.0,0,EF0,EST-5,02-MAY-17 16:30:00
704139,2017-05-24T14:00:00+00:00,34.8186,-84.9512,741.875,0.014922749251127243,291.078857421875,290.516357421875,96842.9375,33.673370361328125,8.388141046483893,16.44548811570702,1.0,0,EF1,EST-5,24-MAY-17 08:45:00
704145,2017-05-24T15:00:00+00:00,34.5847,-84.9251,1533.25,8.77786636352539,292.83349609375,290.6318359375,97028.9375,27.48763656616211,8.501595265559628,19.03210063153299,0.0,0,EF0,EST-5,24-MAY-17 09:47:00
699473,2017-05-12T14:00:00+00:00,30.4345,-91.0662,996.0,0.14080005884170532,294.762939453125,294.436767578125,100861.375,45.080543518066406,6.730295083744169,11.40379503260112,1.0,0,EF1,CST-6,12-MAY-17 08:01:00
699477,2017-05-12T22:00:00+00:00,30.4469,-90.2206,848.5,67.98439025878906,297.82177734375,294.43115234375,100441.3125,33.38040542602539,5.7347254857842715,15.607542732279851,0.0,0,EF0,CST-6,12-MAY-17 15:35:00
690928,2017-05-17T00:00:00+00:00,45.4079,-90.6784,1283.1875,19.000070571899414,295.951171875,293.915771484375,95513.5,34.56514358520508,10.944268155474438,18.336135656852818,0.0,0,EF0,CST-6,16-MAY-17 17:56:00
695490,2017-04-27T21:00:00+00:00,31.9209,-85.5103,1923.375,10.140724182128906,299.298095703125,294.6067810058594,99459.5,39.33710479736328,10.46660338854398,13.932477246045456,0.0,0,EF0,CST-6,27-APR-17 15:18:00
702503,2017-05-19T01:00:00+00:00,32.0353,-99.1185,2454.125,117.09375762939453,299.450927734375,293.74951171875,94934.0,37.78573226928711,11.34865127753725,13.19331461632633,1.0,0,EF1,CST-6,18-MAY-17 18:41:00
702512,2017-05-19T02:00:00+00:00,31.942,-98.8591,3044.5,203.0055694580078,294.904296875,292.20654296875,95327.3125,32.02259063720703,11.7884890780871,15.086963297489483,1.0,0,EF1,CST-6,18-MAY-17 19:38:00
700769,2017-05-16T23:00:00+00:00,35.12,-99.85,3036.75,98.23439025878906,298.28662109375,292.08203125,93365.75,42.05215835571289,7.734349462517646,21.978423799209157,,0,EFU,CST-6,16-MAY-17 17:23:00
700772,2017-05-18T19:00:00+00:00,34.677,-99.594,3439.0,25.39063835144043,295.7509765625,292.821044921875,95173.0625,37.04119873046875,5.501269153486813,14.789849045965843,,0,EFU,CST-6,18-MAY-17 13:02:00
702895,2017-05-18T22:00:00+00:00,34.121,-98.929,972.75,100.90650939941406,301.6748046875,291.0009765625,95922.625,35.42412185668945,8.767003480485535,16.99181037527311,,0,EFU,CST-6,18-MAY-17 15:48:00
702901,2017-05-19T23:00:00+00:00,33.549,-98.467,3115.875,16.98439598083496,293.791259765625,292.35107421875,96639.0,36.15283966064453,9.870412482208573,20.93316205852379,,0,EFU,CST-6,19-MAY-17 17:00:00
703526,2017-05-28T01:00:00+00:00,35.6012,-96.5336,3450.375,834.6725463867188,304.052978515625,295.9658203125,97416.6875,33.51284408569336,10.289036706204245,18.85713369662583,0.0,0,EF0,CST-6,27-MAY-17 19:20:00
700775,2017-05-18T21:00:00+00:00,36.127,-99.022,784.75,74.75009155273438,294.3916015625,292.058349609375,93986.875,29.944686889648438,9.504907958221656,16.83885009924805,,0,EFU,CST-6,18-MAY-17 15:11:00
704146,2017-05-24T15:00:00+00:00,34.5984,-84.8888,1163.875,10.80911636352539,292.46240234375,290.19140625,96171.9375,29.05794906616211,8.469110264667835,17.722220089994906,0.0,0,EF0,EST-5,24-MAY-17 09:50:00
704148,2017-05-24T15:00:00+00:00,34.7295,-84.6111,895.375,5.902865886688232,291.84814453125,289.90625,94774.9375,29.80111312866211,7.660026011650736,17.428580223745072,0.0,0,EF0,EST-5,24-MAY-17 10:16:00
704153,2017-05-24T16:00:00+00:00,34.8801,-84.2944,961.5,10.812548637390137,291.19189453125,287.975830078125,93221.375,25.584449768066406,7.170167233914945,17.968840911743353,0.0,0,EF0,EST-5,24-MAY-17 10:43:00
685193,2017-03-30T00:00:00+00:00,35.5487,-93.0177,716.5,34.09379577636719,294.950439453125,291.5111083984375,96328.1875,26.795825958251953,14.186180231330761,24.61793489444566,1.0,0,EF1,CST-6,29-MAR-17 18:23:00
681934,2017-04-02T19:00:00+00:00,31.2699,-94.3315,478.75,130.36376953125,291.973876953125,291.600341796875,99651.375,35.27269744873047,8.86009330896849,23.0106770123734,1.0,0,EF1,CST-6,02-APR-17 12:56:00
680139,2017-04-03T18:00:00+00:00,31.72,-83.9,1843.25,76.25,299.604248046875,289.27490234375,99913.5625,44.55535125732422,6.67127109566113,11.943077195206394,0.0,0,EF0,EST-5,03-APR-17 13:10:00
702770,2017-05-16T23:00:00+00:00,35.02,-100.05,3152.875,62.96876525878906,298.17431640625,292.068359375,92839.75,42.20743179321289,6.30059668591694,23.23979642804678,0.0,0,EF0,CST-6,16-MAY-17 16:45:00
700776,2017-05-18T21:00:00+00:00,35.5095,-98.6749,1180.0,20.15633773803711,296.0791015625,292.811279296875,94570.875,35.45933532714844,5.738433765636511,19.338078579143712,,0,EFU,CST-6,18-MAY-17 15:20:00
700784,2017-05-18T22:00:00+00:00,36.312,-98.961,1403.5,474.4690246582031,293.224609375,291.96875,94016.625,26.730762481689453,10.967804624631166,18.169246652213577,0.0,0,EF0,CST-6,18-MAY-17 15:31:00
702470,2017-05-18T22:00:00+00:00,35.309,-98.846,1100.125,53.68776321411133,293.56640625,292.3310546875,94671.625,33.92314529418945,7.630126532883564,14.266514139845688,,0,EFU,CST-6,18-MAY-17 15:40:00
704158,2017-05-24T18:00:00+00:00,32.5133,-82.9802,348.625,6.008751392364502,295.28759765625,293.2900390625,98918.5,41.39946746826172,8.86672388655789,21.040616944412672,0.0,0,EF0,EST-5,24-MAY-17 13:05:00
704176,2017-05-25T03:00:00+00:00,32.2002,-82.3925,1037.25,12.0469388961792,292.117919921875,290.837158203125,99434.25,31.191967010498047,12.925407472363108,19.900960798263895,1.0,0,EF1,EST-5,24-MAY-17 22:09:00
683507,2017-04-02T21:00:00+00:00,31.7476,-92.1618,1385.5,27.265920639038086,295.284423828125,293.15673828125,100260.1875,47.22699737548828,18.29602400510389,22.399551079333456,2.0,1,EF2,CST-6,02-APR-17 15:18:00
674943,2017-03-01T04:00:00+00:00,41.4151,-89.2608,250.6875,3.8907148838043213,286.090576171875,284.46075439453125,97441.1875,26.41347885131836,16.694055513980143,27.94201055676929,1.0,0,EF1,CST-6,28-FEB-17 21:43:00
685930,2017-04-27T00:00:00+00:00,36.6717,-88.8166,12.5,,296.271240234375,287.24322509765625,98329.125,27.204843521118164,11.895540699475903,22.295907852052867,0.0,0,EF0,CST-6,26-APR-17 18:20:00
683296,2017-04-02T20:00:00+00:00,31.5788,-92.2513,1750.625,212.32815551757812,295.080322265625,293.316650390625,100286.1875,44.04219055175781,18.327138995814416,18.021969230698666,2.0,1,EF2,CST-6,02-APR-17 13:53:00
702772,2017-05-16T23:00:00+00:00,35.02,-100.05,3152.875,62.96876525878906,298.17431640625,292.068359375,92839.75,42.20743179321289,6.30059668591694,23.23979642804678,0.0,0,EF0,CST-6,16-MAY-17 16:50:00
698052,2017-05-23T21:00:00+00:00,35.0,-78.64,283.0,41.797122955322266,295.26513671875,293.700927734375,100243.0625,46.88401794433594,7.084222502920586,16.61947100332764,1.0,0,EF1,EST-5,23-MAY-17 15:38:00
702756,2017-05-16T22:00:00+00:00,35.16,-100.65,1990.875,58.921878814697266,298.611328125,290.485595703125,91241.5625,34.79943084716797,3.2772202744040997,18.662643364499008,0.0,0,EF0,CST-6,16-MAY-17 15:39:00
687804,2017-05-19T20:00:00+00:00,38.217,-86.493,2935.25,70.46592712402344,301.02392578125,295.7021484375,99210.0,39.47810745239258,8.59275958608351,9.952413371845049,1.0,0,EF1,EST-5,19-MAY-17 15:22:00
689563,2017-05-16T22:00:00+00:00,45.2529,-92.1619,2806.125,13.93750286102295,297.9560546875,294.722900390625,95931.5625,33.36779022216797,7.497797802936981,18.599518149895083,0.0,0,EF0,CST-6,16-MAY-17 15:42:00
728837,2017-11-06T00:00:00+00:00,40.6809,-80.5909,9.5625,173.5938720703125,291.710693359375,289.08343505859375,97036.625,30.837247848510742,15.188462641485094,21.262983380463584,1.0,0,EF1,EST-5,05-NOV-17 19:18:00
695630,2017-05-26T23:00:00+00:00,40.3299,-87.6387,646.375,47.94088363647461,294.042724609375,292.15411376953125,98307.0,39.74631118774414,7.149707361439773,22.70774947492171,1.0,0,EF1,CST-6,26-MAY-17 16:53:00
705054,2017-05-27T05:00:00+00:00,39.41,-100.51,878.25,590.6255493164062,290.2255859375,284.74072265625,91116.75,24.641136169433594,4.793499429711678,20.481826761504745,0.0,0,EF0,CST-6,26-MAY-17 22:35:00
723494,2017-11-05T22:00:00+00:00,41.1033,-82.6929,330.25,19.29730796813965,292.1658935546875,289.94586181640625,97641.4375,38.1950798034668,13.528517581400965,22.40931949122867,0.0,0,EF0,EST-5,05-NOV-17 17:02:00
702505,2017-05-19T01:00:00+00:00,32.011,-98.9605,2454.125,117.09375762939453,299.450927734375,293.74951171875,94934.0,37.78573226928711,11.34865127753725,13.19331461632633,0.0,0,EF0,CST-6,18-MAY-17 19:04:00
702508,2017-05-19T20:00:00+00:00,31.97,-99.99,1989.25,192.32530212402344,297.53564453125,292.9951171875,93916.0,32.55916213989258,2.732521781674303,7.994738430642931,,0,EFU,CST-6,19-MAY-17 14:23:00
704450,2017-05-06T00:00:00+00:00,36.9321,-76.9175,337.1875,31.328229904174805,294.237548828125,291.4136657714844,99263.8125,24.981327056884766,12.238171945719184,16.334432683140445,0.0,0,EF0,EST-5,05-MAY-17 18:55:00
704453,2017-05-05T11:00:00+00:00,37.1887,-77.6428,34.6875,4.0653886795043945,293.409423828125,292.9990234375,99472.0625,43.68643569946289,16.37616513156231,20.777300398725,1.0,0,EF1,EST-5,05-MAY-17 06:09:00
688524,2017-05-19T21:00:00+00:00,37.54,-98.42,2667.5,166.08688354492188,293.105712890625,291.591796875,94303.4375,30.64297103881836,3.123450555713806,20.129222746105107,0.0,0,EF0,CST-6,19-MAY-17 15:22:00
688525,2017-05-19T22:00:00+00:00,37.68,-98.11,343.75,3.9854257106781006,295.238525390625,291.88916015625,95158.125,30.57090187072754,1.381145780362774,20.69570804109374,0.0,0,EF0,CST-6,19-MAY-17 16:10:00
688526,2017-05-19T23:00:00+00:00,37.75,-97.94,42.875,48.56251907348633,293.295166015625,291.12841796875,95050.0,25.27979278564453,1.3749520767764634,23.74999561658639,0.0,0,EF0,CST-6,19-MAY-17 16:32:00
702775,2017-05-16T22:00:00+00:00,35.23,-100.49,1990.875,58.921878814697266,298.611328125,290.485595703125,91241.5625,34.79943084716797,3.2772202744040997,18.662643364499008,0.0,0,EF0,CST-6,16-MAY-17 15:53:00
701399,2017-05-05T02:00:00+00:00,34.2296,-80.0709,324.125,2.7501378059387207,294.498046875,292.5870666503906,100082.5625,45.8054084777832,15.237286713681764,21.147767887447657,1.0,0,EF1,EST-5,04-MAY-17 20:37:00
688274,2017-05-17T01:00:00+00:00,45.4706,-89.3634,1242.3125,57.781341552734375,296.770263671875,289.778076171875,94655.4375,35.81761932373047,10.510811618719046,21.389087903699476,0.0,0,EF0,CST-6,16-MAY-17 19:12:00
687807,2017-05-20T23:00:00+00:00,38.789,-85.426,1334.125,119.00003814697266,297.71142578125,292.891845703125,98726.0,44.3707160949707,5.1934706898506455,14.835593094632225,1.0,0,EF1,EST-5,20-MAY-17 18:10:00
689564,2017-05-16T22:00:00+00:00,45.2551,-92.1562,2806.125,13.93750286102295,297.9560546875,294.722900390625,95931.5625,33.36779022216797,7.497797802936981,18.599518149895083,2.0,1,EF2,CST-6,16-MAY-17 15:44:00
705055,2017-05-27T05:00:00+00:00,39.43,-100.44,878.25,590.6255493164062,290.2255859375,284.74072265625,91116.75,24.641136169433594,4.793499429711678,20.481826761504745,0.0,0,EF0,CST-6,26-MAY-17 22:45:00
702510,2017-05-20T00:00:00+00:00,31.5601,-99.2855,2650.0,207.6251678466797,300.710693359375,292.691650390625,94950.0,41.240299224853516,7.137548221324661,12.747252444478729,,0,EFU,CST-6,19-MAY-17 18:27:00
688527,2017-05-19T23:00:00+00:00,37.6839,-97.8442,289.375,22.45314598083496,292.648681640625,291.01806640625,95362.0,28.32959747314453,3.506597905385073,21.954372715045064,0.0,0,EF0,CST-6,19-MAY-17 16:37:00
688530,2017-05-20T01:00:00+00:00,38.4,-96.58,687.25,65.0937728881836,290.811279296875,290.0966796875,95896.5,32.993770599365234,10.051138194498176,18.88129111969208,0.0,0,EF0,CST-6,19-MAY-17 18:48:00
701962,2017-05-05T09:00:00+00:00,36.365,-78.559,679.0625,0.35198235511779785,292.83056640625,292.220947265625,98657.0,44.80820846557617,17.932838035971514,20.974644469925874,1.0,0,EF1,EST-5,05-MAY-17 04:21:00
701400,2017-05-05T02:00:00+00:00,34.357,-80.0505,309.0625,1.2813879251480103,294.130859375,292.2511291503906,99912.5625,44.9284553527832,14.615000953908558,22.244617189784282,1.0,0,EF1,EST-5,04-MAY-17 21:07:00
729261,2017-12-04T23:00:00+00:00,40.4014,-91.5,618.5,0.5126959681510925,289.8828125,287.478759765625,97765.3125,25.839702606201172,17.765007066970686,22.626650726540024,1.0,0,EF1,CST-6,04-DEC-17 17:26:00
692213,2017-05-11T01:00:00+00:00,39.9516,-88.8247,400.125,508.5001220703125,296.375732421875,289.498291015625,98554.4375,42.420310974121094,13.298061956178788,17.93008848915946,0.0,0,EF0,CST-6,10-MAY-17 18:49:00
705200,2017-05-30T20:00:00+00:00,29.47,-90.2335,946.5,17.090198516845703,297.668701171875,294.759033203125,101816.5625,49.72606658935547,4.8083532628224575,12.907252716993431,,0,EFU,CST-6,30-MAY-17 13:36:00
685204,2017-03-25T04:00:00+00:00,34.9262,-92.2479,397.5625,3.876840114593506,293.3896484375,287.432861328125,99883.9375,36.253868103027344,18.234400411206376,22.172314093137558,2.0,1,EF2,CST-6,24-MAR-17 22:20:00
670337,2017-01-03T04:00:00+00:00,31.6417,-84.0093,215.75,243.78128051757812,291.34735107421875,290.4755859375,100686.5,41.325279235839844,13.209707612560543,22.475415257163363,1.0,0,EF1,EST-5,02-JAN-17 22:32:00
670339,2017-01-03T02:00:00+00:00,31.2767,-85.0086,154.4375,88.48460388183594,292.2835693359375,291.2633056640625,100609.375,42.78904342651367,18.02917773666103,21.398577619481742,2.0,1,EF2,EST-5,02-JAN-17 21:12:00
683301,2017-04-02T21:00:00+00:00,31.5115,-92.2521,1385.5,27.265920639038086,295.284423828125,293.15673828125,100260.1875,47.22699737548828,18.29602400510389,22.399551079333456,2.0,1,EF2,CST-6,02-APR-17 14:52:00
703531,2017-05-28T02:00:00+00:00,35.5657,-96.4238,3546.125,578.937744140625,303.280029296875,296.5227966308594,97524.4375,36.39835739135742,7.0089502520283355,17.502259470444105,,0,EFU,CST-6,27-MAY-17 19:55:00
670345,2017-01-03T02:00:00+00:00,31.1818,-85.37,104.5625,67.67210388183594,292.4710693359375,291.4898681640625,100805.375,40.92576217651367,19.287168968453347,20.879535138131605,1.0,0,EF1,CST-6,02-JAN-17 19:46:00
673007,2017-01-22T19:00:00+00:00,31.3377,-85.2515,595.6875,2.396258592605591,293.51220703125,292.8887939453125,97938.375,33.74024200439453,19.68276613560114,37.98932693625043,1.0,0,EF1,CST-6,22-JAN-17 13:02:00
688491,2017-05-17T01:00:00+00:00,38.2613,-98.987,978.0,157.14071655273438,292.698974609375,291.129638671875,92858.4375,28.81957244873047,8.539519825584392,11.896039178138441,3.0,1,EF3,CST-6,16-MAY-17 19:14:00
688520,2017-05-18T22:00:00+00:00,38.35,-98.82,49.375,14.687763214111328,290.8564453125,290.28515625,93891.625,26.484668731689453,4.2158164816858985,18.524410831667964,0.0,0,EF0,CST-6,18-MAY-17 15:30:00
688521,2017-05-18T22:00:00+00:00,38.39,-98.85,49.375,14.687763214111328,290.8564453125,290.28515625,93891.625,26.484668731689453,4.2158164816858985,18.524410831667964,0.0,0,EF0,CST-6,18-MAY-17 16:23:00
688522,2017-05-18T23:00:00+00:00,38.38,-98.83,217.75,25.875139236450195,290.009765625,289.72119140625,93868.0,31.30926513671875,5.980480467613666,18.886234327088985,0.0,0,EF0,CST-6,18-MAY-17 16:49:00
682162,2017-04-15T22:00:00+00:00,40.7086,-96.1268,2102.125,172.57821655273438,300.669921875,288.7544860839844,96542.75,27.094623565673828,7.589983575384961,12.985242492136754,0.0,0,EF0,CST-6,15-APR-17 15:58:00
679149,2017-04-05T23:00:00+00:00,39.9358,-83.9143,157.375,515.3282470703125,291.52734375,285.8829040527344,96190.5,26.485610961914062,14.526405606428712,19.49114205355019,0.0,0,EF0,EST-5,05-APR-17 17:58:00
723484,2017-11-05T22:00:00+00:00,40.7853,-82.3035,125.5,110.40668487548828,292.7957763671875,290.20465087890625,96906.4375,34.8083610534668,15.019534034060477,25.847997450971274,1.0,0,EF1,EST-5,05-NOV-17 17:29:00
729255,2017-12-04T23:00:00+00:00,40.3779,-91.6274,618.5,0.5126959681510925,289.8828125,287.478759765625,97765.3125,25.839702606201172,17.765007066970686,22.626650726540024,2.0,1,EF2,CST-6,04-DEC-17 17:13:00
704449,2017-05-05T11:00:00+00:00,36.9747,-77.776,36.9375,10.659138679504395,293.140869140625,292.8154296875,99176.0625,42.70303726196289,15.87112547381505,21.1827974214893,1.0,0,EF1,EST-5,05-MAY-17 05:51:00
688535,2017-05-19T22:00:00+00:00,37.4666,-98.2811,157.75,34.59479904174805,294.941650390625,291.48583984375,95022.125,27.52793312072754,4.144591473037838,24.03148702372694,0.0,0,EF0,CST-6,19-MAY-17 15:53:00
670343,2017-01-03T03:00:00+00:00,31.369,-84.7196,160.9375,152.0625,291.87310791015625,291.08990478515625,100745.625,41.49535369873047,17.348029982437275,21.992977399264333,2.0,1,EF2,EST-5,02-JAN-17 21:34:00
678847,2017-03-01T05:00:00+00:00,36.5021,-88.5311,1630.125,124.49867248535156,294.19866943359375,291.51544189453125,99168.625,36.56694793701172,22.27284823073804,25.416083597074856,0.0,0,EF0,CST-6,28-FEB-17 22:35:00
678853,2017-03-01T05:00:00+00:00,36.5494,-88.4877,1856.625,109.77992248535156,294.15667724609375,291.39923095703125,99070.625,37.08647918701172,21.99968191688144,25.226856480343574,0.0,0,EF0,CST-6,28-FEB-17 22:42:00
678868,2017-03-01T05:00:00+00:00,36.7365,-87.8813,1282.1875,168.92054748535156,293.37249755859375,290.78790283203125,98916.625,36.00835418701172,22.7557094630617,27.164416952732353,1.0,0,EF1,CST-6,28-FEB-17 23:28:00
682568,2017-03-01T01:00:00+00:00,35.22,-91.68,1624.125,53.26564407348633,294.872314453125,291.6106872558594,99783.1875,35.605552673339844,18.409943497945868,22.295580206383264,2.0,1,EF2,CST-6,28-FEB-17 19:07:00
702509,2017-05-18T00:00:00+00:00,43.3512,-91.9043,704.625,35.3281364440918,293.14501953125,288.69024658203125,95338.9375,34.274539947509766,10.480968701558607,21.43250053747444,0.0,0,EF0,CST-6,17-MAY-17 17:50:00
697746,2017-05-17T21:00:00+00:00,44.1631,-92.1789,864.375,60.53130340576172,294.7861328125,292.3702392578125,95797.625,31.10453987121582,10.734832717793061,16.607639512693673,0.0,0,EF0,CST-6,17-MAY-17 15:29:00
688523,2017-05-19T00:00:00+00:00,38.8,-97.67,989.125,48.29689407348633,289.17138671875,288.874267578125,95868.6875,35.32553482055664,6.485858478056154,19.935299073326426,0.0,0,EF0,CST-6,18-MAY-17 17:31:00
679159,2017-02-07T15:00:00+00:00,36.279,-87.5748,384.0625,38.21876525878906,288.1836853027344,285.9097900390625,98418.125,31.999942779541016,18.788508710679704,23.268446018891304,0.0,0,EF0,CST-6,07-FEB-17 09:16:00
682567,2017-03-01T01:00:00+00:00,35.19,-91.73,1624.125,53.26564407348633,294.872314453125,291.6106872558594,99783.1875,35.605552673339844,18.409943497945868,22.295580206383264,1.0,0,EF1,CST-6,28-FEB-17 19:03:00
679654,2017-02-15T17:00:00+00:00,33.9429,-79.0012,121.0,,289.641845703125,287.3952941894531,99833.5,35.81311798095703,14.665375307094854,25.05202883527422,1.0,0,EF1,EST-5,15-FEB-17 11:30:00
677001,2017-02-07T21:00:00+00:00,31.3141,-86.4634,1162.6875,6.843790054321289,292.88641357421875,291.11297607421875,99912.4375,36.2851676940918,13.582520842763316,15.356438719919534,0.0,0,EF0,CST-6,07-FEB-17 15:23:00
679663,2017-03-01T01:00:00+00:00,37.4409,-90.9138,1832.5,66.09376525878906,293.808837890625,289.4270935058594,97070.1875,30.878992080688477,16.151256188277653,26.257560143543948,1.0,0,EF1,CST-6,28-FEB-17 18:40:00
723485,2017-11-05T22:00:00+00:00,41.0285,-82.3162,201.5,62.562931060791016,292.3358154296875,290.10699462890625,97423.4375,36.9265251159668,15.138421039340365,24.09484601661486,0.0,0,EF0,EST-5,05-NOV-17 17:23:00
674503,2017-01-02T16:00:00+00:00,30.5732,-93.5343,2392.75,55.79695129394531,290.9930419921875,289.34857177734375,100585.0,47.227294921875,12.204090390973976,24.508242882254752,1.0,0,EF1,CST-6,02-JAN-17 10:06:00
674510,2017-01-02T16:00:00+00:00,30.5618,-93.4362,2392.75,55.79695129394531,290.9930419921875,289.34857177734375,100585.0,47.227294921875,12.204090390973976,24.508242882254752,1.0,0,EF1,CST-6,02-JAN-17 10:17:00
674504,2017-01-02T17:00:00+00:00,30.4543,-93.2502,1631.3125,5.836430549621582,291.9320983886719,291.1175842285156,100867.1875,47.42272186279297,13.36130876147897,22.506515293631505,1.0,0,EF1,CST-6,02-JAN-17 10:30:00
676499,2017-01-22T03:00:00+00:00,32.8212,-91.7873,246.0,79.421875,291.139892578125,290.50408935546875,99375.1875,28.909561157226562,14.29538250339391,19.13798730487086,1.0,0,EF1,CST-6,21-JAN-17 21:04:00
675575,2017-01-02T19:00:00+00:00,31.6671,-90.9352,1323.1875,15.968806266784668,295.051025390625,292.0838317871094,99940.9375,46.14711380004883,10.588142442781361,12.959780336490272,0.0,0,EF0,CST-6,02-JAN-17 13:02:00
681491,2017-02-14T14:00:00+00:00,29.334,-96.09,129.375,1.7597160339355469,291.513427734375,290.6490173339844,100461.4375,44.69251251220703,10.017419948009831,18.088095167095684,0.0,0,EF0,CST-6,14-FEB-17 07:40:00
681498,2017-02-14T14:00:00+00:00,29.541,-95.7149,110.6875,25.337841033935547,291.372802734375,290.2046813964844,100441.4375,43.48157501220703,13.882391331313269,22.375270382422254,2.0,1,EF2,CST-6,14-FEB-17 08:21:00
681492,2017-02-14T14:00:00+00:00,29.0227,-95.8997,185.0625,28.337841033935547,292.603271484375,291.2378845214844,100588.4375,44.23059844970703,15.845123973202906,18.412967014225387,1.0,0,EF1,CST-6,14-FEB-17 08:15:00
676484,2017-01-02T21:00:00+00:00,31.859,-89.3335,1195.9375,30.093793869018555,292.40234375,291.0712890625,99751.375,43.0740966796875,19.135777279028147,16.296061414102272,0.0,0,EF0,CST-6,02-JAN-17 14:43:00
679681,2017-03-01T01:00:00+00:00,37.5777,-90.4997,2030.8125,78.10939025878906,293.331298828125,289.4700622558594,97213.1875,33.075279235839844,14.409016106695411,27.312702221755124,0.0,0,EF0,CST-6,28-FEB-17 19:16:00
679706,2017-03-01T02:00:00+00:00,37.8222,-89.7124,2287.6875,46.504634857177734,294.2018127441406,290.67755126953125,98775.875,33.7558479309082,17.759991026889352,25.74274806652539,2.0,1,EF2,CST-6,28-FEB-17 20:12:00
674511,2017-01-02T17:00:00+00:00,30.5567,-93.3157,1688.5625,19.4614315032959,291.3764343261719,290.4359436035156,100650.1875,46.74889373779297,12.37361174219748,22.00179876925179,1.0,0,EF1,CST-6,02-JAN-17 10:30:00
674512,2017-01-02T17:00:00+00:00,31.3704,-92.5896,1883.5625,106.07080841064453,293.7504577636719,291.5980529785156,100546.1875,46.63951873779297,9.347439067996543,20.1771174181436,1.0,0,EF1,CST-6,02-JAN-17 11:06:00
674505,2017-01-02T18:00:00+00:00,30.6231,-92.4694,1437.4375,43.601200103759766,292.53533935546875,291.38116455078125,100769.25,47.839534759521484,12.234938146681902,20.62333296726599,0.0,0,EF0,CST-6,02-JAN-17 11:30:00
674506,2017-01-02T18:00:00+00:00,31.0325,-92.3705,1831.9375,32.335575103759766,293.50799560546875,291.72979736328125,100669.25,49.058284759521484,8.116416962561244,20.641255170971565,1.0,0,EF1,CST-6,02-JAN-17 11:31:00
675580,2017-01-02T19:00:00+00:00,31.8337,-90.8228,1286.375,21.82818031311035,294.523681640625,292.0887145996094,99931.9375,44.21742630004883,10.486737333401141,9.760328771060975,1.0,0,EF1,CST-6,02-JAN-17 13:14:00
675781,2017-01-02T19:00:00+00:00,31.6904,-90.5888,1056.6875,54.875057220458984,294.287353515625,292.0125427246094,99577.9375,42.19203567504883,12.922572765640234,11.121168177523732,1.0,0,EF1,CST-6,02-JAN-17 13:21:00
675784,2017-01-02T19:00:00+00:00,31.6983,-90.5707,1056.6875,54.875057220458984,294.287353515625,292.0125427246094,99577.9375,42.19203567504883,12.922572765640234,11.121168177523732,1.0,0,EF1,CST-6,02-JAN-17 13:22:00
682598,2017-03-01T03:00:00+00:00,41.9176,-85.4913,384.625,49.246238708496094,288.3708801269531,286.65301513671875,97045.0,29.10394287109375,18.42726511632732,25.021435168562753,1.0,0,EF1,EST-5,28-FEB-17 21:38:00
681506,2017-02-14T14:00:00+00:00,29.5414,-95.7016,110.6875,25.337841033935547,291.372802734375,290.2046813964844,100441.4375,43.48157501220703,13.882391331313269,22.375270382422254,0.0,0,EF0,CST-6,14-FEB-17 08:27:00
681495,2017-02-14T15:00:00+00:00,29.6335,-95.5668,54.25,13.954352378845215,290.92333984375,288.84967041015625,100620.5625,42.27772903442383,6.223995505329031,17.359403252922455,0.0,0,EF0,CST-6,14-FEB-17 08:34:00
681496,2017-02-14T15:00:00+00:00,29.592,-95.5819,54.25,13.954352378845215,290.92333984375,288.84967041015625,100620.5625,42.27772903442383,6.223995505329031,17.359403252922455,0.0,0,EF0,CST-6,14-FEB-17 08:38:00
681494,2017-02-14T15:00:00+00:00,29.0364,-95.746,115.5625,0.5637273788452148,291.80615234375,289.69439697265625,100733.5625,41.72108840942383,7.085194287785322,16.967690409143444,0.0,0,EF0,CST-6,14-FEB-17 08:40:00
699981,2017-05-18T01:00:00+00:00,44.1286,-92.2541,478.125,119.73467254638672,291.630615234375,287.55316162109375,95640.3125,31.495952606201172,8.502304158228617,20.227750755208916,0.0,0,EF0,CST-6,17-MAY-17 18:35:00
674507,2017-01-02T18:00:00+00:00,30.9446,-92.1952,1628.75,26.757448196411133,293.63201904296875,291.81182861328125,100733.25,48.670589447021484,8.841240040012806,20.81255074098129,1.0,0,EF1,CST-6,02-JAN-17 11:44:00
674508,2017-01-02T18:00:00+00:00,31.0602,-92.1408,1870.25,22.866823196411133,294.30682373046875,291.95733642578125,100761.25,49.089534759521484,7.500735601038013,20.27547610920825,1.0,0,EF1,CST-6,02-JAN-17 11:47:00
691669,2017-04-26T05:00:00+00:00,36.3725,-95.3729,1094.3125,15.140626907348633,290.94189453125,290.202880859375,97096.5,38.44280242919922,14.906460962433941,22.587712760484898,1.0,0,EF1,CST-6,25-APR-17 22:33:00
691670,2017-04-26T05:00:00+00:00,36.4,-95.3887,1094.3125,15.140626907348633,290.94189453125,290.202880859375,97096.5,38.44280242919922,14.906460962433941,22.587712760484898,1.0,0,EF1,CST-6,25-APR-17 22:34:00
691671,2017-04-26T05:00:00+00:00,36.379,-95.2087,1094.3125,15.140626907348633,290.94189453125,290.202880859375,97096.5,38.44280242919922,14.906460962433941,22.587712760484898,1.0,0,EF1,CST-6,25-APR-17 22:46:00
680260,2017-04-10T02:00:00+00:00,40.51,-96.76,488.4375,550.3283081054688,290.12060546875,286.0809326171875,95445.75,18.082988739013672,6.117132061830509,20.406199667872144,0.0,0,EF0,CST-6,09-APR-17 19:51:00
682437,2017-03-01T04:00:00+00:00,39.8845,-90.6636,1276.625,2.2657148838043213,289.041748046875,286.48712158203125,97813.1875,27.50918197631836,16.318663569322716,26.657388360070875,1.0,0,EF1,CST-6,28-FEB-17 21:33:00
677489,2017-03-01T02:00:00+00:00,37.8371,-89.6619,2287.6875,46.504634857177734,294.2018127441406,290.67755126953125,98775.875,33.7558479309082,17.759991026889352,25.74274806652539,3.0,1,EF3,CST-6,28-FEB-17 20:18:00
691110,2017-04-26T07:00:00+00:00,36.5048,-93.584,729.25,45.81269836425781,293.011962890625,288.611083984375,95345.125,35.742706298828125,9.075649581103846,16.273225196848,0.0,0,EF0,CST-6,26-APR-17 00:35:00
674509,2017-01-02T18:00:00+00:00,31.0967,-92.0663,1870.25,22.866823196411133,294.30682373046875,291.95733642578125,100761.25,49.089534759521484,7.500735601038013,20.27547610920825,1.0,0,EF1,CST-6,02-JAN-17 11:51:00
674522,2017-01-02T15:00:00+00:00,31.0707,-94.021,2732.1875,63.328182220458984,289.57720947265625,288.3238220214844,100054.8125,43.239803314208984,15.923704923323818,23.94322638274223,1.0,0,EF1,CST-6,02-JAN-17 09:03:00
676490,2017-01-19T14:00:00+00:00,31.8672,-89.669,166.25,7.68767786026001,292.04644775390625,291.49456787109375,99899.1875,42.8474235534668,12.068348281563953,13.512627476938087,2.0,1,EF2,CST-6,19-JAN-17 07:53:00
682597,2017-03-01T02:00:00+00:00,41.8782,-85.9497,512.3125,46.129634857177734,287.8219299316406,286.51251220703125,97317.875,29.130847930908203,17.47702136680965,26.79568863810284,1.0,0,EF1,EST-5,28-FEB-17 21:12:00
674577,2017-02-08T02:00:00+00:00,36.8842,-87.9365,173.5625,36.65626525878906,288.9425048828125,287.2401428222656,98739.0625,18.73468780517578,8.416509597701998,16.734906697657696,0.0,0,EF0,CST-6,07-FEB-17 19:40:00
691672,2017-04-26T06:00:00+00:00,36.4378,-93.8236,842.125,181.2086944580078,293.786376953125,289.0966796875,95219.25,36.2088508605957,10.158924931128466,14.52717317786787,1.0,0,EF1,CST-6,26-APR-17 00:22:00
691675,2017-04-29T21:00:00+00:00,35.4394,-94.7782,1936.25,267.9376220703125,293.687255859375,292.5582580566406,97975.25,39.18647003173828,15.49937236458932,18.37973255027587,1.0,0,EF1,CST-6,29-APR-17 15:17:00
691673,2017-04-29T04:00:00+00:00,35.1017,-94.5783,1880.75,147.6564483642578,295.211181640625,293.8012390136719,98342.8125,42.195255279541016,13.882734831891877,24.306214648330855,2.0,1,EF2,CST-6,28-APR-17 21:36:00
692940,2017-04-16T00:00:00+00:00,40.5535,-95.3809,1019.0,28.56268882751465,295.47216796875,289.7893371582031,97107.1875,31.042156219482422,8.467408996726387,18.895959259036292,0.0,0,EF0,CST-6,15-APR-17 18:25:00
688492,2017-05-17T02:00:00+00:00,38.65,-98.76,700.625,231.40625,293.38525390625,290.71044921875,93258.75,25.29022216796875,12.001073220942203,13.408767238774853,0.0,0,EF0,CST-6,16-MAY-17 19:48:00
670347,2017-01-03T02:00:00+00:00,31.1292,-85.4856,128.5625,56.71897888183594,292.2357177734375,291.2340087890625,100726.375,41.09861373901367,17.7657786507072,20.973145692805183,2.0,1,EF2,CST-6,02-JAN-17 19:37:00
677492,2017-03-01T03:00:00+00:00,37.9392,-89.1503,1948.125,8.543113708496094,291.8992004394531,289.65203857421875,99031.0,31.59124755859375,18.68560534307911,25.325648408312972,3.0,1,EF3,CST-6,28-FEB-17 20:50:00
677521,2017-03-01T05:00:00+00:00,37.7385,-89.0626,1582.0,24.670551300048828,292.10394287109375,289.61212158203125,98760.625,32.72808074951172,20.943114697190524,26.392726994201215,1.0,0,EF1,CST-6,28-FEB-17 22:44:00
674523,2017-01-02T16:00:00+00:00,30.5821,-93.758,1969.1875,10.781327247619629,290.5047607421875,288.96282958984375,100563.0,47.161865234375,12.569109093912841,24.556539794734107,1.0,0,EF1,CST-6,02-JAN-17 09:44:00
674590,2017-01-18T20:00:00+00:00,30.9883,-93.6172,931.96875,5.096569061279297,293.73291015625,292.29742431640625,100751.3125,40.5460319519043,11.520408133929088,14.043492922851836,1.0,0,EF1,CST-6,18-JAN-17 13:40:00
675734,2017-03-01T13:00:00+00:00,36.906,-86.273,292.5625,95.61114501953125,290.84234619140625,287.0345458984375,98465.9375,34.603050231933594,12.818207578043504,27.965490271268568,1.0,0,EF1,CST-6,01-MAR-17 07:24:00
724038,2017-12-05T00:00:00+00:00,38.0386,-92.4879,802.6875,1.5049750804901123,290.197265625,288.9761962890625,97377.8125,32.05521774291992,15.848580386030193,21.30100957859139,1.0,0,EF1,CST-6,04-DEC-17 18:18:00
676491,2017-01-19T14:00:00+00:00,31.8904,-89.6546,166.25,7.68767786026001,292.04644775390625,291.49456787109375,99899.1875,42.8474235534668,12.068348281563953,13.512627476938087,1.0,0,EF1,CST-6,19-JAN-17 07:57:00
676495,2017-01-21T10:00:00+00:00,31.1855,-89.4799,86.0625,10.765707969665527,291.9041442871094,290.99871826171875,99389.2265625,39.250274658203125,8.769439276504617,23.104834363108644,2.0,1,EF2,CST-6,21-JAN-17 03:35:00
723793,2017-11-05T23:00:00+00:00,40.7822,-81.9204,131.4375,143.4845428466797,292.13104248046875,288.8300476074219,97015.5,34.87019348144531,14.91321041677744,21.839111302908755,1.0,0,EF1,EST-5,05-NOV-17 17:52:00
677523,2017-03-01T04:00:00+00:00,38.137,-88.1148,1656.5625,9.562589645385742,290.923583984375,288.77227783203125,99201.1875,33.40273666381836,16.439385356558997,26.144310512115275,3.0,1,EF3,CST-6,28-FEB-17 21:55:00
676486,2017-01-02T21:00:00+00:00,31.119,-89.4591,1449.9375,29.656293869018555,294.015625,291.853515625,100103.375,45.6385498046875,19.401433193675683,18.414150062866568,1.0,0,EF1,CST-6,02-JAN-17 14:52:00
691785,2017-04-27T23:00:00+00:00,39.3644,-101.9996,5.75,15.796899795532227,284.39306640625,280.42138671875,86571.0625,14.457819938659668,0.15529412739134169,3.7704317504378286,0.0,0,EF0,MST-7,27-APR-17 16:21:00
676496,2017-01-21T10:00:00+00:00,31.2738,-89.3478,88.1875,5.3282084465026855,291.8367614746094,290.95184326171875,99509.2265625,38.780548095703125,8.257490370769464,20.165882067488937,3.0,1,EF3,CST-6,21-JAN-17 03:47:00
695122,2017-04-21T00:00:00+00:00,39.2457,-85.4206,613.25,45.2343864440918,295.117431640625,290.87286376953125,98247.3125,34.852176666259766,11.500729564107479,13.473311249395133,1.0,0,EF1,EST-5,20-APR-17 18:35:00
677881,2017-03-01T04:00:00+00:00,38.1797,-87.9474,1656.5625,9.562589645385742,290.923583984375,288.77227783203125,99201.1875,33.40273666381836,16.439385356558997,26.144310512115275,2.0,1,EF2,CST-6,28-FEB-17 22:08:00
677883,2017-03-01T04:00:00+00:00,38.2041,-87.7997,1623.25,30.796964645385742,291.199951171875,288.94610595703125,99172.1875,33.36172103881836,16.2447240291928,26.071275209661163,3.0,1,EF3,CST-6,28-FEB-17 22:16:00
679321,2017-02-09T09:00:00+00:00,32.34,-81.56,470.6875,1.8751273155212402,293.28857421875,291.1192321777344,100217.8125,31.58623504638672,18.956194275464785,26.40957498963401,2.0,1,EF2,EST-5,09-FEB-17 03:51:00
679323,2017-02-09T09:00:00+00:00,32.3232,-81.4679,470.6875,1.8751273155212402,293.28857421875,291.1192321777344,100217.8125,31.58623504638672,18.956194275464785,26.40957498963401,1.0,0,EF1,EST-5,09-FEB-17 03:58:00
676497,2017-01-22T05:00:00+00:00,32.4914,-88.602,983.9375,0.718928873538971,290.785400390625,289.88238525390625,98521.9375,28.50282859802246,17.85050983357325,21.436469222149256,2.0,1,EF2,CST-6,21-JAN-17 22:44:00
727452,2017-11-05T23:00:00+00:00,42.085,-80.1396,566.5,85.65641784667969,289.22186279296875,288.0761413574219,97578.5,36.14460754394531,15.040038819551917,23.80751934620497,0.0,0,EF0,EST-5,05-NOV-17 18:07:00
675297,2017-02-07T16:00:00+00:00,30.3128,-90.5857,705.9375,0.5468785166740417,292.43658447265625,291.7135009765625,101121.375,37.27498245239258,15.95661790902458,22.075755941491078,2.0,1,EF2,CST-6,07-FEB-17 10:20:00
724776,2017-11-05T22:00:00+00:00,41.1857,-82.6389,229.0,37.594181060791016,292.2801513671875,289.97125244140625,97479.4375,37.7458610534668,14.52332182964499,22.777238647404676,1.0,0,EF1,EST-5,05-NOV-17 17:08:00
675180,2017-02-07T22:00:00+00:00,32.4393,-89.5248,3055.5625,194.01580810546875,292.9876708984375,290.4200439453125,98844.6875,22.5405216217041,10.58554489086125,15.668091431685498,2.0,1,EF2,CST-6,07-FEB-17 16:07:00
675181,2017-02-07T23:00:00+00:00,32.1479,-89.1177,1816.8125,184.48617553710938,292.216064453125,290.1319274902344,99181.125,23.895828247070312,12.905743991505886,20.597976188038313,1.0,0,EF1,CST-6,07-FEB-17 17:23:00
675302,2017-02-07T17:00:00+00:00,30.3365,-90.4702,776.5,1.3438084125518799,292.294189453125,291.3663635253906,101034.1875,36.21824264526367,17.387506279009973,23.18447271398978,2.0,1,EF2,CST-6,07-FEB-17 10:32:00
675309,2017-02-07T17:00:00+00:00,30.3871,-90.2435,610.25,1.0781834125518799,291.841064453125,291.1046447753906,101062.1875,37.07175827026367,15.648822783736454,22.898156214969312,2.0,1,EF2,CST-6,07-FEB-17 10:52:00
675317,2017-02-07T17:00:00+00:00,29.9611,-90.1782,329.5,0.25005847215652466,293.477783203125,292.2403869628906,101232.1875,36.95261764526367,15.322179151485859,21.029070445732234,0.0,0,EF0,CST-6,07-FEB-17 10:51:00
675335,2017-02-07T17:00:00+00:00,30.0975,-91.005,1097.3125,23.734434127807617,293.361572265625,291.8731994628906,101027.1875,33.85984420776367,20.293890513951272,20.790143112663447,1.0,0,EF1,CST-6,07-FEB-17 11:04:00
691733,2017-04-17T01:00:00+00:00,36.28,-98.94,2222.75,36.703189849853516,290.162109375,289.08258056640625,95180.1875,26.256052017211914,1.1120814986434304,11.78383252728447,,0,EFU,CST-6,16-APR-17 18:42:00
674706,2017-03-01T05:00:00+00:00,37.6503,-94.9603,1047.0,22.733051300048828,289.13128662109375,286.68341064453125,96893.625,23.86577796936035,7.6055532483525194,30.299126297346238,0.0,0,EF0,CST-6,28-FEB-17 22:37:00
674701,2017-03-01T05:00:00+00:00,37.63,-94.82,1096.75,8.467426300048828,290.07171630859375,287.33184814453125,96995.625,24.39214515686035,10.38679196272252,29.78088571453026,0.0,0,EF0,CST-6,28-FEB-17 22:43:00
674531,2017-02-20T05:00:00+00:00,29.5016,-98.3601,865.6875,8.218781471252441,293.055908203125,292.450439453125,98861.625,44.65666961669922,11.202019889796333,13.86208416825258,0.0,0,EF0,CST-6,19-FEB-17 22:42:00
673685,2017-01-21T17:00:00+00:00,32.4111,-84.009,504.6875,15.109415054321289,292.710693359375,290.49072265625,99084.078125,40.069732666015625,16.121438789792215,26.14336579361639,1.0,0,EF1,EST-5,21-JAN-17 11:59:00
675732,2017-03-01T13:00:00+00:00,36.659,-86.835,411.0625,63.923641204833984,291.18511962890625,287.6595458984375,98448.9375,35.332542419433594,16.24624923929962,23.067995009992867,1.0,0,EF1,CST-6,01-MAR-17 06:57:00
727450,2017-11-05T19:00:00+00:00,41.3723,-82.877,1354.125,0.48440709710121155,291.20635986328125,290.1311950683594,98357.8125,34.850257873535156,14.150116961653158,19.97279407277055,1.0,0,EF1,EST-5,05-NOV-17 14:18:00
675328,2017-02-07T17:00:00+00:00,30.0105,-90.0,441.25,0.32818347215652466,291.802978515625,290.9054260253906,101208.1875,36.92429733276367,15.357317513933095,20.77414922351315,3.0,1,EF3,CST-6,07-FEB-17 11:12:00
675337,2017-02-07T17:00:00+00:00,30.1024,-90.9231,1097.3125,23.734434127807617,293.361572265625,291.8731994628906,101027.1875,33.85984420776367,20.293890513951272,20.790143112663447,1.0,0,EF1,CST-6,07-FEB-17 11:14:00
675355,2017-02-07T18:00:00+00:00,30.6331,-90.62,1351.25,39.78125,293.18603515625,291.9083251953125,100594.625,31.986989974975586,19.47093601410814,23.456011066681874,1.0,0,EF1,CST-6,07-FEB-17 12:20:00
682595,2017-03-01T02:00:00+00:00,41.831,-86.2407,597.0625,33.629634857177734,287.7545471191406,286.44512939453125,97482.875,29.813465118408203,17.924017379810138,27.53913567855289,1.0,0,EF1,EST-5,28-FEB-17 20:54:00
682610,2017-02-15T17:00:00+00:00,34.006,-78.6088,164.875,,289.253173828125,286.8357238769531,99880.5,35.66077423095703,16.86587059020998,27.09262775279797,1.0,0,EF1,EST-5,15-FEB-17 11:53:00
674529,2017-02-20T05:00:00+00:00,29.4907,-98.4991,907.25,17.515657424926758,292.442626953125,292.157470703125,98451.625,44.93010711669922,7.614159703330952,10.951238130575165,2.0,1,EF2,CST-6,19-FEB-17 22:36:00
674530,2017-02-20T05:00:00+00:00,29.5551,-98.4117,969.75,7.6562819480896,291.831298828125,291.725830078125,97491.625,43.14397430419922,7.04870320067211,10.095177274019186,1.0,0,EF1,CST-6,19-FEB-17 22:43:00
674532,2017-02-20T05:00:00+00:00,29.6714,-98.265,887.0625,9.281281471252441,292.591064453125,292.135986328125,98080.625,42.70452117919922,10.153123275293503,14.57180055015977,0.0,0,EF0,CST-6,19-FEB-17 23:00:00
675354,2017-02-07T18:00:00+00:00,30.621,-90.903,1910.5625,93.1875,295.49267578125,292.8946533203125,100567.625,29.964529037475586,19.362011826832223,21.304731823171416,3.0,1,EF3,CST-6,07-FEB-17 11:50:00
688737,2017-04-03T09:00:00+00:00,30.44,-90.21,1681.9375,0.9687509536743164,295.156494140625,294.300537109375,100453.9375,45.17878341674805,16.874616065512715,18.23645933734653,1.0,0,EF1,CST-6,03-APR-17 03:03:00
674534,2017-02-20T05:00:00+00:00,29.9156,-98.048,857.0,36.203155517578125,293.354736328125,292.405517578125,98193.625,40.68889617919922,9.87950845759465,17.129315556681515,1.0,0,EF1,CST-6,19-FEB-17 23:26:00
674533,2017-02-20T05:00:00+00:00,29.4605,-97.9487,843.125,18.453157424926758,293.765869140625,292.724853515625,99268.625,43.41838836669922,12.655196308379297,17.241133456776378,0.0,0,EF0,CST-6,19-FEB-17 23:16:00
674535,2017-02-20T06:00:00+00:00,30.0361,-97.7415,629.5,16.125076293945312,292.404541015625,292.1243896484375,98705.0,42.32440948486328,12.683277173222564,18.98785140702432,0.0,0,EF0,CST-6,19-FEB-17 23:48:00
674536,2017-02-20T06:00:00+00:00,30.0434,-97.7362,629.5,16.125076293945312,292.404541015625,292.1243896484375,98705.0,42.32440948486328,12.683277173222564,18.98785140702432,0.0,0,EF0,CST-6,19-FEB-17 23:49:00
725979,2017-11-05T22:00:00+00:00,40.7284,-82.7968,97.125,152.10980224609375,292.8182373046875,289.88433837890625,96806.4375,34.9196891784668,14.41731912666384,25.743805624246942,2.0,1,EF2,EST-5,05-NOV-17 17:00:00
688739,2017-04-03T09:00:00+00:00,30.5265,-90.075,1722.4375,6.218750953674316,294.961181640625,294.317138671875,100096.9375,44.30183029174805,21.363550831886297,22.946231990007345,1.0,0,EF1,CST-6,03-APR-17 03:14:00
674554,2017-02-20T06:00:00+00:00,30.5443,-97.3525,502.4375,45.03132629394531,293.893798828125,292.1937255859375,99310.0,40.71796417236328,11.540913837427563,20.298838737027552,2.0,1,EF2,CST-6,20-FEB-17 00:28:00
674553,2017-02-20T06:00:00+00:00,30.5501,-97.3594,502.4375,45.03132629394531,293.893798828125,292.1937255859375,99310.0,40.71796417236328,11.540913837427563,20.298838737027552,2.0,1,EF2,CST-6,20-FEB-17 00:25:00
677516,2017-03-01T02:00:00+00:00,37.7238,-90.0055,2271.3125,24.6296329498291,294.0572814941406,290.86798095703125,98281.875,31.280261993408203,18.966378230127322,26.13187063456457,4.0,1,EF4,CST-6,28-FEB-17 19:51:00
726094,2017-11-05T22:00:00+00:00,41.0928,-82.5082,229.0,37.594181060791016,292.2801513671875,289.97125244140625,97479.4375,37.7458610534668,14.52332182964499,22.777238647404676,0.0,0,EF0,EST-5,05-NOV-17 17:10:00
682596,2017-03-01T02:00:00+00:00,41.9478,-86.176,597.0625,33.629634857177734,287.7545471191406,286.44512939453125,97482.875,29.813465118408203,17.924017379810138,27.53913567855289,1.0,0,EF1,EST-5,28-FEB-17 20:58:00
693739,2017-04-03T21:00:00+00:00,32.86,-81.19,1652.0625,5.031319618225098,296.19384765625,288.77850341796875,100665.25,49.16598892211914,11.374078340679317,19.401243211288104,0.0,0,EF0,EST-5,03-APR-17 15:43:00
704340,2017-06-29T01:00:00+00:00,42.6865,-89.0993,263.125,70.5677490234375,295.6708984375,291.540283203125,97556.75,42.721343994140625,14.635338072935207,21.42895967221943,0.0,0,EF0,CST-6,28-JUN-17 18:38:00
700757,2017-05-11T02:00:00+00:00,34.3016,-98.679,1741.1875,143.06263732910156,293.764892578125,291.4996643066406,96626.5,27.222002029418945,11.23903769312486,17.6220513764759,,0,EFU,CST-6,10-MAY-17 19:31:00
723786,2017-11-05T20:00:00+00:00,41.3442,-82.6965,1496.1875,2.4376678466796875,291.51904296875,289.9971923828125,98253.9375,37.14057922363281,15.32128129150305,22.07025121971083,1.0,0,EF1,EST-5,05-NOV-17 14:42:00
681902,2017-04-21T00:00:00+00:00,41.8877,-79.3391,33.0,19.171886444091797,290.424072265625,288.79669189453125,95216.3125,30.729129791259766,10.36673802379851,17.11884726991527,0.0,0,EF0,EST-5,20-APR-17 18:47:00
698149,2017-04-03T18:00:00+00:00,32.8592,-83.3733,1702.9375,53.890625,297.154052734375,288.82470703125,99801.5625,42.94402313232422,15.12410795237053,18.525333050316974,2.0,1,EF2,EST-5,03-APR-17 13:03:00
698222,2017-04-03T18:00:00+00:00,32.775,-83.0829,1353.75,68.53125,298.385498046875,289.00341796875,99938.5625,42.79949188232422,15.140484760070745,17.766579695139505,0.0,0,EF0,EST-5,03-APR-17 13:28:00
698202,2017-04-03T18:00:00+00:00,33.2938,-83.1208,1071.625,22.5625,296.053466796875,289.05322265625,99383.5625,41.14324188232422,15.506683588968844,13.529770721734081,0.0,0,EF0,EST-5,03-APR-17 13:21:00
673895,2017-03-07T00:00:00+00:00,45.4287,-93.6925,332.125,,287.94482421875,285.46112060546875,95240.0625,24.266563415527344,14.740590434325407,20.41316565889747,1.0,0,EF1,CST-6,06-MAR-17 17:39:00
719514,2017-08-19T01:00:00+00:00,43.34,-95.68,1015.25,62.93008041381836,292.819091796875,289.08892822265625,95945.0,26.633358001708984,7.785510492428489,17.156582496798986,2.0,1,EF2,CST-6,18-AUG-17 19:07:00
719430,2017-08-19T01:00:00+00:00,43.5014,-95.7401,1015.25,62.93008041381836,292.819091796875,289.08892822265625,95945.0,26.633358001708984,7.785510492428489,17.156582496798986,1.0,0,EF1,CST-6,18-AUG-17 18:47:00
681345,2017-04-14T23:00:00+00:00,34.4638,-102.5467,2121.875,165.578125,296.631591796875,286.0098876953125,87925.125,26.3416748046875,0.5484418689596116,14.500498129541166,,0,EFU,CST-6,14-APR-17 16:59:00
681348,2017-04-14T23:00:00+00:00,34.4665,-102.5277,2121.875,165.578125,296.631591796875,286.0098876953125,87925.125,26.3416748046875,0.5484418689596116,14.500498129541166,,0,EFU,CST-6,14-APR-17 17:04:00
689717,2017-04-05T00:00:00+00:00,36.7197,-94.4324,335.25,45.5331916809082,292.369140625,288.0330810546875,96435.6875,30.32025909423828,12.619824523986182,24.076906053785287,2.0,1,EF2,CST-6,04-APR-17 17:48:00
689728,2017-04-05T01:00:00+00:00,36.5419,-93.9877,434.25,41.07843780517578,291.851318359375,286.76519775390625,95546.3125,29.316089630126953,11.433870958825214,26.196174203701162,1.0,0,EF1,CST-6,04-APR-17 18:56:00
675723,2017-03-01T11:00:00+00:00,38.681,-86.28,222.6875,104.72645568847656,288.6674499511719,286.6821594238281,97818.3125,32.918949127197266,15.586084958503436,22.48449813654461,1.0,0,EF1,EST-5,01-MAR-17 05:41:00
698322,2017-04-05T16:00:00+00:00,33.7196,-83.8753,800.75,108.75282287597656,291.474365234375,290.59222412109375,98548.5625,42.03302001953125,8.547041119809233,28.572655533051243,1.0,0,EF1,EST-5,05-APR-17 11:10:00
698333,2017-04-05T18:00:00+00:00,32.005,-84.4282,2806.6875,34.45314407348633,295.90234375,293.5827331542969,99541.5625,48.39134979248047,13.644590423395867,17.43411546626765,0.0,0,EF0,EST-5,05-APR-17 12:40:00
698349,2017-04-05T20:00:00+00:00,32.4051,-82.7003,2354.3125,144.9534912109375,300.0625,291.3938903808594,100082.5625,46.79814529418945,14.824554016237574,19.164833978929536,0.0,0,EF0,EST-5,05-APR-17 15:05:00
698226,2017-04-03T19:00:00+00:00,32.9203,-82.9996,1134.125,15.187522888183594,297.302001953125,289.85284423828125,99911.75,44.5384407043457,13.08816068781006,20.584783096703863,1.0,0,EF1,EST-5,03-APR-17 13:36:00
698232,2017-04-03T19:00:00+00:00,33.0514,-82.7538,1082.5625,12.171897888183594,298.391845703125,289.59796142578125,99710.75,42.2786750793457,14.100951294256095,17.871994797300662,0.0,0,EF0,EST-5,03-APR-17 13:56:00
698261,2017-04-03T19:00:00+00:00,33.0454,-82.6641,1082.5625,12.171897888183594,298.391845703125,289.59796142578125,99710.75,42.2786750793457,14.100951294256095,17.871994797300662,1.0,0,EF1,EST-5,03-APR-17 14:00:00
696869,2017-06-10T01:00:00+00:00,48.11,-98.77,187.25,,298.88916015625,288.239501953125,94361.625,34.11331558227539,13.031994739243446,28.29043573760826,0.0,0,EF0,CST-6,09-JUN-17 19:27:00
702788,2017-05-18T20:00:00+00:00,35.195,-98.971,1647.625,5.703152179718018,295.556884765625,293.584228515625,94828.125,36.4283561706543,5.22685616597687,19.79447138291621,1.0,0,EF1,CST-6,18-MAY-17 14:29:00
679227,2017-04-06T14:00:00+00:00,26.5,-82.089,2297.125,111.0468978881836,296.912109375,295.46429443359375,101526.1875,41.166351318359375,10.910690782719152,13.96887753930857,0.0,0,EF0,EST-5,06-APR-17 09:18:00
709542,2017-06-28T22:00:00+00:00,40.5851,-94.7771,5400.625,44.33097457885742,298.423583984375,295.74444580078125,96454.5,45.28892135620117,8.06132311473966,16.76371367750696,2.0,1,EF2,CST-6,28-JUN-17 16:05:00
681556,2017-04-14T23:00:00+00:00,34.5272,-102.4793,2261.3125,178.640625,296.238037109375,286.3126220703125,87602.125,26.4061279296875,0.4292285397605647,14.094192954821706,0.0,0,EF0,CST-6,14-APR-17 17:19:00
681649,2017-04-15T01:00:00+00:00,34.5997,-102.2968,1788.75,175.2187957763672,296.05615234375,284.85491943359375,88007.9375,23.824174880981445,0.36402658760460666,15.977439078044531,,0,EFU,CST-6,14-APR-17 18:45:00
689747,2017-04-05T00:00:00+00:00,36.7592,-94.3784,244.5,63.4238166809082,290.693359375,287.7684326171875,96089.6875,29.20697784423828,8.810735479842482,25.615565751969005,0.0,0,EF0,CST-6,04-APR-17 17:54:00
690720,2017-04-14T00:00:00+00:00,44.0222,-121.2976,0.5,,280.054443359375,271.39996337890625,88149.5625,7.252520561218262,0.19788303464142346,7.166149738352386,0.0,0,EF0,PST-8,13-APR-17 16:00:00
680659,2017-04-16T00:00:00+00:00,39.1734,-97.8654,485.75,35.82831573486328,297.88525390625,288.6369934082031,95920.1875,20.965007781982422,5.7626004449615165,8.645415976149067,0.0,0,EF0,CST-6,15-APR-17 18:25:00
706117,2017-06-06T18:00:00+00:00,29.7373,-81.312,226.875,23.16288948059082,298.550537109375,297.664306640625,100689.5625,65.23831939697266,10.4070516789573,10.734353635859337,1.0,0,EF1,EST-5,06-JUN-17 13:11:00
698334,2017-04-05T18:00:00+00:00,32.0574,-83.9476,2590.625,116.3125228881836,297.47265625,293.1383972167969,99575.5625,50.90209197998047,16.423454655233055,21.20153952267073,1.0,0,EF1,EST-5,05-APR-17 12:55:00
698337,2017-04-05T19:00:00+00:00,32.2761,-83.2887,2870.875,12.109481811523438,299.128662109375,292.35906982421875,99805.375,50.81370544433594,16.628144352026187,20.29627281070618,1.0,0,EF1,EST-5,05-APR-17 14:05:00
698287,2017-04-03T19:00:00+00:00,33.0533,-82.6172,1164.75,2.4218976497650146,298.843994140625,289.62237548828125,99790.75,42.6898078918457,13.335556087009525,15.201714479975193,0.0,0,EF0,EST-5,03-APR-17 14:04:00
675731,2017-03-01T12:00:00+00:00,38.553,-85.211,290.75,65.12203979492188,289.16912841796875,286.67462158203125,97721.375,31.704668045043945,15.901522741674217,16.445278111219313,1.0,0,EF1,EST-5,01-MAR-17 06:36:00
697236,2017-06-21T23:00:00+00:00,46.34,-96.54,243.5,35.828128814697266,302.232421875,290.89990234375,96720.3125,36.07941818237305,4.069996262887385,12.593500701814207,0.0,0,EF0,CST-6,21-JUN-17 17:24:00
681651,2017-04-15T01:00:00+00:00,34.536,-102.4118,1789.5,224.6094207763672,296.11083984375,284.57073974609375,87560.9375,22.703081130981445,0.4192749147141388,15.614599225893558,,0,EFU,CST-6,14-APR-17 19:04:00
691109,2017-04-26T07:00:00+00:00,36.4989,-93.597,729.25,45.81269836425781,293.011962890625,288.611083984375,95345.125,35.742706298828125,9.075649581103846,16.273225196848,1.0,0,EF1,CST-6,26-APR-17 00:34:00
675729,2017-03-01T07:00:00+00:00,37.184,-86.88,1009.125,0.5156718492507935,293.015380859375,290.07049560546875,98829.5625,36.24824523925781,21.58181678170267,28.576089773875758,1.0,0,EF1,CST-6,01-MAR-17 00:35:00
693573,2017-04-02T14:00:00+00:00,30.3652,-98.057,1729.25,0.9405669569969177,289.385009765625,289.0564880371094,97294.6875,30.370405197143555,9.24345323756591,25.500093843638055,0.0,0,EF0,CST-6,02-APR-17 08:15:00
668778,2017-01-22T23:00:00+00:00,30.9541,-81.8902,670.625,0.3125138282775879,294.507568359375,292.92803955078125,99268.875,38.38611602783203,22.115721687069808,28.552186648516027,1.0,0,EF1,EST-5,22-JAN-17 18:29:00
668898,2017-01-13T16:00:00+00:00,30.722,-97.582,221.9375,143.95118713378906,293.36785888671875,290.0374755859375,100155.875,31.753068923950195,10.965378988140385,6.0534745761320075,0.0,0,EF0,CST-6,13-JAN-17 09:33:00
669621,2017-01-02T20:00:00+00:00,31.1158,-90.2267,896.1875,16.125110626220703,294.7080383300781,291.5177001953125,99824.625,44.6555061340332,16.5245460566869,18.322147444670783,1.0,0,EF1,CST-6,02-JAN-17 14:00:00
696881,2017-06-10T03:00:00+00:00,47.25,-98.22,872.125,58.98457336425781,296.843017578125,288.802734375,94193.0,29.341962814331055,15.922725015690565,19.868267365888826,0.0,0,EF0,CST-6,09-JUN-17 20:32:00
725980,2017-11-05T22:00:00+00:00,41.1777,-82.9741,334.0,1.891057014465332,292.1883544921875,290.05523681640625,97879.4375,38.6267204284668,12.16091792144314,21.922355337934558,2.0,1,EF2,EST-5,05-NOV-17 16:51:00
704451,2017-05-06T00:00:00+00:00,36.9807,-76.8803,238.5625,44.35947799682617,293.917236328125,291.5679626464844,99340.8125,23.382694244384766,12.52652959536926,18.987693694995567,0.0,0,EF0,EST-5,05-MAY-17 19:07:00
705002,2017-06-28T23:00:00+00:00,44.0561,-92.3083,227.875,128.51565551757812,298.206298828125,294.05126953125,96234.4375,35.912784576416016,12.077734456443745,18.84895768222015,0.0,0,EF0,CST-6,28-JUN-17 17:22:00
705004,2017-06-29T00:00:00+00:00,43.9989,-92.1358,1002.75,198.42642211914062,298.283935546875,293.79937744140625,96108.1875,34.99657440185547,12.914467296122046,15.9614453148777,0.0,0,EF0,CST-6,28-JUN-17 17:42:00
698138,2017-04-03T18:00:00+00:00,33.146,-83.6046,2059.0,28.46875,294.806396484375,288.77587890625,99433.5625,40.97332000732422,16.580057398712967,17.689958416240945,0.0,0,EF0,EST-5,03-APR-17 12:40:00
698173,2017-04-03T18:00:00+00:00,32.667,-83.124,1510.625,70.765625,299.151123046875,289.28369140625,100087.5625,44.16179656982422,14.765332160540838,18.95712797092082,0.0,0,EF0,EST-5,03-APR-17 13:26:00
680605,2017-04-15T00:00:00+00:00,34.1096,-104.734,164.25,,298.3193359375,276.6510925292969,84975.8125,7.735133171081543,0.38665475455268106,6.015420795130139,0.0,0,EF0,MST-7,14-APR-17 16:33:00
708123,2017-06-14T00:00:00+00:00,45.79,-95.8,1666.375,39.57836151123047,296.31201171875,293.5968017578125,95752.1875,49.51751708984375,12.753940823268398,24.56855249524007,0.0,0,EF0,CST-6,13-JUN-17 18:28:00
673669,2017-01-21T16:00:00+00:00,32.7684,-84.6379,467.8125,22.642419815063477,289.72210693359375,288.1996765136719,98025.1875,40.88285446166992,11.068900340172148,24.25096660826045,0.0,0,EF0,EST-5,21-JAN-17 11:06:00
704460,2017-05-05T10:00:00+00:00,36.8435,-78.1685,39.75,0.8042927980422974,293.327392578125,292.628173828125,98586.5625,41.4390754699707,17.867314197971456,19.655125930107452,0.0,0,EF0,EST-5,05-MAY-17 05:13:00
688768,2017-04-06T16:00:00+00:00,37.647,-76.435,530.875,1.1099491119384766,291.40185546875,289.21051025390625,99270.25,30.953102111816406,25.43257034683004,20.859474211320606,1.0,0,EF1,EST-5,06-APR-17 11:09:00
688798,2017-04-06T17:00:00+00:00,36.619,-76.214,609.6875,,293.37744140625,286.7120361328125,99342.375,24.304473876953125,19.705385971698284,27.625516196236173,0.0,0,EF0,EST-5,06-APR-17 12:09:00
698156,2017-04-03T18:00:00+00:00,32.6758,-83.3528,1872.0625,45.140625,297.831787109375,289.21337890625,99937.5625,44.40398406982422,14.647683746901011,19.821229158992022,1.0,0,EF1,EST-5,03-APR-17 13:06:00
698175,2017-04-03T19:00:00+00:00,32.6794,-83.0262,1443.875,13.109397888183594,298.462158203125,289.55206298828125,100077.75,46.7698860168457,11.985990183949218,19.77153020584621,0.0,0,EF0,EST-5,03-APR-17 13:36:00
698163,2017-04-03T18:00:00+00:00,32.6696,-83.2773,1872.0625,45.140625,297.831787109375,289.21337890625,99937.5625,44.40398406982422,14.647683746901011,19.821229158992022,1.0,0,EF1,EST-5,03-APR-17 13:12:00
696632,2017-06-07T18:00:00+00:00,47.82,-97.36,648.125,44.8300895690918,296.4931640625,288.3916015625,98289.4375,27.76575469970703,1.3287935923476848,9.285932447628339,0.0,0,EF0,CST-6,07-JUN-17 12:18:00
686482,2017-04-12T22:00:00+00:00,38.029,-102.2885,286.75,,300.338134765625,274.0977783203125,88633.9375,15.50121784210205,0.05376648179696444,2.6539343637003596,,0,EFU,MST-7,12-APR-17 15:13:00
673683,2017-01-21T17:00:00+00:00,32.9182,-84.36,469.8125,22.21879005432129,289.725341796875,288.29736328125,98243.078125,41.161529541015625,11.157558887604607,24.551396012108036,0.0,0,EF0,EST-5,21-JAN-17 11:32:00
693483,2017-04-05T21:00:00+00:00,35.4125,-86.5069,2162.1875,12.375043869018555,296.509765625,291.74993896484375,96960.5,30.871662139892578,11.536677301433006,23.344806432334796,1.0,0,EF1,CST-6,05-APR-17 14:47:00
695985,2017-04-27T18:00:00+00:00,32.6717,-84.3665,1411.875,66.83279418945312,296.7353515625,293.3416442871094,99090.75,42.598873138427734,11.354482432923328,16.515102769331914,0.0,0,EF0,EST-5,27-APR-17 12:45:00
698179,2017-04-03T18:00:00+00:00,32.8899,-83.2291,1702.9375,53.890625,297.154052734375,288.82470703125,99801.5625,42.94402313232422,15.12410795237053,18.525333050316974,0.0,0,EF0,EST-5,03-APR-17 13:16:00
698320,2017-04-05T16:00:00+00:00,33.37,-84.6655,593.375,64.34657287597656,292.454833984375,291.02777099609375,97862.5625,42.96368408203125,8.16454764880922,26.60972179222766,1.0,0,EF1,EST-5,05-APR-17 11:03:00
698321,2017-04-05T16:00:00+00:00,33.7202,-83.8795,800.75,108.75282287597656,291.474365234375,290.59222412109375,98548.5625,42.03302001953125,8.547041119809233,28.572655533051243,1.0,0,EF1,EST-5,05-APR-17 11:09:00
696619,2017-06-07T18:00:00+00:00,47.89,-97.49,392.625,53.9550895690918,296.0966796875,287.236328125,97734.4375,26.76282501220703,1.251582670778162,8.13974167257392,0.0,0,EF0,CST-6,07-JUN-17 12:02:00
726000,2017-11-05T22:00:00+00:00,41.1653,-82.9399,334.0,1.891057014465332,292.1883544921875,290.05523681640625,97879.4375,38.6267204284668,12.16091792144314,21.922355337934558,1.0,0,EF1,EST-5,05-NOV-17 16:53:00
670346,2017-01-03T02:00:00+00:00,31.1104,-85.5078,128.5625,56.71897888183594,292.2357177734375,291.2340087890625,100726.375,41.09861373901367,17.7657786507072,20.973145692805183,1.0,0,EF1,CST-6,02-JAN-17 19:35:00
670341,2017-01-03T02:00:00+00:00,31.2567,-84.9037,108.625,94.85960388183594,292.6927490234375,291.6763916015625,100904.375,40.71384811401367,19.5144947557669,21.66765808913482,2.0,1,EF2,EST-5,02-JAN-17 21:18:00
693489,2017-04-05T22:00:00+00:00,35.5627,-85.7538,2045.875,1.2307713031768799,294.085693359375,291.1201171875,95698.0625,26.750530242919922,11.756627528419912,20.895170694450712,1.0,0,EF1,CST-6,05-APR-17 15:59:00
691676,2017-04-29T22:00:00+00:00,35.6709,-94.4602,145.25,457.5469055175781,292.53564453125,292.08489990234375,96611.5625,38.9339485168457,18.412755885195374,18.332990977879664,1.0,0,EF1,CST-6,29-APR-17 15:57:00
698329,2017-04-05T16:00:00+00:00,31.9224,-84.793,2622.0,51.2528190612793,296.727294921875,294.26702880859375,99553.5625,50.76641845703125,16.74446004333997,25.14086909624531,2.0,1,EF2,EST-5,05-APR-17 11:28:00
698330,2017-04-05T17:00:00+00:00,31.9558,-84.6549,2729.25,46.375099182128906,296.153076171875,294.0791015625,99536.625,50.58000183105469,13.378447216488487,20.665688419543034,1.0,0,EF1,EST-5,05-APR-17 11:43:00
696622,2017-06-07T18:00:00+00:00,47.52,-97.36,803.625,44.2050895690918,296.974609375,288.1494140625,98107.4375,27.05970001220703,1.361093177620363,8.6075440176014,0.0,0,EF0,CST-6,07-JUN-17 12:13:00
696626,2017-06-07T18:00:00+00:00,47.92,-97.43,392.625,53.9550895690918,296.0966796875,287.236328125,97734.4375,26.76282501220703,1.251582670778162,8.13974167257392,0.0,0,EF0,CST-6,07-JUN-17 12:17:00
696628,2017-06-07T18:00:00+00:00,47.57,-97.42,571.25,40.3769645690918,296.79296875,287.0859375,97604.4375,26.09387969970703,1.2450308927211287,7.711316535596439,0.0,0,EF0,CST-6,07-JUN-17 12:18:00
696634,2017-06-07T18:00:00+00:00,47.69,-97.34,803.625,44.2050895690918,296.974609375,288.1494140625,98107.4375,27.05970001220703,1.361093177620363,8.6075440176014,0.0,0,EF0,CST-6,07-JUN-17 12:23:00
723678,2017-11-06T00:00:00+00:00,41.5189,-80.6467,337.5625,27.6720027923584,290.567138671875,289.37054443359375,97155.625,33.985687255859375,15.681542381580213,22.345802784912273,2.0,1,EF2,EST-5,05-NOV-17 18:51:00
727425,2017-11-05T22:00:00+00:00,41.2116,-82.4412,229.0,37.594181060791016,292.2801513671875,289.97125244140625,97479.4375,37.7458610534668,14.52332182964499,22.777238647404676,1.0,0,EF1,EST-5,05-NOV-17 17:21:00
670334,2017-01-03T03:00:00+00:00,31.1844,-84.5714,103.75,232.9375,292.24127197265625,291.51275634765625,101010.625,39.71019744873047,16.398689210314224,21.328981603538523,1.0,0,EF1,EST-5,02-JAN-17 21:41:00
670335,2017-01-03T03:00:00+00:00,31.2114,-84.5385,103.75,232.9375,292.24127197265625,291.51275634765625,101010.625,39.71019744873047,16.398689210314224,21.328981603538523,1.0,0,EF1,EST-5,02-JAN-17 21:45:00
670354,2017-01-03T03:00:00+00:00,31.4846,-84.5174,130.0,192.828125,291.99517822265625,291.19146728515625,100874.625,41.21703338623047,16.811891439203357,22.314341153224,0.0,0,EF0,EST-5,02-JAN-17 21:52:00
673684,2017-01-21T17:00:00+00:00,32.9499,-84.3131,469.8125,22.21879005432129,289.725341796875,288.29736328125,98243.078125,41.161529541015625,11.157558887604607,24.551396012108036,1.0,0,EF1,EST-5,21-JAN-17 11:39:00
673686,2017-01-21T17:00:00+00:00,32.9113,-83.8972,369.1875,13.031290054321289,289.639404296875,288.45947265625,98783.078125,39.613677978515625,17.061567104939655,26.104052110439522,0.0,0,EF0,EST-5,21-JAN-17 12:08:00
673708,2017-01-21T18:00:00+00:00,32.535,-83.385,308.625,0.48067405819892883,291.638916015625,290.1552734375,99235.984375,40.844940185546875,17.20202541173364,25.91692779204074,0.0,0,EF0,EST-5,21-JAN-17 12:46:00
681563,2017-04-14T23:00:00+00:00,34.5017,-102.4101,2121.875,165.578125,296.631591796875,286.0098876953125,87925.125,26.3416748046875,0.5484418689596116,14.500498129541166,0.0,0,EF0,CST-6,14-APR-17 17:27:00
695110,2017-04-05T22:00:00+00:00,38.6418,-86.9805,54.875,5.637021064758301,292.527099609375,288.3623046875,97834.0625,22.339397430419922,8.47599081430477,27.80217361483054,1.0,0,EF1,EST-5,05-APR-17 17:04:00
694736,2017-04-02T15:00:00+00:00,30.2676,-91.8532,2031.375,128.58575439453125,296.03955078125,293.39337158203125,101163.75,41.81855773925781,13.458716684625012,12.718557294193072,1.0,0,EF1,CST-6,02-APR-17 08:47:00
695061,2017-04-02T20:00:00+00:00,30.9925,-92.5992,1683.125,146.95315551757812,294.966064453125,294.307861328125,100271.1875,47.01582336425781,21.504931708148607,20.960720290522705,1.0,0,EF1,CST-6,02-APR-17 13:32:00
695091,2017-04-02T20:00:00+00:00,31.4595,-92.7846,1144.0,49.062538146972656,294.180908203125,293.296142578125,100104.1875,47.15547180175781,16.644372005863055,17.985592393393542,0.0,0,EF0,CST-6,02-APR-17 14:20:00
698347,2017-04-05T20:00:00+00:00,32.3323,-82.9856,2073.9375,113.14098358154297,299.302734375,291.8509216308594,99984.5625,47.34990310668945,14.675205079675852,18.722215044316656,2.0,1,EF2,EST-5,05-APR-17 14:38:00
673672,2017-01-21T16:00:00+00:00,32.5937,-84.3997,506.875,54.048667907714844,290.68695068359375,289.2651062011719,98739.1875,39.65629196166992,17.514367631143458,25.25508726457873,1.0,0,EF1,EST-5,21-JAN-17 11:18:00
673682,2017-01-21T16:00:00+00:00,32.8477,-84.4077,467.8125,22.642419815063477,289.72210693359375,288.1996765136719,98025.1875,40.88285446166992,11.068900340172148,24.25096660826045,1.0,0,EF1,EST-5,21-JAN-17 11:25:00
681566,2017-04-15T00:00:00+00:00,34.572,-102.359,1852.125,197.00010681152344,296.1923828125,285.6120300292969,88027.8125,25.71560287475586,0.44493724563472353,15.141006481469827,3.0,1,EF3,CST-6,14-APR-17 17:36:00
695076,2017-04-02T20:00:00+00:00,31.1255,-92.5368,1631.375,109.40628814697266,294.737548828125,293.757080078125,100247.1875,46.45137023925781,20.09924114536326,20.506306811455733,2.0,1,EF2,CST-6,02-APR-17 13:50:00
695090,2017-04-02T20:00:00+00:00,31.2499,-92.4821,1631.375,109.40628814697266,294.737548828125,293.757080078125,100247.1875,46.45137023925781,20.09924114536326,20.506306811455733,1.0,0,EF1,CST-6,02-APR-17 14:05:00
695092,2017-04-02T14:00:00+00:00,30.1641,-92.0189,2195.0,105.75306701660156,295.320556640625,294.0476989746094,101098.6875,41.68388366699219,15.303163068510893,17.932106545235058,1.0,0,EF1,CST-6,02-APR-17 08:04:00
695991,2017-04-03T15:00:00+00:00,33.5688,-85.1141,983.0,25.015689849853516,292.302734375,288.0819091796875,97428.5,37.20115280151367,12.870775377256512,16.8523861285369,1.0,0,EF1,EST-5,03-APR-17 09:58:00
675721,2017-03-01T11:00:00+00:00,38.627,-85.784,795.1875,135.47645568847656,288.9623718261719,286.7534484863281,97932.3125,35.087894439697266,14.898832454299646,24.90093492453637,1.0,0,EF1,EST-5,01-MAR-17 06:05:00
695993,2017-04-03T15:00:00+00:00,33.5678,-84.7811,1007.3125,30.140689849853516,292.2802734375,288.6444091796875,97719.5,38.06248092651367,12.04106663396433,17.922375441731674,1.0,0,EF1,EST-5,03-APR-17 10:28:00
696006,2017-04-03T16:00:00+00:00,32.0692,-84.7015,1585.0,30.59728240966797,295.958251953125,289.526611328125,99718.1875,39.035980224609375,10.519312554172453,16.11415432057532,0.0,0,EF0,EST-5,03-APR-17 11:16:00
704452,2017-05-05T11:00:00+00:00,37.4742,-77.7899,48.125,10.627888679504395,293.033447265625,292.6650390625,99138.0625,42.26163101196289,16.717981099172874,20.844316757675223,0.0,0,EF0,EST-5,05-MAY-17 05:40:00
704454,2017-05-05T10:00:00+00:00,36.5767,-78.4405,16.4375,1.5386677980422974,293.017822265625,292.427001953125,98565.5625,41.3248176574707,17.378928126034033,21.212155407246726,1.0,0,EF1,EST-5,05-MAY-17 04:40:00
681678,2017-04-05T22:00:00+00:00,37.1508,-85.6958,1866.25,20.590147018432617,293.993896484375,292.2138671875,96957.0625,32.44388961791992,14.308326992059825,19.874146116683686,1.0,0,EF1,CST-6,05-APR-17 16:12:00
695148,2017-04-13T20:00:00+00:00,34.0793,-99.14,448.4375,56.20317459106445,292.940673828125,291.2557373046875,97614.1875,36.339805603027344,7.52769345939285,13.31906541546084,0.0,0,EF0,CST-6,13-APR-17 14:22:00
691595,2017-04-29T21:00:00+00:00,39.7459,-90.0,678.125,3.984485626220703,283.323974609375,282.9303283691406,98737.25,46.50287628173828,18.73854760599025,32.85735444455661,0.0,0,EF0,CST-6,29-APR-17 15:20:00
700478,2017-06-23T00:00:00+00:00,34.8299,-89.5763,687.125,172.79701232910156,299.59521484375,297.27734375,99234.625,56.74284744262695,11.560010814638858,14.910661495747698,0.0,0,EF0,CST-6,22-JUN-17 17:30:00
683498,2017-04-10T06:00:00+00:00,44.979,-89.741,807.75,236.27059936523438,288.9091796875,287.5133056640625,95560.9375,27.319650650024414,9.264432605105293,20.9290523616982,1.0,0,EF1,CST-6,09-APR-17 23:54:00
695998,2017-04-03T16:00:00+00:00,32.4443,-84.9555,1546.8125,16.22228240966797,295.143798828125,288.911376953125,99763.1875,40.459808349609375,11.41278132076761,13.540680727783904,1.0,0,EF1,EST-5,03-APR-17 10:42:00
696002,2017-04-03T16:00:00+00:00,32.0336,-84.8361,1585.0,30.59728240966797,295.958251953125,289.526611328125,99718.1875,39.035980224609375,10.519312554172453,16.11415432057532,0.0,0,EF0,EST-5,03-APR-17 11:10:00
681677,2017-04-05T22:00:00+00:00,37.154,-85.714,1866.25,20.590147018432617,293.993896484375,292.2138671875,96957.0625,32.44388961791992,14.308326992059825,19.874146116683686,1.0,0,EF1,CST-6,05-APR-17 16:11:00
681676,2017-04-05T22:00:00+00:00,37.1804,-85.669,1866.25,20.590147018432617,293.993896484375,292.2138671875,96957.0625,32.44388961791992,14.308326992059825,19.874146116683686,1.0,0,EF1,CST-6,05-APR-17 16:16:00
699510,2017-04-16T00:00:00+00:00,38.26,-99.55,1052.375,55.60956573486328,297.06689453125,288.6399230957031,93226.1875,19.339031219482422,2.976320312875522,2.1299558054652867,0.0,0,EF0,CST-6,15-APR-17 18:05:00
699513,2017-04-16T00:00:00+00:00,38.45,-99.26,1311.0,34.76581573486328,299.02685546875,288.1506652832031,93486.1875,19.777507781982422,2.3555402859513683,3.7677234266923816,0.0,0,EF0,CST-6,15-APR-17 17:38:00
695279,2017-04-30T09:00:00+00:00,30.9444,-92.2257,2034.125,11.97252082824707,297.01025390625,295.9324035644531,100309.625,56.31047821044922,19.288612092756537,23.436024144063275,1.0,0,EF1,CST-6,30-APR-17 03:20:00
696029,2017-04-03T16:00:00+00:00,32.6956,-84.5267,1574.125,17.45665740966797,295.145751953125,289.401611328125,99052.1875,39.314300537109375,14.178111982245408,12.650159353829796,0.0,0,EF0,EST-5,03-APR-17 11:18:00
696018,2017-04-03T16:00:00+00:00,34.4858,-83.9252,481.3125,22.40978240966797,287.910400390625,286.785400390625,96157.1875,36.390472412109375,12.743884115217122,19.277473560062493,1.0,0,EF1,EST-5,03-APR-17 11:17:00
696043,2017-04-03T16:00:00+00:00,32.1409,-84.6112,1726.5,29.34728240966797,296.229736328125,289.952392578125,99494.1875,37.987152099609375,12.107154407768162,16.900656134351554,0.0,0,EF0,EST-5,03-APR-17 11:29:00
696550,2017-04-30T18:00:00+00:00,30.5533,-91.5593,38.125,6.4843974113464355,290.350341796875,288.11895751953125,100820.5625,38.065616607666016,6.933227345171162,25.458517718505146,1.0,0,EF1,CST-6,30-APR-17 12:15:00
696553,2017-04-30T19:00:00+00:00,30.6437,-91.0843,601.0,40.88875961303711,291.8427734375,290.029052734375,100605.625,45.279541015625,9.932886613521182,22.081347417663828,0.0,0,EF0,CST-6,30-APR-17 12:50:00
683323,2017-04-29T04:00:00+00:00,38.397,-85.596,2923.5,27.390825271606445,292.720947265625,291.0463562011719,98874.8125,39.685489654541016,16.314705586612355,24.47051390574667,1.0,0,EF1,EST-5,28-APR-17 22:53:00
696858,2017-06-10T01:00:00+00:00,48.14,-99.32,420.6875,8.70317554473877,297.06982421875,289.791259765625,94150.625,34.90433120727539,12.165027837420308,26.097592334067542,0.0,0,EF0,CST-6,09-JUN-17 18:34:00
673713,2017-01-21T18:00:00+00:00,32.444,-83.313,374.625,5.3244242668151855,292.618408203125,290.6591796875,99399.984375,40.757049560546875,16.01336022368476,24.696249676619928,1.0,0,EF1,EST-5,21-JAN-17 12:50:00
705368,2017-07-01T01:00:00+00:00,42.43,-86.09,1436.0,51.06272888183594,296.445556640625,293.67919921875,98334.5,37.30464553833008,3.4651162804032687,5.186694529092341,0.0,0,EF0,EST-5,30-JUN-17 19:31:00
696040,2017-04-03T16:00:00+00:00,32.7458,-84.4357,1574.125,17.45665740966797,295.145751953125,289.401611328125,99052.1875,39.314300537109375,14.178111982245408,12.650159353829796,1.0,0,EF1,EST-5,03-APR-17 11:26:00
696052,2017-04-03T17:00:00+00:00,33.2599,-84.2874,1409.1875,30.40639877319336,293.114990234375,288.84967041015625,98337.9375,38.2455940246582,17.07541851622235,11.604409169560379,0.0,0,EF0,EST-5,03-APR-17 11:35:00
696058,2017-04-03T17:00:00+00:00,32.8198,-84.3151,1743.875,36.01577377319336,293.558349609375,288.52935791015625,98933.9375,39.8784065246582,15.368352677313085,14.713549491982535,0.0,0,EF0,EST-5,03-APR-17 11:36:00
681674,2017-04-05T22:00:00+00:00,38.373,-85.144,309.0,163.94952392578125,293.488037109375,290.109375,96672.0625,30.494670867919922,13.213257595173308,21.060243522534954,1.0,0,EF1,EST-5,05-APR-17 16:54:00
721574,2017-09-10T13:00:00+00:00,27.565,-81.8147,323.25,129.6094512939453,298.611572265625,296.957763671875,100111.75,59.39052200317383,18.973997091289004,19.78006786686553,1.0,0,EF1,EST-5,10-SEP-17 07:59:00
673717,2017-01-21T18:00:00+00:00,32.797,-83.17,341.5625,0.5275490283966064,290.274658203125,289.2275390625,99042.984375,40.440643310546875,19.050535713567406,26.570960348084025,1.0,0,EF1,EST-5,21-JAN-17 12:54:00
706681,2017-06-19T20:00:00+00:00,39.0274,-77.0176,825.9375,13.457860946655273,300.140869140625,295.28173828125,99561.4375,53.008216857910156,5.827146885772011,11.357830796102348,0.0,0,EF0,EST-5,19-JUN-17 14:49:00
704441,2017-05-05T12:00:00+00:00,36.1311,-76.7302,468.4375,0.3596140146255493,293.615966796875,292.939697265625,100143.0625,46.28223419189453,18.582515008755372,21.12239997812831,0.0,0,EF0,EST-5,05-MAY-17 06:33:00
704445,2017-05-05T12:00:00+00:00,36.3144,-76.1431,146.8125,0.10961402952671051,294.235107421875,292.927978515625,100321.0625,46.81739044189453,16.828610821672243,16.275743886573625,0.0,0,EF0,EST-5,05-MAY-17 07:02:00
693184,2017-04-02T17:00:00+00:00,30.8242,-95.4322,1333.875,9.187569618225098,292.689697265625,292.024169921875,99864.3125,35.10582733154297,10.379272897010482,18.86652330049651,0.0,0,EF0,CST-6,02-APR-17 11:25:00
696068,2017-04-03T17:00:00+00:00,32.843,-84.2483,1743.875,36.01577377319336,293.558349609375,288.52935791015625,98933.9375,39.8784065246582,15.368352677313085,14.713549491982535,1.0,0,EF1,EST-5,03-APR-17 11:44:00
698121,2017-04-03T17:00:00+00:00,32.2295,-84.3569,1627.8125,71.2501449584961,295.075927734375,289.72369384765625,99725.9375,41.9721565246582,8.23012186997081,15.386205684922027,1.0,0,EF1,EST-5,03-APR-17 11:46:00
696333,2017-04-06T14:00:00+00:00,27.5739,-80.8352,2032.125,8.593770027160645,297.056640625,295.15570068359375,101292.1875,42.604827880859375,8.068711495578883,16.10232505499282,2.0,1,EF2,EST-5,06-APR-17 08:51:00
679148,2017-04-05T23:00:00+00:00,39.8709,-83.9524,157.375,515.3282470703125,291.52734375,285.8829040527344,96190.5,26.485610961914062,14.526405606428712,19.49114205355019,0.0,0,EF0,EST-5,05-APR-17 17:51:00
691729,2017-04-17T00:00:00+00:00,36.37,-98.94,2532.25,6.9063615798950195,291.04345703125,289.8797607421875,95125.9375,25.118026733398438,1.5691186399575816,15.749260468528767,,0,EFU,CST-6,16-APR-17 17:43:00
691730,2017-04-17T00:00:00+00:00,36.319,-98.29,2146.625,50.6719856262207,290.53564453125,289.6971435546875,96812.9375,24.190292358398438,3.235878850074823,10.756625586850195,,0,EFU,CST-6,16-APR-17 18:09:00
698125,2017-04-03T17:00:00+00:00,33.3184,-84.1156,1343.25,35.43764877319336,293.344482421875,289.16900634765625,98646.9375,39.6703987121582,16.877662733899278,11.269637655023097,0.0,0,EF0,EST-5,03-APR-17 11:52:00
698131,2017-04-03T17:00:00+00:00,32.9899,-83.9028,1769.25,39.81264877319336,294.956787109375,288.92486572265625,99259.9375,40.8207893371582,15.807178619002888,14.487743101676289,1.0,0,EF1,EST-5,03-APR-17 12:06:00
695983,2017-04-27T17:00:00+00:00,32.5409,-84.6735,1899.25,2.312777280807495,296.7978515625,293.4551696777344,98773.875,42.16706466674805,11.92754759632956,18.741711442966402,2.0,1,EF2,EST-5,27-APR-17 12:15:00
681340,2017-04-15T04:00:00+00:00,34.3212,-101.9657,1273.0625,420.46881103515625,291.082763671875,285.9234924316406,88817.5625,18.053733825683594,0.27135297694491095,14.77604122174447,,0,EFU,CST-6,14-APR-17 22:25:00
695125,2017-04-26T03:00:00+00:00,34.93,-96.694,3176.9375,269.0157165527344,296.878662109375,292.25,96156.6875,42.11845397949219,17.165279279383213,14.067175372448242,0.0,0,EF0,CST-6,25-APR-17 21:13:00
691735,2017-04-26T04:00:00+00:00,35.0763,-96.3949,2539.125,150.2815704345703,295.448486328125,291.34197998046875,96770.1875,41.817935943603516,12.269789166635867,16.078856108478426,0.0,0,EF0,CST-6,25-APR-17 21:50:00
698136,2017-04-03T18:00:00+00:00,32.65,-83.7088,1948.9375,42.5625,294.201904296875,289.55712890625,99679.5625,43.23992156982422,10.24554319388485,19.998044111413744,1.0,0,EF1,EST-5,03-APR-17 12:35:00
698134,2017-04-03T18:00:00+00:00,32.6576,-83.7657,1948.9375,42.5625,294.201904296875,289.55712890625,99679.5625,43.23992156982422,10.24554319388485,19.998044111413744,0.0,0,EF0,EST-5,03-APR-17 12:30:00
698141,2017-04-03T18:00:00+00:00,32.6682,-83.5264,2518.0,55.203125,295.807373046875,289.34228515625,99817.5625,43.87761688232422,13.212706263375768,20.29805586733565,1.0,0,EF1,EST-5,03-APR-17 12:56:00
695986,2017-04-27T18:00:00+00:00,32.6793,-84.3512,1411.875,66.83279418945312,296.7353515625,293.3416442871094,99090.75,42.598873138427734,11.354482432923328,16.515102769331914,0.0,0,EF0,EST-5,27-APR-17 12:46:00
692224,2017-06-08T00:00:00+00:00,39.95,-103.34,156.25,,299.269287109375,282.87890625,85613.6875,23.809528350830078,0.21421018989966467,3.6000925786672795,0.0,0,EF0,MST-7,07-JUN-17 17:28:00
691891,2017-06-05T21:00:00+00:00,39.72,-104.44,497.25,137.32815551757812,299.00439453125,277.613525390625,82251.1875,19.6474609375,0.12460753049775627,0.6486468355539491,0.0,0,EF0,MST-7,05-JUN-17 13:32:00
704339,2017-06-29T00:00:00+00:00,42.703,-89.621,603.625,24.395172119140625,295.960693359375,292.75054931640625,97322.1875,43.92137908935547,13.963448692770568,21.125585594482793,1.0,0,EF1,CST-6,28-JUN-17 17:55:00
670129,2017-01-21T19:00:00+00:00,32.8601,-82.2922,51.4375,,292.585693359375,290.894287109375,99425.5,40.406585693359375,17.466051277517014,25.945856324684097,0.0,0,EF0,EST-5,21-JAN-17 14:09:00
670130,2017-01-21T19:00:00+00:00,32.9581,-82.1649,51.4375,,292.585693359375,290.894287109375,99425.5,40.406585693359375,17.466051277517014,25.945856324684097,0.0,0,EF0,EST-5,21-JAN-17 14:23:00
709020,2017-06-25T23:00:00+00:00,36.89,-102.24,474.0,10.50001049041748,297.439697265625,289.716552734375,88712.3125,29.70718002319336,0.1779477463931473,4.647214441449184,0.0,0,EF0,CST-6,25-JUN-17 17:08:00
709021,2017-06-26T00:00:00+00:00,36.76,-102.38,397.375,3.000192642211914,295.294189453125,290.519287109375,88677.625,30.2216739654541,0.16206253803873813,5.21995354332525,0.0,0,EF0,CST-6,25-JUN-17 17:33:00
710255,2017-06-05T23:00:00+00:00,26.0319,-80.3133,2066.875,138.60952758789062,299.181884765625,297.078369140625,101215.8125,61.65056610107422,5.124978436523899,14.956288490594517,0.0,0,EF0,EST-5,05-JUN-17 18:07:00
695707,2017-06-24T00:00:00+00:00,39.2638,-80.4799,416.0,15.714651107788086,295.830322265625,294.619873046875,96367.3125,52.913150787353516,12.597082142165197,12.516214592348039,1.0,0,EF1,EST-5,23-JUN-17 18:58:00
673858,2017-01-23T07:00:00+00:00,26.8596,-80.1432,1236.46875,0.15640586614608765,296.29107666015625,294.18597412109375,99877.0,41.02814865112305,16.394661792253697,21.6721302953092,1.0,0,EF1,EST-5,23-JAN-17 01:40:00
708702,2017-06-22T00:00:00+00:00,31.2252,-86.3078,187.875,190.46112060546875,299.4716796875,297.953125,100561.5625,58.85519790649414,16.089721910561636,18.046744387701764,1.0,0,EF1,CST-6,21-JUN-17 17:57:00
713984,2017-08-10T00:00:00+00:00,35.8595,-104.6608,805.625,108.25005340576172,297.498779296875,287.239990234375,81104.9375,27.63792610168457,0.36235334122374324,6.772214767132301,0.0,0,EF0,MST-7,09-AUG-17 16:50:00
717844,2017-09-30T21:00:00+00:00,34.9611,-107.1871,1320.625,25.031429290771484,293.04833984375,286.60986328125,81515.9375,22.170223236083984,0.09112707631899371,8.405190593172499,0.0,0,EF0,MST-7,30-SEP-17 13:55:00
706488,2017-06-30T20:00:00+00:00,43.025,-74.164,828.0,9.703134536743164,297.0087890625,295.801025390625,96821.1875,45.89427185058594,9.105959213143468,20.06582082095295,1.0,0,EF1,EST-5,30-JUN-17 14:49:00
706489,2017-06-30T21:00:00+00:00,43.026,-75.21,1048.625,20.73458480834961,295.517578125,295.3052978515625,97534.5625,44.71677017211914,10.661406527015936,12.797603028967103,1.0,0,EF1,EST-5,30-JUN-17 16:28:00
709543,2017-06-28T23:00:00+00:00,41.3348,-93.3588,2036.25,7.421899318695068,297.671142578125,294.37158203125,97402.4375,46.736026763916016,12.69998371935869,20.955929579190094,1.0,0,EF1,CST-6,28-JUN-17 16:54:00
696672,2017-06-09T23:00:00+00:00,48.91,-98.56,211.125,67.51580047607422,293.022216796875,288.319580078125,94436.8125,40.135658264160156,9.017345941288374,22.682068355310232,0.0,0,EF0,CST-6,09-JUN-17 17:09:00
706740,2017-06-26T23:00:00+00:00,38.8969,-97.5644,451.375,101.70316314697266,300.6962890625,290.7666015625,96985.75,31.286863327026367,0.44402311700494707,10.8166972611991,0.0,0,EF0,CST-6,26-JUN-17 17:20:00
708707,2017-06-21T20:00:00+00:00,31.0563,-86.8075,436.375,115.51750183105469,299.292236328125,298.26904296875,100559.75,57.22440719604492,15.676868285710931,13.075487862963081,0.0,0,EF0,CST-6,21-JUN-17 14:08:00
708709,2017-06-22T02:00:00+00:00,31.6501,-87.6558,121.5,193.59384155273438,298.389892578125,297.164306640625,100415.1875,62.695194244384766,18.719807146166065,16.66285680992252,0.0,0,EF0,CST-6,21-JUN-17 19:35:00
709895,2017-06-21T11:00:00+00:00,30.4122,-86.592,251.25,37.65433120727539,298.46826171875,296.798095703125,101045.8125,65.5174789428711,13.32077080349499,16.53324525420997,0.0,0,EF0,CST-6,21-JUN-17 05:18:00
707566,2017-06-13T00:00:00+00:00,43.6604,-88.2283,1222.375,105.5000991821289,296.27099609375,293.92010498046875,97823.0,45.90104675292969,6.918882489954498,10.040088563274212,0.0,0,EF0,CST-6,12-JUN-17 18:21:00
708476,2017-06-13T22:00:00+00:00,44.86,-98.75,1698.875,11.000009536743164,292.94580078125,291.5199279785156,95053.9375,41.29106521606445,6.189092639268511,22.993297846484047,0.0,0,EF0,CST-6,13-JUN-17 15:32:00
708488,2017-06-13T23:00:00+00:00,45.391,-98.0978,1641.875,89.64063262939453,293.26318359375,291.34173583984375,95024.0,43.94127655029297,7.959460204407846,26.478788781333215,0.0,0,EF0,CST-6,13-JUN-17 17:05:00
708504,2017-06-14T01:00:00+00:00,45.8477,-96.9548,1101.0,233.60963439941406,294.897705078125,293.1369934082031,95710.25,46.216697692871094,6.305594744100395,22.125942904928156,1.0,0,EF1,CST-6,13-JUN-17 19:20:00
696848,2017-06-10T00:00:00+00:00,48.81,-98.21,65.75,102.23442840576172,292.500732421875,288.526611328125,94756.75,40.58977127075195,9.845747806867044,26.680121298420385,2.0,1,EF2,CST-6,09-JUN-17 17:45:00
696678,2017-06-09T23:00:00+00:00,48.81,-98.37,194.625,,293.589599609375,287.876220703125,94781.8125,39.839759826660156,9.793633894739864,20.328701231851458,1.0,0,EF1,CST-6,09-JUN-17 17:27:00
696852,2017-06-10T00:00:00+00:00,48.26,-99.74,658.4375,25.17192840576172,296.122802734375,291.610595703125,94028.75,37.12981033325195,10.001259637887939,25.04816646799472,2.0,1,EF2,CST-6,09-JUN-17 18:08:00
708724,2017-06-21T20:00:00+00:00,30.4655,-87.6758,677.6875,72.12687683105469,299.378173828125,297.72314453125,100974.75,62.33768844604492,12.436507192972572,15.536580341466204,0.0,0,EF0,CST-6,21-JUN-17 14:02:00
709545,2017-06-28T23:00:00+00:00,41.3364,-93.3284,2036.25,7.421899318695068,297.671142578125,294.37158203125,97402.4375,46.736026763916016,12.69998371935869,20.955929579190094,1.0,0,EF1,CST-6,28-JUN-17 16:57:00
709547,2017-06-28T23:00:00+00:00,41.184,-93.6865,2522.375,34.718772888183594,299.004150390625,294.68310546875,96812.4375,43.276065826416016,10.764929941841327,20.058094981776435,0.0,0,EF0,CST-6,28-JUN-17 17:18:00
708506,2017-06-14T01:00:00+00:00,45.8851,-96.9201,1101.0,233.60963439941406,294.897705078125,293.1369934082031,95710.25,46.216697692871094,6.305594744100395,22.125942904928156,0.0,0,EF0,CST-6,13-JUN-17 19:25:00
708509,2017-06-14T00:00:00+00:00,45.3122,-97.6343,1107.625,114.23461151123047,292.89306640625,290.7286376953125,93721.1875,42.25579833984375,6.802973198373966,22.205791072531444,1.0,0,EF1,CST-6,13-JUN-17 18:29:00
710982,2017-06-19T16:00:00+00:00,41.8641,-76.6335,713.75,18.829519271850586,295.642333984375,294.74072265625,96153.9375,48.27814483642578,8.366268445083591,17.33318539779588,0.0,0,EF0,EST-5,19-JUN-17 11:20:00
696615,2017-06-07T18:00:00+00:00,47.62,-97.5,571.25,40.3769645690918,296.79296875,287.0859375,97604.4375,26.09387969970703,1.2450308927211287,7.711316535596439,0.0,0,EF0,CST-6,07-JUN-17 11:59:00
701157,2017-06-07T18:00:00+00:00,47.639,-97.47,571.25,40.3769645690918,296.79296875,287.0859375,97604.4375,26.09387969970703,1.2450308927211287,7.711316535596439,0.0,0,EF0,CST-6,07-JUN-17 12:05:00
710059,2017-06-14T01:00:00+00:00,45.5128,-96.4359,1740.5,38.1096305847168,295.916259765625,294.0940246582031,96254.25,52.394432067871094,6.507603087423942,23.560629940295104,1.0,0,EF1,CST-6,13-JUN-17 19:27:00
708460,2017-06-13T21:00:00+00:00,44.839,-98.79,2395.875,5.640645503997803,302.03955078125,293.3416748046875,95153.9375,43.86727523803711,2.546742635336653,12.214798420097251,1.0,0,EF1,CST-6,13-JUN-17 15:25:00
693745,2017-06-14T21:00:00+00:00,44.31,-88.44,3150.75,295.03125,300.376220703125,293.8614501953125,97964.75,41.83124542236328,6.207629705461811,10.650981592928725,0.0,0,EF0,CST-6,14-JUN-17 14:30:00
693746,2017-06-14T21:00:00+00:00,44.29,-88.0,2538.375,408.53125,299.405517578125,293.5450439453125,98096.75,37.45819854736328,7.056921720482751,11.592994724119295,0.0,0,EF0,CST-6,14-JUN-17 14:53:00
673719,2017-01-21T18:00:00+00:00,33.1792,-83.343,230.8125,1.8087990283966064,289.228759765625,288.4091796875,98767.984375,40.094940185546875,18.260577770342252,26.0056411013531,0.0,0,EF0,EST-5,21-JAN-17 13:10:00
709654,2017-06-30T21:00:00+00:00,43.0994,-75.6188,1019.0,23.39083480834961,295.64453125,295.3834228515625,97812.5625,44.22262954711914,11.012746588721964,11.730425905208278,0.0,0,EF0,EST-5,30-JUN-17 15:45:00
702412,2017-06-23T22:00:00+00:00,37.5285,-85.7443,179.5,51.66410827636719,295.96337890625,295.582763671875,97814.3125,59.52680206298828,5.404123190492354,12.482003171325752,1.0,0,EF1,EST-5,23-JUN-17 16:37:00
705005,2017-06-29T00:00:00+00:00,43.998,-92.3098,1016.0,178.19204711914062,298.260498046875,293.68707275390625,95887.1875,35.44579315185547,12.309668952510318,15.790723476722064,0.0,0,EF0,CST-6,28-JUN-17 18:07:00
693346,2017-06-12T23:00:00+00:00,40.8995,-104.3346,328.0,157.8900604248047,301.22265625,280.54425048828125,82931.3125,21.086685180664062,1.2293374085940663,10.621718850907778,1.0,0,EF1,MST-7,12-JUN-17 15:40:00
697525,2017-06-10T00:00:00+00:00,48.68,-97.82,183.625,,296.227294921875,288.253173828125,95969.75,41.16301345825195,10.976367213278289,24.934325021114667,1.0,0,EF1,CST-6,09-JUN-17 18:12:00
696871,2017-06-10T01:00:00+00:00,47.76,-98.76,108.0625,,300.69482421875,287.481689453125,94259.625,32.63772964477539,13.73987861793806,27.189778469624194,0.0,0,EF0,CST-6,09-JUN-17 19:29:00
708502,2017-06-14T01:00:00+00:00,45.595,-97.374,994.875,266.578369140625,293.812744140625,291.4153137207031,94302.25,43.236228942871094,6.490511125155818,19.529718723920713,0.0,0,EF0,CST-6,13-JUN-17 18:55:00
710060,2017-06-14T02:00:00+00:00,45.6005,-96.3251,1306.5,110.54701232910156,294.358154296875,293.1796569824219,96326.75,49.849342346191406,9.733989184141416,23.314187384472667,1.0,0,EF1,CST-6,13-JUN-17 19:30:00
693748,2017-06-14T20:00:00+00:00,44.244,-88.405,3384.375,499.3094482421875,299.696044921875,293.32598876953125,98001.0,39.57233810424805,6.269191349560903,13.188068212069664,1.0,0,EF1,CST-6,14-JUN-17 14:29:00
693747,2017-06-14T20:00:00+00:00,44.236,-88.423,3384.375,499.3094482421875,299.696044921875,293.32598876953125,98001.0,39.57233810424805,6.269191349560903,13.188068212069664,0.0,0,EF0,CST-6,14-JUN-17 14:28:00
694048,2017-06-14T19:00:00+00:00,44.869,-88.749,1210.125,93.17194366455078,300.022705078125,293.5737609863281,97275.375,39.58513259887695,9.399726842586642,13.135996214038835,0.0,0,EF0,CST-6,14-JUN-17 12:47:00
702413,2017-06-23T22:00:00+00:00,37.6177,-85.4359,259.5,5.664107799530029,296.23486328125,295.980224609375,97758.3125,62.19086456298828,5.8692754114058125,10.434834313772695,1.0,0,EF1,EST-5,23-JUN-17 17:05:00
706338,2017-06-14T00:00:00+00:00,45.4433,-95.8244,1631.375,58.40648651123047,300.04833984375,294.5772705078125,96242.1875,46.56243896484375,15.858228621215634,19.872906196032645,0.0,0,EF0,CST-6,13-JUN-17 17:45:00
706340,2017-06-14T00:00:00+00:00,45.5672,-95.7975,1660.625,32.95336151123047,297.67822265625,293.9688720703125,95995.1875,48.53704833984375,14.537135370283101,22.227499683917316,1.0,0,EF1,CST-6,13-JUN-17 17:56:00
694056,2017-06-14T21:00:00+00:00,44.647,-88.287,2775.625,269.8125,300.446533203125,293.8682861328125,98085.75,39.85175323486328,6.9703362196465894,11.509303611192271,1.0,0,EF1,CST-6,14-JUN-17 14:51:00
694079,2017-06-14T21:00:00+00:00,44.646,-88.363,2775.625,269.8125,300.446533203125,293.8682861328125,98085.75,39.85175323486328,6.9703362196465894,11.509303611192271,0.0,0,EF0,CST-6,14-JUN-17 14:53:00
694106,2017-06-14T21:00:00+00:00,44.571,-88.509,2825.25,244.015625,300.740478515625,293.7364501953125,97895.75,41.43085479736328,7.858036206503707,11.009912782563626,0.0,0,EF0,CST-6,14-JUN-17 14:40:00
712452,2017-09-01T23:00:00+00:00,47.92,-98.42,215.5,223.67205810546875,297.568115234375,289.283203125,95676.1875,26.655536651611328,3.4522127012357577,9.467347624371202,0.0,0,EF0,CST-6,01-SEP-17 16:30:00
712453,2017-09-01T23:00:00+00:00,47.91,-98.35,362.625,161.04705810546875,297.311279296875,289.9384765625,95714.1875,27.907489776611328,3.4743883882973052,10.607340262376479,0.0,0,EF0,CST-6,01-SEP-17 16:38:00
697239,2017-06-22T00:00:00+00:00,46.3,-96.29,496.625,11.398615837097168,299.5126953125,291.6767578125,96410.5625,34.93918228149414,5.952659142708223,13.920500189367795,0.0,0,EF0,CST-6,21-JUN-17 17:39:00
696610,2017-06-07T18:00:00+00:00,48.07,-97.69,232.125,92.68946075439453,295.2294921875,286.1533203125,97287.4375,25.93079376220703,0.7694385032622464,7.630631862264565,0.0,0,EF0,CST-6,07-JUN-17 11:49:00
701347,2017-06-20T14:00:00+00:00,29.6393,-84.9077,448.25,37.96879577636719,298.620849609375,296.281494140625,101558.0,58.57356262207031,7.237432742703432,8.649406881728732,0.0,0,EF0,EST-5,20-JUN-17 09:15:00
675259,2017-03-06T23:00:00+00:00,43.5701,-93.8204,496.6875,24.82158088684082,289.12060546875,285.90435791015625,94756.5,24.071964263916016,15.691609113520094,21.8295442761191,1.0,0,EF1,CST-6,06-MAR-17 17:04:00
696919,2017-06-10T07:00:00+00:00,47.18,-94.69,732.3125,242.6407012939453,294.278564453125,289.53564453125,94621.4375,34.73686218261719,18.48676755070923,18.967574846665357,1.0,0,EF1,CST-6,10-JUN-17 01:10:00
694117,2017-06-14T21:00:00+00:00,44.5908,-88.4033,2825.25,244.015625,300.740478515625,293.7364501953125,97895.75,41.43085479736328,7.858036206503707,11.009912782563626,1.0,0,EF1,CST-6,14-JUN-17 14:45:00
694107,2017-06-14T21:00:00+00:00,44.5896,-88.4736,2825.25,244.015625,300.740478515625,293.7364501953125,97895.75,41.43085479736328,7.858036206503707,11.009912782563626,1.0,0,EF1,CST-6,14-JUN-17 14:43:00
694134,2017-06-14T21:00:00+00:00,44.5479,-88.6628,2750.25,180.359375,300.236572265625,293.5098876953125,97550.75,42.40644073486328,7.039178604094857,10.819573092219931,0.0,0,EF0,CST-6,14-JUN-17 14:31:00
706032,2017-06-19T22:00:00+00:00,41.304,-79.52,643.625,,293.6650390625,290.684326171875,95779.5625,27.188934326171875,7.449994416964427,11.223319787129089,0.0,0,EF0,EST-5,19-JUN-17 16:52:00
711900,2017-06-23T19:00:00+00:00,40.104,-80.171,998.625,14.625286102294922,296.798828125,294.925048828125,96447.625,47.65011215209961,15.284041840956288,19.678384818527388,1.0,0,EF1,EST-5,23-JUN-17 14:21:00
708454,2017-06-13T21:00:00+00:00,44.8,-98.84,2395.875,5.640645503997803,302.03955078125,293.3416748046875,95153.9375,43.86727523803711,2.546742635336653,12.214798420097251,0.0,0,EF0,CST-6,13-JUN-17 15:16:00
696419,2017-06-14T20:00:00+00:00,44.196,-89.207,2126.875,199.46568298339844,300.957763671875,292.50274658203125,97369.0,40.82331466674805,4.336501642648186,11.429073580309078,1.0,0,EF1,CST-6,14-JUN-17 13:49:00
711897,2017-06-23T22:00:00+00:00,39.66,-79.853,476.0,13.335983276367188,296.08837890625,294.405029296875,94864.3125,50.51020050048828,6.950051260804193,19.82476183982685,0.0,0,EF0,EST-5,23-JUN-17 16:55:00
711898,2017-06-24T00:00:00+00:00,39.495,-79.93,379.0,23.730276107788086,295.819580078125,293.892333984375,95344.3125,51.247135162353516,11.81322014809073,16.506434630981783,1.0,0,EF1,EST-5,23-JUN-17 18:47:00
710163,2017-06-13T05:00:00+00:00,42.0848,-102.657,644.9375,,297.215576171875,283.67730712890625,86589.3125,19.247663497924805,0.26620010554410745,21.004561188482487,1.0,0,EF1,MST-7,12-JUN-17 21:40:00
710165,2017-06-13T03:00:00+00:00,42.08,-102.67,773.875,773.265625,297.640869140625,286.750244140625,86691.4375,27.565092086791992,0.27143511028114703,17.433327061235175,1.0,0,EF1,MST-7,12-JUN-17 19:30:00
708616,2017-07-19T22:00:00+00:00,43.9932,-92.3203,3315.125,44.50007629394531,298.567626953125,294.5224609375,97219.3125,53.020042419433594,4.3367038242247995,15.83758385322964,1.0,0,EF1,CST-6,19-JUL-17 16:07:00
708104,2017-08-17T01:00:00+00:00,44.7246,-93.4707,172.0,0.4801962971687317,295.802978515625,294.35400390625,96997.875,52.343685150146484,10.824497519396324,12.294948512443865,0.0,0,EF0,CST-6,16-AUG-17 18:46:00
698419,2017-06-13T01:00:00+00:00,42.93,-106.39,794.125,380.9066467285156,294.849853515625,285.6918640136719,81240.625,18.322799682617188,0.3881857485093305,11.613190063437493,0.0,0,EF0,MST-7,12-JUN-17 17:36:00
698417,2017-06-13T00:00:00+00:00,44.17,-108.42,755.625,182.73446655273438,294.93310546875,284.41912841796875,82448.0,19.70768928527832,0.4955536708419112,9.050313229220423,0.0,0,EF0,MST-7,12-JUN-17 17:14:00
702698,2017-06-05T23:00:00+00:00,35.766,-77.33,716.625,6.593894958496094,298.563720703125,295.926025390625,100262.8125,53.28533172607422,5.6697127311565145,12.01869236432999,1.0,0,EF1,EST-5,05-JUN-17 18:25:00
710167,2017-06-13T03:00:00+00:00,42.13,-102.62,782.375,763.90625,297.791259765625,287.239501953125,86969.4375,26.121732711791992,0.19987404065308423,17.158546848877613,1.0,0,EF1,MST-7,12-JUN-17 19:40:00
696712,2017-06-13T03:00:00+00:00,43.2533,-101.9452,731.625,153.046875,292.007080078125,289.905517578125,88925.4375,32.748687744140625,0.034443854440680155,15.064791043983924,0.0,0,EF0,MST-7,12-JUN-17 20:10:00
693562,2017-06-14T18:00:00+00:00,28.2772,-81.4182,1606.75,74.34624481201172,301.836669921875,295.2667236328125,101467.875,53.61585235595703,2.3843715364355758,3.2488598631093386,0.0,0,EF0,EST-5,14-JUN-17 12:30:00
673859,2017-01-23T09:00:00+00:00,25.8162,-80.3258,295.5,8.359413146972656,296.3206787109375,294.420654296875,100003.5625,37.99095153808594,12.942523050644938,19.995335910240268,1.0,0,EF1,EST-5,23-JAN-17 03:45:00
721636,2017-06-13T00:00:00+00:00,41.3969,-103.9754,265.5,151.89071655273438,299.26416015625,284.38885498046875,83375.0,22.35612678527832,0.06317759779328633,14.445043975384857,,0,EFU,MST-7,12-JUN-17 17:12:00
721662,2017-06-13T00:00:00+00:00,42.4636,-104.0529,894.625,40.56259536743164,298.77978515625,284.40545654296875,84850.0,33.80534362792969,0.16978282454913893,9.449716902530405,2.0,1,EF2,MST-7,12-JUN-17 16:30:00
721638,2017-06-13T01:00:00+00:00,42.8953,-103.3131,597.25,176.8910369873047,301.023681640625,288.2026062011719,87899.625,35.72319030761719,0.24470987569590094,13.544988550594454,,0,EFU,MST-7,12-JUN-17 17:33:00
697707,2017-06-25T21:00:00+00:00,37.4167,-102.3206,922.75,74.59378051757812,296.92431640625,288.636962890625,88581.0,31.310359954833984,0.037848177555053195,9.07371340367405,0.0,0,EF0,MST-7,25-JUN-17 14:25:00
673893,2017-03-07T00:00:00+00:00,43.7356,-93.3505,464.5625,28.53761100769043,289.44580078125,286.56951904296875,94641.0625,25.820274353027344,15.863713363810934,23.99279681001673,1.0,0,EF1,CST-6,06-MAR-17 17:38:00
711650,2017-06-19T22:00:00+00:00,41.304,-79.52,643.625,,293.6650390625,290.684326171875,95779.5625,27.188934326171875,7.449994416964427,11.223319787129089,0.0,0,EF0,EST-5,19-JUN-17 16:52:00
698415,2017-06-13T00:00:00+00:00,43.6916,-106.685,1104.75,61.10947036743164,291.06494140625,285.50311279296875,81486.0,22.47136116027832,0.6403354250771655,12.450778193323668,2.0,1,EF2,MST-7,12-JUN-17 16:30:00
698418,2017-06-13T00:00:00+00:00,44.42,-108.91,712.375,30.15634536743164,287.89013671875,284.34295654296875,79891.0,20.38347053527832,0.4036460058272558,10.690774857272489,0.0,0,EF0,MST-7,12-JUN-17 16:50:00
704338,2017-06-29T00:00:00+00:00,42.666,-89.621,603.625,24.395172119140625,295.960693359375,292.75054931640625,97322.1875,43.92137908935547,13.963448692770568,21.125585594482793,1.0,0,EF1,CST-6,28-JUN-17 17:55:00
708102,2017-08-16T23:00:00+00:00,44.5654,-94.2676,611.5,2.0460548400878906,295.56982421875,294.826904296875,96960.8125,53.214683532714844,9.125968457721392,13.90609862913087,0.0,0,EF0,CST-6,16-AUG-17 17:26:00
740128,2017-01-21T21:00:00+00:00,33.3491,-81.2174,240.75,3.2031400203704834,291.19580078125,289.908203125,99474.984375,43.77195358276367,15.116253010703598,24.52533988853751,1.0,0,EF1,EST-5,21-JAN-17 15:56:00
677957,2017-01-23T06:00:00+00:00,26.7896,-80.3272,1119.53125,0.5157520771026611,297.09295654296875,294.3135070800781,99970.5625,41.663665771484375,17.564635750376134,23.97957702099739,1.0,0,EF1,EST-5,23-JAN-17 01:25:00
714926,2017-07-01T18:00:00+00:00,43.8504,-70.6332,483.875,105.13964080810547,299.27001953125,294.346435546875,100050.75,47.29409408569336,4.978447800677018,15.822466523301825,0.0,0,EF0,EST-5,01-JUL-17 13:20:00
714929,2017-07-01T23:00:00+00:00,44.0964,-70.6009,357.5,2.7812747955322266,296.598388671875,294.893310546875,99323.9375,50.792537689208984,13.076488465123784,13.418166292150767,0.0,0,EF0,EST-5,01-JUL-17 17:31:00
713995,2017-07-11T00:00:00+00:00,40.6413,-86.3959,2144.125,55.175025939941406,298.822998046875,296.0673828125,98295.4375,42.16581726074219,11.964320781699852,13.22812261801045,1.0,0,EF1,EST-5,10-JUL-17 18:53:00
675726,2017-03-01T05:00:00+00:00,38.404,-87.071,1483.625,34.63930130004883,291.25042724609375,288.88653564453125,98805.625,33.53960418701172,17.086565766513967,25.25380904016523,2.0,1,EF2,EST-5,01-MAR-17 00:03:00
705545,2017-06-28T21:00:00+00:00,44.8244,-92.4892,1871.125,15.625089645385742,298.06494140625,293.978271484375,96477.375,38.89934539794922,5.735070039962214,14.63120270357522,1.0,0,EF1,CST-6,28-JUN-17 15:25:00
706996,2017-06-17T04:00:00+00:00,30.3617,-88.5556,1930.75,102.23263549804688,299.18017578125,296.9231872558594,101191.75,51.6524772644043,2.4637578476545055,2.7691846436736416,1.0,0,EF1,CST-6,16-JUN-17 22:18:00
714902,2017-07-01T22:00:00+00:00,44.0597,-70.718,476.375,7.562556743621826,295.790283203125,294.574462890625,98165.625,48.34382247924805,11.253805051611938,15.67407214216645,1.0,0,EF1,EST-5,01-JUL-17 17:14:00
721647,2017-06-13T01:00:00+00:00,41.7649,-103.3224,592.375,153.9847869873047,300.218994140625,287.2690124511719,86300.625,24.791549682617188,0.46629918897938794,15.775393876548815,1.0,0,EF1,MST-7,12-JUN-17 18:13:00
721654,2017-06-13T01:00:00+00:00,41.8219,-103.3408,592.375,153.9847869873047,300.218994140625,287.2690124511719,86300.625,24.791549682617188,0.46629918897938794,15.775393876548815,2.0,1,EF2,MST-7,12-JUN-17 18:19:00
687939,2017-05-12T21:00:00+00:00,36.5211,-81.9314,318.875,27.37504005432129,287.62158203125,286.988037109375,93051.75,29.46465301513672,3.947349798472047,12.524857358057304,0.0,0,EF0,EST-5,12-MAY-17 15:30:00
708105,2017-08-17T01:00:00+00:00,44.8802,-94.0465,208.625,0.2614462971687317,294.845458984375,293.76416015625,96850.875,52.117122650146484,11.71367563961029,10.353413946601075,0.0,0,EF0,CST-6,16-AUG-17 19:08:00
721657,2017-06-13T02:00:00+00:00,42.0021,-102.9501,916.0625,362.7031555175781,300.16845703125,286.09185791015625,86542.0625,28.463970184326172,0.3705467276144012,15.035499071239705,0.0,0,EF0,MST-7,12-JUN-17 19:04:00
708106,2017-08-16T22:00:00+00:00,44.2279,-94.1762,723.25,0.5268082618713379,296.253662109375,295.17919921875,97015.1875,53.61438751220703,7.356790708583865,11.336869886658883,0.0,0,EF0,CST-6,16-AUG-17 15:46:00
670132,2017-01-21T21:00:00+00:00,33.3089,-81.3711,240.75,3.2031400203704834,291.19580078125,289.908203125,99474.984375,43.77195358276367,15.116253010703598,24.52533988853751,2.0,1,EF2,EST-5,21-JAN-17 15:47:00
721639,2017-06-12T22:00:00+00:00,42.1006,-104.6379,833.875,106.81251525878906,297.821533203125,285.4814453125,85024.0,29.48855972290039,0.11068898555556057,6.973289356948423,,0,EFU,MST-7,12-JUN-17 14:55:00
721617,2017-06-12T23:00:00+00:00,41.3045,-104.6858,1465.375,12.780680656433105,293.8720703125,286.92120361328125,81140.3125,28.518325805664062,0.22342118147364637,16.708954470200634,0.0,0,EF0,MST-7,12-JUN-17 15:40:00
721622,2017-06-13T01:00:00+00:00,41.4869,-103.64,548.125,380.1410217285156,300.787353515625,285.8119812011719,84748.625,22.244674682617188,0.41718973694401695,15.66140675996476,1.0,0,EF1,MST-7,12-JUN-17 17:30:00
697684,2017-05-17T20:00:00+00:00,43.24,-95.95,1187.25,16.484495162963867,292.238525390625,289.58416748046875,94389.9375,30.370502471923828,3.6143046198692157,10.898137496593003,0.0,0,EF0,CST-6,17-MAY-17 13:42:00
717768,2017-08-17T00:00:00+00:00,44.694,-94.5097,513.0,0.3594287931919098,295.1015625,294.310546875,96704.0,52.520870208740234,10.472356810491608,13.114763444226007,0.0,0,EF0,CST-6,16-AUG-17 18:21:00
692918,2017-04-29T21:00:00+00:00,39.0711,-90.1723,704.0,16.093860626220703,287.281005859375,286.9000549316406,98945.25,47.11713409423828,19.086752144159295,30.801377852086663,1.0,0,EF1,CST-6,29-APR-17 15:02:00
715422,2017-06-21T13:00:00+00:00,30.391,-88.971,482.9375,4.267533779144287,298.588623046875,297.544921875,100834.3125,58.119754791259766,10.14160595737019,7.5803797668211,0.0,0,EF0,CST-6,21-JUN-17 07:20:00
710873,2017-06-11T13:00:00+00:00,45.1365,-94.9011,850.875,44.95329666137695,292.882568359375,290.433837890625,96748.8125,41.741024017333984,9.976980369694218,9.84248751323179,1.0,0,EF1,CST-6,11-JUN-17 06:31:00
717099,2017-06-29T01:00:00+00:00,42.211,-88.948,554.125,235.1771240234375,297.7041015625,290.544189453125,97759.75,40.672515869140625,15.25414916874777,20.294402614112588,1.0,0,EF1,CST-6,28-JUN-17 19:14:00
717100,2017-06-29T01:00:00+00:00,42.208,-88.81,485.75,,297.7255859375,289.846923828125,97717.75,40.125640869140625,15.258878156865755,18.84816153912802,1.0,0,EF1,CST-6,28-JUN-17 19:23:00
708991,2017-07-19T22:00:00+00:00,43.3208,-92.4509,2693.5,50.32820129394531,299.792236328125,295.90625,97232.3125,56.496604919433594,5.144183407471717,15.036764045858575,0.0,0,EF0,CST-6,19-JUL-17 16:15:00
697683,2017-05-17T19:00:00+00:00,43.02,-95.97,979.875,4.42195463180542,292.346435546875,289.4964599609375,94399.1875,32.281944274902344,6.0762542724832125,11.232392257301523,0.0,0,EF0,CST-6,17-MAY-17 13:10:00
714904,2017-07-01T21:00:00+00:00,44.0478,-70.8161,838.0,14.40633773803711,296.46435546875,294.61376953125,98276.75,47.82236099243164,7.786630300843855,15.485639997542346,1.0,0,EF1,EST-5,01-JUL-17 15:42:00
721619,2017-06-12T23:00:00+00:00,41.002,-104.3051,328.0,157.8900604248047,301.22265625,280.54425048828125,82931.3125,21.086685180664062,1.2293374085940663,10.621718850907778,2.0,1,EF2,MST-7,12-JUN-17 15:57:00
714924,2017-07-01T22:00:00+00:00,44.03,-70.8,476.375,7.562556743621826,295.790283203125,294.574462890625,98165.625,48.34382247924805,11.253805051611938,15.67407214216645,1.0,0,EF1,EST-5,01-JUL-17 17:09:00
692917,2017-04-29T21:00:00+00:00,38.8507,-90.531,925.875,29.890735626220703,288.465576171875,287.9674377441406,98944.25,48.30658721923828,18.233927323014047,29.392019763955478,0.0,0,EF0,CST-6,29-APR-17 14:31:00
708956,2017-07-19T22:00:00+00:00,43.6942,-92.2193,3124.75,48.92195129394531,298.992431640625,295.5390625,97111.3125,55.115745544433594,5.067136460100744,14.54726964288636,1.0,0,EF1,CST-6,19-JUL-17 16:25:00
690886,2017-04-03T19:00:00+00:00,34.554,-82.07,525.5625,0.07814772427082062,290.650634765625,289.61553955078125,98625.75,40.4290657043457,14.6320763874497,14.245037479677679,0.0,0,EF0,EST-5,03-APR-17 13:49:00
721642,2017-06-12T23:00:00+00:00,42.5793,-105.7104,1279.25,45.57755661010742,291.3740234375,285.07452392578125,79617.3125,19.785903930664062,1.2411048307895436,11.73181102592977,1.0,0,EF1,MST-7,12-JUN-17 15:49:00
721620,2017-06-12T23:00:00+00:00,41.0296,-104.1333,607.0,144.4369354248047,299.728515625,284.58624267578125,83195.3125,24.742935180664062,0.5928682009208268,10.054509329386795,1.0,0,EF1,MST-7,12-JUN-17 16:05:00
675728,2017-03-01T11:00:00+00:00,38.468,-85.952,637.3125,174.75770568847656,289.6723327636719,287.4077453613281,97905.3125,33.226566314697266,17.376891291082625,21.455547167680564,1.0,0,EF1,EST-5,01-MAR-17 06:04:00
705363,2017-06-28T22:00:00+00:00,45.762,-92.426,763.875,40.89347457885742,294.942138671875,292.70538330078125,96301.5,39.20689010620117,6.8019117315689845,16.17147986319932,1.0,0,EF1,CST-6,28-JUN-17 15:49:00
709960,2017-07-19T23:00:00+00:00,43.0096,-91.2827,3148.625,142.2032012939453,300.24853515625,295.634033203125,98185.5,58.06791687011719,6.293176381868694,8.36427747621143,1.0,0,EF1,CST-6,19-JUL-17 17:08:00
690887,2017-04-03T19:00:00+00:00,34.582,-81.606,757.75,0.7343977093696594,292.163330078125,290.59893798828125,99258.75,44.7903938293457,16.75973373660871,15.71455334935014,1.0,0,EF1,EST-5,03-APR-17 14:21:00
721661,2017-06-12T23:00:00+00:00,42.276,-104.1957,720.25,93.01505279541016,298.4130859375,284.50225830078125,84669.3125,30.406997680664062,0.20611998069078274,7.580150657338085,2.0,1,EF2,MST-7,12-JUN-17 16:09:00
692919,2017-04-29T21:00:00+00:00,39.0841,-90.1458,624.875,48.5938606262207,288.910888671875,288.3639221191406,98854.25,46.01166534423828,18.38514508067491,32.399457661234905,0.0,0,EF0,CST-6,29-APR-17 15:04:00
675724,2017-03-01T11:00:00+00:00,38.6884,-86.33,222.6875,104.72645568847656,288.6674499511719,286.6821594238281,97818.3125,32.918949127197266,15.586084958503436,22.48449813654461,1.0,0,EF1,EST-5,01-MAR-17 05:38:00
721621,2017-06-13T00:00:00+00:00,41.3683,-103.8818,133.125,177.20321655273438,299.66064453125,284.88885498046875,84005.0,21.59831428527832,0.49914083260138825,14.12161795650588,1.0,0,EF1,MST-7,12-JUN-17 17:01:00
714503,2017-05-19T09:00:00+00:00,38.9166,-91.6829,1791.25,73.1250228881836,292.435791015625,291.33544921875,98329.9375,41.12998962402344,13.469570808541235,18.36491594310341,1.0,0,EF1,CST-6,19-MAY-17 03:15:00
709211,2017-08-18T22:00:00+00:00,28.3162,-80.7468,878.75,46.92145919799805,300.7685546875,297.564697265625,101472.625,51.06121826171875,5.658016238164426,6.798337580630081,0.0,0,EF0,EST-5,18-AUG-17 17:29:00
709228,2017-08-18T22:00:00+00:00,27.715,-80.6857,1499.0,104.01520538330078,301.5146484375,297.552978515625,101312.625,46.73602294921875,6.000644150110121,5.078770969366863,0.0,0,EF0,EST-5,18-AUG-17 16:40:00
709537,2017-06-28T21:00:00+00:00,41.0626,-94.8906,2209.125,117.51571655273438,303.75927734375,294.352294921875,96287.375,41.59563446044922,10.89771788128718,16.940192475185334,1.0,0,EF1,CST-6,28-JUN-17 15:21:00
716498,2017-09-20T06:00:00+00:00,45.4125,-95.3726,1266.25,2.359503984451294,292.713134765625,291.779052734375,95570.125,53.165565490722656,11.543599182962197,21.1189007914594,1.0,0,EF1,CST-6,19-SEP-17 23:34:00
716503,2017-09-20T06:00:00+00:00,45.5505,-95.0572,1100.125,0.6876288652420044,292.186767578125,291.031982421875,95248.125,52.228065490722656,17.094156800510408,28.036428179665414,1.0,0,EF1,CST-6,19-SEP-17 23:49:00
705509,2017-08-04T22:00:00+00:00,39.8548,-78.15,608.375,,302.22705078125,292.312255859375,97633.9375,40.95991516113281,7.981992636571401,11.801128372137516,1.0,0,EF1,EST-5,04-AUG-17 16:55:00
722106,2017-09-20T06:00:00+00:00,45.3549,-95.2553,1266.25,2.359503984451294,292.713134765625,291.779052734375,95570.125,53.165565490722656,11.543599182962197,21.1189007914594,1.0,0,EF1,CST-6,19-SEP-17 23:38:00
711662,2017-08-07T22:00:00+00:00,40.43,-101.75,135.125,,294.930419921875,286.383056640625,90265.8125,22.823837280273438,0.37225720277359947,5.5579753186000715,0.0,0,EF0,MST-7,07-AUG-17 15:22:00
717103,2017-08-27T01:00:00+00:00,27.4769,-82.554,1762.625,12.593865394592285,299.861572265625,297.8955078125,101224.6875,64.64047241210938,4.680498375477891,5.512207576987347,0.0,0,EF0,EST-5,26-AUG-17 20:19:00
714938,2017-08-26T21:00:00+00:00,43.0595,-103.2956,1253.5,360.9844055175781,301.28955078125,284.602294921875,89528.8125,24.981494903564453,0.21887960841045584,6.332032547997597,0.0,0,EF0,MST-7,26-AUG-17 14:20:00
719849,2017-08-31T21:00:00+00:00,35.5402,-87.7327,817.5,107.96881103515625,296.6650390625,295.6875,98600.6875,51.00428009033203,9.881078769298659,13.63139398234155,0.0,0,EF0,CST-6,31-AUG-17 15:19:00
720030,2017-08-20T01:00:00+00:00,41.8294,-99.5806,1248.125,220.74525451660156,302.675048828125,293.84979248046875,92308.5625,24.384845733642578,6.545666443417155,9.541508877270521,2.0,1,EF2,CST-6,19-AUG-17 19:14:00
725679,2017-10-31T13:00:00+00:00,42.8768,-78.8939,0.625,,277.8994140625,273.85052490234375,98569.3125,9.13383674621582,10.456554676747054,14.747479146247159,0.0,0,EF0,EST-5,31-OCT-17 08:15:00
709538,2017-06-28T22:00:00+00:00,41.0779,-94.6763,4742.625,121.50285339355469,297.985107421875,294.39385986328125,96070.5,39.78403854370117,7.551651352043101,14.863786003514186,0.0,0,EF0,CST-6,28-JUN-17 15:43:00
706945,2017-08-12T23:00:00+00:00,39.78,-103.15,1520.5,182.54705810546875,299.76171875,286.73828125,86003.375,32.50931930541992,0.158746830762109,4.372390290211625,0.0,0,EF0,MST-7,12-AUG-17 16:10:00
706947,2017-08-12T23:00:00+00:00,39.7,-103.15,975.875,130.96893310546875,299.0947265625,286.9755859375,85538.375,29.308147430419922,0.1779382612094559,6.544909601128371,0.0,0,EF0,MST-7,12-AUG-17 16:27:00
714221,2017-08-06T03:00:00+00:00,45.69,-68.69,171.875,,291.103515625,290.275146484375,98508.0,38.538124084472656,11.992892426972299,12.630896988026914,1.0,0,EF1,EST-5,05-AUG-17 21:47:00
714223,2017-08-06T04:00:00+00:00,45.91,-68.36,92.0,,291.48046875,290.679443359375,99034.3125,38.75141143798828,11.585436461801304,12.43960481212693,1.0,0,EF1,EST-5,05-AUG-17 22:30:00
719112,2017-08-04T19:00:00+00:00,43.17,-74.11,1780.5,92.67201232910156,296.68212890625,293.665283203125,97802.25,34.69134521484375,5.0673331667087265,9.308968610112737,,0,EFU,EST-5,04-AUG-17 13:50:00
719850,2017-08-31T22:00:00+00:00,35.5178,-87.2251,168.75,196.23439025878906,296.14453125,294.7509765625,98155.0,50.93714141845703,11.630080751191118,16.837774137614087,0.0,0,EF0,CST-6,31-AUG-17 16:11:00
716488,2017-09-20T05:00:00+00:00,44.936,-95.7351,1835.375,9.781438827514648,293.947509765625,292.02099609375,96084.5,50.50736618041992,12.310764953791844,23.23768510760084,0.0,0,EF0,CST-6,19-SEP-17 23:18:00
730992,2017-12-20T08:00:00+00:00,30.4354,-93.4762,906.5,1.15632963180542,294.40277099609375,293.9793701171875,101106.0625,45.74325180053711,18.453335519042763,19.42061801176186,1.0,0,EF1,CST-6,20-DEC-17 02:17:00
716497,2017-09-20T06:00:00+00:00,45.3909,-95.4114,665.0,16.68762969970703,293.010986328125,292.079833984375,95869.125,49.954627990722656,8.98852140378782,15.188226221603342,1.0,0,EF1,CST-6,19-SEP-17 23:32:00
720692,2017-09-16T00:00:00+00:00,44.0202,-97.3186,513.75,301.0470275878906,295.02001953125,292.560791015625,94462.0625,30.623424530029297,9.767074439547189,18.058134716722122,0.0,0,EF0,CST-6,15-SEP-17 18:04:00
723031,2017-09-20T01:00:00+00:00,44.6717,-98.5656,1840.125,128.2501220703125,295.66015625,291.822509765625,94854.4375,32.601348876953125,17.81630183158914,13.300354201483174,1.0,0,EF1,CST-6,19-SEP-17 18:46:00
723032,2017-09-20T02:00:00+00:00,44.8338,-97.7961,1444.625,41.500038146972656,294.233642578125,291.31494140625,93901.875,33.83919143676758,18.899855491573852,26.680915794086996,0.0,0,EF0,CST-6,19-SEP-17 19:55:00
706948,2017-08-13T00:00:00+00:00,39.75,-103.22,2575.875,102.56251525878906,295.7978515625,286.39794921875,84947.75,33.762298583984375,0.3192795189997555,3.0179037537472917,0.0,0,EF0,MST-7,12-AUG-17 16:30:00
706949,2017-08-13T00:00:00+00:00,39.68,-103.13,2042.375,96.85939025878906,296.9716796875,286.83349609375,85639.75,33.721282958984375,0.08895328760714648,4.008484097118943,0.0,0,EF0,MST-7,12-AUG-17 16:45:00
711989,2017-08-04T00:00:00+00:00,33.41,-112.07,927.75,290.89068603515625,308.287353515625,295.180419921875,96762.25,54.23610305786133,2.097086332242551,7.051598975787341,0.0,0,EF0,MST-7,03-AUG-17 17:05:00
719854,2017-09-01T04:00:00+00:00,36.2073,-86.854,165.5,2.2187647819519043,295.152099609375,294.057861328125,98274.125,56.905582427978516,16.927936439356625,27.793661719430123,1.0,0,EF1,CST-6,31-AUG-17 22:21:00
719856,2017-09-01T05:00:00+00:00,36.1597,-86.7079,191.0,,295.275634765625,294.1513671875,98247.6875,55.93471145629883,14.989638477271262,25.90859079902951,0.0,0,EF0,CST-6,31-AUG-17 22:47:00
716504,2017-09-20T06:00:00+00:00,45.882,-94.7425,790.375,0.7188788652420044,292.046142578125,290.545654296875,95396.125,50.370643615722656,13.756625983865819,28.643994732115093,1.0,0,EF1,CST-6,20-SEP-17 00:04:00
723033,2017-09-20T02:00:00+00:00,45.0904,-97.6304,1382.75,23.281288146972656,294.295166015625,291.51220703125,93379.875,34.71809768676758,16.219658537749943,26.10526879117868,0.0,0,EF0,CST-6,19-SEP-17 20:26:00
721015,2017-08-06T06:00:00+00:00,36.1097,-95.9367,326.875,335.93756103515625,300.03271484375,293.28271484375,98247.3125,52.81657028198242,13.760620043897823,12.193224415004847,2.0,1,EF2,CST-6,06-AUG-17 00:19:00
721016,2017-08-06T06:00:00+00:00,36.0919,-95.7936,361.125,540.8750610351562,299.93310546875,294.17138671875,98551.3125,51.31657028198242,13.19005232334361,9.785781570767789,1.0,0,EF1,CST-6,06-AUG-17 00:27:00
721017,2017-08-06T07:00:00+00:00,36.0835,-95.7617,271.875,23.61844825744629,298.35400390625,292.832275390625,98533.875,55.32027053833008,14.150582545613224,13.873022614086983,1.0,0,EF1,CST-6,06-AUG-17 00:30:00
693606,2017-04-30T07:00:00+00:00,35.8509,-90.0657,481.875,369.734130859375,296.9091796875,289.8455810546875,99923.4375,36.547386169433594,17.359626879417593,16.383800704367836,1.0,0,EF1,CST-6,30-APR-17 01:07:00
709539,2017-06-28T22:00:00+00:00,41.2794,-94.342,3667.125,181.2684783935547,299.611083984375,294.84210205078125,96259.5,43.59458541870117,8.82833918255281,14.864376465065144,1.0,0,EF1,CST-6,28-JUN-17 15:45:00
719207,2017-08-03T23:00:00+00:00,47.4506,-94.2105,54.75,,289.00390625,283.89599609375,97064.25,21.028091430664062,3.8575905563602335,13.228240032916842,0.0,0,EF0,CST-6,03-AUG-17 17:04:00
716501,2017-09-20T06:00:00+00:00,45.4528,-95.009,1365.25,0.9220038652420044,292.754150390625,291.492919921875,95445.125,49.897987365722656,16.05981759122076,26.883936926561095,0.0,0,EF0,CST-6,19-SEP-17 23:48:00
709541,2017-06-28T22:00:00+00:00,41.3097,-94.2415,3667.125,181.2684783935547,299.611083984375,294.84210205078125,96259.5,43.59458541870117,8.82833918255281,14.864376465065144,1.0,0,EF1,CST-6,28-JUN-17 15:56:00
721039,2017-08-11T21:00:00+00:00,24.5688,-81.7339,2123.0,185.5154571533203,301.652587890625,297.45751953125,101659.75,52.16041564941406,2.478160773091049,5.3025540608677195,0.0,0,EF0,EST-5,11-AUG-17 16:03:00
719208,2017-08-03T23:00:00+00:00,47.4341,-94.2526,54.75,,289.00390625,283.89599609375,97064.25,21.028091430664062,3.8575905563602335,13.228240032916842,0.0,0,EF0,CST-6,03-AUG-17 17:04:00
719211,2017-08-03T23:00:00+00:00,47.3999,-94.2862,54.75,,289.00390625,283.89599609375,97064.25,21.028091430664062,3.8575905563602335,13.228240032916842,0.0,0,EF0,CST-6,03-AUG-17 17:10:00
721018,2017-08-06T07:00:00+00:00,36.4443,-95.6908,254.75,32.83720016479492,297.76025390625,293.030517578125,98482.875,55.43159866333008,14.043982738407662,14.045594664481312,1.0,0,EF1,CST-6,06-AUG-17 00:32:00
721019,2017-08-06T07:00:00+00:00,36.4496,-95.4409,243.125,140.4153289794922,297.72998046875,293.209228515625,98526.875,53.19038772583008,13.702227229925741,10.998276491969252,1.0,0,EF1,CST-6,06-AUG-17 01:11:00
721020,2017-08-06T07:00:00+00:00,36.4548,-95.4356,243.125,140.4153289794922,297.72998046875,293.209228515625,98526.875,53.19038772583008,13.702227229925741,10.998276491969252,0.0,0,EF0,CST-6,06-AUG-17 01:12:00
717612,2017-08-11T22:00:00+00:00,38.8222,-77.733,668.875,133.00003051757812,297.171875,295.110107421875,99705.375,48.4366340637207,3.5056562640795916,11.110604297109933,0.0,0,EF0,EST-5,11-AUG-17 17:08:00
708109,2017-08-16T22:00:00+00:00,44.244,-94.1705,723.25,0.5268082618713379,296.253662109375,295.17919921875,97015.1875,53.61438751220703,7.356790708583865,11.336869886658883,0.0,0,EF0,CST-6,16-AUG-17 16:03:00
708111,2017-08-16T23:00:00+00:00,44.4065,-94.1975,580.5,0.8116797804832458,296.14892578125,295.133544921875,97014.8125,53.693199157714844,8.522860888083672,12.899405672670632,1.0,0,EF1,CST-6,16-AUG-17 16:33:00
720025,2017-08-20T01:00:00+00:00,41.93,-99.66,1060.0,366.1202392578125,302.150634765625,293.32440185546875,91946.5625,23.243244171142578,6.033758144659568,10.123728201602813,0.0,0,EF0,CST-6,19-AUG-17 18:40:00
720026,2017-08-20T01:00:00+00:00,41.87,-99.6,1248.125,220.74525451660156,302.675048828125,293.84979248046875,92308.5625,24.384845733642578,6.545666443417155,9.541508877270521,1.0,0,EF1,CST-6,19-AUG-17 18:48:00
713316,2017-08-30T18:00:00+00:00,31.5687,-89.7513,1259.25,,301.471435546875,296.692626953125,99512.0625,50.2502555847168,12.911261650842654,14.984980708959267,0.0,0,EF0,CST-6,30-AUG-17 11:35:00
713315,2017-08-30T17:00:00+00:00,31.3462,-89.2692,2031.125,10.746922492980957,301.283203125,297.96533203125,100009.0,51.8515625,15.266113230958283,15.80165089199963,1.0,0,EF1,CST-6,30-AUG-17 10:41:00
713257,2017-08-30T07:00:00+00:00,30.3431,-88.5479,1186.875,8.500053405761719,298.951416015625,297.4560546875,100896.625,61.764320373535156,5.2523896905742005,10.98987566368002,0.0,0,EF0,CST-6,30-AUG-17 01:20:00
720027,2017-08-20T01:00:00+00:00,41.87,-99.59,1248.125,220.74525451660156,302.675048828125,293.84979248046875,92308.5625,24.384845733642578,6.545666443417155,9.541508877270521,1.0,0,EF1,CST-6,19-AUG-17 18:48:00
720031,2017-08-20T01:00:00+00:00,41.84,-99.59,1248.125,220.74525451660156,302.675048828125,293.84979248046875,92308.5625,24.384845733642578,6.545666443417155,9.541508877270521,0.0,0,EF0,CST-6,19-AUG-17 19:03:00
713314,2017-08-30T15:00:00+00:00,31.1606,-89.5365,995.875,1.671881914138794,299.380615234375,297.531494140625,99934.4375,53.07179260253906,17.51404369047733,17.675202335346967,1.0,0,EF1,CST-6,30-AUG-17 09:04:00
707842,2017-08-18T01:00:00+00:00,43.391,-83.146,404.75,115.8293685913086,297.2412109375,294.41259765625,97776.1875,38.318992614746094,10.729784237492266,11.519722647555135,0.0,0,EF0,EST-5,17-AUG-17 20:10:00
713517,2017-09-10T13:00:00+00:00,28.0701,-80.5584,780.9375,28.125070571899414,299.830322265625,297.263916015625,100668.75,56.03114700317383,10.175461870991345,11.498920757307037,0.0,0,EF0,EST-5,10-SEP-17 08:19:00
713518,2017-09-10T15:00:00+00:00,28.0317,-80.5755,612.125,40.09381103515625,300.2119140625,297.658203125,100690.0625,60.37238311767578,10.536160695934692,13.355264861934963,1.0,0,EF1,EST-5,10-SEP-17 10:00:00
713522,2017-09-10T22:00:00+00:00,28.6864,-80.8366,667.125,3.9376518726348877,298.651123046875,297.4306640625,100013.5,68.38572692871094,19.067908718778956,22.549291505039076,2.0,1,EF2,EST-5,10-SEP-17 16:48:00
713533,2017-09-10T22:00:00+00:00,28.6894,-80.8551,667.125,3.9376518726348877,298.651123046875,297.4306640625,100013.5,68.38572692871094,19.067908718778956,22.549291505039076,1.0,0,EF1,EST-5,10-SEP-17 17:00:00
712458,2017-09-02T00:00:00+00:00,47.5053,-98.0044,676.875,139.5469512939453,297.56982421875,290.36572265625,95980.125,30.781414031982422,5.415471067982355,13.591157680151642,0.0,0,EF0,CST-6,01-SEP-17 18:16:00
715970,2017-09-19T22:00:00+00:00,46.66,-98.17,2183.625,31.593761444091797,296.104736328125,291.650634765625,94647.0,36.858123779296875,11.5156014177358,14.192796291300594,1.0,0,EF1,CST-6,19-SEP-17 15:41:00
723043,2017-09-21T22:00:00+00:00,39.04,-119.97,777.375,1.6251884698867798,277.8564453125,275.2861328125,79321.375,7.321643829345703,0.6982613620926268,5.986942347357004,0.0,0,EF0,PST-8,21-SEP-17 14:29:00
720915,2017-08-22T21:00:00+00:00,42.8041,-75.7403,791.25,193.96444702148438,298.266845703125,293.566650390625,96395.25,47.432987213134766,11.792496443602198,22.131407017181633,1.0,0,EF1,EST-5,22-AUG-17 15:55:00
715932,2017-08-02T23:00:00+00:00,38.15,-88.9368,696.25,333.1971740722656,300.8427734375,292.42236328125,99872.3125,38.15717697143555,1.6401982579028915,7.522572102881666,0.0,0,EF0,CST-6,02-AUG-17 17:27:00
716650,2017-08-14T01:00:00+00:00,35.32,-101.71,3731.375,216.34689331054688,297.253662109375,292.9990234375,89348.5,48.12503433227539,0.22252719040591998,11.629012351326947,0.0,0,EF0,CST-6,13-AUG-17 19:00:00
718938,2017-08-17T00:00:00+00:00,42.2741,-89.7316,483.5,67.03130340576172,297.80322265625,295.482421875,97839.0,52.523799896240234,11.016275434628255,12.010698972691923,1.0,0,EF1,CST-6,16-AUG-17 18:21:00
718942,2017-08-17T00:00:00+00:00,42.3414,-90.3187,698.0,32.28130340576172,297.4150390625,295.8662109375,97852.0,52.917354583740234,11.145418867506434,13.367440089138071,1.0,0,EF1,CST-6,16-AUG-17 18:22:00
718945,2017-08-17T00:00:00+00:00,42.3222,-89.7119,483.5,67.03130340576172,297.80322265625,295.482421875,97839.0,52.523799896240234,11.016275434628255,12.010698972691923,0.0,0,EF0,CST-6,16-AUG-17 18:28:00
713655,2017-09-11T01:00:00+00:00,29.2901,-81.0574,626.625,11.600617408752441,298.196044921875,297.057861328125,100109.375,64.50465393066406,18.369352607838582,20.30108713263674,1.0,0,EF1,EST-5,10-SEP-17 20:04:00
713736,2017-09-10T15:00:00+00:00,28.0943,-80.5665,612.125,40.09381103515625,300.2119140625,297.658203125,100690.0625,60.37238311767578,10.536160695934692,13.355264861934963,1.0,0,EF1,EST-5,10-SEP-17 10:24:00
713784,2017-09-11T02:00:00+00:00,28.4171,-80.6767,855.625,25.38071060180664,298.991943359375,297.5078125,99129.625,72.19772338867188,26.333503146603952,25.043012072535443,1.0,0,EF1,EST-5,10-SEP-17 20:48:00
714247,2017-09-11T01:00:00+00:00,28.2791,-80.6899,462.75,12.819367408752441,298.990966796875,297.569580078125,99276.375,68.68824768066406,22.256856811878407,26.53049061788871,1.0,0,EF1,EST-5,10-SEP-17 20:14:00
716003,2017-09-20T01:00:00+00:00,47.4998,-96.529,1214.25,29.968870162963867,295.37890625,290.228759765625,96464.4375,41.245880126953125,16.108971852530594,17.227904706879357,1.0,0,EF1,CST-6,19-SEP-17 18:53:00
715989,2017-09-20T01:00:00+00:00,47.48,-96.53,1214.25,29.968870162963867,295.37890625,290.228759765625,96464.4375,41.245880126953125,16.108971852530594,17.227904706879357,1.0,0,EF1,CST-6,19-SEP-17 18:50:00
708112,2017-08-16T23:00:00+00:00,44.4566,-94.2208,580.5,0.8116797804832458,296.14892578125,295.133544921875,97014.8125,53.693199157714844,8.522860888083672,12.899405672670632,1.0,0,EF1,CST-6,16-AUG-17 16:44:00
713275,2017-08-17T00:00:00+00:00,44.5436,-93.59,288.75,0.7813038229942322,296.43603515625,295.015625,97109.0,53.440792083740234,10.006799351139513,14.27543555683257,0.0,0,EF0,CST-6,16-AUG-17 18:08:00
720917,2017-08-22T21:00:00+00:00,42.8571,-75.4318,818.25,273.9800720214844,299.180908203125,293.392822265625,96250.25,45.918338775634766,11.463762192951329,21.633187415313824,0.0,0,EF0,EST-5,22-AUG-17 16:25:00
707182,2017-08-12T19:00:00+00:00,40.6462,-77.2744,843.125,59.968753814697266,299.13623046875,292.9814453125,97801.0,37.6081428527832,1.8094792108852624,11.608175672524826,1.0,0,EF1,EST-5,12-AUG-17 14:12:00
719967,2017-08-22T20:00:00+00:00,39.758,-80.2871,2217.25,9.484649658203125,302.2568359375,293.11767578125,96843.9375,48.571197509765625,12.731944716369602,18.668953104774925,1.0,0,EF1,EST-5,22-AUG-17 15:23:00
716757,2017-09-11T01:00:00+00:00,28.2302,-80.5997,587.25,40.647491455078125,299.392333984375,297.787353515625,99246.375,68.61598205566406,23.17297072249629,27.302888904940506,1.0,0,EF1,EST-5,10-SEP-17 20:04:00
713795,2017-09-10T22:00:00+00:00,28.9394,-81.6238,310.125,0.0314018689095974,296.895263671875,296.1884765625,99918.5,67.58885192871094,22.81691277550647,24.079819909260173,1.0,0,EF1,EST-5,10-SEP-17 17:28:00
722955,2017-09-13T23:00:00+00:00,39.1785,-119.9606,413.75,323.84002685546875,293.202392578125,282.4228515625,79896.875,17.454326629638672,0.3568738101578472,1.0659879838401325,0.0,0,EF0,PST-8,13-SEP-17 14:51:00
713493,2017-08-16T23:00:00+00:00,44.3939,-94.1851,580.5,0.8116797804832458,296.14892578125,295.133544921875,97014.8125,53.693199157714844,8.522860888083672,12.899405672670632,0.0,0,EF0,CST-6,16-AUG-17 16:32:00
713496,2017-08-17T01:00:00+00:00,44.8517,-94.309,307.875,0.4489462971687317,294.490966796875,293.56201171875,96684.875,51.857357025146484,12.005275052557261,9.53003088124317,0.0,0,EF0,CST-6,16-AUG-17 19:05:00
719412,2017-08-31T21:00:00+00:00,33.3793,-88.0344,1502.875,7.703186511993408,300.181640625,298.6865234375,99495.6875,58.04138946533203,14.207903617931422,21.886749949098533,2.0,1,EF2,CST-6,31-AUG-17 14:40:00
719421,2017-08-31T21:00:00+00:00,33.525,-87.9542,1651.5,7.125061511993408,299.6572265625,298.3046875,99190.6875,57.34217071533203,15.20711710931545,22.449901553696243,0.0,0,EF0,CST-6,31-AUG-17 14:54:00
719987,2017-08-31T21:00:00+00:00,33.5419,-87.9462,1651.5,7.125061511993408,299.6572265625,298.3046875,99190.6875,57.34217071533203,15.20711710931545,22.449901553696243,1.0,0,EF1,CST-6,31-AUG-17 14:58:00
722378,2017-09-11T19:00:00+00:00,32.8915,-80.0436,346.375,5.34641695022583,296.490478515625,295.519775390625,100435.9375,64.76042175292969,22.848038704089586,24.10558392895026,0.0,0,EF0,EST-5,11-SEP-17 13:48:00
722380,2017-09-11T22:00:00+00:00,32.7264,-79.9111,10.5,20.918424606323242,298.433349609375,297.3466796875,100256.125,44.31093978881836,14.202098469700925,15.551604493130874,0.0,0,EF0,EST-5,11-SEP-17 17:19:00
713259,2017-08-30T15:00:00+00:00,30.7239,-89.3618,1133.25,3.234381914138794,299.704833984375,297.593017578125,100454.4375,52.92530822753906,14.400733596793742,15.451308767351293,1.0,0,EF1,CST-6,30-AUG-17 09:07:00
709535,2017-06-28T21:00:00+00:00,41.3985,-94.519,2080.875,168.17196655273438,303.35693359375,294.791748046875,96164.375,39.86614227294922,10.381110479166127,14.417537067563003,0.0,0,EF0,CST-6,28-JUN-17 14:57:00
713497,2017-08-16T23:00:00+00:00,44.5377,-94.2398,611.5,2.0460548400878906,295.56982421875,294.826904296875,96960.8125,53.214683532714844,9.125968457721392,13.90609862913087,0.0,0,EF0,CST-6,16-AUG-17 17:15:00
717533,2017-09-20T05:00:00+00:00,44.9213,-95.7191,1835.375,9.781438827514648,293.947509765625,292.02099609375,96084.5,50.50736618041992,12.310764953791844,23.23768510760084,1.0,0,EF1,CST-6,19-SEP-17 23:22:00
719988,2017-09-01T00:00:00+00:00,32.9173,-87.3345,1631.875,34.796974182128906,300.61865234375,294.74462890625,99473.875,51.882816314697266,17.339549223768767,22.724246806925567,1.0,0,EF1,CST-6,31-AUG-17 17:57:00
719995,2017-09-01T00:00:00+00:00,33.1008,-87.1718,1278.375,12.281350135803223,299.71630859375,295.09423828125,99196.875,52.826175689697266,17.2833868791082,22.432159305057848,1.0,0,EF1,CST-6,31-AUG-17 18:28:00
719996,2017-09-01T01:00:00+00:00,33.196,-87.1277,1586.125,2.531451940536499,299.91259765625,294.668701171875,98969.9375,50.97157287597656,17.357417835847368,23.44568462122839,0.0,0,EF0,CST-6,31-AUG-17 18:42:00
722381,2017-09-11T23:00:00+00:00,32.8027,-79.8403,114.0,1.6719375848770142,297.6953125,296.991455078125,100350.375,49.71349334716797,13.409496176754256,18.844235924099614,0.0,0,EF0,EST-5,11-SEP-17 18:13:00
713261,2017-08-30T17:00:00+00:00,30.3638,-88.769,1174.0,21.87192153930664,300.2724609375,297.71728515625,101007.0,53.8984375,10.59873296704101,13.935806171296187,0.0,0,EF0,CST-6,30-AUG-17 10:31:00
716101,2017-09-11T23:00:00+00:00,33.19,-81.19,119.375,0.7969375848770142,296.888671875,296.555908203125,99328.375,45.06114959716797,18.981092232220607,18.725361967067013,0.0,0,EF0,EST-5,11-SEP-17 18:01:00
711793,2017-09-01T02:00:00+00:00,34.1522,-86.6058,1011.5,0.14076738059520721,297.41650390625,294.84356689453125,97793.1875,51.264930725097656,16.832425141254355,23.854526355906337,2.0,1,EF2,CST-6,31-AUG-17 19:58:00
711794,2017-09-01T02:00:00+00:00,34.3042,-86.5662,905.0,0.18764238059520721,297.27099609375,294.79962158203125,97754.1875,52.182899475097656,17.496432183509846,24.00993812870186,1.0,0,EF1,CST-6,31-AUG-17 20:17:00
712644,2017-08-16T00:00:00+00:00,41.33,-103.31,1233.625,171.78125,297.28759765625,288.974365234375,86203.625,34.55023956298828,0.29271024450510047,9.969087078720099,0.0,0,EF0,MST-7,15-AUG-17 17:10:00
720129,2017-08-05T00:00:00+00:00,32.7145,-83.6986,1383.75,111.04690551757812,299.27783203125,296.743408203125,100088.25,52.086021423339844,9.226561783746375,9.461170858547762,1.0,0,EF1,EST-5,04-AUG-17 18:46:00
722048,2017-09-25T19:00:00+00:00,28.0531,-97.8921,1228.25,14.375118255615234,304.294189453125,296.920166015625,100328.6875,51.34099578857422,2.724347205563464,4.3372344897695845,0.0,0,EF0,CST-6,25-SEP-17 13:10:00
722379,2017-09-11T22:00:00+00:00,32.675,-80.0055,10.5,20.918424606323242,298.433349609375,297.3466796875,100256.125,44.31093978881836,14.202098469700925,15.551604493130874,1.0,0,EF1,EST-5,11-SEP-17 16:45:00
695402,2017-04-30T11:00:00+00:00,33.5438,-91.7672,29.0,20.67490577697754,294.956298828125,294.6222229003906,99796.625,43.35100555419922,17.90236499001324,25.44652798152787,0.0,0,EF0,CST-6,30-APR-17 04:50:00
714251,2017-09-09T21:00:00+00:00,38.9517,-104.6513,19.625,,302.218505859375,274.478271484375,80914.6875,16.929096221923828,0.1505744734592299,1.026087745796265,0.0,0,EF0,MST-7,09-SEP-17 13:45:00
729217,2017-11-05T18:00:00+00:00,38.9509,-86.6385,1703.9375,24.484416961669922,294.3037109375,292.5271911621094,98353.4375,42.94195556640625,19.246488770593924,21.049280803281714,1.0,0,EF1,EST-5,05-NOV-17 13:20:00
729252,2017-11-05T18:00:00+00:00,40.3491,-85.3483,1058.0,2.64066743850708,292.5390625,291.6121520996094,97485.4375,35.08160400390625,16.92860168374087,16.45837873410146,2.0,1,EF2,EST-5,05-NOV-17 13:24:00
729253,2017-11-05T20:00:00+00:00,40.1991,-85.3858,1276.8125,3.3126678466796875,291.60302734375,290.8702392578125,97106.9375,38.65132141113281,14.861240734417658,16.622224308611923,1.0,0,EF1,EST-5,05-NOV-17 15:09:00
695469,2017-04-27T14:00:00+00:00,32.1822,-86.0712,1614.875,42.562564849853516,296.688720703125,294.650390625,99528.6875,44.664207458496094,11.46237827949584,17.808388432530815,1.0,0,EF1,CST-6,27-APR-17 08:03:00
692313,2017-05-25T01:00:00+00:00,39.8497,-84.039,377.375,0.5806716680526733,289.833251953125,288.3118896484375,96060.9375,29.404417037963867,7.468494475306123,8.040157318446504,0.0,0,EF0,EST-5,24-MAY-17 20:12:00
692315,2017-05-25T00:00:00+00:00,39.5411,-83.9813,506.125,2.1406280994415283,290.453857421875,288.38336181640625,96246.4375,30.4310302734375,8.684747374587934,9.133632395751919,0.0,0,EF0,EST-5,24-MAY-17 18:47:00
708114,2017-08-17T00:00:00+00:00,44.5359,-93.5852,288.75,0.7813038229942322,296.43603515625,295.015625,97109.0,53.440792083740234,10.006799351139513,14.27543555683257,0.0,0,EF0,CST-6,16-AUG-17 18:05:00
724006,2017-11-18T18:00:00+00:00,38.0184,-89.2386,275.71875,,290.4716796875,287.6605224609375,97724.0625,29.469619750976562,9.636978194305707,21.221068285827396,0.0,0,EF0,CST-6,18-NOV-17 12:15:00
724008,2017-11-18T20:00:00+00:00,37.2351,-88.7367,311.75,7.452777862548828,290.285400390625,288.479736328125,98083.25,30.158218383789062,12.91467678478373,20.91301621898139,0.0,0,EF0,CST-6,18-NOV-17 13:38:00
723099,2017-11-18T23:00:00+00:00,37.4209,-85.3475,36.0625,0.3489747643470764,289.646240234375,288.74365234375,96516.9375,36.75910186767578,21.47814191045437,27.601906526456307,1.0,0,EF1,EST-5,18-NOV-17 18:00:00
680324,2017-04-11T04:00:00+00:00,31.5478,-96.9019,1689.375,16.390792846679688,293.132568359375,291.7555847167969,99984.5625,40.922550201416016,11.025719199713992,7.825163374555544,0.0,0,EF0,CST-6,10-APR-17 21:45:00
724009,2017-11-18T21:00:00+00:00,37.9096,-87.113,532.46875,1.4526029825210571,290.87451171875,289.29925537109375,97689.1875,35.05795669555664,16.76131609472678,20.839839653538956,1.0,0,EF1,CST-6,18-NOV-17 14:38:00
683257,2017-04-30T00:00:00+00:00,32.3859,-96.0528,1764.625,1.0250104665756226,294.4462890625,293.095703125,98734.625,43.85890579223633,6.189620595576987,17.834953320088214,0.0,0,EF0,CST-6,29-APR-17 18:13:00
683252,2017-04-29T23:00:00+00:00,32.3569,-95.9188,1856.125,24.562522888183594,296.29443359375,294.1169128417969,98624.125,41.0811882019043,7.418066886249971,17.785465001417936,0.0,0,EF0,CST-6,29-APR-17 17:00:00
732676,2017-12-20T17:00:00+00:00,33.1695,-85.4267,234.3125,3.250434637069702,291.91510009765625,291.149658203125,98173.6875,42.71379852294922,7.231208786907765,30.779185168787436,0.0,0,EF0,CST-6,20-DEC-17 10:40:00
683256,2017-04-30T00:00:00+00:00,32.9906,-95.836,1297.5,1.9156354665756226,292.9111328125,292.10546875,98566.625,44.80519485473633,3.896242528959519,19.43940922812089,0.0,0,EF0,CST-6,29-APR-17 17:32:00
721516,2017-11-05T23:00:00+00:00,39.9279,-83.5368,211.5625,103.75016784667969,292.68182373046875,288.5829772949219,97084.5,36.87800598144531,14.710110066392597,19.63633087187504,1.0,0,EF1,EST-5,05-NOV-17 18:22:00
726399,2017-12-20T01:00:00+00:00,31.7435,-95.1926,2130.5,8.031318664550781,293.5217590332031,292.909912109375,99958.3125,44.84504318237305,12.629021916469158,17.747054440348105,2.0,1,EF2,CST-6,19-DEC-17 18:53:00
730990,2017-12-20T08:00:00+00:00,30.2755,-93.9484,699.75,24.437580108642578,295.08050537109375,294.5418701171875,101084.0625,44.64559555053711,14.747794815462381,17.135436940282005,1.0,0,EF1,CST-6,20-DEC-17 01:37:00
730991,2017-12-20T08:00:00+00:00,30.3501,-93.7148,1009.75,0.9688295722007751,294.88812255859375,294.3592529296875,101098.0625,46.20907211303711,17.775574273836323,18.12569821014022,1.0,0,EF1,CST-6,20-DEC-17 01:59:00
666461,2017-01-16T00:00:00+00:00,31.49,-97.67,292.34375,5.749596118927002,291.56243896484375,291.01519775390625,97718.4375,32.899173736572266,14.474314269349852,16.171818599920872,2.0,1,EF2,CST-6,15-JAN-17 17:45:00
721573,2017-09-10T15:00:00+00:00,28.1529,-81.8798,269.0625,68.75006103515625,297.943359375,296.8125,100242.0625,60.29816436767578,17.133250539677405,17.615000762532638,2.0,1,EF2,EST-5,10-SEP-17 10:19:00
724014,2017-11-18T21:00:00+00:00,37.3433,-87.2339,610.40625,0.5776029825210571,291.57373046875,290.51605224609375,97817.1875,35.84701919555664,21.15546083601484,23.066034576427576,1.0,0,EF1,CST-6,18-NOV-17 15:02:00
724015,2017-11-18T22:00:00+00:00,36.889,-87.196,177.625,2.6250216960906982,289.733154296875,288.25579833984375,97785.0625,33.649295806884766,14.309757805722343,21.30909356773511,0.0,0,EF0,CST-6,18-NOV-17 15:36:00
727462,2017-11-05T19:00:00+00:00,40.3789,-85.2575,1303.1875,1.0469070672988892,292.26300048828125,291.6311950683594,97438.8125,37.344398498535156,16.071633789521254,16.005800373881275,2.0,1,EF2,EST-5,05-NOV-17 13:36:00
721508,2017-11-05T19:00:00+00:00,40.5092,-84.8028,1256.3125,0.6875321269035339,292.80596923828125,291.6067810058594,97676.8125,36.903968811035156,16.71377962778881,17.930663929619502,2.0,1,EF2,EST-5,05-NOV-17 14:18:00
692312,2017-05-25T01:00:00+00:00,39.8311,-84.0207,377.375,0.5806716680526733,289.833251953125,288.3118896484375,96060.9375,29.404417037963867,7.468494475306123,8.040157318446504,0.0,0,EF0,EST-5,24-MAY-17 20:06:00
723912,2017-11-22T22:00:00+00:00,26.42,-81.53,798.0625,117.98443603515625,299.42724609375,292.5556640625,101124.4375,33.893089294433594,3.2135182676628142,7.242661428319377,0.0,0,EF0,EST-5,22-NOV-17 16:40:00
716490,2017-09-20T05:00:00+00:00,45.255,-95.423,1659.5,2.0783135890960693,293.737548828125,292.01025390625,96033.5,50.68119430541992,14.568352344678798,25.563698547590377,1.0,0,EF1,CST-6,19-SEP-17 23:28:00
724913,2017-12-04T23:00:00+00:00,39.3099,-92.493,627.9375,0.8095709681510925,290.6220703125,288.819580078125,97362.3125,26.429546356201172,16.28668179005386,21.776336504326398,1.0,0,EF1,CST-6,04-DEC-17 16:54:00
682998,2017-02-25T20:00:00+00:00,41.3425,-75.6538,498.0,1.2813358306884766,289.282958984375,287.26678466796875,94681.4375,25.095672607421875,12.473064586609038,20.968180457801896,2.0,1,EF2,EST-5,25-FEB-17 14:48:00
683255,2017-04-30T00:00:00+00:00,32.7717,-95.767,1297.5,1.9156354665756226,292.9111328125,292.10546875,98566.625,44.80519485473633,3.896242528959519,19.43940922812089,2.0,1,EF2,CST-6,29-APR-17 17:50:00
683254,2017-04-29T23:00:00+00:00,32.3991,-95.8756,1889.125,43.343772888183594,297.46240234375,294.0339050292969,98511.125,42.9640007019043,8.0535028640257,18.720807952613157,3.0,1,EF3,CST-6,29-APR-17 17:08:00
688330,2017-04-16T02:00:00+00:00,42.1417,-91.2288,1054.8125,44.609519958496094,292.96337890625,290.01007080078125,97617.6875,31.270647048950195,13.751733243441514,16.16548677745899,1.0,0,EF1,CST-6,15-APR-17 19:50:00
683250,2017-04-29T23:00:00+00:00,32.251,-95.9803,1922.375,27.812522888183594,297.26025390625,294.5368347167969,98785.125,41.9034538269043,9.09900591892404,17.224549208249428,2.0,1,EF2,CST-6,29-APR-17 16:51:00
695233,2017-04-30T07:00:00+00:00,35.9965,-90.2797,614.125,242.624755859375,296.5927734375,290.4803466796875,99847.4375,37.686058044433594,17.253883479293354,16.914802507101232,1.0,0,EF1,CST-6,30-APR-17 00:57:00
695232,2017-04-30T07:00:00+00:00,35.9859,-90.3062,614.125,242.624755859375,296.5927734375,290.4803466796875,99847.4375,37.686058044433594,17.253883479293354,16.914802507101232,1.0,0,EF1,CST-6,30-APR-17 00:56:00
725204,2017-12-20T07:00:00+00:00,32.3366,-92.6804,993.5,3.2969675064086914,293.37652587890625,292.8184814453125,100140.875,45.22772216796875,20.056968570915835,23.103848710196367,1.0,0,EF1,CST-6,20-DEC-17 01:02:00
726402,2017-12-20T02:00:00+00:00,31.8934,-94.9435,1665.25,0.2813280522823334,293.5447998046875,292.8330993652344,99863.6875,44.32927703857422,14.267806397764716,19.80703876562,2.0,1,EF2,CST-6,19-DEC-17 19:31:00
721514,2017-11-05T23:00:00+00:00,39.9324,-83.6225,211.5625,103.75016784667969,292.68182373046875,288.5829772949219,97084.5,36.87800598144531,14.710110066392597,19.63633087187504,1.0,0,EF1,EST-5,05-NOV-17 18:16:00
728048,2017-12-20T18:00:00+00:00,33.0245,-84.5904,262.625,58.61090087890625,291.98773193359375,291.2965393066406,98116.875,42.277183532714844,8.97362468339665,30.869799107205825,0.0,0,EF0,EST-5,20-DEC-17 13:15:00
692318,2017-05-25T02:00:00+00:00,40.0788,-84.1539,172.125,5.515763282775879,288.8466796875,287.496337890625,96069.625,29.63912582397461,5.356972970813458,7.077972128087124,1.0,0,EF1,EST-5,24-MAY-17 21:03:00
721500,2017-11-06T04:00:00+00:00,38.577,-86.227,678.3125,6.328299522399902,292.2020568847656,290.7105712890625,98401.9375,39.95997619628906,12.391724477128474,18.434937580948812,0.0,0,EF0,EST-5,05-NOV-17 23:04:00
721502,2017-11-06T04:00:00+00:00,38.6235,-86.0221,726.5625,4.140799522399902,292.5067443847656,290.9937744140625,98474.9375,40.28517150878906,13.600807644740534,18.225004677034566,1.0,0,EF1,EST-5,05-NOV-17 23:20:00
721501,2017-11-06T04:00:00+00:00,38.6028,-86.1021,726.5625,4.140799522399902,292.5067443847656,290.9937744140625,98474.9375,40.28517150878906,13.600807644740534,18.225004677034566,1.0,0,EF1,EST-5,05-NOV-17 23:16:00
724199,2017-11-05T23:00:00+00:00,38.7468,-88.2289,796.375,2.000166893005371,293.61639404296875,291.8202819824219,99090.5,39.29206848144531,14.698175848539567,18.84342888770271,1.0,0,EF1,CST-6,05-NOV-17 17:24:00
727463,2017-11-05T19:00:00+00:00,40.3977,-85.2066,1303.1875,1.0469070672988892,292.26300048828125,291.6311950683594,97438.8125,37.344398498535156,16.071633789521254,16.005800373881275,2.0,1,EF2,EST-5,05-NOV-17 13:43:00
721509,2017-11-05T20:00:00+00:00,40.5408,-84.5732,1392.875,0.5314179062843323,292.12255859375,290.9161376953125,97607.9375,38.68550109863281,15.2100314922451,19.757630684487648,2.0,1,EF2,EST-5,05-NOV-17 14:40:00
726638,2017-11-17T21:00:00+00:00,43.5577,-111.8378,316.65625,16.328149795532227,276.47412109375,271.420166015625,82811.0625,6.226884841918945,1.0379466385056875,6.754596425072972,0.0,0,EF0,MST-7,17-NOV-17 14:25:00
730359,2017-12-20T13:00:00+00:00,31.2834,-90.1802,1215.625,,293.9691162109375,292.59808349609375,99887.4375,42.86066436767578,18.643709144138302,22.834769123075812,0.0,0,EF0,CST-6,20-DEC-17 06:39:00
722663,2017-11-18T23:00:00+00:00,34.588,-87.737,193.96875,5.708349704742432,292.447998046875,290.94873046875,97909.9375,37.16828155517578,16.28303375076358,23.875786663054335,1.0,0,EF1,CST-6,18-NOV-17 17:01:00
722664,2017-11-18T23:00:00+00:00,34.6094,-87.4622,170.59375,0.2864747643470764,292.536865234375,290.85400390625,97850.9375,38.52570343017578,16.716535171897938,25.512819164127244,1.0,0,EF1,CST-6,18-NOV-17 17:18:00
729177,2017-11-18T16:00:00+00:00,40.3889,-86.7377,271.40625,0.28882378339767456,288.00811767578125,287.2380676269531,96675.25,32.68501281738281,15.264058372028373,23.01209033619928,0.0,0,EF0,EST-5,18-NOV-17 11:15:00
723097,2017-11-18T21:00:00+00:00,37.3995,-86.9052,492.5,0.5151029825210571,291.68505859375,290.62054443359375,97753.1875,36.46030044555664,22.523700449397708,25.272182280265902,1.0,0,EF1,CST-6,18-NOV-17 15:20:00
723098,2017-11-18T22:00:00+00:00,37.9222,-86.3086,140.0,1.8750216960906982,289.405029296875,288.41204833984375,97025.0625,32.455936431884766,15.74049892952044,25.553092756562137,1.0,0,EF1,EST-5,18-NOV-17 16:32:00
673894,2017-03-07T00:00:00+00:00,43.8482,-93.2348,482.75,30.44386100769043,289.45068359375,286.45721435546875,94670.0625,25.496055603027344,16.063318097468912,23.08512185908658,0.0,0,EF0,CST-6,06-MAR-17 17:49:00
725113,2017-10-24T04:00:00+00:00,34.0593,-78.3516,673.25,0.19316744804382324,295.621337890625,294.435546875,100992.875,45.18267059326172,15.685495837636699,13.096499037184326,0.0,0,EF0,EST-5,23-OCT-17 22:45:00
719055,2017-10-20T10:00:00+00:00,29.4757,-95.0738,946.25,34.843807220458984,296.57958984375,294.855224609375,101586.4375,45.114105224609375,5.8528811457129875,6.544916262902301,0.0,0,EF0,CST-6,20-OCT-17 03:58:00
718308,2017-08-07T19:00:00+00:00,37.6571,-76.45,1097.25,32.881675720214844,298.70751953125,296.8896484375,101042.75,56.9675407409668,11.286520259997594,19.073207285136856,0.0,0,EF0,EST-5,07-AUG-17 13:51:00
725384,2017-10-22T02:00:00+00:00,35.1832,-97.513,771.9375,46.65013122558594,293.748291015625,292.79437255859375,96967.125,42.175865173339844,11.320146485741853,11.46769747786959,1.0,0,EF1,CST-6,21-OCT-17 19:36:00
706431,2017-06-17T02:00:00+00:00,40.8346,-96.6547,1648.5,104.79693603515625,299.34375,293.4686584472656,95439.8125,37.57423400878906,4.774043652204803,15.401514306748414,0.0,0,EF0,CST-6,16-JUN-17 19:40:00
706432,2017-06-16T22:00:00+00:00,42.14,-97.75,630.625,65.765625,301.127197265625,291.2900390625,93974.875,35.673736572265625,2.58566419827423,11.802129156104852,0.0,0,EF0,CST-6,16-JUN-17 15:47:00
708071,2017-06-16T23:00:00+00:00,42.1115,-97.2132,936.625,65.546875,296.992431640625,292.12091064453125,94602.5,39.94551467895508,3.925006804209253,14.68709313677612,0.0,0,EF0,CST-6,16-JUN-17 16:32:00
696423,2017-05-05T01:00:00+00:00,33.287,-80.445,297.25,4.203184604644775,295.24658203125,293.2616882324219,100228.25,45.841617584228516,16.121191502476755,22.67833919086578,1.0,0,EF1,EST-5,04-MAY-17 20:01:00
724405,2017-10-14T22:00:00+00:00,40.3586,-91.9832,259.6875,23.125015258789062,295.24462890625,293.9693298339844,98042.9375,45.82981872558594,13.160644742181379,19.0577340153292,1.0,0,EF1,CST-6,14-OCT-17 16:09:00
692316,2017-05-25T00:00:00+00:00,39.5824,-83.6584,699.875,0.4531281888484955,290.321044921875,288.69390869140625,95845.4375,28.5687255859375,9.592695794270206,9.761475114032702,0.0,0,EF0,EST-5,24-MAY-17 19:27:00
691474,2017-05-25T01:00:00+00:00,39.8865,-84.0468,377.375,0.5806716680526733,289.833251953125,288.3118896484375,96060.9375,29.404417037963867,7.468494475306123,8.040157318446504,1.0,0,EF1,EST-5,24-MAY-17 20:16:00
691475,2017-05-25T01:00:00+00:00,39.8918,-84.0498,377.375,0.5806716680526733,289.833251953125,288.3118896484375,96060.9375,29.404417037963867,7.468494475306123,8.040157318446504,1.0,0,EF1,EST-5,24-MAY-17 20:20:00
676877,2017-03-23T18:00:00+00:00,27.522,-80.5496,504.84375,55.93788528442383,297.990478515625,290.6737365722656,102245.5625,30.959794998168945,3.188874153084896,5.701871069481319,0.0,0,EF0,EST-5,23-MAR-17 12:40:00
674528,2017-03-10T06:00:00+00:00,35.2958,-86.2557,365.375,25.953142166137695,288.7148132324219,285.8989562988281,97981.6875,32.23617935180664,18.45287949724113,23.614788235871337,0.0,0,EF0,CST-6,09-MAR-17 23:58:00
710677,2017-06-29T00:00:00+00:00,40.286,-94.3311,2849.0,97.77017211914062,296.443115234375,294.22027587890625,96909.1875,44.09520721435547,12.80266352152182,14.217189046130576,0.0,0,EF0,CST-6,28-JUN-17 17:48:00
725385,2017-10-22T02:00:00+00:00,35.1818,-97.4784,771.9375,46.65013122558594,293.748291015625,292.79437255859375,96967.125,42.175865173339844,11.320146485741853,11.46769747786959,0.0,0,EF0,CST-6,21-OCT-17 19:40:00
717000,2017-07-20T17:00:00+00:00,42.4331,-78.2166,1090.25,90.03125762939453,298.884521484375,291.100341796875,95510.625,40.599205017089844,3.555287175652127,9.698229491009181,0.0,0,EF0,EST-5,20-JUL-17 12:29:00
699260,2017-07-10T03:00:00+00:00,44.3147,-94.3519,2589.0,428.4844055175781,295.52197265625,295.450927734375,97161.6875,43.740787506103516,8.197089755810026,19.27562760630809,0.0,0,EF0,CST-6,09-JUL-17 20:37:00
689836,2017-03-07T04:00:00+00:00,41.4528,-90.8675,602.0,0.21882414817810059,289.0639953613281,286.40234375,97257.5625,31.667617797851562,22.698529230676847,26.829024229628175,0.0,0,EF0,CST-6,06-MAR-17 22:13:00
688993,2017-05-25T19:00:00+00:00,40.48,-103.27,506.625,362.20318603515625,296.42529296875,281.885986328125,85413.4375,18.011550903320312,0.35870938172740924,7.177541798855285,0.0,0,EF0,MST-7,25-MAY-17 12:05:00
726256,2017-10-03T00:00:00+00:00,38.5512,-101.1186,1082.8125,85.25,295.343994140625,290.97760009765625,89940.75,29.990550994873047,0.8048337248165149,25.43757864716336,0.0,0,EF0,CST-6,02-OCT-17 17:53:00
726257,2017-10-03T00:00:00+00:00,38.5434,-101.0318,1082.8125,85.25,295.343994140625,290.97760009765625,89940.75,29.990550994873047,0.8048337248165149,25.43757864716336,1.0,0,EF1,CST-6,02-OCT-17 18:02:00
726259,2017-10-03T00:00:00+00:00,38.6056,-100.9164,1082.8125,85.25,295.343994140625,290.97760009765625,89940.75,29.990550994873047,0.8048337248165149,25.43757864716336,2.0,1,EF2,CST-6,02-OCT-17 18:09:00
724388,2017-10-14T23:00:00+00:00,40.2324,-91.0823,168.875,96.3126449584961,297.096923828125,293.5471496582031,98516.125,43.74225997924805,12.411940181902139,20.105951403501663,0.0,0,EF0,CST-6,14-OCT-17 17:25:00
725386,2017-10-22T03:00:00+00:00,35.2392,-96.6933,904.0,102.890625,292.98828125,291.8471984863281,97699.6875,44.010250091552734,11.056192174763869,17.683829384517946,1.0,0,EF1,CST-6,21-OCT-17 20:52:00
719038,2017-08-17T23:00:00+00:00,41.3121,-80.6561,259.875,79.4683837890625,296.748291015625,295.591796875,97327.625,50.67872619628906,11.213107173480868,16.727999733930908,1.0,0,EF1,EST-5,17-AUG-17 18:11:00
689852,2017-03-07T04:00:00+00:00,41.7468,-90.99,504.8125,0.2500741481781006,288.4067687988281,286.0595703125,97060.5625,32.34925842285156,21.753584407473472,26.58402372012541,1.0,0,EF1,CST-6,06-MAR-17 22:18:00
703255,2017-05-10T20:00:00+00:00,40.8518,-91.7564,1340.0,8.750009536743164,297.234130859375,291.43505859375,98385.125,40.96361541748047,4.195456858314183,15.616157086875713,0.0,0,EF0,CST-6,10-MAY-17 13:46:00
704262,2017-05-05T08:00:00+00:00,37.1121,-79.6136,346.875,0.9219246506690979,290.1103515625,289.371826171875,96713.375,39.5753288269043,18.435814632293614,24.954659645429988,0.0,0,EF0,EST-5,05-MAY-17 03:04:00
704286,2017-05-05T07:00:00+00:00,36.4869,-79.7452,558.75,0.8504864573478699,291.50927734375,290.501953125,97239.1875,40.39216995239258,20.54828825867563,21.914797277584167,0.0,0,EF0,EST-5,05-MAY-17 02:12:00
710205,2017-06-18T03:00:00+00:00,39.0678,-94.0939,2751.375,99.31268310546875,297.816650390625,296.110107421875,97708.4375,49.7694091796875,7.379955689497927,8.767189777889822,0.0,0,EF0,CST-6,17-JUN-17 20:47:00
724636,2017-10-12T22:00:00+00:00,45.7259,-122.6393,128.375,4.804230690002441,284.657470703125,282.89404296875,99606.75,15.671123504638672,9.829864237097258,15.04776344968647,0.0,0,EF0,PST-8,12-OCT-17 14:05:00
724675,2017-10-12T23:00:00+00:00,45.2555,-122.7778,299.875,,284.73876953125,282.87298583984375,99934.5,16.341564178466797,12.498950177908453,17.950027612269153,0.0,0,EF0,PST-8,12-OCT-17 14:39:00
722708,2017-10-02T00:00:00+00:00,39.5499,-99.4754,1466.5,41.125038146972656,298.156494140625,289.572021484375,92873.6875,33.19753646850586,8.752255614360857,22.413172822900716,0.0,0,EF0,CST-6,01-OCT-17 17:57:00
724896,2017-10-24T07:00:00+00:00,37.627,-76.9491,73.75,64.0937728881836,293.3125,292.34130859375,100363.9375,42.88690948486328,20.726132295804334,20.22097987148163,0.0,0,EF0,EST-5,24-OCT-17 02:00:00
723736,2017-10-03T01:00:00+00:00,38.8132,-100.5402,1260.875,68.87519073486328,295.511474609375,290.85845947265625,91014.4375,32.5898323059082,3.216453528866384,24.97202962953236,1.0,0,EF1,CST-6,02-OCT-17 18:43:00
725380,2017-10-22T00:00:00+00:00,34.9248,-98.252,1431.8125,133.7305908203125,292.6572265625,291.508544921875,96261.6875,42.601951599121094,8.949864149742703,15.175290491575527,1.0,0,EF1,CST-6,21-OCT-17 18:12:00
703593,2017-07-17T23:00:00+00:00,45.9763,-95.5803,952.375,60.343814849853516,304.141845703125,293.57958984375,96241.625,49.25275421142578,7.3393681103580795,9.987844669768704,0.0,0,EF0,CST-6,17-JUL-17 16:46:00
703594,2017-07-17T23:00:00+00:00,45.9815,-95.3762,764.75,,305.282470703125,292.71533203125,96060.625,47.62091827392578,7.306281211936186,8.383203959917218,0.0,0,EF0,CST-6,17-JUL-17 17:07:00
703595,2017-07-17T23:00:00+00:00,46.1529,-94.9219,894.25,96.56256103515625,304.915283203125,293.01123046875,96166.625,48.96369171142578,7.142485821103809,9.78164078326217,0.0,0,EF0,CST-6,17-JUL-17 16:39:00
692122,2017-04-22T20:00:00+00:00,34.5742,-88.5334,531.6875,38.203147888183594,293.01318359375,292.408203125,99334.3125,35.54273986816406,10.06603034002535,15.028286617581186,1.0,0,EF1,CST-6,22-APR-17 13:45:00
719368,2017-10-07T22:00:00+00:00,43.0905,-89.3565,26.5,,290.639892578125,287.61932373046875,96315.75,26.583908081054688,12.116868629886923,15.288091039595942,0.0,0,EF0,CST-6,07-OCT-17 15:59:00
719106,2017-10-08T20:00:00+00:00,34.209,-81.917,447.75,25.8126277923584,300.031494140625,297.1502380371094,99160.25,57.67730712890625,14.51643583717071,17.09290412587642,1.0,0,EF1,EST-5,08-OCT-17 15:20:00
725379,2017-10-22T00:00:00+00:00,34.8966,-98.2702,1431.8125,133.7305908203125,292.6572265625,291.508544921875,96261.6875,42.601951599121094,8.949864149742703,15.175290491575527,1.0,0,EF1,CST-6,21-OCT-17 18:08:00
723737,2017-10-03T01:00:00+00:00,38.9296,-100.3967,1241.5,107.81269073486328,296.624755859375,291.30670166015625,91491.4375,32.9999885559082,5.990427483557057,22.46416352777944,0.0,0,EF0,CST-6,02-OCT-17 18:58:00
725381,2017-10-22T00:00:00+00:00,34.9405,-98.2503,1431.8125,133.7305908203125,292.6572265625,291.508544921875,96261.6875,42.601951599121094,8.949864149742703,15.175290491575527,1.0,0,EF1,CST-6,21-OCT-17 18:12:00
725382,2017-10-22T00:00:00+00:00,34.9575,-98.2535,1431.8125,133.7305908203125,292.6572265625,291.508544921875,96261.6875,42.601951599121094,8.949864149742703,15.175290491575527,1.0,0,EF1,CST-6,21-OCT-17 18:16:00
708074,2017-06-16T23:00:00+00:00,41.8661,-97.4221,1222.125,97.828125,299.640869140625,292.54473876953125,94349.5,38.36445999145508,5.13322356863013,13.460375217551233,0.0,0,EF0,CST-6,16-JUN-17 16:50:00
708706,2017-06-16T23:00:00+00:00,42.0907,-97.1906,936.625,65.546875,296.992431640625,292.12091064453125,94602.5,39.94551467895508,3.925006804209253,14.68709313677612,1.0,0,EF1,CST-6,16-JUN-17 16:40:00
709934,2017-06-17T00:00:00+00:00,41.595,-96.4994,2002.75,51.0625114440918,300.3134765625,293.30841064453125,95745.1875,42.161277770996094,6.262270697667834,18.126433345735418,1.0,0,EF1,CST-6,16-JUN-17 18:10:00
703260,2017-05-10T20:00:00+00:00,40.8601,-91.7197,1340.0,8.750009536743164,297.234130859375,291.43505859375,98385.125,40.96361541748047,4.195456858314183,15.616157086875713,0.0,0,EF0,CST-6,10-MAY-17 13:50:00
717845,2017-10-07T03:00:00+00:00,39.4504,-96.6082,534.25,38.96197509765625,294.563232421875,291.8849182128906,95567.1875,48.21290969848633,11.963219330233652,17.609261484828473,1.0,0,EF1,CST-6,06-OCT-17 21:06:00
704446,2017-05-05T12:00:00+00:00,36.3688,-76.1206,146.8125,0.10961402952671051,294.235107421875,292.927978515625,100321.0625,46.81739044189453,16.828610821672243,16.275743886573625,0.0,0,EF0,EST-5,05-MAY-17 07:08:00
725117,2017-10-03T05:00:00+00:00,41.6024,-97.9204,550.6875,0.8437587022781372,288.921630859375,288.7705078125,94178.25,39.189762115478516,13.736480005286447,31.908674630471534,0.0,0,EF0,CST-6,02-OCT-17 22:42:00
717770,2017-08-07T18:00:00+00:00,38.3408,-75.6066,1099.5,5.402589321136475,296.3818359375,295.55712890625,101188.5,60.9080810546875,6.231795037106881,15.113531116451671,1.0,0,EF1,EST-5,07-AUG-17 12:40:00
723738,2017-10-03T01:00:00+00:00,39.067,-100.2363,1390.0,22.81269073486328,294.408935546875,291.09674072265625,91430.4375,33.6113166809082,3.771927407011481,25.010006058354016,1.0,0,EF1,CST-6,02-OCT-17 19:24:00
723919,2017-10-03T00:00:00+00:00,38.3805,-101.6131,1055.8125,230.0625,296.315673828125,291.21002197265625,88646.75,25.492504119873047,0.12950930715090614,22.65269552115697,0.0,0,EF0,MST-7,02-OCT-17 17:15:00
724213,2017-10-28T17:00:00+00:00,25.7333,-80.3439,909.375,0.2813163995742798,297.86962890625,296.3643798828125,100970.1875,59.95149230957031,7.153890886370016,8.266519708040892,0.0,0,EF0,EST-5,28-OCT-17 12:19:00
724797,2017-10-23T22:00:00+00:00,36.7005,-81.0214,67.125,8.829861640930176,288.980712890625,288.837646484375,92345.875,32.51781463623047,6.260225401273514,27.506289256011872,1.0,0,EF1,EST-5,23-OCT-17 16:53:00
724801,2017-10-23T23:00:00+00:00,37.1756,-80.6098,6.625,13.390665054321289,288.539306640625,288.517578125,93001.375,29.658374786376953,9.85526688990435,27.766384349258242,1.0,0,EF1,EST-5,23-OCT-17 17:33:00
724804,2017-10-23T23:00:00+00:00,37.192,-80.597,6.625,13.390665054321289,288.539306640625,288.517578125,93001.375,29.658374786376953,9.85526688990435,27.766384349258242,1.0,0,EF1,EST-5,23-OCT-17 17:35:00
716797,2017-07-19T20:00:00+00:00,44.1615,-95.0339,2847.75,7.078157901763916,300.934326171875,295.0712890625,97302.6875,50.38418960571289,4.595906816856625,14.461408123517572,0.0,0,EF0,CST-6,19-JUL-17 13:48:00
720677,2017-08-26T10:00:00+00:00,29.7756,-95.8442,503.25,0.19942888617515564,298.15869140625,297.726318359375,100176.6875,60.44725036621094,18.596032834714,15.66339297515385,1.0,0,EF1,CST-6,26-AUG-17 03:57:00
720921,2017-10-06T22:00:00+00:00,39.65,-104.11,431.5,8.405895233154297,286.333251953125,282.060546875,83229.625,17.148056030273438,0.10659270630287901,8.023091548923492,1.0,0,EF1,MST-7,06-OCT-17 15:25:00
724214,2017-10-28T22:00:00+00:00,26.6451,-80.0716,1110.8125,33.84379577636719,297.63671875,296.84014892578125,100719.125,59.60594177246094,8.83147877195724,13.125189861560525,0.0,0,EF0,EST-5,28-OCT-17 17:08:00
724212,2017-10-28T22:00:00+00:00,26.5436,-80.1096,1110.8125,33.84379577636719,297.63671875,296.84014892578125,100719.125,59.60594177246094,8.83147877195724,13.125189861560525,0.0,0,EF0,EST-5,28-OCT-17 16:42:00
724171,2017-10-24T19:00:00+00:00,26.14,-80.46,955.875,19.14628791809082,301.270263671875,296.807861328125,101086.6875,52.09884262084961,1.855238313184437,3.023087564530857,0.0,0,EF0,EST-5,24-OCT-17 14:15:00
703731,2017-07-12T07:00:00+00:00,45.3784,-93.2268,3142.875,133.65631103515625,296.2900390625,294.460693359375,97430.5625,48.201454162597656,10.029938083455159,15.017676890342363,0.0,0,EF0,CST-6,12-JUL-17 01:20:00
674527,2017-03-10T06:00:00+00:00,35.3,-86.28,365.375,25.953142166137695,288.7148132324219,285.8989562988281,97981.6875,32.23617935180664,18.45287949724113,23.614788235871337,1.0,0,EF1,CST-6,09-MAR-17 23:55:00
689827,2017-03-07T04:00:00+00:00,41.4092,-91.0732,562.6875,0.23444914817810059,288.7114562988281,286.28125,97327.5625,32.66175842285156,22.39368238672858,27.338613364456496,2.0,1,EF2,CST-6,06-MAR-17 22:05:00
689822,2017-03-07T04:00:00+00:00,42.293,-90.8302,309.9375,0.06257415562868118,287.7973937988281,285.2353515625,96321.5625,30.556289672851562,21.55962036895911,26.457374305562567,0.0,0,EF0,CST-6,06-MAR-17 21:50:00
699428,2017-05-24T21:00:00+00:00,36.2634,-80.4434,583.5,5.843806743621826,291.283447265625,290.4618225097656,95606.1875,36.07440185546875,9.013244744133367,20.809273632591655,2.0,1,EF2,EST-5,24-MAY-17 15:52:00
722582,2017-10-07T01:00:00+00:00,38.67,-97.83,963.25,137.580078125,298.4892578125,293.1595153808594,94916.3125,46.23975372314453,10.776102355736548,19.248522868295584,0.0,0,EF0,CST-6,06-OCT-17 18:50:00
724809,2017-10-23T21:00:00+00:00,36.1499,-81.1449,716.625,108.89068603515625,293.31494140625,293.1865234375,95885.25,46.87046813964844,15.643028481129607,31.69856530979918,1.0,0,EF1,EST-5,23-OCT-17 16:11:00
723735,2017-10-03T00:00:00+00:00,38.6997,-100.8061,1119.875,72.859375,296.086181640625,291.06842041015625,90443.75,31.767894744873047,1.01003106400122,24.35134810200903,1.0,0,EF1,CST-6,02-OCT-17 18:18:00
703740,2017-07-12T08:00:00+00:00,45.3229,-92.8595,3198.25,118.42194366455078,295.614501953125,293.514404296875,97218.1875,46.04332733154297,7.727198801740723,17.628878602133604,0.0,0,EF0,CST-6,12-JUL-17 01:39:00
703732,2017-07-12T08:00:00+00:00,45.3072,-93.0197,3214.25,153.3594512939453,295.756103515625,293.935302734375,97393.1875,44.00914764404297,7.944565531209099,16.893755492160242,0.0,0,EF0,CST-6,12-JUL-17 01:32:00
711012,2017-06-17T03:00:00+00:00,40.3289,-96.7085,3917.625,276.7500305175781,294.858154296875,293.4027404785156,95375.375,41.49602127075195,10.663341343621784,13.260241035792014,0.0,0,EF0,CST-6,16-JUN-17 20:39:00
722390,2017-10-02T00:00:00+00:00,39.4578,-99.7739,1384.25,39.562538146972656,297.260009765625,289.690185546875,92252.6875,31.43777084350586,7.776247379121008,21.24769968979082,0.0,0,EF0,CST-6,01-OCT-17 17:30:00
672669,2017-02-25T20:00:00+00:00,41.2525,-75.7638,535.21875,1.7813358306884766,289.645263671875,287.63006591796875,94657.4375,24.748992919921875,11.870069591319659,21.131396746453927,2.0,1,EF2,EST-5,25-FEB-17 14:35:00
720091,2017-10-22T17:00:00+00:00,30.3302,-88.5066,1044.5625,7.51563024520874,297.480712890625,295.32958984375,101639.0625,51.5640983581543,4.88323242771606,8.082138262677281,1.0,0,EF1,CST-6,22-OCT-17 11:10:00
723703,2017-10-08T23:00:00+00:00,36.1999,-81.4368,398.5,0.9848556518554688,295.0810546875,294.4827880859375,93633.9375,52.244300842285156,6.90727235189561,21.23735337671998,1.0,0,EF1,EST-5,08-OCT-17 17:45:00
723704,2017-10-08T23:00:00+00:00,36.2632,-81.4379,321.25,1.7817306518554688,294.009765625,293.4339599609375,91353.9375,47.372230529785156,2.868663349131135,21.013298840888424,0.0,0,EF0,EST-5,08-OCT-17 17:54:00
692317,2017-05-25T01:00:00+00:00,39.5909,-83.6661,442.625,1.1275466680526733,290.518798828125,289.0482177734375,95846.9375,26.766721725463867,9.15397990988245,8.58026362408643,0.0,0,EF0,EST-5,24-MAY-17 19:30:00
693484,2017-04-03T14:00:00+00:00,31.7176,-86.2619,1390.0625,21.859594345092773,294.485595703125,291.431884765625,99790.5625,36.03242492675781,16.143921917476206,15.577794649690249,0.0,0,EF0,CST-6,03-APR-17 07:54:00
692736,2017-04-05T22:00:00+00:00,33.5342,-85.3868,1093.25,26.230772018432617,293.435302734375,291.4697265625,96883.0625,29.854045867919922,8.157825722425931,26.24212758523725,0.0,0,EF0,CST-6,05-APR-17 15:44:00
696752,2017-05-24T20:00:00+00:00,34.8103,-80.6373,1618.875,32.77996826171875,296.306640625,292.043212890625,98153.0,40.359031677246094,10.862146289897012,14.982402081560718,0.0,0,EF0,EST-5,24-MAY-17 15:19:00
691221,2017-04-06T18:00:00+00:00,38.8628,-77.038,190.4375,108.09391021728516,287.976318359375,283.2487487792969,98154.5,22.032325744628906,14.874486598592842,17.61096422970191,0.0,0,EF0,EST-5,06-APR-17 12:42:00
725383,2017-10-22T00:00:00+00:00,34.9673,-98.1469,1314.5625,115.5743408203125,292.927734375,291.882568359375,96506.6875,41.247459411621094,10.61596389037459,12.47522231914418,1.0,0,EF1,CST-6,21-OCT-17 18:23:00
704436,2017-05-05T11:00:00+00:00,36.0815,-76.7552,155.25,0.4872637093067169,294.570556640625,293.4580078125,100118.0625,46.44522476196289,18.74052605720404,18.178652419386744,0.0,0,EF0,EST-5,05-MAY-17 06:27:00
693628,2017-04-30T15:00:00+00:00,33.738,-89.4414,368.125,169.63604736328125,296.68359375,293.20562744140625,99687.3125,45.53190612792969,16.8419343532809,26.05029324170317,1.0,0,EF1,CST-6,30-APR-17 09:26:00
696751,2017-05-24T19:00:00+00:00,33.99,-81.88,1057.125,72.47067260742188,295.91015625,292.4658203125,98318.75,40.35768127441406,13.88013959568777,16.30726093932891,1.0,0,EF1,EST-5,24-MAY-17 13:40:00
725214,2017-10-08T00:00:00+00:00,32.1438,-86.5919,292.875,33.62507247924805,299.13037109375,297.0264892578125,99838.8125,63.516387939453125,13.426657533709584,18.05084792824096,0.0,0,EF0,CST-6,07-OCT-17 17:55:00
725215,2017-10-08T01:00:00+00:00,32.4015,-86.653,260.1875,30.04975700378418,298.44384765625,296.88555908203125,100007.625,63.750762939453125,14.765537385369809,19.492925287324756,1.0,0,EF1,CST-6,07-OCT-17 18:31:00
725216,2017-10-08T01:00:00+00:00,32.7383,-86.7677,157.0625,11.83100700378418,298.51611328125,296.28009033203125,99635.625,62.987091064453125,13.685986137028273,18.33449230564505,0.0,0,EF0,CST-6,07-OCT-17 19:20:00
725217,2017-10-08T02:00:00+00:00,32.8951,-86.8269,177.5625,5.336435794830322,298.07275390625,296.5805358886719,99271.125,61.87107849121094,14.28360162673208,18.586469465590795,1.0,0,EF1,CST-6,07-OCT-17 19:47:00
704447,2017-05-05T11:00:00+00:00,36.9716,-77.7774,36.9375,10.659138679504395,293.140869140625,292.8154296875,99176.0625,42.70303726196289,15.87112547381505,21.1827974214893,1.0,0,EF1,EST-5,05-MAY-17 05:50:00
691220,2017-04-06T18:00:00+00:00,38.85,-77.07,190.4375,108.09391021728516,287.976318359375,283.2487487792969,98154.5,22.032325744628906,14.874486598592842,17.61096422970191,0.0,0,EF0,EST-5,06-APR-17 12:39:00
703742,2017-07-12T07:00:00+00:00,45.2626,-93.1358,3292.75,59.718814849853516,296.2900390625,294.486083984375,97516.5625,51.672157287597656,10.053670980437037,13.711703762935077,1.0,0,EF1,CST-6,12-JUL-17 01:27:00
716998,2017-07-20T17:00:00+00:00,42.6676,-78.5606,982.0,80.14063262939453,297.121337890625,290.880615234375,96622.625,43.568931579589844,5.425060601652729,11.011678500772115,0.0,0,EF0,EST-5,20-JUL-17 11:55:00
717001,2017-07-20T18:00:00+00:00,42.3503,-78.016,1176.5,45.984466552734375,294.076416015625,291.0634765625,95456.3125,43.195369720458984,3.0689656464944512,10.485596721117316,1.0,0,EF1,EST-5,20-JUL-17 12:45:00
699261,2017-07-10T04:00:00+00:00,44.1725,-94.2619,3111.5,419.6250305175781,296.312255859375,295.8369140625,97123.75,44.05751037597656,10.368196745589056,19.534948116861187,1.0,0,EF1,CST-6,09-JUL-17 21:30:00
722581,2017-10-07T00:00:00+00:00,38.378,-98.3727,1543.75,193.90631103515625,299.697265625,292.62127685546875,94018.3125,42.87760925292969,10.402873778013939,18.523335164941006,0.0,0,EF0,CST-6,06-OCT-17 17:56:00
725097,2017-10-24T02:00:00+00:00,33.8506,-78.8966,345.5,39.17188262939453,297.41259765625,294.48486328125,101032.625,46.099884033203125,15.348499145465466,15.049830246890835,1.0,0,EF1,EST-5,23-OCT-17 21:27:00
691226,2017-04-06T18:00:00+00:00,38.97,-77.41,344.0625,,286.750732421875,281.7135925292969,97617.5,16.878028869628906,13.419897284700282,11.40495116540774,0.0,0,EF0,EST-5,06-APR-17 12:34:00
703743,2017-07-12T08:00:00+00:00,45.2289,-93.0195,3463.875,202.0625762939453,295.961181640625,294.268310546875,97456.1875,43.74254608154297,7.543931100479651,16.411185134767933,1.0,0,EF1,CST-6,12-JUL-17 01:33:00
703744,2017-07-12T08:00:00+00:00,45.1811,-92.8581,3550.25,154.3750762939453,295.804443359375,293.952880859375,97266.1875,45.70641326904297,7.712330411337825,17.508607719178418,0.0,0,EF0,CST-6,12-JUL-17 01:41:00
692314,2017-05-25T00:00:00+00:00,39.6804,-83.9749,506.125,2.1406280994415283,290.453857421875,288.38336181640625,96246.4375,30.4310302734375,8.684747374587934,9.133632395751919,0.0,0,EF0,EST-5,24-MAY-17 19:26:00
719679,2017-10-23T07:00:00+00:00,34.5746,-87.1057,259.25,0.6720784902572632,293.568359375,292.172607421875,98799.5,48.00609588623047,12.978838634444028,13.717270288272537,1.0,0,EF1,CST-6,23-OCT-17 01:28:00
716996,2017-07-20T17:00:00+00:00,42.7416,-78.8575,982.875,45.453128814697266,296.654541015625,292.081787109375,97656.625,45.740806579589844,7.3543950954528,11.710363331745627,2.0,1,EF2,EST-5,20-JUL-17 11:30:00
722391,2017-10-01T23:00:00+00:00,39.3785,-100.1223,1608.375,48.62507629394531,295.95654296875,290.201171875,91661.625,30.260467529296875,6.52894525243276,23.056264238426483,0.0,0,EF0,CST-6,01-OCT-17 16:53:00
725075,2017-10-23T20:00:00+00:00,35.138,-81.825,754.375,1.015630841255188,294.70751953125,293.877197265625,97842.6875,44.3029670715332,16.56641297793937,19.654578193166948,1.0,0,EF1,EST-5,23-OCT-17 14:33:00
723466,2017-10-23T20:00:00+00:00,35.179,-81.706,754.375,1.015630841255188,294.70751953125,293.877197265625,97842.6875,44.3029670715332,16.56641297793937,19.654578193166948,0.0,0,EF0,EST-5,23-OCT-17 14:41:00
716075,2017-07-22T00:00:00+00:00,41.8722,-90.1666,2332.25,68.40645599365234,297.563232421875,296.747314453125,98552.75,57.50969696044922,9.488205354749496,16.305968415101326,1.0,0,EF1,CST-6,21-JUL-17 18:19:00
723269,2017-10-23T19:00:00+00:00,34.778,-82.085,763.375,0.168471097946167,295.329833984375,293.9541015625,98012.0625,46.05950927734375,16.485247159435865,24.157024105617765,1.0,0,EF1,EST-5,23-OCT-17 13:52:00
703347,2017-05-18T01:00:00+00:00,41.2447,-90.5062,1723.375,45.78154754638672,294.226318359375,290.57171630859375,97418.3125,30.171733856201172,16.28365628950272,24.09255155451946,1.0,0,EF1,CST-6,17-MAY-17 19:00:00
723700,2017-10-23T21:00:00+00:00,35.743,-81.39,796.875,14.35943603515625,294.50830078125,293.912109375,96972.25,43.96617126464844,16.43165766573532,21.281992610846785,2.0,1,EF2,EST-5,23-OCT-17 15:37:00
703394,2017-05-18T02:00:00+00:00,41.5468,-89.9994,1671.25,98.43816375732422,295.1083984375,290.25732421875,97663.5625,31.950908660888672,16.376460775807157,20.130044968586535,1.0,0,EF1,CST-6,17-MAY-17 19:44:00
703392,2017-05-18T02:00:00+00:00,41.1533,-90.0811,1721.375,84.59441375732422,294.79296875,290.45068359375,97407.5625,29.844463348388672,16.800067437349963,20.24341658335972,2.0,1,EF2,CST-6,17-MAY-17 20:20:00
703265,2017-05-17T21:00:00+00:00,41.1453,-91.9313,1157.375,144.5312957763672,300.0849609375,291.3565673828125,97201.625,28.88286018371582,10.669016779580458,18.319872820461708,1.0,0,EF1,CST-6,17-MAY-17 15:16:00
703267,2017-05-17T21:00:00+00:00,41.1644,-91.9288,1157.375,144.5312957763672,300.0849609375,291.3565673828125,97201.625,28.88286018371582,10.669016779580458,18.319872820461708,1.0,0,EF1,CST-6,17-MAY-17 15:18:00
703274,2017-05-18T00:00:00+00:00,41.3838,-91.6021,785.25,56.6718864440918,293.92236328125,290.08575439453125,97297.9375,31.590946197509766,13.864636986795306,26.147013757548574,1.0,0,EF1,CST-6,17-MAY-17 17:36:00
716021,2017-07-21T23:00:00+00:00,41.55,-91.62,1779.5,200.07815551757812,305.478271484375,295.729736328125,98236.0625,54.78091812133789,9.15906800927443,12.00414347811627,0.0,0,EF0,CST-6,21-JUL-17 16:44:00
725266,2017-10-23T21:00:00+00:00,35.816,-81.338,831.125,25.62506103515625,293.92822265625,293.6328125,96318.25,43.54039001464844,15.87073527708329,24.082424488935573,1.0,0,EF1,EST-5,23-OCT-17 15:46:00
723747,2017-10-23T21:00:00+00:00,35.922,-81.287,831.125,25.62506103515625,293.92822265625,293.6328125,96318.25,43.54039001464844,15.87073527708329,24.082424488935573,1.0,0,EF1,EST-5,23-OCT-17 15:54:00
723701,2017-10-23T21:00:00+00:00,35.751,-81.376,796.875,14.35943603515625,294.50830078125,293.912109375,96972.25,43.96617126464844,16.43165766573532,21.281992610846785,1.0,0,EF1,EST-5,23-OCT-17 15:40:00
723702,2017-10-23T21:00:00+00:00,35.805,-81.339,831.125,25.62506103515625,293.92822265625,293.6328125,96318.25,43.54039001464844,15.87073527708329,24.082424488935573,1.0,0,EF1,EST-5,23-OCT-17 15:44:00
721930,2017-09-05T03:00:00+00:00,40.7892,-82.877,1442.125,22.625293731689453,293.454833984375,292.2080078125,97121.25,44.369441986083984,11.319755815281415,17.949953126551936,2.0,1,EF2,EST-5,04-SEP-17 21:42:00
723085,2017-10-08T20:00:00+00:00,35.16,-81.711,387.0,19.1720027923584,298.230712890625,296.7478942871094,98164.25,56.63531494140625,13.228544701714243,19.811368107683535,1.0,0,EF1,EST-5,08-OCT-17 15:16:00
723118,2017-10-08T22:00:00+00:00,35.207,-82.241,416.75,0.29736629128456116,296.1044921875,295.68280029296875,96128.5625,58.64910888671875,11.070320012470578,20.517773692126973,1.0,0,EF1,EST-5,08-OCT-17 16:40:00
723084,2017-10-08T21:00:00+00:00,34.764,-82.76,567.25,5.8750386238098145,296.058837890625,295.67626953125,96283.8125,52.167266845703125,11.947264776927463,22.37489565446683,2.0,1,EF2,EST-5,08-OCT-17 15:36:00
703346,2017-05-17T22:00:00+00:00,41.3483,-91.0521,722.75,128.67190551757812,299.4072265625,290.7840881347656,97432.0625,26.645267486572266,16.02185471533746,23.03556059412449,0.0,0,EF0,CST-6,17-MAY-17 16:04:00
723254,2017-10-08T22:00:00+00:00,35.858,-81.486,627.0,0.7661162614822388,296.109375,295.54705810546875,95796.5625,51.92645263671875,9.009733367078573,21.673734259619742,1.0,0,EF1,EST-5,08-OCT-17 17:01:00
703278,2017-05-18T01:00:00+00:00,41.7003,-90.7228,968.875,26.82842254638672,293.183349609375,290.43792724609375,97346.3125,32.13462448120117,15.225604722662963,24.893112876574346,1.0,0,EF1,CST-6,17-MAY-17 18:44:00
723469,2017-10-23T20:00:00+00:00,35.57,-81.494,999.625,41.25000762939453,293.40185546875,292.746337890625,96520.6875,46.5392951965332,16.650313568714463,29.74677739469521,0.0,0,EF0,EST-5,23-OCT-17 15:22:00
703396,2017-05-23T20:00:00+00:00,41.6895,-90.01,187.75,20.85938262939453,287.2294921875,285.99169921875,98329.8125,23.850820541381836,1.9773117518254997,8.764326487949536,0.0,0,EF0,CST-6,23-MAY-17 13:52:00
723464,2017-10-23T20:00:00+00:00,35.114,-81.727,754.375,1.015630841255188,294.70751953125,293.877197265625,97842.6875,44.3029670715332,16.56641297793937,19.654578193166948,2.0,1,EF2,EST-5,23-OCT-17 14:36:00
673720,2017-01-21T18:00:00+00:00,32.671,-82.915,171.375,1.7619240283966064,291.764892578125,290.09765625,99423.984375,39.548065185546875,17.60003806573902,25.87228259097837,0.0,0,EF0,EST-5,21-JAN-17 13:20:00
708740,2017-06-17T01:00:00+00:00,41.1277,-95.9374,2681.875,32.203224182128906,299.82421875,294.8296203613281,96040.25,38.11035919189453,7.038887517654418,21.55913707191008,1.0,0,EF1,CST-6,16-JUN-17 19:08:00
702473,2017-05-18T22:00:00+00:00,35.58,-98.626,558.625,46.21901321411133,294.845703125,292.2060546875,94754.625,32.78154373168945,8.470516051817658,14.105719256001635,0.0,0,EF0,CST-6,18-MAY-17 15:33:00
702799,2017-05-18T22:00:00+00:00,36.435,-98.928,1403.5,474.4690246582031,293.224609375,291.96875,94016.625,26.730762481689453,10.967804624631166,18.169246652213577,1.0,0,EF1,CST-6,18-MAY-17 15:49:00
702810,2017-05-18T22:00:00+00:00,35.6965,-98.3128,484.125,62.98463821411133,297.0673828125,292.2685546875,95125.625,31.005176544189453,10.054027922039523,14.547670923212573,0.0,0,EF0,CST-6,18-MAY-17 16:05:00
716410,2017-07-10T20:00:00+00:00,40.828,-80.189,580.875,15.82817554473877,295.902587890625,290.19775390625,97418.5625,43.07505798339844,9.086837014371811,14.300742672538927,0.0,0,EF0,EST-5,10-JUL-17 14:57:00
670131,2017-01-21T20:00:00+00:00,33.0648,-81.9642,302.5,0.1792832612991333,291.998291015625,290.156005859375,99452.140625,42.917274475097656,19.09806176989847,25.99708100830794,1.0,0,EF1,EST-5,21-JAN-17 14:40:00
700613,2017-06-29T00:00:00+00:00,42.2735,-91.3635,1255.875,106.67642211914062,295.332763671875,292.71539306640625,96946.1875,44.47509002685547,14.597608797922328,18.175498439827308,2.0,1,EF2,CST-6,28-JUN-17 17:58:00
695701,2017-04-26T15:00:00+00:00,35.1855,-93.2909,455.1875,115.93582916259766,292.34130859375,291.625244140625,97907.3125,35.609256744384766,9.709273997119363,18.80159455470518,0.0,0,EF0,CST-6,26-APR-17 09:04:00
673740,2017-01-22T21:00:00+00:00,31.916,-83.808,689.125,15.604048728942871,292.17724609375,291.0262451171875,97792.9375,31.222820281982422,16.405901098988288,34.69715372118895,1.0,0,EF1,EST-5,22-JAN-17 15:52:00
692048,2017-04-03T06:00:00+00:00,31.577,-90.6331,943.125,0.4843996465206146,293.1240234375,292.615234375,99169.6875,43.67890548706055,19.783332058496732,28.91372996566555,1.0,0,EF1,CST-6,03-APR-17 00:01:00
674944,2017-02-28T23:00:00+00:00,41.8883,-89.7512,357.3125,1.968776822090149,287.05126953125,285.97003173828125,97453.9375,26.928863525390625,11.977534646825575,22.218315509470273,1.0,0,EF1,CST-6,28-FEB-17 16:44:00
673741,2017-01-22T21:00:00+00:00,32.422,-83.3588,483.6875,3.338423252105713,291.48583984375,290.5223388671875,97937.9375,34.36637496948242,12.395970319147686,32.551210238716315,1.0,0,EF1,EST-5,22-JAN-17 16:15:00
702813,2017-05-18T22:00:00+00:00,35.725,-98.292,484.125,62.98463821411133,297.0673828125,292.2685546875,95125.625,31.005176544189453,10.054027922039523,14.547670923212573,0.0,0,EF0,CST-6,18-MAY-17 16:08:00
690523,2017-04-30T13:00:00+00:00,32.3363,-90.4138,283.25,131.203125,296.12060546875,294.4090576171875,100026.6875,46.39423370361328,15.393797163283146,23.461307385747737,1.0,0,EF1,CST-6,30-APR-17 07:28:00
690531,2017-04-30T14:00:00+00:00,32.5864,-90.3199,479.625,68.29701232910156,296.8740234375,294.47576904296875,100024.3125,49.705013275146484,15.197945425293753,24.112157598253518,1.0,0,EF1,CST-6,30-APR-17 07:50:00
673956,2017-03-07T01:00:00+00:00,37.67,-96.81,475.5625,480.3751220703125,295.704833984375,277.1107482910156,95147.625,18.091093063354492,10.77963290816294,17.82975187789666,0.0,0,EF0,CST-6,06-MAR-17 19:05:00
674622,2017-02-28T23:00:00+00:00,41.9478,-89.3098,608.4375,8.25002670288086,287.01220703125,286.10772705078125,97198.9375,26.961090087890625,11.620465965061376,22.19009224580431,1.0,0,EF1,CST-6,28-FEB-17 17:07:00
687192,2017-05-09T18:00:00+00:00,34.9942,-105.6885,1929.375,0.398978590965271,286.824462890625,284.11224365234375,79987.75,15.022077560424805,0.2712179959951031,8.237891453290398,0.0,0,EF0,MST-7,09-MAY-17 11:15:00
690505,2017-04-30T13:00:00+00:00,32.4101,-90.5938,283.25,131.203125,296.12060546875,294.4090576171875,100026.6875,46.39423370361328,15.393797163283146,23.461307385747737,1.0,0,EF1,CST-6,30-APR-17 07:23:00
690516,2017-04-30T13:00:00+00:00,32.0805,-90.3322,214.5,141.515625,296.82470703125,294.1336669921875,99794.6875,44.74774932861328,14.839314571400179,22.743076084003143,1.0,0,EF1,CST-6,30-APR-17 07:23:00
702486,2017-05-19T00:00:00+00:00,34.4619,-98.0483,311.75,165.01564025878906,300.53271484375,290.513916015625,96733.6875,40.69174575805664,10.08542977944438,16.647905827807904,0.0,0,EF0,CST-6,18-MAY-17 18:00:00
706235,2017-05-19T02:00:00+00:00,34.65,-96.5306,3652.625,66.84932708740234,298.1484375,293.72314453125,97642.3125,48.64661407470703,11.826143826637763,13.76213249334442,0.0,0,EF0,CST-6,18-MAY-17 20:13:00
702897,2017-05-18T22:00:00+00:00,34.133,-98.894,400.625,332.3596496582031,303.4677734375,289.6806640625,96193.625,32.57841873168945,9.0206577981487,15.319565891950628,2.0,1,EF2,CST-6,18-MAY-17 15:54:00
673727,2017-01-21T19:00:00+00:00,32.688,-82.641,194.6875,,293.017333984375,291.172607421875,99477.5,41.284515380859375,18.2646939057856,26.260027300748643,0.0,0,EF0,EST-5,21-JAN-17 13:39:00
692197,2017-04-11T01:00:00+00:00,42.8065,-85.309,252.0,2.4937784671783447,289.043212890625,287.0565185546875,98218.75,27.912107467651367,12.587804195624086,18.477215950706594,1.0,0,EF1,EST-5,10-APR-17 19:40:00
700615,2017-06-29T00:00:00+00:00,42.2958,-91.1641,1255.875,106.67642211914062,295.332763671875,292.71539306640625,96946.1875,44.47509002685547,14.597608797922328,18.175498439827308,2.0,1,EF2,CST-6,28-JUN-17 18:16:00
679547,2017-04-03T20:00:00+00:00,33.53,-81.74,1045.625,0.609413743019104,295.573974609375,289.67205810546875,99729.75,43.38721466064453,14.17437838795158,15.882023384904745,0.0,0,EF0,EST-5,03-APR-17 15:08:00
673664,2017-01-21T14:00:00+00:00,32.9792,-85.0487,254.875,9.62500286102295,289.62127685546875,288.83892822265625,98140.5859375,40.76622009277344,7.370147232071982,21.80546168117692,1.0,0,EF1,EST-5,21-JAN-17 08:49:00
700614,2017-06-29T00:00:00+00:00,42.2906,-91.1883,1255.875,106.67642211914062,295.332763671875,292.71539306640625,96946.1875,44.47509002685547,14.597608797922328,18.175498439827308,2.0,1,EF2,CST-6,28-JUN-17 18:14:00
673676,2017-01-21T16:00:00+00:00,32.8318,-84.4239,467.8125,22.642419815063477,289.72210693359375,288.1996765136719,98025.1875,40.88285446166992,11.068900340172148,24.25096660826045,2.0,1,EF2,EST-5,21-JAN-17 11:22:00
680193,2017-04-05T17:00:00+00:00,33.839,-81.794,404.625,33.093849182128906,291.360107421875,290.4619140625,99525.625,39.33195495605469,5.889915445353319,25.92875302105204,1.0,0,EF1,EST-5,05-APR-17 12:17:00
700758,2017-05-11T01:00:00+00:00,34.27,-98.94,1884.5,64.32823181152344,293.860107421875,291.081298828125,96300.4375,28.557029724121094,10.162907222645961,17.251351879340053,0.0,0,EF0,CST-6,10-MAY-17 19:05:00
692092,2017-04-30T14:00:00+00:00,32.4878,-90.3446,456.4375,54.81263732910156,296.8447265625,294.46893310546875,99896.3125,50.531185150146484,15.100488195484315,23.218318765802735,1.0,0,EF1,CST-6,30-APR-17 07:41:00
673667,2017-01-21T16:00:00+00:00,32.6182,-84.9462,593.4375,46.158042907714844,290.22601318359375,288.4945983886719,98565.1875,41.76469039916992,12.660067596993617,24.611377576711593,1.0,0,EF1,EST-5,21-JAN-17 10:33:00
670348,2017-01-03T03:00:00+00:00,31.4107,-84.164,87.6875,192.359375,292.11334228515625,291.36138916015625,100864.625,40.31957244873047,15.116867074031278,22.63170759355096,1.0,0,EF1,EST-5,02-JAN-17 22:08:00
669406,2017-01-02T23:00:00+00:00,31.9536,-84.6755,25.625,23.609386444091797,292.48468017578125,291.2950439453125,100134.3125,41.141971588134766,8.868562118683888,23.06055595747248,1.0,0,EF1,EST-5,02-JAN-17 17:58:00
722107,2017-10-08T01:00:00+00:00,39.2304,-85.0802,133.625,55.69038009643555,296.56689453125,293.45880126953125,97648.625,48.180450439453125,18.026236805746937,24.391094125389166,0.0,0,EF0,EST-5,07-OCT-17 20:07:00
702632,2017-05-17T00:00:00+00:00,35.2402,-99.555,3232.5625,32.32819747924805,297.0791015625,291.888427734375,93731.5,44.43428421020508,8.492891196879203,19.7531119620147,2.0,1,EF2,CST-6,16-MAY-17 17:46:00
673728,2017-01-21T19:00:00+00:00,32.896,-82.82,215.5,,291.852294921875,290.285888671875,99169.5,41.762054443359375,18.737385229075027,26.368995424834164,1.0,0,EF1,EST-5,21-JAN-17 13:40:00
673742,2017-01-22T21:00:00+00:00,32.524,-83.317,444.125,8.182173728942871,291.06298828125,290.1063232421875,97813.9375,33.35172653198242,12.146142238511112,31.714296728516867,0.0,0,EF0,EST-5,22-JAN-17 16:22:00
692046,2017-04-02T23:00:00+00:00,32.2032,-91.4836,663.875,109.72628021240234,294.06787109375,292.441650390625,100316.0625,50.416648864746094,16.943616256702438,17.087913060477753,0.0,0,EF0,CST-6,02-APR-17 16:43:00
673732,2017-01-21T19:00:00+00:00,32.924,-82.779,215.5,,291.852294921875,290.285888671875,99169.5,41.762054443359375,18.737385229075027,26.368995424834164,1.0,0,EF1,EST-5,21-JAN-17 13:45:00
679548,2017-04-03T20:00:00+00:00,33.801,-81.62,939.25,0.2812887728214264,294.861083984375,289.70916748046875,99464.75,42.29444122314453,14.217577127147925,14.967829697025033,1.0,0,EF1,EST-5,03-APR-17 15:14:00
740129,2017-04-05T21:00:00+00:00,33.8465,-81.7777,2286.25,14.234418869018555,290.4599609375,289.11126708984375,99138.5,46.90584182739258,18.31385405726531,26.652054595141152,2.0,1,EF2,EST-5,05-APR-17 16:19:00
696750,2017-05-24T19:00:00+00:00,34.1058,-81.6403,1076.0,88.98629760742188,296.1669921875,292.423828125,98442.75,40.91139221191406,13.441383000233246,16.06317182158113,0.0,0,EF0,EST-5,24-MAY-17 14:04:00
741699,2017-11-19T05:00:00+00:00,40.4547,-79.7033,27.3125,,286.1485595703125,284.5918273925781,94890.625,23.581480026245117,16.91410007145644,23.42119413918094,1.0,0,EF1,EST-5,19-NOV-17 00:13:00
698101,2017-04-30T12:00:00+00:00,32.3749,-90.875,171.75,85.43756866455078,295.97515869140625,294.633544921875,100228.3125,46.17805099487305,16.523221642894196,23.212203359473516,1.0,0,EF1,CST-6,30-APR-17 06:24:00
679549,2017-04-03T21:00:00+00:00,33.59,-80.787,1350.4375,11.500069618225098,295.51513671875,287.73846435546875,100529.25,46.99020767211914,11.942342803438482,18.707588799840135,2.0,1,EF2,EST-5,03-APR-17 16:11:00
728839,2017-11-19T05:00:00+00:00,40.4206,-79.7277,27.3125,,286.1485595703125,284.5918273925781,94890.625,23.581480026245117,16.91410007145644,23.42119413918094,1.0,0,EF1,EST-5,19-NOV-17 00:11:00
688537,2017-05-20T01:00:00+00:00,38.411,-96.789,708.5,155.48439025878906,290.607177734375,289.4990234375,95665.5,30.257442474365234,10.380835684196299,18.322478813933202,1.0,0,EF1,CST-6,19-MAY-17 19:25:00
673048,2017-01-22T08:00:00+00:00,30.8997,-83.9821,1181.375,76.34313201904297,291.720703125,290.994140625,99462.0,38.78399658203125,19.59701835332117,25.641395140858574,2.0,1,EF2,EST-5,22-JAN-17 02:56:00
673010,2017-01-22T20:00:00+00:00,31.4373,-84.3447,667.5,1.437504768371582,293.345458984375,292.9965515136719,98297.125,34.75043487548828,17.175663418410803,35.933699927204245,3.0,1,EF3,EST-5,22-JAN-17 15:15:00
673013,2017-01-22T21:00:00+00:00,31.5989,-83.9964,621.8125,77.72904968261719,292.58251953125,291.4393310546875,97974.9375,28.066570281982422,18.94124390096983,33.59651464155949,3.0,1,EF3,EST-5,22-JAN-17 15:37:00
718555,2017-10-08T01:00:00+00:00,39.2261,-85.108,133.625,55.69038009643555,296.56689453125,293.45880126953125,97648.625,48.180450439453125,18.026236805746937,24.391094125389166,0.0,0,EF0,EST-5,07-OCT-17 20:05:00
708083,2017-06-17T01:00:00+00:00,41.0994,-95.9611,2681.875,32.203224182128906,299.82421875,294.8296203613281,96040.25,38.11035919189453,7.038887517654418,21.55913707191008,2.0,1,EF2,CST-6,16-JUN-17 19:05:00
673032,2017-01-22T20:00:00+00:00,31.5927,-84.8254,590.5,2.421879768371582,292.679443359375,292.2895202636719,97700.125,30.73773956298828,17.93168709430716,36.650731686123,2.0,1,EF2,EST-5,22-JAN-17 14:41:00
673681,2017-01-21T16:00:00+00:00,32.8374,-84.4204,467.8125,22.642419815063477,289.72210693359375,288.1996765136719,98025.1875,40.88285446166992,11.068900340172148,24.25096660826045,2.0,1,EF2,EST-5,21-JAN-17 11:23:00
741698,2017-07-10T20:00:00+00:00,40.8347,-80.1575,580.875,15.82817554473877,295.902587890625,290.19775390625,97418.5625,43.07505798339844,9.086837014371811,14.300742672538927,0.0,0,EF0,EST-5,10-JUL-17 14:59:00
680640,2017-04-02T22:00:00+00:00,32.087,-91.6894,545.625,47.1718864440918,294.90869140625,293.20654296875,100265.1875,49.895023345947266,16.64581194978778,21.453018837806315,2.0,1,EF2,CST-6,02-APR-17 16:09:00
680851,2017-04-02T23:00:00+00:00,32.1898,-91.4893,663.875,109.72628021240234,294.06787109375,292.441650390625,100316.0625,50.416648864746094,16.943616256702438,17.087913060477753,0.0,0,EF0,CST-6,02-APR-17 16:41:00
702497,2017-05-20T01:00:00+00:00,34.3501,-97.1601,1908.0,59.75001907348633,294.379638671875,292.634765625,97192.5,37.930294036865234,15.225563195277859,18.342866447339446,,0,EFU,CST-6,19-MAY-17 18:31:00
702625,2017-05-16T23:00:00+00:00,35.564,-99.917,2134.875,95.04689025878906,296.21923828125,291.822265625,91839.75,38.31290054321289,6.143626165081939,20.590171807578955,2.0,1,EF2,CST-6,16-MAY-17 17:18:00
702626,2017-05-17T00:00:00+00:00,35.75,-99.69,2847.8125,46.60944747924805,296.2685546875,292.005615234375,92300.5,39.29463577270508,7.255095890799802,22.209528964086633,1.0,0,EF1,CST-6,16-MAY-17 17:45:00
702633,2017-05-17T00:00:00+00:00,35.3816,-99.3644,3070.875,85.73444366455078,297.37890625,291.837646484375,93778.5,42.64229202270508,10.52598270851056,19.792026067551188,2.0,1,EF2,CST-6,16-MAY-17 18:12:00
673016,2017-01-22T21:00:00+00:00,31.7096,-83.7969,602.9375,56.38529968261719,292.53955078125,291.3992919921875,97826.9375,29.973796844482422,18.867089452046304,33.163862700035665,3.0,1,EF3,EST-5,22-JAN-17 15:50:00
703192,2017-05-24T20:00:00+00:00,36.023,-80.618,623.125,20.46746826171875,292.765625,290.815673828125,96923.0,36.317039489746094,9.742644580280906,19.41094322511405,0.0,0,EF0,EST-5,24-MAY-17 15:14:00
723467,2017-10-23T20:00:00+00:00,35.422,-81.566,975.625,29.7656307220459,293.95849609375,293.211181640625,97172.6875,46.9650764465332,17.02873869021713,26.29235960545604,1.0,0,EF1,EST-5,23-OCT-17 15:08:00
724966,2017-06-17T03:00:00+00:00,40.7198,-94.8595,2713.0,33.95314025878906,296.315185546875,295.1742248535156,96310.375,49.77238845825195,10.961048237071905,18.95980737678789,1.0,0,EF1,CST-6,16-JUN-17 20:35:00
673733,2017-01-21T19:00:00+00:00,32.95,-82.73,215.5,,291.852294921875,290.285888671875,99169.5,41.762054443359375,18.737385229075027,26.368995424834164,1.0,0,EF1,EST-5,21-JAN-17 13:46:00
681228,2017-03-29T00:00:00+00:00,31.6706,-101.6766,2989.5625,352.8282470703125,296.669677734375,285.591796875,90739.25,24.830913543701172,3.782083428415403,21.699490818080683,2.0,1,EF2,CST-6,28-MAR-17 18:28:00
673734,2017-01-21T19:00:00+00:00,32.6596,-82.1848,189.5625,51.640628814697266,293.541748046875,291.642333984375,99594.5,41.565765380859375,17.046352331677618,24.97898200050583,0.0,0,EF0,EST-5,21-JAN-17 14:11:00
721932,2017-09-05T03:00:00+00:00,40.8133,-82.7257,1442.125,22.625293731689453,293.454833984375,292.2080078125,97121.25,44.369441986083984,11.319755815281415,17.949953126551936,2.0,1,EF2,EST-5,04-SEP-17 21:51:00
671921,2017-01-21T21:00:00+00:00,33.3761,-81.0839,201.0625,7.1562652587890625,291.15966796875,290.068359375,99707.984375,43.90867233276367,14.006759909193836,24.462512345750618,1.0,0,EF1,EST-5,21-JAN-17 16:09:00
740130,2017-05-24T19:00:00+00:00,34.1243,-81.6153,1076.0,88.98629760742188,296.1669921875,292.423828125,98442.75,40.91139221191406,13.441383000233246,16.06317182158113,2.0,1,EF2,EST-5,24-MAY-17 14:07:00
695684,2017-04-05T03:00:00+00:00,36.3604,-93.0267,753.375,45.547332763671875,290.340087890625,287.6818542480469,96647.0625,31.674358367919922,13.106495748975487,22.027748822500804,1.0,0,EF1,CST-6,04-APR-17 20:34:00
683249,2017-04-29T23:00:00+00:00,32.357,-95.9549,1856.125,24.562522888183594,296.29443359375,294.1169128417969,98624.125,41.0811882019043,7.418066886249971,17.785465001417936,4.0,1,EF4,CST-6,29-APR-17 16:40:00
709465,2017-06-17T01:00:00+00:00,41.0854,-95.8628,3363.125,38.359474182128906,301.314453125,294.9194641113281,96170.25,41.01074981689453,7.718121914887205,21.05789036172707,1.0,0,EF1,CST-6,16-JUN-17 19:11:00
709464,2017-06-17T01:00:00+00:00,41.0718,-95.8753,3363.125,38.359474182128906,301.314453125,294.9194641113281,96170.25,41.01074981689453,7.718121914887205,21.05789036172707,1.0,0,EF1,CST-6,16-JUN-17 19:10:00
699427,2017-05-24T20:00:00+00:00,36.049,-80.611,623.125,20.46746826171875,292.765625,290.815673828125,96923.0,36.317039489746094,9.742644580280906,19.41094322511405,2.0,1,EF2,EST-5,24-MAY-17 15:18:00
700773,2017-05-18T19:00:00+00:00,34.695,-99.575,3439.0,25.39063835144043,295.7509765625,292.821044921875,95173.0625,37.04119873046875,5.501269153486813,14.789849045965843,0.0,0,EF0,CST-6,18-MAY-17 13:11:00
700780,2017-05-18T21:00:00+00:00,36.226,-98.974,784.75,74.75009155273438,294.3916015625,292.058349609375,93986.875,29.944686889648438,9.504907958221656,16.83885009924805,0.0,0,EF0,CST-6,18-MAY-17 15:23:00
674945,2017-02-28T22:00:00+00:00,41.156,-89.6386,1286.0,23.343873977661133,288.86962890625,286.8859558105469,97617.125,27.16055679321289,16.623752458943766,23.27290205122847,1.0,0,EF1,CST-6,28-FEB-17 16:19:00
674942,2017-02-28T22:00:00+00:00,41.7535,-90.3582,788.75,0.6876243352890015,288.10205078125,286.8156433105469,97628.125,25.32266616821289,13.541599502381024,18.206530849506123,0.0,0,EF0,CST-6,28-FEB-17 15:53:00
700611,2017-06-29T00:00:00+00:00,42.1919,-91.5271,1345.625,137.48892211914062,295.335693359375,292.63531494140625,97285.1875,45.66259002685547,14.713944835381477,18.52020816225238,2.0,1,EF2,CST-6,28-JUN-17 17:38:00
723468,2017-10-23T20:00:00+00:00,35.548,-81.509,999.625,41.25000762939453,293.40185546875,292.746337890625,96520.6875,46.5392951965332,16.650313568714463,29.74677739469521,1.0,0,EF1,EST-5,23-OCT-17 15:19:00
720460,2017-08-25T21:00:00+00:00,28.9811,-95.483,1093.25,36.42192459106445,299.87744140625,298.05224609375,100439.5625,68.83226013183594,11.800365200218202,15.760189182228068,0.0,0,EF0,CST-6,25-AUG-17 14:30:00
680146,2017-04-05T16:00:00+00:00,31.7798,-85.1186,2462.9375,31.174694061279297,296.224365234375,294.31585693359375,99699.5625,49.03009033203125,13.383172937487602,25.071077049323087,2.0,1,EF2,EST-5,05-APR-17 11:00:00
673724,2017-01-21T18:00:00+00:00,33.0525,-83.0967,197.4375,0.37129905819892883,289.487548828125,288.7138671875,98857.984375,38.277557373046875,22.720773561164695,29.42863312511058,1.0,0,EF1,EST-5,21-JAN-17 13:28:00
684619,2017-04-22T23:00:00+00:00,34.24,-87.08,768.8125,147.61297607421875,294.107177734375,291.639404296875,98495.0625,38.52888107299805,7.946667452418812,15.47265712342916,1.0,0,EF1,CST-6,22-APR-17 16:40:00
690032,2017-03-07T04:00:00+00:00,41.2766,-91.2594,527.4375,0.8750741481781006,288.3227844238281,286.12109375,97232.5625,33.36488342285156,21.5814091845425,26.21277376383319,2.0,1,EF2,CST-6,06-MAR-17 21:56:00
691434,2017-05-22T00:00:00+00:00,34.8623,-104.2504,0.0,,295.460205078125,278.09521484375,85536.9375,17.38268280029297,0.10939966120684146,1.9582607883495033,0.0,0,EF0,MST-7,21-MAY-17 17:29:00
720461,2017-08-25T21:00:00+00:00,28.7699,-95.6255,1093.25,36.42192459106445,299.87744140625,298.05224609375,100439.5625,68.83226013183594,11.800365200218202,15.760189182228068,1.0,0,EF1,CST-6,25-AUG-17 15:08:00
720463,2017-08-25T23:00:00+00:00,29.1464,-95.5448,858.25,50.120277404785156,299.774658203125,297.44921875,100459.5,65.9649429321289,14.85726696025536,20.158178145394587,0.0,0,EF0,CST-6,25-AUG-17 17:11:00
685984,2017-05-09T00:00:00+00:00,36.03,-104.15,339.75,108.20316314697266,288.09033203125,284.0266418457031,81916.25,20.959186553955078,0.48580489307163843,12.805929876710142,0.0,0,EF0,MST-7,08-MAY-17 17:17:00
673725,2017-01-21T18:00:00+00:00,33.054,-83.0942,197.4375,0.37129905819892883,289.487548828125,288.7138671875,98857.984375,38.277557373046875,22.720773561164695,29.42863312511058,1.0,0,EF1,EST-5,21-JAN-17 13:29:00
695248,2017-04-30T06:00:00+00:00,36.3822,-90.7158,872.625,153.343994140625,294.27587890625,290.30303955078125,99386.0,40.370330810546875,17.144521615818668,18.98672728226595,1.0,0,EF1,CST-6,30-APR-17 00:25:00
693623,2017-04-30T14:00:00+00:00,35.5403,-89.6447,47.8125,,294.6396484375,292.27752685546875,99657.3125,44.905208587646484,21.097694005643397,25.195908127928504,0.0,0,EF0,CST-6,30-APR-17 07:46:00
693607,2017-04-30T07:00:00+00:00,36.0838,-90.0974,580.125,261.937255859375,296.54296875,289.4549560546875,99870.4375,37.368675231933594,17.235605593236105,16.53583765694885,1.0,0,EF1,CST-6,30-APR-17 01:08:00
720680,2017-08-26T21:00:00+00:00,29.907,-95.6872,1191.375,0.250042200088501,298.75537109375,298.334716796875,100235.8125,66.59672546386719,14.111120530457677,20.19480217634022,1.0,0,EF1,CST-6,26-AUG-17 14:50:00
720686,2017-08-26T21:00:00+00:00,29.9528,-95.6704,1191.375,0.250042200088501,298.75537109375,298.334716796875,100235.8125,66.59672546386719,14.111120530457677,20.19480217634022,0.0,0,EF0,CST-6,26-AUG-17 15:20:00
701103,2017-07-11T23:00:00+00:00,48.3,-97.57,1597.5,121.29688262939453,298.992919921875,293.510498046875,97006.5,37.59038543701172,3.461574015357757,11.877520009042593,1.0,0,EF1,CST-6,11-JUL-17 16:39:00
701107,2017-07-11T23:00:00+00:00,48.17,-97.58,1727.75,114.26563262939453,298.292724609375,293.968505859375,96793.5,37.21245574951172,3.3654353175857135,12.281069924611684,0.0,0,EF0,CST-6,11-JUL-17 16:51:00
700839,2017-07-11T23:00:00+00:00,47.8,-97.61,1862.75,85.42188262939453,297.864013671875,294.314208984375,96559.5,37.96538543701172,2.960261084017558,12.173184295858894,1.0,0,EF1,CST-6,11-JUL-17 17:25:00
700841,2017-07-12T00:00:00+00:00,48.47,-98.15,808.625,378.1572265625,300.376953125,291.736328125,95336.1875,31.719236373901367,1.1376734918081244,10.24831499344393,1.0,0,EF1,CST-6,11-JUL-17 17:30:00
720459,2017-08-25T19:00:00+00:00,29.3104,-94.7699,1473.0,28.812559127807617,298.97900390625,297.539306640625,100977.6875,66.5834732055664,8.722789626211153,10.481269232658311,0.0,0,EF0,CST-6,25-AUG-17 13:18:00
684279,2017-04-30T19:00:00+00:00,34.24,-86.87,23.5,,300.3837890625,290.424560546875,98672.625,40.374267578125,10.044173678823727,20.016012766962206,0.0,0,EF0,CST-6,30-APR-17 13:12:00
673671,2017-01-21T16:00:00+00:00,32.8525,-84.4833,467.8125,22.642419815063477,289.72210693359375,288.1996765136719,98025.1875,40.88285446166992,11.068900340172148,24.25096660826045,1.0,0,EF1,EST-5,21-JAN-17 11:20:00
683245,2017-04-29T22:00:00+00:00,32.5405,-95.8429,2625.0,24.750019073486328,298.93115234375,294.39935302734375,98189.5625,44.7249641418457,7.406628550077557,15.632173776776604,0.0,0,EF0,CST-6,29-APR-17 16:10:00
720699,2017-08-26T22:00:00+00:00,29.5438,-96.0845,454.625,0.39086395502090454,299.403076171875,297.666259765625,100104.1875,66.4831314086914,17.465528849596065,19.46080249588216,0.0,0,EF0,CST-6,26-AUG-17 16:23:00
700845,2017-07-12T00:00:00+00:00,47.64,-97.31,1864.625,216.45408630371094,297.619140625,294.740234375,96935.1875,35.85595703125,5.360532511597216,18.901716711235412,2.0,1,EF2,CST-6,11-JUL-17 17:58:00
700852,2017-07-12T01:00:00+00:00,47.38,-96.98,1688.125,473.1252136230469,297.443359375,294.8486328125,97034.0625,29.58780288696289,6.968299910195986,19.571202792262977,2.0,1,EF2,CST-6,11-JUL-17 18:48:00
692124,2017-04-22T20:00:00+00:00,34.525,-88.1957,447.4375,40.078147888183594,293.28369140625,292.3369140625,99106.3125,35.12574768066406,9.363234482907593,14.63340372895232,0.0,0,EF0,CST-6,22-APR-17 14:20:00
701113,2017-07-12T00:00:00+00:00,48.11,-97.05,1480.375,138.62596130371094,297.99609375,294.34765625,97313.1875,36.86279296875,7.174897808226886,15.842109133839996,1.0,0,EF1,CST-6,11-JUL-17 18:07:00
700853,2017-07-12T01:00:00+00:00,47.3522,-96.8441,1417.5,218.98458862304688,297.2763671875,294.6923828125,97130.0625,31.74698257446289,6.7850551200375415,19.467624567920208,2.0,1,EF2,CST-6,11-JUL-17 19:00:00
701125,2017-07-12T02:00:00+00:00,47.22,-96.51,1142.125,476.1719970703125,296.515380859375,294.807861328125,96872.3125,31.075355529785156,6.838714999064363,20.752196828014267,2.0,1,EF2,CST-6,11-JUL-17 19:42:00
720470,2017-08-26T05:00:00+00:00,29.2987,-95.3045,1095.625,21.1793212890625,299.55810546875,297.8994140625,100761.3125,65.95533752441406,13.862979542887514,12.317950939305977,0.0,0,EF0,CST-6,25-AUG-17 23:28:00
720477,2017-08-26T06:00:00+00:00,29.4873,-95.517,1033.25,35.54861831665039,299.397705078125,297.75390625,100555.375,66.65567016601562,15.610592564997898,14.147015895637608,1.0,0,EF1,CST-6,25-AUG-17 23:56:00
720672,2017-08-26T07:00:00+00:00,29.7,-95.76,837.375,0.3906293511390686,299.065185546875,297.56982421875,100350.9375,66.01078796386719,17.267085513888937,16.392274105640663,0.0,0,EF0,CST-6,26-AUG-17 01:12:00
701126,2017-07-12T02:00:00+00:00,47.15,-96.39,1184.125,315.6563720703125,296.016357421875,294.216064453125,96490.3125,32.404457092285156,7.656889407818177,20.565405040102792,2.0,1,EF2,CST-6,11-JUL-17 19:54:00
720674,2017-08-26T10:00:00+00:00,29.9243,-95.1516,398.75,3.4806787967681885,298.9990234375,297.975341796875,100690.6875,59.97068786621094,16.81270304471122,11.555833467101658,0.0,0,EF0,CST-6,26-AUG-17 03:30:00
720678,2017-08-26T13:00:00+00:00,30.4803,-96.315,855.875,3.5387001037597656,298.1357421875,297.903564453125,99971.5625,64.37093353271484,17.966829143033053,15.993743846671881,0.0,0,EF0,CST-6,26-AUG-17 07:05:00
673736,2017-01-22T21:00:00+00:00,31.804,-83.6168,634.75,1.260298252105713,292.24169921875,291.0711669921875,97864.9375,33.69352340698242,15.951365412221717,34.073275363955986,1.0,0,EF1,EST-5,22-JAN-17 16:00:00
673739,2017-01-22T21:00:00+00:00,31.8478,-83.5272,634.75,1.260298252105713,292.24169921875,291.0711669921875,97864.9375,33.69352340698242,15.951365412221717,34.073275363955986,2.0,1,EF2,EST-5,22-JAN-17 16:07:00
702888,2017-07-21T21:00:00+00:00,47.94,-94.66,1143.0,189.4532012939453,297.517333984375,292.1044921875,96417.3125,37.17190933227539,3.256678382896429,8.07998856933947,1.0,0,EF1,CST-6,21-JUL-17 14:45:00
687300,2017-05-09T22:00:00+00:00,36.0459,-104.5239,801.5625,4.609388828277588,286.164794921875,284.04345703125,81004.8125,21.427825927734375,0.5739347488646955,13.51848786604482,0.0,0,EF0,MST-7,09-MAY-17 15:00:00
673689,2017-01-21T17:00:00+00:00,32.5114,-83.7901,458.8125,14.843790054321289,291.043701171875,289.46142578125,99085.078125,38.498443603515625,17.586758572396874,25.106017999322006,0.0,0,EF0,EST-5,21-JAN-17 12:11:00
689855,2017-03-07T04:00:00+00:00,41.7825,-90.8984,467.4375,0.2656991481781006,288.4223937988281,285.9384765625,96863.5625,31.282852172851562,21.687786650668134,26.356181704766975,1.0,0,EF1,CST-6,06-MAR-17 22:23:00
683246,2017-04-29T22:00:00+00:00,32.2572,-96.018,2533.5,31.671894073486328,297.96435546875,295.21282958984375,98522.5625,42.1741828918457,10.061023428776643,15.34292814389969,2.0,1,EF2,CST-6,29-APR-17 16:29:00
673691,2017-01-21T17:00:00+00:00,32.5233,-83.7489,458.8125,14.843790054321289,291.043701171875,289.46142578125,99085.078125,38.498443603515625,17.586758572396874,25.106017999322006,0.0,0,EF0,EST-5,21-JAN-17 12:14:00
720466,2017-08-26T04:00:00+00:00,29.2216,-95.3505,1173.125,42.00825119018555,299.828369140625,298.166748046875,100686.75,66.92245483398438,12.114970908468493,11.010427435047097,0.0,0,EF0,CST-6,25-AUG-17 21:44:00
720688,2017-08-26T07:00:00+00:00,29.3421,-96.25,445.625,0.9531293511390686,299.158935546875,297.25439453125,99912.9375,70.02836608886719,21.416174961931944,21.19690316653459,0.0,0,EF0,CST-6,26-AUG-17 01:10:00
720709,2017-08-27T09:00:00+00:00,29.5106,-95.0057,1087.5,0.2813724875450134,298.135009765625,297.162353515625,100780.4375,68.45634460449219,11.999591343066225,14.079992879144958,0.0,0,EF0,CST-6,27-AUG-17 03:03:00
740988,2017-05-09T19:00:00+00:00,35.0412,-105.7192,1575.875,1.218880295753479,284.72607421875,282.74676513671875,79376.875,14.762752532958984,0.3610310762495618,10.887701485990007,0.0,0,EF0,MST-7,09-MAY-17 11:30:00
684639,2017-04-22T20:00:00+00:00,34.52,-88.15,453.625,45.078147888183594,293.55419921875,291.7470703125,98731.3125,34.58473205566406,8.333371695254666,13.549165157473276,0.0,0,EF0,CST-6,22-APR-17 14:28:00
681226,2017-03-29T00:00:00+00:00,31.6318,-101.8159,2989.5625,352.8282470703125,296.669677734375,285.591796875,90739.25,24.830913543701172,3.782083428415403,21.699490818080683,0.0,0,EF0,CST-6,28-MAR-17 18:21:00
694597,2017-04-05T16:00:00+00:00,31.7595,-85.1753,2263.5,15.424694061279297,295.763427734375,294.13421630859375,99667.5625,46.40216064453125,10.493487694995252,25.32281927216212,1.0,0,EF1,CST-6,05-APR-17 09:49:00
680142,2017-04-05T16:00:00+00:00,31.7624,-85.1647,2263.5,15.424694061279297,295.763427734375,294.13421630859375,99667.5625,46.40216064453125,10.493487694995252,25.32281927216212,2.0,1,EF2,CST-6,05-APR-17 09:50:00
720704,2017-08-27T01:00:00+00:00,29.5706,-95.5125,1143.5,1.8282407522201538,299.038330078125,297.720703125,100514.6875,64.98031616210938,14.360374980247133,19.699311477591568,1.0,0,EF1,CST-6,26-AUG-17 19:15:00
720706,2017-08-27T05:00:00+00:00,29.55,-95.11,944.25,25.109477996826172,298.74560546875,297.518310546875,100941.1875,66.59275817871094,12.16101966095684,16.3189515359933,0.0,0,EF0,CST-6,26-AUG-17 23:00:00
720707,2017-08-27T07:00:00+00:00,29.5246,-96.0669,957.125,0.10947161167860031,298.263427734375,297.597900390625,100185.875,69.11955261230469,14.832014029270875,17.655335534789007,1.0,0,EF1,CST-6,27-AUG-17 00:43:00
690283,2017-05-26T22:00:00+00:00,39.91,-103.54,335.375,84.0938491821289,296.3603515625,281.3271484375,84630.0,18.333362579345703,0.4728761551164054,8.764689265235202,0.0,0,EF0,MST-7,26-MAY-17 15:20:00
690284,2017-05-26T23:00:00+00:00,39.86,-103.03,188.5,35.55025863647461,296.096435546875,283.56719970703125,85429.0,19.42306900024414,0.4326477451747231,9.781305014416402,0.0,0,EF0,MST-7,26-MAY-17 16:15:00
690038,2017-03-07T05:00:00+00:00,41.7625,-90.6026,456.25,0.6406763792037964,288.561279296875,286.44049072265625,97032.5625,33.99821853637695,21.132372390825168,22.433071858240805,2.0,1,EF2,CST-6,06-MAR-17 22:31:00
681978,2017-04-22T00:00:00+00:00,33.553,-97.1835,2130.375,57.31266403198242,297.61865234375,291.0225524902344,97468.1875,31.54020881652832,7.7681296248037,22.15950832502201,0.0,0,EF0,CST-6,21-APR-17 18:22:00
687241,2017-05-09T18:00:00+00:00,35.6425,-106.0433,1202.4375,7.1802287101745605,286.406494140625,282.03997802734375,79541.75,17.224225997924805,0.03602210730289817,6.062234482507786,0.0,0,EF0,MST-7,09-MAY-17 11:25:00
673696,2017-01-21T17:00:00+00:00,32.5257,-83.7335,458.8125,14.843790054321289,291.043701171875,289.46142578125,99085.078125,38.498443603515625,17.586758572396874,25.106017999322006,0.0,0,EF0,EST-5,21-JAN-17 12:15:00
673705,2017-01-21T17:00:00+00:00,32.5282,-83.7205,458.8125,14.843790054321289,291.043701171875,289.46142578125,99085.078125,38.498443603515625,17.586758572396874,25.106017999322006,2.0,1,EF2,EST-5,21-JAN-17 12:16:00
680144,2017-04-05T16:00:00+00:00,31.7743,-85.1335,2462.9375,31.174694061279297,296.224365234375,294.31585693359375,99699.5625,49.03009033203125,13.383172937487602,25.071077049323087,1.0,0,EF1,EST-5,05-APR-17 10:59:00
689825,2017-03-07T04:00:00+00:00,42.2947,-90.8262,309.9375,0.06257415562868118,287.7973937988281,285.2353515625,96321.5625,30.556289672851562,21.55962036895911,26.457374305562567,0.0,0,EF0,CST-6,06-MAR-17 21:51:00
683244,2017-04-29T21:00:00+00:00,32.6056,-95.7526,3693.875,31.609485626220703,303.393310546875,294.5934143066406,98313.25,43.49115753173828,9.728071116640352,14.639010804779888,0.0,0,EF0,CST-6,29-APR-17 15:15:00
689841,2017-03-07T04:00:00+00:00,41.5071,-90.7854,602.0,0.21882414817810059,289.0639953613281,286.40234375,97257.5625,31.667617797851562,22.698529230676847,26.829024229628175,2.0,1,EF2,CST-6,06-MAR-17 22:17:00
690046,2017-03-07T05:00:00+00:00,41.7165,-90.1358,568.0625,0.6250513792037964,288.993896484375,286.29693603515625,97503.5625,32.53435134887695,23.03561947974182,23.434543641538212,1.0,0,EF1,CST-6,06-MAR-17 22:53:00
693194,2017-04-06T02:00:00+00:00,33.0037,-85.5402,2209.25,10.12503719329834,292.003173828125,290.7347412109375,97972.125,29.23316764831543,13.82924460654476,22.268225161822357,1.0,0,EF1,CST-6,05-APR-17 19:39:00
767338,2017-08-26T10:00:00+00:00,29.776,-95.844,503.25,0.19942888617515564,298.15869140625,297.726318359375,100176.6875,60.44725036621094,18.596032834714,15.66339297515385,1.0,0,EF1,CST-6,26-AUG-17 04:00:00
687462,2017-05-10T19:00:00+00:00,36.9205,-104.1799,326.125,22.23444938659668,286.68701171875,282.03271484375,78346.375,10.39684009552002,0.4401592913141551,2.790642038978827,0.0,0,EF0,MST-7,10-MAY-17 11:37:00
690041,2017-03-07T05:00:00+00:00,41.7503,-90.3847,445.9375,1.7031763792037964,289.124755859375,286.43267822265625,97357.5625,33.74138259887695,22.920790970713668,24.071643224336142,0.0,0,EF0,CST-6,06-MAR-17 22:40:00
691815,2017-05-09T19:00:00+00:00,33.6953,-105.7771,1327.0625,0.281380295753479,291.94775390625,277.31121826171875,80224.875,12.628963470458984,0.6363255098866025,3.051358171513645,0.0,0,EF0,MST-7,09-MAY-17 11:55:00
696426,2017-05-05T02:00:00+00:00,34.5396,-79.9972,288.875,0.17201289534568787,293.685546875,292.1085510253906,99783.5625,44.2126350402832,14.043303525868831,23.19284446712635,0.0,0,EF0,EST-5,04-MAY-17 21:27:00
680140,2017-04-05T16:00:00+00:00,31.9114,-84.8277,2622.0,51.2528190612793,296.727294921875,294.26702880859375,99553.5625,50.76641845703125,16.74446004333997,25.14086909624531,1.0,0,EF1,EST-5,05-APR-17 11:27:00
690045,2017-03-07T06:00:00+00:00,41.382,-89.205,447.5625,5.843761444091797,289.617919921875,286.8150329589844,97515.875,31.915170669555664,19.023968943655575,24.96954964638589,0.0,0,EF0,CST-6,07-MAR-17 00:14:00
692196,2017-04-11T01:00:00+00:00,42.784,-85.3669,252.0,2.4937784671783447,289.043212890625,287.0565185546875,98218.75,27.912107467651367,12.587804195624086,18.477215950706594,1.0,0,EF1,EST-5,10-APR-17 19:36:00
674614,2017-02-28T23:00:00+00:00,41.3239,-88.9504,1005.5625,17.93752670288086,288.02197265625,286.48858642578125,97623.9375,29.173004150390625,15.292070771789723,26.842544197994464,3.0,1,EF3,CST-6,28-FEB-17 16:41:00
700826,2017-07-11T22:00:00+00:00,48.79,-99.16,479.25,289.4687805175781,295.890625,291.158447265625,94861.5625,31.93653106689453,1.7196469142570463,6.590180642198317,0.0,0,EF0,CST-6,11-JUL-17 16:16:00
699142,2017-07-08T00:00:00+00:00,28.3917,-81.3403,1473.5,,303.5615234375,296.8623046875,101463.0625,49.319297790527344,0.5974483639708286,0.7113726626677884,0.0,0,EF0,EST-5,07-JUL-17 19:00:00
674620,2017-02-28T23:00:00+00:00,41.3753,-88.5841,1003.25,11.71877670288086,288.06689453125,286.54620361328125,97810.9375,29.508941650390625,14.376891597455796,26.898416541866027,0.0,0,EF0,CST-6,28-FEB-17 17:04:00
677693,2017-03-01T00:00:00+00:00,40.9772,-89.0474,726.25,273.474365234375,291.286376953125,286.28265380859375,97529.5,24.875640869140625,16.05653784322383,24.831760240768503,0.0,0,EF0,CST-6,28-FEB-17 17:49:00
677696,2017-03-01T00:00:00+00:00,40.9856,-88.9865,726.25,273.474365234375,291.286376953125,286.28265380859375,97529.5,24.875640869140625,16.05653784322383,24.831760240768503,2.0,1,EF2,CST-6,28-FEB-17 17:53:00
700831,2017-07-11T23:00:00+00:00,48.77,-98.79,578.5,183.359375,297.152099609375,291.830810546875,94937.5,32.28862762451172,1.4662423553580608,7.745395807470793,0.0,0,EF0,CST-6,11-JUL-17 16:48:00
699145,2017-07-08T00:00:00+00:00,28.3171,-81.3636,1473.5,,303.5615234375,296.8623046875,101463.0625,49.319297790527344,0.5974483639708286,0.7113726626677884,0.0,0,EF0,EST-5,07-JUL-17 19:29:00
715885,2017-07-23T20:00:00+00:00,40.8223,-86.655,2255.25,52.93754959106445,303.54541015625,292.7509765625,98380.1875,35.92558670043945,2.315953591582181,7.376062830639631,0.0,0,EF0,EST-5,23-JUL-17 14:33:00
708589,2017-07-30T00:00:00+00:00,48.5538,-104.1507,682.875,218.3570556640625,302.918701171875,287.113037109375,94085.1875,28.940053939819336,0.4596877948986734,6.900469039608219,0.0,0,EF0,MST-7,29-JUL-17 16:55:00
763824,2017-07-06T20:00:00+00:00,48.1882,-91.0558,1756.625,138.57818603515625,296.977294921875,291.29541015625,95387.4375,25.10141372680664,4.490212816241299,11.429334476939683,1.0,0,EF1,CST-6,06-JUL-17 13:48:00
714053,2017-07-19T19:00:00+00:00,44.3831,-95.8188,2794.375,24.224685668945312,300.158203125,296.024169921875,96911.875,47.4752197265625,6.223766725313138,12.019959320681465,0.0,0,EF0,CST-6,19-JUL-17 13:00:00
714056,2017-07-19T19:00:00+00:00,44.3921,-95.78,2794.375,24.224685668945312,300.158203125,296.024169921875,96911.875,47.4752197265625,6.223766725313138,12.019959320681465,0.0,0,EF0,CST-6,19-JUL-17 13:02:00
700843,2017-07-12T00:00:00+00:00,48.13,-97.21,1498.625,266.4384765625,298.7197265625,294.490234375,97248.1875,36.47509765625,4.482623969883572,16.480366864094954,0.0,0,EF0,CST-6,11-JUL-17 17:50:00
699594,2017-07-11T00:00:00+00:00,39.0769,-81.945,1023.375,38.159400939941406,297.573974609375,293.19140625,98678.4375,41.68046569824219,11.186175988360487,14.959714876017925,0.0,0,EF0,EST-5,10-JUL-17 18:35:00
714163,2017-07-26T01:00:00+00:00,43.54,-98.58,958.75,192.51614379882812,303.669189453125,294.4228515625,95564.75,45.95857238769531,5.820590378713187,4.851183469851263,0.0,0,EF0,CST-6,25-JUL-17 18:50:00
712368,2017-07-15T18:00:00+00:00,30.28,-93.46,1791.0,22.05929183959961,301.7802734375,297.122314453125,101520.75,55.057777404785156,7.313680598132484,3.643621070657411,0.0,0,EF0,CST-6,15-JUL-17 12:14:00
715618,2017-07-19T23:00:00+00:00,29.7069,-91.1494,2730.0,39.70319366455078,301.95166015625,298.096923828125,101801.5,56.56108093261719,1.9884458059290653,1.088148947656746,0.0,0,EF0,CST-6,19-JUL-17 16:30:00
716360,2017-07-21T23:00:00+00:00,39.9,-101.45,929.375,484.4531555175781,307.502685546875,289.927001953125,89700.0625,30.93423843383789,0.46695586145565376,10.501849226637507,0.0,0,EF0,CST-6,21-JUL-17 16:52:00
707910,2017-07-03T11:00:00+00:00,35.8333,-90.701,99.5625,107.12505340576172,296.54833984375,294.80078125,100684.125,53.00965881347656,6.67713339411852,7.111327114551257,1.0,0,EF1,CST-6,03-JUL-17 05:28:00
714901,2017-07-11T00:00:00+00:00,40.64,-86.37,2144.125,55.175025939941406,298.822998046875,296.0673828125,98295.4375,42.16581726074219,11.964320781699852,13.22812261801045,1.0,0,EF1,EST-5,10-JUL-17 18:56:00
714992,2017-07-11T00:00:00+00:00,40.8819,-86.0083,1778.5,41.175025939941406,297.945068359375,295.607421875,98172.4375,39.76445007324219,11.239600472674327,12.569481307679622,1.0,0,EF1,EST-5,10-JUL-17 18:58:00
704963,2017-07-22T23:00:00+00:00,39.3022,-82.5248,3390.75,95.59376525878906,300.1845703125,298.428466796875,97776.75,47.3083381652832,10.098623704322728,18.63827831455114,1.0,0,EF1,EST-5,22-JUL-17 17:48:00
715433,2017-07-15T21:00:00+00:00,30.5768,-97.6632,306.375,68.12500762939453,306.384521484375,292.55810546875,98358.25,50.38761901855469,0.8447847684554239,4.1412499952383515,0.0,0,EF0,CST-6,15-JUL-17 15:15:00
708115,2017-07-27T18:00:00+00:00,30.4055,-81.4039,1609.125,71.18750762939453,301.23779296875,296.906494140625,101491.875,58.048744201660156,5.912988552835697,9.134906258010425,0.0,0,EF0,EST-5,27-JUL-17 12:38:00
713480,2017-07-06T02:00:00+00:00,39.297,-77.844,200.625,98.84391784667969,297.125244140625,293.546630859375,100018.1875,51.46773910522461,6.128932994276824,0.913390405115363,0.0,0,EF0,EST-5,05-JUL-17 21:14:00
714567,2017-07-19T15:00:00+00:00,48.6605,-99.7982,620.0,2.8735275268554688,289.08447265625,287.537841796875,95534.375,35.987239837646484,10.405356013967323,21.522004689379276,0.0,0,EF0,CST-6,19-JUL-17 08:35:00
715275,2017-07-22T02:00:00+00:00,47.15,-101.07,696.625,554.0037841796875,301.420166015625,292.203857421875,93824.25,19.69403839111328,0.8664147955049444,19.332135854748152,0.0,0,EF0,CST-6,21-JUL-17 19:50:00
679203,2017-02-26T00:00:00+00:00,42.485,-72.7528,61.375,,285.900146484375,284.62054443359375,96579.8125,25.289432525634766,14.734481041156597,21.125085702699735,1.0,0,EF1,EST-5,25-FEB-17 19:23:00
701952,2017-07-03T22:00:00+00:00,34.73,-103.21,921.0,775.109375,304.482666015625,284.8388671875,86620.25,22.84930419921875,0.25260026536868074,6.319384297633102,0.0,0,EF0,MST-7,03-JUL-17 14:30:00
708298,2017-07-06T00:00:00+00:00,35.8664,-88.5524,364.625,32.076446533203125,299.041259765625,296.62451171875,99864.5625,51.55636215209961,7.937489789222341,17.23933618954044,1.0,0,EF1,CST-6,05-JUL-17 17:58:00
714082,2017-07-19T15:00:00+00:00,34.4181,-77.5553,909.375,17.27977752685547,299.18310546875,296.966552734375,101981.375,40.111263275146484,2.2589059442095305,1.7689125937903787,0.0,0,EF0,EST-5,19-JUL-17 10:23:00
714369,2017-07-15T20:00:00+00:00,30.7418,-94.9982,3042.75,110.5157241821289,302.631103515625,295.619873046875,100785.75,55.910057067871094,5.282171134427958,4.357655831268529,0.0,0,EF0,CST-6,15-JUL-17 14:27:00
702638,2017-07-10T23:00:00+00:00,40.8863,-89.7398,4720.5,87.75008392333984,299.048095703125,297.03076171875,98513.375,46.43825149536133,10.720429531639908,20.002723246024175,0.0,0,EF0,CST-6,10-JUL-17 16:45:00
707947,2017-07-03T22:00:00+00:00,36.1163,-89.2843,395.875,52.3125,297.469970703125,295.8505859375,100236.25,51.46649169921875,5.876681112408704,9.95578472342743,0.0,0,EF0,CST-6,03-JUL-17 16:20:00
704123,2017-07-24T05:00:00+00:00,38.9637,-76.3485,1557.25,44.12943649291992,299.294677734375,297.455810546875,100680.125,54.895259857177734,11.599532997081894,12.45366260097962,2.0,1,EF2,EST-5,24-JUL-17 00:23:00
679200,2017-02-26T00:00:00+00:00,42.4086,-72.797,61.375,,285.900146484375,284.62054443359375,96579.8125,25.289432525634766,14.734481041156597,21.125085702699735,1.0,0,EF1,EST-5,25-FEB-17 19:18:00
702945,2017-07-21T23:00:00+00:00,46.81,-96.58,2960.625,215.07815551757812,301.530029296875,293.625244140625,97261.0625,48.02115249633789,4.927411195182195,13.27734511978261,0.0,0,EF0,CST-6,21-JUL-17 16:34:00
703024,2017-07-23T00:00:00+00:00,40.334,-76.389,161.0,21.328222274780273,295.2568359375,294.529541015625,98399.3125,56.266754150390625,5.610665395152189,12.185760435111419,0.0,0,EF0,EST-5,22-JUL-17 18:40:00
703298,2017-07-24T20:00:00+00:00,40.9171,-76.6692,151.875,399.576416015625,298.69873046875,293.268798828125,98138.1875,33.00304412841797,3.8457892554210167,11.464325548005643,0.0,0,EF0,EST-5,24-JUL-17 14:57:00
674612,2017-02-28T22:00:00+00:00,41.2785,-89.1627,1218.25,5.343874454498291,288.16162109375,287.0197448730469,97665.125,26.87833023071289,15.014550079595026,23.410489969161834,0.0,0,EF0,CST-6,28-FEB-17 16:27:00
701956,2017-07-06T22:00:00+00:00,35.4284,-106.3902,15.5,,307.234375,273.0478515625,81540.25,14.125247955322266,0.08795335803462896,1.476859171953759,0.0,0,EF0,MST-7,06-JUL-17 14:30:00
674617,2017-02-28T23:00:00+00:00,41.3648,-88.7066,995.125,15.09377670288086,288.05224609375,286.53350830078125,97704.9375,29.378082275390625,14.46922331679576,26.886696120641037,1.0,0,EF1,CST-6,28-FEB-17 16:58:00
699991,2017-07-13T02:00:00+00:00,44.4884,-89.4276,1249.625,279.1409606933594,298.31640625,294.658447265625,97179.625,38.9981689453125,6.704032614013863,8.670860419003747,0.0,0,EF0,CST-6,12-JUL-17 19:30:00
708239,2017-07-07T18:00:00+00:00,25.9715,-97.3691,1251.75,133.60940551757812,300.06494140625,296.821533203125,101898.625,54.981876373291016,1.4841487883949,2.5644525299935075,0.0,0,EF0,CST-6,07-JUL-17 11:30:00
719423,2017-08-19T00:00:00+00:00,43.65,-95.84,1293.875,32.531368255615234,291.6982421875,289.312744140625,95683.5625,28.418170928955078,5.101534341311952,17.919517339639047,1.0,0,EF1,CST-6,18-AUG-17 18:26:00
700659,2017-07-11T00:00:00+00:00,40.7126,-84.7948,1559.0,310.6125183105469,298.009521484375,294.1552734375,98079.4375,40.06816101074219,10.621325393438475,14.987606913488944,0.0,0,EF0,EST-5,10-JUL-17 19:14:00
685291,2017-03-01T15:00:00+00:00,36.15,-85.2377,440.15625,49.28129577636719,290.0509033203125,286.7545166015625,95995.125,33.946041107177734,15.999333956361458,23.7705575102879,1.0,0,EF1,CST-6,01-MAR-17 08:35:00
685098,2017-03-01T14:00:00+00:00,36.1167,-85.9809,474.40625,104.3546371459961,290.6046142578125,287.93145751953125,98162.4375,36.14039993286133,18.405725688781615,20.386053671655958,1.0,0,EF1,CST-6,01-MAR-17 07:51:00
686046,2017-03-01T14:00:00+00:00,36.1076,-86.066,474.40625,104.3546371459961,290.6046142578125,287.93145751953125,98162.4375,36.14039993286133,18.405725688781615,20.386053671655958,0.0,0,EF0,CST-6,01-MAR-17 07:47:00
685100,2017-03-01T14:00:00+00:00,36.1461,-85.7526,401.34375,147.30776977539062,290.3927001953125,287.52813720703125,97927.4375,34.87965774536133,18.77982880801231,20.040799268405365,1.0,0,EF1,CST-6,01-MAR-17 08:04:00
721358,2017-08-25T21:00:00+00:00,28.4239,-96.6671,802.875,2.703174591064453,301.49560546875,299.08349609375,99823.5625,71.36155700683594,17.106664484874393,16.66919231615218,0.0,0,EF0,CST-6,25-AUG-17 15:14:00
715693,2017-07-09T00:00:00+00:00,37.0755,-113.3219,0.0,,309.14306640625,276.864990234375,85645.8125,16.309158325195312,0.40048368245132787,0.9078982460022489,,0,EFU,MST-7,08-JUL-17 17:20:00
715687,2017-07-10T18:00:00+00:00,37.7042,-112.5552,249.0,,299.05322265625,279.670654296875,76622.3125,21.685300827026367,0.43715303546712325,2.3430534612197356,,0,EFU,MST-7,10-JUL-17 11:00:00
720471,2017-08-26T06:00:00+00:00,29.4475,-95.4599,1033.25,35.54861831665039,299.397705078125,297.75390625,100555.375,66.65567016601562,15.610592564997898,14.147015895637608,1.0,0,EF1,CST-6,25-AUG-17 23:52:00
720676,2017-08-26T10:00:00+00:00,29.78,-95.8466,503.25,0.19942888617515564,298.15869140625,297.726318359375,100176.6875,60.44725036621094,18.596032834714,15.66339297515385,1.0,0,EF1,CST-6,26-AUG-17 04:01:00
767027,2017-08-26T06:00:00+00:00,29.4379,-95.45,1033.25,35.54861831665039,299.397705078125,297.75390625,100555.375,66.65567016601562,15.610592564997898,14.147015895637608,1.0,0,EF1,CST-6,25-AUG-17 23:50:00
698686,2017-04-02T21:00:00+00:00,32.065,-91.9315,1750.625,59.48467254638672,295.298095703125,292.30615234375,100382.1875,44.09809112548828,18.025694998712442,15.765966430768648,1.0,0,EF1,CST-6,02-APR-17 15:19:00
666468,2017-01-16T03:00:00+00:00,32.69,-97.034,215.15625,0.45945075154304504,290.1708984375,289.6134033203125,98911.0,35.47575378417969,16.61574760399433,20.086334019429685,0.0,0,EF0,CST-6,15-JAN-17 20:43:00
714509,2017-07-29T23:00:00+00:00,31.81,-110.2,518.125,32.375160217285156,299.85595703125,291.060791015625,86332.875,36.8331298828125,0.13623622827421109,3.694959134168988,0.0,0,EF0,MST-7,29-JUL-17 16:00:00
666470,2017-01-16T09:00:00+00:00,31.69,-96.55,348.625,3.817744016647339,290.80316162109375,290.33306884765625,99632.0625,36.023338317871094,11.760793911602805,17.741921630014946,0.0,0,EF0,CST-6,16-JAN-17 02:43:00
722061,2017-09-19T20:00:00+00:00,44.5918,-122.7041,332.25,16.843772888183594,287.2861328125,285.21142578125,97346.3125,15.115754127502441,6.84039936759921,14.122526204083558,1.0,0,EF1,PST-8,19-SEP-17 12:07:00
710988,2017-07-15T02:00:00+00:00,32.4445,-111.2182,1404.75,96.62438201904297,306.27001953125,291.339111328125,92964.5625,37.65900421142578,3.7758448919486938,1.4171933407242119,0.0,0,EF0,MST-7,14-JUL-17 18:55:00
690548,2017-04-30T14:00:00+00:00,32.6538,-90.3195,479.625,68.29701232910156,296.8740234375,294.47576904296875,100024.3125,49.705013275146484,15.197945425293753,24.112157598253518,2.0,1,EF2,CST-6,30-APR-17 07:54:00
690035,2017-03-07T04:00:00+00:00,41.599,-90.7988,537.4375,0.2969491481781006,288.7007141113281,286.1279296875,97096.5625,31.544570922851562,22.162827148277934,26.567724734032378,1.0,0,EF1,CST-6,06-MAR-17 22:19:00
716418,2017-07-11T23:00:00+00:00,41.077,-79.566,1244.5,51.45313262939453,295.040771484375,293.519287109375,96611.5,42.80327606201172,8.15665863374891,10.723346432355157,0.0,0,EF0,EST-5,11-JUL-17 17:45:00
700616,2017-06-29T00:00:00+00:00,42.1535,-91.9884,1745.5,61.676422119140625,294.949951171875,292.30328369140625,97299.1875,45.96825408935547,16.215024305890733,17.89745160993181,0.0,0,EF0,CST-6,28-JUN-17 18:26:00
716031,2017-07-26T23:00:00+00:00,41.7974,-90.5592,859.875,112.64075469970703,297.37939453125,296.47119140625,98783.0625,57.52732467651367,4.608464179028073,10.438786402933594,0.0,0,EF0,CST-6,26-JUL-17 17:06:00
700618,2017-06-29T01:00:00+00:00,41.9657,-90.9954,936.5,111.0677490234375,295.1689453125,293.348876953125,97678.75,43.904937744140625,15.160655857259368,21.550817126857797,1.0,0,EF1,CST-6,28-JUN-17 18:56:00
670338,2017-01-03T04:00:00+00:00,31.6465,-83.9934,215.75,243.78128051757812,291.34735107421875,290.4755859375,100686.5,41.325279235839844,13.209707612560543,22.475415257163363,1.0,0,EF1,EST-5,02-JAN-17 22:35:00
670344,2017-01-03T02:00:00+00:00,30.9973,-84.945,135.875,122.48460388183594,292.9290771484375,292.0299072265625,101064.375,39.72556686401367,17.436634315320816,20.817047381080904,1.0,0,EF1,EST-5,02-JAN-17 21:14:00
725084,2017-10-23T20:00:00+00:00,35.182,-81.798,754.375,1.015630841255188,294.70751953125,293.877197265625,97842.6875,44.3029670715332,16.56641297793937,19.654578193166948,1.0,0,EF1,EST-5,23-OCT-17 14:40:00
725087,2017-10-23T20:00:00+00:00,35.305,-81.722,733.75,0.6406307816505432,293.93994140625,293.248291015625,96953.6875,43.1105842590332,15.85819189445267,22.047228619185383,0.0,0,EF0,EST-5,23-OCT-17 14:47:00
673670,2017-01-21T16:00:00+00:00,32.8097,-84.5331,467.8125,22.642419815063477,289.72210693359375,288.1996765136719,98025.1875,40.88285446166992,11.068900340172148,24.25096660826045,1.0,0,EF1,EST-5,21-JAN-17 11:14:00
703348,2017-05-18T01:00:00+00:00,41.307,-90.4334,1553.625,35.59404754638672,294.152099609375,290.56878662109375,97424.3125,31.122905731201172,16.157342723163644,24.408777944901,1.0,0,EF1,CST-6,17-MAY-17 19:07:00
715997,2017-07-11T23:00:00+00:00,41.6977,-91.9896,3495.75,236.828125,303.241943359375,298.344482421875,98083.5,50.43022918701172,12.76909060855625,13.444063449665482,1.0,0,EF1,CST-6,11-JUL-17 16:35:00
695496,2017-04-27T23:00:00+00:00,31.8694,-85.4566,2194.875,5.078149795532227,296.03173828125,295.25537109375,99442.0625,37.552547454833984,8.616279885236871,11.906887559922682,0.0,0,EF0,CST-6,27-APR-17 16:59:00
720479,2017-09-11T00:00:00+00:00,29.93,-81.3,624.25,35.7284049987793,298.323486328125,296.575927734375,100587.375,65.58766174316406,11.395362513460341,21.001065416742335,1.0,0,EF1,EST-5,10-SEP-17 18:50:00
724109,2017-10-07T22:00:00+00:00,30.6848,-88.2125,49.25,55.45713424682617,297.672119140625,297.50994873046875,100264.75,65.90812683105469,11.768406798752588,15.322329988657577,0.0,0,EF0,CST-6,07-OCT-17 15:47:00
724110,2017-10-07T23:00:00+00:00,31.946,-86.5072,528.0,33.8595085144043,298.839111328125,297.6902770996094,99634.4375,63.737693786621094,12.120516127006098,18.125235955917454,0.0,0,EF0,CST-6,07-OCT-17 17:26:00
724111,2017-10-08T00:00:00+00:00,30.2927,-87.5742,401.5,19.843820571899414,299.09033203125,297.7901611328125,100410.8125,63.739044189453125,13.24046610970927,19.927022941542255,0.0,0,EF0,CST-6,07-OCT-17 17:34:00
720710,2017-08-27T15:00:00+00:00,29.717,-95.4151,601.625,7.995173454284668,298.280517578125,297.380126953125,100467.6875,65.9848403930664,10.874134144812103,7.664294028230112,0.0,0,EF0,CST-6,27-AUG-17 09:15:00
724810,2017-10-08T02:00:00+00:00,31.6519,-88.6079,376.0625,16.195810317993164,297.77587890625,297.0326843261719,99845.125,63.70115661621094,14.275087936088878,16.119346075298626,0.0,0,EF0,CST-6,07-OCT-17 20:28:00
724836,2017-10-07T19:00:00+00:00,30.246,-87.6926,790.5,27.856956481933594,299.48046875,297.58001708984375,100776.0,63.58270263671875,10.57009974196485,12.053352056887006,0.0,0,EF0,CST-6,07-OCT-17 12:58:00
696246,2017-06-19T23:00:00+00:00,38.79,-75.58,522.6875,7.562536239624023,297.614990234375,295.476318359375,101049.125,55.167789459228516,15.075354661161164,16.72140040277356,0.0,0,EF0,EST-5,19-JUN-17 18:15:00
696247,2017-06-19T19:00:00+00:00,40.51,-76.13,954.5625,15.984436988830566,299.291748046875,294.9228515625,97725.5,46.645442962646484,10.515808472654264,14.220914977587992,0.0,0,EF0,EST-5,19-JUN-17 13:36:00
686565,2017-03-07T01:00:00+00:00,39.4556,-94.5485,1632.875,26.984506607055664,294.597412109375,287.2787170410156,96392.625,30.844022750854492,21.346091700199544,31.73958117879907,2.0,1,EF2,CST-6,06-MAR-17 19:28:00
686605,2017-03-07T02:00:00+00:00,38.959,-94.2394,2001.5,50.97702407836914,292.62445068359375,286.554931640625,96558.875,32.726654052734375,18.746722000778462,29.859993616550145,3.0,1,EF3,CST-6,06-MAR-17 20:11:00
724577,2017-11-18T23:00:00+00:00,36.41,-86.26,237.3125,0.9739747643470764,290.756591796875,289.63037109375,97425.9375,38.38214874267578,20.27560090273063,26.388820606134587,0.0,0,EF0,CST-6,18-NOV-17 17:04:00
683870,2017-03-01T13:00:00+00:00,35.9545,-86.883,506.25,180.87677001953125,292.08453369140625,288.8323974609375,98383.9375,34.794456481933594,17.566831151700114,15.773938418572298,1.0,0,EF1,CST-6,01-MAR-17 07:00:00
724576,2017-11-18T23:00:00+00:00,36.0875,-86.4955,291.71875,0.4270997643470764,291.138427734375,289.85400390625,97607.9375,38.68781280517578,17.124441461797048,26.30857679010166,1.0,0,EF1,CST-6,18-NOV-17 16:58:00
724575,2017-11-18T23:00:00+00:00,36.0818,-86.5197,291.71875,0.4270997643470764,291.138427734375,289.85400390625,97607.9375,38.68781280517578,17.124441461797048,26.30857679010166,0.0,0,EF0,CST-6,18-NOV-17 16:56:00
724569,2017-11-18T23:00:00+00:00,36.327,-86.8778,153.9375,6.223974704742432,290.059326171875,288.54345703125,97670.9375,33.72882843017578,14.794957467005915,26.07923477489718,1.0,0,EF1,CST-6,18-NOV-17 16:30:00
726770,2017-11-18T22:00:00+00:00,36.2995,-87.4099,237.71875,6.859396934509277,290.199951171875,288.68743896484375,97777.0625,35.681522369384766,15.738962439399518,25.447456162291207,0.0,0,EF0,CST-6,18-NOV-17 15:52:00
724574,2017-11-18T23:00:00+00:00,36.0676,-86.574,291.71875,0.4270997643470764,291.138427734375,289.85400390625,97607.9375,38.68781280517578,17.124441461797048,26.30857679010166,0.0,0,EF0,CST-6,18-NOV-17 16:53:00
702587,2017-07-06T02:00:00+00:00,36.161,-87.6791,588.875,21.984540939331055,297.819580078125,295.997802734375,99561.1875,52.40914535522461,9.778494943090253,15.26569334898544,0.0,0,EF0,CST-6,05-JUL-17 19:58:00
686035,2017-03-01T14:00:00+00:00,36.0971,-86.2501,453.0625,73.0577621459961,290.7852783203125,288.10235595703125,98531.4375,36.63063430786133,18.142989089302176,21.177998352976154,0.0,0,EF0,CST-6,01-MAR-17 07:37:00
685074,2017-03-01T14:00:00+00:00,36.0989,-86.1678,453.0625,73.0577621459961,290.7852783203125,288.10235595703125,98531.4375,36.63063430786133,18.142989089302176,21.177998352976154,1.0,0,EF1,CST-6,01-MAR-17 07:40:00
688334,2017-03-27T23:00:00+00:00,35.5563,-87.6756,633.9375,24.96880340576172,291.228759765625,289.378662109375,98602.625,30.456588745117188,8.494344276400694,24.125358996875615,0.0,0,EF0,CST-6,27-MAR-17 17:12:00
688335,2017-03-27T23:00:00+00:00,35.5613,-87.6576,633.9375,24.96880340576172,291.228759765625,289.378662109375,98602.625,30.456588745117188,8.494344276400694,24.125358996875615,1.0,0,EF1,CST-6,27-MAR-17 17:15:00
694486,2017-05-24T17:00:00+00:00,36.28,-86.12,599.625,25.589908599853516,289.679443359375,287.59326171875,96870.8125,27.688453674316406,10.178704151867029,7.820202470833002,0.0,0,EF0,CST-6,24-MAY-17 10:36:00
670376,2017-02-08T04:00:00+00:00,29.9559,-81.5353,918.8125,109.85948944091797,291.4545593261719,288.2945251464844,101253.625,37.44716262817383,13.782977010018158,16.063120929171998,1.0,0,EF1,EST-5,07-FEB-17 22:37:00
672819,2017-02-25T20:00:00+00:00,39.9982,-76.5922,726.46875,16.218835830688477,289.871826171875,286.99627685546875,97810.4375,28.684539794921875,12.998437176933688,18.384458491380965,1.0,0,EF1,EST-5,25-FEB-17 15:15:00
682020,2017-02-07T20:00:00+00:00,32.2737,-86.053,1163.4375,4.468824863433838,292.52166748046875,290.02435302734375,99808.0,38.105831146240234,12.825797852293503,20.412042273211558,0.0,0,EF0,CST-6,07-FEB-17 13:42:00
720482,2017-09-10T18:00:00+00:00,29.9,-81.31,675.125,28.703170776367188,297.77392578125,295.580322265625,101071.6875,61.662132263183594,11.629512829128243,11.707539041126402,1.0,0,EF1,EST-5,10-SEP-17 12:40:00
720491,2017-09-11T06:00:00+00:00,30.69,-81.46,1054.75,4.8125739097595215,296.794921875,295.9609375,100174.0625,67.55463409423828,19.919930271755078,26.975738656497228,0.0,0,EF0,EST-5,11-SEP-17 01:25:00
720523,2017-09-11T05:00:00+00:00,29.72,-81.23,1151.375,0.23443098366260529,297.1162109375,296.43408203125,99588.875,71.87887573242188,24.702382591075242,25.06556976532025,2.0,1,EF2,EST-5,11-SEP-17 00:15:00
705836,2017-07-31T15:00:00+00:00,27.51,-82.66,629.125,72.8594741821289,298.949951171875,296.728271484375,101223.75,51.75096130371094,4.8793872697905165,9.820645808765994,0.0,0,EF0,EST-5,31-JUL-17 09:55:00
720007,2017-08-28T10:00:00+00:00,29.7638,-93.71,267.125,16.76579475402832,298.8505859375,297.409912109375,100569.8125,64.14729309082031,8.408505502670177,13.594652891264007,0.0,0,EF0,CST-6,28-AUG-17 03:39:00
720003,2017-08-27T20:00:00+00:00,29.9708,-91.7559,996.5,35.687644958496094,298.47607421875,296.849609375,101194.4375,63.58865737915039,4.313257875304906,7.881311940008977,0.0,0,EF0,CST-6,27-AUG-17 13:35:00
720001,2017-08-26T17:00:00+00:00,29.9692,-93.3495,1826.625,2.43756365776062,300.461669921875,298.053955078125,101412.25,61.364994049072266,8.134961610881565,10.228195645473392,0.0,0,EF0,CST-6,26-AUG-17 11:22:00
720002,2017-08-27T19:00:00+00:00,29.9893,-92.0415,815.125,67.85115814208984,299.204833984375,297.519287109375,101181.3125,63.56497573852539,4.347771935341395,8.07114494754294,0.0,0,EF0,CST-6,27-AUG-17 13:15:00
720006,2017-08-29T22:00:00+00:00,30.2276,-92.5776,299.75,31.399688720703125,298.876708984375,297.26123046875,100323.0625,60.39583206176758,11.451582168050372,13.781516847014148,2.0,1,EF2,CST-6,29-AUG-17 16:09:00
723027,2017-09-09T23:00:00+00:00,25.412,-80.377,913.9375,47.31252670288086,299.983642578125,297.945556640625,99953.125,65.84485626220703,15.156899497405934,14.459834529274975,0.0,0,EF0,EST-5,09-SEP-17 18:01:00
718737,2017-08-31T18:00:00+00:00,34.3144,-88.7272,1352.5,47.06254196166992,299.6591796875,296.49462890625,99327.5,60.40323257446289,13.989411208125759,17.50800373683288,0.0,0,EF0,CST-6,31-AUG-17 12:13:00
686606,2017-03-07T02:00:00+00:00,38.9913,-94.1112,1936.25,67.7895278930664,292.74652099609375,286.452392578125,96738.875,32.266693115234375,19.121072921636504,30.087344139716787,1.0,0,EF1,CST-6,06-MAR-17 20:21:00
686816,2017-03-07T02:00:00+00:00,40.3938,-93.753,843.25,2.117650032043457,289.94281005859375,286.755126953125,96168.875,30.878999710083008,18.728318066076277,24.279457697527477,1.0,0,EF1,CST-6,06-MAR-17 19:40:00
686607,2017-03-07T02:00:00+00:00,38.9236,-94.4079,1801.875,22.398900985717773,292.08245849609375,286.477783203125,96442.875,32.300872802734375,18.0364409504429,27.64100031386213,0.0,0,EF0,CST-6,06-MAR-17 20:03:00
686553,2017-03-07T01:00:00+00:00,39.428,-94.5988,1632.875,26.984506607055664,294.597412109375,287.2787170410156,96392.625,30.844022750854492,21.346091700199544,31.73958117879907,2.0,1,EF2,CST-6,06-MAR-17 19:24:00
686608,2017-03-07T03:00:00+00:00,39.3379,-93.5154,883.875,9.554277420043945,291.90338134765625,287.8931884765625,97180.0,34.116676330566406,16.472389065225915,24.390325853376957,0.0,0,EF0,CST-6,06-MAR-17 20:40:00
686768,2017-03-07T03:00:00+00:00,38.3256,-93.6878,1083.75,63.55427932739258,291.58892822265625,288.4703369140625,97146.0,31.705541610717773,19.46108867041686,28.036012570087674,0.0,0,EF0,CST-6,06-MAR-17 21:17:00
686790,2017-03-07T03:00:00+00:00,38.7348,-93.5327,1179.8125,125.52302551269531,291.48248291015625,288.0445556640625,97077.0,32.491676330566406,19.687995045106295,28.859240347406637,0.0,0,EF0,CST-6,06-MAR-17 21:10:00
718634,2017-08-31T19:00:00+00:00,34.5998,-88.5679,1499.375,10.312631607055664,299.060546875,296.07763671875,98995.25,60.84455108642578,13.329211329629606,22.924558283298243,0.0,0,EF0,CST-6,31-AUG-17 12:43:00
686134,2017-03-07T02:00:00+00:00,38.8621,-94.6249,1801.875,22.398900985717773,292.08245849609375,286.477783203125,96442.875,32.300872802734375,18.0364409504429,27.64100031386213,0.0,0,EF0,CST-6,06-MAR-17 19:51:00
686795,2017-03-07T03:00:00+00:00,38.737,-93.503,1179.8125,125.52302551269531,291.48248291015625,288.0445556640625,97077.0,32.491676330566406,19.687995045106295,28.859240347406637,0.0,0,EF0,CST-6,06-MAR-17 21:13:00
718621,2017-08-31T13:00:00+00:00,34.4751,-90.6242,177.625,0.8347632884979248,297.326171875,296.00927734375,100213.6875,56.99264144897461,13.408667515953328,8.131180802955477,0.0,0,EF0,CST-6,31-AUG-17 07:19:00
718738,2017-08-31T20:00:00+00:00,35.2294,-88.3411,800.0,57.57823181152344,296.748779296875,295.69091796875,98865.625,57.24763488769531,11.85801126803357,21.22222627719635,0.0,0,EF0,CST-6,31-AUG-17 14:07:00
686815,2017-03-07T04:00:00+00:00,38.8323,-92.9597,726.75,2.7188241481781006,290.5620422363281,288.9169921875,97522.5625,32.61000061035156,17.310172020810842,21.805849173845754,0.0,0,EF0,CST-6,06-MAR-17 21:40:00
713256,2017-08-30T07:00:00+00:00,30.3962,-88.9121,1016.25,18.04692840576172,298.975830078125,297.6318359375,100820.625,60.134437561035156,6.3460022542522445,11.480648339975811,0.0,0,EF0,CST-6,30-AUG-17 00:46:00
718635,2017-08-31T17:00:00+00:00,34.9455,-89.3006,1194.625,13.396275520324707,298.819091796875,297.0791015625,99261.75,56.88892364501953,13.7386722385957,12.328949990910612,0.0,0,EF0,CST-6,31-AUG-17 10:57:00
686813,2017-03-07T03:00:00+00:00,39.4546,-93.1085,1312.5625,79.66365051269531,292.66119384765625,287.0513916015625,97296.0,34.087379455566406,18.958992659581078,29.927663291079217,1.0,0,EF1,CST-6,06-MAR-17 20:56:00
696244,2017-06-24T11:00:00+00:00,40.187,-74.252,43.875,26.43754005432129,297.132080078125,295.4384765625,99893.4375,63.02350997924805,13.576664459872145,23.596180780288705,0.0,0,EF0,EST-5,24-JUN-17 06:21:00
686540,2017-03-07T01:00:00+00:00,40.31,-95.09,367.25,105.21887969970703,292.027099609375,285.9886779785156,95869.625,23.345975875854492,15.786270977469243,12.947020724275157,0.0,0,EF0,CST-6,06-MAR-17 18:30:00
686814,2017-03-07T03:00:00+00:00,39.0129,-93.8511,843.9375,19.726152420043945,291.81646728515625,287.8941650390625,97194.0,32.305152893066406,15.896483444684472,22.47610120197515,1.0,0,EF1,CST-6,06-MAR-17 20:34:00
696245,2017-06-24T11:00:00+00:00,40.172,-74.183,43.875,26.43754005432129,297.132080078125,295.4384765625,99893.4375,63.02350997924805,13.576664459872145,23.596180780288705,0.0,0,EF0,EST-5,24-JUN-17 06:27:00
718739,2017-08-31T22:00:00+00:00,35.2669,-88.0316,37.75,,295.5390625,294.7998046875,98539.0,55.15979766845703,16.85906506607788,24.90954729597287,0.0,0,EF0,CST-6,31-AUG-17 15:37:00
718633,2017-08-31T18:00:00+00:00,34.4294,-88.5135,1494.75,60.54691696166992,300.5810546875,296.25634765625,99371.5,58.62588882446289,13.043168705716939,18.19607358959056,1.0,0,EF1,CST-6,31-AUG-17 12:23:00
702465,2017-05-01T19:00:00+00:00,41.408,-79.355,664.0,230.3125457763672,293.877685546875,289.2724609375,94621.625,35.35432434082031,12.571456699050566,35.105890191070046,1.0,0,EF1,EST-5,01-MAY-17 14:27:00
741697,2017-05-01T20:00:00+00:00,41.4325,-79.3416,286.0625,39.01595687866211,292.80859375,289.100830078125,94573.375,36.579673767089844,13.381584093655166,28.99519646888452,1.0,0,EF1,EST-5,01-MAY-17 14:30:00
683366,2017-05-01T20:00:00+00:00,41.5884,-78.7435,688.375,217.70346069335938,292.3759765625,288.395751953125,93538.375,34.498619079589844,12.198726380411859,31.125791372017687,1.0,0,EF1,EST-5,01-MAY-17 15:08:00
702459,2017-05-01T19:00:00+00:00,41.189,-79.553,305.75,309.76568603515625,294.989013671875,288.859375,95208.625,35.08772277832031,14.49637407040411,33.93950579535306,0.0,0,EF0,EST-5,01-MAY-17 14:09:00
683281,2017-05-01T23:00:00+00:00,40.9386,-77.4583,88.375,56.87504196166992,294.543701171875,288.911376953125,95696.8125,41.03376007080078,15.12319674979125,32.857790914974984,1.0,0,EF1,EST-5,01-MAY-17 17:44:00
702460,2017-05-01T19:00:00+00:00,41.331,-79.255,664.0,230.3125457763672,293.877685546875,289.2724609375,94621.625,35.35432434082031,12.571456699050566,35.105890191070046,0.0,0,EF0,EST-5,01-MAY-17 14:25:00
702463,2017-05-01T19:00:00+00:00,41.331,-79.224,664.0,230.3125457763672,293.877685546875,289.2724609375,94621.625,35.35432434082031,12.571456699050566,35.105890191070046,0.0,0,EF0,EST-5,01-MAY-17 14:27:00
1019161,2017-05-01T20:00:00+00:00,41.436,-79.065,417.25,160.04721069335938,292.52734375,289.134033203125,94208.375,35.410728454589844,13.153430291865451,30.14823785756245,2.0,1,EF2,EST-5,01-MAY-17 14:43:00
1019145,2017-05-01T20:00:00+00:00,41.418,-79.105,417.25,160.04721069335938,292.52734375,289.134033203125,94208.375,35.410728454589844,13.153430291865451,30.14823785756245,1.0,0,EF1,EST-5,01-MAY-17 14:39:00
1019146,2017-05-01T20:00:00+00:00,41.424,-79.098,417.25,160.04721069335938,292.52734375,289.134033203125,94208.375,35.410728454589844,13.153430291865451,30.14823785756245,2.0,1,EF2,EST-5,01-MAY-17 14:40:00
1019147,2017-05-01T20:00:00+00:00,41.432,-79.074,417.25,160.04721069335938,292.52734375,289.134033203125,94208.375,35.410728454589844,13.153430291865451,30.14823785756245,2.0,1,EF2,EST-5,01-MAY-17 14:42:00
702457,2017-05-01T19:00:00+00:00,40.911,-80.076,134.1875,42.00004577636719,295.855224609375,289.2255859375,95745.625,36.75764465332031,16.410924370754696,31.14432312365764,0.0,0,EF0,EST-5,01-MAY-17 13:30:00
702458,2017-05-01T19:00:00+00:00,41.092,-79.732,174.6875,,295.218505859375,289.2490234375,95294.625,35.77131652832031,15.494272228232731,33.812769879901175,0.0,0,EF0,EST-5,01-MAY-17 13:56:00
1019144,2017-05-01T20:00:00+00:00,41.378,-79.177,286.0625,39.01595687866211,292.80859375,289.100830078125,94573.375,36.579673767089844,13.381584093655166,28.99519646888452,1.0,0,EF1,EST-5,01-MAY-17 14:35:00
720005,2017-08-29T22:00:00+00:00,30.1498,-92.1498,471.125,37.493438720703125,299.313232421875,296.99951171875,100430.0625,57.21028518676758,10.873359420305611,15.388388092854013,0.0,0,EF0,CST-6,29-AUG-17 16:27:00
720494,2017-09-11T06:00:00+00:00,30.61,-81.47,1054.75,4.8125739097595215,296.794921875,295.9609375,100174.0625,67.55463409423828,19.919930271755078,26.975738656497228,0.0,0,EF0,EST-5,11-SEP-17 01:25:00
720004,2017-08-29T23:00:00+00:00,29.96,-92.41,92.0,16.968942642211914,298.623779296875,297.07568359375,100301.375,55.99971008300781,10.66779563380138,13.543976397242815,0.0,0,EF0,CST-6,29-AUG-17 16:42:00
720481,2017-09-11T00:00:00+00:00,29.6455,-81.21,534.0,17.712778091430664,297.229736328125,296.256591796875,100402.375,65.93531799316406,15.568721753891937,25.046190115726592,0.0,0,EF0,EST-5,10-SEP-17 19:13:00
723028,2017-09-09T16:00:00+00:00,25.9022,-81.3274,1500.375,185.50009155273438,303.4638671875,297.87939453125,100575.625,56.482398986816406,13.312036164699297,21.447275963675818,1.0,0,EF1,EST-5,09-SEP-17 11:20:00
723029,2017-09-10T00:00:00+00:00,25.9878,-80.3756,1050.875,57.406394958496094,300.25146484375,298.00146484375,100252.125,64.56785583496094,12.73624543451594,16.403939001778856,1.0,0,EF1,EST-5,09-SEP-17 19:13:00
723030,2017-09-10T00:00:00+00:00,26.0139,-80.4065,912.3125,23.922019958496094,299.62548828125,297.353515625,100318.125,62.5248908996582,15.20680736489291,18.27633848568326,1.0,0,EF1,EST-5,09-SEP-17 19:17:00
722911,2017-09-09T23:00:00+00:00,26.1383,-80.1039,1157.5625,37.84377670288086,300.883056640625,298.010986328125,100324.125,59.96985626220703,10.227626168389952,14.643618257403043,0.0,0,EF0,EST-5,09-SEP-17 17:35:00
708139,2017-06-22T20:00:00+00:00,33.1834,-86.9721,221.0625,61.482730865478516,298.33642578125,296.90087890625,99520.125,59.061622619628906,15.946708258187469,12.564177674791136,0.0,0,EF0,CST-6,22-JUN-17 13:42:00
708137,2017-06-22T17:00:00+00:00,33.4282,-86.9397,1021.375,15.81250286102295,299.61962890625,297.255859375,99494.3125,58.632225036621094,16.272189104653958,15.281167551257617,1.0,0,EF1,CST-6,22-JUN-17 11:21:00
