event_id,begin_time_utc,begin_lat,begin_lon,cape,cin,temp_2m,dewpoint_2m,surface_pressure,tcwv,shear_0_1km,shear_0_3km,ef_category,ef_binary,tor_f_scale_raw,cz_timezone,begin_date_time_raw
905190,2020-06-21T20:00:00+00:00,39.4474,-100.3966,1037.125,820.7549438476562,304.6240234375,287.5751953125,91421.125,26.63351058959961,0.6824753155037815,7.828964979702622,0.0,0,EF0,CST-6,21-JUN-20 13:50:00
904953,2020-06-02T19:00:00+00:00,39.0,-102.95,4.4375,,307.46337890625,273.7119140625,85731.75,18.551197052001953,0.11178557112576697,0.9550104384558241,,0,EFU,MST-7,02-JUN-20 12:13:00
904954,2020-06-02T19:00:00+00:00,38.988,-102.9446,4.4375,,307.46337890625,273.7119140625,85731.75,18.551197052001953,0.11178557112576697,0.9550104384558241,,0,EFU,MST-7,02-JUN-20 12:27:00
904956,2020-06-02T20:00:00+00:00,39.0537,-102.5977,1.375,,308.583251953125,274.451171875,86140.25,18.318588256835938,0.14573713202159153,0.6476423886442433,,0,EFU,MST-7,02-JUN-20 12:52:00
904957,2020-06-02T20:00:00+00:00,39.149,-102.1831,0.0,,308.437744140625,275.58203125,87419.25,18.445541381835938,0.05145776102240689,0.2876732005852293,,0,EFU,MST-7,02-JUN-20 13:14:00
905153,2020-06-04T23:00:00+00:00,40.091,-101.8697,0.0,,307.9521484375,277.445068359375,88765.375,20.12171745300293,0.47621255326850176,5.260551446080831,,0,EFU,MST-7,04-JUN-20 15:45:00
914434,2020-07-26T09:00:00+00:00,25.8729,-97.4287,1020.125,65.51666259765625,299.2685546875,297.33203125,100510.5,68.62173461914062,13.607032368883173,10.789761013703272,0.0,0,EF0,CST-6,26-JUL-20 02:32:00
878626,2020-04-20T14:00:00+00:00,29.0165,-82.1517,1820.75,16.170862197875977,296.87255859375,294.82366943359375,100415.4375,46.1682014465332,16.875527569798823,19.603878847664326,1.0,0,EF1,EST-5,20-APR-20 08:35:00
890639,2020-04-24T00:00:00+00:00,29.83,-83.6,658.4375,65.46897888183594,297.84228515625,295.73486328125,101028.9375,43.81684112548828,9.975608044080158,20.156571954362423,1.0,0,EF1,EST-5,23-APR-20 18:56:00
886987,2020-04-30T00:00:00+00:00,30.6577,-84.622,75.5625,0.15729790925979614,295.130126953125,293.723388671875,100347.1875,44.737247467041016,14.474226310803186,21.868153238695307,1.0,0,EF1,EST-5,29-APR-20 18:34:00
871942,2020-02-06T17:00:00+00:00,35.498,-80.564,402.46875,1.9656039476394653,290.50689697265625,289.289794921875,97530.5625,42.48377227783203,18.397165876409623,32.54074436360338,2.0,1,EF2,EST-5,06-FEB-20 11:40:00
915479,2020-08-31T22:00:00+00:00,45.7392,-87.1611,0.0,,290.685791015625,289.69775390625,98129.6875,24.99197769165039,8.494841037491845,12.491600824262948,1.0,0,EF1,EST-5,31-AUG-20 16:30:00
918567,2020-08-28T02:00:00+00:00,35.61,-90.38,530.625,6.3751068115234375,298.75439453125,296.246826171875,99601.4375,67.51701354980469,18.48869259461871,22.70586769615173,0.0,0,EF0,CST-6,27-AUG-20 19:55:00
918568,2020-08-28T02:00:00+00:00,35.81,-90.47,530.625,6.3751068115234375,298.75439453125,296.246826171875,99601.4375,67.51701354980469,18.48869259461871,22.70586769615173,1.0,0,EF1,CST-6,27-AUG-20 20:13:00
918565,2020-08-28T00:00:00+00:00,35.38,-90.99,466.0,6.709287643432617,299.720947265625,296.8819580078125,99562.375,67.38966369628906,17.997584577543474,25.329667670072514,1.0,0,EF1,CST-6,27-AUG-20 18:13:00
918543,2020-08-27T23:00:00+00:00,34.96,-90.87,267.375,0.9773285984992981,298.697998046875,296.5558776855469,99567.75,66.37483978271484,20.57212115071859,26.41288439875234,0.0,0,EF0,CST-6,27-AUG-20 17:29:00
875052,2020-02-06T18:00:00+00:00,35.362,-80.3361,407.625,0.7533069849014282,290.10089111328125,289.185546875,97434.4375,41.11275100708008,16.552930239046034,31.9133005618792,1.0,0,EF1,EST-5,06-FEB-20 12:42:00
875040,2020-02-06T18:00:00+00:00,35.8501,-79.6473,301.53125,1.6283069849014282,289.80010986328125,288.9482421875,97249.4375,41.61177444458008,20.757228831467632,32.23549293764824,1.0,0,EF1,EST-5,06-FEB-20 12:31:00
871943,2020-02-06T17:00:00+00:00,35.509,-80.351,402.46875,1.9656039476394653,290.50689697265625,289.289794921875,97530.5625,42.48377227783203,18.397165876409623,32.54074436360338,0.0,0,EF0,EST-5,06-FEB-20 11:55:00
871939,2020-02-06T16:00:00+00:00,35.196,-81.323,473.5625,5.018003463745117,290.9632568359375,289.61602783203125,97022.0625,43.097496032714844,15.769035807435618,34.89125430387862,1.0,0,EF1,EST-5,06-FEB-20 11:01:00
871941,2020-02-06T18:00:00+00:00,35.127,-80.651,452.8125,5.128306865692139,290.49053955078125,289.4443359375,97451.4375,41.09321975708008,15.664605263537945,31.43091519540642,1.0,0,EF1,EST-5,06-FEB-20 12:32:00
871937,2020-02-06T15:00:00+00:00,35.461,-81.474,80.8125,5.09375524520874,290.178955078125,288.7561950683594,96295.0625,42.459190368652344,10.19342189809208,33.071227363092525,0.0,0,EF0,EST-5,06-FEB-20 09:58:00
883034,2020-03-03T08:00:00+00:00,36.1075,-85.4461,766.71875,5.593812465667725,286.283447265625,284.71453857421875,96411.0,26.796897888183594,15.453254590235083,23.7628972444921,0.0,0,EF0,CST-6,03-MAR-20 02:05:00
892120,2020-06-01T22:00:00+00:00,27.1077,-82.4161,2645.8125,53.14699935913086,302.497802734375,296.48583984375,101567.0,48.146427154541016,2.574066691468978,1.3321288892660244,0.0,0,EF0,EST-5,01-JUN-20 16:39:00
892513,2020-06-27T00:00:00+00:00,27.24,-82.44,2501.75,344.9375915527344,302.065673828125,296.831787109375,101944.3125,47.98567199707031,4.740933861618896,3.5029003355796626,0.0,0,EF0,EST-5,26-JUN-20 18:45:00
870737,2020-02-07T02:00:00+00:00,31.208,-82.3642,20.625,0.8125898241996765,295.8326721191406,292.958984375,99222.875,48.54999542236328,19.75469111477735,29.450023746251745,0.0,0,EF0,EST-5,06-FEB-20 21:05:00
892787,2020-06-07T20:00:00+00:00,30.087,-82.6754,1080.75,25.390913009643555,298.59033203125,296.6396484375,101058.9375,59.59300994873047,11.72477049363423,11.53636905512533,0.0,0,EF0,EST-5,07-JUN-20 14:30:00
880150,2020-03-28T23:00:00+00:00,42.5086,-92.0809,755.3125,23.066299438476562,289.075927734375,287.05645751953125,95859.3125,20.79412269592285,15.009250803318032,20.332162948402114,1.0,0,EF1,CST-6,28-MAR-20 17:15:00
933433,2020-12-24T17:00:00+00:00,34.3883,-78.7795,108.09375,,292.76580810546875,289.81854248046875,100796.8125,36.13628387451172,20.404514616374907,20.902648757018895,0.0,0,EF0,EST-5,24-DEC-20 12:16:00
918573,2020-08-28T02:00:00+00:00,35.83,-90.9,317.5,0.593856692314148,298.69873046875,296.340576171875,99463.4375,66.77384948730469,16.727839893959466,18.87625995463599,1.0,0,EF1,CST-6,27-AUG-20 19:31:00
923907,2020-10-10T10:00:00+00:00,30.4803,-88.2508,619.5,2.970869541168213,298.406982421875,297.01513671875,100636.1875,63.92756652832031,12.273242566018624,17.73198071125578,0.0,0,EF0,CST-6,10-OCT-20 04:01:00
920971,2020-04-12T17:00:00+00:00,32.6026,-91.5963,672.5625,84.44792938232422,295.08837890625,292.8775634765625,99666.375,45.568199157714844,21.058327059831242,33.260356284666344,1.0,0,EF1,CST-6,12-APR-20 11:12:00
920966,2020-04-12T17:00:00+00:00,32.5822,-91.5607,821.0,200.15106201171875,296.65771484375,293.9049072265625,99708.375,47.640464782714844,21.208995132742004,31.909248980449192,0.0,0,EF0,CST-6,12-APR-20 11:12:00
892632,2020-04-12T17:00:00+00:00,32.6814,-91.8239,566.375,59.947933197021484,294.53369140625,292.7047119140625,99646.375,44.462730407714844,18.763408597288368,31.681584483773065,1.0,0,EF1,CST-6,12-APR-20 11:02:00
876956,2020-04-09T03:00:00+00:00,39.1762,-84.105,356.125,25.047060012817383,289.0966796875,286.809814453125,97281.9375,33.24315643310547,13.982729559506735,19.79279693456741,0.0,0,EF0,EST-5,08-APR-20 21:50:00
898595,2020-04-12T18:00:00+00:00,32.787,-90.8925,1045.0,78.48440551757812,296.99755859375,295.0439453125,99599.9375,47.53890609741211,20.936755296718054,28.33857357091089,1.0,0,EF1,CST-6,12-APR-20 12:00:00
898598,2020-04-12T18:00:00+00:00,32.8574,-90.5208,966.25,152.96878051757812,295.53564453125,294.0654296875,99456.9375,48.58968734741211,20.004985850804818,31.661487844258907,2.0,1,EF2,CST-6,12-APR-20 12:22:00
898600,2020-04-12T19:00:00+00:00,32.9961,-89.8541,1611.5,31.593782424926758,294.947021484375,293.7947998046875,98915.625,48.407264709472656,19.202537038568884,29.590976314887836,1.0,0,EF1,CST-6,12-APR-20 13:06:00
883800,2020-04-09T03:00:00+00:00,39.192,-83.9976,448.0,23.797060012817383,288.8271484375,286.244384765625,96898.9375,32.22948455810547,12.020790046009468,18.688078391371185,0.0,0,EF0,EST-5,08-APR-20 21:56:00
879597,2020-04-09T03:00:00+00:00,38.6748,-84.552,436.5625,29.515810012817383,289.5283203125,287.532470703125,97552.9375,34.21385955810547,15.454225042045904,19.703089024417487,0.0,0,EF0,EST-5,08-APR-20 21:47:00
879630,2020-04-09T03:00:00+00:00,39.2558,-83.9598,448.0,23.797060012817383,288.8271484375,286.244384765625,96898.9375,32.22948455810547,12.020790046009468,18.688078391371185,0.0,0,EF0,EST-5,08-APR-20 22:01:00
898601,2020-04-12T20:00:00+00:00,33.1961,-89.3018,1616.0625,8.35767650604248,293.363525390625,292.5382080078125,98315.5625,48.584957122802734,18.426917075925232,29.250847588866055,0.0,0,EF0,CST-6,12-APR-20 13:47:00
898602,2020-04-12T21:00:00+00:00,33.1469,-88.6044,1268.75,2.0156657695770264,295.02294921875,293.9398193359375,98954.4375,51.197017669677734,19.48287908977792,29.048758682832347,2.0,1,EF2,CST-6,12-APR-20 14:30:00
898603,2020-04-12T21:00:00+00:00,33.2352,-88.4308,1146.375,6.703165531158447,295.30517578125,293.9476318359375,99224.4375,51.278072357177734,19.25218799786168,30.851149870449664,1.0,0,EF1,CST-6,12-APR-20 14:42:00
899729,2020-04-12T23:00:00+00:00,32.1439,-88.9138,2011.875,37.32819366455078,296.177490234375,293.99530029296875,98588.0,55.53057861328125,18.50112191499451,28.966673912987545,1.0,0,EF1,CST-6,12-APR-20 17:13:00
898605,2020-04-12T23:00:00+00:00,32.2571,-88.6932,1743.25,70.23444366455078,297.008544921875,293.93768310546875,98676.0,55.06866455078125,19.38753479951943,29.346913235374654,1.0,0,EF1,CST-6,12-APR-20 16:47:00
901875,2020-04-23T03:00:00+00:00,31.301,-91.861,1373.0,231.8926544189453,296.6767578125,294.7686767578125,100397.25,51.19736862182617,19.21933211826525,23.12865213101556,1.0,0,EF1,CST-6,22-APR-20 21:19:00
879598,2020-04-09T03:00:00+00:00,38.6602,-84.5039,436.5625,29.515810012817383,289.5283203125,287.532470703125,97552.9375,34.21385955810547,15.454225042045904,19.703089024417487,1.0,0,EF1,EST-5,08-APR-20 21:50:00
876961,2020-04-09T03:00:00+00:00,39.2519,-83.9489,448.0,23.797060012817383,288.8271484375,286.244384765625,96898.9375,32.22948455810547,12.020790046009468,18.688078391371185,0.0,0,EF0,EST-5,08-APR-20 22:02:00
899719,2020-04-23T09:00:00+00:00,31.318,-90.037,1752.0,5.4375152587890625,295.37158203125,294.37841796875,99383.625,51.129051208496094,20.80380574196397,25.665337505422183,0.0,0,EF0,CST-6,23-APR-20 02:57:00
920962,2020-04-12T17:00:00+00:00,32.6673,-91.6241,672.5625,84.44792938232422,295.08837890625,292.8775634765625,99666.375,45.568199157714844,21.058327059831242,33.260356284666344,2.0,1,EF2,CST-6,12-APR-20 11:12:00
898593,2020-04-12T18:00:00+00:00,32.7942,-91.1793,920.875,26.609407424926758,297.15966796875,294.576171875,99652.9375,46.69027328491211,21.032421546377275,26.7426499803199,0.0,0,EF0,CST-6,12-APR-20 11:41:00
915260,2020-08-28T06:00:00+00:00,44.4357,-97.6567,2326.25,449.75457763671875,296.940673828125,294.379150390625,95072.1875,44.26668167114258,8.378284494431423,16.937647006668914,,0,EFU,CST-6,28-AUG-20 00:26:00
911078,2020-08-14T21:00:00+00:00,45.97,-96.24,617.5,96.73188781738281,293.735595703125,288.696533203125,96914.375,36.92042541503906,9.081587693708062,11.555357345924467,0.0,0,EF0,CST-6,14-AUG-20 14:38:00
911084,2020-08-14T21:00:00+00:00,45.91,-96.08,617.5,96.73188781738281,293.735595703125,288.696533203125,96914.375,36.92042541503906,9.081587693708062,11.555357345924467,2.0,1,EF2,CST-6,14-AUG-20 14:42:00
911086,2020-08-14T21:00:00+00:00,45.85,-95.85,810.75,33.71626281738281,293.133056640625,289.409423828125,96526.375,39.19679260253906,8.511809858512377,12.461597827986543,1.0,0,EF1,CST-6,14-AUG-20 14:50:00
926364,2020-08-04T15:00:00+00:00,40.0822,-74.9599,142.875,0.6454980373382568,297.651123046875,294.7145690917969,99868.4375,63.05513381958008,18.705155775532035,31.94065335390909,2.0,1,EF2,EST-5,04-AUG-20 09:51:00
904094,2020-08-04T15:00:00+00:00,40.0815,-74.9592,142.875,0.6454980373382568,297.651123046875,294.7145690917969,99868.4375,63.05513381958008,18.705155775532035,31.94065335390909,2.0,1,EF2,EST-5,04-AUG-20 09:50:00
883360,2020-03-29T07:00:00+00:00,35.9146,-85.434,232.8125,139.66104125976562,294.669921875,289.12548828125,96415.3125,34.03194046020508,13.853965184103753,29.217816175106368,0.0,0,EF0,CST-6,29-MAR-20 01:29:00
911079,2020-08-14T21:00:00+00:00,45.97,-96.19,617.5,96.73188781738281,293.735595703125,288.696533203125,96914.375,36.92042541503906,9.081587693708062,11.555357345924467,0.0,0,EF0,CST-6,14-AUG-20 14:37:00
911081,2020-08-14T21:00:00+00:00,45.95,-96.12,617.5,96.73188781738281,293.735595703125,288.696533203125,96914.375,36.92042541503906,9.081587693708062,11.555357345924467,0.0,0,EF0,CST-6,14-AUG-20 14:39:00
904093,2020-08-04T15:00:00+00:00,40.162,-75.3315,281.375,0.36424803733825684,296.460693359375,294.4186706542969,98950.4375,59.53560256958008,17.160822323279653,26.191056961687938,0.0,0,EF0,EST-5,04-AUG-20 09:44:00
883016,2020-03-03T08:00:00+00:00,36.1715,-85.6628,842.9375,8.140686988830566,286.976806640625,285.34442138671875,97494.0,27.034202575683594,16.527039382021513,23.5983181028549,4.0,1,EF4,CST-6,03-MAR-20 01:48:00
926365,2020-08-04T15:00:00+00:00,40.1284,-74.999,317.25,0.45799803733825684,297.036865234375,294.7233581542969,99601.4375,61.36470413208008,17.322993743855143,32.324288372133395,2.0,1,EF2,EST-5,04-AUG-20 09:55:00
906426,2020-08-18T20:00:00+00:00,29.0349,-81.341,3971.375,79.09379577636719,298.867919921875,295.9169921875,101007.8125,51.783103942871094,1.9987876985359037,4.891270767562845,2.0,1,EF2,EST-5,18-AUG-20 14:48:00
906423,2020-08-18T20:00:00+00:00,28.9492,-81.266,3886.875,64.21879577636719,298.804443359375,295.53125,101096.8125,53.479393005371094,2.297617023435016,4.653350218912843,0.0,0,EF0,EST-5,18-AUG-20 14:48:00
911169,2020-08-09T20:00:00+00:00,48.34,-95.34,2105.0,43.64607620239258,296.308349609375,291.37939453125,96375.5,42.59803009033203,5.090301874949644,6.321019107849998,1.0,0,EF1,CST-6,09-AUG-20 14:20:00
874452,2020-03-31T22:00:00+00:00,46.33,-119.28,8.6875,,286.43408203125,265.002685546875,98394.875,6.480988502502441,3.1424015690118194,4.661580218503512,0.0,0,EF0,PST-8,31-MAR-20 13:30:00
911147,2020-08-09T19:00:00+00:00,46.85,-97.84,2196.25,86.03111267089844,297.926025390625,293.545166015625,96017.375,39.08155059814453,2.044088314952665,7.212955195829456,1.0,0,EF1,CST-6,09-AUG-20 13:17:00
911154,2020-08-09T20:00:00+00:00,47.4,-97.17,2053.5,153.5054473876953,295.849365234375,291.72119140625,97452.5,41.70349884033203,4.9887457758868194,8.848587383887226,0.0,0,EF0,CST-6,09-AUG-20 13:40:00
911187,2020-08-08T01:00:00+00:00,46.97,-94.9,1958.625,88.08493041992188,295.978515625,292.93939208984375,95920.375,47.19100570678711,9.072762937084784,16.473685536785585,1.0,0,EF1,CST-6,07-AUG-20 19:05:00
911159,2020-08-09T19:00:00+00:00,48.11,-96.44,2302.875,54.60923767089844,294.024169921875,291.689697265625,97078.375,41.65381622314453,4.760376267599303,7.997600839129114,1.0,0,EF1,CST-6,09-AUG-20 13:13:00
875896,2020-02-06T10:00:00+00:00,34.3951,-84.8631,170.25,13.458581924438477,290.9771728515625,289.6064453125,97115.0625,41.085166931152344,15.652477519835083,16.775639838362274,0.0,0,EF0,EST-5,06-FEB-20 05:28:00
875897,2020-02-06T10:00:00+00:00,34.3968,-84.8576,170.25,13.458581924438477,290.9771728515625,289.6064453125,97115.0625,41.085166931152344,15.652477519835083,16.775639838362274,0.0,0,EF0,EST-5,06-FEB-20 05:29:00
887089,2020-04-20T03:00:00+00:00,30.3684,-90.0845,1849.0,49.203399658203125,294.325439453125,293.595947265625,100290.0,47.45758056640625,15.010047153225457,21.049620954979886,1.0,0,EF1,CST-6,19-APR-20 21:13:00
887095,2020-04-20T00:00:00+00:00,31.0707,-89.9646,1079.625,15.687615394592285,296.4619140625,295.1229248046875,99434.0625,47.04883575439453,18.948130323323028,25.09536119313314,1.0,0,EF1,CST-6,19-APR-20 18:09:00
900007,2020-06-09T23:00:00+00:00,40.16,-97.23,513.625,1.1094473600387573,297.8017578125,291.9689025878906,94449.6875,34.90609359741211,3.9645102939089085,18.33562565635209,,0,EFU,CST-6,09-JUN-20 17:03:00
871938,2020-02-06T16:00:00+00:00,35.177,-81.413,473.5625,5.018003463745117,290.9632568359375,289.61602783203125,97022.0625,43.097496032714844,15.769035807435618,34.89125430387862,2.0,1,EF2,EST-5,06-FEB-20 10:55:00
891072,2020-05-22T22:00:00+00:00,40.04,-96.58,996.75,186.3125762939453,294.014404296875,289.16119384765625,95815.4375,26.84589958190918,3.9179144689729184,18.802554565012915,,0,EFU,CST-6,22-MAY-20 16:07:00
919455,2020-10-10T22:00:00+00:00,33.1031,-84.4262,774.375,4.656465530395508,297.78466796875,295.07763671875,98001.4375,58.449432373046875,11.007573382461901,19.031998036399344,0.0,0,EF0,EST-5,10-OCT-20 17:27:00
919469,2020-10-11T00:00:00+00:00,33.564,-84.3056,321.875,5.111828804016113,296.282958984375,294.830322265625,98134.6875,57.687713623046875,11.84901257488596,19.16769563912454,0.0,0,EF0,EST-5,10-OCT-20 18:45:00
919488,2020-10-11T00:00:00+00:00,33.7263,-84.2122,383.75,3.2212038040161133,295.828857421875,294.456298828125,97743.6875,57.965057373046875,11.740773074874447,20.252073420360905,0.0,0,EF0,EST-5,10-OCT-20 19:16:00
919491,2020-10-11T01:00:00+00:00,33.9028,-84.0983,239.0,0.3597264289855957,294.972900390625,293.78973388671875,97480.375,55.76210021972656,13.420764048248843,20.50825887624907,0.0,0,EF0,EST-5,10-OCT-20 19:43:00
898597,2020-04-12T18:00:00+00:00,32.9296,-90.5931,997.75,96.25003051757812,295.70263671875,294.27734375,99558.9375,47.96957015991211,20.477689249425133,29.780978730884538,1.0,0,EF1,CST-6,12-APR-20 12:17:00
898599,2020-04-12T19:00:00+00:00,33.0049,-90.2608,1550.3125,21.906282424926758,295.629638671875,294.3231201171875,99176.625,48.524452209472656,18.774054907606843,27.85976238419158,0.0,0,EF0,CST-6,12-APR-20 12:46:00
899723,2020-04-20T01:00:00+00:00,31.1833,-89.3487,995.375,6.074312210083008,294.660888671875,293.63323974609375,99316.375,46.44558334350586,18.148034063881187,27.199515806709872,1.0,0,EF1,CST-6,19-APR-20 18:58:00
882957,2020-03-03T06:00:00+00:00,36.1162,-87.6482,1407.75,2.792536735534668,287.939453125,286.31170654296875,98448.4375,28.78187370300293,17.843398593499334,21.060920850980928,0.0,0,EF0,CST-6,02-MAR-20 23:42:00
885560,2020-04-13T13:00:00+00:00,34.5543,-77.7547,80.875,82.29692077636719,294.9014892578125,291.88934326171875,100967.875,47.91887283325195,20.71991442354546,26.427229257708785,0.0,0,EF0,EST-5,13-APR-20 08:24:00
885559,2020-04-13T13:00:00+00:00,34.5009,-77.8675,253.25,43.98442459106445,295.2735595703125,292.02996826171875,100885.875,50.95402908325195,21.97517497789119,26.613063992150852,1.0,0,EF1,EST-5,13-APR-20 08:19:00
885536,2020-04-13T12:00:00+00:00,33.3542,-79.4727,676.5,31.1563720703125,294.8541259765625,292.88641357421875,100821.25,53.50470733642578,21.16472667868105,31.7861664972258,1.0,0,EF1,EST-5,13-APR-20 07:13:00
889084,2020-04-09T01:00:00+00:00,35.7303,-90.9859,1511.125,187.4532470703125,300.4482421875,292.4612731933594,99547.0,25.90501594543457,13.867225576759687,17.957425793842795,0.0,0,EF0,CST-6,08-APR-20 18:47:00
864269,2020-01-11T23:00:00+00:00,36.46,-83.58,104.6875,11.619539260864258,290.764892578125,288.8009033203125,96081.25,39.25564956665039,14.73345643073644,28.703046416921076,0.0,0,EF0,EST-5,11-JAN-20 17:55:00
889085,2020-04-09T01:00:00+00:00,35.6567,-90.8562,1511.125,187.4532470703125,300.4482421875,292.4612731933594,99547.0,25.90501594543457,13.867225576759687,17.957425793842795,2.0,1,EF2,CST-6,08-APR-20 19:05:00
871057,2020-02-01T04:00:00+00:00,25.464,-81.123,439.8125,12.024460792541504,293.45733642578125,292.47845458984375,101741.1875,49.61619567871094,1.8620972035748888,23.617633184085054,,0,EFU,EST-5,31-JAN-20 22:35:00
899643,2020-06-09T01:00:00+00:00,41.38,-100.19,1188.625,486.1131896972656,298.3916015625,291.83612060546875,90248.5625,37.164791107177734,1.4512542503278778,21.982227034220166,0.0,0,EF0,CST-6,08-JUN-20 18:53:00
885561,2020-04-13T14:00:00+00:00,33.9053,-78.0799,136.0,25.125102996826172,294.37237548828125,292.364501953125,100970.4375,53.46111297607422,20.16373175948431,26.47247391674978,0.0,0,EF0,EST-5,13-APR-20 08:36:00
871936,2020-02-06T15:00:00+00:00,35.416,-81.587,85.9375,2.921880006790161,290.067626953125,288.6184997558594,96030.0625,42.017784118652344,7.301288610848175,31.1151701030245,1.0,0,EF1,EST-5,06-FEB-20 09:45:00
905250,2020-06-27T23:00:00+00:00,38.087,-91.457,2071.75,36.781341552734375,300.478515625,295.68408203125,97475.0,48.54604721069336,9.463170828039493,15.247704577187363,0.0,0,EF0,CST-6,27-JUN-20 16:42:00
885538,2020-04-13T13:00:00+00:00,33.4908,-79.0906,234.25,90.17192077636719,295.1885986328125,293.22918701171875,100944.875,53.75871658325195,20.958008534689828,28.457313772829586,2.0,1,EF2,EST-5,13-APR-20 07:36:00
885558,2020-04-13T13:00:00+00:00,34.4315,-77.9833,253.25,43.98442459106445,295.2735595703125,292.02996826171875,100885.875,50.95402908325195,21.97517497789119,26.613063992150852,1.0,0,EF1,EST-5,13-APR-20 08:13:00
882955,2020-03-03T05:00:00+00:00,36.1064,-87.9387,1591.5,1.160560965538025,288.26904296875,286.5770263671875,98713.9375,30.735469818115234,17.76573030556573,23.024586780774786,1.0,0,EF1,CST-6,02-MAR-20 23:20:00
918096,2020-08-01T22:00:00+00:00,27.67,-97.63,1164.5,251.39662170410156,303.02880859375,297.956787109375,101037.5625,52.33308410644531,3.628809599428544,5.032184428362173,0.0,0,EF0,CST-6,01-AUG-20 15:42:00
864514,2020-01-12T04:00:00+00:00,34.4293,-80.5303,426.8125,212.93785095214844,294.2921142578125,292.25933837890625,100703.4375,44.75209426879883,20.517761747335946,26.720109649651278,2.0,1,EF2,EST-5,11-JAN-20 22:33:00
874056,2020-01-10T17:00:00+00:00,35.4864,-96.6952,1385.125,14.144078254699707,290.97210693359375,289.69573974609375,97556.0625,32.81332778930664,17.457850611699293,27.982852656579272,0.0,0,EF0,CST-6,10-JAN-20 10:34:00
864255,2020-01-12T03:00:00+00:00,40.106,-84.1758,167.625,0.5192612409591675,285.6566162109375,284.35711669921875,96702.75,25.408100128173828,11.176320130255469,19.95276727688413,0.0,0,EF0,EST-5,11-JAN-20 22:15:00
864254,2020-01-12T03:00:00+00:00,40.0305,-84.2271,195.875,0.9567612409591675,286.9935302734375,285.16082763671875,96901.75,24.750873565673828,13.308937123929438,18.762644490151317,0.0,0,EF0,EST-5,11-JAN-20 22:11:00
867123,2020-01-11T02:00:00+00:00,35.4262,-93.8928,53.8125,18.31257438659668,288.68780517578125,287.8424072265625,97768.4375,39.059661865234375,10.606488767131449,31.747749858935165,1.0,0,EF1,CST-6,10-JAN-20 19:45:00
867121,2020-01-10T21:00:00+00:00,35.7796,-95.0229,650.25,14.734487533569336,290.57098388671875,289.117919921875,97827.5,34.59177780151367,17.949624520649827,22.021394036790134,1.0,0,EF1,CST-6,10-JAN-20 14:49:00
874086,2020-01-10T18:00:00+00:00,36.0991,-95.1771,1166.0,14.437684059143066,289.60504150390625,288.88037109375,98267.5,32.59271240234375,14.937054194312378,23.469837444411024,,0,EFU,CST-6,10-JAN-20 11:55:00
871142,2020-01-12T01:00:00+00:00,34.55,-82.914,107.0,,292.99725341796875,290.9580078125,98878.5,43.976539611816406,19.116765407233316,33.264935532540484,0.0,0,EF0,EST-5,11-JAN-20 20:04:00
871144,2020-01-12T02:00:00+00:00,34.68,-82.472,127.625,112.9531478881836,292.9790344238281,291.3440856933594,98558.375,42.31245040893555,18.874522982262086,34.323906018966866,0.0,0,EF0,EST-5,11-JAN-20 20:40:00
871145,2020-01-12T02:00:00+00:00,34.182,-82.259,104.1875,165.65626525878906,293.5864562988281,292.0335388183594,99773.375,45.14448165893555,19.661261298123826,31.730847209076742,0.0,0,EF0,EST-5,11-JAN-20 20:40:00
871146,2020-01-12T02:00:00+00:00,34.192,-82.24,104.1875,165.65626525878906,293.5864562988281,292.0335388183594,99773.375,45.14448165893555,19.661261298123826,31.730847209076742,0.0,0,EF0,EST-5,11-JAN-20 20:42:00
871147,2020-01-12T02:00:00+00:00,34.239,-82.208,104.1875,165.65626525878906,293.5864562988281,292.0335388183594,99773.375,45.14448165893555,19.661261298123826,31.730847209076742,0.0,0,EF0,EST-5,11-JAN-20 20:45:00
880149,2020-03-29T01:00:00+00:00,41.28,-90.24,679.375,3.3479957580566406,290.440673828125,288.439453125,97007.4375,21.451980590820312,18.329452594871047,18.593528228049422,,0,EFU,CST-6,28-MAR-20 18:43:00
880152,2020-03-29T01:00:00+00:00,41.6003,-89.8725,479.0625,2.2073707580566406,289.716064453125,287.666015625,97378.4375,23.564285278320312,18.738746743794778,21.332962532827622,1.0,0,EF1,CST-6,28-MAR-20 19:20:00
880154,2020-03-29T01:00:00+00:00,42.5947,-90.8138,408.875,0.8479957580566406,287.821533203125,287.3583984375,96093.4375,22.797683715820312,18.042478277293686,26.926367008727755,1.0,0,EF1,CST-6,28-MAR-20 19:25:00
905890,2020-07-15T22:00:00+00:00,39.4062,-89.9277,2144.75,19.125011444091797,297.578125,296.00146484375,98668.625,58.564453125,14.239416402261575,17.26601069892439,,0,EFU,CST-6,15-JUL-20 15:47:00
905911,2020-07-15T22:00:00+00:00,39.4725,-89.6871,1422.125,43.9062614440918,298.90234375,296.04150390625,98682.625,56.009765625,13.648455817128156,17.201538058580706,0.0,0,EF0,CST-6,15-JUL-20 16:18:00
883012,2020-03-03T08:00:00+00:00,36.1603,-85.8056,842.9375,8.140686988830566,286.976806640625,285.34442138671875,97494.0,27.034202575683594,16.527039382021513,23.5983181028549,0.0,0,EF0,CST-6,03-MAR-20 01:38:00
883048,2020-03-03T08:00:00+00:00,36.1399,-85.0401,545.53125,1.7500622272491455,284.981689453125,283.44110107421875,95197.0,26.614280700683594,14.145044806486927,26.307501186764195,2.0,1,EF2,CST-6,03-MAR-20 02:25:00
883009,2020-03-03T07:00:00+00:00,36.192,-86.0981,1066.6875,11.750029563903809,287.114013671875,285.59320068359375,98209.3125,29.83517074584961,16.40296240566341,22.7416484258294,1.0,0,EF1,CST-6,03-MAR-20 01:19:00
882999,2020-03-03T07:00:00+00:00,36.1717,-86.9562,1210.96875,13.453154563903809,287.524169921875,285.90863037109375,98337.3125,27.31466293334961,18.523867532782898,21.594777672236855,3.0,1,EF3,CST-6,03-MAR-20 00:32:00
883007,2020-03-03T07:00:00+00:00,36.1767,-86.5717,1127.0,11.921904563903809,287.205810546875,285.62933349609375,98410.3125,29.41231918334961,17.2542624401358,22.233219944975723,3.0,1,EF3,CST-6,03-MAR-20 00:54:00
887096,2020-04-20T03:00:00+00:00,30.6783,-89.5729,1539.75,68.84402465820312,294.978759765625,293.906494140625,99862.0,47.62457275390625,15.841513183982919,22.803671929915268,1.0,0,EF1,CST-6,19-APR-20 20:51:00
874950,2020-01-11T13:00:00+00:00,34.4938,-88.7007,146.3125,39.98017501831055,291.0977478027344,289.9788513183594,99466.6875,44.182823181152344,21.989428245362635,27.32593503938476,0.0,0,EF0,CST-6,11-JAN-20 06:45:00
875802,2020-01-11T22:00:00+00:00,33.9108,-84.7582,241.5625,66.81256103515625,292.88580322265625,290.7539978027344,97891.0625,43.91798782348633,17.306873795507084,29.99017561805997,0.0,0,EF0,EST-5,11-JAN-20 16:52:00
874680,2020-01-11T11:00:00+00:00,34.7301,-90.0827,23.1875,174.5003204345703,290.572509765625,288.282470703125,99609.0,41.48896408081055,14.865045129763939,30.375057329387843,1.0,0,EF1,CST-6,11-JAN-20 04:45:00
879409,2020-03-28T23:00:00+00:00,41.0624,-90.238,540.5,161.17567443847656,293.572021484375,288.85235595703125,97124.3125,25.27849769592285,17.320829922661705,23.988483179457553,,0,EFU,CST-6,28-MAR-20 16:39:00
879410,2020-03-29T01:00:00+00:00,40.3361,-90.319,667.9375,2.1136207580566406,291.899658203125,289.87890625,97808.4375,22.695144653320312,15.898692977912633,18.713025804758562,1.0,0,EF1,CST-6,28-MAR-20 19:01:00
879411,2020-03-29T02:00:00+00:00,40.6571,-89.6754,675.8125,4.420485019683838,291.016357421875,288.93634033203125,97491.6875,22.772335052490234,15.694787262201615,16.829438715159338,1.0,0,EF1,CST-6,28-MAR-20 19:58:00
909308,2020-07-21T21:00:00+00:00,39.5135,-89.5666,3704.0,63.65628433227539,299.4755859375,295.905517578125,99161.0625,52.37065887451172,3.705834796194047,10.984045511605684,,0,EFU,CST-6,21-JUL-20 15:18:00
871306,2020-03-03T09:00:00+00:00,36.1264,-84.799,317.25,6.435498237609863,285.74365234375,284.043212890625,95253.875,23.36717414855957,14.41484176622629,26.553882903435138,0.0,0,EF0,EST-5,03-MAR-20 03:40:00
874954,2020-01-11T13:00:00+00:00,34.7555,-88.3591,357.0,63.90205001831055,290.7227478027344,289.5354919433594,99089.6875,43.769737243652344,23.70755036203415,27.710303435246818,1.0,0,EF1,CST-6,11-JAN-20 07:11:00
874955,2020-01-11T13:00:00+00:00,34.816,-88.29,631.625,104.43329620361328,290.8135681152344,289.4554138183594,98929.6875,43.387901306152344,24.41300109239864,35.03390440920454,0.0,0,EF0,CST-6,11-JAN-20 07:17:00
913682,2020-08-04T11:00:00+00:00,38.0969,-75.3983,94.375,1.010111927986145,298.599853515625,296.229248046875,100605.625,61.34385299682617,20.303570597669065,25.12253035067733,2.0,1,EF2,EST-5,04-AUG-20 06:14:00
913707,2020-08-04T12:00:00+00:00,38.4067,-75.2465,92.125,1.1876156330108643,298.712890625,296.20947265625,100481.8125,61.577362060546875,19.85545852799835,28.285195538318323,0.0,0,EF0,EST-5,04-AUG-20 06:35:00
875803,2020-01-11T22:00:00+00:00,33.9191,-84.7236,241.5625,66.81256103515625,292.88580322265625,290.7539978027344,97891.0625,43.91798782348633,17.306873795507084,29.99017561805997,0.0,0,EF0,EST-5,11-JAN-20 16:54:00
878425,2020-03-29T00:00:00+00:00,42.7525,-91.8552,284.6875,39.775718688964844,287.328369140625,285.889404296875,95569.875,17.8038272857666,14.768422504183885,20.22422362147091,0.0,0,EF0,CST-6,28-MAR-20 17:40:00
878419,2020-03-29T00:00:00+00:00,42.648,-91.9414,284.6875,39.775718688964844,287.328369140625,285.889404296875,95569.875,17.8038272857666,14.768422504183885,20.22422362147091,1.0,0,EF1,CST-6,28-MAR-20 17:30:00
882671,2020-03-31T15:00:00+00:00,32.0817,-86.1751,757.65625,7.671980857849121,296.488037109375,293.079345703125,99218.0625,47.464805603027344,18.049905071030828,21.49181298647551,0.0,0,EF0,CST-6,31-MAR-20 09:23:00
882674,2020-03-31T16:00:00+00:00,31.9011,-85.8111,993.75,20.65632438659668,296.599365234375,292.83056640625,98989.125,46.229713439941406,15.660432428391749,19.785309909048557,0.0,0,EF0,CST-6,31-MAR-20 09:51:00
883628,2020-03-19T15:00:00+00:00,35.4043,-96.3287,514.53125,13.187963485717773,291.9210205078125,289.99688720703125,97947.3125,39.32138442993164,15.07976272725875,22.333517952825378,1.0,0,EF1,CST-6,19-MAR-20 09:25:00
874679,2020-01-11T11:00:00+00:00,34.6979,-90.1309,23.1875,174.5003204345703,290.572509765625,288.282470703125,99609.0,41.48896408081055,14.865045129763939,30.375057329387843,0.0,0,EF0,CST-6,11-JAN-20 04:42:00
878426,2020-03-29T02:00:00+00:00,42.706,-90.7067,312.1875,82.84236145019531,288.772216796875,286.70587158203125,96100.6875,19.544795989990234,16.637501017759327,21.992395914952596,1.0,0,EF1,CST-6,28-MAR-20 19:35:00
880714,2020-03-24T23:00:00+00:00,34.652,-88.13,519.625,3.484407901763916,293.933349609375,291.5645751953125,98828.9375,39.845619201660156,11.27224762400393,19.80336008709254,1.0,0,EF1,CST-6,24-MAR-20 16:39:00
880449,2020-03-19T06:00:00+00:00,32.3101,-100.2189,1585.875,424.53131103515625,293.964111328125,289.5179443359375,93302.4375,33.60435485839844,9.673475080021946,23.057288166777504,2.0,1,EF2,CST-6,19-MAR-20 00:00:00
874714,2020-01-11T11:00:00+00:00,34.2744,-90.1487,73.5,6.172194480895996,291.279541015625,289.171142578125,99759.0,44.47529220581055,19.34318328675889,29.340872379420226,1.0,0,EF1,CST-6,11-JAN-20 04:47:00
873186,2020-01-11T02:00:00+00:00,35.2151,-93.5999,181.5,37.43757629394531,289.16827392578125,288.2095947265625,97995.4375,39.285247802734375,18.238549738045226,38.80070407541664,2.0,1,EF2,CST-6,10-JAN-20 19:44:00
866063,2020-01-11T04:00:00+00:00,30.4847,-96.8042,864.0,1.2345589399337769,293.531494140625,292.1689758300781,99385.625,39.292991638183594,10.862202666174312,15.82710179619799,1.0,0,EF1,CST-6,10-JAN-20 21:34:00
880532,2020-03-19T07:00:00+00:00,32.5335,-99.6739,1665.0625,181.18418884277344,293.86083984375,290.1765441894531,94498.125,34.136207580566406,12.481454896667785,22.845420592430507,2.0,1,EF2,CST-6,19-MAR-20 00:43:00
880553,2020-03-19T07:00:00+00:00,32.5726,-99.6096,1665.0625,181.18418884277344,293.86083984375,290.1765441894531,94498.125,34.136207580566406,12.481454896667785,22.845420592430507,,0,EFU,CST-6,19-MAR-20 00:49:00
875804,2020-01-11T23:00:00+00:00,32.9134,-84.5255,60.5,,294.351806640625,290.9591064453125,98847.25,45.82889175415039,18.52617262636319,30.74369295246392,1.0,0,EF1,EST-5,11-JAN-20 17:48:00
874951,2020-01-11T13:00:00+00:00,34.5092,-88.6488,146.3125,39.98017501831055,291.0977478027344,289.9788513183594,99466.6875,44.182823181152344,21.989428245362635,27.32593503938476,1.0,0,EF1,CST-6,11-JAN-20 06:48:00
874664,2020-01-11T11:00:00+00:00,36.3671,-89.1916,232.8125,,288.964111328125,287.037353515625,99322.0,39.18232345581055,14.273696025402927,36.52163680100827,1.0,0,EF1,CST-6,11-JAN-20 04:38:00
880531,2020-03-19T07:00:00+00:00,32.4388,-99.8697,1706.125,126.51232147216797,294.00048828125,289.7322082519531,94142.125,33.710426330566406,11.847708689836365,22.979555220685953,1.0,0,EF1,CST-6,19-MAR-20 00:30:00
880549,2020-03-17T21:00:00+00:00,33.26,-99.28,1286.375,7.156351566314697,294.158935546875,290.4033203125,96645.5625,36.380699157714844,7.96123042720131,13.399282115512156,,0,EFU,CST-6,17-MAR-20 15:25:00
880442,2020-03-19T06:00:00+00:00,32.343,-100.1489,1506.625,406.92193603515625,294.425048828125,289.8743896484375,93658.4375,33.97837829589844,10.177281384068593,22.82779744561937,2.0,1,EF2,CST-6,19-MAR-20 00:07:00
880701,2020-03-25T00:00:00+00:00,35.2211,-86.0098,223.4375,14.734434127807617,290.551025390625,288.2215576171875,96228.6875,35.25008773803711,12.796919407793842,21.83893347125281,1.0,0,EF1,CST-6,24-MAR-20 18:16:00
881910,2020-03-28T21:00:00+00:00,35.5072,-91.1184,1279.40625,10.437689781188965,296.233154296875,293.7117614746094,99718.0625,42.74702072143555,10.633348496243954,17.448390946102677,1.0,0,EF1,CST-6,28-MAR-20 15:18:00
875805,2020-01-11T22:00:00+00:00,34.7415,-84.1414,226.9375,9.359432220458984,290.79595947265625,289.7832946777344,94344.0625,38.40138626098633,12.57475289518589,29.6749343154288,0.0,0,EF0,EST-5,11-JAN-20 17:24:00
874744,2020-01-11T11:00:00+00:00,34.5539,-89.7744,211.6875,78.23469543457031,290.291259765625,288.740478515625,99190.0,44.71552658081055,20.71985679056399,34.58235803200753,0.0,0,EF0,CST-6,11-JAN-20 05:10:00
882752,2020-03-31T18:00:00+00:00,30.462,-86.1945,948.46875,24.625015258789062,296.125,294.26611328125,100405.75,45.17576599121094,14.238105840198344,15.45981536049816,0.0,0,EF0,CST-6,31-MAR-20 11:55:00
882672,2020-03-31T16:00:00+00:00,31.9371,-86.0665,900.3125,14.671948432922363,296.455810546875,292.68896484375,99076.125,43.726783752441406,14.791105324601995,17.757279275424878,0.0,0,EF0,CST-6,31-MAR-20 09:33:00
874933,2020-03-03T04:00:00+00:00,36.57,-89.9,1342.375,8.97143268585205,289.037841796875,286.20013427734375,99474.3125,26.052734375,18.052589382907332,24.943339421350526,0.0,0,EF0,CST-6,02-MAR-20 22:15:00
874750,2020-01-11T12:00:00+00:00,35.1294,-89.3431,37.375,324.67620849609375,290.45379638671875,287.8365478515625,99204.0,41.14070510864258,12.768345453671808,21.361118420240587,0.0,0,EF0,CST-6,11-JAN-20 05:36:00
874952,2020-01-11T13:00:00+00:00,34.5963,-88.5353,357.0,63.90205001831055,290.7227478027344,289.5354919433594,99089.6875,43.769737243652344,23.70755036203415,27.710303435246818,1.0,0,EF1,CST-6,11-JAN-20 06:56:00
873191,2020-01-11T07:00:00+00:00,34.6013,-91.8024,505.0625,55.73460006713867,292.6411437988281,290.78594970703125,99721.8125,43.55563735961914,23.78574062410303,30.89227997957904,1.0,0,EF1,CST-6,11-JAN-20 00:58:00
880950,2020-03-04T11:00:00+00:00,31.642,-89.755,377.1875,3.238063335418701,291.654052734375,290.79833984375,99779.25,44.915828704833984,7.134298620574729,25.748622312890397,0.0,0,EF0,CST-6,04-MAR-20 04:40:00
881056,2020-03-19T03:00:00+00:00,33.0367,-98.546,1414.84375,456.6253662109375,295.8099060058594,291.9021301269531,97006.3125,39.877464294433594,13.722347037790303,19.777546939826713,0.0,0,EF0,CST-6,18-MAR-20 20:36:00
881058,2020-03-19T03:00:00+00:00,33.1628,-98.2887,1415.5,487.8753662109375,296.0901794433594,292.1247863769531,97218.3125,40.143089294433594,14.815341174284725,20.727772266720283,0.0,0,EF0,CST-6,18-MAR-20 21:21:00
882942,2020-03-31T17:00:00+00:00,31.8497,-84.9087,1161.1875,33.0446891784668,296.18603515625,292.42724609375,99057.8125,46.248016357421875,13.936896869203949,20.35512497102339,1.0,0,EF1,EST-5,31-MAR-20 12:05:00
883153,2020-03-31T20:00:00+00:00,30.3154,-83.8415,593.09375,68.29481506347656,295.3544921875,293.11572265625,100390.4375,45.300086975097656,15.648625440968098,16.543816170167613,1.0,0,EF1,EST-5,31-MAR-20 15:10:00
883155,2020-03-31T20:00:00+00:00,30.4215,-83.6361,236.46875,70.40419006347656,294.0859375,291.28369140625,100031.4375,45.135047912597656,14.490565936178793,15.651886262723002,1.0,0,EF1,EST-5,31-MAR-20 15:17:00
873192,2020-01-11T09:00:00+00:00,33.3949,-91.4714,881.5625,5.992365837097168,292.8111267089844,290.958251953125,99933.5625,47.005950927734375,24.151649473482895,37.58215405631998,0.0,0,EF0,CST-6,11-JAN-20 03:24:00
874640,2020-01-11T10:00:00+00:00,33.9798,-90.4099,145.75,41.97896194458008,292.18157958984375,289.87542724609375,99872.625,42.97914505004883,26.171897522222807,26.98035340194721,0.0,0,EF0,CST-6,11-JAN-20 04:26:00
880949,2020-03-04T11:00:00+00:00,31.6406,-89.7644,377.1875,3.238063335418701,291.654052734375,290.79833984375,99779.25,44.915828704833984,7.134298620574729,25.748622312890397,0.0,0,EF0,CST-6,04-MAR-20 04:39:00
882941,2020-03-31T17:00:00+00:00,31.8173,-85.1313,1088.3125,32.9978141784668,296.13818359375,292.53466796875,99196.8125,45.865203857421875,14.378279095394257,19.393308681570776,1.0,0,EF1,EST-5,31-MAR-20 11:46:00
881057,2020-03-19T03:00:00+00:00,33.4159,-97.6198,1069.09375,295.1722412109375,294.6175231933594,293.0486145019531,97719.3125,40.475120544433594,15.802857517242682,21.868209835041466,0.0,0,EF0,CST-6,18-MAR-20 21:07:00
882673,2020-03-31T16:00:00+00:00,31.8539,-86.0307,900.3125,14.671948432922363,296.455810546875,292.68896484375,99076.125,43.726783752441406,14.791105324601995,17.757279275424878,0.0,0,EF0,CST-6,31-MAR-20 09:34:00
883156,2020-03-31T21:00:00+00:00,30.461,-83.4112,529.15625,52.57815170288086,294.838134765625,293.157958984375,99982.6875,43.365684509277344,18.463899896204584,18.33847583505704,0.0,0,EF0,EST-5,31-MAR-20 15:33:00
880607,2020-03-31T15:00:00+00:00,30.84,-88.75,242.0,10.171980857849121,297.484130859375,293.729736328125,100182.0625,37.656211853027344,13.250900728804227,14.212316071921391,1.0,0,EF1,CST-6,31-MAR-20 08:30:00
881945,2020-03-20T03:00:00+00:00,36.1124,-91.561,667.5,3.7969396114349365,291.68243408203125,290.3638916015625,99473.75,41.654869079589844,15.86338384237281,21.027771463985165,1.0,0,EF1,CST-6,19-MAR-20 21:07:00
874513,2020-03-14T01:00:00+00:00,31.6892,-103.73,88.4375,392.5314025878906,292.5682067871094,284.7161865234375,90872.5625,27.023162841796875,3.1193755469137434,18.406759717786276,,0,EFU,CST-6,13-MAR-20 18:53:00
874514,2020-03-14T01:00:00+00:00,31.7099,-103.6578,88.4375,392.5314025878906,292.5682067871094,284.7161865234375,90872.5625,27.023162841796875,3.1193755469137434,18.406759717786276,,0,EFU,CST-6,13-MAR-20 18:57:00
881051,2020-03-19T02:00:00+00:00,33.2501,-97.8992,1404.25,302.9220886230469,296.421630859375,291.48431396484375,97542.5625,40.59040451049805,14.009117864236584,21.03968594888182,0.0,0,EF0,CST-6,18-MAR-20 20:20:00
881055,2020-03-19T02:00:00+00:00,33.0032,-98.6704,1394.0625,389.6564636230469,296.476318359375,290.34466552734375,96851.5625,39.54352951049805,13.173086244640157,20.109092592782247,0.0,0,EF0,CST-6,18-MAR-20 20:24:00
875714,2020-03-19T21:00:00+00:00,38.0649,-89.2442,247.8125,230.15643310546875,294.114990234375,290.84918212890625,99540.375,36.1576042175293,20.35432377955551,20.90946042904753,1.0,0,EF1,CST-6,19-MAR-20 14:44:00
875715,2020-03-19T21:00:00+00:00,38.191,-88.712,193.625,173.39080810546875,294.324951171875,290.96734619140625,99516.375,38.5492057800293,21.916506313648945,21.32305803063715,0.0,0,EF0,CST-6,19-MAR-20 15:22:00
881946,2020-03-20T01:00:00+00:00,35.5283,-92.9439,214.5,7.502639293670654,291.98193359375,290.9168395996094,98068.6875,38.095951080322266,14.20382651409129,23.35529735763398,1.0,0,EF1,CST-6,19-MAR-20 19:09:00
882927,2020-03-03T12:00:00+00:00,32.8648,-87.0496,178.09375,2.296934127807617,291.71728515625,290.4755859375,99266.875,40.06027603149414,14.569322422531966,21.847105125076787,1.0,0,EF1,CST-6,03-MAR-20 06:28:00
874917,2020-03-14T01:00:00+00:00,31.4747,-103.4143,21.8125,480.4845275878906,295.2351989746094,281.8812255859375,91686.5625,25.623748779296875,4.657160472794112,20.276296933795923,1.0,0,EF1,CST-6,13-MAR-20 19:13:00
905288,2020-06-28T02:00:00+00:00,37.85,-90.461,323.125,21.812578201293945,299.2138671875,294.84521484375,98272.6875,47.929664611816406,9.761225008525065,16.76629128941766,1.0,0,EF1,CST-6,27-JUN-20 20:14:00
881043,2020-03-19T02:00:00+00:00,33.1659,-98.0475,1404.25,302.9220886230469,296.421630859375,291.48431396484375,97542.5625,40.59040451049805,14.009117864236584,21.03968594888182,0.0,0,EF0,CST-6,18-MAR-20 19:56:00
881044,2020-03-19T02:00:00+00:00,32.9074,-98.9049,1492.0625,324.3752136230469,295.766357421875,290.13763427734375,96618.5625,38.88142013549805,12.990289821950434,19.50326037621751,0.0,0,EF0,CST-6,18-MAR-20 20:04:00
882676,2020-03-31T17:00:00+00:00,31.8173,-85.2636,1088.3125,32.9978141784668,296.13818359375,292.53466796875,99196.8125,45.865203857421875,14.378279095394257,19.393308681570776,2.0,1,EF2,CST-6,31-MAR-20 10:34:00
882926,2020-03-03T12:00:00+00:00,32.6846,-87.6226,299.53125,5.515684127807617,292.53955078125,291.2041015625,100262.875,41.11203384399414,16.392257102369367,20.687842568535984,0.0,0,EF0,CST-6,03-MAR-20 06:04:00
883154,2020-03-31T20:00:00+00:00,30.3306,-83.7875,475.375,73.52919006347656,295.1396484375,292.40087890625,100300.4375,45.066688537597656,13.966080500175782,14.800969419022946,1.0,0,EF1,EST-5,31-MAR-20 15:16:00
875716,2020-03-19T21:00:00+00:00,38.1959,-88.7033,193.625,173.39080810546875,294.324951171875,290.96734619140625,99516.375,38.5492057800293,21.916506313648945,21.32305803063715,1.0,0,EF1,CST-6,19-MAR-20 15:23:00
875736,2020-03-29T01:00:00+00:00,37.9421,-87.4036,375.4375,71.01986694335938,296.528564453125,291.84375,99216.4375,44.04866027832031,13.07771105911679,20.4614923808339,2.0,1,EF2,CST-6,28-MAR-20 19:19:00
875451,2020-03-13T21:00:00+00:00,32.8211,-105.9581,687.8125,,289.9057922363281,285.245361328125,83830.0625,16.905956268310547,0.1519840088683445,12.761592652036999,0.0,0,EF0,MST-7,13-MAR-20 14:15:00
881947,2020-03-20T01:00:00+00:00,35.5925,-92.8366,297.25,1.0182641744613647,291.14697265625,290.3074645996094,96579.6875,36.687747955322266,11.987102903806628,22.282230276172683,1.0,0,EF1,CST-6,19-MAR-20 19:23:00
875737,2020-03-29T01:00:00+00:00,37.9372,-87.4181,375.4375,71.01986694335938,296.528564453125,291.84375,99216.4375,44.04866027832031,13.07771105911679,20.4614923808339,1.0,0,EF1,CST-6,28-MAR-20 19:18:00
875806,2020-01-14T05:00:00+00:00,33.1469,-84.3921,137.0,0.5157080292701721,290.9554443359375,290.1540222167969,99644.125,41.11634826660156,5.261518355417043,15.336557393754546,0.0,0,EF0,EST-5,13-JAN-20 23:51:00
875807,2020-01-14T05:00:00+00:00,33.2509,-84.1929,200.0625,0.6094580292701721,291.1654052734375,290.4421081542969,99900.125,41.68177795410156,4.89160041305974,15.367755896260858,0.0,0,EF0,EST-5,14-JAN-20 00:20:00
874953,2020-01-11T13:00:00+00:00,34.7276,-88.3934,357.0,63.90205001831055,290.7227478027344,289.5354919433594,99089.6875,43.769737243652344,23.70755036203415,27.710303435246818,1.0,0,EF1,CST-6,11-JAN-20 07:08:00
874370,2020-03-03T02:00:00+00:00,37.0335,-87.5005,543.5625,27.613025665283203,287.9599609375,285.38018798828125,98610.25,24.603214263916016,9.273899789723023,18.4043818993617,1.0,0,EF1,CST-6,02-MAR-20 20:00:00
881951,2020-03-20T00:00:00+00:00,36.1352,-92.9381,161.4375,2.3282113075256348,291.414306640625,289.99029541015625,97231.5,36.45616149902344,12.60354301676933,21.078365341254212,2.0,1,EF2,CST-6,19-MAR-20 17:50:00
872132,2020-03-17T23:00:00+00:00,34.5674,-103.0512,400.5625,99.92195129394531,286.084228515625,284.8326416015625,87146.9375,23.01676368713379,0.6444233104294815,15.087758749075007,0.0,0,EF0,MST-7,17-MAR-20 16:21:00
874713,2020-01-11T11:00:00+00:00,34.26,-90.175,73.5,6.172194480895996,291.279541015625,289.171142578125,99759.0,44.47529220581055,19.34318328675889,29.340872379420226,1.0,0,EF1,CST-6,11-JAN-20 04:45:00
883403,2020-03-03T06:00:00+00:00,36.8537,-86.2918,426.0,18.198787689208984,286.353515625,284.87713623046875,98184.4375,28.60999870300293,15.74866920093175,18.69107012591461,1.0,0,EF1,CST-6,03-MAR-20 00:17:00
883133,2020-03-03T06:00:00+00:00,36.849,-86.3176,426.0,18.198787689208984,286.353515625,284.87713623046875,98184.4375,28.60999870300293,15.74866920093175,18.69107012591461,2.0,1,EF2,CST-6,03-MAR-20 00:15:00
875749,2020-03-29T01:00:00+00:00,37.7418,-87.7038,281.6875,104.42611694335938,296.420166015625,291.7958984375,99303.4375,44.64631652832031,14.314399864214193,22.968334842982355,2.0,1,EF2,CST-6,28-MAR-20 18:58:00
878324,2020-03-29T02:00:00+00:00,42.0178,-89.2964,530.625,1.123610258102417,289.715576171875,287.17755126953125,96836.6875,23.773311614990234,18.42950562087394,22.49241470185137,1.0,0,EF1,CST-6,28-MAR-20 20:13:00
877021,2020-03-31T21:00:00+00:00,30.1767,-83.0498,257.125,104.9531478881836,298.002197265625,291.690185546875,100115.6875,43.342247009277344,15.144648481510734,14.759673029085189,0.0,0,EF0,EST-5,31-MAR-20 16:26:00
877022,2020-03-31T23:00:00+00:00,30.1407,-81.3564,33.3125,90.14067840576172,298.637939453125,291.036865234375,100310.1875,44.64476776123047,13.777964977245212,15.40161033006782,0.0,0,EF0,EST-5,31-MAR-20 18:29:00
881958,2020-03-20T01:00:00+00:00,36.3302,-92.4768,383.5625,3.955764055252075,291.21923828125,290.1365661621094,98249.6875,38.593997955322266,13.827706214480667,20.383569370078707,1.0,0,EF1,CST-6,19-MAR-20 18:30:00
874754,2020-01-11T12:00:00+00:00,36.2574,-88.8041,76.1875,,289.22430419921875,287.2906494140625,99134.0,41.00300979614258,11.974300468132286,25.958792103744656,0.0,0,EF0,CST-6,11-JAN-20 05:58:00
874723,2020-01-11T11:00:00+00:00,34.8576,-89.9206,74.8125,337.26593017578125,289.880126953125,288.146728515625,99422.0,42.29072189331055,14.6763761460987,32.2045787675143,2.0,1,EF2,CST-6,11-JAN-20 04:53:00
874743,2020-01-11T11:00:00+00:00,34.5045,-89.8584,84.4375,54.23469543457031,290.534423828125,288.727783203125,99388.0,44.37470626831055,19.6721844004394,31.21831989716882,0.0,0,EF0,CST-6,11-JAN-20 05:04:00
874745,2020-01-11T11:00:00+00:00,34.655,-89.6108,222.75,151.2346954345703,290.038330078125,288.416259765625,99115.0,43.72040939331055,20.110077424895344,35.3642834128371,0.0,0,EF0,CST-6,11-JAN-20 05:21:00
873392,2020-03-21T21:00:00+00:00,36.6288,-108.2774,614.5625,3.436361074447632,284.50335693359375,274.72637939453125,82016.5,10.77752685546875,0.055429105128123324,3.3667717920667593,0.0,0,EF0,MST-7,21-MAR-20 13:30:00
875076,2020-03-12T22:00:00+00:00,36.8794,-90.6777,165.375,64.00003814697266,293.04833984375,289.7565002441406,97994.125,28.320453643798828,11.101333539734728,23.752002966175468,0.0,0,EF0,CST-6,12-MAR-20 16:17:00
883627,2020-03-19T07:00:00+00:00,36.0019,-96.4798,578.1875,48.46544647216797,292.87451171875,292.0798645019531,98023.125,39.932106018066406,16.22450085452619,17.628088959058534,0.0,0,EF0,CST-6,19-MAR-20 00:53:00
872119,2020-03-13T02:00:00+00:00,36.73,-84.48,75.0625,95.8919906616211,291.80731201171875,288.3941650390625,96271.0,31.970569610595703,17.68201029834134,23.13873531053395,1.0,0,EF1,EST-5,12-MAR-20 21:07:00
875077,2020-03-12T22:00:00+00:00,36.8571,-90.6234,165.375,64.00003814697266,293.04833984375,289.7565002441406,97994.125,28.320453643798828,11.101333539734728,23.752002966175468,0.0,0,EF0,CST-6,12-MAR-20 16:20:00
867838,2020-01-11T10:00:00+00:00,33.3027,-91.2845,706.5,1.1195886135101318,292.35931396484375,290.47601318359375,100017.625,47.12758255004883,22.337383226585896,30.186606286352237,1.0,0,EF1,CST-6,11-JAN-20 03:36:00
867893,2020-01-11T10:00:00+00:00,33.8988,-90.7434,211.8125,22.91646385192871,291.72943115234375,289.84710693359375,99872.625,43.42055130004883,26.97686194249671,25.864148796507685,1.0,0,EF1,CST-6,11-JAN-20 04:07:00
887324,2020-05-25T22:00:00+00:00,33.2226,-95.082,268.625,18.50722312927246,294.47509765625,293.884521484375,99181.9375,48.682220458984375,6.404137457552657,20.16276899239017,1.0,0,EF1,CST-6,25-MAY-20 16:05:00
895770,2020-05-16T01:00:00+00:00,34.229,-99.006,2063.5,366.68756103515625,292.7021484375,289.1358337402344,96863.125,47.93632507324219,7.713179241028683,11.91046621582144,,0,EFU,CST-6,15-MAY-20 18:32:00
884404,2020-05-13T22:00:00+00:00,31.17,-102.8647,23.8125,101.04731750488281,306.9462890625,279.231689453125,91606.8125,14.888529777526855,0.9868921279939666,4.386521894025672,0.0,0,EF0,CST-6,13-MAY-20 15:30:00
895059,2020-05-05T23:00:00+00:00,34.644,-81.19,285.75,55.70478057861328,294.048583984375,292.1649169921875,98942.125,40.56426239013672,12.32811655030982,20.439347784175165,1.0,0,EF1,EST-5,05-MAY-20 17:32:00
895061,2020-05-05T23:00:00+00:00,34.592,-81.026,301.125,22.20478057861328,293.138427734375,292.0125732421875,98926.125,39.99004364013672,12.01338707755792,20.715544508143065,1.0,0,EF1,EST-5,05-MAY-20 17:46:00
884749,2020-05-17T20:00:00+00:00,41.61,-88.59,121.125,,293.025634765625,291.594970703125,97900.1875,39.79078674316406,8.074361340252374,9.666719880972005,,0,EFU,CST-6,17-MAY-20 14:15:00
884750,2020-05-17T22:00:00+00:00,41.26,-88.28,380.5,9.966753959655762,291.952880859375,290.3720703125,98298.375,44.11857223510742,9.971957174394959,16.660267168557805,,0,EFU,CST-6,17-MAY-20 16:26:00
894446,2020-05-21T20:00:00+00:00,35.0461,-79.1565,1334.0,21.40629005432129,294.59228515625,292.32171630859375,100730.6875,42.500244140625,7.949483639238414,10.415306764664033,1.0,0,EF1,EST-5,21-MAY-20 14:56:00
887329,2020-05-25T23:00:00+00:00,31.5624,-93.8084,926.25,46.83934020996094,298.69970703125,294.86474609375,99776.625,43.221595764160156,10.798525433835005,17.28393662789554,,0,EFU,CST-6,25-MAY-20 17:12:00
883855,2020-05-03T19:00:00+00:00,36.523,-89.6631,1219.6875,233.13858032226562,296.56298828125,292.743896484375,100289.5,43.53718566894531,3.9224290708335015,13.59347230545516,1.0,0,EF1,CST-6,03-MAY-20 12:56:00
896183,2020-05-24T00:00:00+00:00,48.34,-99.57,406.375,217.53125,296.142333984375,287.610107421875,95259.5,23.01724624633789,2.5688444640350054,4.506383567892166,0.0,0,EF0,CST-6,23-MAY-20 17:52:00
896673,2020-05-22T19:00:00+00:00,35.103,-81.505,26.625,,297.917236328125,290.2823181152344,98831.4375,39.01792907714844,3.976953951199858,13.508385274934023,1.0,0,EF1,EST-5,22-MAY-20 14:28:00
881789,2020-05-15T01:00:00+00:00,38.71,-96.31,2243.25,65.42194366455078,294.63818359375,291.492431640625,96165.625,34.358253479003906,13.960623740783253,11.188472927825082,,0,EFU,CST-6,14-MAY-20 19:05:00
891312,2020-05-19T23:00:00+00:00,39.8278,-88.6535,2.5,,290.957275390625,290.13232421875,98623.1875,34.94916915893555,7.662755239509482,10.415995996061108,,0,EFU,CST-6,19-MAY-20 17:07:00
888921,2020-05-23T22:00:00+00:00,41.9673,-89.2434,904.875,22.07794952392578,295.301025390625,292.09375,97956.0625,35.18545150756836,6.913827723922154,12.522106397995538,1.0,0,EF1,CST-6,23-MAY-20 15:30:00
883972,2020-05-16T20:00:00+00:00,33.673,-94.4697,711.375,10.265658378601074,295.827880859375,294.916015625,99337.625,50.212711334228516,9.035158558109417,22.229833737829434,,0,EFU,CST-6,16-MAY-20 13:35:00
881791,2020-05-15T01:00:00+00:00,38.89,-96.4214,1747.625,27.046939849853516,294.38427734375,291.182861328125,96100.625,35.321144104003906,8.299746498447025,10.025089800636751,,0,EFU,CST-6,14-MAY-20 19:20:00
881793,2020-05-15T02:00:00+00:00,38.679,-96.2829,2234.0,83.06511688232422,294.3134765625,291.63275146484375,96204.5625,33.92771911621094,12.850711876677295,11.204927217229125,0.0,0,EF0,CST-6,14-MAY-20 19:53:00
892434,2020-05-23T23:00:00+00:00,42.1475,-88.5886,947.375,7.972242832183838,295.22314453125,292.788330078125,97814.875,36.92396545410156,9.837799126606408,15.76817940801056,0.0,0,EF0,CST-6,23-MAY-20 17:13:00
892441,2020-05-23T20:00:00+00:00,41.4709,-88.2525,1776.375,32.1093864440918,299.38720703125,291.6923828125,98832.25,40.10781478881836,6.507329448428283,13.717484071262586,0.0,0,EF0,CST-6,23-MAY-20 14:02:00
882250,2020-05-18T21:00:00+00:00,39.8674,-83.2909,999.9375,82.73810577392578,294.00537109375,290.308349609375,97615.5,40.42162322998047,6.863029619788206,11.769470070253586,0.0,0,EF0,EST-5,18-MAY-20 15:49:00
891257,2020-05-25T01:00:00+00:00,29.5275,-98.7046,2561.5,8.687524795532227,297.743896484375,295.24322509765625,97163.9375,50.71689987182617,6.993673749464307,10.64690150146614,1.0,0,EF1,CST-6,24-MAY-20 19:11:00
878117,2020-02-07T12:00:00+00:00,39.0946,-77.5874,51.46875,15.655904769897461,284.8433837890625,283.5592041015625,96280.75,22.634626388549805,15.35769216677894,26.195384360439665,0.0,0,EF0,EST-5,07-FEB-20 07:20:00
895373,2020-05-20T16:00:00+00:00,32.7159,-80.1166,727.0,23.058292388916016,295.51220703125,292.80816650390625,101299.8125,45.24957275390625,5.1362368391029545,11.041205759895174,1.0,0,EF1,EST-5,20-MAY-20 10:47:00
881788,2020-05-15T02:00:00+00:00,38.5674,-96.4891,2497.75,36.00261688232422,294.1357421875,291.15911865234375,96020.5625,31.82127571105957,11.733049224861379,14.038390592924957,,0,EFU,CST-6,14-MAY-20 19:49:00
897372,2020-05-24T00:00:00+00:00,39.4485,-101.8926,1691.625,,302.143310546875,278.671630859375,87318.5,15.877598762512207,0.14188527581359653,15.674765553781274,,0,EFU,MST-7,23-MAY-20 17:07:00
887328,2020-05-26T18:00:00+00:00,41.6119,-93.8862,638.875,15.23446273803711,298.14697265625,292.811767578125,97402.25,41.01278305053711,4.9168730988884555,18.48765324568546,0.0,0,EF0,CST-6,26-MAY-20 12:18:00
887330,2020-05-26T18:00:00+00:00,41.6618,-93.9146,638.875,15.23446273803711,298.14697265625,292.811767578125,97402.25,41.01278305053711,4.9168730988884555,18.48765324568546,,0,EFU,CST-6,26-MAY-20 12:28:00
887333,2020-05-26T21:00:00+00:00,42.5622,-93.8903,559.5,67.07247924804688,297.365478515625,292.793701171875,96797.0625,40.4057731628418,3.954649391871827,14.423366155614508,1.0,0,EF1,CST-6,26-MAY-20 14:38:00
887334,2020-05-26T21:00:00+00:00,41.5313,-94.636,123.5,,294.596923828125,291.876708984375,96151.0625,40.4477653503418,5.0722308986955555,10.549697821781626,,0,EFU,CST-6,26-MAY-20 14:53:00
892130,2020-05-25T06:00:00+00:00,25.5742,-80.4518,606.625,9.062684059143066,297.716064453125,296.416748046875,101167.5,60.50934600830078,7.529201653512803,5.840736519802095,1.0,0,EF1,EST-5,25-MAY-20 00:30:00
878797,2020-02-07T12:00:00+00:00,39.1763,-77.4827,50.6875,19.24965476989746,284.9283447265625,283.7037353515625,96515.75,23.264509201049805,17.985038533298052,26.882897362036992,1.0,0,EF1,EST-5,07-FEB-20 07:28:00
887335,2020-05-26T21:00:00+00:00,41.6407,-94.6467,253.125,29.822481155395508,294.788330078125,291.531005859375,96280.0625,40.9223747253418,3.597398860596467,10.25785603878303,,0,EFU,CST-6,26-MAY-20 15:16:00
884264,2020-05-21T03:00:00+00:00,48.16,-106.49,406.75,,293.97802734375,287.4285583496094,91635.0625,36.7430305480957,5.379763738941337,9.612269635725319,0.0,0,EF0,MST-7,20-MAY-20 20:17:00
894010,2020-05-29T22:00:00+00:00,43.242,-73.784,284.8125,233.18942260742188,297.994384765625,294.303466796875,98288.5625,39.597007751464844,10.120514242653087,18.581506031322885,1.0,0,EF1,EST-5,29-MAY-20 16:52:00
893918,2020-05-15T22:00:00+00:00,43.182,-73.755,729.375,31.445228576660156,294.356201171875,292.260498046875,98161.0,34.704322814941406,13.866626447406981,22.577201650830542,1.0,0,EF1,EST-5,15-MAY-20 16:59:00
878801,2020-02-07T13:00:00+00:00,39.1301,-77.3464,85.4375,0.7981595993041992,285.21942138671875,283.81951904296875,96597.125,21.030473709106445,9.812288493238677,20.475446348950307,0.0,0,EF0,EST-5,07-FEB-20 07:38:00
892438,2020-05-23T20:00:00+00:00,41.4535,-88.3269,1292.75,34.2812614440918,298.89697265625,292.0439453125,98823.25,37.87051010131836,6.962917498935356,14.007257251930609,0.0,0,EF0,CST-6,23-MAY-20 13:53:00
892439,2020-05-23T20:00:00+00:00,41.4618,-88.2906,1776.375,32.1093864440918,299.38720703125,291.6923828125,98832.25,40.10781478881836,6.507329448428283,13.717484071262586,0.0,0,EF0,CST-6,23-MAY-20 13:57:00
888922,2020-05-23T23:00:00+00:00,42.1393,-88.63,947.375,7.972242832183838,295.22314453125,292.788330078125,97814.875,36.92396545410156,9.837799126606408,15.76817940801056,0.0,0,EF0,CST-6,23-MAY-20 17:06:00
878812,2020-02-07T13:00:00+00:00,39.3427,-77.2758,115.0625,0.9856595993041992,284.76141357421875,283.33221435546875,96152.125,22.235551834106445,8.86077303352206,22.369918912575994,1.0,0,EF1,EST-5,07-FEB-20 07:44:00
878819,2020-02-07T13:00:00+00:00,39.562,-77.031,178.0,1.9075345993041992,283.95965576171875,282.65350341796875,96033.125,23.548051834106445,15.752074170483867,23.163449695169376,1.0,0,EF1,EST-5,07-FEB-20 08:03:00
895036,2020-05-08T20:00:00+00:00,30.6317,-92.4207,1536.4375,48.2592658996582,294.954833984375,292.81402587890625,100838.0625,47.26653289794922,8.087027518942566,10.525879031631586,1.0,0,EF1,CST-6,08-MAY-20 13:35:00
895045,2020-05-06T03:00:00+00:00,30.4029,-93.1441,993.875,381.8573913574219,296.0576171875,294.3475341796875,101308.625,42.16449737548828,8.45662822745018,7.3073131831666425,1.0,0,EF1,CST-6,05-MAY-20 20:58:00
883831,2020-05-16T19:00:00+00:00,33.2381,-95.2874,500.625,28.680065155029297,294.723876953125,293.49951171875,99206.8125,49.17295837402344,5.456332069564336,16.663618071339883,0.0,0,EF0,CST-6,16-MAY-20 12:33:00
897595,2020-05-21T22:00:00+00:00,37.92,-102.31,2112.75,,300.1005859375,282.14227294921875,88172.875,26.391080856323242,0.3343487075181747,8.101699629351577,,0,EFU,MST-7,21-MAY-20 14:47:00
897596,2020-05-21T22:00:00+00:00,38.02,-102.12,2112.75,,300.1005859375,282.14227294921875,88172.875,26.391080856323242,0.3343487075181747,8.101699629351577,,0,EFU,MST-7,21-MAY-20 15:17:00
899092,2020-05-21T21:00:00+00:00,38.1702,-101.97,1092.5,,301.369140625,284.1477966308594,88247.125,23.249916076660156,0.19121328721850667,3.3441281328808605,0.0,0,EF0,MST-7,21-MAY-20 14:15:00
899093,2020-05-21T21:00:00+00:00,38.1842,-101.9609,1092.5,,301.369140625,284.1477966308594,88247.125,23.249916076660156,0.19121328721850667,3.3441281328808605,0.0,0,EF0,MST-7,21-MAY-20 14:15:00
883973,2020-05-16T20:00:00+00:00,33.6799,-94.4848,711.375,10.265658378601074,295.827880859375,294.916015625,99337.625,50.212711334228516,9.035158558109417,22.229833737829434,,0,EFU,CST-6,16-MAY-20 13:36:00
895543,2020-05-16T12:00:00+00:00,30.1811,-93.8575,387.875,165.40625,294.2138671875,293.6240234375,100593.8125,53.44427490234375,11.258211363783813,12.274202210835837,1.0,0,EF1,CST-6,16-MAY-20 05:48:00
883832,2020-05-16T21:00:00+00:00,33.2782,-94.186,702.5,27.172916412353516,296.35546875,295.138671875,99401.1875,48.75321578979492,12.809204500631283,19.411781385046073,,0,EFU,CST-6,16-MAY-20 14:37:00
883834,2020-05-16T22:00:00+00:00,33.502,-94.1675,253.9375,21.3403377532959,295.80859375,294.985107421875,99362.8125,51.07886505126953,9.540234784572258,18.288728396542922,1.0,0,EF1,CST-6,16-MAY-20 16:05:00
899095,2020-05-21T23:00:00+00:00,37.84,-101.75,2753.75,44.362876892089844,293.274658203125,287.9997253417969,89048.25,34.83610153198242,0.25737796177643385,6.894497395916528,0.0,0,EF0,MST-7,21-MAY-20 16:06:00
899096,2020-05-22T00:00:00+00:00,37.802,-101.468,2686.25,171.8438720703125,294.775634765625,287.89874267578125,89757.4375,33.275047302246094,0.646562364392308,14.827826206703104,,0,EFU,CST-6,21-MAY-20 18:11:00
878857,2020-02-06T00:00:00+00:00,35.223,-87.3984,181.5625,0.564054012298584,289.3402404785156,287.7440490722656,97140.9375,37.78908157348633,8.832861020074057,22.893343589755585,1.0,0,EF1,CST-6,05-FEB-20 17:56:00
891348,2020-05-28T21:00:00+00:00,40.9275,-89.6348,303.375,45.078128814697266,298.78076171875,292.584716796875,98520.1875,35.99921417236328,4.276164185821862,2.161834126082572,,0,EFU,CST-6,28-MAY-20 15:10:00
891349,2020-05-29T00:00:00+00:00,39.6828,-88.7211,865.5,9.775622367858887,296.811279296875,292.122802734375,98779.5,33.75887680053711,5.5841159166567955,5.152066165013908,,0,EFU,CST-6,28-MAY-20 18:25:00
883974,2020-05-16T22:00:00+00:00,33.4493,-93.8548,163.1875,18.6215877532959,295.9501953125,295.156982421875,99410.8125,52.09839630126953,10.37573734804164,18.426119143472416,1.0,0,EF1,CST-6,16-MAY-20 16:16:00
884166,2020-05-16T23:00:00+00:00,33.6069,-93.9306,158.125,1.1106367111206055,295.061279296875,294.365966796875,99295.75,52.167030334472656,11.882357207864565,17.85863306916014,0.0,0,EF0,CST-6,16-MAY-20 16:36:00
891350,2020-05-29T01:00:00+00:00,39.7314,-88.6628,818.875,5.683431148529053,295.416015625,291.44775390625,98851.375,33.62477111816406,6.0033806442266995,4.356486146150463,,0,EFU,CST-6,28-MAY-20 18:34:00
895545,2020-05-17T23:00:00+00:00,30.7461,-92.7104,895.875,21.828140258789062,296.61962890625,294.134765625,100546.125,46.11993408203125,13.371307468878417,15.392283174382422,1.0,0,EF1,CST-6,17-MAY-20 16:41:00
895547,2020-05-17T23:00:00+00:00,29.905,-93.5211,260.5,283.0,298.97216796875,292.779296875,101007.125,34.02227783203125,6.8575881650039054,13.194057404216323,0.0,0,EF0,CST-6,17-MAY-20 17:01:00
895548,2020-05-18T00:00:00+00:00,30.4314,-93.4241,105.25,406.703125,299.251220703125,292.5859375,100710.75,30.82421875,8.654021201622676,15.693106485786108,0.0,0,EF0,CST-6,17-MAY-20 17:40:00
884167,2020-05-16T23:00:00+00:00,33.411,-93.3361,188.625,10.891886711120605,295.682373046875,294.639404296875,99311.75,52.691444396972656,13.822057415980403,17.33439103187943,1.0,0,EF1,CST-6,16-MAY-20 16:39:00
884168,2020-05-16T23:00:00+00:00,33.4441,-93.3451,188.625,10.891886711120605,295.682373046875,294.639404296875,99311.75,52.691444396972656,13.822057415980403,17.33439103187943,1.0,0,EF1,CST-6,16-MAY-20 16:41:00
884047,2020-05-04T21:00:00+00:00,36.8328,-90.8699,707.5625,211.32823181152344,291.409423828125,286.6572265625,98895.4375,40.56658172607422,8.710602156021631,22.746983962023148,0.0,0,EF0,CST-6,04-MAY-20 15:23:00
891629,2020-05-29T00:00:00+00:00,36.2497,-96.2634,443.75,82.50999450683594,296.294677734375,292.175537109375,98651.5,35.17782211303711,9.21703953707213,15.855971110226962,0.0,0,EF0,CST-6,28-MAY-20 17:56:00
891652,2020-05-23T03:00:00+00:00,34.7088,-94.9425,3124.875,315.56256103515625,295.772216796875,294.57135009765625,97613.5625,38.34043502807617,10.502756684882444,9.947202277295542,1.0,0,EF1,CST-6,22-MAY-20 21:05:00
895044,2020-05-06T03:00:00+00:00,30.5666,-93.2348,993.875,381.8573913574219,296.0576171875,294.3475341796875,101308.625,42.16449737548828,8.45662822745018,7.3073131831666425,1.0,0,EF1,CST-6,05-MAY-20 20:45:00
881331,2020-05-12T16:00:00+00:00,30.0196,-97.2105,861.0,,299.68603515625,289.91571044921875,100004.5,44.12019348144531,12.320057496598844,11.63336917547377,0.0,0,EF0,CST-6,12-MAY-20 09:54:00
881332,2020-05-12T14:00:00+00:00,29.8526,-97.5256,186.46875,88.32225036621094,296.061279296875,293.40155029296875,99896.875,42.82461929321289,12.785778070965698,9.652010073507967,0.0,0,EF0,CST-6,12-MAY-20 08:09:00
881828,2020-05-12T16:00:00+00:00,30.1485,-97.0986,523.0625,,299.67041015625,289.78192138671875,99892.5,44.29988098144531,12.713673455026392,10.579888355208551,,0,EFU,CST-6,12-MAY-20 10:28:00
884315,2020-05-16T23:00:00+00:00,33.5312,-93.3703,188.625,10.891886711120605,295.682373046875,294.639404296875,99311.75,52.691444396972656,13.822057415980403,17.33439103187943,1.0,0,EF1,CST-6,16-MAY-20 16:56:00
884316,2020-05-17T00:00:00+00:00,33.868,-93.5217,132.625,0.6718943119049072,295.03173828125,293.841552734375,99158.4375,52.36772155761719,15.929407788926003,17.233115764237624,0.0,0,EF0,CST-6,16-MAY-20 17:46:00
887321,2020-05-25T23:00:00+00:00,33.3682,-93.5759,760.75,10.40184211730957,298.25146484375,296.07568359375,99615.625,50.917884826660156,13.876644642036368,14.621627300390916,1.0,0,EF1,CST-6,25-MAY-20 16:38:00
891639,2020-05-23T03:00:00+00:00,34.7351,-95.0245,3124.875,315.56256103515625,295.772216796875,294.57135009765625,97613.5625,38.34043502807617,10.502756684882444,9.947202277295542,1.0,0,EF1,CST-6,22-MAY-20 20:58:00
869009,2020-01-11T10:00:00+00:00,33.8224,-90.5682,191.5625,22.33833885192871,292.37982177734375,290.17620849609375,99980.625,43.99281692504883,25.491913781821445,27.766557693040774,2.0,1,EF2,CST-6,11-JAN-20 04:19:00
895512,2020-05-30T18:00:00+00:00,32.948,-81.6385,1111.3125,43.48219299316406,303.491943359375,296.28179931640625,100808.5,39.51225280761719,1.2079424761435085,6.164522574509223,,0,EFU,EST-5,30-MAY-20 12:30:00
883827,2020-05-25T20:00:00+00:00,39.61,-94.99,394.875,23.343896865844727,298.355224609375,293.695068359375,97603.6875,44.842430114746094,4.731846067556901,11.957958032296494,0.0,0,EF0,CST-6,25-MAY-20 13:30:00
895549,2020-05-18T02:00:00+00:00,30.4597,-92.2678,298.25,63.859375,295.381103515625,293.341064453125,100842.4375,43.2852783203125,14.25266476768339,15.028127860633184,3.0,1,EF3,CST-6,17-MAY-20 19:31:00
895550,2020-05-18T01:00:00+00:00,30.6039,-92.3747,540.125,66.29690551757812,295.848876953125,293.97412109375,100661.5625,42.94115447998047,13.765962036544542,15.062863962364395,0.0,0,EF0,CST-6,17-MAY-20 19:00:00
894444,2020-05-27T23:00:00+00:00,36.5154,-78.1622,194.875,,296.254638671875,294.15576171875,100489.6875,53.39992141723633,9.477660637451844,13.901700725466304,0.0,0,EF0,EST-5,27-MAY-20 18:08:00
897794,2020-05-23T03:00:00+00:00,35.0038,-95.331,2316.5,520.3594360351562,296.127685546875,294.53424072265625,98144.5625,36.06699752807617,10.300346625669548,12.639703322343571,,0,EFU,CST-6,22-MAY-20 20:32:00
883829,2020-05-16T22:00:00+00:00,33.7535,-94.642,167.375,9.074711799621582,295.5732421875,294.966552734375,99037.8125,47.84546661376953,12.23099240381915,23.46987039908634,0.0,0,EF0,CST-6,16-MAY-20 16:20:00
883833,2020-05-16T21:00:00+00:00,33.3003,-94.202,702.5,27.172916412353516,296.35546875,295.138671875,99401.1875,48.75321578979492,12.809204500631283,19.411781385046073,,0,EFU,CST-6,16-MAY-20 14:38:00
874694,2020-02-05T22:00:00+00:00,32.88,-89.967,1004.125,72.45317077636719,293.330810546875,291.9864501953125,98957.9375,43.44882583618164,9.704235610217125,27.41850752366158,2.0,1,EF2,CST-6,05-FEB-20 16:07:00
876629,2020-04-13T14:00:00+00:00,35.8866,-76.5537,3.625,156.17198181152344,294.92803955078125,290.371337890625,100686.4375,42.45134735107422,23.798424368261262,29.885975440999033,0.0,0,EF0,EST-5,13-APR-20 09:05:00
876630,2020-04-13T14:00:00+00:00,34.9586,-77.1532,33.5625,44.62510299682617,294.29327392578125,290.774658203125,100838.4375,50.53533172607422,22.550295203925298,26.50304371899842,0.0,0,EF0,EST-5,13-APR-20 09:08:00
876631,2020-04-13T14:00:00+00:00,35.4346,-76.7884,6.75,84.67198181152344,294.53057861328125,290.514892578125,100849.4375,47.22087860107422,22.795752401060767,28.021770507408412,0.0,0,EF0,EST-5,13-APR-20 09:15:00
877070,2020-02-11T03:00:00+00:00,32.5019,-90.555,91.34375,105.34384155273438,292.3979187011719,291.6099853515625,100411.5,42.70259475708008,18.742664392958982,22.635323754501442,0.0,0,EF0,CST-6,10-FEB-20 20:51:00
886135,2020-04-13T08:00:00+00:00,34.719,-82.857,227.0625,47.5345458984375,291.7347717285156,289.91497802734375,96668.8125,41.10049057006836,14.799532863584139,36.71224766884296,0.0,0,EF0,EST-5,13-APR-20 02:34:00
886247,2020-04-08T05:00:00+00:00,40.7472,-80.519,651.9375,12.76564884185791,287.8583984375,285.8536682128906,96400.25,29.75873565673828,15.41436647142184,22.7343272177062,0.0,0,EF0,EST-5,07-APR-20 23:40:00
886244,2020-04-08T05:00:00+00:00,40.6528,-81.3529,1428.4375,13.76564884185791,289.98828125,286.3038635253906,96496.25,29.83881378173828,15.2732376663671,21.729932845021004,0.0,0,EF0,EST-5,07-APR-20 23:30:00
887428,2020-04-20T01:00:00+00:00,31.2125,-89.1454,917.375,8.058687210083008,294.740966796875,293.60784912109375,99501.375,46.89773178100586,18.799608235761042,27.84434313162404,1.0,0,EF1,CST-6,19-APR-20 19:13:00
877435,2020-04-12T14:00:00+00:00,31.8921,-94.3827,350.4375,62.67205810546875,293.50439453125,292.91473388671875,98700.375,43.870155334472656,9.687926130581467,33.36917447457885,1.0,0,EF1,CST-6,12-APR-20 08:06:00
887617,2020-04-13T03:00:00+00:00,32.7317,-87.2012,1228.4375,2.562595844268799,295.6512451171875,294.05938720703125,98893.4375,52.06570816040039,24.441316473249515,27.966903517712222,1.0,0,EF1,CST-6,12-APR-20 21:14:00
887619,2020-04-13T03:00:00+00:00,32.244,-86.9515,723.125,91.7032241821289,296.9178466796875,294.77716064453125,99440.4375,51.12820816040039,22.910895885413925,32.10166791263152,0.0,0,EF0,CST-6,12-APR-20 21:27:00
876632,2020-04-13T14:00:00+00:00,34.8988,-76.9273,19.125,57.42197799682617,294.01690673828125,290.274658203125,100930.4375,50.48943328857422,22.06392165607585,26.23826254274252,0.0,0,EF0,EST-5,13-APR-20 09:20:00
867837,2020-01-11T09:00:00+00:00,33.1761,-91.9441,1361.0625,0.5704907178878784,292.8003845214844,291.454345703125,99969.5625,46.686614990234375,24.465239034719257,34.73914728691848,1.0,0,EF1,CST-6,11-JAN-20 02:55:00
886150,2020-04-13T07:00:00+00:00,34.99,-83.055,750.0,5.496494293212891,290.49554443359375,289.40692138671875,93792.3125,36.78430938720703,11.300112883893371,34.14693952587115,1.0,0,EF1,EST-5,13-APR-20 02:18:00
886245,2020-04-08T05:00:00+00:00,40.827,-80.63,794.75,13.14064884185791,288.2568359375,286.0841369628906,96369.25,29.86908721923828,15.4765161198195,22.844174338682844,1.0,0,EF1,EST-5,07-APR-20 23:33:00
887480,2020-04-12T21:00:00+00:00,33.4593,-87.8859,1266.25,19.23441505432129,293.92431640625,292.7259521484375,98818.4375,49.968502044677734,17.99738498927681,31.952597976659753,0.0,0,EF0,CST-6,12-APR-20 15:18:00
887481,2020-04-12T21:00:00+00:00,33.5254,-87.8602,1266.25,19.23441505432129,293.92431640625,292.7259521484375,98818.4375,49.968502044677734,17.99738498927681,31.952597976659753,0.0,0,EF0,CST-6,12-APR-20 15:25:00
877438,2020-04-12T14:00:00+00:00,32.399,-94.2764,297.875,134.59393310546875,292.36474609375,291.79364013671875,98937.375,44.287147521972656,8.481334742391489,29.605347166378433,1.0,0,EF1,CST-6,12-APR-20 08:08:00
871940,2020-02-06T17:00:00+00:00,35.094,-80.917,462.625,0.9656039476394653,290.46392822265625,289.333740234375,97563.5625,42.07849884033203,17.18809396270661,31.48248227013339,1.0,0,EF1,EST-5,06-FEB-20 12:16:00
886246,2020-04-08T05:00:00+00:00,40.775,-80.562,651.9375,12.76564884185791,287.8583984375,285.8536682128906,96400.25,29.75873565673828,15.41436647142184,22.7343272177062,0.0,0,EF0,EST-5,07-APR-20 23:37:00
887482,2020-04-12T22:00:00+00:00,33.5878,-87.7504,947.3125,15.90625286102295,294.857421875,293.54364013671875,98551.6875,54.916046142578125,15.919102523353944,24.46264785995492,0.0,0,EF0,CST-6,12-APR-20 15:34:00
887483,2020-04-12T22:00:00+00:00,33.6264,-87.5872,805.25,8.78125286102295,294.32421875,293.31707763671875,98251.6875,54.394561767578125,14.462166148181446,23.485443459056345,1.0,0,EF1,CST-6,12-APR-20 15:41:00
881522,2020-04-21T19:00:00+00:00,40.0003,-74.0667,293.875,101.7968978881836,285.144775390625,280.41717529296875,99574.75,17.918598175048828,16.193924042203903,20.38816755770243,0.0,0,EF0,EST-5,21-APR-20 14:05:00
886044,2020-04-13T07:00:00+00:00,34.485,-83.457,390.625,59.85586929321289,292.75531005859375,291.11785888671875,96620.3125,39.54114532470703,16.65774077879602,35.70250834540968,0.0,0,EF0,EST-5,13-APR-20 02:03:00
887484,2020-04-12T22:00:00+00:00,33.6932,-87.5283,884.3125,37.640628814697266,294.5849609375,293.09344482421875,98242.6875,53.938507080078125,15.381457050599002,26.305111698508643,1.0,0,EF1,CST-6,12-APR-20 15:48:00
887486,2020-04-12T22:00:00+00:00,33.6991,-87.0534,623.75,125.90625,294.6318359375,292.88055419921875,98040.6875,50.338897705078125,18.060922908536206,31.739775528995803,1.0,0,EF1,CST-6,12-APR-20 16:14:00
878298,2020-04-24T19:00:00+00:00,39.21,-93.31,397.125,57.9843864440918,290.576904296875,287.16839599609375,98167.0,25.59354019165039,0.8168602898372069,8.193934814195828,0.0,0,EF0,CST-6,24-APR-20 13:08:00
874693,2020-02-05T22:00:00+00:00,32.8169,-90.0995,1105.0,89.67192077636719,293.864990234375,292.5577392578125,99116.9375,43.14609146118164,10.475447400218567,27.116805738521283,2.0,1,EF2,CST-6,05-FEB-20 15:57:00
874697,2020-02-05T23:00:00+00:00,33.1175,-89.3761,673.125,32.46881103515625,293.1903381347656,291.76409912109375,98568.0625,42.51240158081055,9.60027661516553,30.15696793326197,2.0,1,EF2,CST-6,05-FEB-20 16:58:00
869006,2020-01-11T16:00:00+00:00,32.3707,-89.4785,217.3125,65.12227630615234,294.1055908203125,292.43994140625,99430.9375,46.330345153808594,21.45301221162529,31.850657259271625,0.0,0,EF0,CST-6,11-JAN-20 09:33:00
874690,2020-02-05T21:00:00+00:00,31.9546,-89.752,1117.625,87.29712677001953,293.1514892578125,292.34381103515625,98887.5,39.745662689208984,16.370930919474137,22.755677938610244,1.0,0,EF1,CST-6,05-FEB-20 14:57:00
874696,2020-02-05T23:00:00+00:00,33.0678,-89.501,985.125,60.65631103515625,293.4842834472656,292.02484130859375,98598.0625,44.06318283081055,9.3871433787093,29.135919586334545,1.0,0,EF1,CST-6,05-FEB-20 16:46:00
886043,2020-04-13T07:00:00+00:00,34.485,-83.481,390.625,59.85586929321289,292.75531005859375,291.11785888671875,96620.3125,39.54114532470703,16.65774077879602,35.70250834540968,0.0,0,EF0,EST-5,13-APR-20 02:01:00
886058,2020-04-13T07:00:00+00:00,34.513,-83.367,390.625,59.85586929321289,292.75531005859375,291.11785888671875,96620.3125,39.54114532470703,16.65774077879602,35.70250834540968,1.0,0,EF1,EST-5,13-APR-20 02:07:00
886198,2020-04-13T08:00:00+00:00,34.817,-82.638,278.0,46.8782958984375,292.1654357910156,290.34661865234375,97207.8125,40.12002182006836,16.01115958717675,37.540370102962,0.0,0,EF0,EST-5,13-APR-20 02:44:00
877072,2020-02-11T03:00:00+00:00,32.51,-90.549,91.34375,105.34384155273438,292.3979187011719,291.6099853515625,100411.5,42.70259475708008,18.742664392958982,22.635323754501442,1.0,0,EF1,CST-6,10-FEB-20 20:52:00
884843,2020-04-29T00:00:00+00:00,39.8569,-89.4962,784.125,25.778850555419922,293.26318359375,289.35943603515625,98484.5,36.558597564697266,7.338488717384892,10.506446296256279,0.0,0,EF0,CST-6,28-APR-20 17:56:00
874692,2020-02-05T21:00:00+00:00,32.6797,-90.4403,614.6875,98.71900177001953,294.6114501953125,293.16217041015625,99524.5,36.719295501708984,15.092819793086475,26.15631124729034,1.0,0,EF1,CST-6,05-FEB-20 15:28:00
886204,2020-04-13T08:00:00+00:00,34.966,-82.667,463.0,33.8626708984375,290.8285217285156,289.47552490234375,94959.8125,37.76357650756836,11.92004637801685,36.00084311526149,2.0,1,EF2,EST-5,13-APR-20 02:41:00
886207,2020-04-13T08:00:00+00:00,35.015,-82.594,463.0,33.8626708984375,290.8285217285156,289.47552490234375,94959.8125,37.76357650756836,11.92004637801685,36.00084311526149,2.0,1,EF2,EST-5,13-APR-20 02:46:00
880353,2020-04-20T16:00:00+00:00,28.7186,-81.2418,1817.625,129.19435119628906,300.706298828125,293.9147644042969,100650.0,45.74736022949219,14.999459599195788,17.210040620480648,0.0,0,EF0,EST-5,20-APR-20 10:45:00
869290,2020-01-11T09:00:00+00:00,33.2638,-91.7598,1174.5,0.5392407178878784,292.9947204589844,291.335205078125,99982.5625,46.863372802734375,24.010815511933803,35.59589171299473,2.0,1,EF2,CST-6,11-JAN-20 03:07:00
869586,2020-01-11T10:00:00+00:00,33.446,-91.058,577.625,1.8227136135101318,292.04779052734375,290.40960693359375,99964.625,45.93422317504883,25.125835211645178,28.540309481186323,2.0,1,EF2,CST-6,11-JAN-20 03:52:00
869583,2020-01-11T10:00:00+00:00,33.3349,-91.3129,706.5,1.1195886135101318,292.35931396484375,290.47601318359375,100017.625,47.12758255004883,22.337383226585896,30.186606286352237,1.0,0,EF1,CST-6,11-JAN-20 03:33:00
881262,2020-04-29T03:00:00+00:00,34.1602,-94.4711,1952.0,47.125099182128906,292.169921875,290.7744140625,98274.9375,41.64382553100586,15.881247998240227,21.324504323418033,2.0,1,EF2,CST-6,28-APR-20 21:24:00
874695,2020-02-05T22:00:00+00:00,32.8801,-89.9667,1004.125,72.45317077636719,293.330810546875,291.9864501953125,98957.9375,43.44882583618164,9.704235610217125,27.41850752366158,2.0,1,EF2,CST-6,05-FEB-20 16:08:00
874698,2020-02-05T23:00:00+00:00,33.1454,-89.3178,570.625,41.92193603515625,293.1737365722656,291.68988037109375,98503.0625,42.50556564331055,10.532991335413909,30.222634267935803,1.0,0,EF1,CST-6,05-FEB-20 17:02:00
884997,2020-04-08T05:00:00+00:00,40.597,-79.756,553.5,11.31252384185791,286.63671875,284.8780822753906,96146.25,28.38959503173828,14.488936649623232,20.78457188066421,0.0,0,EF0,EST-5,08-APR-20 00:16:00
880279,2020-04-23T00:00:00+00:00,33.8412,-95.3106,2216.5,54.54703140258789,292.1005859375,291.34075927734375,98386.8125,30.27118682861328,17.123923533614953,18.60986722322526,0.0,0,EF0,CST-6,22-APR-20 18:04:00
869585,2020-01-11T10:00:00+00:00,33.385,-91.183,683.625,0.8695885539054871,292.07904052734375,290.24847412109375,99981.625,45.47133255004883,24.231550138775937,27.04639739966678,0.0,0,EF0,CST-6,11-JAN-20 03:44:00
874704,2020-02-06T05:00:00+00:00,32.1428,-88.914,1117.5625,2.8684263229370117,291.968505859375,291.3725891113281,98786.375,41.07927703857422,15.095017390795638,26.673523783164157,2.0,1,EF2,CST-6,05-FEB-20 23:21:00
874705,2020-02-06T06:00:00+00:00,32.2249,-88.7627,1206.3125,3.1337077617645264,292.0577697753906,291.43548583984375,98751.4375,42.579246520996094,14.881162583115247,25.838399623975167,1.0,0,EF1,CST-6,05-FEB-20 23:30:00
874702,2020-02-06T05:00:00+00:00,31.9406,-89.2971,1178.9375,1.2278014421463013,291.901123046875,291.3052062988281,98891.375,41.98748016357422,14.55401072846848,25.447995902764895,2.0,1,EF2,CST-6,05-FEB-20 22:51:00
869291,2020-01-11T09:00:00+00:00,33.303,-91.459,995.3125,0.6017407178878784,293.1275329589844,291.107666015625,100055.5625,46.748138427734375,23.652440898772387,36.03481459655949,1.0,0,EF1,CST-6,11-JAN-20 03:25:00
869584,2020-01-11T10:00:00+00:00,33.419,-91.098,683.625,0.8695885539054871,292.07904052734375,290.24847412109375,99981.625,45.47133255004883,24.231550138775937,27.04639739966678,1.0,0,EF1,CST-6,11-JAN-20 03:50:00
878235,2020-02-06T08:00:00+00:00,33.2015,-86.9753,833.75,1.0625240802764893,291.826171875,290.9197692871094,98059.0625,44.36110305786133,15.9030561219801,28.34327516938451,2.0,1,EF2,CST-6,06-FEB-20 01:57:00
869014,2020-01-11T10:00:00+00:00,34.0377,-90.8624,305.6875,10.119588851928711,291.47845458984375,289.80218505859375,99859.625,43.77602005004883,26.21066074804763,23.78915220505204,1.0,0,EF1,CST-6,11-JAN-20 04:02:00
869010,2020-01-11T10:00:00+00:00,33.9183,-90.5201,145.75,41.97896194458008,292.18157958984375,289.87542724609375,99872.625,42.97914505004883,26.171897522222807,26.98035340194721,2.0,1,EF2,CST-6,11-JAN-20 04:18:00
874699,2020-02-06T00:00:00+00:00,32.6636,-89.6748,1323.875,43.40780258178711,293.2572326660156,291.8251037597656,98858.9375,43.39845657348633,11.6259475051888,25.5664508085475,1.0,0,EF1,CST-6,05-FEB-20 17:33:00
874700,2020-02-06T00:00:00+00:00,32.7049,-89.476,1383.8125,68.26718139648438,293.1634826660156,291.6883850097656,98656.9375,43.87306594848633,11.256760929933591,24.70888527750956,1.0,0,EF1,CST-6,05-FEB-20 17:50:00
886475,2020-04-23T10:00:00+00:00,31.8116,-88.8782,63.625,183.79689025878906,294.6314392089844,293.1956787109375,99388.6875,43.837989807128906,19.141207065544503,29.888948115590694,1.0,0,EF1,CST-6,23-APR-20 03:33:00
887487,2020-04-12T22:00:00+00:00,33.7057,-87.0402,623.75,125.90625,294.6318359375,292.88055419921875,98040.6875,50.338897705078125,18.060922908536206,31.739775528995803,2.0,1,EF2,CST-6,12-APR-20 16:15:00
885248,2020-06-09T23:00:00+00:00,39.79,-96.29,1258.375,154.3438262939453,303.4833984375,294.1700744628906,94946.6875,26.93636703491211,6.921053666302783,8.488923633618306,,0,EFU,CST-6,09-JUN-20 17:26:00
886042,2020-04-13T07:00:00+00:00,34.459,-83.635,393.625,49.96524429321289,292.39202880859375,290.92156982421875,95671.3125,39.72473907470703,14.817950059124406,35.78194715818541,1.0,0,EF1,EST-5,13-APR-20 01:50:00
901205,2020-06-29T02:00:00+00:00,44.0015,-91.8063,876.125,18.609529495239258,297.4609375,294.52984619140625,97076.1875,41.97303009033203,11.022300825929372,13.78373887051654,0.0,0,EF0,CST-6,28-JUN-20 19:37:00
878437,2020-02-13T10:00:00+00:00,33.0162,-85.9171,45.21875,0.014600876718759537,291.6892395019531,290.52423095703125,98175.875,40.43210983276367,17.30314659840027,23.579172199451435,1.0,0,EF1,CST-6,13-FEB-20 04:12:00
874691,2020-02-05T21:00:00+00:00,32.0906,-89.5363,1110.1875,55.984622955322266,293.5645751953125,292.52740478515625,98813.5,39.370662689208984,15.686845446476832,22.312062205424898,2.0,1,EF2,CST-6,05-FEB-20 15:20:00
887605,2020-04-12T23:00:00+00:00,33.8819,-86.6877,675.625,6.156318664550781,293.129638671875,292.13104248046875,97487.0,51.07452392578125,18.07416253270931,30.829854435805437,0.0,0,EF0,CST-6,12-APR-20 16:44:00
888610,2020-04-13T11:00:00+00:00,35.8943,-79.3544,192.875,0.45435428619384766,293.3397216796875,292.37353515625,98236.375,40.309593200683594,19.499165811495057,29.630945946710874,1.0,0,EF1,EST-5,13-APR-20 05:32:00
888614,2020-04-13T11:00:00+00:00,34.8826,-79.9797,104.5,11.641854286193848,294.1639404296875,292.80029296875,99372.375,40.789085388183594,20.910997289538077,29.010382809264005,2.0,1,EF2,EST-5,13-APR-20 05:34:00
887660,2020-04-29T22:00:00+00:00,34.564,-82.792,33.3125,,290.979248046875,290.510498046875,98136.25,37.852664947509766,15.914265195139993,18.967384170616306,0.0,0,EF0,EST-5,29-APR-20 17:18:00
867894,2020-01-11T10:00:00+00:00,33.6658,-91.0602,425.25,1.8695886135101318,291.80169677734375,290.17425537109375,99920.625,44.72621536254883,26.559818580693886,25.453693767616215,2.0,1,EF2,CST-6,11-JAN-20 03:48:00
871630,2020-01-11T23:00:00+00:00,31.7633,-85.31,90.0,66.02578735351562,295.552978515625,292.7393798828125,100389.25,46.92557144165039,19.787635386066437,30.455029371314048,1.0,0,EF1,CST-6,11-JAN-20 16:33:00
886292,2020-04-13T02:00:00+00:00,33.9984,-87.0368,824.75,3.2500293254852295,293.930419921875,292.3142395019531,97832.75,50.88197326660156,19.6015507671112,22.44723963161973,1.0,0,EF1,CST-6,12-APR-20 19:51:00
886293,2020-04-13T03:00:00+00:00,34.2253,-86.4253,362.1875,3.484470844268799,293.0477294921875,291.52130126953125,97123.4375,46.50711441040039,18.137864890426613,22.819591025969824,1.0,0,EF1,CST-6,12-APR-20 20:30:00
884158,2020-04-13T10:00:00+00:00,33.4481,-81.4285,169.9375,0.1485978662967682,294.1217041015625,292.0643005371094,99478.1875,49.78810501098633,17.036366406053375,32.46736406060898,1.0,0,EF1,EST-5,13-APR-20 04:45:00
884165,2020-04-13T10:00:00+00:00,33.6175,-80.9394,98.5625,4.398597717285156,294.3892822265625,292.4207458496094,99809.1875,45.30177688598633,18.235101979374292,30.789211121115244,0.0,0,EF0,EST-5,13-APR-20 05:16:00
884329,2020-04-13T11:00:00+00:00,33.4902,-80.6797,225.75,8.313729286193848,294.7205810546875,293.05810546875,100133.375,53.536155700683594,17.845324785716993,35.32389259436462,1.0,0,EF1,EST-5,13-APR-20 05:34:00
887606,2020-04-12T23:00:00+00:00,33.8977,-86.6549,675.625,6.156318664550781,293.129638671875,292.13104248046875,97487.0,51.07452392578125,18.07416253270931,30.829854435805437,1.0,0,EF1,CST-6,12-APR-20 16:47:00
888616,2020-04-13T11:00:00+00:00,34.8221,-80.0284,93.125,3.7356042861938477,294.3963623046875,292.71142578125,99741.375,43.809593200683594,20.22733136405014,27.59786414081327,1.0,0,EF1,EST-5,13-APR-20 05:45:00
888029,2020-04-25T02:00:00+00:00,35.6489,-93.8201,141.125,25.55693817138672,288.281982421875,286.6356201171875,95546.75,27.359649658203125,8.874363152225527,12.215139975618307,1.0,0,EF1,CST-6,24-APR-20 20:09:00
890611,2020-04-22T04:00:00+00:00,34.711,-98.089,1172.6875,4.045616626739502,293.117919921875,290.25018310546875,96698.25,32.066375732421875,13.896618294905181,19.771998789754974,1.0,0,EF1,CST-6,21-APR-20 22:29:00
890612,2020-04-22T05:00:00+00:00,34.668,-97.974,1200.0625,15.531847953796387,291.3525390625,289.51904296875,96849.25,34.93578338623047,13.832874422935422,20.347157422089712,1.0,0,EF1,CST-6,21-APR-20 22:43:00
890616,2020-04-22T21:00:00+00:00,34.672,-97.283,922.75,108.55865478515625,291.05908203125,290.50164794921875,96452.875,24.21187973022461,5.573435721332716,15.836422643223845,1.0,0,EF1,CST-6,22-APR-20 15:17:00
890622,2020-04-22T21:00:00+00:00,34.331,-97.141,1013.75,227.79302978515625,293.14697265625,292.41375732421875,96887.875,22.24117660522461,8.412561482779733,19.732262008867348,0.0,0,EF0,CST-6,22-APR-20 15:23:00
881225,2020-04-29T03:00:00+00:00,34.2965,-94.7318,2159.75,53.156349182128906,292.482421875,291.0087890625,98237.9375,41.60866928100586,15.306818125181595,21.658882680337033,1.0,0,EF1,CST-6,28-APR-20 21:05:00
867835,2020-01-11T09:00:00+00:00,33.2576,-91.9609,1361.0625,0.5704907178878784,292.8003845214844,291.454345703125,99969.5625,46.686614990234375,24.465239034719257,34.73914728691848,1.0,0,EF1,CST-6,11-JAN-20 02:54:00
885251,2020-04-23T14:00:00+00:00,31.063,-86.57,858.5,326.70318603515625,295.757080078125,290.88629150390625,100170.625,45.39401626586914,16.501157532455647,29.145807785290348,0.0,0,EF0,CST-6,23-APR-20 07:42:00
886296,2020-04-13T02:00:00+00:00,34.0736,-86.8747,824.75,3.2500293254852295,293.930419921875,292.3142395019531,97832.75,50.88197326660156,19.6015507671112,22.44723963161973,1.0,0,EF1,CST-6,12-APR-20 20:00:00
886298,2020-04-13T02:00:00+00:00,34.1239,-86.7087,633.375,0.42190444469451904,293.345458984375,291.9158020019531,97287.75,49.28529357910156,18.690578930743843,24.539235395544175,2.0,1,EF2,CST-6,12-APR-20 20:12:00
887613,2020-04-13T01:00:00+00:00,33.8795,-87.5472,1016.375,5.843762397766113,293.775634765625,292.2667236328125,97869.4375,49.35743713378906,18.023788244376135,28.35850100447512,1.0,0,EF1,CST-6,12-APR-20 19:12:00
877511,2020-04-12T15:00:00+00:00,32.1493,-93.7946,231.0,23.906328201293945,293.61279296875,292.5413818359375,99178.1875,43.296531677246094,9.563330251988289,32.58791314010849,2.0,1,EF2,CST-6,12-APR-20 08:41:00
877521,2020-04-12T15:00:00+00:00,32.6975,-93.7439,172.625,36.53133010864258,292.17236328125,291.0589599609375,99246.1875,43.808250427246094,8.991263731669983,28.156763070817842,1.0,0,EF1,CST-6,12-APR-20 08:52:00
877525,2020-04-12T15:00:00+00:00,32.1448,-93.5866,231.0,23.906328201293945,293.61279296875,292.5413818359375,99178.1875,43.296531677246094,9.563330251988289,32.58791314010849,1.0,0,EF1,CST-6,12-APR-20 08:57:00
877527,2020-04-12T15:00:00+00:00,32.1778,-93.5239,330.375,45.14070510864258,293.62255859375,292.5697021484375,99310.1875,45.049461364746094,9.546698382394055,33.48382225353082,1.0,0,EF1,CST-6,12-APR-20 09:02:00
887485,2020-04-12T22:00:00+00:00,33.6319,-87.2022,768.4375,80.796875,294.8046875,292.93719482421875,98174.6875,52.351593017578125,16.741452424744196,29.42431250709887,1.0,0,EF1,CST-6,12-APR-20 16:04:00
888031,2020-04-29T02:00:00+00:00,34.6228,-95.3822,2119.125,3.7812955379486084,294.756591796875,292.791015625,97685.75,43.912357330322266,12.45632826273914,13.970542356761944,1.0,0,EF1,CST-6,28-APR-20 20:02:00
890646,2020-04-22T22:00:00+00:00,34.376,-97.062,1786.625,88.79702758789062,292.17919921875,290.58795166015625,96385.75,27.07535171508789,9.02875610625093,16.93318751706868,1.0,0,EF1,CST-6,22-APR-20 15:36:00
890650,2020-04-22T22:00:00+00:00,34.0491,-96.8194,1945.0,106.96890258789062,293.51611328125,291.88970947265625,97382.75,25.47281265258789,13.437391846533215,18.50636548361202,,0,EFU,CST-6,22-APR-20 15:45:00
890654,2020-04-22T22:00:00+00:00,34.0665,-96.641,1945.0,106.96890258789062,293.51611328125,291.88970947265625,97382.75,25.47281265258789,13.437391846533215,18.50636548361202,0.0,0,EF0,CST-6,22-APR-20 16:10:00
890659,2020-04-22T23:00:00+00:00,34.0665,-96.392,2307.375,72.10941314697266,294.579833984375,293.0372314453125,97620.0625,27.09033203125,13.215083749540788,17.048829718240334,1.0,0,EF1,CST-6,22-APR-20 16:32:00
890710,2020-04-22T23:00:00+00:00,34.068,-96.221,2138.0,71.46878814697266,293.757568359375,292.5880126953125,97846.0625,26.97607421875,14.966239859981528,17.949891202190557,1.0,0,EF1,CST-6,22-APR-20 16:52:00
881231,2020-04-29T03:00:00+00:00,34.1955,-94.5133,1952.0,47.125099182128906,292.169921875,290.7744140625,98274.9375,41.64382553100586,15.881247998240227,21.324504323418033,2.0,1,EF2,CST-6,28-APR-20 21:20:00
886476,2020-04-23T11:00:00+00:00,30.9349,-88.6208,858.0,50.96775436401367,296.00885009765625,294.18487548828125,100010.3125,50.57347106933594,16.789311955550552,31.8290922266533,1.0,0,EF1,CST-6,23-APR-20 05:17:00
886584,2020-04-23T11:00:00+00:00,30.9381,-88.5195,811.125,115.67088317871094,296.12115478515625,293.72979736328125,100038.3125,48.82835388183594,16.848810463693354,31.229670973111624,1.0,0,EF1,CST-6,23-APR-20 05:23:00
885252,2020-04-23T14:00:00+00:00,31.0665,-86.2524,780.875,434.57818603515625,295.301025390625,290.19683837890625,100240.625,44.58542251586914,16.43474030399763,28.795879483140116,0.0,0,EF0,CST-6,23-APR-20 07:53:00
886300,2020-04-13T02:00:00+00:00,34.1329,-86.7377,633.375,0.42190444469451904,293.345458984375,291.9158020019531,97287.75,49.28529357910156,18.690578930743843,24.539235395544175,1.0,0,EF1,CST-6,12-APR-20 20:11:00
886306,2020-04-12T23:00:00+00:00,34.1891,-86.1505,622.875,19.42194366455078,291.820068359375,291.00408935546875,97053.0,48.99346923828125,18.73579621970313,34.950579737083594,2.0,1,EF2,CST-6,12-APR-20 17:22:00
887611,2020-04-12T23:00:00+00:00,34.0757,-86.3202,580.5,17.45319366455078,292.551513671875,291.65740966796875,97403.0,47.50714111328125,19.922375242751272,34.28113589054,2.0,1,EF2,CST-6,12-APR-20 17:11:00
886649,2020-04-20T05:00:00+00:00,30.6079,-87.187,1131.25,88.57815551757812,296.7247314453125,293.718994140625,100013.75,50.148704528808594,17.311902769696754,25.562451733701554,0.0,0,EF0,CST-6,19-APR-20 23:07:00
877541,2020-04-12T15:00:00+00:00,32.4272,-93.3805,297.0625,32.23445510864258,293.00244140625,291.8890380859375,99260.1875,44.408836364746094,9.061671879925253,32.3855816072896,1.0,0,EF1,CST-6,12-APR-20 09:10:00
877563,2020-04-12T16:00:00+00:00,32.1488,-93.1185,167.0625,64.18753814697266,294.0947265625,293.0546875,99300.6875,40.46406936645508,12.39400540665943,29.71421406539478,1.0,0,EF1,CST-6,12-APR-20 09:30:00
887608,2020-04-12T23:00:00+00:00,34.0264,-86.3916,711.375,5.875068664550781,292.744873046875,291.86932373046875,97298.0,49.63214111328125,18.75149801579429,33.244946983797966,1.0,0,EF1,CST-6,12-APR-20 17:04:00
867833,2020-01-11T09:00:00+00:00,33.1768,-92.0576,1361.0625,0.5704907178878784,292.8003845214844,291.454345703125,99969.5625,46.686614990234375,24.465239034719257,34.73914728691848,1.0,0,EF1,CST-6,11-JAN-20 02:45:00
886644,2020-04-20T04:00:00+00:00,30.6684,-88.2154,1359.125,67.98444366455078,296.680908203125,294.58123779296875,100069.4375,50.38818359375,16.518887015014805,23.63099810399878,1.0,0,EF1,CST-6,19-APR-20 22:06:00
886309,2020-04-12T23:00:00+00:00,34.2052,-86.1063,622.875,19.42194366455078,291.820068359375,291.00408935546875,97053.0,48.99346923828125,18.73579621970313,34.950579737083594,1.0,0,EF1,CST-6,12-APR-20 17:25:00
886310,2020-04-13T03:00:00+00:00,34.2744,-85.856,308.9375,22.57822036743164,293.2664794921875,291.83380126953125,97029.4375,46.05691909790039,19.374229909116046,24.528250191949493,0.0,0,EF0,CST-6,12-APR-20 21:22:00
886312,2020-04-13T03:00:00+00:00,34.8349,-85.612,252.25,16.59384536743164,292.2576904296875,290.96466064453125,95912.4375,46.61746597290039,15.47376287163246,31.834676270422115,1.0,0,EF1,CST-6,12-APR-20 20:50:00
877504,2020-04-15T11:00:00+00:00,30.4415,-81.6724,1768.3125,34.05767059326172,296.20916748046875,295.73309326171875,101028.0,45.065799713134766,11.885273407426386,21.031342063084896,0.0,0,EF0,EST-5,15-APR-20 06:17:00
887614,2020-04-13T02:00:00+00:00,33.2831,-87.5015,1350.25,2.5156543254852295,294.911865234375,293.3318176269531,98608.75,57.34584045410156,19.760017154894385,29.816350705498767,1.0,0,EF1,CST-6,12-APR-20 19:33:00
887615,2020-04-13T02:00:00+00:00,34.2201,-86.459,495.4375,4.250029563903809,293.425537109375,292.1072082519531,97073.75,49.71107482910156,17.971209545603546,27.085544608884554,0.0,0,EF0,CST-6,12-APR-20 20:27:00
886585,2020-04-23T11:00:00+00:00,30.9322,-88.5243,811.125,115.67088317871094,296.12115478515625,293.72979736328125,100038.3125,48.82835388183594,16.848810463693354,31.229670973111624,1.0,0,EF1,CST-6,23-APR-20 05:24:00
877565,2020-04-12T16:00:00+00:00,32.5636,-92.9451,142.4375,52.390663146972656,293.2353515625,292.4189453125,99110.6875,42.50606155395508,9.891703881072422,30.526378981935586,1.0,0,EF1,CST-6,12-APR-20 09:39:00
879881,2020-04-12T17:00:00+00:00,32.6215,-92.0977,417.3125,25.43230628967285,293.94091796875,292.5611572265625,99570.375,43.328941345214844,16.281688671338866,30.08264570301239,3.0,1,EF3,CST-6,12-APR-20 10:39:00
879885,2020-04-12T17:00:00+00:00,32.6452,-92.035,566.375,59.947933197021484,294.53369140625,292.7047119140625,99646.375,44.462730407714844,18.763408597288368,31.681584483773065,1.0,0,EF1,CST-6,12-APR-20 10:46:00
887609,2020-04-12T23:00:00+00:00,33.9987,-86.1577,580.5,17.45319366455078,292.551513671875,291.65740966796875,97403.0,47.50714111328125,19.922375242751272,34.28113589054,1.0,0,EF1,CST-6,12-APR-20 17:08:00
879694,2020-04-13T19:00:00+00:00,39.0642,-75.8548,481.1875,77.2656478881836,292.95751953125,290.80035400390625,99783.375,31.03972816467285,17.68542840912235,21.335994020185264,0.0,0,EF0,EST-5,13-APR-20 14:27:00
876625,2020-04-13T14:00:00+00:00,34.6835,-77.5726,82.375,14.062603950500488,293.69757080078125,291.035400390625,100803.4375,51.27263641357422,22.093113381764354,25.780811692724242,1.0,0,EF1,EST-5,13-APR-20 08:36:00
876626,2020-04-13T14:00:00+00:00,34.904,-77.2378,33.5625,44.62510299682617,294.29327392578125,290.774658203125,100838.4375,50.53533172607422,22.550295203925298,26.50304371899842,0.0,0,EF0,EST-5,13-APR-20 09:01:00
880634,2020-04-25T18:00:00+00:00,37.9969,-87.9351,391.5,,287.604248046875,285.79083251953125,99124.3125,21.855453491210938,5.07995390021027,8.491891648872478,0.0,0,EF0,CST-6,25-APR-20 12:25:00
887128,2020-04-08T04:00:00+00:00,40.7953,-81.5559,828.75,64.9687728881836,290.686279296875,285.9142150878906,96495.6875,29.29810905456543,14.805947337531633,21.030313844282055,0.0,0,EF0,EST-5,07-APR-20 23:10:00
884794,2020-04-08T05:00:00+00:00,40.607,-79.715,553.5,11.31252384185791,286.63671875,284.8780822753906,96146.25,28.38959503173828,14.488936649623232,20.78457188066421,0.0,0,EF0,EST-5,08-APR-20 00:17:00
884990,2020-04-08T05:00:00+00:00,40.625,-79.795,553.5,11.31252384185791,286.63671875,284.8780822753906,96146.25,28.38959503173828,14.488936649623232,20.78457188066421,1.0,0,EF1,EST-5,08-APR-20 00:11:00
874339,2020-03-30T22:00:00+00:00,35.47,-101.57,74.71875,13.82817268371582,286.416259765625,278.4547119140625,89694.75,15.506708145141602,0.8016250208522897,15.89277726245685,,0,EFU,CST-6,30-MAR-20 16:22:00
876860,2020-03-30T23:00:00+00:00,36.1738,-101.8499,35.5625,,290.0849609375,270.42657470703125,88674.625,9.397500991821289,0.1712548433334848,7.295288642665511,0.0,0,EF0,CST-6,30-MAR-20 16:50:00
879880,2020-04-12T17:00:00+00:00,32.4706,-92.1699,528.3125,58.869808197021484,295.41943359375,293.2701416015625,99567.375,43.392417907714844,18.11903342806277,29.236409498551104,3.0,1,EF3,CST-6,12-APR-20 10:36:00
888623,2020-04-25T22:00:00+00:00,36.1659,-86.1293,439.875,30.625150680541992,289.801513671875,287.0943603515625,98159.25,24.22881317138672,13.212102065139227,15.849359935333986,1.0,0,EF1,CST-6,25-APR-20 15:45:00
887610,2020-04-12T23:00:00+00:00,34.0721,-86.3249,711.375,5.875068664550781,292.744873046875,291.86932373046875,97298.0,49.63214111328125,18.75149801579429,33.244946983797966,0.0,0,EF0,CST-6,12-APR-20 17:10:00
887616,2020-04-13T03:00:00+00:00,32.0443,-87.6583,1670.0625,3.015720844268799,296.3631591796875,294.68927001953125,99348.4375,56.24637222290039,22.706214291881803,28.251509722460163,1.0,0,EF1,CST-6,12-APR-20 20:41:00
914695,2020-08-16T00:00:00+00:00,40.11,-103.28,1085.5,234.62770080566406,305.3203125,284.6416015625,86736.1875,19.539270401000977,0.19402422952846124,10.10414690393887,0.0,0,EF0,MST-7,15-AUG-20 16:33:00
914697,2020-08-16T00:00:00+00:00,40.05,-103.35,1004.875,,305.5126953125,282.4130859375,85967.1875,19.373254776000977,0.12029290034433593,7.973890539957733,0.0,0,EF0,MST-7,15-AUG-20 16:52:00
873054,2020-01-10T21:00:00+00:00,33.0971,-97.6375,1886.0625,9.062612533569336,291.96746826171875,290.268310546875,96948.5,39.13767623901367,10.225330502956961,19.299212571420846,0.0,0,EF0,CST-6,10-JAN-20 14:46:00
866153,2020-01-11T07:00:00+00:00,37.5175,-89.9968,456.6875,0.6721014380455017,289.2876281738281,288.10821533203125,98245.8125,39.92184829711914,22.61543898162756,35.12038084946524,1.0,0,EF1,CST-6,11-JAN-20 00:52:00
866156,2020-01-11T13:00:00+00:00,37.0565,-87.6518,170.0,,289.4668884277344,288.1351013183594,98659.6875,42.790245056152344,19.68154114533139,34.16648122211949,1.0,0,EF1,CST-6,11-JAN-20 07:19:00
866159,2020-01-11T13:00:00+00:00,37.05,-87.78,170.0,,289.4668884277344,288.1351013183594,98659.6875,42.790245056152344,19.68154114533139,34.16648122211949,0.0,0,EF0,CST-6,11-JAN-20 07:12:00
886645,2020-04-20T04:00:00+00:00,30.7092,-88.3781,1336.625,43.71882247924805,296.717041015625,294.81658935546875,100031.4375,50.40576171875,17.581335390018143,23.999227188232812,1.0,0,EF1,CST-6,19-APR-20 21:55:00
886646,2020-04-20T05:00:00+00:00,30.5903,-87.5818,1121.0,18.234407424926758,296.2012939453125,294.262939453125,99993.75,50.051048278808594,17.395751114977298,25.01181102592975,1.0,0,EF1,CST-6,19-APR-20 22:46:00
873061,2020-01-11T00:00:00+00:00,33.4254,-95.6532,256.625,1.609403371810913,291.94696044921875,290.2776184082031,98674.4375,39.22161865234375,15.485439248190993,27.526176798035817,0.0,0,EF0,CST-6,10-JAN-20 18:22:00
873066,2020-01-11T00:00:00+00:00,32.4886,-97.4673,406.1875,176.60940551757812,292.92645263671875,290.3293762207031,97613.4375,33.98431396484375,10.090626753452101,16.386335297735037,1.0,0,EF1,CST-6,10-JAN-20 17:41:00
865220,2020-01-04T15:00:00+00:00,28.7399,-81.9234,506.0625,4.375047206878662,297.20458984375,294.2365417480469,101348.8125,50.03282928466797,16.344181436070276,15.67925165849132,0.0,0,EF0,EST-5,04-JAN-20 10:29:00
866154,2020-01-11T08:00:00+00:00,37.35,-89.6118,266.625,3.0940139293670654,289.7913513183594,288.6106872558594,98572.4375,40.17842483520508,22.50941552809024,33.72006519274603,2.0,1,EF2,CST-6,11-JAN-20 01:46:00
866161,2020-01-11T13:00:00+00:00,37.05,-87.7,170.0,,289.4668884277344,288.1351013183594,98659.6875,42.790245056152344,19.68154114533139,34.16648122211949,1.0,0,EF1,CST-6,11-JAN-20 07:16:00
866222,2020-01-11T13:00:00+00:00,36.9862,-87.8431,91.9375,,289.0635681152344,287.6604919433594,98852.6875,42.178916931152344,16.54026621692832,29.434978885059838,1.0,0,EF1,CST-6,11-JAN-20 07:05:00
911132,2020-08-14T02:00:00+00:00,47.42,-96.27,3137.75,120.75012969970703,294.404296875,293.28082275390625,97207.0625,40.728240966796875,5.894780416649217,13.762957506085376,0.0,0,EF0,CST-6,13-AUG-20 19:44:00
872580,2020-01-10T20:00:00+00:00,37.6057,-93.6194,130.25,33.158504486083984,287.3447265625,286.446044921875,97476.0,29.692047119140625,14.264133254080113,21.286554898271277,1.0,0,EF1,CST-6,10-JAN-20 14:27:00
872581,2020-01-10T20:00:00+00:00,37.611,-93.6147,130.25,33.158504486083984,287.3447265625,286.446044921875,97476.0,29.692047119140625,14.264133254080113,21.286554898271277,1.0,0,EF1,CST-6,10-JAN-20 14:28:00
871143,2020-01-12T01:00:00+00:00,34.583,-82.87,107.0,,292.99725341796875,290.9580078125,98878.5,43.976539611816406,19.116765407233316,33.264935532540484,0.0,0,EF0,EST-5,11-JAN-20 20:06:00
873070,2020-01-11T00:00:00+00:00,33.3727,-95.7016,256.625,1.609403371810913,291.94696044921875,290.2776184082031,98674.4375,39.22161865234375,15.485439248190993,27.526176798035817,0.0,0,EF0,CST-6,10-JAN-20 18:15:00
873085,2020-01-11T01:00:00+00:00,32.9067,-96.9645,525.0625,146.79702758789062,291.90997314453125,289.6378479003906,98393.9375,35.4985466003418,10.705245964513663,14.722896771652639,0.0,0,EF0,CST-6,10-JAN-20 18:42:00
865221,2020-01-04T16:00:00+00:00,29.0023,-81.3514,526.75,16.20317268371582,298.451171875,294.4761962890625,101315.375,50.60886764526367,16.817035935802465,15.799528900333154,1.0,0,EF1,EST-5,04-JAN-20 11:26:00
866223,2020-01-11T13:00:00+00:00,37.02,-87.72,170.0,,289.4668884277344,288.1351013183594,98659.6875,42.790245056152344,19.68154114533139,34.16648122211949,1.0,0,EF1,CST-6,11-JAN-20 07:14:00
896554,2020-07-03T00:00:00+00:00,42.45,-103.25,1990.5,398.8439636230469,300.892333984375,286.42529296875,86951.5,25.638227462768555,0.3389340464136546,11.379485786626475,2.0,1,EF2,MST-7,02-JUL-20 16:30:00
882072,2020-03-24T22:00:00+00:00,34.6383,-88.2825,623.875,11.937500953674316,295.991455078125,290.29486083984375,98703.1875,37.39899444580078,9.580845033703437,18.83058767665114,1.0,0,EF1,CST-6,24-MAR-20 16:27:00
872585,2020-01-10T21:00:00+00:00,38.0057,-93.1863,87.8125,30.156362533569336,287.29559326171875,286.675537109375,97513.5,31.28611183166504,13.53544264086389,22.328210201560754,1.0,0,EF1,CST-6,10-JAN-20 15:20:00
882806,2020-03-28T22:00:00+00:00,35.8094,-90.6852,323.75,10.322432518005371,296.5732421875,292.38653564453125,99696.125,45.28178787231445,11.465810339736793,24.42156696612266,3.0,1,EF3,CST-6,28-MAR-20 15:58:00
874011,2020-01-28T21:00:00+00:00,31.7094,-97.1457,0.0,,293.041259765625,279.2528076171875,98725.0,14.137007713317871,4.734562462756954,5.078937535076927,0.0,0,EF0,CST-6,28-JAN-20 15:15:00
880013,2020-04-19T19:00:00+00:00,31.6611,-92.4865,814.125,75.44322967529297,293.49560546875,293.3420715332031,100063.4375,46.44278335571289,2.281752190256352,16.174085203332606,1.0,0,EF1,CST-6,19-APR-20 13:17:00
872588,2020-01-11T00:00:00+00:00,37.2091,-93.2016,118.4375,7.734403610229492,286.55828857421875,286.1877746582031,96077.4375,34.76556396484375,12.883574251533442,26.11835504864138,0.0,0,EF0,CST-6,10-JAN-20 17:42:00
885081,2020-04-13T02:00:00+00:00,31.7065,-88.3161,1489.25,8.484404563903809,296.436279296875,294.5896301269531,99479.75,57.18861389160156,21.77896441631296,30.869370367535666,1.0,0,EF1,CST-6,12-APR-20 20:03:00
872331,2020-01-11T12:00:00+00:00,30.5922,-91.7641,1151.75,0.9105915427207947,294.74676513671875,294.0201416015625,100560.0,49.67195510864258,22.274333705991612,33.112749455707835,2.0,1,EF2,CST-6,11-JAN-20 06:04:00
877343,2020-04-13T11:00:00+00:00,31.67,-82.03,195.0,52.32935333251953,297.2508544921875,293.14208984375,100523.375,53.502952575683594,21.385778970728946,27.550902572280908,1.0,0,EF1,EST-5,13-APR-20 06:25:00
877368,2020-04-13T14:00:00+00:00,30.31,-83.01,844.4375,8.765728950500488,295.54034423828125,295.164306640625,101104.4375,46.39080047607422,10.62027489939541,21.382642072764146,0.0,0,EF0,EST-5,13-APR-20 09:09:00
866146,2020-01-11T12:00:00+00:00,36.8522,-88.3787,151.0625,150.8480987548828,288.47039794921875,287.1890869140625,99070.0,41.95906448364258,13.257828611948819,32.5663793824031,1.0,0,EF1,CST-6,11-JAN-20 05:42:00
914696,2020-08-16T00:00:00+00:00,40.1,-103.4,886.75,284.471435546875,306.03515625,282.55078125,86633.1875,18.762903213500977,0.04980596116777162,10.096273151171472,0.0,0,EF0,MST-7,15-AUG-20 16:47:00
871199,2020-01-13T18:00:00+00:00,34.0423,-78.8659,615.84375,0.28914010524749756,295.1335754394531,293.4290771484375,102645.8125,41.17919158935547,9.96621564711781,9.923513955295709,0.0,0,EF0,EST-5,13-JAN-20 12:45:00
866145,2020-01-11T11:00:00+00:00,36.6198,-88.7049,248.3125,,288.902587890625,287.399658203125,98883.0,39.51240158081055,19.023004260152756,37.342492457845225,1.0,0,EF1,CST-6,11-JAN-20 05:17:00
866155,2020-01-11T08:00:00+00:00,37.446,-89.4021,328.0625,3.0002639293670654,289.8899841308594,288.5393981933594,98750.4375,40.39912796020508,22.952005683767815,35.213059506127074,1.0,0,EF1,CST-6,11-JAN-20 02:02:00
866147,2020-01-11T13:00:00+00:00,36.72,-88.07,52.8125,,288.9590759277344,287.4690856933594,98816.6875,42.413291931152344,19.317302993608653,29.335096958041138,1.0,0,EF1,CST-6,11-JAN-20 06:50:00
885085,2020-04-13T03:00:00+00:00,32.069,-87.6234,1670.0625,3.015720844268799,296.3631591796875,294.68927001953125,99348.4375,56.24637222290039,22.706214291881803,28.251509722460163,1.0,0,EF1,CST-6,12-APR-20 20:44:00
885083,2020-04-13T02:00:00+00:00,31.798,-88.134,1489.25,8.484404563903809,296.436279296875,294.5896301269531,99479.75,57.18861389160156,21.77896441631296,30.869370367535666,1.0,0,EF1,CST-6,12-APR-20 20:16:00
885253,2020-04-23T20:00:00+00:00,30.4442,-86.6463,1426.625,68.04058074951172,293.0859375,291.3545227050781,100590.9375,46.09148406982422,16.505865911681557,10.956484074233407,1.0,0,EF1,CST-6,23-APR-20 13:51:00
886586,2020-04-23T12:00:00+00:00,30.9642,-88.3089,846.625,112.43756103515625,296.4046630859375,293.7364501953125,100147.125,48.616905212402344,17.30368384046656,29.046111934648586,1.0,0,EF1,CST-6,23-APR-20 05:37:00
866149,2020-01-11T13:00:00+00:00,36.8321,-87.932,52.8125,,288.9590759277344,287.4690856933594,98816.6875,42.413291931152344,19.317302993608653,29.335096958041138,0.0,0,EF0,CST-6,11-JAN-20 07:00:00
886640,2020-04-20T04:00:00+00:00,31.3479,-86.3955,102.0,87.90631866455078,293.993408203125,292.96795654296875,99396.4375,42.82080078125,17.21823412918046,27.34411829852105,2.0,1,EF2,CST-6,19-APR-20 21:49:00
886641,2020-04-20T04:00:00+00:00,30.5771,-88.3973,1646.875,72.87506866455078,297.156494140625,294.70819091796875,100315.4375,51.97412109375,16.52013121288826,21.492211365419735,1.0,0,EF1,CST-6,19-APR-20 22:05:00
866150,2020-01-11T14:00:00+00:00,36.6912,-87.5107,27.625,,290.55718994140625,288.4028625488281,98621.375,42.37165832519531,22.853867522763885,30.687105832915403,1.0,0,EF1,CST-6,11-JAN-20 07:34:00
866151,2020-01-11T14:00:00+00:00,36.8143,-87.4434,27.625,,290.55718994140625,288.4028625488281,98621.375,42.37165832519531,22.853867522763885,30.687105832915403,1.0,0,EF1,CST-6,11-JAN-20 07:40:00
889274,2020-04-13T03:00:00+00:00,34.9407,-85.2582,137.875,150.10946655273438,292.2996826171875,290.76055908203125,96824.4375,48.15945816040039,16.65225972795006,34.590531063166964,1.0,0,EF1,EST-5,12-APR-20 22:15:00
889282,2020-04-13T05:00:00+00:00,34.1239,-85.3675,390.25,5.597240447998047,293.2114562988281,291.8941345214844,97125.25,45.34939956665039,17.40013612718407,34.9502947386579,0.0,0,EF0,EST-5,12-APR-20 23:31:00
893066,2020-04-13T07:00:00+00:00,33.6288,-84.5263,704.625,70.65274047851562,293.93304443359375,292.13348388671875,96925.3125,42.70423126220703,19.096909119889183,34.71319767570798,0.0,0,EF0,EST-5,13-APR-20 01:36:00
887879,2020-05-05T23:00:00+00:00,34.558,-80.873,254.125,78.32978057861328,296.852294921875,291.8397216796875,99250.125,38.90410614013672,10.736812895284706,19.729646118276747,2.0,1,EF2,EST-5,05-MAY-20 17:58:00
891696,2020-05-26T00:00:00+00:00,36.1423,-94.5724,267.75,23.296876907348633,294.22265625,293.302490234375,96687.125,39.57896423339844,7.5273792686475565,18.299563123257954,1.0,0,EF1,CST-6,25-MAY-20 18:11:00
891655,2020-05-23T03:00:00+00:00,34.7153,-94.8881,3124.875,315.56256103515625,295.772216796875,294.57135009765625,97613.5625,38.34043502807617,10.502756684882444,9.947202277295542,1.0,0,EF1,CST-6,22-MAY-20 21:15:00
891319,2020-05-23T19:00:00+00:00,40.7742,-89.0324,754.5,30.88545036315918,297.03564453125,292.225830078125,98503.125,32.39753341674805,4.898994981798389,15.867857230011673,0.0,0,EF0,CST-6,23-MAY-20 12:54:00
877262,2020-04-13T04:00:00+00:00,35.1613,-84.864,222.9375,48.89946365356445,292.12939453125,290.65289306640625,96817.8125,45.69500732421875,16.861623846641596,35.11902132876006,2.0,1,EF2,EST-5,12-APR-20 22:45:00
877263,2020-04-13T04:00:00+00:00,35.1663,-84.8242,222.9375,48.89946365356445,292.12939453125,290.65289306640625,96817.8125,45.69500732421875,16.861623846641596,35.11902132876006,1.0,0,EF1,EST-5,12-APR-20 22:50:00
889284,2020-04-13T05:00:00+00:00,34.1924,-85.1735,327.875,10.347240447998047,293.4116516113281,292.0220642089844,97244.25,44.16678237915039,18.89316762171984,37.17083089016234,0.0,0,EF0,EST-5,12-APR-20 23:42:00
893086,2020-04-13T07:00:00+00:00,33.456,-83.6449,175.875,51.87149429321289,295.44476318359375,292.40203857421875,98103.3125,37.06360626220703,22.96273108882655,34.8085113827761,0.0,0,EF0,EST-5,13-APR-20 01:49:00
898112,2020-05-18T19:00:00+00:00,38.4,-121.04,753.875,22.73439598083496,288.762451171875,285.46044921875,98031.5,16.585140228271484,2.4100332593840084,10.494087674663092,0.0,0,EF0,PST-8,18-MAY-20 11:21:00
877264,2020-04-13T04:00:00+00:00,35.2046,-84.7751,174.625,,292.20458984375,290.58062744140625,96348.8125,44.48211669921875,18.15867133050664,38.073225125926754,1.0,0,EF1,EST-5,12-APR-20 22:55:00
885194,2020-04-12T11:00:00+00:00,30.4715,-98.295,613.75,25.937637329101562,292.9792175292969,292.5642395019531,96151.0,42.7759895324707,6.852040249010876,18.598113978972037,1.0,0,EF1,CST-6,12-APR-20 04:33:00
889288,2020-04-13T05:00:00+00:00,34.1492,-84.8285,249.9375,19.659740447998047,293.4917297363281,291.9507751464844,97269.25,43.06033706665039,19.115197903300956,38.23344390288942,1.0,0,EF1,EST-5,13-APR-20 00:06:00
889291,2020-04-13T06:00:00+00:00,34.3524,-84.6028,318.5,120.63139343261719,292.81494140625,291.53485107421875,96613.0,42.459754943847656,18.167839117861945,34.31397832277621,1.0,0,EF1,EST-5,13-APR-20 00:32:00
893088,2020-04-13T07:00:00+00:00,34.4846,-83.5535,390.625,59.85586929321289,292.75531005859375,291.11785888671875,96620.3125,39.54114532470703,16.65774077879602,35.70250834540968,1.0,0,EF1,EST-5,13-APR-20 01:56:00
895771,2020-05-22T23:00:00+00:00,34.098,-98.744,2391.25,88.2187728881836,301.19189453125,295.28704833984375,96823.9375,39.93367004394531,6.989820350037918,14.717290740281738,1.0,0,EF1,CST-6,22-MAY-20 17:11:00
895772,2020-05-22T23:00:00+00:00,34.094,-98.697,2391.25,88.2187728881836,301.19189453125,295.28704833984375,96823.9375,39.93367004394531,6.989820350037918,14.717290740281738,1.0,0,EF1,CST-6,22-MAY-20 17:26:00
884279,2020-05-24T23:00:00+00:00,40.3411,-97.8549,808.375,89.32880401611328,293.8798828125,290.9972229003906,94817.1875,33.66023635864258,2.2665643915166513,8.780839312978651,0.0,0,EF0,CST-6,24-MAY-20 17:26:00
889312,2020-04-13T06:00:00+00:00,32.7279,-84.7924,224.3125,50.58451843261719,295.89697265625,293.94500732421875,98098.0,40.311317443847656,22.801456764201138,32.769925367876795,0.0,0,EF0,EST-5,13-APR-20 00:53:00
889323,2020-04-13T06:00:00+00:00,32.7516,-84.5144,39.0625,61.99076843261719,296.50732421875,293.62860107421875,98256.0,37.494911193847656,22.343290021621534,31.22186201253033,0.0,0,EF0,EST-5,13-APR-20 01:08:00
893091,2020-04-13T07:00:00+00:00,32.873,-83.7718,97.0,,296.77581787109375,292.85516357421875,98722.3125,40.35364532470703,22.605117065102746,30.630049222778563,1.0,0,EF1,EST-5,13-APR-20 02:00:00
890148,2020-05-21T01:00:00+00:00,40.4387,-104.5924,0.25,,300.4912109375,270.345947265625,83897.0625,8.620138168334961,0.08903689878957974,8.457133297113424,0.0,0,EF0,MST-7,20-MAY-20 17:46:00
890163,2020-05-21T01:00:00+00:00,40.4307,-104.5813,0.25,,300.4912109375,270.345947265625,83897.0625,8.620138168334961,0.08903689878957974,8.457133297113424,0.0,0,EF0,MST-7,20-MAY-20 17:56:00
895954,2020-05-21T01:00:00+00:00,40.3933,-104.4839,66.125,,302.9248046875,265.909423828125,84107.0625,7.687520980834961,0.5865220164580723,8.065268159337796,0.0,0,EF0,MST-7,20-MAY-20 18:26:00
891177,2020-05-21T19:00:00+00:00,26.6774,-80.6739,3222.75,208.91806030273438,302.236328125,296.4232177734375,101555.875,42.27744674682617,2.285523005640815,4.180361677858518,0.0,0,EF0,EST-5,21-MAY-20 13:45:00
895776,2020-05-23T00:00:00+00:00,33.511,-98.197,3294.875,5.296930313110352,305.5908203125,294.4449462890625,96853.625,31.793094635009766,7.374447670716607,14.525596931776814,,0,EFU,CST-6,22-MAY-20 18:23:00
895777,2020-05-23T00:00:00+00:00,34.058,-98.365,2988.25,102.51567840576172,301.4677734375,294.7877197265625,97214.625,40.489383697509766,10.190625674485844,17.045554298094906,1.0,0,EF1,CST-6,22-MAY-20 18:27:00
895778,2020-05-22T23:00:00+00:00,34.102,-98.765,2391.25,88.2187728881836,301.19189453125,295.28704833984375,96823.9375,39.93367004394531,6.989820350037918,14.717290740281738,0.0,0,EF0,CST-6,22-MAY-20 17:07:00
899094,2020-05-21T21:00:00+00:00,37.593,-101.805,1015.5,45.50005340576172,302.46875,284.7972106933594,89199.125,22.685462951660156,0.2370537094184811,4.3447836849237635,0.0,0,EF0,CST-6,21-MAY-20 14:41:00
889325,2020-04-13T06:00:00+00:00,32.8496,-84.3335,83.3125,60.13139343261719,295.76904296875,293.35321044921875,97698.0,36.461708068847656,22.29739445281986,34.00800677514772,3.0,1,EF3,EST-5,13-APR-20 01:19:00
893095,2020-04-13T07:00:00+00:00,33.3098,-83.4961,19.375,,296.76214599609375,292.29266357421875,98732.3125,37.10169219970703,22.745113151787987,31.110783505926918,1.0,0,EF1,EST-5,13-APR-20 02:18:00
890145,2020-05-21T01:00:00+00:00,40.4512,-104.6037,0.25,,300.4912109375,270.345947265625,83897.0625,8.620138168334961,0.08903689878957974,8.457133297113424,0.0,0,EF0,MST-7,20-MAY-20 17:45:00
888979,2020-05-23T23:00:00+00:00,32.995,-101.4639,765.125,,301.19970703125,293.058837890625,91413.875,23.373184204101562,3.6015102845344704,8.700368941764212,,0,EFU,CST-6,23-MAY-20 17:14:00
887479,2020-04-12T21:00:00+00:00,33.3697,-88.1937,1204.75,14.093791007995605,294.17333984375,293.0198974609375,99033.4375,50.641353607177734,18.013468348287354,31.38806048725818,0.0,0,EF0,CST-6,12-APR-20 15:01:00
889327,2020-04-13T07:00:00+00:00,32.9896,-84.1225,378.875,58.60586929321289,295.43792724609375,293.32196044921875,98021.3125,42.30384063720703,22.21184678266888,30.344744863160717,0.0,0,EF0,EST-5,13-APR-20 01:33:00
891062,2020-05-25T23:00:00+00:00,35.5982,-95.0206,371.75,5.401841640472412,294.05810546875,293.51611328125,98029.625,47.158119201660156,5.054607179145027,14.366698955980386,0.0,0,EF0,CST-6,25-MAY-20 16:37:00
891699,2020-05-26T01:00:00+00:00,36.2937,-94.6122,210.5,11.390819549560547,293.610107421875,292.739990234375,97189.3125,43.00346755981445,5.537305741521699,17.311545008059042,0.0,0,EF0,CST-6,25-MAY-20 18:34:00
896672,2020-05-22T20:00:00+00:00,35.136,-81.401,229.625,233.17196655273438,296.92626953125,291.05889892578125,98816.6875,41.28956604003906,5.6487678778533175,14.906303798437058,1.0,0,EF1,EST-5,22-MAY-20 14:36:00
896675,2020-05-22T20:00:00+00:00,35.164,-81.286,140.625,263.7657165527344,297.49169921875,291.55206298828125,99108.6875,41.14698791503906,5.133975834820262,14.336958598683928,0.0,0,EF0,EST-5,22-MAY-20 14:44:00
897783,2020-05-25T23:00:00+00:00,34.9623,-94.3966,853.375,16.68309211730957,295.54833984375,294.67919921875,97741.625,45.497962951660156,8.7703128948174,18.005972176284814,,0,EFU,CST-6,25-MAY-20 16:58:00
880671,2020-03-28T19:00:00+00:00,41.1507,-94.6368,206.8125,82.95318603515625,292.541015625,281.04339599609375,94900.25,16.220848083496094,8.205596574442852,18.227024444655555,0.0,0,EF0,CST-6,28-MAR-20 12:59:00
880672,2020-03-28T19:00:00+00:00,41.1579,-94.6316,206.8125,82.95318603515625,292.541015625,281.04339599609375,94900.25,16.220848083496094,8.205596574442852,18.227024444655555,1.0,0,EF1,CST-6,28-MAR-20 13:00:00
880684,2020-03-28T21:00:00+00:00,41.8819,-93.206,768.8125,48.95331573486328,291.921630859375,288.9549255371094,95769.0625,20.736278533935547,16.909433887028765,27.273190722081367,0.0,0,EF0,CST-6,28-MAR-20 15:26:00
887607,2020-04-12T23:00:00+00:00,33.9384,-86.5677,711.375,5.875068664550781,292.744873046875,291.86932373046875,97298.0,49.63214111328125,18.75149801579429,33.244946983797966,2.0,1,EF2,CST-6,12-APR-20 16:50:00
893078,2020-04-13T07:00:00+00:00,33.0298,-84.033,207.625,,296.11761474609375,293.15008544921875,98419.3125,42.18079376220703,22.62155042717462,31.324275934005218,3.0,1,EF3,EST-5,13-APR-20 01:40:00
895162,2020-05-23T02:00:00+00:00,33.5522,-97.8672,3188.125,56.953155517578125,298.089111328125,295.0072326660156,97163.0625,46.152809143066406,4.190906565361006,18.14949416947287,1.0,0,EF1,CST-6,22-MAY-20 20:10:00
891701,2020-05-26T01:00:00+00:00,36.3379,-94.6321,210.5,11.390819549560547,293.610107421875,292.739990234375,97189.3125,43.00346755981445,5.537305741521699,17.311545008059042,1.0,0,EF1,CST-6,25-MAY-20 18:45:00
891703,2020-05-26T01:00:00+00:00,36.51,-94.6476,176.375,18.250194549560547,293.909912109375,293.026123046875,97413.3125,42.22417068481445,3.3531801137872,17.822281483452628,0.0,0,EF0,CST-6,25-MAY-20 19:13:00
886672,2020-04-23T00:00:00+00:00,33.8089,-95.7308,2714.875,62.10953140258789,294.0537109375,293.23236083984375,98194.8125,28.57978057861328,15.242801845010227,16.68632779597495,1.0,0,EF1,CST-6,22-APR-20 17:35:00
886675,2020-04-23T00:00:00+00:00,33.8169,-95.4799,2557.5,69.46890258789062,293.37890625,292.62884521484375,98374.8125,28.84540557861328,16.137836281487473,17.018903291282662,2.0,1,EF2,CST-6,22-APR-20 17:51:00
880685,2020-03-28T23:00:00+00:00,42.3136,-92.4686,201.875,60.64442443847656,291.401123046875,287.08087158203125,95921.3125,16.07244300842285,12.851304144887157,17.461340426298197,,0,EFU,CST-6,28-MAR-20 16:39:00
880686,2020-03-28T23:00:00+00:00,42.4201,-92.3874,549.25,24.925674438476562,289.197998046875,286.74688720703125,95819.3125,19.12420082092285,14.012945061947029,19.576336207629605,0.0,0,EF0,CST-6,28-MAR-20 16:49:00
876060,2020-04-09T01:00:00+00:00,39.6133,-86.3771,519.875,32.265743255615234,293.365234375,286.3001403808594,97332.0,33.31809997558594,10.95220493729149,14.50946870013136,1.0,0,EF1,EST-5,08-APR-20 19:43:00
888840,2020-04-12T09:00:00+00:00,31.2145,-99.5846,1262.5625,437.6719055175781,294.8356628417969,291.94342041015625,93375.5,26.978757858276367,10.144534481399866,16.213624254933965,1.0,0,EF1,CST-6,12-APR-20 03:05:00
888860,2020-04-12T06:00:00+00:00,30.5048,-101.3172,3270.375,171.87501525878906,294.8214111328125,290.572265625,92428.5625,30.056777954101562,7.966799924625347,8.374573662171446,1.0,0,EF1,CST-6,12-APR-20 00:03:00
886100,2020-04-13T07:00:00+00:00,34.617,-83.084,509.75,31.23086929321289,291.73870849609375,290.32781982421875,95789.3125,38.64368438720703,15.3545019782197,34.055952766305595,3.0,1,EF3,EST-5,13-APR-20 02:21:00
888670,2020-04-13T04:00:00+00:00,35.095,-85.0089,222.9375,48.89946365356445,292.12939453125,290.65289306640625,96817.8125,45.69500732421875,16.861623846641596,35.11902132876006,0.0,0,EF0,EST-5,12-APR-20 22:31:00
893102,2020-04-13T08:00:00+00:00,33.4443,-83.228,364.125,216.8001708984375,294.4896545410156,290.91790771484375,98437.8125,43.20205307006836,22.547415583640813,30.53058936881117,1.0,0,EF1,EST-5,13-APR-20 02:38:00
890143,2020-05-21T01:00:00+00:00,40.5185,-104.6582,0.25,,300.4912109375,270.345947265625,83897.0625,8.620138168334961,0.08903689878957974,8.457133297113424,0.0,0,EF0,MST-7,20-MAY-20 17:41:00
887327,2020-05-25T23:00:00+00:00,41.66,-93.706,474.0,10.40184211730957,296.97021484375,293.50341796875,97644.625,43.940345764160156,5.18021021035078,10.969738785450106,1.0,0,EF1,CST-6,25-MAY-20 17:26:00
887331,2020-05-26T19:00:00+00:00,41.8964,-94.0606,812.125,86.12515258789062,299.00830078125,293.294921875,97195.1875,40.88029861450195,5.267466669094628,17.813648308694063,,0,EFU,CST-6,26-MAY-20 13:04:00
887332,2020-05-26T19:00:00+00:00,42.0236,-93.9867,812.125,86.12515258789062,299.00830078125,293.294921875,97195.1875,40.88029861450195,5.267466669094628,17.813648308694063,,0,EFU,CST-6,26-MAY-20 13:22:00
887085,2020-04-13T08:00:00+00:00,34.992,-82.295,712.9375,16.378297805786133,292.3949279785156,291.11322021484375,97031.8125,39.96279525756836,16.364777960259367,35.28415268716211,0.0,0,EF0,EST-5,13-APR-20 03:01:00
888675,2020-04-13T04:00:00+00:00,35.2132,-84.7013,174.625,,292.20458984375,290.58062744140625,96348.8125,44.48211669921875,18.15867133050664,38.073225125926754,0.0,0,EF0,EST-5,12-APR-20 22:59:00
887612,2020-04-12T23:00:00+00:00,34.0419,-86.0704,369.5,46.15631866455078,292.400146484375,291.48358154296875,97563.0,45.25616455078125,20.574970410398407,35.13553905496455,2.0,1,EF2,CST-6,12-APR-20 17:14:00
893105,2020-04-13T08:00:00+00:00,32.8329,-82.9698,466.75,99.2689208984375,297.0697326660156,291.11419677734375,99491.8125,45.35146713256836,20.678248427050427,27.54940483546753,0.0,0,EF0,EST-5,13-APR-20 03:01:00
893107,2020-04-13T08:00:00+00:00,33.1199,-82.8228,312.9375,151.9251708984375,295.9349670410156,290.69036865234375,98920.8125,44.62392807006836,21.557906171661415,30.015916444661496,0.0,0,EF0,EST-5,13-APR-20 03:05:00
892552,2020-05-16T19:00:00+00:00,32.4071,-96.0645,167.5,3.555065155029297,294.233642578125,292.98974609375,98755.8125,51.49815368652344,5.923798071882156,4.5637854688671275,0.0,0,EF0,CST-6,16-MAY-20 12:47:00
896687,2020-05-16T19:00:00+00:00,32.407,-96.076,166.5,,293.908447265625,292.37939453125,98911.8125,51.62315368652344,4.732329980671946,5.5858438964291235,0.0,0,EF0,CST-6,16-MAY-20 12:48:00
895769,2020-05-04T23:00:00+00:00,35.034,-97.198,1727.375,,307.0849609375,292.2596130371094,96651.6875,33.104400634765625,2.860504890671563,20.199286813917226,1.0,0,EF1,CST-6,04-MAY-20 16:50:00
890610,2020-04-22T04:00:00+00:00,34.711,-98.091,1172.6875,4.045616626739502,293.117919921875,290.25018310546875,96698.25,32.066375732421875,13.896618294905181,19.771998789754974,,0,EFU,CST-6,21-APR-20 22:28:00
890644,2020-04-22T21:00:00+00:00,34.3385,-97.126,1013.75,227.79302978515625,293.14697265625,292.41375732421875,96887.875,22.24117660522461,8.412561482779733,19.732262008867348,2.0,1,EF2,CST-6,22-APR-20 15:24:00
890652,2020-04-22T22:00:00+00:00,34.0705,-96.813,1945.0,106.96890258789062,293.51611328125,291.88970947265625,97382.75,25.47281265258789,13.437391846533215,18.50636548361202,2.0,1,EF2,CST-6,22-APR-20 15:53:00
893108,2020-04-13T08:00:00+00:00,33.1992,-82.7831,263.5,172.1439208984375,296.3587951660156,290.57025146484375,99022.8125,42.42470932006836,20.71020270364938,29.38575698449934,0.0,0,EF0,EST-5,13-APR-20 03:12:00
893111,2020-04-13T08:00:00+00:00,32.8613,-82.6972,324.75,169.7376708984375,296.9681701660156,290.79388427734375,99358.8125,43.16689682006836,20.016288280864664,28.316818825195092,1.0,0,EF1,EST-5,13-APR-20 03:18:00
892551,2020-05-16T18:00:00+00:00,32.1659,-96.0283,229.0,36.56254196166992,293.9736328125,292.88671875,99022.1875,50.735164642333984,7.660082837159858,4.02726816330917,0.0,0,EF0,CST-6,16-MAY-20 11:36:00
890657,2020-04-22T22:00:00+00:00,34.39,-96.504,1681.0,68.67202758789062,291.28857421875,290.22271728515625,97132.75,26.74429702758789,12.769214924992655,18.94987700449266,1.0,0,EF1,CST-6,22-APR-20 16:26:00
890718,2020-04-22T23:00:00+00:00,34.42,-96.3,1794.375,53.51565933227539,292.624755859375,291.1749267578125,97521.0625,28.59423828125,13.662130381464499,18.099894277758736,0.0,0,EF0,CST-6,22-APR-20 16:59:00
893112,2020-04-13T08:00:00+00:00,32.9154,-82.5109,363.0625,155.6595458984375,296.9779357910156,291.27337646484375,99461.8125,41.54873275756836,19.463393406386693,28.161989870237342,0.0,0,EF0,EST-5,13-APR-20 03:29:00
890929,2020-05-15T15:00:00+00:00,35.6112,-95.3503,2112.375,404.9890441894531,293.440185546875,289.6796875,98970.5625,46.19097900390625,6.710339598017249,15.222072411235738,1.0,0,EF1,CST-6,15-MAY-20 08:38:00
897789,2020-05-23T02:00:00+00:00,34.9193,-94.5491,2917.5,764.5938110351562,295.166259765625,292.9496154785156,97955.0625,35.925270080566406,8.538451331444342,12.742314372178493,,0,EFU,CST-6,22-MAY-20 19:55:00
894410,2020-05-27T20:00:00+00:00,30.2095,-96.084,2439.5,107.43209075927734,303.6630859375,290.845458984375,100163.625,37.33575439453125,4.825520756517744,14.231525829393158,1.0,0,EF1,CST-6,27-MAY-20 14:21:00
894411,2020-05-27T20:00:00+00:00,30.2073,-96.0562,2598.75,145.60397338867188,303.5205078125,290.741943359375,100227.625,36.24005126953125,4.303052128778584,13.646470169238796,1.0,0,EF1,CST-6,27-MAY-20 14:23:00
880687,2020-03-28T23:00:00+00:00,42.4725,-92.3138,755.3125,23.066299438476562,289.075927734375,287.05645751953125,95859.3125,20.79412269592285,15.009250803318032,20.332162948402114,,0,EFU,CST-6,28-MAR-20 16:55:00
894116,2020-05-21T20:00:00+00:00,38.66,-101.6,934.875,452.2344055175781,297.15087890625,287.54925537109375,88576.6875,22.933837890625,0.289134446947685,4.957627047240306,,0,EFU,MST-7,21-MAY-20 12:33:00
888624,2020-04-25T22:00:00+00:00,36.1764,-86.0922,439.875,30.625150680541992,289.801513671875,287.0943603515625,98159.25,24.22881317138672,13.212102065139227,15.849359935333986,0.0,0,EF0,CST-6,25-APR-20 15:49:00
887038,2020-04-25T00:00:00+00:00,33.7199,-96.2085,1119.5,,298.565185546875,290.756103515625,98406.4375,24.71774673461914,11.109411532316399,18.222182825778454,2.0,1,EF2,CST-6,24-APR-20 17:40:00
887041,2020-04-25T00:00:00+00:00,33.7,-95.93,1119.625,177.5137176513672,297.043701171875,294.220947265625,98604.4375,27.40134048461914,9.575174858437805,19.33071275382676,,0,EFU,CST-6,24-APR-20 18:08:00
887043,2020-04-25T00:00:00+00:00,33.69,-95.88,1119.625,177.5137176513672,297.043701171875,294.220947265625,98604.4375,27.40134048461914,9.575174858437805,19.33071275382676,,0,EFU,CST-6,24-APR-20 18:13:00
881026,2020-04-18T03:00:00+00:00,26.5576,-80.0616,1125.875,93.578125,299.08837890625,296.35784912109375,101926.4375,48.695648193359375,5.392444577726387,7.726045348984667,0.0,0,EF0,EST-5,17-APR-20 21:53:00
875754,2020-04-12T10:00:00+00:00,30.3007,-98.8248,772.4375,13.20314884185791,291.63714599609375,290.5446472167969,93724.5,39.87840270996094,1.9667189926085986,17.254873903762626,1.0,0,EF1,CST-6,12-APR-20 03:40:00
889019,2020-04-09T03:00:00+00:00,37.9206,-85.4216,774.25,284.59393310546875,293.2021484375,287.902587890625,98055.9375,33.74803924560547,13.853247384096893,18.169365152695956,1.0,0,EF1,EST-5,08-APR-20 22:20:00
897582,2020-05-20T02:00:00+00:00,38.17,-103.49,331.5,,299.849609375,284.1884765625,86329.25,20.770751953125,0.372401443183298,15.576119838937597,,0,EFU,MST-7,19-MAY-20 19:15:00
897944,2020-05-27T22:00:00+00:00,29.7054,-95.1868,183.0,82.64727783203125,294.91162109375,292.2529296875,101096.4375,42.54029083251953,4.639165296070387,13.370891907995643,0.0,0,EF0,CST-6,27-MAY-20 15:50:00
887102,2020-04-08T03:00:00+00:00,41.2387,-82.0136,325.1875,67.17192840576172,290.509765625,286.71234130859375,97042.1875,28.298126220703125,13.53668183743074,19.162526686666524,1.0,0,EF1,EST-5,07-APR-20 22:25:00
887126,2020-04-08T04:00:00+00:00,41.0334,-81.6023,860.4375,40.046897888183594,290.323974609375,285.8028869628906,96518.6875,29.83228874206543,14.784567135734624,20.43757403525191,1.0,0,EF1,EST-5,07-APR-20 22:52:00
889030,2020-04-22T23:00:00+00:00,30.8409,-95.1824,2538.0,78.37503814697266,298.363037109375,296.1436767578125,99393.0625,49.47412109375,12.259010447542527,19.08726857700617,3.0,1,EF3,CST-6,22-APR-20 16:35:00
886501,2020-04-12T11:00:00+00:00,31.6552,-96.4298,368.375,107.73451232910156,294.2760925292969,293.6023254394531,98251.0,46.3912239074707,7.908394082417152,20.26934586453711,0.0,0,EF0,CST-6,12-APR-20 05:05:00
890142,2020-05-21T01:00:00+00:00,40.4204,-104.5982,0.25,,300.4912109375,270.345947265625,83897.0625,8.620138168334961,0.08903689878957974,8.457133297113424,0.0,0,EF0,MST-7,20-MAY-20 17:38:00
875763,2020-04-12T10:00:00+00:00,30.4397,-98.3605,1067.8125,8.26564884185791,292.87054443359375,291.8376159667969,95623.5,47.65672302246094,2.173023332696431,23.779445855176785,1.0,0,EF1,CST-6,12-APR-20 04:23:00
889236,2020-04-13T00:00:00+00:00,34.499,-85.3689,195.3125,42.06254577636719,291.450439453125,290.7156982421875,96746.0,44.57312774658203,19.248043919778812,36.1871211625379,1.0,0,EF1,EST-5,12-APR-20 19:15:00
880023,2020-04-09T05:00:00+00:00,39.0794,-82.3565,192.0625,33.4307975769043,287.011474609375,285.1284484863281,97373.8125,31.55939483642578,14.76845305709261,22.308082187416982,1.0,0,EF1,EST-5,08-APR-20 23:33:00
880428,2020-03-03T05:00:00+00:00,36.0811,-88.5287,2069.875,2.7230610847473145,288.75830078125,287.0535888671875,98854.9375,30.532344818115234,17.819344588002043,20.09733016555117,2.0,1,EF2,CST-6,02-MAR-20 22:41:00
880546,2020-03-03T05:00:00+00:00,36.0928,-88.1189,1768.875,1.519935965538025,288.48486328125,286.8416748046875,98792.9375,30.768672943115234,18.103632325400348,22.041094325783963,2.0,1,EF2,CST-6,02-MAR-20 23:05:00
882820,2020-03-28T22:00:00+00:00,36.05,-90.3808,146.9375,11.541182518005371,296.818359375,292.29864501953125,99660.125,44.77592849731445,11.848941936032663,21.76529775690189,1.0,0,EF1,CST-6,28-MAR-20 16:25:00
889242,2020-04-13T00:00:00+00:00,34.5889,-85.2571,115.375,54.45317077636719,291.761962890625,290.9598388671875,97207.0,42.10437774658203,19.987007203745257,35.954265081977944,2.0,1,EF2,EST-5,12-APR-20 19:15:00
889259,2020-04-13T02:00:00+00:00,34.8098,-84.8377,218.6875,41.812530517578125,292.797607421875,291.2986145019531,97061.75,44.93275451660156,20.017496975574968,31.332346263256216,2.0,1,EF2,EST-5,12-APR-20 20:45:00
887116,2020-04-08T03:00:00+00:00,41.2097,-81.9738,325.1875,67.17192840576172,290.509765625,286.71234130859375,97042.1875,28.298126220703125,13.53668183743074,19.162526686666524,0.0,0,EF0,EST-5,07-APR-20 22:28:00
883645,2020-05-27T00:00:00+00:00,44.7455,-93.1139,581.875,4.7254319190979,295.49755859375,291.69775390625,97641.6875,43.39806365966797,2.340199079702229,18.568597708341038,0.0,0,EF0,CST-6,26-MAY-20 18:15:00
883647,2020-05-27T00:00:00+00:00,43.6501,-93.0624,715.125,29.975431442260742,297.33544921875,291.06201171875,96411.6875,43.53185272216797,8.416801125373468,14.906119609461612,0.0,0,EF0,CST-6,26-MAY-20 18:25:00
876337,2020-04-13T03:00:00+00:00,34.986,-85.1907,137.875,150.10946655273438,292.2996826171875,290.76055908203125,96824.4375,48.15945816040039,16.65225972795006,34.590531063166964,3.0,1,EF3,EST-5,12-APR-20 22:19:00
889264,2020-04-13T03:00:00+00:00,34.8372,-85.5789,252.25,16.59384536743164,292.2576904296875,290.96466064453125,95912.4375,46.61746597290039,15.47376287163246,31.834676270422115,1.0,0,EF1,EST-5,12-APR-20 21:54:00
889866,2020-04-13T18:00:00+00:00,39.6087,-77.085,822.3125,10.578367233276367,293.164794921875,290.89935302734375,97142.125,29.72100257873535,16.065168666109404,18.313441384059107,1.0,0,EF1,EST-5,13-APR-20 12:47:00
891187,2020-05-17T21:00:00+00:00,39.7295,-88.9909,331.875,8.00917911529541,294.157958984375,292.567626953125,98283.375,42.49669647216797,5.651239418979058,15.427452686160589,0.0,0,EF0,CST-6,17-MAY-20 15:06:00
887820,2020-04-26T01:00:00+00:00,34.892,-82.392,113.75,,291.567138671875,287.142333984375,96689.9375,24.955350875854492,9.841350297846859,25.272966305737135,2.0,1,EF2,EST-5,25-APR-20 20:10:00
879130,2020-02-12T23:00:00+00:00,35.0583,-87.2934,164.125,,291.26385498046875,286.8416748046875,97859.6875,37.49790954589844,18.15672366042955,25.064478602471308,0.0,0,EF0,CST-6,12-FEB-20 17:27:00
890233,2020-06-19T23:00:00+00:00,35.19,-101.1599,2860.4375,50.85957336425781,301.95166015625,289.653076171875,89941.375,34.188350677490234,0.06211314226157628,12.352138289234652,0.0,0,EF0,CST-6,19-JUN-20 16:42:00
870288,2020-02-07T04:00:00+00:00,27.8645,-82.7898,287.875,,294.2861328125,292.7462158203125,100478.125,53.07093811035156,10.70885633559192,22.217625685720645,0.0,0,EF0,EST-5,06-FEB-20 22:38:00
913734,2020-08-04T12:00:00+00:00,38.4013,-75.1758,92.125,1.1876156330108643,298.712890625,296.20947265625,100481.8125,61.577362060546875,19.85545852799835,28.285195538318323,0.0,0,EF0,EST-5,04-AUG-20 06:55:00
887462,2020-05-28T01:00:00+00:00,38.519,-89.3876,361.125,103.01581573486328,296.310302734375,292.3548583984375,99408.5625,35.01723098754883,7.565748298962553,5.720178462162816,,0,EFU,CST-6,27-MAY-20 18:34:00
877911,2020-02-07T15:00:00+00:00,39.65,-75.82,70.859375,,286.09844970703125,282.4549560546875,97270.6875,21.887155532836914,13.437762837387384,21.086453005374196,1.0,0,EF1,EST-5,07-FEB-20 09:39:00
878856,2020-02-06T00:00:00+00:00,35.0718,-87.4657,220.25,3.267179012298584,289.9837951660156,288.3309631347656,97665.9375,39.39943313598633,9.151105688617093,23.924161732116847,1.0,0,EF1,CST-6,05-FEB-20 17:55:00
887466,2020-05-28T23:00:00+00:00,39.3127,-89.6706,594.5,27.484392166137695,296.673583984375,291.062744140625,98861.25,33.67212677001953,4.290182255160205,6.8629747890493675,,0,EFU,CST-6,28-MAY-20 16:50:00
878870,2020-02-06T01:00:00+00:00,35.5495,-86.5358,156.9375,3.6306467056274414,289.13824462890625,287.4794616699219,97264.0625,38.94232177734375,9.82969588693434,18.335696956031445,0.0,0,EF0,CST-6,05-FEB-20 18:47:00
878873,2020-02-06T01:00:00+00:00,35.7451,-85.9171,185.0625,1.9743965864181519,288.88043212890625,287.1493835449219,96505.0625,39.41888427734375,13.559095227016705,15.792159280356092,0.0,0,EF0,CST-6,05-FEB-20 19:23:00
867958,2020-02-06T20:00:00+00:00,33.6423,-81.8037,1495.8125,5.120902061462402,293.1903381347656,291.2684326171875,98113.1875,50.78739547729492,17.50704727177085,22.50361185201492,1.0,0,EF1,EST-5,06-FEB-20 14:52:00
874596,2020-02-06T15:00:00+00:00,34.926,-82.03,328.3125,6.03125524520874,291.458251953125,289.8743591308594,97269.0625,44.039268493652344,16.083851097915655,36.34638514973725,1.0,0,EF1,EST-5,06-FEB-20 10:21:00
878601,2020-02-11T00:00:00+00:00,31.4082,-88.7851,395.09375,10.030077934265137,292.806640625,291.5804443359375,100834.6875,45.377891540527344,18.569099475501638,14.674191078403085,1.0,0,EF1,CST-6,10-FEB-20 18:08:00
879102,2020-02-06T02:00:00+00:00,35.9009,-85.5413,85.1875,0.5279550552368164,287.915283203125,286.2130126953125,95658.8125,37.12938690185547,10.443475754554216,18.108948671777945,1.0,0,EF1,CST-6,05-FEB-20 19:55:00
879103,2020-02-06T02:00:00+00:00,35.9527,-85.4209,85.1875,0.5279550552368164,287.915283203125,286.2130126953125,95658.8125,37.12938690185547,10.443475754554216,18.108948671777945,1.0,0,EF1,CST-6,05-FEB-20 20:02:00
870414,2020-02-12T23:00:00+00:00,34.9674,-87.5054,265.375,,291.13006591796875,287.3895263671875,97891.6875,39.65806579589844,18.403875826906262,24.37977331562866,1.0,0,EF1,CST-6,12-FEB-20 17:13:00
893002,2020-05-05T03:00:00+00:00,35.1439,-86.11,382.8125,250.90139770507812,293.89208984375,292.6754150390625,97519.25,38.52230453491211,5.161577121248477,13.50125352382108,0.0,0,EF0,CST-6,04-MAY-20 20:50:00
870415,2020-02-05T23:00:00+00:00,34.6617,-88.1282,528.625,0.0938098132610321,290.7274475097656,289.23187255859375,98253.0625,40.76630783081055,12.504717634154586,22.187501459182062,1.0,0,EF1,CST-6,05-FEB-20 17:18:00
874764,2020-02-06T21:00:00+00:00,36.4298,-76.82,226.09375,24.31702995300293,291.754150390625,290.6310729980469,99574.1875,45.181610107421875,18.17828745387424,26.813125856846316,0.0,0,EF0,EST-5,06-FEB-20 15:32:00
911676,2020-07-12T05:00:00+00:00,35.266,-97.369,2655.875,,298.968994140625,295.00537109375,97190.4375,47.58533477783203,9.591642236557442,11.831340918104969,0.0,0,EF0,CST-6,11-JUL-20 23:04:00
905149,2020-07-07T22:00:00+00:00,47.1774,-108.5215,1476.5,63.75794219970703,297.773681640625,288.49212646484375,90069.875,35.528385162353516,1.128572313456385,12.024146476771914,0.0,0,EF0,MST-7,07-JUL-20 15:10:00
905193,2020-07-07T22:00:00+00:00,46.9771,-108.378,1198.5,106.92981719970703,299.163330078125,287.34173583984375,89123.875,32.501041412353516,0.6835412031133098,11.969377867301274,0.0,0,EF0,MST-7,07-JUL-20 14:58:00
885621,2020-06-09T23:00:00+00:00,44.8795,-95.1011,156.0,35.82819747924805,296.673828125,291.2491760253906,96175.6875,37.21273422241211,0.961722546919818,4.657022413695536,0.0,0,EF0,CST-6,09-JUN-20 16:35:00
885537,2020-04-13T12:00:00+00:00,33.3471,-79.4494,676.5,31.1563720703125,294.8541259765625,292.88641357421875,100821.25,53.50470733642578,21.16472667868105,31.7861664972258,1.0,0,EF1,EST-5,13-APR-20 07:15:00
895611,2020-07-16T22:00:00+00:00,27.45,-82.69,2005.375,100.2969741821289,303.404052734375,296.966796875,101659.9375,46.777408599853516,6.425900401161098,5.260715714656979,0.0,0,EF0,EST-5,16-JUL-20 17:05:00
885529,2020-04-13T13:00:00+00:00,34.4017,-78.0595,253.25,43.98442459106445,295.2735595703125,292.02996826171875,100885.875,50.95402908325195,21.97517497789119,26.613063992150852,1.0,0,EF1,EST-5,13-APR-20 08:09:00
885531,2020-04-13T14:00:00+00:00,33.9145,-78.1659,136.0,25.125102996826172,294.37237548828125,292.364501953125,100970.4375,53.46111297607422,20.16373175948431,26.47247391674978,0.0,0,EF0,EST-5,13-APR-20 08:32:00
878237,2020-02-06T08:00:00+00:00,32.4617,-87.8012,792.3125,3.1250240802764893,292.4013671875,291.5603942871094,99393.0625,46.40211868286133,16.546490222315526,27.517957136227533,1.0,0,EF1,CST-6,06-FEB-20 02:13:00
891060,2020-06-23T02:00:00+00:00,34.946,-102.3314,3018.25,671.53173828125,297.494384765625,288.177978515625,87889.0,45.183448791503906,0.8157300236127943,13.930549870887607,0.0,0,EF0,CST-6,22-JUN-20 19:30:00
905294,2020-06-09T05:00:00+00:00,44.1714,-97.5624,813.375,43.55026626586914,293.770751953125,292.1875915527344,94551.4375,40.823707580566406,1.286937692215318,20.462669766909027,,0,EFU,CST-6,08-JUN-20 22:34:00
898465,2020-07-05T00:00:00+00:00,48.42,-95.83,708.75,27.92658042907715,300.933837890625,292.533203125,97362.3125,38.20750427246094,7.083874709550917,8.528207673108978,0.0,0,EF0,CST-6,04-JUL-20 17:30:00
913886,2020-07-02T01:00:00+00:00,37.3238,-100.9475,775.125,281.62506103515625,305.894775390625,290.485595703125,91091.875,30.1771240234375,1.403150965198669,6.451449354300191,1.0,0,EF1,CST-6,01-JUL-20 18:33:00
902123,2020-07-22T20:00:00+00:00,33.55,-101.2,966.125,101.70327758789062,303.9169921875,292.82568359375,92153.6875,40.63702392578125,0.46237394972360235,2.4931062792365157,,0,EFU,CST-6,22-JUL-20 13:42:00
912249,2020-07-29T19:00:00+00:00,39.37,-94.5819,1627.25,30.317554473876953,299.424560546875,295.549072265625,97853.8125,54.7740478515625,4.730704354336728,6.3716947075706,0.0,0,EF0,CST-6,29-JUL-20 12:45:00
912669,2020-07-16T20:00:00+00:00,42.57,-79.05,711.125,18.922138214111328,297.078369140625,295.770751953125,97156.5625,46.81208038330078,6.7312005512126385,14.469752344533925,0.0,0,EF0,EST-5,16-JUL-20 15:15:00
912670,2020-07-16T21:00:00+00:00,42.3259,-79.4684,1612.375,19.235517501831055,298.3642578125,296.455078125,96928.625,47.50790023803711,9.231130852491228,15.621196406282012,1.0,0,EF1,EST-5,16-JUL-20 15:50:00
908262,2020-07-05T00:00:00+00:00,41.6103,-89.6091,78.75,,304.282470703125,291.763671875,99028.3125,33.39305114746094,1.4697551423151307,1.4825961916288188,,0,EFU,CST-6,04-JUL-20 18:02:00
898194,2020-07-17T20:00:00+00:00,48.29,-99.25,4276.875,339.2187805175781,302.0419921875,296.57763671875,95486.3125,40.054344177246094,8.252452528207948,14.49349756617674,0.0,0,EF0,CST-6,17-JUL-20 13:59:00
911917,2020-07-14T20:00:00+00:00,30.3477,-89.4075,2979.25,79.71876525878906,306.18701171875,300.010009765625,101262.875,53.665645599365234,2.579470302003627,4.614111446609059,0.0,0,EF0,CST-6,14-JUL-20 14:24:00
899444,2020-07-09T00:00:00+00:00,46.2639,-93.9951,4476.25,123.78514099121094,303.902099609375,295.0693359375,96287.0625,48.12548828125,8.521831415538017,20.836241905692916,0.0,0,EF0,CST-6,08-JUL-20 18:15:00
901822,2020-07-09T00:00:00+00:00,40.85,-101.8157,2602.75,95.41014099121094,307.868896484375,285.955078125,89222.0625,36.99951171875,0.24953569538161202,10.98726669843338,,0,EFU,MST-7,08-JUL-20 16:50:00
898303,2020-07-09T00:00:00+00:00,46.24,-95.52,4111.125,182.51951599121094,303.916748046875,294.2001953125,95684.0625,43.32470703125,8.993473523188117,15.09535822260723,0.0,0,EF0,CST-6,08-JUL-20 17:32:00
901824,2020-07-09T00:00:00+00:00,40.8279,-102.03,1930.25,166.67576599121094,308.071044921875,284.1318359375,88646.0625,29.73583984375,0.253622920029842,8.523050796799048,,0,EFU,MST-7,08-JUL-20 16:55:00
901826,2020-07-09T00:00:00+00:00,40.85,-101.7583,2602.75,95.41014099121094,307.868896484375,285.955078125,89222.0625,36.99951171875,0.24953569538161202,10.98726669843338,,0,EFU,MST-7,08-JUL-20 17:01:00
901829,2020-07-09T01:00:00+00:00,42.0524,-100.58,1521.0,521.9774169921875,297.1728515625,293.1737060546875,90378.0625,32.260765075683594,0.11742039322584881,4.5634144372919,,0,EFU,CST-6,08-JUL-20 18:55:00
899875,2020-07-09T00:00:00+00:00,40.89,-102.07,2200.375,221.51951599121094,307.234130859375,284.8212890625,88742.0625,31.63525390625,0.5093855133390777,11.501091302841717,0.0,0,EF0,MST-7,08-JUL-20 16:49:00
899879,2020-07-09T00:00:00+00:00,40.83,-102.14,1242.0,,307.675537109375,282.73046875,88173.0625,25.36376953125,0.14123728307206496,9.33794505116785,0.0,0,EF0,MST-7,08-JUL-20 17:10:00
899660,2020-07-16T05:00:00+00:00,38.0116,-87.7395,1465.75,121.59382629394531,301.03271484375,292.98486328125,99938.3125,55.155433654785156,12.992903907756117,10.454406840209812,1.0,0,EF1,CST-6,15-JUL-20 22:40:00
899662,2020-07-16T05:00:00+00:00,38.0224,-87.698,1465.75,121.59382629394531,301.03271484375,292.98486328125,99938.3125,55.155433654785156,12.992903907756117,10.454406840209812,1.0,0,EF1,CST-6,15-JUL-20 22:44:00
871629,2020-01-11T17:00:00+00:00,33.2379,-88.1545,370.5625,56.250022888183594,293.7606201171875,292.35394287109375,100188.4375,45.56798553466797,24.52364809432218,32.576876377951734,2.0,1,EF2,CST-6,11-JAN-20 11:11:00
908818,2020-07-19T06:00:00+00:00,44.55,-91.2933,4000.375,229.42416381835938,297.373779296875,296.37646484375,97053.375,52.64488220214844,8.6201550368914,7.047444795920532,1.0,0,EF1,CST-6,18-JUL-20 23:50:00
899876,2020-07-09T00:00:00+00:00,40.8218,-102.1507,1242.0,,307.675537109375,282.73046875,88173.0625,25.36376953125,0.14123728307206496,9.33794505116785,0.0,0,EF0,MST-7,08-JUL-20 16:59:00
899877,2020-07-09T00:00:00+00:00,40.8513,-102.132,1478.0,413.30078125,306.581787109375,284.14453125,88245.0625,25.35693359375,0.12619415178085458,12.272088469906112,0.0,0,EF0,MST-7,08-JUL-20 17:04:00
899878,2020-07-09T00:00:00+00:00,40.8655,-102.2277,1478.0,413.30078125,306.581787109375,284.14453125,88245.0625,25.35693359375,0.12619415178085458,12.272088469906112,0.0,0,EF0,MST-7,08-JUL-20 17:04:00
899880,2020-07-09T00:00:00+00:00,40.8515,-102.132,1478.0,413.30078125,306.581787109375,284.14453125,88245.0625,25.35693359375,0.12619415178085458,12.272088469906112,0.0,0,EF0,MST-7,08-JUL-20 17:19:00
898005,2020-07-02T19:00:00+00:00,39.91,-103.25,74.375,,306.6533203125,284.213623046875,85975.1875,15.112993240356445,0.09773641273131813,3.7461007773292905,0.0,0,EF0,MST-7,02-JUL-20 11:46:00
897994,2020-07-02T20:00:00+00:00,39.79,-103.11,1.25,,307.8583984375,281.298828125,85297.5625,11.789706230163574,0.2854863819799999,3.274725846658368,0.0,0,EF0,MST-7,02-JUL-20 12:46:00
902755,2020-08-09T22:00:00+00:00,27.45,-82.69,1048.125,95.07170867919922,301.767822265625,297.372802734375,101956.6875,52.05458068847656,0.6780208571489633,2.7242935037414986,0.0,0,EF0,EST-5,09-AUG-20 17:15:00
896553,2020-07-02T23:00:00+00:00,42.44,-103.24,662.625,180.15060424804688,303.09912109375,285.1201171875,86941.9375,24.773300170898438,0.6949217489851077,8.33107688122789,2.0,1,EF2,MST-7,02-JUL-20 16:28:00
911974,2020-07-23T21:00:00+00:00,44.97,-103.5732,164.625,,309.352783203125,284.300537109375,89948.9375,27.78289222717285,0.24568038347564755,4.9327739726981275,0.0,0,EF0,MST-7,23-JUL-20 13:57:00
898006,2020-07-02T19:00:00+00:00,39.68,-103.34,0.0,,306.65625,280.050537109375,85000.1875,12.236040115356445,0.12978440781501688,3.3555643823307575,0.0,0,EF0,MST-7,02-JUL-20 12:29:00
897995,2020-07-02T20:00:00+00:00,39.62,-103.01,47.625,,308.041015625,283.2265625,86021.5625,13.716464042663574,0.1713588409658904,3.3788656214159327,0.0,0,EF0,MST-7,02-JUL-20 13:19:00
897997,2020-07-02T20:00:00+00:00,40.22,-103.41,14.5,,308.578125,280.7275390625,86355.5625,14.801424980163574,0.319203987349623,3.133156165818373,0.0,0,EF0,MST-7,02-JUL-20 13:24:00
902799,2020-07-20T00:00:00+00:00,40.69,-102.43,1870.375,222.78561401367188,304.258544921875,289.30419921875,88297.5,38.90643310546875,0.11799220469791648,9.112246985198016,0.0,0,EF0,MST-7,19-JUL-20 17:29:00
899582,2020-07-14T23:00:00+00:00,26.71,-80.15,2977.75,176.2869415283203,301.0,296.21484375,101688.75,51.8924560546875,3.160926880063159,5.125399073942192,0.0,0,EF0,EST-5,14-JUL-20 17:45:00
894931,2020-07-15T01:00:00+00:00,36.298,-101.5286,1257.0,,306.990234375,292.602294921875,89938.1875,40.57597351074219,1.2387008088805938,8.246791409455922,,0,EFU,CST-6,14-JUL-20 19:02:00
912594,2020-07-29T23:00:00+00:00,43.0,-77.82,885.25,70.2656478881836,296.146728515625,292.396728515625,98229.5,31.950942993164062,10.689300167338738,14.448693075988578,0.0,0,EF0,EST-5,29-JUL-20 17:53:00
938477,2020-11-30T20:00:00+00:00,39.644,-76.063,314.65625,13.468663215637207,290.669921875,289.32012939453125,98150.3125,31.54833984375,18.588188336284688,24.70901337278979,1.0,0,EF1,EST-5,30-NOV-20 14:37:00
907347,2020-07-18T07:00:00+00:00,46.6036,-91.6702,2378.625,96.1411361694336,296.1875,292.928955078125,98007.0,52.60759353637695,12.254002075264147,10.490364323342806,1.0,0,EF1,CST-6,18-JUL-20 00:48:00
909161,2020-07-26T10:00:00+00:00,29.2917,-98.0723,443.75,0.9699410200119019,297.82080078125,295.91748046875,99584.0,60.18023681640625,13.960614325169583,12.869179744047251,0.0,0,EF0,CST-6,26-JUL-20 04:10:00
900103,2020-07-24T18:00:00+00:00,35.222,-113.8609,169.25,94.4218978881836,302.99365234375,285.57080078125,88323.5,25.605224609375,0.058073895145247446,2.7306677981389,0.0,0,EF0,MST-7,24-JUL-20 10:55:00
907348,2020-07-18T08:00:00+00:00,46.4429,-90.9128,3266.375,139.97238159179688,296.138427734375,293.18896484375,97277.125,51.10475158691406,14.677502602793393,14.143233818837134,1.0,0,EF1,CST-6,18-JUL-20 01:51:00
907675,2020-07-09T04:00:00+00:00,41.33,-97.7,1015.125,198.21353149414062,298.959228515625,290.4274597167969,95208.4375,49.64857482910156,3.6040841343436183,16.062980538729008,0.0,0,EF0,CST-6,08-JUL-20 22:29:00
906474,2020-07-08T05:00:00+00:00,47.2208,-100.9934,423.625,124.73136138916016,293.694580078125,291.159912109375,93924.125,42.01958465576172,9.835203458677784,13.950922310915185,1.0,0,EF1,CST-6,07-JUL-20 22:30:00
912402,2020-07-06T23:00:00+00:00,44.872,-104.908,381.0,111.07818603515625,300.79248046875,285.72882080078125,88119.4375,25.117380142211914,0.1757245080906786,8.927628881585271,,0,EFU,MST-7,06-JUL-20 16:26:00
912382,2020-07-07T01:00:00+00:00,44.294,-104.096,340.625,,298.7587890625,281.640380859375,83348.875,20.478099822998047,0.16182458374060865,8.70334634694609,2.0,1,EF2,MST-7,06-JUL-20 17:38:00
890154,2020-06-19T23:00:00+00:00,35.1989,-101.1641,2860.4375,50.85957336425781,301.95166015625,289.653076171875,89941.375,34.188350677490234,0.06211314226157628,12.352138289234652,0.0,0,EF0,CST-6,19-JUN-20 16:40:00
918673,2020-08-28T12:00:00+00:00,34.39,-89.52,885.25,0.737710177898407,297.55419921875,296.09375,99527.8125,54.45235824584961,17.239214349304163,19.27202170838726,0.0,0,EF0,CST-6,28-AUG-20 05:33:00
899433,2020-07-07T21:00:00+00:00,38.47,-87.22,646.875,164.0937957763672,306.21240234375,291.97650146484375,99595.6875,43.042781829833984,0.17234764210161704,1.9812464221858994,0.0,0,EF0,EST-5,07-JUL-20 15:51:00
909595,2020-08-04T18:00:00+00:00,41.0975,-73.3777,157.125,0.17967766523361206,296.646484375,295.047607421875,99102.5625,58.0510139465332,24.87335447630743,35.85605280807669,0.0,0,EF0,EST-5,04-AUG-20 12:40:00
898442,2020-07-08T09:00:00+00:00,46.3,-96.33,1118.25,88.37966918945312,295.470703125,292.78302001953125,97192.4375,47.55436325073242,13.769892010637047,16.69959804603923,1.0,0,EF1,CST-6,08-JUL-20 03:20:00
898451,2020-07-08T09:00:00+00:00,46.295,-96.28,1168.375,105.06716918945312,295.8447265625,292.74395751953125,96875.4375,46.11491012573242,11.947725795301977,13.348011277797285,1.0,0,EF1,CST-6,08-JUL-20 03:24:00
903589,2020-07-08T21:00:00+00:00,41.8236,-89.6574,1474.25,104.84375,306.123779296875,293.33880615234375,98746.8125,41.83821105957031,0.6913479820260747,3.55885625059012,,0,EFU,CST-6,08-JUL-20 15:04:00
912381,2020-07-07T01:00:00+00:00,44.289,-104.055,952.25,284.21881103515625,296.6669921875,283.635498046875,82243.875,21.753490447998047,0.7284117185407483,11.023022281023664,2.0,1,EF2,MST-7,06-JUL-20 17:44:00
914260,2020-07-15T21:00:00+00:00,39.6426,-89.9681,1251.5,10.82821273803711,298.2294921875,296.9326171875,98897.125,54.873626708984375,10.287449379941492,15.268768404390503,0.0,0,EF0,CST-6,15-JUL-20 15:28:00
912403,2020-07-10T22:00:00+00:00,44.379,-104.03,145.375,,299.6767578125,281.35699462890625,86389.25,21.090667724609375,0.27604765589854824,11.805892819482622,1.0,0,EF1,MST-7,10-JUL-20 14:35:00
912432,2020-07-11T01:00:00+00:00,43.223,-102.06,2044.125,,303.992919921875,288.70538330078125,90111.875,34.0981330871582,1.1481541196609608,14.195007302902756,0.0,0,EF0,MST-7,10-JUL-20 17:42:00
898455,2020-07-08T10:00:00+00:00,46.41,-95.96,850.75,90.39630889892578,295.2646484375,293.61163330078125,96200.5,51.220314025878906,4.612460910448105,24.088621868645884,1.0,0,EF1,CST-6,08-JUL-20 03:38:00
929269,2020-11-27T21:00:00+00:00,31.1716,-90.5012,718.9375,1.221205711364746,293.548583984375,292.560791015625,100301.125,46.67145919799805,7.001031796700255,13.631250997998114,1.0,0,EF1,CST-6,27-NOV-20 14:57:00
914257,2020-07-15T19:00:00+00:00,40.4312,-89.6766,475.0,123.7345199584961,298.436767578125,293.765625,99185.1875,53.510528564453125,5.5647499943657515,13.381552869766939,,0,EFU,CST-6,15-JUL-20 12:37:00
914261,2020-07-15T22:00:00+00:00,39.6557,-89.9609,2066.5,10.015636444091797,296.6083984375,295.72998046875,98676.625,59.6767578125,13.967311662658343,15.442473661319157,0.0,0,EF0,CST-6,15-JUL-20 15:30:00
914262,2020-07-15T22:00:00+00:00,39.5239,-89.6576,1422.125,43.9062614440918,298.90234375,296.04150390625,98682.625,56.009765625,13.648455817128156,17.201538058580706,0.0,0,EF0,CST-6,15-JUL-20 16:25:00
912748,2020-07-25T18:00:00+00:00,28.16,-97.35,684.375,162.46438598632812,300.6455078125,296.4990234375,100237.0,64.68826293945312,18.212274815890865,21.34596438221948,,0,EFU,CST-6,25-JUL-20 11:48:00
912749,2020-07-26T04:00:00+00:00,28.057,-97.895,1057.75,0.12281934916973114,298.543212890625,297.249267578125,99976.8125,64.856689453125,18.37965826729098,24.45720534249355,0.0,0,EF0,CST-6,25-JUL-20 21:30:00
898458,2020-07-08T10:00:00+00:00,46.29,-95.49,1233.5,107.64630889892578,295.646484375,293.19268798828125,95876.5,49.722267150878906,10.14567688926283,20.5996871993904,2.0,1,EF2,CST-6,08-JUL-20 04:10:00
898307,2020-07-08T22:00:00+00:00,46.11,-95.9,5175.625,218.87525939941406,303.18603515625,293.8883056640625,96139.5625,42.93728256225586,4.637881022402805,16.049609736692712,4.0,1,EF4,CST-6,08-JUL-20 16:15:00
894891,2020-07-12T01:00:00+00:00,35.1591,-101.893,220.375,,310.17236328125,284.98974609375,89035.8125,24.038063049316406,0.47091655393774856,6.517072766055525,0.0,0,EF0,CST-6,11-JUL-20 18:59:00
914258,2020-07-15T19:00:00+00:00,40.5094,-89.65,475.0,123.7345199584961,298.436767578125,293.765625,99185.1875,53.510528564453125,5.5647499943657515,13.381552869766939,,0,EFU,CST-6,15-JUL-20 12:45:00
914259,2020-07-15T21:00:00+00:00,40.7306,-88.8566,195.375,,298.8642578125,292.986328125,98659.125,52.251556396484375,5.3011135184831755,15.532856050075925,,0,EFU,CST-6,15-JUL-20 15:04:00
912753,2020-07-26T03:00:00+00:00,28.11,-97.914,761.875,0.13410842418670654,298.08642578125,296.651611328125,99995.5625,61.01237869262695,15.573380564555086,18.799288160425103,0.0,0,EF0,CST-6,25-JUL-20 21:11:00
898200,2020-07-17T21:00:00+00:00,48.27,-99.26,5531.625,399.92193603515625,299.760009765625,295.575439453125,95381.375,40.286685943603516,8.510363580415667,14.7173797913016,1.0,0,EF1,CST-6,17-JUL-20 14:47:00
914562,2020-07-21T21:00:00+00:00,39.5972,-89.813,3424.625,14.28128433227539,299.3955078125,295.615478515625,99226.0625,54.11968231201172,3.6287984997270333,11.123677157915473,1.0,0,EF1,CST-6,21-JUL-20 15:05:00
931857,2020-08-09T17:00:00+00:00,48.67,-97.9747,1366.5,100.80521392822266,293.760986328125,291.78759765625,96154.0,36.26050567626953,5.159566778347179,11.571023278385525,0.0,0,EF0,CST-6,09-AUG-20 10:58:00
909681,2020-07-01T18:00:00+00:00,36.2022,-90.3137,1693.375,332.9688415527344,302.510009765625,295.89013671875,100252.375,54.45870590209961,1.3104439453543903,8.870009950776177,0.0,0,EF0,CST-6,01-JUL-20 11:50:00
898306,2020-07-08T22:00:00+00:00,46.09,-95.94,5175.625,218.87525939941406,303.18603515625,293.8883056640625,96139.5625,42.93728256225586,4.637881022402805,16.049609736692712,4.0,1,EF4,CST-6,08-JUL-20 16:08:00
898277,2020-07-11T18:00:00+00:00,46.74,-96.17,466.625,43.21877670288086,295.654052734375,290.908447265625,97121.625,29.35769271850586,1.425404571852884,3.477306166676709,1.0,0,EF1,CST-6,11-JUL-20 12:06:00
898231,2020-07-17T22:00:00+00:00,48.35,-96.86,1374.75,324.2031555175781,300.11181640625,293.424560546875,97932.1875,48.15638732910156,7.556099222847651,12.063183937950802,1.0,0,EF1,CST-6,17-JUL-20 15:54:00
905910,2020-07-15T22:00:00+00:00,39.0907,-89.5977,1083.5,81.51563262939453,300.955078125,295.49267578125,98674.625,54.064453125,13.116035749519858,18.56667416008379,0.0,0,EF0,CST-6,15-JUL-20 16:05:00
905891,2020-07-15T22:00:00+00:00,39.0338,-89.6904,956.625,70.23438262939453,302.6943359375,294.52490234375,98903.625,53.5419921875,11.871321498502823,18.384404906294627,0.0,0,EF0,CST-6,15-JUL-20 15:58:00
959418,2020-07-15T01:00:00+00:00,38.03,-103.26,946.5,536.3810424804688,302.072265625,291.239990234375,87285.1875,35.24784851074219,0.37263936265903636,8.60957369982289,,0,EFU,MST-7,14-JUL-20 18:00:00
909540,2020-07-20T20:00:00+00:00,37.1898,-88.6992,1851.0,92.35945129394531,303.0947265625,295.490478515625,99961.1875,46.39126205444336,1.8253898826441195,4.680803572037496,0.0,0,EF0,CST-6,20-JUL-20 14:01:00
922211,2020-11-25T13:00:00+00:00,32.3304,-90.2593,221.21875,,291.72576904296875,290.38372802734375,100281.1875,38.51393127441406,19.69048717849343,17.251563594499835,1.0,0,EF1,CST-6,25-NOV-20 07:21:00
908839,2020-07-20T20:00:00+00:00,47.71,-101.9,16.5,,292.4140625,287.716064453125,94600.1875,29.10903549194336,0.8781445091514462,7.191014547903029,,0,EFU,CST-6,20-JUL-20 14:10:00
908122,2020-07-05T01:00:00+00:00,45.6688,-98.798,2451.125,179.03128051757812,303.0576171875,293.4375,96049.25,38.97261428833008,4.432594666076767,9.50410018986568,2.0,1,EF2,CST-6,04-JUL-20 18:35:00
898177,2020-07-25T07:00:00+00:00,46.77,-96.25,1540.75,36.782798767089844,296.401123046875,294.4130859375,96617.75,57.15305709838867,13.494244847799639,15.546562941691635,0.0,0,EF0,CST-6,25-JUL-20 01:26:00
905979,2020-08-14T23:00:00+00:00,45.2391,-94.7576,1807.0,23.000097274780273,293.532470703125,292.79833984375,96784.9375,41.51940155029297,10.828814651513495,15.788964435389156,0.0,0,EF0,CST-6,14-AUG-20 16:53:00
905987,2020-08-14T23:00:00+00:00,45.7759,-94.4501,1816.25,33.093849182128906,293.220947265625,292.04150390625,96680.9375,40.57506561279297,12.458804670456331,14.92154461680698,0.0,0,EF0,CST-6,14-AUG-20 16:47:00
916535,2020-08-28T03:00:00+00:00,36.3076,-90.8089,637.125,17.53126335144043,297.95361328125,296.5673828125,99432.6875,67.1144790649414,17.945757359946025,19.152855159616706,2.0,1,EF2,CST-6,27-AUG-20 21:07:00
913240,2020-08-09T01:00:00+00:00,41.91,-103.4,45.875,,302.631591796875,283.68634033203125,86940.1875,15.579487800598145,0.5555792145560551,10.207622737297491,,0,EFU,MST-7,08-AUG-20 17:30:00
905990,2020-08-14T23:00:00+00:00,45.2463,-94.8289,1309.25,65.1094741821289,293.635009765625,292.73193359375,96753.9375,38.87877655029297,9.85842759495126,15.238239681646782,1.0,0,EF1,CST-6,14-AUG-20 16:49:00
905991,2020-08-14T23:00:00+00:00,45.2433,-94.7635,1807.0,23.000097274780273,293.532470703125,292.79833984375,96784.9375,41.51940155029297,10.828814651513495,15.788964435389156,0.0,0,EF0,CST-6,14-AUG-20 16:54:00
867056,2020-01-11T08:00:00+00:00,32.5945,-93.1807,1046.875,3.4377639293670654,291.5520935058594,290.8782653808594,99559.4375,43.83369827270508,17.047590552408874,33.36953256583982,2.0,1,EF2,CST-6,11-JAN-20 01:50:00
918804,2020-08-14T22:00:00+00:00,38.4062,-101.9196,1429.0,425.25390625,301.360107421875,289.58251953125,88634.4375,31.55361557006836,0.25787518941790233,6.370814508324699,,0,EFU,MST-7,14-AUG-20 14:30:00
918805,2020-08-14T22:00:00+00:00,38.3221,-101.9928,1231.875,178.51953125,303.676513671875,289.29443359375,88985.4375,30.29092025756836,0.4682723563228388,5.760594132185386,,0,EFU,MST-7,14-AUG-20 14:49:00
909501,2020-08-10T21:00:00+00:00,42.5568,-88.4463,3115.125,289.04022216796875,301.65380859375,295.51708984375,97808.625,48.08991241455078,5.543818176839105,13.799057849400674,0.0,0,EF0,CST-6,10-AUG-20 14:38:00
909502,2020-08-10T21:00:00+00:00,42.4954,-88.1691,3014.875,413.75897216796875,301.88671875,295.84423828125,98130.625,47.35456085205078,5.1033258814060725,14.83036010189072,1.0,0,EF1,CST-6,10-AUG-20 14:45:00
912981,2020-08-01T22:00:00+00:00,37.474,-79.967,1319.625,121.11537170410156,301.22705078125,294.283935546875,95248.5625,43.70613098144531,4.582281526421917,11.764502487063794,0.0,0,EF0,EST-5,01-AUG-20 17:25:00
916396,2020-08-05T00:00:00+00:00,43.3291,-99.9263,840.375,25.289365768432617,295.3515625,290.828857421875,93590.125,37.729896545410156,7.810407296759498,22.670742824367014,0.0,0,EF0,CST-6,04-AUG-20 17:39:00
905935,2020-08-14T21:00:00+00:00,45.7443,-95.6223,1640.0,32.88813781738281,293.717041015625,291.003173828125,96404.375,40.11671447753906,11.756543485188635,15.032642414920758,0.0,0,EF0,CST-6,14-AUG-20 15:17:00
905997,2020-08-14T23:00:00+00:00,44.7853,-94.2479,2147.5,9.79697322845459,298.200439453125,294.98193359375,97429.9375,45.32604217529297,12.715855084981287,15.932803204483578,1.0,0,EF1,CST-6,14-AUG-20 16:50:00
906002,2020-08-14T23:00:00+00:00,45.9745,-93.8804,2006.375,18.656347274780273,294.513916015625,292.68701171875,96469.9375,44.61315155029297,13.885214037931627,17.481035986086553,0.0,0,EF0,CST-6,14-AUG-20 17:09:00
909031,2020-08-04T05:00:00+00:00,35.4262,-76.7291,1109.375,3.362820863723755,297.979248046875,296.90087890625,100912.6875,60.46055221557617,21.40565592209032,21.829252318741332,1.0,0,EF1,EST-5,03-AUG-20 23:50:00
902037,2020-08-12T00:00:00+00:00,43.1176,-108.5544,0.625,,304.134521484375,270.465576171875,82979.5,9.799582481384277,0.8442438995254992,5.3332718747747165,0.0,0,EF0,MST-7,11-AUG-20 16:52:00
905940,2020-08-14T22:00:00+00:00,45.8545,-95.2105,1593.75,2.113284111022949,292.382568359375,291.79736328125,95791.4375,41.15420150756836,9.31621540952243,15.352000435361917,0.0,0,EF0,CST-6,14-AUG-20 15:45:00
905947,2020-08-14T22:00:00+00:00,46.15,-94.6929,1471.25,13.66015911102295,293.791748046875,292.36572265625,96008.4375,44.49502182006836,11.79494692973395,16.769688264434908,1.0,0,EF1,CST-6,14-AUG-20 15:53:00
906007,2020-08-14T23:00:00+00:00,45.0452,-94.5504,2226.125,17.640722274780273,295.107666015625,293.78271484375,97114.9375,45.23033905029297,12.225421040850266,16.65546518556904,0.0,0,EF0,CST-6,14-AUG-20 17:27:00
906013,2020-08-15T00:00:00+00:00,44.8404,-93.7498,1743.625,18.86483383178711,296.574462890625,293.8818359375,97704.0,43.95952224731445,13.521687989344782,14.336257988008509,0.0,0,EF0,CST-6,14-AUG-20 17:49:00
877156,2020-04-09T02:00:00+00:00,38.9619,-85.0432,653.0625,22.56256103515625,291.78125,289.5216064453125,97354.625,33.58348083496094,11.78606575287168,18.632228648147905,0.0,0,EF0,EST-5,08-APR-20 21:13:00
876954,2020-04-09T03:00:00+00:00,39.2081,-84.3556,245.25,31.703310012817383,289.501953125,287.237548828125,97562.9375,33.56151580810547,15.697826713035749,19.719981204308727,0.0,0,EF0,EST-5,08-APR-20 21:37:00
909032,2020-08-04T03:00:00+00:00,35.0238,-76.8986,498.875,9.749531745910645,299.181396484375,297.624267578125,101006.0,60.49612045288086,18.429764687999047,27.4960146217176,1.0,0,EF1,EST-5,03-AUG-20 22:23:00
909033,2020-08-04T05:00:00+00:00,35.6441,-76.8008,950.25,0.7221958041191101,297.666748046875,296.48681640625,100966.6875,61.15977096557617,20.216172822549442,24.719010363510183,1.0,0,EF1,EST-5,03-AUG-20 23:48:00
916551,2020-08-28T00:00:00+00:00,35.3051,-91.1835,200.75,0.5530374646186829,299.333251953125,296.7198486328125,99487.375,67.55958557128906,18.93322782395494,22.12695693942288,0.0,0,EF0,CST-6,27-AUG-20 17:45:00
905949,2020-08-14T22:00:00+00:00,46.2176,-94.6484,1471.25,13.66015911102295,293.791748046875,292.36572265625,96008.4375,44.49502182006836,11.79494692973395,16.769688264434908,0.0,0,EF0,CST-6,14-AUG-20 15:59:00
905956,2020-08-14T22:00:00+00:00,45.8278,-95.0473,2147.25,4.035159111022949,293.391357421875,292.48876953125,96138.4375,43.27041244506836,11.756060304495513,15.115018128371402,0.0,0,EF0,CST-6,14-AUG-20 15:57:00
906016,2020-08-15T01:00:00+00:00,45.0351,-93.368,1155.0,208.3810577392578,296.5654296875,293.533447265625,97827.5625,38.95396423339844,12.673082115889427,15.330826927405388,0.0,0,EF0,CST-6,14-AUG-20 18:55:00
877173,2020-04-09T02:00:00+00:00,38.958,-84.9579,653.0625,22.56256103515625,291.78125,289.5216064453125,97354.625,33.58348083496094,11.78606575287168,18.632228648147905,0.0,0,EF0,EST-5,08-APR-20 21:13:00
878041,2020-04-09T02:00:00+00:00,38.944,-85.2051,488.6875,23.17193603515625,292.095703125,289.4356689453125,97254.625,33.80320739746094,13.490477112486486,19.264228960791545,0.0,0,EF0,EST-5,08-APR-20 21:06:00
878259,2020-04-09T02:00:00+00:00,39.0026,-85.0973,488.6875,23.17193603515625,292.095703125,289.4356689453125,97254.625,33.80320739746094,13.490477112486486,19.264228960791545,0.0,0,EF0,EST-5,08-APR-20 21:10:00
909034,2020-08-04T04:00:00+00:00,35.7786,-76.9073,367.125,0.17652425169944763,297.942626953125,296.795654296875,101031.5625,59.795433044433594,18.44801798310076,30.851029136486094,1.0,0,EF1,EST-5,03-AUG-20 23:02:00
909035,2020-08-04T04:00:00+00:00,35.461,-76.8952,482.0,0.41089925169944763,298.010498046875,297.098388671875,100964.5625,60.314964294433594,19.80024953018787,29.189868936930928,1.0,0,EF1,EST-5,03-AUG-20 23:18:00
905958,2020-08-14T23:00:00+00:00,45.2072,-94.986,1309.25,65.1094741821289,293.635009765625,292.73193359375,96753.9375,38.87877655029297,9.85842759495126,15.238239681646782,0.0,0,EF0,CST-6,14-AUG-20 16:37:00
905962,2020-08-14T23:00:00+00:00,46.0678,-94.294,1894.0,22.250097274780273,293.804931640625,292.26318359375,96503.9375,42.78014373779297,13.781069197450218,15.453666212923489,0.0,0,EF0,CST-6,14-AUG-20 16:41:00
878260,2020-04-09T02:00:00+00:00,38.9075,-85.1216,488.6875,23.17193603515625,292.095703125,289.4356689453125,97254.625,33.80320739746094,13.490477112486486,19.264228960791545,0.0,0,EF0,EST-5,08-APR-20 21:11:00
934816,2020-12-25T04:00:00+00:00,36.5829,-76.8305,129.6875,71.06646728515625,291.30731201171875,289.96685791015625,99755.4375,35.3991813659668,21.768822452243846,34.847412050435835,1.0,0,EF1,EST-5,24-DEC-20 23:21:00
934819,2020-12-25T04:00:00+00:00,36.6549,-76.7563,119.375,61.082096099853516,290.90203857421875,289.79010009765625,99740.4375,33.8942985534668,21.56672874549252,34.7225800894809,1.0,0,EF1,EST-5,24-DEC-20 23:28:00
905965,2020-08-14T23:00:00+00:00,44.767,-94.3406,2159.625,5.64072322845459,296.950439453125,294.73779296875,97257.9375,45.45006561279297,13.452309613448158,17.59849257428742,0.0,0,EF0,CST-6,14-AUG-20 16:44:00
905976,2020-08-14T23:00:00+00:00,45.1899,-94.8422,1309.25,65.1094741821289,293.635009765625,292.73193359375,96753.9375,38.87877655029297,9.85842759495126,15.238239681646782,0.0,0,EF0,CST-6,14-AUG-20 16:45:00
915171,2020-08-21T21:00:00+00:00,45.7,-97.44,4836.75,254.3749237060547,303.15869140625,294.7060546875,95071.4375,40.971866607666016,0.4002522640284775,5.657368479775913,0.0,0,EF0,CST-6,21-AUG-20 15:03:00
877008,2020-04-09T02:00:00+00:00,39.0631,-85.2627,488.6875,23.17193603515625,292.095703125,289.4356689453125,97254.625,33.80320739746094,13.490477112486486,19.264228960791545,1.0,0,EF1,EST-5,08-APR-20 20:59:00
877147,2020-04-09T02:00:00+00:00,39.0215,-85.1699,488.6875,23.17193603515625,292.095703125,289.4356689453125,97254.625,33.80320739746094,13.490477112486486,19.264228960791545,0.0,0,EF0,EST-5,08-APR-20 21:08:00
918036,2020-08-28T22:00:00+00:00,34.2436,-87.1019,545.625,31.200057983398438,299.195556640625,297.297119140625,98527.5,53.92707824707031,14.109466112770493,15.953826183542022,1.0,0,EF1,CST-6,28-AUG-20 16:27:00
918037,2020-08-28T23:00:00+00:00,34.3062,-86.7245,905.125,20.129547119140625,299.396240234375,296.85986328125,98316.6875,53.165889739990234,11.629026038192556,16.914216910724683,0.0,0,EF0,CST-6,28-AUG-20 16:58:00
928035,2020-12-30T17:00:00+00:00,32.0722,-96.4824,339.4375,0.29687535762786865,291.4309387207031,289.6192321777344,99880.0,35.22026824951172,10.119276013148875,14.059074963727882,0.0,0,EF0,CST-6,30-DEC-20 10:41:00
906292,2020-08-15T01:00:00+00:00,45.1378,-93.657,789.625,412.7404479980469,296.103515625,293.272705078125,97631.5625,37.18931579589844,11.89639993479227,14.166849512844015,0.0,0,EF0,CST-6,14-AUG-20 18:32:00
879594,2020-04-09T02:00:00+00:00,38.7863,-84.8735,622.4375,26.67193603515625,292.296875,289.7012939453125,97407.625,32.95750427246094,11.682535401380749,18.729961297507817,0.0,0,EF0,EST-5,08-APR-20 21:27:00
879595,2020-04-09T03:00:00+00:00,38.7145,-84.6632,334.1875,46.797061920166016,289.7236328125,287.760986328125,97626.9375,33.89842987060547,16.47673992127724,19.766575340786552,1.0,0,EF1,EST-5,08-APR-20 21:40:00
879596,2020-04-09T03:00:00+00:00,38.8282,-84.5918,334.1875,46.797061920166016,289.7236328125,287.760986328125,97626.9375,33.89842987060547,16.47673992127724,19.766575340786552,0.0,0,EF0,EST-5,08-APR-20 21:42:00
905867,2020-08-15T23:00:00+00:00,35.2075,-106.7432,2.0,,307.5322265625,276.309326171875,82805.75,16.63285255432129,0.578812601627089,2.2075292018428554,0.0,0,EF0,MST-7,15-AUG-20 15:30:00
891442,2020-07-04T23:00:00+00:00,36.59,-103.85,1680.25,20.43753433227539,290.659912109375,287.64013671875,80201.0625,34.808799743652344,0.16216466304332292,6.215986516273802,0.0,0,EF0,MST-7,04-JUL-20 15:30:00
918038,2020-08-28T23:00:00+00:00,34.3065,-86.7239,905.125,20.129547119140625,299.396240234375,296.85986328125,98316.6875,53.165889739990234,11.629026038192556,16.914216910724683,0.0,0,EF0,CST-6,28-AUG-20 16:59:00
916395,2020-08-04T23:00:00+00:00,43.4734,-100.08,822.5,18.3750057220459,296.84326171875,291.021728515625,94033.5,39.63737869262695,5.757862912371128,20.721130104321727,0.0,0,EF0,CST-6,04-AUG-20 17:29:00
916495,2020-08-28T21:00:00+00:00,34.203,-87.4283,1308.25,29.724668502807617,298.955078125,296.1787109375,98349.875,53.24440383911133,8.510440874855107,14.954018033502606,1.0,0,EF1,CST-6,28-AUG-20 15:02:00
879599,2020-04-09T03:00:00+00:00,38.5407,-84.0441,612.625,64.90643310546875,290.453125,287.937744140625,97215.9375,31.24510955810547,14.831733681263666,18.531592289215123,0.0,0,EF0,EST-5,08-APR-20 22:16:00
905431,2020-08-06T20:00:00+00:00,38.221,-78.877,880.75,96.82835388183594,298.132080078125,292.739990234375,96184.1875,36.822425842285156,2.777378167166325,9.490969090395716,0.0,0,EF0,EST-5,06-AUG-20 15:02:00
876959,2020-04-09T03:00:00+00:00,39.1592,-83.978,448.0,23.797060012817383,288.8271484375,286.244384765625,96898.9375,32.22948455810547,12.020790046009468,18.688078391371185,0.0,0,EF0,EST-5,08-APR-20 21:56:00
905435,2020-08-06T21:00:00+00:00,38.162,-78.491,1600.25,54.28590774536133,299.088134765625,294.9033203125,98252.0625,41.10153579711914,1.4607761605783003,8.728206337970809,0.0,0,EF0,EST-5,06-AUG-20 15:50:00
916932,2020-08-15T00:00:00+00:00,46.42,-92.84,1393.125,8.27108383178711,294.660400390625,292.1650390625,96426.0,47.13628005981445,13.209333971336605,21.001769354307115,1.0,0,EF1,CST-6,14-AUG-20 18:10:00
876910,2020-04-09T02:00:00+00:00,39.2454,-84.5951,784.9375,40.00006103515625,292.03125,288.5860595703125,97478.625,32.18797302246094,9.283144240704363,16.72250082159475,0.0,0,EF0,EST-5,08-APR-20 21:22:00
916931,2020-08-15T00:00:00+00:00,46.53,-93.18,1486.875,19.06795883178711,294.349853515625,292.2373046875,96343.0,44.52885818481445,13.880422508270062,18.660657310320403,1.0,0,EF1,CST-6,14-AUG-20 17:57:00
916933,2020-08-15T00:00:00+00:00,46.54,-93.01,1393.125,8.27108383178711,294.660400390625,292.1650390625,96426.0,47.13628005981445,13.209333971336605,21.001769354307115,0.0,0,EF0,CST-6,14-AUG-20 18:12:00
879600,2020-04-09T03:00:00+00:00,38.5104,-83.9022,612.625,64.90643310546875,290.453125,287.937744140625,97215.9375,31.24510955810547,14.831733681263666,18.531592289215123,0.0,0,EF0,EST-5,08-APR-20 22:25:00
876957,2020-04-09T03:00:00+00:00,39.2319,-84.0696,448.0,23.797060012817383,288.8271484375,286.244384765625,96898.9375,32.22948455810547,12.020790046009468,18.688078391371185,0.0,0,EF0,EST-5,08-APR-20 21:53:00
918578,2020-08-28T02:00:00+00:00,35.95,-90.56,632.375,7.5001068115234375,298.94482421875,296.228271484375,99599.4375,67.70451354980469,18.351483575742847,21.96092046003338,1.0,0,EF1,CST-6,27-AUG-20 20:24:00
912004,2020-08-19T18:00:00+00:00,25.967,-80.1187,3934.25,74.70319366455078,301.8486328125,296.71728515625,101334.25,56.465538024902344,3.105172989233638,5.194815286278867,0.0,0,EF0,EST-5,19-AUG-20 13:20:00
890627,2020-04-23T21:00:00+00:00,30.7287,-85.4329,1444.5,35.48448181152344,292.662841796875,291.91143798828125,100364.9375,45.140167236328125,17.947677925262123,17.35117281268885,2.0,1,EF2,CST-6,23-APR-20 15:00:00
914339,2020-08-14T00:00:00+00:00,42.66,-100.06,2769.75,485.578125,304.792236328125,292.45849609375,92446.3125,23.312992095947266,4.132047629211916,8.204839648856796,0.0,0,EF0,CST-6,13-AUG-20 18:25:00
917171,2020-09-26T01:00:00+00:00,46.34,-90.45,928.25,26.224672317504883,290.6103515625,289.375,96477.875,32.25790023803711,10.448709055413076,21.94971453490478,0.0,0,EF0,CST-6,25-SEP-20 18:52:00
908343,2020-08-10T02:00:00+00:00,45.982,-88.741,599.875,4.224853515625,293.855224609375,292.7032165527344,95495.5625,35.2435188293457,11.186772007252946,17.02436708962929,1.0,0,EF1,CST-6,09-AUG-20 20:12:00
908351,2020-08-10T02:00:00+00:00,45.99,-88.684,599.875,4.224853515625,293.855224609375,292.7032165527344,95495.5625,35.2435188293457,11.186772007252946,17.02436708962929,1.0,0,EF1,CST-6,09-AUG-20 20:18:00
917953,2020-08-28T22:00:00+00:00,35.5535,-85.9032,921.125,63.21568298339844,298.219970703125,295.725830078125,96700.5,55.51887512207031,13.164439525997965,14.688784883721429,0.0,0,EF0,CST-6,28-AUG-20 16:28:00
917952,2020-08-29T00:00:00+00:00,36.0753,-85.6405,574.875,49.0156364440918,298.140380859375,295.080322265625,97399.0,56.253562927246094,13.146547302067534,19.725438379978865,0.0,0,EF0,CST-6,28-AUG-20 18:24:00
918527,2020-08-22T17:00:00+00:00,43.5666,-71.2714,657.125,41.44219207763672,297.1015625,289.5263671875,98992.8125,33.04853057861328,3.2791112401738904,13.252046386694852,0.0,0,EF0,EST-5,22-AUG-20 11:45:00
914771,2020-08-10T20:00:00+00:00,41.6212,-88.455,3692.625,165.2501220703125,301.679931640625,297.2783203125,98558.6875,46.69059371948242,3.368069440945655,11.22553866569191,1.0,0,EF1,CST-6,10-AUG-20 14:15:00
917002,2020-08-10T21:00:00+00:00,42.0087,-87.724,3957.875,195.3058624267578,301.97265625,296.98681640625,98853.625,50.84284210205078,6.490730814646951,16.91432084699321,1.0,0,EF1,CST-6,10-AUG-20 14:59:00
914777,2020-08-10T20:00:00+00:00,41.5888,-88.2571,3836.75,91.7344970703125,303.429931640625,297.3017578125,98872.6875,47.63785934448242,3.041270220976815,8.715436022707323,1.0,0,EF1,CST-6,10-AUG-20 14:26:00
918035,2020-08-23T17:00:00+00:00,34.55,-86.55,171.25,,300.923095703125,293.209228515625,98814.125,35.98362350463867,0.9089361854643788,7.00302672939221,,0,EFU,CST-6,23-AUG-20 11:13:00
922293,2020-09-17T19:00:00+00:00,34.0469,-79.9326,566.1875,25.39187240600586,299.96826171875,297.87518310546875,100337.875,61.8040885925293,13.812409114258447,17.99947380724523,0.0,0,EF0,EST-5,17-SEP-20 13:45:00
922294,2020-09-17T19:00:00+00:00,34.0977,-79.6267,471.375,39.87624740600586,299.25439453125,297.49139404296875,100449.875,61.0228385925293,12.584944149035184,17.62160430600782,0.0,0,EF0,EST-5,17-SEP-20 14:21:00
922295,2020-09-18T00:00:00+00:00,34.406,-77.6313,504.5625,50.742183685302734,298.5693359375,297.1024169921875,100791.5625,55.69673156738281,12.624246527854421,19.20326269886232,0.0,0,EF0,EST-5,17-SEP-20 19:17:00
901057,2020-08-04T12:00:00+00:00,38.615,-76.512,195.375,2.4532406330108643,297.93896484375,296.48681640625,100236.8125,63.228729248046875,12.147828417760989,24.9528903905211,1.0,0,EF1,EST-5,04-AUG-20 06:33:00
915534,2020-08-28T07:00:00+00:00,44.774,-96.7732,1732.875,315.15625,293.7060546875,292.44091796875,94765.625,41.28813171386719,8.536588299984267,11.13669965026236,0.0,0,EF0,CST-6,28-AUG-20 01:09:00
915548,2020-08-28T07:00:00+00:00,44.774,-96.7732,1732.875,315.15625,293.7060546875,292.44091796875,94765.625,41.28813171386719,8.536588299984267,11.13669965026236,1.0,0,EF1,CST-6,28-AUG-20 01:11:00
915571,2020-08-28T07:00:00+00:00,44.746,-96.8165,1732.875,315.15625,293.7060546875,292.44091796875,94765.625,41.28813171386719,8.536588299984267,11.13669965026236,0.0,0,EF0,CST-6,28-AUG-20 01:09:00
922296,2020-09-18T01:00:00+00:00,34.2319,-77.8722,866.0,49.24234390258789,299.33740234375,297.9256591796875,100748.3125,54.820945739746094,12.024018555970715,17.59749638820256,0.0,0,EF0,EST-5,17-SEP-20 20:28:00
922395,2020-09-25T19:00:00+00:00,33.7401,-78.8171,924.0,42.57815170288086,297.875,295.37451171875,101543.9375,52.382057189941406,6.924321283537058,11.24038208872935,0.0,0,EF0,EST-5,25-SEP-20 14:24:00
913544,2020-08-04T07:00:00+00:00,36.551,-76.498,860.125,0.5313829779624939,297.076904296875,295.641357421875,100694.9375,59.142303466796875,22.444497906490945,23.39058099631114,1.0,0,EF1,EST-5,04-AUG-20 01:54:00
911183,2020-08-08T01:00:00+00:00,46.93,-95.12,1973.625,99.08493041992188,296.048828125,292.94329833984375,95733.375,46.28670883178711,8.78110114510925,17.4445840482729,0.0,0,EF0,CST-6,07-AUG-20 18:30:00
919995,2020-09-16T13:00:00+00:00,30.5095,-85.0401,541.0625,0.18530221283435822,297.202880859375,296.0800476074219,100362.125,68.1851806640625,19.87445269013257,24.177052589970646,0.0,0,EF0,CST-6,16-SEP-20 06:53:00
901058,2020-08-04T10:00:00+00:00,38.093,-76.365,317.625,16.31252670288086,298.315673828125,296.62353515625,100609.0,59.863182067871094,13.936193480058899,22.788722794064952,0.0,0,EF0,EST-5,04-AUG-20 05:27:00
915629,2020-08-28T07:00:00+00:00,44.7182,-96.85,2103.625,110.73438262939453,294.0966796875,292.58447265625,94503.625,43.45219421386719,8.36352723408362,11.900756554780774,0.0,0,EF0,CST-6,28-AUG-20 01:08:00
915696,2020-08-28T06:00:00+00:00,44.8688,-98.5052,2280.125,131.73895263671875,296.165283203125,293.334228515625,96128.1875,51.68953323364258,9.59665443083694,17.718534183207638,1.0,0,EF1,CST-6,27-AUG-20 23:56:00
919996,2020-09-16T13:00:00+00:00,30.606,-85.107,267.5625,0.09155221283435822,297.329833984375,295.9980163574219,100337.125,68.1832275390625,19.81294441639453,26.203642027436125,0.0,0,EF0,CST-6,16-SEP-20 07:09:00
901059,2020-08-04T11:00:00+00:00,38.174,-76.528,132.75,0.1507369726896286,298.454833984375,296.997802734375,100200.625,64.63487243652344,13.788334997800424,24.80339724275155,0.0,0,EF0,EST-5,04-AUG-20 05:32:00
915711,2020-08-28T06:00:00+00:00,44.8777,-98.4811,2280.125,131.73895263671875,296.165283203125,293.334228515625,96128.1875,51.68953323364258,9.59665443083694,17.718534183207638,0.0,0,EF0,CST-6,27-AUG-20 23:56:00
913059,2020-08-10T20:00:00+00:00,42.2495,-89.1332,3027.625,225.2501220703125,300.873291015625,295.3525390625,98195.6875,49.17692184448242,5.386427100217326,13.578955137455813,0.0,0,EF0,CST-6,10-AUG-20 13:37:00
915476,2020-08-10T21:00:00+00:00,41.618,-87.7868,4156.875,73.94647979736328,301.95556640625,297.28369140625,98807.625,49.96979522705078,5.53207914821721,14.366699732267831,1.0,0,EF1,CST-6,10-AUG-20 14:54:00
915999,2020-08-10T18:00:00+00:00,41.9063,-91.729,3525.75,166.36460876464844,296.53466796875,294.956787109375,98277.875,49.8402099609375,2.3240410674113336,10.927925750957638,,0,EFU,CST-6,10-AUG-20 11:31:00
905440,2020-08-04T11:00:00+00:00,38.3336,-76.4782,132.75,0.1507369726896286,298.454833984375,296.997802734375,100200.625,64.63487243652344,13.788334997800424,24.80339724275155,0.0,0,EF0,EST-5,04-AUG-20 05:52:00
916050,2020-08-10T21:00:00+00:00,40.8507,-87.4421,3761.5,2.6183574199676514,305.32666015625,297.10107421875,98688.625,50.72858428955078,3.218930833342059,8.207167418117274,0.0,0,EF0,CST-6,10-AUG-20 15:15:00
913065,2020-08-10T20:00:00+00:00,42.2806,-89.022,3091.25,272.9063720703125,301.293212890625,295.783203125,98135.6875,48.35367965698242,5.557457517117731,14.699873386435844,1.0,0,EF1,CST-6,10-AUG-20 13:47:00
914862,2020-08-10T21:00:00+00:00,41.2431,-87.6638,3960.875,5.9621076583862305,303.64990234375,297.63623046875,98704.625,50.11530303955078,3.0629709867041277,8.365324619212,0.0,0,EF0,CST-6,10-AUG-20 15:04:00
916072,2020-08-26T19:00:00+00:00,29.99,-91.05,1720.0,40.95948791503906,302.73828125,299.876953125,101030.5625,61.6123046875,15.65251833433318,15.915911120876988,0.0,0,EF0,CST-6,26-AUG-20 12:55:00
913081,2020-08-10T20:00:00+00:00,42.3436,-88.9403,3152.625,309.3594970703125,301.116455078125,295.5859375,98017.6875,46.56754684448242,4.276413014648501,14.288538377007315,1.0,0,EF1,CST-6,10-AUG-20 13:59:00
914531,2020-08-10T21:00:00+00:00,41.8851,-88.0166,3963.25,251.3683624267578,302.57568359375,296.92626953125,98570.625,49.57819366455078,5.255625939305224,17.05730132629683,1.0,0,EF1,CST-6,10-AUG-20 14:39:00
919487,2020-08-17T01:00:00+00:00,37.94,-103.9,293.375,,303.955322265625,278.64166259765625,86382.8125,24.719520568847656,0.16168332855777956,3.54466037579468,,0,EFU,MST-7,16-AUG-20 17:45:00
912949,2020-09-02T00:00:00+00:00,34.5706,-100.8394,2233.75,129.27027893066406,295.981201171875,295.732666015625,92360.25,45.98004913330078,7.225798360399417,12.575237399316418,,0,EFU,CST-6,01-SEP-20 18:10:00
915720,2020-08-30T23:00:00+00:00,44.709,-98.9875,908.125,7.281252861022949,296.070556640625,291.636474609375,94739.3125,37.926368713378906,3.560670987168955,9.85571097913092,2.0,1,EF2,CST-6,30-AUG-20 17:03:00
914396,2020-08-10T20:00:00+00:00,42.0962,-88.9266,3091.25,272.9063720703125,301.293212890625,295.783203125,98135.6875,48.35367965698242,5.557457517117731,14.699873386435844,0.0,0,EF0,CST-6,10-AUG-20 13:50:00
914788,2020-08-10T21:00:00+00:00,41.4693,-87.7017,4176.75,21.165231704711914,302.79150390625,297.77880859375,98607.625,49.40436553955078,3.574955601601008,10.863435374480604,0.0,0,EF0,CST-6,10-AUG-20 14:57:00
921577,2020-09-17T00:00:00+00:00,31.2128,-82.4029,1186.0625,6.484400749206543,298.296875,296.897216796875,100678.875,61.89715576171875,10.678966026151237,16.28112756461374,1.0,0,EF1,EST-5,16-SEP-20 18:33:00
921490,2020-09-17T07:00:00+00:00,32.2805,-81.3024,360.5625,26.203174591064453,297.54248046875,296.4658203125,100971.1875,57.52378463745117,10.573258747857023,13.922106854509677,1.0,0,EF1,EST-5,17-SEP-20 01:54:00
928029,2020-11-25T03:00:00+00:00,32.692,-97.1472,1354.6875,335.0506896972656,293.3448486328125,288.5760498046875,98436.0,32.077064514160156,15.271526810347595,18.190762762946843,2.0,1,EF2,CST-6,24-NOV-20 20:51:00
911932,2020-08-10T01:00:00+00:00,45.906,-89.4044,789.25,2.9211974143981934,294.03125,292.94549560546875,95208.625,34.4040641784668,10.999793161187153,16.47295025916927,1.0,0,EF1,CST-6,09-AUG-20 19:28:00
913550,2020-08-04T07:00:00+00:00,36.657,-76.562,975.25,0.2501329779624939,296.929931640625,295.421630859375,100772.9375,60.497772216796875,19.800618699937733,22.262890968726712,0.0,0,EF0,EST-5,04-AUG-20 02:08:00
922275,2020-09-30T03:00:00+00:00,36.7681,-76.9348,38.125,3.285764694213867,294.982177734375,294.29168701171875,100129.375,55.73253631591797,9.269600901013646,21.210144478400547,0.0,0,EF0,EST-5,29-SEP-20 21:33:00
915008,2020-09-18T06:00:00+00:00,35.2594,-76.6066,747.875,1.0000661611557007,298.26611328125,297.17431640625,100709.0625,62.618953704833984,11.898363074409218,12.983439527861142,0.0,0,EF0,EST-5,18-SEP-20 00:33:00
915009,2020-09-18T01:00:00+00:00,34.9364,-76.6291,498.0,17.13296890258789,297.96044921875,296.7733154296875,100966.3125,56.289695739746094,12.090920695086577,19.908999560578856,1.0,0,EF1,EST-5,17-SEP-20 20:16:00
916496,2020-08-28T22:00:00+00:00,34.1684,-87.41,380.5,38.38755798339844,299.039306640625,297.260986328125,98397.5,53.39192199707031,15.18380629339225,16.550594377889738,1.0,0,EF1,CST-6,28-AUG-20 15:36:00
914180,2020-08-10T21:00:00+00:00,42.475,-88.1895,3014.875,413.75897216796875,301.88671875,295.84423828125,98130.625,47.35456085205078,5.1033258814060725,14.83036010189072,1.0,0,EF1,CST-6,10-AUG-20 14:41:00
914488,2020-08-10T20:00:00+00:00,42.1808,-88.6548,3126.875,275.9688720703125,301.362060546875,296.2734375,98034.6875,47.95426559448242,5.417696590728593,15.957089164210466,1.0,0,EF1,CST-6,10-AUG-20 14:05:00
916000,2020-08-10T19:00:00+00:00,42.2119,-89.6884,2934.25,209.54698181152344,300.51904296875,295.185791015625,98135.25,48.288169860839844,4.845495527267041,12.722982997194428,0.0,0,EF0,CST-6,10-AUG-20 13:12:00
913554,2020-08-04T08:00:00+00:00,37.24,-76.86,852.75,0.39624208211898804,296.27685546875,294.90087890625,100497.1875,59.86918640136719,19.634781731941576,22.318808605816518,1.0,0,EF1,EST-5,04-AUG-20 03:13:00
913567,2020-08-04T09:00:00+00:00,37.3264,-76.5862,865.75,0.3615242540836334,297.06494140625,295.651611328125,100277.5,64.47530364990234,20.53348172861742,24.078114659962623,1.0,0,EF1,EST-5,04-AUG-20 03:53:00
922276,2020-09-30T03:00:00+00:00,36.8315,-76.7299,151.625,1.8638895750045776,295.175537109375,294.40399169921875,100104.375,56.40441131591797,18.39525269686217,26.505105391322857,0.0,0,EF0,EST-5,29-SEP-20 21:56:00
908958,2020-09-03T22:00:00+00:00,38.948,-76.5695,2744.875,356.2986755371094,301.182861328125,298.25732421875,100537.875,64.67398834228516,11.255120543659803,20.14811889458571,0.0,0,EF0,EST-5,03-SEP-20 16:57:00
914389,2020-08-10T18:00:00+00:00,42.694,-90.8312,3479.75,562.8958740234375,298.65576171875,294.367919921875,97828.875,47.2816162109375,5.916131221279795,9.65047811818886,0.0,0,EF0,CST-6,10-AUG-20 11:32:00
914492,2020-08-10T21:00:00+00:00,41.8673,-88.1038,3763.875,318.19647216796875,302.130859375,296.86962890625,98270.625,48.43366241455078,4.445478848704555,16.32044512327465,1.0,0,EF1,CST-6,10-AUG-20 14:35:00
917723,2020-08-16T20:00:00+00:00,35.5512,-100.5965,4836.0,406.7774353027344,305.509033203125,289.5654296875,91798.6875,31.768497467041016,1.1825127919250071,4.380388275002033,1.0,0,EF1,CST-6,16-AUG-20 13:46:00
909622,2020-09-07T21:00:00+00:00,40.2966,-82.9889,1075.875,19.438770294189453,299.177490234375,292.792236328125,97688.9375,44.99890899658203,5.191205579303617,9.086409485890005,0.0,0,EF0,EST-5,07-SEP-20 16:14:00
916847,2020-08-09T19:00:00+00:00,46.37,-98.51,2565.0,87.98423767089844,299.978759765625,294.402587890625,95713.375,39.22608184814453,1.8481535084202094,10.897852078754198,,0,EFU,CST-6,09-AUG-20 13:13:00
916846,2020-08-09T19:00:00+00:00,46.3662,-98.5613,2565.0,87.98423767089844,299.978759765625,294.402587890625,95713.375,39.22608184814453,1.8481535084202094,10.897852078754198,1.0,0,EF1,CST-6,09-AUG-20 13:02:00
916849,2020-08-09T19:00:00+00:00,46.3872,-98.4691,2565.0,87.98423767089844,299.978759765625,294.402587890625,95713.375,39.22608184814453,1.8481535084202094,10.897852078754198,,0,EFU,CST-6,09-AUG-20 13:19:00
913261,2020-08-10T20:00:00+00:00,41.3534,-88.8448,3234.375,219.8594970703125,302.132568359375,296.2890625,98648.6875,46.84879684448242,2.6044160255695976,10.259274101509227,1.0,0,EF1,CST-6,10-AUG-20 13:59:00
902713,2020-08-10T01:00:00+00:00,46.0266,-89.4719,789.25,2.9211974143981934,294.03125,292.94549560546875,95208.625,34.4040641784668,10.999793161187153,16.47295025916927,1.0,0,EF1,CST-6,09-AUG-20 18:44:00
910282,2020-08-05T01:00:00+00:00,48.45,-102.86,862.875,133.51564025878906,292.0625,289.5238037109375,93350.5625,29.980648040771484,2.9010116935045485,10.138311175177638,,0,EFU,CST-6,04-AUG-20 18:38:00
918526,2020-08-22T18:00:00+00:00,43.75,-71.15,519.8125,42.463829040527344,296.13818359375,291.3193359375,98462.625,29.74622344970703,2.7342403156059167,12.786747010274022,0.0,0,EF0,EST-5,22-AUG-20 13:05:00
913262,2020-08-10T20:00:00+00:00,41.9173,-88.5605,3578.0,170.9219970703125,301.403076171875,297.197265625,98201.6875,47.42301559448242,4.248599811457174,13.99459900218985,1.0,0,EF1,CST-6,10-AUG-20 14:12:00
920965,2020-04-12T17:00:00+00:00,32.5597,-91.5798,724.75,162.54168701171875,296.39892578125,293.6070556640625,99736.375,46.243980407714844,20.840761885972295,31.538212982340667,1.0,0,EF1,CST-6,12-APR-20 11:11:00
920968,2020-04-12T17:00:00+00:00,32.596,-91.6168,672.5625,84.44792938232422,295.08837890625,292.8775634765625,99666.375,45.568199157714844,21.058327059831242,33.260356284666344,0.0,0,EF0,CST-6,12-APR-20 11:11:00
898604,2020-04-12T22:00:00+00:00,32.0015,-88.8943,1480.3125,117.125,297.6943359375,293.85321044921875,98798.6875,52.602569580078125,19.373429304184583,28.781835396171495,2.0,1,EF2,CST-6,12-APR-20 16:22:00
921828,2020-09-01T21:00:00+00:00,35.8616,-87.1367,1234.125,21.859378814697266,302.129150390625,296.069580078125,98726.875,57.5800895690918,4.6717571691168445,11.081256852302754,0.0,0,EF0,CST-6,01-SEP-20 15:28:00
915229,2020-08-14T22:00:00+00:00,43.6655,-95.666,2628.625,324.17578125,296.469482421875,294.12451171875,95542.4375,37.03213119506836,9.436095622269846,10.62922231602616,0.0,0,EF0,CST-6,14-AUG-20 15:34:00
887437,2020-04-13T12:00:00+00:00,31.7592,-81.3658,157.0,86.8594970703125,297.4068603515625,292.90106201171875,100818.25,54.10626983642578,21.075234364724697,28.03502309115256,1.0,0,EF1,EST-5,13-APR-20 07:11:00
913649,2020-08-04T10:00:00+00:00,37.8224,-76.4182,157.125,0.2969013750553131,298.010498046875,296.55615234375,100259.0,65.2713851928711,17.05015200041757,24.34253158086326,1.0,0,EF1,EST-5,04-AUG-20 04:56:00
921336,2020-09-01T21:00:00+00:00,36.18,-89.88,2477.125,42.765628814697266,300.680419921875,297.603759765625,100136.875,56.1855583190918,8.936300648708883,19.181643927516056,0.0,0,EF0,CST-6,01-SEP-20 15:14:00
904088,2020-08-04T12:00:00+00:00,38.8926,-75.4559,316.75,0.921990692615509,298.091796875,296.08935546875,100579.8125,61.946502685546875,17.109429100905135,25.52977748191432,1.0,0,EF1,EST-5,04-AUG-20 07:25:00
904091,2020-08-04T12:00:00+00:00,38.935,-76.1363,190.75,2.0938656330108643,298.435546875,296.53369140625,100481.8125,63.360565185546875,15.243725534043431,29.65701706270021,0.0,0,EF0,EST-5,04-AUG-20 07:18:00
899720,2020-04-23T09:00:00+00:00,31.7608,-89.2247,1317.5,94.84376525878906,293.88037109375,292.75927734375,99385.625,52.730613708496094,21.400710761284255,31.050372660229915,2.0,1,EF2,CST-6,23-APR-20 03:14:00
902823,2020-04-12T21:00:00+00:00,31.3522,-90.0405,1703.625,6.531290531158447,299.44287109375,294.5452880859375,98893.4375,52.968502044677734,17.144750825090565,27.424121362764186,2.0,1,EF2,CST-6,12-APR-20 14:51:00
902816,2020-04-12T21:00:00+00:00,31.3904,-89.8996,1703.625,6.531290531158447,299.44287109375,294.5452880859375,98893.4375,52.968502044677734,17.144750825090565,27.424121362764186,1.0,0,EF1,CST-6,12-APR-20 15:03:00
898023,2020-07-11T20:00:00+00:00,44.2047,-94.1376,1880.25,73.93193817138672,300.28369140625,291.9970703125,97848.3125,33.525306701660156,0.8010811978691812,6.234025938532323,0.0,0,EF0,CST-6,11-JUL-20 14:09:00
898032,2020-07-18T06:00:00+00:00,45.6716,-93.1011,3333.5,348.2075500488281,299.05029296875,295.419921875,97465.25,50.98514175415039,15.223716334260615,17.057351578654085,0.0,0,EF0,CST-6,18-JUL-20 00:17:00
916393,2020-08-04T01:00:00+00:00,34.2268,-78.0124,349.5,2.578356981277466,298.685546875,297.4171142578125,100728.75,64.2164077758789,20.403235067207273,28.569436396591325,1.0,0,EF1,EST-5,03-AUG-20 19:43:00
904095,2020-08-04T14:00:00+00:00,39.2094,-74.6479,286.875,0.6564861536026001,298.159912109375,296.37060546875,100341.5625,63.49725341796875,20.277649325452824,28.786303730485777,1.0,0,EF1,EST-5,04-AUG-20 08:45:00
899722,2020-04-20T01:00:00+00:00,31.1348,-89.6537,1059.625,2.543062210083008,295.078857421875,294.01507568359375,99321.375,46.23659896850586,17.6612880142363,26.769774658133556,1.0,0,EF1,CST-6,19-APR-20 18:34:00
899721,2020-04-20T00:00:00+00:00,31.075,-89.9209,1079.625,15.687615394592285,296.4619140625,295.1229248046875,99434.0625,47.04883575439453,18.948130323323028,25.09536119313314,4.0,1,EF4,CST-6,19-APR-20 18:13:00
902837,2020-04-12T21:00:00+00:00,31.5475,-89.6194,1889.25,33.07816696166992,299.70263671875,294.2142333984375,98940.4375,52.076900482177734,18.051647749499903,28.131173037183782,4.0,1,EF4,CST-6,12-APR-20 15:24:00
902869,2020-04-12T22:00:00+00:00,31.6036,-89.729,2381.9375,9.71875286102295,295.671875,294.65203857421875,98667.6875,54.838897705078125,18.609941019836103,27.835408789844177,3.0,1,EF3,CST-6,12-APR-20 16:06:00
902831,2020-04-12T21:00:00+00:00,31.4641,-89.7579,1889.25,33.07816696166992,299.70263671875,294.2142333984375,98940.4375,52.076900482177734,18.051647749499903,28.131173037183782,4.0,1,EF4,CST-6,12-APR-20 15:12:00
902844,2020-04-12T22:00:00+00:00,31.81,-89.1863,2003.9375,89.875,297.6064453125,294.17059326171875,98942.6875,54.281280517578125,19.032114639533937,28.95852511258989,4.0,1,EF4,CST-6,12-APR-20 15:59:00
902867,2020-04-12T22:00:00+00:00,31.4688,-89.9591,2382.75,3.4375033378601074,295.611328125,294.70672607421875,98742.6875,54.186553955078125,19.18108632969131,27.29680228390022,3.0,1,EF3,CST-6,12-APR-20 15:48:00
926366,2020-08-04T12:00:00+00:00,38.9122,-75.4494,316.75,0.921990692615509,298.091796875,296.08935546875,100579.8125,61.946502685546875,17.109429100905135,25.52977748191432,1.0,0,EF1,EST-5,04-AUG-20 07:28:00
926375,2020-08-04T13:00:00+00:00,39.3113,-75.5805,363.875,0.15628105401992798,297.79248046875,295.510986328125,100245.75,63.16523742675781,18.133964798894688,25.205331028367247,2.0,1,EF2,EST-5,04-AUG-20 08:10:00
904096,2020-08-04T15:00:00+00:00,39.6329,-74.1972,126.375,0.7236230373382568,298.223388671875,295.1042175292969,100312.4375,62.97505569458008,22.60482221882342,31.996344104283004,1.0,0,EF1,EST-5,04-AUG-20 09:50:00
902872,2020-04-12T23:00:00+00:00,31.8278,-89.3168,2388.125,18.37506866455078,296.553466796875,294.43182373046875,98986.0,58.35089111328125,18.120549266674296,29.082284071091,1.0,0,EF1,CST-6,12-APR-20 16:38:00
902815,2020-04-12T21:00:00+00:00,31.3331,-90.0823,1695.125,4.828165531158447,299.38720703125,294.7825927734375,98941.4375,53.269283294677734,15.567208219087664,26.41471631403149,3.0,1,EF3,CST-6,12-APR-20 14:47:00
902862,2020-04-12T22:00:00+00:00,31.3712,-90.1101,2254.75,1.8906283378601074,295.5380859375,294.37762451171875,98640.6875,53.342803955078125,21.088667252179924,26.524699225607964,3.0,1,EF3,CST-6,12-APR-20 15:36:00
902871,2020-04-12T23:00:00+00:00,31.7992,-89.3635,2659.25,5.437568664550781,295.994873046875,294.46893310546875,98846.0,58.13018798828125,16.403938720808593,27.96728327722989,1.0,0,EF1,CST-6,12-APR-20 16:34:00
902846,2020-04-12T22:00:00+00:00,32.0311,-88.9125,1480.3125,117.125,297.6943359375,293.85321044921875,98798.6875,52.602569580078125,19.373429304184583,28.781835396171495,1.0,0,EF1,CST-6,12-APR-20 16:24:00
902843,2020-04-12T22:00:00+00:00,31.6661,-89.4004,2301.0625,41.984378814697266,296.6376953125,294.44891357421875,98797.6875,54.933624267578125,18.04832237157195,28.670442874754798,4.0,1,EF4,CST-6,12-APR-20 15:41:00
902870,2020-04-12T23:00:00+00:00,31.7761,-89.4012,2659.25,5.437568664550781,295.994873046875,294.46893310546875,98846.0,58.13018798828125,16.403938720808593,27.96728327722989,1.0,0,EF1,CST-6,12-APR-20 16:31:00
897987,2020-07-22T00:00:00+00:00,45.1047,-91.8261,320.125,,295.100830078125,292.35205078125,97091.3125,30.344608306884766,4.910515665670095,9.769698930951103,0.0,0,EF0,CST-6,21-JUL-20 17:40:00
895489,2020-07-19T03:00:00+00:00,44.8167,-92.8458,4863.5,147.76226806640625,301.11328125,298.09521484375,97338.5,52.07638931274414,11.085792290618794,20.25299076884592,1.0,0,EF1,CST-6,18-JUL-20 20:54:00
898028,2020-07-19T03:00:00+00:00,44.8809,-92.9104,3531.75,48.293514251708984,297.890625,296.71240234375,97362.5,47.89377212524414,12.101946642869978,22.674767013963695,0.0,0,EF0,CST-6,18-JUL-20 20:42:00
895461,2020-07-22T02:00:00+00:00,44.9425,-91.1853,210.625,94.26583862304688,292.981201171875,291.75360107421875,97436.6875,31.403812408447266,6.048957700349264,10.897733380460307,0.0,0,EF0,CST-6,21-JUL-20 19:44:00
904090,2020-07-26T00:00:00+00:00,44.5851,-94.2473,2566.5,85.41847229003906,302.825927734375,297.1845703125,97584.8125,58.11177062988281,10.231277741728547,12.816794048230086,1.0,0,EF1,CST-6,25-JUL-20 17:31:00
887440,2020-04-13T12:00:00+00:00,31.7763,-81.2691,151.4375,107.2032470703125,296.6529541015625,293.34930419921875,100963.25,52.74689483642578,19.664467581310205,25.327938440881173,0.0,0,EF0,EST-5,13-APR-20 07:18:00
896795,2020-07-21T22:00:00+00:00,45.3425,-92.224,728.0,28.000089645385742,296.451416015625,291.99072265625,96961.5,29.72472381591797,2.4678368877290837,12.380320308538497,0.0,0,EF0,CST-6,21-JUL-20 16:22:00
898594,2020-07-21T23:00:00+00:00,45.3397,-92.092,642.875,58.937564849853516,294.91259765625,291.884033203125,96970.9375,30.447500228881836,3.2090133866572357,11.258504507216076,0.0,0,EF0,CST-6,21-JUL-20 16:50:00
901828,2020-04-23T03:00:00+00:00,31.2451,-91.9509,1373.0,231.8926544189453,296.6767578125,294.7686767578125,100397.25,51.19736862182617,19.21933211826525,23.12865213101556,1.0,0,EF1,CST-6,22-APR-20 21:08:00
916391,2020-08-04T00:00:00+00:00,33.568,-79.0046,77.0,25.153255462646484,299.508056640625,297.919189453125,100072.875,72.99227142333984,14.985298979294786,16.633771086950464,0.0,0,EF0,EST-5,03-AUG-20 19:20:00
904092,2020-07-26T00:00:00+00:00,44.6018,-94.2095,2758.25,23.887218475341797,301.332763671875,297.658203125,97517.8125,58.21528625488281,9.821513223018176,11.46378024142557,0.0,0,EF0,CST-6,25-JUL-20 17:37:00
915262,2020-08-28T06:00:00+00:00,44.3302,-97.5791,2351.25,646.5514526367188,297.434814453125,294.395751953125,95351.1875,43.60847854614258,8.722286687734595,16.639360172413973,1.0,0,EF1,CST-6,28-AUG-20 00:27:00
901833,2020-04-23T03:00:00+00:00,31.2786,-91.868,1373.0,231.8926544189453,296.6767578125,294.7686767578125,100397.25,51.19736862182617,19.21933211826525,23.12865213101556,1.0,0,EF1,CST-6,22-APR-20 21:16:00
895458,2020-07-19T03:00:00+00:00,44.8134,-92.7801,4986.75,208.82476806640625,302.4306640625,298.52685546875,97143.5,54.42990493774414,9.78275280966514,18.3839543765242,0.0,0,EF0,CST-6,18-JUL-20 21:00:00
911312,2020-07-02T23:00:00+00:00,39.2671,-102.684,236.375,,301.89208984375,286.5078125,86288.9375,25.690292358398438,0.13746994725011982,13.379602564670746,,0,EFU,MST-7,02-JUL-20 15:30:00
911317,2020-07-13T00:00:00+00:00,38.8475,-102.437,1134.375,391.34234619140625,305.22412109375,287.265869140625,86666.0,31.039443969726562,0.3059816527224331,4.650435797674621,,0,EFU,MST-7,12-JUL-20 16:50:00
895496,2020-07-22T01:00:00+00:00,44.9041,-91.5972,316.625,85.04949951171875,295.065673828125,292.725341796875,97610.9375,31.111068725585938,5.038859621111722,9.65935704352989,0.0,0,EF0,CST-6,21-JUL-20 19:12:00
887488,2020-04-13T12:00:00+00:00,31.6923,-81.8373,213.0625,24.5157470703125,296.3248291015625,293.07586669921875,100510.25,56.41876983642578,21.157266140257697,30.323095223821,1.0,0,EF1,EST-5,13-APR-20 06:37:00
913667,2020-08-04T10:00:00+00:00,38.4474,-75.7575,216.125,7.265651226043701,297.952392578125,296.00537109375,100868.0,54.219627380371094,14.65407199082294,26.51540883892167,2.0,1,EF2,EST-5,04-AUG-20 04:55:00
913658,2020-08-04T10:00:00+00:00,37.8137,-76.2771,122.125,1.7656513452529907,298.668212890625,297.03759765625,100454.0,63.820213317871094,15.791502589933431,21.54764967885653,1.0,0,EF1,EST-5,04-AUG-20 05:06:00
919991,2020-09-16T21:00:00+00:00,30.9234,-83.4349,667.0,5.578370094299316,299.36572265625,297.058349609375,100379.9375,62.9072265625,14.237319833700083,20.43162263281003,0.0,0,EF0,EST-5,16-SEP-20 15:46:00
919992,2020-09-16T21:00:00+00:00,30.7453,-83.7287,715.875,0.25024503469467163,299.68408203125,297.508544921875,100370.9375,63.4326171875,17.262952127306434,22.132564184983025,0.0,0,EF0,EST-5,16-SEP-20 15:40:00
904087,2020-08-04T12:00:00+00:00,39.01,-75.69,247.75,0.14074067771434784,297.8447265625,295.50244140625,100442.8125,62.951385498046875,17.264767170546765,26.727424927733935,1.0,0,EF1,EST-5,04-AUG-20 07:25:00
904089,2020-08-04T13:00:00+00:00,39.1049,-75.5001,389.125,0.375031054019928,297.9560546875,295.882080078125,100333.75,62.68086242675781,18.76633196738899,25.194988294203835,2.0,1,EF2,EST-5,04-AUG-20 07:55:00
916388,2020-08-04T00:00:00+00:00,34.0403,-78.1409,367.5,0.32513123750686646,299.140869140625,297.666259765625,100716.875,66.91219329833984,17.55655835831589,23.521574241062897,0.0,0,EF0,EST-5,03-AUG-20 19:15:00
898030,2020-07-18T06:00:00+00:00,45.7097,-93.3828,3133.375,397.3169250488281,299.07275390625,295.458984375,97264.25,51.47830581665039,14.397871467833072,18.54221853424908,1.0,0,EF1,CST-6,17-JUL-20 23:59:00
887391,2020-04-13T10:00:00+00:00,32.6516,-81.487,96.75,6.804847717285156,295.3541259765625,292.8943786621094,100277.1875,49.18068313598633,20.6508488574914,37.10958055133689,1.0,0,EF1,EST-5,13-APR-20 04:58:00
913694,2020-08-04T11:00:00+00:00,38.329,-75.7318,109.625,0.3069869577884674,298.547607421875,296.304443359375,100525.625,62.58604049682617,20.710121280409595,25.8177270913957,0.0,0,EF0,EST-5,04-AUG-20 06:22:00
919993,2020-09-16T21:00:00+00:00,30.9228,-83.7527,509.875,3.5471200942993164,299.38623046875,297.133544921875,100204.9375,63.6435546875,16.1671179097986,22.024546820008485,0.0,0,EF0,EST-5,16-SEP-20 16:06:00
919994,2020-09-16T21:00:00+00:00,31.04,-83.4573,667.0,5.578370094299316,299.36572265625,297.058349609375,100379.9375,62.9072265625,14.237319833700083,20.43162263281003,0.0,0,EF0,EST-5,16-SEP-20 15:30:00
901823,2020-04-23T03:00:00+00:00,31.2412,-91.9671,1373.0,231.8926544189453,296.6767578125,294.7686767578125,100397.25,51.19736862182617,19.21933211826525,23.12865213101556,0.0,0,EF0,CST-6,22-APR-20 21:06:00
899718,2020-04-23T07:00:00+00:00,32.1744,-90.1136,2030.875,11.085142135620117,292.4389953613281,291.8385314941406,99315.0625,50.59696960449219,21.009521211251567,27.542537981316933,0.0,0,EF0,CST-6,23-APR-20 00:57:00
888947,2020-04-13T11:00:00+00:00,32.8791,-80.7305,415.0,51.06372833251953,295.3123779296875,293.75341796875,100481.375,53.630882263183594,20.43708166928677,36.047272366121035,1.0,0,EF1,EST-5,13-APR-20 05:47:00
889068,2020-04-13T10:00:00+00:00,32.7045,-81.2899,167.9375,0.8985978364944458,295.7535400390625,293.3504333496094,100459.1875,47.88576126098633,20.756374239221035,37.18978380145264,4.0,1,EF4,EST-5,13-APR-20 05:10:00
901858,2020-04-23T03:00:00+00:00,31.2927,-91.8805,1373.0,231.8926544189453,296.6767578125,294.7686767578125,100397.25,51.19736862182617,19.21933211826525,23.12865213101556,1.0,0,EF1,CST-6,22-APR-20 21:17:00
888409,2020-04-13T13:00:00+00:00,32.5969,-80.1134,195.375,27.15629768371582,295.1358642578125,293.22430419921875,101044.875,55.62395095825195,18.700707218522655,23.966981081583935,1.0,0,EF1,EST-5,13-APR-20 07:33:00
888420,2020-04-13T12:00:00+00:00,33.2532,-79.6559,598.4375,59.6719970703125,294.8834228515625,293.08074951171875,100825.25,54.41095733642578,21.388758486542667,32.74502961077094,1.0,0,EF1,EST-5,13-APR-20 07:00:00
888925,2020-04-13T11:00:00+00:00,32.8359,-80.8539,560.6875,52.04810333251953,295.8397216796875,293.71240234375,100539.375,54.160179138183594,21.105799795920795,35.54509883240312,1.0,0,EF1,EST-5,13-APR-20 05:39:00
888926,2020-04-13T11:00:00+00:00,32.8768,-80.7459,415.0,51.06372833251953,295.3123779296875,293.75341796875,100481.375,53.630882263183594,20.43708166928677,36.047272366121035,1.0,0,EF1,EST-5,13-APR-20 05:46:00
888951,2020-04-13T11:00:00+00:00,33.0211,-80.3667,264.0,32.73560333251953,295.5272216796875,293.84814453125,100584.375,50.973655700683594,20.31385705506335,34.035486050425895,1.0,0,EF1,EST-5,13-APR-20 06:10:00
911307,2020-07-02T21:00:00+00:00,39.5486,-102.7615,215.875,127.89082336425781,309.73779296875,281.36962890625,86523.25,19.06439208984375,0.12902886201156996,3.2602626281863882,,0,EFU,MST-7,02-JUL-20 13:40:00
887456,2020-04-13T10:00:00+00:00,32.6659,-81.403,96.75,6.804847717285156,295.3541259765625,292.8943786621094,100277.1875,49.18068313598633,20.6508488574914,37.10958055133689,1.0,0,EF1,EST-5,13-APR-20 05:05:00
888408,2020-04-13T12:00:00+00:00,32.5653,-80.1811,411.4375,40.8751220703125,295.9478759765625,294.27899169921875,101051.25,51.87873077392578,16.8390391042993,24.464841911351357,1.0,0,EF1,EST-5,13-APR-20 07:28:00
888410,2020-04-13T12:00:00+00:00,32.4852,-80.343,344.5625,33.6407470703125,295.5279541015625,293.62078857421875,101006.25,53.96857452392578,18.422198921048942,26.043925004570806,2.0,1,EF2,EST-5,13-APR-20 07:15:00
888412,2020-04-13T12:00:00+00:00,33.1816,-79.9901,294.875,84.8751220703125,294.5699462890625,292.68621826171875,100731.25,54.83966827392578,20.848794400238585,34.40051374142871,3.0,1,EF3,EST-5,13-APR-20 06:38:00
920113,2020-09-01T19:00:00+00:00,35.1823,-92.6047,2529.625,114.48497772216797,299.886474609375,298.72607421875,99428.625,52.733314514160156,10.8987475511444,18.090323572547753,1.0,0,EF1,CST-6,01-SEP-20 12:59:00
921844,2020-09-05T22:00:00+00:00,37.35,-119.34,0.75,,303.716064453125,274.884521484375,81730.5625,15.695649147033691,0.4970365294507208,2.8213724723246427,2.0,1,EF2,PST-8,05-SEP-20 14:17:00
888413,2020-04-13T12:00:00+00:00,33.1941,-79.794,598.4375,59.6719970703125,294.8834228515625,293.08074951171875,100825.25,54.41095733642578,21.388758486542667,32.74502961077094,0.0,0,EF0,EST-5,13-APR-20 06:51:00
887489,2020-04-13T10:00:00+00:00,33.0123,-81.2167,169.875,0.6642228364944458,295.3990478515625,293.1121520996094,100246.1875,47.98146438598633,19.928593432437307,36.19342999487786,0.0,0,EF0,EST-5,13-APR-20 05:04:00
904133,2020-08-19T14:00:00+00:00,40.322,-74.1283,470.0,183.7681427001953,294.850341796875,292.221435546875,101063.3125,40.83952713012695,5.987814717268542,9.419866007023481,0.0,0,EF0,EST-5,19-AUG-20 08:57:00
916392,2020-08-04T00:00:00+00:00,34.1162,-78.3191,413.25,0.49700623750686646,298.388916015625,297.311767578125,100840.875,63.95516586303711,16.784435680307737,21.26775639963827,1.0,0,EF1,EST-5,03-AUG-20 19:15:00
920114,2020-09-01T20:00:00+00:00,35.4311,-92.0367,1919.75,97.21774291992188,299.659423828125,297.7392578125,98860.1875,49.678550720214844,9.604192699096966,17.128846623364538,2.0,1,EF2,CST-6,01-SEP-20 14:07:00
921845,2020-09-06T00:00:00+00:00,37.25,-119.2,36.875,,302.72607421875,274.8290710449219,81353.8125,17.298664093017578,0.3635782570315115,3.0535115160477506,1.0,0,EF1,PST-8,05-SEP-20 16:29:00
904086,2020-08-07T22:00:00+00:00,39.7966,-75.6582,1460.25,77.86083984375,298.8046875,295.5097351074219,101048.125,49.088539123535156,1.4723971162501683,10.921590365458258,1.0,0,EF1,EST-5,07-AUG-20 16:40:00
887392,2020-04-13T12:00:00+00:00,31.6877,-81.6861,176.3125,54.7501220703125,297.2330322265625,292.85516357421875,100683.25,55.29181671142578,21.898080021512897,30.108342872168116,0.0,0,EF0,EST-5,13-APR-20 06:47:00
920115,2020-09-01T19:00:00+00:00,35.2258,-92.4889,2457.375,83.73497772216797,300.064208984375,298.55810546875,99507.625,51.570228576660156,10.362777728161095,17.90410945185424,0.0,0,EF0,CST-6,01-SEP-20 13:13:00
906391,2020-08-16T21:00:00+00:00,28.3646,-80.6749,2993.25,143.22003173828125,301.96337890625,297.848388671875,101238.375,50.367916107177734,4.537278740804396,4.94321473523466,0.0,0,EF0,EST-5,16-AUG-20 15:48:00
899728,2020-04-12T23:00:00+00:00,32.1209,-88.9602,2011.875,37.32819366455078,296.177490234375,293.99530029296875,98588.0,55.53057861328125,18.50112191499451,28.966673912987545,0.0,0,EF0,CST-6,12-APR-20 17:10:00
924936,2020-07-16T00:00:00+00:00,34.5113,-106.7164,53.75,,303.7802734375,278.09228515625,83425.375,25.081741333007812,0.7231340282094882,1.3973334732099278,0.0,0,EF0,MST-7,15-JUL-20 17:03:00
916389,2020-08-04T00:00:00+00:00,33.8465,-77.9592,379.625,0.5438812375068665,299.384033203125,297.495361328125,100789.875,65.60750579833984,16.64015377650986,25.960523287311013,2.0,1,EF2,EST-5,03-AUG-20 18:55:00
928854,2020-11-25T03:00:00+00:00,35.104,-95.316,664.53125,16.69131088256836,287.7227783203125,286.6834716796875,98205.0,33.596595764160156,17.542576919031582,21.326462155579403,1.0,0,EF1,CST-6,24-NOV-20 20:54:00
916387,2020-08-04T02:00:00+00:00,34.2064,-77.981,633.875,0.9597300887107849,298.859619140625,297.4859619140625,100478.0,66.96028137207031,23.34507664917553,22.140069333665185,1.0,0,EF1,EST-5,03-AUG-20 20:59:00
928855,2020-11-25T04:00:00+00:00,35.258,-94.609,601.125,4.594662666320801,288.130615234375,287.09063720703125,98729.875,34.99896240234375,18.36217775430457,21.642935434815122,1.0,0,EF1,CST-6,24-NOV-20 21:50:00
920956,2020-04-12T17:00:00+00:00,32.65,-91.65,672.5625,84.44792938232422,295.08837890625,292.8775634765625,99666.375,45.568199157714844,21.058327059831242,33.260356284666344,1.0,0,EF1,CST-6,12-APR-20 11:10:00
920961,2020-04-12T17:00:00+00:00,32.6593,-91.6387,672.5625,84.44792938232422,295.08837890625,292.8775634765625,99666.375,45.568199157714844,21.058327059831242,33.260356284666344,1.0,0,EF1,CST-6,12-APR-20 11:11:00
921332,2020-09-01T22:00:00+00:00,36.329,-89.4981,563.25,50.125003814697266,300.37841796875,297.235595703125,99928.9375,50.710594177246094,9.038208947009501,23.220596697284453,0.0,0,EF0,CST-6,01-SEP-20 16:24:00
929632,2020-11-10T22:00:00+00:00,41.67,-88.75,97.0625,2.53151535987854,291.89453125,288.271728515625,97487.125,37.53898620605469,14.73092273733155,23.86033922504297,0.0,0,EF0,CST-6,10-NOV-20 16:19:00
921489,2020-09-17T13:00:00+00:00,33.2219,-80.6329,411.1875,11.391990661621094,298.353515625,297.10595703125,100582.875,55.95604705810547,14.087902111096858,19.43256249206286,1.0,0,EF1,EST-5,17-SEP-20 08:13:00
929633,2020-11-10T23:00:00+00:00,41.91,-88.53,404.5625,3.250084638595581,291.81640625,289.29815673828125,97183.625,38.81405258178711,16.71901451223744,28.718054719942437,0.0,0,EF0,CST-6,10-NOV-20 16:39:00
913112,2020-06-24T13:00:00+00:00,31.25,-90.04,1118.375,2.2077839374542236,296.001708984375,295.507568359375,100284.5,53.117183685302734,9.793536749932745,14.545222796944156,0.0,0,EF0,CST-6,24-JUN-20 06:35:00
892888,2020-05-23T21:00:00+00:00,42.4988,-89.9785,606.125,22.68762969970703,295.81982421875,292.28466796875,97585.1875,33.43828582763672,7.548083666272528,10.48727430264466,,0,EFU,CST-6,23-MAY-20 15:18:00
913352,2020-08-04T06:00:00+00:00,36.351,-77.093,516.25,0.484395295381546,296.173095703125,295.137939453125,100602.75,61.93107604980469,20.678232342973942,29.213216849139005,0.0,0,EF0,EST-5,04-AUG-20 01:11:00
921234,2020-08-27T22:00:00+00:00,41.505,-74.2602,214.125,70.17649841308594,303.94775390625,290.6297607421875,98323.25,46.98021697998047,8.622404868763297,20.358082461240425,1.0,0,EF1,EST-5,27-AUG-20 17:15:00
924593,2020-11-10T21:00:00+00:00,41.8512,-89.9391,468.75,52.2188720703125,291.486572265625,289.21630859375,97257.5,34.881290435791016,13.068514771700036,23.117522081546813,1.0,0,EF1,CST-6,10-NOV-20 15:00:00
924594,2020-11-10T21:00:00+00:00,41.7506,-90.2019,346.0,20.0469970703125,292.052001953125,289.41455078125,97590.5,35.927188873291016,13.455444785131048,22.34907813051759,1.0,0,EF1,CST-6,10-NOV-20 14:38:00
916394,2020-08-04T00:00:00+00:00,34.0403,-78.1409,367.5,0.32513123750686646,299.140869140625,297.666259765625,100716.875,66.91219329833984,17.55655835831589,23.521574241062897,0.0,0,EF0,EST-5,03-AUG-20 19:15:00
915455,2020-08-02T22:00:00+00:00,41.87,-73.5,1165.0,66.25212097167969,299.08984375,296.9679870605469,97827.8125,42.02190399169922,10.338064468294327,18.693757316289613,0.0,0,EF0,EST-5,02-AUG-20 16:36:00
914703,2020-08-10T21:00:00+00:00,43.28,-73.414,727.875,96.19647979736328,301.2333984375,295.76513671875,98868.625,41.05084991455078,3.2507541884516136,6.513515268869672,1.0,0,EF1,EST-5,10-AUG-20 16:05:00
914992,2020-07-27T00:00:00+00:00,34.6222,-86.9535,239.0,109.62606048583984,303.529052734375,293.773193359375,99520.4375,48.004798889160156,0.7627102679873956,3.891135138695894,,0,EFU,CST-6,26-JUL-20 17:53:00
930825,2020-12-24T06:00:00+00:00,31.6123,-89.8707,364.15625,3.6875405311584473,290.24786376953125,289.4241943359375,99694.875,36.56224060058594,17.906135851639284,22.39042339509074,0.0,0,EF0,CST-6,24-DEC-20 00:25:00
929768,2020-12-24T07:00:00+00:00,31.7838,-89.5077,327.0625,3.322402000427246,290.4813232421875,289.9134521484375,99724.0625,36.52717971801758,17.88475510251559,23.476818164513713,1.0,0,EF1,CST-6,24-DEC-20 01:02:00
929774,2020-12-24T07:00:00+00:00,31.8667,-89.2909,282.96875,6.728652000427246,290.1951904296875,289.5452880859375,99603.0625,35.85335159301758,18.452221368016072,23.39172822773188,0.0,0,EF0,CST-6,24-DEC-20 01:17:00
921246,2020-08-27T20:00:00+00:00,41.4459,-72.9875,405.5,110.4218978881836,303.8017578125,291.144775390625,99035.25,42.941688537597656,7.132699106825249,21.70089453567353,1.0,0,EF1,EST-5,27-AUG-20 14:53:00
925536,2020-11-15T07:00:00+00:00,35.2191,-92.0579,504.8125,54.81251525878906,293.3465881347656,292.41912841796875,98981.25,34.28231430053711,20.875742561595327,23.669922980747916,1.0,0,EF1,CST-6,15-NOV-20 01:15:00
929776,2020-12-24T07:00:00+00:00,31.9595,-89.1579,282.96875,6.728652000427246,290.1951904296875,289.5452880859375,99603.0625,35.85335159301758,18.452221368016072,23.39172822773188,1.0,0,EF1,CST-6,24-DEC-20 01:26:00
915456,2020-08-02T22:00:00+00:00,41.93,-73.37,1165.0,66.25212097167969,299.08984375,296.9679870605469,97827.8125,42.02190399169922,10.338064468294327,18.693757316289613,1.0,0,EF1,EST-5,02-AUG-20 17:05:00
913643,2020-08-27T18:00:00+00:00,42.2162,-74.5152,1511.75,51.017189025878906,297.37353515625,293.91796875,93569.625,37.5037841796875,9.605882987937886,23.37579078513873,1.0,0,EF1,EST-5,27-AUG-20 13:11:00
924589,2020-11-10T20:00:00+00:00,41.1233,-90.6691,465.9375,23.531278610229492,292.2421875,289.1767578125,97499.6875,35.13422393798828,10.584118701224812,22.55012147645073,1.0,0,EF1,CST-6,10-NOV-20 14:02:00
924595,2020-11-10T20:00:00+00:00,41.1699,-90.8965,524.875,5.921902656555176,291.486328125,288.9453125,97608.6875,36.13715362548828,12.051976000721604,23.262568924875477,1.0,0,EF1,CST-6,10-NOV-20 13:45:00
929758,2020-12-24T05:00:00+00:00,32.7295,-90.0465,231.84375,0.6094843149185181,289.70697021484375,289.010498046875,99875.625,36.76150894165039,15.147871582871163,15.201822091624354,0.0,0,EF0,CST-6,23-DEC-20 22:40:00
916154,2020-08-27T20:00:00+00:00,41.5771,-73.1886,404.125,106.1562728881836,304.1474609375,290.621337890625,98487.25,41.830360412597656,6.905145996499777,20.62407225684815,0.0,0,EF0,EST-5,27-AUG-20 14:36:00
885532,2020-04-13T12:00:00+00:00,34.2306,-78.636,40.75,5.578246116638184,294.7877197265625,292.25653076171875,100721.25,46.37091827392578,21.605568301448596,28.76338668587435,1.0,0,EF1,EST-5,13-APR-20 07:10:00
924596,2020-11-10T20:00:00+00:00,41.3288,-90.7283,465.9375,23.531278610229492,292.2421875,289.1767578125,97499.6875,35.13422393798828,10.584118701224812,22.55012147645073,1.0,0,EF1,CST-6,10-NOV-20 14:03:00
915724,2020-08-02T23:00:00+00:00,42.0202,-73.2007,1339.25,75.4046859741211,298.494873046875,296.9429931640625,97519.9375,41.73607635498047,11.161679559277859,17.156455605432154,0.0,0,EF0,EST-5,02-AUG-20 17:36:00
913631,2020-08-04T10:00:00+00:00,37.6274,-76.3358,157.125,0.2969013750553131,298.010498046875,296.55615234375,100259.0,65.2713851928711,17.05015200041757,24.34253158086326,2.0,1,EF2,EST-5,04-AUG-20 04:40:00
880407,2020-03-03T04:00:00+00:00,36.0323,-88.8275,2239.875,0.5339329838752747,289.705810546875,287.20697021484375,99175.3125,31.2880859375,17.995661217017517,20.774789723894923,1.0,0,EF1,CST-6,02-MAR-20 22:12:00
913536,2020-08-04T07:00:00+00:00,36.645,-76.99,760.0,0.3595079779624939,296.290283203125,295.048583984375,100497.9375,60.077850341796875,21.031956602574496,24.262440089053126,2.0,1,EF2,EST-5,04-AUG-20 01:49:00
913350,2020-08-04T05:00:00+00:00,35.887,-76.89,633.875,0.3940708041191101,296.833740234375,295.78173828125,100864.6875,61.01719284057617,19.818113492791316,28.427682820371498,3.0,1,EF3,EST-5,04-AUG-20 00:15:00
934459,2020-12-23T22:00:00+00:00,30.6341,-93.7149,657.9375,2.6072115898132324,294.33465576171875,292.87127685546875,100300.625,31.81797218322754,10.248635553711795,11.87910965801483,2.0,1,EF2,CST-6,23-DEC-20 15:54:00
934460,2020-12-24T01:00:00+00:00,30.6649,-93.9058,745.0625,1.5001574754714966,292.7449645996094,292.050537109375,100461.4375,33.35336685180664,12.849899287918893,16.132133299423078,1.0,0,EF1,CST-6,23-DEC-20 18:59:00
925438,2020-11-30T21:00:00+00:00,40.23,-75.24,318.03125,0.21935074031352997,291.047607421875,289.85784912109375,98269.625,32.33373260498047,22.800273148775972,25.52658035812565,0.0,0,EF0,EST-5,30-NOV-20 15:52:00
901999,2020-08-14T22:00:00+00:00,40.8413,-97.8645,3111.0,121.89453125,301.215576171875,295.09814453125,95188.4375,45.00088119506836,1.1050753635290045,10.384088897729997,0.0,0,EF0,CST-6,14-AUG-20 16:12:00
902000,2020-08-14T23:00:00+00:00,40.6986,-97.8841,3779.5,118.1875991821289,301.034423828125,295.01025390625,95225.9375,46.48815155029297,1.0774670334672354,10.55726946223516,0.0,0,EF0,CST-6,14-AUG-20 16:36:00
930947,2020-11-18T22:00:00+00:00,39.65,-121.56,123.640625,,284.084716796875,280.312255859375,92767.9375,12.980216979980469,4.39018963328753,13.100573366239606,0.0,0,EF0,PST-8,18-NOV-20 13:55:00
930948,2020-11-19T00:00:00+00:00,38.63,-121.0,136.875,,286.681396484375,283.487548828125,96858.9375,17.273136138916016,6.822495345474794,14.660198400160242,0.0,0,EF0,PST-8,18-NOV-20 15:30:00
932733,2020-12-25T01:00:00+00:00,33.6108,-80.1438,108.4375,,291.306884765625,288.4892578125,99940.0625,36.05350875854492,17.02109842835085,16.963967947696222,1.0,0,EF1,EST-5,24-DEC-20 19:30:00
913264,2020-08-14T23:00:00+00:00,40.7091,-97.8805,3779.5,118.1875991821289,301.034423828125,295.01025390625,95225.9375,46.48815155029297,1.0774670334672354,10.55726946223516,0.0,0,EF0,CST-6,14-AUG-20 16:34:00
892847,2020-05-15T03:00:00+00:00,41.3179,-90.0762,354.5,98.90848541259766,291.994140625,290.88836669921875,98379.5,41.779788970947266,14.029021004366713,16.889131676471937,1.0,0,EF1,CST-6,14-MAY-20 21:16:00
913489,2020-08-04T07:00:00+00:00,36.524,-76.958,778.625,0.8751329779624939,296.464111328125,295.281005859375,100421.9375,60.189178466796875,22.67572926332089,24.724313687965157,0.0,0,EF0,EST-5,04-AUG-20 01:37:00
918972,2020-08-29T23:00:00+00:00,43.2677,-73.8351,968.125,101.6197738647461,294.393310546875,292.748046875,95841.0625,34.66419219970703,14.560749940327256,15.239636206948285,0.0,0,EF0,EST-5,29-AUG-20 17:56:00
915783,2020-08-27T19:00:00+00:00,41.7,-73.499,442.625,216.96896362304688,302.659912109375,292.184814453125,97502.4375,41.0860595703125,6.910237895406342,21.6144276480738,0.0,0,EF0,EST-5,27-AUG-20 14:24:00
915812,2020-08-29T21:00:00+00:00,42.939,-73.7,1037.5,56.09379196166992,298.85791015625,294.235595703125,97157.125,40.553863525390625,8.711053067844386,14.785054160614365,1.0,0,EF1,EST-5,29-AUG-20 16:26:00
915361,2020-08-02T23:00:00+00:00,42.0911,-73.0769,992.875,51.32656478881836,298.336669921875,296.7301025390625,96793.9375,40.25170135498047,10.871431325729393,17.107359228376716,0.0,0,EF0,EST-5,02-AUG-20 17:58:00
915814,2020-08-29T22:00:00+00:00,42.916,-73.595,825.875,52.26570129394531,296.813232421875,294.258544921875,97074.5,36.37712860107422,12.982102362186856,17.31244512797263,1.0,0,EF1,EST-5,29-AUG-20 16:42:00
925431,2020-11-30T20:00:00+00:00,39.0675,-75.852,262.34375,0.8280381560325623,291.4599609375,289.80450439453125,99217.3125,33.70751953125,21.014340471174243,23.77961626337099,0.0,0,EF0,EST-5,30-NOV-20 15:13:00
928427,2020-12-24T23:00:00+00:00,29.8855,-82.1426,783.625,10.156257629394531,295.0047607421875,291.8448486328125,100366.9375,40.44648742675781,21.03111156611191,22.089590952744846,1.0,0,EF1,EST-5,24-DEC-20 18:16:00
929760,2020-12-24T05:00:00+00:00,31.5714,-90.7532,553.0625,1.078234314918518,290.42864990234375,289.753662109375,99610.625,37.13650894165039,17.321106789398986,21.31281352187746,1.0,0,EF1,CST-6,23-DEC-20 23:24:00
929762,2020-12-24T06:00:00+00:00,31.6242,-90.61,177.03125,,289.95391845703125,289.2415771484375,99730.875,36.78001403808594,11.596394503642772,18.892041484795577,0.0,0,EF0,CST-6,23-DEC-20 23:36:00
929763,2020-12-24T06:00:00+00:00,31.617,-90.5478,243.78125,1.4062904119491577,290.37384033203125,289.7015380859375,99613.875,37.12474060058594,14.95121833636472,20.071797866883514,0.0,0,EF0,CST-6,23-DEC-20 23:41:00
913265,2020-08-14T23:00:00+00:00,40.5867,-97.9215,3612.875,166.31259155273438,304.028564453125,294.81689453125,95272.9375,44.43639373779297,1.1677139388642326,9.870043106096208,0.0,0,EF0,CST-6,14-AUG-20 16:53:00
929765,2020-12-24T06:00:00+00:00,31.6596,-90.4146,243.78125,1.4062904119491577,290.37384033203125,289.7015380859375,99613.875,37.12474060058594,14.95121833636472,20.071797866883514,1.0,0,EF1,CST-6,23-DEC-20 23:51:00
929772,2020-12-24T07:00:00+00:00,31.83,-89.4293,327.0625,3.322402000427246,290.4813232421875,289.9134521484375,99724.0625,36.52717971801758,17.88475510251559,23.476818164513713,0.0,0,EF0,CST-6,24-DEC-20 01:07:00
928616,2020-12-25T00:00:00+00:00,30.1706,-81.6453,432.0625,3.9765775203704834,294.1333923339844,290.845458984375,100647.375,40.87981033325195,19.337038058643305,22.381318164314134,1.0,0,EF1,EST-5,24-DEC-20 18:45:00
928619,2020-12-25T00:00:00+00:00,30.2142,-81.5427,484.0625,38.36720275878906,294.2906188964844,290.114013671875,100766.375,39.15715408325195,19.0153594716487,21.12058118698129,1.0,0,EF1,EST-5,24-DEC-20 18:54:00
924590,2020-11-10T21:00:00+00:00,41.4094,-90.0609,225.1875,34.2813720703125,293.138916015625,289.56494140625,97636.5,36.117618560791016,14.141472274552129,21.08878411935827,1.0,0,EF1,CST-6,10-NOV-20 14:42:00
924592,2020-11-10T21:00:00+00:00,41.7479,-89.8849,343.125,42.7344970703125,292.456298828125,289.44677734375,97680.5,35.392032623291016,13.291346170209817,21.872092339325782,1.0,0,EF1,CST-6,10-NOV-20 14:50:00
929778,2020-12-24T06:00:00+00:00,31.586,-90.633,275.65625,1.0312904119491577,290.44415283203125,289.8470458984375,99569.875,37.79954528808594,13.698465103906587,20.79611490180806,0.0,0,EF0,CST-6,23-DEC-20 23:32:00
929779,2020-12-24T04:00:00+00:00,32.7076,-90.1827,258.15625,0.6964205503463745,290.1439208984375,289.64361572265625,100078.9375,36.76496505737305,14.576367278365895,17.190595220240056,0.0,0,EF0,CST-6,23-DEC-20 22:26:00
929759,2020-12-24T05:00:00+00:00,31.5573,-90.8446,468.78125,1.250109314918518,290.38958740234375,289.738037109375,99811.625,37.72146987915039,16.082168564252218,20.931629397538018,1.0,0,EF1,CST-6,23-DEC-20 23:17:00
929761,2020-12-24T06:00:00+00:00,31.5827,-90.642,275.65625,1.0312904119491577,290.44415283203125,289.8470458984375,99569.875,37.79954528808594,13.698465103906587,20.79611490180806,0.0,0,EF0,CST-6,23-DEC-20 23:31:00
926199,2020-10-11T19:00:00+00:00,34.3643,-79.5002,1157.875,37.26578903198242,299.049560546875,296.3984375,100436.5,51.71770477294922,6.3850145582179305,14.45253161929517,1.0,0,EF1,EST-5,11-OCT-20 14:20:00
926204,2020-10-11T20:00:00+00:00,33.8767,-79.0725,798.75,48.14665222167969,298.621826171875,295.860595703125,100815.3125,55.58934783935547,8.07267153208289,10.513508577969738,1.0,0,EF1,EST-5,11-OCT-20 15:19:00
898592,2020-06-07T23:00:00+00:00,44.7771,-99.5698,1248.875,171.54307556152344,305.164794921875,290.638671875,93564.1875,41.0477294921875,9.936758714871946,10.62173183499705,1.0,0,EF1,CST-6,07-JUN-20 17:05:00
888075,2020-06-09T00:00:00+00:00,48.38,-96.16,1690.0,33.468788146972656,297.48974609375,293.86651611328125,96293.6875,46.733985900878906,4.001727568063187,14.038139303110789,1.0,0,EF1,CST-6,08-JUN-20 18:17:00
888084,2020-06-09T02:00:00+00:00,48.58,-95.27,1342.875,66.01565551757812,294.337890625,293.1805725097656,96012.6875,42.27107238769531,4.908761296709796,16.751705699059244,1.0,0,EF1,CST-6,08-JUN-20 19:45:00
924519,2020-10-10T21:00:00+00:00,32.9462,-85.3531,454.0,13.640701293945312,296.67529296875,295.3441162109375,98190.375,56.57183837890625,13.951956610087274,17.916975364709465,0.0,0,EF0,CST-6,10-OCT-20 15:14:00
898596,2020-06-07T23:00:00+00:00,44.911,-99.4527,1189.25,129.46495056152344,302.881591796875,292.03125,93425.1875,38.8016357421875,9.708326935150394,8.480547198502574,1.0,0,EF1,CST-6,07-JUN-20 17:17:00
898769,2020-06-07T23:00:00+00:00,45.0408,-99.3989,1189.25,129.46495056152344,302.881591796875,292.03125,93425.1875,38.8016357421875,9.708326935150394,8.480547198502574,1.0,0,EF1,CST-6,07-JUN-20 17:25:00
898777,2020-06-08T02:00:00+00:00,45.7796,-98.6655,693.25,188.6251678466797,295.69189453125,292.1761474609375,94852.875,47.110313415527344,11.505583666920371,26.501736463185924,0.0,0,EF0,CST-6,07-JUN-20 19:30:00
897913,2020-06-17T23:00:00+00:00,48.65,-96.26,1940.5,194.78134155273438,304.796142578125,292.259033203125,96728.8125,40.1396484375,11.195341509701548,20.76564649400325,1.0,0,EF1,CST-6,17-JUN-20 16:33:00
923095,2020-10-07T19:00:00+00:00,42.9012,-74.6256,303.375,32.000125885009766,286.45166015625,284.19921875,95369.6875,17.424068450927734,17.87089518910913,23.404718663162246,0.0,0,EF0,EST-5,07-OCT-20 14:14:00
897924,2020-06-18T02:00:00+00:00,48.39,-96.65,1957.0625,75.54694366455078,296.2255859375,293.17620849609375,97241.125,43.94883728027344,17.743004654030752,21.163918982990698,1.0,0,EF1,CST-6,17-JUN-20 19:49:00
919451,2020-10-10T22:00:00+00:00,33.402,-84.793,857.25,19.093965530395508,296.52001953125,294.99169921875,97734.4375,57.629119873046875,10.957998896208135,21.390104962864513,0.0,0,EF0,EST-5,10-OCT-20 17:18:00
897930,2020-06-18T02:00:00+00:00,48.98,-95.99,1795.0625,20.31256675720215,298.416015625,292.58148193359375,96845.125,45.46348571777344,13.690827473425427,25.748031661001555,1.0,0,EF1,CST-6,17-JUN-20 20:10:00
919447,2020-10-10T22:00:00+00:00,33.365,-84.811,857.25,19.093965530395508,296.52001953125,294.99169921875,97734.4375,57.629119873046875,10.957998896208135,21.390104962864513,0.0,0,EF0,EST-5,10-OCT-20 17:12:00
919438,2020-10-10T21:00:00+00:00,33.587,-83.877,784.625,108.21882629394531,299.57177734375,293.6849365234375,98500.375,48.02398681640625,10.911946441570686,17.017699918616575,1.0,0,EF1,EST-5,10-OCT-20 15:34:00
926209,2020-10-11T21:00:00+00:00,33.8148,-79.0196,1073.5,17.15627670288086,298.5947265625,296.679931640625,100941.1875,53.86335372924805,9.124052111280172,11.248918742524882,0.0,0,EF0,EST-5,11-OCT-20 15:31:00
922798,2020-10-28T23:00:00+00:00,33.1392,-88.5032,242.375,69.4843978881836,296.680419921875,295.797607421875,99977.5,58.761512756347656,19.019777384842392,12.893947747263155,1.0,0,EF1,CST-6,28-OCT-20 17:09:00
893234,2020-06-20T22:00:00+00:00,46.02,-98.45,1394.625,27.71879768371582,292.62255859375,289.463623046875,95895.75,26.447860717773438,6.887200995457336,13.960379698304129,,0,EFU,CST-6,20-JUN-20 16:25:00
926214,2020-10-11T22:00:00+00:00,34.1129,-78.6586,676.875,1.5411455631256104,297.39990234375,297.02685546875,100755.75,50.174774169921875,8.238748152860213,11.313253722922981,1.0,0,EF1,EST-5,11-OCT-20 16:51:00
906406,2020-06-04T23:00:00+00:00,36.0073,-88.9216,2542.625,78.2657699584961,299.796875,295.858154296875,99502.375,42.94691467285156,7.9174934597918805,16.810215363619314,0.0,0,EF0,CST-6,04-JUN-20 16:44:00
916464,2020-10-10T12:00:00+00:00,47.3688,-123.9473,26.0,0.5782447457313538,284.73193359375,283.527099609375,96211.25,21.44710350036621,7.034173452127811,17.03288362795437,1.0,0,EF1,PST-8,10-OCT-20 03:40:00
906386,2020-06-21T01:00:00+00:00,45.0405,-98.0404,701.375,105.9844970703125,295.532470703125,288.5810546875,95476.0625,26.351240158081055,7.445827220188607,12.098782389794753,0.0,0,EF0,CST-6,20-JUN-20 19:09:00
918091,2020-10-07T22:00:00+00:00,42.1842,-71.3733,0.3125,,289.854736328125,282.72509765625,98849.25,18.339494705200195,20.528214146636486,23.311020135044288,0.0,0,EF0,EST-5,07-OCT-20 16:50:00
922795,2020-10-09T22:00:00+00:00,31.4343,-90.7235,204.0,10.00002670288086,297.693603515625,295.39013671875,99406.9375,57.57923126220703,12.945973428948971,25.81376298196803,0.0,0,EF0,CST-6,09-OCT-20 15:34:00
893337,2020-06-29T01:00:00+00:00,46.35,-101.03,1087.125,262.98736572265625,305.56982421875,291.387939453125,92984.125,34.31441116333008,4.008720566745532,7.615346954265809,,0,EFU,CST-6,28-JUN-20 19:27:00
893532,2020-06-29T02:00:00+00:00,48.93,-100.45,1242.375,279.9689025878906,291.9931640625,291.95855712890625,93388.1875,37.87830352783203,9.791717678665067,19.563246923124037,,0,EFU,CST-6,28-JUN-20 20:00:00
893542,2020-06-29T02:00:00+00:00,48.9261,-100.4515,1242.375,279.9689025878906,291.9931640625,291.95855712890625,93388.1875,37.87830352783203,9.791717678665067,19.563246923124037,1.0,0,EF1,CST-6,28-JUN-20 20:05:00
888016,2020-06-08T22:00:00+00:00,47.65,-97.9,784.375,34.890804290771484,299.46533203125,291.47216796875,95215.125,39.01140594482422,0.8792995619116054,9.223832460361866,1.0,0,EF1,CST-6,08-JUN-20 15:30:00
888030,2020-06-08T22:00:00+00:00,47.67,-97.88,784.375,34.890804290771484,299.46533203125,291.47216796875,95215.125,39.01140594482422,0.8792995619116054,9.223832460361866,1.0,0,EF1,CST-6,08-JUN-20 15:33:00
922406,2020-10-23T20:00:00+00:00,36.9407,-88.7891,1049.125,6.664746284484863,297.581787109375,291.8302001953125,100051.6875,37.65974426269531,8.318044313110832,12.654132582315064,,0,EFU,CST-6,23-OCT-20 14:18:00
906412,2020-06-05T00:00:00+00:00,35.9042,-88.4728,2941.75,37.92192840576172,298.262939453125,295.560546875,99201.875,46.19894027709961,9.350335316026298,14.74706366316504,0.0,0,EF0,CST-6,04-JUN-20 17:51:00
899164,2020-06-24T19:00:00+00:00,30.9817,-88.1666,1315.625,6.56252384185791,298.205078125,296.620361328125,100976.75,54.38694763183594,10.778052831378071,18.611634546704135,1.0,0,EF1,CST-6,24-JUN-20 12:49:00
888021,2020-06-08T22:00:00+00:00,47.85,-97.49,1381.0,54.718929290771484,298.97021484375,293.36474609375,96578.125,43.57976531982422,0.4863731902257545,10.837832123905427,0.0,0,EF0,CST-6,08-JUN-20 16:09:00
887754,2020-06-08T00:00:00+00:00,46.0404,-99.4196,1549.25,26.922042846679688,297.7890625,292.49713134765625,92930.8125,43.2386474609375,5.478899950142048,18.279728175512336,,0,EFU,CST-6,07-JUN-20 17:45:00
896740,2020-06-08T02:00:00+00:00,47.97,-98.35,652.0,133.2189178466797,293.08349609375,290.7698974609375,94827.875,41.090782165527344,6.236738048088609,20.558586325625356,0.0,0,EF0,CST-6,07-JUN-20 19:52:00
889033,2020-06-20T22:00:00+00:00,44.1097,-88.6526,843.5,26.34379768371582,296.64599609375,293.421630859375,98128.75,45.18809509277344,5.815570535137063,12.639531286271685,0.0,0,EF0,CST-6,20-JUN-20 16:01:00
889034,2020-06-20T22:00:00+00:00,44.0848,-88.6582,537.5,75.75004577636719,296.39013671875,292.775146484375,98019.75,43.75938415527344,5.006101049109867,10.533645212937248,0.0,0,EF0,CST-6,20-JUN-20 16:23:00
889035,2020-06-20T23:00:00+00:00,43.9139,-88.4666,333.8125,41.48704147338867,296.363525390625,293.865478515625,97849.1875,41.63445281982422,5.340523609973049,9.518237291099213,0.0,0,EF0,CST-6,20-JUN-20 16:35:00
891024,2020-06-10T01:00:00+00:00,40.0774,-84.354,413.125,451.4257507324219,299.931640625,293.92681884765625,97264.375,51.63703155517578,12.92882609569396,13.24014285174784,0.0,0,EF0,EST-5,09-JUN-20 19:32:00
904020,2020-06-09T23:00:00+00:00,40.6997,-88.1472,528.75,28.031322479248047,298.3994140625,295.9044494628906,97246.6875,51.62191390991211,17.21274879180978,21.47548476000281,,0,EFU,CST-6,09-JUN-20 17:24:00
904021,2020-06-09T23:00:00+00:00,40.7168,-88.1239,528.75,28.031322479248047,298.3994140625,295.9044494628906,97246.6875,51.62191390991211,17.21274879180978,21.47548476000281,,0,EFU,CST-6,09-JUN-20 17:26:00
899167,2020-06-24T18:00:00+00:00,30.8105,-88.5751,1447.125,7.109436988830566,297.634765625,296.347412109375,101175.375,55.18679428100586,11.794280321379224,18.14646430072607,0.0,0,EF0,CST-6,24-JUN-20 12:19:00
927911,2020-11-25T08:00:00+00:00,32.0795,-94.1294,903.03125,16.926454544067383,292.1102294921875,291.2271728515625,100046.5,36.63091278076172,17.351069900148055,15.687362061195465,1.0,0,EF1,CST-6,25-NOV-20 01:51:00
887998,2020-06-08T21:00:00+00:00,47.57,-97.9,758.375,46.85404586791992,299.02294921875,292.5539855957031,95304.0625,39.08931350708008,0.23997550790746744,10.378561247723118,0.0,0,EF0,CST-6,08-JUN-20 15:17:00
892128,2020-06-06T22:00:00+00:00,28.57,-82.01,1283.0,34.5625,299.0986328125,297.541015625,100910.75,58.737030029296875,14.465841206269095,22.4982983498509,0.0,0,EF0,EST-5,06-JUN-20 16:53:00
892156,2020-06-06T22:00:00+00:00,27.9783,-82.77,1116.625,85.28125,300.4609375,298.18359375,101270.75,62.184295654296875,10.868138261665436,14.45128543272275,0.0,0,EF0,EST-5,06-JUN-20 16:59:00
892157,2020-06-06T22:00:00+00:00,28.93,-82.08,706.375,59.578125,297.9638671875,296.7197265625,101080.75,59.824920654296875,13.42883902190919,19.880758544954713,0.0,0,EF0,EST-5,06-JUN-20 17:20:00
927424,2020-11-30T08:00:00+00:00,30.5923,-83.5222,803.53125,0.32857006788253784,293.4765625,292.8209533691406,100064.625,44.82402038574219,19.319786924932817,22.1643125872517,1.0,0,EF1,EST-5,30-NOV-20 03:10:00
890442,2020-04-20T05:00:00+00:00,31.4208,-85.4178,220.25,65.51565551757812,294.1739501953125,292.995361328125,99283.75,42.126243591308594,15.420408997359134,26.552845279753786,1.0,0,EF1,CST-6,19-APR-20 22:35:00
899288,2020-06-24T11:00:00+00:00,30.4049,-91.1005,1025.875,10.1250581741333,296.1083984375,295.681884765625,101201.5625,53.568756103515625,9.42523045215967,13.157541145693774,1.0,0,EF1,CST-6,24-JUN-20 04:50:00
899291,2020-06-24T11:00:00+00:00,30.6017,-91.005,1165.25,1.9375582933425903,295.63330078125,295.183837890625,100822.5625,53.268951416015625,10.358629898377364,13.918996016193582,1.0,0,EF1,CST-6,24-JUN-20 05:25:00
899296,2020-06-24T20:00:00+00:00,30.6004,-91.3524,1142.5,48.45318603515625,297.017822265625,295.591796875,101144.9375,56.10417938232422,6.468013085563743,8.232867040855677,0.0,0,EF0,CST-6,24-JUN-20 13:30:00
897921,2020-06-18T02:00:00+00:00,48.23,-96.72,1854.125,60.750064849853516,296.5576171875,292.89007568359375,97277.125,43.33457946777344,18.10623958709341,20.505707974259177,0.0,0,EF0,CST-6,17-JUN-20 19:42:00
899307,2020-06-24T12:00:00+00:00,31.1971,-90.1248,1102.875,0.37839198112487793,295.671875,295.1328125,100122.1875,53.0970458984375,11.028404617669002,13.660606703564385,1.0,0,EF1,CST-6,24-JUN-20 06:20:00
899309,2020-06-24T17:00:00+00:00,30.3679,-89.0857,1636.625,1.8582854270935059,297.166259765625,295.99072265625,101286.25,55.937950134277344,12.507847767676843,17.01472241783016,0.0,0,EF0,CST-6,24-JUN-20 11:27:00
905108,2020-06-11T00:00:00+00:00,34.602,-82.189,1342.625,64.25001525878906,300.577392578125,297.156494140625,98670.4375,53.65951919555664,11.998327384860232,9.056085525600883,0.0,0,EF0,EST-5,10-JUN-20 19:29:00
894241,2020-06-06T21:00:00+00:00,41.4594,-106.4015,1185.5,2.896214485168457,288.37841796875,283.36083984375,74205.625,18.90923309326172,0.575862620323744,2.3727441749707414,1.0,0,EF1,MST-7,06-JUN-20 13:51:00
899311,2020-06-24T18:00:00+00:00,30.5075,-88.9405,1572.375,8.859436988830566,297.7861328125,296.570068359375,101410.375,57.14773178100586,12.510119387215452,16.21377118169777,1.0,0,EF1,CST-6,24-JUN-20 11:34:00
899315,2020-06-24T18:00:00+00:00,30.5247,-88.9177,1572.375,8.859436988830566,297.7861328125,296.570068359375,101410.375,57.14773178100586,12.510119387215452,16.21377118169777,1.0,0,EF1,CST-6,24-JUN-20 11:40:00
899317,2020-06-24T18:00:00+00:00,30.5977,-88.4801,1489.25,1.7656867504119873,298.384765625,296.473388671875,101161.375,53.55788803100586,10.616301017735127,18.524534772857955,0.0,0,EF0,CST-6,24-JUN-20 11:58:00
899683,2020-06-20T22:00:00+00:00,42.01,-100.21,804.125,66.26567077636719,299.92919921875,286.318115234375,91500.75,25.848251342773438,1.7985120309912248,12.63413541559655,0.0,0,EF0,CST-6,20-JUN-20 16:25:00
890563,2020-04-20T05:00:00+00:00,31.4007,-85.2142,432.625,24.890657424926758,294.3731689453125,293.300048828125,99402.75,41.706321716308594,15.594957314749507,26.221260460991555,1.0,0,EF1,CST-6,19-APR-20 22:45:00
890569,2020-04-20T05:00:00+00:00,31.4455,-85.2619,432.625,24.890657424926758,294.3731689453125,293.300048828125,99402.75,41.706321716308594,15.594957314749507,26.221260460991555,1.0,0,EF1,CST-6,19-APR-20 22:46:00
890571,2020-04-20T05:00:00+00:00,31.3994,-85.279,432.625,24.890657424926758,294.3731689453125,293.300048828125,99402.75,41.706321716308594,15.594957314749507,26.221260460991555,2.0,1,EF2,CST-6,19-APR-20 22:40:00
899581,2020-06-09T00:00:00+00:00,41.52,-100.14,1536.25,41.750038146972656,301.33935546875,289.78546142578125,90218.6875,36.312110900878906,0.8184117225570262,17.85506429948169,0.0,0,EF0,CST-6,08-JUN-20 17:48:00
899587,2020-06-09T00:00:00+00:00,41.23,-100.37,1336.875,80.60941314697266,303.02978515625,288.39874267578125,89988.6875,33.343360900878906,0.3036006841430542,15.419479931870889,0.0,0,EF0,CST-6,08-JUN-20 18:26:00
899607,2020-06-09T01:00:00+00:00,41.77,-99.78,1123.125,27.769433975219727,297.1591796875,292.51092529296875,91347.5625,40.490962982177734,1.5145734664861032,23.919026905173524,0.0,0,EF0,CST-6,08-JUN-20 18:46:00
899651,2020-06-09T01:00:00+00:00,41.48,-99.92,1155.5,210.55068969726562,298.3720703125,292.10760498046875,90623.5625,38.971431732177734,1.3949273322681959,22.459945129970592,0.0,0,EF0,CST-6,08-JUN-20 19:20:00
866656,2020-01-11T06:00:00+00:00,31.4619,-94.8401,1483.375,33.633941650390625,292.9096984863281,292.4511413574219,99341.5625,40.46068572998047,18.74692890292912,30.550463103238467,1.0,0,EF1,CST-6,10-JAN-20 23:53:00
899165,2020-06-24T19:00:00+00:00,30.7059,-88.2177,1415.125,0.4062739312648773,299.0166015625,296.532470703125,101155.75,53.95530700683594,9.8113621523277,17.672823661543283,0.0,0,EF0,CST-6,24-JUN-20 12:39:00
899166,2020-06-24T18:00:00+00:00,30.756,-88.8579,1531.25,18.26568603515625,297.203125,296.082763671875,101107.375,56.38991928100586,12.374194347065544,15.51835294717634,1.0,0,EF1,CST-6,24-JUN-20 12:00:00
899952,2020-06-24T18:00:00+00:00,30.791,-88.5151,1489.25,1.7656867504119873,298.384765625,296.473388671875,101161.375,53.55788803100586,10.616301017735127,18.524534772857955,1.0,0,EF1,CST-6,24-JUN-20 12:22:00
889152,2020-06-06T22:00:00+00:00,28.5001,-81.4361,1128.625,24.359375,298.3486328125,296.931640625,101000.75,56.774139404296875,14.486813755535888,22.751591492473857,0.0,0,EF0,EST-5,06-JUN-20 17:07:00
889153,2020-06-06T23:00:00+00:00,28.4634,-81.4074,1035.625,75.4942626953125,297.955078125,296.705322265625,101061.5,58.54595184326172,13.464803428397182,19.70489321603529,0.0,0,EF0,EST-5,06-JUN-20 17:40:00
889165,2020-06-07T00:00:00+00:00,28.8387,-81.2614,830.25,102.96881103515625,298.008544921875,296.5689392089844,101251.625,58.26895523071289,13.719650717898842,19.113142859919204,0.0,0,EF0,EST-5,06-JUN-20 19:27:00
889154,2020-06-06T23:00:00+00:00,28.4701,-81.3559,1035.625,75.4942626953125,297.955078125,296.705322265625,101061.5,58.54595184326172,13.464803428397182,19.70489321603529,1.0,0,EF1,EST-5,06-JUN-20 18:20:00
888560,2020-06-19T00:00:00+00:00,43.3138,-94.1028,613.125,47.14738845825195,294.929931640625,293.26611328125,97154.375,49.18291091918945,5.353535691804054,10.507516200385504,,0,EFU,CST-6,18-JUN-20 17:37:00
890573,2020-04-20T05:00:00+00:00,31.1,-85.78,297.875,180.57815551757812,294.7510986328125,293.283447265625,99584.75,43.228782653808594,15.933359168450627,24.98775232420028,0.0,0,EF0,CST-6,19-APR-20 22:32:00
890575,2020-04-20T05:00:00+00:00,31.21,-85.46,236.25,126.21878051757812,294.9239501953125,293.522705078125,99561.75,42.003196716308594,15.879088689582979,24.446483316527065,1.0,0,EF1,CST-6,19-APR-20 22:42:00
887766,2020-06-08T00:00:00+00:00,46.26,-98.98,1598.25,70.71891784667969,298.701171875,292.96881103515625,93258.8125,39.8148193359375,6.934856770661197,17.195368263720844,,0,EFU,CST-6,07-JUN-20 18:20:00
889517,2020-06-07T20:00:00+00:00,28.8984,-81.8119,2826.1875,75.68778991699219,302.16455078125,298.1923828125,101092.9375,58.91918182373047,10.403378880382002,15.115302697113512,0.0,0,EF0,EST-5,07-JUN-20 14:40:00
892991,2020-06-07T20:00:00+00:00,29.9394,-82.3885,1379.4375,2.6096630096435547,298.45068359375,296.6279296875,100974.9375,60.67113494873047,10.535634794654031,12.474440884142656,0.0,0,EF0,EST-5,07-JUN-20 15:05:00
866662,2020-01-11T06:00:00+00:00,32.3289,-94.4356,953.8125,9.774567604064941,293.3530578613281,293.0585632324219,99351.5625,40.50365447998047,17.74169904659117,31.097450833681467,1.0,0,EF1,CST-6,11-JAN-20 00:18:00
866665,2020-01-11T07:00:00+00:00,32.6402,-94.2112,452.0,1.312726378440857,291.0307922363281,290.34356689453125,99555.8125,40.85739517211914,16.225573363944108,30.59110567740288,0.0,0,EF0,CST-6,11-JAN-20 00:30:00
901206,2020-06-29T02:00:00+00:00,44.0318,-91.7238,876.125,18.609529495239258,297.4609375,294.52984619140625,97076.1875,41.97303009033203,11.022300825929372,13.78373887051654,0.0,0,EF0,CST-6,28-JUN-20 19:54:00
886388,2020-06-10T22:00:00+00:00,39.3786,-83.0791,1403.625,46.9688720703125,304.267578125,294.7724609375,97345.0625,47.843204498291016,13.132128084096268,20.825476181079548,0.0,0,EF0,EST-5,10-JUN-20 17:18:00
889521,2020-06-07T23:00:00+00:00,28.7914,-81.704,1590.0,61.10557556152344,300.539794921875,297.6884765625,101043.1875,57.5399169921875,7.586292672554497,10.357241252701856,0.0,0,EF0,EST-5,07-JUN-20 17:41:00
911115,2020-08-14T01:00:00+00:00,48.07,-96.04,2865.75,86.65624237060547,295.495849609375,292.964111328125,97135.5625,43.15325927734375,7.778917972997334,10.190391815238272,1.0,0,EF1,CST-6,13-AUG-20 19:04:00
866668,2020-01-11T07:00:00+00:00,31.773,-94.2021,1217.9375,6.6877264976501465,291.7495422363281,291.32501220703125,99364.8125,40.36423110961914,21.77580236706193,32.428557303422124,1.0,0,EF1,CST-6,11-JAN-20 00:39:00
914662,2020-08-05T02:00:00+00:00,38.78,-103.93,1352.75,,299.022216796875,286.630859375,83221.1875,25.90083122253418,0.3659225727082936,1.6480187884865594,0.0,0,EF0,MST-7,04-AUG-20 18:56:00
995031,2020-11-30T11:00:00+00:00,28.172,-82.568,507.3125,18.292816162109375,295.5292663574219,293.14508056640625,100768.5625,44.91373825073242,14.027014739760373,18.161338029500733,,0,EFU,EST-5,30-NOV-20 06:18:00
879073,2020-04-23T18:00:00+00:00,31.0945,-82.9699,652.375,151.40625,300.23095703125,289.73504638671875,100392.375,46.50846862792969,13.145152494266897,24.95528744505382,0.0,0,EF0,EST-5,23-APR-20 12:32:00
890615,2020-04-13T10:00:00+00:00,31.48,-83.7,831.25,0.4298478662967682,295.1558837890625,293.6219177246094,99551.1875,56.97560501098633,20.50083819246449,22.83638778239697,1.0,0,EF1,EST-5,13-APR-20 04:36:00
890617,2020-04-13T10:00:00+00:00,31.4831,-83.6644,831.25,0.4298478662967682,295.1558837890625,293.6219177246094,99551.1875,56.97560501098633,20.50083819246449,22.83638778239697,1.0,0,EF1,EST-5,13-APR-20 04:38:00
926780,2020-12-16T22:00:00+00:00,28.061,-82.1662,254.53125,40.44755554199219,294.97528076171875,291.8952331542969,101017.25,44.16648864746094,11.292490781899591,16.832671768750732,1.0,0,EF1,EST-5,16-DEC-20 16:53:00
877341,2020-04-13T11:00:00+00:00,31.55,-82.96,384.125,8.079354286193848,295.5682373046875,293.78271484375,100001.375,57.306663513183594,21.38737881201017,27.30994841500635,0.0,0,EF0,EST-5,13-APR-20 05:39:00
890582,2020-04-13T10:00:00+00:00,31.5,-83.32,766.25,11.929847717285156,294.8404541015625,293.0428161621094,99746.1875,55.41896438598633,22.326769887841376,25.58174238697644,1.0,0,EF1,EST-5,13-APR-20 05:01:00
926782,2020-11-30T11:00:00+00:00,28.1,-82.69,548.6875,10.027191162109375,295.3671569824219,293.49371337890625,100928.5625,45.34733200073242,10.870399114215592,15.030116487182498,,0,EFU,EST-5,30-NOV-20 06:00:00
884164,2020-04-13T10:00:00+00:00,33.4539,-81.2651,133.6875,0.10172286629676819,294.4244384765625,292.6014099121094,99641.1875,47.45412063598633,17.68797136449191,32.0738655625289,3.0,1,EF3,EST-5,13-APR-20 04:51:00
890613,2020-04-20T06:00:00+00:00,31.42,-84.0,1104.125,6.841501712799072,292.0228576660156,291.4046325683594,99387.8125,42.72100067138672,15.819182620680829,26.381737741783734,2.0,1,EF2,EST-5,20-APR-20 01:10:00
890614,2020-04-20T06:00:00+00:00,31.4242,-83.9981,1104.125,6.841501712799072,292.0228576660156,291.4046325683594,99387.8125,42.72100067138672,15.819182620680829,26.381737741783734,2.0,1,EF2,EST-5,20-APR-20 01:11:00
879322,2020-04-23T20:00:00+00:00,31.04,-81.65,688.1875,7.915578365325928,301.8740234375,288.6836242675781,100946.9375,46.07976531982422,8.716690965633068,21.814137259297897,0.0,0,EF0,EST-5,23-APR-20 14:37:00
879325,2020-04-24T01:00:00+00:00,29.84,-82.87,608.9375,42.25010681152344,296.949951171875,293.0408935546875,100891.9375,44.71315383911133,12.57661460238724,22.909918399648323,0.0,0,EF0,EST-5,23-APR-20 20:11:00
935952,2020-09-17T12:00:00+00:00,33.769,-80.665,418.1875,3.1406776905059814,297.114013671875,295.9870910644531,100417.125,61.923038482666016,13.314147502158256,20.560904462607322,,0,EFU,EST-5,17-SEP-20 07:11:00
914168,2020-09-17T15:00:00+00:00,33.7297,-80.2981,743.3125,15.177337646484375,299.685791015625,297.41668701171875,100659.375,57.83047103881836,13.85954135415315,19.351733045342083,0.0,0,EF0,EST-5,17-SEP-20 10:14:00
914170,2020-09-17T14:00:00+00:00,33.5259,-80.4363,389.9375,6.147000789642334,298.898681640625,296.9940185546875,100582.3125,56.28022003173828,14.267041641359583,19.535584737743065,0.0,0,EF0,EST-5,17-SEP-20 09:17:00
879279,2020-04-23T18:00:00+00:00,31.22,-82.47,832.4375,222.75,301.18896484375,289.02117919921875,100604.375,45.82292175292969,11.054534594200572,25.48348374991072,0.0,0,EF0,EST-5,23-APR-20 13:05:00
914147,2020-09-17T12:00:00+00:00,33.7171,-80.601,418.1875,3.1406776905059814,297.114013671875,295.9870910644531,100417.125,61.923038482666016,13.314147502158256,20.560904462607322,,0,EFU,EST-5,17-SEP-20 06:58:00
935948,2020-09-17T12:00:00+00:00,33.741,-80.625,418.1875,3.1406776905059814,297.114013671875,295.9870910644531,100417.125,61.923038482666016,13.314147502158256,20.560904462607322,,0,EFU,EST-5,17-SEP-20 07:04:00
914176,2020-09-17T14:00:00+00:00,33.3859,-80.4847,389.9375,6.147000789642334,298.898681640625,296.9940185546875,100582.3125,56.28022003173828,14.267041641359583,19.535584737743065,0.0,0,EF0,EST-5,17-SEP-20 08:49:00
914167,2020-09-17T16:00:00+00:00,33.8747,-80.2788,734.1875,15.71082878112793,300.243896484375,297.47503662109375,100472.8125,58.97439956665039,14.111059435984947,19.868387727199853,0.0,0,EF0,EST-5,17-SEP-20 10:43:00
905054,2020-06-11T02:00:00+00:00,40.68,-80.44,913.6875,24.96881103515625,297.91455078125,293.309326171875,96824.875,48.0958137512207,15.585750644209016,16.165689749745365,1.0,0,EF1,EST-5,10-JUN-20 20:31:00
914153,2020-09-17T12:00:00+00:00,33.7242,-80.5725,418.1875,3.1406776905059814,297.114013671875,295.9870910644531,100417.125,61.923038482666016,13.314147502158256,20.560904462607322,,0,EFU,EST-5,17-SEP-20 06:59:00
905088,2020-06-11T01:00:00+00:00,40.744,-80.912,1034.8125,135.34378051757812,299.43505859375,293.205322265625,96580.4375,48.503395080566406,14.216603213340184,16.80349454913177,0.0,0,EF0,EST-5,10-JUN-20 20:11:00
914158,2020-09-17T17:00:00+00:00,33.7507,-80.5047,633.5625,29.513530731201172,300.210205078125,297.06756591796875,100336.3125,59.52406311035156,12.340747609852464,17.35211823088373,0.0,0,EF0,EST-5,17-SEP-20 12:19:00
905090,2020-06-11T01:00:00+00:00,40.891,-80.768,883.75,205.54690551757812,299.91064453125,292.986572265625,96721.4375,48.346168518066406,13.921116607879844,16.43624446742575,0.0,0,EF0,EST-5,10-JUN-20 20:24:00
914161,2020-09-17T17:00:00+00:00,33.6548,-80.7178,490.75,21.982280731201172,299.658447265625,296.73553466796875,100165.3125,60.70765686035156,12.873051196673591,17.73509948094918,0.0,0,EF0,EST-5,17-SEP-20 11:45:00
914166,2020-09-17T16:00:00+00:00,33.6498,-80.5875,635.0625,5.6639533042907715,300.044677734375,297.18792724609375,100251.8125,59.18338394165039,14.03471809948262,19.73174723176079,0.0,0,EF0,EST-5,17-SEP-20 11:06:00
870481,2020-01-11T19:00:00+00:00,34.3,-86.5571,196.8125,9.786996841430664,293.31048583984375,290.1067810058594,98041.6875,42.75061798095703,19.590023280253646,33.1506513118493,1.0,0,EF1,CST-6,11-JAN-20 13:13:00
870483,2020-01-11T19:00:00+00:00,34.3037,-86.5481,196.8125,9.786996841430664,293.31048583984375,290.1067810058594,98041.6875,42.75061798095703,19.590023280253646,33.1506513118493,0.0,0,EF0,CST-6,11-JAN-20 13:14:00
941645,2020-01-11T19:00:00+00:00,34.3974,-86.4466,171.3125,12.552621841430664,293.01751708984375,289.9671325683594,98054.6875,42.37659454345703,19.539813624662838,33.77325042565616,2.0,1,EF2,CST-6,11-JAN-20 13:19:00
884325,2020-04-13T10:00:00+00:00,33.2754,-81.5438,177.0,0.3048478662967682,294.5924072265625,292.4627380371094,99880.1875,50.44240188598633,18.356486247236376,34.81171134318411,3.0,1,EF3,EST-5,13-APR-20 04:33:00
866540,2020-01-11T06:00:00+00:00,31.5832,-94.7558,1481.125,60.087066650390625,293.0444641113281,292.6064147949219,99438.5625,39.23314666748047,21.995892008061944,30.721130737434517,1.0,0,EF1,CST-6,10-JAN-20 23:33:00
870479,2020-01-11T19:00:00+00:00,34.1749,-86.6197,231.3125,7.849497318267822,292.98333740234375,290.6419372558594,98215.6875,43.54261016845703,20.450113010513025,32.67332331007573,0.0,0,EF0,CST-6,11-JAN-20 13:03:00
994379,2020-07-11T20:00:00+00:00,43.8965,-70.758,608.25,107.63506317138672,301.67626953125,296.255859375,98734.3125,51.054603576660156,13.27542819455941,13.796902645851151,0.0,0,EF0,EST-5,11-JUL-20 14:33:00
866988,2020-01-11T08:00:00+00:00,32.5039,-93.4463,928.8125,1.312764048576355,291.2464294433594,290.7610778808594,99747.4375,42.23799514770508,17.987255772838644,34.85228996894915,2.0,1,EF2,CST-6,11-JAN-20 01:32:00
886932,2020-04-09T00:00:00+00:00,31.0714,-83.1965,313.375,91.2971420288086,299.880126953125,290.51080322265625,100252.125,45.67525100708008,7.599873704810033,12.391480542423531,0.0,0,EF0,EST-5,08-APR-20 19:22:00
886935,2020-04-09T00:00:00+00:00,31.072,-83.167,313.375,91.2971420288086,299.880126953125,290.51080322265625,100252.125,45.67525100708008,7.599873704810033,12.391480542423531,0.0,0,EF0,EST-5,08-APR-20 19:25:00
887908,2020-04-12T21:00:00+00:00,31.2763,-90.1732,1695.125,4.828165531158447,299.38720703125,294.7825927734375,98941.4375,53.269283294677734,15.567208219087664,26.41471631403149,4.0,1,EF4,CST-6,12-APR-20 14:39:00
912084,2020-07-11T20:00:00+00:00,43.8952,-70.7593,608.25,107.63506317138672,301.67626953125,296.255859375,98734.3125,51.054603576660156,13.27542819455941,13.796902645851151,0.0,0,EF0,EST-5,11-JUL-20 14:31:00
939795,2020-06-14T01:00:00+00:00,45.41,-122.47,30.0,13.571322441101074,286.873046875,284.88592529296875,99029.0,15.88574504852295,5.098013643712131,10.602724685957732,0.0,0,EF0,PST-8,13-JUN-20 17:28:00
934401,2020-12-14T07:00:00+00:00,33.3636,-86.9426,202.9375,13.850018501281738,287.174072265625,285.56890869140625,98582.75,37.80020523071289,14.379718672223513,32.0619233329684,0.0,0,EF0,CST-6,14-DEC-20 01:02:00
879314,2020-04-23T19:00:00+00:00,31.1892,-81.6689,705.125,16.485610961914062,300.754638671875,288.057373046875,100931.8125,45.485862731933594,9.47240023248366,25.778771238568492,0.0,0,EF0,EST-5,23-APR-20 13:59:00
934735,2020-12-14T01:00:00+00:00,30.8218,-92.1309,135.1875,0.846745491027832,292.9598388671875,292.0346984863281,100820.5,41.690948486328125,10.217200439864348,15.821250806207136,1.0,0,EF1,CST-6,13-DEC-20 18:35:00
927747,2020-11-11T17:00:00+00:00,27.43,-82.3,285.0625,32.5033073425293,297.823974609375,296.18658447265625,100537.6875,60.71522903442383,19.63359961599283,22.29334301789153,0.0,0,EF0,EST-5,11-NOV-20 12:18:00
866536,2020-01-11T05:00:00+00:00,31.8177,-95.1751,1401.125,1.031416654586792,294.02655029296875,293.95367431640625,99132.75,37.48853302001953,20.647613998400235,26.808323443873046,1.0,0,EF1,CST-6,10-JAN-20 23:21:00
866960,2020-01-11T07:00:00+00:00,32.4571,-93.5875,737.9375,9.640851020812988,291.7182922363281,291.19317626953125,99842.8125,42.31833267211914,18.163823925290153,32.6059947607208,2.0,1,EF2,CST-6,11-JAN-20 01:24:00
921015,2020-11-10T20:00:00+00:00,45.86,-122.85,94.3125,2.187527656555176,280.736328125,279.7861328125,99257.6875,12.338327407836914,10.445578580803002,17.500041374670342,0.0,0,EF0,PST-8,10-NOV-20 12:20:00
914414,2020-08-02T23:00:00+00:00,42.0939,-73.0738,992.875,51.32656478881836,298.336669921875,296.7301025390625,96793.9375,40.25170135498047,10.871431325729393,17.107359228376716,0.0,0,EF0,EST-5,02-AUG-20 17:59:00
892884,2020-05-23T18:00:00+00:00,41.947,-91.2479,140.125,10.005701065063477,294.36474609375,291.302734375,97934.375,31.504653930664062,6.152021904249249,7.103680387335019,,0,EFU,CST-6,23-MAY-20 12:11:00
890108,2020-04-23T17:00:00+00:00,31.13,-83.95,346.5,232.17210388183594,298.996337890625,290.05718994140625,100139.0625,47.004661560058594,14.12760738253098,23.857265083493367,1.0,0,EF1,EST-5,23-APR-20 11:34:00
919273,2020-08-10T23:00:00+00:00,41.5076,-86.1222,400.0,253.14068603515625,296.580322265625,295.229736328125,98375.25,53.68595886230469,14.664574011630485,11.262446977803648,1.0,0,EF1,EST-5,10-AUG-20 17:32:00
890636,2020-04-23T22:00:00+00:00,30.52,-84.35,482.0625,1.000090479850769,292.985107421875,291.9975280761719,100363.5,47.8650016784668,19.045059956842056,22.47978393156998,1.0,0,EF1,EST-5,23-APR-20 17:22:00
919278,2020-08-10T23:00:00+00:00,41.3434,-85.713,953.625,94.40630340576172,298.843994140625,295.606689453125,98088.25,55.74552917480469,8.963770947333176,10.91429900416687,1.0,0,EF1,EST-5,10-AUG-20 17:55:00
919291,2020-08-11T00:00:00+00:00,41.139,-85.9672,683.625,698.0498657226562,294.858154296875,293.1107177734375,98254.4375,47.42985916137695,15.241475640798082,14.007909984589384,0.0,0,EF0,EST-5,10-AUG-20 18:43:00
890625,2020-04-23T21:00:00+00:00,30.72,-85.59,1570.4375,23.281356811523438,292.664794921875,291.86065673828125,100411.9375,45.760284423828125,18.448842756494464,16.577255772222102,2.0,1,EF2,CST-6,23-APR-20 14:48:00
890628,2020-04-23T21:00:00+00:00,30.18,-85.81,1512.0625,12.812605857849121,293.490966796875,292.79327392578125,100768.9375,47.956573486328125,18.26056348278915,17.073838613274955,0.0,0,EF0,CST-6,23-APR-20 15:00:00
890632,2020-04-23T21:00:00+00:00,30.29,-85.65,1512.0625,12.812605857849121,293.490966796875,292.79327392578125,100768.9375,47.956573486328125,18.26056348278915,17.073838613274955,0.0,0,EF0,CST-6,23-APR-20 15:09:00
866649,2020-01-11T06:00:00+00:00,31.8968,-94.8427,953.4375,14.352692604064941,292.9878234863281,292.6425476074219,99045.5625,39.47728729248047,17.107223656111348,28.858501118241833,1.0,0,EF1,CST-6,10-JAN-20 23:43:00
890618,2020-04-23T20:00:00+00:00,30.71,-86.12,1728.75,94.04058074951172,293.322265625,291.7168273925781,100269.9375,43.46160125732422,18.797550273804998,15.17530296003885,1.0,0,EF1,CST-6,23-APR-20 14:13:00
890638,2020-04-23T23:00:00+00:00,30.25,-84.26,207.8125,16.062837600708008,293.77197265625,292.47259521484375,100849.4375,45.50836181640625,18.801971704620577,25.670707527875592,1.0,0,EF1,EST-5,23-APR-20 17:54:00
890103,2020-04-23T17:00:00+00:00,31.093,-82.9832,1071.0625,277.4845886230469,299.421142578125,289.14117431640625,100384.0625,43.979270935058594,15.323305299494834,24.76052671828008,0.0,0,EF0,EST-5,23-APR-20 12:28:00
890129,2020-04-23T17:00:00+00:00,31.1308,-83.5569,607.375,241.43772888183594,299.132080078125,289.70660400390625,100236.0625,45.682395935058594,14.42091232782021,23.962638564706737,1.0,0,EF1,EST-5,23-APR-20 11:53:00
890624,2020-04-23T20:00:00+00:00,30.7093,-86.0378,1552.8125,103.49370574951172,293.4873046875,292.0019836425781,100338.9375,43.25066375732422,18.672558597388814,17.13712317132014,1.0,0,EF1,CST-6,23-APR-20 14:17:00
890133,2020-04-23T16:00:00+00:00,31.1314,-84.1624,244.625,326.50323486328125,298.021728515625,289.83819580078125,100264.9375,44.029823303222656,17.75926899774538,26.1752374989408,1.0,0,EF1,EST-5,23-APR-20 11:05:00
887852,2020-04-23T06:00:00+00:00,30.9483,-92.2519,2354.125,5.548115253448486,296.94122314453125,295.0879211425781,100302.0625,52.4968376159668,16.59368321354978,17.488684091184755,2.0,1,EF2,CST-6,23-APR-20 00:08:00
887854,2020-04-23T06:00:00+00:00,30.9677,-92.1011,2354.125,5.548115253448486,296.94122314453125,295.0879211425781,100302.0625,52.4968376159668,16.59368321354978,17.488684091184755,1.0,0,EF1,CST-6,23-APR-20 00:20:00
887857,2020-04-23T07:00:00+00:00,30.3997,-92.4418,1886.5,7.413267612457275,296.8843078613281,294.9996643066406,100497.0625,46.90849304199219,14.278452101852716,14.229152387335668,1.0,0,EF1,CST-6,23-APR-20 00:51:00
889391,2020-04-20T04:00:00+00:00,31.543,-85.974,117.625,55.07819747924805,294.098876953125,293.00994873046875,99392.4375,40.83935546875,14.492893719710079,25.83583133244796,0.0,0,EF0,CST-6,19-APR-20 22:03:00
890441,2020-04-20T04:00:00+00:00,31.46,-85.63,340.25,45.03132247924805,294.221923828125,293.13104248046875,99355.4375,40.65478515625,13.74902700203168,25.3838101166888,1.0,0,EF1,CST-6,19-APR-20 22:20:00
887009,2020-04-23T08:00:00+00:00,31.2047,-90.7432,2423.0,3.062532663345337,295.10235595703125,293.7835693359375,99173.8125,53.351356506347656,20.148181562194527,25.08719795329928,2.0,1,EF2,CST-6,23-APR-20 02:07:00
887861,2020-04-23T03:00:00+00:00,31.2493,-91.9374,1373.0,231.8926544189453,296.6767578125,294.7686767578125,100397.25,51.19736862182617,19.21933211826525,23.12865213101556,1.0,0,EF1,CST-6,22-APR-20 21:09:00
915257,2020-08-10T02:00:00+00:00,45.9899,-88.6695,599.875,4.224853515625,293.855224609375,292.7032165527344,95495.5625,35.2435188293457,11.186772007252946,17.02436708962929,0.0,0,EF0,CST-6,09-AUG-20 20:20:00
905050,2020-07-24T23:00:00+00:00,33.63,-111.56,440.5,,306.06396484375,288.03662109375,90856.875,41.60425567626953,0.45516364755965627,2.0002038240696978,0.0,0,EF0,MST-7,24-JUL-20 16:00:00
887047,2020-04-23T01:00:00+00:00,30.9596,-93.5469,2636.75,208.00009155273438,296.17236328125,294.9111022949219,99653.375,49.48705291748047,16.617858236455753,23.75941952934877,2.0,1,EF2,CST-6,22-APR-20 18:56:00
997710,2020-04-23T08:00:00+00:00,31.2047,-90.5483,2170.875,9.671907424926758,295.16094970703125,293.7923583984375,99097.8125,53.493934631347656,20.43398016645424,27.0451194788748,1.0,0,EF1,CST-6,23-APR-20 02:21:00
914976,2020-08-10T03:00:00+00:00,46.0242,-88.2304,461.125,24.399564743041992,293.3125,292.996337890625,96555.375,35.28624725341797,12.090809217230957,18.010770375832397,1.0,0,EF1,CST-6,09-AUG-20 20:56:00
887044,2020-04-23T02:00:00+00:00,31.1623,-92.4582,1632.0,358.7803955078125,296.41259765625,294.33892822265625,100171.9375,48.7178955078125,17.75004540849523,23.55612659512123,2.0,1,EF2,CST-6,22-APR-20 20:26:00
887842,2020-04-23T03:00:00+00:00,31.2166,-92.2562,1759.25,218.8457794189453,296.677734375,295.0411376953125,100325.25,51.17295455932617,19.51740054049047,22.757138229025283,1.0,0,EF1,CST-6,22-APR-20 20:42:00
887844,2020-04-23T03:00:00+00:00,31.2197,-92.2328,1759.25,218.8457794189453,296.677734375,295.0411376953125,100325.25,51.17295455932617,19.51740054049047,22.757138229025283,1.0,0,EF1,CST-6,22-APR-20 20:44:00
887858,2020-04-23T03:00:00+00:00,31.2417,-91.9638,1373.0,231.8926544189453,296.6767578125,294.7686767578125,100397.25,51.19736862182617,19.21933211826525,23.12865213101556,1.0,0,EF1,CST-6,22-APR-20 21:07:00
887013,2020-04-23T00:00:00+00:00,30.9325,-93.8965,2049.5,140.78140258789062,297.0244140625,295.70794677734375,99523.8125,48.68036651611328,15.914197695435181,23.05670260349966,2.0,1,EF2,CST-6,22-APR-20 18:28:00
887014,2020-04-23T01:00:00+00:00,30.9349,-93.8661,2871.5,147.50009155273438,296.46728515625,295.1503601074219,99561.375,49.40990447998047,15.48644614698913,23.678719896461843,2.0,1,EF2,CST-6,22-APR-20 18:30:00
887039,2020-04-19T22:00:00+00:00,31.1666,-93.3313,771.125,14.470396041870117,293.561279296875,292.6229248046875,99328.625,40.57002639770508,10.523936728963942,25.127409984568427,1.0,0,EF1,CST-6,19-APR-20 15:50:00
887040,2020-04-23T02:00:00+00:00,31.1285,-92.6814,2155.625,275.8116455078125,296.27490234375,294.58209228515625,99913.9375,48.7559814453125,17.914669564885646,23.79816000131163,2.0,1,EF2,CST-6,22-APR-20 20:09:00
887042,2020-04-23T02:00:00+00:00,31.1222,-92.4355,1632.0,358.7803955078125,296.41259765625,294.33892822265625,100171.9375,48.7178955078125,17.75004540849523,23.55612659512123,1.0,0,EF1,CST-6,22-APR-20 20:27:00
892887,2020-05-23T20:00:00+00:00,41.9309,-89.7407,1146.875,16.59376335144043,296.06884765625,291.931640625,98044.25,34.85781478881836,9.174009320340927,11.833402261640357,,0,EFU,CST-6,23-MAY-20 13:49:00
884159,2020-04-13T10:00:00+00:00,33.4817,-81.3436,169.9375,0.1485978662967682,294.1217041015625,292.0643005371094,99478.1875,49.78810501098633,17.036366406053375,32.46736406060898,1.0,0,EF1,EST-5,13-APR-20 04:50:00
884332,2020-04-13T10:00:00+00:00,34.1556,-80.919,153.0625,0.7110978364944458,293.6246337890625,292.1072692871094,99389.1875,43.08009719848633,18.413371730254333,30.140337273850406,1.0,0,EF1,EST-5,13-APR-20 04:53:00
884324,2020-04-13T09:00:00+00:00,33.1066,-82.1918,706.375,39.939002990722656,295.79022216796875,290.84814453125,99436.625,49.124237060546875,20.55984086840595,28.93432607215775,2.0,1,EF2,EST-5,13-APR-20 03:53:00
892873,2020-05-23T18:00:00+00:00,41.8598,-91.2901,140.125,10.005701065063477,294.36474609375,291.302734375,97934.375,31.504653930664062,6.152021904249249,7.103680387335019,1.0,0,EF1,CST-6,23-MAY-20 11:57:00
892886,2020-05-23T19:00:00+00:00,41.8314,-89.8794,1167.25,71.74482727050781,295.95751953125,292.073486328125,98606.125,34.61237716674805,7.876921595042307,13.238183265022114,1.0,0,EF1,CST-6,23-MAY-20 13:29:00
884156,2020-04-13T09:00:00+00:00,33.2751,-81.7048,1125.5625,6.04837703704834,295.52362060546875,292.48291015625,99862.625,47.400604248046875,20.391833830899383,28.730416210098152,3.0,1,EF3,EST-5,13-APR-20 04:21:00
892874,2020-05-23T18:00:00+00:00,41.9423,-90.8033,1174.625,3.9275763034820557,293.42138671875,291.59765625,98063.375,36.53688049316406,7.015058060763924,10.087017693535516,0.0,0,EF0,CST-6,23-MAY-20 12:20:00
892882,2020-05-23T19:00:00+00:00,42.17,-90.5842,401.25,26.80732536315918,293.99560546875,292.375244140625,97877.125,33.89167404174805,6.619776601229944,8.956290231877437,,0,EFU,CST-6,23-MAY-20 13:24:00
926779,2020-12-16T21:00:00+00:00,27.8637,-82.7524,563.03125,2.7814838886260986,294.04058837890625,292.4991149902344,101180.4375,47.78358459472656,10.310767024798839,12.097002299524164,2.0,1,EF2,EST-5,16-DEC-20 15:49:00
892881,2020-05-23T19:00:00+00:00,42.0472,-90.6756,323.0,56.90107345581055,294.99365234375,292.618408203125,98130.125,31.862377166748047,6.626044398267054,7.8950627553691,0.0,0,EF0,CST-6,23-MAY-20 12:53:00
892883,2020-05-23T18:00:00+00:00,41.8167,-91.3659,30.625,,294.52197265625,289.908203125,98167.375,29.627700805664062,6.425444077543745,7.120047872753367,1.0,0,EF1,CST-6,23-MAY-20 11:44:00
995032,2020-12-16T22:00:00+00:00,28.094,-82.056,285.78125,43.89286804199219,294.79266357421875,291.8063659667969,100910.25,43.78953552246094,12.193994912416883,17.783693933525917,1.0,0,EF1,EST-5,16-DEC-20 17:05:00
884326,2020-04-13T10:00:00+00:00,33.3177,-81.2903,132.5,0.1485978662967682,294.8638916015625,292.8904724121094,99995.1875,47.80373001098633,18.90195998085136,34.44794477959529,3.0,1,EF3,EST-5,13-APR-20 04:49:00
884327,2020-04-13T10:00:00+00:00,33.2071,-81.2742,132.5,0.1485978662967682,294.8638916015625,292.8904724121094,99995.1875,47.80373001098633,18.90195998085136,34.44794477959529,3.0,1,EF3,EST-5,13-APR-20 04:50:00
866687,2020-01-11T08:00:00+00:00,32.8654,-92.5633,1048.875,1.297139048576355,292.6399841308594,291.3870544433594,99905.4375,48.10908889770508,23.509564983417228,35.70570847287874,1.0,0,EF1,CST-6,11-JAN-20 02:19:00
892871,2020-05-23T18:00:00+00:00,41.7552,-91.4271,30.625,,294.52197265625,289.908203125,98167.375,29.627700805664062,6.425444077543745,7.120047872753367,0.0,0,EF0,CST-6,23-MAY-20 11:30:00
884163,2020-04-13T10:00:00+00:00,33.3158,-81.3944,177.0,0.3048478662967682,294.5924072265625,292.4627380371094,99880.1875,50.44240188598633,18.356486247236376,34.81171134318411,1.0,0,EF1,EST-5,13-APR-20 04:43:00
884328,2020-04-13T10:00:00+00:00,33.4032,-80.787,138.6875,22.992347717285156,295.0260009765625,292.8328552246094,100179.1875,42.97951126098633,19.19517843226006,31.892692494525527,2.0,1,EF2,EST-5,13-APR-20 05:25:00
906125,2020-06-10T01:00:00+00:00,40.0401,-95.1604,1846.125,248.34762573242188,301.28515625,296.12408447265625,96120.375,32.62824249267578,8.305256115395741,13.806623609385971,0.0,0,EF0,CST-6,09-JUN-20 19:03:00
904955,2020-06-02T20:00:00+00:00,38.9732,-102.9573,3.875,,308.406494140625,273.9658203125,85695.25,19.036361694335938,0.10240912711389838,0.8499909252102167,,0,EFU,MST-7,02-JUN-20 12:31:00
916656,2020-08-15T21:00:00+00:00,39.7313,-120.1284,0.0,,305.595458984375,275.78173828125,82955.5,16.079833984375,0.47734010185050124,3.2307856530609524,1.0,0,EF1,PST-8,15-AUG-20 12:30:00
896592,2020-06-04T07:00:00+00:00,39.0036,-94.324,3681.125,69.04772186279297,295.87939453125,291.686279296875,97485.6875,43.61153793334961,10.096823118700499,4.841583410227275,0.0,0,EF0,CST-6,04-JUN-20 01:20:00
896593,2020-06-04T08:00:00+00:00,38.4832,-94.3474,2907.5,89.17198944091797,294.763916015625,291.65576171875,97631.5625,40.837257385253906,10.748323257773361,3.9853740311722863,0.0,0,EF0,CST-6,04-JUN-20 01:56:00
896594,2020-06-04T08:00:00+00:00,38.4719,-94.3316,2907.5,89.17198944091797,294.763916015625,291.65576171875,97631.5625,40.837257385253906,10.748323257773361,3.9853740311722863,0.0,0,EF0,CST-6,04-JUN-20 01:59:00
916709,2020-08-15T21:00:00+00:00,39.7239,-120.1303,0.0,,305.595458984375,275.78173828125,82955.5,16.079833984375,0.47734010185050124,3.2307856530609524,1.0,0,EF1,PST-8,15-AUG-20 13:04:00
916735,2020-08-15T22:00:00+00:00,39.731,-120.1009,0.0,,306.24755859375,275.59619140625,82846.375,16.27696990966797,0.5524884436844785,3.2844835669539045,,0,EFU,PST-8,15-AUG-20 13:41:00
879116,2020-04-20T14:00:00+00:00,28.79,-82.69,1989.5625,30.092737197875977,296.33349609375,295.01702880859375,100692.4375,45.9982795715332,11.832875598484186,14.344442358883787,0.0,0,EF0,EST-5,20-APR-20 08:39:00
912820,2020-08-10T17:00:00+00:00,42.0016,-93.0701,2968.125,110.0698471069336,301.984619140625,295.98828125,97882.8125,44.847381591796875,0.5562754566686637,10.570182854992234,,0,EFU,CST-6,10-AUG-20 10:30:00
912822,2020-08-10T17:00:00+00:00,42.125,-93.0684,3335.5,140.46046447753906,301.158447265625,295.078125,97726.8125,44.521209716796875,0.7883719899416758,9.262308975889102,,0,EFU,CST-6,10-AUG-20 10:36:00
912832,2020-08-10T17:00:00+00:00,42.0907,-92.9778,3335.5,140.46046447753906,301.158447265625,295.078125,97726.8125,44.521209716796875,0.7883719899416758,9.262308975889102,1.0,0,EF1,CST-6,10-AUG-20 10:39:00
912833,2020-08-10T17:00:00+00:00,42.1598,-92.6208,3613.5,157.02296447753906,300.927001953125,296.04296875,97869.8125,46.027069091796875,1.0888494676115832,9.707533592800756,,0,EFU,CST-6,10-AUG-20 11:01:00
904958,2020-06-02T21:00:00+00:00,38.8031,-101.7521,0.0,,310.573486328125,274.20703125,88943.8125,19.46448516845703,0.0999548301679685,1.1127606390117557,,0,EFU,MST-7,02-JUN-20 14:02:00
