event_id,begin_time_utc,begin_lat,begin_lon,cape,cin,temp_2m,dewpoint_2m,surface_pressure,tcwv,shear_0_1km,shear_0_3km,ef_category,ef_binary,tor_f_scale_raw,cz_timezone,begin_date_time_raw
1034259,2022-03-30T19:00:00+00:00,32.3733,-91.7256,262.0,306.20318603515625,295.932373046875,291.6360168457031,99309.75,44.20668029785156,22.971666331226512,28.53082191077332,0.0,0,EF0,CST-6,30-MAR-22 13:03:00
1034260,2022-03-30T19:00:00+00:00,32.1463,-91.6868,279.84375,229.9063262939453,295.816162109375,292.1018371582031,99399.75,43.35707092285156,23.919388968813116,28.176966132910284,1.0,0,EF1,CST-6,30-MAR-22 13:10:00
1035604,2022-03-31T01:00:00+00:00,32.186,-88.8433,38.84375,358.23443603515625,294.370361328125,291.3796691894531,98607.4375,45.468406677246094,21.16206664055791,33.14885650219235,0.0,0,EF0,CST-6,30-MAR-22 19:01:00
1035753,2022-03-30T23:00:00+00:00,32.931,-89.512,370.40625,,294.26806640625,289.9915771484375,98357.3125,38.796077728271484,21.70210233840673,30.374854487612307,1.0,0,EF1,CST-6,30-MAR-22 16:36:00
1035751,2022-03-30T22:00:00+00:00,32.341,-90.117,623.78125,,294.055908203125,290.57421875,98729.5,38.89308547973633,21.631898918343026,28.242346580535493,0.0,0,EF0,CST-6,30-MAR-22 15:50:00
1035756,2022-03-31T01:00:00+00:00,31.201,-89.349,414.875,75.84381866455078,294.860595703125,291.9450988769531,99096.4375,49.068016052246094,23.481785965531174,26.37364287997168,0.0,0,EF0,CST-6,30-MAR-22 18:47:00
1035745,2022-03-30T21:00:00+00:00,32.465,-90.6,173.03125,256.71026611328125,296.255859375,291.97406005859375,98833.4375,43.77165985107422,27.113052815832233,32.140587018470306,1.0,0,EF1,CST-6,30-MAR-22 14:43:00
1051691,2022-03-22T18:00:00+00:00,32.66,-90.245,825.84375,64.25035858154297,293.06103515625,290.891357421875,99647.0625,43.75890350341797,19.29587011312076,27.69781546839875,0.0,0,EF0,CST-6,22-MAR-22 11:38:00
1012275,2022-03-22T18:00:00+00:00,33.0779,-89.7654,473.375,96.92223358154297,293.56201171875,289.285888671875,99257.0625,42.68273162841797,19.111514627427166,25.232671742723756,1.0,0,EF1,CST-6,22-MAR-22 12:14:00
1012367,2022-03-22T20:00:00+00:00,32.1109,-89.4196,745.1875,1.0781407356262207,292.143310546875,290.62158203125,99111.5,44.05962371826172,20.61390155398807,28.303615975564064,0.0,0,EF0,CST-6,22-MAR-22 13:34:00
1036194,2022-07-23T15:00:00+00:00,40.0421,-84.23,511.125,143.62767028808594,299.22607421875,294.598876953125,98574.4375,40.58738708496094,8.261649341135337,16.686039322704556,1.0,0,EF1,EST-5,23-JUL-22 09:45:00
1013708,2022-03-21T22:00:00+00:00,33.5182,-97.8369,304.3125,2.031489133834839,291.492431640625,290.539794921875,96374.9375,32.53001403808594,12.577706858816219,26.024453501852065,1.0,0,EF1,CST-6,21-MAR-22 15:34:00
1012499,2022-03-22T18:00:00+00:00,32.79,-89.97,624.6875,73.29723358154297,293.27587890625,290.294677734375,99520.0625,43.11632537841797,17.879812852125216,26.13245523654441,1.0,0,EF1,CST-6,22-MAR-22 11:59:00
1012278,2022-03-22T18:00:00+00:00,33.4021,-89.933,340.1875,177.09410095214844,292.33642578125,288.899169921875,99490.0625,43.11046600341797,18.441028644101713,27.833563858914484,0.0,0,EF0,CST-6,22-MAR-22 12:16:00
1012495,2022-03-22T20:00:00+00:00,33.0475,-88.5701,268.0625,47.79689025878906,292.723388671875,290.27392578125,99557.5,42.25786590576172,20.574492016074284,25.617815061808006,1.0,0,EF1,CST-6,22-MAR-22 14:17:00
1012391,2022-03-22T20:00:00+00:00,32.6016,-88.8976,477.90625,10.875015258789062,292.063232421875,290.37451171875,99045.5,43.25884246826172,20.432299357349113,26.705499306178492,3.0,1,EF3,CST-6,22-MAR-22 13:35:00
1012496,2022-03-22T21:00:00+00:00,32.4093,-88.5061,257.8125,47.547142028808594,292.220703125,290.28955078125,99707.3125,40.31376647949219,21.368188882178867,26.912058983525284,0.0,0,EF0,CST-6,22-MAR-22 15:04:00
1021120,2022-05-09T20:00:00+00:00,25.0534,-80.4794,1564.25,187.967041015625,299.696533203125,295.82275390625,101404.375,29.414508819580078,4.746009375224004,5.016797915923115,0.0,0,EF0,EST-5,09-MAY-22 15:05:00
1034257,2022-03-30T21:00:00+00:00,33.332,-90.17,127.375,,296.9755859375,291.11273193359375,98683.4375,39.89763641357422,30.73707362411064,32.735734482400225,1.0,0,EF1,CST-6,30-MAR-22 15:24:00
1034258,2022-03-30T19:00:00+00:00,32.4718,-91.8204,327.0,193.5000762939453,295.546630859375,291.9836730957031,99221.75,47.07875061035156,24.474511929108107,30.60393268983252,1.0,0,EF1,CST-6,30-MAR-22 12:53:00
1035608,2022-03-31T02:00:00+00:00,32.3844,-88.4942,59.375,65.8281478881836,294.128173828125,291.568603515625,98984.9375,45.718048095703125,21.967775693161297,36.56070323210152,1.0,0,EF1,CST-6,30-MAR-22 19:31:00
1035596,2022-03-30T22:00:00+00:00,32.2821,-90.2274,627.71875,,294.642822265625,290.5166015625,98678.5,38.45363235473633,21.579336778171733,28.358783035804702,1.0,0,EF1,CST-6,30-MAR-22 15:41:00
1035597,2022-03-30T22:00:00+00:00,33.351,-89.8066,128.75,185.1563262939453,293.462158203125,289.9365234375,98612.5,39.78371047973633,21.861062675734416,26.230682862656998,1.0,0,EF1,CST-6,30-MAR-22 15:52:00
1035603,2022-03-31T01:00:00+00:00,31.2645,-89.4659,414.875,75.84381866455078,294.860595703125,291.9450988769531,99096.4375,49.068016052246094,23.481785965531174,26.37364287997168,1.0,0,EF1,CST-6,30-MAR-22 18:44:00
1035765,2022-03-31T01:00:00+00:00,30.9197,-89.2525,228.78125,106.87506866455078,295.847900390625,291.9822082519531,99419.4375,46.434226989746094,22.934687261486495,25.937641207406692,2.0,1,EF2,CST-6,30-MAR-22 19:11:00
1035766,2022-03-31T01:00:00+00:00,32.225,-88.705,25.21875,,295.388916015625,291.0378723144531,98730.4375,43.423484802246094,22.505131658524274,32.789624585819496,1.0,0,EF1,CST-6,30-MAR-22 19:07:00
1018280,2022-04-13T04:00:00+00:00,43.651,-92.4214,1244.75,87.8751449584961,287.1375427246094,285.27532958984375,94944.6875,32.5429573059082,16.366467807965975,29.680440022480774,1.0,0,EF1,CST-6,12-APR-22 22:08:00
1018960,2022-04-13T05:00:00+00:00,43.8998,-91.9822,760.375,204.81954956054688,286.5701599121094,284.8821105957031,95635.875,32.970947265625,18.272994653699808,24.661241040982716,0.0,0,EF0,CST-6,12-APR-22 22:40:00
1018961,2022-04-13T05:00:00+00:00,43.9088,-91.897,760.375,204.81954956054688,286.5701599121094,284.8821105957031,95635.875,32.970947265625,18.272994653699808,24.661241040982716,0.0,0,EF0,CST-6,12-APR-22 22:41:00
1001872,2022-03-06T04:00:00+00:00,42.871,-89.1947,101.78125,1.9634840488433838,285.9676513671875,283.5435791015625,96819.9375,22.40497398376465,17.358841573648693,22.311151866981426,1.0,0,EF1,CST-6,05-MAR-22 21:48:00
1060587,2022-11-05T00:00:00+00:00,33.8055,-94.9175,373.625,1.766809344291687,293.56689453125,292.665283203125,98958.5,55.55268096923828,13.790349339417372,16.007145934104066,4.0,1,EF4,CST-6,04-NOV-22 17:44:00
1019769,2022-05-30T22:00:00+00:00,46.3614,-94.8706,1078.6875,190.4452667236328,293.5224609375,290.402099609375,94477.0,28.956212997436523,12.315146294905416,26.844572791494066,1.0,0,EF1,CST-6,30-MAY-22 16:20:00
1020454,2022-06-11T23:00:00+00:00,39.8611,-96.5953,2765.5,261.78851318359375,298.79150390625,295.18701171875,95678.25,48.358829498291016,9.952342572105682,18.4293046488765,1.0,0,EF1,CST-6,11-JUN-22 17:02:00
1019386,2022-06-08T04:00:00+00:00,39.7999,-96.713,1593.875,81.09300994873047,294.16796875,291.033203125,96453.875,42.2470817565918,7.306331648827575,18.786749709357977,1.0,0,EF1,CST-6,07-JUN-22 22:02:00
1020450,2022-06-11T23:00:00+00:00,40.0011,-96.67,2765.5,261.78851318359375,298.79150390625,295.18701171875,95678.25,48.358829498291016,9.952342572105682,18.4293046488765,1.0,0,EF1,CST-6,11-JUN-22 16:43:00
1020455,2022-06-11T23:00:00+00:00,39.7259,-96.64,2625.125,106.11663055419922,298.85205078125,295.51318359375,95845.25,49.794376373291016,9.01192751152077,17.29756415808993,1.0,0,EF1,CST-6,11-JUN-22 17:26:00
1036967,2022-06-15T04:00:00+00:00,40.96,-96.3,1555.0,164.81251525878906,298.024169921875,294.1666259765625,96430.875,41.46043395996094,9.082381138018112,14.775164247853846,1.0,0,EF1,CST-6,14-JUN-22 22:27:00
1051606,2022-03-30T20:00:00+00:00,32.487,-91.028,446.40625,317.78143310546875,295.95703125,291.8820495605469,99186.375,41.29667663574219,25.703606041929127,29.639799249199704,1.0,0,EF1,CST-6,30-MAR-22 14:02:00
1034269,2022-03-30T21:00:00+00:00,32.7443,-90.403,114.78125,457.14776611328125,296.87109375,291.59320068359375,98806.4375,41.43767547607422,29.169727220349646,32.11946932730398,1.0,0,EF1,CST-6,30-MAR-22 14:58:00
1034271,2022-03-30T21:00:00+00:00,32.1673,-90.3886,246.0,301.38214111328125,296.8330078125,291.35687255859375,98765.4375,41.72966766357422,22.272156812774693,29.813684964470212,1.0,0,EF1,CST-6,30-MAR-22 15:26:00
1030841,2022-06-01T00:00:00+00:00,34.7719,-99.8204,1002.25,76.37506866455078,304.4365234375,291.867431640625,94896.8125,41.318912506103516,9.565788684471466,11.803517050915499,,0,EFU,CST-6,31-MAY-22 17:55:00
1035043,2022-06-06T19:00:00+00:00,41.85,-98.1,1066.5,9.609415054321289,294.897216796875,291.449462890625,93912.4375,29.261518478393555,0.3197525359750579,10.386536067290537,,0,EFU,CST-6,06-JUN-22 13:29:00
1030840,2022-06-01T00:00:00+00:00,34.6766,-99.9267,1002.25,76.37506866455078,304.4365234375,291.867431640625,94896.8125,41.318912506103516,9.565788684471466,11.803517050915499,0.0,0,EF0,CST-6,31-MAY-22 17:32:00
1031035,2022-06-01T04:00:00+00:00,34.531,-99.11,1059.875,65.06255340576172,296.58642578125,293.53173828125,96620.875,51.81583786010742,5.872633588373569,16.568773009236896,1.0,0,EF1,CST-6,31-MAY-22 21:31:00
1030824,2022-05-02T22:00:00+00:00,34.917,-98.199,3796.25,573.828125,300.794677734375,292.1962890625,95490.1875,34.229095458984375,9.017926095195035,17.02807703323231,0.0,0,EF0,CST-6,02-MAY-22 16:13:00
1030827,2022-05-02T23:00:00+00:00,36.001,-96.968,1513.25,264.125,296.107421875,292.0189514160156,96757.5625,39.12617492675781,14.172553058177591,24.60041280230249,1.0,0,EF1,CST-6,02-MAY-22 17:26:00
1030828,2022-05-03T01:00:00+00:00,35.2,-96.762,2422.75,564.34375,297.150634765625,290.26458740234375,96906.3125,41.46514129638672,15.976589764603876,19.648618471359068,1.0,0,EF1,CST-6,02-MAY-22 18:52:00
1033355,2022-05-02T23:00:00+00:00,36.364,-97.087,1480.375,195.73439025878906,295.2763671875,291.5599670410156,96636.5625,40.65937805175781,13.080651465790066,25.82023438174935,,0,EFU,CST-6,02-MAY-22 16:57:00
1063264,2022-10-13T02:00:00+00:00,31.9825,-82.8483,497.125,,294.46142578125,293.389892578125,100677.75,53.44004440307617,6.673583274543416,12.07964869397903,0.0,0,EF0,EST-5,12-OCT-22 20:55:00
1057369,2022-10-29T18:00:00+00:00,30.393,-86.5927,156.0,,295.21044921875,291.10791015625,101770.75,38.567264556884766,7.627706684482271,10.160179158292829,0.0,0,EF0,CST-6,29-OCT-22 11:35:00
1060889,2022-10-25T10:00:00+00:00,30.652,-92.8043,646.625,,294.4212341308594,293.00341796875,100411.4375,49.28938293457031,10.654709933460238,12.637172912462706,2.0,1,EF2,CST-6,25-OCT-22 03:39:00
1058632,2022-10-25T02:00:00+00:00,30.797,-97.6742,1554.0,1.9063440561294556,296.156494140625,295.8106994628906,97811.5625,45.532920837402344,8.015766292322477,14.659039464452135,1.0,0,EF1,CST-6,24-OCT-22 19:46:00
1060706,2022-10-13T20:00:00+00:00,27.59,-97.47,1792.5625,144.43011474609375,304.70458984375,295.863037109375,101043.5,39.52317428588867,3.199572437085929,8.156113280520467,,0,EFU,CST-6,13-OCT-22 14:23:00
1053435,2022-10-12T17:00:00+00:00,43.1017,-88.3812,95.9375,,285.577880859375,284.873291015625,97046.3125,26.163856506347656,10.699879338749367,20.017195377959908,0.0,0,EF0,CST-6,12-OCT-22 10:48:00
1053436,2022-10-12T17:00:00+00:00,43.0062,-88.0434,106.3125,18.984375,287.624755859375,286.224853515625,97308.3125,28.763465881347656,9.764702714821066,15.657631072838276,0.0,0,EF0,CST-6,12-OCT-22 11:17:00
1053437,2022-10-12T17:00:00+00:00,42.5956,-88.377,92.4375,,287.159912109375,286.034423828125,97123.3125,27.927528381347656,9.394259886585688,18.254615592839478,0.0,0,EF0,CST-6,12-OCT-22 11:17:00
1053439,2022-10-12T17:00:00+00:00,42.6596,-88.2872,92.4375,,287.159912109375,286.034423828125,97123.3125,27.927528381347656,9.394259886585688,18.254615592839478,0.0,0,EF0,CST-6,12-OCT-22 11:20:00
1053432,2022-10-12T16:00:00+00:00,43.1746,-88.8006,82.875,0.5313360095024109,286.778076171875,285.67822265625,97175.0625,27.371952056884766,9.726441650601421,16.31058843579039,0.0,0,EF0,CST-6,12-OCT-22 10:13:00
1053433,2022-10-12T16:00:00+00:00,43.0757,-88.8178,92.375,0.1250860095024109,287.545654296875,286.36865234375,97191.0625,28.145389556884766,9.06042744329448,15.299645375470195,0.0,0,EF0,CST-6,12-OCT-22 10:18:00
1053434,2022-10-12T17:00:00+00:00,42.9654,-88.5854,56.25,,285.128662109375,284.357666015625,97215.3125,25.609169006347656,10.096998728401024,20.610996025664807,0.0,0,EF0,CST-6,12-OCT-22 10:42:00
1014596,2022-04-13T00:00:00+00:00,32.5619,-91.9872,1350.5,5.0001091957092285,295.93701171875,293.9507141113281,100527.25,47.546783447265625,17.60795635051072,20.71830513628868,1.0,0,EF1,CST-6,12-APR-22 17:34:00
1054289,2022-10-26T04:00:00+00:00,30.7768,-85.7261,1025.5,39.0552864074707,295.04248046875,294.1080017089844,100709.25,44.69671630859375,11.404278653652293,13.814737961691618,0.0,0,EF0,CST-6,25-OCT-22 22:14:00
1004118,2022-01-16T05:00:00+00:00,29.7986,-84.6027,106.5,36.07813262939453,291.06610107421875,289.79791259765625,100575.9375,41.98923873901367,13.857764589425022,17.592002559540337,1.0,0,EF1,EST-5,16-JAN-22 00:22:00
995998,2022-01-16T12:00:00+00:00,26.8299,-82.2635,228.1875,0.2031286656856537,294.0028076171875,291.39990234375,100864.3125,41.38143539428711,12.834683239499244,16.734795853717635,1.0,0,EF1,EST-5,16-JAN-22 06:37:00
1004580,2022-01-01T22:00:00+00:00,34.9969,-87.1023,115.375,26.562557220458984,294.86798095703125,291.63201904296875,97661.8125,42.67243576049805,13.99331366257735,22.20952325953841,1.0,0,EF1,CST-6,01-JAN-22 16:11:00
995997,2022-01-16T13:00:00+00:00,26.4817,-81.986,201.15625,1.219098687171936,294.17193603515625,291.4114990234375,100964.875,42.954490661621094,12.77690193635717,16.110559962547967,2.0,1,EF2,EST-5,16-JAN-22 07:32:00
995979,2022-01-16T12:00:00+00:00,26.9185,-82.2206,298.4375,0.1718786656856537,293.7567138671875,291.37060546875,100789.3125,41.96151351928711,14.992409545264556,18.513535855925216,1.0,0,EF1,EST-5,16-JAN-22 07:15:00
996001,2022-01-16T14:00:00+00:00,26.62,-82.0,123.375,1.1801167726516724,293.52069091796875,291.6238708496094,100924.0625,43.53193664550781,10.19115844313404,17.54003279738635,0.0,0,EF0,EST-5,16-JAN-22 09:04:00
998041,2022-01-01T15:00:00+00:00,36.85,-87.4601,87.0625,1.156267762184143,290.53704833984375,289.13690185546875,98307.4375,40.98310470581055,15.846459738672744,34.60914101114065,2.0,1,EF2,CST-6,01-JAN-22 09:21:00
1000855,2022-01-09T23:00:00+00:00,31.894,-86.085,507.3125,7.359476089477539,291.9448547363281,290.9784851074219,100769.1875,40.63665008544922,14.680653895413933,18.18855957157312,0.0,0,EF0,CST-6,09-JAN-22 16:37:00
1055768,2022-10-30T00:00:00+00:00,30.537,-88.2623,395.96875,0.18793916702270508,295.1435546875,293.951171875,101441.5,48.98971176147461,9.768915515757655,12.136096220559962,1.0,0,EF1,CST-6,29-OCT-22 17:40:00
1055771,2022-10-29T22:00:00+00:00,30.3638,-87.7665,111.0625,49.91752624511719,295.83203125,293.8056640625,101400.375,48.40061950683594,9.46118221962861,12.937581578323721,1.0,0,EF1,CST-6,29-OCT-22 16:16:00
1055772,2022-10-30T00:00:00+00:00,30.2785,-87.7249,597.0625,2.219189167022705,295.65234375,294.154296875,101580.5,49.26607894897461,9.238007675950838,11.426556417512934,1.0,0,EF1,CST-6,29-OCT-22 17:50:00
1055775,2022-10-30T02:00:00+00:00,30.4426,-87.9109,506.28125,2.086195707321167,294.86181640625,293.6291809082031,101497.25,46.10452651977539,10.485520893917025,12.108266259894732,0.0,0,EF0,CST-6,29-OCT-22 19:51:00
1055785,2022-10-29T22:00:00+00:00,30.3159,-87.7587,309.9375,17.855024337768555,295.8740234375,294.0830078125,101566.375,48.55979919433594,7.969100859285628,12.999096343852143,0.0,0,EF0,CST-6,29-OCT-22 16:10:00
1055871,2022-10-30T02:00:00+00:00,30.6028,-87.894,509.375,0.3518206477165222,294.65576171875,293.6330871582031,101341.25,45.79886245727539,13.073937434484241,12.566547832633878,0.0,0,EF0,CST-6,29-OCT-22 20:19:00
1055978,2022-10-30T00:00:00+00:00,30.7087,-88.1346,308.28125,0.3285641670227051,295.1318359375,293.890625,101262.5,48.91744613647461,10.958669633521511,12.689892094383804,0.0,0,EF0,CST-6,29-OCT-22 17:57:00
1057366,2022-10-29T22:00:00+00:00,30.613,-88.0551,149.78125,0.7300248146057129,295.99609375,294.05078125,101204.375,48.38206481933594,10.512015247984973,14.566209123858858,0.0,0,EF0,CST-6,29-OCT-22 16:23:00
1057367,2022-10-30T02:00:00+00:00,30.6688,-87.8956,509.375,0.3518206477165222,294.65576171875,293.6330871582031,101341.25,45.79886245727539,13.073937434484241,12.566547832633878,1.0,0,EF1,CST-6,29-OCT-22 20:29:00
1057372,2022-10-29T22:00:00+00:00,30.516,-88.1968,185.09375,5.292524814605713,295.685546875,294.0927734375,101390.375,48.70921325683594,9.245540562563345,14.031084175128242,0.0,0,EF0,CST-6,29-OCT-22 16:03:00
1055769,2022-10-30T00:00:00+00:00,30.713,-88.1879,308.28125,0.3285641670227051,295.1318359375,293.890625,101262.5,48.91744613647461,10.958669633521511,12.689892094383804,0.0,0,EF0,CST-6,29-OCT-22 18:09:00
998040,2022-01-01T17:00:00+00:00,36.6975,-87.0981,130.75,9.382148742675781,293.4881591796875,290.9974365234375,98217.875,40.67314147949219,10.3547284573121,32.43270177919106,0.0,0,EF0,CST-6,01-JAN-22 11:16:00
1030829,2022-05-05T00:00:00+00:00,35.186,-96.736,3630.625,33.01279067993164,294.486083984375,292.45721435546875,97593.5625,47.075172424316406,12.361913265319753,15.853764010406081,2.0,1,EF2,CST-6,04-MAY-22 17:44:00
1001338,2022-01-09T23:00:00+00:00,31.5063,-86.9244,709.4375,45.390724182128906,292.5991516113281,291.5663757324219,101070.1875,40.10832977294922,11.531341587003311,16.45395582312841,0.0,0,EF0,CST-6,09-JAN-22 16:47:00
1001339,2022-01-09T23:00:00+00:00,31.5312,-86.7063,636.625,81.5000991821289,292.6645812988281,291.6718444824219,101097.1875,39.94133758544922,12.362881477485935,15.916971492614556,0.0,0,EF0,CST-6,09-JAN-22 17:20:00
1059255,2022-10-08T21:00:00+00:00,33.7,-117.213,62.0625,,303.670166015625,284.044921875,95188.625,24.739282608032227,0.29215772884491836,8.703783296643609,0.0,0,EF0,PST-8,08-OCT-22 13:25:00
1020460,2022-06-12T01:00:00+00:00,39.0981,-96.4743,3034.875,392.3125915527344,297.76025390625,294.6892395019531,96265.75,45.49702072143555,7.28555894714239,21.379305092215425,,0,EFU,CST-6,11-JUN-22 18:32:00
1021894,2022-06-12T00:00:00+00:00,39.1971,-96.5765,3280.5,99.95519256591797,297.359130859375,294.131103515625,96160.9375,49.41471481323242,5.530310276655393,19.053917218774853,2.0,1,EF2,CST-6,11-JUN-22 18:20:00
1014823,2022-04-13T03:00:00+00:00,32.6792,-93.8091,2851.75,31.28135108947754,293.2855224609375,290.85992431640625,99910.4375,45.70795822143555,14.994667944620044,14.33969506284467,1.0,0,EF1,CST-6,12-APR-22 20:54:00
1020459,2022-06-12T00:00:00+00:00,39.44,-96.558,2293.625,241.61143493652344,297.256591796875,294.001220703125,95921.9375,46.90885543823242,8.839145043672955,21.051066177773123,1.0,0,EF1,CST-6,11-JUN-22 18:04:00
1019767,2022-05-30T21:00:00+00:00,45.7591,-95.3759,1232.625,136.9358367919922,295.2080078125,290.5252380371094,94839.4375,32.68452835083008,11.372137297989763,18.7518434060778,2.0,1,EF2,CST-6,30-MAY-22 15:29:00
1015069,2022-04-13T22:00:00+00:00,32.0117,-92.4006,1436.0,42.54697799682617,295.61767578125,293.78924560546875,99690.3125,50.614295959472656,13.274558220306654,21.819230857022312,2.0,1,EF2,CST-6,13-APR-22 16:11:00
1015081,2022-04-13T22:00:00+00:00,32.048,-92.312,1436.0,42.54697799682617,295.61767578125,293.78924560546875,99690.3125,50.614295959472656,13.274558220306654,21.819230857022312,2.0,1,EF2,CST-6,13-APR-22 16:17:00
1033347,2022-05-31T23:00:00+00:00,34.7527,-100.0,1278.375,149.48439025878906,305.03564453125,292.0673828125,94791.3125,40.98458480834961,7.073912465834824,8.505968904553912,0.0,0,EF0,CST-6,31-MAY-22 17:01:00
1033693,2022-05-05T01:00:00+00:00,33.943,-99.707,677.0,426.3365478515625,302.654296875,290.5797119140625,95514.0,28.453248977661133,7.516136997383572,13.386968058702358,,0,EFU,CST-6,04-MAY-22 19:11:00
1061447,2022-10-24T16:00:00+00:00,35.144,-96.933,161.8125,1.828403115272522,292.523681640625,292.520751953125,97041.4375,43.59820556640625,7.847222282880586,17.737626854832488,0.0,0,EF0,CST-6,24-OCT-22 09:32:00
1033689,2022-05-05T00:00:00+00:00,33.8355,-100.0159,655.125,284.9971618652344,303.528076171875,290.15350341796875,95020.5625,28.361305236816406,5.877664505259563,12.564292435576913,,0,EFU,CST-6,04-MAY-22 18:15:00
1014835,2022-04-13T03:00:00+00:00,32.442,-93.68,2693.375,78.7032241821289,293.6839599609375,291.38726806640625,100084.4375,47.63471603393555,14.998796967890817,13.046766633281944,1.0,0,EF1,CST-6,12-APR-22 20:56:00
1014843,2022-04-13T03:00:00+00:00,32.2493,-93.2595,2197.875,194.92198181152344,293.9456787109375,292.41168212890625,100111.4375,45.49018478393555,17.047811448291945,11.281338202280097,1.0,0,EF1,CST-6,12-APR-22 21:23:00
1014836,2022-04-13T03:00:00+00:00,32.8992,-93.8991,2897.375,28.23447608947754,293.2532958984375,290.81890869140625,99754.4375,44.84272384643555,15.717124807291086,13.601878644608187,0.0,0,EF0,CST-6,12-APR-22 20:57:00
1061448,2022-10-24T14:00:00+00:00,35.391,-97.841,223.6875,,290.829833984375,289.8043212890625,95928.375,40.20481872558594,8.207378612547766,15.306176820052565,0.0,0,EF0,CST-6,24-OCT-22 08:27:00
1008691,2022-02-17T22:00:00+00:00,33.595,-87.541,143.6875,,294.0054626464844,290.941162109375,98870.0625,46.785179138183594,23.748506939830317,38.579084306765544,0.0,0,EF0,CST-6,17-FEB-22 16:14:00
1008694,2022-02-18T00:00:00+00:00,33.4284,-86.6744,133.71875,,295.0886535644531,290.90008544921875,98669.0625,46.435604095458984,22.828252635471124,32.892037574820606,1.0,0,EF1,CST-6,17-FEB-22 18:08:00
1008698,2022-02-18T00:00:00+00:00,33.468,-86.618,133.71875,,295.0886535644531,290.90008544921875,98669.0625,46.435604095458984,22.828252635471124,32.892037574820606,1.0,0,EF1,CST-6,17-FEB-22 18:12:00
1007143,2022-02-03T19:00:00+00:00,32.3565,-88.3857,1077.4375,1.0759048461914062,293.7425231933594,292.23431396484375,99938.75,44.6856803894043,19.720064605020944,21.797440508698006,2.0,1,EF2,CST-6,03-FEB-22 12:52:00
1007147,2022-02-03T20:00:00+00:00,32.6331,-87.9639,944.375,0.15645082294940948,292.89080810546875,291.8074035644531,100371.1875,45.1379280090332,20.433049181823765,21.940449872871508,0.0,0,EF0,CST-6,03-FEB-22 13:38:00
1007148,2022-02-03T20:00:00+00:00,32.71,-87.828,944.375,0.15645082294940948,292.89080810546875,291.8074035644531,100371.1875,45.1379280090332,20.433049181823765,21.940449872871508,2.0,1,EF2,CST-6,03-FEB-22 13:52:00
1007155,2022-02-03T21:00:00+00:00,32.9317,-87.4539,822.25,2.765686511993408,291.4653015136719,290.7607421875,99867.4375,44.78526306152344,20.933802049022418,22.484644206399462,2.0,1,EF2,CST-6,03-FEB-22 14:30:00
1007157,2022-02-03T21:00:00+00:00,32.97,-87.421,822.25,2.765686511993408,291.4653015136719,290.7607421875,99867.4375,44.78526306152344,20.933802049022418,22.484644206399462,2.0,1,EF2,CST-6,03-FEB-22 14:36:00
1008693,2022-02-17T23:00:00+00:00,33.645,-87.0,74.84375,,294.7904968261719,290.43231201171875,98616.125,46.735374450683594,22.98122594103103,36.42922252630127,1.0,0,EF1,CST-6,17-FEB-22 16:53:00
1007159,2022-02-03T21:00:00+00:00,33.004,-87.408,822.25,2.765686511993408,291.4653015136719,290.7607421875,99867.4375,44.78526306152344,20.933802049022418,22.484644206399462,0.0,0,EF0,CST-6,03-FEB-22 14:39:00
1007279,2022-02-03T23:00:00+00:00,32.6449,-86.3553,243.3125,0.425188273191452,291.93365478515625,290.9591064453125,99533.625,46.06834411621094,18.005778215833708,20.268153519190083,0.0,0,EF0,CST-6,03-FEB-22 17:02:00
1008701,2022-02-18T00:00:00+00:00,33.549,-86.517,81.5625,,294.8298645019531,290.65594482421875,98640.0625,45.609432220458984,22.556963799025596,32.7079118706721,0.0,0,EF0,CST-6,17-FEB-22 18:21:00
1008692,2022-02-17T22:00:00+00:00,33.605,-87.525,116.96875,,294.1080017089844,290.845458984375,98853.0625,45.488304138183594,23.18516704735276,39.764035525615604,1.0,0,EF1,CST-6,17-FEB-22 16:15:00
1001951,2022-02-22T12:00:00+00:00,36.5285,-89.0568,241.21875,11.781352043151855,290.92462158203125,289.7153625488281,99724.5,42.315635681152344,22.062837185048036,30.264345178889013,0.0,0,EF0,CST-6,22-FEB-22 06:28:00
1007280,2022-02-04T00:00:00+00:00,32.6722,-85.9251,484.375,0.2603815793991089,291.88018798828125,290.9315185546875,99363.6875,44.71415328979492,17.130344815076597,19.825122542658107,0.0,0,EF0,CST-6,03-FEB-22 17:33:00
1015184,2022-05-13T01:00:00+00:00,46.3581,-95.0453,1536.75,78.11028289794922,296.674072265625,289.955810546875,95563.875,38.098838806152344,13.904386712384717,20.02420285450773,1.0,0,EF1,CST-6,12-MAY-22 18:50:00
1019688,2022-05-12T23:00:00+00:00,45.0059,-96.1859,1727.125,239.31256103515625,301.37548828125,291.7642517089844,96270.5,35.69822311401367,12.608854044726431,17.257616566918397,1.0,0,EF1,CST-6,12-MAY-22 17:09:00
1019689,2022-05-12T23:00:00+00:00,45.1481,-96.1252,1853.375,241.09381103515625,301.05224609375,292.0904235839844,96429.5,36.14255905151367,12.80338280023817,19.048829700785316,1.0,0,EF1,CST-6,12-MAY-22 17:19:00
1019690,2022-05-13T00:00:00+00:00,45.3534,-95.2893,1621.75,265.5650939941406,301.1103515625,291.38494873046875,96092.625,37.43449401855469,12.605093969301254,18.452029556934395,0.0,0,EF0,CST-6,12-MAY-22 17:50:00
1027336,2022-04-24T00:00:00+00:00,47.68,-96.47,990.8125,100.76566314697266,289.078125,286.21826171875,95428.4375,21.485366821289062,12.206915777771894,19.458649400785855,0.0,0,EF0,CST-6,23-APR-22 17:55:00
1004012,2022-01-01T18:00:00+00:00,37.574,-85.234,294.4375,3.7656280994415283,291.9627685546875,289.99395751953125,96867.0625,39.86430358886719,14.727391373408183,32.65520633260482,1.0,0,EF1,EST-5,01-JAN-22 12:49:00
1004035,2022-01-08T22:00:00+00:00,29.9387,-95.339,2376.875,164.3750457763672,294.17999267578125,292.68267822265625,101055.5,38.0392951965332,15.499570461763719,12.172381596348098,0.0,0,EF0,CST-6,08-JAN-22 15:55:00
1004030,2022-01-08T22:00:00+00:00,30.0425,-94.9065,2958.125,105.50004577636719,294.05206298828125,292.89361572265625,101262.5,43.5236701965332,15.496379005854545,11.708321987698424,0.0,0,EF0,CST-6,08-JAN-22 16:22:00
1004013,2022-01-01T19:00:00+00:00,37.797,-84.207,328.21875,5.6564435958862305,292.19781494140625,289.75408935546875,96657.0,38.946834564208984,11.757614362263034,36.42997583171026,1.0,0,EF1,EST-5,01-JAN-22 13:49:00
993932,2022-01-09T11:00:00+00:00,31.4132,-93.3238,860.125,79.41059112548828,293.2481689453125,292.224365234375,100837.4375,41.174869537353516,18.007839607456123,16.197594758400104,2.0,1,EF2,CST-6,09-JAN-22 04:53:00
1004017,2022-01-09T04:00:00+00:00,30.3912,-95.6873,1733.25,116.03585052490234,294.4249267578125,292.9196472167969,100639.625,41.04861831665039,15.593251781058642,11.95012267566866,0.0,0,EF0,CST-6,08-JAN-22 21:40:00
1004018,2022-01-09T06:00:00+00:00,29.7911,-95.5288,1293.4375,9.171910285949707,294.1484375,292.85748291015625,101565.8125,40.16791915893555,15.179342084545851,10.421247098643923,0.0,0,EF0,CST-6,08-JAN-22 23:55:00
1004296,2022-01-01T18:00:00+00:00,37.043,-85.991,158.0,0.7812532186508179,294.1951904296875,291.16583251953125,97371.0625,38.66508483886719,17.942025714063572,30.801269849916736,1.0,0,EF1,CST-6,01-JAN-22 12:17:00
1004310,2022-01-01T17:00:00+00:00,36.7108,-87.0585,130.75,9.382148742675781,293.4881591796875,290.9974365234375,98217.875,40.67314147949219,10.3547284573121,32.43270177919106,0.0,0,EF0,CST-6,01-JAN-22 11:19:00
1004297,2022-01-01T18:00:00+00:00,37.373,-85.385,242.5625,0.45312821865081787,291.4276123046875,289.55059814453125,97206.0625,40.68461608886719,12.442410214512071,33.7139778488883,1.0,0,EF1,EST-5,01-JAN-22 13:00:00
1019692,2022-05-13T01:00:00+00:00,46.1046,-94.9627,1380.75,132.29779052734375,298.955322265625,291.469482421875,95700.875,38.974815368652344,13.710209004925565,19.03964168547824,1.0,0,EF1,CST-6,12-MAY-22 18:33:00
1019693,2022-05-13T01:00:00+00:00,46.1159,-94.6098,1442.375,179.86029052734375,299.198486328125,291.380615234375,95922.875,39.912315368652344,14.050802755863385,20.467137199649045,0.0,0,EF0,CST-6,12-MAY-22 18:46:00
1019694,2022-05-13T01:00:00+00:00,46.1664,-94.5196,1520.875,228.76654052734375,299.251220703125,291.196044921875,96073.875,39.828330993652344,14.276145669939964,21.449135099332874,1.0,0,EF1,CST-6,12-MAY-22 18:51:00
1004302,2022-01-01T18:00:00+00:00,36.943,-86.445,129.8125,3.9687530994415283,293.6385498046875,291.22833251953125,97945.0625,40.56742858886719,10.407814529663765,33.33269594289131,0.0,0,EF0,CST-6,01-JAN-22 11:52:00
1004639,2022-01-01T19:00:00+00:00,37.827,-84.101,328.21875,5.6564435958862305,292.19781494140625,289.75408935546875,96657.0,38.946834564208984,11.757614362263034,36.42997583171026,1.0,0,EF1,EST-5,01-JAN-22 13:59:00
993915,2022-01-09T11:00:00+00:00,31.3286,-93.4226,1048.75,74.81684112548828,293.2042236328125,292.292724609375,100773.4375,41.091861724853516,17.45613644038749,17.02676951986562,1.0,0,EF1,CST-6,09-JAN-22 04:42:00
1004312,2022-01-01T17:00:00+00:00,37.377,-85.986,102.375,0.7415236234664917,290.3924560546875,288.7913818359375,97566.875,40.59989929199219,11.844956586752827,33.03715662020262,0.0,0,EF0,CST-6,01-JAN-22 10:52:00
1004316,2022-01-01T17:00:00+00:00,37.373,-85.385,134.4375,0.4446485936641693,291.7010498046875,289.8450927734375,97297.875,39.01591491699219,17.83107940630791,33.621512603244234,1.0,0,EF1,EST-5,01-JAN-22 12:22:00
1001212,2022-01-09T07:00:00+00:00,29.97,-95.27,1098.5625,106.20316314697266,294.0303039550781,292.9365234375,101477.6875,38.02655029296875,17.640584321648596,10.43694690647457,1.0,0,EF1,CST-6,09-JAN-22 01:17:00
1001224,2022-01-09T07:00:00+00:00,30.0249,-95.2359,1098.5625,106.20316314697266,294.0303039550781,292.9365234375,101477.6875,38.02655029296875,17.640584321648596,10.43694690647457,1.0,0,EF1,CST-6,09-JAN-22 01:25:00
1010700,2022-02-22T11:00:00+00:00,35.7138,-90.7422,363.5625,38.140655517578125,292.74261474609375,290.7264404296875,100009.0625,43.69570541381836,20.45044777285487,25.80431003296818,0.0,0,EF0,CST-6,22-FEB-22 05:24:00
1008589,2022-02-23T01:00:00+00:00,34.9021,-86.597,286.0,0.29708051681518555,291.1474609375,289.2389221191406,98774.0,38.07953643798828,12.957090871402285,23.3553146110345,0.0,0,EF0,CST-6,22-FEB-22 19:22:00
1004097,2022-01-02T19:00:00+00:00,30.7388,-86.1598,1011.875,4.953259468078613,295.8987731933594,294.1077880859375,100506.875,39.289306640625,15.394361415848579,19.71569950272639,0.0,0,EF0,CST-6,02-JAN-22 13:02:00
995676,2022-01-16T14:00:00+00:00,26.02,-81.767,255.71875,5.164491653442383,294.66424560546875,291.9041442871094,101066.0625,43.12373352050781,10.881187012146851,16.34553183806856,0.0,0,EF0,EST-5,16-JAN-22 09:07:00
995677,2022-01-16T16:00:00+00:00,25.86,-81.41,326.0,0.406284898519516,293.79864501953125,292.13848876953125,101086.6875,46.821529388427734,12.444885310159728,15.24416440955562,0.0,0,EF0,EST-5,16-JAN-22 10:53:00
1029935,2022-05-23T23:00:00+00:00,34.572,-80.983,577.0,111.0937728881836,296.012939453125,293.95263671875,100169.5625,47.043758392333984,12.763544823953483,18.91781901138878,0.0,0,EF0,EST-5,23-MAY-22 17:35:00
1017306,2022-05-26T00:00:00+00:00,42.5392,-89.1377,160.75,50.155601501464844,295.54541015625,292.227783203125,97708.25,40.80516815185547,11.022753177647099,15.690438906938704,0.0,0,EF0,CST-6,25-MAY-22 17:45:00
1029939,2022-05-23T23:00:00+00:00,35.072,-81.945,216.6875,0.48439449071884155,294.746337890625,294.07470703125,98934.5625,47.940242767333984,12.582260755564715,17.60311713469136,1.0,0,EF1,EST-5,23-MAY-22 18:09:00
1029942,2022-05-23T18:00:00+00:00,35.246,-80.714,751.375,90.92962646484375,296.792236328125,293.7412109375,99669.125,41.166229248046875,9.272924214041357,17.47316719069477,1.0,0,EF1,EST-5,23-MAY-22 12:36:00
1029945,2022-05-23T18:00:00+00:00,35.289,-80.674,751.375,90.92962646484375,296.792236328125,293.7412109375,99669.125,41.166229248046875,9.272924214041357,17.47316719069477,1.0,0,EF1,EST-5,23-MAY-22 12:43:00
1032749,2022-05-02T20:00:00+00:00,37.2036,-99.544,827.8125,35.10966491699219,295.90869140625,281.68212890625,93062.8125,24.01779556274414,1.082978993480758,15.579730432149926,0.0,0,EF0,CST-6,02-MAY-22 14:25:00
1013683,2022-05-06T08:00:00+00:00,30.6735,-88.056,1068.5,48.22689437866211,295.8505859375,293.9709167480469,100881.1875,47.83184814453125,7.176413950955385,13.11467168944481,1.0,0,EF1,CST-6,06-MAY-22 01:56:00
1013684,2022-05-06T09:00:00+00:00,30.6044,-87.8758,1187.0,101.57817077636719,296.510498046875,294.029052734375,100909.6875,48.69056701660156,8.41436426981834,14.764925856119131,1.0,0,EF1,CST-6,06-MAY-22 02:47:00
1024214,2022-05-15T21:00:00+00:00,38.64,-89.012,1732.25,67.6095199584961,299.651611328125,291.00848388671875,99307.6875,35.40263366699219,4.3609486305779335,6.660501285842813,,0,EFU,CST-6,15-MAY-22 14:54:00
1032751,2022-05-02T21:00:00+00:00,37.1024,-99.3483,1051.5625,90.46875,294.263916015625,285.051513671875,93302.875,22.50830078125,1.3144755354223074,18.025092258518807,0.0,0,EF0,CST-6,02-MAY-22 14:46:00
1024504,2022-05-24T23:00:00+00:00,31.888,-101.688,75.125,658.6406860351562,294.318115234375,285.88214111328125,91399.1875,20.646841049194336,1.5180014927358136,13.768567781532107,2.0,1,EF2,CST-6,24-MAY-22 17:00:00
1014162,2022-03-21T22:00:00+00:00,33.1329,-97.6229,487.1875,4.281489372253418,292.024658203125,290.914794921875,96705.9375,34.34739685058594,12.927311384176713,25.782241270572023,0.0,0,EF0,CST-6,21-MAR-22 15:47:00
1019675,2022-05-12T01:00:00+00:00,44.6748,-93.8888,959.875,44.490718841552734,295.09228515625,291.860107421875,97712.8125,46.98762512207031,10.959798383492053,27.35214503897952,0.0,0,EF0,CST-6,11-MAY-22 18:40:00
1029940,2022-05-17T00:00:00+00:00,35.17,-77.18,1000.375,310.14068603515625,297.047607421875,293.260498046875,100654.0,40.644615173339844,11.422726207468887,13.81162442886919,1.0,0,EF1,EST-5,16-MAY-22 19:20:00
1030306,2022-05-26T20:00:00+00:00,35.308,-81.645,253.75,21.988327026367188,295.988525390625,294.19384765625,98591.3125,43.13970947265625,4.775802613311153,16.01576543269986,0.0,0,EF0,EST-5,26-MAY-22 15:13:00
1019669,2022-05-12T00:00:00+00:00,44.2215,-94.4585,1260.75,99.8164291381836,298.689208984375,291.63873291015625,97607.875,48.916831970214844,5.326673193485219,26.112293481045594,0.0,0,EF0,CST-6,11-MAY-22 17:51:00
1019672,2022-05-12T01:00:00+00:00,44.6386,-93.9182,959.875,44.490718841552734,295.09228515625,291.860107421875,97712.8125,46.98762512207031,10.959798383492053,27.35214503897952,0.0,0,EF0,CST-6,11-MAY-22 18:37:00
1017159,2022-05-20T21:00:00+00:00,40.415,-74.211,650.0,13.296979904174805,293.03662109375,290.69854736328125,101134.4375,43.39714431762695,14.611401641712465,20.826642552505007,0.0,0,EF0,EST-5,20-MAY-22 16:09:00
1030309,2022-05-26T20:00:00+00:00,35.377,-81.636,376.0,19.050827026367188,294.886962890625,293.87255859375,97816.3125,43.10650634765625,5.488011986057333,17.8138083326759,0.0,0,EF0,EST-5,26-MAY-22 15:23:00
1030312,2022-05-26T23:00:00+00:00,35.951,-80.946,167.625,20.010948181152344,295.755126953125,292.285400390625,98107.3125,43.98602294921875,11.723352649789897,21.684714592246603,2.0,1,EF2,EST-5,26-MAY-22 17:59:00
1024252,2022-05-19T21:00:00+00:00,38.378,-91.224,1952.25,13.687520027160645,296.37841796875,295.100341796875,97568.8125,46.28578186035156,8.493276087941927,11.447876969328666,1.0,0,EF1,CST-6,19-MAY-22 15:23:00
1018433,2022-05-27T16:00:00+00:00,39.1589,-77.0719,522.125,18.93761444091797,295.4765625,292.827880859375,99614.6875,43.66155242919922,13.103332697256704,20.82486682217656,0.0,0,EF0,EST-5,27-MAY-22 11:22:00
1025083,2022-06-01T00:00:00+00:00,37.17,-96.82,3376.0,63.23444747924805,296.1728515625,293.559814453125,96724.8125,47.468326568603516,6.991641148204774,18.68387208234365,,0,EFU,CST-6,31-MAY-22 17:48:00
1031311,2022-05-06T21:00:00+00:00,36.0871,-79.2441,1416.125,47.3256950378418,299.863037109375,290.080322265625,98208.75,39.84050750732422,9.50180836476684,17.317542033999985,1.0,0,EF1,EST-5,06-MAY-22 16:08:00
1024255,2022-05-19T22:00:00+00:00,38.505,-90.5753,1689.5,2.562533140182495,295.779541015625,294.13677978515625,97838.8125,44.118553161621094,10.355708102184424,11.315738273210986,0.0,0,EF0,CST-6,19-MAY-22 15:50:00
1028735,2022-05-05T18:00:00+00:00,34.36,-91.53,551.375,355.39093017578125,298.837890625,291.6611328125,100552.0625,40.77778244018555,10.052923829860152,13.58389313278154,2.0,1,EF2,CST-6,05-MAY-22 11:53:00
1023254,2022-05-15T18:00:00+00:00,30.46,-81.65,1654.625,85.50008392333984,301.528564453125,293.016845703125,101245.625,38.3189697265625,1.6668978160708738,3.549053667879501,0.0,0,EF0,EST-5,15-MAY-22 12:44:00
1018449,2022-05-28T01:00:00+00:00,38.5124,-76.7344,857.125,5.406355381011963,294.2900390625,292.96380615234375,100539.375,39.80230712890625,12.346968778856223,17.557220588448573,0.0,0,EF0,EST-5,27-MAY-22 19:38:00
1019680,2022-05-12T01:00:00+00:00,45.1844,-93.272,768.0,81.42821502685547,296.09130859375,291.369873046875,97968.8125,40.71516418457031,14.966137439562617,22.774696657657042,0.0,0,EF0,CST-6,11-MAY-22 19:29:00
1012652,2022-03-06T22:00:00+00:00,35.7242,-90.9893,1279.5625,29.507238388061523,298.128173828125,292.54168701171875,100371.375,36.973182678222656,10.29049522631634,14.3657887505907,0.0,0,EF0,CST-6,06-MAR-22 15:54:00
1035607,2022-03-31T01:00:00+00:00,32.3415,-88.5384,18.1875,392.42193603515625,294.947509765625,291.1609191894531,98690.4375,43.860008239746094,21.227412767669215,31.992953637320774,1.0,0,EF1,CST-6,30-MAR-22 19:24:00
1029581,2022-05-06T20:00:00+00:00,34.939,-82.738,1603.875,84.3751449584961,295.550537109375,292.4620361328125,95051.1875,26.041942596435547,10.234675215202904,21.334138751197944,1.0,0,EF1,EST-5,06-MAY-22 15:14:00
1015147,2022-05-09T23:00:00+00:00,44.6497,-92.8613,2070.875,131.34378051757812,302.189697265625,292.5615234375,96408.375,31.845958709716797,11.601970527697002,18.701286125139237,0.0,0,EF0,CST-6,09-MAY-22 16:38:00
1029878,2022-05-06T21:00:00+00:00,35.452,-83.447,1174.9375,30.950695037841797,290.697998046875,286.453369140625,88951.75,23.92351531982422,0.8357792720789109,14.848675258635044,1.0,0,EF1,EST-5,06-MAY-22 16:00:00
1016860,2022-03-06T03:00:00+00:00,41.6757,-90.0558,417.5625,12.00026798248291,287.1687927246094,284.385009765625,97933.875,22.51526641845703,18.97624742632216,23.125955404742633,1.0,0,EF1,CST-6,05-MAR-22 21:13:00
1017504,2022-04-13T01:00:00+00:00,41.5351,-95.8569,234.125,479.18756103515625,299.943115234375,285.68426513671875,94872.6875,27.78472328186035,17.165824236034172,22.16448330782036,1.0,0,EF1,CST-6,12-APR-22 19:08:00
1013326,2022-04-13T22:00:00+00:00,37.0107,-87.5425,472.5,72.3750991821289,294.57763671875,290.64373779296875,98528.3125,42.827186584472656,13.963796929204316,21.940404606680797,0.0,0,EF0,CST-6,13-APR-22 16:22:00
1017045,2022-04-05T19:00:00+00:00,31.1932,-85.3078,884.75,0.49558210372924805,297.35595703125,292.92584228515625,99864.1875,49.00242614746094,17.420305728131826,21.77181310345966,0.0,0,EF0,CST-6,05-APR-22 12:53:00
1017505,2022-04-13T01:00:00+00:00,41.71,-95.69,387.875,377.60943603515625,300.051513671875,285.22235107421875,94616.6875,27.96929359436035,17.70024717143561,22.808011716067092,0.0,0,EF0,CST-6,12-APR-22 19:25:00
1018763,2022-03-23T02:00:00+00:00,33.196,-87.021,323.1875,55.954689025878906,292.567138671875,290.0882873535156,98837.25,40.14983367919922,18.84580005075096,31.584904514221172,0.0,0,EF0,CST-6,22-MAR-22 20:10:00
1014023,2022-03-31T03:00:00+00:00,30.5204,-88.8202,871.9375,31.96487808227539,294.323486328125,291.2060546875,100329.5625,49.40553665161133,16.562699610482287,17.266092053749894,1.0,0,EF1,CST-6,30-MAR-22 20:47:00
1019026,2022-04-05T13:00:00+00:00,31.6636,-88.8118,574.875,7.093789577484131,293.04150390625,292.1881408691406,99434.3125,46.03158950805664,20.77238177391394,24.960044416290597,2.0,1,EF2,CST-6,05-APR-22 07:14:00
1019027,2022-04-05T13:00:00+00:00,31.6704,-88.7751,400.375,20.40629005432129,293.50048828125,292.5914611816406,99575.3125,44.19076919555664,21.101490709565557,25.096473419135464,1.0,0,EF1,CST-6,05-APR-22 07:19:00
1012438,2022-04-30T00:00:00+00:00,38.75,-97.19,1934.75,653.1875610351562,298.907958984375,287.94012451171875,94719.75,31.523548126220703,15.576943062135019,20.75088167167532,0.0,0,EF0,CST-6,29-APR-22 17:31:00
1012453,2022-04-30T01:00:00+00:00,38.68,-97.05,1648.0625,350.3594665527344,296.760009765625,287.4307861328125,94782.8125,31.934619903564453,15.796509702123856,21.968131106220486,1.0,0,EF1,CST-6,29-APR-22 19:00:00
1012034,2022-04-13T21:00:00+00:00,36.6,-88.87,725.625,4.083964824676514,297.8974609375,289.53594970703125,98967.625,36.69941329956055,16.410620193484274,24.848349674677788,0.0,0,EF0,CST-6,13-APR-22 15:06:00
1012035,2022-04-13T21:00:00+00:00,36.77,-88.64,736.1875,46.52146530151367,298.1982421875,289.37481689453125,98806.625,36.59101486206055,15.672935857452124,24.965310875155772,1.0,0,EF1,CST-6,13-APR-22 15:23:00
1012036,2022-04-13T22:00:00+00:00,36.91,-88.31,52.625,21.500102996826172,293.03955078125,290.87615966796875,99010.3125,39.674842834472656,17.441463554128813,26.58944479113032,0.0,0,EF0,CST-6,13-APR-22 15:50:00
1017051,2022-04-05T19:00:00+00:00,31.1445,-85.5518,910.5625,1.261207103729248,297.00244140625,292.93951416015625,99847.1875,49.22801208496094,18.066667181888878,22.6850427583818,0.0,0,EF0,CST-6,05-APR-22 12:38:00
1017052,2022-04-05T19:00:00+00:00,31.1419,-85.4855,884.75,0.49558210372924805,297.35595703125,292.92584228515625,99864.1875,49.00242614746094,17.420305728131826,21.77181310345966,0.0,0,EF0,CST-6,05-APR-22 12:43:00
1017893,2022-04-30T01:00:00+00:00,40.53,-96.39,620.25,27.171955108642578,291.711181640625,288.9669189453125,95088.8125,31.517627716064453,14.383859276027085,23.670268990960945,1.0,0,EF1,CST-6,29-APR-22 19:10:00
1024998,2022-04-24T00:00:00+00:00,35.332,-97.748,513.4375,82.92191314697266,298.44140625,289.48779296875,96140.4375,33.21095275878906,10.36445698492988,18.572752055013428,,0,EFU,CST-6,23-APR-22 18:15:00
1018322,2022-03-23T00:00:00+00:00,32.98,-87.63,20.0625,84.7706069946289,292.592529296875,290.12451171875,99952.4375,39.85265350341797,16.935880824044883,29.663142050969853,0.0,0,EF0,CST-6,22-MAR-22 17:38:00
1018790,2022-03-31T02:00:00+00:00,32.5479,-88.2675,36.53125,2.8906466960906982,295.316650390625,291.262939453125,99309.9375,44.605743408203125,23.39699857443157,36.384987692869295,1.0,0,EF1,CST-6,30-MAR-22 19:51:00
1007066,2022-04-05T22:00:00+00:00,33.799,-81.472,139.0,0.9688897728919983,291.7353515625,290.5518798828125,99059.625,45.80052185058594,14.021614540589017,29.652569676308836,2.0,1,EF2,EST-5,05-APR-22 16:41:00
1007071,2022-04-06T00:00:00+00:00,33.6907,-80.2292,484.5625,67.46900177001953,292.015380859375,290.51885986328125,100098.875,45.04340362548828,18.859199956781936,26.213751805885206,2.0,1,EF2,EST-5,05-APR-22 18:38:00
1012567,2022-04-05T00:00:00+00:00,27.55,-81.6998,753.25,12.421902656555176,296.789794921875,293.927490234375,101085.125,38.252986907958984,1.2024254795480707,12.512259315436182,0.0,0,EF0,EST-5,04-APR-22 18:46:00
1012049,2022-04-13T22:00:00+00:00,36.88,-88.06,87.25,91.9219741821289,293.50537109375,290.72772216796875,98931.3125,41.172889709472656,16.512554962148723,25.50489520779631,1.0,0,EF1,CST-6,13-APR-22 15:51:00
1012050,2022-04-13T22:00:00+00:00,36.9,-88.035,87.25,91.9219741821289,293.50537109375,290.72772216796875,98931.3125,41.172889709472656,16.512554962148723,25.50489520779631,1.0,0,EF1,CST-6,13-APR-22 15:53:00
1012037,2022-04-13T22:00:00+00:00,36.91,-88.29,52.625,21.500102996826172,293.03955078125,290.87615966796875,99010.3125,39.674842834472656,17.441463554128813,26.58944479113032,0.0,0,EF0,CST-6,13-APR-22 15:53:00
1041826,2022-06-12T21:00:00+00:00,48.4021,-96.2736,1359.25,21.281328201293945,297.847900390625,290.070556640625,96355.375,31.957828521728516,4.908762552071329,12.1096325708307,1.0,0,EF1,CST-6,12-JUN-22 14:48:00
1018323,2022-03-23T00:00:00+00:00,33.0045,-87.5943,20.0625,84.7706069946289,292.592529296875,290.12451171875,99952.4375,39.85265350341797,16.935880824044883,29.663142050969853,0.0,0,EF0,CST-6,22-MAR-22 17:41:00
1018762,2022-03-23T02:00:00+00:00,33.1858,-87.0408,317.875,68.1265640258789,292.504638671875,290.4857482910156,99023.25,40.97209930419922,19.591221316836496,31.708481673139314,0.0,0,EF0,CST-6,22-MAR-22 20:08:00
1007122,2022-04-05T20:00:00+00:00,33.0736,-81.0799,488.4375,10.794840812683105,293.1328125,291.94775390625,100372.0,44.268165588378906,16.944632959791974,28.387250096421205,1.0,0,EF1,EST-5,05-APR-22 15:18:00
1011052,2022-04-26T17:00:00+00:00,38.0733,-78.9435,285.5625,14.46878719329834,295.62890625,288.78619384765625,96960.5,31.206329345703125,0.39594382601190237,12.569613396249256,1.0,0,EF1,EST-5,26-APR-22 12:11:00
1012047,2022-04-13T23:00:00+00:00,37.13,-87.57,228.25,24.06263542175293,292.0927734375,290.54541015625,98807.0625,39.159175872802734,16.148797404259152,29.486515119663654,0.0,0,EF0,CST-6,13-APR-22 16:34:00
1042520,2022-06-21T00:00:00+00:00,47.22,-96.2,1759.0,68.32830810546875,299.532958984375,294.94757080078125,96573.3125,55.007633209228516,7.047637087344711,18.7911210470102,1.0,0,EF1,CST-6,20-JUN-22 18:17:00
1014024,2022-03-31T04:00:00+00:00,30.6894,-88.4184,814.5,2.9219119548797607,292.92626953125,291.0048828125,100078.375,47.77847671508789,18.52294186572923,16.732911324420755,0.0,0,EF0,CST-6,30-MAR-22 21:30:00
1007123,2022-04-05T21:00:00+00:00,33.1807,-80.9262,522.375,9.500041961669922,292.5595703125,291.6175842285156,100289.8125,44.90129470825195,17.768320460976266,32.07299448274724,0.0,0,EF0,EST-5,05-APR-22 15:39:00
1007124,2022-04-05T21:00:00+00:00,33.2472,-80.7916,522.375,9.500041961669922,292.5595703125,291.6175842285156,100289.8125,44.90129470825195,17.768320460976266,32.07299448274724,0.0,0,EF0,EST-5,05-APR-22 15:53:00
1007125,2022-04-05T21:00:00+00:00,33.334,-80.6961,517.625,5.843791961669922,292.447265625,290.9378967285156,100282.8125,44.72746658325195,16.79342392971002,31.24911253944985,0.0,0,EF0,EST-5,05-APR-22 16:07:00
1011048,2022-04-26T17:00:00+00:00,38.0796,-79.0172,285.5625,14.46878719329834,295.62890625,288.78619384765625,96960.5,31.206329345703125,0.39594382601190237,12.569613396249256,1.0,0,EF1,EST-5,26-APR-22 12:04:00
1012605,2022-04-29T21:00:00+00:00,26.5285,-81.894,793.3125,20.093769073486328,297.25439453125,293.8779296875,101460.125,39.02836608886719,2.4897317832819903,1.5831672846288292,0.0,0,EF0,EST-5,29-APR-22 16:00:00
1013211,2022-04-30T22:00:00+00:00,37.7626,-89.9291,1427.375,55.07816696166992,292.581787109375,290.33740234375,98538.5625,28.354488372802734,14.069108213652637,22.058203880484573,0.0,0,EF0,CST-6,30-APR-22 16:02:00
1020095,2022-04-12T01:00:00+00:00,34.94,-92.229,1090.125,105.9375228881836,292.541015625,290.5419006347656,99778.9375,34.730159759521484,9.959833535278257,18.42622861946003,1.0,0,EF1,CST-6,11-APR-22 19:16:00
1014018,2022-03-23T00:00:00+00:00,30.2617,-89.957,989.375,2.1768581867218018,293.221435546875,292.47900390625,100616.4375,46.71007537841797,13.573853955310545,15.105199788884985,1.0,0,EF1,CST-6,22-MAR-22 18:25:00
1020056,2022-04-30T01:00:00+00:00,40.6072,-96.3882,672.375,9.984455108642578,290.640869140625,288.4805908203125,95279.8125,31.582080841064453,13.75167969550319,23.82549983734656,1.0,0,EF1,CST-6,29-APR-22 19:18:00
1012443,2022-04-30T01:00:00+00:00,38.62,-97.23,1648.0625,350.3594665527344,296.760009765625,287.4307861328125,94782.8125,31.934619903564453,15.796509702123856,21.968131106220486,0.0,0,EF0,CST-6,29-APR-22 18:52:00
1012458,2022-04-30T01:00:00+00:00,38.71,-96.93,1866.125,276.7500915527344,296.172119140625,288.3536376953125,94739.8125,32.82133865356445,16.33340175559988,23.762061198166613,1.0,0,EF1,CST-6,29-APR-22 19:10:00
1063858,2022-12-15T22:00:00+00:00,27.7744,-82.7345,84.75,,293.880126953125,291.703857421875,101195.5,43.23954772949219,10.19783697142849,15.444079333631052,1.0,0,EF1,EST-5,15-DEC-22 17:01:00
1019028,2022-04-05T14:00:00+00:00,31.6856,-88.531,495.875,9.828442573547363,293.841064453125,292.68896484375,99715.5625,45.96795654296875,19.901868910794125,25.29133525723936,1.0,0,EF1,CST-6,05-APR-22 07:36:00
1014020,2022-03-23T00:00:00+00:00,29.914,-90.0257,1078.8125,26.67685890197754,294.500732421875,293.57666015625,100682.4375,46.27550506591797,13.351812728002107,15.454228023628593,0.0,0,EF0,CST-6,22-MAR-22 18:24:00
1012465,2022-04-30T01:00:00+00:00,39.19,-96.38,1661.5625,414.2657165527344,295.902587890625,289.1348876953125,95422.8125,33.82719802856445,15.384379918941471,22.820075091526604,0.0,0,EF0,CST-6,29-APR-22 19:03:00
1012470,2022-04-30T01:00:00+00:00,39.187,-96.325,1661.5625,414.2657165527344,295.902587890625,289.1348876953125,95422.8125,33.82719802856445,15.384379918941471,22.820075091526604,1.0,0,EF1,CST-6,29-APR-22 19:05:00
1012472,2022-04-30T01:00:00+00:00,39.193,-96.289,1661.5625,414.2657165527344,295.902587890625,289.1348876953125,95422.8125,33.82719802856445,15.384379918941471,22.820075091526604,1.0,0,EF1,CST-6,29-APR-22 19:07:00
1012475,2022-04-30T02:00:00+00:00,39.32,-95.88,1486.8125,392.7646484375,295.173828125,289.19732666015625,95947.625,33.698795318603516,16.70627872026672,21.602832326620764,1.0,0,EF1,CST-6,29-APR-22 19:37:00
1015982,2022-04-12T00:00:00+00:00,35.36,-93.51,1516.375,41.609432220458984,291.07861328125,289.25616455078125,97630.875,29.417442321777344,5.009677437743814,19.915804881343792,1.0,0,EF1,CST-6,11-APR-22 17:33:00
1007055,2022-04-05T22:00:00+00:00,33.8261,-81.0973,165.875,1.2970147132873535,291.75390625,290.5928955078125,99411.625,46.50071716308594,14.091501806244494,31.303901207219923,1.0,0,EF1,EST-5,05-APR-22 17:20:00
1007056,2022-04-05T22:00:00+00:00,33.844,-81.038,113.75,0.7657647728919983,291.5029296875,290.3643798828125,99304.625,45.88938903808594,12.623717082390494,31.827195812291716,1.0,0,EF1,EST-5,05-APR-22 17:26:00
1042513,2022-06-21T00:00:00+00:00,46.86,-96.5,1811.0,90.78143310546875,299.654052734375,294.95147705078125,96893.3125,53.017398834228516,3.8508462905671226,19.80197557879857,0.0,0,EF0,CST-6,20-JUN-22 17:51:00
1048999,2022-06-21T01:00:00+00:00,47.4758,-95.1275,1782.75,117.17208099365234,298.584716796875,294.7646484375,95526.25,51.16618728637695,11.586794613302462,18.43261744355943,1.0,0,EF1,CST-6,20-JUN-22 19:20:00
1020741,2022-04-18T02:00:00+00:00,31.1805,-88.9366,1010.4375,243.69837951660156,295.118408203125,293.2091369628906,100560.4375,47.85966110229492,10.462407179686707,15.09125432858993,2.0,1,EF2,CST-6,17-APR-22 19:52:00
1007064,2022-04-05T22:00:00+00:00,33.791,-81.4923,139.0,0.9688897728919983,291.7353515625,290.5518798828125,99059.625,45.80052185058594,14.021614540589017,29.652569676308836,2.0,1,EF2,EST-5,05-APR-22 16:35:00
1020091,2022-04-12T01:00:00+00:00,34.9551,-92.3488,961.875,134.09376525878906,292.501953125,290.6210021972656,99535.9375,33.281917572021484,10.138805283256989,18.732934232394918,1.0,0,EF1,CST-6,11-APR-22 19:07:00
1021387,2022-04-05T16:00:00+00:00,32.4656,-85.8051,199.4375,51.66280746459961,291.972900390625,291.05682373046875,99356.3125,43.4239501953125,18.78920963013199,25.55754323415973,1.0,0,EF1,CST-6,05-APR-22 10:19:00
1021389,2022-04-05T17:00:00+00:00,31.9833,-86.0358,636.5625,10.547013282775879,292.87939453125,291.81396484375,99263.6875,46.626319885253906,18.12334728050412,24.97255793315087,0.0,0,EF0,CST-6,05-APR-22 10:34:00
1014030,2022-03-30T23:00:00+00:00,30.7557,-90.5106,296.84375,44.28133010864258,294.89892578125,292.0189208984375,99501.3125,51.491390228271484,20.463944064783703,29.267350154113725,1.0,0,EF1,CST-6,30-MAR-22 17:12:00
1016849,2022-03-06T01:00:00+00:00,42.1106,-92.1864,531.15625,5.812929630279541,286.423828125,285.02459716796875,96734.5625,23.629558563232422,20.029944147250035,18.4119983141223,1.0,0,EF1,CST-6,05-MAR-22 19:10:00
1016859,2022-03-06T03:00:00+00:00,41.5355,-90.7032,548.0625,5.53151798248291,286.2674255371094,284.000244140625,97729.875,20.33362579345703,19.61693158525238,23.78053955246381,1.0,0,EF1,CST-6,05-MAR-22 20:37:00
1018319,2022-03-22T23:00:00+00:00,32.6906,-87.9379,0.125,143.29690551757812,292.585205078125,290.3634948730469,100148.9375,39.48592758178711,15.506454312568222,24.882859897292935,0.0,0,EF0,CST-6,22-MAR-22 17:00:00
1018320,2022-03-22T23:00:00+00:00,32.7238,-87.9136,0.125,143.29690551757812,292.585205078125,290.3634948730469,100148.9375,39.48592758178711,15.506454312568222,24.882859897292935,0.0,0,EF0,CST-6,22-MAR-22 17:04:00
1017827,2022-04-11T22:00:00+00:00,35.28,-94.038,2492.5,239.39068603515625,292.14453125,290.07781982421875,98409.3125,29.40878677368164,9.38137852148336,22.195294445006933,1.0,0,EF1,CST-6,11-APR-22 16:23:00
1017828,2022-04-12T00:00:00+00:00,34.816,-95.011,2116.9375,77.51568603515625,294.24267578125,291.96124267578125,97107.875,22.947715759277344,10.564480397752742,17.314369747126317,,0,EFU,CST-6,11-APR-22 18:11:00
1014825,2022-04-13T03:00:00+00:00,32.698,-93.785,2851.75,31.28135108947754,293.2855224609375,290.85992431640625,99910.4375,45.70795822143555,14.994667944620044,14.33969506284467,1.0,0,EF1,CST-6,12-APR-22 20:55:00
1021882,2022-04-05T19:00:00+00:00,31.2568,-84.9327,1042.5625,3.136207103729248,297.52197265625,292.42193603515625,100074.1875,48.09226989746094,16.59742108041767,21.021794912180344,1.0,0,EF1,EST-5,05-APR-22 14:15:00
1021883,2022-04-05T19:00:00+00:00,31.296,-84.9101,1042.5625,3.136207103729248,297.52197265625,292.42193603515625,100074.1875,48.09226989746094,16.59742108041767,21.021794912180344,1.0,0,EF1,EST-5,05-APR-22 14:15:00
1021885,2022-04-05T20:00:00+00:00,31.38,-84.33,1149.75,0.685465395450592,296.341796875,291.56982421875,99950.0,49.598243713378906,15.817558285926761,21.59834165294519,0.0,0,EF0,EST-5,05-APR-22 14:51:00
1020525,2022-04-24T23:00:00+00:00,39.6236,-89.2993,372.25,,293.12255859375,289.66204833984375,99070.0,34.981651306152344,11.021643928254077,18.58543440979527,1.0,0,EF1,CST-6,24-APR-22 16:49:00
1021393,2022-04-05T17:00:00+00:00,31.991,-85.996,570.75,15.515763282775879,292.93115234375,291.80615234375,99197.6875,45.399757385253906,17.561463568090026,24.265845166870722,0.0,0,EF0,CST-6,05-APR-22 10:38:00
1021398,2022-04-05T17:00:00+00:00,32.8765,-85.53,148.5,23.547014236450195,289.68212890625,288.86279296875,97957.6875,43.013038635253906,18.88613880589433,28.381932871766313,0.0,0,EF0,CST-6,05-APR-22 10:45:00
1021354,2022-04-05T16:00:00+00:00,31.896,-86.1267,454.3125,44.92843246459961,293.076416015625,291.92401123046875,99298.3125,43.0772705078125,17.472498864912964,22.738681163216835,1.0,0,EF1,CST-6,05-APR-22 10:03:00
1022285,2022-04-06T19:00:00+00:00,31.8932,-84.0132,2388.875,161.96395874023438,300.95458984375,294.6838684082031,99506.1875,37.90660095214844,7.043517937652357,8.836000665242603,1.0,0,EF1,EST-5,06-APR-22 14:29:00
1022286,2022-04-07T03:00:00+00:00,31.3122,-83.797,1219.875,322.6311950683594,295.930419921875,293.8881530761719,99885.8125,40.2173957824707,13.754402069541966,16.329186922409388,,0,EFU,EST-5,06-APR-22 22:17:00
1022288,2022-04-07T03:00:00+00:00,31.3312,-83.6781,921.5,231.97494506835938,296.190185546875,294.4438171386719,99920.8125,40.0338020324707,14.427580050677253,16.608843984868773,,0,EFU,EST-5,06-APR-22 22:27:00
1018321,2022-03-22T23:00:00+00:00,33.5094,-87.3777,1.75,65.45315551757812,292.533447265625,289.5773620605469,99148.9375,37.06600570678711,12.506419367152844,27.90326590286702,0.0,0,EF0,CST-6,22-MAR-22 17:21:00
1015310,2022-04-07T07:00:00+00:00,30.7515,-81.9637,1029.0,254.92105102539062,296.73291015625,294.58721923828125,100538.3125,39.95066833496094,17.221090471498133,16.429654581131295,1.0,0,EF1,EST-5,07-APR-22 01:31:00
1021886,2022-04-07T04:00:00+00:00,30.8135,-83.9951,1599.5,308.0773620605469,296.116455078125,294.1391296386719,100239.5625,40.52780532836914,12.62719590511302,18.026837831286418,1.0,0,EF1,EST-5,06-APR-22 22:36:00
1021887,2022-04-07T10:00:00+00:00,31.7962,-83.4726,319.5,2.8438706398010254,292.144287109375,290.7770690917969,99373.3125,32.86805725097656,8.033196971351096,19.272300316888927,1.0,0,EF1,EST-5,07-APR-22 04:50:00
1021399,2022-04-05T17:00:00+00:00,32.0402,-85.8342,570.75,15.515763282775879,292.93115234375,291.80615234375,99197.6875,45.399757385253906,17.561463568090026,24.265845166870722,1.0,0,EF1,CST-6,05-APR-22 10:50:00
1021355,2022-04-05T16:00:00+00:00,31.967,-86.07,454.3125,44.92843246459961,293.076416015625,291.92401123046875,99298.3125,43.0772705078125,17.472498864912964,22.738681163216835,2.0,1,EF2,CST-6,05-APR-22 10:09:00
1021388,2022-04-05T16:00:00+00:00,32.6498,-85.8352,269.0625,25.06905746459961,291.059814453125,290.47381591796875,98674.3125,42.9102783203125,18.966628101810628,26.944508718823098,0.0,0,EF0,CST-6,05-APR-22 10:22:00
1022291,2022-04-07T03:00:00+00:00,31.3419,-83.6537,930.75,203.64682006835938,295.610107421875,294.0668640136719,99708.8125,39.7173957824707,14.505268913164098,15.834990556992663,,0,EFU,EST-5,06-APR-22 22:29:00
1017046,2022-04-05T19:00:00+00:00,31.1497,-85.5123,884.75,0.49558210372924805,297.35595703125,292.92584228515625,99864.1875,49.00242614746094,17.420305728131826,21.77181310345966,1.0,0,EF1,CST-6,05-APR-22 12:39:00
1014022,2022-03-23T01:00:00+00:00,29.9871,-89.9841,639.125,10.581993103027344,294.426025390625,293.392822265625,100668.75,38.55220031738281,10.475636698422246,18.934216562610544,0.0,0,EF0,CST-6,22-MAR-22 18:32:00
1020545,2022-05-01T00:00:00+00:00,40.5399,-88.6605,827.375,16.422012329101562,293.392333984375,289.23565673828125,97654.5625,24.456012725830078,10.932787706653437,15.490777121648037,,0,EFU,CST-6,30-APR-22 17:46:00
1016058,2022-04-30T23:00:00+00:00,34.4541,-92.5564,3671.125,44.1250114440918,297.86083984375,293.985107421875,99325.8125,30.403356552124023,7.020074384935476,12.998762583206002,0.0,0,EF0,CST-6,30-APR-22 17:14:00
1016063,2022-05-01T00:00:00+00:00,34.9509,-91.5458,3141.25,11.640761375427246,294.670654296875,292.09112548828125,100060.5625,32.70405960083008,7.8814639477968305,13.147539808428931,0.0,0,EF0,CST-6,30-APR-22 17:52:00
1022354,2022-04-05T20:00:00+00:00,31.3206,-84.1347,1348.3125,34.41984176635742,297.6064453125,291.34033203125,99831.0,47.333595275878906,15.476098748880869,22.587615339038216,1.0,0,EF1,EST-5,05-APR-22 15:12:00
1022357,2022-04-06T23:00:00+00:00,30.6943,-83.5056,1635.875,99.89337921142578,299.454345703125,294.2198181152344,100180.5,44.98605728149414,9.871980578864953,11.47529066534592,0.0,0,EF0,EST-5,06-APR-22 18:14:00
1022358,2022-04-06T23:00:00+00:00,30.7045,-83.4524,1635.875,99.89337921142578,299.454345703125,294.2198181152344,100180.5,44.98605728149414,9.871980578864953,11.47529066534592,0.0,0,EF0,EST-5,06-APR-22 18:22:00
1013044,2022-04-25T18:00:00+00:00,41.3081,-81.9736,171.9375,,293.919677734375,288.86578369140625,98103.625,35.890655517578125,7.816791097903642,18.378224222798554,0.0,0,EF0,EST-5,25-APR-22 13:22:00
1021400,2022-04-05T18:00:00+00:00,31.9176,-85.1598,402.8125,29.296875,293.63720703125,292.5881042480469,99425.1875,46.288204193115234,17.33536366732243,23.885971284500727,1.0,0,EF1,CST-6,05-APR-22 11:38:00
1023263,2022-04-25T23:00:00+00:00,42.8975,-78.2628,197.4375,73.20313262939453,293.0498046875,287.6205749511719,98078.6875,38.96462631225586,10.238560461811797,17.028744005545473,0.0,0,EF0,EST-5,25-APR-22 17:42:00
1015084,2022-04-13T04:00:00+00:00,33.7813,-93.3883,2540.5,152.12513732910156,293.2625427246094,291.59564208984375,99415.6875,42.2958869934082,18.113351950953767,16.041606028620638,0.0,0,EF0,CST-6,12-APR-22 21:41:00
1018305,2022-03-09T11:00:00+00:00,31.844,-85.4744,987.75,4.718824863433838,291.63287353515625,290.6257629394531,99465.1875,35.11233139038086,15.198025060648412,20.2642204135394,1.0,0,EF1,CST-6,09-MAR-22 04:50:00
1032177,2022-04-06T00:00:00+00:00,33.9006,-79.2954,658.5,14.60962963104248,292.070068359375,290.63897705078125,100326.875,46.64301300048828,20.020055113559582,31.319895169714137,0.0,0,EF0,EST-5,05-APR-22 18:52:00
1022361,2022-04-07T01:00:00+00:00,30.8722,-83.7478,563.25,57.453548431396484,297.835205078125,295.38427734375,100068.5625,39.1473388671875,15.650346532824312,18.283779872526594,1.0,0,EF1,EST-5,06-APR-22 20:12:00
1022362,2022-04-07T01:00:00+00:00,30.8822,-83.7396,563.25,57.453548431396484,297.835205078125,295.38427734375,100068.5625,39.1473388671875,15.650346532824312,18.283779872526594,1.0,0,EF1,EST-5,06-APR-22 20:14:00
1011033,2022-04-05T22:00:00+00:00,33.1154,-81.1889,273.25,1.2813897132873535,292.4306640625,290.9923095703125,99907.625,46.85227966308594,16.964630505647683,28.865760857303695,3.0,1,EF3,EST-5,05-APR-22 17:06:00
1014828,2022-04-13T03:00:00+00:00,32.4197,-93.7138,2693.375,78.7032241821289,293.6839599609375,291.38726806640625,100084.4375,47.63471603393555,14.998796967890817,13.046766633281944,0.0,0,EF0,CST-6,12-APR-22 20:55:00
1017476,2022-04-13T00:00:00+00:00,40.8,-97.24,95.625,,303.33544921875,274.5180969238281,93652.25,21.773345947265625,11.37307764253868,19.868215728605485,,0,EFU,CST-6,12-APR-22 17:43:00
1007860,2022-04-14T00:00:00+00:00,39.2185,-85.4947,187.375,56.68351364135742,292.14794921875,289.32073974609375,97202.75,39.86894226074219,7.050029735948376,20.184027843131098,0.0,0,EF0,EST-5,13-APR-22 19:27:00
1011034,2022-04-05T23:00:00+00:00,33.2718,-80.9022,488.9375,25.859378814697266,292.751953125,291.2378845214844,100087.5625,46.6120491027832,17.9902968387616,27.947860940574095,1.0,0,EF1,EST-5,05-APR-22 17:34:00
1014032,2022-03-31T01:00:00+00:00,30.3204,-90.0182,908.5625,22.90631866455078,295.180908203125,292.8230285644531,100296.4375,50.710594177246094,15.433660157270456,16.295011875647234,0.0,0,EF0,CST-6,30-MAR-22 18:45:00
1018791,2022-03-31T02:00:00+00:00,33.2126,-87.9089,65.09375,31.73439598083496,294.883056640625,291.158447265625,99148.9375,42.717071533203125,20.56568806855172,33.53471838940712,1.0,0,EF1,CST-6,30-MAR-22 20:02:00
1007171,2022-04-05T18:00:00+00:00,31.394,-85.4025,559.625,41.53125,295.03564453125,293.0549011230469,99616.1875,46.387813568115234,17.49438053569208,20.42501064420742,0.0,0,EF0,CST-6,05-APR-22 12:24:00
1021677,2022-04-14T03:00:00+00:00,32.8184,-87.902,428.125,172.01577758789062,294.50018310546875,290.3914489746094,100695.5,41.07408142089844,16.824897759441846,22.275731169547562,1.0,0,EF1,CST-6,13-APR-22 20:35:00
1021694,2022-04-14T03:00:00+00:00,32.951,-87.444,535.125,168.06265258789062,294.25311279296875,289.9217224121094,100167.5,41.99790954589844,15.215347315556217,21.90347072418672,0.0,0,EF0,CST-6,13-APR-22 21:11:00
1018792,2022-03-31T02:00:00+00:00,33.275,-87.838,65.09375,31.73439598083496,294.883056640625,291.158447265625,99148.9375,42.717071533203125,20.56568806855172,33.53471838940712,0.0,0,EF0,CST-6,30-MAR-22 20:10:00
1017495,2022-04-13T01:00:00+00:00,40.6818,-96.2706,854.1875,75.85945129394531,298.371826171875,290.19110107421875,94932.6875,31.40191078186035,18.001626817689843,18.758691809905333,1.0,0,EF1,CST-6,12-APR-22 19:24:00
1017892,2022-04-30T01:00:00+00:00,41.46,-97.11,105.1875,3.015705108642578,288.637939453125,287.3682861328125,94577.8125,32.46684646606445,7.156111884459739,12.833448098185483,1.0,0,EF1,CST-6,29-APR-22 19:02:00
1015491,2022-04-23T20:00:00+00:00,46.61,-98.47,1157.9375,10.343832969665527,292.52294921875,288.03997802734375,93483.625,23.73017120361328,12.254702518133602,15.301991390911752,,0,EFU,CST-6,23-APR-22 14:24:00
1021352,2022-04-05T16:00:00+00:00,32.5183,-86.2036,289.25,46.20968246459961,292.391845703125,291.35467529296875,99521.3125,43.7305908203125,18.2725967383379,25.112098483518363,2.0,1,EF2,CST-6,05-APR-22 09:54:00
1021357,2022-04-05T16:00:00+00:00,32.5728,-86.0225,199.4375,51.66280746459961,291.972900390625,291.05682373046875,99356.3125,43.4239501953125,18.78920963013199,25.55754323415973,0.0,0,EF0,CST-6,05-APR-22 10:06:00
1021689,2022-04-14T03:00:00+00:00,32.843,-87.833,484.375,147.78140258789062,293.92791748046875,290.3445739746094,100507.5,39.88755798339844,17.319469881414033,22.403741233686937,1.0,0,EF1,CST-6,13-APR-22 20:40:00
1021695,2022-04-14T04:00:00+00:00,33.5018,-87.566,707.75,127.75049591064453,291.977783203125,290.4714050292969,99797.75,41.469451904296875,18.038686177784488,17.320709593471868,0.0,0,EF0,CST-6,13-APR-22 21:30:00
1031455,2022-05-13T00:00:00+00:00,45.6663,-95.5279,1718.25,304.6588439941406,300.2744140625,291.46112060546875,95721.625,37.04679870605469,12.892471161409167,19.34823635953386,0.0,0,EF0,CST-6,12-MAY-22 17:52:00
1031478,2022-05-13T00:00:00+00:00,45.7447,-94.9528,1932.875,343.7369689941406,301.0634765625,291.59100341796875,95887.625,37.73820495605469,12.929589920419643,22.22424548448784,0.0,0,EF0,CST-6,12-MAY-22 18:17:00
1021838,2022-04-23T06:00:00+00:00,39.0736,-101.1165,773.3125,221.00001525878906,291.49560546875,287.75,88856.0625,23.64923858642578,7.707661073963699,19.172154697367812,,0,EFU,CST-6,22-APR-22 23:32:00
1017722,2022-04-13T20:00:00+00:00,35.8938,-90.5171,938.5625,8.00558853149414,296.55859375,290.83062744140625,99481.0,39.83063507080078,18.098945252087884,23.57807149283747,1.0,0,EF1,CST-6,13-APR-22 13:36:00
1031684,2022-05-28T00:00:00+00:00,37.9636,-77.9989,770.25,18.20323944091797,295.11474609375,292.6908874511719,99613.0625,37.33039855957031,8.49909025120178,14.206967438706965,1.0,0,EF1,EST-5,27-MAY-22 18:51:00
1027142,2022-05-22T05:00:00+00:00,32.9084,-93.931,2756.75,227.046142578125,296.840576171875,294.48931884765625,100715.25,51.38041305541992,10.387296256279937,6.606204060648039,1.0,0,EF1,CST-6,21-MAY-22 23:12:00
1014168,2022-03-21T23:00:00+00:00,33.8407,-96.8192,821.125,3.4902355670928955,290.17529296875,289.312744140625,97341.8125,39.42365646362305,14.602119229131103,25.137380004287493,2.0,1,EF2,CST-6,21-MAR-22 17:11:00
1014169,2022-03-21T23:00:00+00:00,32.8473,-97.0919,335.75,24.646486282348633,292.32373046875,290.895751953125,97905.8125,35.87873458862305,13.509821013371665,17.515152250583487,0.0,0,EF0,CST-6,21-MAR-22 17:12:00
1019736,2022-05-30T21:00:00+00:00,45.2212,-95.8281,1708.375,170.2327117919922,292.22265625,290.7889099121094,95540.4375,31.207965850830078,6.502231704223835,16.389565424591403,1.0,0,EF1,CST-6,30-MAY-22 14:40:00
1020881,2022-05-13T00:00:00+00:00,45.843,-96.2661,1596.375,78.34632873535156,298.5615234375,291.05975341796875,96217.625,35.82023620605469,13.390784628426577,17.21126485479737,0.0,0,EF0,CST-6,12-MAY-22 17:59:00
1016487,2022-04-13T04:00:00+00:00,43.2796,-93.0667,894.25,72.5157699584961,287.2908630371094,285.47454833984375,95125.6875,32.3349494934082,18.75650529276594,24.249686599694357,1.0,0,EF1,CST-6,12-APR-22 21:34:00
1021839,2022-04-23T06:00:00+00:00,39.1328,-101.0759,807.75,243.01564025878906,290.97412109375,287.552734375,88483.0625,23.54376983642578,6.379403004548319,19.446877443542697,,0,EFU,CST-6,22-APR-22 23:37:00
1021087,2022-04-06T21:00:00+00:00,26.8307,-80.1042,1920.5,42.147098541259766,302.331787109375,296.54058837890625,101158.8125,45.2630500793457,5.922276142866711,8.936961912156928,0.0,0,EF0,EST-5,06-APR-22 16:23:00
1018980,2022-03-31T04:00:00+00:00,32.2915,-87.3469,339.9375,219.40628051757812,294.77587890625,290.849609375,99748.375,44.50699234008789,21.62422478350391,23.709128721496857,0.0,0,EF0,CST-6,30-MAR-22 21:43:00
1018976,2022-03-31T03:00:00+00:00,32.4512,-87.6053,41.03125,,294.724853515625,290.9228515625,99580.5625,44.12135696411133,24.56019131970218,35.3884514981546,1.0,0,EF1,CST-6,30-MAR-22 21:25:00
1031276,2022-05-21T20:00:00+00:00,35.91,-93.38,2244.625,154.47134399414062,294.848876953125,292.80078125,95522.1875,39.32891845703125,4.256058070242066,11.89199635769782,0.0,0,EF0,CST-6,21-MAY-22 13:45:00
1031937,2022-05-05T19:00:00+00:00,32.1763,-94.7395,3902.25,30.657312393188477,299.709716796875,293.795654296875,99508.4375,46.933189392089844,11.069260671950257,16.46980677351779,2.0,1,EF2,CST-6,05-MAY-22 12:45:00
1032378,2022-05-27T22:00:00+00:00,37.8095,-77.796,781.0,42.51564025878906,295.99755859375,292.77001953125,99640.375,34.83717346191406,9.593529449397652,18.929450586379264,0.0,0,EF0,EST-5,27-MAY-22 17:22:00
1031864,2022-05-24T21:00:00+00:00,33.6786,-95.2362,1322.875,128.25010681152344,297.27197265625,292.1930236816406,99217.0,43.048744201660156,9.475596069713289,17.092162920163823,1.0,0,EF1,CST-6,24-MAY-22 14:52:00
1032488,2022-05-16T22:00:00+00:00,43.3086,-72.3878,187.0,3.442808151245117,290.91455078125,289.4870910644531,95911.6875,36.90528869628906,8.339398162985631,18.026024094535483,1.0,0,EF1,EST-5,16-MAY-22 17:22:00
1024553,2022-04-14T01:00:00+00:00,38.087,-85.333,29.375,215.0627899169922,293.12060546875,288.60650634765625,97995.75,40.19573211669922,12.043392409842513,25.94052088090802,0.0,0,EF0,EST-5,13-APR-22 19:35:00
1024654,2022-04-14T01:00:00+00:00,38.165,-85.126,22.0,,293.35888671875,288.13092041015625,97735.75,37.60588836669922,13.6695319188642,26.700335047449983,1.0,0,EF1,EST-5,13-APR-22 19:48:00
1020635,2022-06-01T04:00:00+00:00,40.3714,-90.6477,1327.0,32.31255340576172,296.14501953125,293.13037109375,98971.875,44.62833786010742,11.24349528777143,13.696438450670769,1.0,0,EF1,CST-6,31-MAY-22 21:34:00
1017725,2022-04-13T20:00:00+00:00,35.9973,-90.1807,873.3125,10.11496353149414,297.0791015625,290.56793212890625,99560.0,39.34821319580078,17.55223912167991,24.193234419586275,0.0,0,EF0,CST-6,13-APR-22 13:53:00
1019752,2022-05-30T21:00:00+00:00,45.4123,-95.7808,1512.75,163.3889617919922,293.1689453125,290.6346130371094,95337.4375,31.738239288330078,9.01675694034938,17.979175630039666,1.0,0,EF1,CST-6,30-MAY-22 14:56:00
1033742,2022-04-23T23:00:00+00:00,41.8472,-93.8058,58.3125,63.4844856262207,294.7421875,287.08984375,96271.8125,31.51425552368164,13.732265952561578,20.746266969478505,1.0,0,EF1,CST-6,23-APR-22 17:21:00
1031277,2022-05-22T00:00:00+00:00,34.4608,-93.2497,2190.0,149.20314025878906,301.201171875,296.162353515625,98954.0625,47.56094741821289,11.802785720564845,11.229201824955314,,0,EFU,CST-6,21-MAY-22 18:00:00
1051602,2022-03-30T20:00:00+00:00,32.513,-91.005,446.40625,317.78143310546875,295.95703125,291.8820495605469,99186.375,41.29667663574219,25.703606041929127,29.639799249199704,1.0,0,EF1,CST-6,30-MAR-22 14:04:00
1032381,2022-05-27T22:00:00+00:00,37.824,-77.76,1024.1875,33.64064025878906,296.00537109375,293.51806640625,99866.375,35.98365783691406,9.647926086693312,18.94994701446989,0.0,0,EF0,EST-5,27-MAY-22 17:27:00
1033612,2022-05-03T02:00:00+00:00,35.8909,-95.0241,1524.9375,244.79689025878906,292.85009765625,290.5401611328125,97120.1875,41.717628479003906,17.061339567901726,29.190492171311227,,0,EFU,CST-6,02-MAY-22 20:03:00
1015146,2022-05-10T01:00:00+00:00,44.9192,-91.8256,1302.5,8.750036239624023,297.4580078125,291.6986389160156,96549.8125,37.246681213378906,13.718989987425251,26.838230615115076,1.0,0,EF1,CST-6,09-MAY-22 18:32:00
1019734,2022-05-30T21:00:00+00:00,45.1517,-95.9186,1708.375,170.2327117919922,292.22265625,290.7889099121094,95540.4375,31.207965850830078,6.502231704223835,16.389565424591403,1.0,0,EF1,CST-6,30-MAY-22 14:40:00
1055637,2022-09-13T18:00:00+00:00,34.96,-110.33,205.0,,296.3740234375,283.6171875,83928.625,20.305782318115234,0.05140571347569692,3.8104639819985247,0.0,0,EF0,MST-7,13-SEP-22 11:00:00
1030524,2022-05-31T01:00:00+00:00,46.0119,-92.9299,581.875,18.609586715698242,293.47216796875,290.5986328125,96134.3125,39.30059814453125,15.8325996253957,26.23224476751498,1.0,0,EF1,CST-6,30-MAY-22 18:50:00
1010266,2022-04-05T09:00:00+00:00,32.694,-92.519,644.625,15.609474182128906,290.9306640625,289.4062805175781,99757.0625,44.97928237915039,14.889752673704551,20.76519457998265,1.0,0,EF1,CST-6,05-APR-22 02:46:00
1030039,2022-05-30T06:00:00+00:00,42.72,-97.28,2941.0,176.34390258789062,293.91650390625,290.9297790527344,94674.375,41.42904281616211,10.210792323191749,21.998521860244516,1.0,0,EF1,CST-6,30-MAY-22 00:20:00
1031439,2022-05-20T20:00:00+00:00,44.9743,-84.8794,1079.5,54.35938262939453,298.5478515625,292.9362487792969,95761.375,40.91852569580078,15.162151793097573,19.54048219532315,1.0,0,EF1,EST-5,20-MAY-22 14:35:00
1020876,2022-05-13T00:00:00+00:00,45.7151,-96.3072,1337.5,29.127580642700195,297.0732421875,290.69158935546875,96335.625,33.96476745605469,12.591538139666001,17.39790606508989,1.0,0,EF1,CST-6,12-MAY-22 17:51:00
1031943,2022-05-05T19:00:00+00:00,32.2408,-94.5904,3902.25,30.657312393188477,299.709716796875,293.795654296875,99508.4375,46.933189392089844,11.069260671950257,16.46980677351779,1.0,0,EF1,CST-6,05-MAY-22 13:04:00
1014294,2022-03-22T00:00:00+00:00,31.0641,-96.9967,2066.25,45.2432975769043,295.999755859375,291.592041015625,98782.5625,37.8817253112793,16.039858243790665,22.551422897724343,0.0,0,EF0,CST-6,21-MAR-22 18:25:00
1012306,2022-03-14T23:00:00+00:00,33.3686,-96.3091,913.46875,69.40631103515625,293.8330078125,283.6783447265625,98801.5625,22.95423126220703,9.150650051927801,16.68421894380328,1.0,0,EF1,CST-6,14-MAR-22 17:10:00
1010261,2022-04-05T09:00:00+00:00,32.6958,-92.5409,646.0625,11.468849182128906,290.9697265625,289.5390930175781,99548.0625,42.67752456665039,16.182474531512216,20.359618320247137,0.0,0,EF0,CST-6,05-APR-22 02:45:00
1018972,2022-03-31T03:00:00+00:00,32.5475,-87.2944,22.1875,,295.224853515625,290.6513671875,99557.5625,42.63502883911133,22.99165607606318,34.68985164676176,2.0,1,EF2,CST-6,30-MAR-22 20:33:00
1031944,2022-05-05T19:00:00+00:00,32.249,-94.5566,3902.25,30.657312393188477,299.709716796875,293.795654296875,99508.4375,46.933189392089844,11.069260671950257,16.46980677351779,1.0,0,EF1,CST-6,05-MAY-22 13:08:00
1021864,2022-05-25T20:00:00+00:00,42.23,-89.584,98.5,,293.8642578125,291.575927734375,97815.1875,45.623992919921875,16.916184504065004,23.926879079659937,1.0,0,EF1,CST-6,25-MAY-22 14:06:00
1024163,2022-04-30T02:00:00+00:00,37.78,-96.89,2589.875,220.0302734375,296.6015625,289.92095947265625,94842.625,32.473209381103516,19.436801488445663,25.670807040011173,,0,EFU,CST-6,29-APR-22 19:47:00
1021840,2022-04-23T06:00:00+00:00,39.1473,-100.5375,1468.875,12.093766212463379,293.28271484375,288.0107421875,89563.0625,29.60138702392578,10.491730209646915,30.993865941088792,1.0,0,EF1,CST-6,23-APR-22 00:28:00
1018974,2022-03-31T03:00:00+00:00,32.9285,-87.7809,58.5625,21.27737808227539,293.517822265625,291.32421875,99209.5625,44.59987258911133,23.024203391820073,38.58768184424639,1.0,0,EF1,CST-6,30-MAR-22 20:38:00
1018975,2022-03-31T03:00:00+00:00,33.2447,-87.4525,94.1875,2.0586276054382324,293.451416015625,290.974609375,98682.5625,42.73756790161133,22.388358968220995,36.66025566696358,1.0,0,EF1,CST-6,30-MAR-22 21:10:00
1031698,2022-05-11T23:00:00+00:00,43.9142,-95.504,881.75,42.62504959106445,297.061767578125,291.6448669433594,96049.875,45.90388488769531,4.0906247236060445,21.309621858594436,1.0,0,EF1,CST-6,11-MAY-22 16:33:00
1031941,2022-05-05T19:00:00+00:00,31.9814,-94.712,3069.3125,71.84481048583984,300.083740234375,293.527099609375,99424.4375,43.988853454589844,8.755051434499766,15.393573899241769,1.0,0,EF1,CST-6,05-MAY-22 13:25:00
1033588,2022-05-07T03:00:00+00:00,47.6576,-117.529,64.5625,,282.4111328125,279.96484375,91658.1875,13.865338325500488,3.6812464159614513,11.159064706547369,0.0,0,EF0,PST-8,06-MAY-22 19:03:00
1033591,2022-05-07T03:00:00+00:00,47.6479,-117.3493,64.5625,,282.4111328125,279.96484375,91658.1875,13.865338325500488,3.6812464159614513,11.159064706547369,0.0,0,EF0,PST-8,06-MAY-22 19:17:00
1014295,2022-03-22T00:00:00+00:00,30.9303,-97.1243,2282.0,19.993297576904297,295.223388671875,291.756103515625,98537.5625,37.2440299987793,14.93471426019784,21.783822848627437,1.0,0,EF1,CST-6,21-MAR-22 18:14:00
1020745,2022-04-18T01:00:00+00:00,31.3579,-88.9778,1026.0,180.015625,295.3251953125,293.0213928222656,100307.0625,42.70355987548828,10.077545928984192,12.265591507594111,1.0,0,EF1,CST-6,17-APR-22 19:19:00
1033743,2022-04-23T23:00:00+00:00,41.8635,-93.7884,58.3125,63.4844856262207,294.7421875,287.08984375,96271.8125,31.51425552368164,13.732265952561578,20.746266969478505,0.0,0,EF0,CST-6,23-APR-22 17:23:00
1033744,2022-04-24T00:00:00+00:00,41.9388,-93.6981,189.0,21.81254005432129,293.7353515625,287.15966796875,96451.4375,32.46095275878906,15.441612202777888,22.12265905880794,0.0,0,EF0,CST-6,23-APR-22 17:31:00
1033745,2022-04-23T23:00:00+00:00,41.8534,-93.758,21.0625,79.35948944091797,294.9931640625,286.5146484375,96403.8125,31.09238052368164,14.444729723084205,22.13079484619678,,0,EFU,CST-6,23-APR-22 17:23:00
1029619,2022-05-26T23:00:00+00:00,36.07,-80.87,167.625,20.010948181152344,295.755126953125,292.285400390625,98107.3125,43.98602294921875,11.723352649789897,21.684714592246603,1.0,0,EF1,EST-5,26-MAY-22 18:13:00
1013705,2022-03-21T21:00:00+00:00,33.0446,-98.3298,1026.6875,1.857811450958252,292.73828125,291.20361328125,95938.9375,32.67477035522461,12.511049143210037,17.944892804605555,3.0,1,EF3,CST-6,21-MAR-22 14:35:00
1051599,2022-03-30T20:00:00+00:00,32.447,-91.076,469.59375,249.76580810546875,295.984375,292.0949401855469,99219.375,44.31816101074219,28.0193020072271,29.881554570690824,1.0,0,EF1,CST-6,30-MAR-22 13:58:00
1029066,2022-05-25T18:00:00+00:00,32.7277,-89.5625,1325.625,105.73848724365234,297.642578125,294.506103515625,99844.4375,45.14993667602539,10.350005503293923,15.458270952291887,0.0,0,EF0,CST-6,25-MAY-22 11:53:00
1014164,2022-03-21T22:00:00+00:00,33.4322,-97.3292,709.4375,3.422114133834839,292.139892578125,291.041748046875,96774.9375,35.81419372558594,14.018196370152136,25.83330210687885,1.0,0,EF1,CST-6,21-MAR-22 16:17:00
1017723,2022-04-13T20:00:00+00:00,35.9719,-90.2253,873.3125,10.11496353149414,297.0791015625,290.56793212890625,99560.0,39.34821319580078,17.55223912167991,24.193234419586275,0.0,0,EF0,CST-6,13-APR-22 13:50:00
1033746,2022-04-23T23:00:00+00:00,41.8634,-93.7521,21.0625,79.35948944091797,294.9931640625,286.5146484375,96403.8125,31.09238052368164,14.444729723084205,22.13079484619678,,0,EFU,CST-6,23-APR-22 17:24:00
1033747,2022-04-23T23:00:00+00:00,41.8077,-93.7029,7.4375,116.98448944091797,295.2744140625,286.60546875,96676.8125,31.13046646118164,15.2248925388797,22.284009607727423,0.0,0,EF0,CST-6,23-APR-22 17:24:00
1032127,2022-05-25T10:00:00+00:00,30.5114,-87.2238,413.375,1.0358564853668213,296.402587890625,294.80419921875,101246.125,52.63072204589844,12.303717612216118,11.485693958722665,1.0,0,EF1,CST-6,25-MAY-22 04:11:00
1030522,2022-05-31T00:00:00+00:00,47.229,-93.6597,1737.125,234.40626525878906,292.790283203125,289.481689453125,94766.4375,40.3955192565918,17.356228579392287,16.74673850245707,0.0,0,EF0,CST-6,30-MAY-22 17:44:00
1030521,2022-05-30T23:00:00+00:00,46.56,-94.72,1731.5,144.8907470703125,292.52734375,289.701416015625,94779.5625,36.90901565551758,15.3129979527677,23.391426502141172,1.0,0,EF1,CST-6,30-MAY-22 16:37:00
1030149,2022-05-20T01:00:00+00:00,43.8881,-90.7469,114.25,203.28126525878906,296.155517578125,285.1416015625,95682.1875,32.17734146118164,18.121742625849556,24.779080015473596,0.0,0,EF0,CST-6,19-MAY-22 19:20:00
1029067,2022-05-25T18:00:00+00:00,32.8835,-89.2879,1128.875,54.53535842895508,298.3984375,294.732666015625,99586.4375,44.46341323852539,9.080144465339691,15.38058688728481,0.0,0,EF0,CST-6,25-MAY-22 12:16:00
1020621,2022-05-13T22:00:00+00:00,40.5798,-90.6815,1539.125,234.0937957763672,303.86474609375,291.04833984375,98544.4375,33.35414505004883,2.2402451066704976,7.1429682952691484,,0,EFU,CST-6,13-MAY-22 15:49:00
1020626,2022-05-13T22:00:00+00:00,40.8897,-90.661,702.5,377.8281555175781,303.92431640625,287.91357421875,98433.4375,29.121723175048828,2.037636760351928,6.426855500434655,,0,EFU,CST-6,13-MAY-22 16:20:00
1020625,2022-05-13T22:00:00+00:00,40.884,-90.6606,702.5,377.8281555175781,303.92431640625,287.91357421875,98433.4375,29.121723175048828,2.037636760351928,6.426855500434655,,0,EFU,CST-6,13-MAY-22 16:08:00
1024164,2022-04-30T02:00:00+00:00,37.79,-96.72,2554.625,183.8115234375,296.39453125,290.14459228515625,94888.625,32.246646881103516,18.257782879522612,25.426439711380134,1.0,0,EF1,CST-6,29-APR-22 20:05:00
1017720,2022-04-13T20:00:00+00:00,35.6823,-90.2637,975.8125,34.56808853149414,297.3671875,290.71148681640625,99617.0,38.87360382080078,17.33383542114218,23.999905126249214,0.0,0,EF0,CST-6,13-APR-22 14:00:00
1029620,2022-05-27T01:00:00+00:00,36.3,-80.59,320.625,0.5781320929527283,293.90576171875,292.2531433105469,97892.375,44.37346267700195,13.259034591806198,22.02615348437789,1.0,0,EF1,EST-5,26-MAY-22 20:03:00
1030556,2022-05-17T22:00:00+00:00,39.9545,-100.2829,1212.625,138.64065551757812,306.056884765625,283.700439453125,91373.375,26.81606674194336,0.9663375647990612,3.9529759593266114,,0,EFU,CST-6,17-MAY-22 15:43:00
1016456,2022-04-13T01:00:00+00:00,42.9334,-93.8167,1003.4375,83.35945129394531,292.107177734375,288.07293701171875,94985.6875,31.26030921936035,18.26652077893486,29.86639168467754,0.0,0,EF0,CST-6,12-APR-22 18:33:00
1016480,2022-04-13T03:00:00+00:00,43.1113,-93.2045,1455.125,42.87510299682617,287.7318115234375,285.72125244140625,95113.4375,32.09858322143555,16.98643844809043,30.95449030635097,1.0,0,EF1,CST-6,12-APR-22 21:26:00
1033495,2022-05-31T23:00:00+00:00,34.7927,-100.0807,1059.875,87.34376525878906,304.49951171875,292.216796875,94302.3125,40.53536605834961,6.185731183021395,8.811279277265797,0.0,0,EF0,CST-6,31-MAY-22 16:42:00
1030558,2022-05-18T01:00:00+00:00,39.1297,-100.3664,571.75,,298.35498046875,286.7098388671875,91226.3125,25.94336700439453,1.6766517523897657,7.878405895781682,,0,EFU,CST-6,17-MAY-22 18:46:00
1030523,2022-05-31T00:00:00+00:00,47.33,-93.79,1931.875,184.89064025878906,292.724853515625,289.472900390625,94813.4375,39.9306755065918,17.954146448994994,16.898767956384148,1.0,0,EF1,CST-6,30-MAY-22 17:46:00
1014289,2022-03-22T00:00:00+00:00,33.0042,-96.913,379.375,23.618297576904297,291.028076171875,289.234619140625,98171.5625,37.9002799987793,10.47759431969592,12.022634982456903,0.0,0,EF0,CST-6,21-MAR-22 17:31:00
1019735,2022-05-30T21:00:00+00:00,45.2994,-95.9205,1708.375,170.2327117919922,292.22265625,290.7889099121094,95540.4375,31.207965850830078,6.502231704223835,16.389565424591403,1.0,0,EF1,CST-6,30-MAY-22 14:49:00
1033496,2022-05-31T23:00:00+00:00,34.7624,-100.0317,1059.875,87.34376525878906,304.49951171875,292.216796875,94302.3125,40.53536605834961,6.185731183021395,8.811279277265797,0.0,0,EF0,CST-6,31-MAY-22 16:54:00
1031458,2022-05-05T01:00:00+00:00,35.351,-96.441,3373.0,77.68028259277344,293.7060546875,292.1363525390625,97983.0,49.6915283203125,11.612281438239515,14.95391476707575,1.0,0,EF1,CST-6,04-MAY-22 18:30:00
1031463,2022-05-05T01:00:00+00:00,35.39,-96.344,3373.0,77.68028259277344,293.7060546875,292.1363525390625,97983.0,49.6915283203125,11.612281438239515,14.95391476707575,1.0,0,EF1,CST-6,04-MAY-22 18:44:00
1015145,2022-05-10T00:00:00+00:00,44.9504,-92.0619,1699.375,23.98678970336914,299.47509765625,290.719970703125,96137.8125,37.226280212402344,14.005813636901062,24.035330481490075,0.0,0,EF0,CST-6,09-MAY-22 18:25:00
1014165,2022-03-21T23:00:00+00:00,32.6563,-97.478,71.0625,19.912111282348633,292.18310546875,290.767822265625,97348.8125,32.69514083862305,10.968518246404848,17.981205090196752,0.0,0,EF0,CST-6,21-MAR-22 16:31:00
1016434,2022-04-12T23:00:00+00:00,42.7158,-94.3539,2991.125,302.8282165527344,292.158935546875,288.82861328125,95033.625,30.726516723632812,14.686055317343051,28.177907563577715,1.0,0,EF1,CST-6,12-APR-22 17:28:00
1014330,2022-04-23T05:00:00+00:00,38.8851,-101.7555,1812.0,135.2501220703125,291.88818359375,286.605224609375,87509.375,23.191307067871094,1.9370560798651908,20.507721312266096,1.0,0,EF1,MST-7,22-APR-22 21:42:00
1028295,2022-05-27T11:00:00+00:00,37.3776,-79.3655,132.25,0.18777671456336975,292.058349609375,291.08349609375,97298.125,42.090782165527344,12.176489962737623,19.451565740002053,2.0,1,EF2,EST-5,27-MAY-22 06:24:00
1029805,2022-05-17T00:00:00+00:00,40.73,-102.99,110.875,39.937564849853516,306.078857421875,266.035888671875,86746.0,16.479576110839844,0.37669098892556185,3.9479263520491688,0.0,0,EF0,MST-7,16-MAY-22 17:19:00
1022463,2022-04-14T00:00:00+00:00,37.45,-85.874,254.625,91.51163482666016,296.28662109375,287.45159912109375,97766.75,36.60820007324219,15.930885295733152,21.241983888503004,1.0,0,EF1,EST-5,13-APR-22 19:13:00
1022464,2022-04-14T00:00:00+00:00,38.114,-85.613,418.875,86.82413482666016,293.62939453125,290.06390380859375,98079.75,41.78202819824219,11.796876698275266,21.787280386982662,1.0,0,EF1,EST-5,13-APR-22 19:23:00
1024545,2022-04-14T01:00:00+00:00,38.0477,-85.4331,46.5,253.0159149169922,294.37744140625,287.33404541015625,98076.75,38.54924774169922,15.691755398129914,26.323863998312987,0.0,0,EF0,EST-5,13-APR-22 19:30:00
1024633,2022-04-14T01:00:00+00:00,38.128,-85.208,22.0,,293.35888671875,288.13092041015625,97735.75,37.60588836669922,13.6695319188642,26.700335047449983,0.0,0,EF0,EST-5,13-APR-22 19:44:00
1024641,2022-04-14T01:00:00+00:00,38.147,-85.171,22.0,,293.35888671875,288.13092041015625,97735.75,37.60588836669922,13.6695319188642,26.700335047449983,1.0,0,EF1,EST-5,13-APR-22 19:45:00
1031494,2022-05-05T07:00:00+00:00,35.072,-95.564,1036.5,8.409815788269043,291.280029296875,290.1579284667969,98288.875,44.115882873535156,13.152707158011037,18.85684988197325,1.0,0,EF1,CST-6,05-MAY-22 01:09:00
1014166,2022-03-21T23:00:00+00:00,32.7874,-97.403,71.0625,19.912111282348633,292.18310546875,290.767822265625,97348.8125,32.69514083862305,10.968518246404848,17.981205090196752,0.0,0,EF0,CST-6,21-MAR-22 16:37:00
1014167,2022-03-21T23:00:00+00:00,30.8611,-97.6004,1668.6875,6.599610328674316,295.01318359375,292.559814453125,97377.8125,36.43635177612305,12.94949645862918,18.654059702083913,0.0,0,EF0,CST-6,21-MAR-22 17:08:00
1019762,2022-05-30T21:00:00+00:00,45.4468,-95.7475,1512.75,163.3889617919922,293.1689453125,290.6346130371094,95337.4375,31.738239288330078,9.01675694034938,17.979175630039666,1.0,0,EF1,CST-6,30-MAY-22 14:59:00
1019764,2022-05-30T21:00:00+00:00,45.6047,-95.6081,1374.1875,160.5295867919922,293.57421875,290.4451599121094,94990.4375,32.00386428833008,8.523708884636575,17.594976152584916,1.0,0,EF1,CST-6,30-MAY-22 15:13:00
1016445,2022-04-13T00:00:00+00:00,42.7912,-94.3335,1595.125,38.4688606262207,293.82958984375,289.6792297363281,95052.25,32.449127197265625,16.39784920687847,27.61141958178582,2.0,1,EF2,CST-6,12-APR-22 17:39:00
1014333,2022-04-23T06:00:00+00:00,39.5062,-100.558,1457.25,11.890641212463379,292.84033203125,287.7626953125,89553.0625,29.80353546142578,10.438421518522558,30.548245501062752,1.0,0,EF1,CST-6,23-APR-22 00:20:00
1021836,2022-04-23T05:00:00+00:00,39.1053,-101.1829,2598.4375,59.8126220703125,293.56201171875,287.368896484375,88410.375,28.036033630371094,6.617803424966192,30.157407490932812,0.0,0,EF0,CST-6,22-APR-22 23:28:00
1031979,2022-05-09T02:00:00+00:00,46.8493,-98.283,562.125,278.4219055175781,289.4453125,284.68121337890625,94888.25,17.39162826538086,8.041150541754071,14.83846145840367,0.0,0,EF0,CST-6,08-MAY-22 20:04:00
1015092,2022-03-31T02:00:00+00:00,31.8136,-88.3637,73.03125,184.54689025878906,295.681884765625,291.295166015625,99418.9375,44.335235595703125,24.235497606592826,29.578265710109882,1.0,0,EF1,CST-6,30-MAR-22 20:12:00
1031741,2022-05-25T10:00:00+00:00,29.9762,-93.9766,1280.875,61.285858154296875,295.020751953125,292.53271484375,100875.125,45.29380798339844,11.141112359111958,11.605998617512585,1.0,0,EF1,CST-6,25-MAY-22 04:21:00
1031760,2022-05-01T19:00:00+00:00,18.4589,-66.746,734.0625,148.07839965820312,298.769287109375,295.6241149902344,99805.8125,46.44718551635742,3.619268908669715,11.620551289351837,1.0,0,EF1,AST-4,01-MAY-22 15:10:00
1014291,2022-03-22T00:00:00+00:00,30.7696,-97.3612,2643.6875,23.024547576904297,295.896240234375,292.277587890625,98080.5625,36.5770378112793,14.544991647025649,23.68145027253019,1.0,0,EF1,CST-6,21-MAR-22 17:35:00
1016432,2022-04-12T23:00:00+00:00,42.6492,-94.5437,2865.0,288.4532165527344,292.507568359375,288.96826171875,94802.625,30.182571411132812,14.118268533991516,27.770417591533445,2.0,1,EF2,CST-6,12-APR-22 17:15:00
1021837,2022-04-23T06:00:00+00:00,39.134,-101.1699,807.75,243.01564025878906,290.97412109375,287.552734375,88483.0625,23.54376983642578,6.379403004548319,19.446877443542697,0.0,0,EF0,CST-6,22-APR-22 23:31:00
1029595,2022-05-27T13:00:00+00:00,36.9987,-78.7104,64.875,0.2031572461128235,294.7255859375,292.695556640625,99536.625,47.857967376708984,13.098069429179287,14.883230625521078,1.0,0,EF1,EST-5,27-MAY-22 08:00:00
1022860,2022-05-18T01:00:00+00:00,48.86,-100.83,393.375,36.078224182128906,290.89111328125,286.2840576171875,95272.3125,22.54688262939453,6.027163925610731,11.696286714119038,,0,EFU,CST-6,17-MAY-22 18:47:00
1014292,2022-03-22T01:00:00+00:00,31.5058,-96.5759,1479.75,2.9376537799835205,291.943603515625,289.89483642578125,98716.5625,37.86841583251953,13.781252631957601,20.33639749924973,0.0,0,EF0,CST-6,21-MAR-22 19:08:00
1013685,2022-03-21T20:00:00+00:00,32.8672,-98.5296,1090.3125,5.304640769958496,290.725830078125,290.63983154296875,96028.0625,29.63320541381836,14.91074646536323,18.32914255106168,1.0,0,EF1,CST-6,21-MAR-22 14:12:00
1013706,2022-03-21T22:00:00+00:00,33.5069,-97.9021,304.3125,2.031489133834839,291.492431640625,290.539794921875,96374.9375,32.53001403808594,12.577706858816219,26.024453501852065,1.0,0,EF1,CST-6,21-MAR-22 15:31:00
1013711,2022-03-21T21:00:00+00:00,33.434,-97.976,843.625,7.404686450958252,290.7412109375,290.08447265625,96419.9375,31.01754379272461,15.049189916615811,20.985931104395224,0.0,0,EF0,CST-6,21-MAR-22 15:18:00
1027440,2022-05-19T20:00:00+00:00,37.63,-92.01,2652.5,14.284658432006836,296.22216796875,293.322998046875,96413.4375,43.00209045410156,10.39363967766346,16.952353289982053,1.0,0,EF1,CST-6,19-MAY-22 13:54:00
1004222,2022-01-03T13:00:00+00:00,35.2145,-78.3624,160.25,,291.9897766113281,287.41357421875,99479.0625,23.993911743164062,14.33126715333971,31.860644291840913,1.0,0,EF1,EST-5,03-JAN-22 07:36:00
1031457,2022-05-20T20:00:00+00:00,44.9883,-84.8497,1079.5,54.35938262939453,298.5478515625,292.9362487792969,95761.375,40.91852569580078,15.162151793097573,19.54048219532315,3.0,1,EF3,EST-5,20-MAY-22 14:38:00
1015350,2022-03-06T04:00:00+00:00,40.1971,-89.9508,489.28125,0.24473407864570618,289.6571044921875,286.4674072265625,98726.9375,25.31708335876465,18.46086871624978,22.29771789591771,0.0,0,EF0,CST-6,05-MAR-22 22:11:00
1026182,2022-05-02T22:00:00+00:00,34.961,-94.576,2057.125,133.125,294.933349609375,292.9912109375,97803.1875,39.087493896484375,13.117736535867262,22.721383141847742,1.0,0,EF1,CST-6,02-MAY-22 16:18:00
1019763,2022-05-30T21:00:00+00:00,45.5151,-95.6965,1512.75,163.3889617919922,293.1689453125,290.6346130371094,95337.4375,31.738239288330078,9.01675694034938,17.979175630039666,1.0,0,EF1,CST-6,30-MAY-22 15:04:00
1014352,2022-04-23T06:00:00+00:00,39.5678,-100.5262,1724.3125,21.156265258789062,294.75439453125,287.7109375,90080.0625,30.65998077392578,11.957102891891337,33.04393408436758,1.0,0,EF1,CST-6,23-APR-22 00:26:00
1018971,2022-03-31T02:00:00+00:00,32.6462,-88.0263,9.625,,296.003173828125,290.951416015625,99480.9375,43.012969970703125,22.454089570099438,35.04271860993312,1.0,0,EF1,CST-6,30-MAR-22 20:10:00
1027441,2022-05-19T20:00:00+00:00,37.85,-91.7488,2395.25,7.534658432006836,297.97509765625,293.527099609375,96646.4375,43.91908264160156,9.528487962378332,14.532501099144763,1.0,0,EF1,CST-6,19-MAY-22 14:19:00
1031315,2022-05-23T20:00:00+00:00,36.0455,-78.8639,1000.1875,20.406326293945312,298.814697265625,291.99945068359375,100388.1875,47.99843978881836,3.9226550650109915,17.746970293830405,0.0,0,EF0,EST-5,23-MAY-22 15:07:00
1014296,2022-03-30T10:00:00+00:00,32.834,-96.3474,113.4375,7.777955055236816,290.2256774902344,288.6969909667969,97795.125,37.70051574707031,15.91896842730017,21.145804607303663,1.0,0,EF1,CST-6,30-MAR-22 03:34:00
1031587,2022-05-06T21:00:00+00:00,45.787,-118.283,108.5,,286.560302734375,282.697509765625,91155.75,18.54656219482422,2.151767987773459,13.096152766477433,1.0,0,EF1,PST-8,06-MAY-22 12:44:00
1030203,2022-05-18T21:00:00+00:00,46.9438,-92.0955,587.9375,21.484622955322266,287.060546875,283.0947265625,96092.0,21.375442504882812,8.294948594879799,18.250342463324994,0.0,0,EF0,CST-6,18-MAY-22 15:16:00
1022465,2022-04-14T00:00:00+00:00,37.486,-85.68,114.625,,296.79345703125,286.65667724609375,97683.75,33.47831726074219,16.72210201411774,21.969888782506217,0.0,0,EF0,EST-5,13-APR-22 19:23:00
1022809,2022-04-05T23:00:00+00:00,32.4398,-83.1547,40.5,34.296878814697266,292.451171875,290.9771423339844,99503.5625,33.5231819152832,14.660093963078968,36.131070169572965,1.0,0,EF1,EST-5,05-APR-22 17:30:00
1006019,2022-01-03T00:00:00+00:00,32.197,-82.4034,649.71875,1.6796786785125732,293.837158203125,292.45361328125,100193.0,43.71041488647461,18.333923328757532,19.832145687761727,0.0,0,EF0,EST-5,02-JAN-22 19:00:00
1016911,2022-03-09T12:00:00+00:00,32.0618,-84.9969,1224.0625,2.6322665214538574,291.72186279296875,290.4795227050781,99598.75,34.65312194824219,15.711368898206992,19.158372433521805,0.0,0,EF0,EST-5,09-MAR-22 06:48:00
1003859,2022-03-05T21:00:00+00:00,41.03,-95.38,679.21875,43.312618255615234,293.6904296875,285.88775634765625,95892.125,20.666784286499023,10.74820632704593,21.954006614026326,0.0,0,EF0,CST-6,05-MAR-22 15:02:00
1024991,2022-04-24T00:00:00+00:00,35.311,-97.855,732.125,41.687538146972656,299.2099609375,288.79638671875,95924.4375,33.42286682128906,9.535941688887167,17.05524924587743,0.0,0,EF0,CST-6,23-APR-22 18:01:00
1025010,2022-04-24T01:00:00+00:00,35.534,-97.214,492.625,143.4375,296.908935546875,291.06475830078125,96724.6875,35.432899475097656,13.207182802033888,20.241203548553685,0.0,0,EF0,CST-6,23-APR-22 19:25:00
1025005,2022-04-24T01:00:00+00:00,35.469,-97.214,492.625,143.4375,296.908935546875,291.06475830078125,96724.6875,35.432899475097656,13.207182802033888,20.241203548553685,0.0,0,EF0,CST-6,23-APR-22 19:20:00
1025885,2022-05-06T22:00:00+00:00,30.1135,-84.1584,2293.375,36.025550842285156,297.910400390625,295.61016845703125,100770.0625,42.93688201904297,12.879023869011133,18.402216509711668,0.0,0,EF0,EST-5,06-MAY-22 16:49:00
1025886,2022-05-06T23:00:00+00:00,30.1114,-83.5833,1569.75,43.47978973388672,296.72216796875,295.0123291015625,100697.1875,43.39362335205078,12.670100404641918,17.67165843610413,0.0,0,EF0,EST-5,06-MAY-22 18:06:00
1016955,2022-03-24T01:00:00+00:00,34.854,-82.828,1109.125,73.14076232910156,291.71484375,288.42724609375,94526.3125,23.499130249023438,9.636428426562365,20.552504475070208,2.0,1,EF2,EST-5,23-MAR-22 19:56:00
1019237,2022-05-27T18:00:00+00:00,39.8552,-76.0797,901.125,55.047000885009766,295.54638671875,292.260498046875,99354.875,44.74940872192383,14.860309065332276,22.770961533412546,1.0,0,EF1,EST-5,27-MAY-22 13:11:00
1027381,2022-05-27T00:00:00+00:00,38.5329,-82.9948,252.125,6.406296253204346,293.32275390625,291.8262939453125,98274.0625,45.06575393676758,7.120028111717898,12.522291292614897,1.0,0,EF1,EST-5,26-MAY-22 18:50:00
1022784,2022-04-06T20:00:00+00:00,31.912,-83.967,2612.25,121.0970230102539,300.773681640625,294.0331726074219,99468.375,39.58812713623047,8.22716617380196,8.525889789755572,1.0,0,EF1,EST-5,06-APR-22 14:37:00
1022812,2022-04-07T00:00:00+00:00,32.575,-83.2443,617.625,15.452107429504395,294.420166015625,292.85296630859375,99512.0625,43.14820861816406,15.815382706332011,16.844109139585555,0.0,0,EF0,EST-5,06-APR-22 18:45:00
1022823,2022-04-07T00:00:00+00:00,32.698,-82.485,507.625,104.48336029052734,294.187744140625,292.72015380859375,99657.0625,43.01832580566406,14.377013677046222,18.8908132557926,0.0,0,EF0,EST-5,06-APR-22 19:29:00
1022825,2022-04-07T00:00:00+00:00,32.5532,-82.573,462.0,52.21773147583008,294.016845703125,292.80804443359375,99715.0625,43.06715393066406,16.15939034144869,17.606897776559126,1.0,0,EF1,EST-5,06-APR-22 19:22:00
1012649,2022-03-22T00:00:00+00:00,30.1538,-96.955,2247.625,249.19642639160156,297.118896484375,292.361572265625,98755.5625,34.6551628112793,14.952733223041422,21.779089967440047,1.0,0,EF1,CST-6,21-MAR-22 18:28:00
1013294,2022-03-21T23:00:00+00:00,30.4796,-97.6754,2478.3125,27.880861282348633,296.79150390625,293.291259765625,97638.8125,35.66779708862305,14.07531536030904,23.28378119229575,2.0,1,EF2,CST-6,21-MAR-22 16:56:00
1018278,2022-04-13T04:00:00+00:00,43.5406,-92.6601,1095.25,73.6407699584961,286.9685974121094,285.41302490234375,94971.6875,31.999011993408203,16.25977573554861,28.224132833515768,2.0,1,EF2,CST-6,12-APR-22 21:46:00
1022155,2022-05-27T23:00:00+00:00,43.4121,-116.7564,0.875,,296.680908203125,278.72607421875,90337.0,20.27490234375,0.5713072813434759,13.400776767484404,0.0,0,EF0,MST-7,27-MAY-22 16:00:00
1018990,2022-03-31T03:00:00+00:00,32.7471,-87.1201,8.125,,294.881103515625,290.4326171875,99031.5625,41.01295852661133,22.421833271250254,35.166728695542595,3.0,1,EF3,CST-6,30-MAR-22 20:53:00
1022792,2022-04-05T19:00:00+00:00,32.6957,-84.056,420.4375,0.12058211863040924,291.23779296875,290.26861572265625,98749.1875,46.29539489746094,20.538825323814063,28.347659576061524,1.0,0,EF1,EST-5,05-APR-22 14:07:00
1014520,2022-04-05T21:00:00+00:00,32.1202,-81.6561,1085.5,6.328166961669922,298.2890625,292.3402404785156,100355.8125,45.99699783325195,16.581874167217748,29.12607389757241,4.0,1,EF4,EST-5,05-APR-22 16:18:00
1022556,2022-04-05T03:00:00+00:00,33.2982,-96.4049,707.625,1.6562970876693726,293.338623046875,290.38531494140625,98153.0625,41.16512680053711,10.96520035756024,20.134107735186888,1.0,0,EF1,CST-6,04-APR-22 20:32:00
1022566,2022-04-05T04:00:00+00:00,32.483,-97.4275,1081.25,78.82838439941406,292.84521484375,290.6240234375,97728.0,35.91029357910156,8.177705158312769,16.725209826638544,2.0,1,EF2,CST-6,04-APR-22 21:41:00
1019025,2022-04-05T15:00:00+00:00,31.7302,-87.1352,413.25,11.281330108642578,293.55908203125,292.64508056640625,99608.875,41.842262268066406,19.015453818042715,23.739078574847003,1.0,0,EF1,CST-6,05-APR-22 09:10:00
1022771,2022-04-05T20:00:00+00:00,31.9286,-83.3573,855.6875,49.13859176635742,296.11328125,290.90087890625,99607.0,45.817970275878906,17.10266440203902,23.310312868748852,0.0,0,EF0,EST-5,05-APR-22 15:20:00
1022772,2022-04-05T20:00:00+00:00,31.966,-83.274,961.125,67.56046295166016,296.7880859375,290.93505859375,99767.0,44.942970275878906,17.8013907797119,24.435156658452225,0.0,0,EF0,EST-5,05-APR-22 15:25:00
1022889,2022-04-05T16:00:00+00:00,31.8712,-86.2108,454.3125,44.92843246459961,293.076416015625,291.92401123046875,99298.3125,43.0772705078125,17.472498864912964,22.738681163216835,,0,EFU,CST-6,05-APR-22 10:20:00
1024940,2022-04-21T20:00:00+00:00,38.11,-121.48,230.0625,154.58804321289062,290.205810546875,280.033935546875,101255.0,18.356014251708984,2.7789547798364413,10.995283781276685,,0,EFU,PST-8,21-APR-22 12:20:00
1022588,2022-04-05T04:00:00+00:00,32.4195,-97.3302,1081.25,78.82838439941406,292.84521484375,290.6240234375,97728.0,35.91029357910156,8.177705158312769,16.725209826638544,0.0,0,EF0,CST-6,04-APR-22 21:49:00
1022589,2022-04-05T04:00:00+00:00,32.4657,-97.241,1175.125,49.75026321411133,293.04638671875,290.869140625,97989.0,37.68275451660156,9.070194877894501,16.16106889162186,0.0,0,EF0,CST-6,04-APR-22 21:58:00
1022590,2022-04-05T04:00:00+00:00,32.4518,-97.1176,1175.125,49.75026321411133,293.04638671875,290.869140625,97989.0,37.68275451660156,9.070194877894501,16.16106889162186,0.0,0,EF0,CST-6,04-APR-22 22:06:00
1022591,2022-04-05T04:00:00+00:00,32.4769,-97.0556,1175.125,49.75026321411133,293.04638671875,290.869140625,97989.0,37.68275451660156,9.070194877894501,16.16106889162186,0.0,0,EF0,CST-6,04-APR-22 22:13:00
1019329,2022-04-13T04:00:00+00:00,43.2127,-92.8754,892.75,53.48451614379883,287.0418395996094,285.60736083984375,95326.6875,32.3632698059082,17.93163854168758,26.48377955530413,0.0,0,EF0,CST-6,12-APR-22 21:46:00
1019328,2022-04-13T04:00:00+00:00,43.1572,-92.9427,892.75,53.48451614379883,287.0418395996094,285.60736083984375,95326.6875,32.3632698059082,17.93163854168758,26.48377955530413,0.0,0,EF0,CST-6,12-APR-22 21:41:00
1022804,2022-04-05T21:00:00+00:00,32.4624,-82.5512,1019.375,10.859416961669922,294.9072265625,292.3753967285156,99749.8125,46.97160720825195,17.389693965816317,25.15650966043249,0.0,0,EF0,EST-5,05-APR-22 16:10:00
1022813,2022-04-07T00:00:00+00:00,32.575,-83.244,617.625,15.452107429504395,294.420166015625,292.85296630859375,99512.0625,43.14820861816406,15.815382706332011,16.844109139585555,0.0,0,EF0,EST-5,06-APR-22 18:46:00
1022786,2022-04-05T18:00:00+00:00,32.3804,-84.756,308.0,17.25,291.95654296875,291.0578308105469,98805.1875,44.667110443115234,19.636708375731654,28.553770415955906,1.0,0,EF1,EST-5,05-APR-22 13:04:00
1014041,2022-03-31T16:00:00+00:00,40.8332,-79.374,514.6875,,290.12890625,286.5263671875,95247.9375,22.372140884399414,17.075730003106653,26.83812024202509,2.0,1,EF2,EST-5,31-MAR-22 10:47:00
1025800,2022-05-25T15:00:00+00:00,34.3197,-86.039,351.3125,21.215606689453125,297.007568359375,292.71533203125,98618.75,43.16830825805664,8.71001869275661,12.943322137340953,0.0,0,EF0,CST-6,25-MAY-22 09:28:00
1025853,2022-05-26T18:00:00+00:00,34.3948,-86.7938,656.625,0.5917508602142334,294.255126953125,292.22119140625,98723.625,36.178531646728516,12.90609340220186,14.64066595370823,1.0,0,EF1,CST-6,26-MAY-22 12:25:00
1018707,2022-04-13T04:00:00+00:00,43.3244,-92.7049,836.75,54.04701614379883,287.1365661621094,285.60931396484375,95351.6875,32.0107307434082,17.330134183020856,28.415174501091425,1.0,0,EF1,CST-6,12-APR-22 21:57:00
1022796,2022-04-05T20:00:00+00:00,32.548,-83.6024,660.625,1.2479654550552368,292.7294921875,291.40673828125,99326.0,47.244728088378906,18.286908289890846,24.112694944561763,3.0,1,EF3,EST-5,05-APR-22 14:49:00
1022814,2022-04-07T00:00:00+00:00,32.568,-83.218,617.625,15.452107429504395,294.420166015625,292.85296630859375,99512.0625,43.14820861816406,15.815382706332011,16.844109139585555,0.0,0,EF0,EST-5,06-APR-22 18:47:00
1022789,2022-04-05T18:00:00+00:00,32.5325,-84.4431,195.9375,25.53125,292.07080078125,291.2189636230469,98823.1875,43.398555755615234,20.300933643630955,28.14383943925005,1.0,0,EF1,EST-5,05-APR-22 13:29:00
1022705,2022-04-23T20:00:00+00:00,45.58,-99.33,31.5625,,287.16259765625,279.97064208984375,92137.625,17.91474151611328,8.355818039021978,10.511275298008133,0.0,0,EF0,CST-6,23-APR-22 13:35:00
1016079,2022-05-05T00:00:00+00:00,33.804,-100.1325,406.5,293.6221618652344,303.774169921875,289.96893310546875,94485.5625,25.608375549316406,5.253962772296679,11.792727844025851,,0,EFU,CST-6,04-MAY-22 18:00:00
1016082,2022-05-05T00:00:00+00:00,33.8149,-100.3299,264.875,240.10653686523438,303.469482421875,288.79510498046875,93734.5625,23.667945861816406,4.782728796417194,11.463521585086335,,0,EFU,CST-6,04-MAY-22 17:34:00
1063161,2022-05-02T01:00:00+00:00,35.6365,-101.5991,134.625,155.43753051757812,295.667236328125,285.6201171875,89446.625,25.492599487304688,0.2215886285720308,16.672916367329673,0.0,0,EF0,CST-6,01-MAY-22 18:55:00
1022802,2022-04-05T20:00:00+00:00,32.3497,-83.3145,635.375,3.9823403358459473,292.9951171875,291.56787109375,99432.0,47.112892150878906,18.560908222026214,25.91652453014024,1.0,0,EF1,EST-5,05-APR-22 15:14:00
1020792,2022-04-18T02:00:00+00:00,31.2869,-88.7427,946.0625,113.0421371459961,295.052001953125,293.3136291503906,100551.4375,46.89384078979492,9.342133740075843,15.84001548889445,2.0,1,EF2,CST-6,17-APR-22 20:02:00
1022828,2022-04-07T01:00:00+00:00,32.3883,-83.3783,944.625,183.76605224609375,294.801025390625,293.35302734375,99480.5625,41.9158935546875,12.850264317629035,14.721927575921658,1.0,0,EF1,EST-5,06-APR-22 19:39:00
1022966,2022-04-12T22:00:00+00:00,31.3405,-97.7778,1208.625,97.48455810546875,298.39208984375,292.72021484375,97175.125,33.51731872558594,7.445342375011215,19.12826009630294,,0,EFU,CST-6,12-APR-22 16:06:00
1022969,2022-04-12T23:00:00+00:00,30.8918,-97.7303,1600.5,110.4688491821289,302.473388671875,291.62939453125,97379.625,37.56538391113281,8.130490932941061,20.16073729144878,3.0,1,EF3,CST-6,12-APR-22 16:34:00
1022972,2022-04-13T00:00:00+00:00,31.0408,-97.217,1941.5,64.85948181152344,299.35888671875,291.9741516113281,98702.25,42.927642822265625,7.2382941296724335,18.4140146307502,0.0,0,EF0,CST-6,12-APR-22 18:25:00
1011491,2022-03-30T09:00:00+00:00,36.122,-94.156,341.5625,7.104040622711182,289.6434326171875,287.5679016113281,95206.4375,34.45500183105469,16.44563705641085,24.957624784234007,3.0,1,EF3,CST-6,30-MAR-22 03:04:00
1019235,2022-05-27T16:00:00+00:00,39.8524,-77.6368,582.875,0.6876146197319031,292.97314453125,292.115966796875,97750.6875,42.25334930419922,10.733586460456227,17.52770700893785,0.0,0,EF0,EST-5,27-MAY-22 10:45:00
1019236,2022-05-27T17:00:00+00:00,40.2675,-77.2428,451.75,0.9931116700172424,293.245361328125,292.22900390625,98453.9375,43.168582916259766,11.340005883562712,18.11635421934575,0.0,0,EF0,EST-5,27-MAY-22 11:42:00
1021549,2022-05-01T22:00:00+00:00,31.1341,-102.9928,554.25,190.75399780273438,303.669677734375,286.6549072265625,91605.4375,29.856475830078125,3.8608516040992416,13.95976570939881,,0,EFU,CST-6,01-MAY-22 16:04:00
1021558,2022-05-02T00:00:00+00:00,31.054,-102.6671,1639.125,173.33984375,301.581787109375,289.95794677734375,91269.75,33.73095703125,2.7091999539772034,12.31632257373857,,0,EFU,CST-6,01-MAY-22 17:35:00
1014514,2022-04-05T22:00:00+00:00,33.0993,-81.218,273.25,1.2813897132873535,292.4306640625,290.9923095703125,99907.625,46.85227966308594,16.964630505647683,28.865760857303695,1.0,0,EF1,EST-5,05-APR-22 17:03:00
1037443,2022-06-21T03:00:00+00:00,44.476,-97.633,871.75,187.46932983398438,298.791259765625,292.31640625,95275.6875,48.51213073730469,3.9530112915489157,23.37396559880677,,0,EFU,CST-6,20-JUN-22 20:44:00
1022833,2022-04-07T01:00:00+00:00,32.3787,-83.261,803.0,165.64105224609375,294.513916015625,293.13232421875,99579.5625,41.8729248046875,13.03977686524103,15.21369934090284,1.0,0,EF1,EST-5,06-APR-22 19:48:00
1025022,2022-04-24T07:00:00+00:00,34.723,-97.265,493.125,139.390625,295.8505859375,288.08172607421875,97041.75,35.209716796875,14.292966799157274,20.011455148272336,0.0,0,EF0,CST-6,24-APR-22 00:57:00
1023656,2022-05-07T00:00:00+00:00,36.3646,-79.7966,1506.5,8.171957015991211,293.70849609375,291.4783020019531,97059.1875,34.451820373535156,9.71656226962305,21.733351586341378,1.0,0,EF1,EST-5,06-MAY-22 18:41:00
1027683,2022-05-07T01:00:00+00:00,37.88,-79.29,61.5,0.40628597140312195,289.47509765625,288.1226806640625,93654.5625,30.33867645263672,5.506074516754171,12.300505483495405,0.0,0,EF0,EST-5,06-MAY-22 19:40:00
1018303,2022-05-31T22:00:00+00:00,28.2098,-82.6904,1570.625,110.52339935302734,299.811767578125,294.771240234375,101362.5625,44.393341064453125,2.9035533424608224,2.953466658533345,,0,EFU,EST-5,31-MAY-22 16:50:00
1018306,2022-05-31T22:00:00+00:00,27.39,-82.47,998.0,88.99214935302734,300.897705078125,294.312255859375,101286.5625,43.173614501953125,1.5401385266039163,1.9157810388880947,,0,EFU,EST-5,31-MAY-22 17:10:00
1018304,2022-05-31T22:00:00+00:00,27.9847,-82.5584,1254.625,76.11714935302734,299.884033203125,295.055419921875,101374.5625,42.228302001953125,2.482819955808319,4.2516805755959695,,0,EFU,EST-5,31-MAY-22 16:55:00
1019691,2022-05-13T00:00:00+00:00,45.9062,-95.3967,1828.375,286.1744689941406,299.361328125,291.40936279296875,95480.625,36.98039245605469,13.351598648234395,20.803099296451347,1.0,0,EF1,CST-6,12-MAY-22 18:12:00
1021704,2022-05-02T01:00:00+00:00,30.9188,-102.7609,1978.875,174.57815551757812,300.076416015625,292.1513671875,91310.625,34.77580261230469,4.1754358042110375,13.753605295439417,,0,EFU,CST-6,01-MAY-22 18:36:00
1018993,2022-03-31T03:00:00+00:00,32.836,-87.076,19.84375,,294.243408203125,290.587890625,98702.5625,41.19264602661133,22.74909413323485,35.76338713210379,3.0,1,EF3,CST-6,30-MAR-22 21:00:00
1018994,2022-03-31T03:00:00+00:00,33.057,-86.904,46.625,,294.538330078125,289.923828125,98525.5625,39.33034133911133,21.565728716050828,33.39892687736633,1.0,0,EF1,CST-6,30-MAR-22 21:20:00
1021318,2022-04-12T22:00:00+00:00,30.8846,-97.788,1019.75,125.29705810546875,303.14794921875,289.97021484375,96559.125,33.22630310058594,6.648794690055668,21.51158565831394,1.0,0,EF1,CST-6,12-APR-22 16:29:00
1022805,2022-04-05T21:00:00+00:00,32.4467,-82.426,1136.25,11.781291961669922,295.30078125,292.6214904785156,99807.8125,46.61613845825195,17.1299777672854,26.811341416637774,1.0,0,EF1,EST-5,05-APR-22 16:17:00
1022806,2022-04-05T21:00:00+00:00,32.5482,-82.4197,1136.25,11.781291961669922,295.30078125,292.6214904785156,99807.8125,46.61613845825195,17.1299777672854,26.811341416637774,1.0,0,EF1,EST-5,05-APR-22 16:22:00
1017431,2022-03-31T17:00:00+00:00,35.1042,-80.2373,417.4375,,292.830078125,291.1884765625,98851.0,42.86722946166992,18.12285607267331,28.143977176092164,2.0,1,EF2,EST-5,31-MAR-22 12:22:00
1021756,2022-05-02T01:00:00+00:00,32.6377,-100.7711,246.6875,209.92190551757812,294.839111328125,291.6435546875,93137.625,27.105880737304688,7.347019109879232,9.921387322919502,2.0,1,EF2,CST-6,01-MAY-22 18:44:00
1018505,2022-05-24T00:00:00+00:00,33.8136,-102.8465,1532.125,31.03133201599121,297.307861328125,284.5740051269531,87572.625,30.914989471435547,0.30981873005312655,14.643604193720167,,0,EFU,CST-6,23-MAY-22 17:50:00
1018630,2022-05-24T02:00:00+00:00,33.664,-102.5559,1539.3125,191.93235778808594,292.299072265625,288.5498962402344,88199.375,30.324399948120117,0.4101363779520225,13.904034923729416,,0,EFU,CST-6,23-MAY-22 19:37:00
1019009,2022-04-05T14:00:00+00:00,31.7731,-88.1682,325.4375,44.82844161987305,294.011962890625,292.83056640625,99849.5625,43.88201904296875,20.384813032447322,26.032982991679443,2.0,1,EF2,CST-6,05-APR-22 08:03:00
1022815,2022-04-07T00:00:00+00:00,32.4901,-83.1557,617.625,15.452107429504395,294.420166015625,292.85296630859375,99512.0625,43.14820861816406,15.815382706332011,16.844109139585555,1.0,0,EF1,EST-5,06-APR-22 18:52:00
1022819,2022-04-07T00:00:00+00:00,32.369,-83.11,617.625,15.452107429504395,294.420166015625,292.85296630859375,99512.0625,43.14820861816406,15.815382706332011,16.844109139585555,1.0,0,EF1,EST-5,06-APR-22 18:55:00
1035507,2022-07-06T19:00:00+00:00,39.1675,-83.9993,2215.25,141.0000762939453,306.111328125,295.0048828125,97868.125,54.35444259643555,2.7809752952156814,11.09107618411953,1.0,0,EF1,EST-5,06-JUL-22 14:17:00
1018614,2022-05-24T00:00:00+00:00,33.8093,-102.786,1532.125,31.03133201599121,297.307861328125,284.5740051269531,87572.625,30.914989471435547,0.30981873005312655,14.643604193720167,2.0,1,EF2,CST-6,23-MAY-22 18:03:00
1018631,2022-05-24T02:00:00+00:00,33.6266,-102.5438,1539.3125,191.93235778808594,292.299072265625,288.5498962402344,88199.375,30.324399948120117,0.4101363779520225,13.904034923729416,2.0,1,EF2,CST-6,23-MAY-22 19:40:00
1018706,2022-04-13T04:00:00+00:00,43.3276,-92.4483,772.625,45.76576614379883,287.2176208496094,285.63958740234375,95329.6875,31.915027618408203,17.47424564178101,29.075267689400476,0.0,0,EF0,CST-6,12-APR-22 22:10:00
1019011,2022-04-05T16:00:00+00:00,31.8712,-86.2108,454.3125,44.92843246459961,293.076416015625,291.92401123046875,99298.3125,43.0772705078125,17.472498864912964,22.738681163216835,2.0,1,EF2,CST-6,05-APR-22 09:56:00
1022779,2022-04-05T23:00:00+00:00,33.169,-80.5188,886.6875,9.468754768371582,293.1689453125,291.5025329589844,100298.5625,47.0231819152832,18.887437757944095,28.59261485482549,0.0,0,EF0,EST-5,05-APR-22 18:12:00
1023224,2022-04-05T22:00:00+00:00,32.8435,-81.0761,394.125,2.2970147132873535,292.9970703125,291.3292236328125,100134.625,46.66380310058594,16.84725235444834,27.779796706077484,0.0,0,EF0,EST-5,05-APR-22 17:20:00
1022671,2022-04-07T03:00:00+00:00,32.9187,-80.7411,608.875,408.9124450683594,293.158935546875,291.6869812011719,100622.8125,44.9761848449707,13.943346349876478,18.16168667050978,0.0,0,EF0,EST-5,06-APR-22 21:59:00
1017829,2022-04-13T14:00:00+00:00,35.82,-94.659,1118.25,1.8437526226043701,292.1751708984375,291.3267822265625,96564.125,39.076683044433594,11.33282822670529,17.688663002145066,1.0,0,EF1,CST-6,13-APR-22 07:50:00
1022800,2022-04-05T20:00:00+00:00,32.6484,-83.3773,566.0625,1.4042154550552368,291.841796875,290.60107421875,99231.0,46.957618713378906,19.80741064780715,26.980665047196492,1.0,0,EF1,EST-5,05-APR-22 15:11:00
1022790,2022-04-05T19:00:00+00:00,32.615,-84.2418,420.4375,0.12058211863040924,291.23779296875,290.26861572265625,98749.1875,46.29539489746094,20.538825323814063,28.347659576061524,1.0,0,EF1,EST-5,05-APR-22 13:50:00
1017826,2022-04-11T22:00:00+00:00,35.276,-94.134,2492.5,239.39068603515625,292.14453125,290.07781982421875,98409.3125,29.40878677368164,9.38137852148336,22.195294445006933,1.0,0,EF1,CST-6,11-APR-22 16:12:00
1035485,2022-07-06T19:00:00+00:00,39.2387,-84.2781,2234.25,147.5938262939453,305.6904296875,294.869140625,98207.125,54.50483322143555,3.097965794272422,10.511487145264686,1.0,0,EF1,EST-5,06-JUL-22 13:57:00
1018620,2022-05-24T00:00:00+00:00,33.825,-102.764,1659.25,58.796958923339844,294.020751953125,288.0857238769531,88152.625,32.78217697143555,0.2728382860197621,10.72598930821199,2.0,1,EF2,CST-6,23-MAY-22 18:12:00
1021064,2022-05-24T01:00:00+00:00,33.6874,-102.6876,1445.5,117.48448944091797,291.739990234375,288.333984375,88118.4375,29.129150390625,0.2528531097805229,14.853264628255321,,0,EFU,CST-6,23-MAY-22 19:14:00
1021358,2022-05-26T19:00:00+00:00,42.1709,-89.6011,1174.5,30.46040916442871,296.545654296875,291.009521484375,97712.3125,28.268047332763672,2.7228058074190384,9.042630335238968,,0,EFU,CST-6,26-MAY-22 13:20:00
1018720,2022-04-13T04:00:00+00:00,43.328,-92.5543,836.75,54.04701614379883,287.1365661621094,285.60931396484375,95351.6875,32.0107307434082,17.330134183020856,28.415174501091425,1.0,0,EF1,CST-6,12-APR-22 22:05:00
1023225,2022-04-05T20:00:00+00:00,32.9286,-81.3756,496.1875,7.107340335845947,293.388671875,291.92333984375,100218.0,44.800392150878906,17.226263030852284,30.018392721410184,3.0,1,EF3,EST-5,05-APR-22 14:50:00
1023226,2022-04-05T22:00:00+00:00,33.1124,-81.2277,273.25,1.2813897132873535,292.4306640625,290.9923095703125,99907.625,46.85227966308594,16.964630505647683,28.865760857303695,1.0,0,EF1,EST-5,05-APR-22 17:03:00
1022791,2022-04-05T19:00:00+00:00,32.307,-84.169,500.0625,17.917457580566406,293.58740234375,292.04205322265625,99152.1875,45.83641052246094,18.694161327152443,24.550399918215234,1.0,0,EF1,EST-5,05-APR-22 14:01:00
1031795,2022-03-06T03:00:00+00:00,41.5374,-90.7259,548.0625,5.53151798248291,286.2674255371094,284.000244140625,97729.875,20.33362579345703,19.61693158525238,23.78053955246381,0.0,0,EF0,CST-6,05-MAR-22 20:37:00
1018447,2022-05-28T01:00:00+00:00,38.4957,-76.782,979.875,8.281355857849121,294.53125,292.96185302734375,100471.375,39.53472900390625,12.031486133078182,16.241758119415884,1.0,0,EF1,EST-5,27-MAY-22 19:32:00
1018624,2022-05-24T00:00:00+00:00,33.8213,-102.7178,1659.25,58.796958923339844,294.020751953125,288.0857238769531,88152.625,32.78217697143555,0.2728382860197621,10.72598930821199,,0,EFU,CST-6,23-MAY-22 18:13:00
1024267,2022-05-19T23:00:00+00:00,38.614,-89.751,1176.75,8.328263282775879,294.9794921875,292.2867736816406,98227.4375,41.40631103515625,12.891181258194516,8.450693181970916,0.0,0,EF0,CST-6,19-MAY-22 16:44:00
1015431,2022-04-29T22:00:00+00:00,40.1,-99.51,183.375,157.87501525878906,289.75341796875,286.9981384277344,91920.625,26.784345626831055,6.416680379909034,15.233477131576398,,0,EFU,CST-6,29-APR-22 16:12:00
1015432,2022-04-29T22:00:00+00:00,40.04,-99.61,122.875,515.59375,289.96044921875,286.3477478027344,91860.625,23.285322189331055,6.235074322876548,18.6976680301194,,0,EFU,CST-6,29-APR-22 15:52:00
1015433,2022-04-29T23:00:00+00:00,40.42,-99.03,264.5,192.26564025878906,288.332275390625,285.0968017578125,92406.8125,29.445032119750977,6.977005526575593,12.70238856495993,,0,EFU,CST-6,29-APR-22 16:39:00
1022808,2022-04-05T21:00:00+00:00,32.5211,-82.3086,1136.25,11.781291961669922,295.30078125,292.6214904785156,99807.8125,46.61613845825195,17.1299777672854,26.811341416637774,0.0,0,EF0,EST-5,05-APR-22 16:27:00
1006016,2022-01-02T22:00:00+00:00,31.8658,-83.3347,932.3125,0.06837103515863419,294.24908447265625,292.70159912109375,99766.5625,45.00197982788086,17.43119874599446,23.92476030860392,0.0,0,EF0,EST-5,02-JAN-22 17:27:00
1032102,2022-03-31T03:00:00+00:00,31.99,-88.1,336.875,87.43362426757812,293.802001953125,291.01171875,99614.5625,45.85280227661133,22.407901009345288,23.73372138097343,2.0,1,EF2,CST-6,30-MAR-22 20:30:00
1016964,2022-03-24T03:00:00+00:00,35.954,-81.301,497.375,0.5471082329750061,291.72314453125,289.049072265625,95818.125,24.76256561279297,13.382051405720516,20.250966365448967,1.0,0,EF1,EST-5,23-MAR-22 21:59:00
1002652,2022-03-15T05:00:00+00:00,29.405,-95.1484,1215.03125,136.72991943359375,291.5206298828125,290.412109375,101742.3125,32.673648834228516,12.049036350237392,15.064992195295627,0.0,0,EF0,CST-6,14-MAR-22 22:50:00
1008018,2022-03-22T02:00:00+00:00,30.4909,-96.4715,2193.1875,49.67204666137695,296.0537109375,294.0089111328125,99332.25,38.346649169921875,17.684651210324244,14.572816574882163,0.0,0,EF0,CST-6,21-MAR-22 19:35:00
1008039,2022-03-22T02:00:00+00:00,30.7405,-96.2008,2241.5625,40.90642166137695,295.080078125,293.6495361328125,99293.25,36.504852294921875,18.762089657364527,18.104548162690328,1.0,0,EF1,CST-6,21-MAR-22 20:05:00
1008064,2022-03-22T03:00:00+00:00,30.9357,-95.9381,2343.625,3.945347547531128,294.601318359375,293.6405029296875,99383.625,40.79357147216797,19.062002989033935,16.066863975012392,1.0,0,EF1,CST-6,21-MAR-22 20:35:00
1015802,2022-03-24T02:00:00+00:00,36.6922,-80.5873,48.9375,1.539310336112976,289.922119140625,287.59674072265625,93332.5625,21.49091339111328,10.225076496021554,20.470066066951308,2.0,1,EF2,EST-5,23-MAR-22 20:45:00
1018626,2022-05-24T00:00:00+00:00,33.825,-102.713,1659.25,58.796958923339844,294.020751953125,288.0857238769531,88152.625,32.78217697143555,0.2728382860197621,10.72598930821199,,0,EFU,CST-6,23-MAY-22 18:17:00
1021176,2022-05-03T22:00:00+00:00,40.9429,-83.7853,133.0,157.57493591308594,292.8134765625,288.56982421875,97698.1875,30.302906036376953,12.625670832156946,20.46735908772174,0.0,0,EF0,EST-5,03-MAY-22 16:31:00
1024251,2022-05-19T21:00:00+00:00,38.305,-91.041,2120.0,13.937520027160645,297.20849609375,294.806396484375,97236.8125,45.19203186035156,9.44254208757856,13.488927750649108,0.0,0,EF0,CST-6,19-MAY-22 15:16:00
1024268,2022-05-19T23:00:00+00:00,38.424,-89.5,1174.75,6.781387805938721,295.79296875,292.3522033691406,98341.4375,41.10064697265625,14.606886966306513,13.419087106600244,0.0,0,EF0,CST-6,19-MAY-22 16:53:00
1018172,2022-05-20T03:00:00+00:00,38.41,-87.745,1705.875,37.968955993652344,294.06298828125,291.663818359375,98712.5,47.31532287597656,12.908132162886583,26.737392714876965,1.0,0,EF1,CST-6,19-MAY-22 20:39:00
1025073,2022-06-01T02:00:00+00:00,37.11,-96.78,2072.0625,110.60594940185547,296.736083984375,294.2092590332031,96766.0625,48.24658203125,11.929149447342152,14.523627576272617,,0,EFU,CST-6,31-MAY-22 19:30:00
1018982,2022-03-31T05:00:00+00:00,33.2649,-86.6431,145.875,305.2033386230469,291.812744140625,290.1146545410156,98256.875,40.7802619934082,21.815751653972313,28.956638240219768,1.0,0,EF1,CST-6,30-MAR-22 22:58:00
1018973,2022-03-31T03:00:00+00:00,32.0,-88.09,336.875,87.43362426757812,293.802001953125,291.01171875,99614.5625,45.85280227661133,22.407901009345288,23.73372138097343,2.0,1,EF2,CST-6,30-MAR-22 20:33:00
1015434,2022-04-30T00:00:00+00:00,40.12,-97.84,326.375,111.04692077636719,291.088623046875,287.99285888671875,93826.75,31.414173126220703,6.947402785850218,18.861302341608752,0.0,0,EF0,CST-6,29-APR-22 18:05:00
1015435,2022-04-30T00:00:00+00:00,40.1327,-97.8208,326.375,111.04692077636719,291.088623046875,287.99285888671875,93826.75,31.414173126220703,6.947402785850218,18.861302341608752,0.0,0,EF0,CST-6,29-APR-22 18:07:00
1013170,2022-04-06T00:00:00+00:00,33.8947,-79.3035,658.5,14.60962963104248,292.070068359375,290.63897705078125,100326.875,46.64301300048828,20.020055113559582,31.319895169714137,1.0,0,EF1,EST-5,05-APR-22 18:51:00
1022811,2022-04-05T23:00:00+00:00,32.443,-83.15,40.5,34.296878814697266,292.451171875,290.9771423339844,99503.5625,33.5231819152832,14.660093963078968,36.131070169572965,1.0,0,EF1,EST-5,05-APR-22 17:31:00
1022816,2022-04-07T00:00:00+00:00,32.3725,-83.1406,617.625,15.452107429504395,294.420166015625,292.85296630859375,99512.0625,43.14820861816406,15.815382706332011,16.844109139585555,0.0,0,EF0,EST-5,06-APR-22 18:53:00
1022821,2022-04-07T00:00:00+00:00,32.6714,-82.5734,410.5,86.09273529052734,294.246337890625,292.78363037109375,99611.0625,43.07398986816406,15.124012522776537,18.96926673277418,1.0,0,EF1,EST-5,06-APR-22 19:22:00
1008077,2022-03-22T03:00:00+00:00,31.1346,-95.675,2210.3125,13.679722785949707,293.514404296875,292.7528076171875,99423.625,40.23693084716797,20.21210013987465,18.428187274601207,2.0,1,EF2,CST-6,21-MAR-22 21:10:00
1039261,2022-06-30T16:00:00+00:00,30.68,-92.4,514.625,118.89129638671875,302.543212890625,294.67919921875,101529.25,49.168922424316406,3.5871741981559273,4.775216086007094,0.0,0,EF0,CST-6,30-JUN-22 10:00:00
1018627,2022-05-24T01:00:00+00:00,33.7937,-102.6694,1445.5,117.48448944091797,291.739990234375,288.333984375,88118.4375,29.129150390625,0.2528531097805229,14.853264628255321,,0,EFU,CST-6,23-MAY-22 18:40:00
1021178,2022-05-03T23:00:00+00:00,41.2123,-82.7489,259.625,55.01496505737305,291.390380859375,288.38525390625,97762.875,32.624488830566406,11.093309498942865,21.438604908482752,1.0,0,EF1,EST-5,03-MAY-22 17:36:00
1024256,2022-05-19T22:00:00+00:00,38.582,-90.398,1991.75,3.890658140182495,295.735595703125,293.82818603515625,98014.8125,43.649803161621094,9.827632326607372,10.582832139186744,0.0,0,EF0,CST-6,19-MAY-22 15:58:00
1024276,2022-05-19T23:00:00+00:00,38.741,-89.482,1211.0,4.843887805938721,296.0693359375,292.2604064941406,98218.4375,41.04498291015625,13.176224259177868,11.382901544176075,1.0,0,EF1,CST-6,19-MAY-22 17:04:00
1024109,2022-05-27T21:00:00+00:00,33.9089,-79.0653,1106.625,59.09382629394531,298.70361328125,295.574462890625,100966.8125,40.93419647216797,10.322358882749326,15.092306852672996,0.0,0,EF0,EST-5,27-MAY-22 15:57:00
1024119,2022-05-27T22:00:00+00:00,34.0513,-78.8869,1470.8125,65.29689025878906,297.82958984375,294.94580078125,100993.375,40.98951721191406,11.093023455563598,16.2904443391031,0.0,0,EF0,EST-5,27-MAY-22 16:32:00
1018983,2022-03-31T05:00:00+00:00,32.2663,-86.6128,50.1875,,294.385009765625,290.1322326660156,99428.875,40.0146369934082,20.805833624683487,26.77964970907125,0.0,0,EF0,CST-6,30-MAR-22 23:09:00
1014019,2022-03-23T00:00:00+00:00,29.8849,-90.0535,580.5625,21.87998390197754,294.687255859375,293.56298828125,100646.4375,43.23155975341797,10.561614037939636,17.170698039598136,0.0,0,EF0,CST-6,22-MAR-22 18:21:00
1022795,2022-04-05T20:00:00+00:00,32.8716,-83.697,510.6875,1.2479654550552368,290.646484375,289.54736328125,98793.0,44.291603088378906,20.71877831917976,27.03669321223799,1.0,0,EF1,EST-5,05-APR-22 14:33:00
1022793,2022-04-05T19:00:00+00:00,32.189,-83.8806,466.5625,35.558082580566406,294.11474609375,291.96099853515625,99318.1875,44.96336364746094,19.49041676744189,24.938170531937192,2.0,1,EF2,EST-5,05-APR-22 14:26:00
1022798,2022-04-05T20:00:00+00:00,33.095,-83.3493,417.0,1.5448404550552368,290.51171875,289.49365234375,98796.0,44.553321838378906,22.016993365396793,27.26410087094835,0.0,0,EF0,EST-5,05-APR-22 15:01:00
1067274,2022-11-29T22:00:00+00:00,31.3824,-90.0697,997.75,155.2071990966797,297.8672180175781,294.918701171875,99559.9375,38.82810592651367,11.513395956260299,18.72938217100374,1.0,0,EF1,CST-6,29-NOV-22 16:23:00
1022801,2022-04-05T20:00:00+00:00,32.677,-83.281,476.875,6.966715335845947,292.421875,291.13720703125,99379.0,46.666603088378906,19.168668249091017,27.98179693783947,1.0,0,EF1,EST-5,05-APR-22 15:16:00
1008114,2022-03-22T11:00:00+00:00,29.4886,-96.0397,422.0625,42.53059005737305,290.95458984375,290.1793518066406,100001.9375,42.06638717651367,9.42179506605028,22.408780313198793,0.0,0,EF0,CST-6,22-MAR-22 04:35:00
1008096,2022-03-22T12:00:00+00:00,29.2286,-95.3365,1273.4375,1.4062519073486328,290.925048828125,289.93585205078125,100303.9375,47.60508728027344,13.847111993239873,27.979788672181964,0.0,0,EF0,CST-6,22-MAR-22 06:21:00
1016076,2022-05-04T23:00:00+00:00,33.813,-100.5941,214.25,230.14462280273438,303.272216796875,286.912353515625,92830.75,23.663663864135742,3.0040464004179914,13.195462110848613,,0,EFU,CST-6,04-MAY-22 16:52:00
1018628,2022-05-24T01:00:00+00:00,33.7802,-102.5942,1445.5,117.48448944091797,291.739990234375,288.333984375,88118.4375,29.129150390625,0.2528531097805229,14.853264628255321,0.0,0,EF0,CST-6,23-MAY-22 19:06:00
1024261,2022-05-19T22:00:00+00:00,38.63,-90.418,1834.625,12.859408378601074,296.444580078125,293.66119384765625,98099.8125,43.391014099121094,7.6610158577189456,8.297213543575706,0.0,0,EF0,CST-6,19-MAY-22 16:03:00
1024271,2022-05-19T23:00:00+00:00,38.663,-89.519,1211.0,4.843887805938721,296.0693359375,292.2604064941406,98218.4375,41.04498291015625,13.176224259177868,11.382901544176075,1.0,0,EF1,CST-6,19-MAY-22 16:57:00
1018714,2022-04-13T04:00:00+00:00,43.2574,-92.6427,836.75,54.04701614379883,287.1365661621094,285.60931396484375,95351.6875,32.0107307434082,17.330134183020856,28.415174501091425,1.0,0,EF1,CST-6,12-APR-22 21:57:00
1013401,2022-04-29T00:00:00+00:00,40.03,-99.43,1377.875,203.83242797851562,301.44189453125,282.99676513671875,93001.25,26.578319549560547,4.858354994239995,5.7339294106739755,,0,EFU,CST-6,28-APR-22 17:30:00
1022803,2022-04-05T20:00:00+00:00,32.361,-83.283,635.375,3.9823403358459473,292.9951171875,291.56787109375,99432.0,47.112892150878906,18.560908222026214,25.91652453014024,1.0,0,EF1,EST-5,05-APR-22 15:17:00
1019010,2022-04-05T14:00:00+00:00,31.797,-88.0528,325.4375,44.82844161987305,294.011962890625,292.83056640625,99849.5625,43.88201904296875,20.384813032447322,26.032982991679443,1.0,0,EF1,CST-6,05-APR-22 08:10:00
1018629,2022-05-24T01:00:00+00:00,33.6627,-102.5785,1445.5,117.48448944091797,291.739990234375,288.333984375,88118.4375,29.129150390625,0.2528531097805229,14.853264628255321,,0,EFU,CST-6,23-MAY-22 19:28:00
1024266,2022-05-19T22:00:00+00:00,38.679,-90.47,1834.625,12.859408378601074,296.444580078125,293.66119384765625,98099.8125,43.391014099121094,7.6610158577189456,8.297213543575706,0.0,0,EF0,CST-6,19-MAY-22 16:06:00
1024396,2022-05-26T11:00:00+00:00,32.7702,-80.674,749.5,164.93765258789062,296.820556640625,295.120361328125,101954.3125,41.97323226928711,9.087471085255437,13.360233799230741,0.0,0,EF0,EST-5,26-MAY-22 06:15:00
1018159,2022-05-20T03:00:00+00:00,38.3439,-87.8778,1666.0,52.312705993652344,293.74072265625,291.658935546875,98737.5,47.48622131347656,14.49553197696996,26.26597989723085,2.0,1,EF2,CST-6,19-MAY-22 20:31:00
1025074,2022-06-01T02:00:00+00:00,37.16,-96.74,2072.0625,110.60594940185547,296.736083984375,294.2092590332031,96766.0625,48.24658203125,11.929149447342152,14.523627576272617,,0,EFU,CST-6,31-MAY-22 19:40:00
1019327,2022-04-13T05:00:00+00:00,43.2965,-92.0033,415.375,115.10079956054688,286.4715270996094,284.8313293457031,95466.875,31.709230422973633,17.543679243993196,24.754914443791456,0.0,0,EF0,CST-6,12-APR-22 22:36:00
1014021,2022-03-23T00:00:00+00:00,29.9473,-90.0063,1078.8125,26.67685890197754,294.500732421875,293.57666015625,100682.4375,46.27550506591797,13.351812728002107,15.454228023628593,3.0,1,EF3,CST-6,22-MAR-22 18:27:00
1011084,2022-03-21T23:00:00+00:00,29.6893,-97.7307,3288.75,190.255859375,298.39697265625,293.433837890625,98395.8125,36.11799240112305,11.38686396004751,23.081711025094798,2.0,1,EF2,CST-6,21-MAR-22 16:59:00
1067556,2022-11-29T23:00:00+00:00,33.4605,-89.2425,569.75,15.423315048217773,294.3730163574219,292.4444580078125,99239.375,42.32925796508789,17.205093094293286,17.575797916511473,1.0,0,EF1,CST-6,29-NOV-22 17:11:00
1012650,2022-03-21T23:00:00+00:00,30.4632,-97.6845,2478.3125,27.880861282348633,296.79150390625,293.291259765625,97638.8125,35.66779708862305,14.07531536030904,23.28378119229575,1.0,0,EF1,CST-6,21-MAR-22 16:54:00
1009238,2022-03-22T04:00:00+00:00,32.849,-94.699,750.8125,1.786841869354248,291.96142578125,291.2411193847656,99319.0625,40.86402130126953,18.790554137891387,23.421598265505637,2.0,1,EF2,CST-6,21-MAR-22 21:44:00
1012837,2022-03-07T02:00:00+00:00,36.371,-91.1183,138.4375,53.48526382446289,291.08935546875,289.651123046875,98960.6875,36.00178909301758,19.024325384378628,27.81336708316921,1.0,0,EF1,CST-6,06-MAR-22 20:17:00
1012842,2022-03-06T23:00:00+00:00,35.43,-93.23,216.125,13.234476089477539,294.274169921875,290.65740966796875,97928.75,35.2132568359375,13.319668188723982,19.04409788964774,1.0,0,EF1,CST-6,06-MAR-22 17:18:00
1011484,2022-03-21T23:00:00+00:00,30.7736,-97.6804,2059.375,9.646485328674316,295.69189453125,293.051025390625,97379.8125,35.61799240112305,13.84312307988561,21.426749934239528,1.0,0,EF1,CST-6,21-MAR-22 16:51:00
1006837,2022-03-12T13:00:00+00:00,28.4946,-82.6674,1056.0625,2.1251189708709717,296.484375,294.80706787109375,100734.125,49.125450134277344,16.23474923221989,19.50097103811225,1.0,0,EF1,EST-5,12-MAR-22 08:06:00
1012890,2022-03-07T01:00:00+00:00,36.03,-91.84,310.375,116.46891021728516,291.581298828125,290.10687255859375,98535.3125,35.35374450683594,16.748203547554574,25.13483519441905,2.0,1,EF2,CST-6,06-MAR-22 19:17:00
1012891,2022-03-07T01:00:00+00:00,36.092,-91.681,357.5625,74.54703521728516,291.053955078125,289.81488037109375,98729.3125,36.27757263183594,17.666293951919215,25.319498553839086,0.0,0,EF0,CST-6,06-MAR-22 19:28:00
1011229,2022-03-09T12:00:00+00:00,30.87,-85.18,972.4375,0.7885165214538574,293.14959716796875,291.8428039550781,100515.75,38.65507507324219,10.795363490849109,15.088479511743127,,0,EFU,CST-6,09-MAR-22 05:55:00
1012934,2022-03-22T22:00:00+00:00,34.8657,-87.3377,20.5,,292.967529296875,288.407470703125,98012.625,31.273208618164062,13.205331920760255,25.371181126156966,0.0,0,EF0,CST-6,22-MAR-22 16:29:00
1014512,2022-03-06T05:00:00+00:00,39.403,-89.664,452.375,12.168766975402832,290.81683349609375,285.87359619140625,98638.75,25.984817504882812,17.78170735162546,23.208402432244156,1.0,0,EF1,CST-6,05-MAR-22 22:57:00
1012892,2022-03-07T07:00:00+00:00,33.96,-91.96,381.375,2.16749906539917,295.1500244140625,290.275146484375,100304.25,40.02021026611328,21.539714223868348,24.04698813417391,1.0,0,EF1,CST-6,07-MAR-22 01:21:00
1012897,2022-03-07T08:00:00+00:00,34.15,-91.46,346.84375,3.0312557220458984,293.05853271484375,289.24713134765625,100446.1875,40.36521530151367,20.753871747286162,24.993355549095295,1.0,0,EF1,CST-6,07-MAR-22 02:02:00
1007109,2022-03-05T23:00:00+00:00,40.8423,-93.5849,478.65625,36.00001907348633,290.276611328125,286.6263427734375,96209.6875,22.750167846679688,13.425785574865328,21.013163480724774,,0,EFU,CST-6,05-MAR-22 17:20:00
1007340,2022-03-12T14:00:00+00:00,29.3624,-81.5563,791.0625,1.1563899517059326,296.6616516113281,295.40423583984375,100433.3125,53.02965545654297,20.200684528072703,23.683253724493238,1.0,0,EF1,EST-5,12-MAR-22 09:03:00
1011230,2022-03-09T11:00:00+00:00,30.8145,-85.5588,951.75,0.31257501244544983,292.56256103515625,291.6267395019531,100607.1875,38.58010482788086,10.948426250434752,16.40301560369979,0.0,0,EF0,CST-6,09-MAR-22 05:06:00
1011231,2022-03-09T11:00:00+00:00,30.817,-85.5013,1426.1875,2.437575101852417,293.31256103515625,292.0554504394531,100536.1875,37.55569076538086,11.809805256680054,16.591992084122243,1.0,0,EF1,CST-6,09-MAR-22 05:12:00
1011234,2022-03-09T12:00:00+00:00,30.1514,-85.5656,664.625,0.38226649165153503,293.29901123046875,292.1474914550781,101010.75,42.27909851074219,8.243532439467378,12.969275836445062,1.0,0,EF1,CST-6,09-MAR-22 06:15:00
1011259,2022-03-18T21:00:00+00:00,30.6645,-86.0182,1631.0,17.67446517944336,294.408935546875,292.8401184082031,100907.4375,40.151695251464844,15.260219394644531,20.94471145374464,1.0,0,EF1,CST-6,18-MAR-22 14:38:00
1011492,2022-03-30T10:00:00+00:00,34.922,-95.551,107.65625,1.168580174446106,289.4844665527344,287.8376159667969,96898.125,38.22883605957031,16.980626820305435,17.27518737718839,0.0,0,EF0,CST-6,30-MAR-22 03:39:00
1007094,2022-03-05T23:00:00+00:00,41.4189,-93.7907,290.375,8.421894073486328,288.288330078125,286.1253662109375,96314.6875,21.544113159179688,14.124219313163817,21.324978535460335,2.0,1,EF2,CST-6,05-MAR-22 16:59:00
1015553,2022-03-30T13:00:00+00:00,35.5362,-93.5756,60.71875,,289.64794921875,288.0546875,96674.9375,36.4495849609375,16.713547756980322,24.43141351084497,1.0,0,EF1,CST-6,30-MAR-22 06:47:00
1007096,2022-03-05T23:00:00+00:00,41.5115,-93.5767,390.09375,28.796894073486328,289.437744140625,286.5355224609375,96578.6875,21.787277221679688,13.329131161795898,20.201445792411064,2.0,1,EF2,CST-6,05-MAR-22 17:16:00
1007110,2022-03-05T23:00:00+00:00,40.8537,-93.5568,478.65625,36.00001907348633,290.276611328125,286.6263427734375,96209.6875,22.750167846679688,13.425785574865328,21.013163480724774,,0,EFU,CST-6,05-MAR-22 17:23:00
1002340,2022-03-11T21:00:00+00:00,27.2221,-80.2367,1345.1875,,300.52276611328125,294.07470703125,101320.4375,41.100982666015625,4.850089952323479,12.551775101635798,0.0,0,EF0,EST-5,11-MAR-22 16:24:00
1007352,2022-03-12T13:00:00+00:00,29.0497,-82.461,793.375,0.39074385166168213,296.837890625,295.03948974609375,100495.125,49.423301696777344,19.1570369131581,23.21553897975169,1.0,0,EF1,EST-5,12-MAR-22 07:45:00
1007550,2022-03-12T17:00:00+00:00,26.4508,-81.952,581.6875,,297.2077331542969,295.019287109375,101366.125,48.622657775878906,7.936465378377113,8.952849380466542,0.0,0,EF0,EST-5,12-MAR-22 12:09:00
1009597,2022-03-30T11:00:00+00:00,33.6486,-95.1559,35.625,83.93187713623047,292.34100341796875,289.1270751953125,98155.9375,35.787071228027344,19.22402316790216,25.120661796781874,1.0,0,EF1,CST-6,30-MAR-22 05:25:00
1011277,2022-03-18T23:00:00+00:00,30.1705,-85.7128,2169.625,124.99249267578125,293.16650390625,292.1063232421875,101176.8125,43.05488204956055,17.74162803204384,17.56884344695685,2.0,1,EF2,CST-6,18-MAR-22 17:16:00
1007108,2022-03-06T00:00:00+00:00,40.8976,-93.4338,425.21875,59.343849182128906,288.86083984375,285.614990234375,96431.375,21.444902420043945,15.801696109641924,26.063207495745043,,0,EFU,CST-6,05-MAR-22 17:30:00
1009760,2022-03-30T17:00:00+00:00,31.8748,-93.2103,468.0,0.7188259959220886,293.67919921875,291.96295166015625,99105.3125,49.13369369506836,22.471439066302413,28.75222289278502,0.0,0,EF0,CST-6,30-MAR-22 10:53:00
1009761,2022-03-30T17:00:00+00:00,31.8656,-93.2078,468.0,0.7188259959220886,293.67919921875,291.96295166015625,99105.3125,49.13369369506836,22.471439066302413,28.75222289278502,0.0,0,EF0,CST-6,30-MAR-22 10:53:00
1001525,2022-03-06T09:00:00+00:00,40.2467,-84.4431,426.75,1.0938642024993896,290.83642578125,284.8038330078125,97633.875,26.273107528686523,17.774234557602547,25.92312248872584,0.0,0,EF0,EST-5,06-MAR-22 04:23:00
1001744,2022-03-07T09:00:00+00:00,39.1406,-85.2964,216.09375,1.2692229747772217,289.03936767578125,286.49444580078125,97303.875,35.4928092956543,16.737032624594843,39.03402225713365,0.0,0,EF0,EST-5,07-MAR-22 04:09:00
1007552,2022-03-12T17:00:00+00:00,27.46,-81.26,564.25,,298.1999206542969,295.190185546875,100975.125,51.779884338378906,12.0362083810212,15.264442578709971,1.0,0,EF1,EST-5,12-MAR-22 11:45:00
1013310,2022-05-06T22:00:00+00:00,39.0119,-85.9163,123.75,13.697426795959473,290.535400390625,288.12774658203125,97593.0625,28.86461639404297,4.708319580203824,5.436854159320267,0.0,0,EF0,EST-5,06-MAY-22 16:44:00
1007103,2022-03-06T00:00:00+00:00,41.6104,-93.3486,320.71875,13.234475135803223,286.65380859375,285.259521484375,96643.375,21.760332107543945,16.879839946851526,21.986686461986338,2.0,1,EF2,CST-6,05-MAR-22 17:33:00
1015159,2022-03-30T18:00:00+00:00,31.1854,-93.0299,513.5625,0.9531973600387573,294.200927734375,293.52081298828125,99040.625,48.372467041015625,22.72615292975231,31.2569180188627,1.0,0,EF1,CST-6,30-MAR-22 11:37:00
1017432,2022-03-31T17:00:00+00:00,35.1558,-80.19,417.4375,,292.830078125,291.1884765625,98851.0,42.86722946166992,18.12285607267331,28.143977176092164,1.0,0,EF1,EST-5,31-MAR-22 12:28:00
1017433,2022-03-31T20:00:00+00:00,35.8672,-78.8372,458.75,2.0001635551452637,293.179443359375,291.539306640625,98777.75,42.139793395996094,17.80928429780591,26.49525597403066,1.0,0,EF1,EST-5,31-MAR-22 14:49:00
1009763,2022-03-30T17:00:00+00:00,32.0323,-93.0364,468.0,0.7188259959220886,293.67919921875,291.96295166015625,99105.3125,49.13369369506836,22.471439066302413,28.75222289278502,1.0,0,EF1,CST-6,30-MAR-22 11:05:00
1009764,2022-03-30T17:00:00+00:00,32.2535,-92.822,405.1875,0.250076025724411,293.93798828125,291.74224853515625,98980.3125,48.27431869506836,23.079946719877295,30.48542253860508,1.0,0,EF1,CST-6,30-MAR-22 11:20:00
1004202,2022-03-23T20:00:00+00:00,39.3919,-84.0061,471.5,46.28126525878906,289.763916015625,286.83453369140625,96528.625,23.48410987854004,11.503826659413745,23.19807840091999,0.0,0,EF0,EST-5,23-MAR-22 14:42:00
1004207,2022-03-23T20:00:00+00:00,39.4079,-83.992,471.5,46.28126525878906,289.763916015625,286.83453369140625,96528.625,23.48410987854004,11.503826659413745,23.19807840091999,0.0,0,EF0,EST-5,23-MAR-22 14:44:00
1007561,2022-03-16T18:00:00+00:00,27.3298,-82.5419,886.375,26.14558219909668,295.9970703125,293.719482421875,101617.1875,35.56180953979492,7.3912906222001595,15.474722079019786,1.0,0,EF1,EST-5,16-MAR-22 13:22:00
1023307,2022-06-09T01:00:00+00:00,38.4256,-76.7184,1583.875,107.21881866455078,297.97998046875,294.737060546875,100573.5,51.66007614135742,8.430020247163908,8.693072859899438,0.0,0,EF0,EST-5,08-JUN-22 19:42:00
1011614,2022-03-23T19:00:00+00:00,30.7004,-83.0635,207.4375,46.93785858154297,294.688720703125,294.19384765625,100634.1875,47.241695404052734,16.729302673091684,19.596538100280036,0.0,0,EF0,EST-5,23-MAR-22 13:53:00
1020607,2022-06-08T07:00:00+00:00,39.121,-94.3091,1604.375,70.34408569335938,293.116455078125,291.569580078125,98036.75,45.85996627807617,9.758284349374625,9.941661244518256,2.0,1,EF2,CST-6,08-JUN-22 00:37:00
1020609,2022-06-08T06:00:00+00:00,38.6424,-94.8316,1293.75,131.8422088623047,295.798095703125,292.80322265625,97667.625,41.316062927246094,8.442835298340247,9.499816271257098,0.0,0,EF0,CST-6,08-JUN-22 00:21:00
1035106,2022-06-12T03:00:00+00:00,39.7039,-94.5542,2796.625,52.59377670288086,298.69140625,294.637939453125,97111.25,49.86531066894531,11.122673993946599,12.696542332392873,0.0,0,EF0,CST-6,11-JUN-22 21:07:00
1015620,2022-03-19T02:00:00+00:00,37.807,-86.273,455.75,0.06421655416488647,289.436767578125,287.01220703125,97925.3125,23.424907684326172,17.100492674593752,17.51054901118517,0.0,0,EF0,CST-6,18-MAR-22 20:20:00
1015621,2022-03-19T03:00:00+00:00,37.703,-86.005,257.5625,0.27556031942367554,289.292724609375,287.06524658203125,97887.9375,23.845523834228516,16.367160499922758,18.423505058111704,1.0,0,EF1,EST-5,18-MAR-22 21:38:00
1007104,2022-03-05T23:00:00+00:00,40.7595,-93.708,572.65625,43.03126907348633,290.740478515625,286.8060302734375,96255.6875,23.087081909179688,14.051319743437153,21.861938884603127,2.0,1,EF2,CST-6,05-MAR-22 17:07:00
1007111,2022-03-05T23:00:00+00:00,40.9031,-93.4387,551.21875,62.65626907348633,290.791259765625,286.8050537109375,96377.6875,22.654464721679688,14.009208862879646,20.02369918893065,,0,EFU,CST-6,05-MAR-22 17:28:00
1009765,2022-03-30T17:00:00+00:00,31.584,-93.0073,342.96875,2.1094510555267334,294.77685546875,292.49713134765625,99250.3125,45.73720932006836,22.05132292915828,27.498752712915753,0.0,0,EF0,CST-6,30-MAR-22 11:22:00
1009768,2022-03-30T17:00:00+00:00,32.2813,-92.7414,342.40625,0.421951025724411,294.42626953125,291.67095947265625,99058.3125,46.36025619506836,23.39850741240568,29.835814699327955,1.0,0,EF1,CST-6,30-MAR-22 11:28:00
1001372,2022-03-06T09:00:00+00:00,40.2395,-84.5174,426.75,1.0938642024993896,290.83642578125,284.8038330078125,97633.875,26.273107528686523,17.774234557602547,25.92312248872584,0.0,0,EF0,EST-5,06-MAR-22 04:21:00
1008020,2022-03-22T02:00:00+00:00,30.5422,-96.4391,2193.1875,49.67204666137695,296.0537109375,294.0089111328125,99332.25,38.346649169921875,17.684651210324244,14.572816574882163,0.0,0,EF0,CST-6,21-MAR-22 19:40:00
1007618,2022-03-23T22:00:00+00:00,41.009,-82.8065,303.4375,0.3750375807285309,288.3818359375,286.0479736328125,96519.0,22.361610412597656,12.413712190531305,25.66963154175687,0.0,0,EF0,EST-5,23-MAR-22 17:11:00
1020610,2022-06-08T06:00:00+00:00,38.6076,-94.7944,1293.75,131.8422088623047,295.798095703125,292.80322265625,97667.625,41.316062927246094,8.442835298340247,9.499816271257098,0.0,0,EF0,CST-6,08-JUN-22 00:24:00
1020611,2022-06-08T06:00:00+00:00,38.964,-94.7853,1327.25,118.12346649169922,294.939697265625,292.23193359375,97693.625,43.314109802246094,8.787261736897293,9.876721983746314,1.0,0,EF1,CST-6,08-JUN-22 00:10:00
1020612,2022-06-08T06:00:00+00:00,38.956,-94.6072,1256.5,93.38909149169922,294.645751953125,292.25927734375,97720.625,42.063133239746094,8.575494650036209,9.220835893688104,1.0,0,EF1,CST-6,08-JUN-22 00:23:00
1015622,2022-03-19T03:00:00+00:00,37.991,-85.961,387.25,0.08806030452251434,288.776123046875,286.75762939453125,98099.9375,24.030094146728516,16.588162898350483,18.36220967447546,0.0,0,EF0,EST-5,18-MAR-22 21:52:00
1015623,2022-03-19T03:00:00+00:00,37.864,-85.696,425.1875,0.18181030452251434,288.903076171875,286.79083251953125,98181.9375,24.170719146728516,17.528829501327326,18.208779820758885,1.0,0,EF1,EST-5,18-MAR-22 22:09:00
1009239,2022-03-22T04:00:00+00:00,32.879,-94.664,750.8125,1.786841869354248,291.96142578125,291.2411193847656,99319.0625,40.86402130126953,18.790554137891387,23.421598265505637,2.0,1,EF2,CST-6,21-MAR-22 21:48:00
1009248,2022-03-22T04:00:00+00:00,31.6591,-95.0306,1810.25,1.036841869354248,292.31103515625,291.6698303222656,99157.0625,42.12964630126953,20.440132232246643,21.51214863065398,2.0,1,EF2,CST-6,21-MAR-22 22:16:00
1009331,2022-03-22T05:00:00+00:00,31.844,-94.825,650.3125,1.0591905117034912,291.82763671875,291.483642578125,99067.5,41.17066955566406,14.938846318370532,24.558305095178714,2.0,1,EF2,CST-6,21-MAR-22 22:37:00
1009340,2022-03-22T05:00:00+00:00,32.072,-94.602,749.4375,1.1216905117034912,292.07470703125,291.579345703125,99064.5,41.12281799316406,18.734723920172048,24.73156816079831,2.0,1,EF2,CST-6,21-MAR-22 23:09:00
1007107,2022-03-05T23:00:00+00:00,40.8437,-93.5569,478.65625,36.00001907348633,290.276611328125,286.6263427734375,96209.6875,22.750167846679688,13.425785574865328,21.013163480724774,2.0,1,EF2,CST-6,05-MAR-22 17:20:00
1007112,2022-03-06T00:00:00+00:00,40.9405,-93.3854,425.21875,59.343849182128906,288.86083984375,285.614990234375,96431.375,21.444902420043945,15.801696109641924,26.063207495745043,3.0,1,EF3,CST-6,05-MAR-22 17:33:00
1009769,2022-03-30T18:00:00+00:00,32.3883,-92.5378,507.0,12.984447479248047,293.864990234375,292.82647705078125,98776.625,49.628326416015625,24.10560977238481,29.999499363562105,1.0,0,EF1,CST-6,30-MAR-22 11:42:00
1009773,2022-03-30T18:00:00+00:00,32.4227,-92.5223,402.46875,25.062572479248047,294.347412109375,292.84307861328125,98956.625,47.812896728515625,26.440769727167464,30.612106417203922,1.0,0,EF1,CST-6,30-MAR-22 11:44:00
1013297,2022-03-22T00:00:00+00:00,30.2524,-97.4755,3241.0,134.16517639160156,297.414794921875,292.255126953125,98371.5625,35.9754753112793,13.664600199557887,21.67610333778539,0.0,0,EF0,CST-6,21-MAR-22 17:30:00
1013298,2022-03-22T00:00:00+00:00,30.2629,-97.4617,3241.0,134.16517639160156,297.414794921875,292.255126953125,98371.5625,35.9754753112793,13.664600199557887,21.67610333778539,2.0,1,EF2,CST-6,21-MAR-22 17:31:00
1007079,2022-03-07T00:00:00+00:00,36.5866,-90.4501,650.1875,2.312504291534424,291.621337890625,290.0826416015625,99750.5,37.958065032958984,14.769672487128755,22.355622530777623,0.0,0,EF0,CST-6,06-MAR-22 17:35:00
1011569,2022-03-31T09:00:00+00:00,30.6909,-85.434,160.625,60.5627326965332,292.9306640625,289.502685546875,100091.0,38.157127380371094,19.517598969199284,19.759824829442547,1.0,0,EF1,CST-6,31-MAR-22 03:16:00
1007735,2022-04-01T02:00:00+00:00,40.379,-75.2266,611.5,0.38065657019615173,290.237060546875,288.61328125,98389.25,30.129478454589844,20.128172135577497,17.61684826978237,1.0,0,EF1,EST-5,31-MAR-22 20:48:00
1007076,2022-03-05T22:00:00+00:00,41.2334,-94.2013,438.21875,42.531349182128906,289.902099609375,286.5343322753906,95737.875,18.090492248535156,12.99725280829294,19.94454367046474,4.0,1,EF4,CST-6,05-MAR-22 16:26:00
1013404,2022-03-22T00:00:00+00:00,30.3667,-97.2885,3385.5625,71.44642639160156,297.031982421875,292.178955078125,98162.5625,36.9569206237793,14.687971336177196,23.008941585848415,0.0,0,EF0,CST-6,21-MAR-22 17:54:00
1013405,2022-03-22T00:00:00+00:00,30.3742,-97.2756,3072.3125,114.41517639160156,297.248779296875,291.903564453125,98431.5625,36.9452018737793,14.957701114220207,23.143357310277462,0.0,0,EF0,CST-6,21-MAR-22 17:56:00
1007984,2022-03-18T21:00:00+00:00,36.5107,-89.6882,313.5,51.98696517944336,290.640380859375,286.2737121582031,99205.4375,22.084312438964844,13.655223751865266,17.180276522815234,0.0,0,EF0,CST-6,18-MAR-22 14:39:00
1008216,2022-03-30T22:00:00+00:00,37.9507,-88.8089,152.1875,20.234445571899414,290.831298828125,288.01953125,97583.5,38.43898391723633,20.527510148680463,33.98064843693512,0.0,0,EF0,CST-6,30-MAR-22 16:23:00
1015567,2022-03-19T00:00:00+00:00,38.556,-86.178,93.0625,9.508893013000488,288.575927734375,286.256591796875,97819.9375,23.474651336669922,10.153719989331513,16.79871133342722,1.0,0,EF1,EST-5,18-MAR-22 19:06:00
1007059,2022-03-05T22:00:00+00:00,40.9344,-94.7859,526.875,104.6875991821289,290.142333984375,285.1124572753906,95610.875,18.047523498535156,12.966547495929376,23.095802256577485,,0,EFU,CST-6,05-MAR-22 15:38:00
1007150,2022-03-06T00:00:00+00:00,40.6834,-93.3892,504.125,62.906349182128906,289.32470703125,285.739990234375,96415.375,21.065996170043945,16.007244161085676,27.00943970814729,2.0,1,EF2,CST-6,05-MAR-22 17:38:00
1008220,2022-03-30T23:00:00+00:00,38.3586,-88.3813,190.8125,26.515703201293945,291.29833984375,287.7415771484375,97717.3125,38.063655853271484,20.777121078885973,36.56890774389016,0.0,0,EF0,CST-6,30-MAR-22 17:01:00
1008219,2022-03-30T23:00:00+00:00,38.0077,-88.2352,124.78125,7.2188286781311035,291.75634765625,288.1390380859375,97945.3125,39.132991790771484,16.15459718336984,32.86144903847282,1.0,0,EF1,CST-6,30-MAR-22 17:11:00
1009635,2022-03-30T16:00:00+00:00,31.2925,-93.8314,454.84375,0.2812514901161194,293.16064453125,290.868896484375,98957.9375,49.070716857910156,20.970489474731373,26.882978539567446,1.0,0,EF1,CST-6,30-MAR-22 10:16:00
1012854,2022-03-07T00:00:00+00:00,35.8011,-92.4292,353.375,37.640628814697266,292.648681640625,290.7330322265625,97394.5,34.656307220458984,13.516837681151358,22.05211561579958,1.0,0,EF1,CST-6,06-MAR-22 18:26:00
1012855,2022-03-07T00:00:00+00:00,35.809,-92.416,353.375,37.640628814697266,292.648681640625,290.7330322265625,97394.5,34.656307220458984,13.516837681151358,22.05211561579958,1.0,0,EF1,CST-6,06-MAR-22 18:27:00
1007061,2022-03-05T22:00:00+00:00,41.0862,-94.5078,432.5625,26.68760108947754,289.484130859375,286.1310119628906,95419.875,18.187171936035156,12.708013744037057,20.643535580243892,0.0,0,EF0,CST-6,05-MAR-22 16:01:00
1007152,2022-03-06T00:00:00+00:00,40.9807,-93.3198,425.21875,59.343849182128906,288.86083984375,285.614990234375,96431.375,21.444902420043945,15.801696109641924,26.063207495745043,0.0,0,EF0,CST-6,05-MAR-22 17:40:00
1016957,2022-03-24T01:00:00+00:00,34.851,-82.894,1109.125,73.14076232910156,291.71484375,288.42724609375,94526.3125,23.499130249023438,9.636428426562365,20.552504475070208,0.0,0,EF0,EST-5,23-MAR-22 20:29:00
1004994,2022-03-30T01:00:00+00:00,39.28,-95.43,946.4375,33.73450469970703,292.66455078125,286.5483093261719,95791.625,32.00018310546875,16.756360267184338,19.496086492433864,1.0,0,EF1,CST-6,29-MAR-22 18:56:00
1008225,2022-03-31T00:00:00+00:00,38.0666,-87.7176,63.875,23.687549591064453,292.28125,288.79754638671875,97930.875,37.528594970703125,16.42778115562114,27.523146076973944,1.0,0,EF1,CST-6,30-MAR-22 17:59:00
1011568,2022-03-31T09:00:00+00:00,30.6376,-85.5108,160.625,60.5627326965332,292.9306640625,289.502685546875,100091.0,38.157127380371094,19.517598969199284,19.759824829442547,3.0,1,EF3,CST-6,31-MAR-22 03:09:00
1016694,2022-03-23T22:00:00+00:00,40.9651,-84.7032,225.75,185.67190551757812,287.1162109375,282.8409423828125,97091.0,15.422157287597656,8.329788413827108,18.251052814222327,,0,EFU,EST-5,23-MAR-22 16:31:00
1009223,2022-03-22T04:00:00+00:00,33.1614,-94.3085,800.6875,4.255591869354248,291.87451171875,290.8387756347656,99395.0625,40.96460723876953,21.26190313102445,25.245418173870235,1.0,0,EF1,CST-6,21-MAR-22 22:21:00
1007062,2022-03-05T22:00:00+00:00,41.0958,-94.4706,432.5625,26.68760108947754,289.484130859375,286.1310119628906,95419.875,18.187171936035156,12.708013744037057,20.643535580243892,,0,EFU,CST-6,05-MAR-22 16:04:00
1007153,2022-03-06T00:00:00+00:00,41.7455,-92.9727,540.875,29.375099182128906,288.24267578125,285.849365234375,96678.375,23.270097732543945,15.999025795906292,18.564139191700313,2.0,1,EF2,CST-6,05-MAR-22 18:04:00
1011977,2022-03-30T02:00:00+00:00,39.7806,-94.7842,715.28125,76.07817840576172,291.33740234375,286.29107666015625,96011.6875,30.067113876342773,18.359448032696207,21.615603644298837,1.0,0,EF1,CST-6,29-MAR-22 19:54:00
1015157,2022-03-30T17:00:00+00:00,31.1491,-93.6336,523.59375,2.2032010555267334,292.78271484375,291.84869384765625,98862.3125,49.71572494506836,21.55624871610062,28.873999424012304,1.0,0,EF1,CST-6,30-MAR-22 10:41:00
1009226,2022-03-22T04:00:00+00:00,33.2148,-94.1655,870.125,5.489966869354248,291.99560546875,290.5604553222656,99529.0625,40.65699005126953,21.866295746188825,24.291923927148698,1.0,0,EF1,CST-6,21-MAR-22 22:29:00
1015598,2022-03-06T07:00:00+00:00,40.8219,-86.5484,549.125,0.10938926041126251,289.8719482421875,284.8033447265625,98364.375,25.39812469482422,18.700656697399516,24.149442411930064,0.0,0,EF0,EST-5,06-MAR-22 02:05:00
1011083,2022-03-21T23:00:00+00:00,29.63,-97.78,3288.75,190.255859375,298.39697265625,293.433837890625,98395.8125,36.11799240112305,11.38686396004751,23.081711025094798,2.0,1,EF2,CST-6,21-MAR-22 16:48:00
1009240,2022-03-22T04:00:00+00:00,32.887,-94.654,750.8125,1.786841869354248,291.96142578125,291.2411193847656,99319.0625,40.86402130126953,18.790554137891387,23.421598265505637,2.0,1,EF2,CST-6,21-MAR-22 21:49:00
1009273,2022-03-22T04:00:00+00:00,31.691,-94.963,1810.25,1.036841869354248,292.31103515625,291.6698303222656,99157.0625,42.12964630126953,20.440132232246643,21.51214863065398,2.0,1,EF2,CST-6,21-MAR-22 22:20:00
1009338,2022-03-22T05:00:00+00:00,32.0548,-94.6089,749.4375,1.1216905117034912,292.07470703125,291.579345703125,99064.5,41.12281799316406,18.734723920172048,24.73156816079831,2.0,1,EF2,CST-6,21-MAR-22 23:08:00
1009351,2022-03-22T06:00:00+00:00,32.371,-94.2821,118.875,6.254030227661133,291.11767578125,290.7977294921875,99434.0625,41.135475158691406,15.946370030365815,25.50024502126954,1.0,0,EF1,CST-6,21-MAR-22 23:49:00
1009234,2022-03-22T03:00:00+00:00,32.6428,-94.966,936.75,1.070347547531128,291.386474609375,290.9266357421875,99139.625,41.37853240966797,19.30265360504369,27.274644312584805,2.0,1,EF2,CST-6,21-MAR-22 21:20:00
1007154,2022-03-06T00:00:00+00:00,41.8332,-92.766,648.59375,39.921974182128906,288.66845703125,285.992919921875,96739.375,23.586503982543945,16.3326972817945,17.73570327589805,1.0,0,EF1,CST-6,05-MAR-22 18:21:00
1006546,2022-04-01T00:00:00+00:00,38.8653,-77.4579,828.0625,2.468844175338745,292.493896484375,289.456787109375,98380.25,27.409543991088867,16.49154649014484,18.777257610462197,0.0,0,EF0,EST-5,31-MAR-22 19:22:00
1006547,2022-04-01T01:00:00+00:00,38.9196,-77.2259,927.4375,0.07824379205703735,292.237548828125,289.8927001953125,98679.5625,28.230928421020508,17.391884791296434,18.30598901964278,0.0,0,EF0,EST-5,31-MAR-22 19:41:00
1041834,2022-06-12T22:00:00+00:00,48.1,-95.63,548.375,4.645336151123047,298.888427734375,290.78369140625,96190.8125,35.489837646484375,4.26570840485408,14.785004558702383,0.0,0,EF0,CST-6,12-JUN-22 16:10:00
1042865,2022-06-24T22:00:00+00:00,47.86,-98.49,2072.5,75.07815551757812,298.921630859375,292.4892578125,95484.0,39.03990936279297,5.011255665323081,16.505436324117998,0.0,0,EF0,CST-6,24-JUN-22 15:52:00
1042866,2022-06-24T22:00:00+00:00,47.83,-98.35,1998.875,144.14065551757812,301.045654296875,292.54296875,95404.0,37.79381561279297,3.5044955267214304,17.129712675415185,0.0,0,EF0,CST-6,24-JUN-22 16:01:00
1058229,2022-11-05T00:00:00+00:00,36.115,-93.697,183.0625,46.329307556152344,290.84228515625,290.104736328125,95294.5,42.26947784423828,15.650796671858359,29.03152565947732,0.0,0,EF0,CST-6,04-NOV-22 18:20:00
1058361,2022-11-05T01:00:00+00:00,35.37,-93.9,23.75,15.664778709411621,292.666015625,291.64434814453125,97483.625,49.338348388671875,16.757089300634213,34.01299497104741,0.0,0,EF0,CST-6,04-NOV-22 18:41:00
1042853,2022-06-24T20:00:00+00:00,48.61,-98.1,3460.25,65.09378814697266,297.917724609375,292.960205078125,95700.0625,39.64472198486328,2.6494861295908647,6.441169222241248,0.0,0,EF0,CST-6,24-JUN-22 13:56:00
1042867,2022-06-24T22:00:00+00:00,47.82,-98.18,2333.5,126.54690551757812,301.467529296875,291.96484375,95499.0,37.95592498779297,3.360257755154316,15.566580971425013,0.0,0,EF0,CST-6,24-JUN-22 16:15:00
1017428,2022-05-21T20:00:00+00:00,39.375,-85.907,1220.875,116.92446899414062,298.056884765625,294.44921875,98825.1875,40.35919189453125,6.725288171435977,17.20933310517173,1.0,0,EF1,EST-5,21-MAY-22 14:58:00
1058363,2022-11-05T01:00:00+00:00,35.416,-93.829,23.75,15.664778709411621,292.666015625,291.64434814453125,97483.625,49.338348388671875,16.757089300634213,34.01299497104741,1.0,0,EF1,CST-6,04-NOV-22 18:46:00
1058364,2022-11-05T01:00:00+00:00,35.422,-93.804,23.75,15.664778709411621,292.666015625,291.64434814453125,97483.625,49.338348388671875,16.757089300634213,34.01299497104741,1.0,0,EF1,CST-6,04-NOV-22 18:49:00
1026393,2022-05-17T22:00:00+00:00,40.03,-99.88,1763.125,232.12503051757812,305.570556640625,285.439697265625,92254.375,27.11587142944336,2.2641553162292927,7.970013577258757,,0,EFU,CST-6,17-MAY-22 16:14:00
1042859,2022-06-24T20:00:00+00:00,48.45,-97.96,3373.625,149.8594207763672,300.005615234375,293.392822265625,96215.0625,38.98261260986328,3.8760558298994066,5.9669944573828175,1.0,0,EF1,CST-6,24-JUN-22 14:27:00
1017714,2022-04-14T00:00:00+00:00,34.9251,-88.5227,907.25,27.714763641357422,294.28076171875,290.09320068359375,98918.75,43.57499694824219,18.535153285203755,22.50936478661088,0.0,0,EF0,CST-6,13-APR-22 17:45:00
1026843,2022-06-14T03:00:00+00:00,40.4508,-82.6386,2030.0,4.140663146972656,296.09130859375,293.740478515625,97249.375,45.57743835449219,2.0986114366970736,15.674704043745137,1.0,0,EF1,EST-5,13-JUN-22 22:26:00
1026839,2022-06-14T03:00:00+00:00,40.4807,-82.6829,2030.0,4.140663146972656,296.09130859375,293.740478515625,97249.375,45.57743835449219,2.0986114366970736,15.674704043745137,1.0,0,EF1,EST-5,13-JUN-22 22:23:00
1040188,2022-06-15T05:00:00+00:00,40.7081,-97.7613,963.625,139.73446655273438,296.289306640625,292.923828125,94632.25,37.36219024658203,10.078224983292364,16.15779989901382,2.0,1,EF2,CST-6,14-JUN-22 23:16:00
1058233,2022-11-05T00:00:00+00:00,35.23,-94.082,112.5625,45.251182556152344,293.43310546875,291.428955078125,98174.5,48.63959503173828,17.988738289317734,24.860728263120674,,0,EFU,CST-6,04-NOV-22 18:24:00
1058235,2022-11-05T01:00:00+00:00,35.34,-93.913,23.75,15.664778709411621,292.666015625,291.64434814453125,97483.625,49.338348388671875,16.757089300634213,34.01299497104741,1.0,0,EF1,CST-6,04-NOV-22 18:38:00
1053324,2022-08-18T18:00:00+00:00,29.81,-93.66,2881.25,233.014892578125,302.73388671875,297.63720703125,101413.875,52.19321060180664,2.7209906972144173,2.5250639514136726,0.0,0,EF0,CST-6,18-AUG-22 12:20:00
1015498,2022-03-31T05:00:00+00:00,30.5751,-87.261,237.4375,61.64084243774414,294.870361328125,291.9476623535156,100441.875,38.4335823059082,17.182226009454915,18.706807617449716,0.0,0,EF0,CST-6,30-MAR-22 23:25:00
1015499,2022-03-31T06:00:00+00:00,30.6415,-87.1849,300.1875,20.953140258789062,293.01025390625,290.58056640625,100082.5625,39.94432830810547,19.845057351157912,21.051890278910736,1.0,0,EF1,CST-6,30-MAR-22 23:32:00
1065930,2022-08-15T18:00:00+00:00,29.0497,-99.0062,2341.5,5.768388271331787,299.969970703125,298.37841796875,99238.1875,58.720096588134766,11.340872638142763,11.616396913166861,0.0,0,EF0,CST-6,15-AUG-22 11:35:00
1037441,2022-08-05T22:00:00+00:00,39.9,-104.71,195.5,,308.14892578125,284.372802734375,84086.0,32.02806091308594,0.14631580535813196,5.306410713695932,,0,EFU,MST-7,05-AUG-22 14:43:00
1050928,2022-08-01T18:00:00+00:00,43.393,-83.526,240.375,26.953144073486328,297.397705078125,293.71826171875,98206.375,41.82651901245117,7.377104648974343,11.411570766550911,0.0,0,EF0,EST-5,01-AUG-22 12:56:00
1034150,2022-05-30T22:00:00+00:00,46.1245,-95.5393,1199.5,130.5546417236328,294.4921875,290.525146484375,94357.0,27.660314559936523,10.098574097041709,23.20650225033922,1.0,0,EF1,CST-6,30-MAY-22 15:34:00
1037255,2022-06-07T00:00:00+00:00,35.6828,-89.2948,1955.125,54.34379196166992,299.437744140625,295.07354736328125,99524.375,45.0987663269043,12.874394112363182,16.98717049510522,0.0,0,EF0,CST-6,06-JUN-22 17:43:00
1027873,2022-06-14T03:00:00+00:00,40.5985,-82.7479,1418.5,1.4062883853912354,295.99755859375,293.090087890625,97193.375,44.65556335449219,3.074681600807641,16.387599904569328,1.0,0,EF1,EST-5,13-JUN-22 22:17:00
1014163,2022-03-21T22:00:00+00:00,33.688,-97.6874,646.25,5.468989372253418,291.629150390625,290.612060546875,96625.9375,33.95188903808594,13.324621453701194,25.68402151998459,1.0,0,EF1,CST-6,21-MAR-22 15:54:00
1053337,2022-08-26T21:00:00+00:00,30.185,-93.2869,3792.875,42.77561569213867,302.109619140625,296.56591796875,101204.4375,52.526710510253906,2.5819315564984198,1.3270887701508063,0.0,0,EF0,CST-6,26-AUG-22 15:24:00
1034166,2022-05-30T22:00:00+00:00,46.3965,-94.8277,1078.6875,190.4452667236328,293.5224609375,290.402099609375,94477.0,28.956212997436523,12.315146294905416,26.844572791494066,1.0,0,EF1,CST-6,30-MAY-22 16:27:00
1019733,2022-05-30T21:00:00+00:00,45.1454,-95.9201,1708.375,170.2327117919922,292.22265625,290.7889099121094,95540.4375,31.207965850830078,6.502231704223835,16.389565424591403,0.0,0,EF0,CST-6,30-MAY-22 14:39:00
1042869,2022-06-24T23:00:00+00:00,47.92,-97.69,1743.125,72.68751525878906,299.81640625,291.16448974609375,96529.0,39.92879867553711,6.698096447582597,21.740140885713636,0.0,0,EF0,CST-6,24-JUN-22 16:34:00
1019766,2022-05-30T21:00:00+00:00,45.7261,-95.3956,1232.625,136.9358367919922,295.2080078125,290.5252380371094,94839.4375,32.68452835083008,11.372137297989763,18.7518434060778,1.0,0,EF1,CST-6,30-MAY-22 15:27:00
1042829,2022-06-25T02:00:00+00:00,47.25,-95.68,1923.125,404.71917724609375,300.337646484375,291.2950744628906,95508.25,36.62384033203125,11.567560612284757,11.348584787244729,1.0,0,EF1,CST-6,24-JUN-22 20:16:00
1035499,2022-07-06T19:00:00+00:00,39.2431,-84.1829,2234.25,147.5938262939453,305.6904296875,294.869140625,98207.125,54.50483322143555,3.097965794272422,10.511487145264686,2.0,1,EF2,EST-5,06-JUL-22 14:05:00
1042933,2022-08-28T02:00:00+00:00,44.7152,-93.2642,1714.25,263.02874755859375,297.39013671875,294.37841796875,97535.875,43.345237731933594,12.784009061918225,15.250203597278853,0.0,0,EF0,CST-6,27-AUG-22 19:36:00
1044316,2022-08-28T02:00:00+00:00,44.9467,-93.035,1934.0,285.80999755859375,296.62255859375,294.18408203125,97576.875,42.749534606933594,13.937968192293722,14.784314657040714,0.0,0,EF0,CST-6,27-AUG-22 19:59:00
1044207,2022-08-29T01:00:00+00:00,44.8988,-95.2485,2674.625,21.70316505432129,297.4482421875,294.301513671875,96338.375,40.47862243652344,5.449029669064776,15.847021899494973,0.0,0,EF0,CST-6,28-AUG-22 19:07:00
1051049,2022-08-29T01:00:00+00:00,44.9004,-95.261,2674.625,21.70316505432129,297.4482421875,294.301513671875,96338.375,40.47862243652344,5.449029669064776,15.847021899494973,0.0,0,EF0,CST-6,28-AUG-22 19:05:00
1068326,2022-11-29T23:00:00+00:00,31.4597,-89.7572,355.375,40.157691955566406,297.9296569824219,294.8936767578125,99838.375,39.55289077758789,12.098907610300953,17.820756770875228,1.0,0,EF1,CST-6,29-NOV-22 17:13:00
1015142,2022-05-09T15:00:00+00:00,45.4741,-92.6532,666.375,82.58045196533203,289.71337890625,283.80059814453125,96359.625,31.898395538330078,23.82779009012814,30.5002734176926,0.0,0,EF0,CST-6,09-MAY-22 09:28:00
1027875,2022-06-14T04:00:00+00:00,40.6061,-82.3376,1386.25,65.04692840576172,295.882568359375,293.266845703125,97203.375,46.29867172241211,3.5808227435147346,15.050915782081239,1.0,0,EF1,EST-5,13-JUN-22 22:36:00
1010954,2022-03-09T07:00:00+00:00,30.6102,-88.3371,1019.125,1.1828750371932983,291.4957275390625,291.10870361328125,100594.5,41.34165954589844,12.677603034968271,17.092251883858484,1.0,0,EF1,CST-6,09-MAR-22 00:42:00
1019731,2022-05-30T23:00:00+00:00,44.8885,-94.0098,2098.5,55.281368255615234,295.0634765625,291.760986328125,96019.5625,39.54280471801758,17.672462416332237,24.45268526913162,0.0,0,EF0,CST-6,30-MAY-22 17:22:00
1042830,2022-06-25T02:00:00+00:00,48.13,-95.66,1837.875,108.68792724609375,295.890380859375,292.4874572753906,96546.25,41.48126220703125,10.31552617679209,17.395669708838575,0.0,0,EF0,CST-6,24-JUN-22 20:16:00
1019768,2022-05-30T22:00:00+00:00,46.1318,-95.0461,1372.6875,176.4608917236328,293.73828125,290.421630859375,94266.0,29.705236434936523,12.089297149230372,26.206498554267558,1.0,0,EF1,CST-6,30-MAY-22 16:00:00
1042838,2022-06-25T03:00:00+00:00,46.86,-95.69,1678.625,276.9845275878906,298.890625,291.4149475097656,95440.5,37.02901840209961,11.327333985371677,6.302669425483625,2.0,1,EF2,CST-6,24-JUN-22 20:58:00
1012653,2022-03-06T23:00:00+00:00,36.407,-90.394,697.4375,8.812601089477539,294.072998046875,291.08319091796875,100028.75,38.4749755859375,12.738788834417749,19.380300191118504,0.0,0,EF0,CST-6,06-MAR-22 17:28:00
1069545,2022-11-30T08:00:00+00:00,31.1649,-89.8896,687.5,6.691680908203125,295.4931640625,294.32110595703125,100232.1875,44.5180778503418,19.291270622672638,23.226834515522643,2.0,1,EF2,CST-6,30-NOV-22 01:49:00
1069519,2022-12-14T04:00:00+00:00,31.0599,-92.5369,1464.3125,0.10949964821338654,295.22625732421875,294.7296447753906,100241.625,39.18895721435547,17.80993636792428,19.65318524096925,1.0,0,EF1,CST-6,13-DEC-22 22:26:00
1069520,2022-12-14T05:00:00+00:00,31.1208,-92.4855,1085.125,0.32831934094429016,294.8963623046875,294.52581787109375,100373.75,39.93070602416992,18.26081919660327,19.958876962847516,1.0,0,EF1,CST-6,13-DEC-22 22:31:00
1069521,2022-12-14T15:00:00+00:00,30.7663,-92.2172,1310.125,0.15309041738510132,293.29864501953125,291.84100341796875,100386.5625,41.76099395751953,17.266472233137055,21.80032046364437,,0,EFU,CST-6,14-DEC-22 09:25:00
1035781,2022-07-17T20:00:00+00:00,39.545,-82.9335,893.5,80.93766021728516,297.089111328125,295.09521484375,98379.125,49.35624313354492,9.117210240257698,19.01071514382954,0.0,0,EF0,EST-5,17-JUL-22 15:05:00
1035785,2022-07-17T20:00:00+00:00,39.5617,-82.8429,893.5,80.93766021728516,297.089111328125,295.09521484375,98379.125,49.35624313354492,9.117210240257698,19.01071514382954,0.0,0,EF0,EST-5,17-JUL-22 15:20:00
1043500,2022-08-08T21:00:00+00:00,26.9,-82.01,3826.125,43.281280517578125,302.207763671875,295.816650390625,101587.375,54.353702545166016,2.0407755556555403,4.245916057427351,,0,EFU,EST-5,08-AUG-22 16:00:00
1068469,2022-11-30T01:00:00+00:00,31.8464,-89.2062,239.8125,1.1563063859939575,295.54339599609375,293.757568359375,99746.5625,39.27243423461914,16.2227090695379,16.630805531543395,2.0,1,EF2,CST-6,29-NOV-22 18:30:00
1069525,2022-11-30T02:00:00+00:00,33.3312,-88.6363,208.875,24.375194549560547,293.3372802734375,291.94189453125,99966.0625,40.78150177001953,18.761156488872537,23.469202205810134,1.0,0,EF1,CST-6,29-NOV-22 19:35:00
1058011,2022-09-10T05:00:00+00:00,32.875,-79.7514,226.1875,,297.352783203125,296.173828125,101428.75,59.11591339111328,4.992130836283056,8.102616090705396,0.0,0,EF0,EST-5,10-SEP-22 00:21:00
1024161,2022-04-30T01:00:00+00:00,38.073,-97.443,2225.625,,297.684814453125,286.5118408203125,94481.8125,29.254932403564453,15.087557533209102,23.125600934065112,,0,EFU,CST-6,29-APR-22 19:19:00
1063127,2022-11-30T14:00:00+00:00,31.22,-83.99,93.375,112.41397857666016,292.614990234375,289.99835205078125,100750.125,44.809566497802734,17.54339232182331,19.437674564202524,0.0,0,EF0,EST-5,30-NOV-22 09:26:00
1019732,2022-05-30T23:00:00+00:00,44.9783,-93.9716,2098.5,55.281368255615234,295.0634765625,291.760986328125,96019.5625,39.54280471801758,17.672462416332237,24.45268526913162,0.0,0,EF0,CST-6,30-MAY-22 17:27:00
1027874,2022-06-14T04:00:00+00:00,40.6266,-82.416,1386.25,65.04692840576172,295.882568359375,293.266845703125,97203.375,46.29867172241211,3.5808227435147346,15.050915782081239,1.0,0,EF1,EST-5,13-JUN-22 22:32:00
1043579,2022-08-29T21:00:00+00:00,37.8666,-99.7894,705.125,381.84375,309.070068359375,291.10888671875,92646.625,30.429790496826172,0.7684266477828111,3.984839014736902,0.0,0,EF0,CST-6,29-AUG-22 15:29:00
1063128,2022-11-30T15:00:00+00:00,31.23,-83.89,54.3125,94.11713409423828,291.7527770996094,290.4622497558594,100898.125,45.87770462036133,15.41128785918365,15.365603279901269,,0,EFU,EST-5,30-NOV-22 09:38:00
1019730,2022-05-30T23:00:00+00:00,44.7379,-94.0892,2055.625,25.843868255615234,295.5576171875,291.688720703125,95911.5625,39.58089065551758,17.57500347552379,25.50909582893462,1.0,0,EF1,CST-6,30-MAY-22 17:12:00
1026392,2022-05-17T22:00:00+00:00,40.16,-100.13,958.125,251.60940551757812,305.421142578125,284.641845703125,91984.375,25.32876205444336,0.5711067884197293,8.1676475951795,,0,EFU,CST-6,17-MAY-22 16:10:00
1013974,2022-03-30T22:00:00+00:00,34.211,-89.945,49.4375,12.375069618225098,291.924072265625,289.7783203125,98612.5,40.39503860473633,24.392926784200952,25.356206371767534,1.0,0,EF1,CST-6,30-MAR-22 15:37:00
1035680,2022-06-08T03:00:00+00:00,40.1546,-97.8859,1581.375,58.229835510253906,291.01953125,289.798583984375,95279.8125,42.60497283935547,1.0869083837813294,20.9186619046517,0.0,0,EF0,CST-6,07-JUN-22 20:42:00
1035681,2022-06-08T03:00:00+00:00,40.104,-97.821,1581.375,58.229835510253906,291.01953125,289.798583984375,95279.8125,42.60497283935547,1.0869083837813294,20.9186619046517,0.0,0,EF0,CST-6,07-JUN-22 20:47:00
1069523,2022-12-14T17:00:00+00:00,29.9533,-91.8382,1332.5625,1.4666664600372314,294.55322265625,292.2552490234375,100531.4375,42.31780242919922,13.931566228011471,15.480674307755256,2.0,1,EF2,CST-6,14-DEC-22 10:49:00
1069524,2022-12-14T17:00:00+00:00,29.9523,-91.8281,1332.5625,1.4666664600372314,294.55322265625,292.2552490234375,100531.4375,42.31780242919922,13.931566228011471,15.480674307755256,,0,EFU,CST-6,14-DEC-22 10:52:00
1069522,2022-12-15T17:00:00+00:00,30.112,-91.639,0.0,,287.29693603515625,272.5059509277344,101685.4375,5.776458740234375,7.407069678069877,21.52555366190278,1.0,0,EF1,CST-6,15-DEC-22 11:16:00
1046798,2022-05-30T23:00:00+00:00,46.497,-94.7791,1731.5,144.8907470703125,292.52734375,289.701416015625,94779.5625,36.90901565551758,15.3129979527677,23.391426502141172,1.0,0,EF1,CST-6,30-MAY-22 16:30:00
1061267,2022-11-30T13:00:00+00:00,31.1386,-85.5845,140.25,4.281473159790039,292.353515625,291.8311767578125,100714.1875,49.06550216674805,14.75595933804153,21.37046623576715,1.0,0,EF1,CST-6,30-NOV-22 06:42:00
1057290,2022-11-05T00:00:00+00:00,35.829,-94.054,46.875,6.376184463500977,291.24951171875,290.764892578125,95962.5,44.16791534423828,15.435020528664197,29.64184660027093,1.0,0,EF1,CST-6,04-NOV-22 17:53:00
1043993,2022-08-28T02:00:00+00:00,44.7636,-93.2156,1714.25,263.02874755859375,297.39013671875,294.37841796875,97535.875,43.345237731933594,12.784009061918225,15.250203597278853,0.0,0,EF0,CST-6,27-AUG-22 19:40:00
1044313,2022-08-28T02:00:00+00:00,44.9018,-93.07,1934.0,285.80999755859375,296.62255859375,294.18408203125,97576.875,42.749534606933594,13.937968192293722,14.784314657040714,0.0,0,EF0,CST-6,27-AUG-22 19:55:00
1044308,2022-08-28T02:00:00+00:00,44.8248,-93.1569,1714.25,263.02874755859375,297.39013671875,294.37841796875,97535.875,43.345237731933594,12.784009061918225,15.250203597278853,0.0,0,EF0,CST-6,27-AUG-22 19:47:00
1016769,2022-04-30T01:00:00+00:00,37.653,-97.153,2676.25,246.1407012939453,298.404541015625,288.3087158203125,94881.8125,31.852588653564453,15.406904522399309,25.370284543016496,3.0,1,EF3,CST-6,29-APR-22 19:13:00
1017393,2022-05-27T00:00:00+00:00,40.1045,-87.0659,219.5,18.062545776367188,294.05615234375,289.5645751953125,98100.0625,31.158527374267578,8.12804042393714,8.408311203847758,,0,EFU,EST-5,26-MAY-22 18:33:00
1020992,2022-05-12T23:00:00+00:00,45.2177,-96.7813,1795.125,86.54694366455078,299.60205078125,291.6460876464844,95450.5,35.13474655151367,11.762074953771764,16.562041086874906,1.0,0,EF1,CST-6,12-MAY-22 17:19:00
1020993,2022-05-13T00:00:00+00:00,45.783,-96.9281,1054.0,22.455705642700195,293.9599609375,289.76287841796875,95675.625,31.925704956054688,12.930735803229506,19.183269400411323,0.0,0,EF0,CST-6,12-MAY-22 17:52:00
1027767,2022-05-30T20:00:00+00:00,45.1068,-96.5618,989.9375,257.2102966308594,293.302978515625,291.1953125,94568.625,28.14855194091797,5.665799217774768,14.331899216058751,1.0,0,EF1,CST-6,30-MAY-22 14:10:00
1033309,2022-05-30T19:00:00+00:00,44.255,-97.1014,1056.25,107.53168487548828,292.63232421875,290.906982421875,93453.4375,27.143861770629883,6.287979825181391,16.06645265872981,,0,EFU,CST-6,30-MAY-22 13:15:00
1020922,2022-05-12T23:00:00+00:00,45.0011,-97.5774,499.75,88.07819366455078,295.79638671875,290.2720642089844,94138.5,30.468730926513672,11.063949595146601,17.28909755672654,1.0,0,EF1,CST-6,12-MAY-22 17:02:00
1054538,2022-08-09T00:00:00+00:00,35.87,-101.94,134.875,378.3281555175781,302.402587890625,289.805419921875,89520.625,28.158708572387695,0.06867274214972655,2.55062970751372,0.0,0,EF0,CST-6,08-AUG-22 17:49:00
1027742,2022-05-30T20:00:00+00:00,44.7958,-96.8255,1308.25,243.42904663085938,291.497314453125,290.4287109375,92993.625,25.28917694091797,3.1262064094180437,13.420071342113577,3.0,1,EF3,CST-6,30-MAY-22 13:46:00
1013817,2022-03-30T22:00:00+00:00,34.0492,-89.3786,44.4375,220.8282012939453,294.597900390625,288.96875,98414.5,35.02980422973633,23.143598109637058,23.729880549058525,1.0,0,EF1,CST-6,30-MAR-22 16:24:00
1069106,2022-11-30T01:00:00+00:00,32.2898,-91.3668,1077.75,0.32818135619163513,294.70648193359375,293.165771484375,100574.5625,41.40036392211914,19.884032474475312,22.803244657140212,,0,EFU,CST-6,29-NOV-22 19:06:00
1032497,2022-05-13T01:00:00+00:00,46.3688,-95.0426,1536.75,78.11028289794922,296.674072265625,289.955810546875,95563.875,38.098838806152344,13.904386712384717,20.02420285450773,2.0,1,EF2,CST-6,12-MAY-22 18:51:00
1013975,2022-03-31T00:00:00+00:00,35.937,-88.516,14.8125,12.390673637390137,291.75,290.05242919921875,98001.875,36.630157470703125,21.05035977129921,30.709263532080865,1.0,0,EF1,CST-6,30-MAR-22 17:50:00
1027764,2022-05-30T20:00:00+00:00,44.9994,-96.7118,1141.75,251.50717163085938,292.851806640625,291.1025390625,93929.625,26.29991912841797,4.277973590088092,15.29165923655835,1.0,0,EF1,CST-6,30-MAY-22 14:05:00
1040302,2022-08-20T19:00:00+00:00,40.2224,-84.9967,1356.5,33.184383392333984,298.166748046875,292.797119140625,97953.5,39.07380294799805,3.6449933701970814,8.795764654434217,0.0,0,EF0,EST-5,20-AUG-22 14:29:00
1015516,2022-05-21T20:00:00+00:00,39.2795,-86.1359,1368.5,154.01821899414062,299.043212890625,294.455078125,98962.1875,39.05450439453125,6.693138582701628,18.81929188936374,0.0,0,EF0,EST-5,21-MAY-22 14:40:00
1033335,2022-05-30T20:00:00+00:00,43.799,-96.4448,1804.625,82.41342163085938,297.964111328125,291.267578125,93865.625,30.62902069091797,8.695001682104868,19.572868945326686,,0,EFU,CST-6,30-MAY-22 14:15:00
1020867,2022-05-12T23:00:00+00:00,44.7733,-96.4598,1479.375,153.62506103515625,300.05810546875,290.8990173339844,95100.5,34.16794967651367,11.380142525843091,15.38432873985173,2.0,1,EF2,CST-6,12-MAY-22 16:58:00
1021676,2022-05-08T02:00:00+00:00,45.6,-98.31,427.75,167.35939025878906,294.014404296875,286.3685302734375,94980.875,29.749744415283203,14.190983111019968,11.421219179974234,0.0,0,EF0,CST-6,07-MAY-22 19:37:00
1020872,2022-05-12T23:00:00+00:00,45.0048,-97.1902,996.375,90.70319366455078,297.12255859375,290.2330017089844,93922.5,31.445293426513672,10.81873280127517,16.212747550781767,1.0,0,EF1,CST-6,12-MAY-22 17:02:00
1016763,2022-03-31T04:00:00+00:00,31.6641,-87.7298,345.625,101.53128814697266,294.05224609375,291.095703125,99573.375,45.63785171508789,20.43057833915604,22.599001874989856,1.0,0,EF1,CST-6,30-MAR-22 21:33:00
1027750,2022-05-30T20:00:00+00:00,44.7731,-96.7557,1335.6875,211.64779663085938,292.386962890625,290.9814453125,93431.625,26.07042694091797,3.9669458545027996,16.114084495294072,1.0,0,EF1,CST-6,30-MAY-22 13:50:00
1053344,2022-08-22T15:00:00+00:00,32.4873,-95.1918,605.25,3.3291587829589844,297.769287109375,296.967529296875,99764.9375,64.3863525390625,13.165427978290953,9.344748244384215,1.0,0,EF1,CST-6,22-AUG-22 09:26:00
1033336,2022-05-30T20:00:00+00:00,43.9254,-96.3048,1526.8125,27.038421630859375,297.066650390625,291.1162109375,93504.625,29.76769256591797,7.888737579339461,19.39119438247117,,0,EFU,CST-6,30-MAY-22 14:25:00
1032014,2022-05-13T00:00:00+00:00,45.95,-96.26,1596.375,78.34632873535156,298.5615234375,291.05975341796875,96217.625,35.82023620605469,13.390784628426577,17.21126485479737,1.0,0,EF1,CST-6,12-MAY-22 18:07:00
1033699,2022-05-13T00:00:00+00:00,45.96,-96.72,1587.125,14.799455642700195,296.1708984375,290.62908935546875,96452.625,35.18840026855469,13.392385574033375,18.303166179717078,1.0,0,EF1,CST-6,12-MAY-22 18:10:00
1015091,2022-03-31T02:00:00+00:00,31.098,-88.841,428.5625,92.9531478881836,295.225830078125,291.470947265625,99608.9375,47.223907470703125,23.138743965723094,21.714167318913475,2.0,1,EF2,CST-6,30-MAR-22 19:47:00
1015098,2022-03-31T04:00:00+00:00,30.4668,-87.9152,133.4375,18.281286239624023,295.39208984375,292.703125,100402.375,41.20230484008789,16.109732987577008,18.46535925452846,0.0,0,EF0,CST-6,30-MAR-22 22:22:00
1052528,2022-08-15T23:00:00+00:00,47.7564,-100.9677,964.75,106.2503890991211,303.86328125,290.185546875,94852.0,30.434356689453125,1.3302048726867455,6.593967455806127,2.0,1,EF2,CST-6,15-AUG-22 16:30:00
1024490,2022-04-30T01:00:00+00:00,38.3475,-97.3368,1477.0,528.9375610351562,296.683837890625,286.6485595703125,94460.8125,28.475635528564453,11.986045207094747,18.81338262776017,0.0,0,EF0,CST-6,29-APR-22 19:03:00
1032017,2022-05-13T00:00:00+00:00,46.0263,-96.483,1579.25,33.28382873535156,297.3935546875,290.85955810546875,96401.625,35.39640808105469,13.543759097630176,17.4581318475237,2.0,1,EF2,CST-6,12-MAY-22 18:16:00
1032364,2022-05-13T01:00:00+00:00,46.26,-95.75,1276.125,27.547786712646484,296.121337890625,291.068115234375,95451.875,33.277549743652344,13.33117467406985,16.91031805052475,1.0,0,EF1,CST-6,12-MAY-22 18:31:00
1012859,2022-03-22T20:00:00+00:00,33.68,-88.546,246.375,43.26564025878906,293.755615234375,288.72412109375,99599.5,42.29399871826172,20.973107231146248,24.06709512613617,1.0,0,EF1,CST-6,22-MAR-22 14:12:00
1015116,2022-03-31T05:00:00+00:00,30.6353,-87.6288,231.4375,10.093969345092773,293.666259765625,291.1781311035156,100013.875,42.5644416809082,19.97205944294509,21.010676049505413,0.0,0,EF0,CST-6,30-MAR-22 22:50:00
1034163,2022-05-30T22:00:00+00:00,46.3684,-94.8657,1078.6875,190.4452667236328,293.5224609375,290.402099609375,94477.0,28.956212997436523,12.315146294905416,26.844572791494066,2.0,1,EF2,CST-6,30-MAY-22 16:21:00
1020917,2022-05-12T23:00:00+00:00,44.7388,-97.2897,521.75,180.82818603515625,297.52099609375,290.4712829589844,94070.5,30.013652801513672,10.899590952921686,18.38225764393753,1.0,0,EF1,CST-6,12-MAY-22 16:40:00
1034049,2022-05-08T01:00:00+00:00,45.43,-98.52,295.5,118.20325469970703,295.18896484375,286.52447509765625,95144.4375,32.26555252075195,13.399092076471073,8.98085863412073,0.0,0,EF0,CST-6,07-MAY-22 19:15:00
1020895,2022-05-12T23:00:00+00:00,44.8841,-96.652,1571.875,96.14069366455078,299.46630859375,291.0513610839844,94860.5,33.84275436401367,11.344775908009664,15.569243150590415,1.0,0,EF1,CST-6,12-MAY-22 17:05:00
1020926,2022-05-12T23:00:00+00:00,44.8322,-97.5491,386.875,174.03131103515625,297.25537109375,290.3736267089844,94317.5,29.714824676513672,10.535196966822504,18.758542229436966,0.0,0,EF0,CST-6,12-MAY-22 16:45:00
1067287,2022-11-29T23:00:00+00:00,31.4341,-89.8054,419.75,46.657691955566406,297.7978210449219,294.9454345703125,99779.375,38.84585952758789,12.612808395627495,18.177975773922107,0.0,0,EF0,CST-6,29-NOV-22 17:06:00
1015348,2022-05-20T03:00:00+00:00,38.417,-87.732,1705.875,37.968955993652344,294.06298828125,291.663818359375,98712.5,47.31532287597656,12.908132162886583,26.737392714876965,1.0,0,EF1,EST-5,19-MAY-22 21:40:00
1013193,2022-03-22T22:00:00+00:00,32.1601,-88.4028,69.25,31.50002670288086,291.964599609375,290.933837890625,99647.625,40.60133361816406,15.384888729989685,21.780067526780307,2.0,1,EF2,CST-6,22-MAR-22 15:58:00
1018243,2022-05-08T01:00:00+00:00,45.43,-98.6,330.375,152.18763732910156,294.91259765625,287.38970947265625,94793.4375,31.328052520751953,12.636815205426407,9.300966342447447,0.0,0,EF0,CST-6,07-MAY-22 19:12:00
1033994,2022-06-13T03:00:00+00:00,43.9379,-100.83,2072.875,768.5313720703125,296.824462890625,291.0979309082031,92777.0,46.0858154296875,8.622986426448419,24.079355542575744,2.0,1,EF2,CST-6,12-JUN-22 21:28:00
1020898,2022-05-12T23:00:00+00:00,45.2348,-97.4948,998.0,52.375064849853516,295.38818359375,290.1519470214844,93714.5,32.09470748901367,10.853978156380439,16.486558223244565,1.0,0,EF1,CST-6,12-MAY-22 17:13:00
1015518,2022-05-21T20:00:00+00:00,39.388,-85.951,1220.875,116.92446899414062,298.056884765625,294.44921875,98825.1875,40.35919189453125,6.725288171435977,17.20933310517173,1.0,0,EF1,EST-5,21-MAY-22 14:57:00
1068430,2022-11-30T00:00:00+00:00,33.5832,-88.4231,462.25,5.768398761749268,293.68475341796875,292.142333984375,100009.6875,41.530860900878906,17.765891119788357,23.83892724991747,2.0,1,EF2,CST-6,29-NOV-22 18:26:00
1015093,2022-03-31T03:00:00+00:00,31.9996,-88.0926,336.875,87.43362426757812,293.802001953125,291.01171875,99614.5625,45.85280227661133,22.407901009345288,23.73372138097343,1.0,0,EF1,CST-6,30-MAR-22 20:32:00
1013785,2022-03-31T00:00:00+00:00,33.797,-88.5221,220.8125,,295.91796875,289.32879638671875,98979.875,38.119415283203125,21.888954409318107,30.853462506818506,0.0,0,EF0,CST-6,30-MAR-22 18:16:00
1050930,2022-08-01T18:00:00+00:00,43.409,-83.389,240.375,26.953144073486328,297.397705078125,293.71826171875,98206.375,41.82651901245117,7.377104648974343,11.411570766550911,0.0,0,EF0,EST-5,01-AUG-22 13:14:00
1027706,2022-05-30T20:00:00+00:00,44.6822,-96.8239,1308.25,243.42904663085938,291.497314453125,290.4287109375,92993.625,25.28917694091797,3.1262064094180437,13.420071342113577,2.0,1,EF2,CST-6,30-MAY-22 13:41:00
1015472,2022-03-31T00:00:00+00:00,35.791,-88.723,22.5625,4.093798637390137,291.8447265625,290.29559326171875,98017.875,36.571563720703125,23.035586711242313,29.12323703428254,1.0,0,EF1,CST-6,30-MAR-22 17:35:00
1024169,2022-04-30T01:00:00+00:00,38.4493,-97.2048,1946.125,357.9688415527344,297.023681640625,287.5548095703125,94553.8125,31.168018341064453,15.835744787264382,21.751028412866066,1.0,0,EF1,CST-6,29-APR-22 19:03:00
1015517,2022-05-21T20:00:00+00:00,39.3524,-86.0329,1130.625,204.26821899414062,298.149658203125,294.6416015625,98866.1875,39.39532470703125,6.3495520735666435,19.423575701930897,0.0,0,EF0,EST-5,21-MAY-22 14:48:00
1004605,2022-01-03T12:00:00+00:00,35.3957,-78.6977,385.6875,1.9377532005310059,291.05548095703125,289.955078125,99115.25,31.61236572265625,10.93857939662658,34.67223471519519,0.0,0,EF0,EST-5,03-JAN-22 07:21:00
1032370,2022-05-13T01:00:00+00:00,46.3123,-95.5963,1276.125,27.547786712646484,296.121337890625,291.068115234375,95451.875,33.277549743652344,13.33117467406985,16.91031805052475,0.0,0,EF0,CST-6,12-MAY-22 18:40:00
1034156,2022-05-30T22:00:00+00:00,46.5795,-95.5402,897.5,131.0077667236328,294.130859375,290.243896484375,94315.0,27.189611434936523,9.661798835819116,22.414393840943696,1.0,0,EF1,CST-6,30-MAY-22 15:58:00
1015096,2022-03-31T04:00:00+00:00,30.701,-88.411,814.5,2.9219119548797607,292.92626953125,291.0048828125,100078.375,47.77847671508789,18.52294186572923,16.732911324420755,0.0,0,EF0,CST-6,30-MAR-22 21:31:00
1014016,2022-03-31T00:00:00+00:00,35.7456,-88.7898,65.9375,0.25004881620407104,292.04296875,290.24481201171875,98195.875,36.761016845703125,21.69763481842017,25.78299651183937,1.0,0,EF1,CST-6,30-MAR-22 17:31:00
1020929,2022-05-12T23:00:00+00:00,44.99,-97.9055,333.75,77.76569366455078,295.82861328125,290.2593688964844,94569.5,29.902324676513672,11.165003235896267,16.81206376624577,0.0,0,EF0,CST-6,12-MAY-22 16:45:00
1010955,2022-03-09T08:00:00+00:00,31.4245,-87.0796,958.8125,0.8281904458999634,292.4258117675781,291.71038818359375,99925.5625,40.4506721496582,14.006945303024402,21.238966458436497,1.0,0,EF1,CST-6,09-MAR-22 02:11:00
1012485,2022-03-18T17:00:00+00:00,30.6823,-86.7515,1318.3125,44.969032287597656,295.13134765625,293.61871337890625,100869.5,42.0690803527832,17.63095027759723,21.00888883877849,1.0,0,EF1,CST-6,18-MAR-22 11:28:00
1033300,2022-05-30T19:00:00+00:00,43.781,-97.2186,1291.8125,86.76605987548828,295.96240234375,291.907958984375,93841.4375,28.996400833129883,7.017575352684784,18.933115871466075,,0,EFU,CST-6,30-MAY-22 12:55:00
1015143,2022-05-10T00:00:00+00:00,44.4702,-92.2518,2236.0,63.01803970336914,301.09326171875,290.905517578125,96486.8125,38.234092712402344,14.45657432272818,21.285436794388662,0.0,0,EF0,CST-6,09-MAY-22 18:10:00
1013194,2022-03-23T00:00:00+00:00,31.9457,-88.2364,69.0,3.2862331867218018,292.294677734375,291.52197265625,99933.4375,42.34386444091797,19.557790908124403,27.98111299342121,1.0,0,EF1,CST-6,22-MAR-22 17:33:00
1013403,2022-03-23T04:00:00+00:00,30.4798,-87.7198,993.5,11.078207969665527,294.17919921875,293.31732177734375,100692.6875,39.495059967041016,15.119714643309674,18.037754393524022,1.0,0,EF1,CST-6,22-MAR-22 22:07:00
1019485,2022-04-23T02:00:00+00:00,44.444,-98.5351,900.75,383.984375,294.65869140625,288.20501708984375,94516.375,32.541961669921875,17.356384385997192,23.951318582534796,,0,EFU,CST-6,22-APR-22 19:39:00
1015117,2022-03-31T04:00:00+00:00,32.002,-87.302,273.9375,232.73440551757812,294.77099609375,290.931640625,99619.375,44.24625015258789,21.274479941737773,24.44480935543593,1.0,0,EF1,CST-6,30-MAR-22 22:09:00
1020990,2022-05-12T23:00:00+00:00,45.0884,-96.4798,1832.375,157.50006103515625,300.45751953125,291.9136657714844,96072.5,35.90818405151367,12.361221525490025,17.564316634637745,1.0,0,EF1,CST-6,12-MAY-22 17:15:00
1064764,2022-06-12T23:00:00+00:00,43.5884,-110.5228,43.75,,285.760009765625,280.157470703125,74556.875,18.074161529541016,0.37469829038053765,2.9677119873707607,2.0,1,EF2,MST-7,12-JUN-22 15:35:00
1024494,2022-04-30T03:00:00+00:00,37.84,-96.41,2034.4375,83.34466552734375,293.46923828125,288.5369567871094,95190.6875,34.110130310058594,13.884735070079445,21.542290849828117,1.0,0,EF1,CST-6,29-APR-22 20:44:00
1027844,2022-05-30T21:00:00+00:00,45.2984,-96.1441,1787.3125,154.9514617919922,291.3330078125,290.2176208496094,95449.4375,31.277301788330078,4.8012847686686255,15.304434376647679,1.0,0,EF1,CST-6,30-MAY-22 14:36:00
1014638,2022-03-31T02:00:00+00:00,31.6558,-88.71,191.34375,124.4062728881836,295.149658203125,291.256103515625,99250.9375,46.024688720703125,24.90363971752135,28.012905450181538,1.0,0,EF1,CST-6,30-MAR-22 19:43:00
1016768,2022-04-30T01:00:00+00:00,37.6262,-97.193,2676.25,246.1407012939453,298.404541015625,288.3087158203125,94881.8125,31.852588653564453,15.406904522399309,25.370284543016496,2.0,1,EF2,CST-6,29-APR-22 19:10:00
1015090,2022-03-31T02:00:00+00:00,31.6648,-88.542,191.34375,124.4062728881836,295.149658203125,291.256103515625,99250.9375,46.024688720703125,24.90363971752135,28.012905450181538,1.0,0,EF1,CST-6,30-MAR-22 19:55:00
1015094,2022-03-31T04:00:00+00:00,30.7528,-88.315,814.5,2.9219119548797607,292.92626953125,291.0048828125,100078.375,47.77847671508789,18.52294186572923,16.732911324420755,0.0,0,EF0,CST-6,30-MAR-22 21:41:00
1014634,2022-03-31T02:00:00+00:00,31.0954,-88.8476,428.5625,92.9531478881836,295.225830078125,291.470947265625,99608.9375,47.223907470703125,23.138743965723094,21.714167318913475,2.0,1,EF2,CST-6,30-MAR-22 19:46:00
1020930,2022-05-12T23:00:00+00:00,44.8163,-96.4886,1479.375,153.62506103515625,300.05810546875,290.8990173339844,95100.5,34.16794967651367,11.380142525843091,15.38432873985173,1.0,0,EF1,CST-6,12-MAY-22 16:59:00
1041221,2022-06-13T05:00:00+00:00,44.07,-99.78,2460.75,820.7994995117188,297.26416015625,291.313232421875,94368.4375,45.318504333496094,10.801250577345769,18.672963473676962,,0,EFU,CST-6,12-JUN-22 22:50:00
1015095,2022-03-31T04:00:00+00:00,30.7246,-88.2514,335.0,3.4687869548797607,293.56591796875,291.3974609375,100140.375,45.45718765258789,19.803581634109964,19.442618035276944,0.0,0,EF0,CST-6,30-MAR-22 21:43:00
1033293,2022-05-30T17:00:00+00:00,42.7732,-97.9556,1161.4375,80.9218978881836,298.538818359375,291.40673828125,93996.25,29.342689514160156,6.2753169657591785,17.478108577127017,,0,EFU,CST-6,30-MAY-22 11:29:00
1034073,2022-05-30T21:00:00+00:00,45.88,-96.0,1421.0,188.0920867919922,292.978515625,290.4383239746094,95045.4375,32.22554397583008,7.494905636557677,15.665868990716676,2.0,1,EF2,CST-6,30-MAY-22 15:14:00
1034076,2022-05-30T21:00:00+00:00,45.96,-96.12,1348.3125,203.6702117919922,292.1748046875,290.4168395996094,95371.4375,32.18257522583008,5.95776162406442,14.641515243092206,2.0,1,EF2,CST-6,30-MAY-22 15:15:00
1014639,2022-03-31T02:00:00+00:00,31.6636,-88.6886,191.34375,124.4062728881836,295.149658203125,291.256103515625,99250.9375,46.024688720703125,24.90363971752135,28.012905450181538,1.0,0,EF1,CST-6,30-MAR-22 19:45:00
1014640,2022-03-31T02:00:00+00:00,31.6797,-88.6714,191.34375,124.4062728881836,295.149658203125,291.256103515625,99250.9375,46.024688720703125,24.90363971752135,28.012905450181538,1.0,0,EF1,CST-6,30-MAR-22 19:47:00
1020863,2022-05-12T23:00:00+00:00,44.717,-97.0279,1114.0,108.50006866455078,298.24853515625,290.1363220214844,93988.5,31.420879364013672,10.584065286461966,16.006836919355898,2.0,1,EF2,CST-6,12-MAY-22 16:45:00
1015097,2022-03-31T04:00:00+00:00,30.557,-88.1414,271.875,9.23441219329834,294.31884765625,292.1943359375,100355.375,43.77945327758789,16.772336890070903,18.005633740921567,1.0,0,EF1,CST-6,30-MAR-22 21:58:00
1052918,2022-08-20T19:00:00+00:00,41.21,-90.74,1694.875,16.950008392333984,297.633056640625,292.686279296875,98698.5,38.71149826049805,5.244773572942374,11.51234291055114,,0,EFU,CST-6,20-AUG-22 12:55:00
1052923,2022-08-20T18:00:00+00:00,41.1993,-90.939,1826.375,29.080148696899414,297.5595703125,293.04296875,98911.875,38.611663818359375,5.646927339374824,14.618643321264209,,0,EFU,CST-6,20-AUG-22 12:17:00
1052915,2022-08-20T17:00:00+00:00,42.178,-91.1102,920.375,50.0157585144043,295.57373046875,290.50244140625,98042.1875,35.07542419433594,3.9427328329466076,6.662403406641612,,0,EFU,CST-6,20-AUG-22 11:20:00
1069105,2022-11-30T01:00:00+00:00,33.198,-89.144,384.875,74.03130340576172,293.21527099609375,291.550537109375,99231.5625,39.75583267211914,17.91939829158108,22.233822327349458,1.0,0,EF1,CST-6,29-NOV-22 18:56:00
1069104,2022-11-30T01:00:00+00:00,33.1509,-89.1935,384.875,74.03130340576172,293.21527099609375,291.550537109375,99231.5625,39.75583267211914,17.91939829158108,22.233822327349458,1.0,0,EF1,CST-6,29-NOV-22 18:47:00
1052505,2022-08-15T22:00:00+00:00,47.84,-100.85,973.0,75.17190551757812,304.199462890625,290.7578125,95060.8125,27.14203453063965,0.6922398260882323,6.783752802451877,,0,EFU,CST-6,15-AUG-22 16:08:00
1052507,2022-08-15T22:00:00+00:00,47.81,-100.93,1073.875,110.96878051757812,304.327392578125,290.474609375,94780.8125,28.17719078063965,1.1980563667920088,6.274629067823636,1.0,0,EF1,CST-6,15-AUG-22 16:10:00
1014635,2022-03-31T01:00:00+00:00,30.9849,-89.1382,228.78125,106.87506866455078,295.847900390625,291.9822082519531,99419.4375,46.434226989746094,22.934687261486495,25.937641207406692,0.0,0,EF0,CST-6,30-MAR-22 19:20:00
1067283,2022-11-29T23:00:00+00:00,31.4257,-89.8311,419.75,46.657691955566406,297.7978210449219,294.9454345703125,99779.375,38.84585952758789,12.612808395627495,18.177975773922107,0.0,0,EF0,CST-6,29-NOV-22 17:03:00
1067284,2022-11-29T23:00:00+00:00,31.4288,-89.8242,419.75,46.657691955566406,297.7978210449219,294.9454345703125,99779.375,38.84585952758789,12.612808395627495,18.177975773922107,0.0,0,EF0,CST-6,29-NOV-22 17:04:00
1020919,2022-05-12T23:00:00+00:00,44.5731,-96.8389,1031.25,147.50006103515625,297.95263671875,290.2632751464844,94165.5,31.121074676513672,10.437360135169314,16.958707520545936,2.0,1,EF2,CST-6,12-MAY-22 16:39:00
1027697,2022-05-30T20:00:00+00:00,44.6316,-96.9869,1308.25,243.42904663085938,291.497314453125,290.4287109375,92993.625,25.28917694091797,3.1262064094180437,13.420071342113577,0.0,0,EF0,CST-6,30-MAY-22 13:30:00
1053279,2022-08-04T23:00:00+00:00,37.9695,-76.0467,2996.25,139.1875457763672,302.4345703125,298.76171875,101832.4375,55.68636703491211,0.5736212687675654,4.19700915795119,1.0,0,EF1,EST-5,04-AUG-22 18:20:00
1046699,2022-07-22T16:00:00+00:00,29.839,-93.938,3200.625,7.641585350036621,298.65185546875,297.74951171875,101685.5,54.206050872802734,5.072589672496275,4.022651868260032,0.0,0,EF0,CST-6,22-JUL-22 10:25:00
1035402,2022-07-07T23:00:00+00:00,40.2444,-103.6884,7.875,,303.3271484375,285.1318359375,86594.625,25.546161651611328,0.10174821073403763,5.596707514668855,1.0,0,EF1,MST-7,07-JUL-22 15:49:00
1032510,2022-05-30T07:00:00+00:00,43.2737,-96.233,2469.125,48.54605484008789,295.360595703125,292.31842041015625,94744.8125,42.64768981933594,15.233527134807773,24.14497832931358,0.0,0,EF0,CST-6,30-MAY-22 01:21:00
1037442,2022-06-21T03:00:00+00:00,44.45,-97.897,1013.5,171.59432983398438,299.409423828125,292.4990234375,95836.6875,50.00236511230469,5.731726500105763,25.352840843892224,1.0,0,EF1,CST-6,20-JUN-22 20:31:00
1044573,2022-07-26T22:00:00+00:00,39.5484,-102.4473,2716.375,85.48847198486328,301.94775390625,291.229736328125,87465.1875,38.23445129394531,0.24509581987859266,7.518895072878725,,0,EFU,MST-7,26-JUL-22 14:48:00
1044574,2022-07-26T22:00:00+00:00,39.4036,-102.5508,2292.75,48.66034698486328,301.48583984375,290.666259765625,86770.1875,37.30671691894531,0.08901557424190441,5.98270507513511,,0,EFU,MST-7,26-JUL-22 14:51:00
1013976,2022-03-30T23:00:00+00:00,35.57,-88.948,37.625,35.03133010864258,291.66845703125,289.6644287109375,98054.3125,36.910335540771484,20.34144231395319,25.08768090005068,1.0,0,EF1,CST-6,30-MAR-22 17:18:00
1034959,2022-07-12T20:00:00+00:00,39.2504,-78.8375,766.875,169.265625,299.76220703125,292.711181640625,95279.0,39.663936614990234,5.782278160093966,13.59702689727131,0.0,0,EF0,EST-5,12-JUL-22 14:35:00
1044937,2022-07-28T23:00:00+00:00,41.9281,-73.2078,724.75,61.741519927978516,298.86474609375,294.485107421875,97326.375,44.38652038574219,8.072608075526018,14.848985914610878,0.0,0,EF0,EST-5,28-JUL-22 17:35:00
1044575,2022-07-26T23:00:00+00:00,39.3819,-102.6258,1621.75,94.37883758544922,299.1689453125,292.6865234375,86751.3125,32.993160247802734,0.07095586014804918,7.074996137485755,,0,EFU,MST-7,26-JUL-22 16:02:00
1031709,2022-05-11T23:00:00+00:00,43.9671,-95.2985,881.75,42.62504959106445,297.061767578125,291.6448669433594,96049.875,45.90388488769531,4.0906247236060445,21.309621858594436,,0,EFU,CST-6,11-MAY-22 16:46:00
1029614,2022-07-18T23:00:00+00:00,44.0828,-73.3069,616.0,0.9953950047492981,295.783935546875,294.9072265625,97392.0625,51.211483001708984,14.019702132480354,14.319641188294373,1.0,0,EF1,EST-5,18-JUL-22 17:50:00
1031707,2022-05-11T23:00:00+00:00,44.0338,-95.3368,881.75,42.62504959106445,297.061767578125,291.6448669433594,96049.875,45.90388488769531,4.0906247236060445,21.309621858594436,1.0,0,EF1,CST-6,11-MAY-22 16:47:00
1031710,2022-05-11T23:00:00+00:00,44.0792,-94.9709,1418.375,248.3906707763672,300.475830078125,291.1360778808594,96716.875,46.51228332519531,8.529606880483964,21.055364170614034,,0,EFU,CST-6,11-MAY-22 17:10:00
1041750,2022-07-23T11:00:00+00:00,41.726,-88.2207,1980.625,76.46910095214844,295.899169921875,293.27783203125,98949.875,45.54994583129883,13.079992111313883,18.639097572925824,0.0,0,EF0,CST-6,23-JUL-22 04:40:00
1028354,2022-07-12T04:00:00+00:00,42.8425,-83.7125,944.75,112.81281280517578,298.086669921875,292.15380859375,97505.8125,35.98109817504883,11.538800130296252,14.009391200801412,0.0,0,EF0,EST-5,11-JUL-22 22:33:00
1045727,2022-07-12T04:00:00+00:00,42.838,-83.6875,944.75,112.81281280517578,298.086669921875,292.15380859375,97505.8125,35.98109817504883,11.538800130296252,14.009391200801412,0.0,0,EF0,EST-5,11-JUL-22 22:35:00
1044208,2022-07-14T01:00:00+00:00,41.9318,-74.0532,170.75,,297.62158203125,287.546142578125,97378.125,34.6429443359375,2.472911312724302,11.82260892229129,1.0,0,EF1,EST-5,13-JUL-22 19:49:00
1044262,2022-07-18T22:00:00+00:00,41.9,-73.96,1884.75,3.9420385360717773,298.552978515625,296.49267578125,98587.625,51.605960845947266,9.339863415669978,17.83770710190534,,0,EFU,EST-5,18-JUL-22 16:35:00
1041752,2022-07-23T11:00:00+00:00,41.7251,-88.2195,1980.625,76.46910095214844,295.899169921875,293.27783203125,98949.875,45.54994583129883,13.079992111313883,18.639097572925824,0.0,0,EF0,CST-6,23-JUL-22 04:41:00
1043444,2022-07-23T00:00:00+00:00,28.9976,-81.9427,2359.375,118.84099578857422,300.095458984375,296.23291015625,101591.0625,47.3350715637207,4.478597443429951,0.6860323615951608,0.0,0,EF0,EST-5,22-JUL-22 18:38:00
1033316,2022-05-30T19:00:00+00:00,44.2771,-96.9578,1033.75,117.37543487548828,294.75244140625,291.561279296875,93520.4375,27.028627395629883,7.5436316149556,17.818342537860637,1.0,0,EF1,CST-6,30-MAY-22 13:23:00
1050196,2022-07-22T22:00:00+00:00,39.255,-101.3454,450.5,,310.971923828125,285.84326171875,89428.25,26.143882751464844,0.45316876755234214,5.502434773611172,,0,EFU,CST-6,22-JUL-22 16:15:00
1044423,2022-07-09T21:00:00+00:00,32.4898,-80.3151,2203.5,103.85064697265625,300.98974609375,298.8759765625,101447.0,61.52030944824219,4.89138996135716,7.7453268696882915,0.0,0,EF0,EST-5,09-JUL-22 16:29:00
1035376,2022-07-06T21:00:00+00:00,40.9,-104.1,1191.25,238.21875,300.475830078125,286.743896484375,84137.8125,30.141345977783203,0.05500814065649921,3.8850965706847793,,0,EFU,MST-7,06-JUL-22 13:44:00
1035398,2022-07-07T23:00:00+00:00,40.3066,-103.7356,7.875,,303.3271484375,285.1318359375,86594.625,25.546161651611328,0.10174821073403763,5.596707514668855,1.0,0,EF1,MST-7,07-JUL-22 15:39:00
1035399,2022-07-07T23:00:00+00:00,40.2972,-103.6958,7.875,,303.3271484375,285.1318359375,86594.625,25.546161651611328,0.10174821073403763,5.596707514668855,0.0,0,EF0,MST-7,07-JUL-22 15:42:00
1035400,2022-07-07T23:00:00+00:00,40.2464,-103.7129,7.875,,303.3271484375,285.1318359375,86594.625,25.546161651611328,0.10174821073403763,5.596707514668855,0.0,0,EF0,MST-7,07-JUL-22 15:46:00
1035404,2022-07-07T23:00:00+00:00,40.2473,-103.6698,7.875,,303.3271484375,285.1318359375,86594.625,25.546161651611328,0.10174821073403763,5.596707514668855,0.0,0,EF0,MST-7,07-JUL-22 15:51:00
1037821,2022-07-29T22:00:00+00:00,39.74,-104.74,104.25,,297.303466796875,287.314697265625,83278.0625,27.37997055053711,0.10205477080196318,4.666887768772432,,0,EFU,MST-7,29-JUL-22 15:25:00
1033988,2022-05-13T00:00:00+00:00,42.3592,-96.3417,1275.125,439.2525939941406,299.2041015625,288.41424560546875,96105.625,40.67179870605469,14.35304413885673,21.152977297006803,,0,EFU,CST-6,12-MAY-22 18:01:00
1037818,2022-07-29T23:00:00+00:00,39.84,-104.82,194.5,153.30384826660156,298.9599609375,287.1015625,84237.1875,26.025772094726562,0.2282425246931176,5.673083157813612,,0,EFU,MST-7,29-JUL-22 15:36:00
1033995,2022-06-13T03:00:00+00:00,43.8954,-100.9405,2072.875,768.5313720703125,296.824462890625,291.0979309082031,92777.0,46.0858154296875,8.622986426448419,24.079355542575744,2.0,1,EF2,CST-6,12-JUN-22 21:15:00
1050194,2022-07-22T22:00:00+00:00,39.4641,-101.3377,684.875,,311.123291015625,286.19384765625,89305.25,25.211265563964844,0.13924163414828555,7.262301577643016,,0,EFU,CST-6,22-JUL-22 15:58:00
1050195,2022-07-22T22:00:00+00:00,39.4854,-101.3282,684.875,,311.123291015625,286.19384765625,89305.25,25.211265563964844,0.13924163414828555,7.262301577643016,,0,EFU,CST-6,22-JUL-22 16:00:00
1032491,2022-05-30T07:00:00+00:00,43.5161,-96.751,3094.5,112.57730865478516,293.881103515625,291.47955322265625,94524.8125,40.83030700683594,13.247820277690309,20.770810402399295,1.0,0,EF1,CST-6,30-MAY-22 00:51:00
1034832,2022-07-05T22:00:00+00:00,38.972,-76.746,3278.75,11.359416007995605,300.1787109375,297.863037109375,100702.25,56.02322006225586,10.223584444713193,15.772549032785752,1.0,0,EF1,EST-5,05-JUL-22 16:31:00
1077762,2022-08-01T23:00:00+00:00,40.017,-80.519,1660.25,32.08791732788086,297.08349609375,293.9638671875,96984.0625,40.71644592285156,8.700719234072277,12.994756819783111,2.0,1,EF2,EST-5,01-AUG-22 18:08:00
1046362,2022-08-01T23:00:00+00:00,40.027,-80.537,1706.125,44.88479232788086,297.66748046875,294.2060546875,97109.0625,38.62074279785156,9.390806080867405,14.544467831922011,2.0,1,EF2,EST-5,01-AUG-22 18:05:00
1041749,2022-07-23T11:00:00+00:00,41.6027,-88.1133,1980.625,76.46910095214844,295.899169921875,293.27783203125,98949.875,45.54994583129883,13.079992111313883,18.639097572925824,0.0,0,EF0,CST-6,23-JUL-22 04:52:00
1043279,2022-07-19T00:00:00+00:00,48.85,-106.25,1419.0,35.078189849853516,293.550537109375,291.505126953125,90203.125,43.50005340576172,0.3810975974268041,13.163362084032695,2.0,1,EF2,MST-7,18-JUL-22 16:47:00
1046867,2022-07-05T20:00:00+00:00,37.731,-76.6,321.5,104.21903991699219,303.973876953125,294.662353515625,101161.6875,56.070228576660156,7.5114795407728785,16.910281030951708,0.0,0,EF0,EST-5,05-JUL-22 14:55:00
1032498,2022-05-30T07:00:00+00:00,43.5868,-96.5389,2863.8125,95.13980865478516,293.886962890625,291.51470947265625,94191.8125,39.44554138183594,12.214273299712366,21.144732534131965,1.0,0,EF1,CST-6,30-MAY-22 01:05:00
1032526,2022-05-30T08:00:00+00:00,43.5719,-95.9786,1837.1875,98.63226318359375,294.771728515625,291.87689208984375,94443.375,39.65684509277344,15.190460581606681,25.364401858188025,0.0,0,EF0,CST-6,30-MAY-22 01:33:00
1041748,2022-07-23T11:00:00+00:00,41.4563,-88.0035,2283.0,193.06285095214844,296.605224609375,293.54443359375,99043.875,49.78041458129883,12.656467971377227,17.364016566948997,0.0,0,EF0,CST-6,23-JUL-22 05:05:00
1045213,2022-07-19T19:00:00+00:00,48.8626,-96.7817,1420.5,3.0846316814422607,297.56005859375,290.503662109375,96374.25,44.3943977355957,3.595531333154762,15.632966160346703,0.0,0,EF0,CST-6,19-JUL-22 12:38:00
1044576,2022-07-26T22:00:00+00:00,39.3067,-102.7587,2942.375,164.0353546142578,302.65478515625,290.422119140625,86251.1875,36.84284973144531,0.12227958247465348,4.97829092857588,0.0,0,EF0,MST-7,26-JUL-22 15:29:00
1050197,2022-07-22T22:00:00+00:00,39.2506,-101.2953,450.5,,310.971923828125,285.84326171875,89428.25,26.143882751464844,0.45316876755234214,5.502434773611172,,0,EFU,CST-6,22-JUL-22 16:28:00
1050199,2022-07-22T22:00:00+00:00,39.2382,-101.3798,450.5,,310.971923828125,285.84326171875,89428.25,26.143882751464844,0.45316876755234214,5.502434773611172,,0,EFU,CST-6,22-JUL-22 16:21:00
1050198,2022-07-22T22:00:00+00:00,39.2388,-101.3865,450.5,,310.971923828125,285.84326171875,89428.25,26.143882751464844,0.45316876755234214,5.502434773611172,,0,EFU,CST-6,22-JUL-22 16:21:00
1032812,2022-07-21T01:00:00+00:00,40.67,-82.0292,2628.375,10.468920707702637,301.421875,295.8828125,96523.125,39.62986755371094,11.266400339405024,15.203161509461351,1.0,0,EF1,EST-5,20-JUL-22 19:55:00
1032821,2022-07-21T01:00:00+00:00,40.6673,-81.9929,2628.375,10.468920707702637,301.421875,295.8828125,96523.125,39.62986755371094,11.266400339405024,15.203161509461351,1.0,0,EF1,EST-5,20-JUL-22 19:58:00
1034542,2022-07-29T04:00:00+00:00,36.056,-95.779,1961.0,87.9048080444336,300.217041015625,296.7431640625,99154.0625,58.64216995239258,4.78370250075928,9.172091368103464,1.0,0,EF1,CST-6,28-JUL-22 21:35:00
1062697,2022-11-05T16:00:00+00:00,41.7172,-88.5733,48.25,,288.913818359375,285.931396484375,96865.625,25.04891586303711,16.594449609537158,22.179089970685574,0.0,0,EF0,CST-6,05-NOV-22 10:06:00
1065104,2022-11-04T19:00:00+00:00,33.912,-96.458,1386.4375,7.445248126983643,293.707763671875,293.036865234375,98154.75,44.94784927368164,16.375937222111727,28.572656690691854,1.0,0,EF1,CST-6,04-NOV-22 12:30:00
1062583,2022-11-04T22:00:00+00:00,33.0072,-95.7297,1082.75,17.234420776367188,294.5771484375,292.297119140625,98696.25,53.713340759277344,13.557961930286465,20.97200410635034,2.0,1,EF2,CST-6,04-NOV-22 16:15:00
1062582,2022-11-04T22:00:00+00:00,32.9545,-95.7928,1176.0,6.328171730041504,294.267578125,291.806884765625,98653.25,53.705528259277344,13.23153576655339,20.799384007367582,1.0,0,EF1,CST-6,04-NOV-22 16:08:00
1049469,2022-07-23T05:00:00+00:00,47.56,-97.76,725.75,586.8189086914062,296.50244140625,290.614013671875,96578.9375,28.485618591308594,7.995166241977224,9.76714213197798,0.0,0,EF0,CST-6,22-JUL-22 23:17:00
1048574,2022-07-19T02:00:00+00:00,42.9244,-72.4543,1065.0,0.8015835881233215,296.3759765625,295.300537109375,96954.875,52.0314826965332,14.367653819754514,18.555268280441265,1.0,0,EF1,EST-5,18-JUL-22 21:22:00
1057289,2022-11-05T00:00:00+00:00,34.871,-94.589,114.125,3.0011842250823975,291.96142578125,291.275634765625,97470.5,49.58881378173828,14.825942029190934,22.314127339068897,1.0,0,EF1,CST-6,04-NOV-22 17:33:00
1034683,2022-07-07T22:00:00+00:00,42.4824,-93.1664,147.0,63.78128433227539,299.095947265625,295.697021484375,97505.875,51.40281677246094,2.840214641836235,6.106496485918645,,0,EFU,CST-6,07-JUL-22 16:17:00
1061292,2022-12-13T22:00:00+00:00,32.366,-94.173,567.125,68.07826232910156,292.96502685546875,291.045654296875,99268.3125,42.05915069580078,15.726528602953719,18.59747386006849,2.0,1,EF2,CST-6,13-DEC-22 15:44:00
1057264,2022-11-04T23:00:00+00:00,34.3908,-94.9909,350.375,2.196138858795166,291.749267578125,290.982421875,96957.125,49.64601135253906,14.998874357703551,26.967089540678565,2.0,1,EF2,CST-6,04-NOV-22 16:46:00
1049477,2022-07-23T06:00:00+00:00,47.71,-97.46,485.5,269.8905334472656,295.020751953125,289.38623046875,97118.375,29.80316162109375,8.55483283359781,17.8270954143575,1.0,0,EF1,CST-6,22-JUL-22 23:31:00
1058365,2022-11-04T23:00:00+00:00,34.5065,-94.907,350.375,2.196138858795166,291.749267578125,290.982421875,96957.125,49.64601135253906,14.998874357703551,26.967089540678565,1.0,0,EF1,CST-6,04-NOV-22 16:56:00
1062698,2022-11-05T16:00:00+00:00,41.72,-88.572,48.25,,288.913818359375,285.931396484375,96865.625,25.04891586303711,16.594449609537158,22.179089970685574,0.0,0,EF0,CST-6,05-NOV-22 10:07:00
1063925,2022-11-04T22:00:00+00:00,32.98,-95.764,1082.75,17.234420776367188,294.5771484375,292.297119140625,98696.25,53.713340759277344,13.557961930286465,20.97200410635034,1.0,0,EF1,CST-6,04-NOV-22 16:11:00
1034681,2022-07-07T20:00:00+00:00,41.8705,-94.951,585.0,91.52804565429688,297.74169921875,296.16845703125,96786.25,49.69794464111328,1.0331567477145762,3.397682443822832,,0,EFU,CST-6,07-JUL-22 13:32:00
1043215,2022-07-06T02:00:00+00:00,42.4764,-91.7577,978.75,44.8752326965332,297.89599609375,296.725830078125,97562.875,52.46870422363281,6.5581685446870726,7.656014504144144,,0,EFU,CST-6,05-JUL-22 20:00:00
1043217,2022-07-06T02:00:00+00:00,42.6321,-92.0128,994.375,44.0783576965332,297.73779296875,296.731689453125,97398.875,54.81929016113281,6.066875009981529,7.7698514916949915,,0,EFU,CST-6,05-JUL-22 19:44:00
1045771,2022-07-11T20:00:00+00:00,46.3647,-92.4202,373.0,32.0665283203125,297.976806640625,291.493896484375,96711.3125,30.56317138671875,6.431056027537254,9.021183802346952,1.0,0,EF1,CST-6,11-JUL-22 14:22:00
1062581,2022-11-04T21:00:00+00:00,33.5995,-95.749,928.375,79.32816314697266,296.190673828125,294.2294921875,98643.8125,48.30903625488281,17.691132435554405,21.533260508449146,4.0,1,EF4,CST-6,04-NOV-22 15:16:00
1062584,2022-11-04T23:00:00+00:00,32.108,-96.0044,1661.125,12.774263381958008,294.921142578125,292.7568359375,99112.125,54.18898010253906,15.004631684089889,17.19174844243919,2.0,1,EF2,CST-6,04-NOV-22 16:35:00
1049924,2022-07-24T05:00:00+00:00,43.2628,-91.5287,255.0,206.7129669189453,294.92578125,294.705322265625,97208.3125,47.416175842285156,14.512692393711225,14.236572239232315,1.0,0,EF1,CST-6,23-JUL-22 22:44:00
1044472,2022-08-01T01:00:00+00:00,43.7162,-93.6339,1398.0,112.39065551757812,302.689208984375,292.5517578125,96704.375,35.82936096191406,8.876397021293846,11.725543040037616,0.0,0,EF0,CST-6,31-JUL-22 19:28:00
1049911,2022-07-23T21:00:00+00:00,43.8689,-91.1746,3598.5,42.2164192199707,301.42822265625,296.393310546875,97529.875,49.95086669921875,7.753248389380596,16.40040779691631,0.0,0,EF0,CST-6,23-JUL-22 14:33:00
1017646,2022-05-06T18:00:00+00:00,36.965,-84.6075,577.25,10.127202033996582,294.94482421875,292.19525146484375,96458.5625,30.080989837646484,6.291993178703011,12.21825469225483,1.0,0,EF1,EST-5,06-MAY-22 12:49:00
1034680,2022-07-05T23:00:00+00:00,43.4147,-94.8919,896.875,139.78488159179688,300.097412109375,296.311767578125,96336.1875,56.59474563598633,7.7355589511608605,10.803313858908759,0.0,0,EF0,CST-6,05-JUL-22 16:37:00
1059709,2022-10-25T00:00:00+00:00,45.1607,-122.9069,47.0,,286.54931640625,282.67730712890625,100752.625,16.923370361328125,9.581657878807688,10.263106053532036,0.0,0,EF0,PST-8,24-OCT-22 15:30:00
1064104,2022-11-05T02:00:00+00:00,34.8638,-93.6553,137.875,23.503887176513672,292.542236328125,291.7392578125,97389.3125,52.43769073486328,17.354202634963986,31.45265820012993,1.0,0,EF1,CST-6,04-NOV-22 19:49:00
1064109,2022-11-05T02:00:00+00:00,34.2297,-93.6332,394.0625,2.550762176513672,293.220947265625,292.4267578125,97972.3125,54.66132354736328,21.20483507409798,29.26722282779064,2.0,1,EF2,CST-6,04-NOV-22 20:08:00
1064113,2022-11-05T02:00:00+00:00,35.0074,-93.3366,122.25,27.316387176513672,292.855712890625,291.8994140625,97711.3125,52.26483917236328,21.26691919211138,34.191080004355186,1.0,0,EF1,CST-6,04-NOV-22 20:15:00
1064123,2022-11-05T03:00:00+00:00,34.268,-92.8255,891.375,7.906334400177002,293.551513671875,292.66748046875,99122.4375,53.360382080078125,23.0561200663485,28.21878522010334,1.0,0,EF1,CST-6,04-NOV-22 21:27:00
1055867,2022-09-30T19:00:00+00:00,35.3242,-76.7076,669.625,2.562654495239258,295.921142578125,294.683837890625,100350.1875,54.247291564941406,19.262532594585736,20.992561334455914,,0,EFU,EST-5,30-SEP-22 14:22:00
1064125,2022-11-05T04:00:00+00:00,34.5138,-92.4014,899.125,2.3750736713409424,294.316650390625,293.3173828125,99314.375,54.15578079223633,22.26987277039407,25.865812869836915,2.0,1,EF2,CST-6,04-NOV-22 22:04:00
1061368,2022-10-16T22:00:00+00:00,33.1997,-111.8819,219.875,111.98981475830078,297.2509765625,287.795654296875,96834.0625,24.564058303833008,0.5344537551103818,1.0590544729272273,0.0,0,EF0,MST-7,16-OCT-22 15:00:00
1059708,2022-10-23T01:00:00+00:00,45.3753,-122.1413,27.875,,280.02001953125,278.566650390625,94662.25,9.91969108581543,5.289621430002317,10.619537319043289,0.0,0,EF0,PST-8,22-OCT-22 16:40:00
1064086,2022-11-05T01:00:00+00:00,34.2862,-94.3135,92.75,1.9616541862487793,293.158203125,292.36895751953125,97778.625,52.695770263671875,13.485878616869247,19.737341251734822,1.0,0,EF1,CST-6,04-NOV-22 18:43:00
1064120,2022-11-05T03:00:00+00:00,33.9722,-93.0618,951.3125,5.562584400177002,293.741943359375,292.82958984375,99439.4375,53.624053955078125,21.52489861698208,23.70606962131002,1.0,0,EF1,CST-6,04-NOV-22 21:00:00
1037439,2022-06-21T03:00:00+00:00,44.43,-97.858,1013.5,171.59432983398438,299.409423828125,292.4990234375,95836.6875,50.00236511230469,5.731726500105763,25.352840843892224,,0,EFU,CST-6,20-JUN-22 20:30:00
1064092,2022-11-05T01:00:00+00:00,35.4211,-93.8072,23.75,15.664778709411621,292.666015625,291.64434814453125,97483.625,49.338348388671875,16.757089300634213,34.01299497104741,1.0,0,EF1,CST-6,04-NOV-22 18:48:00
1055701,2022-10-03T20:00:00+00:00,35.36,-112.2108,489.625,,291.663330078125,281.13232421875,80702.75,17.09539031982422,0.05667835039800253,1.7786969389494995,1.0,0,EF1,MST-7,03-OCT-22 12:37:00
1049867,2022-07-23T20:00:00+00:00,43.8605,-91.8798,4015.75,82.64066314697266,301.85693359375,295.5576171875,97079.125,49.52593994140625,6.264507524550748,16.051468407819943,0.0,0,EF0,CST-6,23-JUL-22 13:41:00
1044314,2022-07-04T06:00:00+00:00,40.8661,-98.3346,2589.625,763.3438720703125,298.7119140625,295.192138671875,94527.9375,52.48014831542969,13.133460396564029,21.69156061326141,1.0,0,EF1,CST-6,03-JUL-22 23:51:00
1063870,2022-12-16T01:00:00+00:00,27.07,-82.22,288.375,,295.19134521484375,294.0340576171875,101352.1875,46.44927215576172,7.24012404975314,10.380707812637285,0.0,0,EF0,EST-5,15-DEC-22 20:15:00
1037466,2022-06-21T03:00:00+00:00,44.431,-97.8532,1013.5,171.59432983398438,299.409423828125,292.4990234375,95836.6875,50.00236511230469,5.731726500105763,25.352840843892224,1.0,0,EF1,CST-6,20-JUN-22 20:31:00
1044315,2022-07-04T06:00:00+00:00,40.9,-98.28,2759.25,716.1251220703125,298.427734375,295.521240234375,94869.9375,53.76921081542969,13.702977294837877,20.07275061583789,1.0,0,EF1,CST-6,03-JUL-22 23:56:00
1062971,2022-11-08T22:00:00+00:00,38.33,-121.32,108.875,,285.8537902832031,280.35345458984375,100057.3125,15.289825439453125,8.51736100871279,9.852157911953332,0.0,0,EF0,PST-8,08-NOV-22 13:40:00
1057269,2022-11-04T23:00:00+00:00,34.4578,-94.9439,350.375,2.196138858795166,291.749267578125,290.982421875,96957.125,49.64601135253906,14.998874357703551,26.967089540678565,1.0,0,EF1,CST-6,04-NOV-22 16:51:00
1049879,2022-07-23T20:00:00+00:00,43.7967,-91.6015,4098.25,188.4062957763672,302.25830078125,295.724609375,97277.125,47.99761962890625,6.024509042394723,15.875861786843938,0.0,0,EF0,CST-6,23-JUL-22 14:01:00
1046841,2022-07-08T20:00:00+00:00,40.5127,-90.6922,712.375,4.510839939117432,297.504638671875,296.49267578125,99031.1875,50.60296630859375,0.7720321294798913,8.391819025150712,,0,EFU,CST-6,08-JUL-22 14:17:00
1056412,2022-09-04T22:00:00+00:00,41.021,-80.6559,1082.5,57.812503814697266,295.782958984375,294.256591796875,97825.6875,44.0323371887207,4.296566770632637,6.9635642895660705,0.0,0,EF0,EST-5,04-SEP-22 16:44:00
1047728,2022-09-22T19:00:00+00:00,36.24,-108.18,1011.125,80.34380340576172,294.324462890625,288.973388671875,81610.375,25.02771759033203,0.21719337035640043,7.759193723762852,,0,EFU,MST-7,22-SEP-22 12:03:00
1057615,2022-09-26T03:00:00+00:00,40.9837,-72.5624,685.875,70.50396728515625,293.697265625,290.24169921875,100253.5,33.17909240722656,8.698972738791648,11.686814671342562,0.0,0,EF0,EST-5,25-SEP-22 22:17:00
1063547,2022-11-05T00:00:00+00:00,32.9458,-94.8712,943.75,0.6261842846870422,294.35498046875,293.059814453125,99096.5,56.83588409423828,19.554701563853072,23.810482369831522,1.0,0,EF1,CST-6,04-NOV-22 17:38:00
1063274,2022-11-04T23:00:00+00:00,33.5047,-95.2418,787.625,8.055513381958008,293.461181640625,291.9716796875,98983.125,54.85890197753906,13.861561235239405,24.338696612465966,4.0,1,EF4,CST-6,04-NOV-22 17:15:00
1060628,2022-11-30T00:00:00+00:00,31.9743,-92.0655,1443.0625,0.5183988213539124,295.57342529296875,294.003662109375,100236.6875,43.288673400878906,21.137095337331356,20.869530393696255,3.0,1,EF3,CST-6,29-NOV-22 18:03:00
1063555,2022-11-05T00:00:00+00:00,33.0218,-94.8157,943.75,0.6261842846870422,294.35498046875,293.059814453125,99096.5,56.83588409423828,19.554701563853072,23.810482369831522,3.0,1,EF3,CST-6,04-NOV-22 17:44:00
1056652,2022-09-19T05:00:00+00:00,40.34,-88.77,2331.25,193.984375,296.2587890625,294.502685546875,98558.0,40.064788818359375,10.572562891768637,14.984749481926372,0.0,0,EF0,CST-6,18-SEP-22 23:28:00
1063556,2022-11-05T00:00:00+00:00,33.18,-94.652,561.125,1.298059344291687,294.51708984375,293.144775390625,99192.5,55.53998565673828,23.227396467359792,24.497075664141878,3.0,1,EF3,CST-6,04-NOV-22 18:03:00
1058232,2022-11-05T00:00:00+00:00,35.228,-94.099,112.5625,45.251182556152344,293.43310546875,291.428955078125,98174.5,48.63959503173828,17.988738289317734,24.860728263120674,,0,EFU,CST-6,04-NOV-22 18:22:00
1063564,2022-11-05T00:00:00+00:00,33.3163,-94.5625,561.125,1.298059344291687,294.51708984375,293.144775390625,99192.5,55.53998565673828,23.227396467359792,24.497075664141878,3.0,1,EF3,CST-6,04-NOV-22 18:17:00
1063292,2022-11-04T22:00:00+00:00,33.888,-95.464,671.375,53.40629577636719,292.8955078125,291.379150390625,98549.25,50.294395446777344,16.837667546685644,24.852842740248757,2.0,1,EF2,CST-6,04-NOV-22 15:46:00
1058226,2022-11-05T00:00:00+00:00,35.019,-94.272,238.3125,38.485557556152344,292.84716796875,291.319580078125,97050.5,48.46576690673828,17.44713676590975,23.91923245786053,1.0,0,EF1,CST-6,04-NOV-22 17:58:00
1063565,2022-11-05T01:00:00+00:00,32.9829,-94.645,809.4375,1.1960291862487793,294.556640625,293.22930908203125,99434.625,53.829559326171875,15.801342717375702,18.772492689505587,2.0,1,EF2,CST-6,04-NOV-22 18:37:00
1058362,2022-11-05T01:00:00+00:00,36.307,-93.489,50.8125,41.99290466308594,291.466796875,290.24884033203125,95250.625,42.962371826171875,16.03188641053667,22.871888894313248,1.0,0,EF1,CST-6,04-NOV-22 18:43:00
1058585,2022-09-28T20:00:00+00:00,28.083,-80.8669,1223.0,22.171886444091797,299.37890625,297.024169921875,100175.375,67.79283142089844,15.400865352132772,22.846607894578728,0.0,0,EF0,EST-5,28-SEP-22 14:32:00
1057258,2022-11-05T02:00:00+00:00,34.0178,-93.9763,408.875,1.3945121765136719,293.436767578125,292.650390625,98794.3125,53.89374542236328,18.510750817426782,20.431619949358538,2.0,1,EF2,CST-6,04-NOV-22 19:37:00
1055994,2022-09-20T00:00:00+00:00,42.575,-77.614,788.125,16.651229858398438,291.44140625,290.0405578613281,95534.25,26.54766082763672,9.586904232288324,13.909943375370293,1.0,0,EF1,EST-5,19-SEP-22 18:33:00
1057183,2022-11-05T04:00:00+00:00,32.3166,-93.9581,1532.9375,0.6875737905502319,295.841064453125,294.76953125,99976.375,51.72511672973633,10.000888983327672,20.79998992467243,0.0,0,EF0,CST-6,04-NOV-22 21:57:00
1066579,2022-11-11T21:00:00+00:00,37.95,-77.11,542.9375,11.82413387298584,296.474853515625,295.17694091796875,100077.1875,46.907142639160156,18.016853523216962,19.49302422229933,0.0,0,EF0,EST-5,11-NOV-22 15:43:00
1066580,2022-11-11T21:00:00+00:00,37.97,-77.11,542.9375,11.82413387298584,296.474853515625,295.17694091796875,100077.1875,46.907142639160156,18.016853523216962,19.49302422229933,0.0,0,EF0,EST-5,11-NOV-22 15:46:00
1066581,2022-11-11T21:00:00+00:00,36.93,-77.62,500.5,15.57413387298584,297.425048828125,295.47576904296875,99679.1875,41.328041076660156,16.41807030009805,20.324873674098967,0.0,0,EF0,EST-5,11-NOV-22 15:59:00
1055997,2022-09-25T23:00:00+00:00,42.1518,-75.1843,128.5,,288.061279296875,285.28173828125,94235.875,24.391807556152344,9.305379269364105,12.351516377166934,1.0,0,EF1,EST-5,25-SEP-22 17:38:00
1028991,2022-06-06T22:00:00+00:00,27.5,-80.5,983.875,172.71875,301.5205078125,295.97918701171875,101049.5625,45.744869232177734,3.039440552855981,9.220069417427226,0.0,0,EF0,EST-5,06-JUN-22 17:06:00
1036842,2022-06-11T23:00:00+00:00,40.02,-96.69,2765.5,261.78851318359375,298.79150390625,295.18701171875,95678.25,48.358829498291016,9.952342572105682,18.4293046488765,1.0,0,EF1,CST-6,11-JUN-22 16:40:00
1046486,2022-07-05T20:00:00+00:00,36.61,-81.01,308.375,63.79716491699219,301.960205078125,292.001708984375,93514.6875,40.739173889160156,1.7276065265690548,4.401285067021416,1.0,0,EF1,EST-5,05-JUL-22 15:05:00
1029017,2022-06-09T20:00:00+00:00,27.3075,-80.3013,1407.125,140.98684692382812,298.2841796875,295.491455078125,101470.875,51.49176788330078,4.474932639993944,3.060833851289494,0.0,0,EF0,EST-5,09-JUN-22 14:40:00
1054050,2022-10-17T23:00:00+00:00,27.57,-80.37,2293.375,16.788331985473633,298.11279296875,295.5705261230469,100884.875,47.197113037109375,5.56116682482138,10.804350696668902,0.0,0,EF0,EST-5,17-OCT-22 17:41:00
1067645,2022-12-15T21:00:00+00:00,28.4337,-82.462,2.5625,,294.08251953125,292.50567626953125,100927.0,28.907123565673828,6.112980582249367,17.192614343019777,0.0,0,EF0,EST-5,15-DEC-22 15:50:00
1057767,2022-08-01T10:00:00+00:00,40.2497,-89.6847,2070.25,147.21878051757812,295.90673828125,294.205078125,99308.3125,48.30141830444336,16.90462446873257,16.252937825976254,0.0,0,EF0,CST-6,01-AUG-22 03:46:00
1030818,2022-05-02T21:00:00+00:00,35.964,-98.151,1942.875,317.0,304.183837890625,287.535888671875,95736.875,27.31494140625,8.456217306952729,16.905239523558947,0.0,0,EF0,CST-6,02-MAY-22 15:22:00
1030822,2022-05-02T22:00:00+00:00,35.536,-98.592,3451.375,127.82813262939453,300.953857421875,290.8095703125,94322.1875,37.822845458984375,7.321880167065917,17.220758789353088,0.0,0,EF0,CST-6,02-MAY-22 15:36:00
1068186,2022-12-13T11:00:00+00:00,34.741,-97.746,680.6875,0.7767106890678406,288.0579833984375,286.98583984375,96093.0625,33.29949188232422,14.659672098156381,23.648603228558517,2.0,1,EF2,CST-6,13-DEC-22 04:51:00
1027880,2022-06-30T17:00:00+00:00,27.51,-80.38,2371.25,80.47456359863281,304.0458984375,296.120361328125,101935.625,48.194984436035156,2.6762763426021126,2.0761850808381004,0.0,0,EF0,EST-5,30-JUN-22 11:57:00
1007158,2022-03-06T01:00:00+00:00,41.9024,-92.6332,393.6875,8.7504301071167,286.548828125,284.91815185546875,96603.5625,21.137371063232422,18.297651773286244,20.856653607671376,2.0,1,EF2,CST-6,05-MAR-22 18:33:00
1030817,2022-05-02T21:00:00+00:00,35.967,-98.163,1942.875,317.0,304.183837890625,287.535888671875,95736.875,27.31494140625,8.456217306952729,16.905239523558947,0.0,0,EF0,CST-6,02-MAY-22 15:13:00
1080295,2022-04-18T00:00:00+00:00,31.9613,-89.8453,1193.0,166.3668670654297,293.898681640625,292.0092468261719,99615.9375,41.458038330078125,7.045729865804458,16.977656899582904,1.0,0,EF1,CST-6,17-APR-22 18:00:00
1007156,2022-03-06T00:00:00+00:00,41.8624,-92.7148,641.0625,22.625099182128906,287.74755859375,285.688232421875,96549.375,23.164628982543945,16.033414887433192,17.90628215046335,0.0,0,EF0,CST-6,05-MAR-22 18:26:00
1050591,2022-08-01T10:00:00+00:00,40.1441,-89.1966,1628.875,167.98440551757812,295.8623046875,294.0849609375,98890.3125,45.93520736694336,15.559787723735633,12.726006477304317,1.0,0,EF1,CST-6,01-AUG-22 04:12:00
1063849,2022-12-15T21:00:00+00:00,28.431,-82.4729,2.5625,,294.08251953125,292.50567626953125,100927.0,28.907123565673828,6.112980582249367,17.192614343019777,1.0,0,EF1,EST-5,15-DEC-22 15:48:00
1046201,2022-07-28T15:00:00+00:00,42.62,-78.33,618.5,25.56255531311035,295.879150390625,292.65625,96351.6875,38.17519760131836,6.4732818153599485,11.60165037693894,2.0,1,EF2,EST-5,28-JUL-22 09:40:00
1055038,2022-04-14T01:00:00+00:00,32.291,-89.729,977.75,52.89092254638672,294.78564453125,292.43267822265625,99485.75,47.53948211669922,19.335373983475773,25.802243684073392,1.0,0,EF1,CST-6,13-APR-22 19:00:00
1055321,2022-04-14T01:00:00+00:00,32.8454,-89.1077,664.25,24.109670639038086,294.61474609375,292.08111572265625,99334.75,42.61663055419922,16.952668012357933,25.259511348324953,1.0,0,EF1,CST-6,13-APR-22 19:21:00
1055337,2022-04-14T01:00:00+00:00,32.932,-89.053,664.25,24.109670639038086,294.61474609375,292.08111572265625,99334.75,42.61663055419922,16.952668012357933,25.259511348324953,1.0,0,EF1,CST-6,13-APR-22 19:26:00
1055370,2022-04-14T02:00:00+00:00,32.1753,-89.1721,886.0,114.74726104736328,295.589111328125,292.3617858886719,99627.375,46.26969909667969,18.06973622822726,22.51204197641297,1.0,0,EF1,CST-6,13-APR-22 19:36:00
1055046,2022-04-14T01:00:00+00:00,32.7922,-89.3297,809.375,11.734670639038086,294.71533203125,292.39068603515625,99513.75,44.32073211669922,17.695906034961986,24.832118932976318,0.0,0,EF0,CST-6,13-APR-22 19:05:00
1035610,2022-06-17T12:00:00+00:00,38.7746,-88.2455,2682.875,42.92138671875,299.967041015625,295.9967956542969,100193.8125,56.579673767089844,8.771226727278853,1.240360350199566,1.0,0,EF1,CST-6,17-JUN-22 05:36:00
1068172,2022-12-13T06:00:00+00:00,35.158,-99.91,1070.0625,0.12484632432460785,287.38824462890625,286.80242919921875,92953.25,24.608539581298828,8.509305036241221,15.818718929362406,,0,EFU,CST-6,13-DEC-22 00:13:00
1055047,2022-04-14T01:00:00+00:00,32.796,-89.318,809.375,11.734670639038086,294.71533203125,292.39068603515625,99513.75,44.32073211669922,17.695906034961986,24.832118932976318,1.0,0,EF1,CST-6,13-APR-22 19:06:00
1055380,2022-04-14T02:00:00+00:00,32.18,-88.913,769.0,168.4503936767578,296.346923828125,292.0131530761719,99747.375,45.09684753417969,17.358086522372787,22.672183239315004,2.0,1,EF2,CST-6,13-APR-22 19:50:00
1023365,2022-06-23T22:00:00+00:00,38.9,-98.66,1077.625,77.42198944091797,306.90966796875,293.2783203125,94717.875,41.646148681640625,4.182086173322352,10.785826242432568,,0,EFU,CST-6,23-JUN-22 16:25:00
1023366,2022-06-23T23:00:00+00:00,38.86,-98.58,420.5,,303.099853515625,293.5916442871094,94758.1875,42.94290542602539,7.170252400772054,10.855649187672922,,0,EFU,CST-6,23-JUN-22 16:54:00
1023367,2022-06-23T23:00:00+00:00,38.93,-98.39,436.125,67.76564025878906,303.682861328125,293.9187927246094,95115.1875,44.37454605102539,7.050119860335351,12.297926994153052,,0,EFU,CST-6,23-JUN-22 17:20:00
1039917,2022-06-24T21:00:00+00:00,47.5707,-99.8147,4207.0,137.8822479248047,297.421875,293.70947265625,94238.375,39.541969299316406,1.62510596231415,8.000725481830942,,0,EFU,CST-6,24-JUN-22 14:42:00
1043341,2022-06-19T15:00:00+00:00,39.882,-110.7445,643.125,0.34376877546310425,286.677490234375,283.287841796875,76852.5625,13.391874313354492,0.2110006671624146,12.402178791966326,2.0,1,EF2,MST-7,19-JUN-22 08:13:00
1045358,2022-07-07T03:00:00+00:00,38.02,-103.46,809.375,,296.875244140625,288.540283203125,87078.75,35.30324172973633,0.13153483980601682,9.460161433212885,0.0,0,EF0,MST-7,06-JUL-22 19:46:00
1023368,2022-06-24T00:00:00+00:00,38.88,-98.23,683.375,,303.77685546875,292.955322265625,95551.9375,45.2245979309082,9.015043958079461,16.23573772081886,,0,EFU,CST-6,23-JUN-22 17:39:00
1023370,2022-06-24T00:00:00+00:00,38.84,-97.87,1520.125,,303.48876953125,293.783447265625,96014.9375,48.0722541809082,10.014802447964763,15.719019469892201,,0,EFU,CST-6,23-JUN-22 18:26:00
1023371,2022-06-24T01:00:00+00:00,38.87,-97.91,1564.875,,303.662353515625,292.7985534667969,96008.125,45.85213088989258,10.647488615141766,15.868274527069127,,0,EFU,CST-6,23-JUN-22 18:30:00
1034543,2022-07-29T04:00:00+00:00,36.0588,-95.7617,1961.0,87.9048080444336,300.217041015625,296.7431640625,99154.0625,58.64216995239258,4.78370250075928,9.172091368103464,1.0,0,EF1,CST-6,28-JUL-22 21:37:00
1035024,2022-06-15T21:00:00+00:00,43.8935,-90.5149,2075.875,16.203134536743164,297.961669921875,295.446044921875,97019.0,47.911991119384766,10.321951913783742,20.181490298842366,2.0,1,EF2,CST-6,15-JUN-22 14:57:00
1043094,2022-06-11T19:00:00+00:00,45.61,-118.91,46.625,,292.542724609375,286.7177734375,95647.375,26.785757064819336,2.783452146415787,11.863070193537402,,0,EFU,PST-8,11-JUN-22 11:00:00
1034983,2022-07-12T20:00:00+00:00,39.1785,-78.6509,769.375,142.34375,300.34130859375,292.764404296875,96303.0,40.777217864990234,7.286918661822362,12.90210849292732,0.0,0,EF0,EST-5,12-JUL-22 14:52:00
1044442,2022-06-07T23:00:00+00:00,40.95,-102.52,733.5,64.43760681152344,299.8037109375,281.9833984375,88287.5625,28.867218017578125,0.56337713570569,16.979012846547224,,0,EFU,MST-7,07-JUN-22 16:03:00
1044444,2022-06-07T23:00:00+00:00,40.96,-102.48,733.5,64.43760681152344,299.8037109375,281.9833984375,88287.5625,28.867218017578125,0.56337713570569,16.979012846547224,,0,EFU,MST-7,07-JUN-22 16:09:00
1034994,2022-06-15T22:00:00+00:00,43.7794,-90.0921,2151.25,34.81251907348633,298.13427734375,294.574951171875,96762.25,54.636959075927734,12.606889076217149,19.7521862677881,1.0,0,EF1,CST-6,15-JUN-22 15:43:00
1044449,2022-06-08T00:00:00+00:00,40.74,-102.34,374.625,109.00006103515625,300.95849609375,279.968017578125,88206.625,24.849634170532227,0.4975992546375407,19.862988847477954,,0,EFU,MST-7,07-JUN-22 16:44:00
1044451,2022-06-08T00:00:00+00:00,40.53,-102.24,817.875,219.59381103515625,300.88134765625,280.759033203125,88658.625,29.760766983032227,0.3217680179978604,15.807059863615676,,0,EFU,MST-7,07-JUN-22 17:09:00
1035014,2022-06-15T21:00:00+00:00,43.5848,-90.5438,2155.625,19.578134536743164,298.210693359375,295.133544921875,96660.0,48.324100494384766,11.80473264873847,20.5055856195293,1.0,0,EF1,CST-6,15-JUN-22 15:07:00
1035332,2022-06-12T20:00:00+00:00,39.9,-104.69,59.625,,306.966796875,278.19677734375,83632.5,18.733707427978516,0.04447526426160293,2.98033539581294,,0,EFU,MST-7,12-JUN-22 13:08:00
1038952,2022-06-25T02:00:00+00:00,40.1009,-101.5758,860.875,,298.745849609375,290.6798400878906,89620.25,32.30157470703125,0.39667252329436165,4.204183684223464,,0,EFU,MST-7,24-JUN-22 18:40:00
1068187,2022-12-13T11:00:00+00:00,34.91,-97.318,561.0,3.9017107486724854,287.4046630859375,286.32470703125,96136.0625,33.87957000732422,16.53347280870181,28.566308470006085,2.0,1,EF2,CST-6,13-DEC-22 05:27:00
1068188,2022-12-13T12:00:00+00:00,34.961,-97.282,143.875,2.147918224334717,287.3803405761719,286.5101013183594,96342.875,26.885581970214844,11.097115938679188,18.22594500861471,1.0,0,EF1,CST-6,13-DEC-22 05:32:00
1068190,2022-12-13T12:00:00+00:00,34.938,-97.116,437.625,0.9760432839393616,287.2953796386719,286.5354919433594,96432.875,30.972496032714844,13.875728810210928,20.83137304619076,0.0,0,EF0,CST-6,13-DEC-22 05:46:00
1068193,2022-12-13T12:00:00+00:00,34.511,-97.34,465.3125,2.022918224334717,288.3031921386719,287.5393981933594,96604.875,29.491050720214844,12.36899717083674,20.056560041650048,1.0,0,EF1,CST-6,13-DEC-22 05:55:00
1041895,2022-06-16T23:00:00+00:00,38.02,-77.93,1390.875,255.9375,304.250732421875,295.12158203125,100356.6875,45.95426940917969,7.299446811719195,15.559032185655019,0.0,0,EF0,EST-5,16-JUN-22 17:36:00
1042304,2022-06-16T23:00:00+00:00,37.91,-78.13,1353.125,337.15625,304.142333984375,294.99951171875,100003.6875,46.78044128417969,8.065185099942601,15.034779334679365,1.0,0,EF1,EST-5,16-JUN-22 18:05:00
1042314,2022-06-16T23:00:00+00:00,37.866,-78.089,1353.125,337.15625,304.142333984375,294.99951171875,100003.6875,46.78044128417969,8.065185099942601,15.034779334679365,1.0,0,EF1,EST-5,16-JUN-22 18:11:00
1055157,2022-08-22T00:00:00+00:00,36.67,-113.64,1683.0,259.1096496582031,304.24072265625,287.93603515625,86402.6875,34.299110412597656,0.030088726970163716,2.746576101498693,,0,EFU,MST-7,21-AUG-22 16:38:00
1042333,2022-06-17T00:00:00+00:00,37.68,-77.946,993.875,209.07815551757812,302.34521484375,294.296142578125,100416.875,47.19485855102539,9.095707651261034,14.77247908618907,0.0,0,EF0,EST-5,16-JUN-22 19:08:00
1042325,2022-06-17T00:00:00+00:00,37.89,-78.18,1153.25,404.6250305175781,302.26806640625,294.547119140625,99952.875,45.50931167602539,9.170353812205498,15.09486615943977,0.0,0,EF0,EST-5,16-JUN-22 18:36:00
1038132,2022-06-05T02:00:00+00:00,39.8011,-100.505,1144.5,26.31512451171875,297.5400390625,289.9559631347656,91355.9375,28.61194610595703,4.66404549654756,13.79964506559677,,0,EFU,CST-6,04-JUN-22 20:01:00
1069717,2022-12-15T10:00:00+00:00,31.3039,-83.9463,22.5625,12.3046236038208,292.5451965332031,291.6604309082031,99694.875,38.40361785888672,15.475781395426125,23.33467203665052,2.0,1,EF2,EST-5,15-DEC-22 05:27:00
1041469,2022-06-14T02:00:00+00:00,44.1219,-101.556,2958.875,977.0938110351562,300.78369140625,294.832763671875,91347.3125,25.69330406188965,4.919227806416103,9.106395991947123,0.0,0,EF0,MST-7,13-JUN-22 18:50:00
1042330,2022-06-17T00:00:00+00:00,37.823,-78.117,879.25,289.3125305175781,302.89599609375,293.716064453125,100297.875,48.18118667602539,9.883063122569512,14.94740528138517,0.0,0,EF0,EST-5,16-JUN-22 18:43:00
1032103,2022-07-18T23:00:00+00:00,44.1319,-73.2723,507.75,2.1203949451446533,295.546630859375,294.7841796875,97669.0625,51.201717376708984,15.432041519542144,13.318653297941147,0.0,0,EF0,EST-5,18-JUL-22 17:55:00
1034834,2022-07-05T22:00:00+00:00,38.896,-76.599,3278.75,11.359416007995605,300.1787109375,297.863037109375,100702.25,56.02322006225586,10.223584444713193,15.772549032785752,,0,EFU,EST-5,05-JUL-22 16:55:00
1055339,2022-04-14T02:00:00+00:00,33.041,-88.812,644.5,41.68476104736328,294.517822265625,291.8129577636719,99548.375,42.21305847167969,17.06542409063682,22.147903718578867,0.0,0,EF0,CST-6,13-APR-22 19:40:00
1055388,2022-04-14T02:00:00+00:00,32.227,-88.7,747.125,210.3566436767578,296.791259765625,291.7279968261719,99903.375,44.32243347167969,16.2397234057736,22.627643475061898,2.0,1,EF2,CST-6,13-APR-22 20:02:00
1055036,2022-04-14T01:00:00+00:00,32.2878,-89.792,1126.5,36.53154754638672,294.26123046875,292.07427978515625,99560.75,48.16252899169922,19.12266493384644,25.21909419460767,1.0,0,EF1,CST-6,13-APR-22 18:57:00
1019789,2022-06-08T22:00:00+00:00,40.3409,-85.646,415.125,18.519527435302734,293.69287109375,290.865234375,97593.25,31.196334838867188,11.5210132376454,27.59086492073532,0.0,0,EF0,EST-5,08-JUN-22 17:13:00
1029583,2022-06-16T00:00:00+00:00,45.2945,-88.013,636.5,69.33202362060547,297.218017578125,293.20538330078125,97917.8125,58.40391540527344,11.948502200527932,25.926449377536056,1.0,0,EF1,CST-6,15-JUN-22 17:34:00
1029586,2022-06-16T00:00:00+00:00,45.5032,-88.1329,572.0,123.44139862060547,295.451416015625,292.58526611328125,96876.8125,57.24961853027344,10.345177998380109,21.005520593647976,1.0,0,EF1,CST-6,15-JUN-22 17:45:00
1040561,2022-06-25T22:00:00+00:00,34.72,-112.26,30.625,,303.447265625,278.879638671875,85383.3125,21.20709991455078,0.1769623668388659,4.47055559389533,0.0,0,EF0,MST-7,25-JUN-22 14:43:00
1040918,2022-06-08T01:00:00+00:00,38.2,-103.33,609.5,546.859375,298.497314453125,288.1064453125,86524.4375,23.283912658691406,0.3828252612550716,9.903369837723371,,0,EFU,MST-7,07-JUN-22 17:36:00
1040920,2022-06-08T01:00:00+00:00,37.97,-102.62,364.625,272.140625,301.065673828125,289.6220703125,87628.4375,23.269264221191406,0.1478163150347826,9.151375194980861,,0,EFU,MST-7,07-JUN-22 17:56:00
1041085,2022-06-16T02:00:00+00:00,38.1289,-96.1381,2866.625,80.859375,297.73681640625,295.846923828125,96974.875,46.48249053955078,9.388600580150696,19.64465584675496,0.0,0,EF0,CST-6,15-JUN-22 20:20:00
1038137,2022-06-04T23:00:00+00:00,38.9642,-102.4477,1517.6875,347.1719055175781,302.197021484375,283.02490234375,86299.75,20.675342559814453,0.15814855906407715,6.177343236529099,,0,EFU,MST-7,04-JUN-22 16:08:00
1040925,2022-06-08T02:00:00+00:00,37.61,-102.13,1285.5,397.50103759765625,299.242431640625,289.12109375,88235.125,27.62836265563965,0.12842639398959943,7.968813177942108,,0,EFU,MST-7,07-JUN-22 19:18:00
1040928,2022-06-08T03:00:00+00:00,37.61,-102.26,1104.375,246.51107788085938,295.9287109375,289.031005859375,88176.8125,24.04930877685547,0.9022456752469845,9.774700746937055,,0,EFU,MST-7,07-JUN-22 20:27:00
1024451,2022-06-13T23:00:00+00:00,39.0942,-83.2835,3286.25,230.28126525878906,300.889404296875,296.429443359375,97918.625,48.13816833496094,7.607975196977587,9.308294028314021,1.0,0,EF1,EST-5,13-JUN-22 18:08:00
1068185,2022-12-13T10:00:00+00:00,34.523,-97.973,258.4375,19.39070701599121,289.2840576171875,288.28076171875,96181.625,31.2228946685791,14.751223936222223,23.925840724522207,1.0,0,EF1,CST-6,13-DEC-22 04:24:00
1022228,2022-06-07T20:00:00+00:00,42.6999,-104.2002,1091.875,15.500012397766113,289.94189453125,284.454345703125,85406.75,20.30177879333496,0.20741318257082428,9.144620825421367,1.0,0,EF1,MST-7,07-JUN-22 13:21:00
1019385,2022-06-08T03:00:00+00:00,39.9613,-97.4249,1297.75,180.85482788085938,292.98046875,290.126708984375,95753.8125,40.93016815185547,4.533282459055232,19.984019042624215,1.0,0,EF1,CST-6,07-JUN-22 21:15:00
1020811,2022-06-08T23:00:00+00:00,39.3666,-82.6353,914.25,39.605552673339844,298.3779296875,293.0673828125,97469.125,48.5958251953125,9.35035067775825,19.784808503398303,1.0,0,EF1,EST-5,08-JUN-22 18:25:00
1040550,2022-06-23T21:00:00+00:00,35.16,-111.27,53.5,31.000131607055664,304.5361328125,276.53662109375,83070.4375,18.404062271118164,0.06365818352148046,2.018552074426365,0.0,0,EF0,MST-7,23-JUN-22 14:00:00
1020813,2022-06-09T00:00:00+00:00,39.3263,-82.3178,933.625,2.750072956085205,296.856201171875,293.92529296875,97675.4375,48.64326095581055,11.67493357163445,19.08720766734172,0.0,0,EF0,EST-5,08-JUN-22 18:52:00
1029179,2022-06-16T22:00:00+00:00,34.24,-80.02,1583.125,638.4375610351562,302.718017578125,294.4287109375,101311.625,55.44427490234375,1.557555241492123,4.978020639317789,0.0,0,EF0,EST-5,16-JUN-22 17:27:00
1038113,2022-06-04T01:00:00+00:00,39.9704,-102.5017,902.5,349.160888671875,296.506103515625,284.50634765625,87618.5,24.82840347290039,0.3750648833037952,6.99901869595714,,0,EFU,MST-7,03-JUN-22 17:58:00
1038114,2022-06-04T02:00:00+00:00,39.6219,-102.2559,927.6875,187.99050903320312,295.724609375,286.8038330078125,87940.75,24.905698776245117,0.5235376229374469,9.705916746395385,,0,EFU,MST-7,03-JUN-22 18:40:00
1022955,2022-06-08T22:00:00+00:00,39.9384,-84.4772,491.875,7.910151481628418,295.39013671875,292.5791015625,97104.25,41.14653015136719,8.455628448108019,18.6665584735179,1.0,0,EF1,EST-5,08-JUN-22 16:42:00
1023260,2022-06-08T22:00:00+00:00,39.9734,-83.9863,218.125,18.066402435302734,296.36083984375,291.8837890625,96957.25,43.50297546386719,5.606819253986286,19.297796814329338,1.0,0,EF1,EST-5,08-JUN-22 17:23:00
1026931,2022-06-11T07:00:00+00:00,26.89,-82.29,1492.875,70.72406768798828,299.686767578125,296.218994140625,101397.4375,51.72926712036133,4.404830292850916,5.057472468626004,0.0,0,EF0,EST-5,11-JUN-22 01:38:00
1020812,2022-06-09T00:00:00+00:00,39.3316,-82.3533,933.625,2.750072956085205,296.856201171875,293.92529296875,97675.4375,48.64326095581055,11.67493357163445,19.08720766734172,1.0,0,EF1,EST-5,08-JUN-22 18:45:00
1019788,2022-06-08T20:00:00+00:00,39.6405,-85.6188,651.375,18.649614334106445,298.192626953125,291.075439453125,97502.8125,39.55240249633789,8.189633451353297,21.047655115270132,1.0,0,EF1,EST-5,08-JUN-22 15:08:00
1042248,2022-06-21T23:00:00+00:00,37.5099,-99.9904,44.875,,304.8505859375,287.5378112792969,93279.9375,39.914024353027344,1.079061879276848,11.063767641868028,0.0,0,EF0,CST-6,21-JUN-22 17:19:00
1029188,2022-06-18T00:00:00+00:00,34.71,-78.84,440.25,6.953161716461182,303.5234375,293.58251953125,100587.6875,43.621524810791016,7.329260654929651,6.95254897174928,0.0,0,EF0,EST-5,17-JUN-22 19:06:00
1023317,2022-06-08T23:00:00+00:00,40.17,-83.7498,418.25,15.449301719665527,294.8564453125,292.28125,96763.125,42.0714111328125,6.566571415025178,20.92130127100995,0.0,0,EF0,EST-5,08-JUN-22 17:42:00
1038112,2022-06-04T01:00:00+00:00,39.9916,-102.3526,902.5,349.160888671875,296.506103515625,284.50634765625,87618.5,24.82840347290039,0.3750648833037952,6.99901869595714,,0,EFU,MST-7,03-JUN-22 18:11:00
1029558,2022-06-15T23:00:00+00:00,44.1799,-89.0045,979.0,35.531253814697266,301.358642578125,293.8838806152344,97572.3125,57.289093017578125,14.261460635901882,19.998406096973696,1.0,0,EF1,CST-6,15-JUN-22 16:41:00
1029560,2022-06-15T23:00:00+00:00,44.8141,-89.1262,867.75,38.562503814697266,296.414306640625,293.6934509277344,96659.3125,58.332061767578125,10.570502972818923,22.552117003291652,1.0,0,EF1,CST-6,15-JUN-22 16:34:00
1029561,2022-06-15T23:00:00+00:00,44.9245,-88.9435,848.0,21.9843807220459,296.605712890625,293.7774353027344,96464.3125,56.304718017578125,9.969177480142195,20.70216607311561,1.0,0,EF1,CST-6,15-JUN-22 16:46:00
1029562,2022-06-15T23:00:00+00:00,44.4673,-88.94,1068.25,11.500005722045898,299.911376953125,294.1338806152344,97396.3125,58.814483642578125,12.916080582368274,21.845420961432716,1.0,0,EF1,CST-6,15-JUN-22 16:52:00
1029569,2022-06-15T23:00:00+00:00,44.5712,-88.5323,1092.875,37.125003814697266,302.318603515625,293.9004821777344,97623.3125,56.847686767578125,14.187835337829364,19.658941376486514,1.0,0,EF1,CST-6,15-JUN-22 17:09:00
1029570,2022-06-15T23:00:00+00:00,44.59,-88.512,1056.625,60.484378814697266,303.065673828125,293.6797790527344,97719.3125,55.365264892578125,13.316311443016689,19.799031371506896,1.0,0,EF1,CST-6,15-JUN-22 17:11:00
1029579,2022-06-15T23:00:00+00:00,44.4449,-88.4702,987.625,127.03125762939453,304.635009765625,293.2295837402344,97747.3125,53.878936767578125,13.700251074111286,17.571936326985853,0.0,0,EF0,CST-6,15-JUN-22 17:10:00
1029580,2022-06-16T00:00:00+00:00,45.391,-88.2852,682.75,144.98828125,294.144775390625,292.24346923828125,96137.8125,56.47813415527344,9.01173058551104,19.33266575158238,2.0,1,EF2,CST-6,15-JUN-22 17:31:00
1029588,2022-06-16T00:00:00+00:00,45.6787,-87.7955,557.0,116.11327362060547,295.622314453125,293.83038330078125,97021.8125,53.65782165527344,11.321722980979391,21.09696057279464,1.0,0,EF1,CST-6,15-JUN-22 18:00:00
1020452,2022-06-11T23:00:00+00:00,39.9212,-96.597,2765.5,261.78851318359375,298.79150390625,295.18701171875,95678.25,48.358829498291016,9.952342572105682,18.4293046488765,1.0,0,EF1,CST-6,11-JUN-22 16:53:00
1025274,2022-06-13T23:00:00+00:00,42.0016,-88.0813,4691.5,47.6093864440918,301.765380859375,297.653076171875,98002.625,55.86570739746094,10.14876834113242,25.7798550939174,0.0,0,EF0,CST-6,13-JUN-22 17:27:00
1023357,2022-06-08T23:00:00+00:00,39.0044,-83.8102,1588.25,18.371177673339844,297.17578125,294.115234375,97458.125,45.7784423828125,11.711535208618509,19.0802582967712,0.0,0,EF0,EST-5,08-JUN-22 18:07:00
1023422,2022-06-08T23:00:00+00:00,39.3748,-82.7371,914.25,39.605552673339844,298.3779296875,293.0673828125,97469.125,48.5958251953125,9.35035067775825,19.784808503398303,2.0,1,EF2,EST-5,08-JUN-22 18:16:00
1040362,2022-06-04T00:00:00+00:00,38.11,-102.96,1690.375,338.125,299.419677734375,283.03302001953125,87036.4375,21.509748458862305,0.30061200934865967,10.325355338901474,,0,EFU,MST-7,03-JUN-22 16:43:00
1040363,2022-06-03T23:00:00+00:00,38.01,-103.4,1204.5,222.18751525878906,300.80419921875,280.89642333984375,86626.4375,23.707881927490234,0.3430698619769319,8.397461984716175,,0,EFU,MST-7,03-JUN-22 16:00:00
1020406,2022-06-09T09:00:00+00:00,39.7877,-75.0265,1071.75,81.8212661743164,295.019287109375,294.02880859375,100001.375,50.985008239746094,12.912777628595068,16.126733171017023,1.0,0,EF1,EST-5,09-JUN-22 03:59:00
1025269,2022-06-13T23:00:00+00:00,42.0459,-88.1784,4691.5,47.6093864440918,301.765380859375,297.653076171875,98002.625,55.86570739746094,10.14876834113242,25.7798550939174,0.0,0,EF0,CST-6,13-JUN-22 17:13:00
1025276,2022-06-13T23:00:00+00:00,41.9909,-88.0744,4691.5,47.6093864440918,301.765380859375,297.653076171875,98002.625,55.86570739746094,10.14876834113242,25.7798550939174,0.0,0,EF0,CST-6,13-JUN-22 17:29:00
1022958,2022-06-08T22:00:00+00:00,39.9692,-84.362,491.875,7.910151481628418,295.39013671875,292.5791015625,97104.25,41.14653015136719,8.455628448108019,18.6665584735179,2.0,1,EF2,EST-5,08-JUN-22 16:53:00
1038429,2022-06-10T05:00:00+00:00,39.1788,-99.7945,2315.375,407.08599853515625,291.14453125,289.088623046875,92902.375,37.505943298339844,7.059506262993492,19.73278454669505,,0,EFU,CST-6,09-JUN-22 23:11:00
1035036,2022-06-15T21:00:00+00:00,44.061,-90.312,2075.875,16.203134536743164,297.961669921875,295.446044921875,97019.0,47.911991119384766,10.321951913783742,20.181490298842366,2.0,1,EF2,CST-6,15-JUN-22 15:22:00
1040364,2022-06-03T23:00:00+00:00,38.15,-103.16,1187.75,303.578125,299.29638671875,283.38568115234375,86744.4375,20.610225677490234,0.26604594071351606,12.417657549439474,0.0,0,EF0,MST-7,03-JUN-22 16:23:00
1019306,2022-06-08T00:00:00+00:00,35.83,-104.47,1049.25,131.90631103515625,303.92236328125,281.661376953125,82965.625,25.562524795532227,0.18212086731559152,5.898579029559817,0.0,0,EF0,MST-7,07-JUN-22 16:30:00
1024491,2022-04-30T01:00:00+00:00,38.364,-97.2239,1946.125,357.9688415527344,297.023681640625,287.5548095703125,94553.8125,31.168018341064453,15.835744787264382,21.751028412866066,0.0,0,EF0,CST-6,29-APR-22 19:10:00
1030833,2022-05-05T00:00:00+00:00,35.16,-96.79,3786.5,52.30966567993164,293.704833984375,292.24432373046875,97348.5625,45.986305236816406,11.676610261205875,16.08335021892704,,0,EFU,CST-6,04-MAY-22 17:37:00
1069107,2022-11-30T02:00:00+00:00,32.3972,-91.0795,1509.5625,0.17206870019435883,294.3890380859375,293.00634765625,100484.0625,41.27173614501953,20.490607215958047,23.70841578086578,,0,EFU,CST-6,29-NOV-22 19:32:00
1031701,2022-05-11T23:00:00+00:00,43.9483,-95.4623,881.75,42.62504959106445,297.061767578125,291.6448669433594,96049.875,45.90388488769531,4.0906247236060445,21.309621858594436,0.0,0,EF0,CST-6,11-MAY-22 16:36:00
1030836,2022-05-05T01:00:00+00:00,35.204,-96.943,3951.5,125.30528259277344,292.6552734375,291.7896728515625,97369.0,48.8428955078125,12.798746994328456,16.273939201569654,1.0,0,EF1,CST-6,04-MAY-22 19:07:00
1055638,2022-09-14T01:00:00+00:00,36.84,-109.85,169.125,521.3663940429688,291.901611328125,285.37744140625,83836.125,25.688396453857422,0.022398230793363144,7.866517923711428,0.0,0,EF0,MST-7,13-SEP-22 17:45:00
1015500,2022-03-31T06:00:00+00:00,30.52,-87.1429,447.3125,35.84376525878906,293.65380859375,291.16552734375,100396.5625,39.22850799560547,17.617236204820777,19.137017585495393,1.0,0,EF1,CST-6,30-MAR-22 23:37:00
1021174,2022-05-28T01:00:00+00:00,40.7,-101.65,366.875,,303.599609375,276.85443115234375,89318.375,24.65093994140625,0.9089546486366182,13.419960306218957,,0,EFU,MST-7,27-MAY-22 17:56:00
1034729,2022-06-06T20:00:00+00:00,42.92,-101.92,1280.5625,40.734519958496094,294.56201171875,288.63525390625,89091.1875,21.723365783691406,0.20273374190431845,12.278027444226902,,0,EFU,CST-6,06-JUN-22 13:47:00
1021155,2022-05-17T02:00:00+00:00,40.9,-101.79,148.125,87.24539947509766,299.751708984375,275.34442138671875,88905.75,22.30401039123535,0.16364699800647414,13.390526878284236,,0,EFU,MST-7,16-MAY-22 18:41:00
1021156,2022-05-17T02:00:00+00:00,41.06,-102.07,230.375,,299.372802734375,277.01824951171875,88411.75,20.58623695373535,0.1750680177996303,13.005639337485412,,0,EFU,MST-7,16-MAY-22 18:52:00
1034712,2022-06-05T22:00:00+00:00,42.68,-102.69,140.25,434.4219055175781,293.51025390625,286.111328125,87764.3125,22.19418716430664,0.13939791162033868,10.31799875201142,,0,EFU,MST-7,05-JUN-22 15:03:00
1024166,2022-04-30T01:00:00+00:00,38.6011,-97.1507,1648.0625,350.3594665527344,296.760009765625,287.4307861328125,94782.8125,31.934619903564453,15.796509702123856,21.968131106220486,1.0,0,EF1,CST-6,29-APR-22 18:57:00
1032508,2022-05-30T07:00:00+00:00,43.4479,-96.2736,2595.375,89.68668365478516,294.810791015625,292.08990478515625,94489.8125,41.37815856933594,14.865533789940631,22.744178320958518,1.0,0,EF1,CST-6,30-MAY-22 01:17:00
1033334,2022-05-05T00:00:00+00:00,35.302,-96.499,3072.0,30.35654067993164,295.338623046875,292.46990966796875,97808.5625,46.479469299316406,13.631005663683585,16.48749948379054,1.0,0,EF1,CST-6,04-MAY-22 18:21:00
1034263,2022-03-30T20:00:00+00:00,33.902,-90.8206,512.34375,50.812679290771484,295.2490234375,290.8576354980469,98849.375,44.53398132324219,25.50868125180792,32.69353870521644,1.0,0,EF1,CST-6,30-MAR-22 14:19:00
1034264,2022-03-30T21:00:00+00:00,33.7434,-90.7231,469.8125,13.757150650024414,295.30859375,291.48675537109375,98989.4375,46.73162078857422,24.172234451434097,33.22480518483205,1.0,0,EF1,CST-6,30-MAR-22 14:31:00
1035605,2022-03-31T01:00:00+00:00,33.1008,-88.4691,18.0,,294.992431640625,290.8454895019531,99298.4375,42.059226989746094,19.745490093420745,30.219750549663,2.0,1,EF2,CST-6,30-MAR-22 19:08:00
1012351,2022-03-22T19:00:00+00:00,32.5338,-89.5993,564.9375,0.6633135676383972,292.016845703125,290.421142578125,99183.1875,44.99634552001953,20.462798435437065,26.541702269605317,0.0,0,EF0,CST-6,22-MAR-22 12:45:00
1010842,2022-03-22T17:00:00+00:00,32.366,-90.6169,705.03125,50.65633010864258,294.244384765625,292.0579528808594,99911.125,42.38827133178711,19.817371260723927,30.40815768559912,2.0,1,EF2,CST-6,22-MAR-22 11:11:00
1010839,2022-03-22T17:00:00+00:00,32.313,-90.704,875.5,47.96883010864258,294.181884765625,291.9827575683594,99813.125,42.71444320678711,19.524960916498163,29.187552258126004,1.0,0,EF1,CST-6,22-MAR-22 11:05:00
1012158,2022-03-22T17:00:00+00:00,32.3848,-90.4129,733.125,41.95320510864258,294.380126953125,291.8743591308594,99728.125,41.87264633178711,19.757564122051065,29.384901443494236,1.0,0,EF1,CST-6,22-MAR-22 11:24:00
1034339,2022-04-13T21:00:00+00:00,32.464,-90.964,3223.6875,3.0995895862579346,299.9365234375,294.22637939453125,100204.625,45.01288986206055,14.496487172838501,20.676977397162066,1.0,0,EF1,CST-6,13-APR-22 15:18:00
1044616,2022-07-06T19:00:00+00:00,47.0981,-110.2759,1695.375,202.6719512939453,296.94140625,289.3623046875,87105.125,25.874950408935547,0.12022783568876767,7.528534848900809,0.0,0,EF0,MST-7,06-JUL-22 12:18:00
1012498,2022-03-22T23:00:00+00:00,31.9095,-88.6071,27.0625,0.7969062328338623,291.781494140625,291.5041198730469,99512.9375,41.98885726928711,17.858584861236523,28.77955599179361,1.0,0,EF1,CST-6,22-MAR-22 16:34:00
1046349,2022-08-02T00:00:00+00:00,39.9206,-80.3382,1679.875,38.96603775024414,297.033203125,293.892822265625,97005.875,37.201385498046875,10.150667609334077,14.484617118699484,0.0,0,EF0,EST-5,01-AUG-22 18:35:00
1052856,2022-08-26T18:00:00+00:00,48.3058,-108.9603,358.5,148.07839965820312,299.05029296875,285.253173828125,89764.75,25.526897430419922,0.3034419554487183,5.738189845041818,0.0,0,EF0,MST-7,26-AUG-22 11:18:00
1012416,2022-03-22T20:00:00+00:00,33.57,-88.6414,202.625,54.93751525878906,293.731201171875,289.14501953125,99729.5,42.52446746826172,20.891060683298743,24.450760599384687,1.0,0,EF1,CST-6,22-MAR-22 14:04:00
1010848,2022-03-22T17:00:00+00:00,32.528,-90.45,733.125,41.95320510864258,294.380126953125,291.8743591308594,99728.125,41.87264633178711,19.757564122051065,29.384901443494236,1.0,0,EF1,CST-6,22-MAR-22 11:22:00
1012161,2022-03-22T17:00:00+00:00,32.5676,-90.3164,733.125,41.95320510864258,294.380126953125,291.8743591308594,99728.125,41.87264633178711,19.757564122051065,29.384901443494236,1.0,0,EF1,CST-6,22-MAR-22 11:29:00
1030837,2022-05-05T01:00:00+00:00,35.257,-96.796,3951.5,125.30528259277344,292.6552734375,291.7896728515625,97369.0,48.8428955078125,12.798746994328456,16.273939201569654,2.0,1,EF2,CST-6,04-MAY-22 19:28:00
1030838,2022-05-05T03:00:00+00:00,34.9035,-98.993,2016.125,56.44472122192383,290.672607421875,289.917724609375,95488.625,35.36161804199219,11.573518228654658,15.67749052796097,,0,EFU,CST-6,04-MAY-22 20:52:00
1033337,2022-05-05T02:00:00+00:00,35.326,-96.509,2662.9375,140.07839965820312,292.882568359375,291.9400329589844,97965.4375,49.685821533203125,13.08945116187837,15.15457190878089,1.0,0,EF1,CST-6,04-MAY-22 19:58:00
1010822,2022-03-22T17:00:00+00:00,32.28,-90.8,724.40625,53.68758010864258,294.040283203125,292.0892028808594,100036.125,43.05819320678711,18.46462235821815,29.715089661879816,1.0,0,EF1,CST-6,22-MAR-22 10:58:00
1012169,2022-03-22T18:00:00+00:00,32.8692,-90.2486,579.28125,73.12535858154297,292.73095703125,290.534912109375,99740.0625,43.65831756591797,20.1008819595212,29.14250260055354,1.0,0,EF1,CST-6,22-MAR-22 11:35:00
1012175,2022-03-22T18:00:00+00:00,32.4212,-90.2125,964.1875,65.73473358154297,293.21337890625,291.083740234375,99494.0625,43.80480194091797,19.500362258115764,27.23311060626431,1.0,0,EF1,CST-6,22-MAR-22 11:42:00
1051591,2022-03-30T20:00:00+00:00,32.3938,-91.1901,469.59375,249.76580810546875,295.984375,292.0949401855469,99219.375,44.31816101074219,28.0193020072271,29.881554570690824,2.0,1,EF2,CST-6,30-MAR-22 13:51:00
1010846,2022-03-22T17:00:00+00:00,32.517,-90.45,733.125,41.95320510864258,294.380126953125,291.8743591308594,99728.125,41.87264633178711,19.757564122051065,29.384901443494236,1.0,0,EF1,CST-6,22-MAR-22 11:21:00
1010845,2022-03-22T17:00:00+00:00,32.4839,-90.5914,705.03125,50.65633010864258,294.244384765625,292.0579528808594,99911.125,42.38827133178711,19.817371260723927,30.40815768559912,2.0,1,EF2,CST-6,22-MAR-22 11:13:00
1030879,2022-05-05T02:00:00+00:00,35.261,-96.793,2807.375,225.39089965820312,292.003662109375,291.0621032714844,97451.4375,49.253204345703125,13.833744619795045,17.67009147259473,1.0,0,EF1,CST-6,04-MAY-22 19:35:00
1030867,2022-05-05T19:00:00+00:00,34.012,-96.417,2210.75,213.40731811523438,293.567138671875,292.403076171875,98514.4375,34.041587829589844,5.971452647896912,13.446022139949008,0.0,0,EF0,CST-6,05-MAY-22 12:53:00
1010513,2022-03-22T16:00:00+00:00,32.398,-91.05,94.5625,60.93755340576172,294.3818359375,291.71044921875,100259.5,38.96326446533203,16.803500666317987,32.786880355000044,1.0,0,EF1,CST-6,22-MAR-22 10:23:00
1035752,2022-03-30T23:00:00+00:00,32.8799,-89.5716,286.46875,,293.20068359375,290.6029052734375,98574.3125,40.507991790771484,21.242536589361457,31.215369126956837,2.0,1,EF2,CST-6,30-MAR-22 16:32:00
1035755,2022-03-31T01:00:00+00:00,31.145,-89.4044,414.875,75.84381866455078,294.860595703125,291.9450988769531,99096.4375,49.068016052246094,23.481785965531174,26.37364287997168,0.0,0,EF0,CST-6,30-MAR-22 18:44:00
1030831,2022-05-04T23:00:00+00:00,35.128,-96.855,3502.625,24.144622802734375,294.391357421875,292.721923828125,97220.75,44.064056396484375,12.156238512921169,13.575424247681545,0.0,0,EF0,CST-6,04-MAY-22 17:23:00
1030835,2022-05-05T00:00:00+00:00,35.284,-96.612,3630.625,33.01279067993164,294.486083984375,292.45721435546875,97593.5625,47.075172424316406,12.361913265319753,15.853764010406081,0.0,0,EF0,CST-6,04-MAY-22 18:01:00
1031036,2022-06-01T04:00:00+00:00,34.296,-98.918,1036.5,131.7344207763672,301.07568359375,292.03173828125,97082.875,50.80021286010742,5.041529582607284,17.1082600288246,1.0,0,EF1,CST-6,31-MAY-22 22:17:00
1030839,2022-05-05T03:00:00+00:00,34.2488,-98.8319,1159.0,390.9291076660156,297.131591796875,291.262451171875,96659.625,33.37528991699219,13.32470485293973,13.04522311456394,,0,EFU,CST-6,04-MAY-22 21:22:00
1010847,2022-03-22T17:00:00+00:00,32.5176,-90.4939,733.125,41.95320510864258,294.380126953125,291.8743591308594,99728.125,41.87264633178711,19.757564122051065,29.384901443494236,1.0,0,EF1,CST-6,22-MAR-22 11:20:00
1012262,2022-03-22T18:00:00+00:00,32.9109,-90.0413,579.28125,73.12535858154297,292.73095703125,290.534912109375,99740.0625,43.65831756591797,20.1008819595212,29.14250260055354,1.0,0,EF1,CST-6,22-MAR-22 11:52:00
1012242,2022-03-22T18:00:00+00:00,33.119,-90.1513,384.21875,99.25035858154297,292.44384765625,289.976318359375,99771.0625,43.56847381591797,19.594570176037763,30.146113551411116,1.0,0,EF1,CST-6,22-MAR-22 11:49:00
1012248,2022-03-22T18:00:00+00:00,31.958,-90.4496,1057.09375,40.45348358154297,293.44970703125,291.874755859375,99403.0625,45.52843475341797,19.01004822110066,27.06327471400988,0.0,0,EF0,CST-6,22-MAR-22 11:49:00
1033695,2022-05-05T02:00:00+00:00,33.962,-99.476,647.375,671.781494140625,301.000732421875,291.4244079589844,96048.4375,29.278596878051758,12.148270572151008,12.259784087095174,3.0,1,EF3,CST-6,04-MAY-22 19:45:00
1030884,2022-05-05T02:00:00+00:00,35.255,-96.777,2897.5,219.21902465820312,292.502685546875,291.6587829589844,97727.4375,49.919219970703125,12.964244581965001,16.595297959592788,0.0,0,EF0,CST-6,04-MAY-22 19:38:00
1012263,2022-03-22T18:00:00+00:00,32.98,-89.887,536.03125,98.34410858154297,293.18798828125,289.800537109375,99479.0625,43.18663787841797,18.39124578809832,26.643016738758494,1.0,0,EF1,CST-6,22-MAR-22 12:04:00
1010819,2022-03-22T17:00:00+00:00,32.4756,-90.813,564.0625,49.68758010864258,294.033447265625,292.0403747558594,100083.125,42.67733383178711,19.355173577449573,31.166834086909482,0.0,0,EF0,CST-6,22-MAR-22 10:43:00
1010840,2022-03-22T17:00:00+00:00,32.6211,-90.5901,433.6875,57.62508010864258,294.411376953125,291.6341247558594,100090.125,41.87655258178711,18.106312681546573,31.640903915916894,,0,EFU,CST-6,22-MAR-22 11:04:00
1012241,2022-03-22T18:00:00+00:00,32.7092,-90.1494,825.84375,64.25035858154297,293.06103515625,290.891357421875,99647.0625,43.75890350341797,19.29587011312076,27.69781546839875,1.0,0,EF1,CST-6,22-MAR-22 11:44:00
1034338,2022-04-13T21:00:00+00:00,32.4644,-90.9808,3223.6875,3.0995895862579346,299.9365234375,294.22637939453125,100204.625,45.01288986206055,14.496487172838501,20.676977397162066,1.0,0,EF1,CST-6,13-APR-22 15:17:00
1035602,2022-03-30T22:00:00+00:00,32.543,-89.9943,504.96875,,294.736572265625,290.4150390625,98620.5,37.39992141723633,21.483371474653893,26.738795353844303,1.0,0,EF1,CST-6,30-MAR-22 15:56:00
1035764,2022-03-31T01:00:00+00:00,32.2233,-88.7066,25.21875,,295.388916015625,291.0378723144531,98730.4375,43.423484802246094,22.505131658524274,32.789624585819496,0.0,0,EF0,CST-6,30-MAR-22 19:06:00
1012162,2022-03-22T18:00:00+00:00,32.6583,-90.3375,922.09375,55.84410858154297,293.01708984375,291.111083984375,99802.0625,44.23058319091797,21.076221698520953,30.01709844324351,1.0,0,EF1,CST-6,22-MAR-22 11:30:00
1012163,2022-03-22T18:00:00+00:00,32.66,-90.263,825.84375,64.25035858154297,293.06103515625,290.891357421875,99647.0625,43.75890350341797,19.29587011312076,27.69781546839875,,0,EFU,CST-6,22-MAR-22 11:35:00
1037015,2022-06-15T05:00:00+00:00,41.19,-95.61,1301.5,138.45321655273438,296.053955078125,294.4794921875,96707.25,44.31433868408203,9.131373561620286,17.530764095132913,0.0,0,EF0,CST-6,14-JUN-22 23:18:00
1035744,2022-03-30T21:00:00+00:00,32.4563,-90.6253,173.03125,256.71026611328125,296.255859375,291.97406005859375,98833.4375,43.77165985107422,27.113052815832233,32.140587018470306,1.0,0,EF1,CST-6,30-MAR-22 14:41:00
1035750,2022-03-30T22:00:00+00:00,32.3336,-90.2051,627.71875,,294.642822265625,290.5166015625,98678.5,38.45363235473633,21.579336778171733,28.358783035804702,1.0,0,EF1,CST-6,30-MAR-22 15:43:00
1010556,2022-03-22T16:00:00+00:00,32.385,-90.999,161.65625,49.46880340576172,294.564453125,291.98681640625,100165.5,38.69763946533203,15.986229291843578,30.278475985863054,,0,EFU,CST-6,22-MAR-22 10:26:00
1010812,2022-03-22T16:00:00+00:00,32.48,-91.0,161.65625,49.46880340576172,294.564453125,291.98681640625,100165.5,38.69763946533203,15.986229291843578,30.278475985863054,0.0,0,EF0,CST-6,22-MAR-22 10:29:00
1012166,2022-03-22T18:00:00+00:00,32.66,-90.246,825.84375,64.25035858154297,293.06103515625,290.891357421875,99647.0625,43.75890350341797,19.29587011312076,27.69781546839875,,0,EFU,CST-6,22-MAR-22 11:37:00
1012266,2022-03-22T18:00:00+00:00,33.026,-89.7981,536.03125,98.34410858154297,293.18798828125,289.800537109375,99479.0625,43.18663787841797,18.39124578809832,26.643016738758494,1.0,0,EF1,CST-6,22-MAR-22 12:09:00
1036839,2022-06-11T22:00:00+00:00,40.14,-96.61,4851.125,111.0157241821289,299.3369140625,295.58203125,95552.4375,49.01905822753906,5.352990355830906,17.53062403950285,,0,EFU,CST-6,11-JUN-22 16:18:00
1034256,2022-03-30T21:00:00+00:00,33.2742,-90.2428,127.375,,296.9755859375,291.11273193359375,98683.4375,39.89763641357422,30.73707362411064,32.735734482400225,1.0,0,EF1,CST-6,30-MAR-22 15:21:00
1033690,2022-05-05T01:00:00+00:00,33.87,-99.9,519.75,452.1802978515625,302.7265625,290.2388916015625,94973.0,26.288209915161133,7.203534734679589,11.646189096639084,0.0,0,EF0,CST-6,04-MAY-22 18:40:00
1033694,2022-05-05T01:00:00+00:00,33.935,-99.616,677.0,426.3365478515625,302.654296875,290.5797119140625,95514.0,28.453248977661133,7.516136997383572,13.386968058702358,0.0,0,EF0,CST-6,04-MAY-22 19:25:00
1066693,2022-11-30T12:00:00+00:00,31.8216,-85.7711,115.375,7.197817325592041,292.18121337890625,291.5840759277344,100036.8125,48.17189025878906,15.34782008478841,23.005884981107258,0.0,0,EF0,CST-6,30-NOV-22 05:42:00
1034340,2022-04-13T21:00:00+00:00,32.461,-90.861,3223.6875,3.0995895862579346,299.9365234375,294.22637939453125,100204.625,45.01288986206055,14.496487172838501,20.676977397162066,1.0,0,EF1,CST-6,13-APR-22 15:25:00
1066689,2022-11-30T08:00:00+00:00,33.6806,-86.064,1340.25,1.1448057889938354,290.3232421875,289.85235595703125,98586.1875,41.4194450378418,18.931042192244412,25.299382250849604,0.0,0,EF0,CST-6,30-NOV-22 01:37:00
1066416,2022-11-30T07:00:00+00:00,32.0608,-87.9057,1569.375,2.5782485008239746,294.4082946777344,293.42626953125,100461.6875,43.980308532714844,19.722280914025983,22.382861891479237,1.0,0,EF1,CST-6,30-NOV-22 01:11:00
1081602,2022-08-24T18:00:00+00:00,31.33,-89.41,1219.0,1.3125009536743164,298.68701171875,297.59423828125,100424.375,60.770713806152344,7.144520107741785,7.905734739467008,0.0,0,EF0,CST-6,24-AUG-22 12:04:00
1066690,2022-11-30T10:00:00+00:00,32.4892,-86.0017,931.75,0.649103045463562,291.33697509765625,290.7779235839844,100002.25,46.46885681152344,16.113630114280323,22.87174926548288,2.0,1,EF2,CST-6,30-NOV-22 03:38:00
1066419,2022-11-30T09:00:00+00:00,32.464,-86.21,1288.0625,0.7226746082305908,292.083984375,291.6274108886719,100173.25,45.39314651489258,19.50913655729669,23.800400902373916,2.0,1,EF2,CST-6,30-NOV-22 03:22:00
1066379,2022-11-30T04:00:00+00:00,32.8445,-87.9401,408.5625,0.2970903813838959,293.10125732421875,291.8321533203125,100347.3125,37.905174255371094,20.791198776117984,23.612384750278363,1.0,0,EF1,CST-6,29-NOV-22 21:44:00
1066707,2022-11-30T12:00:00+00:00,31.7385,-85.4857,244.375,15.025941848754883,291.93707275390625,291.4092712402344,100123.8125,48.24220275878906,17.116673156189986,21.380382197004415,0.0,0,EF0,CST-6,30-NOV-22 06:06:00
1066383,2022-11-30T06:00:00+00:00,33.6237,-87.383,1115.5,0.3264712989330292,292.25994873046875,291.0569152832031,99224.875,38.58489990234375,19.95362083640517,27.637635231935157,0.0,0,EF0,CST-6,30-NOV-22 00:28:00
1066417,2022-11-30T09:00:00+00:00,32.4385,-86.3318,1391.5,0.7539246082305908,292.6201171875,292.2153015136719,100247.25,45.60994338989258,19.40317172421625,23.99417192346627,0.0,0,EF0,CST-6,30-NOV-22 03:14:00
1066695,2022-11-30T12:00:00+00:00,31.6823,-85.7535,115.375,7.197817325592041,292.18121337890625,291.5840759277344,100036.8125,48.17189025878906,15.34782008478841,23.005884981107258,0.0,0,EF0,CST-6,30-NOV-22 05:45:00
1066382,2022-11-30T04:00:00+00:00,32.883,-87.81,408.5625,0.2970903813838959,293.10125732421875,291.8321533203125,100347.3125,37.905174255371094,20.791198776117984,23.612384750278363,1.0,0,EF1,CST-6,29-NOV-22 21:55:00
1066415,2022-11-30T07:00:00+00:00,33.9149,-86.6725,1223.625,10.328248023986816,291.2725524902344,290.40576171875,98328.6875,39.409996032714844,18.361547656064207,26.983641254969687,0.0,0,EF0,CST-6,30-NOV-22 00:57:00
1055716,2022-08-24T00:00:00+00:00,27.67,-97.85,1328.125,262.2032775878906,306.040771484375,296.15966796875,100376.6875,59.589691162109375,2.8044275085744506,6.689781536661485,,0,EFU,CST-6,23-AUG-22 18:11:00
1026986,2022-04-05T13:00:00+00:00,32.2828,-88.5065,186.75,18.57816505432129,292.81005859375,291.9898986816406,99406.3125,43.41635513305664,21.4052619282134,26.9931586123677,0.0,0,EF0,CST-6,05-APR-22 07:18:00
1057228,2022-04-14T02:00:00+00:00,33.2864,-88.781,505.0,71.87226104736328,294.737548828125,291.8236999511719,100095.375,40.79508972167969,17.261837476397805,22.99242740093755,1.0,0,EF1,CST-6,13-APR-22 19:57:00
1057242,2022-04-14T02:00:00+00:00,33.3793,-88.7226,454.125,65.87226104736328,294.330322265625,291.7113952636719,100167.375,40.67790222167969,17.48491521954266,22.76935767527016,1.0,0,EF1,CST-6,13-APR-22 20:03:00
1015443,2022-04-30T22:00:00+00:00,41.8215,-87.9751,778.125,5.921916961669922,292.497802734375,288.48876953125,97873.5625,34.468746185302734,13.060622354772724,20.60443146136031,0.0,0,EF0,CST-6,30-APR-22 15:44:00
1057163,2022-09-28T01:00:00+00:00,26.3705,-80.1054,758.375,43.3751335144043,299.78857421875,297.70849609375,100955.75,62.25514602661133,8.16120689190032,15.582087216800625,2.0,1,EF2,EST-5,27-SEP-22 19:59:00
1057305,2022-04-18T00:00:00+00:00,31.9613,-89.8453,1193.0,166.3668670654297,293.898681640625,292.0092468261719,99615.9375,41.458038330078125,7.045729865804458,16.977656899582904,1.0,0,EF1,CST-6,17-APR-22 18:00:00
1020092,2022-04-05T12:00:00+00:00,31.6657,-89.8662,791.8125,44.07816696166992,292.946044921875,291.7999267578125,99084.3125,48.68415069580078,17.750140550877447,23.556526364706304,1.0,0,EF1,CST-6,05-APR-22 06:06:00
1020093,2022-04-05T12:00:00+00:00,32.2996,-89.3324,488.1875,64.51567077636719,292.547607421875,291.7061767578125,98834.3125,47.31891632080078,18.483767010893104,26.38807093615555,1.0,0,EF1,CST-6,05-APR-22 06:09:00
1020094,2022-04-05T12:00:00+00:00,32.3,-89.322,488.1875,64.51567077636719,292.547607421875,291.7061767578125,98834.3125,47.31891632080078,18.483767010893104,26.38807093615555,0.0,0,EF0,CST-6,05-APR-22 06:10:00
1057165,2022-09-27T23:00:00+00:00,25.9952,-80.2386,1164.25,20.3789005279541,299.44482421875,297.998291015625,100796.5625,63.086456298828125,9.127774477675008,13.5948485746256,1.0,0,EF1,EST-5,27-SEP-22 18:17:00
1062182,2022-04-14T01:00:00+00:00,32.3226,-89.4313,835.75,82.81279754638672,295.52099609375,292.42486572265625,99518.75,46.70159149169922,18.562671848547147,26.35664071278556,1.0,0,EF1,CST-6,13-APR-22 19:17:00
1057156,2022-04-14T02:00:00+00:00,33.2324,-88.8657,556.875,32.95038604736328,294.173095703125,291.7084655761719,99674.375,41.42887878417969,17.27451657578791,21.28989086907855,1.0,0,EF1,CST-6,13-APR-22 19:51:00
1057224,2022-04-14T02:00:00+00:00,33.2636,-88.8424,556.875,32.95038604736328,294.173095703125,291.7084655761719,99674.375,41.42887878417969,17.27451657578791,21.28989086907855,1.0,0,EF1,CST-6,13-APR-22 19:51:00
1025119,2022-04-05T13:00:00+00:00,31.5631,-89.1551,599.125,12.953164100646973,293.11767578125,292.1959533691406,99586.3125,46.51010513305664,19.854620469281564,23.518335792568234,1.0,0,EF1,CST-6,05-APR-22 06:56:00
1057243,2022-04-14T02:00:00+00:00,33.39,-88.672,454.125,65.87226104736328,294.330322265625,291.7113952636719,100167.375,40.67790222167969,17.48491521954266,22.76935767527016,1.0,0,EF1,CST-6,13-APR-22 20:05:00
1057283,2022-04-14T02:00:00+00:00,33.288,-88.4334,511.5,98.24726104736328,295.336181640625,291.6547546386719,100351.375,40.47966003417969,17.16577011896757,24.432039612837638,1.0,0,EF1,CST-6,13-APR-22 20:17:00
1057197,2022-09-27T21:00:00+00:00,25.75,-80.99,1142.25,14.229926109313965,299.30419921875,297.851318359375,100744.6875,62.79871368408203,12.036777987666019,16.160934597102553,,0,EFU,EST-5,27-SEP-22 16:10:00
1057171,2022-09-28T01:00:00+00:00,26.6449,-80.2878,412.5,47.3438835144043,299.51806640625,297.41845703125,100940.75,62.75905227661133,9.800509890836002,15.87737795633088,1.0,0,EF1,EST-5,27-SEP-22 20:22:00
1014852,2022-03-21T22:00:00+00:00,33.94,-97.479,826.875,5.187739372253418,291.306884765625,290.297607421875,96873.9375,34.63548278808594,14.360821145072372,25.749959836108147,0.0,0,EF0,CST-6,21-MAR-22 16:17:00
1020103,2022-04-05T12:00:00+00:00,31.6955,-89.8325,791.8125,44.07816696166992,292.946044921875,291.7999267578125,99084.3125,48.68415069580078,17.750140550877447,23.556526364706304,2.0,1,EF2,CST-6,05-APR-22 06:09:00
1089301,2022-04-13T22:00:00+00:00,32.6287,-90.6213,2058.0,10.812602996826172,295.85986328125,292.13104248046875,99760.3125,47.777381896972656,22.4970695455986,21.085471336148967,,0,EFU,CST-6,13-APR-22 16:01:00
1057172,2022-09-28T06:00:00+00:00,26.827,-81.0781,702.25,14.062617301940918,299.5,297.632568359375,100561.6875,66.2847900390625,15.69899392486082,25.087402271025812,0.0,0,EF0,EST-5,28-SEP-22 01:25:00
1057173,2022-09-28T02:00:00+00:00,26.7338,-80.3355,433.5,24.914100646972656,299.239501953125,297.445068359375,100956.625,62.11233139038086,9.479702248789952,16.717684742050615,1.0,0,EF1,EST-5,27-SEP-22 20:30:00
1057192,2022-09-27T22:00:00+00:00,25.8075,-80.3511,845.875,11.380880355834961,299.22119140625,297.648681640625,100675.375,64.31765747070312,12.725701070813143,17.392136309292916,0.0,0,EF0,EST-5,27-SEP-22 17:22:00
1057194,2022-09-28T06:00:00+00:00,26.1123,-80.3297,861.375,19.734493255615234,300.1875,298.307373046875,100664.6875,66.3218994140625,14.46802918722752,19.35724889424699,0.0,0,EF0,EST-5,28-SEP-22 00:31:00
1057195,2022-09-27T20:00:00+00:00,25.8,-80.72,1503.875,28.078136444091797,299.185791015625,297.867919921875,100783.0625,59.28888702392578,12.049204765936054,16.6571360355498,,0,EFU,EST-5,27-SEP-22 14:48:00
1057196,2022-09-28T05:00:00+00:00,26.26,-80.61,837.125,4.765743255615234,299.68310546875,297.9814453125,100673.5,65.44220733642578,15.306912468639448,22.428584597699267,,0,EFU,EST-5,27-SEP-22 23:40:00
1057226,2022-04-14T02:00:00+00:00,33.272,-88.8131,556.875,32.95038604736328,294.173095703125,291.7084655761719,99674.375,41.42887878417969,17.27451657578791,21.28989086907855,1.0,0,EF1,CST-6,13-APR-22 19:54:00
1034342,2022-04-13T22:00:00+00:00,32.5159,-90.7829,1999.625,19.984477996826172,295.99951171875,292.31365966796875,99744.3125,48.247108459472656,23.03311373266608,22.357898994887613,1.0,0,EF1,CST-6,13-APR-22 15:38:00
1015445,2022-04-30T23:00:00+00:00,42.3516,-88.8716,507.3125,11.53126049041748,290.49072265625,287.464599609375,97074.8125,26.282262802124023,11.52652854471286,19.957811728122692,0.0,0,EF0,CST-6,30-APR-22 16:54:00
1028983,2022-03-31T21:00:00+00:00,41.16,-76.73,486.8125,0.07835933566093445,292.619384765625,287.124267578125,95701.25,30.45936393737793,17.598630875915273,21.768198501208715,1.0,0,EF1,EST-5,31-MAR-22 15:38:00
1020104,2022-04-05T12:00:00+00:00,31.67,-89.755,807.3125,47.46879196166992,292.936279296875,291.8555908203125,99074.3125,48.24079132080078,18.959158119240147,24.405940221635646,1.0,0,EF1,CST-6,05-APR-22 06:15:00
1057222,2022-04-14T02:00:00+00:00,33.261,-88.8132,556.875,32.95038604736328,294.173095703125,291.7084655761719,99674.375,41.42887878417969,17.27451657578791,21.28989086907855,1.0,0,EF1,CST-6,13-APR-22 19:55:00
1055034,2022-04-14T01:00:00+00:00,32.2239,-90.181,1182.0,21.094045639038086,293.90478515625,291.59283447265625,99684.75,48.54631805419922,18.689256104475504,24.633332636436702,1.0,0,EF1,CST-6,13-APR-22 18:35:00
1057270,2022-04-14T02:00:00+00:00,33.2246,-88.4875,511.5,98.24726104736328,295.336181640625,291.6547546386719,100351.375,40.47966003417969,17.16577011896757,24.432039612837638,1.0,0,EF1,CST-6,13-APR-22 20:11:00
1026985,2022-04-05T13:00:00+00:00,31.9392,-88.8424,564.625,0.9844144582748413,292.59521484375,291.7594299316406,99191.3125,46.73764419555664,20.401851821841884,26.23815851208309,1.0,0,EF1,CST-6,05-APR-22 07:06:00
1057154,2022-04-14T02:00:00+00:00,31.6392,-89.3953,847.25,198.4035186767578,295.493408203125,292.9535827636719,99862.375,48.58903503417969,18.97540501708827,20.794881772601595,1.0,0,EF1,CST-6,13-APR-22 19:44:00
1057167,2022-09-28T00:00:00+00:00,26.0047,-80.192,1440.875,13.625056266784668,299.5732421875,297.88873291015625,100810.25,61.37639617919922,8.030877516907195,12.610269631331457,0.0,0,EF0,EST-5,27-SEP-22 18:51:00
1014856,2022-03-21T23:00:00+00:00,33.8695,-96.7966,821.125,3.4902355670928955,290.17529296875,289.312744140625,97341.8125,39.42365646362305,14.602119229131103,25.137380004287493,2.0,1,EF2,CST-6,21-MAR-22 17:15:00
1014857,2022-03-21T23:00:00+00:00,33.97,-96.714,754.8125,1.5058605670928955,290.09814453125,289.121337890625,97499.8125,40.32307052612305,16.180986889339312,27.249562211191417,1.0,0,EF1,CST-6,21-MAR-22 17:29:00
1019323,2022-03-22T00:00:00+00:00,33.963,-96.664,618.875,25.024547576904297,288.651123046875,287.855712890625,97582.5625,36.6580924987793,15.51447761970054,21.37943517918884,0.0,0,EF0,CST-6,21-MAR-22 17:32:00
1020380,2022-04-05T12:00:00+00:00,32.3229,-89.2222,397.25,56.42191696166992,292.404052734375,291.6495361328125,98874.3125,46.61579132080078,19.74502605255917,26.946059828819752,1.0,0,EF1,CST-6,05-APR-22 06:16:00
1020382,2022-04-05T12:00:00+00:00,31.6975,-89.6465,807.3125,47.46879196166992,292.936279296875,291.8555908203125,99074.3125,48.24079132080078,18.959158119240147,24.405940221635646,1.0,0,EF1,CST-6,05-APR-22 06:22:00
1057223,2022-04-14T02:00:00+00:00,33.2868,-88.73,505.0,71.87226104736328,294.737548828125,291.8236999511719,100095.375,40.79508972167969,17.261837476397805,22.99242740093755,0.0,0,EF0,CST-6,13-APR-22 20:04:00
1089571,2022-12-14T12:00:00+00:00,32.55,-89.89,498.125,3.9288930892944336,291.2481994628906,290.6773681640625,99444.5625,43.63175582885742,15.677545848615864,19.567188879042735,0.0,0,EF0,CST-6,14-DEC-22 06:03:00
1017792,2022-04-30T23:00:00+00:00,42.4745,-88.7432,559.3125,4.1093854904174805,290.19970703125,287.214599609375,96995.8125,28.323278427124023,12.355245073818804,21.037612983646955,,0,EFU,CST-6,30-APR-22 17:07:00
1014858,2022-03-22T00:00:00+00:00,34.142,-96.587,612.5625,15.977672576904297,287.483154296875,286.935791015625,97342.5625,36.8211784362793,14.69270238671998,23.59304937498874,1.0,0,EF1,CST-6,21-MAR-22 17:43:00
1020415,2022-04-05T13:00:00+00:00,31.675,-89.399,563.625,14.031289100646973,292.57763671875,291.5397033691406,99235.3125,48.46323013305664,17.561964859604217,22.228595328205916,0.0,0,EF0,CST-6,05-APR-22 06:40:00
1046623,2022-04-13T23:00:00+00:00,32.3152,-90.091,1853.375,31.67201042175293,295.16015625,292.51904296875,99389.0625,45.615230560302734,25.325314008982758,24.368532923984585,0.0,0,EF0,CST-6,13-APR-22 17:19:00
1062183,2022-04-14T01:00:00+00:00,32.3287,-89.2543,821.75,122.73467254638672,296.46142578125,292.01959228515625,99584.75,45.63225555419922,17.605405701921875,26.717542522318606,1.0,0,EF1,CST-6,13-APR-22 19:29:00
1057174,2022-09-28T10:00:00+00:00,26.5282,-80.068,722.5,40.14728927612305,300.037353515625,297.84912109375,100499.25,63.62968063354492,16.21401238030383,18.318589859550993,0.0,0,EF0,EST-5,28-SEP-22 04:56:00
1057191,2022-09-27T22:00:00+00:00,25.7711,-80.3354,845.875,11.380880355834961,299.22119140625,297.648681640625,100675.375,64.31765747070312,12.725701070813143,17.392136309292916,0.0,0,EF0,EST-5,27-SEP-22 17:13:00
1057287,2022-04-18T01:00:00+00:00,31.7763,-89.1332,1158.8125,239.875,294.16015625,292.1659240722656,100049.0625,42.93402862548828,8.750297420030135,11.500004088892464,1.0,0,EF1,CST-6,17-APR-22 19:01:00
1020089,2022-04-05T12:00:00+00:00,32.2334,-89.6569,425.875,54.70316696166992,292.608154296875,291.6622314453125,98851.3125,47.65876007080078,17.50402873219041,24.534640890650603,1.0,0,EF1,CST-6,05-APR-22 05:46:00
1020090,2022-04-05T12:00:00+00:00,32.2587,-89.4501,488.1875,64.51567077636719,292.547607421875,291.7061767578125,98834.3125,47.31891632080078,18.483767010893104,26.38807093615555,1.0,0,EF1,CST-6,05-APR-22 06:00:00
1083261,2022-12-14T09:00:00+00:00,31.5,-91.27,1094.0625,0.7180197238922119,293.4700927734375,292.83380126953125,99768.125,40.06488037109375,17.415309401723096,19.963838587332727,1.0,0,EF1,CST-6,14-DEC-22 02:54:00
1083277,2022-12-14T09:00:00+00:00,31.6194,-91.0314,1022.5,0.6711447238922119,294.0872802734375,292.70782470703125,99640.125,39.84515380859375,17.298159970046736,19.367423859592815,1.0,0,EF1,CST-6,14-DEC-22 03:24:00
1083281,2022-12-14T11:00:00+00:00,31.5366,-89.0408,380.0625,18.635021209716797,292.71600341796875,292.12109375,99975.3125,36.088478088378906,15.244771275840408,18.273555722772514,1.0,0,EF1,CST-6,14-DEC-22 05:09:00
1077242,2022-12-14T05:00:00+00:00,32.6,-91.0,303.375,124.85956573486328,294.9686279296875,291.97308349609375,100319.75,38.20804977416992,18.85808728628021,22.0212880345211,0.0,0,EF0,CST-6,13-DEC-22 23:21:00
1077243,2022-12-14T05:00:00+00:00,32.66,-90.929,303.375,124.85956573486328,294.9686279296875,291.97308349609375,100319.75,38.20804977416992,18.85808728628021,22.0212880345211,2.0,1,EF2,CST-6,13-DEC-22 23:29:00
1083234,2022-12-14T04:00:00+00:00,32.18,-91.54,313.0625,79.2032470703125,294.27606201171875,292.4659729003906,100456.625,38.71044158935547,19.216206531841415,21.839080562434937,1.0,0,EF1,CST-6,13-DEC-22 22:19:00
1083235,2022-12-14T04:00:00+00:00,32.2,-91.52,247.5,114.9844970703125,294.77313232421875,292.3331604003906,100484.625,38.06200408935547,18.384203210351693,21.181019507921828,1.0,0,EF1,CST-6,13-DEC-22 22:22:00
1065986,2022-12-13T13:00:00+00:00,33.1195,-97.6563,1047.875,2.1382079124450684,291.7427978515625,290.58782958984375,97072.4375,33.087162017822266,10.801459642477656,15.775546230381863,2.0,1,EF2,CST-6,13-DEC-22 06:59:00
1065987,2022-12-13T14:00:00+00:00,33.7232,-97.0697,268.6875,,289.8675537109375,289.3094177246094,97527.25,31.320384979248047,9.643010737589448,18.286607550622474,0.0,0,EF0,CST-6,13-DEC-22 07:44:00
1065988,2022-12-13T14:00:00+00:00,32.7693,-97.4337,1251.1875,0.5157245397567749,292.8724365234375,291.3269958496094,97725.25,34.96198654174805,8.967806729243677,14.5364081122701,0.0,0,EF0,CST-6,13-DEC-22 08:10:00
1065991,2022-12-13T14:00:00+00:00,32.7945,-97.4096,1251.1875,0.5157245397567749,292.8724365234375,291.3269958496094,97725.25,34.96198654174805,8.967806729243677,14.5364081122701,1.0,0,EF1,CST-6,13-DEC-22 08:14:00
1065992,2022-12-13T14:00:00+00:00,32.8294,-97.3387,1251.1875,0.5157245397567749,292.8724365234375,291.3269958496094,97725.25,34.96198654174805,8.967806729243677,14.5364081122701,0.0,0,EF0,CST-6,13-DEC-22 08:18:00
1077241,2022-12-14T05:00:00+00:00,32.97,-90.84,226.5625,119.85956573486328,294.7821044921875,291.71038818359375,100320.75,38.70707321166992,19.213002768537425,22.742062020481278,2.0,1,EF2,CST-6,13-DEC-22 23:12:00
1065993,2022-12-13T15:00:00+00:00,32.8863,-97.2055,96.25,0.7031484842300415,291.77337646484375,288.76348876953125,98391.875,27.677486419677734,8.4273716543933,19.279701556027234,1.0,0,EF1,CST-6,13-DEC-22 08:34:00
1065994,2022-12-13T15:00:00+00:00,32.9282,-97.1016,96.25,0.7031484842300415,291.77337646484375,288.76348876953125,98391.875,27.677486419677734,8.4273716543933,19.279701556027234,1.0,0,EF1,CST-6,13-DEC-22 08:42:00
1069665,2022-12-29T22:00:00+00:00,30.584,-94.2611,981.625,0.08812262117862701,295.33721923828125,292.03009033203125,100914.1875,37.26316452026367,13.120189031974583,14.440071117164452,1.0,0,EF1,CST-6,29-DEC-22 16:08:00
1065995,2022-12-13T15:00:00+00:00,32.965,-97.044,96.25,0.7031484842300415,291.77337646484375,288.76348876953125,98391.875,27.677486419677734,8.4273716543933,19.279701556027234,1.0,0,EF1,CST-6,13-DEC-22 08:49:00
1065999,2022-12-13T16:00:00+00:00,33.2981,-96.4287,283.125,11.703145980834961,290.1768798828125,289.6269226074219,98439.3125,30.769756317138672,9.418103305976237,19.00600261406064,2.0,1,EF2,CST-6,13-DEC-22 09:47:00
1070891,2022-12-15T02:00:00+00:00,30.053,-84.548,138.5,60.04694747924805,295.311279296875,292.8124084472656,100987.5625,31.373031616210938,12.86783973962919,14.743481177805805,1.0,0,EF1,EST-5,14-DEC-22 21:29:00
1066000,2022-12-13T16:00:00+00:00,33.349,-96.32,167.9375,9.406270980834961,289.4464111328125,288.5653991699219,98244.3125,29.516826629638672,9.403245713022127,19.37379735161805,2.0,1,EF2,CST-6,13-DEC-22 09:57:00
1066001,2022-12-13T16:00:00+00:00,33.3566,-96.1333,568.875,5.078145503997803,289.7833251953125,289.5732116699219,98401.3125,34.51487350463867,11.100791000718427,18.187748665797073,1.0,0,EF1,CST-6,13-DEC-22 10:12:00
1077247,2022-12-14T11:00:00+00:00,32.0834,-90.3164,469.0,0.11939574778079987,292.96014404296875,292.3642578125,99478.3125,43.428321838378906,14.845028950411798,16.34355122719315,0.0,0,EF0,CST-6,14-DEC-22 05:14:00
1066002,2022-12-13T17:00:00+00:00,33.6144,-95.8268,198.25,19.750104904174805,289.838134765625,289.5995788574219,98679.0625,29.29703712463379,8.973976059084992,21.273784601138136,2.0,1,EF2,CST-6,13-DEC-22 10:45:00
1066003,2022-12-13T16:00:00+00:00,33.376,-96.117,568.875,5.078145503997803,289.7833251953125,289.5732116699219,98401.3125,34.51487350463867,11.100791000718427,18.187748665797073,1.0,0,EF1,CST-6,13-DEC-22 10:14:00
1070554,2022-12-13T04:00:00+00:00,36.6843,-100.524,468.46875,138.4375762939453,286.0888671875,284.835205078125,91134.0625,15.478914260864258,4.821908109268788,20.992887021916367,0.0,0,EF0,CST-6,12-DEC-22 21:38:00
1070884,2022-12-15T03:00:00+00:00,30.678,-86.029,424.5625,0.9190905094146729,294.0341491699219,292.2933349609375,100396.1875,42.82061004638672,17.59190409831557,22.365094557881093,0.0,0,EF0,CST-6,14-DEC-22 20:55:00
1070885,2022-12-15T01:00:00+00:00,30.07,-84.92,92.3125,62.51566696166992,295.626708984375,292.64935302734375,100958.375,33.674591064453125,13.607060786970877,14.48494729379791,0.0,0,EF0,EST-5,14-DEC-22 19:54:00
1065981,2022-12-13T12:00:00+00:00,32.2965,-98.6678,871.8125,1.3041682243347168,291.6957702636719,289.9134216308594,95361.875,29.760581970214844,9.148126098351062,14.708644240192719,2.0,1,EF2,CST-6,13-DEC-22 05:35:00
1065982,2022-12-13T13:00:00+00:00,32.5735,-98.138,430.375,0.8413328528404236,292.6256103515625,290.73626708984375,96598.4375,30.240482330322266,8.647675122949673,17.125322769181842,1.0,0,EF1,CST-6,13-DEC-22 06:31:00
1070886,2022-12-15T02:00:00+00:00,29.9233,-84.7343,138.5,60.04694747924805,295.311279296875,292.8124084472656,100987.5625,31.373031616210938,12.86783973962919,14.743481177805805,0.0,0,EF0,EST-5,14-DEC-22 20:54:00
1070895,2022-12-15T03:00:00+00:00,30.274,-84.348,151.5,32.637840270996094,294.9550476074219,292.6868896484375,100874.1875,31.31670570373535,14.270472259031697,16.38093828092879,0.0,0,EF0,EST-5,14-DEC-22 22:14:00
1065983,2022-12-13T13:00:00+00:00,32.7259,-97.8788,907.4375,0.4663328230381012,292.6519775390625,291.01556396484375,96972.4375,32.303958892822266,9.48804624093096,16.46253390385462,0.0,0,EF0,CST-6,13-DEC-22 07:00:00
1065984,2022-12-13T14:00:00+00:00,32.3331,-98.0242,443.625,1.437599539756775,292.7406005859375,291.1863708496094,96972.25,30.224681854248047,8.849349467384668,17.7631865845788,1.0,0,EF1,CST-6,13-DEC-22 07:34:00
1065985,2022-12-13T12:00:00+00:00,32.8785,-98.0565,769.5625,0.3041682839393616,291.6654968261719,290.0979919433594,96494.875,32.402183532714844,10.396583508774516,15.007405311313882,0.0,0,EF0,CST-6,13-DEC-22 06:10:00
1061291,2022-12-13T22:00:00+00:00,32.3323,-94.2154,908.5,73.03138732910156,293.24920654296875,291.130615234375,99237.3125,43.10700225830078,16.06567514624109,16.998147171780573,2.0,1,EF2,CST-6,13-DEC-22 15:38:00
1061296,2022-12-14T02:00:00+00:00,32.772,-92.4683,269.875,1.561837077140808,292.30572509765625,291.2164306640625,99979.5,41.434814453125,21.140076131151325,23.459385662163402,3.0,1,EF3,CST-6,13-DEC-22 20:23:00
1070553,2022-12-13T03:00:00+00:00,36.6188,-100.6606,307.96875,116.6094741821289,284.95751953125,284.33367919921875,90681.8125,16.12689208984375,2.3172042089218157,22.05684223220833,,0,EFU,CST-6,12-DEC-22 21:21:00
1071095,2022-12-14T21:00:00+00:00,32.3698,-88.2732,348.0625,29.062801361083984,292.557861328125,291.284912109375,99770.0,42.2539176940918,21.133829814538633,22.388294664507733,1.0,0,EF1,CST-6,14-DEC-22 15:17:00
1061294,2022-12-13T23:00:00+00:00,32.221,-94.0102,803.875,32.2968864440918,293.47412109375,291.3094482421875,99524.0625,43.8247184753418,14.515804602209133,19.186468255083067,2.0,1,EF2,CST-6,13-DEC-22 16:36:00
1083251,2022-12-14T14:00:00+00:00,31.774,-89.7638,688.6875,29.335309982299805,293.34942626953125,292.482666015625,99489.0625,44.19899368286133,14.328486641870045,18.612068525675912,1.0,0,EF1,CST-6,14-DEC-22 08:04:00
1083249,2022-12-14T14:00:00+00:00,31.7392,-89.8187,911.1875,24.913434982299805,293.71368408203125,292.673095703125,99452.0625,44.95875930786133,13.983710448958549,17.864951229242514,1.0,0,EF1,CST-6,14-DEC-22 07:58:00
1084759,2022-12-14T19:00:00+00:00,32.45,-88.915,580.0625,4.988122463226318,292.93701171875,291.670654296875,98946.625,40.99480056762695,19.556648768354542,21.827161182335576,0.0,0,EF0,CST-6,14-DEC-22 12:53:00
1083243,2022-12-14T19:00:00+00:00,31.3966,-89.1829,581.75,0.9099977016448975,295.13623046875,293.015380859375,99610.625,42.09636306762695,20.256729354037798,21.281759681321457,2.0,1,EF2,CST-6,14-DEC-22 13:13:00
1083279,2022-12-14T21:00:00+00:00,30.9884,-89.3195,1000.9375,0.48467713594436646,295.763916015625,293.463623046875,99507.0,43.5927848815918,19.99588098372081,22.51989445566751,1.0,0,EF1,CST-6,14-DEC-22 15:28:00
1103480,2022-12-14T12:00:00+00:00,32.5514,-89.8921,498.125,3.9288930892944336,291.2481994628906,290.6773681640625,99444.5625,43.63175582885742,15.677545848615864,19.567188879042735,0.0,0,EF0,CST-6,14-DEC-22 06:02:00
1089572,2022-12-14T12:00:00+00:00,32.558,-89.89,498.125,3.9288930892944336,291.2481994628906,290.6773681640625,99444.5625,43.63175582885742,15.677545848615864,19.567188879042735,1.0,0,EF1,CST-6,14-DEC-22 06:04:00
1083284,2022-12-14T13:00:00+00:00,32.1999,-89.7911,637.1875,7.40626859664917,292.93560791015625,291.985107421875,99317.9375,44.99773025512695,14.730225175093832,17.95571891849378,2.0,1,EF2,CST-6,14-DEC-22 06:44:00
1084755,2022-12-14T18:00:00+00:00,32.1908,-89.2098,484.1875,3.8593945503234863,293.835205078125,292.3514404296875,99082.6875,40.04032516479492,17.821870340892378,21.091838667542135,0.0,0,EF0,CST-6,14-DEC-22 12:08:00
1077244,2022-12-14T06:00:00+00:00,33.24,-90.5,237.5625,142.3406524658203,294.248779296875,291.4894714355469,100170.25,38.24632263183594,19.264231027619925,23.715374910077426,1.0,0,EF1,CST-6,13-DEC-22 23:56:00
1083240,2022-12-14T11:00:00+00:00,31.3986,-89.1701,380.0625,18.635021209716797,292.71600341796875,292.12109375,99975.3125,36.088478088378906,15.244771275840408,18.273555722772514,0.0,0,EF0,CST-6,14-DEC-22 04:44:00
1083285,2022-12-14T14:00:00+00:00,32.2762,-89.4567,412.9375,27.257184982299805,292.51251220703125,291.834228515625,99272.0625,43.59547805786133,15.429137265223979,19.208339867485286,1.0,0,EF1,CST-6,14-DEC-22 07:37:00
1067679,2022-12-30T13:00:00+00:00,31.375,-90.5529,282.6875,40.13276290893555,291.3100891113281,290.0378112792969,100089.375,40.543373107910156,16.199872794654233,16.59087672434497,1.0,0,EF1,CST-6,30-DEC-22 06:52:00
1083286,2022-12-14T14:00:00+00:00,32.3767,-89.3496,425.4375,30.975934982299805,292.09649658203125,291.471923828125,99179.0625,43.79762649536133,15.994843910337488,19.755385022932337,1.0,0,EF1,CST-6,14-DEC-22 07:58:00
1071404,2022-12-14T22:00:00+00:00,29.9275,-90.0403,404.1875,1.1718804836273193,294.774169921875,293.19879150390625,100448.75,50.52820587158203,16.244969522378764,19.073601701140415,2.0,1,EF2,CST-6,14-DEC-22 15:59:00
1071399,2022-12-14T22:00:00+00:00,29.8773,-90.1239,404.1875,1.1718804836273193,294.774169921875,293.19879150390625,100448.75,50.52820587158203,16.244969522378764,19.073601701140415,2.0,1,EF2,CST-6,14-DEC-22 15:49:00
1071405,2022-12-14T22:00:00+00:00,29.946,-90.0121,450.3125,0.4375055432319641,294.806396484375,293.45660400390625,100471.75,50.42078399658203,15.94939179270991,18.790009058809567,2.0,1,EF2,CST-6,14-DEC-22 16:02:00
1071413,2022-12-15T00:00:00+00:00,30.3908,-88.9702,535.3125,17.270612716674805,294.103759765625,292.81292724609375,100352.4375,49.15162658691406,13.466244065541403,19.69007042984713,1.0,0,EF1,CST-6,14-DEC-22 17:52:00
1084757,2022-12-14T18:00:00+00:00,32.224,-89.174,484.1875,3.8593945503234863,293.835205078125,292.3514404296875,99082.6875,40.04032516479492,17.821870340892378,21.091838667542135,2.0,1,EF2,CST-6,14-DEC-22 12:13:00
1077245,2022-12-14T07:00:00+00:00,33.12,-90.19,338.6875,67.46880340576172,293.91693115234375,291.4329833984375,99897.375,38.937660217285156,19.565021229070222,23.56156312619087,0.0,0,EF0,CST-6,14-DEC-22 01:04:00
1083265,2022-12-14T12:00:00+00:00,31.92,-90.17,542.3125,1.0226430892944336,293.3194885253906,292.4127197265625,99433.5625,44.69816207885742,15.088022171099144,17.246207120670572,1.0,0,EF1,CST-6,14-DEC-22 05:55:00
1083264,2022-12-14T12:00:00+00:00,31.8708,-90.2328,542.3125,1.0226430892944336,293.3194885253906,292.4127197265625,99433.5625,44.69816207885742,15.088022171099144,17.246207120670572,1.0,0,EF1,CST-6,14-DEC-22 05:48:00
1083283,2022-12-14T13:00:00+00:00,32.1036,-89.9048,637.1875,7.40626859664917,292.93560791015625,291.985107421875,99317.9375,44.99773025512695,14.730225175093832,17.95571891849378,0.0,0,EF0,CST-6,14-DEC-22 06:30:00
1083258,2022-12-14T20:00:00+00:00,32.3137,-88.5528,530.75,45.10939407348633,293.088623046875,291.7098083496094,99123.9375,41.15562438964844,20.98831611037847,21.667914882788565,1.0,0,EF1,CST-6,14-DEC-22 13:57:00
1083260,2022-12-14T20:00:00+00:00,31.899,-88.6554,599.4375,35.79689407348633,293.286865234375,291.7781677246094,99318.9375,41.16734313964844,20.84123719210249,21.56971748464065,2.0,1,EF2,CST-6,14-DEC-22 14:19:00
1164591,2022-10-29T19:00:00+00:00,30.46,-89.29,722.125,0.9668465852737427,296.08154296875,295.303466796875,101284.75,44.00586700439453,11.848122312400214,11.06327503858718,0.0,0,EF0,CST-6,29-OCT-22 12:35:00
1060965,2022-10-29T19:00:00+00:00,30.4074,-88.5116,774.375,5.435596466064453,295.98095703125,294.208740234375,101518.75,43.53614044189453,10.575325183001231,11.010132824917298,0.0,0,EF0,CST-6,29-OCT-22 13:21:00
1060966,2022-10-29T21:00:00+00:00,30.5976,-88.6424,704.125,0.1236884593963623,295.597900390625,294.6413879394531,101216.0625,43.31424331665039,11.917664210365926,11.822444080585983,1.0,0,EF1,CST-6,29-OCT-22 15:28:00
1060967,2022-10-29T21:00:00+00:00,30.6,-88.49,633.5,0.5768134593963623,295.801025390625,294.2898254394531,101223.0625,43.68240737915039,11.16099671548236,10.840730896654952,0.0,0,EF0,CST-6,29-OCT-22 15:24:00
1166040,2022-06-27T00:00:00+00:00,32.234,-90.0298,1930.0,624.2188110351562,301.988525390625,294.732177734375,100280.3125,55.777198791503906,3.7204477286253272,9.06044311225521,0.0,0,EF0,CST-6,26-JUN-22 18:09:00
1164590,2022-10-29T22:00:00+00:00,30.58,-88.6,564.5,1.526899814605713,295.787109375,294.654296875,101326.375,48.39183044433594,11.391155008647385,14.30284583931781,,0,EFU,CST-6,29-OCT-22 16:04:00
1066380,2022-11-30T04:00:00+00:00,32.877,-87.822,408.5625,0.2970903813838959,293.10125732421875,291.8321533203125,100347.3125,37.905174255371094,20.791198776117984,23.612384750278363,,0,EFU,CST-6,29-NOV-22 21:53:00
1025491,2022-06-27T00:00:00+00:00,31.5617,-90.3956,2694.75,416.03131103515625,301.849853515625,295.196044921875,100189.3125,59.852394104003906,3.3461895676354034,8.75787528903014,1.0,0,EF1,CST-6,26-JUN-22 18:29:00
1066381,2022-11-30T04:00:00+00:00,32.88,-87.815,408.5625,0.2970903813838959,293.10125732421875,291.8321533203125,100347.3125,37.905174255371094,20.791198776117984,23.612384750278363,,0,EFU,CST-6,29-NOV-22 21:54:00
1066418,2022-11-30T09:00:00+00:00,32.44,-86.323,1391.5,0.7539246082305908,292.6201171875,292.2153015136719,100247.25,45.60994338989258,19.40317172421625,23.99417192346627,2.0,1,EF2,CST-6,30-NOV-22 03:15:00
1062031,2022-10-29T23:00:00+00:00,30.6877,-88.5766,590.8125,0.23621949553489685,295.448974609375,294.59033203125,101108.3125,47.118492126464844,12.086947214001093,14.862705179517352,,0,EFU,CST-6,29-OCT-22 16:33:00
1057084,2022-09-30T16:00:00+00:00,33.9128,-78.2882,257.25,0.1875809282064438,296.090576171875,295.12158203125,99723.5625,59.99418640136719,20.397363731170277,31.105030464258355,0.0,0,EF0,EST-5,30-SEP-22 11:25:00
1054681,2022-08-28T22:00:00+00:00,33.7463,-115.3909,655.5,,310.932861328125,287.46533203125,94959.1875,33.31935119628906,0.9466826544824415,2.33349099115607,,0,EFU,PST-8,28-AUG-22 13:35:00
1042578,2022-06-23T21:00:00+00:00,32.9011,-112.0261,265.0,522.7501220703125,314.2197265625,285.37158203125,95745.4375,31.573007583618164,0.7708210816353223,4.262830979286989,,0,EFU,MST-7,23-JUN-22 14:03:00
999638,2022-01-02T00:00:00+00:00,34.7161,-87.6413,280.71875,2.774045705795288,294.4429931640625,292.4699401855469,98096.875,47.25053405761719,11.905675332369412,24.357975155210262,0.0,0,EF0,CST-6,01-JAN-22 18:03:00
1055717,2022-08-25T16:00:00+00:00,28.03,-97.69,1132.625,64.27005767822266,300.186279296875,298.261474609375,101293.125,62.59024429321289,4.663090922881023,3.3520095100150424,,0,EFU,CST-6,25-AUG-22 10:18:00
999643,2022-01-02T01:00:00+00:00,34.5748,-86.7943,174.5625,1.5468850135803223,295.0246887207031,292.47576904296875,97892.1875,44.27669143676758,18.111931546375057,23.462054674552803,0.0,0,EF0,CST-6,01-JAN-22 19:24:00
1055021,2022-08-25T23:00:00+00:00,32.12,-110.88,510.375,,303.742919921875,292.575439453125,90379.75,38.60419845581055,0.5495212934595477,3.6070535552815635,0.0,0,EF0,MST-7,25-AUG-22 16:00:00
999642,2022-01-02T00:00:00+00:00,34.9468,-86.5983,287.0625,0.6959207653999329,294.6265869140625,292.1457214355469,97368.875,46.33256530761719,11.24988787798816,22.464949103798126,0.0,0,EF0,CST-6,01-JAN-22 18:15:00
999644,2022-01-02T01:00:00+00:00,34.5768,-86.7893,174.5625,1.5468850135803223,295.0246887207031,292.47576904296875,97892.1875,44.27669143676758,18.111931546375057,23.462054674552803,0.0,0,EF0,CST-6,01-JAN-22 19:25:00
1071410,2022-12-14T22:00:00+00:00,30.725,-89.3626,573.625,3.2968804836273193,294.774169921875,293.42926025390625,99821.75,46.64246368408203,16.006406408070262,18.8412911373771,0.0,0,EF0,CST-6,14-DEC-22 15:57:00
1071407,2022-12-14T21:00:00+00:00,29.5651,-90.7226,768.4375,24.656551361083984,296.098876953125,293.745849609375,100453.0,43.0058708190918,19.30971631337771,18.60318266677797,0.0,0,EF0,CST-6,14-DEC-22 15:02:00
1071345,2022-12-14T18:00:00+00:00,30.58,-90.37,1344.0,7.406269550323486,295.870361328125,293.9285888671875,100318.6875,44.76786422729492,16.37967049121684,17.281243042108933,1.0,0,EF1,CST-6,14-DEC-22 11:58:00
1142122,2022-12-14T21:00:00+00:00,30.45,-89.97,1010.125,2.3753020763397217,295.755126953125,293.723388671875,100213.0,43.3662223815918,17.251555721844205,19.161566837101983,0.0,0,EF0,CST-6,14-DEC-22 14:54:00
1143754,2022-12-14T23:00:00+00:00,29.9017,-89.5915,559.8125,1.1108089685440063,294.2490234375,293.1624755859375,100507.4375,50.61008834838867,12.834372551080142,18.94189066327283,,0,EFU,CST-6,14-DEC-22 16:43:00
999637,2022-01-01T22:00:00+00:00,34.9631,-87.1858,115.375,26.562557220458984,294.86798095703125,291.63201904296875,97661.8125,42.67243576049805,13.99331366257735,22.20952325953841,1.0,0,EF1,CST-6,01-JAN-22 16:04:00
1144084,2022-12-14T23:00:00+00:00,29.55,-89.73,672.6875,0.7983089685440063,294.4873046875,293.3656005859375,100582.4375,49.59446334838867,11.626383147969426,17.528188411357473,,0,EFU,CST-6,14-DEC-22 17:01:00
1178303,2022-12-14T22:00:00+00:00,30.723,-89.3658,573.625,3.2968804836273193,294.774169921875,293.42926025390625,99821.75,46.64246368408203,16.006406408070262,18.8412911373771,0.0,0,EF0,CST-6,14-DEC-22 15:56:00
1071358,2022-12-14T20:00:00+00:00,29.98,-90.52,993.25,8.093768119812012,296.047607421875,293.6551208496094,100424.9375,43.76402282714844,16.09089546416891,17.460604369585912,2.0,1,EF2,CST-6,14-DEC-22 14:20:00
1072168,2022-12-15T00:00:00+00:00,31.7187,-88.1788,456.25,9.411238670349121,293.734619140625,292.13323974609375,99763.4375,46.08619689941406,17.667649041261274,20.00270194610335,2.0,1,EF2,CST-6,14-DEC-22 17:48:00
1061361,2022-11-30T09:00:00+00:00,31.339,-88.444,754.625,12.269549369812012,294.365234375,293.8080749511719,100572.25,46.88533401489258,19.360465495400355,20.420130537279,3.0,1,EF3,CST-6,30-NOV-22 02:30:00
1072167,2022-12-15T00:00:00+00:00,31.698,-88.202,456.25,9.411238670349121,293.734619140625,292.13323974609375,99763.4375,46.08619689941406,17.667649041261274,20.00270194610335,2.0,1,EF2,CST-6,14-DEC-22 17:44:00
1072169,2022-12-15T00:00:00+00:00,31.68,-88.214,456.25,9.411238670349121,293.734619140625,292.13323974609375,99763.4375,46.08619689941406,17.667649041261274,20.00270194610335,2.0,1,EF2,CST-6,14-DEC-22 17:40:00
1061360,2022-11-30T08:00:00+00:00,31.3351,-88.5049,1064.75,42.832305908203125,295.384765625,294.44317626953125,100517.1875,46.7846794128418,19.07117376860254,20.508195747497407,1.0,0,EF1,CST-6,30-NOV-22 02:27:00
1253716,2022-11-26T22:00:00+00:00,30.5557,-89.8584,589.3125,5.594337463378906,293.366455078125,292.84783935546875,100725.6875,52.762107849121094,18.041655984426555,20.22257656211183,1.0,0,EF1,CST-6,26-NOV-22 15:34:00
1081310,2022-11-30T07:00:00+00:00,31.1116,-90.548,903.0625,0.12512342631816864,295.5518493652344,294.37060546875,99939.6875,42.693199157714844,20.2279454948775,23.066694684716676,1.0,0,EF1,CST-6,30-NOV-22 00:49:00
1061172,2022-11-26T20:00:00+00:00,29.8575,-90.4491,959.5625,4.150481224060059,293.633544921875,293.07464599609375,100892.1875,56.38603973388672,16.04698119170863,19.06875780721196,1.0,0,EF1,CST-6,26-NOV-22 14:18:00
1061176,2022-11-30T07:00:00+00:00,31.0943,-90.6537,903.0625,0.12512342631816864,295.5518493652344,294.37060546875,99939.6875,42.693199157714844,20.2279454948775,23.066694684716676,1.0,0,EF1,CST-6,30-NOV-22 00:38:00
