event_id,begin_time_utc,begin_lat,begin_lon,cape,cin,temp_2m,dewpoint_2m,surface_pressure,tcwv,shear_0_1km,shear_0_3km,ef_category,ef_binary,tor_f_scale_raw,cz_timezone,begin_date_time_raw
544967,2014-10-14T12:00:00+00:00,34.68,-83.21,195.9375,20.343809127807617,292.306640625,291.14404296875,95939.0,43.82636642456055,10.772725239976399,19.40504249303224,0,0,EF0,EST-5,14-OCT-14 07:11:00
544968,2014-10-15T00:00:00+00:00,35.12,-82.24,263.3125,0.9970438480377197,294.164306640625,293.4927673339844,97270.25,49.270076751708984,15.432626190108508,18.578968149713393,0,0,EF0,EST-5,14-OCT-14 19:00:00
520288,2014-05-16T08:00:00+00:00,38.9626,-77.6952,32.125,,290.666015625,289.235595703125,99042.4375,41.55537414550781,4.975721069145244,24.112471914536886,0,0,EF0,EST-5,16-MAY-14 02:31:00
533364,2014-09-04T08:00:00+00:00,46.79,-98.09,2327.0,16.093801498413086,291.403564453125,290.6690979003906,95233.375,38.7393798828125,8.91486360104367,26.902228147875373,0,0,EF0,CST-6,04-SEP-14 02:26:00
543875,2014-09-08T21:00:00+00:00,34.828,-77.902,763.8125,8.218777656555176,297.746337890625,296.45947265625,101420.5,57.88534164428711,7.269840768765724,9.193565030281857,2,1,EF2,EST-5,08-SEP-14 15:45:00
543443,2014-09-10T01:00:00+00:00,40.1757,-95.1212,648.5,161.9362030029297,300.576904296875,292.1560974121094,96683.75,54.97552490234375,12.792384747970145,24.364922661134393,0,0,EF0,CST-6,09-SEP-14 18:35:00
539935,2014-09-01T00:00:00+00:00,42.24,-71.8,262.375,42.809139251708984,297.2509765625,295.01171875,99563.8125,53.621986389160156,9.161235459025988,14.990544587796403,0,0,EF0,EST-5,31-AUG-14 19:10:00
536065,2014-07-31T23:00:00+00:00,48.48,-108.37,1.0,,307.05078125,276.694580078125,92287.875,17.888240814208984,0.9670525921388984,4.684701042307755,0,0,EF0,MST-7,31-JUL-14 16:10:00
543444,2014-09-10T01:00:00+00:00,40.1853,-95.108,648.5,161.9362030029297,300.576904296875,292.1560974121094,96683.75,54.97552490234375,12.792384747970145,24.364922661134393,0,0,EF0,CST-6,09-SEP-14 18:40:00
532956,2014-09-07T18:00:00+00:00,33.4296,-80.3952,2301.375,14.800354957580566,304.67431640625,295.19384765625,100988.5,52.672607421875,2.822817760912742,1.7576992441927752,0,0,EF0,EST-5,07-SEP-14 13:27:00
543175,2014-10-13T11:00:00+00:00,33.7279,-94.2339,441.625,8.937524795532227,294.251220703125,293.93609619140625,99011.5,45.02422332763672,18.465117138108525,23.46405800600529,0,0,EF0,CST-6,13-OCT-14 04:43:00
545640,2014-10-13T22:00:00+00:00,34.208,-88.1077,212.9375,7.953352451324463,296.001220703125,292.743408203125,98875.0,44.18852233886719,17.23233636331492,18.743085542100335,0,0,EF0,CST-6,13-OCT-14 15:43:00
543445,2014-09-10T03:00:00+00:00,39.9877,-94.3508,787.625,33.984405517578125,297.811279296875,294.0988464355469,96909.625,58.449283599853516,15.614952815118967,20.968032901499125,0,0,EF0,CST-6,09-SEP-14 21:22:00
543894,2014-09-02T01:00:00+00:00,36.9279,-95.1,2254.625,37.537811279296875,302.852294921875,293.4599609375,97911.625,58.541046142578125,10.996014126701594,16.195798641757765,0,0,EF0,CST-6,01-SEP-14 18:41:00
545655,2014-10-14T00:00:00+00:00,34.0087,-88.001,466.5,43.82448196411133,293.205810546875,292.99835205078125,98811.75,45.98231887817383,14.445997086800023,16.81603918848641,0,0,EF0,CST-6,13-OCT-14 17:48:00
531385,2014-06-29T11:00:00+00:00,38.82,-100.56,1919.25,99.12093353271484,293.233642578125,292.2275390625,91828.125,41.94426727294922,5.359918058568859,7.24995663502456,1,0,EF1,CST-6,29-JUN-14 05:05:00
543906,2014-09-10T21:00:00+00:00,41.17,-81.4,237.375,204.18763732910156,299.14501953125,293.3523254394531,97219.9375,46.51962661743164,12.697443611393599,19.649155154286827,0,0,EF0,EST-5,10-SEP-14 16:22:00
543907,2014-09-10T21:00:00+00:00,41.191,-81.377,237.375,204.18763732910156,299.14501953125,293.3523254394531,97219.9375,46.51962661743164,12.697443611393599,19.649155154286827,0,0,EF0,EST-5,10-SEP-14 16:29:00
543446,2014-09-10T08:00:00+00:00,40.17,-92.74,928.3125,83.82843780517578,294.4345703125,292.8613586425781,96931.9375,56.75563430786133,18.376097833052615,17.7741008018281,1,0,EF1,CST-6,10-SEP-14 01:40:00
529174,2014-06-18T23:00:00+00:00,44.2509,-99.3672,2671.25,13.796900749206543,296.21728515625,294.07275390625,94351.375,39.85698699951172,6.09328833641294,18.577763791082194,1,0,EF1,CST-6,18-JUN-14 17:05:00
529179,2014-06-18T23:00:00+00:00,44.18,-99.28,2713.25,48.23440170288086,299.07666015625,294.91357421875,94230.375,40.30815887451172,5.2982078589479356,20.07081752038541,0,0,EF0,CST-6,18-JUN-14 17:07:00
541410,2014-09-21T00:00:00+00:00,39.07,-116.51,6.8125,16.91115951538086,295.407958984375,275.995361328125,77772.625,14.919023513793945,0.18007814991600848,1.74295721106138,0,0,EF0,PST-8,20-SEP-14 16:00:00
533367,2014-09-04T09:00:00+00:00,46.65,-97.25,2553.25,45.015628814697266,292.345703125,291.45184326171875,96565.375,43.56584930419922,11.968739144533798,28.88905648235133,1,0,EF1,CST-6,04-SEP-14 03:17:00
543908,2014-09-10T22:00:00+00:00,41.202,-81.299,389.375,284.4063720703125,298.310546875,293.3465576171875,97028.125,46.58597946166992,13.85149845744424,20.2856728863924,0,0,EF0,EST-5,10-SEP-14 16:34:00
526506,2014-07-27T22:00:00+00:00,36.4495,-83.9318,3372.875,26.500144958496094,298.98046875,295.838134765625,96045.0,51.363704681396484,10.317672610195453,19.053892677098155,3,1,EF3,EST-5,27-JUL-14 16:59:00
505769,2014-04-29T18:00:00+00:00,35.17,-77.35,1525.0,97.87504577636719,298.047119140625,293.99609375,101310.875,35.76435852050781,10.015055237410738,14.132381729488564,0,0,EF0,EST-5,29-APR-14 13:25:00
505771,2014-04-30T00:00:00+00:00,35.441,-77.7891,594.125,20.849586486816406,295.49853515625,293.4940185546875,101288.0625,41.62562561035156,11.948464367811527,18.510420356259754,0,0,EF0,EST-5,29-APR-14 18:49:00
546284,2014-10-13T23:00:00+00:00,36.5001,-87.2952,13.6875,,296.832275390625,290.55322265625,98601.5,40.2553825378418,15.220108204764788,21.756798672224043,1,0,EF1,CST-6,13-OCT-14 17:09:00
508483,2014-04-28T01:00:00+00:00,46.8649,-122.2625,104.5,,278.704833984375,276.573974609375,93945.875,8.137761116027832,4.008234227775471,12.14175515024153,0,0,EF0,PST-8,27-APR-14 16:30:00
543909,2014-09-10T22:00:00+00:00,41.335,-81.185,389.375,284.4063720703125,298.310546875,293.3465576171875,97028.125,46.58597946166992,13.85149845744424,20.2856728863924,0,0,EF0,EST-5,10-SEP-14 16:54:00
540903,2014-10-13T12:00:00+00:00,37.1593,-93.6799,33.875,49.671878814697266,289.907470703125,289.488525390625,95651.0,39.186241149902344,13.664916524351092,20.03254307111742,0,0,EF0,CST-6,13-OCT-14 05:58:00
540212,2014-10-03T09:00:00+00:00,34.401,-86.149,1645.1875,4.250219821929932,293.481689453125,292.51202392578125,97972.875,50.139549255371094,16.235744584841367,18.546200227927205,0,0,EF0,CST-6,03-OCT-14 03:02:00
540213,2014-10-03T08:00:00+00:00,34.6881,-86.7267,1412.0625,0.7960856556892395,294.381591796875,292.6039733886719,98288.4375,52.43691635131836,16.327392589152755,19.145666785424037,0,0,EF0,CST-6,03-OCT-14 02:12:00
543185,2014-10-13T14:00:00+00:00,31.9764,-93.6991,763.875,35.807334899902344,294.83154296875,293.113037109375,99759.5,49.51573944091797,18.553695969397346,19.234002105141514,1,0,EF1,CST-6,13-OCT-14 08:00:00
540594,2014-08-20T20:00:00+00:00,43.8995,-113.5916,544.625,19.109468460083008,290.739501953125,279.6298828125,76942.25,16.38617515563965,0.5583824425229693,2.4531263568602415,0,0,EF0,MST-7,20-AUG-14 12:45:00
540907,2014-10-13T11:00:00+00:00,36.5048,-93.39,155.125,83.8593978881836,290.796142578125,290.27789306640625,96086.5,40.98027801513672,15.300431124940268,31.799142731212115,1,0,EF1,CST-6,13-OCT-14 05:25:00
540916,2014-10-13T12:00:00+00:00,37.3537,-93.6061,24.25,47.859378814697266,289.641845703125,289.371337890625,96059.0,40.602256774902344,13.840646937798944,19.670208936911152,0,0,EF0,CST-6,13-OCT-14 06:20:00
533876,2014-08-29T00:00:00+00:00,38.72,-98.92,1262.375,65.2813491821289,298.016357421875,293.390625,94251.9375,32.634979248046875,4.288946186913515,7.878558038658173,1,0,EF1,CST-6,28-AUG-14 17:30:00
537556,2014-09-02T19:00:00+00:00,32.1474,-93.5826,2592.25,65.60716247558594,300.076904296875,296.28759765625,100744.125,58.80312728881836,4.358493500946601,6.167749771654621,1,0,EF1,CST-6,02-SEP-14 13:09:00
530642,2014-06-27T23:00:00+00:00,39.3,-101.54,692.5,855.78125,300.45947265625,285.287109375,88347.3125,26.86119842529297,0.11962881345602373,10.674737150835167,0,0,EF0,MST-7,27-JUN-14 15:40:00
530644,2014-06-27T23:00:00+00:00,39.29,-101.38,692.5,855.78125,300.45947265625,285.287109375,88347.3125,26.86119842529297,0.11962881345602373,10.674737150835167,0,0,EF0,CST-6,27-JUN-14 16:44:00
546254,2014-10-11T02:00:00+00:00,35.8594,-87.3851,717.0,,294.185302734375,293.381103515625,98818.1875,37.794185638427734,9.602479758740046,13.715201744851665,1,0,EF1,CST-6,10-OCT-14 19:35:00
543196,2014-10-13T16:00:00+00:00,32.4375,-92.2781,1352.8125,23.006608963012695,296.943359375,293.1494140625,100151.5,48.415863037109375,16.693461141395655,21.895810041862898,1,0,EF1,CST-6,13-OCT-14 10:11:00
543118,2014-10-13T10:00:00+00:00,32.7681,-95.0456,366.75,4.109462738037109,294.076171875,293.52777099609375,98985.9375,45.3814697265625,17.02539621813306,28.668293516322684,1,0,EF1,CST-6,13-OCT-14 03:52:00
552175,2014-12-23T20:00:00+00:00,31.2273,-89.8331,485.875,3.60616397857666,292.21826171875,291.37994384765625,98999.625,39.376129150390625,13.521272500077677,29.11978309006429,3,1,EF3,CST-6,23-DEC-14 14:20:00
526078,2014-06-13T04:00:00+00:00,34.0312,-88.8194,1394.875,476.2891540527344,297.1533203125,292.932373046875,100040.375,42.64234924316406,3.9519269978208573,9.409873771358344,1,0,EF1,CST-6,12-JUN-14 21:30:00
510331,2014-06-04T04:00:00+00:00,39.97,-96.0455,164.625,315.8558044433594,300.018310546875,291.55535888671875,96650.3125,44.84360885620117,14.000202466495761,22.210418872481103,3,1,EF3,CST-6,03-JUN-14 21:30:00
552705,2014-12-23T21:00:00+00:00,31.6986,-89.2239,422.4375,6.8438615798950195,290.98974609375,290.5924072265625,99029.6875,39.062232971191406,15.607817834828415,29.695492742668787,2,1,EF2,CST-6,23-DEC-14 15:22:00
496343,2014-01-11T13:00:00+00:00,34.3328,-84.5286,200.6875,0.5939393043518066,288.229248046875,287.59027099609375,96633.75,36.991600036621094,16.82117741867449,23.03884399145738,0,0,EF0,EST-5,11-JAN-14 07:37:00
490191,2014-02-21T04:00:00+00:00,35.1935,-86.3331,426.34375,1.5000909566879272,290.05230712890625,288.18304443359375,97369.5,35.98057174682617,16.818603998389932,23.42909452807054,1,0,EF1,CST-6,20-FEB-14 21:53:00
490188,2014-02-21T04:00:00+00:00,35.176,-86.2048,448.4375,5.671966075897217,289.96929931640625,287.44671630859375,96902.5,34.24814987182617,16.99434487854887,24.45288551977182,1,0,EF1,CST-6,20-FEB-14 22:08:00
495581,2014-02-21T13:00:00+00:00,31.43,-83.576,115.5,41.239845275878906,292.547119140625,290.46112060546875,100186.625,39.34907913208008,18.52376669099914,20.005160414195487,0,0,EF0,EST-5,21-FEB-14 08:29:00
490279,2014-02-21T03:00:00+00:00,34.7858,-87.315,353.71875,4.922267436981201,291.3787841796875,288.857177734375,98476.0,37.63987350463867,15.331473215941639,24.100160810509443,1,0,EF1,CST-6,20-FEB-14 20:51:00
549156,2014-12-23T19:00:00+00:00,30.7289,-90.4799,811.4375,0.9063178896903992,293.896484375,292.6756591796875,99471.375,39.01679611206055,16.708420747845157,26.642116682636097,2,1,EF2,CST-6,23-DEC-14 13:19:00
552504,2014-12-23T21:00:00+00:00,31.4143,-89.5509,492.5,4.4844865798950195,291.15087890625,290.7867431640625,99053.6875,38.946998596191406,13.847804910096547,29.64203559002925,0,0,EF0,CST-6,23-DEC-14 14:45:00
552505,2014-12-23T21:00:00+00:00,31.4247,-89.5358,492.5,4.4844865798950195,291.15087890625,290.7867431640625,99053.6875,38.946998596191406,13.847804910096547,29.64203559002925,0,0,EF0,CST-6,23-DEC-14 14:46:00
552506,2014-12-23T22:00:00+00:00,32.0005,-88.4854,182.125,4.677540302276611,290.146728515625,289.518310546875,99204.0,37.64392852783203,15.350844554197895,16.326274447494814,0,0,EF0,CST-6,23-DEC-14 16:27:00
545626,2014-12-15T23:00:00+00:00,31.8276,-89.6172,363.71875,,292.328857421875,289.94879150390625,99997.0625,29.351930618286133,15.729027164540607,17.580992697158557,0,0,EF0,CST-6,15-DEC-14 17:02:00
545631,2014-12-16T00:00:00+00:00,32.3668,-90.7339,531.75,,292.012939453125,290.8792724609375,100480.875,23.544836044311523,14.11918737194159,19.997424004876954,0,0,EF0,CST-6,15-DEC-14 17:56:00
553342,2014-12-24T16:00:00+00:00,34.3124,-77.917,648.0625,1.0371705293655396,292.4539489746094,292.0141296386719,101022.875,48.802738189697266,18.260042839486196,22.55304281902574,1,0,EF1,EST-5,24-DEC-14 10:30:00
511106,2014-06-08T17:00:00+00:00,39.113,-105.0572,1293.3125,364.3594665527344,288.526611328125,280.2757873535156,76154.3125,14.3436861038208,0.7073355812273152,3.5203089237787846,1,0,EF1,MST-7,08-JUN-14 09:55:00
547863,2014-12-29T16:00:00+00:00,30.8157,-83.2833,7.1875,,293.7286071777344,291.72283935546875,101271.0,45.4166374206543,10.659728692197294,13.055906824941044,2,1,EF2,EST-5,29-DEC-14 11:26:00
547874,2014-12-23T19:00:00+00:00,30.77,-83.33,72.25,,291.7724609375,291.3729248046875,100475.375,40.32636642456055,13.88690943586856,23.802548232461337,0,0,EF0,EST-5,23-DEC-14 13:58:00
548993,2014-11-17T08:00:00+00:00,31.5451,-88.0,609.40625,0.6563165783882141,293.542236328125,292.3793029785156,100283.0625,39.115074157714844,19.853139308734647,24.174422622244307,1,0,EF1,CST-6,17-NOV-14 02:00:00
548895,2014-11-17T10:00:00+00:00,31.6093,-86.7471,69.5,28.905487060546875,291.5298156738281,290.633056640625,99649.0,40.7414665222168,17.879149784772242,21.336324954488237,1,0,EF1,CST-6,17-NOV-14 03:59:00
549832,2014-11-23T22:00:00+00:00,32.8818,-84.0179,143.6875,0.3147694170475006,293.016357421875,292.458984375,98939.3125,45.568572998046875,20.016874557186316,21.83866649928469,1,0,EF1,EST-5,23-NOV-14 16:40:00
550479,2014-11-23T22:00:00+00:00,33.0747,-84.2059,130.75,0.4553944170475006,291.883544921875,291.162109375,98114.3125,42.804901123046875,19.508275871561043,21.786348394159468,0,0,EF0,EST-5,23-NOV-14 16:40:00
549850,2014-11-23T22:00:00+00:00,32.3391,-83.5768,155.9375,4.439769268035889,293.651123046875,293.0224609375,99498.3125,48.238494873046875,20.220352989609104,22.150801032099963,0,0,EF0,EST-5,23-NOV-14 17:14:00
490189,2014-02-21T04:00:00+00:00,35.287,-85.992,455.46875,7.671966075897217,290.02105712890625,286.48968505859375,96126.5,31.918071746826172,16.71310898541179,24.939926176537504,1,0,EF1,CST-6,20-FEB-14 22:23:00
490198,2014-02-21T03:00:00+00:00,34.7662,-87.226,353.71875,4.922267436981201,291.3787841796875,288.857177734375,98476.0,37.63987350463867,15.331473215941639,24.100160810509443,1,0,EF1,CST-6,20-FEB-14 20:52:00
511109,2014-06-08T19:00:00+00:00,40.84,-104.23,797.5625,31.31255531311035,291.761474609375,282.0086364746094,84134.8125,24.290687561035156,0.23251553535413685,2.887568801275363,0,0,EF0,MST-7,08-JUN-14 11:54:00
548897,2014-11-17T08:00:00+00:00,31.4418,-88.1545,554.59375,1.6719415187835693,293.643798828125,292.4877014160156,100110.0625,39.380699157714844,20.58697800412138,25.215378048922606,1,0,EF1,CST-6,17-NOV-14 01:37:00
548896,2014-11-17T10:00:00+00:00,31.7369,-86.4303,41.6875,32.514862060546875,291.5024719238281,290.475830078125,99418.0,38.0051383972168,17.624251011199473,21.34209536451773,1,0,EF1,CST-6,17-NOV-14 04:25:00
511111,2014-06-08T19:00:00+00:00,39.7,-104.81,901.5,61.625057220458984,291.426513671875,280.1629333496094,83152.8125,22.895179748535156,0.04529792883201435,1.6584097367479336,1,0,EF1,MST-7,08-JUN-14 11:58:00
501900,2014-02-21T06:00:00+00:00,40.2952,-82.9659,72.125,0.28147658705711365,286.1737060546875,283.45654296875,96289.8125,30.489818572998047,18.657724514278602,18.967368307807842,0,0,EF0,EST-5,21-FEB-14 00:54:00
501833,2014-02-21T04:00:00+00:00,39.889,-84.4078,173.0625,0.12509091198444366,287.07086181640625,284.02679443359375,96504.5,30.672954559326172,19.8756865051005,22.198114018804972,0,0,EF0,EST-5,20-FEB-14 22:53:00
511112,2014-06-08T19:00:00+00:00,40.12,-104.34,1154.0,40.671932220458984,292.438232421875,280.7820739746094,84289.8125,24.689125061035156,0.27433688103117315,2.4709821643090244,0,0,EF0,MST-7,08-JUN-14 12:17:00
511113,2014-06-08T19:00:00+00:00,39.14,-104.82,968.9375,85.60942840576172,289.052490234375,280.5594177246094,78595.8125,19.626625061035156,0.532147668869751,3.5057341656670378,0,0,EF0,MST-7,08-JUN-14 12:12:00
490201,2014-02-21T03:00:00+00:00,34.8798,-87.0707,353.71875,4.922267436981201,291.3787841796875,288.857177734375,98476.0,37.63987350463867,15.331473215941639,24.100160810509443,1,0,EF1,CST-6,20-FEB-14 21:05:00
548126,2014-10-13T18:00:00+00:00,38.4703,-89.9263,433.3125,114.17086029052734,294.228515625,292.088134765625,98577.4375,45.17367935180664,14.454556847763815,25.628826161110737,1,0,EF1,CST-6,13-OCT-14 12:24:00
513655,2014-05-07T22:00:00+00:00,40.13,-103.08,0.0,81.25035858154297,292.8603515625,277.941650390625,84840.0625,12.826944351196289,0.09845190673401304,15.473354457609442,0,0,EF0,MST-7,07-MAY-14 15:22:00
511115,2014-06-08T20:00:00+00:00,39.55,-104.32,1096.4375,9.703191757202148,288.582763671875,283.7974853515625,82240.1875,24.187698364257812,0.03377048418037819,3.894988322177889,0,0,EF0,MST-7,08-JUN-14 12:43:00
547951,2014-09-29T19:00:00+00:00,38.7679,-108.2396,259.125,58.421897888183594,284.76708984375,279.997802734375,79957.125,14.29086971282959,0.22699042849699055,5.210983549863029,0,0,EF0,MST-7,29-SEP-14 12:29:00
513657,2014-05-07T22:00:00+00:00,40.02,-103.03,0.0,67.84410858154297,292.7734375,278.660400390625,85332.0625,13.088663101196289,0.0244923873383129,15.185327313347281,0,0,EF0,MST-7,07-MAY-14 15:05:00
513658,2014-05-07T23:00:00+00:00,40.6,-102.63,0.0,94.60942077636719,291.787841796875,279.895751953125,86466.125,14.701733589172363,0.21291382888485944,17.294774964220128,0,0,EF0,MST-7,07-MAY-14 16:25:00
513659,2014-05-07T21:00:00+00:00,40.23,-104.81,1712.25,18.671932220458984,293.106201171875,276.762451171875,84007.1875,16.14474868774414,0.15521622363006146,7.997779465968536,0,0,EF0,MST-7,07-MAY-14 14:15:00
524714,2014-06-08T17:00:00+00:00,39.1586,-104.9208,1293.3125,364.3594665527344,288.526611328125,280.2757873535156,76154.3125,14.3436861038208,0.7073355812273152,3.5203089237787846,0,0,EF0,MST-7,08-JUN-14 10:06:00
547161,2014-10-14T09:00:00+00:00,32.7979,-84.7091,375.625,18.396509170532227,294.6005859375,291.886962890625,98567.375,48.92613220214844,17.940438004002182,20.335892190306367,1,0,EF1,EST-5,14-OCT-14 03:40:00
525509,2014-06-08T20:00:00+00:00,39.55,-104.32,1096.4375,9.703191757202148,288.582763671875,283.7974853515625,82240.1875,24.187698364257812,0.03377048418037819,3.894988322177889,0,0,EF0,MST-7,08-JUN-14 12:43:00
546759,2014-12-24T22:00:00+00:00,39.728,-82.634,169.125,,287.085693359375,284.821044921875,96161.4375,26.006797790527344,14.411389336630936,24.53700876509301,0,0,EF0,EST-5,24-DEC-14 17:16:00
547191,2014-10-14T10:00:00+00:00,33.9935,-84.3873,237.75,2.1773681640625,292.896484375,291.879150390625,97569.125,46.59489822387695,10.899224805589425,22.733065019434527,0,0,EF0,EST-5,14-OCT-14 04:48:00
547715,2014-11-17T09:00:00+00:00,30.3,-85.92,668.3125,14.322174072265625,294.55682373046875,293.20281982421875,100979.375,36.201873779296875,11.500570189085865,15.552312622976727,0,0,EF0,CST-6,17-NOV-14 02:51:00
548020,2014-12-27T19:00:00+00:00,30.3853,-94.7823,1032.90625,0.7255470752716064,294.40576171875,293.35888671875,101080.625,43.352073669433594,11.85046827101183,18.618313676888945,0,0,EF0,CST-6,27-DEC-14 13:12:00
545589,2014-06-23T03:00:00+00:00,35.9433,-100.5581,1402.75,472.86505126953125,297.407958984375,291.695556640625,91765.4375,38.78834533691406,1.9708931127408404,8.190919705754526,1,0,EF1,CST-6,22-JUN-14 20:50:00
544005,2014-11-17T02:00:00+00:00,30.4023,-90.9214,1099.125,0.11967206746339798,291.8119201660156,290.937255859375,100956.0,40.48251724243164,17.325325533598928,17.45957036096528,0,0,EF0,CST-6,16-NOV-14 19:48:00
544008,2014-11-17T02:00:00+00:00,30.5597,-90.7428,920.0,0.08842206746339798,291.4564514160156,290.659912109375,100799.0,40.74716567993164,16.477583808458707,17.314630573006838,1,0,EF1,CST-6,16-NOV-14 20:11:00
550480,2014-11-23T22:00:00+00:00,33.1532,-84.1128,130.75,0.4553944170475006,291.883544921875,291.162109375,98114.3125,42.804901123046875,19.508275871561043,21.786348394159468,1,0,EF1,EST-5,23-NOV-14 16:49:00
550481,2014-11-23T22:00:00+00:00,33.2026,-84.0638,244.1875,0.3772694170475006,290.350341796875,289.6201171875,98211.3125,44.459197998046875,22.712338272557346,28.690425809549918,0,0,EF0,EST-5,23-NOV-14 16:55:00
549844,2014-11-23T22:00:00+00:00,32.3152,-83.6336,155.9375,4.439769268035889,293.651123046875,293.0224609375,99498.3125,48.238494873046875,20.220352989609104,22.150801032099963,1,0,EF1,EST-5,23-NOV-14 17:10:00
550482,2014-11-23T22:00:00+00:00,33.3932,-83.8894,244.1875,0.3772694170475006,290.350341796875,289.6201171875,98211.3125,44.459197998046875,22.712338272557346,28.690425809549918,0,0,EF0,EST-5,23-NOV-14 17:12:00
549701,2014-11-17T07:00:00+00:00,32.699,-87.4659,568.46875,0.525763988494873,291.34619140625,290.22479248046875,99770.0625,38.79560852050781,18.839845924689644,25.578111364931303,1,0,EF1,CST-6,17-NOV-14 01:11:00
547725,2014-11-17T10:00:00+00:00,30.4025,-85.0746,6.1875,0.29611241817474365,294.1528625488281,293.288330078125,100728.0,35.8586540222168,15.145893702748392,19.382063116662763,2,1,EF2,CST-6,17-NOV-14 04:17:00
550466,2014-11-23T20:00:00+00:00,32.0002,-85.0653,645.15625,9.175567626953125,292.335205078125,291.45123291015625,99170.4375,47.56156921386719,18.922873747424067,23.784907977759172,1,0,EF1,EST-5,23-NOV-14 15:07:00
549857,2014-11-23T20:00:00+00:00,32.0315,-84.8078,542.46875,7.128692150115967,292.648681640625,291.75982666015625,99026.4375,46.39262390136719,18.445027145277106,22.463685395651154,1,0,EF1,EST-5,23-NOV-14 15:27:00
549735,2014-11-17T11:00:00+00:00,31.8436,-86.1844,148.96875,42.08606719970703,291.18548583984375,290.2572021484375,99362.3125,42.850955963134766,17.924596036121244,24.024623782758795,1,0,EF1,CST-6,17-NOV-14 04:45:00
549949,2014-11-17T12:00:00+00:00,32.199,-85.0592,64.53125,85.33040618896484,290.914306640625,289.90093994140625,99342.5,40.04829406738281,17.549039350859385,25.977446809845123,1,0,EF1,CST-6,17-NOV-14 06:24:00
547728,2014-11-17T11:00:00+00:00,30.533,-84.872,0.09375,0.1798180341720581,293.09368896484375,292.5374755859375,100400.3125,36.388065338134766,15.15445125109744,21.7450040379354,1,0,EF1,EST-5,17-NOV-14 05:38:00
550467,2014-11-23T21:00:00+00:00,32.2982,-84.7905,424.875,0.07818221300840378,292.1875,291.7093505859375,98861.125,47.87836837768555,18.263763462508383,23.9134847833299,1,0,EF1,EST-5,23-NOV-14 15:37:00
550468,2014-11-23T21:00:00+00:00,32.5266,-84.6373,434.9375,0.3281822204589844,291.931640625,291.3939208984375,98582.125,47.47602462768555,18.670454325304995,24.190050586229248,1,0,EF1,EST-5,23-NOV-14 15:50:00
550469,2014-11-23T21:00:00+00:00,32.533,-84.6319,434.9375,0.3281822204589844,291.931640625,291.3939208984375,98582.125,47.47602462768555,18.670454325304995,24.190050586229248,1,0,EF1,EST-5,23-NOV-14 15:52:00
550476,2014-11-23T21:00:00+00:00,32.615,-84.5513,512.34375,0.3594322204589844,292.0283203125,291.4974365234375,98506.125,47.15180587768555,18.638537113073575,24.071689685798308,0,0,EF0,EST-5,23-NOV-14 16:01:00
549943,2014-11-17T11:00:00+00:00,31.971,-85.8845,78.8125,44.14856719970703,291.32122802734375,290.3050537109375,99308.3125,40.520877838134766,17.56695869343228,23.244487680897063,0,0,EF0,CST-6,17-NOV-14 05:11:00
549950,2014-11-23T18:00:00+00:00,32.6387,-87.8364,148.375,18.484466552734375,290.546875,289.71734619140625,99630.0625,42.605491638183594,19.792992619398774,22.23286306519679,0,0,EF0,CST-6,23-NOV-14 11:35:00
549951,2014-11-23T20:00:00+00:00,31.9603,-85.094,667.46875,9.566192626953125,292.137939453125,291.25982666015625,99197.4375,48.38969421386719,19.69071554199413,25.020225438210122,1,0,EF1,CST-6,23-NOV-14 14:03:00
549250,2014-11-17T15:00:00+00:00,32.5567,-83.3719,208.25,13.20431137084961,291.79681396484375,290.688232421875,99528.5,43.5311279296875,18.09284558007344,29.269577448682377,1,0,EF1,EST-5,17-NOV-14 09:57:00
490273,2014-02-21T03:00:00+00:00,34.6889,-87.2589,353.71875,4.922267436981201,291.3787841796875,288.857177734375,98476.0,37.63987350463867,15.331473215941639,24.100160810509443,1,0,EF1,CST-6,20-FEB-14 20:45:00
553549,2014-12-14T23:00:00+00:00,35.62,-97.38,763.5625,20.500070571899414,289.42529296875,287.303466796875,96335.875,19.062213897705078,12.014196674547037,24.346772815662817,0,0,EF0,CST-6,14-DEC-14 17:09:00
550477,2014-11-23T21:00:00+00:00,32.8945,-84.3502,447.46875,1.2813072204589844,290.5654296875,289.9779052734375,98091.125,46.24555587768555,19.270040025966605,25.98382685214842,0,0,EF0,EST-5,23-NOV-14 16:20:00
550478,2014-11-23T22:00:00+00:00,32.9907,-84.2586,130.75,0.4553944170475006,291.883544921875,291.162109375,98114.3125,42.804901123046875,19.508275871561043,21.786348394159468,0,0,EF0,EST-5,23-NOV-14 16:33:00
490197,2014-02-21T06:00:00+00:00,34.4941,-85.6754,191.5,0.7971015572547913,290.4110107421875,288.23583984375,96826.8125,31.875560760498047,16.949611601584103,25.350031315156844,2,1,EF2,CST-6,21-FEB-14 00:28:00
511837,2014-06-08T20:00:00+00:00,33.7,-105.3805,253.5625,,295.438232421875,279.1070556640625,80787.1875,15.079298973083496,0.6353222036487183,5.686203538904258,1,0,EF1,MST-7,08-JUN-14 13:23:00
525681,2014-06-07T20:00:00+00:00,38.3663,-91.4706,874.375,45.824798583984375,294.723876953125,293.60302734375,97820.625,36.40937042236328,7.938127101880856,17.691212901870518,0,0,EF0,CST-6,07-JUN-14 13:35:00
525706,2014-06-07T21:00:00+00:00,38.7817,-90.4592,1409.375,13.022924423217773,295.408447265625,293.99456787109375,98872.25,41.36885070800781,11.102673552589762,20.46192261444854,0,0,EF0,CST-6,07-JUN-14 15:14:00
551254,2014-12-24T18:00:00+00:00,31.406,-82.251,217.9375,137.62501525878906,295.157958984375,293.54730224609375,100256.0,44.18740463256836,19.80090765799323,21.466940871450863,1,0,EF1,EST-5,24-DEC-14 12:50:00
547261,2014-12-15T00:00:00+00:00,37.2915,-98.0097,637.125,1.7188166379928589,287.205322265625,285.949951171875,95373.0,15.309065818786621,11.014613654935875,17.491983442057684,0,0,EF0,CST-6,14-DEC-14 17:38:00
525711,2014-06-07T22:00:00+00:00,38.1657,-90.218,919.5,6.609407901763916,296.353271484375,293.767822265625,98835.4375,40.74537658691406,10.133340400785011,19.84661671468082,0,0,EF0,CST-6,07-JUN-14 16:19:00
514046,2014-04-29T03:00:00+00:00,31.7659,-88.9432,1286.6875,83.80879211425781,294.899658203125,294.5408630371094,99424.875,47.556949615478516,12.455907543815616,19.618396583468044,1,0,EF1,CST-6,28-APR-14 20:53:00
514053,2014-04-29T03:00:00+00:00,31.7579,-88.7559,1446.0,76.41816711425781,295.286376953125,294.7859802246094,99511.875,48.168277740478516,15.724725897207271,19.26654095960306,2,1,EF2,CST-6,28-APR-14 21:09:00
547887,2014-12-27T20:00:00+00:00,30.6829,-94.2553,937.28125,4.140728950500488,292.04168701171875,291.4956359863281,100733.8125,43.94472885131836,9.842133035816156,20.741737548545004,1,0,EF1,CST-6,27-DEC-14 14:00:00
547888,2014-12-27T21:00:00+00:00,30.864,-93.979,915.4375,20.312580108642578,292.19708251953125,291.483154296875,100805.375,42.976871490478516,11.760663546534111,22.41283283370214,1,0,EF1,CST-6,27-DEC-14 14:35:00
525712,2014-06-07T23:00:00+00:00,38.2023,-90.0563,495.75,9.875046730041504,296.042724609375,293.9384765625,98979.9375,40.39644241333008,10.781683520811328,17.48293762195978,0,0,EF0,CST-6,07-JUN-14 16:43:00
525714,2014-06-04T10:00:00+00:00,39.1737,-90.3107,26.0,351.72430419921875,295.80419921875,292.3856506347656,98725.25,41.14261245727539,9.229236549973848,21.39141590378662,0,0,EF0,CST-6,04-JUN-14 04:25:00
547716,2014-11-17T12:00:00+00:00,30.699,-85.0191,0.78125,0.11165719479322433,292.801025390625,292.08355712890625,100393.5,40.87153625488281,14.977055734116364,24.085835041256313,0,0,EF0,CST-6,17-NOV-14 05:57:00
542342,2014-09-02T04:00:00+00:00,38.4299,-90.6635,50.625,43.5156364440918,296.04443359375,294.474365234375,98992.5625,49.63864517211914,15.15441219917804,25.59865539308475,1,0,EF1,CST-6,01-SEP-14 21:43:00
547726,2014-11-17T10:00:00+00:00,30.455,-85.0,8.25,0.17111241817474365,293.6743469238281,293.135986328125,100486.0,35.3879508972168,16.52561114919412,19.60134554013619,0,0,EF0,EST-5,17-NOV-14 05:24:00
545435,2014-12-16T05:00:00+00:00,31.0936,-90.0188,264.4453125,0.9220184683799744,291.2229309082031,290.42803955078125,100699.0625,29.51305389404297,12.762470618685414,15.73226132228129,0,0,EF0,CST-6,15-DEC-14 23:18:00
548154,2014-10-13T19:00:00+00:00,38.5363,-89.7248,441.5,2.777867555618286,295.909423828125,291.429443359375,98575.9375,46.17866897583008,16.56435739826413,25.811626286581564,1,0,EF1,CST-6,13-OCT-14 12:43:00
548125,2014-10-13T18:00:00+00:00,38.1272,-90.0143,390.1875,86.60836029052734,293.923828125,292.153564453125,98560.4375,45.08481216430664,16.57997278895313,25.931310261354003,0,0,EF0,CST-6,13-OCT-14 11:59:00
548155,2014-10-13T21:00:00+00:00,38.4767,-88.8985,309.3125,157.3538818359375,297.188232421875,288.58447265625,98417.75,45.66913604736328,19.656538411074852,25.73456189659251,1,0,EF1,CST-6,13-OCT-14 15:10:00
501736,2014-04-13T21:00:00+00:00,33.0181,-94.9673,712.25,15.656325340270996,294.22119140625,293.45343017578125,99217.1875,44.09532928466797,16.469544062579658,22.744946202554974,0,0,EF0,CST-6,13-APR-14 14:46:00
506127,2014-03-30T01:00:00+00:00,35.591,-78.6905,299.9375,,291.5234375,289.27008056640625,99380.25,31.380844116210938,9.874528999528362,16.276730812722263,0,0,EF0,EST-5,29-MAR-14 19:57:00
506130,2014-03-30T01:00:00+00:00,35.6539,-78.6334,299.9375,,291.5234375,289.27008056640625,99380.25,31.380844116210938,9.874528999528362,16.276730812722263,0,0,EF0,EST-5,29-MAR-14 20:08:00
495142,2014-03-06T20:00:00+00:00,26.5793,-80.713,903.875,34.265628814697266,298.0417785644531,293.8445739746094,100941.375,42.97660446166992,8.9330949704559,19.513039008758653,0,0,EF0,EST-5,06-MAR-14 14:30:00
504828,2014-03-27T21:00:00+00:00,39.91,-94.2,875.8125,23.672109603881836,290.685302734375,285.4211730957031,95999.8125,21.278356552124023,15.625126081490032,18.457742398318526,1,0,EF1,CST-6,27-MAR-14 15:03:00
504829,2014-03-27T21:00:00+00:00,40.03,-94.0,758.25,4.0939836502075195,289.888427734375,285.4797668457031,96199.8125,21.752965927124023,15.529968215764693,18.074295759775513,2,1,EF2,CST-6,27-MAR-14 15:22:00
504830,2014-03-27T22:00:00+00:00,40.1,-93.66,51.375,45.87501907348633,287.68212890625,285.1654052734375,96368.5625,20.406192779541016,17.850326309571344,21.817496203282193,0,0,EF0,CST-6,27-MAR-14 15:55:00
553278,2014-12-12T17:00:00+00:00,33.9823,-118.2913,83.125,,285.638671875,282.988525390625,98520.6875,20.682750701904297,7.829207025045023,18.306821315308635,0,0,EF0,PST-8,12-DEC-14 09:20:00
521482,2014-05-19T01:00:00+00:00,42.1,-103.15,915.75,755.9688720703125,295.9541015625,282.63250732421875,86157.4375,21.188194274902344,0.46277305183393497,13.156993905004924,0,0,EF0,MST-7,18-MAY-14 18:20:00
517945,2014-05-14T22:00:00+00:00,39.6808,-83.848,289.5625,18.43998908996582,294.974365234375,291.22943115234375,98004.875,36.32432556152344,7.911969604136695,16.3892964670046,3,1,EF3,EST-5,14-MAY-14 16:44:00
515456,2014-05-15T22:00:00+00:00,35.9538,-78.9347,275.0,27.84784698486328,294.342529296875,293.95654296875,99711.8125,46.41827392578125,13.712417425917977,17.721092359269143,1,0,EF1,EST-5,15-MAY-14 17:10:00
504831,2014-04-27T23:00:00+00:00,38.0371,-94.6419,598.125,235.25001525878906,295.69091796875,286.1015625,96077.5625,25.584102630615234,7.830246401432796,18.230437938084357,2,1,EF2,CST-6,27-APR-14 16:48:00
556824,2014-02-21T17:00:00+00:00,38.1114,-76.9024,50.3125,63.281837463378906,292.84173583984375,287.67791748046875,100383.1875,33.533931732177734,19.3923975533398,26.88794430984331,0,0,EF0,EST-5,21-FEB-14 12:12:00
504907,2014-04-27T18:00:00+00:00,38.9934,-93.9689,1166.875,406.43768310546875,293.8427734375,290.2626953125,96858.6875,35.375240325927734,15.408908133228634,19.510032665293846,0,0,EF0,CST-6,27-APR-14 11:51:00
520455,2014-05-19T01:00:00+00:00,42.01,-103.45,805.375,810.3751220703125,295.4130859375,282.84832763671875,85808.4375,19.795616149902344,0.3051347082825547,12.19807716221432,0,0,EF0,MST-7,18-MAY-14 17:35:00
511995,2014-04-04T12:00:00+00:00,30.3977,-93.1845,859.25,6.953146457672119,294.31005859375,293.0609130859375,101094.25,44.38971710205078,10.51953272040919,9.347919685771192,1,0,EF1,CST-6,04-APR-14 06:23:00
511998,2014-04-04T13:00:00+00:00,30.3718,-92.5016,478.75,67.51271057128906,293.98291015625,292.81610107421875,101260.875,43.457305908203125,10.096380500448113,12.253652560254075,0,0,EF0,CST-6,04-APR-14 07:11:00
510925,2014-05-10T22:00:00+00:00,39.2115,-94.1926,1170.5,12.296942710876465,300.927978515625,288.033935546875,97445.625,30.26558494567871,5.945684567277585,10.195705968406523,2,1,EF2,CST-6,10-MAY-14 16:15:00
501491,2014-02-21T18:00:00+00:00,35.277,-78.258,364.8125,72.48442840576172,295.2562255859375,289.4307556152344,100592.9375,37.72370147705078,17.78854023344295,25.307918839022715,1,0,EF1,EST-5,21-FEB-14 13:26:00
510345,2014-04-20T22:00:00+00:00,39.4,-100.9376,90.0,572.9144897460938,297.90966796875,283.088623046875,90280.4375,19.693981170654297,0.19972756489849972,1.1895251226967358,0,0,EF0,CST-6,20-APR-14 16:10:00
499431,2014-02-21T03:00:00+00:00,30.6913,-92.3903,267.625,97.9691390991211,293.0516357421875,292.598388671875,100810.0,38.76389694213867,12.577438589514758,18.690185075800564,1,0,EF1,CST-6,20-FEB-14 20:33:00
508506,2014-05-15T13:00:00+00:00,30.1615,-82.7894,230.5,2.1820080280303955,295.490966796875,294.68328857421875,100996.4375,51.56776428222656,8.465686412597755,11.54956768111914,1,0,EF1,EST-5,15-MAY-14 08:15:00
493361,2014-03-06T17:00:00+00:00,27.865,-82.85,56.0625,47.061492919921875,292.0311279296875,290.550048828125,101308.6875,35.19820785522461,11.216865493150832,19.385130500571684,0,0,EF0,EST-5,06-MAR-14 12:00:00
493362,2014-03-06T18:00:00+00:00,27.982,-82.604,17.625,,291.6983642578125,290.15216064453125,101055.6875,33.83468246459961,6.64752750321966,24.193117205044953,0,0,EF0,EST-5,06-MAR-14 12:38:00
524803,2014-06-19T19:00:00+00:00,43.15,-95.15,1357.625,42.828399658203125,296.896484375,293.85791015625,96301.625,45.74038314819336,5.841059137379342,11.122890326395355,0,0,EF0,CST-6,19-JUN-14 12:30:00
507817,2014-04-28T19:00:00+00:00,32.7526,-90.6067,2344.25,60.398189544677734,297.299072265625,293.91845703125,99822.4375,41.44389724731445,13.784117501808266,19.625227229087194,0,0,EF0,CST-6,28-APR-14 12:57:00
511839,2014-06-10T02:00:00+00:00,33.3226,-80.5837,1057.8125,719.234375,299.605712890625,294.57244873046875,100798.5625,38.978057861328125,5.022149817555323,12.726833218214516,0,0,EF0,EST-5,09-JUN-14 21:17:00
508379,2014-04-28T23:00:00+00:00,33.5251,-88.3037,444.5,37.81255340576172,296.59619140625,293.857177734375,99027.5625,40.62761688232422,16.199106532860007,25.25164862293963,1,0,EF1,CST-6,28-APR-14 17:19:00
508278,2014-04-28T22:00:00+00:00,33.2852,-88.7323,758.375,71.0069351196289,298.686279296875,293.6514587402344,99120.6875,40.97642517089844,14.487486614572761,26.702638111231998,1,0,EF1,CST-6,28-APR-14 16:26:00
520841,2014-07-07T05:00:00+00:00,42.9858,-84.9056,1571.875,17.812732696533203,296.03076171875,294.374755859375,97649.75,43.61026382446289,14.70056461380749,14.666065980464014,0,0,EF0,EST-5,06-JUL-14 23:34:00
520842,2014-07-07T05:00:00+00:00,43.02,-84.65,1536.25,24.047107696533203,296.11474609375,294.245849609375,97801.75,43.25088882446289,14.644517677705,14.810472775858003,0,0,EF0,EST-5,07-JUL-14 00:00:00
513755,2014-05-22T20:00:00+00:00,42.82,-74.19,1053.9375,17.680797576904297,290.21337890625,288.927734375,97423.1875,21.34687042236328,1.7018193662687084,12.974335803784776,3,1,EF3,EST-5,22-MAY-14 14:33:00
530632,2014-06-24T17:00:00+00:00,39.4104,-86.7271,531.75,10.799388885498047,301.0576171875,293.424560546875,98677.1875,49.8792610168457,6.207677497597684,11.080683825605512,0,0,EF0,EST-5,24-JUN-14 12:15:00
517601,2014-06-05T19:00:00+00:00,43.63,-96.9,1677.4375,141.9814453125,295.97705078125,288.9405517578125,95793.8125,24.447065353393555,2.7198247392630375,13.275672456492254,0,0,EF0,CST-6,05-JUN-14 13:14:00
510202,2014-06-01T23:00:00+00:00,46.85,-97.29,134.625,222.14337158203125,296.97802734375,290.356689453125,97177.0625,33.112457275390625,1.9548627423886886,6.077594416087276,0,0,EF0,CST-6,01-JUN-14 17:21:00
512258,2014-06-11T18:00:00+00:00,48.11,-98.81,95.6875,25.83487892150879,290.23095703125,285.27490234375,95737.875,24.065425872802734,4.224608702017772,1.4991310772894666,0,0,EF0,CST-6,11-JUN-14 12:14:00
533230,2014-06-22T02:00:00+00:00,47.63,-96.4411,829.75,410.1082458496094,297.095458984375,287.92919921875,97377.4375,31.84656524658203,11.392762478114363,8.815631189887776,1,0,EF1,CST-6,21-JUN-14 19:35:00
533232,2014-06-20T22:00:00+00:00,46.4134,-95.6082,63.5,,298.10693359375,289.150146484375,96178.0625,26.228046417236328,4.823727455862364,16.667461352729642,0,0,EF0,CST-6,20-JUN-14 16:10:00
516099,2014-04-29T01:00:00+00:00,32.3703,-89.4564,1111.375,114.90628814697266,295.26513671875,293.30010986328125,98860.3125,43.45651626586914,15.426504379676773,18.87543888728292,3,1,EF3,CST-6,28-APR-14 18:36:00
517989,2014-06-05T21:00:00+00:00,43.41,-96.664,2214.125,41.461997985839844,296.953369140625,289.1716613769531,96084.4375,24.40312957763672,1.7844912653278646,9.164983178092026,0,0,EF0,CST-6,05-JUN-14 14:40:00
513757,2014-05-22T20:00:00+00:00,42.7336,-74.1512,1053.9375,17.680797576904297,290.21337890625,288.927734375,97423.1875,21.34687042236328,1.7018193662687084,12.974335803784776,1,0,EF1,EST-5,22-MAY-14 14:54:00
532844,2014-06-07T00:00:00+00:00,37.99,-101.22,1261.5,415.67193603515625,297.9091796875,287.69842529296875,90194.25,26.952686309814453,0.40433187012339483,9.957111407186417,0,0,EF0,CST-6,06-JUN-14 17:47:00
532845,2014-06-07T00:00:00+00:00,37.9843,-101.1479,1261.5,415.67193603515625,297.9091796875,287.69842529296875,90194.25,26.952686309814453,0.40433187012339483,9.957111407186417,0,0,EF0,CST-6,06-JUN-14 17:58:00
532846,2014-06-07T00:00:00+00:00,38.01,-101.13,1261.5,415.67193603515625,297.9091796875,287.69842529296875,90194.25,26.952686309814453,0.40433187012339483,9.957111407186417,0,0,EF0,CST-6,06-JUN-14 17:59:00
530627,2014-06-24T19:00:00+00:00,39.7398,-86.3266,358.75,40.60939407348633,297.429443359375,292.65625,98188.1875,49.16313171386719,6.076313969510704,8.785443614086349,1,0,EF1,EST-5,24-JUN-14 13:38:00
530638,2014-06-24T18:00:00+00:00,39.4986,-86.6312,264.875,25.76612663269043,298.776611328125,293.722412109375,98556.25,50.092376708984375,5.692334873997252,10.043696984414293,1,0,EF1,EST-5,24-JUN-14 12:30:00
515239,2014-06-27T19:00:00+00:00,30.0599,-92.8295,1891.25,25.95319366455078,300.012939453125,297.3359375,101581.375,56.0039176940918,9.50080442052304,10.259916750882134,0,0,EF0,CST-6,27-JUN-14 12:46:00
521562,2014-05-10T18:00:00+00:00,43.9914,-112.6153,437.625,4.460104465484619,281.16845703125,271.52972412109375,81276.8125,7.549591064453125,0.0706027503304087,2.7533467329121395,0,0,EF0,MST-7,10-MAY-14 10:47:00
521581,2014-05-22T01:00:00+00:00,42.8465,-113.0487,0.0,,294.18701171875,263.3527526855469,85036.5,6.643041610717773,0.17614544900075937,5.625657227084494,0,0,EF0,MST-7,21-MAY-14 17:40:00
508389,2014-04-29T00:00:00+00:00,32.3261,-89.7294,1165.0,81.5313949584961,294.98828125,293.54620361328125,98822.5625,45.299530029296875,15.44640852755568,18.711588784521663,1,0,EF1,CST-6,28-APR-14 18:14:00
519036,2014-06-05T22:00:00+00:00,43.71,-96.32,1159.5625,68.550048828125,295.82568359375,288.095458984375,95402.5,24.27691650390625,1.3842919941081626,11.19119440518176,0,0,EF0,CST-6,05-JUN-14 16:05:00
519041,2014-06-06T00:00:00+00:00,43.92,-95.94,1057.625,9.843769073486328,294.892822265625,289.23504638671875,95176.9375,24.334232330322266,2.269581263428607,12.94085407953799,0,0,EF0,CST-6,05-JUN-14 17:49:00
512273,2014-06-11T23:00:00+00:00,46.5538,-94.9473,298.625,109.12519073486328,292.208984375,289.599365234375,95771.5,30.32932472229004,4.494253737671493,14.93382915514456,1,0,EF1,CST-6,11-JUN-14 17:15:00
535401,2014-07-28T20:00:00+00:00,43.66,-70.68,1689.5,24.375030517578125,295.576171875,294.454345703125,98631.5625,39.58637237548828,6.656753827855259,11.537241990741865,1,0,EF1,EST-5,28-JUL-14 14:49:00
523274,2014-06-13T23:00:00+00:00,48.43,-109.23,4.875,,290.53955078125,282.12432861328125,90472.625,17.5139217376709,0.6347834270451438,6.393102597358246,0,0,EF0,MST-7,13-JUN-14 15:45:00
516966,2014-05-26T23:00:00+00:00,31.87,-101.3807,729.125,,301.349365234375,287.0693359375,92062.25,29.37761878967285,0.5702406633054915,15.527057982460207,0,0,EF0,CST-6,26-MAY-14 17:26:00
516967,2014-05-27T00:00:00+00:00,31.8462,-101.3554,933.3125,,299.20849609375,285.886474609375,92068.1875,31.212656021118164,1.0569632052617755,17.329195521453286,0,0,EF0,CST-6,26-MAY-14 17:42:00
516993,2014-05-26T21:00:00+00:00,32.4985,-102.1052,912.8125,55.32816696166992,299.42724609375,291.82806396484375,90998.8125,27.64175033569336,0.480120586280971,12.691186756398624,0,0,EF0,CST-6,26-MAY-14 14:38:00
516102,2014-04-29T01:00:00+00:00,32.3824,-89.2825,1261.1875,68.85941314697266,295.11083984375,293.33331298828125,98916.3125,43.99948501586914,15.196359307717225,20.00595958782757,1,0,EF1,CST-6,28-APR-14 18:54:00
516115,2014-04-29T01:00:00+00:00,32.4116,-89.1147,1107.125,87.67191314697266,295.01611328125,293.22589111328125,98753.3125,42.86374282836914,15.906661346488574,19.12077936745757,2,1,EF2,CST-6,28-APR-14 19:12:00
516685,2014-06-18T12:00:00+00:00,43.1564,-89.7122,1061.25,17.468799591064453,294.040283203125,292.55712890625,97710.75,42.675437927246094,8.506928204731272,21.319714960126014,0,0,EF0,CST-6,18-JUN-14 06:27:00
519638,2014-05-13T00:00:00+00:00,41.3474,-82.0332,1822.125,99.54700469970703,296.960693359375,291.2190856933594,98556.75,44.112762451171875,8.7681802333041,14.496216564041013,0,0,EF0,EST-5,12-MAY-14 18:45:00
513343,2014-06-18T02:00:00+00:00,43.13,-75.58,715.75,27.031314849853516,297.052001953125,292.8273620605469,97484.375,47.97907638549805,15.908256472924123,21.450137163591467,1,0,EF1,EST-5,17-JUN-14 21:03:00
520531,2014-06-18T04:00:00+00:00,43.5975,-97.0583,2619.125,473.3518371582031,295.028076171875,294.375244140625,95428.25,29.434831619262695,7.636629642719267,19.261307322442956,2,1,EF2,CST-6,17-JUN-14 21:44:00
521194,2014-06-18T04:00:00+00:00,43.27,-96.0,2585.875,269.5393371582031,296.173583984375,295.365478515625,95697.25,30.586198806762695,6.67828279389242,21.14282849946084,0,0,EF0,CST-6,17-JUN-14 22:27:00
525632,2014-06-18T04:00:00+00:00,42.426,-97.0177,4721.5,797.992431640625,297.844482421875,296.502197265625,95579.25,35.88893127441406,12.367339428907894,16.912018294239576,1,0,EF1,CST-6,17-JUN-14 21:45:00
519639,2014-05-13T00:00:00+00:00,41.086,-81.864,2039.375,141.6563720703125,297.065185546875,291.4368591308594,98073.75,42.636199951171875,8.431876344685023,13.813213788292929,0,0,EF0,EST-5,12-MAY-14 19:15:00
526756,2014-06-15T09:00:00+00:00,38.7347,-94.5357,500.25,,294.608642578125,291.77276611328125,97235.3125,34.26494598388672,15.355982165422072,11.753111563954048,0,0,EF0,CST-6,15-JUN-14 03:17:00
517719,2014-06-09T01:00:00+00:00,32.35,-104.0843,453.625,208.6012420654297,296.865478515625,291.7568359375,89398.625,30.46282958984375,0.12181587118355759,14.43387418089551,0,0,EF0,MST-7,08-JUN-14 18:05:00
508149,2014-04-28T20:00:00+00:00,33.4039,-89.6647,1468.25,43.78133010864258,295.80029296875,293.62890625,98917.5625,40.3646125793457,13.483819971238544,22.048863099422185,1,0,EF1,CST-6,28-APR-14 13:51:00
534829,2014-06-22T00:00:00+00:00,38.07,-101.75,381.25,343.7947998046875,303.925048828125,285.929931640625,89069.6875,28.563982009887695,0.16793159569588625,10.20008040367964,0,0,EF0,MST-7,21-JUN-14 16:43:00
528941,2014-06-28T19:00:00+00:00,29.8018,-95.4824,2846.25,126.67195892333984,303.16259765625,299.064453125,101129.25,53.296287536621094,7.087331722654577,8.648591886048369,0,0,EF0,CST-6,28-JUN-14 13:25:00
516904,2014-06-19T01:00:00+00:00,41.1059,-79.2986,1762.5,134.48451232910156,294.75927734375,293.297607421875,96553.3125,44.1834602355957,6.775772142896101,13.91359697848486,0,0,EF0,EST-5,18-JUN-14 19:49:00
516467,2014-05-12T02:00:00+00:00,43.1031,-95.9293,721.75,32.32820129394531,290.260498046875,288.21490478515625,95537.1875,36.91271209716797,10.381671571470383,20.436287906077254,0,0,EF0,CST-6,11-MAY-14 19:50:00
516468,2014-05-12T02:00:00+00:00,43.178,-95.814,557.0625,28.45319938659668,289.726318359375,287.38482666015625,95322.1875,35.90196990966797,9.59659923728033,20.21208344006452,0,0,EF0,CST-6,11-MAY-14 19:59:00
516472,2014-05-12T01:00:00+00:00,42.8713,-96.7332,641.75,23.406517028808594,288.803955078125,286.0749206542969,95922.9375,34.21253204345703,7.729612433320754,24.89306377232364,0,0,EF0,CST-6,11-MAY-14 18:32:00
533809,2014-08-21T20:00:00+00:00,41.07,-79.01,1219.125,63.953330993652344,296.8330078125,292.309814453125,96014.4375,31.62021827697754,3.3014300483313885,10.986210696274343,0,0,EF0,EST-5,21-AUG-14 15:27:00
528098,2014-07-17T01:00:00+00:00,36.0292,-102.0838,707.25,148.18753051757812,297.880859375,289.376708984375,88211.1875,29.782493591308594,0.23493069850161086,6.22979736935039,0,0,EF0,CST-6,16-JUL-14 19:23:00
508285,2014-04-28T23:00:00+00:00,33.3011,-88.6286,618.25,39.73442840576172,295.57470703125,294.247802734375,99078.5625,43.10027313232422,17.345660821646096,24.19278903283367,1,0,EF1,CST-6,28-APR-14 16:39:00
516084,2014-04-29T00:00:00+00:00,33.4382,-88.4064,120.375,84.9376449584961,294.732421875,293.36944580078125,99287.5625,41.972381591796875,18.85768743145431,25.768639252333738,2,1,EF2,CST-6,28-APR-14 17:38:00
537077,2014-07-14T00:00:00+00:00,39.3996,-78.1886,13.5,36.593788146972656,299.613037109375,292.843505859375,98270.25,47.831451416015625,5.396349608660842,11.497942997117107,0,0,EF0,EST-5,13-JUL-14 18:37:00
525393,2014-06-25T21:00:00+00:00,28.3177,-97.2761,1214.125,160.7031707763672,300.835205078125,296.823974609375,101191.0625,49.33928680419922,0.5230927300151847,6.17403221566091,0,0,EF0,CST-6,25-JUN-14 15:14:00
522849,2014-06-05T23:00:00+00:00,34.6123,-84.5534,1407.75,212.52688598632812,296.5390625,294.5097351074219,95982.375,39.976409912109375,7.858192441944975,12.87269758284673,0,0,EF0,EST-5,05-JUN-14 18:21:00
516264,2014-05-11T01:00:00+00:00,37.6598,-96.2804,592.875,125.93768310546875,294.380615234375,291.7481689453125,96630.8125,30.064617156982422,10.417419169169747,13.05625124889535,0,0,EF0,CST-6,10-MAY-14 19:16:00
508289,2014-04-28T23:00:00+00:00,33.3664,-88.538,457.25,42.54692840576172,297.02783203125,294.059326171875,99245.5625,41.07878875732422,16.788690839800292,24.972225668230205,2,1,EF2,CST-6,28-APR-14 16:53:00
511323,2014-05-24T01:00:00+00:00,32.2718,-103.4672,919.125,34.221160888671875,295.1640625,289.8115539550781,89479.125,28.84271812438965,0.5284916831301476,13.152138325986071,0,0,EF0,MST-7,23-MAY-14 18:05:00
523679,2014-07-22T01:00:00+00:00,47.82,-97.57,1357.875,37.001197814941406,294.7607421875,293.715576171875,97161.8125,53.265953063964844,8.20216464772301,16.973373342315806,1,0,EF1,CST-6,21-JUL-14 19:29:00
531559,2014-06-24T01:00:00+00:00,34.8701,-95.5599,483.25,94.15630340576172,296.9189453125,293.864990234375,98204.9375,39.697853088378906,4.517733959476694,5.684673399003183,0,0,EF0,CST-6,23-JUN-14 18:59:00
516624,2014-04-29T03:00:00+00:00,31.7419,-89.0892,1011.4375,60.19941711425781,294.704345703125,294.4344177246094,99331.875,45.418277740478516,10.853632242733399,20.171954610861672,3,1,EF3,CST-6,28-APR-14 20:40:00
516089,2014-04-29T00:00:00+00:00,32.6746,-89.4246,828.25,93.3438949584961,294.4775390625,293.39385986328125,98679.5625,45.468475341796875,18.262616901680534,19.769076839420052,1,0,EF1,CST-6,28-APR-14 18:08:00
508375,2014-04-28T23:00:00+00:00,32.5141,-90.1947,2396.125,76.79692840576172,294.91845703125,293.924560546875,99140.5625,52.06218719482422,12.949407167391762,18.35917263777281,1,0,EF1,CST-6,28-APR-14 17:00:00
516125,2014-04-29T02:00:00+00:00,32.4284,-88.9152,1198.0,78.71881103515625,294.5703125,293.005859375,98842.125,41.14311218261719,15.763137373179074,19.654522145551077,1,0,EF1,CST-6,28-APR-14 19:39:00
508376,2014-04-28T23:00:00+00:00,32.5886,-90.0994,2396.125,76.79692840576172,294.91845703125,293.924560546875,99140.5625,52.06218719482422,12.949407167391762,18.35917263777281,0,0,EF0,CST-6,28-APR-14 17:13:00
524795,2014-06-19T03:00:00+00:00,44.48,-95.75,2421.5,5.54313325881958,295.6123046875,293.68798828125,96855.1875,46.62969970703125,12.373955407102361,18.84255955328465,0,0,EF0,CST-6,18-JUN-14 21:24:00
535345,2014-07-27T21:00:00+00:00,43.8971,-70.587,462.375,2.053776741027832,295.151123046875,293.505126953125,98972.5625,35.53995132446289,11.605334908257047,9.889997769584742,0,0,EF0,EST-5,27-JUL-14 16:05:00
508377,2014-04-28T23:00:00+00:00,33.49,-88.39,486.375,43.07817840576172,295.61865234375,294.210693359375,99177.5625,42.77898406982422,16.683845236954426,24.885550976565675,1,0,EF1,CST-6,28-APR-14 17:08:00
508268,2014-04-28T22:00:00+00:00,32.2835,-90.8697,2798.875,30.16318702697754,295.899169921875,294.8760681152344,99427.6875,47.01255798339844,13.547247527832093,18.526461538877168,1,0,EF1,CST-6,28-APR-14 15:56:00
513101,2014-06-19T21:00:00+00:00,45.2761,-95.6648,1037.0,117.07276916503906,298.199462890625,294.017578125,97214.5,41.982566833496094,7.087473645746712,13.073587570415862,0,0,EF0,CST-6,19-JUN-14 15:13:00
513103,2014-06-19T22:00:00+00:00,45.0164,-95.5637,451.4375,42.95738220214844,297.384033203125,293.942626953125,97298.5,34.86061477661133,5.995657285302837,10.003629196066317,0,0,EF0,CST-6,19-JUN-14 15:37:00
513107,2014-06-19T22:00:00+00:00,44.9307,-95.4879,451.4375,42.95738220214844,297.384033203125,293.942626953125,97298.5,34.86061477661133,5.995657285302837,10.003629196066317,0,0,EF0,CST-6,19-JUN-14 15:45:00
533112,2014-07-13T03:00:00+00:00,41.2141,-90.4256,296.875,45.42980194091797,298.046875,293.355224609375,98773.625,54.7371826171875,12.718832179483783,14.547823064383943,1,0,EF1,CST-6,12-JUL-14 21:00:00
526638,2014-06-11T23:00:00+00:00,45.6587,-97.6692,42.0,20.04706382751465,291.310546875,289.082763671875,94895.5,30.00315284729004,2.8991050633786175,12.89593660954372,1,0,EF1,CST-6,11-JUN-14 17:18:00
517654,2014-07-07T02:00:00+00:00,41.8202,-93.0568,3845.375,127.96887969970703,296.24951171875,293.57659912109375,97432.9375,44.78701400756836,10.688591938485137,18.33615871109976,0,0,EF0,CST-6,06-JUL-14 19:45:00
511127,2014-06-04T22:00:00+00:00,39.76,-104.4,540.0,,301.205810546875,278.8671875,83026.6875,18.16594886779785,0.10868919473619441,7.8621069981698355,0,0,EF0,MST-7,04-JUN-14 15:01:00
537968,2014-07-27T17:00:00+00:00,41.6055,-72.9833,843.5,17.98441505432129,296.178955078125,293.383056640625,99241.3125,34.45587921142578,7.333274588146033,12.180145705423893,0,0,EF0,EST-5,27-JUL-14 11:50:00
533090,2014-07-13T02:00:00+00:00,41.2584,-90.7362,393.375,129.26568603515625,300.255615234375,292.8638916015625,98763.5625,53.32129669189453,12.456774781869663,14.862406045607136,0,0,EF0,CST-6,12-JUL-14 20:20:00
533105,2014-07-13T03:00:00+00:00,41.2674,-90.6666,364.625,37.19542694091797,297.3212890625,293.586669921875,98832.625,55.7313232421875,12.1103605835964,14.573351343224465,1,0,EF1,CST-6,12-JUL-14 20:30:00
533109,2014-07-13T03:00:00+00:00,41.2387,-90.5289,296.875,45.42980194091797,298.046875,293.355224609375,98773.625,54.7371826171875,12.718832179483783,14.547823064383943,1,0,EF1,CST-6,12-JUL-14 20:46:00
531080,2014-06-17T05:00:00+00:00,42.8157,-89.7947,1910.5,268.2501525878906,295.5927734375,291.345703125,97551.0625,45.37071990966797,17.327153824926995,17.55386053668602,1,0,EF1,CST-6,16-JUN-14 22:36:00
511715,2014-06-07T00:00:00+00:00,34.4876,-103.335,1291.125,130.26568603515625,303.9609375,285.06170654296875,85876.25,33.33549880981445,0.24926596184911098,6.517248437201101,0,0,EF0,MST-7,06-JUN-14 16:35:00
532445,2014-08-09T21:00:00+00:00,39.8176,-101.8778,2190.75,228.46884155273438,301.182861328125,291.17138671875,89073.6875,29.24818992614746,0.05829034972357719,2.942861165653659,0,0,EF0,CST-6,09-AUG-14 14:45:00
531088,2014-06-17T05:00:00+00:00,42.825,-89.7828,1910.5,268.2501525878906,295.5927734375,291.345703125,97551.0625,45.37071990966797,17.327153824926995,17.55386053668602,1,0,EF1,CST-6,16-JUN-14 22:36:00
531642,2014-07-28T22:00:00+00:00,39.83,-104.79,17.375,,301.070556640625,286.71484375,84161.8125,25.66546630859375,0.12740759248881284,4.842730058377308,0,0,EF0,MST-7,28-JUL-14 15:09:00
531643,2014-07-28T22:00:00+00:00,40.06,-104.8,25.75,111.48458862304688,302.479736328125,287.013671875,85253.8125,25.63323974609375,0.11411079147805639,3.0761698000504483,0,0,EF0,MST-7,28-JUL-14 14:53:00
536548,2014-07-23T23:00:00+00:00,32.429,-90.0285,3126.375,63.20314025878906,299.904052734375,298.5439453125,100281.5,48.35826873779297,1.509280860069532,5.596628818900174,0,0,EF0,CST-6,23-JUL-14 17:26:00
533272,2014-06-05T22:00:00+00:00,46.7493,-97.3052,1025.375,62.846923828125,297.48876953125,288.748779296875,97329.5,25.63824462890625,2.5305140870286973,9.18341253797335,0,0,EF0,CST-6,05-JUN-14 16:02:00
537475,2014-08-16T21:00:00+00:00,26.42,-80.27,8734.75,38.96323776245117,301.2744140625,294.734619140625,101730.9375,49.055660247802734,4.358488080402127,4.123421976920089,0,0,EF0,EST-5,16-AUG-14 15:33:00
528939,2014-06-27T16:00:00+00:00,30.1343,-94.9272,1900.5,53.02239990234375,299.8388671875,297.546630859375,101192.125,49.47799301147461,10.396836572664968,13.257073762198948,0,0,EF0,CST-6,27-JUN-14 10:07:00
514453,2014-06-11T23:00:00+00:00,40.02,-78.42,1010.625,2.6251893043518066,293.2998046875,292.327880859375,96186.5,43.565650939941406,8.735493720904232,16.337767619609824,1,0,EF1,EST-5,11-JUN-14 18:10:00
530937,2014-06-23T23:00:00+00:00,41.2301,-81.8305,502.5,119.90644073486328,300.144775390625,292.4794921875,98257.9375,47.0596923828125,3.360896541443873,10.24916729556639,1,0,EF1,EST-5,23-JUN-14 17:55:00
535028,2014-06-17T04:00:00+00:00,42.8054,-90.3731,1413.875,326.50115966796875,295.5927734375,290.7373046875,97465.8125,45.90251922607422,16.95804799990815,17.0054653176837,1,0,EF1,CST-6,16-JUN-14 22:00:00
519123,2014-06-06T20:00:00+00:00,40.85,-104.27,1113.625,40.30480194091797,298.0224609375,286.20465087890625,84076.875,19.746135711669922,0.4390530380219889,5.505459034894047,0,0,EF0,MST-7,06-JUN-14 12:56:00
529960,2014-07-01T04:00:00+00:00,41.4787,-86.6837,15.25,232.07725524902344,296.156982421875,292.867431640625,98138.4375,42.08449935913086,6.863997246458071,16.641462748624352,1,0,EF1,CST-6,30-JUN-14 22:24:00
533306,2014-06-05T21:00:00+00:00,46.0193,-97.9442,987.8125,52.821372985839844,298.019775390625,289.1277160644531,96182.4375,24.20391082763672,1.8372090232283942,5.635739579743336,0,0,EF0,CST-6,05-JUN-14 15:25:00
528790,2014-07-28T01:00:00+00:00,39.186,-83.6645,1228.75,211.61993408203125,296.569580078125,291.599853515625,97058.5,31.170408248901367,11.706395062205173,14.275715855210077,0,0,EF0,EST-5,27-JUL-14 19:39:00
519124,2014-06-06T21:00:00+00:00,40.82,-102.61,1144.8125,126.43763732910156,297.9990234375,290.0819091796875,87376.125,24.518545150756836,0.21103406530048452,5.612547501427011,0,0,EF0,MST-7,06-JUN-14 13:53:00
532481,2014-08-09T21:00:00+00:00,39.6848,-101.6931,2215.125,193.39071655273438,302.924072265625,291.95849609375,89581.6875,30.30873680114746,0.15181845262891222,2.8666179928190036,0,0,EF0,CST-6,09-AUG-14 14:57:00
519125,2014-06-06T20:00:00+00:00,40.17,-104.33,1045.5,145.5391845703125,301.806640625,283.20367431640625,84880.875,19.150432586669922,0.08652055485114894,3.047873270747555,0,0,EF0,MST-7,06-JUN-14 13:20:00
531448,2014-06-19T20:00:00+00:00,44.36,-101.47,128.375,,297.22314453125,281.42333984375,93165.5,18.500415802001953,1.0466402383556745,2.1670948376994463,0,0,EF0,MST-7,19-JUN-14 13:03:00
532078,2014-06-19T19:00:00+00:00,44.6507,-102.0932,993.5,67.21902465820312,295.40234375,283.80615234375,92742.625,19.62319564819336,0.0625260678268904,5.869090104518518,0,0,EF0,MST-7,19-JUN-14 12:05:00
530497,2014-07-01T04:00:00+00:00,41.5625,-86.858,52.75,171.68663024902344,296.536865234375,293.090087890625,98266.4375,43.30520248413086,4.171405463859015,17.314445398850623,1,0,EF1,CST-6,30-JUN-14 22:11:00
514013,2014-06-16T21:00:00+00:00,41.893,-97.33,4192.75,240.71875,299.93798828125,294.81317138671875,94371.125,38.819034576416016,9.362063428105703,13.830572794137819,4,1,EF4,CST-6,16-JUN-14 14:42:00
514043,2014-06-16T22:00:00+00:00,42.091,-96.9449,1350.5,42.703128814697266,298.635498046875,294.6284484863281,94754.625,43.928165435791016,16.124387921249713,11.690831727041726,2,1,EF2,CST-6,16-JUN-14 15:30:00
535821,2014-07-07T01:00:00+00:00,48.028,-102.742,188.625,,299.98046875,287.6872253417969,93535.3125,31.22796630859375,2.474494533558751,18.150669994555653,0,0,EF0,MST-7,06-JUL-14 18:25:00
538500,2014-07-01T05:00:00+00:00,41.0516,-85.6567,1431.25,218.9823455810547,297.095458984375,293.828369140625,97844.6875,44.36015319824219,13.55077886765275,13.951271206416127,1,0,EF1,EST-5,01-JUL-14 00:22:00
538299,2014-07-01T05:00:00+00:00,41.1979,-85.9217,1092.75,151.6229705810547,296.805419921875,293.445556640625,97806.6875,45.38359069824219,13.395165672151222,15.239463546517948,1,0,EF1,EST-5,01-JUL-14 00:06:00
513106,2014-06-19T21:00:00+00:00,45.3015,-95.7448,1037.0,117.07276916503906,298.199462890625,294.017578125,97214.5,41.982566833496094,7.087473645746712,13.073587570415862,0,0,EF0,CST-6,19-JUN-14 15:00:00
513108,2014-06-19T22:00:00+00:00,45.3242,-95.5615,488.9375,22.285505294799805,296.284423828125,294.295166015625,97117.5,35.12721633911133,6.309344801844089,9.305500441534013,0,0,EF0,CST-6,19-JUN-14 15:32:00
535462,2014-07-31T20:00:00+00:00,40.9837,-116.3827,126.875,,301.557861328125,278.672119140625,82927.4375,19.649486541748047,0.15909786436610193,0.8146997767643008,0,0,EF0,PST-8,31-JUL-14 12:10:00
516599,2014-06-17T10:00:00+00:00,42.5323,-89.6119,370.0,293.2188415527344,293.99267578125,290.180419921875,97569.1875,43.049983978271484,11.570235579639974,24.65002798473863,1,0,EF1,CST-6,17-JUN-14 03:40:00
526602,2014-06-19T00:00:00+00:00,45.99,-99.43,1210.75,19.171939849853516,294.492431640625,292.720947265625,93780.75,40.69502258300781,7.812833869518869,12.361320209737267,0,0,EF0,CST-6,18-JUN-14 18:08:00
526567,2014-06-10T19:00:00+00:00,34.6437,-86.0211,1631.25,44.37501525878906,298.750732421875,293.3489990234375,97462.25,44.840301513671875,9.928702727131611,18.42595383567964,1,0,EF1,CST-6,10-JUN-14 12:44:00
532483,2014-08-09T22:00:00+00:00,39.62,-101.63,3946.875,181.0470428466797,303.96728515625,291.79296875,89152.875,34.15272903442383,0.18069229352690497,8.692758435943459,0,0,EF0,CST-6,09-AUG-14 15:55:00
532800,2014-06-04T01:00:00+00:00,38.11,-101.26,1362.75,,305.6123046875,285.03515625,89690.8125,30.679691314697266,0.7277822275581695,21.42486021042453,0,0,EF0,CST-6,03-JUN-14 19:20:00
517238,2014-06-27T20:00:00+00:00,44.9294,-91.7668,1496.25,34.601463317871094,299.25439453125,292.379638671875,97506.75,45.38417434692383,8.481545458635043,12.736331714679457,1,0,EF1,CST-6,27-JUN-14 14:03:00
532652,2014-08-21T10:00:00+00:00,44.04,-94.92,562.75,13.046881675720215,295.72900390625,294.37109375,96441.25,49.84235382080078,11.015118574033583,16.28097466517116,0,0,EF0,CST-6,21-AUG-14 04:20:00
531979,2014-06-19T21:00:00+00:00,45.7709,-95.7135,849.625,52.6821403503418,297.317626953125,293.861328125,96617.5,41.554832458496094,8.134047755259699,13.849888525854542,0,0,EF0,CST-6,19-JUN-14 15:16:00
529454,2014-06-13T01:00:00+00:00,30.9321,-98.0402,4067.125,72.64063262939453,299.60546875,295.92279052734375,97353.1875,52.044151306152344,5.973062666017719,3.5511123453812714,0,0,EF0,CST-6,12-JUN-14 19:18:00
530614,2014-06-13T23:00:00+00:00,44.714,-104.573,808.125,,296.82568359375,284.33038330078125,86439.625,20.1252498626709,0.4042563532442979,9.561322446763937,2,1,EF2,MST-7,13-JUN-14 15:41:00
511949,2014-06-08T22:00:00+00:00,35.91,-104.83,1261.625,37.437564849853516,290.892578125,284.202392578125,79767.4375,21.62657928466797,0.3202384259586116,7.220111852636488,0,0,EF0,MST-7,08-JUN-14 14:45:00
511951,2014-06-08T23:00:00+00:00,36.44,-104.59,1029.75,25.12520980834961,288.435302734375,283.6337890625,79480.0,23.591272354125977,0.8356333923584653,9.990574387301232,0,0,EF0,MST-7,08-JUN-14 15:35:00
530498,2014-07-01T04:00:00+00:00,41.4189,-86.6409,15.25,232.07725524902344,296.156982421875,292.867431640625,98138.4375,42.08449935913086,6.863997246458071,16.641462748624352,1,0,EF1,CST-6,30-JUN-14 22:25:00
531670,2014-06-17T16:00:00+00:00,44.3722,-83.8247,1114.5,35.064430236816406,297.115966796875,293.8056640625,97690.0625,45.36642837524414,16.644975158527618,25.529251484476823,1,0,EF1,EST-5,17-JUN-14 10:57:00
514022,2014-06-16T22:00:00+00:00,42.0908,-96.931,1350.5,42.703128814697266,298.635498046875,294.6284484863281,94754.625,43.928165435791016,16.124387921249713,11.690831727041726,4,1,EF4,CST-6,16-JUN-14 15:37:00
514393,2014-06-18T01:00:00+00:00,42.5606,-97.3137,4442.125,92.21002197265625,299.439697265625,295.2047119140625,95041.8125,27.25929832458496,10.32393039795097,20.721898423070996,1,0,EF1,CST-6,17-JUN-14 18:57:00
540447,2014-08-15T21:00:00+00:00,32.2659,-109.9993,1374.375,96.6406478881836,302.00390625,290.04083251953125,86226.3125,33.84272766113281,0.11776287728284429,1.4060746763871044,0,0,EF0,MST-7,15-AUG-14 13:39:00
538950,2014-10-03T01:00:00+00:00,34.5556,-92.0302,863.375,39.10565185546875,297.45458984375,295.0577087402344,100035.4375,54.11675262451172,10.160366736396515,17.431419954345,1,0,EF1,CST-6,02-OCT-14 19:28:00
539597,2014-10-13T14:00:00+00:00,34.5441,-92.0074,1294.125,137.19796752929688,295.08837890625,292.932373046875,99681.5,50.34777069091797,16.02104048950199,26.531553393288764,1,0,EF1,CST-6,13-OCT-14 08:27:00
541929,2014-10-13T21:00:00+00:00,38.3715,-88.7566,369.0,221.7288818359375,297.048583984375,289.24853515625,98655.75,44.52948760986328,19.17455301873252,25.874286846003876,1,0,EF1,CST-6,13-OCT-14 15:07:00
517655,2014-07-07T02:00:00+00:00,41.5155,-94.2749,4409.375,397.9688720703125,301.82861328125,295.24163818359375,96903.9375,39.73525619506836,8.62336754867918,15.58463726168537,0,0,EF0,CST-6,06-JUL-14 19:41:00
531259,2014-06-10T23:00:00+00:00,38.9889,-86.94,469.5,51.84379196166992,295.02001953125,293.583740234375,98468.875,40.710201263427734,10.05190278957111,16.449596444301466,0,0,EF0,EST-5,10-JUN-14 18:23:00
511717,2014-06-07T15:00:00+00:00,36.25,-103.28,1180.8125,159.4019775390625,287.96044921875,285.21160888671875,85464.4375,29.317800521850586,0.029807175706502223,8.402542949428364,0,0,EF0,MST-7,07-JUN-14 07:33:00
511719,2014-06-07T23:00:00+00:00,34.2557,-105.6118,534.75,,301.088623046875,275.4921875,80237.9375,16.433551788330078,0.2638727580754169,1.7111668661909096,0,0,EF0,MST-7,07-JUN-14 15:58:00
519749,2014-06-15T01:00:00+00:00,40.2937,-99.0621,1876.625,273.8170471191406,302.544921875,292.47772216796875,92488.875,32.90834426879883,6.127874921559043,12.605679873930738,0,0,EF0,CST-6,14-JUN-14 18:31:00
519752,2014-06-15T01:00:00+00:00,40.0516,-98.6851,1508.25,393.9264221191406,303.1669921875,292.60076904296875,93103.875,30.940570831298828,8.971173460553537,16.57677578392591,0,0,EF0,CST-6,14-JUN-14 19:25:00
519758,2014-06-15T03:00:00+00:00,40.7197,-98.2167,1751.375,232.34510803222656,296.605224609375,292.079833984375,93597.375,40.85218048095703,9.514131355473102,17.59551613131346,0,0,EF0,CST-6,14-JUN-14 21:05:00
519762,2014-06-15T03:00:00+00:00,40.7197,-98.2167,1751.375,232.34510803222656,296.605224609375,292.079833984375,93597.375,40.85218048095703,9.514131355473102,17.59551613131346,0,0,EF0,CST-6,14-JUN-14 21:24:00
530499,2014-07-01T04:00:00+00:00,41.4187,-86.5304,140.75,309.7803649902344,295.940185546875,292.889892578125,98037.4375,42.45852279663086,8.876019476574678,16.02648588621122,1,0,EF1,CST-6,30-JUN-14 22:29:00
514399,2014-06-18T02:00:00+00:00,42.4822,-97.0599,3375.875,456.87506103515625,298.019775390625,295.2189636230469,95433.375,24.644115447998047,11.502210683256841,20.374247661187933,2,1,EF2,CST-6,17-JUN-14 20:28:00
531661,2014-08-17T23:00:00+00:00,37.3,-87.0154,1797.5,2.271174430847168,297.59765625,296.7725830078125,99309.3125,55.50752258300781,6.592601568201762,11.83291150833984,0,0,EF0,CST-6,17-AUG-14 16:31:00
539781,2014-10-13T13:00:00+00:00,34.0405,-92.9554,379.875,29.830392837524414,294.084228515625,293.51123046875,99422.5,46.78759765625,18.93538142199095,21.17059427293413,1,0,EF1,CST-6,13-OCT-14 06:40:00
524574,2014-07-07T02:00:00+00:00,41.7245,-92.9674,3845.375,127.96887969970703,296.24951171875,293.57659912109375,97432.9375,44.78701400756836,10.688591938485137,18.33615871109976,0,0,EF0,CST-6,06-JUL-14 20:15:00
526580,2014-07-07T01:00:00+00:00,42.2975,-92.5902,3765.875,94.09384155273438,299.67578125,295.4333190917969,97198.3125,41.22406005859375,9.962736718224768,16.35390011001408,0,0,EF0,CST-6,06-JUL-14 19:08:00
511833,2014-06-08T01:00:00+00:00,33.6912,-104.5281,399.625,,304.034423828125,275.85772705078125,87267.1875,19.3624267578125,0.23875042850751965,11.296930502877666,0,0,EF0,MST-7,07-JUN-14 18:25:00
532080,2014-09-02T01:00:00+00:00,37.1237,-96.7113,4028.0,43.772186279296875,297.326904296875,294.5146484375,96624.625,53.318389892578125,13.755038875175607,16.90917772815769,0,0,EF0,CST-6,01-SEP-14 19:01:00
514395,2014-06-18T01:00:00+00:00,42.5371,-97.2563,4442.125,92.21002197265625,299.439697265625,295.2047119140625,95041.8125,27.25929832458496,10.32393039795097,20.721898423070996,3,1,EF3,CST-6,17-JUN-14 19:09:00
514397,2014-06-18T02:00:00+00:00,42.5078,-97.0519,3375.875,456.87506103515625,298.019775390625,295.2189636230469,95433.375,24.644115447998047,11.502210683256841,20.374247661187933,1,0,EF1,CST-6,17-JUN-14 20:10:00
516633,2014-06-17T04:00:00+00:00,42.8119,-90.3672,1413.875,326.50115966796875,295.5927734375,290.7373046875,97465.8125,45.90251922607422,16.95804799990815,17.0054653176837,1,0,EF1,CST-6,16-JUN-14 22:00:00
516637,2014-06-17T04:00:00+00:00,42.8128,-90.3535,1413.875,326.50115966796875,295.5927734375,290.7373046875,97465.8125,45.90251922607422,16.95804799990815,17.0054653176837,1,0,EF1,CST-6,16-JUN-14 22:01:00
526589,2014-07-07T01:00:00+00:00,42.2969,-92.5898,3765.875,94.09384155273438,299.67578125,295.4333190917969,97198.3125,41.22406005859375,9.962736718224768,16.35390011001408,0,0,EF0,CST-6,06-JUL-14 19:09:00
526467,2014-06-23T00:00:00+00:00,40.4,-104.12,942.125,,295.208740234375,282.720703125,85588.4375,24.94377899169922,0.30362623478315703,9.004665414240204,0,0,EF0,MST-7,22-JUN-14 17:06:00
532079,2014-06-19T20:00:00+00:00,44.5591,-102.1125,998.5,65.15635681152344,296.01025390625,282.15380859375,92750.5,19.806079864501953,0.4243120060506067,4.111944719961713,0,0,EF0,MST-7,19-JUN-14 12:45:00
526417,2014-06-17T02:00:00+00:00,46.71,-102.9,1174.0,53.84382247924805,292.83642578125,288.23895263671875,91379.3125,24.733505249023438,2.1829924676654944,3.8841809630392077,0,0,EF0,MST-7,16-JUN-14 19:23:00
531383,2014-06-30T03:00:00+00:00,42.9705,-90.2243,952.5,179.1654052734375,297.60546875,293.55419921875,97460.6875,37.689971923828125,12.445674819422864,14.544304856599648,2,1,EF2,CST-6,29-JUN-14 21:26:00
531395,2014-06-30T04:00:00+00:00,42.9541,-89.3773,984.0,253.85951232910156,296.728271484375,292.712646484375,97571.625,35.27690505981445,12.586426207277556,15.193860314429427,1,0,EF1,CST-6,29-JUN-14 22:27:00
529813,2014-06-22T01:00:00+00:00,45.3,-100.89,1245.625,75.52251434326172,294.4248046875,289.555908203125,93740.375,32.608245849609375,2.9927401233204534,7.930990490459715,0,0,EF0,MST-7,21-JUN-14 17:45:00
533808,2014-08-21T20:00:00+00:00,41.09,-78.99,1219.125,63.953330993652344,296.8330078125,292.309814453125,96014.4375,31.62021827697754,3.3014300483313885,10.986210696274343,0,0,EF0,EST-5,21-AUG-14 15:25:00
530732,2014-07-01T05:00:00+00:00,41.346,-86.4435,445.625,93.23234558105469,297.197998046875,293.351806640625,98089.6875,47.16777038574219,10.502786181701067,17.79446797334846,1,0,EF1,EST-5,30-JUN-14 23:35:00
540463,2014-08-09T22:00:00+00:00,44.7104,-96.4848,222.875,50.53141784667969,295.94482421875,291.673828125,96545.875,37.89979934692383,6.421154656301162,9.459934037702457,0,0,EF0,CST-6,09-AUG-14 15:30:00
525546,2014-06-19T03:00:00+00:00,40.23,-103.07,1200.125,71.74626159667969,288.029296875,284.62548828125,86538.1875,31.83673095703125,0.41459633419568315,14.930209728768885,0,0,EF0,MST-7,18-JUN-14 19:36:00
525547,2014-06-19T02:00:00+00:00,40.3,-103.07,1659.0,68.90406036376953,294.637939453125,282.284912109375,86266.6875,28.2911434173584,0.5576318279082672,13.597333792086907,0,0,EF0,MST-7,18-JUN-14 19:26:00
529456,2014-06-13T01:00:00+00:00,30.8685,-98.0875,3680.125,93.25000762939453,299.4716796875,295.71575927734375,96854.1875,52.915245056152344,5.940334403259475,6.192744067885776,2,1,EF2,CST-6,12-JUN-14 19:25:00
533743,2014-08-11T19:00:00+00:00,40.15,-82.056,1450.625,35.22660446166992,297.21484375,295.024658203125,97879.9375,39.695072174072266,7.828045402334635,12.50286161469291,0,0,EF0,EST-5,11-AUG-14 14:00:00
529466,2014-08-15T18:00:00+00:00,27.52,-80.3563,4585.25,58.01567459106445,301.92626953125,296.88720703125,101602.0,56.230411529541016,5.100671746789993,4.4398229637851525,0,0,EF0,EST-5,15-AUG-14 12:55:00
541928,2014-10-13T21:00:00+00:00,38.4443,-88.9185,309.3125,157.3538818359375,297.188232421875,288.58447265625,98417.75,45.66913604736328,19.656538411074852,25.73456189659251,1,0,EF1,CST-6,13-OCT-14 15:06:00
525550,2014-06-19T02:00:00+00:00,40.38,-102.95,1659.0,68.90406036376953,294.637939453125,282.284912109375,86266.6875,28.2911434173584,0.5576318279082672,13.597333792086907,0,0,EF0,MST-7,18-JUN-14 19:16:00
511709,2014-06-06T22:00:00+00:00,36.51,-104.22,304.75,60.8245849609375,298.31787109375,281.1171875,80003.0,22.093730926513672,0.5100289354516766,4.7264948708858805,0,0,EF0,MST-7,06-JUN-14 15:25:00
516316,2014-06-30T18:00:00+00:00,41.4638,-94.4672,3355.375,212.3888702392578,299.216064453125,294.818115234375,96183.75,53.30964660644531,3.068639120435156,26.423570699570337,1,0,EF1,CST-6,30-JUN-14 11:42:00
516317,2014-06-30T19:00:00+00:00,42.2117,-92.5253,4523.875,31.31287384033203,297.766357421875,295.389404296875,97281.375,48.95635986328125,3.9001624987857415,12.378276971500568,2,1,EF2,CST-6,30-JUN-14 13:02:00
514026,2014-06-16T21:00:00+00:00,41.9742,-97.04,3891.875,35.937503814697266,299.77978515625,294.48699951171875,94854.125,40.913761138916016,10.504271043100427,15.733961980948804,1,0,EF1,CST-6,16-JUN-14 15:13:00
514014,2014-06-16T21:00:00+00:00,41.9528,-97.1369,4110.625,57.578128814697266,299.37646484375,294.46551513671875,94623.125,40.788761138916016,9.821102430294085,15.09856840274253,4,1,EF4,CST-6,16-JUN-14 15:00:00
532082,2014-09-02T01:00:00+00:00,37.0552,-96.5181,3947.75,41.209686279296875,296.946044921875,294.7099609375,96985.625,54.514678955078125,13.799411561692983,18.697573231145277,1,0,EF1,CST-6,01-SEP-14 19:25:00
530733,2014-07-01T05:00:00+00:00,41.361,-86.2893,687.0,121.65422058105469,297.049560546875,293.425048828125,97960.6875,46.20780944824219,12.195708046179167,16.197265200102542,1,0,EF1,EST-5,30-JUN-14 23:41:00
538346,2014-07-01T05:00:00+00:00,41.0437,-85.8119,1431.25,218.9823455810547,297.095458984375,293.828369140625,97844.6875,44.36015319824219,13.55077886765275,13.951271206416127,0,0,EF0,EST-5,01-JUL-14 00:12:00
525397,2014-06-30T18:00:00+00:00,41.3993,-93.9163,2697.25,394.6388854980469,300.691650390625,295.524169921875,96696.75,48.73249816894531,3.5156823994772197,25.568433211518883,1,0,EF1,CST-6,30-JUN-14 12:15:00
526790,2014-06-30T18:00:00+00:00,42.1635,-93.2637,3909.875,23.873249053955078,295.604248046875,294.311279296875,96765.75,42.94441223144531,3.741811542311008,14.032592197788022,0,0,EF0,CST-6,30-JUN-14 12:02:00
511720,2014-06-07T23:00:00+00:00,34.2501,-105.6394,534.75,,301.088623046875,275.4921875,80237.9375,16.433551788330078,0.2638727580754169,1.7111668661909096,0,0,EF0,MST-7,07-JUN-14 16:14:00
516318,2014-06-30T18:00:00+00:00,41.4042,-93.9532,2697.25,394.6388854980469,300.691650390625,295.524169921875,96696.75,48.73249816894531,3.5156823994772197,25.568433211518883,1,0,EF1,CST-6,30-JUN-14 12:13:00
511129,2014-06-05T02:00:00+00:00,39.56,-103.58,346.0,,295.46826171875,279.1711730957031,83439.6875,20.38357162475586,0.0497468767408274,11.960588251393258,0,0,EF0,MST-7,04-JUN-14 19:15:00
511130,2014-06-05T04:00:00+00:00,39.2971,-103.7415,1528.375,523.043701171875,291.24169921875,285.4920654296875,83059.875,24.939783096313477,0.35368669504222183,12.769322203236461,1,0,EF1,MST-7,04-JUN-14 21:15:00
514042,2014-06-16T21:00:00+00:00,41.9797,-97.0198,3891.875,35.937503814697266,299.77978515625,294.48699951171875,94854.125,40.913761138916016,10.504271043100427,15.733961980948804,4,1,EF4,CST-6,16-JUN-14 15:17:00
514015,2014-06-16T21:00:00+00:00,42.0297,-97.0193,3891.875,35.937503814697266,299.77978515625,294.48699951171875,94854.125,40.913761138916016,10.504271043100427,15.733961980948804,3,1,EF3,CST-6,16-JUN-14 15:21:00
529029,2014-07-08T00:00:00+00:00,38.7711,-84.9331,2354.75,171.45318603515625,299.329345703125,293.66455078125,98314.875,51.86860656738281,13.675395948610413,12.908746088993283,0,0,EF0,EST-5,07-JUL-14 18:40:00
532303,2014-09-02T04:00:00+00:00,37.0257,-94.427,1655.625,97.95314025878906,296.16552734375,295.567138671875,97552.5625,51.70016860961914,13.618710696886266,15.08850352320256,1,0,EF1,CST-6,01-SEP-14 22:14:00
532304,2014-09-02T05:00:00+00:00,37.0137,-94.1192,1651.125,13.430052757263184,296.06005859375,295.368896484375,97161.125,50.099449157714844,14.166459368002585,14.371908478027912,0,0,EF0,CST-6,01-SEP-14 22:36:00
517788,2014-06-03T21:00:00+00:00,41.7341,-99.0582,2068.8125,1.3955270051956177,304.059326171875,288.9244689941406,92784.3125,42.215667724609375,3.1951213318619556,16.650668322809555,0,0,EF0,CST-6,03-JUN-14 15:18:00
531014,2014-06-05T22:00:00+00:00,34.7135,-86.9759,718.6875,54.034423828125,296.99267578125,294.822021484375,98964.5,41.07965087890625,9.916600656248274,9.379630750807033,1,0,EF1,CST-6,05-JUN-14 15:34:00
525883,2014-06-21T21:00:00+00:00,39.8,-104.59,79.125,,302.416259765625,274.431884765625,83134.9375,16.755083084106445,0.036880017803476155,1.9659689214136358,0,0,EF0,MST-7,21-JUN-14 13:42:00
525884,2014-06-21T21:00:00+00:00,39.8,-104.42,277.625,37.57817459106445,301.735595703125,277.319580078125,83069.9375,19.073442459106445,0.057167371219273413,1.8266450621298957,0,0,EF0,MST-7,21-JUN-14 14:11:00
525887,2014-06-21T21:00:00+00:00,40.0,-104.64,57.625,,302.723876953125,275.561767578125,84247.9375,16.817583084106445,0.1961828594557337,1.900054416779959,1,0,EF1,MST-7,21-JUN-14 13:36:00
526801,2014-06-30T18:00:00+00:00,42.2087,-93.1306,3909.875,23.873249053955078,295.604248046875,294.311279296875,96765.75,42.94441223144531,3.741811542311008,14.032592197788022,1,0,EF1,CST-6,30-JUN-14 12:17:00
526796,2014-06-30T18:00:00+00:00,42.1802,-93.2316,3909.875,23.873249053955078,295.604248046875,294.311279296875,96765.75,42.94441223144531,3.741811542311008,14.032592197788022,1,0,EF1,CST-6,30-JUN-14 12:05:00
526807,2014-06-30T18:00:00+00:00,42.1714,-93.1434,3909.875,23.873249053955078,295.604248046875,294.311279296875,96765.75,42.94441223144531,3.741811542311008,14.032592197788022,0,0,EF0,CST-6,30-JUN-14 12:15:00
526397,2014-06-02T00:00:00+00:00,46.98,-98.94,2.9375,286.7944030761719,295.9716796875,288.041015625,94826.1875,29.27923583984375,1.5990506151331252,5.030815772962926,0,0,EF0,CST-6,01-JUN-14 18:03:00
511134,2014-06-05T05:00:00+00:00,39.17,-103.32,3426.0,286.125,290.524169921875,286.69580078125,84261.0,30.90544319152832,0.2999730224786467,15.642006662986901,0,0,EF0,MST-7,04-JUN-14 21:44:00
526468,2014-06-14T23:00:00+00:00,39.56,-103.53,930.0,192.5000457763672,293.342041015625,283.9625244140625,83342.3125,25.259449005126953,0.2788103526833255,11.140919278119165,0,0,EF0,MST-7,14-JUN-14 16:11:00
530615,2014-06-26T00:00:00+00:00,44.572,-104.62,1737.25,355.4219055175781,293.6318359375,288.7060546875,86284.125,24.60016632080078,0.07021227401456724,9.879997632408422,1,0,EF1,MST-7,25-JUN-14 17:05:00
530653,2014-06-26T23:00:00+00:00,44.053,-105.689,1749.125,21.90654945373535,299.496337890625,285.63427734375,84235.125,33.26181411743164,0.08169609969903194,4.645186261702197,0,0,EF0,MST-7,26-JUN-14 15:55:00
538949,2014-10-03T01:00:00+00:00,34.5317,-92.1162,661.125,25.527524948120117,296.71630859375,294.5899353027344,99858.4375,52.92632293701172,11.027590243540255,18.082207854853678,0,0,EF0,CST-6,02-OCT-14 19:24:00
538306,2014-07-01T05:00:00+00:00,41.4124,-85.9189,940.25,119.35734558105469,296.498779296875,293.180908203125,97821.6875,46.07792663574219,13.192139466636206,15.736994550581269,0,0,EF0,EST-5,01-JUL-14 00:06:00
538952,2014-10-03T02:00:00+00:00,34.6272,-91.5553,440.125,6.5651535987854,295.9970703125,293.78533935546875,100221.0,53.47502517700195,11.120131539809602,13.69441990140423,1,0,EF1,CST-6,02-OCT-14 19:55:00
538088,2014-07-08T23:00:00+00:00,43.778,-75.5766,572.75,26.113399505615234,295.564208984375,293.208251953125,95591.875,50.08085632324219,10.910517165634348,25.231576217151286,1,0,EF1,EST-5,08-JUL-14 17:48:00
531379,2014-06-30T03:00:00+00:00,43.0123,-90.4216,1128.25,165.5247802734375,297.5400390625,293.76806640625,97486.6875,39.022979736328125,12.351981472902851,14.230109381000224,2,1,EF2,CST-6,29-JUN-14 21:18:00
511952,2014-06-08T23:00:00+00:00,36.5019,-104.5384,1032.25,52.20333480834961,289.478271484375,283.6357421875,80360.0,24.476037979125977,0.3448615536389612,7.708522981926065,0,0,EF0,MST-7,08-JUN-14 15:40:00
526808,2014-06-30T18:00:00+00:00,42.2091,-93.0535,4154.125,48.45137405395508,296.794677734375,294.597412109375,96946.75,42.74128723144531,4.026905198745921,12.992243216708927,0,0,EF0,CST-6,30-JUN-14 12:23:00
526839,2014-06-30T18:00:00+00:00,41.3891,-93.7385,2798.75,403.8576354980469,300.970947265625,295.777099609375,96981.75,47.73152160644531,3.7477583719589793,24.17231112603287,1,0,EF1,CST-6,30-JUN-14 12:27:00
517520,2014-07-07T00:00:00+00:00,42.6341,-92.8757,4826.0,102.42189025878906,300.671630859375,296.353515625,96912.5,39.69343185424805,9.50753385357548,15.515078870759435,0,0,EF0,CST-6,06-JUL-14 18:00:00
514044,2014-06-16T22:00:00+00:00,42.127,-96.8686,1350.5,42.703128814697266,298.635498046875,294.6284484863281,94754.625,43.928165435791016,16.124387921249713,11.690831727041726,4,1,EF4,CST-6,16-JUN-14 15:40:00
517790,2014-06-03T22:00:00+00:00,41.6372,-98.5321,1177.875,2.9735143184661865,299.058837890625,293.9407653808594,93382.625,43.67292404174805,3.713741393983839,13.91493290324148,0,0,EF0,CST-6,03-JUN-14 16:01:00
541972,2014-10-13T19:00:00+00:00,36.9498,-90.1113,804.3125,0.10599249601364136,296.132080078125,292.135498046875,98562.9375,50.63960647583008,18.03347159140365,24.481537962149734,1,0,EF1,CST-6,13-OCT-14 12:30:00
514401,2014-06-18T03:00:00+00:00,42.4988,-97.0407,3519.375,,297.79052734375,296.384765625,95507.6875,27.589147567749023,11.682175000572345,19.306626859292326,2,1,EF2,CST-6,17-JUN-14 20:45:00
518050,2014-06-17T01:00:00+00:00,42.8134,-92.3349,1627.625,553.7344360351562,297.3759765625,290.9344177246094,97086.3125,44.73761749267578,12.145738631942244,16.91885520554428,0,0,EF0,CST-6,16-JUN-14 19:12:00
516605,2014-06-17T04:00:00+00:00,42.8208,-90.2636,1622.75,421.42303466796875,295.8916015625,291.115234375,97487.8125,47.40642547607422,17.15722120382452,17.754358639697745,1,0,EF1,CST-6,16-JUN-14 22:10:00
517645,2014-07-07T01:00:00+00:00,42.3327,-92.6384,3765.875,94.09384155273438,299.67578125,295.4333190917969,97198.3125,41.22406005859375,9.962736718224768,16.35390011001408,1,0,EF1,CST-6,06-JUL-14 18:58:00
539608,2014-10-13T10:00:00+00:00,34.5766,-94.3911,242.375,5.296962738037109,292.5478515625,292.27093505859375,96125.9375,42.7467041015625,14.691458387973176,36.00530787082869,1,0,EF1,CST-6,13-OCT-14 04:04:00
517646,2014-07-07T01:00:00+00:00,42.2878,-92.5499,3622.625,81.18759155273438,299.7529296875,295.2145690917969,97325.3125,43.03851318359375,9.92124396948099,15.699886864470896,1,0,EF1,CST-6,06-JUL-14 19:12:00
531674,2014-08-17T22:00:00+00:00,37.7191,-87.5226,844.125,53.33074188232422,298.152099609375,297.03900146484375,99557.25,52.68770980834961,3.824807090081599,10.645534262851164,1,0,EF1,CST-6,17-AUG-14 15:33:00
542447,2014-09-10T02:00:00+00:00,38.7557,-90.5923,0.125,,297.284912109375,291.87261962890625,99026.3125,42.63482666015625,12.200690350197428,12.99329556087338,0,0,EF0,CST-6,09-SEP-14 20:10:00
528564,2014-08-18T21:00:00+00:00,44.2299,-88.6176,871.125,21.984621047973633,296.17724609375,293.52685546875,97904.4375,41.049461364746094,4.2580512886690505,9.98215822839746,0,0,EF0,CST-6,18-AUG-14 15:23:00
535097,2014-07-28T14:00:00+00:00,42.398,-71.0219,866.875,24.375009536743164,295.11083984375,293.852294921875,99852.5625,44.19715881347656,9.50728724708673,13.700293387592472,2,1,EF2,EST-5,28-JUL-14 08:32:00
530362,2014-07-27T20:00:00+00:00,36.9573,-83.3506,2150.875,82.96790313720703,301.08056640625,293.701904296875,95516.1875,43.785797119140625,7.128836192168543,20.72788035127954,1,0,EF1,EST-5,27-JUL-14 15:24:00
541974,2014-10-13T19:00:00+00:00,37.1193,-90.0415,906.375,0.35599249601364136,296.865478515625,291.615966796875,98813.9375,50.99702835083008,18.632536733326745,25.489737151992603,1,0,EF1,CST-6,13-OCT-14 12:45:00
541978,2014-10-13T19:00:00+00:00,37.2423,-89.9396,807.625,0.05911749601364136,296.666259765625,291.667724609375,98393.9375,50.07710647583008,19.20590920942145,25.711484612564714,1,0,EF1,CST-6,13-OCT-14 13:02:00
542334,2014-10-13T19:00:00+00:00,37.0406,-90.0419,906.375,0.35599249601364136,296.865478515625,291.615966796875,98813.9375,50.99702835083008,18.632536733326745,25.489737151992603,1,0,EF1,CST-6,13-OCT-14 12:40:00
538821,2014-08-04T20:00:00+00:00,35.83,-114.87,1051.875,121.547119140625,300.61865234375,292.96337890625,92291.0625,35.361087799072266,0.9569843775580127,6.591951713267392,0,0,EF0,PST-8,04-AUG-14 11:40:00
538907,2014-08-26T00:00:00+00:00,38.374,-105.1388,31.0,,294.34375,281.782470703125,78365.875,18.343244552612305,0.18797619767694432,1.6817842860027796,0,0,EF0,MST-7,25-AUG-14 16:40:00
540395,2014-10-10T02:00:00+00:00,35.4213,-101.0445,596.5625,57.26854705810547,294.79833984375,287.61865234375,90309.4375,31.21257972717285,0.9888294307809383,16.018080634954064,1,0,EF1,CST-6,09-OCT-14 20:10:00
532898,2014-08-29T00:00:00+00:00,43.04,-97.38,1395.375,85.8907241821289,296.747802734375,294.8076171875,96078.9375,39.246307373046875,6.827273008762162,9.372906986793275,0,0,EF0,CST-6,28-AUG-14 17:44:00
532521,2014-08-24T23:00:00+00:00,45.8233,-93.9034,2145.75,271.421875,301.0830078125,294.0361328125,96818.9375,41.597042083740234,7.671831057392315,19.050443296650005,0,0,EF0,CST-6,24-AUG-14 16:56:00
533032,2014-07-21T19:00:00+00:00,29.3788,-94.9056,2939.75,164.79150390625,303.964111328125,299.50537109375,101629.5625,44.793392181396484,3.889059482992544,6.7855784610224195,0,0,EF0,CST-6,21-JUL-14 12:35:00
535296,2014-07-24T13:00:00+00:00,43.687,-71.3051,5.25,,292.4306640625,289.466064453125,97823.625,24.91059684753418,5.886720830066425,11.042128554354111,0,0,EF0,EST-5,24-JUL-14 07:30:00
539218,2014-10-07T20:00:00+00:00,38.3789,-84.358,953.875,4.234454154968262,290.07958984375,289.472900390625,97750.375,28.36575698852539,13.231586789292756,27.36262438383255,1,0,EF1,EST-5,07-OCT-14 15:05:00
539217,2014-10-07T20:00:00+00:00,38.2921,-84.6292,967.0625,1.6719542741775513,290.60693359375,289.783447265625,97854.375,27.80618667602539,12.989895253869056,28.963637375946693,1,0,EF1,EST-5,07-OCT-14 14:49:00
539222,2014-10-07T20:00:00+00:00,38.2846,-84.6896,967.0625,1.6719542741775513,290.60693359375,289.783447265625,97854.375,27.80618667602539,12.989895253869056,28.963637375946693,1,0,EF1,EST-5,07-OCT-14 14:48:00
540504,2014-10-14T03:00:00+00:00,30.14,-84.91,766.0625,103.331787109375,298.465087890625,296.889892578125,101257.6875,51.6320915222168,13.573036156688836,12.307430283299393,0,0,EF0,EST-5,13-OCT-14 21:58:00
540505,2014-10-14T08:00:00+00:00,30.78,-85.36,1062.0625,0.5157889723777771,294.88916015625,294.551025390625,100577.0,53.65102005004883,16.797864783519366,16.607457513117804,0,0,EF0,CST-6,14-OCT-14 02:00:00
540507,2014-10-14T02:00:00+00:00,30.02,-84.98,444.5,105.3134765625,298.109375,296.29718017578125,101254.9375,51.322364807128906,13.466333215143358,12.587284851667793,0,0,EF0,EST-5,13-OCT-14 20:59:00
539471,2014-08-28T23:00:00+00:00,39.2132,-98.9165,875.625,3.906318426132202,301.1123046875,294.74169921875,94386.0625,34.07449722290039,3.801791924249855,6.877722107014119,0,0,EF0,CST-6,28-AUG-14 16:30:00
540509,2014-10-14T01:00:00+00:00,30.01,-84.91,466.3125,83.06153869628906,298.090087890625,295.547607421875,101266.3125,50.60236358642578,12.760050612389254,12.4900653781097,0,0,EF0,EST-5,13-OCT-14 19:50:00
540510,2014-10-14T00:00:00+00:00,29.89,-84.91,949.3125,58.35573196411133,298.878662109375,295.82452392578125,101399.75,51.49501419067383,8.73993095201039,9.204450242895444,0,0,EF0,EST-5,13-OCT-14 19:29:00
541784,2014-10-03T05:00:00+00:00,36.8302,-88.3529,324.3125,74.68799591064453,293.125244140625,292.16802978515625,99105.375,45.42885208129883,11.830366657388813,18.9949437937807,1,0,EF1,CST-6,02-OCT-14 23:10:00
540678,2014-08-23T23:00:00+00:00,45.18,-99.11,1176.625,2.4218909740448,295.48095703125,294.358154296875,94861.4375,47.95525360107422,8.96542800776046,17.349537078086996,0,0,EF0,CST-6,23-AUG-14 16:30:00
540680,2014-08-23T23:00:00+00:00,45.18,-99.13,1176.625,2.4218909740448,295.48095703125,294.358154296875,94861.4375,47.95525360107422,8.96542800776046,17.349537078086996,0,0,EF0,CST-6,23-AUG-14 16:35:00
535622,2014-09-20T00:00:00+00:00,48.7,-96.38,1083.0625,20.344005584716797,293.707763671875,290.59326171875,96442.625,32.18867111206055,3.212636758417436,8.692141886539133,1,0,EF1,CST-6,19-SEP-14 18:21:00
535602,2014-09-19T23:00:00+00:00,48.86,-97.02,1334.4375,116.61981201171875,295.98388671875,290.587646484375,96863.6875,31.836624145507812,2.8474485197434163,9.787668090938826,2,1,EF2,CST-6,19-SEP-14 17:19:00
541785,2014-10-03T06:00:00+00:00,36.8523,-87.5913,599.25,3.750066041946411,294.34375,293.2466125488281,98817.625,47.591957092285156,12.825435072238529,19.842334628353914,1,0,EF1,CST-6,03-OCT-14 00:15:00
540688,2014-08-24T00:00:00+00:00,45.48,-98.98,818.25,0.09392894059419632,294.336669921875,293.6181640625,95163.8125,48.065399169921875,9.663576751065818,17.785014420180012,1,0,EF1,CST-6,23-AUG-14 17:31:00
540511,2014-10-13T21:00:00+00:00,30.287,-85.1792,532.375,88.77574920654297,300.279052734375,295.64697265625,101115.75,49.31757354736328,10.927168174301274,11.877994654973255,0,0,EF0,CST-6,13-OCT-14 15:20:00
533372,2014-09-04T10:00:00+00:00,46.5,-96.27,2504.0,6.190364360809326,291.252685546875,290.56787109375,95993.8125,45.37141036987305,9.498351212843229,22.69756902590908,2,1,EF2,CST-6,04-SEP-14 03:48:00
535368,2014-07-15T23:00:00+00:00,44.9107,-69.4075,1007.125,70.09375,296.348876953125,294.786376953125,99613.1875,49.31307601928711,10.272031924576503,16.592411041632747,1,0,EF1,EST-5,15-JUL-14 17:52:00
539505,2014-08-20T18:00:00+00:00,42.7729,-82.8373,860.5,8.889509201049805,299.56396484375,292.50439453125,98398.0,35.92390060424805,2.507726952194827,7.0311867949773115,0,0,EF0,EST-5,20-AUG-14 13:04:00
517413,2014-05-08T22:00:00+00:00,44.1121,-94.3689,710.4375,1.593778371810913,291.58984375,290.0634765625,96396.875,30.850173950195312,12.818104460644179,24.48450817206852,0,0,EF0,CST-6,08-MAY-14 16:11:00
533380,2014-09-04T11:00:00+00:00,46.49,-95.39,2059.625,4.0526604652404785,290.5703125,289.949462890625,95527.625,40.96613311767578,4.852676915287259,26.271560443728006,1,0,EF1,CST-6,04-SEP-14 04:42:00
544765,2014-10-07T21:00:00+00:00,38.2059,-83.9386,1441.0625,0.3935492932796478,290.61328125,289.646484375,97750.125,28.35873031616211,14.114913938591904,25.94038749006223,1,0,EF1,EST-5,07-OCT-14 15:35:00
526776,2014-07-04T01:00:00+00:00,35.9565,-77.2038,182.5,48.34376907348633,298.99267578125,295.0,100916.75,54.54595184326172,8.86869135527467,17.10957472768951,1,0,EF1,EST-5,03-JUL-14 19:50:00
526757,2014-07-03T21:00:00+00:00,34.805,-78.009,994.25,30.54690933227539,297.79443359375,297.022216796875,100765.75,55.66072463989258,15.3516927841006,19.094768989871522,1,0,EF1,EST-5,03-JUL-14 15:36:00
536891,2014-07-02T22:00:00+00:00,33.1018,-99.613,363.75,105.34379577636719,304.5927734375,289.297119140625,96230.5,37.77698516845703,1.5455202256969676,9.834227308534317,0,0,EF0,CST-6,02-JUL-14 16:00:00
539219,2014-10-07T20:00:00+00:00,38.4564,-84.6035,760.8125,0.906329333782196,290.04541015625,289.389892578125,98003.375,26.80618667602539,12.487858994507413,25.91669448069396,1,0,EF1,EST-5,07-OCT-14 14:45:00
546633,2014-10-07T23:00:00+00:00,39.5006,-86.7748,315.0,,289.822998046875,285.224853515625,98025.0625,18.685020446777344,11.241429081011326,20.94110952332932,0,0,EF0,EST-5,07-OCT-14 17:35:00
544766,2014-10-07T21:00:00+00:00,38.0696,-83.6598,1691.625,0.7997993230819702,290.28125,289.5,97534.125,29.93490219116211,15.278587117446875,27.407582721660454,1,0,EF1,EST-5,07-OCT-14 15:53:00
544767,2014-10-08T03:00:00+00:00,37.6141,-82.5948,318.75,,290.32177734375,289.965087890625,97171.625,25.575725555419922,15.905192099904887,22.424346372637956,1,0,EF1,EST-5,07-OCT-14 21:44:00
538218,2014-08-07T00:00:00+00:00,39.76,-104.42,0.0,,301.31298828125,279.20770263671875,83685.5625,22.38857650756836,0.12323888694143638,4.039034516978435,0,0,EF0,MST-7,06-AUG-14 17:10:00
534517,2014-08-11T19:00:00+00:00,46.5843,-90.9227,361.25,1.4141061305999756,290.83349609375,290.161865234375,98220.9375,31.051517486572266,6.772764563318928,5.672539645718116,0,0,EF0,CST-6,11-AUG-14 12:46:00
522638,2014-07-08T00:00:00+00:00,44.8051,-92.8079,568.5,32.70318603515625,293.317626953125,291.57763671875,97102.875,41.87837219238281,5.871093706150771,21.753412213923298,0,0,EF0,CST-6,07-JUL-14 17:43:00
517378,2014-03-31T21:00:00+00:00,44.6305,-95.9911,180.5625,79.94641876220703,287.128662109375,278.16815185546875,94516.8125,16.953487396240234,7.046493617537059,10.042158116375925,0,0,EF0,CST-6,31-MAR-14 15:00:00
539703,2014-09-06T19:00:00+00:00,29.9401,-92.7596,2604.0,39.20465850830078,302.694091796875,296.371826171875,101607.25,48.78132629394531,2.7804950113977602,1.3885416630097525,0,0,EF0,CST-6,06-SEP-14 12:39:00
547170,2014-10-14T09:00:00+00:00,32.8128,-84.6922,375.625,18.396509170532227,294.6005859375,291.886962890625,98567.375,48.92613220214844,17.940438004002182,20.335892190306367,1,0,EF1,EST-5,14-OCT-14 03:42:00
547172,2014-10-14T09:00:00+00:00,33.6552,-84.5147,253.375,12.005884170532227,294.810546875,291.861572265625,97978.375,47.53746032714844,16.64301945068842,21.63242176527959,0,0,EF0,EST-5,14-OCT-14 04:15:00
538581,2014-09-29T22:00:00+00:00,36.9028,-106.8129,46.25,,280.04052734375,278.36083984375,75971.1875,11.84408187866211,1.6572595746516408,13.531355413687841,1,0,EF1,MST-7,29-SEP-14 15:25:00
544975,2014-10-15T01:00:00+00:00,35.55,-82.07,229.1875,2.7031338214874268,293.571533203125,292.6296691894531,95634.25,47.12833786010742,14.877264887503275,19.392511260603676,0,0,EF0,EST-5,14-OCT-14 19:48:00
547171,2014-10-14T09:00:00+00:00,32.8447,-84.6585,375.625,18.396509170532227,294.6005859375,291.886962890625,98567.375,48.92613220214844,17.940438004002182,20.335892190306367,1,0,EF1,EST-5,14-OCT-14 03:46:00
547173,2014-10-14T09:00:00+00:00,33.6776,-84.4662,266.1875,7.380884170532227,294.5830078125,291.821533203125,97686.375,47.22789001464844,16.211000558779887,22.017472868652906,0,0,EF0,EST-5,14-OCT-14 04:20:00
543173,2014-10-13T11:00:00+00:00,33.6617,-94.2303,441.625,8.937524795532227,294.251220703125,293.93609619140625,99011.5,45.02422332763672,18.465117138108525,23.46405800600529,2,1,EF2,CST-6,13-OCT-14 04:37:00
529126,2014-06-12T01:00:00+00:00,31.49,-100.39,1561.875,32.47813415527344,306.409912109375,289.128173828125,93820.1875,41.80229568481445,4.312958008072969,10.422947493292773,0,0,EF0,CST-6,11-JUN-14 19:20:00
529139,2014-06-12T01:00:00+00:00,31.4479,-100.378,1561.875,32.47813415527344,306.409912109375,289.128173828125,93820.1875,41.80229568481445,4.312958008072969,10.422947493292773,0,0,EF0,CST-6,11-JUN-14 19:24:00
532297,2014-09-02T04:00:00+00:00,37.0272,-94.4483,1655.625,97.95314025878906,296.16552734375,295.567138671875,97552.5625,51.70016860961914,13.618710696886266,15.08850352320256,1,0,EF1,CST-6,01-SEP-14 22:13:00
547176,2014-10-14T10:00:00+00:00,33.8427,-84.4407,258.0625,2.5054931640625,293.0205078125,291.962158203125,97785.125,46.60857009887695,11.46426094590403,22.344349660577407,0,0,EF0,EST-5,14-OCT-14 04:33:00
544187,2014-11-17T18:00:00+00:00,30.1447,-82.2818,244.0,2.0893924236297607,296.569580078125,295.300537109375,100756.0625,45.8873176574707,17.70738924777316,20.13915433879469,0,0,EF0,EST-5,17-NOV-14 13:00:00
538978,2014-10-06T23:00:00+00:00,36.842,-85.1959,1309.0625,5.951441287994385,289.73876953125,288.767822265625,97680.5625,25.46038055419922,15.188465773482557,27.581088950124975,1,0,EF1,CST-6,06-OCT-14 17:13:00
544953,2014-10-08T04:00:00+00:00,37.4533,-81.2164,276.25,1.2343772649765015,287.21826171875,286.941650390625,92929.1875,23.26136589050293,10.055150380718844,24.57140526136055,1,0,EF1,EST-5,07-OCT-14 22:39:00
547186,2014-10-14T10:00:00+00:00,33.9821,-84.3918,237.75,2.1773681640625,292.896484375,291.879150390625,97569.125,46.59489822387695,10.899224805589425,22.733065019434527,1,0,EF1,EST-5,14-OCT-14 04:43:00
545775,2014-10-13T21:00:00+00:00,39.6535,-88.9558,260.9375,24.41637420654297,295.676513671875,289.91259765625,97889.75,45.35077667236328,16.70390806808966,24.38877011476498,1,0,EF1,CST-6,13-OCT-14 14:56:00
545776,2014-10-13T21:00:00+00:00,39.8184,-88.88,252.1875,19.36949920654297,295.198974609375,290.46240234375,97835.75,45.14667510986328,16.298860604044194,25.277142832559438,1,0,EF1,CST-6,13-OCT-14 15:12:00
547198,2014-10-14T10:00:00+00:00,34.0748,-84.3255,237.75,2.1773681640625,292.896484375,291.879150390625,97569.125,46.59489822387695,10.899224805589425,22.733065019434527,1,0,EF1,EST-5,14-OCT-14 04:55:00
547201,2014-10-14T10:00:00+00:00,34.1491,-84.2588,211.25,2.4117431640625,292.904296875,291.822509765625,97542.125,47.11931228637695,11.1120156533284,22.112808955888575,0,0,EF0,EST-5,14-OCT-14 05:08:00
545777,2014-10-13T21:00:00+00:00,40.0188,-88.7722,163.3125,24.30699920654297,295.074951171875,290.60302734375,97734.75,42.67987823486328,15.59944858928232,26.48350174625593,0,0,EF0,CST-6,13-OCT-14 15:29:00
545772,2014-10-13T21:00:00+00:00,39.631,-88.9567,260.9375,24.41637420654297,295.676513671875,289.91259765625,97889.75,45.35077667236328,16.70390806808966,24.38877011476498,2,1,EF2,CST-6,13-OCT-14 14:54:00
540312,2014-09-21T10:00:00+00:00,42.7,-83.19,470.25,0.20451518893241882,290.803955078125,289.81103515625,97067.4375,32.73423767089844,10.186379241632563,15.505964215432165,1,0,EF1,EST-5,21-SEP-14 04:47:00
503717,2014-02-21T18:00:00+00:00,38.3355,-76.4855,69.25,50.10942840576172,287.5960693359375,285.0381774902344,100487.9375,34.63092803955078,19.33164070514148,26.100524934357388,0,0,EF0,EST-5,21-FEB-14 12:33:00
506191,2014-04-27T23:00:00+00:00,37.9269,-94.7125,598.125,235.25001525878906,295.69091796875,286.1015625,96077.5625,25.584102630615234,7.830246401432796,18.230437938084357,1,0,EF1,CST-6,27-APR-14 16:40:00
539166,2014-10-08T03:00:00+00:00,37.6014,-81.2012,485.875,5.437962055206299,286.75048828125,286.577392578125,92921.625,23.140178680419922,8.812216043949832,23.805851852542535,2,1,EF2,EST-5,07-OCT-14 21:41:00
544377,2014-09-01T19:00:00+00:00,45.227,-84.548,452.125,21.265653610229492,296.52099609375,291.56005859375,97232.1875,47.21331787109375,9.889097782969007,14.670278293950453,0,0,EF0,EST-5,01-SEP-14 13:43:00
543201,2014-10-13T16:00:00+00:00,32.4921,-92.2421,1352.8125,23.006608963012695,296.943359375,293.1494140625,100151.5,48.415863037109375,16.693461141395655,21.895810041862898,2,1,EF2,CST-6,13-OCT-14 10:16:00
544378,2014-09-01T18:00:00+00:00,44.7577,-84.7721,488.375,89.75788116455078,297.19970703125,292.117431640625,96096.625,44.7340087890625,9.378818749010168,14.53851493817408,1,0,EF1,EST-5,01-SEP-14 13:16:00
544375,2014-09-01T18:00:00+00:00,44.8064,-85.0215,469.75,60.46100616455078,296.59033203125,292.411376953125,96600.625,47.2515869140625,10.277097158643612,15.350606691904142,1,0,EF1,EST-5,01-SEP-14 12:47:00
544374,2014-09-01T19:00:00+00:00,44.9133,-84.5127,546.25,16.421903610229492,296.29541015625,291.79150390625,96605.1875,47.02777099609375,10.190621323452731,16.391996509115145,1,0,EF1,EST-5,01-SEP-14 13:42:00
539215,2014-10-07T20:00:00+00:00,38.2016,-84.256,950.625,2.281329393386841,289.63330078125,289.171142578125,97740.375,29.12845230102539,13.715861784717998,25.8278649542777,1,0,EF1,EST-5,07-OCT-14 15:12:00
539211,2014-10-07T19:00:00+00:00,38.4602,-85.4629,607.9375,3.203143358230591,289.928466796875,289.730712890625,98267.6875,28.41269302368164,11.672592732382647,25.088060229575948,1,0,EF1,EST-5,07-OCT-14 13:50:00
544825,2014-10-07T00:00:00+00:00,34.9304,-85.1225,221.75,,290.5810546875,287.8916320800781,98022.0,31.00597381591797,13.538234690660403,18.4893461158896,1,0,EF1,EST-5,06-OCT-14 18:40:00
542327,2014-09-27T21:00:00+00:00,34.465,-112.4107,1857.8125,6.7358222007751465,293.135986328125,290.174560546875,84105.625,27.13957977294922,0.7690996497819559,11.964379244507247,0,0,EF0,MST-7,27-SEP-14 13:55:00
532520,2014-08-24T23:00:00+00:00,45.7971,-93.9829,2145.75,271.421875,301.0830078125,294.0361328125,96818.9375,41.597042083740234,7.671831057392315,19.050443296650005,0,0,EF0,CST-6,24-AUG-14 16:47:00
544822,2014-10-03T02:00:00+00:00,35.5725,-90.9038,70.0,33.362030029296875,296.1796875,293.61053466796875,99984.0,46.90568923950195,16.19573011412073,17.233354655048725,0,0,EF0,CST-6,02-OCT-14 20:28:00
543507,2014-09-30T22:00:00+00:00,45.89,-99.25,118.5,,290.214111328125,286.27734375,93349.375,27.423120498657227,12.82196694938575,21.64448489066232,0,0,EF0,CST-6,30-SEP-14 15:45:00
540210,2014-10-14T00:00:00+00:00,34.7318,-87.7029,54.1875,127.2776107788086,293.043701171875,292.34014892578125,98558.75,44.03895950317383,15.946179294111882,18.263873604811184,1,0,EF1,CST-6,13-OCT-14 18:29:00
543440,2014-09-09T23:00:00+00:00,40.4411,-95.4534,628.0,146.79698181152344,300.33056640625,294.88861083984375,96710.1875,57.930912017822266,8.631748258182906,21.792973317197497,0,0,EF0,CST-6,09-SEP-14 16:50:00
532610,2014-09-02T23:00:00+00:00,42.1044,-76.7103,64.125,,296.441162109375,291.58447265625,96236.6875,48.059383392333984,6.411617412505216,19.497799398401018,1,0,EF1,EST-5,02-SEP-14 18:10:00
545155,2014-10-23T21:00:00+00:00,46.13,-122.9457,412.625,,287.32568359375,282.3564453125,98792.3125,17.504257202148438,7.733540369551053,13.482904647410583,1,0,EF1,PST-8,23-OCT-14 12:40:00
545840,2014-10-06T23:00:00+00:00,36.8339,-85.3973,1477.625,5.998316287994385,290.15185546875,289.047119140625,97890.5625,25.69377899169922,14.90118056662025,27.595036917701968,1,0,EF1,CST-6,06-OCT-14 17:02:00
543441,2014-09-10T00:00:00+00:00,40.2017,-95.0852,664.625,229.25015258789062,301.171142578125,293.6209716796875,96733.375,54.91826629638672,11.227676519779612,21.760664038532127,0,0,EF0,CST-6,09-SEP-14 18:10:00
543442,2014-09-10T00:00:00+00:00,40.2026,-95.0688,488.875,152.48452758789062,300.638916015625,293.6737060546875,96679.375,53.79717254638672,10.867313597491544,21.845310001174113,0,0,EF0,CST-6,09-SEP-14 18:11:00
533721,2014-09-09T21:00:00+00:00,40.6237,-95.9883,2298.75,403.390625,301.4482421875,294.24072265625,96633.4375,50.19138717651367,6.151169447398922,15.89838914561094,1,0,EF1,CST-6,09-SEP-14 15:29:00
532611,2014-09-03T01:00:00+00:00,42.1375,-75.36,260.75,,295.31640625,289.82818603515625,95638.75,48.476524353027344,6.092735969630215,16.648947788875038,1,0,EF1,EST-5,02-SEP-14 19:32:00
493108,2014-02-21T02:00:00+00:00,31.253,-89.77,540.125,0.9234076142311096,293.00970458984375,291.67352294921875,100043.5,37.84796905517578,16.51639035167008,19.661621121256108,0,0,EF0,CST-6,20-FEB-14 19:48:00
508184,2014-04-28T22:00:00+00:00,36.5028,-89.0289,0.0,156.89756774902344,296.434326171875,293.4854431152344,98601.6875,21.344589233398438,9.519030366991776,24.904719070818814,1,0,EF1,CST-6,28-APR-14 16:24:00
508188,2014-04-28T23:00:00+00:00,36.6537,-88.8654,0.0,115.93755340576172,296.88427734375,292.511474609375,98548.5625,21.11589813232422,9.695581251232582,17.874415128717175,0,0,EF0,CST-6,28-APR-14 16:46:00
506835,2014-05-12T00:00:00+00:00,40.2988,-97.2741,816.25,67.8906478881836,292.747802734375,290.18634033203125,94988.5,39.137725830078125,8.762251695142933,22.166165686046405,1,0,EF1,CST-6,11-MAY-14 17:55:00
508189,2014-03-27T01:00:00+00:00,39.5722,-122.0993,94.96875,,289.60968017578125,277.67279052734375,99236.8125,14.456167221069336,4.065467524010687,11.111958227105049,1,0,EF1,PST-8,26-MAR-14 16:33:00
499893,2014-02-20T22:00:00+00:00,39.3471,-89.0844,188.125,36.23932647705078,289.2323913574219,285.96978759765625,97051.5625,19.43669891357422,21.902649863315254,31.551889499223204,1,0,EF1,CST-6,20-FEB-14 16:19:00
499896,2014-02-20T23:00:00+00:00,39.1784,-88.7233,560.0625,15.984601020812988,290.1068115234375,286.0908203125,97152.1875,24.622760772705078,19.46679960883852,30.195973461737598,1,0,EF1,CST-6,20-FEB-14 16:54:00
493117,2014-02-21T03:00:00+00:00,31.455,-89.366,242.3125,5.141017436981201,292.3690185546875,291.789794921875,99988.0,39.03928756713867,18.116464474321926,22.807721523060717,1,0,EF1,CST-6,20-FEB-14 21:28:00
506843,2014-05-12T00:00:00+00:00,41.2065,-96.3528,944.4375,22.093769073486328,293.231201171875,291.14727783203125,95865.5,41.500030517578125,8.852988322602195,19.639510119275613,1,0,EF1,CST-6,11-MAY-14 18:07:00
506844,2014-05-12T00:00:00+00:00,41.2989,-96.254,825.5,36.15626907348633,294.988037109375,291.44122314453125,96012.5,39.158233642578125,11.308701735849452,17.81824258190559,1,0,EF1,CST-6,11-MAY-14 18:21:00
506501,2014-04-25T04:00:00+00:00,37.7305,-89.3434,517.9375,34.23439025878906,289.518798828125,288.0634460449219,98784.375,29.420455932617188,10.680475271798874,6.936068903182027,1,0,EF1,CST-6,24-APR-14 21:45:00
504546,2014-04-27T23:00:00+00:00,37.7302,-94.3995,543.25,140.37501525878906,296.39306640625,288.05859375,96192.5625,26.358516693115234,8.63605671018839,20.19724974731732,0,0,EF0,CST-6,27-APR-14 17:15:00
506208,2014-04-28T05:00:00+00:00,36.91,-92.81,2282.125,172.75006103515625,289.336181640625,288.655517578125,96080.9375,27.786033630371094,9.113505144023774,19.206392453810842,0,0,EF0,CST-6,27-APR-14 22:45:00
544345,2014-10-13T18:00:00+00:00,36.439,-90.3982,952.875,46.31148910522461,296.4814453125,292.104736328125,99087.4375,50.40903091430664,16.534653183733464,24.07385953623026,0,0,EF0,CST-6,13-OCT-14 11:48:00
506836,2014-05-12T00:00:00+00:00,40.3498,-97.1866,816.25,67.8906478881836,292.747802734375,290.18634033203125,94988.5,39.137725830078125,8.762251695142933,22.166165686046405,1,0,EF1,CST-6,11-MAY-14 18:02:00
506841,2014-05-12T00:00:00+00:00,41.0609,-96.6082,943.9375,32.15626907348633,292.380615234375,290.90997314453125,95577.5,42.172882080078125,7.245004824670074,21.064650224495548,0,0,EF0,CST-6,11-MAY-14 17:42:00
506842,2014-05-12T00:00:00+00:00,41.1632,-96.3776,944.4375,22.093769073486328,293.231201171875,291.14727783203125,95865.5,41.500030517578125,8.852988322602195,19.639510119275613,1,0,EF1,CST-6,11-MAY-14 17:59:00
504762,2014-04-28T01:00:00+00:00,35.1271,-92.1179,2926.0,24.437685012817383,294.690185546875,293.565185546875,98548.875,40.200260162353516,17.069889616540063,23.26151173739985,2,1,EF2,CST-6,27-APR-14 18:59:00
508194,2014-03-30T03:00:00+00:00,39.8435,-121.9744,159.125,118.29254150390625,286.20477294921875,282.27178955078125,99633.125,14.965710639953613,4.850252231299925,8.771286844062281,0,0,EF0,PST-8,29-MAR-14 18:40:00
494705,2014-03-01T20:00:00+00:00,33.4176,-111.8538,191.3125,0.5449334383010864,290.13720703125,284.89398193359375,95928.875,22.26633644104004,3.448944559645047,18.499560039979162,0,0,EF0,MST-7,01-MAR-14 12:40:00
508482,2014-04-03T01:00:00+00:00,37.2559,-95.9653,1394.0,36.31254577636719,295.966796875,291.38690185546875,97273.9375,34.950077056884766,12.006384856846031,16.651156839778313,0,0,EF0,CST-6,02-APR-14 19:23:00
504426,2014-04-03T14:00:00+00:00,38.1057,-88.2256,550.5625,,291.879638671875,289.603515625,99379.5,42.51049041748047,15.752493813972375,15.845857844405598,1,0,EF1,CST-6,03-APR-14 07:30:00
503087,2014-02-20T20:00:00+00:00,39.518,-90.841,208.4375,97.24124145507812,288.63775634765625,286.0928955078125,96836.4375,19.661937713623047,21.47582411242701,28.34687156627729,2,1,EF2,CST-6,20-FEB-14 14:25:00
503088,2014-02-20T22:00:00+00:00,39.2586,-89.234,188.125,36.23932647705078,289.2323913574219,285.96978759765625,97051.5625,19.43669891357422,21.902649863315254,31.551889499223204,1,0,EF1,CST-6,20-FEB-14 16:09:00
506859,2014-05-15T11:00:00+00:00,35.1297,-80.9008,287.6875,31.71142578125,293.09716796875,291.70953369140625,99218.125,43.258399963378906,14.452495958060501,15.2310831019443,0,0,EF0,EST-5,15-MAY-14 05:46:00
503090,2014-02-20T23:00:00+00:00,39.0158,-88.998,520.375,21.328351974487305,290.8626708984375,286.037109375,97375.1875,25.089557647705078,18.73381281775856,28.665543479700386,1,0,EF1,CST-6,20-FEB-14 16:36:00
503101,2014-02-20T22:00:00+00:00,38.7575,-89.6151,525.5625,90.48932647705078,291.6903991699219,285.85552978515625,97528.5625,21.50798797607422,18.50336783169808,29.872118847225956,1,0,EF1,CST-6,20-FEB-14 15:57:00
503102,2014-02-20T22:00:00+00:00,38.7651,-89.598,525.5625,90.48932647705078,291.6903991699219,285.85552978515625,97528.5625,21.50798797607422,18.50336783169808,29.872118847225956,1,0,EF1,CST-6,20-FEB-14 15:58:00
505726,2014-02-21T08:00:00+00:00,33.6512,-86.4678,320.625,0.5940143465995789,291.0851135253906,289.716552734375,98618.875,37.358184814453125,9.650817525981724,26.856646988273887,0,0,EF0,CST-6,21-FEB-14 01:56:00
504770,2014-04-28T02:00:00+00:00,35.5131,-91.5824,3334.125,7.703248500823975,293.760498046875,293.110595703125,98180.125,40.6474609375,16.2822068712367,27.03301135104974,1,0,EF1,CST-6,27-APR-14 19:48:00
504201,2014-04-04T02:00:00+00:00,37.4657,-89.3103,994.4375,40.51564025878906,291.1806640625,288.982421875,98805.25,41.602745056152344,16.270977326114714,17.947517258145638,0,0,EF0,CST-6,03-APR-14 19:40:00
508185,2014-03-26T02:00:00+00:00,39.71,-121.6702,42.46875,,285.4150390625,280.4002685546875,95275.0,15.633066177368164,4.580332255506339,10.350351107292068,0,0,EF0,PST-8,25-MAR-14 18:15:00
508187,2014-03-27T01:00:00+00:00,39.5905,-122.0894,94.96875,,289.60968017578125,277.67279052734375,99236.8125,14.456167221069336,4.065467524010687,11.111958227105049,1,0,EF1,PST-8,26-MAR-14 16:30:00
504203,2014-04-04T02:00:00+00:00,37.5092,-89.167,994.4375,40.51564025878906,291.1806640625,288.982421875,98805.25,41.602745056152344,16.270977326114714,17.947517258145638,0,0,EF0,CST-6,03-APR-14 19:52:00
504204,2014-04-04T02:00:00+00:00,37.5429,-89.0922,994.4375,40.51564025878906,291.1806640625,288.982421875,98805.25,41.602745056152344,16.270977326114714,17.947517258145638,0,0,EF0,CST-6,03-APR-14 20:00:00
499885,2014-02-20T22:00:00+00:00,39.5671,-89.6256,39.375,42.34870147705078,289.4872741699219,284.24810791015625,96973.5625,18.20818328857422,19.391135068839386,29.35845327561969,0,0,EF0,CST-6,20-FEB-14 15:43:00
500978,2014-02-21T17:00:00+00:00,34.6697,-79.2903,213.5625,106.2818374633789,294.49114990234375,289.27557373046875,100518.1875,38.126705169677734,17.69161135446309,24.386766108002774,0,0,EF0,EST-5,21-FEB-14 12:15:00
503469,2014-02-21T18:00:00+00:00,34.7993,-78.9753,353.625,71.57817840576172,293.8372802734375,289.0782165527344,100640.9375,38.79596710205078,17.163515783645586,21.326359409316385,0,0,EF0,EST-5,21-FEB-14 12:38:00
505501,2014-04-07T20:00:00+00:00,35.57,-76.66,231.5625,235.62501525878906,295.159423828125,291.11181640625,100944.9375,37.28606414794922,16.19473772930908,21.242983343664257,2,1,EF2,EST-5,07-APR-14 14:49:00
505502,2014-04-07T20:00:00+00:00,35.6,-76.54,183.5625,287.1250305175781,294.046142578125,290.98388671875,101011.9375,37.11516571044922,16.516663769089078,20.89812767734348,1,0,EF1,EST-5,07-APR-14 15:00:00
493122,2014-02-21T04:00:00+00:00,31.607,-89.255,405.125,2.9219658374786377,292.28668212890625,291.33538818359375,100106.5,40.89170455932617,19.62195298093186,25.57802107884559,0,0,EF0,CST-6,20-FEB-14 21:50:00
504239,2014-04-04T03:00:00+00:00,36.6843,-90.8698,895.375,15.245944023132324,292.242919921875,290.27734375,98204.125,36.7204475402832,10.950996134788447,23.88626099962417,2,1,EF2,CST-6,03-APR-14 20:40:00
506202,2014-04-27T23:00:00+00:00,36.9987,-94.753,348.375,210.29689025878906,298.49755859375,289.2001953125,96114.5625,22.717891693115234,9.831850523583885,20.3674645724172,2,1,EF2,CST-6,27-APR-14 16:35:00
504231,2014-04-04T01:00:00+00:00,36.7518,-90.5799,1233.4375,108.32505798339844,296.506591796875,290.2425842285156,98699.0625,40.004920959472656,14.442316422687913,27.056296119062683,0,0,EF0,CST-6,03-APR-14 18:56:00
504499,2014-04-04T02:00:00+00:00,36.8047,-90.2004,1163.9375,71.48439025878906,296.0771484375,290.66796875,99288.25,41.191612243652344,10.197538397383013,25.01569438441368,1,0,EF1,CST-6,03-APR-14 20:01:00
510959,2014-05-11T22:00:00+00:00,40.77,-97.2,1946.625,29.640865325927734,295.662109375,290.9462890625,94599.3125,34.75135040283203,4.7369681600545315,20.98101560883563,2,1,EF2,CST-6,11-MAY-14 16:23:00
510963,2014-05-11T22:00:00+00:00,40.79,-97.29,1946.625,29.640865325927734,295.662109375,290.9462890625,94599.3125,34.75135040283203,4.7369681600545315,20.98101560883563,0,0,EF0,CST-6,11-MAY-14 16:13:00
499888,2014-02-20T22:00:00+00:00,39.7648,-89.391,2.875,40.72370147705078,288.7402038574219,284.66412353515625,97012.5625,17.59978485107422,21.322217341382103,29.988624720860585,1,0,EF1,CST-6,20-FEB-14 15:57:00
506752,2014-04-28T08:00:00+00:00,32.8866,-93.875,2920.25,106.62503814697266,295.287109375,294.604248046875,99149.625,40.49610900878906,15.764414115985373,11.617914441073136,2,1,EF2,CST-6,28-APR-14 02:09:00
504235,2014-04-04T02:00:00+00:00,36.8006,-90.2088,1163.9375,71.48439025878906,296.0771484375,290.66796875,99288.25,41.191612243652344,10.197538397383013,25.01569438441368,1,0,EF1,CST-6,03-APR-14 20:00:00
505086,2014-02-20T23:00:00+00:00,36.1895,-89.8812,222.375,11.312726020812988,292.8197021484375,289.7001953125,99205.1875,30.664752960205078,17.330799471108552,21.231576109866076,1,0,EF1,CST-6,20-FEB-14 16:39:00
499891,2014-02-20T22:00:00+00:00,39.3132,-89.1396,188.125,36.23932647705078,289.2323913574219,285.96978759765625,97051.5625,19.43669891357422,21.902649863315254,31.551889499223204,0,0,EF0,CST-6,20-FEB-14 16:14:00
507112,2014-04-07T01:00:00+00:00,32.8022,-89.0136,83.375,8.078207015991211,287.73486328125,287.16644287109375,98993.3125,40.51856994628906,19.50320288477661,29.67314472511616,1,0,EF1,CST-6,06-APR-14 18:41:00
505205,2014-04-27T23:00:00+00:00,34.548,-94.7109,3265.25,233.17189025878906,297.27587890625,295.1259765625,95890.5625,27.988399505615234,9.228706865029046,18.08640935026422,1,0,EF1,CST-6,27-APR-14 16:31:00
508277,2014-04-28T22:00:00+00:00,33.23,-88.79,758.375,71.0069351196289,298.686279296875,293.6514587402344,99120.6875,40.97642517089844,14.487486614572761,26.702638111231998,1,0,EF1,CST-6,28-APR-14 16:14:00
506753,2014-04-28T08:00:00+00:00,32.9041,-93.8188,2675.375,231.7344207763672,295.763671875,294.965576171875,99209.625,37.55177307128906,16.03610498474908,13.492619321144735,2,1,EF2,CST-6,28-APR-14 02:13:00
504468,2014-04-04T02:00:00+00:00,37.6192,-88.8914,1124.6875,42.96876525878906,291.201171875,288.978515625,98776.25,41.958213806152344,17.26631369741936,18.101430480263964,1,0,EF1,CST-6,03-APR-14 20:25:00
508404,2014-03-31T21:00:00+00:00,44.554,-95.9919,180.5625,79.94641876220703,287.128662109375,278.16815185546875,94516.8125,16.953487396240234,7.046493617537059,10.042158116375925,0,0,EF0,CST-6,31-MAR-14 14:50:00
500801,2014-03-29T02:00:00+00:00,31.4215,-92.4232,1144.0625,314.1720275878906,293.419921875,291.485595703125,100554.25,39.72631072998047,5.218657815412521,16.388794494638493,1,0,EF1,CST-6,28-MAR-14 20:23:00
501831,2014-02-21T03:00:00+00:00,39.1792,-85.2854,186.5,0.6410173177719116,287.4686279296875,284.386474609375,96670.0,31.074443817138672,22.342278023022278,26.187704564858862,1,0,EF1,EST-5,20-FEB-14 22:14:00
499894,2014-02-20T22:00:00+00:00,39.399,-89.0256,216.125,33.91120147705078,288.8886413574219,286.22760009765625,97130.5625,19.69841766357422,22.498721512084046,31.534174882929193,2,1,EF2,CST-6,20-FEB-14 16:25:00
502219,2014-02-21T17:00:00+00:00,38.242,-76.68,25.9375,78.6724624633789,289.17767333984375,285.27947998046875,100417.1875,31.847408294677734,20.168219033420485,27.666118966507618,0,0,EF0,EST-5,21-FEB-14 12:23:00
515211,2014-04-28T20:00:00+00:00,34.4643,-88.3855,2486.5,47.28133010864258,296.46044921875,293.7060546875,98681.5625,39.6526985168457,13.202789315295567,25.18924817934939,3,1,EF3,CST-6,28-APR-14 14:19:00
516963,2014-05-26T23:00:00+00:00,32.2946,-101.2859,1573.375,109.5156478881836,298.487060546875,291.81640625,92999.25,32.95769500732422,1.103770960957959,16.566560405474053,2,1,EF2,CST-6,26-MAY-14 16:38:00
511108,2014-06-08T19:00:00+00:00,38.98,-105.4445,648.5625,33.765682220458984,285.014404296875,275.4373474121094,72138.8125,14.552407264709473,0.5461872607595984,2.862896620821269,2,1,EF2,MST-7,08-JUN-14 11:32:00
515067,2014-04-30T07:00:00+00:00,30.8785,-85.5282,1866.75,102.04700469970703,293.97607421875,292.46588134765625,100670.4375,39.873558044433594,17.81260459083932,12.636596772957297,1,0,EF1,CST-6,30-APR-14 00:44:00
505654,2014-04-29T07:00:00+00:00,34.5048,-85.6174,667.625,1.8594326972961426,292.450439453125,292.0805358886719,96445.6875,38.50434112548828,12.824214610320698,23.049118566658045,1,0,EF1,CST-6,29-APR-14 00:36:00
509260,2014-05-24T21:00:00+00:00,44.9217,-108.443,372.75,105.07972717285156,296.9072265625,278.56640625,84346.3125,18.741737365722656,0.09971454979929452,1.751581831448596,0,0,EF0,MST-7,24-MAY-14 13:36:00
511681,2014-05-31T21:00:00+00:00,46.73,-106.76,1423.25,51.543182373046875,300.078857421875,283.773193359375,90568.0,26.40247344970703,0.4753105408808589,4.6383078373702915,0,0,EF0,MST-7,31-MAY-14 13:55:00
509698,2014-05-10T20:00:00+00:00,31.0012,-85.6421,502.3125,78.76564025878906,299.111083984375,294.8271789550781,101024.25,44.1937255859375,3.8000607775644526,8.41604927329148,1,0,EF1,CST-6,10-MAY-14 14:07:00
507164,2014-04-07T07:00:00+00:00,31.6717,-89.6567,788.28125,3.0047121047973633,292.2998046875,291.595947265625,99070.5,44.234798431396484,16.578877356287016,20.691859096356293,2,1,EF2,CST-6,07-APR-14 01:02:00
518129,2014-05-12T03:00:00+00:00,38.363,-97.6304,971.25,136.89085388183594,296.73388671875,289.87799072265625,94604.875,29.769634246826172,14.07849480412668,27.963855009018346,0,0,EF0,CST-6,11-MAY-14 21:05:00
516466,2014-05-12T02:00:00+00:00,43.0973,-96.0144,721.75,32.32820129394531,290.260498046875,288.21490478515625,95537.1875,36.91271209716797,10.381671571470383,20.436287906077254,1,0,EF1,CST-6,11-MAY-14 19:35:00
505633,2014-04-25T21:00:00+00:00,35.53,-77.74,1104.4375,98.73442840576172,296.36962890625,291.607177734375,100394.5625,34.47856903076172,13.056691404447692,19.450556977847306,1,0,EF1,EST-5,25-APR-14 15:46:00
515210,2014-04-28T20:00:00+00:00,34.3788,-88.543,2035.5,64.68757629394531,298.83544921875,294.6064453125,98924.5625,38.8206672668457,11.997631118360509,24.745657986995255,3,1,EF3,CST-6,28-APR-14 14:02:00
505668,2014-04-29T06:00:00+00:00,34.3073,-85.9305,889.75,22.062564849853516,293.01513671875,292.69378662109375,97092.6875,38.495182037353516,16.000121200158155,23.907817125631738,2,1,EF2,CST-6,28-APR-14 23:54:00
506416,2014-04-29T07:00:00+00:00,34.4282,-85.6466,667.625,1.8594326972961426,292.450439453125,292.0805358886719,96445.6875,38.50434112548828,12.824214610320698,23.049118566658045,1,0,EF1,CST-6,29-APR-14 01:23:00
521869,2014-05-24T22:00:00+00:00,30.9255,-101.8355,1792.0,167.8058624267578,300.3662109375,288.900146484375,92015.5625,31.623584747314453,1.854761343342202,7.628875245725184,0,0,EF0,CST-6,24-MAY-14 16:21:00
520838,2014-07-07T02:00:00+00:00,42.85,-85.7,1237.25,21.500125885009766,297.04443359375,294.04046630859375,98085.9375,47.67861557006836,13.247769770387732,10.99280262975317,1,0,EF1,EST-5,06-JUL-14 21:20:00
518934,2014-06-09T13:00:00+00:00,33.5532,-94.8031,323.0,148.57823181152344,293.56640625,293.18212890625,99513.75,51.82917022705078,6.831804096249773,12.867375832216629,0,0,EF0,CST-6,09-JUN-14 07:16:00
516124,2014-04-29T02:00:00+00:00,32.4262,-88.9417,1198.0,78.71881103515625,294.5703125,293.005859375,98842.125,41.14311218261719,15.763137373179074,19.654522145551077,1,0,EF1,CST-6,28-APR-14 19:35:00
515071,2014-04-30T07:00:00+00:00,30.8788,-85.3641,1866.75,102.04700469970703,293.97607421875,292.46588134765625,100670.4375,39.873558044433594,17.81260459083932,12.636596772957297,1,0,EF1,CST-6,30-APR-14 00:52:00
504262,2014-04-27T20:00:00+00:00,41.1623,-92.2795,781.75,15.187712669372559,293.66796875,288.41845703125,97195.75,40.276397705078125,14.945532430302718,15.417938331264017,1,0,EF1,CST-6,27-APR-14 14:23:00
504274,2014-04-27T21:00:00+00:00,41.5107,-91.9561,968.25,32.57815170288086,291.70654296875,285.6259765625,97207.0,38.600276947021484,16.02071101780561,18.742358240220042,1,0,EF1,CST-6,27-APR-14 14:52:00
504339,2014-04-27T21:00:00+00:00,41.6117,-91.8329,968.25,32.57815170288086,291.70654296875,285.6259765625,97207.0,38.600276947021484,16.02071101780561,18.742358240220042,0,0,EF0,CST-6,27-APR-14 15:02:00
505228,2014-04-29T01:00:00+00:00,35.0066,-86.5497,267.9375,23.421913146972656,293.64013671875,291.85186767578125,96911.3125,36.14108657836914,13.967877691203729,28.06083870369662,3,1,EF3,CST-6,28-APR-14 19:09:00
511203,2014-04-29T03:00:00+00:00,34.951,-84.8718,0.0,36.51191711425781,295.799072265625,291.4119567871094,97219.875,29.255191802978516,17.367752141689106,27.189951715633494,1,0,EF1,EST-5,28-APR-14 22:05:00
516926,2014-04-07T07:00:00+00:00,31.7859,-89.4015,1176.625,1.8015869855880737,292.3330078125,291.721923828125,99132.5,45.145931243896484,17.137281707066364,22.195094811858944,0,0,EF0,CST-6,07-APR-14 01:25:00
518146,2014-05-12T03:00:00+00:00,38.2239,-97.8003,971.25,136.89085388183594,296.73388671875,289.87799072265625,94604.875,29.769634246826172,14.07849480412668,27.963855009018346,0,0,EF0,CST-6,11-MAY-14 20:54:00
504548,2014-04-27T22:00:00+00:00,41.9625,-91.3819,148.5,55.37637710571289,286.622314453125,281.657470703125,97455.9375,31.696685791015625,12.246955115813991,26.812956391069793,0,0,EF0,CST-6,27-APR-14 15:40:00
513817,2014-06-21T19:00:00+00:00,35.0401,-106.0703,0.25,,301.287353515625,273.773193359375,80025.125,14.187298774719238,0.17714094315208262,1.032116077539143,0,0,EF0,MST-7,21-JUN-14 12:28:00
501722,2014-04-20T23:00:00+00:00,34.51,-100.07,924.4375,56.64067077636719,293.963134765625,288.8303527832031,95361.625,26.04444694519043,3.168180066061938,15.123692212191477,0,0,EF0,CST-6,20-APR-14 16:30:00
510244,2014-04-13T23:00:00+00:00,34.59,-97.71,508.5625,370.90655517578125,296.554443359375,288.1407470703125,96088.125,17.706905364990234,1.9379996191573339,14.093572310820102,0,0,EF0,CST-6,13-APR-14 16:58:00
515691,2014-04-13T23:00:00+00:00,34.58,-97.66,508.5625,370.90655517578125,296.554443359375,288.1407470703125,96088.125,17.706905364990234,1.9379996191573339,14.093572310820102,0,0,EF0,CST-6,13-APR-14 17:05:00
510874,2014-05-21T20:00:00+00:00,40.8515,-115.7414,692.8125,24.040830612182617,285.804443359375,275.976318359375,81299.125,10.20329761505127,0.08676726206299684,2.5067287891339776,0,0,EF0,PST-8,21-MAY-14 11:38:00
508190,2014-03-27T01:00:00+00:00,39.5845,-122.1446,94.96875,,289.60968017578125,277.67279052734375,99236.8125,14.456167221069336,4.065467524010687,11.111958227105049,1,0,EF1,PST-8,26-MAR-14 16:45:00
508191,2014-03-27T01:00:00+00:00,38.7624,-121.4164,79.71875,,288.65753173828125,281.18939208984375,100306.8125,16.194448471069336,6.6883538850125435,8.654445605904348,0,0,EF0,PST-8,26-MAR-14 17:10:00
508192,2014-03-27T00:00:00+00:00,38.8051,-121.5339,328.78125,24.81829833984375,288.65997314453125,282.7789001464844,100314.125,17.691160202026367,5.851558616192399,10.145709102307926,0,0,EF0,PST-8,26-MAR-14 16:24:00
510439,2014-06-06T02:00:00+00:00,38.1625,-102.9754,513.0,,298.293701171875,281.5918273925781,87266.0,26.04301643371582,0.17599975229432027,10.854332863742812,0,0,EF0,MST-7,05-JUN-14 19:07:00
506826,2014-05-15T23:00:00+00:00,41.133,-77.431,116.8125,29.06250762939453,294.22900390625,290.1882019042969,96596.3125,36.872413635253906,10.843713619872194,18.359350606269555,0,0,EF0,EST-5,15-MAY-14 18:03:00
515057,2014-04-07T21:00:00+00:00,30.3879,-84.1433,815.3125,22.1875057220459,294.515869140625,294.4044189453125,100464.5,50.73280715942383,19.278117447217372,21.958685519583565,0,0,EF0,EST-5,07-APR-14 16:23:00
500766,2014-04-13T22:00:00+00:00,31.1251,-95.4477,118.875,115.17218017578125,294.858154296875,294.47198486328125,99778.1875,43.405731201171875,16.179469261687913,21.020884290128176,1,0,EF1,CST-6,13-APR-14 15:45:00
510877,2014-05-22T00:00:00+00:00,40.21,-116.93,283.4375,23.187612533569336,283.915771484375,276.9211120605469,82638.3125,10.200922012329102,0.011611593218769842,4.120494384379543,0,0,EF0,PST-8,21-MAY-14 15:30:00
505282,2014-04-28T21:00:00+00:00,34.5219,-87.7494,1775.625,33.53935623168945,297.47607421875,293.7442626953125,97749.375,36.84461212158203,13.182703777126827,26.161526357820907,1,0,EF1,CST-6,28-APR-14 14:56:00
508288,2014-04-28T23:00:00+00:00,32.1229,-90.6352,2218.5,80.31255340576172,295.25732421875,294.129638671875,99252.5625,50.08562469482422,13.150969264689332,17.41873818133381,1,0,EF1,CST-6,28-APR-14 16:48:00
520142,2014-07-13T20:00:00+00:00,41.14,-104.6278,0.0,,300.00341796875,281.390380859375,83066.0625,20.093055725097656,0.1282707058417028,0.7723789022727571,0,0,EF0,MST-7,13-JUL-14 12:40:00
509836,2014-05-25T18:00:00+00:00,38.9285,-105.2666,2072.8125,5.998050689697266,283.887451171875,280.446044921875,73850.125,9.001055717468262,0.342536520422158,1.270066192310644,0,0,EF0,MST-7,25-MAY-14 10:39:00
510203,2014-05-22T19:00:00+00:00,37.5979,-105.613,293.9375,7.6574177742004395,293.97412109375,269.34765625,76257.375,12.091206550598145,0.37459954019317804,2.9204628893166142,0,0,EF0,MST-7,22-MAY-14 11:45:00
509084,2014-04-03T10:00:00+00:00,38.67,-90.3625,209.25,37.10954284667969,290.308837890625,288.91943359375,98348.9375,35.483638763427734,16.305155201824228,13.099790770738041,1,0,EF1,CST-6,03-APR-14 04:19:00
518593,2014-05-15T04:00:00+00:00,34.3542,-83.5003,382.34375,0.547028660774231,292.494140625,292.4725646972656,98429.625,47.61989212036133,12.951945882849719,19.42261247147994,1,0,EF1,EST-5,14-MAY-14 23:03:00
510483,2014-06-05T02:00:00+00:00,38.478,-82.2242,489.0,22.288070678710938,294.95849609375,293.9035949707031,97856.6875,35.77907943725586,11.918044557663722,19.724929671317426,1,0,EF1,EST-5,04-JUN-14 20:30:00
506417,2014-05-10T22:00:00+00:00,39.2125,-94.1701,1170.5,12.296942710876465,300.927978515625,288.033935546875,97445.625,30.26558494567871,5.945684567277585,10.195705968406523,2,1,EF2,CST-6,10-MAY-14 16:17:00
518334,2014-06-17T04:00:00+00:00,42.7376,-90.5188,1413.875,326.50115966796875,295.5927734375,290.7373046875,97465.8125,45.90251922607422,16.95804799990815,17.0054653176837,2,1,EF2,CST-6,16-JUN-14 21:45:00
504405,2014-04-13T23:00:00+00:00,41.488,-91.4437,258.0,5.344069480895996,290.364013671875,288.5284423828125,97141.125,33.758663177490234,15.721749292248024,8.827751163182109,0,0,EF0,CST-6,13-APR-14 16:56:00
515635,2014-06-28T20:00:00+00:00,36.4323,-95.2831,1314.375,144.35958862304688,298.72412109375,293.68701171875,98380.25,50.332759857177734,12.239740872425578,10.493759299215283,0,0,EF0,CST-6,28-JUN-14 14:22:00
515046,2014-04-07T18:00:00+00:00,31.5444,-83.2685,473.5,80.86730194091797,292.27197265625,289.906982421875,99983.75,44.232818603515625,17.41961616978754,19.078658450972203,1,0,EF1,EST-5,07-APR-14 12:55:00
521517,2014-05-28T18:00:00+00:00,40.3673,-88.7569,1145.375,48.20317840576172,301.28857421875,289.37939453125,98809.1875,38.049468994140625,0.658581380623077,1.6585006012223964,0,0,EF0,CST-6,28-MAY-14 11:47:00
539315,2014-10-07T20:00:00+00:00,38.4618,-84.691,760.8125,0.906329333782196,290.04541015625,289.389892578125,98003.375,26.80618667602539,12.487858994507413,25.91669448069396,1,0,EF1,EST-5,07-OCT-14 14:39:00
510477,2014-05-11T22:00:00+00:00,40.7501,-97.3875,1787.375,26.656490325927734,295.23828125,290.81640625,94326.3125,35.22107696533203,4.302240970705831,22.024604766953114,0,0,EF0,CST-6,11-MAY-14 16:04:00
505288,2014-04-28T22:00:00+00:00,34.7753,-87.2324,884.125,34.47568893432617,296.170654296875,293.0157165527344,98032.6875,39.80747985839844,11.038910227059352,26.491160604295022,3,1,EF3,CST-6,28-APR-14 15:47:00
520158,2014-07-13T21:00:00+00:00,41.1142,-103.66,27.0,,300.953125,283.65380859375,85702.875,24.832077026367188,0.06667997123062147,2.8510486876221197,0,0,EF0,MST-7,13-JUL-14 14:09:00
521862,2014-05-08T00:00:00+00:00,34.033,-98.602,2533.5,669.8438110351562,301.86181640625,291.1328125,96505.6875,42.33490753173828,15.89849481463252,23.61716502978904,0,0,EF0,CST-6,07-MAY-14 18:03:00
511652,2014-05-31T20:00:00+00:00,43.34,-110.0059,210.375,38.441078186035156,284.54541015625,272.523681640625,72526.8125,8.483534812927246,0.9785810142430009,3.0433260977253016,0,0,EF0,MST-7,31-MAY-14 12:34:00
503591,2014-04-27T20:00:00+00:00,41.1325,-92.3117,928.0,14.765837669372559,293.6142578125,289.71630859375,97203.75,41.778350830078125,15.69513453305488,16.767729106728787,1,0,EF1,CST-6,27-APR-14 14:20:00
506834,2014-05-11T23:00:00+00:00,40.7481,-97.3684,1439.4375,56.140625,292.8447265625,290.834716796875,94466.75,40.547760009765625,3.402787836828152,21.899307017597533,1,0,EF1,CST-6,11-MAY-14 17:01:00
524267,2014-06-30T00:00:00+00:00,42.302,-93.7356,2484.25,77.0937728881836,296.892822265625,294.08447265625,97027.875,48.21289825439453,8.994053709785021,17.68149950178932,0,0,EF0,CST-6,29-JUN-14 18:28:00
515944,2014-06-30T02:00:00+00:00,39.0807,-95.6889,2528.375,87.74565124511719,300.07470703125,297.089111328125,97174.375,46.2170295715332,12.80663137389078,11.449241131062216,0,0,EF0,CST-6,29-JUN-14 20:20:00
509793,2014-06-01T23:00:00+00:00,39.7145,-97.58,866.0625,92.87773895263672,299.00732421875,287.353759765625,95333.0625,45.786285400390625,6.107764362818794,22.666354896688766,0,0,EF0,CST-6,01-JUN-14 17:12:00
514656,2014-04-28T12:00:00+00:00,35.3615,-89.7486,533.625,3.2493748664855957,291.364013671875,289.52197265625,99336.625,41.97380065917969,11.971797908591078,21.648030701549864,0,0,EF0,CST-6,28-APR-14 05:46:00
505291,2014-04-28T23:00:00+00:00,34.9476,-86.6465,599.625,38.46880340576172,295.58837890625,293.265380859375,97188.5625,39.19792938232422,12.032828248931766,27.947990189400624,1,0,EF1,CST-6,28-APR-14 16:50:00
505303,2014-04-29T01:00:00+00:00,34.7945,-85.6557,28.1875,80.23441314697266,296.43701171875,290.77178955078125,96263.3125,30.30710220336914,14.151350028736703,28.006567806652498,0,0,EF0,CST-6,28-APR-14 19:18:00
505320,2014-04-29T03:00:00+00:00,34.0957,-86.7598,5.6875,108.37129211425781,292.985595703125,292.7840270996094,97689.875,31.076480865478516,17.02966425753126,24.50811180930012,3,1,EF3,CST-6,28-APR-14 20:39:00
515690,2014-04-14T02:00:00+00:00,35.3658,-94.0375,932.5625,68.125,290.312255859375,289.1740417480469,98185.75,33.050201416015625,15.318859500632502,18.22060576627985,1,0,EF1,CST-6,13-APR-14 19:45:00
520389,2014-05-14T21:00:00+00:00,42.07,-103.24,92.3125,52.050174713134766,286.9482421875,272.597900390625,88002.5625,9.037649154663086,0.08656256156787272,5.892032052895946,0,0,EF0,MST-7,14-MAY-14 13:30:00
510850,2014-06-07T01:00:00+00:00,33.19,-80.96,571.375,14.1360445022583,298.12255859375,296.313232421875,100577.0625,43.533897399902344,4.306684681561354,11.850520661765183,0,0,EF0,EST-5,06-JUN-14 19:46:00
511191,2014-04-08T02:00:00+00:00,33.3025,-84.385,325.1875,,290.6884765625,289.93206787109375,97650.9375,22.238887786865234,9.138732939978476,17.687608088145538,0,0,EF0,EST-5,07-APR-14 20:50:00
524271,2014-06-30T01:00:00+00:00,42.268,-93.0937,2415.125,118.53170776367188,296.760986328125,293.834228515625,97099.75,49.22013854980469,11.175859258896326,21.636563291700245,1,0,EF1,CST-6,29-JUN-14 19:25:00
508280,2014-04-28T22:00:00+00:00,32.3559,-90.5975,2788.0,22.10068702697754,296.122802734375,294.7813415527344,99170.6875,46.63072204589844,12.912265081559044,17.82772736001867,1,0,EF1,CST-6,28-APR-14 16:20:00
509155,2014-04-04T00:00:00+00:00,33.1851,-96.5234,3091.5625,111.88768005371094,297.937744140625,291.8877258300781,98039.75,32.282562255859375,8.79990666853245,20.62660373214889,0,0,EF0,CST-6,03-APR-14 18:27:00
518331,2014-05-26T17:00:00+00:00,30.0941,-97.4599,649.5,16.031572341918945,297.0888671875,292.755615234375,99913.125,49.098182678222656,5.255110159872761,3.147405127774719,0,0,EF0,CST-6,26-MAY-14 10:46:00
509156,2014-04-04T01:00:00+00:00,33.1959,-96.2488,2782.75,153.10630798339844,295.465576171875,291.1380920410156,98270.0625,33.636756896972656,10.969727675456246,17.720516715564248,1,0,EF1,CST-6,03-APR-14 19:03:00
509157,2014-04-04T02:00:00+00:00,33.2671,-95.587,2642.5625,121.78126525878906,292.095703125,289.8173828125,98768.25,35.038291931152344,13.345993991461674,17.148581108729896,0,0,EF0,CST-6,03-APR-14 20:20:00
505304,2014-04-29T01:00:00+00:00,34.8121,-85.6341,28.1875,80.23441314697266,296.43701171875,290.77178955078125,96263.3125,30.30710220336914,14.151350028736703,28.006567806652498,1,0,EF1,CST-6,28-APR-14 19:20:00
510875,2014-05-21T20:00:00+00:00,40.8362,-115.7832,692.8125,24.040830612182617,285.804443359375,275.976318359375,81299.125,10.20329761505127,0.08676726206299684,2.5067287891339776,0,0,EF0,PST-8,21-MAY-14 11:48:00
521200,2014-06-18T06:00:00+00:00,43.09,-95.33,5282.375,111.8612289428711,295.272216796875,294.361572265625,95884.75,43.31618118286133,9.925455655861027,11.294224090428992,0,0,EF0,CST-6,18-JUN-14 00:15:00
511201,2014-04-28T23:00:00+00:00,33.122,-85.0556,484.875,377.26568603515625,298.81494140625,293.609130859375,97916.5625,30.56218719482422,9.314839013565924,22.60647389179704,2,1,EF2,EST-5,28-APR-14 18:00:00
511202,2014-04-28T23:00:00+00:00,33.1938,-85.0249,316.5,350.28131103515625,298.38330078125,293.434326171875,97708.5625,30.03191375732422,9.616675756169945,22.936992919719277,0,0,EF0,EST-5,28-APR-14 18:09:00
510332,2014-06-04T04:00:00+00:00,39.7204,-95.466,140.4375,454.1058044433594,300.118896484375,291.62860107421875,96823.3125,41.73521041870117,14.83829540516967,21.821229482759612,1,0,EF1,CST-6,03-JUN-14 22:24:00
505653,2014-04-29T06:00:00+00:00,34.2243,-86.0781,900.375,15.187564849853516,292.61669921875,292.30120849609375,97306.6875,38.685611724853516,15.72138727764048,22.453219046661335,0,0,EF0,CST-6,29-APR-14 00:28:00
519254,2014-05-26T21:00:00+00:00,28.0553,-97.6463,707.625,276.8594055175781,301.87744140625,291.34368896484375,100957.8125,44.49917221069336,9.33875062276267,11.507415020803704,0,0,EF0,CST-6,26-MAY-14 15:20:00
524562,2014-06-30T01:00:00+00:00,42.3471,-92.6911,2016.5,135.84420776367188,297.463134765625,294.005126953125,97473.75,48.07072448730469,12.253320496083798,19.27403444661083,1,0,EF1,CST-6,29-JUN-14 19:18:00
516086,2014-06-27T20:00:00+00:00,38.5737,-103.0574,26.375,,304.24853515625,277.436279296875,85678.75,14.093159675598145,0.07886489118387463,2.461127231780753,0,0,EF0,MST-7,27-JUN-14 13:18:00
515614,2014-04-28T22:00:00+00:00,36.4286,-89.1416,0.0,131.16319274902344,297.099365234375,292.7598571777344,98723.6875,21.992050170898438,9.194414110918308,20.541832370461886,2,1,EF2,CST-6,28-APR-14 16:10:00
505227,2014-04-28T23:00:00+00:00,35.0186,-86.4875,417.0,87.29692840576172,296.03076171875,293.090576171875,96778.5625,36.52996063232422,12.771742847997649,28.37894613348186,2,1,EF2,CST-6,28-APR-14 17:09:00
520909,2014-07-08T22:00:00+00:00,41.55,-76.48,157.125,,301.299072265625,288.43603515625,94899.875,43.93363952636719,10.792378440744173,21.823101963708485,2,1,EF2,EST-5,08-JUL-14 17:15:00
515209,2014-04-28T20:00:00+00:00,34.2261,-88.8242,2527.625,47.45320510864258,296.48388671875,293.8408203125,98858.5625,40.8743782043457,12.967217246983992,24.28220309681992,3,1,EF3,CST-6,28-APR-14 13:38:00
508156,2014-04-28T21:00:00+00:00,32.9338,-89.3203,1470.375,120.52372741699219,299.14404296875,294.8184814453125,98475.375,39.25086212158203,13.3460384118815,23.975673123949928,2,1,EF2,CST-6,28-APR-14 15:02:00
520839,2014-07-07T04:00:00+00:00,42.94,-84.98,1383.625,11.211244583129883,296.408447265625,294.6051025390625,97718.5,43.44197082519531,14.477836847192503,11.906749799736696,0,0,EF0,EST-5,06-JUL-14 23:16:00
518118,2014-05-12T02:00:00+00:00,38.191,-98.2257,720.5,33.87507629394531,295.852294921875,288.87799072265625,93968.1875,34.44689178466797,12.85793262389206,31.17664665933457,0,0,EF0,CST-6,11-MAY-14 20:12:00
518119,2014-05-12T02:00:00+00:00,38.2345,-98.2205,720.5,33.87507629394531,295.852294921875,288.87799072265625,93968.1875,34.44689178466797,12.85793262389206,31.17664665933457,0,0,EF0,CST-6,11-MAY-14 20:20:00
516964,2014-05-26T23:00:00+00:00,31.8935,-101.5937,786.625,,300.665771484375,286.3876953125,91923.25,28.50359535217285,0.5231453882032009,14.994697375182993,0,0,EF0,CST-6,26-MAY-14 16:57:00
505229,2014-04-29T01:00:00+00:00,35.1738,-86.3697,302.0625,32.093788146972656,293.51904296875,292.05010986328125,97124.3125,38.16940689086914,12.996823649145009,27.334418827421032,1,0,EF1,CST-6,28-APR-14 19:27:00
505326,2014-04-29T06:00:00+00:00,34.1672,-86.0507,889.75,22.062564849853516,293.01513671875,292.69378662109375,97092.6875,38.495182037353516,16.000121200158155,23.907817125631738,2,1,EF2,CST-6,28-APR-14 23:37:00
521108,2014-07-12T21:00:00+00:00,38.5867,-104.476,1238.75,68.109619140625,304.83154296875,286.457275390625,84113.0625,33.814903259277344,0.3267919135986858,5.021498214186072,0,0,EF0,MST-7,12-JUL-14 13:45:00
521026,2014-05-14T20:00:00+00:00,33.2496,-85.949,1121.1875,18.184728622436523,295.918212890625,292.38922119140625,98429.1875,44.62238311767578,8.230199262392375,16.172796094105994,0,0,EF0,CST-6,14-MAY-14 14:28:00
518123,2014-05-12T03:00:00+00:00,38.2951,-97.789,971.25,136.89085388183594,296.73388671875,289.87799072265625,94604.875,29.769634246826172,14.07849480412668,27.963855009018346,0,0,EF0,CST-6,11-MAY-14 20:51:00
505337,2014-04-29T06:00:00+00:00,34.3491,-85.8401,889.75,22.062564849853516,293.01513671875,292.69378662109375,97092.6875,38.495182037353516,16.000121200158155,23.907817125631738,2,1,EF2,CST-6,29-APR-14 00:06:00
509256,2014-05-23T20:00:00+00:00,42.7319,-106.4228,428.25,218.03128051757812,293.052001953125,278.341064453125,82212.6875,16.550125122070312,0.13414145167475694,2.1824852899518734,0,0,EF0,MST-7,23-MAY-14 12:35:00
508157,2014-04-28T21:00:00+00:00,32.9287,-89.3152,1470.375,120.52372741699219,299.14404296875,294.8184814453125,98475.375,39.25086212158203,13.3460384118815,23.975673123949928,2,1,EF2,CST-6,28-APR-14 15:03:00
521786,2014-05-20T23:00:00+00:00,41.9258,-103.9238,45.0,88.81271362304688,295.091552734375,282.14093017578125,86806.3125,18.03420639038086,0.09962236885071916,3.5509658203205436,0,0,EF0,MST-7,20-MAY-14 16:25:00
508387,2014-04-28T23:00:00+00:00,32.2291,-90.2225,2013.875,55.14067840576172,295.26904296875,294.087646484375,99073.5625,49.55046844482422,14.166615804887167,18.35306644560365,1,0,EF1,CST-6,28-APR-14 17:27:00
510391,2014-04-27T22:00:00+00:00,41.2007,-97.7065,598.75,79.40763092041016,289.761962890625,286.467041015625,93120.9375,18.658599853515625,13.462732496850037,18.47130539053902,0,0,EF0,CST-6,27-APR-14 16:17:00
510394,2014-04-27T22:00:00+00:00,40.9527,-97.7065,711.0,145.76699829101562,291.167236328125,286.006103515625,93008.9375,15.843171119689941,10.659558029753324,19.195181884480398,0,0,EF0,CST-6,27-APR-14 15:40:00
510395,2014-04-27T19:00:00+00:00,40.3448,-98.885,715.375,39.218833923339844,295.409423828125,274.159423828125,91447.125,19.38766860961914,5.703405193544688,12.194447853879147,0,0,EF0,CST-6,27-APR-14 13:26:00
506418,2014-05-10T23:00:00+00:00,39.2118,-93.8694,1356.25,23.597158432006836,300.6962890625,288.419677734375,97790.5,33.24365997314453,7.692908562462172,10.2599606461445,0,0,EF0,CST-6,10-MAY-14 17:00:00
521580,2014-05-27T00:00:00+00:00,31.72,-101.2102,1147.25,109.56251525878906,298.65087890625,287.942138671875,92356.1875,33.16089630126953,2.5089005913895224,16.835331366065702,0,0,EF0,CST-6,26-MAY-14 17:47:00
504765,2014-04-28T02:00:00+00:00,35.4236,-91.674,3334.125,7.703248500823975,293.760498046875,293.110595703125,98180.125,40.6474609375,16.2822068712367,27.03301135104974,0,0,EF0,CST-6,27-APR-14 19:38:00
510878,2014-06-06T20:00:00+00:00,35.7888,-91.6408,2266.75,46.91417694091797,297.8056640625,294.04937744140625,99364.875,49.27933883666992,3.6504251843596145,8.904821288315615,1,0,EF1,CST-6,06-JUN-14 13:35:00
523967,2014-05-22T22:00:00+00:00,37.26,-77.24,38.3125,182.41928100585938,302.260009765625,291.1602783203125,100551.375,30.951313018798828,6.279999486739678,14.87589067391934,0,0,EF0,EST-5,22-MAY-14 16:45:00
523994,2014-05-22T22:00:00+00:00,37.05,-77.1,22.5625,693.3880004882812,302.640869140625,291.3087158203125,100583.375,30.555805206298828,6.20102890651167,14.867772965055863,0,0,EF0,EST-5,22-MAY-14 17:20:00
523996,2014-05-22T22:00:00+00:00,37.78,-76.94,6.3125,302.1536560058594,300.928955078125,290.5528564453125,100537.375,32.25307083129883,5.544237508771895,14.59110972742853,0,0,EF0,EST-5,22-MAY-14 17:05:00
523695,2014-07-22T02:00:00+00:00,47.7,-96.86,962.0,29.703243255615234,294.703369140625,294.02587890625,97632.9375,54.609153747558594,5.307518564411699,15.382217596719281,2,1,EF2,CST-6,21-JUL-14 19:52:00
513179,2014-04-29T05:00:00+00:00,31.5759,-87.7633,1667.0,15.303656578063965,297.103759765625,296.0615234375,99772.375,48.13221740722656,17.54021550202909,19.213485955233786,1,0,EF1,CST-6,28-APR-14 23:15:00
504771,2014-04-28T02:00:00+00:00,35.5439,-91.5524,3417.75,6.546998500823975,294.197021484375,293.202392578125,98797.125,41.826171875,16.793730646990145,27.762393511214192,1,0,EF1,CST-6,27-APR-14 19:52:00
517411,2014-05-08T22:00:00+00:00,44.1073,-94.379,710.4375,1.593778371810913,291.58984375,290.0634765625,96396.875,30.850173950195312,12.818104460644179,24.48450817206852,0,0,EF0,CST-6,08-MAY-14 16:09:00
519446,2014-05-22T21:00:00+00:00,39.098,-75.667,411.125,,298.879638671875,286.128173828125,100697.5625,29.175731658935547,4.582025153590626,15.173961229334097,1,0,EF1,EST-5,22-MAY-14 15:54:00
523698,2014-07-22T02:00:00+00:00,47.82,-96.35,1500.75,27.281368255615234,295.841064453125,295.15771484375,97262.9375,53.935325622558594,1.3383252053759913,17.149934017836344,2,1,EF2,CST-6,21-JUL-14 20:22:00
509167,2014-05-06T20:00:00+00:00,43.2966,-108.3367,366.6875,43.42189407348633,289.34423828125,276.48046875,81976.5625,12.615521430969238,0.3795887309239867,2.6333020901846114,1,0,EF1,MST-7,06-MAY-14 13:07:00
504768,2014-04-28T02:00:00+00:00,35.4639,-91.6414,3334.125,7.703248500823975,293.760498046875,293.110595703125,98180.125,40.6474609375,16.2822068712367,27.03301135104974,1,0,EF1,CST-6,27-APR-14 19:43:00
504760,2014-04-28T00:00:00+00:00,34.913,-92.4572,3049.875,32.984405517578125,294.6484375,293.777099609375,98427.625,44.31820297241211,17.219145909141385,21.846519614761405,4,1,EF4,CST-6,27-APR-14 18:25:00
512936,2014-04-24T20:00:00+00:00,36.2015,-77.9465,0.0,,293.62109375,270.0880126953125,100799.25,11.274462699890137,1.3290442095620254,14.564931237113402,1,0,EF1,EST-5,24-APR-14 14:59:00
523224,2014-06-23T22:00:00+00:00,38.3579,-88.4382,649.5,150.76576232910156,300.353759765625,294.1376953125,99511.8125,45.581382751464844,5.759933442578837,7.826079910575372,0,0,EF0,CST-6,23-JUN-14 16:22:00
523226,2014-06-23T22:00:00+00:00,38.3662,-88.4126,649.5,150.76576232910156,300.353759765625,294.1376953125,99511.8125,45.581382751464844,5.759933442578837,7.826079910575372,0,0,EF0,CST-6,23-JUN-14 16:26:00
517412,2014-05-08T22:00:00+00:00,44.1087,-94.376,710.4375,1.593778371810913,291.58984375,290.0634765625,96396.875,30.850173950195312,12.818104460644179,24.48450817206852,0,0,EF0,CST-6,08-MAY-14 16:10:00
506837,2014-05-11T23:00:00+00:00,40.872,-97.0351,1829.75,55.9375,293.7080078125,291.196044921875,95101.75,40.357330322265625,6.356418028492062,17.500224054203088,2,1,EF2,CST-6,11-MAY-14 16:53:00
526274,2014-07-27T22:00:00+00:00,36.4477,-82.5498,767.625,,299.64453125,291.896728515625,94902.0,40.447689056396484,7.403371342830972,21.016286912172127,0,0,EF0,EST-5,27-JUL-14 16:47:00
514003,2014-06-17T03:00:00+00:00,42.551,-91.609,1578.0,287.0781555175781,296.364501953125,291.5738830566406,97285.625,43.133880615234375,14.3951883491538,17.26423181706089,1,0,EF1,CST-6,16-JUN-14 20:33:00
521135,2014-05-28T01:00:00+00:00,27.3649,-98.1278,1274.25,257.79718017578125,304.572265625,293.7402038574219,100216.5625,41.46196746826172,4.894925330992526,16.3073356092226,1,0,EF1,CST-6,27-MAY-14 18:45:00
521417,2014-07-14T18:00:00+00:00,38.2166,-102.4973,269.75,52.03132629394531,303.572021484375,288.8369140625,88799.25,28.118427276611328,0.13886269344271568,4.730036888009403,0,0,EF0,MST-7,14-JUL-14 10:40:00
506838,2014-05-11T23:00:00+00:00,40.9211,-96.9135,1785.75,35.359375,293.7724609375,291.143310546875,95022.75,39.802642822265625,5.427869683638849,18.8919056652438,1,0,EF1,CST-6,11-MAY-14 17:07:00
513994,2014-06-17T03:00:00+00:00,42.5412,-91.6484,1578.0,287.0781555175781,296.364501953125,291.5738830566406,97285.625,43.133880615234375,14.3951883491538,17.26423181706089,1,0,EF1,CST-6,16-JUN-14 20:30:00
506840,2014-05-11T23:00:00+00:00,40.959,-96.7986,1757.5625,31.859375,294.7841796875,291.459716796875,95383.75,38.722564697265625,7.4181719978743415,17.724328509483232,1,0,EF1,CST-6,11-MAY-14 17:20:00
506833,2014-05-11T22:00:00+00:00,40.7259,-97.3683,1787.375,26.656490325927734,295.23828125,290.81640625,94326.3125,35.22107696533203,4.302240970705831,22.024604766953114,3,1,EF3,CST-6,11-MAY-14 16:08:00
520102,2014-06-07T20:00:00+00:00,36.5218,-89.4644,2268.9375,118.38729858398438,300.466064453125,294.56396484375,100014.625,43.19062042236328,5.2740958916610765,13.467344183114491,1,0,EF1,CST-6,07-JUN-14 14:00:00
505735,2014-04-25T21:00:00+00:00,35.6,-77.46,944.75,85.20317840576172,296.47216796875,291.636474609375,100508.5625,34.39360809326172,12.710854260128487,18.658595857983023,0,0,EF0,EST-5,25-APR-14 16:18:00
520186,2014-05-08T20:00:00+00:00,32.757,-96.889,1599.25,7.633962631225586,295.387451171875,293.805908203125,98839.75,45.37910079956055,6.097535286615152,9.58214179568278,0,0,EF0,CST-6,08-MAY-14 14:15:00
506839,2014-05-11T23:00:00+00:00,40.97,-96.7955,1757.5625,31.859375,294.7841796875,291.459716796875,95383.75,38.722564697265625,7.4181719978743415,17.724328509483232,2,1,EF2,CST-6,11-MAY-14 17:11:00
508594,2014-05-15T18:00:00+00:00,25.7858,-80.3288,772.125,9.372777938842773,301.064208984375,296.8095703125,101509.4375,54.53185272216797,4.571362300844922,3.5004179378441167,0,0,EF0,EST-5,15-MAY-14 13:29:00
517671,2014-06-05T00:00:00+00:00,37.498,-87.912,1708.0,70.26570129394531,297.1318359375,294.75787353515625,99313.125,51.19529724121094,6.130248502897982,9.361976174566948,1,0,EF1,CST-6,04-JUN-14 17:32:00
520343,2014-05-14T19:00:00+00:00,31.9493,-85.7406,968.8125,21.15093421936035,299.676025390625,290.655029296875,99992.0625,47.699867248535156,8.387627576291443,15.245044584091197,0,0,EF0,CST-6,14-MAY-14 13:18:00
527699,2014-06-23T03:00:00+00:00,35.9433,-100.5581,1402.75,472.86505126953125,297.407958984375,291.695556640625,91765.4375,38.78834533691406,1.9708931127408404,8.190919705754526,1,0,EF1,CST-6,22-JUN-14 20:53:00
512579,2014-04-26T00:00:00+00:00,36.1985,-75.871,776.5625,1.0938711166381836,289.49462890625,288.48248291015625,100618.5625,36.28020477294922,15.589680278525202,18.00941565068809,0,0,EF0,EST-5,25-APR-14 19:28:00
521327,2014-05-30T21:00:00+00:00,26.73,-81.16,1052.75,52.672142028808594,303.62841796875,296.090576171875,101381.25,47.516075134277344,0.8766395574894911,4.691864336033208,0,0,EF0,EST-5,30-MAY-14 15:38:00
515637,2014-06-17T20:00:00+00:00,45.4783,-104.1832,2856.125,163.04689025878906,295.90478515625,289.2412109375,88769.4375,27.440244674682617,0.06517827410267152,13.22267979232423,3,1,EF3,MST-7,17-JUN-14 13:27:00
522872,2014-04-28T23:00:00+00:00,34.1854,-87.998,533.625,54.60942840576172,293.78369140625,293.316162109375,97837.5625,41.31999969482422,13.006736974324852,24.801902506465154,0,0,EF0,CST-6,28-APR-14 16:38:00
521023,2014-05-14T19:00:00+00:00,32.903,-85.9304,1477.75,12.697809219360352,297.534423828125,291.363037109375,99312.0625,45.569007873535156,7.73240971260975,16.003276338563225,0,0,EF0,CST-6,14-MAY-14 13:21:00
520103,2014-06-07T20:00:00+00:00,36.5565,-89.4974,2268.9375,118.38729858398438,300.466064453125,294.56396484375,100014.625,43.19062042236328,5.2740958916610765,13.467344183114491,1,0,EF1,CST-6,07-JUN-14 13:48:00
512776,2014-04-25T23:00:00+00:00,36.054,-76.74,1202.0625,28.671964645385742,293.775146484375,291.31591796875,100415.5625,37.641990661621094,17.976447166928597,20.12966745894838,2,1,EF2,EST-5,25-APR-14 18:20:00
512777,2014-04-25T23:00:00+00:00,36.06,-76.705,1202.0625,28.671964645385742,293.775146484375,291.31591796875,100415.5625,37.641990661621094,17.976447166928597,20.12966745894838,2,1,EF2,EST-5,25-APR-14 18:22:00
512783,2014-04-26T00:00:00+00:00,36.14,-76.577,1390.5625,4.062621116638184,292.13720703125,290.20611572265625,100452.5625,37.44719696044922,17.391278346153413,20.063039736638377,2,1,EF2,EST-5,25-APR-14 18:32:00
512774,2014-04-26T00:00:00+00:00,36.2,-76.28,982.3125,1.6563711166381836,290.39111328125,289.12799072265625,100542.5625,37.07122039794922,17.625126171904633,19.022607290011678,1,0,EF1,EST-5,25-APR-14 18:50:00
512787,2014-04-26T00:00:00+00:00,36.25,-76.36,1193.625,1.3751211166381836,291.22998046875,289.50592041015625,100465.5625,37.58196258544922,18.11036230193647,20.063159316577927,2,1,EF2,EST-5,25-APR-14 19:00:00
512795,2014-04-26T00:00:00+00:00,36.08,-76.5,1234.125,6.250121116638184,291.52001953125,289.92291259765625,100498.5625,36.86711883544922,18.348922165200435,19.18994806855307,2,1,EF2,EST-5,25-APR-14 18:41:00
519609,2014-05-27T01:00:00+00:00,47.71,-103.28,971.125,239.1758575439453,298.1787109375,286.44873046875,93120.25,31.10279655456543,4.977629095111424,11.732512841565173,2,1,EF2,MST-7,26-MAY-14 17:46:00
522504,2014-05-27T18:00:00+00:00,35.6111,-96.0689,264.375,14.461042404174805,293.0888671875,292.47125244140625,98673.375,42.73061752319336,4.298673844566308,10.945195759844383,0,0,EF0,CST-6,27-MAY-14 11:38:00
517690,2014-06-10T21:00:00+00:00,35.88,-84.51,1318.6875,270.23468017578125,301.347900390625,292.770751953125,97669.375,41.32876968383789,6.851723084372766,18.94487376054241,0,0,EF0,EST-5,10-JUN-14 16:06:00
520338,2014-06-30T19:00:00+00:00,42.2264,-91.9131,3959.375,89.39099884033203,298.619873046875,295.886474609375,97365.375,46.13116455078125,4.1850566475669035,12.089730598593023,1,0,EF1,CST-6,30-JUN-14 13:27:00
521519,2014-05-28T19:00:00+00:00,40.7632,-89.0007,1301.1875,61.40634536743164,301.2919921875,288.810791015625,98886.3125,38.62199401855469,0.786578503742339,2.5640926816588157,0,0,EF0,CST-6,28-MAY-14 12:40:00
506456,2014-05-06T20:00:00+00:00,43.2194,-108.3833,366.6875,43.42189407348633,289.34423828125,276.48046875,81976.5625,12.615521430969238,0.3795887309239867,2.6333020901846114,0,0,EF0,MST-7,06-MAY-14 13:05:00
513036,2014-04-29T20:00:00+00:00,35.02,-78.682,1877.5,142.28147888183594,295.574462890625,293.43280029296875,100772.625,38.37577819824219,13.46485783892598,17.987852895123467,1,0,EF1,EST-5,29-APR-14 14:52:00
512796,2014-04-26T00:00:00+00:00,36.22,-76.31,982.3125,1.6563711166381836,290.39111328125,289.12799072265625,100542.5625,37.07122039794922,17.625126171904633,19.022607290011678,2,1,EF2,EST-5,25-APR-14 19:00:00
514332,2014-06-25T20:00:00+00:00,42.74,-89.44,842.5,55.842994689941406,298.074951171875,290.244384765625,98207.125,31.920455932617188,0.8835330715477566,10.025240284535062,0,0,EF0,CST-6,25-JUN-14 14:00:00
515804,2014-06-30T01:00:00+00:00,41.7182,-95.5114,3509.75,126.59420776367188,299.778564453125,294.666259765625,96132.75,42.27189636230469,8.998743416099222,22.414416024676374,0,0,EF0,CST-6,29-JUN-14 19:08:00
521134,2014-05-28T00:00:00+00:00,27.7519,-98.0538,1383.4375,186.01571655273438,302.463623046875,295.951171875,100412.375,43.89178466796875,5.338933624602208,15.833954764788253,1,0,EF1,CST-6,27-MAY-14 17:30:00
522266,2014-05-27T19:00:00+00:00,34.18,-97.6775,610.3125,33.48661804199219,297.89208984375,289.898681640625,97715.9375,28.481891632080078,0.48728041063417926,5.603610768055939,0,0,EF0,CST-6,27-MAY-14 12:55:00
526273,2014-07-27T22:00:00+00:00,36.462,-82.56,767.625,,299.64453125,291.896728515625,94902.0,40.447689056396484,7.403371342830972,21.016286912172127,1,0,EF1,EST-5,27-JUL-14 16:45:00
505507,2014-04-25T21:00:00+00:00,35.479,-77.782,1104.4375,98.73442840576172,296.36962890625,291.607177734375,100394.5625,34.47856903076172,13.056691404447692,19.450556977847306,0,0,EF0,EST-5,25-APR-14 15:38:00
505634,2014-04-25T23:00:00+00:00,35.47,-77.26,1535.3125,12.421965599060059,295.149169921875,292.29345703125,100347.5625,36.444725036621094,16.483460456985775,20.108908211979994,2,1,EF2,EST-5,25-APR-14 18:22:00
513037,2014-04-29T22:00:00+00:00,35.848,-77.434,473.125,14.531299591064453,296.36572265625,293.21014404296875,101270.25,42.9742431640625,10.73650295494584,17.301884426137782,0,0,EF0,EST-5,29-APR-14 17:09:00
517656,2014-06-04T23:00:00+00:00,37.5398,-87.9671,1331.25,112.38292694091797,297.323974609375,295.046142578125,99175.5,48.304405212402344,5.4835994771235645,13.183876404370084,1,0,EF1,CST-6,04-JUN-14 17:16:00
505083,2014-02-20T23:00:00+00:00,36.2349,-89.8029,276.25,4.250226020812988,292.0980224609375,289.603515625,99132.1875,31.429401397705078,18.511861849579326,23.34344927727483,1,0,EF1,CST-6,20-FEB-14 16:41:00
506611,2014-04-29T03:00:00+00:00,34.9876,-84.8321,0.0,36.51191711425781,295.799072265625,291.4119567871094,97219.875,29.255191802978516,17.367752141689106,27.189951715633494,1,0,EF1,EST-5,28-APR-14 22:05:00
508054,2014-04-29T02:00:00+00:00,33.8344,-87.1945,0.125,42.953189849853516,294.1611328125,292.830078125,98452.125,32.32963562011719,17.494590514341258,23.129095690119524,1,0,EF1,CST-6,28-APR-14 19:40:00
505204,2014-04-27T22:00:00+00:00,36.912,-94.8215,516.125,242.31387329101562,299.457275390625,287.678955078125,96261.9375,24.370513916015625,7.982601905746445,20.747183189570755,2,1,EF2,CST-6,27-APR-14 16:29:00
521866,2014-05-07T21:00:00+00:00,41.905,-109.3848,86.875,,283.169677734375,272.268310546875,78282.1875,4.894747734069824,0.43487410236543533,3.216155560085042,0,0,EF0,MST-7,07-MAY-14 14:08:00
531897,2014-07-09T01:00:00+00:00,43.6905,-73.9874,315.125,80.67191314697266,295.735107421875,293.518310546875,94523.75,45.9812126159668,10.998994090345006,23.587443130808463,0,0,EF0,EST-5,08-JUL-14 19:40:00
513041,2014-04-30T00:00:00+00:00,35.1491,-78.3948,505.0,148.34957885742188,295.82275390625,293.0838623046875,101055.0625,39.14320373535156,11.51585044152101,16.223807581360084,1,0,EF1,EST-5,29-APR-14 19:10:00
512300,2014-05-14T22:00:00+00:00,36.9142,-87.4512,161.3125,0.7368641495704651,291.672607421875,291.04876708984375,99117.875,40.62022399902344,13.143874593110555,21.64349484309028,2,1,EF2,CST-6,14-MAY-14 15:36:00
514385,2014-05-25T19:00:00+00:00,30.3808,-102.8741,645.25,,299.339111328125,283.549560546875,87314.4375,21.806848526000977,0.1033179045249235,4.692642546665114,0,0,EF0,CST-6,25-MAY-14 12:45:00
517643,2014-07-06T19:00:00+00:00,28.6506,-80.8433,1780.875,102.86082458496094,298.3876953125,294.786865234375,101710.75,52.97041702270508,2.569496834572404,5.937587239619069,0,0,EF0,EST-5,06-JUL-14 13:42:00
520585,2014-05-30T23:00:00+00:00,44.604,-99.278,163.8125,172.47811889648438,300.7685546875,289.57861328125,95315.625,31.813297271728516,0.863570608432926,9.796970972337942,0,0,EF0,CST-6,30-MAY-14 16:30:00
520628,2014-05-30T23:00:00+00:00,44.651,-99.312,163.8125,172.47811889648438,300.7685546875,289.57861328125,95315.625,31.813297271728516,0.863570608432926,9.796970972337942,0,0,EF0,CST-6,30-MAY-14 16:44:00
527294,2014-06-09T01:00:00+00:00,39.456,-77.981,316.25,204.8668670654297,294.858642578125,293.1064453125,98569.625,44.42279052734375,13.309449491976535,11.347097955332634,1,0,EF1,EST-5,08-JUN-14 19:41:00
526284,2014-07-27T22:00:00+00:00,36.4695,-83.9766,3372.875,26.500144958496094,298.98046875,295.838134765625,96045.0,51.363704681396484,10.317672610195453,19.053892677098155,3,1,EF3,EST-5,27-JUL-14 16:58:00
504758,2014-04-28T00:00:00+00:00,34.7787,-92.652,2666.125,20.828155517578125,295.0244140625,294.142333984375,97955.625,40.75667953491211,17.65769467787179,19.927563631607427,3,1,EF3,CST-6,27-APR-14 18:06:00
506432,2014-05-08T19:00:00+00:00,36.7525,-93.9845,583.375,69.87191772460938,293.427978515625,291.5380859375,96294.625,40.370121002197266,9.21330299039822,17.157559294631792,0,0,EF0,CST-6,08-MAY-14 12:45:00
506433,2014-05-08T22:00:00+00:00,36.9964,-92.7143,321.375,35.48440170288086,292.9482421875,292.6416015625,96626.875,42.46638488769531,13.657788584895789,18.500786367630727,1,0,EF1,CST-6,08-MAY-14 16:10:00
514396,2014-06-18T02:00:00+00:00,42.516,-97.1589,3038.125,736.9063110351562,297.785400390625,295.1877136230469,94945.375,22.217357635498047,12.045061929198907,19.014718839203034,0,0,EF0,CST-6,17-JUN-14 20:10:00
520975,2014-06-04T16:00:00+00:00,38.6406,-83.2187,1436.5,109.92190551757812,298.052001953125,292.76806640625,97977.875,41.505489349365234,6.7877966660136435,13.428041551746183,0,0,EF0,EST-5,04-JUN-14 10:55:00
520976,2014-06-04T20:00:00+00:00,39.1906,-83.8202,1310.25,36.296932220458984,295.271484375,293.391357421875,97049.3125,41.83524703979492,7.378980184795698,19.39283053637419,0,0,EF0,EST-5,04-JUN-14 14:40:00
523119,2014-07-12T17:00:00+00:00,27.2367,-80.757,2731.5,28.464984893798828,304.234619140625,296.99462890625,101896.4375,51.77738571166992,1.4374697903272915,3.919118258381544,0,0,EF0,EST-5,12-JUL-14 12:20:00
523124,2014-07-24T22:00:00+00:00,28.4592,-80.992,1797.5,96.73448944091797,302.7109375,297.92041015625,101406.8125,48.3401985168457,5.519524172732521,3.3612178154173264,0,0,EF0,EST-5,24-JUL-14 16:59:00
507244,2014-05-14T18:00:00+00:00,37.9318,-85.5882,414.375,55.775997161865234,296.72314453125,293.01275634765625,99233.125,37.53778839111328,13.406358105520452,20.67924226229426,0,0,EF0,EST-5,14-MAY-14 13:23:00
523667,2014-07-22T01:00:00+00:00,47.78,-98.52,554.125,52.673072814941406,292.9033203125,291.586669921875,95629.8125,50.545249938964844,10.257491284351545,11.88255464361667,0,0,EF0,CST-6,21-JUL-14 18:47:00
523658,2014-07-22T01:00:00+00:00,47.64,-98.5,963.875,9.298070907592773,294.390625,293.383544921875,95625.8125,53.082359313964844,10.18663713506856,14.149774639099912,0,0,EF0,CST-6,21-JUL-14 18:41:00
512392,2014-05-28T11:00:00+00:00,30.0389,-90.5975,342.6875,23.546964645385742,296.252685546875,295.356689453125,101154.6875,45.50246810913086,10.05452175547945,13.428426858405079,1,0,EF1,CST-6,28-MAY-14 04:32:00
521803,2014-05-22T01:00:00+00:00,42.2021,-105.0049,153.8125,112.67755889892578,291.93798828125,284.2580261230469,84726.5,18.344213485717773,0.13253221297042939,5.193429662558212,0,0,EF0,MST-7,21-MAY-14 18:15:00
526564,2014-06-10T02:00:00+00:00,34.5822,-87.5607,651.0625,116.3906478881836,297.797119140625,291.95233154296875,98594.5625,50.494659423828125,8.681818413992493,19.90483424711519,1,0,EF1,CST-6,09-JUN-14 19:30:00
526565,2014-06-10T02:00:00+00:00,34.595,-87.5141,651.0625,116.3906478881836,297.797119140625,291.95233154296875,98594.5625,50.494659423828125,8.681818413992493,19.90483424711519,0,0,EF0,CST-6,09-JUN-14 19:32:00
511791,2014-05-19T00:00:00+00:00,45.16,-105.16,685.0,122.14070892333984,292.81640625,284.056884765625,87407.5,22.736045837402344,0.8584406077235119,9.771690252967876,0,0,EF0,MST-7,18-MAY-14 16:50:00
523764,2014-05-27T19:00:00+00:00,44.113,-103.593,942.3125,6.533493995666504,293.28076171875,283.659423828125,82656.9375,19.985797882080078,0.27486064893881035,5.4241834999633065,1,0,EF1,MST-7,27-MAY-14 12:17:00
523060,2014-07-25T20:00:00+00:00,28.9807,-80.9281,3019.5,56.03129959106445,301.3486328125,295.633056640625,101635.3125,52.84846496582031,4.1738706188808505,7.911176251592088,1,0,EF1,EST-5,25-JUL-14 15:24:00
520337,2014-06-30T04:00:00+00:00,42.09,-90.96,1557.625,216.14076232910156,297.302490234375,293.862060546875,97951.625,46.14897537231445,14.51328975243373,14.523510476360398,0,0,EF0,CST-6,29-JUN-14 21:36:00
518367,2014-06-30T06:00:00+00:00,41.9613,-90.1153,1832.5,138.00149536132812,297.33251953125,294.76904296875,98278.25,46.51567459106445,13.35956474104858,16.497881685008803,1,0,EF1,CST-6,29-JUN-14 23:30:00
526223,2014-06-06T20:00:00+00:00,41.13,-103.89,1016.375,10.273552894592285,296.0693359375,287.29254150390625,84104.875,20.014690399169922,0.1314864132302448,7.210836743202566,0,0,EF0,MST-7,06-JUN-14 12:55:00
526236,2014-06-08T19:00:00+00:00,41.0688,-104.2551,823.8125,28.90630531311035,289.346435546875,282.5896911621094,83500.8125,23.412757873535156,0.4538893494796999,4.773021694213838,0,0,EF0,MST-7,08-JUN-14 12:00:00
519042,2014-05-31T15:00:00+00:00,32.6005,-80.0889,853.125,25.881614685058594,297.43701171875,294.340087890625,101913.4375,46.410865783691406,0.98063916250618,3.5964586305077564,0,0,EF0,EST-5,31-MAY-14 09:30:00
506419,2014-05-11T00:00:00+00:00,39.1665,-93.172,666.6875,15.375109672546387,299.391845703125,288.26611328125,98175.8125,33.94502639770508,9.373338362806265,17.57051530204776,1,0,EF1,CST-6,10-MAY-14 18:26:00
504764,2014-04-28T01:00:00+00:00,35.2491,-91.9215,2820.125,30.093935012817383,294.072021484375,293.024169921875,98154.875,42.146549224853516,17.17304123375384,26.497541858784643,2,1,EF2,CST-6,27-APR-14 19:16:00
512792,2014-04-26T00:00:00+00:00,36.05,-76.55,1234.125,6.250121116638184,291.52001953125,289.92291259765625,100498.5625,36.86711883544922,18.348922165200435,19.18994806855307,2,1,EF2,EST-5,25-APR-14 18:37:00
512797,2014-04-26T00:00:00+00:00,36.28,-76.17,982.3125,1.6563711166381836,290.39111328125,289.12799072265625,100542.5625,37.07122039794922,17.625126171904633,19.022607290011678,2,1,EF2,EST-5,25-APR-14 19:15:00
512684,2014-06-08T19:00:00+00:00,39.0196,-105.3297,648.5625,33.765682220458984,285.014404296875,275.4373474121094,72138.8125,14.552407264709473,0.5461872607595984,2.862896620821269,1,0,EF1,MST-7,08-JUN-14 11:59:00
523155,2014-06-08T06:00:00+00:00,33.0113,-85.1496,827.875,318.8460388183594,296.0712890625,294.3775634765625,98832.4375,45.51525115966797,3.852947111411142,6.635072877267723,0,0,EF0,EST-5,08-JUN-14 00:59:00
522219,2014-05-26T18:00:00+00:00,46.148,-67.992,398.3125,27.9377384185791,292.057861328125,286.311767578125,98427.3125,20.5404052734375,1.8216360497020418,15.06113838625933,0,0,EF0,EST-5,26-MAY-14 12:50:00
523657,2014-07-22T01:00:00+00:00,47.62,-98.59,716.75,9.516820907592773,293.7626953125,292.668701171875,95583.8125,52.795249938964844,10.322196232320676,10.618072714732191,0,0,EF0,CST-6,21-JUL-14 18:35:00
517093,2014-06-03T18:00:00+00:00,43.7665,-108.8642,140.1875,,289.580322265625,274.46270751953125,76522.3125,9.84378719329834,0.6208200184794961,3.4425246487669576,0,0,EF0,MST-7,03-JUN-14 11:07:00
517776,2014-06-05T00:00:00+00:00,37.504,-87.914,1708.0,70.26570129394531,297.1318359375,294.75787353515625,99313.125,51.19529724121094,6.130248502897982,9.361976174566948,1,0,EF1,CST-6,04-JUN-14 17:30:00
515644,2014-05-21T21:00:00+00:00,39.75,-104.6,1011.6875,168.26589965820312,296.481201171875,280.634765625,83633.4375,18.82465171813965,0.19229510576629352,5.213626686963996,0,0,EF0,MST-7,21-MAY-14 13:45:00
512199,2014-04-28T18:00:00+00:00,35.8808,-85.2931,617.5,263.7066955566406,294.72412109375,288.85888671875,95367.375,29.865516662597656,8.721174063841756,20.672588875783525,1,0,EF1,CST-6,28-APR-14 11:36:00
510612,2014-06-06T20:00:00+00:00,37.1532,-104.4111,1178.625,22.1485538482666,296.388671875,283.32672119140625,78249.875,19.104534149169922,0.6451391232176154,3.7854832072242117,1,0,EF1,MST-7,06-JUN-14 12:51:00
530172,2014-06-06T21:00:00+00:00,37.1889,-104.1789,1702.4375,94.42201232910156,298.388671875,285.9754638671875,82209.125,23.348623275756836,0.13887612193678908,5.635251500579042,1,0,EF1,MST-7,06-JUN-14 13:46:00
522875,2014-04-29T01:00:00+00:00,33.8878,-87.7094,2.25,66.89066314697266,294.86767578125,293.43975830078125,98487.3125,35.68210220336914,18.170341158447826,24.68249316588886,1,0,EF1,CST-6,28-APR-14 18:35:00
515648,2014-05-21T20:00:00+00:00,39.7,-104.81,861.4375,193.00958251953125,295.188232421875,282.313232421875,83629.125,17.326343536376953,0.10551998583901619,5.9770687942985,0,0,EF0,MST-7,21-MAY-14 13:05:00
517398,2014-05-08T22:00:00+00:00,43.9552,-94.6083,738.5625,1.671903371810913,291.0908203125,289.7216796875,96090.875,30.480056762695312,11.27033809995453,25.815946247449805,0,0,EF0,CST-6,08-MAY-14 15:51:00
523242,2014-04-29T06:00:00+00:00,34.1703,-86.0439,889.75,22.062564849853516,293.01513671875,292.69378662109375,97092.6875,38.495182037353516,16.000121200158155,23.907817125631738,3,1,EF3,CST-6,28-APR-14 23:32:00
510466,2014-05-11T20:00:00+00:00,40.3824,-98.2745,1693.625,151.3437957763672,295.17822265625,288.81475830078125,93775.625,30.54818344116211,2.799137553702349,20.75271234908148,0,0,EF0,CST-6,11-MAY-14 14:26:00
510467,2014-05-11T21:00:00+00:00,40.4926,-98.1207,1644.1875,114.8339614868164,291.9365234375,287.833251953125,93644.3125,32.56913757324219,2.394995386745297,24.04435772952331,3,1,EF3,CST-6,11-MAY-14 14:50:00
510468,2014-05-11T21:00:00+00:00,40.6407,-97.8247,1784.75,101.1777114868164,294.4404296875,289.358642578125,93942.3125,32.94999694824219,2.0071187015128897,21.2876445592411,3,1,EF3,CST-6,11-MAY-14 15:25:00
510469,2014-05-11T21:00:00+00:00,40.6185,-97.6994,1792.5625,79.8027114868164,297.89453125,289.423095703125,94207.3125,33.28007507324219,2.516642273375099,18.801720358658972,0,0,EF0,CST-6,11-MAY-14 15:25:00
510470,2014-05-11T21:00:00+00:00,40.6638,-97.7309,1982.5,134.31832885742188,294.87109375,290.208251953125,94217.3125,33.46855163574219,2.684397610547425,23.15430731665974,2,1,EF2,CST-6,11-MAY-14 15:25:00
525148,2014-06-18T02:00:00+00:00,42.12,-101.15,1809.875,430.90631103515625,298.775634765625,291.3937683105469,88790.375,19.234935760498047,0.6422434468425878,11.128300086581346,0,0,EF0,CST-6,17-JUN-14 19:39:00
508388,2014-04-28T23:00:00+00:00,32.2319,-90.206,2013.875,55.14067840576172,295.26904296875,294.087646484375,99073.5625,49.55046844482422,14.166615804887167,18.35306644560365,3,1,EF3,CST-6,28-APR-14 17:27:00
522636,2014-07-08T00:00:00+00:00,44.7987,-92.7831,568.5,32.70318603515625,293.317626953125,291.57763671875,97102.875,41.87837219238281,5.871093706150771,21.753412213923298,0,0,EF0,CST-6,07-JUL-14 17:46:00
529381,2014-06-19T00:00:00+00:00,44.023,-98.939,2890.5,67.00006103515625,298.851806640625,294.927001953125,94470.75,37.62763977050781,6.542745941604662,19.274707598520344,0,0,EF0,CST-6,18-JUN-14 17:45:00
516068,2014-06-30T23:00:00+00:00,37.3612,-102.6564,704.5,,305.21240234375,281.630126953125,85856.0625,34.275634765625,0.09607413694516513,4.184414508974721,0,0,EF0,MST-7,30-JUN-14 16:20:00
522921,2014-04-29T03:00:00+00:00,32.4208,-88.271,1324.8125,132.0431671142578,294.713134765625,294.3787536621094,99748.875,42.394840240478516,17.26797901322553,18.457180047483657,1,0,EF1,CST-6,28-APR-14 20:30:00
525631,2014-06-16T22:00:00+00:00,42.2646,-96.8235,1999.0,15.718754768371582,295.610107421875,293.7905578613281,94717.625,46.871524810791016,14.912958277017605,11.525593318560473,1,0,EF1,CST-6,16-JUN-14 15:58:00
527457,2014-07-01T00:00:00+00:00,40.3844,-94.3019,3894.0,282.5626220703125,302.296630859375,294.344970703125,97109.4375,58.74296569824219,6.520558163799393,13.102743105241546,0,0,EF0,CST-6,30-JUN-14 17:43:00
527459,2014-06-30T02:00:00+00:00,39.5627,-95.0526,2760.125,61.65190124511719,301.12646484375,295.771728515625,97468.375,47.1437873840332,12.52767676345632,15.194081383147523,0,0,EF0,CST-6,29-JUN-14 20:12:00
529383,2014-06-19T00:00:00+00:00,44.433,-99.268,2499.25,22.734439849853516,295.416259765625,294.235595703125,94516.75,34.61689758300781,4.331554098991422,17.537401789337718,0,0,EF0,CST-6,18-JUN-14 18:00:00
532538,2014-07-07T01:00:00+00:00,46.3605,-88.181,849.75,189.35946655273438,293.2080078125,292.6393737792969,94896.3125,28.63226318359375,9.246244278313561,11.603975161364255,0,0,EF0,CST-6,06-JUL-14 19:02:00
534638,2014-07-07T01:00:00+00:00,46.3361,-88.1168,849.75,189.35946655273438,293.2080078125,292.6393737792969,94896.3125,28.63226318359375,9.246244278313561,11.603975161364255,0,0,EF0,EST-5,06-JUL-14 20:18:00
522984,2014-04-29T04:00:00+00:00,33.3129,-87.2197,1002.75,77.18759155273438,294.216064453125,293.992919921875,98737.5,39.064300537109375,18.566135549856472,21.54851244736577,1,0,EF1,CST-6,28-APR-14 21:55:00
524640,2014-06-07T20:00:00+00:00,36.4445,-89.3587,2268.9375,118.38729858398438,300.466064453125,294.56396484375,100014.625,43.19062042236328,5.2740958916610765,13.467344183114491,1,0,EF1,CST-6,07-JUN-14 14:23:00
523244,2014-04-29T06:00:00+00:00,34.0896,-86.155,855.5,16.421939849853516,293.05029296875,292.51702880859375,97601.6875,39.800846099853516,15.8482312493966,22.18402745944533,1,0,EF1,CST-6,29-APR-14 00:17:00
529385,2014-06-19T00:00:00+00:00,45.122,-98.995,1693.25,13.734439849853516,296.116455078125,294.588134765625,95509.75,41.38447570800781,4.203770262341491,17.285390170380964,0,0,EF0,CST-6,18-JUN-14 18:00:00
513162,2014-06-05T20:00:00+00:00,42.1761,-96.5012,1007.8125,165.75009155273438,296.1806640625,290.0164794921875,96677.875,27.67630386352539,0.9101252298284482,9.322075604470502,1,0,EF1,CST-6,05-JUN-14 13:51:00
515652,2014-05-21T23:00:00+00:00,39.87,-104.04,126.8125,28.217405319213867,295.492919921875,282.9612121582031,84827.25,21.149490356445312,0.1233131488153446,1.166698412864207,0,0,EF0,MST-7,21-MAY-14 16:06:00
520697,2014-06-18T00:00:00+00:00,42.4255,-101.5528,5526.75,145.15626525878906,300.122802734375,291.234619140625,88806.875,30.650619506835938,0.021441564342078806,11.206369258067285,0,0,EF0,CST-6,17-JUN-14 18:00:00
510471,2014-05-11T22:00:00+00:00,40.6424,-97.5922,1628.1875,18.547115325927734,295.2109375,290.859375,94092.3125,35.93201446533203,3.445222718314501,20.428590155782405,1,0,EF1,CST-6,11-MAY-14 15:40:00
510472,2014-05-11T22:00:00+00:00,40.6922,-97.4531,1787.375,26.656490325927734,295.23828125,290.81640625,94326.3125,35.22107696533203,4.302240970705831,22.024604766953114,3,1,EF3,CST-6,11-MAY-14 15:57:00
510475,2014-05-11T23:00:00+00:00,40.7407,-97.3808,1439.4375,56.140625,292.8447265625,290.834716796875,94466.75,40.547760009765625,3.402787836828152,21.899307017597533,1,0,EF1,CST-6,11-MAY-14 16:58:00
527840,2014-07-27T19:00:00+00:00,40.1236,-83.6134,973.625,128.53912353515625,296.864990234375,294.64208984375,96856.9375,33.902137756347656,4.352644508042963,7.7450990229354915,0,0,EF0,EST-5,27-JUL-14 14:29:00
522933,2014-04-29T03:00:00+00:00,33.0625,-87.6345,667.25,150.9650421142578,294.423095703125,294.2947692871094,99498.875,38.366519927978516,18.87964752989848,22.200144212679906,1,0,EF1,CST-6,28-APR-14 20:59:00
510886,2014-06-06T20:00:00+00:00,35.4034,-91.1282,2712.0,4.586052894592285,299.8427734375,294.77301025390625,100527.875,52.73246383666992,2.348285266760331,7.588623541926251,1,0,EF1,CST-6,06-JUN-14 14:00:00
528940,2014-06-27T16:00:00+00:00,30.35,-94.9994,1819.5,74.16302490234375,299.220703125,297.243896484375,101026.125,49.75240707397461,11.791591819416716,12.908901520331277,0,0,EF0,CST-6,27-JUN-14 10:24:00
535290,2014-07-05T00:00:00+00:00,43.5868,-71.3521,110.375,34.343910217285156,291.5546875,290.281494140625,98327.9375,34.79911804199219,5.160816206938303,11.045986997115977,0,0,EF0,EST-5,04-JUL-14 19:00:00
523578,2014-07-27T23:00:00+00:00,39.3366,-81.1412,1369.375,41.375,295.5322265625,294.0048828125,97339.0625,36.973270416259766,10.222714821573785,15.367075871317196,1,0,EF1,EST-5,27-JUL-14 18:14:00
508042,2014-04-28T23:00:00+00:00,33.5379,-88.2741,444.5,37.81255340576172,296.59619140625,293.857177734375,99027.5625,40.62761688232422,16.199106532860007,25.25164862293963,1,0,EF1,CST-6,28-APR-14 17:22:00
510480,2014-05-11T22:00:00+00:00,40.6986,-97.4317,1787.375,26.656490325927734,295.23828125,290.81640625,94326.3125,35.22107696533203,4.302240970705831,22.024604766953114,3,1,EF3,CST-6,11-MAY-14 16:00:00
517822,2014-06-04T04:00:00+00:00,40.9207,-97.903,1583.1875,108.12142181396484,291.490966796875,290.84051513671875,94488.3125,43.49399948120117,3.4067800135556223,23.579010587617724,1,0,EF1,CST-6,03-JUN-14 21:33:00
532243,2014-08-12T15:00:00+00:00,40.1753,-82.6321,883.75,2.5781946182250977,296.453369140625,292.705078125,97006.3125,31.935224533081055,6.600779725024099,10.392980479095616,0,0,EF0,EST-5,12-AUG-14 10:15:00
522940,2014-04-29T03:00:00+00:00,33.7514,-86.8303,16.9375,135.9650421142578,293.231689453125,293.0877380371094,98337.875,30.891910552978516,18.248604130130808,24.538182043778367,1,0,EF1,CST-6,28-APR-14 21:00:00
523588,2014-07-27T23:00:00+00:00,39.3197,-81.1166,1369.375,41.375,295.5322265625,294.0048828125,97339.0625,36.973270416259766,10.222714821573785,15.367075871317196,1,0,EF1,EST-5,27-JUL-14 18:17:00
523245,2014-04-29T08:00:00+00:00,32.417,-85.4585,1266.0,35.07417297363281,294.30908203125,293.2166748046875,98887.5,41.60029220581055,16.5259149983359,20.503898846417563,0,0,EF0,CST-6,29-APR-14 02:25:00
528538,2014-08-14T02:00:00+00:00,46.32,-119.8,5.0,,301.33251953125,282.8123779296875,97303.875,27.609867095947266,1.6655979976279902,7.915812004795487,0,0,EF0,PST-8,13-AUG-14 17:30:00
527702,2014-06-22T23:00:00+00:00,36.6354,-100.2722,1465.75,255.36570739746094,305.4921875,289.821044921875,92026.0,34.92901611328125,3.3449360568912176,6.8235027852978725,0,0,EF0,CST-6,22-JUN-14 16:42:00
518011,2014-06-16T23:00:00+00:00,42.8956,-94.627,644.875,135.671875,298.263427734375,293.5996398925781,96046.125,42.097740173339844,12.749276001980721,11.090141660921077,0,0,EF0,CST-6,16-JUN-14 16:44:00
509792,2014-06-01T23:00:00+00:00,39.7684,-97.8971,702.5,37.62773895263672,295.89697265625,289.494384765625,95129.0625,47.628082275390625,6.160239241503183,23.02825774827814,0,0,EF0,CST-6,01-JUN-14 16:43:00
531164,2014-06-17T05:00:00+00:00,43.0772,-89.3696,2296.125,238.5157928466797,295.8642578125,291.6982421875,97629.0625,48.78868865966797,17.777982908176686,20.47401313637517,1,0,EF1,CST-6,16-JUN-14 23:21:00
531145,2014-06-17T05:00:00+00:00,43.0024,-89.5579,2296.125,238.5157928466797,295.8642578125,291.6982421875,97629.0625,48.78868865966797,17.777982908176686,20.47401313637517,3,1,EF3,CST-6,16-JUN-14 23:08:00
531149,2014-06-17T05:00:00+00:00,43.0431,-89.4799,2296.125,238.5157928466797,295.8642578125,291.6982421875,97629.0625,48.78868865966797,17.777982908176686,20.47401313637517,2,1,EF2,CST-6,16-JUN-14 23:15:00
515655,2014-05-21T22:00:00+00:00,39.73,-104.17,122.125,57.10816192626953,295.222900390625,282.474609375,84145.8125,19.63161849975586,0.14768016767748013,3.8301910196893667,0,0,EF0,MST-7,21-MAY-14 15:20:00
523779,2014-07-28T01:00:00+00:00,39.1202,-80.2948,918.5,14.010555267333984,294.230712890625,292.936767578125,94691.5,35.07373046875,10.325134092285609,15.62747021682772,1,0,EF1,EST-5,27-JUL-14 19:50:00
523250,2014-04-29T09:00:00+00:00,32.465,-85.2336,1027.125,95.92420959472656,294.126220703125,292.57403564453125,99037.0625,40.17084503173828,17.163444720928183,20.728658033498768,1,0,EF1,CST-6,29-APR-14 02:56:00
508051,2014-04-29T00:00:00+00:00,33.4888,-88.2802,121.125,55.98451614379883,295.0634765625,293.75030517578125,99133.5625,39.779022216796875,18.78542394414738,25.119147766403444,2,1,EF2,CST-6,28-APR-14 17:54:00
527368,2014-06-12T01:00:00+00:00,38.7119,-101.0978,2456.625,155.08750915527344,297.427490234375,286.371337890625,90102.1875,35.13725662231445,0.2028576775549829,6.356478439559088,1,0,EF1,CST-6,11-JUN-14 18:58:00
518012,2014-06-16T23:00:00+00:00,42.909,-94.5782,644.875,135.671875,298.263427734375,293.5996398925781,96046.125,42.097740173339844,12.749276001980721,11.090141660921077,0,0,EF0,CST-6,16-JUN-14 16:49:00
547665,2014-06-16T21:00:00+00:00,41.8596,-97.3602,4192.75,240.71875,299.93798828125,294.81317138671875,94371.125,38.819034576416016,9.362063428105703,13.830572794137819,0,0,EF0,CST-6,16-JUN-14 14:38:00
524638,2014-07-28T00:00:00+00:00,43.948,-88.495,9.75,,291.9072265625,288.6328125,98169.4375,29.807796478271484,9.225628291805622,7.797485395348322,0,0,EF0,CST-6,27-JUL-14 18:05:00
518362,2014-06-19T20:00:00+00:00,42.4483,-91.3733,1841.0,72.28135681152344,298.12060546875,294.12353515625,97788.5,41.27971267700195,7.6901352277122035,9.500364240494422,1,0,EF1,CST-6,19-JUN-14 14:04:00
522952,2014-04-29T03:00:00+00:00,33.5856,-87.0055,13.5,111.48066711425781,293.457275390625,293.3133239746094,98429.875,30.509098052978516,18.08670981483407,24.016769953260354,2,1,EF2,CST-6,28-APR-14 21:13:00
508961,2014-05-26T23:00:00+00:00,33.5125,-102.1983,561.625,,293.015380859375,286.689453125,89708.25,23.65105628967285,0.06704589328678337,12.930811791720927,0,0,EF0,CST-6,26-MAY-14 16:52:00
520625,2014-06-16T23:00:00+00:00,41.7,-99.37,3512.875,107.046875,304.651123046875,292.0390930175781,91770.125,38.067466735839844,4.073821200712403,11.979289413873602,0,0,EF0,CST-6,16-JUN-14 17:24:00
520633,2014-06-17T00:00:00+00:00,41.758,-99.2362,3535.0,,304.110107421875,291.4678955078125,92052.0625,36.50544738769531,3.6205759094493364,18.662832681281248,1,0,EF1,CST-6,16-JUN-14 17:35:00
522948,2014-04-29T03:00:00+00:00,33.8406,-86.7673,4.1875,89.59004211425781,293.264892578125,293.0457458496094,97965.875,30.274723052978516,17.224377639348692,24.10284674653816,0,0,EF0,CST-6,28-APR-14 21:17:00
527703,2014-06-22T23:00:00+00:00,36.6286,-100.3962,1562.0,215.50633239746094,305.5849609375,289.583740234375,91460.0,35.47882080078125,3.5497308984510747,8.559407129141169,1,0,EF1,CST-6,22-JUN-14 17:03:00
527704,2014-06-23T00:00:00+00:00,36.5151,-100.3998,1493.625,140.61492919921875,305.204833984375,288.4814453125,91362.4375,33.83538055419922,4.502003463350201,7.759338288664023,0,0,EF0,CST-6,22-JUN-14 17:31:00
529207,2014-05-11T23:00:00+00:00,38.1383,-99.2157,960.1875,24.84375,297.5263671875,290.856201171875,92611.75,37.352447509765625,8.095422551754313,25.048358225305982,1,0,EF1,CST-6,11-MAY-14 17:12:00
529209,2014-05-12T00:00:00+00:00,37.8772,-99.4722,355.75,74.4218978881836,295.852294921875,288.19610595703125,91910.5,25.036163330078125,13.135302569641704,25.59813400478397,0,0,EF0,CST-6,11-MAY-14 17:44:00
529211,2014-05-12T02:00:00+00:00,38.1762,-98.5622,662.75,30.60944938659668,292.975341796875,289.75201416015625,93678.1875,35.57286834716797,10.505283728817849,32.27325506555963,0,0,EF0,CST-6,11-MAY-14 19:44:00
529212,2014-05-12T02:00:00+00:00,37.5155,-98.9246,868.625,154.1563262939453,295.579833984375,288.09088134765625,92778.1875,28.7574405670166,15.989321484695193,32.09717484140624,0,0,EF0,CST-6,11-MAY-14 20:03:00
518017,2014-06-17T00:00:00+00:00,43.2062,-93.3101,881.0,731.2969360351562,297.386474609375,291.5518798828125,96405.0625,39.67439270019531,10.681315588514689,16.4767226285832,1,0,EF1,CST-6,16-JUN-14 17:48:00
520756,2014-07-07T02:00:00+00:00,42.09,-92.25,3049.5,62.906375885009766,298.33935546875,294.05999755859375,97538.9375,44.49502182006836,10.929837068809995,16.74673292134681,0,0,EF0,CST-6,06-JUL-14 19:56:00
522988,2014-04-29T04:00:00+00:00,33.3375,-87.18,1002.75,77.18759155273438,294.216064453125,293.992919921875,98737.5,39.064300537109375,18.566135549856472,21.54851244736577,0,0,EF0,CST-6,28-APR-14 22:01:00
513711,2014-05-11T21:00:00+00:00,40.6059,-91.5592,1728.75,180.08395385742188,300.138671875,290.207275390625,98655.3125,35.38847351074219,4.675752946226322,12.220604433702233,0,0,EF0,CST-6,11-MAY-14 15:24:00
525683,2014-06-07T21:00:00+00:00,38.7436,-90.6011,1796.0625,14.007299423217773,295.072509765625,294.00823974609375,98762.25,41.09248352050781,11.136969294259577,19.57816589432355,0,0,EF0,CST-6,07-JUN-14 14:56:00
520636,2014-06-17T00:00:00+00:00,41.8028,-99.1407,3535.0,,304.110107421875,291.4678955078125,92052.0625,36.50544738769531,3.6205759094493364,18.662832681281248,2,1,EF2,CST-6,16-JUN-14 18:01:00
512330,2014-06-11T22:00:00+00:00,43.24,-84.21,241.25,,296.624755859375,290.16259765625,98289.25,39.582237243652344,4.953254336875484,9.57215265211739,1,0,EF1,EST-5,11-JUN-14 16:55:00
518335,2014-06-17T04:00:00+00:00,42.7521,-90.4731,1413.875,326.50115966796875,295.5927734375,290.7373046875,97465.8125,45.90251922607422,16.95804799990815,17.0054653176837,1,0,EF1,CST-6,16-JUN-14 21:49:00
527749,2014-06-07T00:00:00+00:00,35.6958,-102.5128,893.375,66.39068603515625,298.8427734375,288.71893310546875,88004.25,40.25053787231445,0.41414004379513564,16.598782323319195,0,0,EF0,CST-6,06-JUN-14 18:15:00
535277,2014-09-17T21:00:00+00:00,35.9894,-92.9662,1232.4375,86.2656478881836,298.311767578125,291.44677734375,96774.9375,39.43798828125,2.9524870271830417,12.934149060018134,0,0,EF0,CST-6,17-SEP-14 14:38:00
523004,2014-04-29T04:00:00+00:00,33.3162,-87.111,1002.75,77.18759155273438,294.216064453125,293.992919921875,98737.5,39.064300537109375,18.566135549856472,21.54851244736577,1,0,EF1,CST-6,28-APR-14 22:00:00
523225,2014-04-29T05:00:00+00:00,33.7993,-86.5395,885.0,64.31928253173828,293.640869140625,293.212890625,97936.375,38.82167053222656,18.376284054536214,23.686681314444684,0,0,EF0,CST-6,28-APR-14 23:24:00
520651,2014-06-17T00:00:00+00:00,41.8348,-98.9567,3027.25,594.9844360351562,304.044677734375,292.1798095703125,92356.0625,37.39314270019531,4.80168364650934,18.26707643882225,2,1,EF2,CST-6,16-JUN-14 18:28:00
520638,2014-06-17T00:00:00+00:00,41.8397,-98.9986,3027.25,594.9844360351562,304.044677734375,292.1798095703125,92356.0625,37.39314270019531,4.80168364650934,18.26707643882225,2,1,EF2,CST-6,16-JUN-14 18:20:00
523251,2014-04-29T09:00:00+00:00,32.4704,-85.2302,1027.125,95.92420959472656,294.126220703125,292.57403564453125,99037.0625,40.17084503173828,17.163444720928183,20.728658033498768,3,1,EF3,CST-6,29-APR-14 02:57:00
508053,2014-04-29T01:00:00+00:00,33.9149,-87.6937,24.125,88.50003814697266,294.68017578125,293.26300048828125,97955.3125,37.16354751586914,18.77668464558198,26.552403504840147,1,0,EF1,CST-6,28-APR-14 18:38:00
508155,2014-04-28T21:00:00+00:00,32.88,-89.43,1572.875,213.4143524169922,300.02978515625,295.3194580078125,98624.375,38.73035430908203,14.69837928903383,22.41794964485959,2,1,EF2,CST-6,28-APR-14 14:51:00
527750,2014-06-07T01:00:00+00:00,36.0816,-100.927,502.5,107.72979736328125,297.64697265625,289.031982421875,90606.0625,34.405967712402344,2.3271516151907776,9.782205006996945,0,0,EF0,CST-6,06-JUN-14 18:52:00
518029,2014-06-17T00:00:00+00:00,42.875,-93.5054,887.5,663.8281860351562,298.068115234375,292.4571533203125,96453.0625,39.69587707519531,11.785202687190987,14.564553986931328,0,0,EF0,CST-6,16-JUN-14 17:52:00
518034,2014-06-17T00:00:00+00:00,42.8723,-93.4986,887.5,663.8281860351562,298.068115234375,292.4571533203125,96453.0625,39.69587707519531,11.785202687190987,14.564553986931328,1,0,EF1,CST-6,16-JUN-14 17:53:00
528410,2014-06-03T22:00:00+00:00,41.3174,-95.5606,731.125,98.7860107421875,300.922119140625,290.1126403808594,96498.625,39.04304122924805,5.7976320356476565,10.919797528759645,2,1,EF2,CST-6,03-JUN-14 16:02:00
509718,2014-06-01T18:00:00+00:00,43.3731,-93.931,1436.25,45.754005432128906,298.545166015625,291.171875,96836.8125,36.32271194458008,7.466802693005789,10.235652112326,0,0,EF0,CST-6,01-JUN-14 11:42:00
520656,2014-06-17T01:00:00+00:00,41.8295,-98.9537,3344.375,,302.916015625,289.6023864746094,92445.3125,40.11261749267578,2.7598701628001114,18.197051776030452,0,0,EF0,CST-6,16-JUN-14 18:30:00
528097,2014-07-17T00:00:00+00:00,36.3128,-102.0527,265.3125,107.08838653564453,298.5126953125,289.152587890625,88922.3125,33.030792236328125,0.009234919461603604,6.828516477388674,0,0,EF0,CST-6,16-JUL-14 18:26:00
528096,2014-07-17T00:00:00+00:00,36.3478,-102.0543,265.3125,107.08838653564453,298.5126953125,289.152587890625,88922.3125,33.030792236328125,0.009234919461603604,6.828516477388674,0,0,EF0,CST-6,16-JUL-14 18:08:00
527047,2014-07-01T00:00:00+00:00,40.3863,-94.2985,3894.0,282.5626220703125,302.296630859375,294.344970703125,97109.4375,58.74296569824219,6.520558163799393,13.102743105241546,1,0,EF1,CST-6,30-JUN-14 17:46:00
527050,2014-06-30T22:00:00+00:00,40.4369,-94.7211,2957.625,163.92971801757812,301.38720703125,293.212890625,96475.375,57.12395477294922,8.982867942668214,9.181913599370667,0,0,EF0,CST-6,30-JUN-14 15:40:00
527051,2014-07-01T01:00:00+00:00,40.1551,-93.9938,4082.5,280.2972106933594,302.532470703125,294.349853515625,97477.0,53.976383209228516,8.568258791456985,13.985281761554075,0,0,EF0,CST-6,30-JUN-14 18:53:00
527052,2014-06-30T03:00:00+00:00,40.3532,-93.4855,2251.75,88.88414764404297,300.4033203125,295.50927734375,97713.6875,45.215362548828125,13.41976378422713,18.582277478817975,1,0,EF1,CST-6,29-JUN-14 20:55:00
518038,2014-06-17T00:00:00+00:00,43.2216,-93.2126,881.0,731.2969360351562,297.386474609375,291.5518798828125,96405.0625,39.67439270019531,10.681315588514689,16.4767226285832,0,0,EF0,CST-6,16-JUN-14 17:56:00
530620,2014-06-24T19:00:00+00:00,39.7257,-86.3496,358.75,40.60939407348633,297.429443359375,292.65625,98188.1875,49.16313171386719,6.076313969510704,8.785443614086349,1,0,EF1,EST-5,24-JUN-14 13:32:00
518856,2014-07-08T20:00:00+00:00,39.3729,-80.0405,510.75,125.18756103515625,299.3251953125,291.89599609375,94990.3125,42.697021484375,10.28371877215137,17.21429391513275,1,0,EF1,EST-5,08-JUL-14 14:55:00
523012,2014-04-29T04:00:00+00:00,33.3592,-86.995,586.5625,131.62509155273438,294.007080078125,293.725341796875,98491.5,37.851409912109375,18.47664435591544,22.480230196359365,2,1,EF2,CST-6,28-APR-14 22:16:00
524717,2014-06-19T01:00:00+00:00,44.0372,-98.4032,2392.5,134.46888732910156,300.21728515625,294.849365234375,95227.3125,38.1414680480957,2.7669251694284407,16.64068742258533,4,1,EF4,CST-6,18-JUN-14 18:43:00
524718,2014-06-19T00:00:00+00:00,43.948,-98.7844,2609.25,189.53131103515625,301.932861328125,295.699462890625,94820.75,39.70674133300781,6.281333650167405,19.10312953026549,1,0,EF1,CST-6,18-JUN-14 18:01:00
527267,2014-06-11T22:00:00+00:00,38.5212,-101.6846,2409.875,,303.223388671875,287.25439453125,88492.25,27.651575088500977,0.33647756442565857,3.1264364051293483,0,0,EF0,MST-7,11-JUN-14 14:54:00
520210,2014-06-16T21:00:00+00:00,43.37,-96.31,3060.75,25.125003814697266,296.54052734375,291.54071044921875,95486.125,52.568058013916016,10.137918345162774,21.61922164848388,0,0,EF0,CST-6,16-JUN-14 14:43:00
527053,2014-06-30T06:00:00+00:00,40.4616,-92.5177,2513.75,27.17336654663086,297.31396484375,295.27783203125,97976.25,50.42290115356445,13.159537969572792,12.719128740889383,1,0,EF1,CST-6,29-JUN-14 23:45:00
527054,2014-07-01T03:00:00+00:00,39.2136,-94.3742,4276.5,10.65627384185791,298.034423828125,294.536376953125,97557.625,52.43456268310547,6.233965880694594,14.078466977485311,1,0,EF1,CST-6,30-JUN-14 20:34:00
518044,2014-06-17T01:00:00+00:00,42.7918,-92.823,1243.125,350.6406555175781,297.1064453125,290.8943786621094,96935.3125,43.33136749267578,12.319307197940804,16.628429246590397,1,0,EF1,CST-6,16-JUN-14 18:39:00
519786,2014-06-14T22:00:00+00:00,39.4611,-99.4606,2386.75,281.9691467285156,306.99560546875,290.42529296875,92650.4375,28.033809661865234,3.732564137322657,14.846769918381414,1,0,EF1,CST-6,14-JUN-14 16:27:00
535279,2014-09-17T21:00:00+00:00,35.9623,-92.9416,1232.4375,86.2656478881836,298.311767578125,291.44677734375,96774.9375,39.43798828125,2.9524870271830417,12.934149060018134,0,0,EF0,CST-6,17-SEP-14 14:43:00
520242,2014-06-16T23:00:00+00:00,42.36,-96.59,1409.375,40.15625,296.113037109375,293.9043273925781,95418.125,45.897544860839844,17.36751965553123,17.37573207920223,0,0,EF0,CST-6,16-JUN-14 16:41:00
523235,2014-04-29T05:00:00+00:00,33.8019,-86.5345,885.0,64.31928253173828,293.640869140625,293.212890625,97936.375,38.82167053222656,18.376284054536214,23.686681314444684,2,1,EF2,CST-6,28-APR-14 23:25:00
524719,2014-06-19T01:00:00+00:00,44.034,-98.8908,2777.5,144.03138732910156,294.07177734375,292.343505859375,94472.3125,35.2801399230957,5.454534533958295,11.604276851957477,2,1,EF2,CST-6,18-JUN-14 18:45:00
524720,2014-06-19T00:00:00+00:00,44.0487,-98.8351,2890.5,67.00006103515625,298.851806640625,294.927001953125,94470.75,37.62763977050781,6.542745941604662,19.274707598520344,1,0,EF1,CST-6,18-JUN-14 17:58:00
508158,2014-04-28T21:00:00+00:00,32.932,-89.3067,1470.375,120.52372741699219,299.14404296875,294.8184814453125,98475.375,39.25086212158203,13.3460384118815,23.975673123949928,4,1,EF4,CST-6,28-APR-14 15:05:00
528572,2014-04-03T00:00:00+00:00,37.0007,-98.3685,11.25,914.1564331054688,298.590087890625,280.65887451171875,95116.25,19.826438903808594,5.558127126147594,17.759207724322046,0,0,EF0,CST-6,02-APR-14 17:55:00
513993,2014-06-17T03:00:00+00:00,41.9792,-91.8728,1215.125,445.7656555175781,297.725830078125,291.4566955566406,97766.625,40.408294677734375,14.698776808356657,19.154165218629153,0,0,EF0,CST-6,16-JUN-14 21:05:00
513661,2014-05-08T21:00:00+00:00,39.08,-103.62,294.25,2.7501373291015625,284.451171875,273.54052734375,82710.3125,10.501965522766113,0.08417541146775392,1.9243466485166454,0,0,EF0,MST-7,08-MAY-14 14:10:00
520373,2014-06-06T18:00:00+00:00,42.78,-102.16,1549.0,12.84376049041748,292.233154296875,289.21685791015625,88850.75,25.95167350769043,0.12901097622522162,7.342856509056874,0,0,EF0,MST-7,06-JUN-14 11:05:00
523223,2014-04-29T04:00:00+00:00,33.8908,-86.4871,0.0625,138.39071655273438,293.577392578125,293.242919921875,97897.5,30.590667724609375,18.108377588306933,24.515179905413067,1,0,EF1,CST-6,28-APR-14 22:22:00
520378,2014-06-06T19:00:00+00:00,42.9425,-101.2826,812.0,225.41726684570312,296.862060546875,284.81378173828125,90819.3125,24.1451473236084,1.4641208296579704,7.30233182617747,0,0,EF0,CST-6,06-JUN-14 13:00:00
524721,2014-06-19T00:00:00+00:00,44.0635,-98.8025,2609.25,189.53131103515625,301.932861328125,295.699462890625,94820.75,39.70674133300781,6.281333650167405,19.10312953026549,2,1,EF2,CST-6,18-JUN-14 18:08:00
524722,2014-06-19T01:00:00+00:00,44.1967,-98.4031,1950.25,39.93763732910156,298.36181640625,294.251708984375,95412.3125,36.5213508605957,0.8099580890732162,16.688027820657354,0,0,EF0,CST-6,18-JUN-14 19:20:00
520678,2014-06-17T23:00:00+00:00,42.986,-101.876,4603.75,89.78134155273438,298.018798828125,291.851806640625,88872.625,29.40689468383789,0.11508877394151967,7.94105527544529,0,0,EF0,CST-6,17-JUN-14 16:40:00
520682,2014-06-17T23:00:00+00:00,42.5845,-101.7613,4705.0,200.40634155273438,299.461181640625,291.058837890625,88360.625,26.45181655883789,0.10231331430915881,9.16578626554781,0,0,EF0,CST-6,17-JUN-14 16:40:00
520687,2014-06-17T23:00:00+00:00,42.5122,-101.7089,4705.0,200.40634155273438,299.461181640625,291.058837890625,88360.625,26.45181655883789,0.10231331430915881,9.16578626554781,0,0,EF0,CST-6,17-JUN-14 17:28:00
520701,2014-06-18T02:00:00+00:00,41.9607,-101.2685,1809.875,430.90631103515625,298.775634765625,291.3937683105469,88790.375,19.234935760498047,0.6422434468425878,11.128300086581346,0,0,EF0,MST-7,17-JUN-14 19:07:00
518047,2014-06-17T01:00:00+00:00,42.7831,-92.7498,1432.125,472.1250305175781,297.2451171875,290.9197692871094,97074.3125,44.12531280517578,12.299725604035737,16.48260612215931,0,0,EF0,CST-6,16-JUN-14 18:45:00
518049,2014-06-17T01:00:00+00:00,42.7849,-92.6323,1432.125,472.1250305175781,297.2451171875,290.9197692871094,97074.3125,44.12531280517578,12.299725604035737,16.48260612215931,1,0,EF1,CST-6,16-JUN-14 18:52:00
515645,2014-05-21T21:00:00+00:00,39.7607,-104.8101,1011.6875,168.26589965820312,296.481201171875,280.634765625,83633.4375,18.82465171813965,0.19229510576629352,5.213626686963996,0,0,EF0,MST-7,21-MAY-14 13:30:00
513662,2014-05-08T21:00:00+00:00,39.05,-103.57,180.8125,5.4376373291015625,285.181640625,274.06787109375,83662.3125,10.413098335266113,0.08844303513760185,1.7346228796885508,0,0,EF0,MST-7,08-MAY-14 14:27:00
516620,2014-06-03T02:00:00+00:00,37.0083,-88.5071,178.1875,8.910022735595703,296.70458984375,293.1372375488281,100226.5625,50.673580169677734,8.829493854603099,9.784519761815494,1,0,EF1,CST-6,02-JUN-14 20:15:00
527700,2014-06-23T00:00:00+00:00,36.4234,-100.4165,1493.625,140.61492919921875,305.204833984375,288.4814453125,91362.4375,33.83538055419922,4.502003463350201,7.759338288664023,0,0,EF0,CST-6,22-JUN-14 17:57:00
527701,2014-06-23T00:00:00+00:00,36.3226,-100.3351,1781.625,212.33367919921875,304.977294921875,289.140625,91249.4375,31.09905242919922,3.3805309999754996,9.44551982132916,0,0,EF0,CST-6,22-JUN-14 18:22:00
499880,2014-02-20T21:00:00+00:00,39.7853,-90.4215,332.75,32.997901916503906,287.7509765625,284.9009094238281,96957.75,20.5023193359375,19.78515702292992,27.36467338313308,0,0,EF0,CST-6,20-FEB-14 14:48:00
499895,2014-02-20T23:00:00+00:00,39.5176,-88.8109,329.8125,17.656476974487305,289.2445068359375,285.517578125,96954.1875,23.237018585205078,18.996508682169924,30.074096037454098,0,0,EF0,CST-6,20-FEB-14 16:40:00
499900,2014-02-20T21:00:00+00:00,39.8743,-90.3015,270.625,45.607276916503906,287.4375,285.0727844238281,96937.75,19.9964599609375,20.56505374041948,27.503706946722335,0,0,EF0,CST-6,20-FEB-14 14:59:00
496826,2014-02-21T01:00:00+00:00,37.48,-87.8974,396.875,0.972184419631958,290.03857421875,287.23773193359375,98562.8125,32.161354064941406,18.885402479038824,22.207995111184868,0,0,EF0,CST-6,20-FEB-14 18:42:00
496833,2014-02-21T01:00:00+00:00,37.1,-87.75,457.5625,0.425309419631958,290.64794921875,287.71722412109375,98287.8125,32.913307189941406,20.794938795348074,25.760929793985497,0,0,EF0,CST-6,20-FEB-14 19:12:00
497549,2014-03-27T22:00:00+00:00,40.9854,-93.7744,41.125,,284.33544921875,283.0863037109375,95506.5625,22.249942779541016,15.533398374845092,18.010413170225714,0,0,EF0,CST-6,27-MAR-14 15:41:00
501832,2014-02-21T01:00:00+00:00,31.0737,-90.0019,1026.8125,0.1596844345331192,294.12060546875,292.39788818359375,100137.8125,37.874244689941406,15.759465381855005,17.74963502172652,0,0,EF0,CST-6,20-FEB-14 19:11:00
499898,2014-02-20T21:00:00+00:00,39.8193,-90.4178,332.75,32.997901916503906,287.7509765625,284.9009094238281,96957.75,20.5023193359375,19.78515702292992,27.36467338313308,0,0,EF0,CST-6,20-FEB-14 14:52:00
501876,2014-02-21T13:00:00+00:00,32.5745,-82.9754,106.75,39.583595275878906,292.187744140625,290.11151123046875,100257.625,39.26314163208008,19.825607077284275,22.683925434370003,2,1,EF2,EST-5,21-FEB-14 08:21:00
501873,2014-02-21T14:00:00+00:00,32.6424,-82.7477,112.9375,76.00564575195312,291.97607421875,289.9578552246094,100393.0,39.20766067504883,19.303060504106732,21.995664762156505,1,0,EF1,EST-5,21-FEB-14 08:38:00
499897,2014-02-21T00:00:00+00:00,39.7821,-87.7409,475.75,1.1407884359359741,288.19830322265625,285.2392272949219,97176.6875,27.1190185546875,20.63285866396384,28.311406373704415,0,0,EF0,CST-6,20-FEB-14 17:43:00
498189,2014-01-11T21:00:00+00:00,37.025,-76.6377,433.25,1.6094257831573486,290.44921875,289.33544921875,99966.3125,42.63609313964844,20.861303396087454,27.03055220460996,0,0,EF0,EST-5,11-JAN-14 15:32:00
498194,2014-01-11T21:00:00+00:00,36.8769,-76.6721,483.125,3.2969257831573486,291.7041015625,290.52490234375,99999.3125,42.26011657714844,20.92709968708948,26.478172481434,0,0,EF0,EST-5,11-JAN-14 15:32:00
498208,2014-01-11T21:00:00+00:00,37.08,-76.3,545.8125,38.71879959106445,290.46484375,289.15771484375,100211.3125,41.01304626464844,20.55358881274921,24.140324879516886,0,0,EF0,EST-5,11-JAN-14 15:50:00
497967,2014-02-21T04:00:00+00:00,35.3303,-85.9324,455.46875,7.671966075897217,290.02105712890625,286.48968505859375,96126.5,31.918071746826172,16.71310898541179,24.939926176537504,1,0,EF1,CST-6,20-FEB-14 22:29:00
500374,2014-03-01T02:00:00+00:00,38.6297,-121.7056,75.15625,,286.23779296875,283.34674072265625,99123.6875,20.40939712524414,7.599919722400785,10.989982536745956,0,0,EF0,PST-8,28-FEB-14 18:17:00
505986,2014-05-12T03:00:00+00:00,41.6108,-94.5128,78.75,107.09398651123047,294.99169921875,289.90924072265625,96305.875,35.05772018432617,14.198788442056399,18.60030565837312,2,1,EF2,CST-6,11-MAY-14 20:43:00
506001,2014-05-12T03:00:00+00:00,41.7239,-94.4243,39.0625,4.515859127044678,291.65673828125,290.62896728515625,96483.875,35.38584518432617,14.595456874913777,17.283670304933135,1,0,EF1,CST-6,11-MAY-14 20:56:00
506002,2014-05-12T03:00:00+00:00,41.7351,-93.9776,100.4375,25.515859603881836,292.77978515625,291.09967041015625,97105.875,33.43076705932617,14.60207093816044,16.873133402607564,0,0,EF0,CST-6,11-MAY-14 21:21:00
506639,2014-05-12T04:00:00+00:00,41.9471,-93.7634,142.375,3.9375903606414795,290.182373046875,289.1285400390625,97003.3125,34.468650817871094,14.427096349552048,17.113686380343847,0,0,EF0,CST-6,11-MAY-14 21:44:00
496819,2014-02-20T23:00:00+00:00,37.6987,-89.3713,538.3125,88.40647888183594,292.6839599609375,287.7861328125,98100.1875,27.080768585205078,20.62391333932683,25.397079969480057,1,0,EF1,CST-6,20-FEB-14 16:40:00
498063,2014-03-29T18:00:00+00:00,28.3892,-81.1332,2443.0,161.40626525878906,297.818603515625,292.71710205078125,101255.5,49.33035659790039,14.872394182638816,15.9882769003695,0,0,EF0,EST-5,29-MAR-14 13:20:00
518014,2014-06-16T23:00:00+00:00,42.7741,-94.1259,690.5,676.609375,298.867919921875,293.3945617675781,96387.125,38.354576110839844,12.230444706536533,9.995850521694212,0,0,EF0,CST-6,16-JUN-14 17:22:00
517441,2014-07-06T23:00:00+00:00,42.3244,-93.6873,4773.875,127.18756103515625,303.505126953125,297.759033203125,96814.5625,42.08963394165039,8.480862111684447,13.847501265167992,0,0,EF0,CST-6,06-JUL-14 17:03:00
520552,2014-07-08T23:00:00+00:00,42.99,-75.64,446.625,44.597774505615234,299.300537109375,292.296142578125,96724.875,51.11015319824219,12.55090908111677,23.143886995085527,2,1,EF2,EST-5,08-JUL-14 18:02:00
520575,2014-07-08T23:00:00+00:00,41.75,-75.74,199.25,,299.790771484375,290.496337890625,95437.875,45.52421569824219,10.230047814758283,21.674045988238152,1,0,EF1,EST-5,08-JUL-14 18:05:00
520922,2014-07-14T01:00:00+00:00,41.85,-74.77,525.5,122.66461181640625,296.69921875,292.5810546875,96041.3125,48.81664276123047,11.24952274112833,12.579615293620106,1,0,EF1,EST-5,13-JUL-14 19:30:00
520553,2014-07-08T23:00:00+00:00,43.12,-75.22,449.25,387.0821533203125,299.750732421875,292.970947265625,96255.875,46.72538757324219,11.12894537761617,21.455842264430473,1,0,EF1,EST-5,08-JUL-14 18:25:00
505311,2014-04-29T01:00:00+00:00,34.8596,-85.5841,28.1875,80.23441314697266,296.43701171875,290.77178955078125,96263.3125,30.30710220336914,14.151350028736703,28.006567806652498,0,0,EF0,CST-6,28-APR-14 19:28:00
505635,2014-04-26T00:00:00+00:00,35.51,-77.12,1078.3125,45.0938720703125,293.38232421875,290.85357666015625,100475.5625,35.90325164794922,13.84932992700904,20.794090771221796,3,1,EF3,EST-5,25-APR-14 18:35:00
505725,2014-05-09T02:00:00+00:00,35.3094,-93.1162,33.625,280.7869567871094,292.334228515625,290.968994140625,99061.0,44.74971008300781,19.05609129311318,17.005579316812003,1,0,EF1,CST-6,08-MAY-14 19:44:00
530501,2014-07-01T05:00:00+00:00,41.4318,-86.4666,351.0,73.56047058105469,296.373779296875,293.030517578125,98083.6875,47.94120788574219,9.951720027758823,18.581017547009278,1,0,EF1,EST-5,30-JUN-14 23:32:00
510347,2014-04-20T23:00:00+00:00,39.6128,-101.1508,212.4375,88.15629577636719,294.679931640625,284.1116027832031,89906.625,21.82374382019043,0.5531873869846076,2.3493314355901687,0,0,EF0,CST-6,20-APR-14 16:47:00
521355,2014-05-27T19:00:00+00:00,34.51,-98.49,480.3125,45.83036804199219,295.82177734375,290.809814453125,97035.9375,31.779743194580078,0.24242560043234251,5.169035551473731,0,0,EF0,CST-6,27-MAY-14 13:00:00
521846,2014-05-08T00:00:00+00:00,34.767,-98.697,1875.875,860.8906860351562,298.53955078125,290.353515625,95220.6875,39.91205596923828,14.797539858283454,22.166517955869587,0,0,EF0,CST-6,07-MAY-14 18:06:00
517807,2014-04-26T00:00:00+00:00,36.338,-76.241,982.3125,1.6563711166381836,290.39111328125,289.12799072265625,100542.5625,37.07122039794922,17.625126171904633,19.022607290011678,0,0,EF0,EST-5,25-APR-14 19:12:00
500306,2014-02-21T01:00:00+00:00,40.0044,-86.8666,167.0,1.159684419631958,286.42333984375,283.89593505859375,96827.8125,27.18284034729004,21.0823890380389,27.061596070098766,0,0,EF0,EST-5,20-FEB-14 19:40:00
500307,2014-02-21T03:00:00+00:00,39.656,-85.5679,96.75,0.21914230287075043,286.7850341796875,283.940185546875,96596.0,29.542217254638672,18.49801860079009,19.343058475122056,0,0,EF0,EST-5,20-FEB-14 21:32:00
528662,2014-06-17T22:00:00+00:00,47.715,-106.7041,783.25,216.2344207763672,293.4130859375,288.597900390625,92125.5625,21.38064956665039,3.1623532239427803,14.691755459175075,0,0,EF0,MST-7,17-JUN-14 14:54:00
528936,2014-06-26T19:00:00+00:00,29.3369,-94.9646,2342.5,24.015634536743164,299.891357421875,296.5,101460.125,52.235931396484375,5.034532172995273,7.674496114613809,0,0,EF0,CST-6,26-JUN-14 13:22:00
518592,2014-05-15T04:00:00+00:00,32.1861,-83.1767,120.28125,59.000152587890625,294.955078125,294.4696350097656,100446.625,54.50172805786133,6.979398181177955,11.717136687397328,0,0,EF0,EST-5,14-MAY-14 22:49:00
490278,2014-02-21T03:00:00+00:00,34.895,-87.2783,353.71875,4.922267436981201,291.3787841796875,288.857177734375,98476.0,37.63987350463867,15.331473215941639,24.100160810509443,1,0,EF1,CST-6,20-FEB-14 20:55:00
524636,2014-06-07T20:00:00+00:00,36.4798,-89.4321,2268.9375,118.38729858398438,300.466064453125,294.56396484375,100014.625,43.19062042236328,5.2740958916610765,13.467344183114491,1,0,EF1,CST-6,07-JUN-14 14:12:00
518336,2014-06-30T03:00:00+00:00,42.9988,-90.6404,1296.875,171.5091552734375,297.533203125,294.06884765625,97513.6875,40.677276611328125,12.626909375536345,14.249815359111034,1,0,EF1,CST-6,29-JUN-14 21:00:00
531051,2014-06-23T19:00:00+00:00,32.4281,-80.6726,1271.125,21.84381675720215,299.07568359375,298.335693359375,101635.75,53.803382873535156,1.4216727193704615,3.187580617534334,0,0,EF0,EST-5,23-JUN-14 13:30:00
538502,2014-07-01T06:00:00+00:00,41.6414,-85.4396,1288.875,85.06268310546875,295.8701171875,293.0751953125,97531.875,46.85068893432617,14.701400369740181,15.1827237596491,1,0,EF1,EST-5,01-JUL-14 00:38:00
541952,2014-10-13T22:00:00+00:00,38.0981,-87.9087,1.1875,,296.276611328125,290.942626953125,98985.0,38.35844421386719,16.510886415120265,18.312727411551116,1,0,EF1,CST-6,13-OCT-14 16:25:00
545081,2014-11-17T02:00:00+00:00,31.683,-88.9929,539.375,,290.3949279785156,288.732177734375,99889.0,39.81845474243164,22.009745081024704,19.184177944828956,1,0,EF1,CST-6,16-NOV-14 20:27:00
516719,2014-05-30T21:00:00+00:00,27.8175,-82.2657,971.75,14.890890121459961,301.57470703125,296.555419921875,101121.25,47.726036071777344,0.8207243906597624,2.943180249169946,0,0,EF0,EST-5,30-MAY-14 15:45:00
537557,2014-09-02T19:00:00+00:00,32.1479,-93.521,2421.125,30.982160568237305,301.933349609375,295.55419921875,100886.125,59.04043197631836,4.689849817823214,5.968043768728823,1,0,EF1,CST-6,02-SEP-14 13:18:00
532494,2014-07-25T01:00:00+00:00,46.99,-104.27,2351.125,,301.6650390625,291.293212890625,91305.6875,28.03302001953125,2.969327820955643,9.975721572036733,0,0,EF0,MST-7,24-JUL-14 18:19:00
511728,2014-06-01T01:00:00+00:00,45.86,-105.68,580.125,39.76905822753906,291.912109375,287.3466796875,89789.5,28.449697494506836,0.3871901866910905,6.121696277098273,0,0,EF0,MST-7,31-MAY-14 18:15:00
515640,2014-06-27T20:00:00+00:00,26.5491,-82.0206,1620.375,464.0702209472656,301.93017578125,297.019775390625,101752.75,44.96034622192383,2.6465968150274577,7.3128944903128525,0,0,EF0,EST-5,27-JUN-14 14:36:00
524716,2014-06-19T01:00:00+00:00,44.0725,-98.573,2663.0,75.26576232910156,296.89794921875,293.697021484375,94781.3125,36.5623664855957,3.6738866862910897,13.955012953475064,2,1,EF2,CST-6,18-JUN-14 18:30:00
538340,2014-07-01T05:00:00+00:00,41.0314,-85.8965,1166.125,176.8573455810547,297.229248046875,293.760986328125,97918.6875,44.46562194824219,13.348457454143395,14.819013987669447,1,0,EF1,EST-5,01-JUL-14 00:08:00
520551,2014-07-08T23:00:00+00:00,43.2,-75.6,597.875,34.129024505615234,298.417724609375,293.204345703125,97196.875,52.43241882324219,12.504835337757068,23.858616427189652,1,0,EF1,EST-5,08-JUL-14 17:33:00
520574,2014-07-08T23:00:00+00:00,41.23,-76.23,222.75,107.8477783203125,298.363037109375,291.601806640625,96081.875,49.32304382324219,11.572307980584023,20.25738056708972,0,0,EF0,EST-5,08-JUL-14 18:00:00
520920,2014-07-13T21:00:00+00:00,42.43,-76.93,573.875,10.725794792175293,296.3828125,295.08642578125,97072.875,52.51762390136719,11.087003055498181,17.62267655203996,1,0,EF1,EST-5,13-JUL-14 15:34:00
520573,2014-07-08T22:00:00+00:00,41.6,-76.44,157.125,,301.299072265625,288.43603515625,94899.875,43.93363952636719,10.792378440744173,21.823101963708485,1,0,EF1,EST-5,08-JUL-14 17:20:00
527839,2014-08-18T00:00:00+00:00,43.4287,-94.6202,3530.125,35.25419235229492,299.207275390625,295.00244140625,96519.4375,41.6668586730957,5.760752211012946,7.021420545550994,0,0,EF0,CST-6,17-AUG-14 18:00:00
533460,2014-09-01T01:00:00+00:00,42.109,-94.6813,867.25,53.54711151123047,297.34228515625,292.365966796875,96296.875,45.743900299072266,11.22250045751148,19.989986044492348,0,0,EF0,CST-6,31-AUG-14 18:57:00
604831,2014-09-01T03:00:00+00:00,42.5565,-92.9018,125.75,,296.067138671875,288.437744140625,97101.3125,38.53987503051758,13.744097633378425,15.276593943137698,0,0,EF0,CST-6,31-AUG-14 20:39:00
604836,2014-09-01T03:00:00+00:00,42.6486,-92.5378,12.25,,296.588623046875,289.064697265625,97367.3125,34.17171096801758,13.948174035963893,13.839943039397053,0,0,EF0,CST-6,31-AUG-14 21:02:00
603930,2014-09-01T01:00:00+00:00,42.2095,-94.3249,624.125,74.48461151123047,298.00634765625,292.353271484375,96544.875,46.308353424072266,11.787994382108778,18.392539548797853,0,0,EF0,CST-6,31-AUG-14 19:19:00
603945,2014-09-01T02:00:00+00:00,42.2094,-93.7544,500.0,97.2031478881836,297.37890625,289.21484375,96809.25,43.041099548339844,12.709991644983356,17.851776444534863,0,0,EF0,CST-6,31-AUG-14 19:47:00
603934,2014-09-01T01:00:00+00:00,42.4399,-94.2101,531.25,230.093994140625,297.48486328125,292.287841796875,96540.875,47.043704986572266,12.26669583721114,19.37111303547633,0,0,EF0,CST-6,31-AUG-14 19:22:00
533461,2014-09-01T02:00:00+00:00,42.3035,-94.0837,768.5,40.17190170288086,295.302734375,291.2548828125,96690.25,45.924888610839844,12.504910638397973,21.03389435611153,1,0,EF1,CST-6,31-AUG-14 19:35:00
603952,2014-09-01T02:00:00+00:00,42.4695,-93.3009,42.375,895.90625,296.78515625,289.3232421875,96729.25,37.426841735839844,12.784752697034962,14.929859769956472,0,0,EF0,CST-6,31-AUG-14 20:18:00
604840,2014-09-01T02:00:00+00:00,41.7206,-94.1135,939.5,177.14065551757812,297.9873046875,290.615234375,96965.25,45.627037048339844,13.483258245865066,22.27490549938326,0,0,EF0,CST-6,31-AUG-14 19:31:00
603950,2014-09-01T02:00:00+00:00,42.4509,-93.4627,194.875,513.265625,296.7412109375,289.345703125,96616.25,40.883872985839844,12.443182633590636,16.051534322171914,1,0,EF1,CST-6,31-AUG-14 20:09:00
603938,2014-09-01T02:00:00+00:00,42.289,-93.8646,778.375,56.90627670288086,296.4892578125,290.3662109375,96758.25,45.009849548339844,12.509045563691323,20.397504327505068,0,0,EF0,CST-6,31-AUG-14 19:42:00
603942,2014-09-01T02:00:00+00:00,42.3952,-93.6383,500.0,97.2031478881836,297.37890625,289.21484375,96809.25,43.041099548339844,12.709991644983356,17.851776444534863,0,0,EF0,CST-6,31-AUG-14 19:58:00
603928,2014-09-01T01:00:00+00:00,42.1272,-94.4183,740.125,139.140869140625,298.71435546875,292.133544921875,96604.875,44.825931549072266,12.159100447825823,19.183425498251417,0,0,EF0,CST-6,31-AUG-14 19:11:00
603926,2014-09-01T01:00:00+00:00,42.1302,-94.629,867.25,53.54711151123047,297.34228515625,292.365966796875,96296.875,45.743900299072266,11.22250045751148,19.989986044492348,0,0,EF0,CST-6,31-AUG-14 19:02:00
604833,2014-09-01T03:00:00+00:00,42.627,-92.7511,39.75,,296.364013671875,288.670166015625,97274.3125,36.28792190551758,13.850436361507326,14.516072184359562,0,0,EF0,CST-6,31-AUG-14 20:51:00
604837,2014-09-01T03:00:00+00:00,42.7095,-92.2892,11.0,955.9844360351562,296.406982421875,290.060791015625,97070.3125,32.40999221801758,13.18239541946502,14.028481018305198,0,0,EF0,CST-6,31-AUG-14 21:17:00
603931,2014-09-01T01:00:00+00:00,42.2344,-94.3884,624.125,74.48461151123047,298.00634765625,292.353271484375,96544.875,46.308353424072266,11.787994382108778,18.392539548797853,0,0,EF0,CST-6,31-AUG-14 19:19:00
603521,2014-09-01T01:00:00+00:00,42.0733,-94.8315,704.5,67.26586151123047,295.37548828125,292.075927734375,95964.875,46.922611236572266,10.376130828372295,20.537095566761575,0,0,EF0,CST-6,31-AUG-14 18:45:00
603935,2014-09-01T02:00:00+00:00,42.3111,-93.9704,778.375,56.90627670288086,296.4892578125,290.3662109375,96758.25,45.009849548339844,12.509045563691323,20.397504327505068,1,0,EF1,CST-6,31-AUG-14 19:40:00
603946,2014-09-01T02:00:00+00:00,42.5526,-93.6369,442.875,157.46878051757812,296.64453125,289.7978515625,96631.25,44.001060485839844,12.101301654386793,18.26462514723402,0,0,EF0,CST-6,31-AUG-14 19:59:00
603953,2014-09-01T02:00:00+00:00,42.4188,-93.2394,42.375,895.90625,296.78515625,289.3232421875,96729.25,37.426841735839844,12.784752697034962,14.929859769956472,1,0,EF1,CST-6,31-AUG-14 20:18:00
603947,2014-09-01T02:00:00+00:00,42.5576,-93.6148,442.875,157.46878051757812,296.64453125,289.7978515625,96631.25,44.001060485839844,12.101301654386793,18.26462514723402,0,0,EF0,CST-6,31-AUG-14 20:01:00
603951,2014-09-01T02:00:00+00:00,42.4635,-93.4218,194.875,513.265625,296.7412109375,289.345703125,96616.25,40.883872985839844,12.443182633590636,16.051534322171914,0,0,EF0,CST-6,31-AUG-14 20:11:00
603939,2014-09-01T02:00:00+00:00,42.3591,-93.7931,500.0,97.2031478881836,297.37890625,289.21484375,96809.25,43.041099548339844,12.709991644983356,17.851776444534863,0,0,EF0,CST-6,31-AUG-14 19:50:00
603943,2014-09-01T02:00:00+00:00,42.4426,-93.5181,194.875,513.265625,296.7412109375,289.345703125,96616.25,40.883872985839844,12.443182633590636,16.051534322171914,0,0,EF0,CST-6,31-AUG-14 20:06:00
603520,2014-09-01T01:00:00+00:00,42.0421,-94.9734,704.5,67.26586151123047,295.37548828125,292.075927734375,95964.875,46.922611236572266,10.376130828372295,20.537095566761575,0,0,EF0,CST-6,31-AUG-14 18:38:00
604834,2014-09-01T03:00:00+00:00,42.652,-92.5586,12.25,,296.588623046875,289.064697265625,97367.3125,34.17171096801758,13.948174035963893,13.839943039397053,0,0,EF0,CST-6,31-AUG-14 21:00:00
604838,2014-09-01T03:00:00+00:00,42.6172,-92.4655,12.25,,296.588623046875,289.064697265625,97367.3125,34.17171096801758,13.948174035963893,13.839943039397053,0,0,EF0,CST-6,31-AUG-14 21:04:00
603927,2014-09-01T00:00:00+00:00,42.3008,-95.3064,1491.125,20.731014251708984,295.1669921875,292.4296875,95865.8125,50.069252014160156,7.945862847707612,17.654630220335882,0,0,EF0,CST-6,31-AUG-14 17:44:00
603932,2014-09-01T01:00:00+00:00,42.2622,-94.3064,497.125,257.953369140625,298.45166015625,291.986083984375,96626.875,45.032962799072266,12.369162060589819,17.89163810602762,0,0,EF0,CST-6,31-AUG-14 19:26:00
603936,2014-09-01T02:00:00+00:00,42.3276,-93.9318,778.375,56.90627670288086,296.4892578125,290.3662109375,96758.25,45.009849548339844,12.509045563691323,20.397504327505068,0,0,EF0,CST-6,31-AUG-14 19:42:00
603517,2014-08-31T23:00:00+00:00,41.9687,-95.5279,2070.75,89.68754577636719,299.042724609375,294.76806640625,95672.75,48.22085189819336,8.379278420098235,18.175620735212025,0,0,EF0,CST-6,31-AUG-14 17:24:00
603948,2014-09-01T02:00:00+00:00,42.595,-93.4844,194.875,513.265625,296.7412109375,289.345703125,96616.25,40.883872985839844,12.443182633590636,16.051534322171914,0,0,EF0,CST-6,31-AUG-14 20:07:00
603940,2014-09-01T02:00:00+00:00,42.3704,-93.7613,500.0,97.2031478881836,297.37890625,289.21484375,96809.25,43.041099548339844,12.709991644983356,17.851776444534863,0,0,EF0,CST-6,31-AUG-14 19:52:00
603944,2014-09-01T02:00:00+00:00,42.1784,-93.8183,500.0,97.2031478881836,297.37890625,289.21484375,96809.25,43.041099548339844,12.709991644983356,17.851776444534863,1,0,EF1,CST-6,31-AUG-14 19:43:00
603518,2014-09-01T00:00:00+00:00,42.0285,-95.147,1025.875,58.699764251708984,296.62890625,292.7998046875,95773.8125,49.064369201660156,9.49881759023847,17.482168117755045,0,0,EF0,CST-6,31-AUG-14 18:26:00
604832,2014-09-01T03:00:00+00:00,42.601,-92.7704,39.75,,296.364013671875,288.670166015625,97274.3125,36.28792190551758,13.850436361507326,14.516072184359562,0,0,EF0,CST-6,31-AUG-14 20:49:00
604827,2014-09-01T03:00:00+00:00,42.5134,-93.0049,125.75,,296.067138671875,288.437744140625,97101.3125,38.53987503051758,13.744097633378425,15.276593943137698,0,0,EF0,CST-6,31-AUG-14 20:35:00
604835,2014-09-01T02:00:00+00:00,42.6518,-92.5545,1.375,,297.626953125,289.8203125,97228.25,28.730552673339844,13.78528537286331,13.199762039168153,0,0,EF0,CST-6,31-AUG-14 20:01:00
603929,2014-09-01T01:00:00+00:00,42.1726,-94.3781,624.125,74.48461151123047,298.00634765625,292.353271484375,96544.875,46.308353424072266,11.787994382108778,18.392539548797853,0,0,EF0,CST-6,31-AUG-14 19:15:00
604839,2014-09-01T03:00:00+00:00,42.5971,-92.3275,12.25,,296.588623046875,289.064697265625,97367.3125,34.17171096801758,13.948174035963893,13.839943039397053,0,0,EF0,CST-6,31-AUG-14 21:12:00
603933,2014-09-01T01:00:00+00:00,42.2341,-94.221,497.125,257.953369140625,298.45166015625,291.986083984375,96626.875,45.032962799072266,12.369162060589819,17.89163810602762,0,0,EF0,CST-6,31-AUG-14 19:24:00
603937,2014-09-01T02:00:00+00:00,42.2747,-93.9188,778.375,56.90627670288086,296.4892578125,290.3662109375,96758.25,45.009849548339844,12.509045563691323,20.397504327505068,0,0,EF0,CST-6,31-AUG-14 19:40:00
603519,2014-09-01T01:00:00+00:00,42.0233,-95.0192,704.5,67.26586151123047,295.37548828125,292.075927734375,95964.875,46.922611236572266,10.376130828372295,20.537095566761575,0,0,EF0,CST-6,31-AUG-14 18:34:00
603949,2014-09-01T02:00:00+00:00,42.4454,-93.4911,194.875,513.265625,296.7412109375,289.345703125,96616.25,40.883872985839844,12.443182633590636,16.051534322171914,0,0,EF0,CST-6,31-AUG-14 20:08:00
603941,2014-09-01T02:00:00+00:00,42.2953,-93.7786,500.0,97.2031478881836,297.37890625,289.21484375,96809.25,43.041099548339844,12.709991644983356,17.851776444534863,0,0,EF0,CST-6,31-AUG-14 19:46:00
604841,2014-09-01T02:00:00+00:00,41.4332,-94.3047,863.75,211.78128051757812,298.1845703125,290.498046875,96797.25,45.156333923339844,13.37994950676396,21.962859088924496,0,0,EF0,CST-6,31-AUG-14 20:23:00
546445,2014-10-13T10:00:00+00:00,36.1783,-93.8792,61.5,65.73445892333984,290.953125,290.35980224609375,95517.9375,38.8843994140625,11.440222868706766,29.962495562458603,1,0,EF1,CST-6,13-OCT-14 04:19:00
546447,2014-10-06T06:00:00+00:00,35.2508,-94.7246,1294.8125,754.646728515625,291.738037109375,287.58111572265625,99032.9375,26.53886604309082,10.174468488019325,12.69810255001459,1,0,EF1,CST-6,06-OCT-14 00:01:00
546053,2014-10-15T16:00:00+00:00,38.78,-77.06,190.9375,138.7344512939453,296.4736328125,292.91796875,100469.125,43.9677619934082,11.102283551680587,19.415817430156373,0,0,EF0,EST-5,15-OCT-14 11:23:00
551192,2014-10-15T16:00:00+00:00,38.7912,-77.0544,190.9375,138.7344512939453,296.4736328125,292.91796875,100469.125,43.9677619934082,11.102283551680587,19.415817430156373,0,0,EF0,EST-5,15-OCT-14 11:25:00
546054,2014-10-15T17:00:00+00:00,39.128,-76.829,435.4375,19.375041961669922,296.450439453125,293.36865234375,100022.875,44.67363357543945,9.76639076836617,19.64112221773939,0,0,EF0,EST-5,15-OCT-14 12:13:00
1019156,2014-07-08T19:00:00+00:00,39.53,-80.06,281.5,165.00009155273438,303.21533203125,289.56591796875,95473.9375,42.28178024291992,9.653160620357434,18.017407259848245,1,0,EF1,EST-5,08-JUL-14 14:25:00
532214,2014-07-27T21:00:00+00:00,42.453,-73.1858,1179.125,23.772525787353516,298.615966796875,293.066650390625,95510.5625,30.14053726196289,3.6451032531994927,14.08821215515685,1,0,EF1,EST-5,27-JUL-14 15:55:00
743946,2014-09-01T03:00:00+00:00,43.0725,-92.483,20.25,790.7344360351562,295.603271484375,290.843994140625,96884.3125,35.18245315551758,12.179317643840998,14.865463861234932,0,0,EF0,CST-6,31-AUG-14 21:00:00
743947,2014-09-01T03:00:00+00:00,43.2812,-92.4357,167.5,569.4219360351562,294.794677734375,291.792236328125,96585.3125,36.28987503051758,11.804049285348107,15.483448309885262,0,0,EF0,CST-6,31-AUG-14 21:08:00
743948,2014-09-01T03:00:00+00:00,43.3036,-92.3271,167.5,569.4219360351562,294.794677734375,291.792236328125,96585.3125,36.28987503051758,11.804049285348107,15.483448309885262,0,0,EF0,CST-6,31-AUG-14 21:12:00
535327,2014-07-04T04:00:00+00:00,36.344,-76.964,549.5,83.48845672607422,298.45654296875,296.27197265625,100847.1875,55.583805084228516,8.123154381724792,17.02450633359633,0,0,EF0,EST-5,03-JUL-14 22:59:00
539170,2014-07-10T20:00:00+00:00,36.8432,-75.9763,1424.375,2.968775987625122,296.828369140625,294.880615234375,101821.4375,56.496280670166016,7.336385932332853,13.389864647501458,0,0,EF0,EST-5,10-JUL-14 14:35:00
535359,2014-07-04T05:00:00+00:00,36.88,-76.08,774.625,61.19712829589844,299.345947265625,296.930419921875,101081.8125,52.73577880859375,8.577425192421341,16.82359854524169,0,0,EF0,EST-5,04-JUL-14 00:02:00
537138,2014-07-24T12:00:00+00:00,37.2893,-76.071,904.875,194.81256103515625,298.968994140625,296.35986328125,101098.5,53.12995910644531,2.281893401040073,10.3608993159546,1,0,EF1,EST-5,24-JUL-14 07:25:00
535375,2014-07-04T06:00:00+00:00,36.92,-76.27,662.375,93.1041030883789,299.578857421875,297.053955078125,101069.0,52.443336486816406,5.780872933887633,14.511099117290907,0,0,EF0,EST-5,04-JUL-14 00:40:00
533582,2014-07-08T19:00:00+00:00,39.532,-80.055,281.5,165.00009155273438,303.21533203125,289.56591796875,95473.9375,42.28178024291992,9.653160620357434,18.017407259848245,1,0,EF1,EST-5,08-JUL-14 14:26:00
533565,2014-07-08T19:00:00+00:00,41.1977,-80.3272,551.875,6.468846797943115,295.42919921875,293.775390625,96467.9375,44.38138961791992,15.27067395272546,21.147425515422317,1,0,EF1,EST-5,08-JUL-14 13:48:00
862148,2014-07-01T04:00:00+00:00,41.2833,-87.6452,490.625,75.4991226196289,297.129638671875,292.740478515625,98383.4375,48.53957748413086,4.35826945010132,24.288282553175346,0,0,EF0,CST-6,30-JUN-14 21:30:00
862149,2014-07-01T04:00:00+00:00,41.2789,-87.6081,490.625,75.4991226196289,297.129638671875,292.740478515625,98383.4375,48.53957748413086,4.35826945010132,24.288282553175346,2,1,EF2,CST-6,30-JUN-14 21:32:00
862150,2014-07-01T04:00:00+00:00,41.2759,-87.5744,490.625,75.4991226196289,297.129638671875,292.740478515625,98383.4375,48.53957748413086,4.35826945010132,24.288282553175346,0,0,EF0,CST-6,30-JUN-14 21:33:00
531591,2014-07-01T04:00:00+00:00,41.2844,-87.5128,265.0,138.31163024902344,297.341552734375,292.889892578125,98349.4375,47.05910873413086,4.177812284625296,21.593974335417023,1,0,EF1,CST-6,30-JUN-14 21:38:00
862154,2014-07-01T04:00:00+00:00,41.286,-87.5268,265.0,138.31163024902344,297.341552734375,292.889892578125,98349.4375,47.05910873413086,4.177812284625296,21.593974335417023,1,0,EF1,CST-6,30-JUN-14 21:37:00
862156,2014-07-01T04:00:00+00:00,41.2519,-87.4699,265.0,138.31163024902344,297.341552734375,292.889892578125,98349.4375,47.05910873413086,4.177812284625296,21.593974335417023,1,0,EF1,CST-6,30-JUN-14 21:39:00
862232,2014-07-01T04:00:00+00:00,41.278,-87.4321,265.0,138.31163024902344,297.341552734375,292.889892578125,98349.4375,47.05910873413086,4.177812284625296,21.593974335417023,1,0,EF1,CST-6,30-JUN-14 21:42:00
862233,2014-07-01T04:00:00+00:00,41.2793,-87.3911,265.0,138.31163024902344,297.341552734375,292.889892578125,98349.4375,47.05910873413086,4.177812284625296,21.593974335417023,2,1,EF2,CST-6,30-JUN-14 21:44:00
862151,2014-07-01T04:00:00+00:00,41.2834,-87.5701,265.0,138.31163024902344,297.341552734375,292.889892578125,98349.4375,47.05910873413086,4.177812284625296,21.593974335417023,1,0,EF1,CST-6,30-JUN-14 21:33:00
862153,2014-07-01T04:00:00+00:00,41.2869,-87.5287,265.0,138.31163024902344,297.341552734375,292.889892578125,98349.4375,47.05910873413086,4.177812284625296,21.593974335417023,0,0,EF0,CST-6,30-JUN-14 21:37:00
862234,2014-07-01T04:00:00+00:00,41.2725,-87.3556,265.0,138.31163024902344,297.341552734375,292.889892578125,98349.4375,47.05910873413086,4.177812284625296,21.593974335417023,1,0,EF1,CST-6,30-JUN-14 21:46:00
531482,2014-07-01T03:00:00+00:00,41.212,-87.7746,60.5,472.4531555175781,297.028564453125,292.985595703125,98381.625,42.41503143310547,4.146989824948521,18.021087605579897,1,0,EF1,CST-6,30-JUN-14 21:22:00
531592,2014-07-01T04:00:00+00:00,41.1918,-87.4071,265.0,138.31163024902344,297.341552734375,292.889892578125,98349.4375,47.05910873413086,4.177812284625296,21.593974335417023,1,0,EF1,CST-6,30-JUN-14 21:42:00
531493,2014-07-01T04:00:00+00:00,41.1856,-87.5267,265.0,138.31163024902344,297.341552734375,292.889892578125,98349.4375,47.05910873413086,4.177812284625296,21.593974335417023,1,0,EF1,CST-6,30-JUN-14 21:36:00
531593,2014-07-01T04:00:00+00:00,41.1888,-87.2757,151.875,180.43663024902344,297.029052734375,293.010986328125,98324.4375,45.78371810913086,4.644812830226786,18.819296271576373,1,0,EF1,CST-6,30-JUN-14 21:49:00
531594,2014-07-01T04:00:00+00:00,41.2239,-87.1236,151.875,180.43663024902344,297.029052734375,293.010986328125,98324.4375,45.78371810913086,4.644812830226786,18.819296271576373,1,0,EF1,CST-6,30-JUN-14 21:56:00
862143,2014-07-01T04:00:00+00:00,41.1876,-87.3224,265.0,138.31163024902344,297.341552734375,292.889892578125,98349.4375,47.05910873413086,4.177812284625296,21.593974335417023,1,0,EF1,CST-6,30-JUN-14 21:46:00
862152,2014-07-01T04:00:00+00:00,41.2725,-87.5266,265.0,138.31163024902344,297.341552734375,292.889892578125,98349.4375,47.05910873413086,4.177812284625296,21.593974335417023,1,0,EF1,CST-6,30-JUN-14 21:36:00
530902,2014-07-01T02:00:00+00:00,41.5886,-88.9526,183.5,244.6407012939453,297.196044921875,292.1567077636719,98126.8125,43.24876403808594,3.097434495732595,27.848288995096958,1,0,EF1,CST-6,30-JUN-14 20:16:00
530903,2014-07-01T03:00:00+00:00,41.4817,-88.5843,648.125,7.84377384185791,294.859619140625,292.040283203125,98318.625,48.11229705810547,3.64447259729548,29.338922834072136,1,0,EF1,CST-6,30-JUN-14 20:38:00
530904,2014-07-01T03:00:00+00:00,41.4411,-88.4692,406.25,48.953147888183594,296.094970703125,292.279541015625,98421.625,46.43260955810547,2.1052848201950756,28.34721468529918,0,0,EF0,CST-6,30-JUN-14 20:44:00
530905,2014-07-01T03:00:00+00:00,41.6272,-88.1846,313.125,125.7500228881836,296.775634765625,292.394775390625,98455.625,44.84374237060547,2.3560321456165685,25.90435644162844,1,0,EF1,CST-6,30-JUN-14 20:55:00
531481,2014-07-01T03:00:00+00:00,41.2005,-87.6639,60.5,472.4531555175781,297.028564453125,292.985595703125,98381.625,42.41503143310547,4.146989824948521,18.021087605579897,1,0,EF1,CST-6,30-JUN-14 21:29:00
862144,2014-07-01T03:00:00+00:00,41.2564,-87.7814,60.5,472.4531555175781,297.028564453125,292.985595703125,98381.625,42.41503143310547,4.146989824948521,18.021087605579897,0,0,EF0,CST-6,30-JUN-14 21:23:00
862145,2014-07-01T03:00:00+00:00,41.2661,-87.7709,60.5,472.4531555175781,297.028564453125,292.985595703125,98381.625,42.41503143310547,4.146989824948521,18.021087605579897,1,0,EF1,CST-6,30-JUN-14 21:24:00
862146,2014-07-01T03:00:00+00:00,41.281,-87.7232,60.5,472.4531555175781,297.028564453125,292.985595703125,98381.625,42.41503143310547,4.146989824948521,18.021087605579897,1,0,EF1,CST-6,30-JUN-14 21:25:00
862147,2014-07-01T03:00:00+00:00,41.2741,-87.7224,60.5,472.4531555175781,297.028564453125,292.985595703125,98381.625,42.41503143310547,4.146989824948521,18.021087605579897,1,0,EF1,CST-6,30-JUN-14 21:26:00
534177,2014-07-08T18:00:00+00:00,41.2455,-81.9731,164.25,,296.773681640625,293.634521484375,97303.5625,42.4432373046875,14.518671977969994,18.10042640638928,1,0,EF1,EST-5,08-JUL-14 12:34:00
535427,2014-07-08T18:00:00+00:00,41.2422,-82.003,164.25,,296.773681640625,293.634521484375,97303.5625,42.4432373046875,14.518671977969994,18.10042640638928,1,0,EF1,EST-5,08-JUL-14 12:33:00
535429,2014-07-08T18:00:00+00:00,41.2702,-81.7612,224.5,41.818058013916016,296.135986328125,293.349365234375,97004.5625,45.1326904296875,15.738334628010353,19.54823678484654,1,0,EF1,EST-5,08-JUL-14 12:43:00
535430,2014-07-08T18:00:00+00:00,41.0243,-80.8262,220.625,1.0368099212646484,297.223876953125,294.233154296875,96535.5625,43.2547607421875,13.501448605224242,23.632933595331654,1,0,EF1,EST-5,08-JUL-14 13:15:00
