event_id,begin_time_utc,begin_lat,begin_lon,cape,cin,temp_2m,dewpoint_2m,surface_pressure,tcwv,shear_0_1km,shear_0_3km,ef_category,ef_binary,tor_f_scale_raw,cz_timezone,begin_date_time_raw
293875,2011-04-27T02:00:00+00:00,32.3701,-92.8346,319.75,94.68750762939453,294.13623046875,292.99676513671875,98961.5,43.044639587402344,18.428385894933808,31.815511088025158,1,0,EF1,CST-6,26-APR-11 20:25:00
280617,2011-03-09T14:00:00+00:00,30.4368,-89.15,11.125,12.531270980834961,293.02142333984375,291.9635009765625,100986.4375,37.22561264038086,18.466876108837106,23.64535750688889,1,0,EF1,CST-6,09-MAR-11 07:34:00
282678,2011-04-04T14:00:00+00:00,33.281,-93.383,2258.375,179.12680053710938,296.658935546875,293.3779602050781,99354.375,47.090431213378906,17.315825333901067,28.56572920567385,1,0,EF1,CST-6,04-APR-11 08:28:00
303012,2011-04-27T19:00:00+00:00,34.5912,-88.8323,1740.6875,0.4453102946281433,291.244140625,290.74566650390625,98195.9375,37.58395004272461,20.731650380885146,30.81625755542238,0,0,EF0,CST-6,27-APR-11 13:28:00
282679,2011-04-04T15:00:00+00:00,33.318,-92.665,2146.875,279.9047546386719,297.90283203125,291.5240478515625,99706.4375,43.290794372558594,19.825428164389457,28.76219589235021,1,0,EF1,CST-6,04-APR-11 09:12:00
327475,2011-06-24T01:00:00+00:00,43.2047,-112.4711,50.5,,302.24169921875,276.3525390625,84519.5,12.387530326843262,0.42190756009393854,6.021515719322642,0,0,EF0,MST-7,23-JUN-11 17:50:00
303232,2011-04-27T20:00:00+00:00,34.7709,-88.5147,1297.125,14.000123023986816,292.2451171875,290.938232421875,98032.25,35.539737701416016,22.046786493747405,32.43618009846546,0,0,EF0,CST-6,27-APR-11 13:50:00
300685,2011-04-27T00:00:00+00:00,34.1837,-90.8902,597.625,21.48453712463379,294.53857421875,292.66131591796875,99655.0,42.86534118652344,15.240910534158555,15.735880781944566,0,0,EF0,CST-6,26-APR-11 17:35:00
305899,2011-04-15T01:00:00+00:00,34.4298,-95.8903,2280.5,126.15628814697266,295.274169921875,290.2530822753906,97618.5625,35.64313507080078,15.751670735854722,23.01188635974772,0,0,EF0,CST-6,14-APR-11 19:04:00
303242,2011-04-27T20:00:00+00:00,34.3202,-88.8848,1653.625,40.6094970703125,291.4658203125,290.711669921875,98380.25,35.445987701416016,21.49450910272792,31.353267895704136,0,0,EF0,CST-6,27-APR-11 13:59:00
309939,2011-05-22T01:00:00+00:00,40.0019,-94.9178,936.875,98.46885681152344,296.270751953125,290.14312744140625,96977.0625,28.911643981933594,15.83122430775622,19.494318217678078,0,0,EF0,CST-6,21-MAY-11 18:30:00
302294,2011-04-16T18:00:00+00:00,38.0182,-79.0703,432.8125,87.6562728881836,287.655029296875,285.86468505859375,94777.1875,28.022703170776367,16.009712261938404,32.70787159526595,0,0,EF0,EST-5,16-APR-11 13:20:00
312972,2011-05-25T04:00:00+00:00,34.8256,-94.7248,791.5,246.12832641601562,298.674560546875,292.1044921875,97200.0,41.28242874145508,16.86443250132672,27.023453356503314,2,1,EF2,CST-6,24-MAY-11 21:44:00
317144,2011-05-30T21:00:00+00:00,42.1599,-99.521,1851.125,43.265838623046875,298.86474609375,292.0145263671875,91369.3125,34.726158142089844,3.8436022691586507,16.11544513582463,0,0,EF0,CST-6,30-MAY-11 15:20:00
317431,2011-05-31T00:00:00+00:00,42.4675,-98.5984,1603.125,123.89081573486328,298.1357421875,291.2484130859375,92699.375,39.2081184387207,9.840604725909538,28.955802856418035,0,0,EF0,CST-6,30-MAY-11 17:52:00
292057,2011-04-28T20:00:00+00:00,35.2993,-77.3222,1113.25,64.00028228759766,298.63623046875,296.10894775390625,100726.375,43.73432922363281,15.464920190410796,19.874050793279977,0,0,EF0,EST-5,28-APR-11 15:20:00
292058,2011-04-28T21:00:00+00:00,35.814,-76.832,1169.125,71.78131103515625,297.533935546875,295.52667236328125,100729.625,44.351104736328125,18.579736475563983,23.528553278268866,0,0,EF0,EST-5,28-APR-11 15:30:00
292059,2011-04-28T21:00:00+00:00,35.679,-76.634,1418.625,134.31256103515625,298.852294921875,295.75811767578125,100853.625,42.810089111328125,18.238402165872007,21.559578792105814,0,0,EF0,EST-5,28-APR-11 16:23:00
301496,2011-04-27T08:00:00+00:00,33.9036,-88.7203,1002.75,13.281261444091797,294.90283203125,291.39093017578125,99028.875,44.722068786621094,19.98530141832542,32.21955687780437,3,1,EF3,CST-6,27-APR-11 02:17:00
329492,2011-06-16T23:00:00+00:00,38.34,-100.07,2430.5,465.278076171875,304.84814453125,288.909912109375,91703.75,34.62969970703125,4.449683587935374,8.163629947477785,1,0,EF1,CST-6,16-JUN-11 16:52:00
293858,2011-04-27T03:00:00+00:00,32.4772,-92.4154,273.375,52.6406364440918,295.307373046875,293.9007568359375,99139.125,42.420440673828125,18.339774791451102,31.974525190515617,0,0,EF0,CST-6,26-APR-11 20:52:00
293859,2011-04-27T04:00:00+00:00,32.5782,-91.9948,340.625,57.609642028808594,296.01025390625,293.773193359375,99493.3125,42.49222183227539,18.824712896109666,32.43783421723933,0,0,EF0,CST-6,26-APR-11 21:33:00
304277,2011-06-18T20:00:00+00:00,41.95,-103.8584,115.5625,43.15635681152344,297.2578125,279.750732421875,86306.25,16.335784912109375,0.09880840886958256,3.421242347184201,0,0,EF0,MST-7,18-JUN-11 13:00:00
299348,2011-05-15T00:00:00+00:00,40.153,-84.2442,110.375,0.8750122785568237,291.314453125,287.454833984375,96733.4375,26.887069702148438,1.4128070541410558,4.354208323973381,0,0,EF0,EST-5,14-MAY-11 18:42:00
313010,2011-05-25T05:00:00+00:00,35.4065,-93.7968,448.0,414.1250915527344,296.651611328125,290.984130859375,97670.0,42.58555603027344,15.633203131291229,23.420634117893897,3,1,EF3,CST-6,24-MAY-11 23:07:00
301573,2011-04-27T23:00:00+00:00,38.746,-76.959,1711.625,375.4688720703125,296.645263671875,292.7796630859375,100437.0,44.81105041503906,17.962960659606388,21.506289740126206,0,0,EF0,EST-5,27-APR-11 18:06:00
301576,2011-04-27T23:00:00+00:00,38.81,-76.902,1649.75,348.0782470703125,296.771240234375,292.6712646484375,100176.0,43.96046447753906,16.95786460351874,22.99202578884322,0,0,EF0,EST-5,27-APR-11 18:16:00
323590,2011-04-27T23:00:00+00:00,38.7823,-76.9123,1649.75,348.0782470703125,296.771240234375,292.6712646484375,100176.0,43.96046447753906,16.95786460351874,22.99202578884322,0,0,EF0,EST-5,27-APR-11 18:12:00
293828,2011-04-27T02:00:00+00:00,32.494,-93.295,426.875,49.32813262939453,294.54150390625,293.25555419921875,98945.5,43.301475524902344,19.246676040980578,33.87378916088437,1,0,EF1,CST-6,26-APR-11 19:54:00
293834,2011-04-27T01:00:00+00:00,32.6377,-93.7481,414.875,91.21891021728516,295.534912109375,293.69964599609375,98980.1875,43.51976013183594,18.879416106563568,32.694436959481564,0,0,EF0,CST-6,26-APR-11 18:34:00
310381,2011-05-25T02:00:00+00:00,35.8377,-95.6423,1150.5,136.54702758789062,299.876953125,294.06298828125,97664.3125,38.68057632446289,15.020126270613845,20.231542921359292,1,0,EF1,CST-6,24-MAY-11 19:56:00
304359,2011-06-26T01:00:00+00:00,41.3528,-103.5066,1726.25,499.0157165527344,299.9931640625,285.04156494140625,85565.9375,21.925703048706055,0.19952817139780946,10.671342499696449,0,0,EF0,MST-7,25-JUN-11 17:52:00
304365,2011-06-26T01:00:00+00:00,41.2089,-103.3556,1561.625,424.9219665527344,300.046875,282.59234619140625,85446.9375,20.696210861206055,0.18071800188946108,9.34785586691143,0,0,EF0,MST-7,25-JUN-11 18:28:00
311411,2011-05-24T21:00:00+00:00,36.8,-82.22,1079.25,60.45320510864258,294.689453125,289.621337890625,93947.75,32.485198974609375,1.9132738167767918,15.907013007486327,0,0,EF0,EST-5,24-MAY-11 15:55:00
279352,2011-03-05T19:00:00+00:00,29.779,-90.82,1007.25,3.890657901763916,293.5235900878906,292.3311767578125,101193.4375,41.04742431640625,12.05763695214778,15.55616980335492,1,0,EF1,CST-6,05-MAR-11 12:32:00
318244,2011-06-11T00:00:00+00:00,40.2281,-90.634,2742.5,31.669666290283203,296.42529296875,293.3003845214844,98911.125,46.001556396484375,4.652842705254795,11.244504634104645,0,0,EF0,CST-6,10-JUN-11 18:05:00
310059,2011-05-23T01:00:00+00:00,36.1618,-94.7352,3269.25,374.7248840332031,298.174072265625,292.59271240234375,96826.5,33.42184829711914,12.175080165876713,17.78799279083389,2,1,EF2,CST-6,22-MAY-11 19:19:00
310045,2011-05-23T00:00:00+00:00,36.553,-94.9733,4290.625,287.79693603515625,300.158935546875,293.8798828125,97402.625,39.808956146240234,10.106175586681134,19.42485744773146,2,1,EF2,CST-6,22-MAY-11 17:33:00
310047,2011-05-23T00:00:00+00:00,36.0584,-95.3841,3894.375,621.0313110351562,299.661865234375,293.8017578125,97998.625,33.012081146240234,8.744934670315974,21.152647754994447,1,0,EF1,CST-6,22-MAY-11 17:42:00
304381,2011-06-26T02:00:00+00:00,41.1602,-102.9936,1975.5,,297.71435546875,284.7626953125,86730.5625,20.37701416015625,0.2845803163139077,10.194473243002413,0,0,EF0,MST-7,25-JUN-11 18:53:00
305529,2011-05-07T23:00:00+00:00,39.9017,-87.9001,336.875,13.876811027526855,294.055419921875,288.53070068359375,98301.875,27.458763122558594,5.308102317609666,14.910147267434066,0,0,EF0,CST-6,07-MAY-11 17:08:00
299169,2011-05-07T21:00:00+00:00,40.47,-88.1951,854.625,66.21894836425781,295.890625,286.2300720214844,98038.625,24.998376846313477,3.632882760658569,12.299711491421771,0,0,EF0,CST-6,07-MAY-11 15:06:00
319422,2011-06-15T20:00:00+00:00,39.4376,-88.4855,670.75,141.83547973632812,299.52734375,291.238037109375,98339.125,32.49613571166992,4.607631058779259,13.968619984109434,0,0,EF0,CST-6,15-JUN-11 14:25:00
307282,2011-05-22T21:00:00+00:00,37.3244,-95.3215,1984.125,16.046897888183594,303.9619140625,293.521484375,97405.25,36.75311279296875,12.292560459562932,20.78320622322599,0,0,EF0,CST-6,22-MAY-11 15:10:00
293867,2011-05-01T01:00:00+00:00,32.8596,-95.05,1101.625,89.06251525878906,296.394287109375,293.72369384765625,99347.9375,42.39756774902344,13.105163955741805,17.81308790198022,0,0,EF0,CST-6,30-APR-11 19:26:00
295100,2011-03-05T18:00:00+00:00,30.65,-91.0878,545.0,5.546910285949707,292.8756103515625,291.97052001953125,100940.5,39.043914794921875,17.46095782045118,22.21922132763029,1,0,EF1,CST-6,05-MAR-11 12:20:00
295102,2011-03-05T18:00:00+00:00,30.4132,-90.8,711.3125,9.828160285949707,292.9683837890625,292.12384033203125,101203.5,39.498016357421875,15.56283398059995,20.366728338267087,0,0,EF0,CST-6,05-MAR-11 12:27:00
291389,2011-04-27T04:00:00+00:00,32.1878,-93.3254,785.875,225.70338439941406,296.32763671875,294.909912109375,99025.3125,49.72171401977539,19.10595909266706,26.480744841265196,1,0,EF1,CST-6,26-APR-11 21:55:00
303997,2011-06-11T22:00:00+00:00,41.92,-104.3,669.4375,73.9688949584961,299.999267578125,280.44305419921875,85836.875,21.153772354125977,0.4809596807391299,6.095733754273161,0,0,EF0,MST-7,11-JUN-11 14:50:00
304038,2011-06-12T21:00:00+00:00,43.3302,-104.2543,383.9375,149.20323181152344,303.862548828125,280.22119140625,87268.6875,18.31775665283203,0.017366801895865685,5.133709315981189,0,0,EF0,MST-7,12-JUN-11 13:58:00
309594,2011-05-20T15:00:00+00:00,36.0982,-95.1415,500.0,112.671875,294.222412109375,291.58935546875,98259.0,48.60731887817383,6.23746324386526,11.158396597561934,1,0,EF1,CST-6,20-MAY-11 08:37:00
291664,2011-04-27T07:00:00+00:00,31.812,-92.328,1284.375,180.70069885253906,296.927734375,293.65240478515625,99248.4375,39.223140716552734,19.215708778349835,23.8198416987624,0,0,EF0,CST-6,27-APR-11 00:36:00
303572,2011-04-27T20:00:00+00:00,34.4099,-89.7976,2782.5,71.6719970703125,293.6767578125,291.788818359375,98429.25,27.860050201416016,18.166428888492227,31.501276449774025,0,0,EF0,CST-6,27-APR-11 14:17:00
282671,2011-04-04T13:00:00+00:00,33.675,-94.096,1353.5625,98.5801773071289,293.5382995605469,292.2237854003906,99211.5,45.6304931640625,17.138361481191502,26.48313987510625,1,0,EF1,CST-6,04-APR-11 07:10:00
317551,2011-05-27T02:00:00+00:00,35.139,-81.276,787.5,,300.2333984375,286.17626953125,98967.625,42.1438102722168,12.921886355284933,16.960258479144656,0,0,EF0,EST-5,26-MAY-11 20:52:00
293868,2011-05-01T02:00:00+00:00,32.9857,-94.641,1595.25,69.1565933227539,295.766357421875,293.32342529296875,99581.8125,42.83361053466797,13.791567195430368,16.413178261400194,0,0,EF0,CST-6,30-APR-11 20:24:00
310040,2011-05-23T23:00:00+00:00,36.5722,-96.6938,2161.5,158.7656707763672,298.97900390625,292.78466796875,96902.875,48.319190979003906,3.9836174910823594,9.995036995867498,0,0,EF0,CST-6,23-MAY-11 16:52:00
293818,2011-04-27T03:00:00+00:00,32.4376,-92.6858,336.375,17.890634536743164,294.993896484375,293.7728271484375,98898.125,43.434112548828125,18.983247579942645,32.60666317067274,0,0,EF0,CST-6,26-APR-11 20:31:00
293819,2011-04-27T03:00:00+00:00,32.4537,-92.6748,336.375,17.890634536743164,294.993896484375,293.7728271484375,98898.125,43.434112548828125,18.983247579942645,32.60666317067274,0,0,EF0,CST-6,26-APR-11 20:33:00
310353,2011-05-25T00:00:00+00:00,36.465,-96.576,1845.125,66.60954284667969,297.20068359375,292.893310546875,96614.1875,44.312644958496094,12.348537260034787,27.078474397842633,2,1,EF2,CST-6,24-MAY-11 17:49:00
310600,2011-05-23T01:00:00+00:00,36.0979,-94.8874,3772.125,414.2717590332031,298.410400390625,292.86712646484375,97260.5,34.11227798461914,12.344502237457762,17.344940580164927,0,0,EF0,CST-6,22-MAY-11 18:50:00
310057,2011-05-23T01:00:00+00:00,36.2182,-94.8433,3772.125,414.2717590332031,298.410400390625,292.86712646484375,97260.5,34.11227798461914,12.344502237457762,17.344940580164927,0,0,EF0,CST-6,22-MAY-11 19:29:00
310058,2011-05-23T01:00:00+00:00,36.1389,-94.7574,3269.25,374.7248840332031,298.174072265625,292.59271240234375,96826.5,33.42184829711914,12.175080165876713,17.78799279083389,1,0,EF1,CST-6,22-MAY-11 19:14:00
303573,2011-04-27T22:00:00+00:00,34.8109,-88.7916,1274.125,7.328190803527832,293.974365234375,293.1361389160156,98039.8125,35.01366424560547,18.345698246442605,25.123997591715277,1,0,EF1,CST-6,27-APR-11 15:40:00
305894,2011-04-14T23:00:00+00:00,34.1731,-96.5835,1944.5625,123.82816314697266,298.052978515625,290.5618896484375,97336.125,35.559051513671875,11.526318382063621,18.351042182334666,0,0,EF0,CST-6,14-APR-11 17:25:00
304040,2011-06-12T22:00:00+00:00,43.357,-104.2391,44.25,102.01564025878906,301.5966796875,277.498291015625,87245.875,16.91530990600586,0.13126953340347938,4.005677527091289,0,0,EF0,MST-7,12-JUN-11 14:30:00
282676,2011-04-04T14:00:00+00:00,33.865,-93.521,1469.375,167.36117553710938,294.895263671875,293.1748352050781,99053.375,44.743751525878906,17.52027127370817,25.936268535721275,2,1,EF2,CST-6,04-APR-11 07:40:00
298262,2011-04-27T00:00:00+00:00,34.4436,-90.4376,789.875,27.46891212463379,294.15185546875,292.24432373046875,99548.0,42.11338806152344,11.38770942353646,10.728284677250832,0,0,EF0,CST-6,26-APR-11 17:42:00
312948,2011-05-25T03:00:00+00:00,36.2264,-94.9542,872.125,122.51575469970703,296.48876953125,293.10400390625,96836.9375,36.16746139526367,13.856639685945975,22.40234011368798,1,0,EF1,CST-6,24-MAY-11 20:48:00
312958,2011-05-25T03:00:00+00:00,35.0021,-95.2106,823.5,116.90637969970703,298.78662109375,292.22216796875,97070.9375,42.42820358276367,16.564106430678336,25.21087436831199,1,0,EF1,CST-6,24-MAY-11 20:50:00
312963,2011-05-25T03:00:00+00:00,34.6942,-95.0378,506.5,133.7501220703125,298.44189453125,292.40869140625,96719.9375,40.22605514526367,16.357705570892712,24.585942627512058,0,0,EF0,CST-6,24-MAY-11 21:14:00
310271,2011-05-23T02:00:00+00:00,36.1704,-94.6639,3649.625,349.40850830078125,297.2255859375,293.37286376953125,96930.8125,34.301910400390625,15.425062432898981,14.285109613937706,2,1,EF2,CST-6,22-MAY-11 19:30:00
310282,2011-05-23T02:00:00+00:00,36.1845,-94.6387,3649.625,349.40850830078125,297.2255859375,293.37286376953125,96930.8125,34.301910400390625,15.425062432898981,14.285109613937706,1,0,EF1,CST-6,22-MAY-11 19:36:00
310304,2011-05-23T02:00:00+00:00,36.2418,-94.533,3231.25,349.20538330078125,296.9580078125,292.97833251953125,96379.8125,33.457183837890625,15.904032189610877,15.277642623856867,1,0,EF1,CST-6,22-MAY-11 19:54:00
324214,2011-06-12T20:00:00+00:00,39.674,-76.375,1487.0,59.40627670288086,298.053955078125,294.50146484375,99368.0625,41.35295867919922,1.6104686862931188,11.10917080248069,0,0,EF0,EST-5,12-JUN-11 15:07:00
280605,2011-03-09T13:00:00+00:00,30.2918,-89.7362,107.375,3.1093883514404297,293.206298828125,292.3441162109375,100923.0625,38.89405059814453,19.96325621432677,24.792574302825447,2,1,EF2,CST-6,09-MAR-11 06:52:00
291598,2011-04-27T05:00:00+00:00,31.6199,-93.6951,1368.25,449.17034912109375,297.404296875,294.684326171875,98941.375,43.60050964355469,18.816004556088355,25.8616163096354,2,1,EF2,CST-6,26-APR-11 23:27:00
282677,2011-04-04T14:00:00+00:00,33.195,-93.889,1745.6875,302.5174255371094,296.179443359375,293.2207336425781,99509.375,45.926368713378906,16.970061888465217,25.630149618865623,1,0,EF1,CST-6,04-APR-11 07:50:00
342042,2011-08-19T22:00:00+00:00,45.3521,-87.8857,427.25,244.3126220703125,298.28662109375,290.06396484375,97992.75,30.0709285736084,8.247062525276748,12.624032075133169,0,0,EF0,CST-6,19-AUG-11 15:56:00
344684,2011-08-25T05:00:00+00:00,41.5306,-81.3629,1747.5,100.29696655273438,294.986328125,293.766357421875,97884.3125,53.31074523925781,12.775272768331675,16.32418708486982,1,0,EF1,EST-5,24-AUG-11 23:40:00
339506,2011-08-06T15:00:00+00:00,35.59,-77.92,1732.25,4.015652179718018,302.35009765625,298.3354187011719,101060.125,59.247520446777344,3.8449379791956875,7.480125575643228,0,0,EF0,EST-5,06-AUG-11 10:25:00
293724,2011-05-26T05:00:00+00:00,30.11,-94.85,3502.5,496.7344665527344,299.438720703125,296.3740234375,100619.6875,39.85539245605469,6.058850376228046,13.259275467161288,0,0,EF0,CST-6,25-MAY-11 23:15:00
308598,2011-04-19T23:00:00+00:00,39.4614,-89.6483,1762.875,25.92196273803711,292.289794921875,290.0849609375,97386.4375,41.950836181640625,12.495162944323534,15.864606428083249,2,1,EF2,CST-6,19-APR-11 17:08:00
284773,2011-04-14T23:00:00+00:00,39.25,-97.16,444.0,31.796913146972656,289.718017578125,286.4124755859375,95234.125,25.296354293823242,18.894315086178263,21.97627681341559,0,0,EF0,CST-6,14-APR-11 17:12:00
331779,2011-07-05T01:00:00+00:00,47.78,-96.49,2144.75,51.894962310791016,301.2666015625,294.763427734375,97461.125,45.676612854003906,5.18335175689308,13.709650238436714,0,0,EF0,CST-6,04-JUL-11 19:05:00
331781,2011-07-05T02:00:00+00:00,47.49,-96.77,2440.0,17.68755531311035,300.876708984375,294.7509765625,97754.4375,44.49783706665039,6.216975657598384,10.091080179539077,0,0,EF0,CST-6,04-JUL-11 19:55:00
350458,2011-10-13T21:00:00+00:00,38.492,-77.381,411.875,28.093772888183594,295.13525390625,292.86328125,99443.4375,32.964271545410156,8.350705855257434,17.285972853556995,0,0,EF0,EST-5,13-OCT-11 16:22:00
350459,2011-10-13T21:00:00+00:00,38.5192,-77.3683,539.1875,11.015647888183594,294.74755859375,292.6220703125,99295.4375,32.743568420410156,7.932368844215171,16.86632609789322,0,0,EF0,EST-5,13-OCT-11 16:27:00
350460,2011-10-13T20:00:00+00:00,38.2751,-78.0211,867.25,32.79695129394531,295.017578125,293.34619140625,98690.0,31.508155822753906,8.069019381558224,16.825716487111887,0,0,EF0,EST-5,13-OCT-11 15:05:00
350461,2011-10-13T21:00:00+00:00,38.549,-77.723,555.0625,23.890647888183594,294.76904296875,292.49609375,98913.4375,32.315834045410156,7.844671616053505,16.75862678524538,0,0,EF0,EST-5,13-OCT-11 15:58:00
301876,2011-04-10T02:00:00+00:00,42.4364,-95.4499,1534.6875,101.640625,291.883056640625,288.4095764160156,95197.625,30.055532455444336,14.364626750382442,19.723520409639814,1,0,EF1,CST-6,09-APR-11 19:42:00
332450,2011-07-25T00:00:00+00:00,48.26,-95.8,259.375,24.406291961669922,297.952392578125,288.83642578125,97330.1875,26.560972213745117,5.596874174277677,16.86137761934735,1,0,EF1,CST-6,24-JUL-11 18:12:00
332475,2011-07-25T01:00:00+00:00,48.19,-96.25,670.125,16.437511444091797,295.938720703125,289.238037109375,97708.75,30.515430450439453,8.182132255667225,15.28945042167874,0,0,EF0,CST-6,24-JUL-11 18:42:00
350462,2011-10-13T21:00:00+00:00,38.532,-77.357,539.1875,11.015647888183594,294.74755859375,292.6220703125,99295.4375,32.743568420410156,7.932368844215171,16.86632609789322,0,0,EF0,EST-5,13-OCT-11 16:29:00
350463,2011-10-13T22:00:00+00:00,38.804,-77.376,1298.8125,50.218841552734375,293.506591796875,292.303466796875,98840.9375,33.49148941040039,8.580129840279614,18.264514593513155,0,0,EF0,EST-5,13-OCT-11 16:40:00
302245,2011-04-10T02:00:00+00:00,42.5608,-94.9736,1422.625,90.703125,292.040283203125,288.6156311035156,95513.625,35.26744842529297,14.151793908310408,20.29644326207827,2,1,EF2,CST-6,09-APR-11 20:24:00
302257,2011-04-10T02:00:00+00:00,42.5751,-94.9438,1422.625,90.703125,292.040283203125,288.6156311035156,95513.625,35.26744842529297,14.151793908310408,20.29644326207827,1,0,EF1,CST-6,09-APR-11 20:25:00
337616,2011-07-27T00:00:00+00:00,45.27,-99.73,2158.125,219.2187957763672,296.44873046875,295.051025390625,93649.5625,46.62394332885742,6.046150125038263,12.900687411964798,0,0,EF0,CST-6,26-JUL-11 18:05:00
337624,2011-07-27T00:00:00+00:00,45.24,-99.78,1952.0,131.7656707763672,297.16943359375,295.591064453125,93626.5625,48.26261520385742,6.342843935674186,12.480872627859739,0,0,EF0,CST-6,26-JUL-11 18:15:00
337636,2011-07-27T02:00:00+00:00,45.72,-97.65,1890.25,226.87147521972656,298.8701171875,294.4130859375,95027.8125,56.00667190551758,9.37672789358312,16.40272369588379,0,0,EF0,CST-6,26-JUL-11 19:40:00
302261,2011-04-10T02:00:00+00:00,42.5607,-94.9509,1422.625,90.703125,292.040283203125,288.6156311035156,95513.625,35.26744842529297,14.151793908310408,20.29644326207827,2,1,EF2,CST-6,09-APR-11 20:26:00
303524,2011-04-28T10:00:00+00:00,30.83,-85.18,1844.5,32.062583923339844,294.870361328125,293.9869079589844,100549.75,42.72425079345703,14.207130117451939,15.186338991948569,1,0,EF1,CST-6,28-APR-11 03:50:00
333705,2011-07-17T22:00:00+00:00,47.01,-97.51,6261.75,513.2345581054688,302.71484375,298.76513671875,97333.9375,50.39994430541992,5.098997691482526,12.302101669949359,0,0,EF0,CST-6,17-JUL-11 16:23:00
302267,2011-04-10T03:00:00+00:00,42.64,-95.34,1717.1875,126.57815551757812,290.4677734375,288.043212890625,95083.0625,26.23186492919922,14.207193618131818,23.25009999630355,0,0,EF0,CST-6,09-APR-11 20:50:00
302269,2011-04-10T03:00:00+00:00,42.65,-95.35,1717.1875,126.57815551757812,290.4677734375,288.043212890625,95083.0625,26.23186492919922,14.207193618131818,23.25009999630355,0,0,EF0,CST-6,09-APR-11 20:50:00
342016,2011-08-11T19:00:00+00:00,46.5866,-87.6448,271.125,,297.809814453125,289.249267578125,97038.0,24.736574172973633,2.6995223885696586,6.145819512641403,0,0,EF0,EST-5,11-AUG-11 14:00:00
325085,2011-06-21T03:00:00+00:00,42.667,-96.088,3376.625,373.1468811035156,292.274169921875,292.010498046875,95354.0625,50.24661636352539,7.78101000527993,14.758031933623215,0,0,EF0,CST-6,20-JUN-11 20:40:00
342019,2011-08-19T12:00:00+00:00,46.865,-89.3182,934.625,68.96880340576172,291.74658203125,286.543701171875,97929.875,31.35630989074707,8.064097887345893,14.847287211907481,0,0,EF0,EST-5,19-AUG-11 07:05:00
335264,2011-06-27T06:00:00+00:00,39.6047,-91.7412,1685.5,109.60247802734375,297.164794921875,294.676025390625,98042.5,49.022705078125,18.635126603923755,26.21331043722352,1,0,EF1,CST-6,27-JUN-11 00:05:00
318027,2011-05-31T02:00:00+00:00,46.8749,-96.8725,1650.75,109.0625228881836,296.4296875,294.16168212890625,96374.8125,37.560848236083984,12.838133731758003,14.049950477650455,2,1,EF2,CST-6,30-MAY-11 20:03:00
303234,2011-04-15T19:00:00+00:00,39.3361,-91.1328,242.75,18.004802703857422,286.705078125,285.2325439453125,97273.0625,20.979503631591797,8.973610170540365,16.750958793068172,1,0,EF1,CST-6,15-APR-11 12:35:00
326210,2011-06-13T17:00:00+00:00,36.0541,-90.4205,1907.0,452.218994140625,301.841552734375,292.869384765625,100686.125,41.410396575927734,9.655078902229942,13.55892279813028,1,0,EF1,CST-6,13-JUN-11 11:10:00
299833,2011-06-02T02:00:00+00:00,39.1832,-121.6719,10.0,,289.698974609375,277.9349365234375,101269.5,14.827106475830078,3.4212970437546812,5.574027720830339,0,0,EF0,PST-8,01-JUN-11 17:30:00
308596,2011-04-19T22:00:00+00:00,39.363,-90.9018,1901.875,40.03125762939453,293.4248046875,291.9678955078125,97430.75,38.50453186035156,13.362577330951906,25.009392284465477,0,0,EF0,CST-6,19-APR-11 15:36:00
331121,2011-09-05T21:00:00+00:00,34.3675,-81.5443,1428.125,35.43755340576172,303.498046875,296.522216796875,98926.0625,55.94633483886719,7.959265906934487,17.946827673835823,0,0,EF0,EST-5,05-SEP-11 16:16:00
338182,2011-07-31T00:00:00+00:00,45.59,-96.29,3283.375,26.12505340576172,302.15966796875,296.233154296875,97577.0625,36.20966720581055,7.469261806661125,11.696903830382333,0,0,EF0,CST-6,30-JUL-11 18:11:00
345048,2011-08-14T21:00:00+00:00,30.2487,-93.7695,1889.125,167.00001525878906,305.06494140625,293.646484375,101088.5,53.355098724365234,3.0953282129769724,7.891067141667602,0,0,EF0,CST-6,14-AUG-11 15:19:00
335360,2011-06-07T04:00:00+00:00,45.9384,-108.4424,1986.5,23.593767166137695,289.71533203125,287.622314453125,88169.9375,26.39629364013672,0.42785499016168094,14.187616803733446,0,0,EF0,MST-7,06-JUN-11 20:30:00
334950,2011-06-27T06:00:00+00:00,39.7007,-92.0526,1628.625,89.47747802734375,296.839599609375,294.380126953125,97846.5,47.910400390625,18.172203983525083,25.279677517566643,1,0,EF1,CST-6,26-JUN-11 23:45:00
308595,2011-04-19T21:00:00+00:00,39.2965,-91.2967,1646.875,23.2343807220459,299.7138671875,291.83050537109375,97498.1875,36.15459060668945,12.905396871601138,19.303879795229513,1,0,EF1,CST-6,19-APR-11 15:00:00
355015,2011-11-14T22:00:00+00:00,42.4464,-79.42,85.8125,5.781394004821777,286.584716796875,285.24066162109375,96414.0,30.76242446899414,14.895853172563323,33.09868664975997,2,1,EF2,EST-5,14-NOV-11 16:54:00
300461,2011-04-28T01:00:00+00:00,35.5535,-85.1077,1363.875,3.272223711013794,291.53466796875,290.623046875,94766.0625,35.3801155090332,14.786168614948764,29.370851342105805,4,1,EF4,EST-5,27-APR-11 20:26:00
300945,2011-04-27T19:00:00+00:00,35.3952,-85.3665,122.3125,561.2265625,294.8603515625,288.04937744140625,94986.9375,31.49508285522461,9.09952862662651,25.6794665593077,1,0,EF1,CST-6,27-APR-11 13:26:00
300947,2011-04-27T20:00:00+00:00,35.4278,-85.3214,464.25,274.2969970703125,293.7705078125,288.726318359375,95784.25,34.995792388916016,9.924773406830639,25.25292721044186,1,0,EF1,CST-6,27-APR-11 13:30:00
291432,2011-03-10T23:00:00+00:00,38.575,-77.7605,29.25,24.640764236450195,286.73486328125,285.9117431640625,99017.5,29.300643920898438,15.38765643278361,24.329768292470185,1,0,EF1,EST-5,10-MAR-11 18:17:00
347151,2011-09-04T08:00:00+00:00,30.2959,-87.4295,738.5,11.128450393676758,298.56396484375,297.109619140625,100456.25,58.5577507019043,11.169679511922924,6.132661773394448,1,0,EF1,CST-6,04-SEP-11 02:10:00
328696,2011-05-24T21:00:00+00:00,38.02,-100.44,546.75,46.57820510864258,303.337890625,273.253173828125,90182.75,18.151216506958008,2.628610047479811,8.517252587869086,0,0,EF0,CST-6,24-MAY-11 14:45:00
328715,2011-05-24T23:00:00+00:00,38.145,-99.387,194.5,,298.62255859375,283.603515625,92018.8125,22.032711029052734,6.864695559970697,10.033250197964946,1,0,EF1,CST-6,24-MAY-11 17:01:00
300730,2011-04-28T02:00:00+00:00,35.36,-85.39,1029.75,0.24244004487991333,292.72802734375,291.22760009765625,94975.75,36.561946868896484,12.53988235906128,25.50305470320464,2,1,EF2,CST-6,27-APR-11 20:28:00
293883,2011-04-27T20:00:00+00:00,35.17,-84.8977,452.25,341.5938720703125,297.0126953125,288.846435546875,97049.25,34.998722076416016,11.259797954968477,21.991617185804227,0,0,EF0,EST-5,27-APR-11 14:36:00
332498,2011-06-19T07:00:00+00:00,37.8592,-91.3555,1820.4375,45.119571685791016,294.50927734375,293.5347595214844,97018.25,49.856781005859375,13.045894520623706,16.82733554041857,2,1,EF2,CST-6,19-JUN-11 00:58:00
291433,2011-03-11T00:00:00+00:00,38.8517,-77.4508,36.25,18.984413146972656,286.625732421875,285.6930847167969,99060.1875,28.486221313476562,15.942217126193095,25.680824572062473,0,0,EF0,EST-5,10-MAR-11 18:59:00
354565,2011-11-16T21:00:00+00:00,35.318,-81.498,760.75,0.37521034479141235,293.032470703125,292.2277526855469,97352.3125,38.57190704345703,14.998071722729987,25.141731972287097,0,0,EF0,EST-5,16-NOV-11 16:25:00
347515,2011-09-06T01:00:00+00:00,35.42,-80.29,802.75,32.79710388183594,297.40478515625,296.5534973144531,98747.5,56.02970886230469,14.92446212772568,14.133991044875692,0,0,EF0,EST-5,05-SEP-11 19:53:00
301186,2011-04-28T04:00:00+00:00,36.615,-81.664,0.0,181.5577850341797,291.498046875,288.1522216796875,90722.625,27.0267333984375,2.703771440342456,32.32688729867299,1,0,EF1,EST-5,27-APR-11 23:05:00
302493,2011-04-27T23:00:00+00:00,35.348,-84.921,659.25,10.734491348266602,293.202880859375,292.3197021484375,96769.0,42.07667541503906,18.451023823287077,29.727454497408722,0,0,EF0,EST-5,27-APR-11 18:07:00
342044,2011-10-08T03:00:00+00:00,38.558,-100.724,786.0625,95.1773681640625,294.60009765625,286.02197265625,91069.75,31.846248626708984,3.945342240953354,22.184564225061788,0,0,EF0,CST-6,07-OCT-11 20:45:00
348479,2011-09-01T20:00:00+00:00,34.87,-110.12,56.875,,304.27294921875,281.52734375,83552.0625,25.855762481689453,0.0980293593664065,2.2789771226087456,0,0,EF0,MST-7,01-SEP-11 13:25:00
340592,2011-10-13T00:00:00+00:00,36.3905,-93.5954,234.4375,113.0937728881836,292.017578125,287.6358337402344,95850.125,23.986459732055664,8.333016955932209,17.933013682547404,0,0,EF0,CST-6,12-OCT-11 18:03:00
300732,2011-04-28T03:00:00+00:00,35.8502,-83.0225,142.3125,209.73446655273438,292.6787109375,287.8919372558594,92756.8125,29.950124740600586,10.414645627087513,32.252466368861164,1,0,EF1,EST-5,27-APR-11 21:37:00
294036,2011-04-27T22:00:00+00:00,35.08,-84.95,329.5,37.515689849853516,296.520263671875,290.9046936035156,96851.8125,40.86425018310547,16.134621933197618,23.483763792039507,2,1,EF2,EST-5,27-APR-11 17:28:00
330778,2011-04-27T23:00:00+00:00,35.268,-84.605,486.25,8.656366348266602,294.155029296875,291.8118896484375,96782.0,40.71730041503906,17.852936128171482,28.670928444599458,1,0,EF1,EST-5,27-APR-11 17:56:00
300457,2011-04-28T01:00:00+00:00,35.0371,-84.9875,1453.5,13.240973472595215,292.88232421875,291.578125,97045.0625,39.6154670715332,17.751450020902606,30.201031738612155,4,1,EF4,EST-5,27-APR-11 19:34:00
331509,2011-08-09T21:00:00+00:00,46.03,-110.71,132.75,12.093868255615234,296.3154296875,279.0384826660156,81584.6875,13.422019958496094,0.19886764742443772,1.7274155227692698,0,0,EF0,MST-7,09-AUG-11 13:45:00
342045,2011-10-08T03:00:00+00:00,38.599,-100.687,786.0625,95.1773681640625,294.60009765625,286.02197265625,91069.75,31.846248626708984,3.945342240953354,22.184564225061788,1,0,EF1,CST-6,07-OCT-11 20:50:00
325929,2011-06-17T23:00:00+00:00,45.65,-97.28,753.0,6.522152900695801,294.13037109375,291.14404296875,95105.875,36.57273864746094,5.600954982195931,11.80109861301929,0,0,EF0,CST-6,17-JUN-11 17:28:00
343049,2011-08-27T23:00:00+00:00,38.763,-75.165,58.125,1.1564040184020996,297.630615234375,296.122314453125,99276.6875,65.11785125732422,18.015404681462055,16.088260572050025,1,0,EF1,EST-5,27-AUG-11 17:38:00
300934,2011-04-28T01:00:00+00:00,35.45,-84.46,951.8125,29.85034942626953,292.64404296875,291.193359375,96139.0625,38.9357795715332,16.89240047625064,35.2869849862149,1,0,EF1,EST-5,27-APR-11 20:25:00
311171,2011-05-29T20:00:00+00:00,42.0124,-85.6361,1151.625,251.53125,293.97119140625,293.0966796875,98237.625,40.63761901855469,11.198376766374537,30.605356147882457,1,0,EF1,EST-5,29-MAY-11 15:10:00
322499,2011-08-09T19:00:00+00:00,43.3378,-84.3898,655.5,95.79700469970703,297.10791015625,292.44677734375,97606.375,29.30621337890625,7.989362249103095,12.256184023356601,0,0,EF0,EST-5,09-AUG-11 14:05:00
293385,2011-04-27T13:00:00+00:00,35.02,-85.37,59.0625,,291.814208984375,288.69366455078125,96190.8125,35.628089904785156,13.481316284929287,16.871825113005713,2,1,EF2,EST-5,27-APR-11 07:55:00
343727,2011-04-27T22:00:00+00:00,34.9854,-85.6377,960.0,2.484441041946411,293.179443359375,292.2806701660156,95832.8125,42.41112518310547,15.005892733549137,28.085171817580765,2,1,EF2,CST-6,27-APR-11 16:21:00
345238,2011-08-28T07:00:00+00:00,40.2357,-74.5409,105.375,0.6879003643989563,297.56494140625,295.7421875,98030.5625,65.218017578125,23.267291247860037,22.794457456803173,0,0,EF0,EST-5,28-AUG-11 02:00:00
296915,2011-04-28T02:00:00+00:00,35.954,-83.286,87.875,78.61743927001953,294.72900390625,287.84869384765625,93522.75,33.127376556396484,10.569243819966454,33.870503414300615,1,0,EF1,EST-5,27-APR-11 20:33:00
300951,2011-04-28T03:00:00+00:00,35.8202,-83.1319,309.75,237.31259155273438,292.380859375,288.3851013183594,93438.8125,32.10930633544922,10.55803190798402,31.78918486048042,0,0,EF0,EST-5,27-APR-11 21:32:00
298380,2011-04-28T05:00:00+00:00,36.65,-81.95,232.1875,,291.915283203125,286.47210693359375,92133.8125,33.93343734741211,8.915064278546144,30.51353583235911,3,1,EF3,EST-5,28-APR-11 00:01:00
350311,2011-11-17T02:00:00+00:00,31.27,-82.44,786.8125,135.9564971923828,296.179931640625,293.36669921875,100779.5625,44.192283630371094,14.721318081878879,19.98548865354734,1,0,EF1,EST-5,16-NOV-11 20:40:00
342046,2011-10-08T05:00:00+00:00,38.529,-101.092,564.9375,11.343765258789062,289.8759765625,287.7001953125,89897.875,30.32682228088379,0.05028241350613825,19.308988257914883,0,0,EF0,CST-6,07-OCT-11 23:08:00
342047,2011-10-08T10:00:00+00:00,37.562,-100.706,413.9375,12.543676376342773,288.7421875,287.904296875,91032.3125,33.0420036315918,6.648295936402426,23.60344185002385,1,0,EF1,CST-6,08-OCT-11 03:50:00
348163,2011-11-16T22:00:00+00:00,33.32,-82.0827,627.75,42.1408576965332,296.72021484375,292.22320556640625,99601.5625,42.97545623779297,12.870339216766702,24.03271787568187,0,0,EF0,EST-5,16-NOV-11 16:53:00
348165,2011-11-16T23:00:00+00:00,33.1431,-81.9098,784.0,28.984376907348633,295.857421875,292.168212890625,100047.9375,45.219337463378906,13.201509516952356,22.367440440418747,1,0,EF1,EST-5,16-NOV-11 17:34:00
301132,2011-05-22T20:00:00+00:00,43.5006,-92.2469,1571.625,90.54689025878906,295.139892578125,291.2880859375,95386.125,28.742767333984375,11.696736065318479,22.43150552272037,2,1,EF2,CST-6,22-MAY-11 14:05:00
347519,2011-04-28T03:00:00+00:00,36.1419,-82.6418,64.375,130.59384155273438,293.7119140625,287.5393981933594,93598.8125,30.776296615600586,14.026390376585622,32.05092033421756,1,0,EF1,EST-5,27-APR-11 22:04:00
348355,2011-11-16T23:00:00+00:00,33.2065,-81.7545,768.6875,26.343751907348633,296.4775390625,291.928955078125,100154.9375,44.460548400878906,13.453651175314146,22.025922472852226,0,0,EF0,EST-5,16-NOV-11 17:53:00
353320,2011-11-16T10:00:00+00:00,31.4296,-89.7624,328.3125,9.890667915344238,294.067138671875,293.250732421875,99669.0,41.705623626708984,14.585163050365859,20.88925139196019,1,0,EF1,CST-6,16-NOV-11 04:19:00
354348,2011-11-09T00:00:00+00:00,29.427,-94.9734,2520.4375,11.21879768371582,297.610595703125,294.76776123046875,101229.3125,45.388671875,8.967447429211152,12.277527552534613,0,0,EF0,CST-6,08-NOV-11 18:00:00
300950,2011-04-27T19:00:00+00:00,35.21,-84.9,90.125,,298.3818359375,287.98101806640625,97100.9375,31.70699691772461,11.233318333954593,20.10468930718272,0,0,EF0,EST-5,27-APR-11 14:15:00
297650,2011-04-28T04:00:00+00:00,36.39,-81.99,4.25,169.4171600341797,291.83203125,286.8436279296875,90642.625,27.2210693359375,3.7409620469930176,31.88327291805819,2,1,EF2,EST-5,27-APR-11 22:45:00
301187,2011-04-28T02:00:00+00:00,36.6502,-82.2034,107.875,,295.82080078125,285.99029541015625,93851.75,33.268001556396484,12.246338294810412,32.48013736432565,0,0,EF0,EST-5,27-APR-11 21:04:00
301185,2011-04-28T02:00:00+00:00,36.68,-81.98,59.25,,294.65771484375,285.93756103515625,92225.75,30.675228118896484,8.137427802090842,31.596974634840954,1,0,EF1,EST-5,27-APR-11 21:13:00
296789,2011-04-28T00:00:00+00:00,34.9868,-85.0485,1254.0625,17.906274795532227,293.5703125,292.54119873046875,96980.875,42.352840423583984,17.440974501622332,34.28484811318878,4,1,EF4,EST-5,27-APR-11 19:27:00
353591,2011-11-07T22:00:00+00:00,34.66,-98.904,2003.0625,6.265671253204346,294.268310546875,289.993896484375,95740.1875,32.49059295654297,8.330861450480034,16.90515914593897,0,0,EF0,CST-6,07-NOV-11 15:38:00
353597,2011-11-07T22:00:00+00:00,34.726,-98.836,2003.0625,6.265671253204346,294.268310546875,289.993896484375,95740.1875,32.49059295654297,8.330861450480034,16.90515914593897,0,0,EF0,CST-6,07-NOV-11 15:52:00
353322,2011-11-16T11:00:00+00:00,31.7079,-89.2473,284.25,6.679521083831787,294.5911865234375,293.5174560546875,99804.0,39.833221435546875,15.690241818978622,20.625132664340207,2,1,EF2,CST-6,16-NOV-11 05:12:00
350737,2011-10-19T02:00:00+00:00,26.1228,-80.3292,497.3125,15.094061851501465,299.5693359375,297.7216491699219,100498.125,61.25953674316406,16.032912241974216,15.929132953038371,2,1,EF2,EST-5,18-OCT-11 21:07:00
350738,2011-10-18T23:00:00+00:00,26.9813,-81.086,102.375,25.203201293945312,298.2822265625,296.7425842285156,100183.0625,62.633506774902344,15.610825317898957,23.587271222570152,0,0,EF0,EST-5,18-OCT-11 18:25:00
350287,2011-04-28T01:00:00+00:00,36.29,-82.7,62.4375,264.881591796875,296.13525390625,287.36328125,94531.0625,33.0158576965332,12.648174602008577,30.919531729325435,2,1,EF2,EST-5,27-APR-11 20:29:00
353323,2011-11-16T11:00:00+00:00,31.8093,-89.1098,254.875,3.335771322250366,293.9759521484375,293.1258544921875,99567.0,40.408416748046875,16.285887593295836,21.000492716880295,2,1,EF2,CST-6,16-NOV-11 05:25:00
347401,2011-04-28T01:00:00+00:00,36.2255,-83.057,101.1875,320.147216796875,296.14794921875,287.8564453125,94643.0625,33.9074592590332,12.72846017076494,31.426479723994635,0,0,EF0,EST-5,27-APR-11 20:07:00
317594,2011-05-23T22:00:00+00:00,40.7866,-85.5659,627.625,413.5312805175781,297.352294921875,291.6646423339844,97411.1875,32.88865661621094,10.571968874944897,17.41281875176143,0,0,EF0,EST-5,23-MAY-11 16:32:00
302978,2011-04-28T03:00:00+00:00,36.0106,-82.8706,113.875,194.00009155273438,292.9765625,288.6351013183594,94652.8125,32.11614227294922,15.494305720441073,31.990280045638286,0,0,EF0,EST-5,27-APR-11 21:47:00
317606,2011-05-23T23:00:00+00:00,40.7541,-84.6896,874.875,280.87506103515625,297.09619140625,291.08447265625,97600.875,34.313331604003906,10.951274146519587,16.871685827423526,1,0,EF1,EST-5,23-MAY-11 17:56:00
331566,2011-07-13T22:00:00+00:00,31.8677,-106.7596,568.0,,306.60986328125,286.06689453125,86939.0,38.13336944580078,0.28374492823682573,2.2758309329131476,0,0,EF0,MST-7,13-JUL-11 14:46:00
328723,2011-05-24T22:00:00+00:00,38.441,-99.156,42.875,,299.415771484375,282.630859375,92295.3125,20.217723846435547,8.19759983483983,11.43253110479666,0,0,EF0,CST-6,24-MAY-11 16:20:00
353590,2011-11-07T21:00:00+00:00,34.526,-99.019,1422.125,25.828149795532227,293.3544921875,290.575927734375,96055.5,29.642532348632812,8.22893518202334,13.329354178730956,0,0,EF0,CST-6,07-NOV-11 15:15:00
347518,2011-04-28T03:00:00+00:00,36.035,-82.808,64.375,130.59384155273438,293.7119140625,287.5393981933594,93598.8125,30.776296615600586,14.026390376585622,32.05092033421756,3,1,EF3,EST-5,27-APR-11 21:51:00
336722,2011-09-26T00:00:00+00:00,34.1388,-91.319,913.25,35.703182220458984,295.623779296875,294.03118896484375,99908.1875,49.38517761230469,15.205777292869199,23.73312364894163,0,0,EF0,CST-6,25-SEP-11 17:30:00
335794,2011-07-25T01:00:00+00:00,34.52,-110.08,62.625,,307.666748046875,274.339599609375,82589.75,26.807422637939453,0.09449982092106161,0.9495377596169993,0,0,EF0,MST-7,24-JUL-11 17:50:00
328729,2011-05-24T23:00:00+00:00,38.4739,-99.1495,220.0,798.9219360351562,299.36083984375,284.24609375,92393.8125,24.901851654052734,6.212474013899518,12.667168968011131,0,0,EF0,CST-6,24-MAY-11 16:35:00
328735,2011-05-24T23:00:00+00:00,38.278,-99.255,220.0,798.9219360351562,299.36083984375,284.24609375,92393.8125,24.901851654052734,6.212474013899518,12.667168968011131,0,0,EF0,CST-6,24-MAY-11 17:27:00
298945,2011-05-26T20:00:00+00:00,30.5203,-88.5481,2309.875,206.04708862304688,300.425048828125,294.8173828125,100781.0,36.28582763671875,5.833326689699054,7.492208506635935,0,0,EF0,CST-6,26-MAY-11 14:23:00
347380,2011-09-06T11:00:00+00:00,35.1558,-79.4395,643.75,20.140644073486328,299.1435546875,297.402587890625,99386.0625,57.10420227050781,15.129689329322947,15.4198915628941,0,0,EF0,EST-5,06-SEP-11 05:40:00
349811,2011-11-07T23:00:00+00:00,35.042,-98.523,1098.6875,0.7970380783081055,290.8515625,288.71044921875,95845.9375,37.310550689697266,12.170758360862258,17.77290958589919,1,0,EF1,CST-6,07-NOV-11 16:51:00
354821,2011-11-16T23:00:00+00:00,34.82,-81.18,199.6875,0.7656275629997253,293.3837890625,292.419189453125,98724.9375,38.130470275878906,16.5453231059932,27.741120020008083,2,1,EF2,EST-5,16-NOV-11 17:32:00
305738,2011-04-28T05:00:00+00:00,36.1302,-82.6302,350.75,195.76573181152344,292.943603515625,287.09906005859375,93548.8125,34.99691390991211,12.891742761093838,30.735731377692222,2,1,EF2,EST-5,27-APR-11 23:45:00
334954,2011-06-27T06:00:00+00:00,39.6864,-92.0426,1628.625,89.47747802734375,296.839599609375,294.380126953125,97846.5,47.910400390625,18.172203983525083,25.279677517566643,1,0,EF1,CST-6,26-JUN-11 23:47:00
312473,2011-07-17T20:00:00+00:00,47.39,-98.45,5258.625,517.7033081054688,303.40771484375,297.846435546875,96039.6875,47.165771484375,5.673538714306383,15.159145951999342,0,0,EF0,CST-6,17-JUL-11 13:35:00
312475,2011-07-17T20:00:00+00:00,47.3422,-98.2589,5152.625,416.1251525878906,303.30859375,297.675537109375,96169.6875,49.423583984375,4.956897782920494,14.589354348964804,0,0,EF0,CST-6,17-JUL-11 14:16:00
300458,2011-04-28T01:00:00+00:00,35.218,-84.703,1216.625,26.97534942626953,292.78466796875,291.4619140625,96333.0625,39.9396858215332,16.846767549520596,32.65619549423413,1,0,EF1,EST-5,27-APR-11 19:56:00
353334,2011-04-28T01:00:00+00:00,35.268,-84.663,1223.3125,17.08472442626953,292.71337890625,291.513671875,96885.0625,39.6291389465332,17.213114563455793,32.888103767456435,2,1,EF2,EST-5,27-APR-11 20:01:00
350309,2011-04-28T00:00:00+00:00,35.1802,-84.8675,1161.375,25.375024795532227,293.4111328125,292.48455810546875,96962.875,42.425106048583984,17.319118856621564,35.68325368304399,0,0,EF0,EST-5,27-APR-11 18:35:00
293961,2011-04-27T22:00:00+00:00,35.04,-85.1,491.75,11.703190803527832,294.641357421875,291.4134826660156,96490.8125,42.26659393310547,15.836398030665222,25.98145720166684,1,0,EF1,EST-5,27-APR-11 17:13:00
297632,2011-04-28T05:00:00+00:00,36.106,-82.702,350.75,195.76573181152344,292.943603515625,287.09906005859375,93548.8125,34.99691390991211,12.891742761093838,30.735731377692222,3,1,EF3,EST-5,27-APR-11 23:40:00
350286,2011-04-28T02:00:00+00:00,36.33,-82.635,170.6875,102.19556427001953,295.48095703125,287.14947509765625,94656.75,35.296321868896484,13.666375102558028,32.66754065424121,2,1,EF2,EST-5,27-APR-11 20:33:00
300932,2011-04-28T01:00:00+00:00,35.92,-83.97,551.0625,35.16284942626953,293.09521484375,290.486328125,96331.0625,37.7590217590332,16.994352358635744,35.79858993040531,1,0,EF1,EST-5,27-APR-11 19:57:00
302482,2011-04-28T02:00:00+00:00,35.87,-84.2,1045.125,13.804940223693848,292.77978515625,290.77447509765625,96212.75,37.886165618896484,18.107852424430693,29.98111927854192,0,0,EF0,EST-5,27-APR-11 21:28:00
302478,2011-04-28T01:00:00+00:00,36.0844,-83.3351,270.3125,,295.01611328125,288.69140625,95786.0625,36.5842170715332,13.638276766970613,33.89196711277352,0,0,EF0,EST-5,27-APR-11 19:46:00
302469,2011-04-28T01:00:00+00:00,36.137,-83.4774,270.3125,,295.01611328125,288.69140625,95786.0625,36.5842170715332,13.638276766970613,33.89196711277352,0,0,EF0,EST-5,27-APR-11 20:11:00
339858,2011-04-28T03:00:00+00:00,36.2108,-83.4218,528.6875,161.34384155273438,292.3193359375,289.3997497558594,95765.8125,35.99895477294922,16.360360868468923,30.426655392701715,0,0,EF0,EST-5,27-APR-11 22:18:00
353315,2011-11-16T10:00:00+00:00,31.3707,-89.8349,319.0,2.2500433921813965,293.807373046875,293.061279296875,99619.0,41.889217376708984,14.561596589492268,21.390196315540088,1,0,EF1,CST-6,16-NOV-11 04:11:00
353596,2011-11-07T22:00:00+00:00,34.855,-98.697,1556.8125,4.203171253204346,292.930419921875,289.449951171875,95422.1875,33.12340545654297,8.64666895427569,19.53933392494657,0,0,EF0,CST-6,07-NOV-11 16:16:00
349809,2011-11-07T23:00:00+00:00,34.9974,-98.5441,1049.1875,0.8439130783081055,292.4130859375,289.21240234375,96020.9375,35.778324127197266,13.381145164700753,18.171259230894655,0,0,EF0,CST-6,07-NOV-11 16:40:00
332493,2011-06-19T07:00:00+00:00,37.8646,-91.3848,1820.4375,45.119571685791016,294.50927734375,293.5347595214844,97018.25,49.856781005859375,13.045894520623706,16.82733554041857,0,0,EF0,CST-6,19-JUN-11 00:57:00
347145,2011-09-03T18:00:00+00:00,30.2463,-88.1991,701.625,15.65628719329834,299.43310546875,297.8720703125,100656.0625,64.77201843261719,7.132479328980418,4.838902304946767,0,0,EF0,CST-6,03-SEP-11 12:12:00
355195,2011-11-17T04:00:00+00:00,36.53,-77.11,204.1875,7.750007152557373,293.6247253417969,291.08099365234375,100494.8125,42.33578109741211,17.2788849650418,23.553747637575384,0,0,EF0,EST-5,16-NOV-11 23:14:00
355586,2011-11-09T02:00:00+00:00,30.6,-93.87,671.1875,2.2290282249450684,294.554931640625,293.1800231933594,101065.0,45.9734001159668,9.764591868409155,15.45761639804206,1,0,EF1,CST-6,08-NOV-11 19:58:00
354819,2011-11-16T22:00:00+00:00,34.704,-81.567,229.375,4.703357696533203,294.70068359375,292.18023681640625,99023.5625,41.51842498779297,15.439102296598723,28.693796344445957,0,0,EF0,EST-5,16-NOV-11 17:06:00
354820,2011-11-16T23:00:00+00:00,34.8095,-81.201,199.6875,0.7656275629997253,293.3837890625,292.419189453125,98724.9375,38.130470275878906,16.5453231059932,27.741120020008083,1,0,EF1,EST-5,16-NOV-11 17:30:00
352590,2011-12-22T14:00:00+00:00,30.7235,-91.1578,522.28125,0.29703372716903687,292.81622314453125,292.2620849609375,100884.6875,41.23126220703125,16.43099961210098,22.200722033527903,1,0,EF1,CST-6,22-DEC-11 08:15:00
289298,2011-02-28T18:00:00+00:00,34.99,-86.5048,616.0,34.04688262939453,295.18963623046875,291.0676574707031,97563.0625,33.468894958496094,13.910468005907962,24.865706376342473,1,0,EF1,CST-6,28-FEB-11 12:18:00
334432,2011-09-19T18:00:00+00:00,30.3774,-89.0441,800.625,11.828227043151855,297.627197265625,295.50390625,101577.6875,49.20218276977539,3.5720488329314217,5.715267791020074,0,0,EF0,CST-6,19-SEP-11 11:47:00
344768,2011-09-29T08:00:00+00:00,35.8899,-76.2484,1952.75,111.79076385498047,295.889892578125,295.02099609375,100864.0,40.87858963012695,9.239899180901391,10.529223341173935,1,0,EF1,EST-5,29-SEP-11 03:10:00
348682,2011-11-09T00:00:00+00:00,32.462,-93.29,285.875,20.39067268371582,295.558837890625,291.00311279296875,100387.3125,43.4150390625,13.080318013566128,20.691772342578552,0,0,EF0,CST-6,08-NOV-11 18:20:00
348644,2011-11-08T20:00:00+00:00,33.9511,-95.1416,572.5625,7.532543182373047,290.533935546875,290.534423828125,99333.9375,39.83002471923828,11.722118918552466,16.52633033321132,1,0,EF1,CST-6,08-NOV-11 13:45:00
348670,2011-11-08T23:00:00+00:00,32.036,-93.9509,168.5625,12.125158309936523,293.937744140625,292.60662841796875,100212.4375,45.875152587890625,11.468128792263677,19.795578581843852,2,1,EF2,CST-6,08-NOV-11 16:53:00
348678,2011-11-09T00:00:00+00:00,32.3379,-93.6137,166.4375,4.671922206878662,293.720947265625,292.31170654296875,100468.3125,46.572265625,11.290283229712351,18.151892471242192,0,0,EF0,CST-6,08-NOV-11 17:50:00
348679,2011-11-09T00:00:00+00:00,32.339,-93.5707,219.875,6.015672206878662,294.397705078125,291.76580810546875,100451.3125,45.0673828125,13.178939904432982,20.420359804498396,0,0,EF0,CST-6,08-NOV-11 17:54:00
349528,2011-11-22T03:00:00+00:00,33.9094,-94.3857,729.03125,73.00004577636719,289.4800109863281,289.15142822265625,99600.6875,44.92302703857422,21.027114223849573,27.271982922435946,0,0,EF0,CST-6,21-NOV-11 21:16:00
313369,2011-05-25T07:00:00+00:00,37.068,-92.793,811.125,20.10938835144043,292.43994140625,291.36578369140625,95604.6875,40.93748092651367,14.227710763185623,20.075729586812816,0,0,EF0,CST-6,25-MAY-11 00:35:00
348680,2011-11-09T00:00:00+00:00,32.508,-93.246,229.375,9.98442268371582,294.592041015625,291.28631591796875,100240.3125,43.71875,14.114788112386783,20.37359192884731,0,0,EF0,CST-6,08-NOV-11 18:29:00
292806,2011-03-09T01:00:00+00:00,31.1902,-92.4322,896.5,50.72840118408203,292.8763732910156,292.2518310546875,100544.1875,37.933799743652344,17.934612209597116,18.251839095576955,1,0,EF1,CST-6,08-MAR-11 18:47:00
287500,2011-04-26T23:00:00+00:00,27.3068,-80.4201,1154.625,352.0782470703125,302.285888671875,294.18963623046875,101116.0625,37.2791748046875,5.244188256332263,5.78133845973,0,0,EF0,EST-5,26-APR-11 18:05:00
282415,2011-03-08T23:00:00+00:00,33.63,-95.182,752.6875,54.90626907348633,289.9586181640625,288.98834228515625,98888.625,24.667572021484375,13.182309755405337,16.05211838079075,1,0,EF1,CST-6,08-MAR-11 17:15:00
287318,2011-02-28T04:00:00+00:00,38.4062,-91.8152,971.375,0.1719624251127243,290.46942138671875,289.01953125,97002.5625,26.568986892700195,19.926069066200142,19.112537623817506,1,0,EF1,CST-6,27-FEB-11 22:15:00
285479,2011-04-16T19:00:00+00:00,33.7717,-80.0963,809.625,27.20323371887207,299.610595703125,291.05682373046875,99898.8125,34.820865631103516,12.287973834755558,24.947868020666032,0,0,EF0,EST-5,16-APR-11 14:27:00
285482,2011-04-16T20:00:00+00:00,33.4979,-80.2256,679.1875,23.9327335357666,299.83935546875,291.8782043457031,100228.75,34.60083770751953,15.596071659677008,24.39392014187602,1,0,EF1,EST-5,16-APR-11 15:13:00
284207,2011-03-30T20:00:00+00:00,28.7367,-82.0988,939.4375,122.8593978881836,298.89453125,293.24212646484375,100695.625,42.5788459777832,10.800174718010968,20.49161647824006,1,0,EF1,EST-5,30-MAR-11 14:56:00
284458,2011-03-06T23:00:00+00:00,35.5878,-77.8092,5.625,0.7576684951782227,290.66461181640625,288.0668640136719,100090.6875,28.49798583984375,15.925933996128197,22.46685462756531,0,0,EF0,EST-5,06-MAR-11 18:17:00
295010,2011-03-31T16:00:00+00:00,27.9858,-82.0226,515.5625,14.570467948913574,297.98583984375,293.58538818359375,100350.5,50.34950256347656,15.304570565607737,20.5524622752161,1,0,EF1,EST-5,31-MAR-11 11:04:00
305055,2011-04-26T03:00:00+00:00,31.2257,-95.0749,1675.0,193.875,301.408935546875,293.3961181640625,99157.375,35.54248809814453,13.847185200746658,17.264693349695772,1,0,EF1,CST-6,25-APR-11 20:45:00
342669,2011-08-25T22:00:00+00:00,38.283,-76.412,621.5,149.6719512939453,300.38623046875,295.789306640625,101043.875,48.638099670410156,6.787526836403819,14.94303490018995,0,0,EF0,EST-5,25-AUG-11 17:11:00
342670,2011-08-25T22:00:00+00:00,38.3,-76.561,621.5,149.6719512939453,300.38623046875,295.789306640625,101043.875,48.638099670410156,6.787526836403819,14.94303490018995,0,0,EF0,EST-5,25-AUG-11 16:58:00
292569,2011-04-05T01:00:00+00:00,30.6695,-89.4527,809.875,1.3751211166381836,294.622314453125,293.00054931640625,100333.9375,45.05064010620117,10.582174750897506,24.163735917503107,1,0,EF1,CST-6,04-APR-11 18:43:00
287947,2011-04-28T20:00:00+00:00,31.31,-81.48,1692.125,82.43778228759766,299.15185546875,294.42535400390625,101177.375,42.15815734863281,8.599315253251632,14.69986241886773,0,0,EF0,EST-5,28-APR-11 15:22:00
292468,2011-04-20T05:00:00+00:00,38.8604,-84.8842,679.625,11.40631103515625,292.707763671875,289.7625427246094,97840.375,38.4880256652832,17.343661823492138,22.972828685940506,1,0,EF1,EST-5,20-APR-11 00:04:00
292578,2011-04-05T02:00:00+00:00,30.4022,-88.7198,1532.875,8.343785285949707,295.75048828125,294.18206787109375,100739.1875,48.03700637817383,8.623646552212586,19.1345373493834,1,0,EF1,CST-6,04-APR-11 19:45:00
287758,2011-04-20T03:00:00+00:00,40.5008,-84.9805,1137.625,14.73440933227539,290.60009765625,288.998291015625,96767.8125,36.2669677734375,15.925150668186841,31.055901464563718,1,0,EF1,EST-5,19-APR-11 22:16:00
286160,2011-03-16T22:00:00+00:00,42.57,-114.6665,50.125,,279.57177734375,274.0540771484375,87617.3125,10.919120788574219,0.5118069317431564,15.423569013126887,0,0,EF0,MST-7,16-MAR-11 15:00:00
347217,2011-09-08T00:00:00+00:00,38.215,-76.544,792.125,79.09376525878906,297.774658203125,295.89080810546875,101167.6875,49.879032135009766,6.712956519302238,13.98584691941865,0,0,EF0,EST-5,07-SEP-11 18:33:00
347219,2011-09-08T02:00:00+00:00,38.411,-76.867,659.5,12.937564849853516,295.9375,294.971435546875,101027.25,55.85083770751953,7.2723933281502084,15.919256570433374,0,0,EF0,EST-5,07-SEP-11 20:34:00
292532,2011-04-20T07:00:00+00:00,40.0485,-82.2822,636.125,109.89785766601562,291.279052734375,289.34832763671875,97113.5625,34.4865837097168,18.84435891395556,22.591064290116204,1,0,EF1,EST-5,20-APR-11 01:51:00
292771,2011-04-23T19:00:00+00:00,38.9123,-84.4522,528.25,15.777046203613281,291.90185546875,290.228515625,98624.8125,39.10985565185547,14.709139658780517,17.56129004764667,1,0,EF1,EST-5,23-APR-11 14:14:00
296357,2011-04-20T03:00:00+00:00,40.4519,-85.537,923.5,110.29691314697266,290.29345703125,289.063720703125,97025.8125,37.4906005859375,16.14512968812322,31.973020014685194,1,0,EF1,EST-5,19-APR-11 21:48:00
292762,2011-04-23T19:00:00+00:00,38.705,-84.5133,724.8125,4.527046203613281,292.36669921875,289.9140625,98569.8125,40.24462127685547,14.082353394879817,17.533200359621727,1,0,EF1,EST-5,23-APR-11 14:12:00
296354,2011-04-20T03:00:00+00:00,40.3945,-85.7099,859.75,194.35940551757812,290.18798828125,289.067626953125,97092.8125,38.1478271484375,17.07358523540623,30.681630492209457,1,0,EF1,EST-5,19-APR-11 21:41:00
294363,2011-03-27T00:00:00+00:00,32.61,-81.95,644.125,,291.56103515625,288.98089599609375,100017.1875,35.69060516357422,12.609226858312596,21.797207241297176,0,0,EF0,EST-5,26-MAR-11 18:40:00
284642,2011-02-28T06:00:00+00:00,38.9221,-88.9293,571.0625,10.500005722045898,290.7396545410156,288.54925537109375,97950.3125,28.933496475219727,17.87623030237319,26.30883120901716,2,1,EF2,CST-6,28-FEB-11 00:27:00
284646,2011-02-28T07:00:00+00:00,39.0163,-88.8341,187.71875,24.062612533569336,288.9595947265625,286.948974609375,97952.5,28.21662139892578,13.31154663308148,25.364258427981724,1,0,EF1,CST-6,28-FEB-11 00:32:00
286537,2011-02-28T06:00:00+00:00,38.775,-89.9019,382.9375,1.1250059604644775,290.1673889160156,288.32855224609375,98056.3125,28.961816787719727,12.98843605446156,24.28975649416746,1,0,EF1,CST-6,27-FEB-11 23:42:00
286532,2011-02-28T06:00:00+00:00,38.7807,-89.9818,382.9375,1.1250059604644775,290.1673889160156,288.32855224609375,98056.3125,28.961816787719727,12.98843605446156,24.28975649416746,1,0,EF1,CST-6,27-FEB-11 23:39:00
286905,2011-02-28T02:00:00+00:00,39.4786,-91.2125,390.4375,29.859394073486328,283.87646484375,283.09661865234375,97524.8125,28.981632232666016,16.037594213060895,24.194360769061987,0,0,EF0,CST-6,27-FEB-11 20:05:00
286906,2011-02-28T04:00:00+00:00,39.4972,-91.2872,441.5625,0.4532124400138855,282.39129638671875,281.4130859375,97635.5625,26.429338455200195,15.813271008848805,27.862928381647322,0,0,EF0,CST-6,27-FEB-11 22:05:00
280736,2011-01-25T22:00:00+00:00,28.873,-82.032,401.0625,6.484501838684082,292.67645263671875,291.2072448730469,100853.75,44.127052307128906,16.88243767703633,17.178940162859252,0,0,EF0,EST-5,25-JAN-11 16:35:00
280739,2011-01-26T00:00:00+00:00,27.41,-81.7,158.125,33.1567497253418,293.29833984375,292.1440734863281,101033.5,43.91718292236328,18.095916692122067,11.729547924671474,0,0,EF0,EST-5,25-JAN-11 18:41:00
280740,2011-01-26T00:00:00+00:00,27.46,-81.89,208.0625,69.18799591064453,293.25146484375,292.0395812988281,101100.5,41.91815948486328,18.444401606590738,11.820199737597395,0,0,EF0,EST-5,25-JAN-11 19:08:00
280806,2011-01-26T01:00:00+00:00,27.4391,-81.3698,48.375,25.994565963745117,293.104248046875,291.956787109375,101190.75,40.466758728027344,14.920120540607856,13.557162033256331,0,0,EF0,EST-5,25-JAN-11 20:09:00
304137,2011-04-16T21:00:00+00:00,33.3548,-80.0368,854.0625,4.343904495239258,299.650146484375,292.1650390625,100291.5,34.36045837402344,16.67367834282957,25.86329166409119,1,0,EF1,EST-5,16-APR-11 16:03:00
303872,2011-04-20T03:00:00+00:00,40.8734,-84.6304,995.625,20.45315933227539,288.30322265625,286.845947265625,97345.8125,37.3441162109375,16.301110830821536,36.74505260170924,0,0,EF0,EST-5,19-APR-11 22:19:00
292735,2011-04-14T23:00:00+00:00,45.4208,-119.7096,79.375,14.734413146972656,284.005126953125,275.6068115234375,93626.125,8.748502731323242,1.9602720384738153,14.915934026488129,0,0,EF0,PST-8,14-APR-11 15:15:00
286919,2011-02-28T01:00:00+00:00,39.6669,-92.0356,596.75,4.906281471252441,276.3171081542969,275.53143310546875,97350.1875,26.514820098876953,16.095118369314168,24.92360893498365,1,0,EF1,CST-6,27-FEB-11 18:45:00
286923,2011-02-28T05:00:00+00:00,38.6092,-90.6859,687.875,0.10939039289951324,289.9552001953125,288.4167785644531,97834.0625,27.995235443115234,16.81763450654022,22.07568990179041,1,0,EF1,CST-6,27-FEB-11 23:06:00
281741,2011-02-02T02:00:00+00:00,31.5515,-85.1902,594.9375,0.494667112827301,289.10540771484375,288.0967102050781,99865.0625,40.45547866821289,21.532454055178096,33.81143205789402,0,0,EF0,CST-6,01-FEB-11 20:06:00
284377,2011-02-28T19:00:00+00:00,35.13,-85.35,745.65625,53.12504577636719,292.80963134765625,289.53082275390625,96182.75,32.6392822265625,11.067415704834673,23.75711403691256,1,0,EF1,EST-5,28-FEB-11 14:25:00
285857,2011-04-15T04:00:00+00:00,34.16,-95.05,1805.1875,188.06256103515625,291.95355224609375,291.42559814453125,97691.0625,40.00011444091797,16.619057102052512,24.10160188766214,0,0,EF0,CST-6,14-APR-11 22:02:00
285415,2011-04-11T04:00:00+00:00,37.15,-93.06,578.9375,60.687564849853516,294.038818359375,292.3185119628906,95945.3125,37.84590148925781,13.7319948811631,18.944804490346858,0,0,EF0,CST-6,10-APR-11 21:55:00
288329,2011-04-04T16:00:00+00:00,37.0889,-88.8091,181.9375,9.421968460083008,291.367431640625,290.528564453125,98550.125,41.153133392333984,8.625617347742097,28.257274502958463,0,0,EF0,CST-6,04-APR-11 09:30:00
288324,2011-04-04T15:00:00+00:00,36.9944,-89.012,397.9375,11.014116287231445,291.19873046875,290.2379150390625,98620.4375,44.445091247558594,15.994823801057548,27.11729833641757,1,0,EF1,CST-6,04-APR-11 09:18:00
284640,2011-02-28T06:00:00+00:00,38.7308,-89.9266,573.15625,18.5468807220459,291.3177795410156,288.95452880859375,98187.3125,28.505762100219727,15.328055912367812,22.694139976585955,2,1,EF2,CST-6,27-FEB-11 23:45:00
286921,2011-02-28T01:00:00+00:00,39.66,-92.0117,596.75,4.906281471252441,276.3171081542969,275.53143310546875,97350.1875,26.514820098876953,16.095118369314168,24.92360893498365,0,0,EF0,CST-6,27-FEB-11 18:49:00
284645,2011-02-28T07:00:00+00:00,38.9964,-88.8072,396.125,5.671987533569336,290.1031494140625,287.502685546875,98082.5,29.06916046142578,16.077138762361358,25.34886282146368,2,1,EF2,CST-6,28-FEB-11 00:33:00
286920,2011-02-28T01:00:00+00:00,39.6573,-92.0353,596.75,4.906281471252441,276.3171081542969,275.53143310546875,97350.1875,26.514820098876953,16.095118369314168,24.92360893498365,0,0,EF0,CST-6,27-FEB-11 18:48:00
287937,2011-04-28T12:00:00+00:00,33.7186,-80.7152,1087.8125,,296.544189453125,290.92095947265625,100540.0625,36.930057525634766,16.48685695323697,16.735824798301984,1,0,EF1,EST-5,28-APR-11 06:37:00
287957,2011-04-28T12:00:00+00:00,33.85,-80.43,779.125,,296.843994140625,291.47467041015625,100539.0625,37.079471588134766,16.590467494094074,16.7332795233437,1,0,EF1,EST-5,28-APR-11 06:50:00
301829,2011-04-27T23:00:00+00:00,34.3907,-85.9784,2189.375,0.8594911098480225,293.329833984375,293.0042724609375,96726.0,41.97901916503906,18.092469105127083,29.07881815414856,5,1,EF5,CST-6,27-APR-11 17:19:00
288318,2011-04-04T17:00:00+00:00,37.1855,-87.18,84.75,69.02717590332031,290.401123046875,289.3762512207031,98109.75,41.353660583496094,22.57964507343278,26.945499896741193,1,0,EF1,CST-6,04-APR-11 10:55:00
286982,2011-02-28T10:00:00+00:00,38.3369,-85.6414,343.25,0.578169047832489,287.97796630859375,286.30694580078125,97940.875,32.84661865234375,17.854650320550068,26.511025207898783,1,0,EF1,EST-5,28-FEB-11 04:30:00
287073,2011-02-28T12:00:00+00:00,37.52,-84.68,198.890625,2.172081232070923,288.97039794921875,286.70806884765625,97149.8125,34.00688552856445,15.9182761849985,31.073636865804367,1,0,EF1,EST-5,28-FEB-11 06:49:00
287946,2011-04-28T12:00:00+00:00,33.9121,-80.0629,830.125,776.4015502929688,297.375244140625,293.16021728515625,100823.0625,36.193729400634766,17.69390654938148,15.458370136826007,0,0,EF0,EST-5,28-APR-11 07:18:00
292197,2011-04-20T04:00:00+00:00,40.5496,-84.5549,865.375,138.671875,290.713623046875,288.76123046875,97123.5625,37.100440979003906,16.99059418846184,28.331377060092112,2,1,EF2,EST-5,19-APR-11 22:39:00
292534,2011-04-20T06:00:00+00:00,39.5476,-83.2539,567.0,6.484432220458984,292.960693359375,289.17529296875,97493.25,35.18578338623047,17.875258883514068,21.398484057148615,1,0,EF1,EST-5,20-APR-11 01:14:00
291698,2011-04-16T22:00:00+00:00,35.582,-77.5974,773.9375,38.984397888183594,295.812255859375,291.9046630859375,99866.6875,38.53213882446289,16.824010778138383,28.386149546488127,1,0,EF1,EST-5,16-APR-11 16:59:00
292524,2011-04-20T07:00:00+00:00,39.064,-82.961,295.25,87.49160766601562,294.279052734375,287.68133544921875,97888.5625,35.7834587097168,18.214534942734996,23.09563850752279,0,0,EF0,EST-5,20-APR-11 01:53:00
301929,2011-04-27T22:00:00+00:00,34.82,-85.6314,960.0,2.484441041946411,293.179443359375,292.2806701660156,95832.8125,42.41112518310547,15.005892733549137,28.085171817580765,4,1,EF4,CST-6,27-APR-11 15:30:00
285862,2011-04-15T05:00:00+00:00,34.17,-94.732,1630.375,15.125041007995605,290.95849609375,290.48236083984375,97713.6875,41.82551574707031,15.768924282087351,24.27765695471573,0,0,EF0,CST-6,14-APR-11 22:37:00
285867,2011-04-15T04:00:00+00:00,34.4545,-94.6623,1525.125,79.64068603515625,290.91448974609375,290.47930908203125,96769.0625,37.71691131591797,14.231605797425575,27.759793859309806,0,0,EF0,CST-6,14-APR-11 21:33:00
280419,2011-03-22T22:00:00+00:00,41.5704,-95.842,93.71875,526.4219970703125,291.544921875,285.2218017578125,95221.9375,21.141942977905273,14.053415516433548,18.794203518377902,1,0,EF1,CST-6,22-MAR-11 16:00:00
293874,2011-05-01T00:00:00+00:00,32.7078,-95.4021,1165.375,155.65628051757812,296.686767578125,294.16632080078125,99072.1875,42.37446594238281,10.909797664539045,13.991402075957629,0,0,EF0,CST-6,30-APR-11 18:06:00
286541,2011-02-28T06:00:00+00:00,38.423,-89.5574,700.65625,79.53125762939453,292.1341857910156,289.37835693359375,98257.3125,27.099512100219727,18.403972055767287,22.907861487063673,0,0,EF0,CST-6,28-FEB-11 00:03:00
289628,2011-04-26T22:00:00+00:00,42.7384,-85.8338,403.875,122.89080810546875,290.12890625,285.5348815917969,97275.1875,20.892030715942383,14.038385628658002,17.74833231920677,0,0,EF0,EST-5,26-APR-11 16:44:00
286550,2011-02-28T06:00:00+00:00,38.444,-89.4215,700.65625,79.53125762939453,292.1341857910156,289.37835693359375,98257.3125,27.099512100219727,18.403972055767287,22.907861487063673,2,1,EF2,CST-6,28-FEB-11 00:08:00
286918,2011-02-28T05:00:00+00:00,38.5815,-90.8248,637.5625,0.40626537799835205,289.8165283203125,288.4421691894531,97654.0625,28.289180755615234,14.700716897970162,22.500076466345654,1,0,EF1,CST-6,27-FEB-11 23:01:00
286984,2011-02-28T10:00:00+00:00,38.351,-85.1598,423.5,0.406294047832489,288.37933349609375,286.63018798828125,97514.875,32.24505615234375,18.01079208892241,26.608474582956134,3,1,EF3,EST-5,28-FEB-11 04:59:00
284380,2011-02-28T20:00:00+00:00,35.179,-85.28,606.03125,23.781314849853516,292.1346435546875,290.27130126953125,97076.9375,35.4261589050293,12.015315101405337,22.76925200231412,1,0,EF1,EST-5,28-FEB-11 14:30:00
292452,2011-04-20T04:00:00+00:00,40.59,-84.4556,865.375,138.671875,290.713623046875,288.76123046875,97123.5625,37.100440979003906,16.99059418846184,28.331377060092112,0,0,EF0,EST-5,19-APR-11 22:44:00
279355,2011-03-22T23:00:00+00:00,41.2598,-94.6436,1049.40625,218.281494140625,289.630859375,286.010498046875,94850.0,24.87409019470215,11.929508023379944,20.66640290481994,0,0,EF0,CST-6,22-MAR-11 16:42:00
279356,2011-03-22T23:00:00+00:00,41.0556,-94.4704,1008.5,100.62525177001953,290.8603515625,286.454833984375,95052.0,26.72662925720215,11.87080343822745,18.039729828167005,0,0,EF0,CST-6,22-MAR-11 17:16:00
279357,2011-03-22T23:00:00+00:00,41.3737,-94.1356,637.03125,112.75025177001953,288.97265625,286.628662109375,95441.0,28.19244956970215,13.202126720964516,18.05437170268923,2,1,EF2,CST-6,22-MAR-11 17:18:00
289003,2011-04-28T03:00:00+00:00,38.2953,-80.5271,14.3125,369.3907165527344,291.3896484375,288.6849060058594,91484.8125,29.803640365600586,5.895921071696048,29.59671222655309,1,0,EF1,EST-5,27-APR-11 21:58:00
293857,2011-04-27T03:00:00+00:00,32.4667,-92.4302,273.375,52.6406364440918,295.307373046875,293.9007568359375,99139.125,42.420440673828125,18.339774791451102,31.974525190515617,0,0,EF0,CST-6,26-APR-11 20:50:00
289753,2011-04-04T20:00:00+00:00,39.981,-82.571,104.125,,292.778076171875,286.5159912109375,96250.5,37.33628845214844,19.851465039959045,18.018150748551783,0,0,EF0,EST-5,04-APR-11 14:46:00
288655,2011-04-16T01:00:00+00:00,36.83,-87.87,298.125,8.718765258789062,289.07958984375,287.0499572753906,98419.75,21.964561462402344,15.005718802179638,21.380058591908675,0,0,EF0,CST-6,15-APR-11 19:12:00
287396,2011-02-28T08:00:00+00:00,38.34,-87.0,577.8125,3.6094183921813965,291.7633361816406,288.1925048828125,98197.9375,30.15810775756836,19.811440391759028,28.35011467394208,2,1,EF2,EST-5,28-FEB-11 03:19:00
288617,2011-03-22T23:00:00+00:00,41.7993,-95.3912,473.53125,415.047119140625,288.5771484375,284.380615234375,94705.0,21.29987144470215,11.628698482744786,21.317221553937944,0,0,EF0,CST-6,22-MAR-11 16:47:00
287418,2011-02-28T09:00:00+00:00,38.3344,-85.6886,652.03125,0.6565260887145996,291.12677001953125,288.90020751953125,97857.4375,30.944499969482422,19.023998998901977,28.92657029359702,0,0,EF0,EST-5,28-FEB-11 04:29:00
286911,2011-02-28T05:00:00+00:00,38.5769,-90.9395,637.5625,0.40626537799835205,289.8165283203125,288.4421691894531,97654.0625,28.289180755615234,14.700716897970162,22.500076466345654,1,0,EF1,CST-6,27-FEB-11 22:53:00
286191,2011-02-28T05:00:00+00:00,38.5009,-91.4039,786.0,0.32814037799835205,290.5235595703125,289.0115051269531,97145.0625,28.020626068115234,13.413662840772881,20.99891581422349,1,0,EF1,CST-6,27-FEB-11 22:33:00
285741,2011-02-28T00:00:00+00:00,36.9901,-96.6708,663.1875,186.45330810546875,292.279052734375,287.65716552734375,95613.625,22.492961883544922,10.537930383569906,22.349699554560857,0,0,EF0,CST-6,27-FEB-11 18:21:00
294365,2011-03-27T00:00:00+00:00,32.61,-81.91,644.125,,291.56103515625,288.98089599609375,100017.1875,35.69060516357422,12.609226858312596,21.797207241297176,1,0,EF1,EST-5,26-MAR-11 18:42:00
291642,2011-04-27T06:00:00+00:00,31.6487,-93.3356,1663.875,474.1407165527344,297.353759765625,294.0548095703125,98975.0,40.868534088134766,18.549081862143115,24.982767861921083,1,0,EF1,CST-6,26-APR-11 23:42:00
279525,2011-03-22T23:00:00+00:00,41.1984,-94.7511,1027.34375,110.34400177001953,291.4541015625,285.502685546875,95029.0,25.65338706970215,11.53103242509808,18.864589511344104,1,0,EF1,CST-6,22-MAR-11 16:30:00
301941,2011-04-27T22:00:00+00:00,34.9915,-86.365,1868.875,1.9375659227371216,293.482177734375,292.9847717285156,96681.8125,43.68260955810547,16.6621381839666,29.272426895252142,0,0,EF0,CST-6,27-APR-11 16:08:00
292900,2011-03-19T22:00:00+00:00,34.2511,-81.9934,1283.625,94.35939025878906,297.28369140625,289.8185729980469,100217.1875,29.333852767944336,3.48489671436809,6.2389335516601845,0,0,EF0,EST-5,19-MAR-11 17:15:00
281746,2011-03-22T23:00:00+00:00,41.1226,-94.7229,1027.34375,110.34400177001953,291.4541015625,285.502685546875,95029.0,25.65338706970215,11.53103242509808,18.864589511344104,0,0,EF0,CST-6,22-MAR-11 16:33:00
281747,2011-03-23T00:00:00+00:00,41.2958,-94.1609,682.8125,35.01567077636719,290.189697265625,286.63897705078125,95458.0,26.783660888671875,12.922786174476423,20.55038514318304,0,0,EF0,CST-6,22-MAR-11 18:11:00
287101,2011-02-28T06:00:00+00:00,39.9509,-85.8192,287.6875,12.656255722045898,287.9349670410156,286.14300537109375,96725.3125,34.003807067871094,16.257989075054397,28.96280398453164,1,0,EF1,EST-5,28-FEB-11 00:30:00
280409,2011-03-22T22:00:00+00:00,41.7131,-96.4071,15.1875,607.6563720703125,292.076171875,283.2979736328125,94833.9375,18.568700790405273,9.509245873724469,16.1929268470896,1,0,EF1,CST-6,22-MAR-11 15:40:00
292535,2011-04-20T06:00:00+00:00,39.8551,-82.8505,672.75,18.328182220458984,292.307373046875,289.26123046875,97461.25,35.27465057373047,18.12130176661329,22.351717938715016,0,0,EF0,EST-5,20-APR-11 01:26:00
292531,2011-04-20T07:00:00+00:00,40.0233,-82.4741,703.625,111.63223266601562,291.211669921875,288.92156982421875,96920.5625,34.6994743347168,18.129752923364766,21.166631955483698,2,1,EF2,EST-5,20-APR-11 01:42:00
291732,2011-04-17T01:00:00+00:00,34.95,-77.01,1236.0,9.750140190124512,293.71044921875,292.33642578125,100464.375,37.215450286865234,21.38578116016012,25.789222357058904,2,1,EF2,EST-5,16-APR-11 19:43:00
291733,2011-04-17T01:00:00+00:00,35.0278,-76.9066,1080.375,7.68764066696167,293.84619140625,292.53076171875,100377.375,36.157833099365234,21.65352215592975,26.766651172612427,0,0,EF0,EST-5,16-APR-11 19:52:00
303642,2011-04-28T14:00:00+00:00,37.8661,-77.6292,544.5,3.2969508171081543,295.969482421875,292.63201904296875,99486.625,37.93903732299805,21.250825750362214,26.57922876169936,1,0,EF1,EST-5,28-APR-11 09:15:00
282770,2011-04-04T19:00:00+00:00,36.2514,-87.0721,417.1875,42.171905517578125,292.55615234375,290.82305908203125,97870.3125,38.950984954833984,17.760584526195963,34.703801519950446,0,0,EF0,CST-6,04-APR-11 12:52:00
307063,2011-05-26T00:00:00+00:00,37.4834,-89.243,373.375,38.50001525878906,293.1572265625,291.048583984375,98632.8125,39.982666015625,16.73576982847743,27.31399547856742,1,0,EF1,CST-6,25-MAY-11 17:39:00
307058,2011-05-25T22:00:00+00:00,37.0555,-90.7,1212.375,61.07822799682617,291.654296875,290.47412109375,97487.3125,37.867820739746094,20.77359056575585,25.14652307051604,1,0,EF1,CST-6,25-MAY-11 15:37:00
302230,2011-04-27T17:00:00+00:00,34.8004,-86.6226,75.1875,73.71897888183594,294.96533203125,291.87066650390625,97472.0,33.70249938964844,21.14785154264427,28.25174413277066,1,0,EF1,CST-6,27-APR-11 10:50:00
302231,2011-04-27T12:00:00+00:00,34.4901,-86.2613,88.625,,291.916015625,290.1240234375,97533.625,35.76763153076172,15.973137491083174,19.664396010954356,1,0,EF1,CST-6,27-APR-11 05:35:00
301075,2011-04-16T22:00:00+00:00,33.3915,-79.541,1021.0,14.500024795532227,295.689208984375,291.6097412109375,100330.6875,34.39151382446289,16.884776892094735,27.33133579159683,0,0,EF0,EST-5,16-APR-11 16:45:00
302195,2011-04-27T09:00:00+00:00,34.9406,-88.0564,522.375,0.7188293933868408,293.369384765625,289.73504638671875,97673.875,43.19575881958008,21.291052060224605,33.70012595607616,1,0,EF1,CST-6,27-APR-11 03:01:00
302155,2011-04-24T01:00:00+00:00,31.98,-98.74,1497.0625,204.82815551757812,298.859130859375,290.837646484375,95584.9375,32.04961013793945,10.992746811317456,16.42264290795378,0,0,EF0,CST-6,23-APR-11 19:13:00
303878,2011-04-22T02:00:00+00:00,32.58,-99.91,968.9375,517.4376220703125,302.3974609375,291.0146484375,94440.6875,28.987245559692383,10.52173994040745,14.56769273242457,0,0,EF0,CST-6,21-APR-11 19:55:00
332507,2011-04-20T02:00:00+00:00,40.0053,-87.0902,912.375,186.7816619873047,290.63037109375,289.3708801269531,97533.0,42.1754150390625,19.56827426493051,26.651120586461364,0,0,EF0,EST-5,19-APR-11 20:32:00
305455,2011-04-16T23:00:00+00:00,37.234,-76.6211,176.75,7.953176021575928,292.1484375,289.9317626953125,99910.9375,36.896156311035156,19.69781261927388,27.4569308976409,3,1,EF3,EST-5,16-APR-11 17:53:00
302354,2011-05-25T22:00:00+00:00,36.75,-90.44,1765.375,68.51573181152344,293.822265625,291.85693359375,98684.3125,40.635398864746094,18.287272133190505,32.66404522188858,0,0,EF0,CST-6,25-MAY-11 16:14:00
301927,2011-04-23T00:00:00+00:00,36.3019,-94.3786,1427.5625,146.21876525878906,295.52978515625,291.40447998046875,96555.5,37.30813217163086,15.398408324251957,14.535128898114028,0,0,EF0,CST-6,22-APR-11 18:05:00
303639,2011-04-16T23:00:00+00:00,37.6743,-76.6037,135.6875,9.578176498413086,291.2841796875,289.4434814453125,99805.9375,35.656898498535156,20.26489395439168,26.31686229228768,1,0,EF1,EST-5,16-APR-11 17:30:00
305451,2011-04-16T23:00:00+00:00,37.1968,-76.662,176.75,7.953176021575928,292.1484375,289.9317626953125,99910.9375,36.896156311035156,19.69781261927388,27.4569308976409,3,1,EF3,EST-5,16-APR-11 17:50:00
305487,2011-04-16T23:00:00+00:00,37.4517,-76.4412,154.1875,7.312551021575928,291.193359375,288.3399658203125,100022.9375,36.340492248535156,18.57424308437561,27.422773394613255,3,1,EF3,EST-5,16-APR-11 18:18:00
302758,2011-04-14T21:00:00+00:00,36.7033,-96.706,526.5625,,299.511474609375,286.14300537109375,96426.0625,23.07088851928711,7.148177036461965,16.499938769871754,0,0,EF0,CST-6,14-APR-11 15:12:00
303648,2011-04-27T23:00:00+00:00,37.7341,-77.8036,1499.375,136.0313720703125,298.459716796875,292.3890380859375,100052.0,40.56398010253906,15.685851464889762,16.727273196811968,0,0,EF0,EST-5,27-APR-11 18:29:00
299666,2011-04-16T17:00:00+00:00,35.729,-80.508,1007.8125,0.17202958464622498,292.995361328125,290.9307861328125,97803.875,31.86591148376465,16.787671728285414,27.628200666228533,1,0,EF1,EST-5,16-APR-11 11:41:00
298114,2011-04-26T05:00:00+00:00,35.7116,-88.5085,174.75,367.8437805175781,294.199462890625,287.42108154296875,98792.0625,42.05078887939453,14.772612552390163,24.3833010808934,0,0,EF0,CST-6,25-APR-11 22:47:00
302232,2011-04-28T07:00:00+00:00,38.502,-78.838,780.9375,5.1197896003723145,291.743408203125,291.15521240234375,94584.125,37.02423858642578,13.66746352576577,30.61772402366945,1,0,EF1,EST-5,28-APR-11 02:01:00
299794,2011-03-21T23:00:00+00:00,39.28,-122.2374,141.15625,,288.55908203125,275.5433349609375,99167.8125,11.622896194458008,1.6059903261892357,5.961629670229312,0,0,EF0,PST-8,21-MAR-11 14:44:00
298723,2011-04-16T19:00:00+00:00,34.4754,-79.4086,1082.5625,59.81260681152344,301.913330078125,289.83221435546875,99956.8125,34.113834381103516,12.77605202834034,26.228543205121667,1,0,EF1,EST-5,16-APR-11 14:25:00
299242,2011-06-12T20:00:00+00:00,39.9024,-76.5789,1072.75,79.2812728881836,298.939697265625,292.73779296875,98956.0625,37.45256805419922,2.683254174936932,10.378033718312036,0,0,EF0,EST-5,12-JUN-11 14:30:00
302169,2011-04-25T20:00:00+00:00,32.2803,-97.7456,853.375,,302.6748046875,292.421630859375,96791.1875,26.850135803222656,5.987661706234748,14.875622846389003,0,0,EF0,CST-6,25-APR-11 14:00:00
285275,2011-04-11T01:00:00+00:00,45.7224,-88.676,932.8125,57.78075408935547,290.323486328125,288.81103515625,93574.75,22.679231643676758,16.413003359807856,29.109598453834483,0,0,EF0,CST-6,10-APR-11 18:46:00
285282,2011-04-11T01:00:00+00:00,45.65,-88.5253,850.5625,83.95262908935547,289.884033203125,288.71728515625,94185.75,22.542512893676758,17.324649253158796,29.078321761615467,1,0,EF1,CST-6,10-APR-11 19:03:00
303011,2011-04-27T19:00:00+00:00,34.2084,-89.5653,1947.3125,12.820310592651367,290.7373046875,290.71734619140625,98559.9375,36.92965316772461,19.92950008122362,28.693184876353612,3,1,EF3,CST-6,27-APR-11 12:36:00
302326,2011-04-28T08:00:00+00:00,39.001,-78.336,665.625,66.70315551757812,293.729248046875,291.38836669921875,95851.4375,38.36616134643555,15.643502555403987,31.267143444100995,0,0,EF0,EST-5,28-APR-11 02:45:00
302251,2011-04-28T08:00:00+00:00,38.388,-78.865,610.9375,53.40628433227539,292.180419921875,291.19207763671875,94491.4375,36.70795822143555,14.76781278039596,32.24824241837563,1,0,EF1,EST-5,28-APR-11 02:55:00
299795,2011-03-23T23:00:00+00:00,39.145,-122.167,362.53125,0.45314815640449524,284.880126953125,280.1189880371094,98133.5625,12.188056945800781,6.777886094823436,11.213578480368211,0,0,EF0,PST-8,23-MAR-11 15:00:00
299798,2011-02-25T23:00:00+00:00,38.5647,-121.2961,127.3125,,282.90338134765625,274.79608154296875,99216.3125,8.13081169128418,3.6062390785350447,11.045813945487671,0,0,EF0,PST-8,25-FEB-11 15:00:00
299796,2011-04-08T00:00:00+00:00,38.2445,-122.1215,0.0625,,284.845703125,270.62200927734375,99662.875,7.147828102111816,5.189617579514868,4.1641878520844715,0,0,EF0,PST-8,07-APR-11 15:52:00
301836,2011-04-10T01:00:00+00:00,42.3217,-95.3969,1211.4375,49.31264114379883,293.0859375,289.4352722167969,95142.6875,31.087203979492188,11.609112536959987,20.35461070928155,2,1,EF2,CST-6,09-APR-11 19:20:00
302173,2011-04-25T20:00:00+00:00,32.2952,-97.5724,853.375,,302.6748046875,292.421630859375,96791.1875,26.850135803222656,5.987661706234748,14.875622846389003,0,0,EF0,CST-6,25-APR-11 14:10:00
302174,2011-04-25T20:00:00+00:00,32.2778,-97.5066,2115.5,167.42189025878906,300.8369140625,293.969482421875,97097.1875,32.727088928222656,6.0157550595545946,15.143563169800126,0,0,EF0,CST-6,25-APR-11 14:15:00
302184,2011-04-25T22:00:00+00:00,32.2055,-96.7985,773.875,107.25022888183594,299.39306640625,293.956787109375,98116.75,36.022579193115234,10.273232934651434,14.671787138061656,0,0,EF0,CST-6,25-APR-11 16:20:00
302187,2011-04-26T00:00:00+00:00,31.7923,-96.637,2559.375,221.9534149169922,301.444091796875,293.99560546875,98062.0625,28.633167266845703,10.10727262611425,23.638450331628025,0,0,EF0,CST-6,25-APR-11 17:53:00
302762,2011-04-14T23:00:00+00:00,36.6,-95.998,802.0625,134.92190551757812,295.798095703125,288.7669677734375,97314.125,26.858854293823242,6.983117443129365,18.674065838750113,0,0,EF0,CST-6,14-APR-11 16:39:00
302759,2011-04-14T22:00:00+00:00,36.4523,-96.3937,320.625,243.03131103515625,297.037109375,287.15142822265625,96821.1875,22.80782127380371,6.447079794468953,19.298294498884694,2,1,EF2,CST-6,14-APR-11 16:00:00
302765,2011-04-14T23:00:00+00:00,36.629,-95.98,802.0625,134.92190551757812,295.798095703125,288.7669677734375,97314.125,26.858854293823242,6.983117443129365,18.674065838750113,0,0,EF0,CST-6,14-APR-11 16:44:00
305092,2011-04-28T20:00:00+00:00,34.6007,-78.0641,1230.875,142.78152465820312,298.58837890625,295.95953369140625,100823.375,42.53608703613281,17.25105778924356,20.218489857032083,1,0,EF1,EST-5,28-APR-11 15:29:00
301961,2011-04-26T23:00:00+00:00,35.42,-94.343,816.625,2.015744209289551,291.148193359375,289.61541748046875,97443.0625,32.1805419921875,10.778939129127352,22.65259903985607,0,0,EF0,CST-6,26-APR-11 16:55:00
302760,2011-04-14T23:00:00+00:00,35.5665,-96.4272,1269.3125,27.125038146972656,294.933837890625,290.4700927734375,96929.125,31.011198043823242,7.204617190912603,19.277353487374786,0,0,EF0,CST-6,14-APR-11 16:38:00
302792,2011-04-15T01:00:00+00:00,34.4467,-95.7787,2015.5,107.89066314697266,293.940185546875,290.5245666503906,97543.5625,35.93708038330078,15.544750658140526,24.809839808730107,0,0,EF0,CST-6,14-APR-11 19:10:00
304983,2011-04-24T21:00:00+00:00,32.34,-99.63,2212.5625,42.125091552734375,299.346435546875,290.72998046875,94030.0,31.725692749023438,3.0167561195936665,7.526455624764271,0,0,EF0,CST-6,24-APR-11 15:22:00
292626,2011-05-19T22:00:00+00:00,38.8748,-98.6023,1969.125,24.828161239624023,295.00732421875,292.42138671875,93782.125,36.06346893310547,6.195645005022302,17.775714560187886,0,0,EF0,CST-6,19-MAY-11 15:43:00
292627,2011-05-19T22:00:00+00:00,38.9015,-98.539,1683.375,28.562536239624023,294.92919921875,292.52490234375,94084.125,37.82714080810547,7.959875912904086,19.37056556373373,0,0,EF0,CST-6,19-MAY-11 15:48:00
292628,2011-05-19T22:00:00+00:00,38.9632,-98.4691,1683.375,28.562536239624023,294.92919921875,292.52490234375,94084.125,37.82714080810547,7.959875912904086,19.37056556373373,0,0,EF0,CST-6,19-MAY-11 16:15:00
291955,2011-04-09T22:00:00+00:00,36.3,-82.4341,852.375,36.937599182128906,291.991943359375,290.971435546875,95043.0,29.83208656311035,7.574240323991874,24.715803550552753,1,0,EF1,EST-5,09-APR-11 17:00:00
301473,2011-05-26T02:00:00+00:00,38.31,-87.26,50.5,23.20340919494629,294.221435546875,291.40765380859375,98657.75,40.059593200683594,15.606252730758102,24.690015199245185,2,1,EF2,EST-5,25-MAY-11 20:35:00
302211,2011-04-27T12:00:00+00:00,34.2486,-86.2582,66.5,,292.23046875,290.330078125,97781.625,35.38188934326172,15.329987963320713,18.61941433942862,1,0,EF1,CST-6,27-APR-11 05:30:00
302208,2011-04-27T12:00:00+00:00,34.2575,-86.3088,88.625,,291.916015625,290.1240234375,97533.625,35.76763153076172,15.973137491083174,19.664396010954356,1,0,EF1,CST-6,27-APR-11 05:30:00
302234,2011-04-27T17:00:00+00:00,34.8653,-86.4911,62.3125,139.25022888183594,295.62548828125,291.31304931640625,97122.0,31.937849044799805,19.165688728476088,29.08528232455193,0,0,EF0,CST-6,27-APR-11 10:55:00
296111,2011-04-09T18:00:00+00:00,37.83,-83.62,1330.875,148.65631103515625,293.631103515625,290.37841796875,98031.6875,35.4404296875,9.572634187284544,22.583138859551617,0,0,EF0,EST-5,09-APR-11 13:00:00
301825,2011-04-28T08:00:00+00:00,35.909,-81.322,999.1875,15.859408378601074,293.978271484375,289.98504638671875,96546.4375,37.14545822143555,16.279683000759952,28.957770453154474,1,0,EF1,EST-5,28-APR-11 02:33:00
302189,2011-04-26T00:00:00+00:00,31.6882,-96.246,2428.625,83.67216491699219,300.641357421875,294.17138671875,98521.0625,34.7659797668457,14.113400637838245,20.614678073769845,0,0,EF0,CST-6,25-APR-11 18:25:00
302775,2011-04-14T23:00:00+00:00,35.588,-96.267,1152.8125,33.750038146972656,295.529541015625,290.4642333984375,97163.125,32.261199951171875,7.556069010394401,17.765152014958243,1,0,EF1,CST-6,14-APR-11 17:05:00
301503,2011-04-27T02:00:00+00:00,35.4285,-88.5879,807.5,34.87500762939453,294.04833984375,292.20379638671875,98618.5,36.653038024902344,15.427606156413438,14.889238637767852,0,0,EF0,CST-6,26-APR-11 19:54:00
302820,2011-04-15T02:00:00+00:00,34.5537,-95.672,2045.1875,90.9687728881836,292.873046875,290.04425048828125,97102.5625,34.795631408691406,15.370976843198356,20.06520219512315,1,0,EF1,CST-6,14-APR-11 20:03:00
302789,2011-04-15T01:00:00+00:00,36.3735,-94.8743,327.5,29.21879005432129,292.717529296875,289.3312072753906,96990.5625,32.89801788330078,11.633378182063298,10.856382722461825,2,1,EF2,CST-6,14-APR-11 18:47:00
301771,2011-04-28T03:00:00+00:00,34.825,-83.5961,1013.25,5.421961784362793,290.9287109375,290.1907653808594,92739.8125,35.75872039794922,7.306410116048932,28.7618464319294,3,1,EF3,EST-5,27-APR-11 22:00:00
302237,2011-04-27T16:00:00+00:00,34.7704,-87.152,0.125,30.96881675720215,293.125,292.041748046875,97792.0625,33.506805419921875,19.16154649823433,30.546701372794377,0,0,EF0,CST-6,27-APR-11 10:15:00
302240,2011-04-27T16:00:00+00:00,34.7307,-87.0329,17.1875,131.67193603515625,294.7958984375,292.191162109375,97954.0625,32.356414794921875,19.17443377306575,29.53542382790706,0,0,EF0,CST-6,27-APR-11 10:23:00
302770,2011-04-27T16:00:00+00:00,34.6508,-87.0312,17.1875,131.67193603515625,294.7958984375,292.191162109375,97954.0625,32.356414794921875,19.17443377306575,29.53542382790706,0,0,EF0,CST-6,27-APR-11 10:24:00
304862,2011-04-28T00:00:00+00:00,34.2846,-86.9189,2460.875,1.3906505107879639,294.3251953125,293.29608154296875,97686.875,39.049129486083984,17.185444070045474,29.24783892082759,0,0,EF0,CST-6,27-APR-11 18:09:00
298778,2011-04-16T20:00:00+00:00,34.5314,-79.3002,1237.5,18.8077335357666,300.00146484375,291.8606262207031,99720.75,36.21118927001953,14.222699512245756,27.608998688066432,1,0,EF1,EST-5,16-APR-11 14:33:00
302191,2011-04-26T01:00:00+00:00,31.5904,-95.8242,2526.5,87.00004577636719,300.076904296875,293.9081115722656,98753.125,34.57167434692383,14.195442712680972,20.58982187101431,0,0,EF0,CST-6,25-APR-11 18:35:00
304990,2011-04-24T20:00:00+00:00,32.4844,-99.4016,2990.375,14.687637329101562,297.755126953125,291.39453125,94385.125,33.28636932373047,3.408699852485611,8.061729393665114,0,0,EF0,CST-6,24-APR-11 14:28:00
299701,2011-04-05T05:00:00+00:00,36.3951,-80.5721,14.0,,292.909912109375,287.492431640625,95853.375,28.959213256835938,15.06529009586836,28.66044995832439,1,0,EF1,EST-5,05-APR-11 00:25:00
285283,2011-04-11T00:00:00+00:00,45.3496,-89.3822,1012.25,108.93768310546875,293.03955078125,289.3927307128906,93661.875,23.157068252563477,16.060308534819676,26.758692356232242,1,0,EF1,CST-6,10-APR-11 17:50:00
285305,2011-04-11T01:00:00+00:00,44.1327,-89.0045,1210.5625,217.45263671875,296.805908203125,289.22998046875,96241.75,26.357942581176758,16.338343072959006,24.084597971917272,1,0,EF1,CST-6,10-APR-11 18:53:00
285306,2011-04-11T01:00:00+00:00,44.1612,-88.8855,1210.5625,217.45263671875,296.805908203125,289.22998046875,96241.75,26.357942581176758,16.338343072959006,24.084597971917272,1,0,EF1,CST-6,10-APR-11 19:04:00
285307,2011-04-11T02:00:00+00:00,44.2578,-88.2881,1078.75,374.0157165527344,295.93603515625,288.9168701171875,96442.9375,26.096553802490234,17.95451319294285,25.09289644998842,2,1,EF2,CST-6,10-APR-11 19:43:00
303792,2011-04-09T22:00:00+00:00,36.3037,-82.3923,852.375,36.937599182128906,291.991943359375,290.971435546875,95043.0,29.83208656311035,7.574240323991874,24.715803550552753,1,0,EF1,EST-5,09-APR-11 17:08:00
303811,2011-04-09T21:00:00+00:00,36.2971,-82.3174,1318.0625,65.26568603515625,293.60888671875,289.216064453125,93622.25,29.680866241455078,4.929695237433685,21.03174502696557,0,0,EF0,EST-5,09-APR-11 15:35:00
303248,2011-04-27T20:00:00+00:00,33.938,-88.7201,1776.25,2.3751227855682373,293.8251953125,292.986083984375,98910.25,40.778018951416016,19.06535672795386,29.364483864008687,3,1,EF3,CST-6,27-APR-11 14:26:00
301577,2011-04-27T09:00:00+00:00,34.4683,-88.2808,789.75,2.937579393386841,293.593994140625,290.06805419921875,98230.875,44.34029006958008,19.96079365305421,33.473695124889204,2,1,EF2,CST-6,27-APR-11 02:43:00
302790,2011-04-27T12:00:00+00:00,34.3616,-86.3712,91.9375,,291.673828125,290.1591796875,97605.625,35.85063934326172,16.336687015853762,20.217762587920813,2,1,EF2,CST-6,27-APR-11 05:30:00
301088,2011-04-16T22:00:00+00:00,33.4164,-79.4516,1021.0,14.500024795532227,295.689208984375,291.6097412109375,100330.6875,34.39151382446289,16.884776892094735,27.33133579159683,1,0,EF1,EST-5,16-APR-11 16:53:00
301091,2011-04-16T22:00:00+00:00,33.4631,-79.3701,1021.0,14.500024795532227,295.689208984375,291.6097412109375,100330.6875,34.39151382446289,16.884776892094735,27.33133579159683,1,0,EF1,EST-5,16-APR-11 16:59:00
302214,2011-04-28T05:00:00+00:00,39.555,-78.54,299.125,496.0469970703125,293.456298828125,290.12347412109375,96744.8125,35.89144515991211,16.02123223525052,26.068401504809085,0,0,EF0,EST-5,28-APR-11 00:27:00
302255,2011-04-28T11:00:00+00:00,39.152,-77.42,138.5,262.9309997558594,296.2861328125,291.3633117675781,98787.125,42.427207946777344,19.859206740424828,33.10538698529156,0,0,EF0,EST-5,28-APR-11 05:45:00
302256,2011-04-28T12:00:00+00:00,39.568,-76.988,208.3125,101.60467529296875,295.761962890625,290.93267822265625,98011.0625,42.270877838134766,19.645172887129565,28.621928872993927,0,0,EF0,EST-5,28-APR-11 06:37:00
302265,2011-04-28T12:00:00+00:00,39.609,-76.83,208.3125,101.60467529296875,295.761962890625,290.93267822265625,98011.0625,42.270877838134766,19.645172887129565,28.621928872993927,0,0,EF0,EST-5,28-APR-11 07:09:00
302348,2011-04-26T23:00:00+00:00,35.3606,-94.5074,816.625,2.015744209289551,291.148193359375,289.61541748046875,97443.0625,32.1805419921875,10.778939129127352,22.65259903985607,0,0,EF0,CST-6,26-APR-11 16:46:00
302777,2011-04-14T23:00:00+00:00,35.6245,-96.1924,1152.8125,33.750038146972656,295.529541015625,290.4642333984375,97163.125,32.261199951171875,7.556069010394401,17.765152014958243,0,0,EF0,CST-6,14-APR-11 17:12:00
304476,2011-04-28T20:00:00+00:00,34.5097,-78.1949,1187.0,119.73465728759766,298.02197265625,295.87750244140625,100765.375,42.61616516113281,17.49876102643387,21.575243465250377,1,0,EF1,EST-5,28-APR-11 15:07:00
305110,2011-04-28T21:00:00+00:00,34.6752,-77.9986,1357.25,47.35943603515625,298.028076171875,295.38018798828125,100827.625,44.310089111328125,16.382494609285406,21.365048186602653,0,0,EF0,EST-5,28-APR-11 15:38:00
303982,2011-04-21T00:00:00+00:00,30.49,-99.86,2334.0,196.6094970703125,301.93310546875,289.5818786621094,93785.5625,32.982154846191406,1.2698511645209158,17.050767519672842,0,0,EF0,CST-6,20-APR-11 17:37:00
304982,2011-04-24T21:00:00+00:00,32.68,-99.12,2920.25,4.812591552734375,299.665771484375,290.95361328125,95334.0,36.31553649902344,4.45131951436539,12.490028559568744,0,0,EF0,CST-6,24-APR-11 14:55:00
285308,2011-04-11T02:00:00+00:00,44.2851,-88.1098,1078.75,374.0157165527344,295.93603515625,288.9168701171875,96442.9375,26.096553802490234,17.95451319294285,25.09289644998842,1,0,EF1,CST-6,10-APR-11 19:53:00
303819,2011-04-09T22:00:00+00:00,36.0424,-82.5568,1076.5,25.328222274780273,291.635498046875,290.571044921875,93226.0,28.42193031311035,3.8404370312969,23.73449144202692,0,0,EF0,EST-5,09-APR-11 17:15:00
302154,2011-04-15T04:00:00+00:00,33.5969,-95.9213,2091.375,115.17193603515625,296.21820068359375,291.59649658203125,98077.0625,39.19249725341797,14.325826493724863,19.74017819694765,0,0,EF0,CST-6,14-APR-11 21:46:00
303827,2011-04-20T04:00:00+00:00,40.6973,-84.4255,865.375,138.671875,290.713623046875,288.76123046875,97123.5625,37.100440979003906,16.99059418846184,28.331377060092112,1,0,EF1,EST-5,19-APR-11 22:40:00
303247,2011-04-27T20:00:00+00:00,33.7489,-89.2018,2377.125,9.875123023986816,292.80078125,292.024169921875,98525.25,40.075870513916016,17.79833442904264,29.714749608463592,3,1,EF3,CST-6,27-APR-11 13:56:00
301099,2011-04-16T23:00:00+00:00,39.0979,-77.6376,239.25,1.0938011407852173,289.0576171875,288.0059814453125,98006.9375,26.04947853088379,13.003921463408892,24.030059241726335,0,0,EF0,EST-5,16-APR-11 18:12:00
282179,2011-04-04T21:00:00+00:00,36.8251,-84.2241,200.75,261.1094055175781,293.711181640625,284.538330078125,95918.1875,31.991283416748047,16.98368807056912,30.231749359379123,1,0,EF1,EST-5,04-APR-11 16:03:00
302273,2011-04-28T15:00:00+00:00,38.263,-76.666,764.875,9.765657424926758,296.7314453125,292.11767578125,100225.0,38.37432861328125,16.63619486220728,26.03206545587384,1,0,EF1,EST-5,28-APR-11 10:25:00
288496,2011-04-15T23:00:00+00:00,39.9704,-89.7098,291.625,3.9220030307769775,286.9873046875,284.9251708984375,97631.625,23.724084854125977,14.808736806726039,16.459241154955976,0,0,EF0,CST-6,15-APR-11 17:22:00
288497,2011-04-15T23:00:00+00:00,39.9988,-89.6946,291.625,3.9220030307769775,286.9873046875,284.9251708984375,97631.625,23.724084854125977,14.808736806726039,16.459241154955976,1,0,EF1,CST-6,15-APR-11 17:25:00
302781,2011-04-14T23:00:00+00:00,36.7645,-95.8126,640.5,46.734413146972656,293.902587890625,288.9036865234375,97226.125,26.027799606323242,8.268188527585936,16.463536448771183,1,0,EF1,CST-6,14-APR-11 17:11:00
302786,2011-04-14T23:00:00+00:00,36.767,-95.8099,640.5,46.734413146972656,293.902587890625,288.9036865234375,97226.125,26.027799606323242,8.268188527585936,16.463536448771183,1,0,EF1,CST-6,14-APR-11 17:12:00
302787,2011-04-15T00:00:00+00:00,35.4854,-96.3612,1464.125,42.62501907348633,293.251220703125,291.0086669921875,96929.3125,29.960206985473633,13.653415759600565,19.336346804709606,0,0,EF0,CST-6,14-APR-11 17:33:00
302216,2011-05-22T02:00:00+00:00,30.7635,-97.8372,4010.0,443.29693603515625,301.086669921875,295.158203125,97102.125,39.21147537231445,7.767982637164574,11.098936031331641,0,0,EF0,CST-6,21-MAY-11 20:00:00
307197,2011-04-27T06:00:00+00:00,33.7599,-90.2297,690.25,112.64071655273438,295.165283203125,291.8858642578125,99424.0,45.645877838134766,16.939227509207424,35.542626417021445,1,0,EF1,CST-6,27-APR-11 00:18:00
302220,2011-04-27T02:00:00+00:00,31.5763,-96.8648,3027.375,512.1875,299.34521484375,293.79949951171875,97698.5,38.775108337402344,10.840920243053107,24.352413731152353,0,0,EF0,CST-6,26-APR-11 19:53:00
289571,2011-04-15T07:00:00+00:00,34.7501,-92.3773,718.9375,3.922018051147461,292.13360595703125,291.17431640625,98846.25,41.18827819824219,18.25887991179232,25.05567383871955,1,0,EF1,CST-6,15-APR-11 00:57:00
289568,2011-04-15T07:00:00+00:00,34.4806,-92.4726,793.0,4.843893051147461,292.35626220703125,291.38330078125,99064.25,40.86991882324219,19.881268645207204,25.192070518797095,1,0,EF1,CST-6,15-APR-11 00:47:00
282156,2011-04-04T14:00:00+00:00,33.834,-93.1313,1663.875,177.50180053710938,295.461669921875,293.3974914550781,99271.375,44.751564025878906,18.503874609786074,27.816279693143198,1,0,EF1,CST-6,04-APR-11 08:08:00
285309,2011-04-11T02:00:00+00:00,44.0378,-88.3214,859.875,342.5313415527344,294.87548828125,288.1063232421875,96346.9375,24.972530364990234,17.872603034316548,25.311869591767422,1,0,EF1,CST-6,10-APR-11 19:59:00
303843,2011-04-20T04:00:00+00:00,40.7183,-84.3969,865.375,138.671875,290.713623046875,288.76123046875,97123.5625,37.100440979003906,16.99059418846184,28.331377060092112,0,0,EF0,EST-5,19-APR-11 22:42:00
284379,2011-04-04T22:00:00+00:00,37.39,-82.64,110.25,,294.8369140625,284.6932373046875,95098.5,29.377416610717773,14.220643163190484,21.712553764192982,1,0,EF1,EST-5,04-APR-11 17:21:00
301814,2011-04-28T07:00:00+00:00,35.847,-81.432,509.8125,54.197914123535156,293.840087890625,289.62689208984375,95926.125,36.36994171142578,14.973696807250402,29.85872322981654,1,0,EF1,EST-5,28-APR-11 02:22:00
302788,2011-04-15T00:00:00+00:00,34.8108,-95.664,1055.5,43.68751907348633,296.234619140625,290.1746826171875,97336.3125,35.662353515625,12.676885490587683,18.035968651708227,1,0,EF1,CST-6,14-APR-11 18:14:00
282100,2011-03-24T02:00:00+00:00,35.6596,-84.2322,576.125,0.14068388938903809,289.163818359375,287.6265869140625,96176.8125,25.437191009521484,13.404717852643053,24.038899127961898,3,1,EF3,EST-5,23-MAR-11 20:50:00
300147,2011-04-09T00:00:00+00:00,37.049,-80.803,513.125,31.604862213134766,288.904541015625,286.33734130859375,93319.6875,23.302539825439453,7.087136506926211,23.000039891744194,2,1,EF2,EST-5,08-APR-11 18:35:00
289569,2011-04-15T07:00:00+00:00,34.5424,-92.2479,635.1875,4.531393051147461,292.44708251953125,291.21630859375,99171.25,40.22538757324219,18.056305854477745,23.70928010512412,1,0,EF1,CST-6,15-APR-11 01:02:00
302181,2011-04-25T21:00:00+00:00,32.146,-97.1435,1953.25,161.03140258789062,300.2802734375,293.72509765625,97437.0,32.446754455566406,6.452736402452974,15.931075293108519,0,0,EF0,CST-6,25-APR-11 15:23:00
305351,2011-04-16T23:00:00+00:00,36.2102,-76.7827,581.625,27.531301498413086,294.7119140625,290.7198486328125,100144.9375,38.307289123535156,19.555185725809068,29.62763331532186,2,1,EF2,EST-5,16-APR-11 18:05:00
304952,2011-04-16T23:00:00+00:00,36.243,-76.7815,581.625,27.531301498413086,294.7119140625,290.7198486328125,100144.9375,38.307289123535156,19.555185725809068,29.62763331532186,2,1,EF2,EST-5,16-APR-11 18:06:00
320603,2011-04-24T22:00:00+00:00,32.4444,-99.418,2877.5,58.0782356262207,301.05517578125,292.786865234375,94132.625,36.90673065185547,9.80421352835442,13.717963632426454,0,0,EF0,CST-6,24-APR-11 16:04:00
286836,2011-04-11T01:00:00+00:00,44.2874,-88.7391,1266.5625,206.12451171875,296.435791015625,289.46240234375,96302.75,25.908723831176758,17.522595198313695,23.288775377315428,1,0,EF1,CST-6,10-APR-11 18:32:00
301516,2011-04-27T01:00:00+00:00,35.3815,-88.9926,312.0,89.43766021728516,294.050537109375,292.11175537109375,98505.1875,33.19261169433594,13.385560339927203,15.852441687665504,0,0,EF0,CST-6,26-APR-11 19:27:00
303757,2011-04-20T04:00:00+00:00,40.8576,-84.082,783.75,90.859375,288.552490234375,286.92724609375,97341.5625,37.370948791503906,17.54994607295848,33.931438585666946,1,0,EF1,EST-5,19-APR-11 22:58:00
300635,2011-04-16T17:00:00+00:00,35.768,-80.471,1000.1875,0.23452958464622498,292.322509765625,290.5548095703125,97506.875,31.81024742126465,16.515955395662548,26.241721579960167,0,0,EF0,EST-5,16-APR-11 11:45:00
303563,2011-04-27T21:00:00+00:00,34.0891,-88.36,1567.0,13.328296661376953,293.8671875,293.10223388671875,98739.5625,40.60835266113281,19.491523972112226,31.16738140694012,5,1,EF5,CST-6,27-APR-11 14:48:00
300477,2011-04-16T20:00:00+00:00,34.8417,-78.6563,1244.3125,109.13585662841797,299.83740234375,291.7639465332031,99834.75,35.98950958251953,17.5232673492888,28.05932644870806,2,1,EF2,EST-5,16-APR-11 15:25:00
299661,2011-04-16T20:00:00+00:00,34.6777,-79.0098,1478.0,52.667110443115234,299.94873046875,292.1780090332031,99824.75,35.85572052001953,15.233609987008071,27.466609663833484,1,0,EF1,EST-5,16-APR-11 14:47:00
300502,2011-04-16T21:00:00+00:00,34.5398,-78.7875,1412.125,57.03140640258789,299.161865234375,293.07421875,99957.5,36.28526306152344,21.366912567151616,28.330471881664646,2,1,EF2,EST-5,16-APR-11 15:58:00
300636,2011-04-16T22:00:00+00:00,34.4216,-78.7303,1184.0,76.8750228881836,295.527099609375,292.4271240234375,100076.6875,36.93545913696289,16.874977128420273,27.85166134358038,0,0,EF0,EST-5,16-APR-11 16:33:00
344858,2011-04-28T03:00:00+00:00,35.9145,-82.9014,142.3125,209.73446655273438,292.6787109375,287.8919372558594,92756.8125,29.950124740600586,10.414645627087513,32.252466368861164,0,0,EF0,EST-5,27-APR-11 21:45:00
302795,2011-04-15T01:00:00+00:00,34.4402,-95.7424,2015.5,107.89066314697266,293.940185546875,290.5245666503906,97543.5625,35.93708038330078,15.544750658140526,24.809839808730107,0,0,EF0,CST-6,14-APR-11 19:12:00
302799,2011-04-15T01:00:00+00:00,34.4419,-95.7417,2015.5,107.89066314697266,293.940185546875,290.5245666503906,97543.5625,35.93708038330078,15.544750658140526,24.809839808730107,1,0,EF1,CST-6,14-APR-11 19:12:00
302802,2011-04-15T01:00:00+00:00,35.9862,-95.4067,736.875,14.718790054321289,293.096435546875,290.6466369628906,97890.5625,34.34918975830078,12.364106579383108,15.883023057381074,1,0,EF1,CST-6,14-APR-11 19:18:00
302327,2011-04-24T22:00:00+00:00,35.0142,-95.9263,46.625,138.40635681152344,291.51025390625,290.619873046875,98046.625,37.79247283935547,2.639250530814911,22.846895404683117,0,0,EF0,CST-6,24-APR-11 16:05:00
302330,2011-04-25T00:00:00+00:00,34.9698,-94.5075,145.1875,113.64079284667969,291.4638671875,289.4112548828125,97287.5625,40.42326736450195,10.034261135749992,18.361863327269873,0,0,EF0,CST-6,24-APR-11 18:03:00
302699,2011-04-27T11:00:00+00:00,35.0022,-86.6981,34.9375,,291.548583984375,290.591796875,97533.9375,38.30474853515625,17.87508224303304,25.60013183375131,1,0,EF1,CST-6,27-APR-11 04:38:00
290033,2011-04-17T00:00:00+00:00,39.9677,-76.7795,148.0,14.921976089477539,287.568603515625,285.265625,97947.9375,26.545679092407227,20.677972271977698,22.072035396843958,0,0,EF0,EST-5,16-APR-11 19:20:00
289573,2011-04-15T07:00:00+00:00,34.5988,-92.1469,635.1875,4.531393051147461,292.44708251953125,291.21630859375,99171.25,40.22538757324219,18.056305854477745,23.70928010512412,1,0,EF1,CST-6,15-APR-11 01:09:00
302203,2011-04-26T22:00:00+00:00,32.3655,-96.2048,1766.0,126.26580810546875,303.53515625,291.5143737792969,97824.1875,37.63909912109375,11.962926849618448,13.146802535212958,0,0,EF0,CST-6,26-APR-11 15:56:00
304516,2011-04-27T22:00:00+00:00,39.0842,-87.3997,96.875,,288.620849609375,287.1293029785156,97911.8125,29.77831268310547,6.112618207646768,14.652841404293177,0,0,EF0,EST-5,27-APR-11 16:44:00
288884,2011-04-26T19:00:00+00:00,34.03,-102.7999,0.0,,296.065185546875,269.25103759765625,86747.0,8.909406661987305,0.3435614062115882,6.78675644533116,0,0,EF0,CST-6,26-APR-11 12:40:00
293736,2011-04-10T23:00:00+00:00,44.0216,-89.9549,1293.5,197.4818115234375,295.667724609375,288.91644287109375,95776.125,26.297626495361328,15.352410815414128,23.945969804359443,2,1,EF2,CST-6,10-APR-11 17:12:00
285243,2011-04-10T23:00:00+00:00,45.1113,-89.8858,1122.125,94.6536865234375,292.806396484375,289.05511474609375,94167.125,25.666767120361328,17.79596939866147,26.602988954046534,0,0,EF0,CST-6,10-APR-11 17:08:00
301068,2011-04-16T22:00:00+00:00,33.3577,-79.6514,1026.5,7.078149318695068,294.958740234375,292.1917724609375,100263.6875,34.00381851196289,15.852328425277827,29.077023252088633,0,0,EF0,EST-5,16-APR-11 16:41:00
298268,2011-04-28T09:00:00+00:00,43.0218,-75.1822,606.3125,100.45858764648438,292.5478515625,290.57025146484375,96327.375,37.256446838378906,14.948110126887155,27.566725243038125,1,0,EF1,EST-5,28-APR-11 04:04:00
302252,2011-04-27T17:00:00+00:00,34.7554,-86.866,81.4375,19.21898078918457,293.97705078125,292.11676025390625,97723.0,35.57164001464844,21.41842514441616,27.209971793811825,1,0,EF1,CST-6,27-APR-11 10:30:00
302295,2011-04-27T11:00:00+00:00,34.2619,-86.4529,41.0,110.44229125976562,292.465576171875,290.95703125,97541.9375,36.44342041015625,16.483585772179282,23.24185610760175,1,0,EF1,CST-6,27-APR-11 05:22:00
304892,2011-04-20T02:00:00+00:00,40.3453,-86.8953,808.125,179.1722869873047,290.95068359375,289.6618957519531,97460.0,40.5679931640625,17.67889662739646,28.325946540476767,1,0,EF1,EST-5,19-APR-11 20:40:00
304895,2011-04-20T02:00:00+00:00,40.4766,-86.7612,758.5,149.3441619873047,291.04736328125,289.7722473144531,97406.0,38.4703369140625,16.81469009146241,31.21892041293615,0,0,EF0,EST-5,19-APR-11 20:50:00
301106,2011-04-11T06:00:00+00:00,32.2702,-97.4159,463.0,18.89063262939453,293.906005859375,293.64013671875,97912.1875,49.384098052978516,9.011709970775183,11.457608199598408,1,0,EF1,CST-6,11-APR-11 00:09:00
301122,2011-04-11T06:00:00+00:00,32.4143,-97.233,543.25,10.359383583068848,295.115966796875,293.80517578125,98115.1875,51.490543365478516,4.3135499862658495,11.176559267559512,1,0,EF1,CST-6,11-APR-11 00:22:00
299112,2011-04-09T21:00:00+00:00,35.368,-81.512,1939.5,66.31256103515625,292.55029296875,291.249267578125,98097.25,33.39278030395508,4.632086857819305,14.439757454560247,0,0,EF0,EST-5,09-APR-11 15:50:00
293745,2011-04-11T00:00:00+00:00,44.0754,-89.6184,1233.75,170.10955810546875,297.27880859375,289.8634338378906,95637.875,24.739099502563477,15.311193812866984,25.557504979770197,1,0,EF1,CST-6,10-APR-11 17:30:00
285246,2011-04-10T23:00:00+00:00,45.1201,-89.8707,1122.125,94.6536865234375,292.806396484375,289.05511474609375,94167.125,25.666767120361328,17.79596939866147,26.602988954046534,3,1,EF3,CST-6,10-APR-11 17:10:00
300655,2011-04-16T17:00:00+00:00,35.01,-80.57,1279.3125,1.4064046144485474,294.971923828125,291.3165283203125,98452.875,32.92938995361328,17.231147265231083,29.76950501281807,0,0,EF0,EST-5,16-APR-11 11:59:00
301785,2011-04-28T05:00:00+00:00,35.0199,-83.3064,957.3125,1.6251095533370972,289.257080078125,288.46527099609375,90886.8125,33.52816390991211,3.7830973270153914,30.38092275616524,0,0,EF0,EST-5,27-APR-11 23:31:00
299551,2011-06-14T00:00:00+00:00,42.5657,-101.32,2353.0,167.89418029785156,294.993896484375,289.3885498046875,90069.75,26.471094131469727,0.29223353771830324,5.981321085277861,0,0,EF0,CST-6,13-JUN-11 17:31:00
304133,2011-04-16T21:00:00+00:00,36.4564,-77.6327,463.0,17.359529495239258,296.561279296875,291.033203125,99531.5,37.57530212402344,19.588491840720113,29.656946378591066,1,0,EF1,EST-5,16-APR-11 16:23:00
304138,2011-04-17T02:00:00+00:00,36.0968,-75.8325,870.75,1.1359423398971558,291.5634765625,290.6209716796875,100362.125,36.339073181152344,19.08871510826071,25.475285169367105,1,0,EF1,EST-5,16-APR-11 20:30:00
305355,2011-04-16T23:00:00+00:00,36.2435,-76.7653,581.625,27.531301498413086,294.7119140625,290.7198486328125,100144.9375,38.307289123535156,19.555185725809068,29.62763331532186,2,1,EF2,EST-5,16-APR-11 18:08:00
301865,2011-04-15T03:00:00+00:00,34.98,-94.4419,1129.6875,130.40626525878906,291.86419677734375,289.4917297363281,96690.625,35.15180969238281,13.298407485632826,21.02247848519966,1,0,EF1,CST-6,14-APR-11 21:10:00
302277,2011-04-28T16:00:00+00:00,38.366,-76.465,824.75,8.484724998474121,294.939208984375,292.1061096191406,100392.875,39.81733703613281,17.91275404713237,24.09523303192893,0,0,EF0,EST-5,28-APR-11 10:41:00
302805,2011-04-15T01:00:00+00:00,34.7298,-95.1245,966.0,41.421913146972656,293.973388671875,289.4269104003906,96930.5625,36.16461944580078,12.047570613146707,23.01377754272209,1,0,EF1,CST-6,14-APR-11 19:28:00
302810,2011-04-15T02:00:00+00:00,34.7553,-95.0599,1166.4375,91.5156478881836,293.533203125,289.75421142578125,97174.5625,35.519264221191406,11.456431938983119,22.56127056123709,1,0,EF1,CST-6,14-APR-11 19:36:00
302814,2011-04-15T02:00:00+00:00,34.5092,-95.5091,1814.4375,104.5000228881836,292.4140625,289.85968017578125,96975.5625,34.612037658691406,13.085825077324648,22.074950561727924,2,1,EF2,CST-6,14-APR-11 19:35:00
302312,2011-04-27T17:00:00+00:00,34.789,-86.7716,75.1875,73.71897888183594,294.96533203125,291.87066650390625,97472.0,33.70249938964844,21.14785154264427,28.25174413277066,1,0,EF1,CST-6,27-APR-11 10:37:00
300159,2011-04-09T00:00:00+00:00,37.028,-80.774,513.125,31.604862213134766,288.904541015625,286.33734130859375,93319.6875,23.302539825439453,7.087136506926211,23.000039891744194,1,0,EF1,EST-5,08-APR-11 18:42:00
304984,2011-04-24T22:00:00+00:00,32.4977,-99.3851,2877.5,58.0782356262207,301.05517578125,292.786865234375,94132.625,36.90673065185547,9.80421352835442,13.717963632426454,0,0,EF0,CST-6,24-APR-11 16:15:00
302205,2011-04-26T23:00:00+00:00,32.4313,-95.7028,2164.125,67.6251220703125,299.082763671875,295.54217529296875,97704.0625,44.0701904296875,15.385595691405388,14.019227461724121,1,0,EF1,CST-6,26-APR-11 16:45:00
302207,2011-04-26T23:00:00+00:00,32.3666,-96.1644,1821.375,359.8751220703125,302.074951171875,293.38494873046875,97853.0625,39.5760498046875,9.962434621192221,13.989608835750158,0,0,EF0,CST-6,26-APR-11 17:01:00
285518,2011-04-10T22:00:00+00:00,44.63,-91.19,1040.625,65.26573944091797,296.757080078125,288.727294921875,95469.6875,28.121248245239258,11.934583352251549,25.421214858648597,1,0,EF1,CST-6,10-APR-11 15:57:00
304267,2011-05-23T00:00:00+00:00,42.1465,-89.1759,2803.25,34.453189849853516,295.125732421875,291.4033203125,97182.625,38.062862396240234,13.576254846941733,28.771107286073082,1,0,EF1,CST-6,22-MAY-11 17:40:00
293746,2011-04-10T23:00:00+00:00,43.9954,-90.0936,1435.9375,146.1380615234375,296.739990234375,289.04730224609375,95678.125,26.674579620361328,13.412946839321348,24.421583070654506,1,0,EF1,CST-6,10-APR-11 17:14:00
285259,2011-04-11T00:00:00+00:00,44.0864,-89.5981,1233.75,170.10955810546875,297.27880859375,289.8634338378906,95637.875,24.739099502563477,15.311193812866984,25.557504979770197,1,0,EF1,CST-6,10-APR-11 17:35:00
305419,2011-04-16T23:00:00+00:00,36.3059,-76.7139,409.9375,18.093801498413086,294.0947265625,290.6075439453125,100062.9375,38.090492248535156,19.53373657910995,29.242393067908942,1,0,EF1,EST-5,16-APR-11 18:14:00
301866,2011-04-15T04:00:00+00:00,35.4893,-94.1774,1174.1875,133.45318603515625,292.78656005859375,289.83380126953125,97746.0625,36.77062225341797,14.283195121828443,16.759375185978996,1,0,EF1,CST-6,14-APR-11 21:35:00
301868,2011-04-15T04:00:00+00:00,35.2759,-94.0217,1098.0,188.89068603515625,292.46624755859375,289.77227783203125,97605.0625,35.90538787841797,14.487402152919561,18.23200581797945,1,0,EF1,CST-6,14-APR-11 22:08:00
302126,2011-04-10T02:00:00+00:00,42.6067,-95.5435,1520.625,114.5625,291.692626953125,288.2611389160156,95191.625,32.71178436279297,13.641555404190632,18.578604551274463,1,0,EF1,CST-6,09-APR-11 20:20:00
302817,2011-04-15T02:00:00+00:00,34.6365,-95.4727,1814.4375,104.5000228881836,292.4140625,289.85968017578125,96975.5625,34.612037658691406,13.085825077324648,22.074950561727924,1,0,EF1,CST-6,14-APR-11 19:50:00
302826,2011-04-15T02:00:00+00:00,34.5941,-95.5835,2045.1875,90.9687728881836,292.873046875,290.04425048828125,97102.5625,34.795631408691406,15.370976843198356,20.06520219512315,1,0,EF1,CST-6,14-APR-11 20:12:00
302227,2011-04-28T06:00:00+00:00,38.654,-78.962,386.8125,220.01593017578125,290.783203125,290.30389404296875,94155.875,33.87272262573242,12.530434004535131,32.463407367112225,2,1,EF2,EST-5,28-APR-11 01:12:00
302705,2011-04-27T11:00:00+00:00,35.2331,-86.417,52.4375,50.48917007446289,291.422607421875,290.3720703125,96945.9375,38.28912353515625,18.212174753140218,24.453631380440264,2,1,EF2,CST-6,27-APR-11 05:02:00
303923,2011-04-26T06:00:00+00:00,30.8333,-95.0827,2752.0,325.9219055175781,299.093017578125,295.359375,99352.4375,35.79966735839844,11.281550587356882,12.440623528019602,0,0,EF0,CST-6,25-APR-11 23:30:00
305053,2011-04-28T20:00:00+00:00,34.5128,-78.185,1187.0,119.73465728759766,298.02197265625,295.87750244140625,100765.375,42.61616516113281,17.49876102643387,21.575243465250377,0,0,EF0,EST-5,28-APR-11 15:10:00
304899,2011-04-20T02:00:00+00:00,40.1362,-86.6336,779.625,122.06290435791016,290.76513671875,289.5779113769531,97148.0,37.9849853515625,17.000750701903133,31.97667231410299,1,0,EF1,EST-5,19-APR-11 20:55:00
302188,2011-04-26T00:00:00+00:00,31.7919,-96.4904,2755.25,169.2346649169922,300.618896484375,294.43115234375,98383.0625,31.602893829345703,11.628040517221548,23.857597141894683,0,0,EF0,CST-6,25-APR-11 17:59:00
304461,2011-04-28T20:00:00+00:00,34.3734,-78.4207,1167.25,98.17215728759766,298.01806640625,295.31207275390625,100782.375,42.37104797363281,16.85895466443067,20.27151149037985,0,0,EF0,EST-5,28-APR-11 14:43:00
318243,2011-04-04T19:00:00+00:00,35.9774,-86.657,444.25,12.921905517578125,292.68505859375,290.81231689453125,97864.3125,38.382625579833984,18.293341021781984,31.57602902400937,1,0,EF1,CST-6,04-APR-11 13:20:00
302177,2011-04-04T18:00:00+00:00,36.0841,-87.8069,234.6875,84.8125,290.6025390625,289.81719970703125,98086.9375,38.817626953125,17.867812484728706,36.71406740242046,1,0,EF1,CST-6,04-APR-11 12:19:00
285272,2011-04-11T01:00:00+00:00,45.6386,-88.8233,944.4375,32.10887908935547,290.832275390625,288.81787109375,93352.75,23.244661331176758,16.145458946182416,28.93138641467874,2,1,EF2,CST-6,10-APR-11 18:30:00
301080,2011-04-16T22:00:00+00:00,34.1989,-78.7435,1466.0625,86.0312728881836,296.169677734375,292.3782958984375,100200.6875,36.75381851196289,17.467052675448063,27.2844378852902,1,0,EF1,EST-5,16-APR-11 17:05:00
301527,2011-04-09T18:00:00+00:00,37.8305,-83.5164,1140.1875,192.53131103515625,293.529541015625,290.37841796875,97849.6875,35.01171875,8.492956943493915,19.617179427381792,0,0,EF0,EST-5,09-APR-11 13:05:00
318114,2011-05-26T00:00:00+00:00,35.1394,-90.1807,1920.0,11.093765258789062,300.796875,293.596435546875,99478.8125,44.401611328125,15.60382823802834,25.794216398764828,1,0,EF1,CST-6,25-MAY-11 17:48:00
302829,2011-04-15T02:00:00+00:00,34.685,-95.3778,1814.4375,104.5000228881836,292.4140625,289.85968017578125,96975.5625,34.612037658691406,13.085825077324648,22.074950561727924,0,0,EF0,CST-6,14-APR-11 20:08:00
302834,2011-04-15T02:00:00+00:00,34.9285,-94.708,989.4375,58.76564407348633,293.9013671875,289.61065673828125,97068.5625,35.849342346191406,11.976048622281901,23.668278286467213,1,0,EF1,CST-6,14-APR-11 20:23:00
302836,2011-04-15T03:00:00+00:00,34.9399,-94.6715,1282.0625,129.29689025878906,291.73626708984375,289.5268859863281,96956.625,35.68403625488281,12.872313819859725,20.2843012309347,1,0,EF1,CST-6,14-APR-11 20:35:00
302222,2011-04-28T06:00:00+00:00,38.179,-79.215,584.0,161.26593017578125,290.9423828125,290.65838623046875,94128.875,34.70670700073242,11.970396391734576,31.294487078922167,1,0,EF1,EST-5,28-APR-11 01:17:00
301567,2011-04-27T22:00:00+00:00,38.509,-77.344,2385.25,307.92193603515625,298.182373046875,293.5082092285156,99778.8125,39.20897674560547,14.218884318564374,18.94101481316904,0,0,EF0,EST-5,27-APR-11 17:15:00
307283,2011-05-19T22:00:00+00:00,38.9963,-98.4258,1683.375,28.562536239624023,294.92919921875,292.52490234375,94084.125,37.82714080810547,7.959875912904086,19.37056556373373,0,0,EF0,CST-6,19-MAY-11 16:25:00
304915,2011-04-20T03:00:00+00:00,38.5301,-87.5332,1056.375,24.09378433227539,291.26611328125,290.368408203125,98775.8125,37.3958740234375,20.321093191411713,19.542720455095722,1,0,EF1,EST-5,19-APR-11 21:54:00
302209,2011-04-26T23:00:00+00:00,32.3896,-95.9557,2809.75,169.7969970703125,299.813232421875,295.38299560546875,97784.0625,43.6463623046875,12.943577530220336,13.924394604124618,0,0,EF0,CST-6,26-APR-11 17:23:00
302212,2011-04-27T00:00:00+00:00,32.1756,-96.4225,1451.75,98.57828521728516,301.91748046875,293.21014404296875,98008.0,41.72080993652344,6.882055122202647,12.574737008059122,0,0,EF0,CST-6,26-APR-11 18:15:00
285522,2011-04-10T22:00:00+00:00,44.69,-91.14,1040.625,65.26573944091797,296.757080078125,288.727294921875,95469.6875,28.121248245239258,11.934583352251549,25.421214858648597,1,0,EF1,CST-6,10-APR-11 16:04:00
302193,2011-04-27T09:00:00+00:00,34.808,-87.878,522.375,0.7188293933868408,293.369384765625,289.73504638671875,97673.875,43.19575881958008,21.291052060224605,33.70012595607616,1,0,EF1,CST-6,27-APR-11 03:19:00
304639,2011-04-23T06:00:00+00:00,38.9848,-85.8968,398.5,51.59375,291.505615234375,289.38134765625,98500.0,38.81863784790039,19.9998534432236,21.949995895374485,0,0,EF0,EST-5,23-APR-11 00:35:00
332505,2011-04-20T01:00:00+00:00,39.918,-87.4083,989.875,45.890708923339844,290.77392578125,289.4700927734375,97733.5625,39.30064010620117,16.97499427392075,29.741862577191768,1,0,EF1,EST-5,19-APR-11 20:16:00
302213,2011-04-27T01:00:00+00:00,31.5313,-96.5381,2386.5,330.8439025878906,298.906005859375,293.67620849609375,97833.1875,46.44651794433594,12.404805296896397,15.000977226832095,1,0,EF1,CST-6,26-APR-11 18:35:00
302215,2011-04-27T01:00:00+00:00,31.5003,-96.3661,2492.5,358.1564025878906,298.715576171875,294.29339599609375,97918.1875,45.90257263183594,14.785417476586003,18.511617126758136,0,0,EF0,CST-6,26-APR-11 18:48:00
302221,2011-04-27T03:00:00+00:00,31.3529,-96.5615,3035.125,676.109375,298.041748046875,294.6195068359375,98022.125,41.761260986328125,15.613230233263895,23.401336608416962,0,0,EF0,CST-6,26-APR-11 20:57:00
301333,2011-05-23T21:00:00+00:00,37.5803,-89.6602,1390.5,129.09378051757812,297.252197265625,293.0431213378906,99022.0625,39.798397064208984,16.073448724535965,9.06375169373241,0,0,EF0,CST-6,23-MAY-11 14:54:00
301141,2011-04-11T07:00:00+00:00,32.7721,-96.4716,675.8125,1.0470305681228638,292.412353515625,290.74969482421875,98778.0625,52.21269226074219,5.347902832001986,14.232920306262026,1,0,EF1,CST-6,11-APR-11 01:13:00
301146,2011-04-11T08:00:00+00:00,32.9888,-96.1126,694.03125,2.750368118286133,291.66650390625,290.25250244140625,98730.625,52.62004470825195,5.916231150776113,19.01136110772409,1,0,EF1,CST-6,11-APR-11 01:34:00
332506,2011-04-20T01:00:00+00:00,39.9566,-87.2533,1149.5,26.406333923339844,290.77099609375,289.7484130859375,97500.5625,37.95884323120117,17.09231495255807,30.54611328752978,1,0,EF1,EST-5,19-APR-11 20:22:00
305437,2011-04-16T23:00:00+00:00,37.1532,-76.704,176.75,7.953176021575928,292.1484375,289.9317626953125,99910.9375,36.896156311035156,19.69781261927388,27.4569308976409,3,1,EF3,EST-5,16-APR-11 17:45:00
303795,2011-04-09T20:00:00+00:00,36.9343,-82.6329,1111.25,52.234466552734375,294.259033203125,290.69775390625,94319.0625,29.81165313720703,7.160857826918584,22.576778525424338,0,0,EF0,EST-5,09-APR-11 14:45:00
301474,2011-05-26T02:00:00+00:00,38.3072,-87.25,50.5,23.20340919494629,294.221435546875,291.40765380859375,98657.75,40.059593200683594,15.606252730758102,24.690015199245185,1,0,EF1,EST-5,25-MAY-11 20:36:00
304920,2011-04-20T03:00:00+00:00,38.43,-87.0397,1057.875,33.68753433227539,294.18017578125,290.820556640625,98683.8125,39.6361083984375,19.17276837307538,20.777323353649198,1,0,EF1,EST-5,19-APR-11 22:22:00
304922,2011-04-20T03:00:00+00:00,38.4819,-86.9339,1057.875,33.68753433227539,294.18017578125,290.820556640625,98683.8125,39.6361083984375,19.17276837307538,20.777323353649198,0,0,EF0,EST-5,19-APR-11 22:25:00
305381,2011-04-04T18:00:00+00:00,37.4258,-86.4894,163.625,49.625,290.828125,289.51348876953125,97860.9375,40.970947265625,21.87905236980555,24.582660305598342,1,0,EF1,CST-6,04-APR-11 11:41:00
305421,2011-04-04T20:00:00+00:00,36.7086,-85.6086,354.875,148.07818603515625,291.138427734375,289.2103271484375,97261.5,36.60874938964844,19.288399512130688,31.845994819908746,1,0,EF1,CST-6,04-APR-11 13:55:00
306844,2011-04-28T04:00:00+00:00,33.3526,-84.2732,1905.1875,114.77653503417969,294.9931640625,293.1815185546875,98104.625,43.0023193359375,16.584281967856615,23.14557326298319,3,1,EF3,EST-5,27-APR-11 23:26:00
306455,2011-04-28T03:00:00+00:00,33.2016,-85.0034,2442.5625,24.96883773803711,294.5322265625,293.7483825683594,97920.8125,42.73430633544922,17.606699750063697,24.75044465807278,1,0,EF1,EST-5,27-APR-11 21:58:00
309225,2011-04-20T03:00:00+00:00,38.18,-87.47,1306.875,48.54690933227539,294.60693359375,290.669189453125,99060.8125,41.2552490234375,18.46858711048319,17.593424245387144,1,0,EF1,CST-6,19-APR-11 20:57:00
307094,2011-04-28T05:00:00+00:00,33.5268,-83.6821,1844.375,195.23448181152344,296.343017578125,292.91448974609375,98459.8125,43.63265609741211,17.334239238433693,22.87337443049794,1,0,EF1,EST-5,28-APR-11 00:13:00
306606,2011-04-28T04:00:00+00:00,33.1663,-84.5806,2271.4375,30.510913848876953,294.169921875,293.0819091796875,97936.625,45.1751708984375,17.04608592094637,25.404473317327138,2,1,EF2,EST-5,27-APR-11 22:59:00
306601,2011-04-28T04:00:00+00:00,32.82,-84.85,2495.625,7.870288372039795,294.251953125,293.2596435546875,98244.625,46.6302490234375,17.05990732871762,23.33919173554267,2,1,EF2,EST-5,27-APR-11 22:55:00
307092,2011-04-28T05:00:00+00:00,33.5125,-83.7117,1844.375,195.23448181152344,296.343017578125,292.91448974609375,98459.8125,43.63265609741211,17.334239238433693,22.87337443049794,1,0,EF1,EST-5,28-APR-11 00:11:00
304924,2011-04-20T03:00:00+00:00,38.3036,-86.8425,1057.875,33.68753433227539,294.18017578125,290.820556640625,98683.8125,39.6361083984375,19.17276837307538,20.777323353649198,1,0,EF1,EST-5,19-APR-11 22:26:00
304927,2011-04-20T03:00:00+00:00,38.3244,-86.8761,1057.875,33.68753433227539,294.18017578125,290.820556640625,98683.8125,39.6361083984375,19.17276837307538,20.777323353649198,2,1,EF2,EST-5,19-APR-11 22:26:00
305423,2011-04-04T20:00:00+00:00,36.7974,-85.1404,203.875,249.84381103515625,291.175537109375,287.9730224609375,96909.5,34.27671813964844,18.6695066709762,32.34707438476778,0,0,EF0,CST-6,04-APR-11 14:16:00
305422,2011-04-04T20:00:00+00:00,36.6492,-85.18,239.5,188.14068603515625,291.071044921875,287.9847412109375,96564.5,33.89390563964844,17.894389403994484,30.184770917865198,1,0,EF1,CST-6,04-APR-11 14:14:00
314973,2011-05-18T00:00:00+00:00,39.681,-77.747,222.0625,1.6406322717666626,290.38427734375,288.3828125,98473.0,26.87339973449707,10.631839307791918,14.608385331637116,1,0,EF1,EST-5,17-MAY-11 19:10:00
314974,2011-05-17T22:00:00+00:00,39.59,-77.539,573.875,18.39075469970703,292.026611328125,288.957763671875,98363.0625,26.177034378051758,8.482525117018199,17.081497497977473,0,0,EF0,EST-5,17-MAY-11 16:35:00
310331,2011-05-23T00:00:00+00:00,36.4812,-94.8951,3826.875,353.76568603515625,299.769287109375,294.00390625,97249.625,37.357784271240234,10.569059052152111,19.978788575559545,3,1,EF3,CST-6,22-MAY-11 17:52:00
309220,2011-04-20T10:00:00+00:00,34.3271,-87.3742,961.0,61.125083923339844,293.010986328125,291.0550537109375,98837.4375,40.068851470947266,15.245366169897961,20.996949507029047,1,0,EF1,CST-6,20-APR-11 03:58:00
302793,2011-04-27T12:00:00+00:00,34.4495,-86.0869,88.625,,291.916015625,290.1240234375,97533.625,35.76763153076172,15.973137491083174,19.664396010954356,1,0,EF1,CST-6,27-APR-11 05:49:00
293936,2011-05-24T22:00:00+00:00,38.3697,-98.5803,154.5,373.25,297.219482421875,287.6015625,93097.3125,23.963817596435547,9.874862358420305,12.243066810597186,1,0,EF1,CST-6,24-MAY-11 16:09:00
286088,2011-04-24T01:00:00+00:00,35.8254,-93.526,921.125,92.7343978881836,291.094482421875,289.511474609375,95399.9375,28.461719512939453,7.722872376686033,16.504796614721744,1,0,EF1,CST-6,23-APR-11 18:59:00
305337,2011-04-20T04:00:00+00:00,38.5958,-86.6819,760.875,7.609378337860107,291.970458984375,291.45947265625,98357.5625,38.988136291503906,20.749301334079654,18.08873187316228,2,1,EF2,EST-5,19-APR-11 22:39:00
300492,2011-06-16T19:00:00+00:00,33.8863,-91.4456,2316.25,53.92192077636719,307.56640625,293.972412109375,100409.3125,42.09502029418945,1.91861274053186,4.598252923831806,0,0,EF0,CST-6,16-JUN-11 12:49:00
312378,2011-05-24T00:00:00+00:00,39.7964,-83.9634,909.625,444.2969665527344,295.70556640625,289.0094909667969,97317.6875,28.398395538330078,10.532378981389284,18.7092201973858,1,0,EF1,EST-5,23-MAY-11 18:55:00
306600,2011-04-28T03:00:00+00:00,32.9684,-85.0301,2826.6875,5.421961784362793,294.9306640625,294.0774841308594,98141.8125,43.15422821044922,17.416868134139584,23.158008229967518,2,1,EF2,EST-5,27-APR-11 22:20:00
306910,2011-05-19T17:00:00+00:00,39.1736,-76.0384,222.5,38.37505340576172,292.9013671875,288.044921875,101356.4375,29.123252868652344,2.0210522940359463,7.851178245263568,0,0,EF0,EST-5,19-MAY-11 11:35:00
306602,2011-04-28T04:00:00+00:00,32.8533,-84.7242,2742.75,6.167163372039795,294.462890625,293.4071044921875,98190.625,46.3411865234375,17.094464554506192,24.064216993849644,2,1,EF2,EST-5,27-APR-11 23:03:00
305918,2011-04-28T02:00:00+00:00,34.4009,-84.6534,2057.25,45.72681427001953,295.15771484375,293.13873291015625,97085.75,40.602962493896484,16.38743016279827,28.0658729876606,2,1,EF2,EST-5,27-APR-11 20:41:00
293938,2011-05-24T22:00:00+00:00,38.261,-98.7692,154.5,373.25,297.219482421875,287.6015625,93097.3125,23.963817596435547,9.874862358420305,12.243066810597186,1,0,EF1,CST-6,24-MAY-11 16:06:00
293939,2011-05-25T01:00:00+00:00,38.8508,-98.4784,387.625,28.703317642211914,291.12841796875,288.3865966796875,93940.0625,32.72221755981445,7.7936637658593835,16.507616368751734,0,0,EF0,CST-6,24-MAY-11 18:50:00
289604,2011-04-26T01:00:00+00:00,34.872,-92.1702,61.375,1.5156689882278442,294.395263671875,289.0848693847656,99170.125,40.51893997192383,11.282063849481382,28.19415382265137,2,1,EF2,CST-6,25-APR-11 18:46:00
309349,2011-05-22T22:00:00+00:00,39.22,-93.06,2153.5,151.5191650390625,297.827392578125,293.05126953125,97680.75,32.347347259521484,13.163552292762896,17.27869303142947,1,0,EF1,CST-6,22-MAY-11 15:50:00
301144,2011-04-27T06:00:00+00:00,33.8153,-90.1897,690.25,112.64071655273438,295.165283203125,291.8858642578125,99424.0,45.645877838134766,16.939227509207424,35.542626417021445,1,0,EF1,CST-6,27-APR-11 00:23:00
305268,2011-04-28T00:00:00+00:00,34.8744,-85.1785,1370.3125,25.437524795532227,293.4482421875,292.46209716796875,96952.875,42.550106048583984,16.78720713436334,34.04311152612299,4,1,EF4,EST-5,27-APR-11 19:15:00
304706,2011-04-28T00:00:00+00:00,34.7333,-85.5578,1551.9375,23.921899795532227,293.3544921875,292.53045654296875,96589.875,41.893856048583984,16.73951910343937,31.592775004937618,1,0,EF1,EST-5,27-APR-11 18:50:00
305920,2011-04-28T02:00:00+00:00,34.4124,-84.6393,2057.25,45.72681427001953,295.15771484375,293.13873291015625,97085.75,40.602962493896484,16.38743016279827,28.0658729876606,3,1,EF3,EST-5,27-APR-11 20:43:00
306464,2011-04-28T03:00:00+00:00,33.244,-84.9462,2442.5625,24.96883773803711,294.5322265625,293.7483825683594,97920.8125,42.73430633544922,17.606699750063697,24.75044465807278,1,0,EF1,EST-5,27-APR-11 22:02:00
305338,2011-04-28T01:00:00+00:00,34.0664,-85.419,2093.0625,42.85034942626953,294.24462890625,292.8720703125,97460.0625,39.7932014465332,18.018317136592618,29.420952745260493,2,1,EF2,EST-5,27-APR-11 19:45:00
301431,2011-05-26T00:00:00+00:00,37.22,-88.99,1145.125,33.34376525878906,294.400390625,292.300537109375,98927.8125,42.883056640625,14.416549492469194,28.76020270559222,0,0,EF0,CST-6,25-MAY-11 17:55:00
305339,2011-04-20T04:00:00+00:00,38.4403,-86.6147,925.125,6.656253337860107,293.281982421875,291.80810546875,98512.5625,40.418800354003906,19.601756294650436,19.47921429629324,1,0,EF1,EST-5,19-APR-11 22:40:00
305340,2011-04-20T04:00:00+00:00,38.4689,-86.6017,925.125,6.656253337860107,293.281982421875,291.80810546875,98512.5625,40.418800354003906,19.601756294650436,19.47921429629324,1,0,EF1,EST-5,19-APR-11 22:40:00
312713,2011-07-03T01:00:00+00:00,42.2916,-104.4232,1821.375,154.14064025878906,298.570556640625,287.359375,85520.5625,25.039447784423828,0.1141768270398794,13.670040040885029,0,0,EF0,MST-7,02-JUL-11 17:47:00
312714,2011-07-03T01:00:00+00:00,42.13,-104.35,1489.375,376.703125,299.620361328125,286.89453125,86237.5625,25.622455596923828,0.06717852640933222,12.024909050908148,0,0,EF0,MST-7,02-JUL-11 18:00:00
312388,2011-05-24T00:00:00+00:00,39.9909,-83.7618,1015.25,471.9532165527344,295.80615234375,288.9098815917969,97056.6875,28.888629913330078,10.265903533648448,19.934295060883894,1,0,EF1,EST-5,23-MAY-11 19:10:00
307106,2011-04-28T07:00:00+00:00,33.2288,-83.3138,1661.8125,32.822914123535156,298.391845703125,293.47357177734375,99468.125,44.16779327392578,17.565639370160127,20.501427416167942,1,0,EF1,EST-5,28-APR-11 01:50:00
282246,2011-03-30T01:00:00+00:00,29.7689,-89.7899,1275.125,25.244401931762695,295.729248046875,294.36651611328125,101240.375,40.945526123046875,4.996595172091951,17.649407747042083,1,0,EF1,CST-6,29-MAR-11 19:02:00
309878,2011-05-22T00:00:00+00:00,39.92,-95.27,1051.125,104.46878814697266,297.8251953125,289.91259765625,96929.8125,30.231849670410156,9.990613484221674,16.94618560863811,0,0,EF0,CST-6,21-MAY-11 17:57:00
309228,2011-04-20T03:00:00+00:00,38.1966,-87.4271,1306.875,48.54690933227539,294.60693359375,290.669189453125,99060.8125,41.2552490234375,18.46858711048319,17.593424245387144,1,0,EF1,CST-6,19-APR-11 21:00:00
285733,2011-04-15T00:00:00+00:00,34.3366,-96.2186,1867.5625,104.1250228881836,296.505126953125,290.9071044921875,97675.3125,35.952392578125,13.77819180936279,21.23886034732425,1,0,EF1,CST-6,14-APR-11 18:21:00
302942,2011-04-27T12:00:00+00:00,37.2583,-85.5036,138.5625,143.98439025878906,290.5029296875,288.513671875,97438.625,38.83892059326172,13.448918604589387,23.455150831818873,1,0,EF1,CST-6,27-APR-11 05:32:00
304667,2011-04-27T22:00:00+00:00,34.8924,-85.423,713.5,3.828191041946411,293.803466796875,292.1058654785156,96237.8125,42.17967987060547,15.390668894492903,27.092020962906673,2,1,EF2,EST-5,27-APR-11 16:45:00
306883,2011-04-28T05:00:00+00:00,33.0236,-84.2693,1899.875,78.60948181152344,294.833251953125,293.35296630859375,98373.8125,44.75765609741211,17.459889613951116,24.046458863445732,3,1,EF3,EST-5,27-APR-11 23:43:00
307098,2011-04-28T06:00:00+00:00,33.62,-83.3575,1588.1875,182.60968017578125,297.2861328125,292.74334716796875,98701.875,43.83366012573242,18.186561886899586,22.17333333659916,1,0,EF1,EST-5,28-APR-11 00:36:00
307060,2011-05-26T00:00:00+00:00,37.3445,-88.843,871.75,47.85939025878906,293.541015625,291.217529296875,98639.8125,41.479736328125,16.139781047351054,27.735851216499498,1,0,EF1,CST-6,25-MAY-11 18:07:00
305341,2011-04-20T04:00:00+00:00,38.4997,-86.5033,846.375,9.79687786102295,293.859130859375,291.73779296875,98217.5625,39.735206604003906,19.22190814947963,20.6063055913554,0,0,EF0,EST-5,19-APR-11 22:47:00
312720,2011-07-03T01:00:00+00:00,42.0411,-104.18,1501.625,302.15625,299.325439453125,287.05078125,86550.5625,26.573627471923828,0.1304040320730479,12.243685513348929,0,0,EF0,MST-7,02-JUL-11 18:18:00
309308,2011-05-22T04:00:00+00:00,38.7525,-95.2659,2392.0,782.7656860351562,295.6845703125,290.053955078125,97001.375,27.93501853942871,16.219468467344413,15.637800991779068,0,0,EF0,CST-6,21-MAY-11 21:41:00
339862,2011-05-22T04:00:00+00:00,38.5828,-95.5083,2291.75,859.1250610351562,295.1005859375,290.206298828125,96816.375,27.28853416442871,15.993582768171189,14.788295562713769,0,0,EF0,CST-6,21-MAY-11 21:48:00
307059,2011-05-26T00:00:00+00:00,37.2599,-88.9419,871.75,47.85939025878906,293.541015625,291.217529296875,98639.8125,41.479736328125,16.139781047351054,27.735851216499498,2,1,EF2,CST-6,25-MAY-11 17:59:00
295465,2011-05-21T23:00:00+00:00,38.9546,-95.7609,1594.25,134.37509155273438,299.16357421875,292.4599609375,96684.5,28.62726402282715,11.110602388663992,15.807646646118583,0,0,EF0,CST-6,21-MAY-11 17:16:00
304295,2011-04-28T06:00:00+00:00,37.7476,-79.74,771.9375,137.00030517578125,291.7138671875,290.79901123046875,95000.875,37.15299606323242,12.686004478702275,30.134169967198506,0,0,EF0,EST-5,28-APR-11 00:39:00
301143,2011-04-27T06:00:00+00:00,33.7408,-90.2436,970.375,174.60946655273438,295.625244140625,292.1300048828125,99409.0,45.678104400634766,18.724117299996628,33.58019341704552,1,0,EF1,CST-6,27-APR-11 00:15:00
302229,2011-04-28T06:00:00+00:00,38.7362,-78.8311,386.8125,220.01593017578125,290.783203125,290.30389404296875,94155.875,33.87272262573242,12.530434004535131,32.463407367112225,2,1,EF2,EST-5,28-APR-11 01:22:00
305342,2011-04-20T04:00:00+00:00,38.2285,-86.1266,1196.625,152.421875,296.914794921875,291.02001953125,98277.5625,41.046730041503906,15.8805918872492,24.837559688916436,0,0,EF0,EST-5,19-APR-11 23:09:00
305344,2011-04-20T04:00:00+00:00,38.6492,-85.9358,695.875,43.453128814697266,294.413818359375,291.37451171875,98100.5625,38.213722229003906,19.159352210852756,22.11628866591044,0,0,EF0,EST-5,19-APR-11 23:14:00
317910,2011-04-23T01:00:00+00:00,38.7364,-90.4863,1460.8125,90.8072738647461,293.11572265625,290.8545837402344,98482.9375,39.73554611206055,14.675341521936831,18.234328092664988,4,1,EF4,CST-6,22-APR-11 18:59:00
307189,2011-04-27T06:00:00+00:00,32.9045,-90.4135,1056.75,356.7188415527344,297.307861328125,292.3555908203125,99413.0,42.676151275634766,19.057327529905162,31.9559919587817,1,0,EF1,CST-6,27-APR-11 00:12:00
312724,2011-07-03T02:00:00+00:00,41.92,-104.07,1386.375,,298.094970703125,287.24322509765625,87027.625,28.682058334350586,0.12558006765174679,9.828627510334483,0,0,EF0,MST-7,02-JUL-11 18:37:00
295466,2011-05-22T00:00:00+00:00,39.0115,-95.6518,930.375,167.79690551757812,299.021484375,291.34521484375,96696.8125,28.405677795410156,14.385771522888563,19.164694406802337,0,0,EF0,CST-6,21-MAY-11 17:35:00
295468,2011-05-22T00:00:00+00:00,39.165,-95.452,1181.875,135.37503051757812,298.96484375,291.05224609375,96850.8125,29.619544982910156,14.811092894301693,17.250888665224057,0,0,EF0,CST-6,21-MAY-11 18:20:00
309326,2011-05-22T20:00:00+00:00,39.09,-93.73,1377.75,227.73439025878906,299.985595703125,294.9580078125,97763.125,26.302337646484375,12.90283541583728,15.28992971491962,0,0,EF0,CST-6,22-MAY-11 14:25:00
289615,2011-04-26T01:00:00+00:00,35.1788,-92.1163,36.625,1.5156689882278442,292.387451171875,289.9208068847656,98853.125,39.48280715942383,11.912195064682688,22.5909513873754,1,0,EF1,CST-6,25-APR-11 18:38:00
289645,2011-04-26T00:00:00+00:00,35.2053,-92.4738,53.625,178.1252899169922,292.594482421875,290.63134765625,98767.0625,40.4417610168457,11.1788819168576,18.821933005370123,1,0,EF1,CST-6,25-APR-11 18:06:00
304897,2011-04-27T12:00:00+00:00,36.6394,-85.5153,61.3125,170.26564025878906,291.08203125,288.546875,97039.625,39.29106903076172,17.375232025283477,24.619516417180062,1,0,EF1,CST-6,27-APR-11 06:02:00
304898,2011-04-27T12:00:00+00:00,36.6731,-85.4822,61.3125,170.26564025878906,291.08203125,288.546875,97039.625,39.29106903076172,17.375232025283477,24.619516417180062,1,0,EF1,CST-6,27-APR-11 06:04:00
305345,2011-04-20T04:00:00+00:00,38.6933,-85.8875,695.875,43.453128814697266,294.413818359375,291.37451171875,98100.5625,38.213722229003906,19.159352210852756,22.11628866591044,0,0,EF0,EST-5,19-APR-11 23:18:00
305375,2011-04-04T17:00:00+00:00,37.0944,-86.6947,60.0,46.48029708862305,290.812255859375,289.2512512207031,98062.75,40.415184020996094,22.528127444984435,23.90824514480214,1,0,EF1,CST-6,04-APR-11 11:26:00
295471,2011-05-22T02:00:00+00:00,38.4453,-96.1611,1750.25,,295.385498046875,290.466796875,96016.125,25.706592559814453,14.055314915954705,16.45565041482224,1,0,EF1,CST-6,21-MAY-11 19:50:00
309324,2011-05-22T20:00:00+00:00,39.18,-93.86,1045.625,263.8281555175781,299.824462890625,294.8837890625,97584.125,25.490814208984375,9.849510369485833,14.384874793463027,0,0,EF0,CST-6,22-MAY-11 13:38:00
309336,2011-05-22T21:00:00+00:00,39.21,-93.52,1012.0,370.5781555175781,298.0341796875,293.2666015625,97710.25,24.01287841796875,12.644486332965284,15.7992347494701,0,0,EF0,CST-6,22-MAY-11 14:58:00
306267,2011-04-28T03:00:00+00:00,34.6656,-83.9427,1247.1875,23.18758773803711,291.8525390625,291.2532653808594,94233.8125,38.31243133544922,11.990499304171738,27.36958800302579,2,1,EF2,EST-5,27-APR-11 21:30:00
298622,2011-04-19T23:00:00+00:00,39.5464,-89.4616,1902.0,21.95321273803711,293.100341796875,290.4931640625,97382.4375,39.644195556640625,12.025392479523576,17.23779131532895,1,0,EF1,CST-6,19-APR-11 17:17:00
289648,2011-04-25T22:00:00+00:00,34.2911,-93.5089,20.625,31.015857696533203,291.45849609375,291.158935546875,97622.75,39.257930755615234,13.566008625628536,23.368702678913895,1,0,EF1,CST-6,25-APR-11 15:35:00
289647,2011-04-25T20:00:00+00:00,34.5386,-93.9332,345.625,9.375017166137695,295.2421875,290.130615234375,96434.1875,40.924354553222656,9.101478461863897,18.92075260802706,1,0,EF1,CST-6,25-APR-11 14:00:00
289649,2011-04-25T22:00:00+00:00,34.3086,-93.4792,20.625,31.015857696533203,291.45849609375,291.158935546875,97622.75,39.257930755615234,13.566008625628536,23.368702678913895,1,0,EF1,CST-6,25-APR-11 15:40:00
307055,2011-05-26T01:00:00+00:00,38.1387,-87.6755,299.25,134.7969207763672,293.1328125,289.8527526855469,98832.875,41.183738708496094,16.00798866524538,23.70420397339534,2,1,EF2,CST-6,25-MAY-11 19:09:00
307056,2011-05-26T01:00:00+00:00,38.1448,-87.6555,299.25,134.7969207763672,293.1328125,289.8527526855469,98832.875,41.183738708496094,16.00798866524538,23.70420397339534,2,1,EF2,CST-6,25-MAY-11 19:10:00
307057,2011-05-26T01:00:00+00:00,38.1668,-87.623,299.25,134.7969207763672,293.1328125,289.8527526855469,98832.875,41.183738708496094,16.00798866524538,23.70420397339534,2,1,EF2,CST-6,25-MAY-11 19:13:00
305346,2011-04-20T04:00:00+00:00,38.5856,-86.2558,632.75,2.1406280994415283,293.282958984375,291.62548828125,97991.5625,37.943214416503906,20.078980785416686,20.781140061121345,1,0,EF1,EST-5,19-APR-11 22:59:00
305347,2011-04-20T04:00:00+00:00,38.5842,-86.2358,632.75,2.1406280994415283,293.282958984375,291.62548828125,97991.5625,37.943214416503906,20.078980785416686,20.781140061121345,0,0,EF0,EST-5,19-APR-11 23:00:00
317911,2011-04-23T01:00:00+00:00,38.7456,-90.1859,1507.375,92.3853988647461,293.47900390625,291.1582946777344,98544.9375,39.88496017456055,15.299310103587574,16.872416979899608,2,1,EF2,CST-6,22-APR-11 19:24:00
301289,2011-05-23T22:00:00+00:00,37.7044,-88.2977,247.125,172.10940551757812,294.861083984375,292.4175720214844,99437.1875,37.28807067871094,12.064594034547365,24.132661680604453,1,0,EF1,CST-6,23-MAY-11 16:25:00
307040,2011-05-25T23:00:00+00:00,38.3605,-89.1238,366.125,281.3281555175781,294.5048828125,291.212890625,98404.8125,37.13422393798828,20.418454417658893,26.211807472580762,2,1,EF2,CST-6,25-MAY-11 17:28:00
306603,2011-04-28T04:00:00+00:00,32.9297,-84.5268,2509.6875,5.339038372039795,294.7705078125,293.6072998046875,98288.625,44.4739990234375,17.232899743977637,23.658086332825892,2,1,EF2,EST-5,27-APR-11 23:18:00
293949,2011-05-25T00:00:00+00:00,38.5256,-98.683,322.125,297.1876525878906,295.61279296875,289.493896484375,93374.1875,31.269676208496094,9.502754506677089,14.13787180736658,0,0,EF0,CST-6,24-MAY-11 18:11:00
293955,2011-05-25T00:00:00+00:00,38.5353,-98.5439,490.125,248.0001678466797,294.46142578125,289.910888671875,93639.1875,32.752098083496094,10.00450861778239,15.765239335345694,0,0,EF0,CST-6,24-MAY-11 18:22:00
304309,2011-04-28T05:00:00+00:00,36.816,-81.725,87.875,348.5001220703125,291.444580078125,287.29730224609375,91464.8125,32.06527328491211,6.650729479354937,31.115287379105517,2,1,EF2,EST-5,28-APR-11 00:15:00
301946,2011-04-27T20:00:00+00:00,34.3054,-86.6549,657.875,3.5626227855682373,293.7802734375,291.447998046875,97455.25,39.991886138916016,14.760318258415094,26.55731410194492,4,1,EF4,CST-6,27-APR-11 14:12:00
302352,2011-05-26T00:00:00+00:00,37.08,-89.54,201.625,95.60939025878906,293.3359375,290.787841796875,98912.8125,39.105712890625,16.791326830394876,28.287938752609932,0,0,EF0,CST-6,25-MAY-11 17:30:00
298563,2011-04-16T00:00:00+00:00,32.6954,-84.8575,97.125,,296.855712890625,287.65093994140625,98852.875,35.02128601074219,16.036189099904252,19.89277408911677,0,0,EF0,EST-5,15-APR-11 18:50:00
306765,2011-05-25T14:00:00+00:00,40.9409,-87.4637,797.75,33.95317077636719,290.906005859375,289.360595703125,98128.25,41.168548583984375,12.904053565841725,19.30123530386263,0,0,EF0,CST-6,25-MAY-11 08:13:00
305348,2011-04-20T04:00:00+00:00,38.6381,-86.0828,632.75,2.1406280994415283,293.282958984375,291.62548828125,97991.5625,37.943214416503906,20.078980785416686,20.781140061121345,0,0,EF0,EST-5,19-APR-11 23:07:00
299349,2011-05-15T00:00:00+00:00,40.2511,-84.15,110.375,0.8750122785568237,291.314453125,287.454833984375,96733.4375,26.887069702148438,1.4128070541410558,4.354208323973381,0,0,EF0,EST-5,14-MAY-11 19:28:00
301297,2011-05-24T00:00:00+00:00,36.6383,-87.6149,1087.875,209.01571655273438,291.48681640625,290.7155456542969,99349.6875,41.92866897583008,13.865426960879587,21.647472222532073,2,1,EF2,CST-6,23-MAY-11 18:10:00
309206,2011-04-27T21:00:00+00:00,37.18,-89.7063,578.5,0.8751716613769531,288.9130859375,287.33563232421875,98015.5625,29.108352661132812,11.108230709038455,27.157827938885426,0,0,EF0,CST-6,27-APR-11 15:10:00
302350,2011-05-25T22:00:00+00:00,37.6376,-90.0967,768.125,102.70323181152344,291.6103515625,290.22021484375,97169.3125,34.752586364746094,20.2915306390616,23.120556097846656,0,0,EF0,CST-6,25-MAY-11 15:51:00
289612,2011-04-26T00:00:00+00:00,34.9309,-92.393,46.125,,293.823974609375,290.27685546875,98850.0625,41.2610969543457,11.18860728806727,22.253274676174975,2,1,EF2,CST-6,25-APR-11 18:08:00
302107,2011-04-28T02:00:00+00:00,34.4059,-85.7294,1615.25,12.586190223693848,295.12060546875,293.22857666015625,96919.75,42.152767181396484,16.74364700951938,27.34903332256504,2,1,EF2,CST-6,27-APR-11 20:05:00
306476,2011-04-20T05:00:00+00:00,38.7962,-85.356,616.5,6.750061511993408,291.215576171875,289.8309020996094,97876.375,38.3249397277832,18.5701129427105,21.590932218805715,1,0,EF1,EST-5,19-APR-11 23:40:00
306771,2011-05-25T14:00:00+00:00,40.9144,-87.1612,974.0,76.26567077636719,290.914794921875,289.296142578125,98136.25,40.771087646484375,12.782819186673908,18.571204795220417,1,0,EF1,CST-6,25-MAY-11 08:26:00
302894,2011-04-27T00:00:00+00:00,37.555,-86.2394,246.5,122.43766021728516,293.21630859375,290.47186279296875,97950.0,26.34971809387207,8.58930572368559,17.17849321782134,2,1,EF2,CST-6,26-APR-11 18:18:00
302903,2011-04-27T00:00:00+00:00,37.5542,-86.2364,246.5,122.43766021728516,293.21630859375,290.47186279296875,97950.0,26.34971809387207,8.58930572368559,17.17849321782134,0,0,EF0,CST-6,26-APR-11 18:19:00
305349,2011-04-20T04:00:00+00:00,38.6878,-85.7708,878.125,64.046875,295.756591796875,290.95458984375,98205.5625,38.862159729003906,18.0230748178506,22.954011952527416,0,0,EF0,EST-5,19-APR-11 23:19:00
313362,2011-05-25T22:00:00+00:00,40.7845,-83.663,1414.625,13.812603950500488,295.4296875,292.57958984375,97401.3125,44.328758239746094,10.171069208279121,19.708357073753408,0,0,EF0,EST-5,25-MAY-11 17:14:00
294738,2011-05-29T21:00:00+00:00,41.9309,-84.9767,1734.625,323.0469665527344,297.439208984375,292.993896484375,97731.25,39.395713806152344,8.379226256948348,22.66830141420981,1,0,EF1,EST-5,29-MAY-11 15:32:00
305902,2011-04-15T02:00:00+00:00,34.5254,-95.8314,2336.0625,58.46876907348633,292.716796875,290.41143798828125,97264.5625,35.724342346191406,17.06626429332582,17.888354036590226,1,0,EF1,CST-6,14-APR-11 19:46:00
305904,2011-04-15T02:00:00+00:00,34.5134,-95.7228,2045.1875,90.9687728881836,292.873046875,290.04425048828125,97102.5625,34.795631408691406,15.370976843198356,20.06520219512315,1,0,EF1,CST-6,14-APR-11 19:59:00
289646,2011-04-25T20:00:00+00:00,34.4975,-93.9936,454.875,2.1093921661376953,296.5517578125,290.475341796875,96874.1875,44.153846740722656,9.532035571933127,26.245954990020593,1,0,EF1,CST-6,25-APR-11 13:55:00
285071,2011-04-14T23:00:00+00:00,34.1301,-96.7901,1944.5625,123.82816314697266,298.052978515625,290.5618896484375,97336.125,35.559051513671875,11.526318382063621,18.351042182334666,1,0,EF1,CST-6,14-APR-11 17:03:00
289586,2011-04-25T22:00:00+00:00,34.454,-93.3165,11.125,39.9064826965332,292.10302734375,291.595458984375,97961.75,38.697383880615234,14.385562810291145,23.771550607055392,2,1,EF2,CST-6,25-APR-11 15:56:00
302937,2011-04-27T00:00:00+00:00,37.5647,-86.1928,246.5,122.43766021728516,293.21630859375,290.47186279296875,97950.0,26.34971809387207,8.58930572368559,17.17849321782134,0,0,EF0,EST-5,26-APR-11 19:21:00
304886,2011-04-20T04:00:00+00:00,37.9114,-86.4269,1069.125,240.375,297.324951171875,291.25341796875,98524.5625,41.178565979003906,14.76136234074487,26.934931237788707,0,0,EF0,CST-6,19-APR-11 21:54:00
295301,2011-04-05T06:00:00+00:00,32.7119,-83.7127,891.5,58.9219856262207,294.861083984375,292.18182373046875,98910.8125,40.07562255859375,20.27087883454206,25.584053212707065,1,0,EF1,EST-5,05-APR-11 00:30:00
305350,2011-04-20T04:00:00+00:00,38.7433,-85.6833,878.125,64.046875,295.756591796875,290.95458984375,98205.5625,38.862159729003906,18.0230748178506,22.954011952527416,0,0,EF0,EST-5,19-APR-11 23:25:00
305370,2011-04-20T04:00:00+00:00,38.3256,-85.7328,1007.125,198.703125,296.966552734375,290.79833984375,98327.5625,39.871925354003906,16.620549168869,24.05071485955529,1,0,EF1,EST-5,19-APR-11 23:28:00
306723,2011-05-18T18:00:00+00:00,40.1002,-75.0279,272.625,,292.721435546875,290.283447265625,100643.75,35.06846237182617,8.523008865305052,10.89882410516275,0,0,EF0,EST-5,18-MAY-11 12:50:00
312409,2011-05-25T22:00:00+00:00,41.2343,-82.6909,950.125,187.79698181152344,296.111328125,292.02880859375,97366.3125,39.378562927246094,10.85930044878523,17.875261569568398,1,0,EF1,EST-5,25-MAY-11 17:00:00
307053,2011-05-25T22:00:00+00:00,37.4353,-90.14,1045.0,72.89073181152344,291.4296875,290.44482421875,97482.3125,36.866844177246094,19.11175353296088,25.37957858082442,1,0,EF1,CST-6,25-MAY-11 16:28:00
302149,2011-04-27T22:00:00+00:00,33.8668,-86.995,3254.75,3.546941041946411,294.920654296875,294.4300842285156,97986.8125,42.49999237060547,21.992186781716896,24.579203382188055,4,1,EF4,CST-6,27-APR-11 16:05:00
289600,2011-04-25T23:00:00+00:00,34.6365,-92.961,24.375,199.25001525878906,292.473388671875,291.3544921875,97858.9375,40.03313446044922,12.702247866599517,22.659692371269564,1,0,EF1,CST-6,25-APR-11 17:16:00
301037,2011-04-16T18:00:00+00:00,36.246,-79.3558,1155.75,10.859399795532227,294.498779296875,289.88031005859375,98013.1875,33.138916015625,19.26996487516146,28.725541830319166,1,0,EF1,EST-5,16-APR-11 13:14:00
289587,2011-04-25T22:00:00+00:00,34.5066,-93.302,9.375,9.609607696533203,291.52392578125,291.042724609375,97466.75,40.164180755615234,14.312137894346627,26.719866182454176,2,1,EF2,CST-6,25-APR-11 16:02:00
302125,2011-04-27T12:00:00+00:00,34.2798,-86.3935,91.9375,,291.673828125,290.1591796875,97605.625,35.85063934326172,16.336687015853762,20.217762587920813,1,0,EF1,CST-6,27-APR-11 05:35:00
302115,2011-04-27T12:00:00+00:00,34.6004,-85.5835,53.125,,292.1982421875,289.390625,96586.625,34.12212371826172,15.449561108769071,21.902995607656667,1,0,EF1,CST-6,27-APR-11 06:18:00
302178,2011-04-27T12:00:00+00:00,34.3836,-86.297,88.625,,291.916015625,290.1240234375,97533.625,35.76763153076172,15.973137491083174,19.664396010954356,1,0,EF1,CST-6,27-APR-11 05:45:00
302204,2011-04-27T12:00:00+00:00,34.2554,-86.3491,91.9375,,291.673828125,290.1591796875,97605.625,35.85063934326172,16.336687015853762,20.217762587920813,1,0,EF1,CST-6,27-APR-11 05:30:00
290235,2011-03-26T22:00:00+00:00,31.9196,-83.933,822.25,183.46875,295.537353515625,287.9124755859375,99571.0,31.23160743713379,10.016122574547996,16.949590415585096,0,0,EF0,EST-5,26-MAR-11 16:40:00
306484,2011-04-20T05:00:00+00:00,38.9062,-85.3718,616.5,6.750061511993408,291.215576171875,289.8309020996094,97876.375,38.3249397277832,18.5701129427105,21.590932218805715,0,0,EF0,EST-5,19-APR-11 23:41:00
304888,2011-04-20T04:00:00+00:00,37.9503,-86.3553,1069.125,240.375,297.324951171875,291.25341796875,98524.5625,41.178565979003906,14.76136234074487,26.934931237788707,0,0,EF0,EST-5,19-APR-11 22:58:00
290471,2011-04-26T06:00:00+00:00,36.6625,-87.5071,152.25,,294.159423828125,286.5537109375,98465.4375,40.96568298339844,18.963613019202587,22.54594384733568,3,1,EF3,CST-6,26-APR-11 00:05:00
301964,2011-04-27T13:00:00+00:00,34.8586,-85.5323,46.5,,292.196044921875,289.13507080078125,96805.8125,35.302894592285156,15.276286038306466,16.9293976964657,1,0,EF1,EST-5,27-APR-11 07:40:00
295351,2011-04-05T07:00:00+00:00,32.2846,-83.3234,1505.5,5.29702091217041,295.952392578125,292.92498779296875,99236.5,42.178321838378906,19.929098905655085,24.55244014056488,2,1,EF2,EST-5,05-APR-11 01:39:00
302921,2011-04-27T01:00:00+00:00,37.6119,-85.8667,393.5,141.0470428466797,293.377685546875,290.04925537109375,97924.1875,27.822492599487305,8.123172479606795,15.247105968474585,1,0,EF1,EST-5,26-APR-11 19:53:00
305371,2011-04-20T04:00:00+00:00,38.3247,-85.7303,1007.125,198.703125,296.966552734375,290.79833984375,98327.5625,39.871925354003906,16.620549168869,24.05071485955529,0,0,EF0,EST-5,19-APR-11 23:28:00
299350,2011-05-23T23:00:00+00:00,39.202,-85.107,833.875,529.7031860351562,296.31591796875,290.38623046875,97622.875,31.892433166503906,10.420606061700783,18.886450393462585,0,0,EF0,EST-5,23-MAY-11 17:43:00
307559,2011-06-30T23:00:00+00:00,26.1184,-98.1937,449.625,59.75006103515625,300.378662109375,297.30615234375,100590.25,59.407615661621094,6.686565459451087,9.978353325399272,1,0,EF1,CST-6,30-JUN-11 16:57:00
285080,2011-04-15T00:00:00+00:00,34.2923,-96.2509,1867.5625,104.1250228881836,296.505126953125,290.9071044921875,97675.3125,35.952392578125,13.77819180936279,21.23886034732425,3,1,EF3,CST-6,14-APR-11 18:20:00
306882,2011-04-28T05:00:00+00:00,32.9958,-84.321,1952.625,23.35948371887207,295.139892578125,293.78558349609375,98766.8125,45.06332015991211,17.44982361706883,22.149166171753652,1,0,EF1,EST-5,27-APR-11 23:38:00
307108,2011-04-28T07:00:00+00:00,33.2519,-83.2503,1661.8125,32.822914123535156,298.391845703125,293.47357177734375,99468.125,44.16779327392578,17.565639370160127,20.501427416167942,0,0,EF0,EST-5,28-APR-11 01:57:00
304698,2011-04-23T10:00:00+00:00,38.3786,-84.3822,72.5,21.859376907348633,290.53125,288.97216796875,98204.375,36.938377380371094,16.399822331396365,25.355885450632027,0,0,EF0,EST-5,23-APR-11 05:09:00
300454,2011-04-16T09:00:00+00:00,32.3749,-84.8532,359.0,1.1610586643218994,293.0869140625,290.9938659667969,99234.0,32.34202575683594,15.732394084053729,25.309162638327766,1,0,EF1,EST-5,16-APR-11 03:50:00
299353,2011-05-24T00:00:00+00:00,39.215,-84.013,1021.5,617.3594360351562,295.86767578125,288.1217956542969,97616.6875,36.69038772583008,10.939889935873119,21.034144848158327,0,0,EF0,EST-5,23-MAY-11 18:43:00
301923,2011-04-27T21:00:00+00:00,34.6459,-87.1055,1043.0,31.172046661376953,294.25390625,292.21258544921875,97739.5625,41.96675109863281,17.200557337353157,29.238140053584754,3,1,EF3,CST-6,27-APR-11 15:15:00
303327,2011-04-16T21:00:00+00:00,37.0571,-77.6902,419.25,19.843904495239258,294.747802734375,290.796875,99185.5,35.64268493652344,20.762768991321664,29.011814172214674,1,0,EF1,EST-5,16-APR-11 15:37:00
304929,2011-04-16T23:00:00+00:00,36.087,-76.9502,638.25,13.484426498413086,294.048828125,291.3692626953125,100015.9375,38.897132873535156,19.436561841003886,28.790268024344584,3,1,EF3,EST-5,16-APR-11 17:55:00
304304,2011-04-28T04:00:00+00:00,36.684,-81.541,13.0,73.16716003417969,291.2529296875,289.2293701171875,90545.625,27.8870849609375,1.1333415798054989,31.77509826388221,1,0,EF1,EST-5,27-APR-11 23:13:00
288894,2011-04-23T01:00:00+00:00,34.8645,-97.0663,3054.8125,81.8853988647461,297.63720703125,293.5674743652344,96737.9375,35.49531173706055,11.41165284647268,16.8288756142677,0,0,EF0,CST-6,22-APR-11 18:45:00
301930,2011-04-23T00:00:00+00:00,36.3771,-94.1991,1384.1875,207.37501525878906,295.86669921875,291.39373779296875,96151.5,37.58059310913086,14.61917038541857,13.860805801521234,0,0,EF0,CST-6,22-APR-11 18:21:00
302224,2011-04-24T01:00:00+00:00,35.825,-93.5305,921.125,92.7343978881836,291.094482421875,289.511474609375,95399.9375,28.461719512939453,7.722872376686033,16.504796614721744,1,0,EF1,CST-6,23-APR-11 18:58:00
307167,2011-04-28T08:00:00+00:00,33.4319,-82.7598,1641.5625,117.67190551757812,298.177490234375,293.14031982421875,99347.4375,42.61127853393555,17.493328733211605,19.99730647140628,1,0,EF1,EST-5,28-APR-11 02:39:00
290236,2011-03-26T22:00:00+00:00,31.9205,-83.9261,822.25,183.46875,295.537353515625,287.9124755859375,99571.0,31.23160743713379,10.016122574547996,16.949590415585096,0,0,EF0,EST-5,26-MAR-11 16:41:00
301428,2011-05-26T00:00:00+00:00,37.2047,-89.1807,574.125,48.04689025878906,293.6689453125,291.358154296875,98963.8125,41.603759765625,15.463576286254986,28.671903472569717,1,0,EF1,CST-6,25-MAY-11 17:45:00
304891,2011-04-20T05:00:00+00:00,38.4125,-85.4108,807.0,56.32818603515625,294.576904296875,289.3396911621094,98268.375,41.0163459777832,16.072919901083907,27.02754287052283,1,0,EF1,EST-5,19-APR-11 23:49:00
305917,2011-04-28T01:00:00+00:00,34.2703,-84.8674,1454.9375,23.41284942626953,294.43505859375,292.8369140625,97688.0625,41.1193733215332,17.82445729961416,29.15983142343316,3,1,EF3,EST-5,27-APR-11 20:20:00
302355,2011-05-25T22:00:00+00:00,36.8846,-90.9057,1209.0,49.26572799682617,291.705078125,290.82373046875,97532.3125,38.607078552246094,20.416215210939143,27.918589028287776,0,0,EF0,CST-6,25-MAY-11 15:44:00
306887,2011-04-28T05:00:00+00:00,33.1979,-83.8561,1984.8125,72.37510681152344,296.211181640625,293.53265380859375,98740.8125,44.75082015991211,17.302035832554054,23.114512700179322,0,0,EF0,EST-5,28-APR-11 00:16:00
305893,2011-04-14T22:00:00+00:00,34.6166,-96.5468,2060.25,111.93756103515625,296.48046875,289.84478759765625,97128.1875,33.397666931152344,8.420527220936108,15.25307580134576,1,0,EF1,CST-6,14-APR-11 16:24:00
289592,2011-04-25T23:00:00+00:00,34.5903,-93.039,24.375,199.25001525878906,292.473388671875,291.3544921875,97858.9375,40.03313446044922,12.702247866599517,22.659692371269564,3,1,EF3,CST-6,25-APR-11 17:07:00
288892,2011-04-23T01:00:00+00:00,34.8409,-97.0099,3054.8125,81.8853988647461,297.63720703125,293.5674743652344,96737.9375,35.49531173706055,11.41165284647268,16.8288756142677,0,0,EF0,CST-6,22-APR-11 19:02:00
289606,2011-04-26T00:00:00+00:00,34.8853,-92.4563,46.125,,293.823974609375,290.27685546875,98850.0625,41.2610969543457,11.18860728806727,22.253274676174975,1,0,EF1,CST-6,25-APR-11 18:01:00
289609,2011-04-26T00:00:00+00:00,34.8903,-92.4467,46.125,,293.823974609375,290.27685546875,98850.0625,41.2610969543457,11.18860728806727,22.253274676174975,1,0,EF1,CST-6,25-APR-11 18:02:00
301926,2011-04-23T00:00:00+00:00,36.2877,-94.5465,1427.5625,146.21876525878906,295.52978515625,291.40447998046875,96555.5,37.30813217163086,15.398408324251957,14.535128898114028,0,0,EF0,CST-6,22-APR-11 17:41:00
290725,2011-03-27T02:00:00+00:00,32.6,-82.8309,812.0,78.43757629394531,291.18115234375,289.64117431640625,99703.875,32.8460578918457,17.07145780221107,19.077233409341304,1,0,EF1,EST-5,26-MAR-11 20:36:00
301424,2011-05-26T00:00:00+00:00,37.0749,-89.1764,574.125,48.04689025878906,293.6689453125,291.358154296875,98963.8125,41.603759765625,15.463576286254986,28.671903472569717,1,0,EF1,CST-6,25-MAY-11 17:40:00
294213,2011-04-05T02:00:00+00:00,34.638,-84.5923,129.375,145.59378051757812,296.05126953125,286.47698974609375,95748.1875,35.30751419067383,15.575567775482678,33.2971857234997,1,0,EF1,EST-5,04-APR-11 20:33:00
304918,2011-04-20T03:00:00+00:00,38.3353,-86.95,1057.875,33.68753433227539,294.18017578125,290.820556640625,98683.8125,39.6361083984375,19.17276837307538,20.777323353649198,0,0,EF0,EST-5,19-APR-11 22:22:00
304631,2011-04-27T22:00:00+00:00,34.8431,-85.5799,960.0,2.484441041946411,293.179443359375,292.2806701660156,95832.8125,42.41112518310547,15.005892733549137,28.085171817580765,3,1,EF3,EST-5,27-APR-11 16:35:00
300455,2011-04-16T10:00:00+00:00,32.8628,-83.716,435.1875,89.62506866455078,290.611572265625,287.593505859375,99156.75,30.837289810180664,17.95882846700638,23.759383674996528,1,0,EF1,EST-5,16-APR-11 05:02:00
302353,2011-05-25T23:00:00+00:00,37.5328,-89.5413,1036.625,146.85940551757812,293.509765625,291.2509765625,98490.8125,39.84809112548828,19.223303392242983,26.066155624121293,1,0,EF1,CST-6,25-MAY-11 17:18:00
301819,2011-05-26T02:00:00+00:00,36.5903,-88.1422,1780.875,27.06278419494629,295.320068359375,293.49456787109375,98679.75,46.074241638183594,17.26721331012439,22.3954234573747,0,0,EF0,CST-6,25-MAY-11 20:17:00
305343,2011-04-28T01:00:00+00:00,34.0801,-85.3457,2093.0625,42.85034942626953,294.24462890625,292.8720703125,97460.0625,39.7932014465332,18.018317136592618,29.420952745260493,2,1,EF2,EST-5,27-APR-11 19:50:00
306362,2011-04-27T22:00:00+00:00,33.9292,-86.8617,3254.75,3.546941041946411,294.920654296875,294.4300842285156,97986.8125,42.49999237060547,21.992186781716896,24.579203382188055,1,0,EF1,CST-6,27-APR-11 16:15:00
306364,2011-04-27T22:00:00+00:00,33.944,-86.8272,3254.75,3.546941041946411,294.920654296875,294.4300842285156,97986.8125,42.49999237060547,21.992186781716896,24.579203382188055,1,0,EF1,CST-6,27-APR-11 16:19:00
306366,2011-04-27T22:00:00+00:00,33.9526,-86.7969,2962.75,10.515690803527832,294.854248046875,294.2074279785156,97605.8125,41.68651580810547,21.53494235968693,24.566185518820653,1,0,EF1,CST-6,27-APR-11 16:22:00
289605,2011-04-26T00:00:00+00:00,34.8057,-92.6075,21.875,44.62529373168945,292.727294921875,290.87939453125,98545.0625,40.6605110168457,11.309000146591947,20.93375132352254,1,0,EF1,CST-6,25-APR-11 17:48:00
298633,2011-04-20T00:00:00+00:00,39.3765,-89.5106,1412.875,58.04689025878906,291.572998046875,290.22076416015625,97567.3125,46.75582504272461,12.783028048868784,23.86826884163237,0,0,EF0,CST-6,19-APR-11 17:30:00
298647,2011-04-20T00:00:00+00:00,39.5717,-89.2741,1353.875,74.78126525878906,291.611083984375,290.30670166015625,97560.3125,46.66988754272461,12.204452693816274,22.15668780205841,1,0,EF1,CST-6,19-APR-11 17:32:00
305903,2011-04-15T02:00:00+00:00,34.5284,-95.74,2045.1875,90.9687728881836,292.873046875,290.04425048828125,97102.5625,34.795631408691406,15.370976843198356,20.06520219512315,1,0,EF1,CST-6,14-APR-11 19:58:00
301816,2011-05-26T01:00:00+00:00,36.7287,-88.4096,1401.625,12.51567268371582,295.8671875,291.8019714355469,98637.875,45.915184020996094,14.476446989489045,27.868460760856422,0,0,EF0,CST-6,25-MAY-11 19:19:00
294216,2011-04-05T02:00:00+00:00,34.7206,-84.6039,129.375,145.59378051757812,296.05126953125,286.47698974609375,95748.1875,35.30751419067383,15.575567775482678,33.2971857234997,0,0,EF0,EST-5,04-APR-11 20:34:00
301476,2011-05-26T02:00:00+00:00,38.3221,-87.22,50.5,23.20340919494629,294.221435546875,291.40765380859375,98657.75,40.059593200683594,15.606252730758102,24.690015199245185,1,0,EF1,EST-5,25-MAY-11 20:39:00
304896,2011-04-20T07:00:00+00:00,36.7364,-86.6439,927.75,33.36660385131836,293.594482421875,287.93524169921875,98652.5625,39.6438102722168,17.67112381423229,24.025516755516723,1,0,EF1,CST-6,20-APR-11 00:30:00
305724,2011-04-20T06:00:00+00:00,38.2517,-84.4504,437.5,383.56256103515625,294.739013671875,286.67431640625,97675.25,36.26195526123047,14.949204817033783,27.781170537314146,1,0,EF1,EST-5,20-APR-11 00:54:00
305379,2011-04-04T18:00:00+00:00,37.3831,-86.5611,163.625,49.625,290.828125,289.51348876953125,97860.9375,40.970947265625,21.87905236980555,24.582660305598342,1,0,EF1,CST-6,04-APR-11 11:38:00
305915,2011-04-28T01:00:00+00:00,34.1779,-85.0425,1532.0,18.50659942626953,294.89501953125,292.814453125,97572.0625,39.9113655090332,17.800431929418817,28.77494168392971,1,0,EF1,EST-5,27-APR-11 20:10:00
306314,2011-04-28T03:00:00+00:00,33.1386,-85.0878,2218.9375,24.43758773803711,294.3310546875,293.5520935058594,97938.8125,43.37297821044922,17.540993085607326,25.434664340655967,0,0,EF0,EST-5,27-APR-11 21:45:00
306309,2011-04-28T03:00:00+00:00,34.709,-83.8596,1247.1875,23.18758773803711,291.8525390625,291.2532653808594,94233.8125,38.31243133544922,11.990499304171738,27.36958800302579,2,1,EF2,EST-5,27-APR-11 21:39:00
330168,2011-06-30T01:00:00+00:00,48.0062,-107.3308,1400.625,,305.99072265625,284.534423828125,91275.3125,31.602012634277344,0.3583104425198149,13.517946828128053,0,0,EF0,MST-7,29-JUN-11 18:09:00
285450,2011-02-28T05:00:00+00:00,38.6191,-90.7161,687.875,0.10939039289951324,289.9552001953125,288.4167785644531,97834.0625,27.995235443115234,16.81763450654022,22.07568990179041,1,0,EF1,CST-6,27-FEB-11 23:03:00
357900,2011-12-20T14:00:00+00:00,30.4493,-93.4417,339.15625,0.10239265859127045,291.0064392089844,290.4669189453125,101075.5,36.51485061645508,10.817272824342618,13.668540698285407,1,0,EF1,CST-6,20-DEC-11 08:25:00
357513,2011-12-22T22:00:00+00:00,34.3753,-85.0146,113.03125,11.90204906463623,291.3529052734375,290.40289306640625,98229.0,41.96019744873047,15.011713663301869,27.72628623690353,0,0,EF0,EST-5,22-DEC-11 17:03:00
283920,2011-02-25T05:00:00+00:00,34.3015,-86.9734,213.5625,,290.8765869140625,288.138916015625,97864.0625,37.696258544921875,20.971641082731697,37.81728244895663,0,0,EF0,CST-6,24-FEB-11 23:10:00
285452,2011-02-28T05:00:00+00:00,38.6214,-90.6909,687.875,0.10939039289951324,289.9552001953125,288.4167785644531,97834.0625,27.995235443115234,16.81763450654022,22.07568990179041,1,0,EF1,CST-6,27-FEB-11 23:05:00
357598,2011-12-22T23:00:00+00:00,34.5748,-84.6465,66.09375,18.20316505432129,290.94573974609375,289.962890625,96910.9375,39.395137786865234,11.443873429935605,20.43165417092204,1,0,EF1,EST-5,22-DEC-11 17:32:00
276461,2011-02-28T19:00:00+00:00,35.0003,-85.7147,657.15625,44.31254577636719,294.29010009765625,289.70269775390625,96490.75,32.7056884765625,10.247556004467631,22.050441367856788,0,0,EF0,CST-6,28-FEB-11 13:00:00
277086,2011-02-12T00:00:00+00:00,20.7719,-156.4477,43.15625,40.55159378051758,297.2928466796875,291.8555908203125,99449.6875,37.020790100097656,1.1002684115237256,1.3698895443253276,0,0,EF0,HST-10,11-FEB-11 14:15:00
357514,2011-12-22T22:00:00+00:00,34.38,-85.01,113.03125,11.90204906463623,291.3529052734375,290.40289306640625,98229.0,41.96019744873047,15.011713663301869,27.72628623690353,0,0,EF0,EST-5,22-DEC-11 17:05:00
357515,2011-12-22T22:00:00+00:00,34.39,-84.99,113.03125,11.90204906463623,291.3529052734375,290.40289306640625,98229.0,41.96019744873047,15.011713663301869,27.72628623690353,3,1,EF3,EST-5,22-DEC-11 17:07:00
278691,2011-02-25T02:00:00+00:00,36.8956,-87.618,52.0625,,287.2962646484375,286.22210693359375,98405.9375,33.22153854370117,8.449539102772894,36.57074176818426,2,1,EF2,CST-6,24-FEB-11 19:50:00
353718,2011-11-17T00:00:00+00:00,36.725,-79.427,213.5625,18.515676498413086,293.192138671875,290.53515625,98237.0,41.36547088623047,16.803992158661206,21.116265195207944,1,0,EF1,EST-5,16-NOV-11 18:55:00
351615,2011-04-27T13:00:00+00:00,35.2975,-84.96,37.1875,,292.866943359375,288.39776611328125,97249.8125,35.845863342285156,16.50817015733715,22.045583762019074,2,1,EF2,EST-5,27-APR-11 07:45:00
357582,2011-12-22T23:00:00+00:00,33.2664,-84.7997,235.8125,123.32816314697266,291.94476318359375,290.375,98187.9375,41.444942474365234,16.297900046709486,26.41148928991098,1,0,EF1,EST-5,22-DEC-11 17:44:00
310261,2011-06-13T02:00:00+00:00,46.8852,-101.2976,612.5625,37.64065933227539,291.826416015625,288.80126953125,93790.0625,34.41382598876953,8.590292713951252,10.93683701708924,0,0,EF0,CST-6,12-JUN-11 20:00:00
351316,2011-11-16T09:00:00+00:00,30.88,-90.61,651.1875,0.5390481948852539,294.39678955078125,293.888671875,99978.0,42.33849334716797,15.031736916228304,22.508595323229002,1,0,EF1,CST-6,16-NOV-11 02:40:00
351320,2011-11-16T10:00:00+00:00,29.5841,-90.6579,1415.25,2.7031683921813965,295.822021484375,294.473388671875,100806.0,43.115779876708984,12.079986819007932,17.904619137333317,0,0,EF0,CST-6,16-NOV-11 03:35:00
284639,2011-02-28T06:00:00+00:00,38.7138,-90.1643,511.9375,12.015630722045898,290.9593811035156,288.82757568359375,98108.3125,28.840723037719727,13.76028107863483,22.876730755164935,1,0,EF1,CST-6,27-FEB-11 23:35:00
357630,2011-12-22T23:00:00+00:00,33.3375,-84.412,321.34375,92.31253814697266,292.15179443359375,290.3486328125,98286.9375,42.212520599365234,15.988904114976714,25.257211411538393,1,0,EF1,EST-5,22-DEC-11 18:16:00
310260,2011-06-13T02:00:00+00:00,46.95,-101.26,612.5625,37.64065933227539,291.826416015625,288.80126953125,93790.0625,34.41382598876953,8.590292713951252,10.93683701708924,0,0,EF0,CST-6,12-JUN-11 19:45:00
285541,2011-02-28T22:00:00+00:00,35.053,-82.444,26.3125,30.468852996826172,291.04730224609375,286.3631896972656,94743.1875,30.789915084838867,10.007107972861839,30.281088398173893,0,0,EF0,EST-5,28-FEB-11 17:02:00
310236,2011-06-13T00:00:00+00:00,46.304,-102.3867,953.25,7.671938419342041,292.30615234375,288.90081787109375,91792.5625,31.76310920715332,4.264986177494536,5.9470365844130235,0,0,EF0,MST-7,12-JUN-11 17:25:00
278687,2011-02-25T01:00:00+00:00,36.5256,-88.889,88.25,19.640817642211914,288.83349609375,287.1063537597656,99035.25,33.99177169799805,11.268203236441265,36.61146559611807,1,0,EF1,CST-6,24-FEB-11 18:32:00
278829,2011-01-09T09:00:00+00:00,27.7107,-97.9663,764.3125,7.609415054321289,292.62786865234375,290.5489196777344,99720.125,41.45317077636719,13.354750000704627,17.356731390472177,0,0,EF0,CST-6,09-JAN-11 03:25:00
279336,2011-01-09T09:00:00+00:00,27.7136,-97.9373,764.3125,7.609415054321289,292.62786865234375,290.5489196777344,99720.125,41.45317077636719,13.354750000704627,17.356731390472177,1,0,EF1,CST-6,09-JAN-11 03:29:00
357631,2011-12-22T23:00:00+00:00,33.5115,-84.5409,236.4375,225.6875457763672,292.14691162109375,290.333984375,98091.9375,40.492794036865234,16.18729515221936,26.205424521190146,0,0,EF0,EST-5,22-DEC-11 18:18:00
306901,2011-05-23T19:00:00+00:00,36.54,-91.92,2099.0,126.6817398071289,296.346923828125,291.93896484375,97851.5,40.16945266723633,15.449669668090651,13.82396130333078,0,0,EF0,CST-6,23-MAY-11 12:45:00
283697,2011-03-06T22:00:00+00:00,35.926,-78.4534,30.46875,0.4991423487663269,289.5094909667969,287.029541015625,99238.875,28.607715606689453,14.498305185179085,19.946157866861107,0,0,EF0,EST-5,06-MAR-11 17:10:00
276006,2011-03-01T00:00:00+00:00,34.2496,-81.728,81.9375,72.17194366455078,293.835693359375,286.91925048828125,99162.1875,37.584251403808594,13.437112086975036,30.00287942567571,1,0,EF1,EST-5,28-FEB-11 19:24:00
347530,2011-11-15T01:00:00+00:00,38.5539,-86.4801,200.75,2.8125545978546143,292.260498046875,289.28826904296875,98138.75,37.697998046875,17.080270279910373,19.839067240813904,1,0,EF1,EST-5,14-NOV-11 19:32:00
278689,2011-02-25T00:00:00+00:00,36.5602,-89.1789,155.9375,17.00022315979004,285.86688232421875,284.84075927734375,99248.625,34.624114990234375,13.158478793599977,39.69066743035727,0,0,EF0,CST-6,24-FEB-11 18:15:00
281704,2011-02-28T00:00:00+00:00,36.9996,-96.6291,663.1875,186.45330810546875,292.279052734375,287.65716552734375,95613.625,22.492961883544922,10.537930383569906,22.349699554560857,0,0,EF0,CST-6,27-FEB-11 18:23:00
280344,2011-02-28T08:00:00+00:00,38.27,-87.7906,711.28125,0.10941848158836365,292.5318908691406,288.2569580078125,98506.9375,29.63467025756836,18.558178922548663,25.12971068669974,1,0,EF1,CST-6,28-FEB-11 01:36:00
291040,2011-04-24T18:00:00+00:00,40.87,-117.85,299.75,3.591062307357788,283.33154296875,277.3447265625,84499.8125,11.438962936401367,0.05656102462071165,12.911668309359449,0,0,EF0,PST-8,24-APR-11 09:55:00
276026,2011-02-28T13:00:00+00:00,37.7467,-83.3719,116.953125,5.3594651222229,289.84906005859375,287.4894714355469,96805.875,33.48671340942383,15.304876655975235,30.474070877514677,1,0,EF1,EST-5,28-FEB-11 07:37:00
276336,2011-02-01T14:00:00+00:00,31.6396,-93.4925,46.625,64.7737808227539,290.74334716796875,289.48712158203125,99351.0,35.74230194091797,22.31206864641007,27.05350893445402,0,0,EF0,CST-6,01-FEB-11 08:24:00
278833,2011-02-25T01:00:00+00:00,36.5309,-88.8637,88.25,19.640817642211914,288.83349609375,287.1063537597656,99035.25,33.99177169799805,11.268203236441265,36.61146559611807,1,0,EF1,CST-6,24-FEB-11 18:38:00
284641,2011-02-28T06:00:00+00:00,38.8669,-89.5493,502.0,2.3281309604644775,290.6693420410156,288.59710693359375,98031.3125,28.882715225219727,16.438256629459904,24.704607610376822,1,0,EF1,CST-6,27-FEB-11 23:57:00
275388,2011-02-24T22:00:00+00:00,34.7782,-92.8653,29.5,4.468807697296143,290.72271728515625,289.6353454589844,97944.625,37.33919906616211,14.682028599066612,18.811427222652267,1,0,EF1,CST-6,24-FEB-11 15:53:00
296626,2011-05-22T23:00:00+00:00,36.9914,-94.061,4038.125,312.59375,301.2587890625,294.837890625,95840.0,35.86359786987305,10.070302188678195,17.393139045202666,2,1,EF2,CST-6,22-MAY-11 17:25:00
275389,2011-02-24T22:00:00+00:00,34.8437,-92.7897,20.9375,42.609432220458984,291.34576416015625,289.9136657714844,98448.625,37.35775375366211,16.149815348876,20.072877854170525,1,0,EF1,CST-6,24-FEB-11 16:00:00
296627,2011-05-23T00:00:00+00:00,36.559,-94.6179,3806.375,255.03131103515625,299.854248046875,293.69921875,97053.625,39.699581146240234,10.808789064653824,19.93820974361949,3,1,EF3,CST-6,22-MAY-11 18:26:00
354347,2011-11-08T20:00:00+00:00,30.0536,-95.1519,1379.75,18.532543182373047,299.245849609375,294.228759765625,100723.9375,42.73041534423828,9.016855203036972,14.673656428502644,1,0,EF1,CST-6,08-NOV-11 13:37:00
268346,2011-01-17T16:00:00+00:00,28.49,-80.865,95.9375,,291.97393798828125,289.03192138671875,101328.6875,35.70526885986328,11.785878185580152,20.082172555676106,0,0,EF0,EST-5,17-JAN-11 11:03:00
281705,2011-02-28T01:00:00+00:00,37.0344,-96.4843,458.0,69.07815551757812,288.6491394042969,285.98651123046875,95733.1875,24.532398223876953,11.101278584063646,24.212673261993007,0,0,EF0,CST-6,27-FEB-11 18:34:00
272715,2011-01-01T08:00:00+00:00,32.9012,-88.7666,362.0625,88.23456573486328,290.7098388671875,290.18780517578125,99648.75,41.58052444458008,24.080081915867265,31.717989521936165,2,1,EF2,CST-6,01-JAN-11 02:00:00
275383,2011-02-24T23:00:00+00:00,34.7304,-92.0772,10.4375,,292.9000244140625,289.58868408203125,99155.1875,38.04570007324219,16.383026461223142,21.887124164109817,1,0,EF1,CST-6,24-FEB-11 16:56:00
296629,2011-05-23T00:00:00+00:00,36.8347,-93.5013,4138.875,355.01568603515625,299.070068359375,293.1123046875,96257.625,38.303096771240234,10.80670511794904,19.235529161916535,2,1,EF2,CST-6,22-MAY-11 18:10:00
296631,2011-05-23T01:00:00+00:00,36.8114,-93.3055,3370.625,322.0998840332031,297.395751953125,292.03411865234375,96443.5,40.51462173461914,10.494801440550608,20.813429048401098,1,0,EF1,CST-6,22-MAY-11 18:30:00
296616,2011-05-22T23:00:00+00:00,37.0524,-94.5932,4113.875,129.15626525878906,299.5771484375,295.2626953125,97185.0,41.12531661987305,13.181088678892197,24.10235824202304,2,1,EF2,CST-6,22-MAY-11 16:34:00
296617,2011-05-22T23:00:00+00:00,37.056,-94.5701,3941.375,150.01564025878906,299.8779296875,295.2294921875,96891.0,40.55891036987305,12.140479206976897,23.094649916074193,5,1,EF5,CST-6,22-MAY-11 16:40:00
296620,2011-05-22T23:00:00+00:00,37.0544,-94.4105,3941.375,150.01564025878906,299.8779296875,295.2294921875,96891.0,40.55891036987305,12.140479206976897,23.094649916074193,2,1,EF2,CST-6,22-MAY-11 17:00:00
348881,2011-09-04T03:00:00+00:00,30.4779,-89.43,851.25,12.343751907348633,299.38916015625,297.83154296875,99931.75,62.12481689453125,10.985012447809314,14.705189906636585,0,0,EF0,CST-6,03-SEP-11 21:20:00
355121,2011-12-22T19:00:00+00:00,32.9053,-87.1229,528.875,5.671879768371582,291.7705078125,290.4803466796875,99701.375,46.283172607421875,17.713342970505547,25.169439991910686,0,0,EF0,CST-6,22-DEC-11 12:56:00
355903,2011-12-22T20:00:00+00:00,32.7438,-86.2996,588.25,1.578538417816162,293.3588562011719,291.32476806640625,99652.5,45.73634719848633,17.78317560688798,24.7761712218066,0,0,EF0,CST-6,22-DEC-11 14:24:00
276331,2011-02-01T12:00:00+00:00,32.291,-94.6588,413.53125,6.906252384185791,288.45697021484375,287.95050048828125,98840.4375,34.079376220703125,19.461946246293003,26.030266162525276,1,0,EF1,CST-6,01-FEB-11 06:10:00
357512,2011-12-22T22:00:00+00:00,34.2463,-85.342,60.25,3.1520495414733887,290.9818115234375,290.05426025390625,98121.0,41.56761932373047,11.644952615703009,22.916803611899347,2,1,EF2,EST-5,22-DEC-11 16:50:00
296624,2011-05-22T23:00:00+00:00,37.0052,-94.1877,3802.625,182.35939025878906,300.783203125,295.1494140625,96598.0,39.24055099487305,10.680276600242648,21.281915720666635,2,1,EF2,CST-6,22-MAY-11 17:10:00
278835,2011-02-25T01:00:00+00:00,36.5473,-88.8167,72.5,33.67206954956055,288.57373046875,287.2313537597656,98798.25,33.95173263549805,10.903112309811716,36.90118401466959,1,0,EF1,CST-6,24-FEB-11 18:40:00
297841,2011-04-15T15:00:00+00:00,31.65,-88.89,1754.6875,1.50008225440979,295.747802734375,292.8758544921875,99964.0,35.755794525146484,19.572441159163304,15.86797893728218,0,0,EF0,CST-6,15-APR-11 09:11:00
285544,2011-04-14T22:00:00+00:00,37.02,-96.25,130.875,149.70318603515625,294.078125,287.40240478515625,96571.1875,22.66817283630371,10.48710749678631,17.701146048455858,0,0,EF0,CST-6,14-APR-11 16:16:00
285545,2011-04-14T22:00:00+00:00,38.87,-97.49,233.3125,18.328187942504883,293.44140625,284.29302978515625,94949.1875,24.34493064880371,12.660577070304221,22.294463622782104,0,0,EF0,CST-6,14-APR-11 16:23:00
290071,2011-04-26T03:00:00+00:00,31.3924,-94.7956,1713.875,115.578125,300.867919921875,294.3648681640625,99237.375,37.14209747314453,16.060339780287208,18.74383349554409,0,0,EF0,CST-6,25-APR-11 21:13:00
289249,2011-04-28T10:00:00+00:00,40.295,-76.6069,128.4375,284.7500915527344,294.269775390625,290.7945251464844,98135.75,38.99475860595703,18.388577561101172,23.499791585603024,1,0,EF1,EST-5,28-APR-11 05:20:00
297445,2011-04-15T16:00:00+00:00,31.927,-88.469,1416.0625,8.60964584350586,297.02685546875,292.54571533203125,100039.5,36.040992736816406,18.324356693857844,17.687699965624933,0,0,EF0,CST-6,15-APR-11 10:24:00
278710,2011-01-01T08:00:00+00:00,32.9267,-88.6931,362.0625,88.23456573486328,290.7098388671875,290.18780517578125,99648.75,41.58052444458008,24.080081915867265,31.717989521936165,2,1,EF2,CST-6,01-JAN-11 02:07:00
272701,2011-01-01T07:00:00+00:00,33.4386,-88.8419,353.25,11.140687942504883,291.14251708984375,290.94317626953125,99567.25,43.05201721191406,22.06894612320558,28.55107904932672,1,0,EF1,CST-6,01-JAN-11 01:15:00
289147,2011-04-20T01:00:00+00:00,37.4947,-90.0228,1312.25,116.00008392333984,298.76806640625,291.0950927734375,98487.5625,44.13462448120117,17.228951489972896,17.876259486195853,0,0,EF0,CST-6,19-APR-11 18:55:00
290014,2011-03-24T00:00:00+00:00,35.96,-85.639,1013.4375,0.4531886577606201,290.857421875,288.84576416015625,96697.8125,28.230937957763672,14.150929814003838,21.48918629021293,2,1,EF2,CST-6,23-MAR-11 17:54:00
290008,2011-03-24T00:00:00+00:00,35.7189,-86.4354,740.03125,0.8125636577606201,291.7841796875,289.32427978515625,97510.8125,28.311992645263672,14.309872062382182,23.3275849178816,0,0,EF0,CST-6,23-MAR-11 18:03:00
290064,2011-04-26T03:00:00+00:00,31.4438,-94.9787,1716.875,124.140625,301.151123046875,293.7857666015625,99082.375,36.52979278564453,15.341738021609562,18.164207279964884,1,0,EF1,CST-6,25-APR-11 20:42:00
297453,2011-04-15T16:00:00+00:00,31.3645,-87.8856,911.625,140.76589965820312,298.81884765625,291.35919189453125,100613.5,35.746070861816406,12.38325589322091,18.683379668545424,1,0,EF1,CST-6,15-APR-11 10:20:00
297658,2011-04-15T21:00:00+00:00,32.1132,-88.4461,1889.875,1.187524437904358,293.574462890625,293.22259521484375,99626.375,33.61248016357422,18.88391183387173,21.86412509120438,1,0,EF1,CST-6,15-APR-11 15:15:00
272720,2011-01-01T08:00:00+00:00,33.0609,-88.464,398.3125,121.60956573486328,290.7811279296875,289.98565673828125,100127.75,41.77583694458008,24.818674199787818,30.133584640691254,3,1,EF3,CST-6,01-JAN-11 02:25:00
290063,2011-04-26T03:00:00+00:00,31.4568,-95.0273,1716.875,124.140625,301.151123046875,293.7857666015625,99082.375,36.52979278564453,15.341738021609562,18.164207279964884,1,0,EF1,CST-6,25-APR-11 20:37:00
285547,2011-04-14T23:00:00+00:00,37.44,-96.55,587.0,134.79690551757812,294.662353515625,287.1947021484375,95758.125,20.506315231323242,8.556059352078028,15.760241577789552,0,0,EF0,CST-6,14-APR-11 17:11:00
289572,2011-04-15T07:00:00+00:00,34.6586,-92.2941,635.1875,4.531393051147461,292.44708251953125,291.21630859375,99171.25,40.22538757324219,18.056305854477745,23.70928010512412,1,0,EF1,CST-6,15-APR-11 01:01:00
297656,2011-04-15T22:00:00+00:00,31.72,-87.095,124.5,53.781253814697266,297.962646484375,289.8126220703125,99740.0625,33.53849792480469,11.081503524168301,18.551607645279137,2,1,EF2,CST-6,15-APR-11 16:29:00
292594,2011-02-28T23:00:00+00:00,32.5626,-86.4124,585.59375,0.4063020646572113,293.59185791015625,291.6488952636719,99569.75,44.082855224609375,10.266877272957366,25.071405229474927,0,0,EF0,CST-6,28-FEB-11 17:10:00
297829,2011-04-15T23:00:00+00:00,32.008,-88.331,1387.625,0.7188780307769775,293.982421875,292.7279052734375,99554.625,39.891075134277344,16.085358751529185,26.6940738657265,2,1,EF2,CST-6,15-APR-11 17:12:00
282667,2011-04-04T20:00:00+00:00,31.7278,-92.3553,1305.625,3.296935558319092,297.593505859375,294.7864990234375,100105.5,45.26304626464844,9.40882088269832,20.626586497939922,1,0,EF1,CST-6,04-APR-11 13:45:00
276763,2011-03-06T23:00:00+00:00,35.56,-77.81,5.625,0.7576684951782227,290.66461181640625,288.0668640136719,100090.6875,28.49798583984375,15.925933996128197,22.46685462756531,0,0,EF0,EST-5,06-MAR-11 18:17:00
290030,2011-04-25T19:00:00+00:00,33.9714,-94.7912,857.0,2.4688024520874023,296.37451171875,292.972412109375,98676.875,47.30990982055664,15.226959300729382,23.784523319003377,0,0,EF0,CST-6,25-APR-11 13:02:00
279417,2011-01-25T23:00:00+00:00,27.4602,-82.1379,117.3125,51.37583541870117,293.6505126953125,291.988037109375,101105.625,45.34251403808594,17.611060498341665,12.668640790238243,0,0,EF0,EST-5,25-JAN-11 18:15:00
309210,2011-04-26T06:00:00+00:00,37.0444,-88.1521,206.5,,292.651611328125,286.8291015625,98713.4375,37.32603454589844,12.848081394849482,24.91443811894628,1,0,EF1,CST-6,25-APR-11 23:37:00
290647,2011-04-20T02:00:00+00:00,38.0029,-88.92,1336.625,3.0004072189331055,294.88134765625,290.4187316894531,98914.0,42.0035400390625,18.992216983120585,14.301713892587674,1,0,EF1,CST-6,19-APR-11 19:49:00
289252,2011-04-28T11:00:00+00:00,40.4041,-76.5589,88.875,323.6497497558594,294.3046875,290.7490539550781,97987.125,39.125450134277344,17.631035109227724,29.105396152871858,2,1,EF2,EST-5,28-APR-11 05:30:00
289982,2011-04-23T20:00:00+00:00,37.1849,-88.7949,1215.375,173.32823181152344,295.384033203125,288.717041015625,99808.1875,41.24884033203125,15.722136060104944,17.11302375907225,1,0,EF1,CST-6,23-APR-11 13:47:00
297833,2011-04-16T03:00:00+00:00,31.708,-87.152,1081.875,0.4687846302986145,293.030517578125,291.7353515625,99866.5625,36.405731201171875,18.143267150638078,22.917205556514052,2,1,EF2,CST-6,15-APR-11 21:26:00
297772,2011-04-16T05:00:00+00:00,31.2096,-87.2019,1298.0625,0.15301308035850525,294.789794921875,292.9527893066406,100107.5625,35.420711517333984,17.499771940788982,21.478498852249245,1,0,EF1,CST-6,15-APR-11 22:38:00
282666,2011-04-04T20:00:00+00:00,31.72,-92.41,1305.625,3.296935558319092,297.593505859375,294.7864990234375,100105.5,45.26304626464844,9.40882088269832,20.626586497939922,1,0,EF1,CST-6,04-APR-11 13:42:00
282673,2011-04-04T14:00:00+00:00,33.701,-93.586,1474.875,208.39242553710938,295.246826171875,293.3916320800781,99245.375,45.656837463378906,16.29703604015596,25.06804901486019,1,0,EF1,CST-6,04-APR-11 07:38:00
290353,2011-04-26T07:00:00+00:00,38.247,-87.2612,63.875,,292.950439453125,287.34930419921875,98483.8125,38.57668685913086,18.137936227773807,24.466986747875705,1,0,EF1,EST-5,26-APR-11 02:09:00
290017,2011-04-25T04:00:00+00:00,34.2801,-94.0475,131.625,239.0781707763672,294.187744140625,287.288330078125,97460.6875,35.189815521240234,13.81076739287636,13.330893037490258,1,0,EF1,CST-6,24-APR-11 21:54:00
288703,2011-02-25T04:00:00+00:00,34.2858,-87.8578,222.375,,290.53082275390625,288.1156005859375,98005.4375,38.547637939453125,21.034925009970213,36.785835811100604,0,0,EF0,CST-6,24-FEB-11 22:18:00
289562,2011-04-15T04:00:00+00:00,34.5614,-94.2533,1447.0625,67.20318603515625,290.86761474609375,290.02227783203125,95920.0625,35.14171600341797,12.743917122676075,23.60934289321071,1,0,EF1,CST-6,14-APR-11 22:07:00
290382,2011-04-25T21:00:00+00:00,36.7579,-87.4168,1502.5,62.12514877319336,298.4130859375,289.05419921875,98785.0,37.315895080566406,8.243421476540556,14.530380585300893,1,0,EF1,CST-6,25-APR-11 15:23:00
290349,2011-04-26T07:00:00+00:00,38.1102,-87.3017,63.875,,292.950439453125,287.34930419921875,98483.8125,38.57668685913086,18.137936227773807,24.466986747875705,2,1,EF2,CST-6,26-APR-11 01:02:00
288091,2011-03-08T22:00:00+00:00,33.6057,-95.7824,747.6875,42.71876525878906,291.8038330078125,288.90631103515625,98518.5625,23.555936813354492,12.179505360599839,15.303662710315164,0,0,EF0,CST-6,08-MAR-11 16:10:00
289235,2011-04-28T10:00:00+00:00,40.1062,-76.9265,81.8125,304.4532165527344,295.074462890625,290.6646423339844,98296.75,39.22034454345703,18.599792075486626,25.06056270283475,2,1,EF2,EST-5,28-APR-11 04:55:00
290040,2011-04-25T22:00:00+00:00,34.0454,-94.5812,378.25,33.4221076965332,290.83447265625,290.698974609375,97717.75,39.995235443115234,16.593269234212286,11.494188332339546,0,0,EF0,CST-6,25-APR-11 16:18:00
289980,2011-04-23T19:00:00+00:00,36.7924,-90.0024,883.1875,39.99579620361328,296.22998046875,290.32421875,99997.8125,43.28075408935547,12.74853830874731,13.974358372871535,0,0,EF0,CST-6,23-APR-11 12:31:00
297830,2011-04-16T04:00:00+00:00,31.877,-86.712,953.0,5.750031471252441,292.944580078125,291.20947265625,99665.375,36.00489044189453,18.251181669187336,22.63018309105639,2,1,EF2,CST-6,15-APR-11 22:15:00
297805,2011-04-16T05:00:00+00:00,31.222,-86.764,1328.375,1.1061381101608276,294.288818359375,292.3170471191406,100217.5625,35.306453704833984,17.38093592575879,20.917739630854406,1,0,EF1,CST-6,15-APR-11 23:16:00
290388,2011-04-26T06:00:00+00:00,37.0756,-88.1021,206.5,,292.651611328125,286.8291015625,98713.4375,37.32603454589844,12.848081394849482,24.91443811894628,1,0,EF1,CST-6,25-APR-11 23:40:00
289145,2011-04-20T02:00:00+00:00,37.13,-89.8708,795.5,47.79728317260742,295.73388671875,290.0574035644531,98947.0,44.7359619140625,18.98131238135909,20.72375407010932,0,0,EF0,CST-6,19-APR-11 20:27:00
289175,2011-04-20T02:00:00+00:00,37.9925,-88.134,2491.25,143.3441619873047,298.34521484375,289.4988098144531,99131.0,41.2847900390625,18.201550088596576,16.61570466870734,2,1,EF2,CST-6,19-APR-11 20:28:00
297807,2011-04-16T05:00:00+00:00,31.237,-86.701,1328.375,1.1061381101608276,294.288818359375,292.3170471191406,100217.5625,35.306453704833984,17.38093592575879,20.917739630854406,1,0,EF1,CST-6,15-APR-11 23:22:00
280349,2011-02-28T08:00:00+00:00,38.336,-87.3224,656.5625,1.250043511390686,292.4615783691406,288.2530517578125,98447.9375,29.76455307006836,19.02414828194522,26.307989685412174,2,1,EF2,EST-5,28-FEB-11 03:01:00
280345,2011-02-28T08:00:00+00:00,38.34,-87.54,656.5625,1.250043511390686,292.4615783691406,288.2530517578125,98447.9375,29.76455307006836,19.02414828194522,26.307989685412174,2,1,EF2,CST-6,28-FEB-11 01:51:00
290112,2011-04-15T07:00:00+00:00,34.451,-92.6176,872.3125,4.281393051147461,292.04962158203125,291.12939453125,98719.25,41.67460632324219,20.30623658710544,26.379280286406857,1,0,EF1,CST-6,15-APR-11 00:38:00
291145,2011-04-27T01:00:00+00:00,32.1088,-94.0425,406.75,86.09391021728516,297.223388671875,294.11761474609375,98728.1875,44.38304138183594,18.3825269489659,31.447147765847472,2,1,EF2,CST-6,26-APR-11 18:48:00
289710,2011-04-27T22:00:00+00:00,41.7209,-77.9871,609.875,22.15631675720215,294.792724609375,289.6888732910156,93755.8125,38.08983612060547,7.083408257744849,17.022546005709227,0,0,EF0,EST-5,27-APR-11 17:26:00
289184,2011-04-20T03:00:00+00:00,38.0956,-88.1012,954.875,5.328159332275391,292.13427734375,290.701416015625,99104.8125,42.3431396484375,19.93820130995777,14.849595922000546,1,0,EF1,CST-6,19-APR-11 20:30:00
289465,2011-04-23T04:00:00+00:00,37.5892,-87.8407,51.125,12.21884822845459,293.877685546875,290.980224609375,99528.0625,38.27580261230469,19.324634980135038,24.51218532836069,2,1,EF2,CST-6,22-APR-11 21:50:00
289467,2011-04-23T04:00:00+00:00,37.6412,-87.6432,53.5,17.734474182128906,295.101318359375,290.745849609375,99484.0625,37.48283386230469,18.804312631035685,25.08786006688194,2,1,EF2,CST-6,22-APR-11 22:00:00
288691,2011-04-25T23:00:00+00:00,37.1278,-90.5339,162.5,196.10939025878906,291.923583984375,290.623046875,98118.9375,40.87200164794922,9.632715410911308,18.428131804836383,1,0,EF1,CST-6,25-APR-11 16:47:00
288694,2011-04-25T23:00:00+00:00,37.2112,-90.3706,162.5,196.10939025878906,291.923583984375,290.623046875,98118.9375,40.87200164794922,9.632715410911308,18.428131804836383,1,0,EF1,CST-6,25-APR-11 16:58:00
291149,2011-04-27T01:00:00+00:00,32.2945,-93.6391,419.5,127.96891021728516,295.999755859375,294.09906005859375,98972.1875,43.67698669433594,18.60673046790914,32.272806709841625,2,1,EF2,CST-6,26-APR-11 19:16:00
300460,2011-04-28T01:00:00+00:00,35.3969,-85.3253,1428.4375,5.006598472595215,291.53564453125,290.6494140625,94847.0625,35.3605842590332,14.896592648206326,28.310957085894287,4,1,EF4,CST-6,27-APR-11 19:13:00
294665,2011-05-26T02:00:00+00:00,38.6328,-86.4597,474.75,30.84403419494629,294.143310546875,292.29241943359375,97981.75,42.372093200683594,13.043110913441666,26.178246280305885,2,1,EF2,EST-5,25-MAY-11 21:22:00
291155,2011-04-27T01:00:00+00:00,32.3294,-93.5632,485.0,206.8439178466797,295.707763671875,294.12542724609375,99037.1875,43.75901794433594,17.632285950689337,31.351685597148556,2,1,EF2,CST-6,26-APR-11 19:22:00
291847,2011-04-15T05:00:00+00:00,35.172,-93.294,1011.9375,113.20316314697266,291.33740234375,290.18255615234375,98129.6875,37.40950012207031,15.026989908871665,19.799000748363806,1,0,EF1,CST-6,14-APR-11 22:35:00
289117,2011-04-20T02:00:00+00:00,37.9,-89.263,1138.5,2.5472822189331055,294.01220703125,290.7234191894531,98880.0,42.0543212890625,18.55572301279362,15.636054889540892,0,0,EF0,CST-6,19-APR-11 19:35:00
290634,2011-04-27T01:00:00+00:00,36.9583,-87.77,597.0,42.390785217285156,294.236083984375,290.38519287109375,98345.1875,27.276594161987305,11.591491930073447,14.45899518077228,0,0,EF0,CST-6,26-APR-11 19:06:00
290635,2011-04-27T02:00:00+00:00,37.2505,-87.4543,667.5,122.96875762939453,294.52587890625,290.23406982421875,98468.5,30.349327087402344,12.83551630437197,12.299674854962193,0,0,EF0,CST-6,26-APR-11 20:00:00
300459,2011-04-28T01:00:00+00:00,35.34,-85.42,1428.4375,5.006598472595215,291.53564453125,290.6494140625,94847.0625,35.3605842590332,14.896592648206326,28.310957085894287,4,1,EF4,CST-6,27-APR-11 19:06:00
289227,2011-04-28T06:00:00+00:00,40.2012,-78.1405,245.9375,367.00030517578125,293.103515625,289.92596435546875,95913.875,36.56315231323242,15.408273420511696,27.596683125283153,1,0,EF1,EST-5,28-APR-11 01:20:00
289118,2011-04-20T02:00:00+00:00,37.8577,-89.1356,1138.5,2.5472822189331055,294.01220703125,290.7234191894531,98880.0,42.0543212890625,18.55572301279362,15.636054889540892,1,0,EF1,CST-6,19-APR-11 19:40:00
285542,2011-04-14T22:00:00+00:00,37.44,-96.55,22.875,552.6875610351562,294.517578125,284.66119384765625,95641.1875,20.12715721130371,11.481976863776664,17.69987344667229,0,0,EF0,CST-6,14-APR-11 16:02:00
281559,2011-01-26T04:00:00+00:00,26.3459,-80.1321,453.9375,111.49052429199219,294.1514892578125,291.75115966796875,101611.9375,44.26764678955078,6.660652378993917,16.87967195801086,0,0,EF0,EST-5,25-JAN-11 22:50:00
290024,2011-04-25T14:00:00+00:00,33.6304,-93.7993,1363.125,97.70313262939453,295.434326171875,291.822021484375,99695.4375,39.79719543457031,13.807333314207389,17.354095201645066,0,0,EF0,CST-6,25-APR-11 08:05:00
289565,2011-04-15T04:00:00+00:00,35.0095,-93.3579,1078.4375,86.42193603515625,292.02386474609375,290.53302001953125,97868.0625,35.14659881591797,15.206823098659655,20.069144596760548,1,0,EF1,CST-6,14-APR-11 22:12:00
290043,2011-04-25T23:00:00+00:00,33.9026,-94.4111,141.625,5.8593902587890625,293.113037109375,292.4384765625,98588.9375,42.14543914794922,14.264598815709,22.804453567643115,0,0,EF0,CST-6,25-APR-11 16:37:00
289119,2011-04-20T02:00:00+00:00,38.3476,-88.9352,1140.375,12.766032218933105,292.38525390625,290.0202941894531,98622.0,37.7984619140625,19.439071850982838,20.49328044252026,1,0,EF1,CST-6,19-APR-11 20:03:00
289120,2011-04-20T02:00:00+00:00,38.3147,-88.7304,1427.625,11.516032218933105,293.09521484375,290.3249816894531,98703.0,37.6217041015625,20.44973692265152,20.28838610056338,1,0,EF1,CST-6,19-APR-11 20:06:00
289166,2011-04-20T03:00:00+00:00,38.35,-87.9475,886.0,21.87503433227539,291.63037109375,290.554931640625,98970.8125,39.8909912109375,20.53644801661237,15.30265023277598,2,1,EF2,CST-6,19-APR-11 20:48:00
289451,2011-04-23T04:00:00+00:00,37.82,-87.24,227.6875,30.218849182128906,294.572998046875,291.029052734375,99446.0625,36.62248229980469,18.420791106911157,25.82221190900707,0,0,EF0,CST-6,22-APR-11 22:27:00
290035,2011-04-25T21:00:00+00:00,32.0886,-95.2134,565.875,6.078272342681885,303.076171875,289.28955078125,98710.0,44.373512268066406,13.578058482183424,19.813787494230585,1,0,EF1,CST-6,25-APR-11 14:32:00
280751,2011-01-26T01:00:00+00:00,26.7159,-81.5996,316.5,98.71331787109375,294.384521484375,292.297607421875,101420.75,42.966758728027344,18.29550714417256,8.270280042361637,0,0,EF0,EST-5,25-JAN-11 19:40:00
272481,2011-01-01T06:00:00+00:00,33.0394,-89.8123,334.75,3.5683791637420654,291.0435791015625,290.6448059082031,99483.4375,43.37138748168945,19.127142454917102,25.75153144200236,3,1,EF3,CST-6,01-JAN-11 00:02:00
279804,2011-02-28T11:00:00+00:00,39.861,-82.537,79.75,9.750020027160645,287.9017333984375,286.08154296875,96705.5625,32.00751876831055,18.207489232483244,25.901319590227793,1,0,EF1,EST-5,28-FEB-11 06:00:00
285540,2011-04-14T22:00:00+00:00,38.9278,-97.8638,26.5625,,295.24609375,279.02056884765625,94332.1875,17.95235252380371,10.047699414291221,17.782214104339502,0,0,EF0,CST-6,14-APR-11 15:45:00
289122,2011-04-20T02:00:00+00:00,38.0386,-88.452,1927.0,16.469158172607422,295.34326171875,290.3435363769531,98938.0,39.7398681640625,20.125055384905778,17.36005948200719,1,0,EF1,CST-6,19-APR-11 20:19:00
290371,2011-04-26T00:00:00+00:00,37.4893,-89.9587,89.25,67.00028991699219,292.212646484375,290.76416015625,98245.0625,41.4056282043457,6.619032860526581,19.60245893436886,1,0,EF1,CST-6,25-APR-11 17:30:00
288919,2011-04-20T01:00:00+00:00,37.2041,-90.35,1091.75,144.00009155273438,297.52197265625,290.8011474609375,98400.5625,43.98325729370117,16.505645979622976,17.490464300551686,1,0,EF1,CST-6,19-APR-11 18:43:00
315891,2011-05-30T22:00:00+00:00,42.49,-98.98,2101.375,59.36974334716797,295.555419921875,291.50787353515625,92299.1875,36.17026901245117,7.891781031030428,21.968310284638026,0,0,EF0,CST-6,30-MAY-11 16:05:00
314900,2011-04-28T00:00:00+00:00,33.8291,-86.0526,1885.6875,31.046899795532227,295.107421875,293.80291748046875,97908.875,42.407527923583984,19.482481483939576,27.100076556015,4,1,EF4,CST-6,27-APR-11 18:04:00
314886,2011-04-28T00:00:00+00:00,33.6839,-86.5234,2595.25,29.156274795532227,295.0244140625,293.91131591796875,98059.875,41.882137298583984,18.56414945027712,28.51754369283209,4,1,EF4,CST-6,27-APR-11 17:32:00
305660,2011-04-12T01:00:00+00:00,33.4496,-86.7883,875.8125,17.468830108642578,295.61865234375,291.0399475097656,98625.8125,44.60324478149414,15.538902362580265,18.92218377898681,1,0,EF1,CST-6,11-APR-11 18:30:00
310535,2011-04-16T00:00:00+00:00,32.6004,-87.0091,699.25,72.73445892333984,296.533447265625,288.90093994140625,99460.875,40.02714538574219,16.246791339601884,21.497141546967452,1,0,EF1,CST-6,15-APR-11 18:05:00
317936,2011-05-31T04:00:00+00:00,46.91,-95.1,1519.25,34.0,291.387451171875,290.67645263671875,94875.3125,40.77033996582031,12.6453771629683,11.987035830759474,1,0,EF1,CST-6,30-MAY-11 21:35:00
289658,2011-04-25T22:00:00+00:00,34.7522,-92.9694,8.0,121.45335388183594,292.33642578125,291.449951171875,97749.75,38.619258880615234,15.330390733380858,27.308641662501735,1,0,EF1,CST-6,25-APR-11 15:38:00
289659,2011-04-26T00:00:00+00:00,34.8767,-92.6957,21.875,44.62529373168945,292.727294921875,290.87939453125,98545.0625,40.6605110168457,11.309000146591947,20.93375132352254,1,0,EF1,CST-6,25-APR-11 17:48:00
303638,2011-04-16T23:00:00+00:00,37.5331,-76.3528,117.9375,11.671926498413086,290.9052734375,288.1436767578125,99947.9375,35.782875061035156,19.18939794384685,26.98908853270607,2,1,EF2,EST-5,16-APR-11 18:25:00
285058,2011-04-14T22:00:00+00:00,35.7767,-96.6737,651.6875,156.34381103515625,296.576171875,287.65338134765625,96710.1875,25.25020408630371,5.96950620713115,18.477908673449427,0,0,EF0,CST-6,14-APR-11 15:42:00
315095,2011-04-19T23:00:00+00:00,39.2476,-89.6611,1964.625,14.40633773803711,292.954833984375,290.25,97502.4375,43.585601806640625,15.504607732771087,16.86240917774915,2,1,EF2,CST-6,19-APR-11 17:15:00
302258,2011-04-27T17:00:00+00:00,34.77,-86.79,75.1875,73.71897888183594,294.96533203125,291.87066650390625,97472.0,33.70249938964844,21.14785154264427,28.25174413277066,1,0,EF1,CST-6,27-APR-11 10:39:00
315985,2011-05-30T22:00:00+00:00,41.8788,-99.9388,1648.25,84.76036834716797,295.979248046875,290.81256103515625,90632.1875,34.15269088745117,9.925711811460989,24.181486644723616,0,0,EF0,CST-6,30-MAY-11 15:47:00
307472,2011-05-22T22:00:00+00:00,44.0429,-90.5657,539.125,57.6597900390625,295.256103515625,289.73681640625,96299.75,29.789730072021484,12.340402539720346,18.244680350322056,2,1,EF2,CST-6,22-MAY-11 16:15:00
314568,2011-04-27T11:00:00+00:00,33.8411,-86.7884,19.125,196.91104125976562,293.032958984375,291.2080078125,98144.9375,35.80279541015625,15.113537326902366,22.066457487912782,2,1,EF2,CST-6,27-APR-11 04:54:00
311613,2011-04-27T11:00:00+00:00,33.4367,-86.7622,0.9375,383.2860412597656,293.650146484375,291.4873046875,98622.9375,33.79693603515625,14.110693781713707,25.009808581687107,2,1,EF2,CST-6,27-APR-11 04:54:00
317055,2011-05-09T01:00:00+00:00,43.83,-100.17,2113.75,357.9063720703125,299.865478515625,290.3115539550781,93095.5625,19.508380889892578,7.206566011548298,11.871313536896416,0,0,EF0,CST-6,08-MAY-11 19:03:00
310536,2011-04-16T00:00:00+00:00,32.214,-86.4519,117.875,,297.754150390625,285.77984619140625,99734.875,35.92460632324219,14.20440182456956,19.91772554070205,0,0,EF0,CST-6,15-APR-11 18:23:00
317194,2011-05-25T21:00:00+00:00,39.3274,-85.5213,1636.875,17.7657413482666,299.66064453125,293.558349609375,97375.625,40.95500183105469,8.465328139786838,16.903263729899344,1,0,EF1,EST-5,25-MAY-11 16:15:00
289661,2011-04-26T01:00:00+00:00,34.5281,-92.0547,82.125,,298.733154296875,286.1424865722656,99478.125,41.81093215942383,10.64399934243795,27.21159563775926,1,0,EF1,CST-6,25-APR-11 18:53:00
289734,2011-04-26T01:00:00+00:00,34.5339,-92.0297,82.125,,298.733154296875,286.1424865722656,99478.125,41.81093215942383,10.64399934243795,27.21159563775926,1,0,EF1,CST-6,25-APR-11 18:55:00
303640,2011-04-16T23:00:00+00:00,36.7529,-76.8396,349.375,9.031301498413086,292.9814453125,290.9932861328125,99897.9375,37.704750061035156,19.53355321994041,27.617233351495305,2,1,EF2,EST-5,16-APR-11 18:10:00
295525,2011-05-27T00:00:00+00:00,40.625,-76.2108,2806.75,470.5782165527344,297.9482421875,291.82861328125,97791.25,41.12311935424805,9.400267168593457,18.11797466683696,1,0,EF1,EST-5,26-MAY-11 19:20:00
312147,2011-04-27T11:00:00+00:00,34.0894,-86.5342,31.4375,142.55166625976562,292.696044921875,291.1787109375,97691.9375,35.33013916015625,15.4664356950733,23.134323990823113,1,0,EF1,CST-6,27-APR-11 05:12:00
312133,2011-04-27T11:00:00+00:00,33.6473,-86.4153,13.5625,301.8641662597656,293.417724609375,291.4912109375,98350.9375,33.23834228515625,14.18493955977087,25.13913435048635,2,1,EF2,CST-6,27-APR-11 05:16:00
307109,2011-04-27T21:00:00+00:00,33.2506,-88.1814,1687.25,22.109546661376953,294.650390625,294.25555419921875,99358.5625,44.39253234863281,20.442230491054083,25.343119034623346,1,0,EF1,CST-6,27-APR-11 14:40:00
309071,2011-04-27T22:00:00+00:00,33.6448,-87.4238,3632.75,13.640690803527832,294.646240234375,294.4418029785156,98446.8125,44.23729705810547,21.800959515069692,26.291302201064596,4,1,EF4,CST-6,27-APR-11 15:35:00
307537,2011-04-15T19:00:00+00:00,32.837,-88.3584,1679.125,5.89542818069458,294.826171875,291.6182861328125,99768.0625,37.6464958190918,18.738128291407666,21.210479796644762,3,1,EF3,CST-6,15-APR-11 12:45:00
314906,2011-04-28T00:00:00+00:00,33.9419,-85.7771,1555.1875,17.531274795532227,295.5302734375,293.82147216796875,97572.875,42.381160736083984,18.4540540257459,26.710415095670022,1,0,EF1,CST-6,27-APR-11 18:22:00
314923,2011-04-28T00:00:00+00:00,33.9558,-85.7399,1555.1875,17.531274795532227,295.5302734375,293.82147216796875,97572.875,42.381160736083984,18.4540540257459,26.710415095670022,1,0,EF1,CST-6,27-APR-11 18:24:00
315106,2011-04-28T00:00:00+00:00,32.8478,-87.4922,3125.6875,13.921900749206543,295.1796875,294.32537841796875,99243.875,41.880184173583984,20.73471090946206,24.523963922681755,1,0,EF1,CST-6,27-APR-11 17:50:00
310537,2011-04-16T01:00:00+00:00,32.47,-87.2346,924.5,10.921890258789062,293.53759765625,290.7901916503906,99975.75,38.309288024902344,17.595864946265774,23.87785437819907,1,0,EF1,CST-6,15-APR-11 18:48:00
317944,2011-05-25T21:00:00+00:00,39.3532,-85.509,1636.875,17.7657413482666,299.66064453125,293.558349609375,97375.625,40.95500183105469,8.465328139786838,16.903263729899344,1,0,EF1,EST-5,25-MAY-11 16:20:00
317950,2011-05-26T01:00:00+00:00,39.4944,-87.4483,52.375,123.75004577636719,291.017578125,288.8312683105469,98259.875,38.780418395996094,14.372027499627244,22.81998319938678,1,0,EF1,EST-5,25-MAY-11 20:20:00
317952,2011-05-26T02:00:00+00:00,39.6498,-87.1772,17.0,121.23465728759766,291.343505859375,289.38031005859375,97833.75,36.410179138183594,13.414871853527256,18.332136074819747,0,0,EF0,EST-5,25-MAY-11 20:38:00
317953,2011-05-26T02:00:00+00:00,39.7467,-87.1431,17.0,121.23465728759766,291.343505859375,289.38031005859375,97833.75,36.410179138183594,13.414871853527256,18.332136074819747,1,0,EF1,EST-5,25-MAY-11 20:40:00
293758,2011-05-22T20:00:00+00:00,45.2484,-93.1623,946.0,,291.425048828125,288.4091796875,96297.125,30.287689208984375,8.768420794589193,15.34280192955246,0,0,EF0,CST-6,22-MAY-11 13:52:00
294142,2011-05-22T21:00:00+00:00,45.6088,-91.6253,803.75,18.328147888183594,290.57421875,288.685546875,95255.25,31.28436279296875,12.088576423796349,20.250448429286713,1,0,EF1,CST-6,22-MAY-11 15:00:00
302610,2011-06-21T01:00:00+00:00,41.422,-96.474,4044.0,728.3751831054688,297.47265625,293.807861328125,95423.25,48.153076171875,12.479269930344174,12.738184589495186,1,0,EF1,CST-6,20-JUN-11 19:00:00
289738,2011-04-26T22:00:00+00:00,34.5273,-91.9124,972.25,8.468934059143066,293.962890625,291.3883972167969,98990.1875,39.85980224609375,1.7425642314637564,15.41789994580094,1,0,EF1,CST-6,26-APR-11 16:14:00
289739,2011-04-27T00:00:00+00:00,34.3003,-94.3442,1300.75,29.28141212463379,291.82275390625,290.76873779296875,96257.0,31.04600715637207,18.891237580655705,22.033929472760985,1,0,EF1,CST-6,26-APR-11 18:17:00
306664,2011-05-22T21:00:00+00:00,43.7882,-91.2585,1475.5,65.4375228881836,292.2470703125,289.3994140625,96317.25,30.50018310546875,15.760946725635847,22.150727784014702,2,1,EF2,CST-6,22-MAY-11 15:20:00
315368,2011-05-26T21:00:00+00:00,41.7855,-80.5008,889.125,63.70345687866211,295.964599609375,291.325439453125,97514.125,31.946903228759766,9.731413504058203,19.166972778836712,1,0,EF1,EST-5,26-MAY-11 15:40:00
311348,2011-05-25T23:00:00+00:00,40.311,-88.8986,910.875,125.62503051757812,294.318359375,290.6982421875,97419.8125,39.99457550048828,5.066404282124801,14.697614428960213,0,0,EF0,CST-6,25-MAY-11 17:06:00
311351,2011-05-25T23:00:00+00:00,40.3601,-88.8209,986.625,136.87503051757812,294.458984375,290.6943359375,97423.8125,39.56098175048828,6.20674926242061,14.900196847413902,1,0,EF1,CST-6,25-MAY-11 17:09:00
311355,2011-05-26T00:00:00+00:00,40.1676,-88.3339,454.875,222.84376525878906,292.21875,289.073974609375,97595.8125,39.961181640625,13.129200438326347,18.664744218352336,0,0,EF0,CST-6,25-MAY-11 17:58:00
307284,2011-04-27T21:00:00+00:00,33.4572,-87.839,1504.5,9.328296661376953,294.357421875,294.12371826171875,98995.5625,44.13667297363281,20.10517248504958,25.710277684718495,3,1,EF3,CST-6,27-APR-11 15:06:00
315116,2011-04-28T00:00:00+00:00,32.8837,-87.4208,3125.6875,13.921900749206543,295.1796875,294.32537841796875,99243.875,41.880184173583984,20.73471090946206,24.523963922681755,1,0,EF1,CST-6,27-APR-11 17:57:00
310538,2011-04-16T01:00:00+00:00,32.3776,-87.1618,924.5,10.921890258789062,293.53759765625,290.7901916503906,99975.75,38.309288024902344,17.595864946265774,23.87785437819907,1,0,EF1,CST-6,15-APR-11 19:04:00
317957,2011-05-26T02:00:00+00:00,39.1251,-86.6112,58.5,56.62528610229492,292.288818359375,290.64691162109375,97919.75,39.043968200683594,14.496625806163287,24.180110172087822,1,0,EF1,EST-5,25-MAY-11 21:14:00
315484,2011-04-27T13:00:00+00:00,34.8235,-85.6301,67.5625,,291.740966796875,289.10284423828125,96445.8125,35.591957092285156,14.352920375548582,14.47210894729609,1,0,EF1,CST-6,27-APR-11 06:34:00
294083,2011-05-22T19:00:00+00:00,45.035,-93.2841,1223.75,23.890857696533203,291.806396484375,288.833984375,96405.625,30.864009857177734,8.52323243688475,19.36639121009615,1,0,EF1,CST-6,22-MAY-11 13:21:00
294084,2011-05-22T19:00:00+00:00,45.1074,-93.2279,1223.75,23.890857696533203,291.806396484375,288.833984375,96405.625,30.864009857177734,8.52323243688475,19.36639121009615,0,0,EF0,CST-6,22-MAY-11 13:29:00
294085,2011-05-22T20:00:00+00:00,45.1246,-93.217,946.0,,291.425048828125,288.4091796875,96297.125,30.287689208984375,8.768420794589193,15.34280192955246,0,0,EF0,CST-6,22-MAY-11 13:32:00
313097,2011-05-26T05:00:00+00:00,39.6099,-83.4475,258.25,153.15635681152344,290.327392578125,289.564453125,97238.6875,39.27433776855469,14.035787407973,17.28806268946728,0,0,EF0,EST-5,26-MAY-11 00:25:00
308995,2011-05-25T21:00:00+00:00,35.6643,-91.3443,2285.5,110.60948944091797,301.55029296875,292.192138671875,98634.625,32.20988464355469,15.375261006720196,25.447391096608232,1,0,EF1,CST-6,25-MAY-11 15:19:00
306439,2011-06-21T22:00:00+00:00,31.783,-94.357,3955.125,93.78131103515625,303.672607421875,295.40771484375,99480.4375,52.339935302734375,8.379405254975456,8.031547604929283,0,0,EF0,CST-6,21-JUN-11 16:00:00
289742,2011-04-27T00:00:00+00:00,35.1784,-92.1565,581.5,47.67203903198242,291.52099609375,290.66033935546875,98490.0,42.51963806152344,4.699366429067454,22.659658042702233,1,0,EF1,CST-6,26-APR-11 17:32:00
285090,2011-04-14T23:00:00+00:00,34.161,-96.657,1944.5625,123.82816314697266,298.052978515625,290.5618896484375,97336.125,35.559051513671875,11.526318382063621,18.351042182334666,0,0,EF0,CST-6,14-APR-11 17:15:00
307187,2011-05-22T22:00:00+00:00,43.9028,-90.91,818.125,20.550413131713867,295.447509765625,290.52490234375,96279.75,31.654964447021484,15.650801537561122,17.821275079654633,1,0,EF1,CST-6,22-MAY-11 15:50:00
307292,2011-04-27T21:00:00+00:00,33.5208,-87.6997,1194.75,13.375171661376953,294.36328125,293.85028076171875,98580.5625,43.39741516113281,19.71898187701702,26.206041676402545,1,0,EF1,CST-6,27-APR-11 15:15:00
311367,2011-05-26T00:00:00+00:00,38.6764,-88.3688,278.0,170.50001525878906,293.5029296875,290.840576171875,98541.8125,39.913330078125,14.62730348769501,25.097794845321392,1,0,EF1,CST-6,25-MAY-11 18:18:00
311370,2011-05-26T01:00:00+00:00,38.7447,-88.131,18.625,84.20317077636719,292.9404296875,289.8742370605469,98623.875,38.113426208496094,14.592547693730193,20.757360416995976,0,0,EF0,CST-6,25-MAY-11 18:35:00
314944,2011-04-28T00:00:00+00:00,33.967,-85.7135,1555.1875,17.531274795532227,295.5302734375,293.82147216796875,97572.875,42.381160736083984,18.4540540257459,26.710415095670022,3,1,EF3,CST-6,27-APR-11 18:25:00
315140,2011-04-28T01:00:00+00:00,33.1169,-87.0081,2926.0,20.77222442626953,294.90576171875,293.6923828125,98516.0625,42.2922248840332,19.31720727861221,24.834269976431706,1,0,EF1,CST-6,27-APR-11 18:32:00
315147,2011-04-28T01:00:00+00:00,33.1318,-86.9693,2926.0,20.77222442626953,294.90576171875,293.6923828125,98516.0625,42.2922248840332,19.31720727861221,24.834269976431706,1,0,EF1,CST-6,27-APR-11 18:35:00
317927,2011-05-31T02:00:00+00:00,46.77,-96.87,1650.75,109.0625228881836,296.4296875,294.16168212890625,96374.8125,37.560848236083984,12.838133731758003,14.049950477650455,2,1,EF2,CST-6,30-MAY-11 19:55:00
308461,2011-05-11T23:00:00+00:00,36.1595,-95.159,201.625,247.32814025878906,294.075439453125,292.042724609375,98110.1875,42.837284088134766,12.842723297283566,10.696689070154386,0,0,EF0,CST-6,11-MAY-11 17:11:00
308463,2011-05-12T00:00:00+00:00,36.6094,-94.9196,302.75,164.5470428466797,294.996826171875,291.50848388671875,97919.125,44.38996505737305,12.125838797965393,10.028423264049431,1,0,EF1,CST-6,11-MAY-11 17:47:00
303965,2011-04-22T02:00:00+00:00,32.5697,-99.9799,968.9375,517.4376220703125,302.3974609375,291.0146484375,94440.6875,28.987245559692383,10.52173994040745,14.56769273242457,1,0,EF1,CST-6,21-APR-11 19:52:00
289748,2011-04-27T00:00:00+00:00,35.1913,-92.1157,581.5,47.67203903198242,291.52099609375,290.66033935546875,98490.0,42.51963806152344,4.699366429067454,22.659658042702233,1,0,EF1,CST-6,26-APR-11 17:36:00
290099,2011-04-26T01:00:00+00:00,35.0511,-91.9398,28.375,,294.112060546875,288.5350646972656,98951.125,40.19765090942383,12.114289565692705,22.603243045832144,1,0,EF1,CST-6,25-APR-11 19:24:00
290100,2011-04-25T23:00:00+00:00,34.9522,-92.8326,40.875,29.203140258789062,292.088623046875,291.2490234375,98028.9375,40.81633758544922,11.354620935976818,21.94256239391779,1,0,EF1,CST-6,25-APR-11 17:21:00
297159,2011-04-26T01:00:00+00:00,34.9309,-91.7342,63.0,,298.302490234375,286.1991271972656,99541.125,41.63905715942383,11.048665731412617,25.373744668751026,1,0,EF1,CST-6,25-APR-11 19:15:00
302596,2011-05-23T02:00:00+00:00,48.73,-101.7103,2.25,,289.435546875,286.26934814453125,94028.8125,23.086091995239258,5.794842117199354,1.370321852048529,0,0,EF0,CST-6,22-MAY-11 19:41:00
311375,2011-05-26T01:00:00+00:00,38.9618,-87.7422,83.375,98.89067077636719,292.2470703125,290.0226745605469,98552.875,39.648582458496094,14.22830132948238,21.889567044488615,2,1,EF2,CST-6,25-MAY-11 18:57:00
307315,2011-04-27T21:00:00+00:00,33.5338,-87.6666,1194.75,13.375171661376953,294.36328125,293.85028076171875,98580.5625,43.39741516113281,19.71898187701702,26.206041676402545,2,1,EF2,CST-6,27-APR-11 15:18:00
308491,2011-04-15T20:00:00+00:00,33.0105,-87.7266,1154.5,8.281413078308105,292.98193359375,291.38787841796875,99681.0625,39.38780212402344,19.839405509838265,22.652182030809005,3,1,EF3,CST-6,15-APR-11 14:16:00
315301,2011-04-28T01:00:00+00:00,32.3077,-88.0159,2784.875,4.209723472595215,295.28857421875,294.1201171875,99856.0625,40.8810920715332,18.63587429180817,22.77561062698165,2,1,EF2,CST-6,27-APR-11 18:47:00
310539,2011-04-16T02:00:00+00:00,32.5095,-86.668,593.625,58.00007629394531,295.047607421875,289.02734375,99333.75,36.40628433227539,17.400189446420786,23.05171287576696,1,0,EF1,CST-6,15-APR-11 19:48:00
292612,2011-05-13T20:00:00+00:00,29.35,-89.53,1586.25,55.64063262939453,296.629150390625,294.440673828125,101018.5625,38.91150665283203,3.585944217386043,8.77980752832818,0,0,EF0,CST-6,13-MAY-11 13:50:00
316204,2011-06-24T05:00:00+00:00,36.02,-84.1626,1232.875,230.62513732910156,295.9814453125,292.227294921875,96393.375,36.444637298583984,11.161354849268118,14.50534178804904,1,0,EF1,EST-5,24-JUN-11 00:00:00
316205,2011-06-24T05:00:00+00:00,35.97,-83.95,1366.875,251.32826232910156,296.7900390625,292.584716796875,97055.375,36.751277923583984,12.89574207062631,12.150677603036664,0,0,EF0,EST-5,24-JUN-11 00:20:00
310375,2011-05-25T02:00:00+00:00,35.7631,-95.7423,1150.5,136.54702758789062,299.876953125,294.06298828125,97664.3125,38.68057632446289,15.020126270613845,20.231542921359292,2,1,EF2,CST-6,24-MAY-11 19:42:00
312672,2011-07-14T23:00:00+00:00,41.7,-103.49,555.75,293.71881103515625,303.56298828125,289.963134765625,86487.4375,30.95209503173828,0.18822362642097876,2.8100623721661915,0,0,EF0,MST-7,14-JUL-11 16:10:00
317959,2011-05-26T03:00:00+00:00,39.6909,-85.7041,25.875,70.73440551757812,291.24462890625,289.974609375,97325.25,38.858829498291016,11.992012979795298,23.052058096120874,0,0,EF0,EST-5,25-MAY-11 22:15:00
317931,2011-05-31T02:00:00+00:00,46.85,-96.74,1790.5,130.45315551757812,296.2236328125,294.28765869140625,96355.8125,38.115535736083984,13.70026189342822,13.625419481506343,1,0,EF1,CST-6,30-MAY-11 20:01:00
317933,2011-05-31T02:00:00+00:00,47.66,-96.81,1920.0,56.093772888183594,294.7177734375,292.94976806640625,96466.8125,42.141902923583984,14.125910308305869,18.387045446379982,1,0,EF1,CST-6,30-MAY-11 20:26:00
310052,2011-05-23T00:00:00+00:00,36.0714,-95.0628,3593.0,375.54693603515625,299.421630859375,294.021484375,97180.625,35.800167083740234,10.386846294358547,20.28038549351042,1,0,EF1,CST-6,22-MAY-11 18:27:00
310367,2011-05-25T15:00:00+00:00,40.9829,-86.8936,655.5,9.796897888183594,292.156494140625,290.02618408203125,98126.25,42.941322326660156,13.956558231562223,17.940015444057032,0,0,EF0,CST-6,25-MAY-11 08:45:00
298648,2011-04-20T01:00:00+00:00,39.8245,-87.6562,958.25,77.26570892333984,290.81787109375,289.3529052734375,97671.5625,40.70005416870117,17.324127683444402,27.806624091699682,1,0,EF1,CST-6,19-APR-11 18:59:00
298654,2011-04-20T01:00:00+00:00,40.3661,-87.5862,1056.375,103.29695892333984,290.30322265625,289.1654052734375,97408.5625,41.04771041870117,15.678085095958439,23.743845557920444,1,0,EF1,CST-6,19-APR-11 19:11:00
305512,2011-04-11T01:00:00+00:00,43.9198,-88.913,1059.9375,212.34326171875,296.857666015625,289.22314453125,96274.75,26.331575393676758,15.81537478350403,24.27369127161417,0,0,EF0,CST-6,10-APR-11 19:27:00
308484,2011-05-25T05:00:00+00:00,35.399,-93.8079,448.0,414.1250915527344,296.651611328125,290.984130859375,97670.0,42.58555603027344,15.633203131291229,23.420634117893897,2,1,EF2,CST-6,24-MAY-11 23:06:00
308105,2011-05-22T23:00:00+00:00,44.1161,-90.3124,578.5,90.51564025878906,292.7001953125,289.033203125,96225.0,33.36457443237305,15.336158208900585,16.50454103758137,2,1,EF2,CST-6,22-MAY-11 16:38:00
302738,2011-04-27T12:00:00+00:00,34.6372,-85.7691,53.125,,292.1982421875,289.390625,96586.625,34.12212371826172,15.449561108769071,21.902995607656667,1,0,EF1,CST-6,27-APR-11 06:10:00
310541,2011-04-16T02:00:00+00:00,32.6144,-86.5121,448.8125,108.90632629394531,295.998779296875,287.447265625,99333.75,35.61233901977539,17.00653476217198,22.561489486037356,0,0,EF0,CST-6,15-APR-11 20:06:00
307342,2011-04-27T21:00:00+00:00,33.605,-87.5102,1166.5,13.578296661376953,294.2216796875,293.66473388671875,98494.5625,42.96382141113281,20.166800907578548,26.03248061142422,3,1,EF3,CST-6,27-APR-11 15:29:00
309985,2011-04-27T21:00:00+00:00,32.9149,-88.3495,2067.375,34.57829666137695,296.5859375,295.06512451171875,99257.5625,44.64253234863281,21.189609604096756,25.384790228066386,2,1,EF2,CST-6,27-APR-11 14:57:00
315305,2011-04-28T01:00:00+00:00,32.3216,-87.9459,2784.875,4.209723472595215,295.28857421875,294.1201171875,99856.0625,40.8810920715332,18.63587429180817,22.77561062698165,2,1,EF2,CST-6,27-APR-11 18:54:00
315311,2011-04-28T02:00:00+00:00,32.4714,-87.5242,2642.3125,2.3049399852752686,295.62646484375,294.35845947265625,99887.75,42.670345306396484,17.926660950799928,21.531251484956666,2,1,EF2,CST-6,27-APR-11 19:31:00
315331,2011-04-28T01:00:00+00:00,32.6174,-86.193,2726.25,0.772223711013794,296.49169921875,294.6259765625,98966.0625,37.7287483215332,17.362576651403977,23.0383988555458,3,1,EF3,CST-6,27-APR-11 19:12:00
310540,2011-04-16T02:00:00+00:00,32.5639,-86.6064,593.625,58.00007629394531,295.047607421875,289.02734375,99333.75,36.40628433227539,17.400189446420786,23.05171287576696,1,0,EF1,CST-6,15-APR-11 19:56:00
310396,2011-05-25T02:00:00+00:00,35.942,-95.3754,988.75,142.89077758789062,299.734375,293.90869140625,97726.3125,35.80655288696289,15.140949042833782,20.993246663719358,2,1,EF2,CST-6,24-MAY-11 20:13:00
317925,2011-05-31T02:00:00+00:00,46.71,-96.87,1599.0,107.4531478881836,296.7255859375,294.20953369140625,96321.8125,37.059871673583984,12.527682116765389,12.950590216291697,1,0,EF1,CST-6,30-MAY-11 19:52:00
306842,2011-04-28T04:00:00+00:00,33.2058,-84.4794,2190.4375,40.43278884887695,294.4052734375,293.2293701171875,98001.625,43.7572021484375,17.18112753299678,24.59480805995377,3,1,EF3,EST-5,27-APR-11 23:08:00
307300,2011-05-25T00:00:00+00:00,33.8632,-97.6434,1465.25,402.7814025878906,297.54052734375,295.447021484375,96558.1875,36.934715270996094,19.273393359991747,27.229897504506724,0,0,EF0,CST-6,24-MAY-11 17:40:00
309601,2011-05-20T13:00:00+00:00,36.0349,-94.1081,1732.625,99.69883728027344,293.762939453125,289.45751953125,96357.75,44.696311950683594,12.472197986440715,14.863071265787312,0,0,EF0,CST-6,20-MAY-11 07:20:00
293722,2011-05-26T05:00:00+00:00,30.3,-95.09,3588.75,221.64073181152344,299.510986328125,295.0205078125,100223.6875,37.07902526855469,6.748120842425868,12.73320778904584,0,0,EF0,CST-6,25-MAY-11 22:49:00
315700,2011-05-30T23:00:00+00:00,43.11,-98.15,1538.625,29.468814849853516,292.870361328125,290.8271484375,94732.25,41.258216857910156,10.428660865236472,22.160947107115863,0,0,EF0,CST-6,30-MAY-11 17:26:00
311699,2011-04-16T02:00:00+00:00,32.3526,-86.8712,653.75,32.32820129394531,293.878662109375,290.83984375,99896.75,37.20120620727539,18.04293869476982,23.103975828575372,1,0,EF1,CST-6,15-APR-11 20:25:00
310060,2011-04-15T21:00:00+00:00,32.4359,-88.3288,1799.75,2.0000245571136475,293.559814453125,293.01263427734375,99526.375,33.40056610107422,19.247717914353487,22.323632391162082,2,1,EF2,CST-6,15-APR-11 14:53:00
313784,2011-05-22T23:00:00+00:00,44.2491,-89.9702,542.0,176.23439025878906,292.314453125,288.6533203125,96246.0,32.38996505737305,15.764927641763501,16.51890570607989,1,0,EF1,CST-6,22-MAY-11 17:03:00
313786,2011-05-22T23:00:00+00:00,44.2948,-89.7247,366.875,185.64064025878906,292.306640625,288.7890625,95896.0,31.428050994873047,14.454045798363387,16.07850889789465,1,0,EF1,CST-6,22-MAY-11 17:20:00
315335,2011-04-28T02:00:00+00:00,32.8843,-85.5936,2787.25,0.5705650448799133,296.16650390625,294.45318603515625,98032.75,40.359798431396484,17.846913030056406,23.292515020199904,3,1,EF3,CST-6,27-APR-11 20:01:00
312192,2011-05-12T00:00:00+00:00,43.03,-96.48,57.25,44.95328903198242,291.427490234375,288.69793701171875,96027.125,31.315746307373047,1.7233736801294284,8.732819444171719,0,0,EF0,CST-6,11-MAY-11 17:53:00
312979,2011-05-25T05:00:00+00:00,35.44,-94.4595,503.75,175.73446655273438,296.552001953125,291.118896484375,98147.0,40.88145446777344,16.719311406490693,26.328655178084198,1,0,EF1,CST-6,24-MAY-11 22:37:00
316733,2011-05-23T01:00:00+00:00,43.6582,-89.1851,844.375,0.8342440724372864,291.235595703125,288.85247802734375,96740.5,35.60837173461914,11.125645805244973,22.50054730204028,0,0,EF0,CST-6,22-MAY-11 18:33:00
340390,2011-05-26T02:00:00+00:00,38.6884,-86.3351,474.75,30.84403419494629,294.143310546875,292.29241943359375,97981.75,42.372093200683594,13.043110913441666,26.178246280305885,1,0,EF1,EST-5,25-MAY-11 21:29:00
282218,2011-03-29T22:00:00+00:00,30.0217,-90.4943,1845.875,9.140707015991211,296.062255859375,294.20208740234375,101086.0,39.018165588378906,2.9311624650245003,8.385749544522671,0,0,EF0,CST-6,29-MAR-11 16:17:00
302749,2011-04-27T12:00:00+00:00,34.6452,-85.7692,53.125,,292.1982421875,289.390625,96586.625,34.12212371826172,15.449561108769071,21.902995607656667,2,1,EF2,CST-6,27-APR-11 06:12:00
311702,2011-04-16T02:00:00+00:00,32.3882,-86.8329,653.75,32.32820129394531,293.878662109375,290.83984375,99896.75,37.20120620727539,18.04293869476982,23.103975828575372,2,1,EF2,CST-6,15-APR-11 20:29:00
293771,2011-05-25T22:00:00+00:00,40.7743,-91.2255,455.875,12.515728950500488,292.0849609375,289.70361328125,97529.3125,31.775049209594727,5.160642826132288,12.225726805659129,1,0,EF1,CST-6,25-MAY-11 15:45:00
293774,2011-05-25T22:00:00+00:00,40.9058,-91.1814,455.875,12.515728950500488,292.0849609375,289.70361328125,97529.3125,31.775049209594727,5.160642826132288,12.225726805659129,1,0,EF1,CST-6,25-MAY-11 16:00:00
309183,2011-04-27T22:00:00+00:00,33.9547,-86.7894,2962.75,10.515690803527832,294.854248046875,294.2074279785156,97605.8125,41.68651580810547,21.53494235968693,24.566185518820653,3,1,EF3,CST-6,27-APR-11 16:23:00
310000,2011-04-27T21:00:00+00:00,32.9947,-88.2403,1778.625,40.26579666137695,297.296875,294.84930419921875,99528.5625,44.60639953613281,20.090971504395696,24.02439071042898,3,1,EF3,CST-6,27-APR-11 15:05:00
310075,2011-04-15T21:00:00+00:00,32.904,-87.3625,1167.375,27.750024795532227,294.578369140625,291.62298583984375,99650.375,36.63787078857422,19.43573132713353,20.093689970637005,1,0,EF1,CST-6,15-APR-11 15:00:00
308972,2011-05-26T23:00:00+00:00,41.8922,-76.527,1616.75,104.60941314697266,296.86181640625,291.969482421875,96375.0625,36.221065521240234,9.440854739906621,19.131760438040505,1,0,EF1,EST-5,26-MAY-11 18:00:00
312196,2011-05-12T00:00:00+00:00,43.31,-95.79,49.5,21.35953712463379,293.585693359375,287.50067138671875,95596.125,28.260082244873047,1.6186071278960248,6.212027986804195,0,0,EF0,CST-6,11-MAY-11 18:07:00
318061,2011-05-25T23:00:00+00:00,35.0118,-90.4947,2008.625,83.26565551757812,304.029296875,292.4931640625,99362.8125,41.63324737548828,14.71789359315427,28.396270557583268,0,0,EF0,CST-6,25-MAY-11 17:18:00
316281,2011-05-24T20:00:00+00:00,38.086,-102.5262,459.0,249.89076232910156,288.81787109375,282.183837890625,87329.75,17.492076873779297,0.1486416044181496,11.103090119618958,0,0,EF0,MST-7,24-MAY-11 13:10:00
316245,2011-05-19T00:00:00+00:00,38.42,-103.25,13.375,234.3439178466797,289.63916015625,279.564208984375,85285.3125,16.821474075317383,0.1384177073174481,14.88335440877028,0,0,EF0,MST-7,18-MAY-11 16:55:00
294080,2011-05-22T19:00:00+00:00,44.9597,-93.3472,1527.125,60.4846076965332,292.999755859375,288.0634765625,96308.625,30.305416107177734,8.383850115965853,18.087927373594756,1,0,EF1,CST-6,22-MAY-11 13:13:00
282217,2011-03-29T22:00:00+00:00,30.0418,-90.5399,1845.875,9.140707015991211,296.062255859375,294.20208740234375,101086.0,39.018165588378906,2.9311624650245003,8.385749544522671,0,0,EF0,CST-6,29-MAR-11 16:15:00
301029,2011-04-16T18:00:00+00:00,37.901,-79.202,563.875,29.312524795532227,288.250732421875,286.56488037109375,94337.1875,27.895750045776367,14.369696153276392,31.897817918260596,0,0,EF0,EST-5,16-APR-11 13:03:00
304813,2011-05-22T23:00:00+00:00,41.9739,-89.5696,3076.375,102.60939025878906,297.3388671875,292.1953125,97253.0,36.95051193237305,14.990042461173468,24.615915111712425,1,0,EF1,CST-6,22-MAY-11 17:28:00
292559,2011-05-18T22:00:00+00:00,40.5516,-76.9328,165.5,0.15090343356132507,290.35546875,289.7275390625,98429.0625,30.270259857177734,8.283811615553313,12.88480945795661,1,0,EF1,EST-5,18-MAY-11 17:05:00
315825,2011-06-19T01:00:00+00:00,38.85,-100.63,2110.375,253.9532012939453,300.3046875,289.43310546875,91122.125,37.879295349121094,1.6581528820586815,5.924965972257333,0,0,EF0,CST-6,18-JUN-11 18:40:00
315838,2011-05-31T01:00:00+00:00,44.05,-97.29,1347.25,155.6875457763672,295.1630859375,292.97625732421875,94189.0625,41.645179748535156,10.742260605630454,22.803036868684273,0,0,EF0,CST-6,30-MAY-11 19:12:00
315840,2011-05-31T01:00:00+00:00,44.11,-97.21,1347.25,155.6875457763672,295.1630859375,292.97625732421875,94189.0625,41.645179748535156,10.742260605630454,22.803036868684273,0,0,EF0,CST-6,30-MAY-11 19:22:00
315358,2011-04-28T02:00:00+00:00,33.0158,-85.2938,2705.6875,2.4611899852752686,296.59716796875,294.49322509765625,97836.75,39.271907806396484,18.175388794987963,25.303859332160634,1,0,EF1,CST-6,27-APR-11 20:29:00
311708,2011-04-16T02:00:00+00:00,32.7216,-86.3133,257.0,156.0938262939453,296.394287109375,285.849609375,99292.75,34.76370620727539,17.01718101331893,22.395376716243184,0,0,EF0,CST-6,15-APR-11 20:27:00
314625,2011-04-27T22:00:00+00:00,33.0297,-87.935,4116.25,11.890690803527832,295.989990234375,295.4505920410156,99235.8125,45.70311737060547,23.131697603662,24.45538760461939,2,1,EF2,CST-6,27-APR-11 15:43:00
310078,2011-04-15T22:00:00+00:00,32.6426,-87.8456,1160.125,0.23437896370887756,293.963623046875,292.5118408203125,99997.0625,37.87834167480469,14.886833319849588,23.051805493231747,1,0,EF1,CST-6,15-APR-11 15:44:00
315334,2011-04-28T02:00:00+00:00,32.7545,-85.8826,2716.5625,0.8986900448799133,296.07568359375,294.38775634765625,98191.75,41.575618743896484,18.10434019910348,23.55821522248739,4,1,EF4,CST-6,27-APR-11 19:36:00
315341,2011-04-28T01:00:00+00:00,33.3507,-86.4013,2819.75,16.66284942626953,294.56396484375,293.2431640625,98222.0625,41.4426155090332,19.81444549780746,28.76762798494037,1,0,EF1,CST-6,27-APR-11 19:15:00
315343,2011-04-28T01:00:00+00:00,33.3818,-86.3703,2819.75,16.66284942626953,294.56396484375,293.2431640625,98222.0625,41.4426155090332,19.81444549780746,28.76762798494037,1,0,EF1,CST-6,27-APR-11 19:18:00
315353,2011-04-28T02:00:00+00:00,32.5519,-87.3142,2498.375,14.695565223693848,295.57373046875,294.15338134765625,99526.75,42.862728118896484,18.44060795051922,22.104237588601396,1,0,EF1,CST-6,27-APR-11 19:50:00
283449,2011-04-10T03:00:00+00:00,42.5943,-94.9151,1491.6875,116.00003051757812,290.8779296875,288.654541015625,95400.0625,26.09416961669922,14.201803800000983,21.315757849533046,3,1,EF3,CST-6,09-APR-11 20:31:00
316144,2011-06-22T23:00:00+00:00,35.77,-84.47,501.0625,72.89067077636719,296.271240234375,293.72564697265625,97452.875,52.30265808105469,11.511706146687857,15.260352053904912,0,0,EF0,EST-5,22-JUN-11 17:40:00
302183,2011-04-27T11:00:00+00:00,34.2548,-86.4307,41.0,110.44229125976562,292.465576171875,290.95703125,97541.9375,36.44342041015625,16.483585772179282,23.24185610760175,1,0,EF1,CST-6,27-APR-11 05:24:00
307318,2011-05-22T20:00:00+00:00,41.5776,-92.0999,1476.625,81.15626525878906,295.241455078125,292.2568359375,97156.125,30.310150146484375,11.284245180605074,13.785533034139318,0,0,EF0,CST-6,22-MAY-11 13:54:00
310349,2011-05-25T00:00:00+00:00,36.4103,-96.5812,1845.125,66.60954284667969,297.20068359375,292.893310546875,96614.1875,44.312644958496094,12.348537260034787,27.078474397842633,1,0,EF1,CST-6,24-MAY-11 17:44:00
307239,2011-05-23T00:00:00+00:00,42.2026,-89.3215,2803.25,34.453189849853516,295.125732421875,291.4033203125,97182.625,38.062862396240234,13.576254846941733,28.771107286073082,1,0,EF1,CST-6,22-MAY-11 17:37:00
312464,2011-05-26T00:00:00+00:00,41.1047,-81.5525,737.375,201.28126525878906,295.572265625,290.060302734375,96877.8125,38.760009765625,10.088234076160346,16.600637705116192,0,0,EF0,EST-5,25-MAY-11 18:30:00
315357,2011-05-26T21:00:00+00:00,41.7483,-80.5964,1092.375,96.01595306396484,297.424560546875,290.828369140625,97220.125,30.226200103759766,9.502523185563849,19.668962464881037,0,0,EF0,EST-5,26-MAY-11 15:35:00
309930,2011-05-25T01:00:00+00:00,33.5088,-97.2695,1335.375,153.2189483642578,299.08447265625,296.3260498046875,96958.0625,37.56987380981445,18.28180798535365,32.429208780635896,0,0,EF0,CST-6,24-MAY-11 18:34:00
315364,2011-04-28T03:00:00+00:00,32.7759,-86.5429,1509.125,13.296961784362793,293.828125,292.7483825683594,98804.8125,43.01946258544922,18.213698908360122,24.276407771658434,0,0,EF0,CST-6,27-APR-11 20:48:00
309138,2011-04-27T22:00:00+00:00,33.8975,-86.9274,3254.75,3.546941041946411,294.920654296875,294.4300842285156,97986.8125,42.49999237060547,21.992186781716896,24.579203382188055,2,1,EF2,CST-6,27-APR-11 16:11:00
309158,2011-04-27T22:00:00+00:00,33.9305,-86.8592,3254.75,3.546941041946411,294.920654296875,294.4300842285156,97986.8125,42.49999237060547,21.992186781716896,24.579203382188055,1,0,EF1,CST-6,27-APR-11 16:16:00
311716,2011-04-16T02:00:00+00:00,32.3824,-86.8297,653.75,32.32820129394531,293.878662109375,290.83984375,99896.75,37.20120620727539,18.04293869476982,23.103975828575372,1,0,EF1,CST-6,15-APR-11 20:29:00
310080,2011-04-15T22:00:00+00:00,32.6627,-87.7933,1191.75,2.2656290531158447,294.229248046875,292.5059814453125,99870.0625,37.35588073730469,15.648150039331592,21.359076724801323,2,1,EF2,CST-6,15-APR-11 15:50:00
314506,2011-06-19T09:00:00+00:00,37.9723,-89.2521,1353.25,34.68756103515625,295.62646484375,294.5592041015625,99290.5,53.49788284301758,6.47694012551517,26.491545458303825,1,0,EF1,CST-6,19-JUN-11 02:48:00
315354,2011-04-28T02:00:00+00:00,32.9719,-85.3688,2909.0,0.9611900448799133,296.55126953125,294.66802978515625,98082.75,39.581478118896484,17.93979846912135,23.320285876086377,1,0,EF1,CST-6,27-APR-11 20:19:00
307316,2011-05-22T20:00:00+00:00,41.7916,-92.206,1355.375,94.12501525878906,295.726806640625,292.41796875,96945.125,29.921478271484375,10.035270801272091,14.204395903246313,2,1,EF2,CST-6,22-MAY-11 13:40:00
307298,2011-05-24T23:00:00+00:00,33.6795,-97.5054,1707.375,86.92192840576172,300.12060546875,294.603515625,96835.8125,45.535640716552734,13.559252881943278,18.29505372196045,0,0,EF0,CST-6,24-MAY-11 16:46:00
295869,2011-05-10T01:00:00+00:00,42.68,-103.6731,281.875,305.2500915527344,292.263427734375,281.5928039550781,84880.1875,19.46587371826172,0.12829776381963556,6.816730682354483,0,0,EF0,MST-7,09-MAY-11 18:10:00
316249,2011-05-02T23:00:00+00:00,38.19,-104.57,4.75,,284.240478515625,266.39691162109375,85157.1875,5.533370018005371,0.0964212878097757,2.190191472418129,0,0,EF0,MST-7,02-MAY-11 15:43:00
289650,2011-04-25T22:00:00+00:00,34.3402,-93.436,20.625,31.015857696533203,291.45849609375,291.158935546875,97622.75,39.257930755615234,13.566008625628536,23.368702678913895,1,0,EF1,CST-6,25-APR-11 15:43:00
305420,2011-05-23T00:00:00+00:00,42.4584,-89.0128,2768.125,11.296939849853516,292.732177734375,290.013671875,97139.625,38.478878021240234,13.360941250202782,25.618391256158727,1,0,EF1,CST-6,22-MAY-11 17:59:00
305416,2011-05-23T00:00:00+00:00,42.372,-89.1681,2451.875,10.343814849853516,293.100341796875,290.3173828125,97154.625,38.726924896240234,12.397164930501853,27.965771153355632,1,0,EF1,CST-6,22-MAY-11 17:55:00
306353,2011-05-12T22:00:00+00:00,40.7882,-98.0607,597.75,70.37506103515625,294.767333984375,283.6617431640625,94476.5625,19.591758728027344,1.2850521002553648,6.274953482684136,0,0,EF0,CST-6,12-MAY-11 15:46:00
306354,2011-05-12T23:00:00+00:00,41.1238,-97.6459,748.5,41.80420684814453,294.27880859375,285.1044006347656,94825.5625,23.12859344482422,3.0485577865153672,10.290303066728844,0,0,EF0,CST-6,12-MAY-11 16:33:00
306355,2011-05-12T23:00:00+00:00,41.1256,-97.6929,748.5,41.80420684814453,294.27880859375,285.1044006347656,94825.5625,23.12859344482422,3.0485577865153672,10.290303066728844,0,0,EF0,CST-6,12-MAY-11 16:36:00
309935,2011-04-27T09:00:00+00:00,32.9921,-88.3403,540.25,298.1407165527344,294.345947265625,291.63055419921875,99373.875,39.56294631958008,18.107496748789316,31.00724516248121,1,0,EF1,CST-6,27-APR-11 03:16:00
311721,2011-04-16T05:00:00+00:00,32.8692,-85.8926,732.6875,15.153013229370117,292.042724609375,289.7965393066406,98384.5625,33.954891204833984,18.44540230183783,21.374002388293142,1,0,EF1,CST-6,15-APR-11 22:43:00
314709,2011-04-27T22:00:00+00:00,34.0289,-87.9421,2536.375,15.296940803527832,293.687255859375,293.6703186035156,97806.8125,40.67186737060547,22.812910136262204,24.154667833762616,3,1,EF3,CST-6,27-APR-11 16:10:00
314742,2011-04-27T23:00:00+00:00,32.7434,-87.8043,3624.75,1.7657411098480225,296.367919921875,295.5257568359375,99644.0,44.88136291503906,21.302212211018762,24.341452392468362,3,1,EF3,CST-6,27-APR-11 16:43:00
310297,2011-05-23T02:00:00+00:00,36.1975,-94.5859,3649.625,349.40850830078125,297.2255859375,293.37286376953125,96930.8125,34.301910400390625,15.425062432898981,14.285109613937706,1,0,EF1,CST-6,22-MAY-11 19:44:00
305374,2011-04-27T11:00:00+00:00,35.4,-86.2739,53.875,49.37979507446289,291.332763671875,290.0166015625,96696.9375,37.81060791015625,18.053966465999224,25.85392198415508,2,1,EF2,CST-6,27-APR-11 05:13:00
289652,2011-04-25T22:00:00+00:00,34.3723,-93.4079,20.625,31.015857696533203,291.45849609375,291.158935546875,97622.75,39.257930755615234,13.566008625628536,23.368702678913895,1,0,EF1,CST-6,25-APR-11 15:47:00
289653,2011-04-25T22:00:00+00:00,34.397,-93.393,20.625,31.015857696533203,291.45849609375,291.158935546875,97622.75,39.257930755615234,13.566008625628536,23.368702678913895,1,0,EF1,CST-6,25-APR-11 15:49:00
301028,2011-04-16T19:00:00+00:00,36.5419,-78.8707,1069.25,5.484483242034912,294.366455078125,290.84490966796875,98410.8125,33.336490631103516,20.616899437306316,29.036791979260375,2,1,EF2,EST-5,16-APR-11 13:50:00
305391,2011-05-22T22:00:00+00:00,40.9607,-87.1563,2457.5,209.1285400390625,300.447509765625,292.06982421875,98284.75,31.080745697021484,11.441322941427373,10.303523972867534,1,0,EF1,CST-6,22-MAY-11 15:37:00
306767,2011-05-25T14:00:00+00:00,40.911,-87.3088,974.0,76.26567077636719,290.914794921875,289.296142578125,98136.25,40.771087646484375,12.782819186673908,18.571204795220417,2,1,EF2,CST-6,25-MAY-11 08:19:00
300781,2011-05-13T19:00:00+00:00,41.8283,-88.7761,478.125,20.2500057220459,294.138427734375,288.818115234375,97703.625,34.6494255065918,1.3394021051895477,8.810612168841294,0,0,EF0,CST-6,13-MAY-11 12:30:00
309161,2011-04-27T22:00:00+00:00,33.9471,-86.8206,2962.75,10.515690803527832,294.854248046875,294.2074279785156,97605.8125,41.68651580810547,21.53494235968693,24.566185518820653,1,0,EF1,CST-6,27-APR-11 16:20:00
311504,2011-04-27T10:00:00+00:00,33.2448,-87.8817,0.625,440.70318603515625,293.630615234375,290.997314453125,99650.6875,38.17988586425781,15.373940042752572,26.805330197760593,1,0,EF1,CST-6,27-APR-11 03:41:00
311756,2011-04-16T04:00:00+00:00,32.6937,-86.2032,658.1875,43.125030517578125,293.942626953125,288.86376953125,99294.375,35.96973419189453,17.879569871182508,21.255526036198496,2,1,EF2,CST-6,15-APR-11 22:17:00
310520,2011-04-15T22:00:00+00:00,33.238,-86.8363,1009.25,50.281253814697266,294.457763671875,290.8282470703125,98686.0625,35.74748229980469,14.554595995541764,23.458359194422133,0,0,EF0,CST-6,15-APR-11 15:59:00
302136,2011-04-27T23:00:00+00:00,34.2275,-86.427,2999.75,24.7344913482666,294.079833984375,293.7894287109375,97309.0,41.96730041503906,20.23862265900937,26.20592671494504,2,1,EF2,CST-6,27-APR-11 16:50:00
316263,2011-05-19T22:00:00+00:00,38.7135,-104.6525,514.375,29.328161239624023,285.02490234375,278.46923828125,80648.125,12.396475791931152,0.0711732211689771,9.501573406813954,0,0,EF0,MST-7,19-MAY-11 15:23:00
313410,2011-05-30T21:00:00+00:00,39.93,-104.19,544.375,115.79708862304688,293.51123046875,275.0418701171875,83346.3125,17.572837829589844,0.1147195883394581,5.410393155088381,0,0,EF0,MST-7,30-MAY-11 14:04:00
292610,2011-05-13T18:00:00+00:00,29.2061,-90.0433,2173.75,3.856128215789795,297.801513671875,294.7392578125,101134.4375,38.80403137207031,3.3203249999082596,7.2555132883788875,0,0,EF0,CST-6,13-MAY-11 11:46:00
294123,2011-05-22T20:00:00+00:00,45.2374,-92.9426,1129.625,21.750017166137695,291.130126953125,289.0205078125,96306.125,31.207611083984375,10.155285254096936,17.50780653429836,0,0,EF0,CST-6,22-MAY-11 14:16:00
295103,2011-05-29T21:00:00+00:00,42.7759,-84.2676,921.875,65.18760681152344,294.097412109375,292.133544921875,98456.25,44.258995056152344,8.379702244059626,33.3824010324928,1,0,EF1,EST-5,29-MAY-11 16:28:00
288896,2011-04-23T01:00:00+00:00,34.87,-97.0324,3054.8125,81.8853988647461,297.63720703125,293.5674743652344,96737.9375,35.49531173706055,11.41165284647268,16.8288756142677,1,0,EF1,CST-6,22-APR-11 18:59:00
303871,2011-04-28T01:00:00+00:00,36.7825,-79.0945,610.8125,47.97534942626953,296.75244140625,293.1220703125,98702.0625,35.4172248840332,17.228067632172397,19.650020293551545,2,1,EF2,EST-5,27-APR-11 19:38:00
306770,2011-05-25T14:00:00+00:00,40.9409,-87.2104,974.0,76.26567077636719,290.914794921875,289.296142578125,98136.25,40.771087646484375,12.782819186673908,18.571204795220417,1,0,EF1,CST-6,25-MAY-11 08:24:00
315286,2011-05-11T20:00:00+00:00,33.5605,-97.021,1007.625,25.921905517578125,295.54833984375,292.6365966796875,98253.5,46.489715576171875,9.535172919133574,12.303020342497577,0,0,EF0,CST-6,11-MAY-11 13:30:00
302768,2011-04-27T16:00:00+00:00,34.6452,-87.079,11.5,82.76569366455078,294.203125,292.439208984375,97925.0625,32.737274169921875,19.779101338641677,29.1940703499918,1,0,EF1,CST-6,27-APR-11 10:20:00
313498,2011-05-27T00:00:00+00:00,40.3276,-84.62,10.25,,290.52734375,287.69482421875,97271.25,30.357494354248047,2.924146474038235,6.928657669896028,0,0,EF0,EST-5,26-MAY-11 18:38:00
313512,2011-05-27T00:00:00+00:00,40.107,-84.493,18.125,,290.7265625,287.78173828125,97203.25,29.868236541748047,5.269810134920579,7.7480379897851295,0,0,EF0,EST-5,26-MAY-11 19:05:00
311310,2011-04-27T09:00:00+00:00,33.3007,-88.1496,621.625,174.1407012939453,294.173095703125,291.19598388671875,99324.875,42.24263381958008,18.686341393884494,32.32661562696636,2,1,EF2,CST-6,27-APR-11 03:27:00
311506,2011-04-27T10:00:00+00:00,33.2794,-87.8385,1.6875,353.51568603515625,293.113037109375,290.851806640625,99313.6875,38.27851867675781,15.250164424486409,26.555781957041987,3,1,EF3,CST-6,27-APR-11 03:44:00
311604,2011-04-27T11:00:00+00:00,33.2824,-87.0875,4.0625,448.9579162597656,293.496826171875,291.0234375,98940.9375,36.68463134765625,15.31153287343969,22.89520602653643,0,0,EF0,CST-6,27-APR-11 04:32:00
311758,2011-04-16T05:00:00+00:00,32.8231,-86.0075,732.6875,15.153013229370117,292.042724609375,289.7965393066406,98384.5625,33.954891204833984,18.44540230183783,21.374002388293142,1,0,EF1,CST-6,15-APR-11 22:34:00
314725,2011-04-27T23:00:00+00:00,32.6152,-88.0543,3780.875,5.843865871429443,295.906005859375,295.2630615234375,99751.0,44.34425354003906,21.183699932483396,24.270638403858513,2,1,EF2,CST-6,27-APR-11 16:30:00
314799,2011-04-27T23:00:00+00:00,32.9132,-87.4205,3380.75,0.8751161098480225,295.857177734375,295.2884521484375,99276.0,45.26026916503906,21.80432113694489,26.502195476134183,3,1,EF3,CST-6,27-APR-11 17:20:00
314829,2011-04-27T23:00:00+00:00,33.6792,-86.5699,2599.25,8.000116348266602,296.216552734375,294.5355224609375,97935.0,42.80909729003906,20.31424434542799,26.116946611944005,1,0,EF1,CST-6,27-APR-11 17:28:00
310526,2011-04-15T23:00:00+00:00,33.2477,-86.5256,360.875,83.12512969970703,296.529296875,287.9183349609375,98462.625,34.650840759277344,14.463275158724771,23.33871323708608,1,0,EF1,CST-6,15-APR-11 16:44:00
299004,2011-05-27T22:00:00+00:00,47.01,-98.01,322.75,25.500003814697266,289.557861328125,282.655517578125,95395.1875,17.208459854125977,1.4378406174599803,9.137802086417933,0,0,EF0,CST-6,27-MAY-11 15:50:00
317919,2011-05-27T22:00:00+00:00,47.16,-97.88,322.75,25.500003814697266,289.557861328125,282.655517578125,95395.1875,17.208459854125977,1.4378406174599803,9.137802086417933,0,0,EF0,CST-6,27-MAY-11 16:17:00
302164,2011-04-27T12:00:00+00:00,34.4226,-86.2845,88.625,,291.916015625,290.1240234375,97533.625,35.76763153076172,15.973137491083174,19.664396010954356,0,0,EF0,CST-6,27-APR-11 05:43:00
289654,2011-04-25T22:00:00+00:00,34.2416,-93.7019,82.5,51.6721076965332,292.02001953125,291.713623046875,97983.75,38.964962005615234,14.493729073934883,18.304654565146787,1,0,EF1,CST-6,25-APR-11 16:00:00
289656,2011-04-25T23:00:00+00:00,33.9666,-93.5451,157.0,19.812515258789062,293.777099609375,292.4267578125,98918.9375,41.71770477294922,17.54687091820643,10.945750523053132,1,0,EF1,CST-6,25-APR-11 17:29:00
312983,2011-05-25T05:00:00+00:00,35.4493,-94.441,503.75,175.73446655273438,296.552001953125,291.118896484375,98147.0,40.88145446777344,16.719311406490693,26.328655178084198,1,0,EF1,CST-6,24-MAY-11 22:40:00
312994,2011-05-25T05:00:00+00:00,35.2781,-93.9515,550.25,412.7032165527344,297.066650390625,290.584716796875,97947.0,42.42149353027344,15.97628996756661,24.80543097985132,1,0,EF1,CST-6,24-MAY-11 22:53:00
306005,2011-05-25T13:00:00+00:00,39.857,-88.8445,672.125,23.031295776367188,291.27685546875,290.2330627441406,98075.8125,36.53602981567383,14.30844834614938,17.203851164471097,1,0,EF1,CST-6,25-MAY-11 06:35:00
295474,2011-05-26T22:00:00+00:00,39.8821,-77.6346,2802.125,245.5151824951172,300.444580078125,289.81982421875,97974.9375,39.394168853759766,8.695698168130232,17.09431774925742,1,0,EF1,EST-5,26-MAY-11 17:10:00
306899,2011-05-22T22:00:00+00:00,43.89,-90.9351,818.125,20.550413131713867,295.447509765625,290.52490234375,96279.75,31.654964447021484,15.650801537561122,17.821275079654633,1,0,EF1,CST-6,22-MAY-11 15:47:00
311763,2011-04-15T17:00:00+00:00,32.1007,-88.0499,1189.625,52.531280517578125,298.330810546875,290.9980773925781,100275.6875,37.043922424316406,15.42011117761348,20.404820244629597,1,0,EF1,CST-6,15-APR-11 11:10:00
310532,2011-04-15T23:00:00+00:00,32.4055,-87.5098,938.5,27.5470027923584,295.1337890625,291.4613037109375,99938.625,40.291465759277344,16.618703029296434,20.547162786660454,0,0,EF0,CST-6,15-APR-11 17:00:00
294251,2011-05-28T20:00:00+00:00,44.55,-94.28,212.0,399.9377746582031,295.02197265625,283.292724609375,96663.375,19.83817481994629,4.550685147989313,10.169452886516344,0,0,EF0,CST-6,28-MAY-11 13:38:00
289657,2011-04-25T21:00:00+00:00,34.7201,-93.1026,339.75,15.297022819519043,297.16015625,289.81591796875,97506.0,43.643043518066406,10.4390561012689,24.826191897845415,1,0,EF1,CST-6,25-APR-11 15:24:00
315284,2011-05-11T19:00:00+00:00,32.7477,-97.4764,1591.75,70.76577758789062,299.033447265625,290.756591796875,97919.4375,46.23980712890625,11.735509201535443,15.545997634710192,0,0,EF0,CST-6,11-MAY-11 12:55:00
315460,2011-05-22T23:00:00+00:00,33.3108,-98.0409,4057.375,293.6875,303.0478515625,294.9130859375,97023.0,45.11457443237305,8.339986908084141,11.758841780463841,0,0,EF0,CST-6,22-MAY-11 17:20:00
313004,2011-05-25T05:00:00+00:00,35.3182,-93.9044,550.25,412.7032165527344,297.066650390625,290.584716796875,97947.0,42.42149353027344,15.97628996756661,24.80543097985132,4,1,EF4,CST-6,24-MAY-11 22:57:00
306007,2011-05-25T13:00:00+00:00,39.8804,-88.7739,790.875,15.359419822692871,291.26611328125,290.2272033691406,98044.8125,38.39052200317383,14.653759264737689,18.422904095933472,1,0,EF1,CST-6,25-MAY-11 06:39:00
295480,2011-05-26T23:00:00+00:00,40.2545,-77.036,2811.875,,300.41650390625,289.942138671875,98823.0625,42.723018646240234,8.001612720099812,16.869349578966155,1,0,EF1,EST-5,26-MAY-11 18:10:00
312008,2011-05-21T21:00:00+00:00,31.48,-98.0576,603.75,220.9219207763672,306.47900390625,290.788330078125,97224.0,33.188968658447266,2.6428594382244386,12.215366781445173,0,0,EF0,CST-6,21-MAY-11 15:24:00
311603,2011-04-27T10:00:00+00:00,33.163,-87.3716,7.5,412.79693603515625,293.711669921875,291.285400390625,99323.6875,34.53144836425781,14.817917875701703,27.361523517351213,3,1,EF3,CST-6,27-APR-11 04:17:00
314602,2011-04-27T10:00:00+00:00,33.5979,-87.3278,8.5,189.37506103515625,293.003662109375,291.145751953125,98833.6875,36.56367492675781,15.607222507197568,25.821593218284328,3,1,EF3,CST-6,27-APR-11 04:18:00
314573,2011-04-27T11:00:00+00:00,33.378,-86.7509,0.9375,383.2860412597656,293.650146484375,291.4873046875,98622.9375,33.79693603515625,14.110693781713707,25.009808581687107,1,0,EF1,CST-6,27-APR-11 04:50:00
310533,2011-04-15T23:00:00+00:00,32.5666,-87.2943,686.75,55.12512969970703,295.7880859375,290.5394287109375,99542.625,38.089317321777344,15.741290937429694,19.92906410592547,2,1,EF2,CST-6,15-APR-11 17:25:00
312827,2011-05-18T00:00:00+00:00,39.6094,-103.2552,1.75,,291.82861328125,277.7021484375,83770.0,13.28746223449707,0.2989981685126635,5.665700968029366,0,0,EF0,MST-7,17-MAY-11 16:45:00
312834,2011-05-18T00:00:00+00:00,39.7388,-103.196,1.75,,291.82861328125,277.7021484375,83770.0,13.28746223449707,0.2989981685126635,5.665700968029366,0,0,EF0,MST-7,17-MAY-11 17:18:00
310389,2011-05-25T19:00:00+00:00,40.8801,-84.5976,1101.5,71.79692840576172,293.11279296875,291.17138671875,97824.4375,37.57286834716797,9.768697218982368,18.764645546172034,0,0,EF0,EST-5,25-MAY-11 14:26:00
307317,2011-05-25T01:00:00+00:00,33.0814,-97.4511,1689.25,278.87518310546875,300.14404296875,296.8065185546875,97079.0625,36.12163162231445,18.906866563218756,32.00463272056823,0,0,EF0,CST-6,24-MAY-11 18:38:00
307350,2011-05-25T01:00:00+00:00,32.9177,-97.6105,1850.625,,300.24853515625,296.3651123046875,96643.0625,34.56206130981445,18.46019934800077,31.111315448595846,0,0,EF0,CST-6,24-MAY-11 18:38:00
306432,2011-06-21T21:00:00+00:00,31.941,-94.355,2983.375,85.35940551757812,303.79736328125,296.508056640625,99648.875,47.0909423828125,3.240777517233449,2.9173730485824976,0,0,EF0,CST-6,21-JUN-11 14:55:00
303324,2011-04-16T20:00:00+00:00,36.8706,-78.382,677.25,13.463983535766602,294.64892578125,290.9875793457031,98528.75,33.56470489501953,19.991790106093156,28.8042449713827,1,0,EF1,EST-5,16-APR-11 14:30:00
305469,2011-04-16T23:00:00+00:00,37.2946,-76.5715,154.1875,7.312551021575928,291.193359375,288.3399658203125,100022.9375,36.340492248535156,18.57424308437561,27.422773394613255,3,1,EF3,EST-5,16-APR-11 18:00:00
306758,2011-05-25T14:00:00+00:00,41.0229,-87.6272,472.875,31.296918869018555,290.668701171875,289.126220703125,98212.25,41.075775146484375,13.094654660386198,20.06467303138143,1,0,EF1,CST-6,25-MAY-11 08:04:00
295518,2011-05-26T23:00:00+00:00,41.4523,-77.5125,1144.125,175.70315551757812,295.97314453125,293.038818359375,95498.0625,34.096065521240234,9.40533613050996,21.47604719797832,1,0,EF1,EST-5,26-MAY-11 18:25:00
295519,2011-05-26T23:00:00+00:00,41.4059,-77.4655,1144.125,175.70315551757812,295.97314453125,293.038818359375,95498.0625,34.096065521240234,9.40533613050996,21.47604719797832,1,0,EF1,EST-5,26-MAY-11 18:26:00
312323,2011-05-27T21:00:00+00:00,46.58,-122.89,253.0625,5.703164577484131,285.31982421875,282.37451171875,99333.5,12.683063507080078,5.312631659123181,6.022410741946765,0,0,EF0,PST-8,27-MAY-11 12:50:00
306017,2011-05-26T02:00:00+00:00,33.2662,-91.52,1612.25,82.48465728759766,296.961669921875,292.46527099609375,100056.75,35.554710388183594,15.951558685010653,22.939497436818353,2,1,EF2,CST-6,25-MAY-11 19:37:00
312153,2011-04-27T11:00:00+00:00,33.83,-86.8012,19.125,196.91104125976562,293.032958984375,291.2080078125,98144.9375,35.80279541015625,15.113537326902366,22.066457487912782,1,0,EF1,CST-6,27-APR-11 04:53:00
315161,2011-04-27T11:00:00+00:00,33.4169,-86.738,0.9375,383.2860412597656,293.650146484375,291.4873046875,98622.9375,33.79693603515625,14.110693781713707,25.009808581687107,0,0,EF0,CST-6,27-APR-11 04:53:00
280566,2011-03-09T11:00:00+00:00,30.3465,-89.9379,336.125,19.446874618530273,293.3277587890625,292.2469177246094,100955.9375,43.734806060791016,16.73976926165893,22.826162269820358,1,0,EF1,CST-6,09-MAR-11 04:50:00
291383,2011-04-27T03:00:00+00:00,33.0142,-92.6827,188.875,47.2187614440918,293.690185546875,292.6048583984375,99046.125,43.858917236328125,21.809533533472873,36.967299550660755,1,0,EF1,CST-6,26-APR-11 20:53:00
291734,2011-04-17T01:00:00+00:00,35.85,-76.21,1413.375,0.7657654285430908,292.54052734375,291.06787109375,100319.375,36.762325286865234,21.232734592816957,26.749852928956383,1,0,EF1,EST-5,16-APR-11 20:01:00
292038,2011-04-17T02:00:00+00:00,36.159,-75.7524,985.125,2.932817220687866,290.7607421875,289.6092529296875,100421.125,37.605674743652344,17.784598177866027,25.138792265971702,1,0,EF1,EST-5,16-APR-11 20:35:00
292056,2011-04-28T19:00:00+00:00,34.828,-78.146,1264.875,69.8125991821289,298.813720703125,296.4404602050781,100583.0,42.530975341796875,13.323449796428799,17.858594755037476,1,0,EF1,EST-5,28-APR-11 14:00:00
291638,2011-04-27T06:00:00+00:00,31.617,-93.406,1663.875,474.1407165527344,297.353759765625,294.0548095703125,98975.0,40.868534088134766,18.549081862143115,24.982767861921083,1,0,EF1,CST-6,26-APR-11 23:42:00
280597,2011-03-09T12:00:00+00:00,30.5921,-89.9525,229.5625,15.808480262756348,293.28497314453125,292.62554931640625,100616.0625,44.01219177246094,20.337776121585758,25.07800079874926,1,0,EF1,CST-6,09-MAR-11 05:45:00
280661,2011-03-09T14:00:00+00:00,30.4427,-88.9339,1.8125,15.437520980834961,293.16009521484375,291.9771728515625,101045.4375,36.21194076538086,19.285710835669537,25.000622941738992,1,0,EF1,CST-6,09-MAR-11 07:47:00
280598,2011-03-09T12:00:00+00:00,30.0431,-90.2747,601.5625,3.0428555011749268,293.91094970703125,292.65191650390625,101064.0625,43.69578552246094,17.411922569217815,23.364267378203724,0,0,EF0,CST-6,09-MAR-11 06:08:00
298259,2011-04-26T23:00:00+00:00,34.3475,-90.767,1089.875,35.515743255615234,295.509521484375,292.80975341796875,99413.0625,38.4783935546875,3.1232138208751956,14.522415843414187,0,0,EF0,CST-6,26-APR-11 17:17:00
298257,2011-04-26T23:00:00+00:00,34.3605,-90.6784,1089.875,35.515743255615234,295.509521484375,292.80975341796875,99413.0625,38.4783935546875,3.1232138208751956,14.522415843414187,0,0,EF0,CST-6,26-APR-11 17:22:00
298261,2011-04-26T23:00:00+00:00,34.3639,-90.6612,1089.875,35.515743255615234,295.509521484375,292.80975341796875,99413.0625,38.4783935546875,3.1232138208751956,14.522415843414187,0,0,EF0,CST-6,26-APR-11 17:23:00
298119,2011-04-26T05:00:00+00:00,35.8201,-88.2871,153.75,368.0937805175781,294.164306640625,287.11932373046875,98682.0625,42.08008575439453,16.900551853592003,22.655841062985374,0,0,EF0,CST-6,25-APR-11 23:00:00
280590,2011-03-09T11:00:00+00:00,30.4934,-89.7288,217.8125,13.86875057220459,293.3345947265625,292.2781677246094,100982.9375,42.766056060791016,16.435425618723272,22.54544268678848,1,0,EF1,CST-6,09-MAR-11 05:25:00
280611,2011-03-14T19:00:00+00:00,32.198,-89.9697,283.28125,14.421937942504883,291.399169921875,288.35028076171875,100410.9375,33.02157974243164,9.150966754558748,11.543258154834708,0,0,EF0,CST-6,14-MAR-11 13:06:00
290636,2011-05-11T22:00:00+00:00,40.8766,-94.5653,769.625,75.26563262939453,296.381591796875,290.63720703125,96621.9375,39.8968505859375,4.4565413697507905,7.041161189182732,1,0,EF1,CST-6,11-MAY-11 15:38:00
290637,2011-05-11T22:00:00+00:00,40.8784,-94.5653,769.625,75.26563262939453,296.381591796875,290.63720703125,96621.9375,39.8968505859375,4.4565413697507905,7.041161189182732,1,0,EF1,CST-6,11-MAY-11 15:45:00
295705,2011-05-27T22:00:00+00:00,40.3302,-78.0291,1162.375,45.562503814697266,295.359619140625,292.460205078125,97060.1875,37.172325134277344,6.308851320461425,15.70201571056032,1,0,EF1,EST-5,27-MAY-11 16:30:00
301568,2011-04-27T22:00:00+00:00,38.5146,-77.3349,2385.25,307.92193603515625,298.182373046875,293.5082092285156,99778.8125,39.20897674560547,14.218884318564374,18.94101481316904,0,0,EF0,EST-5,27-APR-11 17:17:00
290872,2011-04-27T20:00:00+00:00,36.6319,-90.4242,668.75,1.0782479047775269,288.7958984375,287.855224609375,98073.25,28.925479888916016,7.97451986721227,27.26976858068609,0,0,EF0,CST-6,27-APR-11 14:15:00
291100,2011-04-27T00:00:00+00:00,32.3725,-94.4632,614.75,78.09391021728516,296.50048828125,294.15252685546875,98452.0,44.17881774902344,18.278888129766262,24.560520188069695,1,0,EF1,CST-6,26-APR-11 17:52:00
291125,2011-04-27T00:00:00+00:00,32.4312,-94.3534,614.75,78.09391021728516,296.50048828125,294.15252685546875,98452.0,44.17881774902344,18.278888129766262,24.560520188069695,2,1,EF2,CST-6,26-APR-11 18:04:00
291143,2011-04-27T01:00:00+00:00,32.0988,-94.0643,406.75,86.09391021728516,297.223388671875,294.11761474609375,98728.1875,44.38304138183594,18.3825269489659,31.447147765847472,2,1,EF2,CST-6,26-APR-11 18:46:00
291381,2011-04-27T03:00:00+00:00,32.93,-92.77,303.0,36.6718864440918,293.968505859375,292.8177490234375,98974.125,43.313995361328125,21.19790684841058,35.93654557114094,1,0,EF1,CST-6,26-APR-11 20:45:00
291709,2011-04-17T00:00:00+00:00,35.47,-76.81,1691.75,4.421976566314697,293.993408203125,291.6083984375,100293.9375,37.975364685058594,20.12856896530789,26.041127138807635,0,0,EF0,EST-5,16-APR-11 19:08:00
291729,2011-04-17T00:00:00+00:00,34.7335,-77.3765,1785.0625,6.796976566314697,293.650634765625,291.9267578125,100371.9375,37.822044372558594,19.57297090494588,26.371881900206308,3,1,EF3,EST-5,16-APR-11 19:11:00
292704,2011-04-23T19:00:00+00:00,38.7097,-84.7487,633.25,6.230171203613281,291.68994140625,290.28125,98627.8125,40.41063690185547,14.446984094387908,18.502483474588765,0,0,EF0,EST-5,23-APR-11 13:59:00
345360,2011-08-27T01:00:00+00:00,35.5526,-76.5442,937.375,52.765708923339844,298.070556640625,296.8888244628906,100583.4375,60.907989501953125,17.35964118244469,19.253571399301,1,0,EF1,EST-5,26-AUG-11 20:12:00
289464,2011-04-23T01:00:00+00:00,37.0674,-90.5611,809.5625,58.27602767944336,294.47509765625,292.1641540527344,98549.9375,40.00312423706055,15.97352256481102,20.04627166485292,1,0,EF1,CST-6,22-APR-11 19:10:00
281845,2011-03-31T13:00:00+00:00,28.198,-82.05,264.4375,28.32814598083496,294.7666015625,292.55084228515625,100370.75,45.67363357543945,16.430232815775504,24.707543948723558,0,0,EF0,EST-5,31-MAR-11 08:12:00
302613,2011-06-21T02:00:00+00:00,41.9018,-95.9681,3650.375,347.9376525878906,296.38134765625,293.901611328125,95699.6875,49.10295867919922,11.361095264319031,11.55898729196246,1,0,EF1,CST-6,20-JUN-11 19:45:00
295706,2011-05-27T21:00:00+00:00,40.2333,-78.218,955.25,23.56254005432129,294.85986328125,291.09326171875,96717.5,34.11568069458008,4.144536285845068,14.362125105190321,1,0,EF1,EST-5,27-MAY-11 16:10:00
301581,2011-04-28T03:00:00+00:00,38.659,-77.592,1191.125,197.68759155273438,296.4609375,292.4798278808594,99679.8125,40.72454071044922,19.15933116437946,22.11567326881918,1,0,EF1,EST-5,27-APR-11 21:46:00
302303,2011-04-28T03:00:00+00:00,38.952,-77.345,1198.8125,238.12509155273438,296.263671875,292.5599060058594,99733.8125,41.89641571044922,19.21425097762425,20.675978372753747,0,0,EF0,EST-5,27-APR-11 22:25:00
303238,2011-04-27T20:00:00+00:00,35.7381,-90.6949,208.25,76.5001220703125,294.6201171875,290.962646484375,98605.25,19.626651763916016,19.018600468440052,22.09205337135798,0,0,EF0,CST-6,27-APR-11 13:55:00
291161,2011-04-27T01:00:00+00:00,32.375,-95.3216,999.375,67.76578521728516,297.890380859375,293.94573974609375,97994.1875,46.29515075683594,16.608801287159547,19.118962474978254,0,0,EF0,CST-6,26-APR-11 18:49:00
345347,2011-08-27T04:00:00+00:00,35.9185,-76.2233,787.5,4.218780517578125,298.218505859375,296.84912109375,100415.0,68.07875061035156,17.64157676961631,19.984649028413436,2,1,EF2,EST-5,26-AUG-11 22:55:00
285233,2011-03-09T07:00:00+00:00,32.1334,-90.6135,465.75,13.90301513671875,290.927978515625,290.3829345703125,100186.9375,40.85356521606445,20.573722018338497,16.453889104175413,1,0,EF1,CST-6,09-MAR-11 01:08:00
290092,2011-02-25T01:00:00+00:00,32.9763,-91.4311,303.3125,2.3595685958862305,294.42724609375,290.4266662597656,100084.25,43.92145919799805,18.718983202776737,28.91290210661549,1,0,EF1,CST-6,24-FEB-11 19:25:00
303241,2011-04-27T20:00:00+00:00,35.7699,-90.6161,563.375,26.0626220703125,292.15234375,289.987060546875,98457.25,22.384464263916016,17.008492430049877,23.50747549368574,2,1,EF2,CST-6,27-APR-11 14:01:00
289121,2011-04-20T03:00:00+00:00,38.3268,-88.3021,755.25,12.60940933227539,291.50341796875,290.503173828125,98978.8125,40.3558349609375,20.195476326799177,14.47567426178568,2,1,EF2,CST-6,19-APR-11 20:30:00
283803,2011-04-10T00:00:00+00:00,42.1535,-95.8283,1016.375,39.812705993652344,295.0927734375,290.65966796875,95717.6875,27.803569793701172,12.175047465020258,19.897216777481884,3,1,EF3,CST-6,09-APR-11 18:20:00
288319,2011-04-04T17:00:00+00:00,36.7835,-87.3969,149.875,78.40217590332031,290.293701171875,289.3996887207031,98037.75,41.325340270996094,22.24103160306255,28.637132216859076,2,1,EF2,CST-6,04-APR-11 11:04:00
285235,2011-03-09T08:00:00+00:00,32.1146,-90.3112,248.1875,11.203401565551758,290.4624938964844,289.7176208496094,99817.5625,39.743690490722656,19.01892337147387,20.576809940133536,2,1,EF2,CST-6,09-MAR-11 01:34:00
302171,2011-04-27T12:00:00+00:00,34.375,-86.2005,88.625,,291.916015625,290.1240234375,97533.625,35.76763153076172,15.973137491083174,19.664396010954356,1,0,EF1,CST-6,27-APR-11 05:45:00
289574,2011-04-15T07:00:00+00:00,34.622,-92.05,581.8125,12.640768051147461,292.74298095703125,291.13623046875,99401.25,39.21952819824219,17.810750150597244,22.417439197916813,1,0,EF1,CST-6,15-APR-11 01:14:00
303250,2011-04-27T20:00:00+00:00,35.8025,-90.5074,621.125,22.6719970703125,292.953125,290.467529296875,98522.25,23.278018951416016,18.59594519966689,23.49758714709633,1,0,EF1,CST-6,27-APR-11 14:08:00
293830,2011-04-27T00:00:00+00:00,32.4959,-94.1545,632.125,119.62516021728516,296.05810546875,294.22186279296875,98582.0,42.66319274902344,16.78666343207748,25.725248445140632,0,0,EF0,CST-6,26-APR-11 18:24:00
293861,2011-04-26T23:00:00+00:00,32.4864,-95.5844,2164.125,67.6251220703125,299.082763671875,295.54217529296875,97704.0625,44.0701904296875,15.385595691405388,14.019227461724121,0,0,EF0,CST-6,26-APR-11 17:04:00
293862,2011-04-27T01:00:00+00:00,32.375,-95.3216,999.375,67.76578521728516,297.890380859375,293.94573974609375,97994.1875,46.29515075683594,16.608801287159547,19.118962474978254,0,0,EF0,CST-6,26-APR-11 18:49:00
294628,2011-03-26T22:00:00+00:00,31.7475,-84.1567,455.375,132.34375,297.181884765625,288.2025146484375,99823.0,31.85270118713379,9.02135385218011,15.362663098980278,0,0,EF0,EST-5,26-MAR-11 16:54:00
294641,2011-03-26T23:00:00+00:00,31.88,-85.11,932.8125,11.578495025634766,294.04833984375,291.7604675292969,99550.625,31.265016555786133,15.026665530449366,16.045660694399356,0,0,EF0,EST-5,26-MAR-11 17:35:00
294647,2011-03-26T23:00:00+00:00,31.88,-84.74,971.6875,6.094120025634766,294.09228515625,291.2848815917969,99432.625,32.5628662109375,13.830686335562202,13.419930755144698,1,0,EF1,EST-5,26-MAR-11 18:22:00
345353,2011-08-27T02:00:00+00:00,35.8846,-76.4188,944.375,39.000186920166016,298.39306640625,296.83538818359375,100598.9375,61.48957443237305,17.398020980921476,19.131250077509648,0,0,EF0,EST-5,26-AUG-11 21:12:00
288327,2011-04-04T15:00:00+00:00,37.02,-88.98,414.625,15.685991287231445,290.94775390625,289.9429931640625,98535.4375,43.207786560058594,11.812764482455993,26.284368593488036,2,1,EF2,CST-6,04-APR-11 09:20:00
292240,2011-04-05T00:00:00+00:00,30.85,-90.14,176.75,4.6373982429504395,293.18798828125,291.8170166015625,99958.5625,41.18442153930664,13.245805743258412,24.52465404396829,1,0,EF1,CST-6,04-APR-11 17:40:00
291657,2011-04-27T06:00:00+00:00,31.617,-93.119,1340.75,311.3125915527344,297.593994140625,294.1075439453125,99120.0,41.069705963134766,18.54809662350082,25.4545425879803,2,1,EF2,CST-6,26-APR-11 23:56:00
303251,2011-04-27T20:00:00+00:00,35.8691,-90.3734,621.125,22.6719970703125,292.953125,290.467529296875,98522.25,23.278018951416016,18.59594519966689,23.49758714709633,0,0,EF0,CST-6,27-APR-11 14:17:00
295403,2011-05-30T06:00:00+00:00,41.959,-77.4578,1368.125,153.10952758789062,295.0771484375,291.949951171875,95361.3125,37.097747802734375,12.102290667915767,16.343353065968753,1,0,EF1,EST-5,30-MAY-11 00:45:00
290104,2011-03-18T17:00:00+00:00,38.4525,-122.7082,43.5625,,281.852294921875,280.16448974609375,99237.0625,16.734882354736328,9.485998767625269,14.588362248408226,1,0,EF1,PST-8,18-MAR-11 09:15:00
315232,2011-04-27T21:00:00+00:00,34.3128,-87.9215,1217.125,21.453296661376953,294.19140625,293.22039794921875,97693.5625,39.23530578613281,20.48793959227629,29.72821610335208,2,1,EF2,CST-6,27-APR-11 15:20:00
291659,2011-04-27T06:00:00+00:00,31.7515,-92.9682,1237.75,212.68759155273438,297.673095703125,294.1417236328125,99275.0,41.761112213134766,18.30543250204728,25.54496944053506,2,1,EF2,CST-6,27-APR-11 00:05:00
302308,2011-04-27T17:00:00+00:00,34.7855,-86.7894,75.1875,73.71897888183594,294.96533203125,291.87066650390625,97472.0,33.70249938964844,21.14785154264427,28.25174413277066,0,0,EF0,CST-6,27-APR-11 10:35:00
297437,2011-05-29T21:00:00+00:00,42.7736,-84.265,921.875,65.18760681152344,294.097412109375,292.133544921875,98456.25,44.258995056152344,8.379702244059626,33.3824010324928,0,0,EF0,EST-5,29-MAY-11 16:27:00
289233,2011-04-28T07:00:00+00:00,40.38,-77.5896,512.8125,322.2760314941406,294.051025390625,290.83587646484375,96572.125,36.02716827392578,16.231796962109648,27.758303402764636,1,0,EF1,EST-5,28-APR-11 01:53:00
289981,2011-04-23T19:00:00+00:00,37.0728,-89.2284,741.1875,100.80829620361328,295.60400390625,290.3466796875,99961.8125,42.80419158935547,13.863073067191056,18.68662568913001,2,1,EF2,CST-6,23-APR-11 13:15:00
291382,2011-04-27T03:00:00+00:00,32.975,-92.7232,303.0,36.6718864440918,293.968505859375,292.8177490234375,98974.125,43.313995361328125,21.19790684841058,35.93654557114094,1,0,EF1,CST-6,26-APR-11 20:49:00
290262,2011-05-11T01:00:00+00:00,45.1705,-93.7044,4092.25,173.8906707763672,301.1240234375,295.1680908203125,96715.125,36.51380157470703,7.993609176477354,13.548957767405968,1,0,EF1,CST-6,10-MAY-11 18:55:00
302161,2011-04-25T19:00:00+00:00,32.3341,-97.9994,1534.5,147.5781707763672,301.63427734375,293.660888671875,96384.875,28.95932388305664,5.064382345298985,13.182845527168546,0,0,EF0,CST-6,25-APR-11 12:55:00
302162,2011-04-25T19:00:00+00:00,32.3324,-97.9885,1534.5,147.5781707763672,301.63427734375,293.660888671875,96384.875,28.95932388305664,5.064382345298985,13.182845527168546,0,0,EF0,CST-6,25-APR-11 12:56:00
302166,2011-04-25T19:00:00+00:00,32.3304,-97.9542,1534.5,147.5781707763672,301.63427734375,293.660888671875,96384.875,28.95932388305664,5.064382345298985,13.182845527168546,0,0,EF0,CST-6,25-APR-11 13:00:00
292776,2011-04-27T14:00:00+00:00,39.9227,-84.0302,21.75,,291.708251953125,287.733154296875,96510.3125,35.20668029785156,12.878567027209762,31.18679794397049,0,0,EF0,EST-5,27-APR-11 08:53:00
293108,2011-05-22T20:00:00+00:00,42.79,-92.23,1417.25,103.29689025878906,295.945556640625,291.583984375,95975.125,28.222259521484375,8.464449326850998,20.79295730225762,0,0,EF0,CST-6,22-MAY-11 14:13:00
293450,2011-03-26T21:00:00+00:00,33.1223,-86.9194,1443.0,42.14079666137695,294.3076171875,292.30377197265625,98664.5,32.72980880737305,10.286660775901474,16.711187338090625,1,0,EF1,CST-6,26-MAR-11 15:10:00
281841,2011-03-31T12:00:00+00:00,28.0953,-82.6325,779.0625,15.892773628234863,295.190185546875,293.54754638671875,100647.0625,48.659019470214844,13.030173742004033,20.82878254582702,0,0,EF0,EST-5,31-MAR-11 07:27:00
292743,2011-04-23T19:00:00+00:00,38.6985,-84.5393,724.8125,4.527046203613281,292.36669921875,289.9140625,98569.8125,40.24462127685547,14.082353394879817,17.533200359621727,1,0,EF1,EST-5,23-APR-11 14:10:00
302241,2011-04-27T22:00:00+00:00,34.8138,-86.7773,2106.875,5.328190803527832,293.625732421875,293.2298889160156,97063.8125,43.43358612060547,17.36506576665995,28.047254109742422,1,0,EF1,CST-6,27-APR-11 15:40:00
297717,2011-05-21T00:00:00+00:00,32.601,-94.473,771.625,345.2813720703125,295.698486328125,293.402099609375,99597.3125,50.70735168457031,10.089774500360651,17.059234134165756,0,0,EF0,CST-6,20-MAY-11 17:38:00
297720,2011-05-20T23:00:00+00:00,33.847,-95.122,38.5,79.78140258789062,295.34521484375,292.67724609375,99121.3125,45.38833236694336,10.171419798084143,13.495450953798414,0,0,EF0,CST-6,20-MAY-11 16:36:00
292990,2011-03-23T21:00:00+00:00,40.28,-79.74,438.6875,47.32815933227539,289.2119140625,286.06103515625,95525.75,22.71025848388672,10.090125470433058,17.43695983776484,2,1,EF2,EST-5,23-MAR-11 15:45:00
281820,2011-03-31T15:00:00+00:00,27.8716,-82.8509,701.25,23.58831787109375,296.23974609375,294.71551513671875,100792.125,52.63756561279297,9.437682647261719,13.778735216536429,1,0,EF1,EST-5,31-MAR-11 10:04:00
291892,2011-03-09T19:00:00+00:00,31.3254,-83.928,225.6875,86.00028228759766,295.720703125,286.83343505859375,100587.25,38.25527572631836,14.625526997429828,18.548619348891187,0,0,EF0,EST-5,09-MAR-11 14:10:00
302233,2011-04-19T23:00:00+00:00,34.5345,-95.03,2274.875,78.04695892333984,298.392333984375,292.546875,96968.4375,33.289703369140625,9.61044242062939,19.699286125704976,0,0,EF0,CST-6,19-APR-11 16:58:00
302236,2011-04-19T23:00:00+00:00,34.532,-94.9631,2274.875,78.04695892333984,298.392333984375,292.546875,96968.4375,33.289703369140625,9.61044242062939,19.699286125704976,1,0,EF1,CST-6,19-APR-11 17:07:00
302238,2011-04-19T23:00:00+00:00,34.5389,-94.9375,2274.875,78.04695892333984,298.392333984375,292.546875,96968.4375,33.289703369140625,9.61044242062939,19.699286125704976,1,0,EF1,CST-6,19-APR-11 17:11:00
302242,2011-04-20T00:00:00+00:00,34.5823,-94.5823,1656.0,64.20314025878906,296.485107421875,292.79107666015625,96816.3125,33.57027816772461,11.324383594154108,18.65035333646808,0,0,EF0,CST-6,19-APR-11 17:45:00
302244,2011-04-20T00:00:00+00:00,34.5734,-94.5407,1539.375,61.62501525878906,295.933349609375,292.73931884765625,96524.3125,33.31734848022461,12.07267298255834,19.463605163472742,0,0,EF0,CST-6,19-APR-11 17:48:00
302302,2011-04-23T00:00:00+00:00,35.4877,-96.0814,2939.1875,179.07814025878906,294.93115234375,292.63787841796875,97586.5,36.56008529663086,14.038165303293106,16.600652721517736,0,0,EF0,CST-6,22-APR-11 18:19:00
301112,2011-04-17T00:00:00+00:00,39.6483,-77.0785,147.9375,10.171976089477539,287.652587890625,285.97265625,97640.9375,25.024194717407227,12.1619607000792,17.999146280680574,0,0,EF0,EST-5,16-APR-11 18:51:00
297746,2011-05-26T01:00:00+00:00,32.755,-92.3901,1923.25,46.14067077636719,298.6123046875,293.3918151855469,99888.875,38.993309020996094,16.24175799771851,22.60143928882695,0,0,EF0,CST-6,25-MAY-11 18:58:00
293471,2011-05-23T21:00:00+00:00,40.6521,-77.1909,948.75,22.046899795532227,295.948486328125,291.9815979003906,97732.0625,37.809139251708984,10.153411853002558,20.733502866038208,2,1,EF2,EST-5,23-MAY-11 16:23:00
289563,2011-04-15T07:00:00+00:00,34.6494,-91.965,581.8125,12.640768051147461,292.74298095703125,291.13623046875,99401.25,39.21952819824219,17.810750150597244,22.417439197916813,2,1,EF2,CST-6,15-APR-11 01:17:00
289564,2011-03-31T16:00:00+00:00,27.9086,-81.9827,515.5625,14.570467948913574,297.98583984375,293.58538818359375,100350.5,50.34950256347656,15.304570565607737,20.5524622752161,0,0,EF0,EST-5,31-MAR-11 11:06:00
289560,2011-03-31T16:00:00+00:00,27.8766,-82.5025,599.9375,21.96109390258789,296.79541015625,294.11077880859375,100680.5,52.96473693847656,12.838744714291051,17.35648052159044,1,0,EF1,EST-5,31-MAR-11 10:30:00
292519,2011-04-20T07:00:00+00:00,39.8506,-82.5908,573.75,142.60098266601562,291.748779296875,289.03875732421875,97258.5625,34.7893180847168,18.080741134616332,20.708291536553915,1,0,EF1,EST-5,20-APR-11 01:39:00
292522,2011-04-20T07:00:00+00:00,39.0601,-83.014,295.25,87.49160766601562,294.279052734375,287.68133544921875,97888.5625,35.7834587097168,18.214534942734996,23.09563850752279,0,0,EF0,EST-5,20-APR-11 01:51:00
281843,2011-03-31T13:00:00+00:00,28.14,-82.508,559.5,9.875021934509277,294.267578125,292.61627197265625,100510.75,48.81816482543945,15.9645020123098,23.96765972220961,0,0,EF0,EST-5,31-MAR-11 07:38:00
292243,2011-04-05T00:00:00+00:00,30.3246,-90.5735,400.75,17.40302276611328,294.01806640625,292.4566650390625,100727.5625,43.64340591430664,11.846996455949688,24.598654561910088,1,0,EF1,CST-6,04-APR-11 17:42:00
302235,2011-04-28T08:00:00+00:00,39.0153,-78.3187,737.75,97.15628051757812,294.965576171875,291.36102294921875,97109.4375,39.52143478393555,17.61172988012301,30.0455488842107,0,0,EF0,EST-5,28-APR-11 02:46:00
302325,2011-04-27T22:00:00+00:00,34.6655,-86.9172,2389.0,25.14069175720215,294.369873046875,293.7406311035156,97519.8125,42.90038299560547,19.83710821483826,25.075468189041032,0,0,EF0,CST-6,27-APR-11 15:53:00
302329,2011-04-27T22:00:00+00:00,34.7313,-86.7863,2380.375,7.921940803527832,294.049560546875,293.5433654785156,97252.8125,43.22362518310547,19.365889611319464,26.365070796333654,1,0,EF1,CST-6,27-APR-11 16:02:00
323593,2011-04-17T00:00:00+00:00,39.4144,-77.2398,168.5625,5.578226566314697,288.057861328125,286.576171875,98126.9375,25.671655654907227,13.390580608599045,19.659622634445512,1,0,EF1,EST-5,16-APR-11 18:38:00
289561,2011-03-31T16:00:00+00:00,27.9013,-82.4126,599.9375,21.96109390258789,296.79541015625,294.11077880859375,100680.5,52.96473693847656,12.838744714291051,17.35648052159044,1,0,EF1,EST-5,31-MAR-11 10:40:00
292528,2011-04-20T06:00:00+00:00,39.8072,-82.9183,672.75,18.328182220458984,292.307373046875,289.26123046875,97461.25,35.27465057373047,18.12130176661329,22.351717938715016,1,0,EF1,EST-5,20-APR-11 01:22:00
289674,2011-02-28T22:00:00+00:00,33.354,-86.2212,175.65625,1.2501039505004883,292.45062255859375,291.3016662597656,98439.1875,41.7518310546875,9.659449366743132,26.61832865164115,0,0,EF0,CST-6,28-FEB-11 15:53:00
289678,2011-02-28T23:00:00+00:00,32.5699,-86.4854,585.59375,0.4063020646572113,293.59185791015625,291.6488952636719,99569.75,44.082855224609375,10.266877272957366,25.071405229474927,0,0,EF0,CST-6,28-FEB-11 17:05:00
291704,2011-04-16T23:00:00+00:00,34.996,-77.64,1895.3125,15.046926498413086,295.5615234375,292.9444580078125,100114.9375,38.104164123535156,18.96881237579239,27.784513370426364,2,1,EF2,EST-5,16-APR-11 18:07:00
291706,2011-04-16T23:00:00+00:00,35.8893,-77.1744,953.5,21.765676498413086,294.6875,291.9044189453125,99995.9375,39.011390686035156,18.947649008201605,27.541339328723463,0,0,EF0,EST-5,16-APR-11 18:09:00
292244,2011-04-05T00:00:00+00:00,30.0614,-90.699,1161.25,9.996772766113281,295.00634765625,293.3570556640625,100760.5625,48.25864028930664,11.862071883148241,21.276953224325535,0,0,EF0,CST-6,04-APR-11 17:50:00
292247,2011-04-05T00:00:00+00:00,30.6677,-89.969,1090.625,10.059272766113281,294.33349609375,292.9820556640625,100288.5625,46.25473403930664,14.430591086888741,22.36226948620368,1,0,EF1,CST-6,04-APR-11 18:01:00
292177,2011-03-05T15:00:00+00:00,30.1088,-92.8309,1014.3125,12.746219635009766,291.61798095703125,290.4391784667969,101263.375,42.427059173583984,9.967059137293221,13.662345529155887,0,0,EF0,CST-6,05-MAR-11 08:30:00
292178,2011-03-05T15:00:00+00:00,30.1542,-92.7322,1299.3125,12.933719635009766,292.03399658203125,290.7829284667969,101251.375,42.518856048583984,10.36860530729352,16.32399386520709,0,0,EF0,CST-6,05-MAR-11 08:50:00
292180,2011-03-05T16:00:00+00:00,30.2344,-92.4003,1024.5625,3.2188713550567627,292.486328125,291.2651062011719,101245.3125,42.26970291137695,11.404535737675939,13.807255035009495,0,0,EF0,CST-6,05-MAR-11 09:44:00
292067,2011-04-26T18:00:00+00:00,35.8268,-77.0917,1041.0,54.498992919921875,299.17333984375,293.072998046875,101418.8125,35.39237976074219,9.399818189900655,8.881097934051832,0,0,EF0,EST-5,26-APR-11 13:15:00
281822,2011-03-31T15:00:00+00:00,27.8983,-82.6935,689.9375,28.02581787109375,296.61962890625,294.61004638671875,100754.125,52.02428436279297,11.591044869868051,16.118816223610068,1,0,EF1,EST-5,31-MAR-11 10:19:00
291690,2011-04-16T21:00:00+00:00,35.1238,-78.134,1177.1875,74.01577758789062,298.564208984375,292.21484375,99803.5,36.05674743652344,19.971200142551073,28.532068535774847,0,0,EF0,EST-5,16-APR-11 16:12:00
297750,2011-05-26T01:00:00+00:00,32.782,-92.448,1923.25,46.14067077636719,298.6123046875,293.3918151855469,99888.875,38.993309020996094,16.24175799771851,22.60143928882695,1,0,EF1,CST-6,25-MAY-11 19:20:00
289168,2011-04-20T03:00:00+00:00,38.53,-87.7866,980.125,32.92190933227539,290.96728515625,290.280517578125,98794.8125,37.4310302734375,20.533253368738873,18.37742728320261,1,0,EF1,CST-6,19-APR-11 20:53:00
289567,2011-04-15T06:00:00+00:00,34.6365,-92.9418,1156.125,99.21887969970703,290.80572509765625,290.20361328125,97823.375,38.54143524169922,16.20653232826597,21.131167593032483,1,0,EF1,CST-6,15-APR-11 00:15:00
288660,2011-04-16T01:00:00+00:00,36.8516,-87.843,298.125,8.718765258789062,289.07958984375,287.0499572753906,98419.75,21.964561462402344,15.005718802179638,21.380058591908675,1,0,EF1,CST-6,15-APR-11 19:14:00
291702,2011-04-16T23:00:00+00:00,34.9171,-77.9365,1567.9375,4.156301021575928,295.1494140625,292.9444580078125,100040.9375,36.718421936035156,18.332069716358802,27.629570362834293,0,0,EF0,EST-5,16-APR-11 17:35:00
293223,2011-03-10T17:00:00+00:00,25.7508,-80.2048,67.4375,92.48439025878906,297.507080078125,291.055908203125,101839.5625,32.577606201171875,5.025416457548084,9.721439806598092,0,0,EF0,EST-5,10-MAR-11 12:19:00
300684,2011-04-26T23:00:00+00:00,34.137,-90.9843,1446.25,64.4376220703125,296.232177734375,293.30194091796875,99487.0625,41.6766357421875,4.2570894542266196,15.719070579196622,0,0,EF0,CST-6,26-APR-11 17:29:00
295279,2011-03-09T15:00:00+00:00,30.5341,-87.761,9.1875,3.0000009536743164,292.1910400390625,291.170654296875,100976.375,37.49076843261719,18.050140305525808,26.807426585393777,2,1,EF2,CST-6,09-MAR-11 09:17:00
295289,2011-03-09T15:00:00+00:00,30.8693,-87.3268,0.875,3.2656259536743164,292.5103759765625,290.949951171875,100709.375,37.74174499511719,18.90640849175334,25.96895002158127,0,0,EF0,CST-6,09-MAR-11 09:28:00
283214,2011-04-10T01:00:00+00:00,42.3549,-95.286,955.375,23.81264305114746,295.134765625,290.2497253417969,95232.6875,29.002243041992188,11.931652336137539,22.460043734379223,3,1,EF3,CST-6,09-APR-11 19:23:00
283451,2011-04-10T04:00:00+00:00,42.9231,-94.2771,1175.625,74.03128814697266,291.05810546875,288.990966796875,95903.9375,28.029644012451172,15.635752263868524,22.291058710640137,1,0,EF1,CST-6,09-APR-11 22:19:00
289684,2011-02-28T23:00:00+00:00,33.0073,-85.3988,243.4375,0.04692705348134041,292.19439697265625,290.7172546386719,97980.75,40.134613037109375,11.666376883270209,26.48762581173735,0,0,EF0,CST-6,28-FEB-11 17:28:00
289685,2011-03-01T00:00:00+00:00,32.2105,-86.5114,894.78125,4.7344441413879395,293.908935546875,291.91925048828125,100049.1875,45.373313903808594,12.45268146558328,20.81363470303363,1,0,EF1,CST-6,28-FEB-11 17:37:00
291075,2011-04-27T00:00:00+00:00,32.6302,-95.3479,1737.375,89.39078521728516,297.04150390625,294.42303466796875,97891.0,44.96983337402344,15.044383667117044,15.933465021860599,0,0,EF0,CST-6,26-APR-11 18:00:00
289999,2011-04-23T19:00:00+00:00,37.05,-89.0554,786.875,83.82392120361328,295.81103515625,289.998046875,99912.8125,42.37743377685547,14.540668791508308,19.592633135982236,1,0,EF1,CST-6,23-APR-11 13:29:00
289995,2011-04-23T20:00:00+00:00,36.8802,-89.0328,1104.9375,171.42198181152344,296.114501953125,288.773681640625,99936.1875,41.25860595703125,13.564053356287484,14.432902908568613,2,1,EF2,CST-6,23-APR-11 13:30:00
297760,2011-05-26T03:00:00+00:00,31.689,-93.032,2400.5,135.76565551757812,302.41650390625,293.220703125,100091.25,37.208438873291016,10.884388409222678,17.074896055709456,0,0,EF0,CST-6,25-MAY-11 21:22:00
290446,2011-04-26T05:00:00+00:00,36.5,-88.6761,202.5,241.5781707763672,293.843994140625,287.05975341796875,98869.0625,39.41797637939453,13.130651684943288,23.951503271716092,1,0,EF1,CST-6,25-APR-11 22:53:00
285586,2011-04-20T05:00:00+00:00,41.68,-83.4134,553.75,99.06256103515625,278.023193359375,277.2049255371094,97950.375,36.0368537902832,22.697381414301628,39.08046875723866,0,0,EF0,EST-5,19-APR-11 23:37:00
289466,2011-04-23T04:00:00+00:00,37.6097,-87.7713,53.5,17.734474182128906,295.101318359375,290.745849609375,99484.0625,37.48283386230469,18.804312631035685,25.08786006688194,2,1,EF2,CST-6,22-APR-11 21:54:00
283456,2011-04-10T02:00:00+00:00,42.5556,-94.9744,1422.625,90.703125,292.040283203125,288.6156311035156,95513.625,35.26744842529297,14.151793908310408,20.29644326207827,2,1,EF2,CST-6,09-APR-11 20:24:00
283460,2011-04-10T01:00:00+00:00,42.1956,-95.6493,1462.3125,77.0313949584961,292.5087890625,289.4450378417969,95437.6875,34.12236022949219,13.057826214485251,19.04979225708341,1,0,EF1,CST-6,09-APR-11 18:37:00
286082,2011-04-10T02:00:00+00:00,42.3948,-95.2027,1609.9375,160.28125,292.182861328125,288.6019592285156,95326.625,33.20397186279297,14.397263357513028,18.141356889251377,0,0,EF0,CST-6,09-APR-11 19:38:00
286083,2011-04-10T03:00:00+00:00,42.734,-94.7442,1303.5,122.64065551757812,291.197265625,288.963134765625,95676.0625,28.04241180419922,14.760448230420852,20.60806186719066,1,0,EF1,CST-6,09-APR-11 21:08:00
286538,2011-04-10T03:00:00+00:00,42.6895,-94.8141,1303.5,122.64065551757812,291.197265625,288.963134765625,95676.0625,28.04241180419922,14.760448230420852,20.60806186719066,1,0,EF1,CST-6,09-APR-11 20:55:00
286544,2011-04-10T03:00:00+00:00,42.6912,-94.8141,1303.5,122.64065551757812,291.197265625,288.963134765625,95676.0625,28.04241180419922,14.760448230420852,20.60806186719066,1,0,EF1,CST-6,09-APR-11 20:55:00
286555,2011-04-10T03:00:00+00:00,42.7105,-94.8144,1303.5,122.64065551757812,291.197265625,288.963134765625,95676.0625,28.04241180419922,14.760448230420852,20.60806186719066,2,1,EF2,CST-6,09-APR-11 20:56:00
295293,2011-03-09T16:00:00+00:00,30.6218,-87.1148,234.3125,1.2814103364944458,293.20489501953125,291.211181640625,101068.0625,38.732967376708984,16.566857233546045,26.234045643111813,0,0,EF0,CST-6,09-MAR-11 10:02:00
295256,2011-03-09T15:00:00+00:00,30.5607,-88.2169,18.0,10.406250953674316,292.2349853515625,291.399169921875,100997.375,37.06108093261719,19.289121728117358,26.374721127631677,2,1,EF2,CST-6,09-MAR-11 08:37:00
290438,2011-04-26T06:00:00+00:00,36.7178,-88.3136,229.375,295.4687805175781,293.741455078125,286.55078125,98711.4375,38.16490173339844,13.38654765145081,24.186208261946934,0,0,EF0,CST-6,25-APR-11 23:30:00
288923,2011-04-24T05:00:00+00:00,36.5503,-90.5258,236.125,359.0937805175781,291.460205078125,290.1375732421875,99888.0,32.29974365234375,17.245640219738284,14.640470247282119,1,0,EF1,CST-6,23-APR-11 23:02:00
292808,2011-03-09T03:00:00+00:00,31.1645,-92.577,807.9375,9.281383514404297,292.44464111328125,291.8023681640625,100354.3125,39.094215393066406,15.740743184902229,20.316068652865425,1,0,EF1,CST-6,08-MAR-11 20:57:00
290178,2011-02-25T02:00:00+00:00,33.01,-90.91,349.125,9.484404563903809,292.9222412109375,288.82952880859375,100093.9375,44.56724166870117,17.916145370554208,22.638537893461915,2,1,EF2,CST-6,24-FEB-11 19:53:00
292850,2011-03-09T04:00:00+00:00,31.3333,-92.3372,674.5,10.281455039978027,291.932861328125,291.31744384765625,100525.125,39.84709548950195,14.489474369684835,20.32964443974507,0,0,EF0,CST-6,08-MAR-11 21:30:00
291707,2011-04-17T00:00:00+00:00,35.3396,-77.1788,1604.25,0.8126014471054077,294.120361328125,292.2802734375,100167.9375,36.002708435058594,20.60703402120724,27.93655924337829,0,0,EF0,EST-5,16-APR-11 18:40:00
291089,2011-04-27T00:00:00+00:00,32.2848,-94.658,754.875,61.93766403198242,297.01513671875,294.07244873046875,98276.0,45.69737243652344,17.21080905054361,21.790744425930093,1,0,EF1,CST-6,26-APR-11 17:35:00
291096,2011-04-27T00:00:00+00:00,32.3589,-94.4936,614.75,78.09391021728516,296.50048828125,294.15252685546875,98452.0,44.17881774902344,18.278888129766262,24.560520188069695,1,0,EF1,CST-6,26-APR-11 17:48:00
302290,2011-04-22T23:00:00+00:00,35.6057,-96.4385,1111.25,438.0157165527344,299.544189453125,292.3135986328125,97271.75,29.349044799804688,5.186005100420639,18.76834142181723,0,0,EF0,CST-6,22-APR-11 17:03:00
302297,2011-04-23T00:00:00+00:00,36.0134,-94.932,1710.125,37.2812614440918,294.07373046875,291.46893310546875,97255.5,37.84719467163086,16.459802742494844,17.77182743073205,1,0,EF1,CST-6,22-APR-11 18:18:00
302306,2011-04-23T01:00:00+00:00,35.3549,-95.6265,2199.25,83.4322738647461,294.89599609375,291.7930603027344,98026.9375,37.58222579956055,16.717047593470003,17.55546347584993,0,0,EF0,CST-6,22-APR-11 19:14:00
292507,2011-05-12T00:00:00+00:00,36.6422,-94.4224,560.625,268.7657775878906,295.185302734375,291.39031982421875,97096.125,41.48469161987305,9.50616771583911,11.44260034805762,0,0,EF0,CST-6,11-MAY-11 18:23:00
290633,2011-05-11T22:00:00+00:00,40.9554,-94.4775,769.625,75.26563262939453,296.381591796875,290.63720703125,96621.9375,39.8968505859375,4.4565413697507905,7.041161189182732,0,0,EF0,CST-6,11-MAY-11 15:58:00
285688,2011-04-20T05:00:00+00:00,41.4781,-83.0453,726.5,65.71881103515625,284.351318359375,283.0887145996094,97791.375,36.9733772277832,21.340958957026274,38.595217208528055,0,0,EF0,EST-5,19-APR-11 23:55:00
292185,2011-03-05T16:00:00+00:00,30.219,-92.3142,1059.375,1.6563712358474731,293.1572265625,291.8813171386719,101245.3125,40.13786697387695,12.179053007721636,17.390871869611733,2,1,EF2,CST-6,05-MAR-11 09:51:00
292748,2011-05-11T21:00:00+00:00,40.8211,-94.6188,939.125,110.71890258789062,300.6005859375,291.004150390625,96556.125,35.14347839355469,5.443434052477786,3.7049933158888866,0,0,EF0,CST-6,11-MAY-11 15:20:00
293470,2011-05-23T23:00:00+00:00,40.737,-76.0501,784.0,53.90629577636719,295.03076171875,291.91357421875,97995.875,37.960792541503906,12.725057422293599,14.533646049043616,1,0,EF1,EST-5,23-MAY-11 17:37:00
275386,2011-02-24T23:00:00+00:00,34.7708,-91.9045,22.4375,,293.2183837890625,289.38262939453125,99222.1875,37.81425476074219,16.09448770812611,20.322087886536067,1,0,EF1,CST-6,24-FEB-11 17:03:00
347884,2011-04-28T02:00:00+00:00,35.5094,-84.0673,840.1875,40.60181427001953,292.72802734375,290.03814697265625,94415.75,34.719173431396484,14.048058785669172,32.15841862997634,2,1,EF2,EST-5,27-APR-11 20:35:00
300456,2011-04-28T00:00:00+00:00,35.5459,-84.0274,246.875,66.2187728881836,293.98828125,289.90740966796875,94303.875,35.032527923583984,11.70083976361296,31.028399984479865,4,1,EF4,EST-5,27-APR-11 18:33:00
327291,2011-06-20T19:00:00+00:00,39.7253,-99.7767,445.25,,297.85986328125,290.646484375,91598.3125,27.575210571289062,3.427494561009308,9.254376516790614,0,0,EF0,CST-6,20-JUN-11 13:15:00
327317,2011-06-20T22:00:00+00:00,39.4576,-100.57,130.625,7.328180313110352,290.677734375,289.21240234375,90145.375,27.809364318847656,9.65074919604878,12.820705364476021,0,0,EF0,CST-6,20-JUN-11 16:27:00
327321,2011-06-20T23:00:00+00:00,39.8812,-100.2467,417.375,137.5084228515625,292.527099609375,286.831787109375,90577.875,24.794681549072266,3.2826153584854705,12.473836808675683,0,0,EF0,CST-6,20-JUN-11 17:25:00
327339,2011-06-21T00:00:00+00:00,39.8445,-100.18,446.25,44.89080810546875,292.91650390625,287.564208984375,90599.6875,26.93256378173828,5.667192114338364,6.024628420031379,0,0,EF0,CST-6,20-JUN-11 17:45:00
303747,2011-04-22T00:00:00+00:00,30.2045,-102.4448,838.25,594.078125,303.390380859375,289.4656982421875,90953.375,22.278656005859375,0.6842610937915647,14.652849739205008,2,1,EF2,CST-6,21-APR-11 17:45:00
362650,2011-11-07T21:00:00+00:00,34.4566,-99.14,1687.6875,32.57815170288086,294.24609375,290.802490234375,96313.5,29.975540161132812,8.080039439346185,13.51303137174018,0,0,EF0,CST-6,07-NOV-11 14:59:00
346986,2011-10-10T07:00:00+00:00,30.0864,-81.6914,606.25,26.05733299255371,296.1103515625,295.2666015625,100441.5625,58.28666305541992,14.839739070917235,16.88620723801398,1,0,EF1,EST-5,10-OCT-11 02:15:00
355131,2011-11-16T19:00:00+00:00,32.8232,-84.692,702.1875,105.19235229492188,295.6826171875,292.9006652832031,98304.1875,38.75551986694336,15.869422969249545,21.488721881986947,1,0,EF1,EST-5,16-NOV-11 14:08:00
355901,2011-12-22T20:00:00+00:00,32.6203,-86.5478,669.75,0.4379134476184845,293.2153015136719,291.27105712890625,99676.5,47.15724563598633,18.335759151263392,25.85340433429763,0,0,EF0,CST-6,22-DEC-11 14:02:00
346714,2011-09-05T20:00:00+00:00,34.3799,-84.3634,790.125,6.515750408172607,296.38037109375,295.08642578125,96011.4375,52.46670150756836,11.098145199743154,19.10096343666986,1,0,EF1,EST-5,05-SEP-11 14:47:00
353598,2011-11-07T22:00:00+00:00,34.883,-98.675,1556.8125,4.203171253204346,292.930419921875,289.449951171875,95422.1875,33.12340545654297,8.64666895427569,19.53933392494657,0,0,EF0,CST-6,07-NOV-11 16:19:00
327346,2011-06-20T19:00:00+00:00,39.7485,-99.7585,445.25,,297.85986328125,290.646484375,91598.3125,27.575210571289062,3.427494561009308,9.254376516790614,1,0,EF1,CST-6,20-JUN-11 13:26:00
327357,2011-06-20T20:00:00+00:00,39.8391,-99.6467,118.875,,298.05615234375,290.773681640625,91594.125,24.16595458984375,4.764892416448219,7.522571157448831,0,0,EF0,CST-6,20-JUN-11 13:35:00
355116,2011-11-16T19:00:00+00:00,32.697,-85.1173,384.625,42.614227294921875,296.8837890625,293.5832824707031,98875.1875,39.62661361694336,17.54491564480321,22.47389810462826,2,1,EF2,EST-5,16-NOV-11 13:35:00
353599,2011-11-07T22:00:00+00:00,34.907,-98.642,1556.8125,4.203171253204346,292.930419921875,289.449951171875,95422.1875,33.12340545654297,8.64666895427569,19.53933392494657,0,0,EF0,CST-6,07-NOV-11 16:24:00
302488,2011-04-28T00:00:00+00:00,35.47,-84.52,729.9375,20.875024795532227,293.1865234375,291.90350341796875,96057.875,39.299129486083984,16.72437126273778,33.163350606618806,0,0,EF0,EST-5,27-APR-11 18:35:00
303644,2011-04-28T01:00:00+00:00,37.9378,-77.5228,1213.6875,416.147216796875,297.68115234375,292.7900390625,100207.0625,39.3019905090332,17.81400627584265,19.292399038010352,1,0,EF1,EST-5,27-APR-11 19:55:00
303645,2011-04-27T23:00:00+00:00,37.2916,-78.3689,1328.375,200.5001220703125,298.813232421875,291.7952880859375,99190.0,38.51124572753906,15.086828780298374,18.737260182852385,1,0,EF1,EST-5,27-APR-11 17:55:00
303646,2011-04-27T23:00:00+00:00,37.3063,-78.3566,1328.375,200.5001220703125,298.813232421875,291.7952880859375,99190.0,38.51124572753906,15.086828780298374,18.737260182852385,1,0,EF1,EST-5,27-APR-11 17:58:00
303647,2011-04-27T23:00:00+00:00,37.7099,-77.8192,1499.375,136.0313720703125,298.459716796875,292.3890380859375,100052.0,40.56398010253906,15.685851464889762,16.727273196811968,1,0,EF1,EST-5,27-APR-11 18:25:00
302972,2011-04-28T02:00:00+00:00,35.9086,-83.3335,157.6875,80.99243927001953,294.07568359375,288.79400634765625,94515.75,33.237728118896484,13.382017282477632,33.86134839114303,0,0,EF0,EST-5,27-APR-11 20:31:00
302976,2011-04-28T02:00:00+00:00,35.9116,-83.3307,157.6875,80.99243927001953,294.07568359375,288.79400634765625,94515.75,33.237728118896484,13.382017282477632,33.86134839114303,0,0,EF0,EST-5,27-APR-11 20:32:00
353336,2011-11-15T20:00:00+00:00,30.4207,-95.2025,686.1875,223.18759155273438,296.57568359375,292.8763122558594,99945.0625,37.19879150390625,7.267247555706017,13.90957788114043,0,0,EF0,CST-6,15-NOV-11 14:20:00
357302,2011-04-21T23:00:00+00:00,30.4725,-102.6785,161.875,,304.448974609375,278.9244079589844,88134.9375,17.647735595703125,0.22112372078195278,7.868664886571961,0,0,EF0,CST-6,21-APR-11 16:51:00
357298,2011-04-21T23:00:00+00:00,30.57,-102.677,472.625,,305.312255859375,278.4341735839844,88820.9375,18.149688720703125,0.5161028764304625,9.826012392636617,0,0,EF0,CST-6,21-APR-11 17:18:00
346666,2011-09-04T21:00:00+00:00,42.8982,-74.1678,1387.375,129.95062255859375,298.83251953125,296.918701171875,97413.6875,42.67708206176758,6.1785989820106,15.45413719712322,1,0,EF1,EST-5,04-SEP-11 16:20:00
346667,2011-09-04T21:00:00+00:00,42.9139,-74.1301,1387.375,129.95062255859375,298.83251953125,296.918701171875,97413.6875,42.67708206176758,6.1785989820106,15.45413719712322,1,0,EF1,EST-5,04-SEP-11 16:25:00
291036,2011-02-28T18:00:00+00:00,35.3094,-86.105,825.9375,68.48438262939453,293.05291748046875,290.5569152832031,97113.0625,33.633934020996094,16.44000062152636,27.801507045621157,2,1,EF2,CST-6,28-FEB-11 12:18:00
353580,2011-11-08T05:00:00+00:00,35.1707,-97.6225,1380.1875,0.08296718448400497,289.85784912109375,288.7317810058594,96801.875,36.98627471923828,14.545783375406295,21.27139402110618,1,0,EF1,CST-6,07-NOV-11 22:47:00
302962,2011-04-28T01:00:00+00:00,35.8534,-83.7159,400.3125,66.60034942626953,294.41748046875,289.0478515625,95257.0625,36.0578498840332,13.956447176077202,34.57689417776272,0,0,EF0,EST-5,27-APR-11 20:06:00
353594,2011-11-07T21:00:00+00:00,34.33,-99.22,1687.6875,32.57815170288086,294.24609375,290.802490234375,96313.5,29.975540161132812,8.080039439346185,13.51303137174018,0,0,EF0,CST-6,07-NOV-11 14:38:00
317486,2011-02-28T18:00:00+00:00,35.2794,-86.2762,825.9375,68.48438262939453,293.05291748046875,290.5569152832031,97113.0625,33.633934020996094,16.44000062152636,27.801507045621157,0,0,EF0,CST-6,28-FEB-11 12:23:00
346394,2011-09-05T19:00:00+00:00,34.0829,-84.5627,977.75,24.406301498413086,297.557861328125,295.697265625,96820.375,55.078041076660156,12.162015259890056,20.189290540583684,1,0,EF1,EST-5,05-SEP-11 14:11:00
275392,2011-02-24T22:00:00+00:00,34.8689,-92.7551,20.9375,42.609432220458984,291.34576416015625,289.9136657714844,98448.625,37.35775375366211,16.149815348876,20.072877854170525,1,0,EF1,CST-6,24-FEB-11 16:03:00
348553,2011-09-15T20:00:00+00:00,38.3958,-75.0761,668.0,249.2188720703125,302.0556640625,291.70166015625,101003.25,41.444786071777344,3.4894293213013405,9.7627853111309,0,0,EF0,EST-5,15-SEP-11 14:35:00
328960,2011-06-12T00:00:00+00:00,36.4488,-100.4229,1772.9375,193.76568603515625,303.0625,287.9266662597656,91543.6875,35.90205001831055,3.4397828874080045,21.435597646903528,0,0,EF0,CST-6,11-JUN-11 17:49:00
328961,2011-06-12T01:00:00+00:00,36.463,-100.2241,1888.8125,228.68797302246094,301.9208984375,287.226318359375,92050.25,35.788917541503906,5.431179517937946,25.323650894693564,0,0,EF0,CST-6,11-JUN-11 18:50:00
353802,2011-11-16T15:00:00+00:00,31.9,-87.7518,794.9375,2.531289577484131,296.4892578125,294.68817138671875,100180.375,41.84444046020508,15.156567001534771,19.835972316115356,0,0,EF0,CST-6,16-NOV-11 09:00:00
353593,2011-11-07T21:00:00+00:00,34.34,-99.21,1687.6875,32.57815170288086,294.24609375,290.802490234375,96313.5,29.975540161132812,8.080039439346185,13.51303137174018,0,0,EF0,CST-6,07-NOV-11 14:39:00
302323,2011-05-23T22:00:00+00:00,46.2625,-85.7272,33.25,,287.938232421875,287.1910095214844,97020.1875,26.812482833862305,3.802744571119271,6.971251662706803,0,0,EF0,EST-5,23-MAY-11 17:15:00
272666,2011-01-01T07:00:00+00:00,33.2625,-89.2957,284.6875,5.984437465667725,291.19134521484375,290.99981689453125,99274.25,42.90553283691406,20.281714786150836,27.2213832811301,1,0,EF1,CST-6,01-JAN-11 00:40:00
272723,2011-01-01T09:00:00+00:00,32.6646,-88.8355,347.5625,2.7641615867614746,288.9783630371094,288.64617919921875,99301.3125,40.29574203491211,21.30476766239663,30.742740341439596,1,0,EF1,CST-6,01-JAN-11 02:56:00
290011,2011-03-23T23:00:00+00:00,36.099,-86.093,792.75,5.187523365020752,291.588134765625,288.7059020996094,97727.5625,28.89020538330078,13.15277702532232,22.40022046905022,1,0,EF1,CST-6,23-MAR-11 17:19:00
353589,2011-11-07T21:00:00+00:00,34.357,-99.194,1687.6875,32.57815170288086,294.24609375,290.802490234375,96313.5,29.975540161132812,8.080039439346185,13.51303137174018,4,1,EF4,CST-6,07-NOV-11 14:43:00
272674,2011-01-01T07:00:00+00:00,33.2839,-89.24,284.6875,5.984437465667725,291.19134521484375,290.99981689453125,99274.25,42.90553283691406,20.281714786150836,27.2213832811301,1,0,EF1,CST-6,01-JAN-11 00:46:00
350986,2011-11-16T18:00:00+00:00,32.5548,-85.6294,848.9375,5.265661716461182,296.7603454589844,293.62445068359375,99077.3125,40.23030090332031,15.060703881769003,21.64345872711073,1,0,EF1,CST-6,16-NOV-11 11:57:00
350981,2011-11-16T18:00:00+00:00,32.5369,-85.6566,848.9375,5.265661716461182,296.7603454589844,293.62445068359375,99077.3125,40.23030090332031,15.060703881769003,21.64345872711073,1,0,EF1,CST-6,16-NOV-11 11:52:00
353592,2011-11-07T21:00:00+00:00,34.5945,-98.961,1422.125,25.828149795532227,293.3544921875,290.575927734375,96055.5,29.642532348632812,8.22893518202334,13.329354178730956,0,0,EF0,CST-6,07-NOV-11 15:26:00
347266,2011-09-06T00:00:00+00:00,35.067,-80.556,887.25,16.765771865844727,297.9130859375,296.415771484375,98782.5625,57.46457290649414,15.643031885487204,14.756310100232971,0,0,EF0,EST-5,05-SEP-11 18:51:00
300938,2011-04-28T01:00:00+00:00,35.44,-84.41,951.8125,29.85034942626953,292.64404296875,291.193359375,96139.0625,38.9357795715332,16.89240047625064,35.2869849862149,1,0,EF1,EST-5,27-APR-11 20:20:00
293394,2011-04-27T13:00:00+00:00,35.11,-85.29,36.625,,292.598388671875,288.77374267578125,97060.8125,35.900550842285156,15.695843947318075,19.44467884512762,1,0,EF1,EST-5,27-APR-11 07:56:00
300738,2011-04-27T13:00:00+00:00,34.987,-85.271,17.5625,,292.829833984375,289.19171142578125,97356.8125,34.651527404785156,16.222785334116523,19.700868450124524,1,0,EF1,EST-5,27-APR-11 08:04:00
351329,2011-10-13T20:00:00+00:00,38.03,-78.19,514.0625,82.71882629394531,294.64453125,293.03173828125,98332.0,30.564796447753906,7.226163106555501,15.466023785410473,1,0,EF1,EST-5,13-OCT-11 14:40:00
351334,2011-10-13T21:00:00+00:00,37.4774,-77.125,648.75,11.140647888183594,296.05615234375,293.384765625,99882.4375,34.325599670410156,10.171480117433122,16.80197254548021,1,0,EF1,EST-5,13-OCT-11 15:47:00
333002,2011-07-01T21:00:00+00:00,44.166,-96.106,2822.375,282.5782165527344,304.161376953125,294.347900390625,94882.9375,40.894142150878906,2.4581257191927715,18.36235352017689,1,0,EF1,CST-6,01-JUL-11 14:50:00
332454,2011-08-26T20:00:00+00:00,38.7184,-104.8244,393.75,309.96881103515625,301.61328125,281.744140625,79560.5,25.139095306396484,0.285975927496274,2.8542040268101836,0,0,EF0,MST-7,26-AUG-11 12:45:00
302956,2011-04-28T01:00:00+00:00,35.38,-84.34,951.8125,29.85034942626953,292.64404296875,291.193359375,96139.0625,38.9357795715332,16.89240047625064,35.2869849862149,0,0,EF0,EST-5,27-APR-11 20:22:00
302843,2011-04-28T01:00:00+00:00,35.39,-84.35,951.8125,29.85034942626953,292.64404296875,291.193359375,96139.0625,38.9357795715332,16.89240047625064,35.2869849862149,0,0,EF0,EST-5,27-APR-11 20:18:00
300729,2011-04-27T23:00:00+00:00,35.35,-84.4,388.25,31.0001163482666,295.479248046875,290.6419677734375,96050.0,38.59034729003906,16.154455742430727,27.832532096784224,2,1,EF2,EST-5,27-APR-11 18:08:00
350402,2011-04-27T13:00:00+00:00,35.11,-85.15,36.625,,292.598388671875,288.77374267578125,97060.8125,35.900550842285156,15.695843947318075,19.44467884512762,0,0,EF0,EST-5,27-APR-11 08:03:00
300746,2011-04-27T19:00:00+00:00,35.04,-85.07,90.125,,298.3818359375,287.98101806640625,97100.9375,31.70699691772461,11.233318333954593,20.10468930718272,1,0,EF1,EST-5,27-APR-11 14:02:00
333006,2011-07-01T21:00:00+00:00,44.281,-96.13,3135.75,65.18760681152344,302.552001953125,295.373291015625,95177.9375,45.616798400878906,1.3217494804991432,18.967052358200934,2,1,EF2,CST-6,01-JUL-11 14:57:00
300937,2011-04-27T23:00:00+00:00,35.44,-84.42,388.25,31.0001163482666,295.479248046875,290.6419677734375,96050.0,38.59034729003906,16.154455742430727,27.832532096784224,1,0,EF1,EST-5,27-APR-11 18:10:00
347834,2011-04-27T13:00:00+00:00,34.99,-85.333,46.5,,292.196044921875,289.13507080078125,96805.8125,35.302894592285156,15.276286038306466,16.9293976964657,1,0,EF1,EST-5,27-APR-11 07:55:00
300733,2011-04-27T22:00:00+00:00,35.0681,-85.0964,491.75,11.703190803527832,294.641357421875,291.4134826660156,96490.8125,42.26659393310547,15.836398030665222,25.98145720166684,1,0,EF1,EST-5,27-APR-11 17:14:00
300734,2011-04-27T22:00:00+00:00,35.0129,-85.2144,491.75,11.703190803527832,294.641357421875,291.4134826660156,96490.8125,42.26659393310547,15.836398030665222,25.98145720166684,1,0,EF1,EST-5,27-APR-11 17:03:00
326450,2011-06-20T18:00:00+00:00,39.0373,-100.1823,1605.0,189.6720733642578,293.7822265625,289.977783203125,90600.8125,28.736896514892578,0.9971332621307382,9.768010885931933,0,0,EF0,CST-6,20-JUN-11 11:55:00
353321,2011-11-16T11:00:00+00:00,31.6608,-89.3275,308.375,2.523271322250366,294.3616943359375,293.3553466796875,99652.0,40.018768310546875,15.311775210167095,20.52402149391637,1,0,EF1,CST-6,16-NOV-11 05:03:00
300936,2011-04-27T21:00:00+00:00,35.54,-84.3,263.0,756.8595581054688,297.23046875,286.00750732421875,96085.5625,33.92964172363281,12.659671490203086,22.802117846457325,1,0,EF1,EST-5,27-APR-11 15:49:00
300935,2011-04-28T01:00:00+00:00,35.455,-84.448,951.8125,29.85034942626953,292.64404296875,291.193359375,96139.0625,38.9357795715332,16.89240047625064,35.2869849862149,1,0,EF1,EST-5,27-APR-11 20:26:00
296461,2011-04-28T00:00:00+00:00,35.8,-84.06,280.1875,56.01565170288086,295.1640625,290.19647216796875,96257.875,37.737606048583984,15.828783223985974,31.095435510707695,0,0,EF0,EST-5,27-APR-11 19:09:00
300949,2011-04-28T02:00:00+00:00,35.63,-84.13,1084.5,24.64868927001953,293.25537109375,290.89166259765625,96078.75,38.092220306396484,18.17213072710109,30.852507825891223,0,0,EF0,EST-5,27-APR-11 20:43:00
347835,2011-04-27T22:00:00+00:00,35.0986,-85.0788,491.75,11.703190803527832,294.641357421875,291.4134826660156,96490.8125,42.26659393310547,15.836398030665222,25.98145720166684,0,0,EF0,EST-5,27-APR-11 17:12:00
326454,2011-06-20T18:00:00+00:00,39.0944,-100.2126,1605.0,189.6720733642578,293.7822265625,289.977783203125,90600.8125,28.736896514892578,0.9971332621307382,9.768010885931933,0,0,EF0,CST-6,20-JUN-11 12:00:00
326478,2011-06-20T18:00:00+00:00,39.2181,-100.1619,1605.0,189.6720733642578,293.7822265625,289.977783203125,90600.8125,28.736896514892578,0.9971332621307382,9.768010885931933,0,0,EF0,CST-6,20-JUN-11 12:12:00
324618,2011-05-25T19:00:00+00:00,38.943,-91.4702,3225.75,58.390682220458984,299.18505859375,294.30810546875,97242.4375,30.25939178466797,5.687147782986305,20.949744595444393,1,0,EF1,CST-6,25-MAY-11 13:15:00
313567,2011-07-17T00:00:00+00:00,47.35,-98.31,4724.125,481.109375,304.1748046875,296.612548828125,95861.625,45.397274017333984,4.794892009173104,9.30555218275358,1,0,EF1,CST-6,16-JUL-11 18:20:00
331775,2011-07-04T22:00:00+00:00,48.97,-97.18,4509.625,127.85839080810547,303.451416015625,294.714111328125,97894.875,44.0873908996582,6.344012000832037,10.880466800876382,0,0,EF0,CST-6,04-JUL-11 16:08:00
322019,2011-07-10T21:00:00+00:00,46.17,-98.59,2907.75,209.78128051757812,303.158447265625,293.743408203125,94875.1875,37.71379470825195,3.2219581908495223,14.180583816600729,0,0,EF0,CST-6,10-JUL-11 15:04:00
336240,2011-08-18T23:00:00+00:00,42.2581,-98.3246,3539.5,122.21878051757812,298.436767578125,294.454833984375,94227.9375,42.2985725402832,0.8371964707860131,18.742750437101677,0,0,EF0,CST-6,18-AUG-11 16:48:00
335901,2011-08-12T01:00:00+00:00,42.64,-100.26,1842.25,169.421875,295.510009765625,291.834228515625,91524.5625,37.13750457763672,4.376380770897335,22.319399512490637,0,0,EF0,CST-6,11-AUG-11 18:49:00
333619,2011-07-10T22:00:00+00:00,46.11,-97.95,1206.875,234.75003051757812,302.845703125,294.39111328125,95991.5,38.502967834472656,0.3353196203156538,13.303458777745934,2,1,EF2,CST-6,10-JUL-11 15:50:00
335925,2011-08-12T02:00:00+00:00,42.4205,-100.055,2463.625,257.5312805175781,294.436767578125,291.30517578125,91786.0625,40.706424713134766,3.7671692369483396,17.035149839135663,0,0,EF0,CST-6,11-AUG-11 19:54:00
335930,2011-08-12T03:00:00+00:00,42.0726,-100.276,2563.75,321.5782470703125,291.75048828125,290.32373046875,91405.1875,40.86549758911133,1.8362173449859152,16.2277646364888,0,0,EF0,CST-6,11-AUG-11 20:53:00
308156,2011-06-23T00:00:00+00:00,38.1986,-85.7726,335.75,72.62503814697266,297.92333984375,293.08648681640625,98585.125,37.42763137817383,9.71491826154564,13.425348350403175,2,1,EF2,EST-5,22-JUN-11 19:04:00
315753,2011-06-18T22:00:00+00:00,38.7791,-102.5825,812.875,566.859375,300.07568359375,283.21099853515625,85780.375,23.481647491455078,0.08389343219194864,4.306626392373962,0,0,EF0,MST-7,18-JUN-11 15:24:00
331460,2011-07-17T17:00:00+00:00,47.8298,-99.9086,2293.375,315.6270751953125,302.24755859375,296.5869140625,95656.0625,43.852718353271484,7.352205095329514,12.257117694076065,0,0,EF0,CST-6,17-JUL-11 10:48:00
335905,2011-08-12T01:00:00+00:00,42.64,-100.26,1842.25,169.421875,295.510009765625,291.834228515625,91524.5625,37.13750457763672,4.376380770897335,22.319399512490637,1,0,EF1,CST-6,11-AUG-11 19:00:00
301495,2011-04-27T08:00:00+00:00,33.8116,-88.8454,1025.0,20.671886444091797,294.84521484375,290.97003173828125,98840.875,44.716209411621094,19.801460511252643,33.34681064598232,3,1,EF3,CST-6,27-APR-11 02:07:00
326853,2011-06-20T22:00:00+00:00,41.1923,-98.7189,2596.5,278.15631103515625,295.984375,293.15087890625,92523.375,36.375770568847656,9.97327305707781,21.370907627498262,0,0,EF0,CST-6,20-JUN-11 16:05:00
326862,2011-06-20T22:00:00+00:00,40.8031,-97.9366,2806.25,,299.07421875,293.02001953125,93302.375,33.908973693847656,12.608440647824718,18.7940251158484,2,1,EF2,CST-6,20-JUN-11 16:25:00
335933,2011-08-12T01:00:00+00:00,42.66,-99.92,2017.75,123.953125,294.944580078125,291.446533203125,92014.5625,38.28691864013672,5.663569297233415,21.827137701176053,0,0,EF0,CST-6,11-AUG-11 18:58:00
313553,2011-07-17T00:00:00+00:00,47.28,-98.33,4522.0,437.890625,304.171875,296.535400390625,95782.625,48.134578704833984,4.3349058919509735,8.5897448409182,1,0,EF1,CST-6,16-JUL-11 18:10:00
326841,2011-06-20T23:00:00+00:00,41.4276,-98.78,1571.5,379.9927978515625,294.916748046875,291.748779296875,92515.875,33.236087799072266,7.841687119064398,22.974735858260473,1,0,EF1,CST-6,20-JUN-11 16:35:00
308169,2011-06-23T02:00:00+00:00,38.1949,-85.5778,264.875,20.343908309936523,294.75927734375,292.7103271484375,98593.25,31.734785079956055,10.824449317860108,13.6294494664738,2,1,EF2,EST-5,22-JUN-11 20:34:00
326534,2011-06-20T19:00:00+00:00,39.4898,-99.872,360.625,111.46875762939453,294.39208984375,289.7451171875,91058.3125,28.208023071289062,2.7842636124386586,5.870740242181082,3,1,EF3,CST-6,20-JUN-11 12:54:00
312470,2011-07-17T18:00:00+00:00,47.62,-99.14,3786.0,438.7357177734375,302.788330078125,297.5009765625,95768.8125,46.98086929321289,6.234322247544601,13.195164479549339,1,0,EF1,CST-6,17-JUL-11 12:09:00
326552,2011-06-20T19:00:00+00:00,39.5215,-99.8788,1105.125,58.60938262939453,295.86376953125,290.3173828125,91065.3125,30.624038696289062,2.614283227800922,9.24429277082316,1,0,EF1,CST-6,20-JUN-11 12:57:00
326554,2011-06-20T19:00:00+00:00,39.5527,-99.8266,1105.125,58.60938262939453,295.86376953125,290.3173828125,91065.3125,30.624038696289062,2.614283227800922,9.24429277082316,1,0,EF1,CST-6,20-JUN-11 13:04:00
317391,2011-07-01T22:00:00+00:00,44.5412,-95.5519,3985.375,57.21890640258789,296.4482421875,293.31787109375,97127.4375,51.4832878112793,3.3986440589277582,21.460245374885247,1,0,EF1,CST-6,01-JUL-11 15:31:00
326863,2011-06-20T23:00:00+00:00,40.8285,-97.7878,2453.125,,298.714599609375,291.305419921875,93661.875,37.554447174072266,15.17060112002376,21.33552596420606,2,1,EF2,CST-6,20-JUN-11 16:40:00
327449,2011-06-21T20:00:00+00:00,43.6676,-88.8658,1328.625,69.84381103515625,300.3125,293.29443359375,97174.6875,43.333621978759766,7.245782062405558,13.862813366550574,1,0,EF1,CST-6,21-JUN-11 14:21:00
326546,2011-06-20T19:00:00+00:00,39.5667,-99.8036,445.25,,297.85986328125,290.646484375,91598.3125,27.575210571289062,3.427494561009308,9.254376516790614,2,1,EF2,CST-6,20-JUN-11 13:06:00
327296,2011-06-20T19:00:00+00:00,39.7377,-99.7765,445.25,,297.85986328125,290.646484375,91598.3125,27.575210571289062,3.427494561009308,9.254376516790614,3,1,EF3,CST-6,20-JUN-11 13:25:00
326497,2011-08-24T02:00:00+00:00,44.1826,-88.2541,1746.625,169.65640258789062,292.9619140625,291.14013671875,97537.5,35.06832504272461,4.6842633661326465,16.1101361599253,0,0,EF0,CST-6,23-AUG-11 20:05:00
295482,2011-05-21T02:00:00+00:00,46.6642,-105.3,199.5,,285.42138671875,283.91241455078125,91449.25,21.793872833251953,4.522344220795932,9.544706661061447,1,0,EF1,MST-7,20-MAY-11 19:27:00
326378,2011-06-22T18:00:00+00:00,44.9964,-85.7596,460.5,31.218782424926758,293.67822265625,291.373291015625,97673.75,35.8242073059082,5.707139047662035,8.487848874899408,0,0,EF0,EST-5,22-JUN-11 12:37:00
336469,2011-07-29T21:00:00+00:00,41.5622,-75.2641,478.125,31.48444175720215,301.871826171875,295.533935546875,96101.625,51.83220672607422,4.557016980454811,20.151107183325173,0,0,EF0,EST-5,29-JUL-11 15:48:00
331467,2011-07-17T19:00:00+00:00,47.5,-98.7229,4934.75,391.3172912597656,303.3330078125,298.0029296875,95993.5,49.34773635864258,5.2420293643285065,12.306573681293395,0,0,EF0,CST-6,17-JUL-11 12:42:00
336238,2011-08-18T22:00:00+00:00,42.2845,-98.35,3852.75,154.45150756835938,298.19140625,294.396484375,94111.75,39.1490364074707,2.713236481745991,16.288267892099064,0,0,EF0,CST-6,18-AUG-11 16:23:00
336251,2011-08-19T01:00:00+00:00,42.3,-101.39,297.25,,303.41015625,288.8834228515625,88959.5625,15.863739967346191,0.5812271378366929,15.517146113904051,0,0,EF0,CST-6,18-AUG-11 18:40:00
317404,2011-07-01T22:00:00+00:00,44.6479,-95.2209,4488.375,73.35953521728516,297.4716796875,293.88037109375,97086.4375,50.5086784362793,1.4242918750778009,22.42367013488303,1,0,EF1,CST-6,01-JUL-11 15:46:00
319162,2011-07-08T23:00:00+00:00,47.11,-102.77,1591.0,43.32816696166992,297.140380859375,293.20166015625,92080.6875,40.114776611328125,3.28176279247698,6.348066845330478,0,0,EF0,MST-7,08-JUL-11 15:35:00
319174,2011-07-09T02:00:00+00:00,46.51,-99.77,680.25,251.2953643798828,297.29931640625,292.794189453125,93699.875,46.31056213378906,8.610149005027708,19.73554014170036,0,0,EF0,CST-6,08-JUL-11 19:35:00
326864,2011-06-20T23:00:00+00:00,41.0764,-97.7156,2244.5,,297.717529296875,292.899169921875,93793.875,37.982181549072266,13.115034117510103,22.42072296737343,3,1,EF3,CST-6,20-JUN-11 17:02:00
308173,2011-06-23T02:00:00+00:00,38.2025,-85.5488,285.75,6.515783786773682,295.07373046875,292.8529052734375,98450.25,33.65763854980469,10.694752275788606,12.610688648332815,1,0,EF1,EST-5,22-JUN-11 20:38:00
325945,2011-08-24T00:00:00+00:00,44.5895,-88.4096,1917.625,16.9377498626709,293.61767578125,292.11767578125,97572.25,36.127166748046875,9.89629543957688,17.115220614823844,0,0,EF0,CST-6,23-AUG-11 17:56:00
323044,2011-06-08T22:00:00+00:00,46.99,-68.18,244.75,19.250024795532227,294.169677734375,290.5714111328125,98146.8125,42.12797927856445,10.323756955336979,18.39394758719047,0,0,EF0,EST-5,08-JUN-11 17:22:00
307278,2011-07-03T00:00:00+00:00,38.1772,-97.5361,462.25,45.875152587890625,307.37890625,287.750244140625,96262.75,35.74231719970703,2.789307429481602,3.7174083004686227,0,0,EF0,CST-6,02-JUL-11 18:03:00
337209,2011-09-27T17:00:00+00:00,41.4418,-85.9718,142.125,,287.006591796875,283.546630859375,97761.5,22.350692749023438,7.541314371332374,12.011499006792866,0,0,EF0,EST-5,27-SEP-11 11:56:00
331468,2011-07-17T19:00:00+00:00,47.36,-98.54,4932.75,289.2547912597656,303.25927734375,297.8955078125,96093.5,50.62215042114258,4.363577120908871,11.72140290565959,0,0,EF0,CST-6,17-JUL-11 13:28:00
335923,2011-08-12T01:00:00+00:00,42.64,-100.06,2017.75,123.953125,294.944580078125,291.446533203125,92014.5625,38.28691864013672,5.663569297233415,21.827137701176053,0,0,EF0,CST-6,11-AUG-11 19:22:00
338791,2011-07-08T23:00:00+00:00,47.2755,-101.7997,1542.0,300.1875305175781,299.015380859375,292.45166015625,93460.6875,40.421417236328125,8.514065342928312,13.064594754504157,0,0,EF0,CST-6,08-JUL-11 17:02:00
322007,2011-07-10T20:00:00+00:00,46.401,-99.792,2738.625,154.23439025878906,300.828369140625,290.939697265625,93661.375,38.34925079345703,1.6839702919432464,11.073851930734655,2,1,EF2,CST-6,10-JUL-11 13:40:00
319477,2011-07-13T02:00:00+00:00,39.22,-104.45,460.625,414.0727233886719,293.41455078125,290.171630859375,80360.3125,26.985960006713867,0.1802012095845074,7.35847611524603,0,0,EF0,MST-7,12-JUL-11 19:11:00
327324,2011-06-09T01:00:00+00:00,42.98,-89.584,1621.75,25.257102966308594,301.21875,293.7275390625,97552.8125,41.18776321411133,7.285339876301161,17.86223116101546,0,0,EF0,CST-6,08-JUN-11 18:41:00
330584,2011-07-17T03:00:00+00:00,46.2475,-100.0702,5113.5,248.14071655273438,302.00732421875,299.30078125,94335.375,38.11659622192383,7.97616707309146,14.609545692683088,0,0,EF0,CST-6,16-JUL-11 20:47:00
331588,2011-07-17T01:00:00+00:00,47.3923,-99.5787,3386.5,400.5001525878906,297.66162109375,293.1630859375,94708.25,40.273475646972656,5.099656392671292,13.273281450275489,0,0,EF0,CST-6,16-JUL-11 18:38:00
306521,2011-07-01T23:00:00+00:00,45.5227,-94.2668,2090.625,22.031267166137695,298.6884765625,293.683837890625,97016.75,48.51621627807617,3.640329186444793,15.36782732674827,0,0,EF0,CST-6,01-JUL-11 17:23:00
339305,2011-07-06T23:00:00+00:00,39.6808,-104.4333,1357.75,154.0469207763672,295.910400390625,288.07080078125,82795.0625,34.267356872558594,0.22546202876638652,1.4623591709063037,0,0,EF0,MST-7,06-JUL-11 16:22:00
339359,2011-08-07T21:00:00+00:00,44.2346,-83.5483,868.75,35.46883010864258,297.247314453125,294.348388671875,98246.75,40.5811882019043,2.315976184334852,5.656136345562258,0,0,EF0,EST-5,07-AUG-11 15:50:00
308547,2011-06-19T12:00:00+00:00,38.1828,-86.4981,456.6875,151.17196655273438,293.70751953125,292.698974609375,98770.4375,50.422569274902344,9.401939352040332,28.67340008729444,0,0,EF0,EST-5,19-JUN-11 06:31:00
327473,2011-06-21T21:00:00+00:00,43.7028,-88.8852,1736.375,69.00003051757812,300.42236328125,293.857666015625,97113.875,40.9893798828125,10.68140681972686,15.740712621798117,1,0,EF1,CST-6,21-JUN-11 14:31:00
328691,2011-06-20T20:00:00+00:00,39.9463,-99.6262,118.875,,298.05615234375,290.773681640625,91594.125,24.16595458984375,4.764892416448219,7.522571157448831,1,0,EF1,CST-6,20-JUN-11 13:51:00
327336,2011-06-21T00:00:00+00:00,39.8378,-100.1522,446.25,44.89080810546875,292.91650390625,287.564208984375,90599.6875,26.93256378173828,5.667192114338364,6.024628420031379,0,0,EF0,CST-6,20-JUN-11 17:44:00
327354,2011-06-20T20:00:00+00:00,39.796,-99.7207,118.875,,298.05615234375,290.773681640625,91594.125,24.16595458984375,4.764892416448219,7.522571157448831,2,1,EF2,CST-6,20-JUN-11 13:30:00
319170,2011-07-09T00:00:00+00:00,46.42,-100.64,1521.375,276.2969665527344,298.840576171875,294.28125,93938.0625,45.56118392944336,9.961573561775047,17.25342342603957,0,0,EF0,CST-6,08-JUL-11 17:38:00
319165,2011-07-08T23:00:00+00:00,47.29,-102.12,1768.875,166.6406707763672,299.120849609375,292.83447265625,93035.6875,40.376495361328125,6.890535428504762,11.223809188724704,0,0,EF0,CST-6,08-JUL-11 16:43:00
317405,2011-07-01T22:00:00+00:00,44.7979,-95.102,3483.75,24.047033309936523,296.9228515625,293.43017578125,97035.4375,50.0985221862793,3.566196225021113,20.86267674543501,1,0,EF1,CST-6,01-JUL-11 16:03:00
313231,2011-05-12T02:00:00+00:00,38.1883,-94.0372,683.75,135.2656707763672,295.958251953125,289.57525634765625,98020.0,42.16170120239258,10.621962608227475,10.45862165805859,0,0,EF0,CST-6,11-MAY-11 19:35:00
327486,2011-06-21T21:00:00+00:00,43.7837,-88.8856,1323.75,72.03128051757812,298.75146484375,293.224853515625,97344.875,41.9210205078125,9.901173234576525,15.521333215507386,1,0,EF1,CST-6,21-JUN-11 14:38:00
330415,2011-06-01T23:00:00+00:00,40.78,-99.8191,3762.75,10.531296730041504,296.0263671875,293.03094482421875,92577.0,35.44350814819336,4.566054373950294,9.427088972039462,0,0,EF0,CST-6,01-JUN-11 17:22:00
322016,2011-07-10T21:00:00+00:00,46.26,-98.84,2888.125,177.75003051757812,302.365478515625,293.095947265625,94153.1875,39.58586502075195,2.748565683137111,12.841389302217681,1,0,EF1,CST-6,10-JUL-11 14:48:00
322020,2011-07-10T22:00:00+00:00,46.19,-98.16,1057.0,240.89065551757812,303.04296875,293.87060546875,95965.5,39.660194396972656,0.7776082172391655,15.003668920979322,0,0,EF0,CST-6,10-JUL-11 15:35:00
331496,2011-07-18T00:00:00+00:00,46.21,-98.43,6937.5,814.9220581054688,304.7431640625,298.61376953125,96045.9375,48.24404525756836,1.205380607218493,8.319937134298964,0,0,EF0,CST-6,17-JUL-11 18:06:00
319474,2011-07-13T01:00:00+00:00,39.37,-104.08,993.375,201.90652465820312,294.38818359375,290.399658203125,81961.8125,30.3692569732666,0.9948850653010569,5.8869594425749,0,0,EF0,MST-7,12-JUL-11 18:24:00
308174,2011-06-22T23:00:00+00:00,38.1422,-86.0504,375.0,115.20317077636719,298.345458984375,293.21588134765625,98450.875,37.47453308105469,8.422839735869816,15.858367539321907,0,0,EF0,EST-5,22-JUN-11 18:27:00
327353,2011-06-19T21:00:00+00:00,43.4497,-88.4407,782.25,88.76567077636719,295.343017578125,290.191650390625,97427.0625,36.509010314941406,2.3457631782407455,9.326397252524412,0,0,EF0,CST-6,19-JUN-11 14:55:00
331771,2011-07-04T22:00:00+00:00,48.97,-97.27,4509.625,127.85839080810547,303.451416015625,294.714111328125,97894.875,44.0873908996582,6.344012000832037,10.880466800876382,0,0,EF0,CST-6,04-JUL-11 15:57:00
331772,2011-07-05T02:00:00+00:00,47.31,-97.11,2553.0,20.73443031311035,300.894287109375,294.798828125,97574.4375,44.36014175415039,5.257058623528879,8.766189023629398,1,0,EF1,CST-6,04-JUL-11 20:15:00
335969,2011-07-26T17:00:00+00:00,43.03,-75.34,147.875,,297.100830078125,288.20947265625,97145.5,29.350894927978516,4.03447006761432,13.48419185900703,0,0,EF0,EST-5,26-JUL-11 12:03:00
328654,2011-06-20T20:00:00+00:00,40.0079,-99.588,1049.0,,299.30712890625,291.008056640625,91529.125,29.72259521484375,4.565708657746583,9.708215556824461,1,0,EF1,CST-6,20-JUN-11 14:00:00
308544,2011-06-19T12:00:00+00:00,37.7473,-86.4204,509.0,86.39071655273438,293.25244140625,292.350341796875,98872.4375,50.972373962402344,18.218177487035376,27.90031237853266,2,1,EF2,CST-6,19-JUN-11 05:39:00
308545,2011-06-19T12:00:00+00:00,37.7413,-86.3876,509.0,86.39071655273438,293.25244140625,292.350341796875,98872.4375,50.972373962402344,18.218177487035376,27.90031237853266,0,0,EF0,CST-6,19-JUN-11 05:43:00
322113,2011-06-20T11:00:00+00:00,41.1179,-88.0257,983.0625,336.7032165527344,294.549560546875,292.20849609375,98355.0625,46.744293212890625,6.033780078843554,12.38659928263524,0,0,EF0,CST-6,20-JUN-11 05:14:00
326560,2011-06-19T00:00:00+00:00,36.9614,-96.5458,2926.125,,307.831787109375,291.82086181640625,96722.125,43.17987823486328,9.656622961702716,18.376649353426824,0,0,EF0,CST-6,18-JUN-11 18:29:00
325422,2011-06-09T20:00:00+00:00,46.798,-67.807,593.625,42.1251106262207,295.823486328125,292.6487121582031,97956.5625,31.907032012939453,4.948222093405444,11.510413363611852,0,0,EF0,EST-5,09-JUN-11 15:10:00
322014,2011-07-10T21:00:00+00:00,46.03,-99.39,2797.75,95.4843978881836,302.518798828125,292.353759765625,93472.1875,41.12102127075195,3.3548583100131255,14.492826921569089,0,0,EF0,CST-6,10-JUL-11 14:34:00
314200,2011-07-05T02:00:00+00:00,47.24,-97.07,2413.625,61.703182220458984,302.353271484375,295.0380859375,97664.4375,39.62088394165039,6.327015363719747,8.955337724744071,0,0,EF0,CST-6,04-JUL-11 20:26:00
336273,2011-07-29T21:00:00+00:00,42.74,-75.19,420.875,9.437566757202148,298.458740234375,295.689208984375,95613.625,49.38103485107422,6.972792655037181,17.503753403436196,0,0,EF0,EST-5,29-JUL-11 16:20:00
317403,2011-07-01T22:00:00+00:00,44.5866,-95.3861,3985.375,57.21890640258789,296.4482421875,293.31787109375,97127.4375,51.4832878112793,3.3986440589277582,21.460245374885247,1,0,EF1,CST-6,01-JUL-11 15:41:00
298531,2011-06-12T02:00:00+00:00,36.3568,-99.88,1467.6875,354.2379150390625,300.650146484375,288.62152099609375,92664.5625,35.77118682861328,7.730372410727321,25.35770887583771,0,0,EF0,CST-6,11-JUN-11 19:30:00
329593,2011-08-29T23:00:00+00:00,42.7497,-103.0035,542.125,106.04694366455078,296.355712890625,290.100341796875,87896.125,37.29595947265625,0.2946835958264227,14.14367337067469,0,0,EF0,MST-7,29-AUG-11 16:10:00
308161,2011-06-23T01:00:00+00:00,38.1906,-85.6192,200.625,31.218856811523438,297.52490234375,292.8762512207031,98556.0625,33.834930419921875,10.232191253855703,13.801101260350235,1,0,EF1,EST-5,22-JUN-11 20:29:00
327478,2011-06-21T21:00:00+00:00,43.7711,-88.8848,1323.75,72.03128051757812,298.75146484375,293.224853515625,97344.875,41.9210205078125,9.901173234576525,15.521333215507386,1,0,EF1,CST-6,21-JUN-11 14:36:00
326600,2011-06-19T02:00:00+00:00,36.8957,-95.8727,3550.25,660.71875,302.016357421875,295.341796875,97628.0625,47.997196197509766,12.51386802686047,18.32086475552847,0,0,EF0,CST-6,18-JUN-11 20:13:00
326606,2011-06-19T01:00:00+00:00,36.9345,-96.2705,3596.375,444.7657165527344,303.91796875,293.95068359375,97236.125,46.639060974121094,12.122829606292736,18.384282290536333,0,0,EF0,CST-6,18-JUN-11 19:10:00
333625,2011-07-10T22:00:00+00:00,46.25,-97.42,1336.625,344.1562805175781,302.7119140625,295.10498046875,96384.5,37.239295959472656,0.7749252009420651,9.056998117104625,1,0,EF1,CST-6,10-JUL-11 16:21:00
333635,2011-07-10T23:00:00+00:00,46.02,-97.11,1228.375,441.828125,302.8486328125,295.712890625,96672.75,39.01020812988281,1.4417576646181949,10.46344070162425,1,0,EF1,CST-6,10-JUL-11 16:53:00
319172,2011-07-09T00:00:00+00:00,47.47,-101.14,989.375,225.96885681152344,298.105224609375,293.03125,93670.0625,44.66469955444336,8.376336474272497,15.545252729318776,0,0,EF0,CST-6,08-JUL-11 17:59:00
325082,2011-06-09T21:00:00+00:00,41.5321,-73.2178,2928.875,260.71875,298.922119140625,294.306884765625,98587.6875,40.95964050292969,10.184095944585026,15.629759212483066,1,0,EF1,EST-5,09-JUN-11 15:48:00
337760,2011-07-16T23:00:00+00:00,47.33,-100.51,3775.125,25.375120162963867,299.796630859375,294.926513671875,94230.0,40.32997512817383,3.514463449232113,16.64162695948527,1,0,EF1,CST-6,16-JUL-11 16:46:00
313186,2011-07-20T12:00:00+00:00,48.3,-100.0,3878.625,302.02532958984375,297.13916015625,296.153076171875,94098.6875,43.00241470336914,6.087631486067144,14.902880742247243,1,0,EF1,CST-6,20-JUL-11 05:50:00
326855,2011-06-20T21:00:00+00:00,40.6421,-99.3899,889.75,441.6096496582031,299.297119140625,288.559814453125,91329.3125,30.20496368408203,4.933064208843411,15.875175305704168,0,0,EF0,CST-6,20-JUN-11 14:35:00
326856,2011-06-20T21:00:00+00:00,40.679,-99.3858,889.75,441.6096496582031,299.297119140625,288.559814453125,91329.3125,30.20496368408203,4.933064208843411,15.875175305704168,0,0,EF0,CST-6,20-JUN-11 14:45:00
330460,2011-06-02T03:00:00+00:00,39.9923,-99.4065,2434.75,92.75022888183594,294.672607421875,292.4915771484375,94135.0625,46.16423797607422,10.673988773700776,16.831216811073762,0,0,EF0,CST-6,01-JUN-11 20:40:00
301232,2011-06-20T01:00:00+00:00,38.8,-96.9,3252.0,733.6094360351562,307.249755859375,286.1319885253906,95155.1875,34.867881774902344,11.655269775394116,16.263101439458772,0,0,EF0,CST-6,19-JUN-11 19:12:00
318418,2011-06-15T01:00:00+00:00,41.2342,-98.1168,913.625,272.9062805175781,298.8759765625,292.0625,94396.3125,24.594741821289062,8.237105468263291,13.74998380721348,0,0,EF0,CST-6,14-JUN-11 19:03:00
331480,2011-07-17T23:00:00+00:00,46.49,-98.63,8045.0,530.7031860351562,304.5224609375,299.072265625,95457.5625,50.88296890258789,1.5092949252268706,9.785671372926402,3,1,EF3,CST-6,17-JUL-11 16:57:00
330580,2011-07-17T01:00:00+00:00,47.35,-99.65,3386.5,400.5001525878906,297.66162109375,293.1630859375,94708.25,40.273475646972656,5.099656392671292,13.273281450275489,0,0,EF0,CST-6,16-JUL-11 18:31:00
330790,2011-07-07T21:00:00+00:00,28.2088,-82.1615,1683.8125,61.51580047607422,297.82666015625,295.626220703125,100871.625,60.31354522705078,3.3086098763071154,5.765968924369549,0,0,EF0,EST-5,07-JUL-11 16:05:00
326857,2011-06-20T21:00:00+00:00,40.7278,-99.3941,889.75,441.6096496582031,299.297119140625,288.559814453125,91329.3125,30.20496368408203,4.933064208843411,15.875175305704168,2,1,EF2,CST-6,20-JUN-11 14:51:00
326854,2011-06-20T22:00:00+00:00,40.9393,-99.0394,1981.625,556.7969360351562,297.62109375,291.44091796875,92035.375,30.510536193847656,10.737723417846226,22.43853944874431,0,0,EF0,CST-6,20-JUN-11 15:35:00
324639,2011-06-22T02:00:00+00:00,42.0474,-87.9504,1025.125,225.2532958984375,296.376220703125,293.466064453125,97753.9375,46.576107025146484,11.08204395967347,11.507558328371145,1,0,EF1,CST-6,21-JUN-11 19:48:00
322104,2011-06-15T23:00:00+00:00,41.606,-87.5823,274.75,,293.771484375,290.302734375,98135.1875,35.52106475830078,8.263785264531128,10.889761570042104,0,0,EF0,CST-6,15-JUN-11 17:18:00
315747,2011-06-18T22:00:00+00:00,38.9136,-102.9502,753.25,576.46875,299.99462890625,282.33404541015625,85354.375,22.042194366455078,0.18538665601003168,4.68707413831285,0,0,EF0,MST-7,18-JUN-11 14:52:00
331787,2011-07-15T09:00:00+00:00,46.93,-98.03,3177.875,39.10615539550781,294.144287109375,293.86083984375,95874.5,46.50126647949219,6.061829352677493,12.064927411348128,1,0,EF1,CST-6,15-JUL-11 02:40:00
317381,2011-07-01T22:00:00+00:00,44.51,-95.54,3985.375,57.21890640258789,296.4482421875,293.31787109375,97127.4375,51.4832878112793,3.3986440589277582,21.460245374885247,1,0,EF1,CST-6,01-JUL-11 15:31:00
317401,2011-07-01T22:00:00+00:00,44.5418,-95.4445,3985.375,57.21890640258789,296.4482421875,293.31787109375,97127.4375,51.4832878112793,3.3986440589277582,21.460245374885247,1,0,EF1,CST-6,01-JUL-11 15:36:00
310786,2011-06-01T23:00:00+00:00,42.1541,-72.0677,2515.25,256.10943603515625,296.6923828125,293.10125732421875,98651.0,35.28823471069336,15.611345418820912,21.710201845422947,0,0,EF0,EST-5,01-JUN-11 18:10:00
347143,2011-09-05T00:00:00+00:00,30.7677,-89.1647,354.5,0.15738967061042786,298.159912109375,297.48876953125,99411.8125,63.40333938598633,13.649222648585711,18.635207594542486,1,0,EF1,CST-6,04-SEP-11 18:10:00
347147,2011-09-04T06:00:00+00:00,30.4527,-88.1098,963.875,6.203372478485107,299.274658203125,297.671630859375,100362.125,58.73764419555664,10.772753580169343,8.6264703555805,1,0,EF1,CST-6,04-SEP-11 00:02:00
348412,2011-09-07T00:00:00+00:00,34.8092,-79.0624,846.75,156.6875457763672,299.4794921875,295.895263671875,100354.625,53.550052642822266,12.269538519762506,16.448597916665406,0,0,EF0,EST-5,06-SEP-11 18:41:00
328926,2011-06-12T00:00:00+00:00,36.9806,-101.0535,1838.4375,124.84381103515625,301.79296875,288.6034240722656,91148.6875,36.37470626831055,3.365532321347756,18.34141226744262,1,0,EF1,CST-6,11-JUN-11 18:11:00
350145,2011-09-05T17:00:00+00:00,32.7789,-87.4965,533.25,0.6250409483909607,296.434814453125,295.375732421875,98919.875,64.17198944091797,16.712757334842408,21.77549209097764,0,0,EF0,CST-6,05-SEP-11 11:00:00
348663,2011-11-08T20:00:00+00:00,31.8439,-94.7578,914.1875,8.110668182373047,298.318115234375,292.720947265625,99610.9375,38.52240753173828,12.282159734100976,16.79121353782077,1,0,EF1,CST-6,08-NOV-11 14:04:00
347160,2011-09-04T10:00:00+00:00,30.7229,-86.558,844.0,5.453274250030518,297.605712890625,297.140380859375,100338.1875,59.905513763427734,12.739687244796023,12.657383207014782,0,0,EF0,CST-6,04-SEP-11 04:15:00
347155,2011-09-04T08:00:00+00:00,30.3906,-87.4509,738.5,11.128450393676758,298.56396484375,297.109619140625,100456.25,58.5577507019043,11.169679511922924,6.132661773394448,1,0,EF1,CST-6,04-SEP-11 02:22:00
347199,2011-09-17T22:00:00+00:00,27.8685,-97.9442,1661.5625,136.1876983642578,304.072265625,295.604248046875,100688.9375,58.64091491699219,2.1306741436805656,5.668131618167082,1,0,EF1,CST-6,17-SEP-11 16:09:00
350974,2011-11-16T13:00:00+00:00,32.3633,-88.0894,253.3125,3.643909215927124,294.6159362792969,293.42242431640625,100158.6875,39.714210510253906,15.449411320658033,20.53699604216497,2,1,EF2,CST-6,16-NOV-11 07:07:00
352106,2011-06-21T01:00:00+00:00,41.4528,-96.2468,4407.5,599.6095581054688,297.46875,293.780517578125,95640.25,48.819091796875,13.39064232063924,13.50682939622385,1,0,EF1,CST-6,20-JUN-11 19:09:00
348659,2011-11-08T22:00:00+00:00,31.9182,-94.7401,339.125,5.612782001495361,293.6884765625,293.3937072753906,99728.3125,45.59130096435547,9.603908802221287,15.978013186038591,0,0,EF0,CST-6,08-NOV-11 15:34:00
350975,2011-11-16T14:00:00+00:00,32.4813,-87.8567,299.875,6.504319667816162,295.2472839355469,293.82562255859375,100417.0625,41.958892822265625,14.37858914819131,20.934399154675564,0,0,EF0,CST-6,16-NOV-11 07:32:00
350977,2011-11-16T17:00:00+00:00,32.3867,-86.2184,2308.6875,25.562557220458984,297.91131591796875,294.422607421875,99945.8125,40.97701644897461,15.878800021647521,21.233770704145634,1,0,EF1,CST-6,16-NOV-11 11:08:00
350747,2011-10-19T00:00:00+00:00,27.1045,-80.9425,205.0625,7.78135347366333,298.388427734375,296.62066650390625,100217.0625,65.23287963867188,15.032609930705108,25.791878614303897,0,0,EF0,EST-5,18-OCT-11 18:55:00
326105,2011-06-01T21:00:00+00:00,42.1107,-72.1354,2754.5,151.70314025878906,297.71337890625,293.20074462890625,98912.375,36.53020095825195,14.0641377662292,19.187182307883376,3,1,EF3,EST-5,01-JUN-11 16:09:00
348797,2011-09-03T18:00:00+00:00,30.1641,-92.1471,564.0,0.06253674626350403,297.931640625,296.912109375,99590.0625,69.86381530761719,13.987238129835688,8.390997558238883,0,0,EF0,CST-6,03-SEP-11 12:10:00
355863,2011-12-22T19:00:00+00:00,32.8692,-86.9742,574.03125,10.125004768371582,292.181640625,290.7215576171875,99425.375,44.658172607421875,18.07215284976713,26.69824457590113,0,0,EF0,CST-6,22-DEC-11 13:25:00
348672,2011-11-09T02:00:00+00:00,31.448,-93.318,458.1875,77.4165267944336,294.481689453125,292.5511169433594,100587.0,45.6491813659668,10.079467784074819,14.322955610052542,1,0,EF1,CST-6,08-NOV-11 20:26:00
348674,2011-11-09T03:00:00+00:00,31.4753,-93.2362,491.5,52.31105041503906,293.8427734375,293.12982177734375,100629.125,43.77023696899414,10.668896178387737,12.3690826001328,1,0,EF1,CST-6,08-NOV-11 20:35:00
343562,2011-09-18T23:00:00+00:00,36.5751,-94.019,982.75,57.8595085144043,292.963623046875,292.693359375,96725.625,36.7802734375,3.73751913887777,11.011721569959365,0,0,EF0,CST-6,18-SEP-11 16:30:00
355864,2011-12-22T20:00:00+00:00,32.4232,-86.9206,814.6875,0.8129134774208069,293.5736999511719,291.41070556640625,100264.5,44.98048782348633,19.53630055677172,22.857849669005688,0,0,EF0,CST-6,22-DEC-11 13:30:00
355865,2011-12-22T20:00:00+00:00,33.1828,-86.607,713.84375,1.250413417816162,292.0385437011719,290.39996337890625,99011.5,48.16212844848633,17.74601471227643,26.955733511140057,0,0,EF0,CST-6,22-DEC-11 13:42:00
348180,2011-09-26T01:00:00+00:00,33.7478,-90.6578,677.125,28.578144073486328,297.416259765625,293.35028076171875,100135.9375,47.681732177734375,14.892312241549348,22.231652019117032,1,0,EF1,CST-6,25-SEP-11 19:16:00
348882,2011-09-04T13:00:00+00:00,30.6165,-89.6558,816.125,5.139230251312256,298.51220703125,297.583984375,99696.4375,59.12024688720703,15.17112506612391,17.253677301011482,1,0,EF1,CST-6,04-SEP-11 06:43:00
348883,2011-09-04T18:00:00+00:00,30.5434,-89.12,999.875,12.281264305114746,301.135498046875,298.23583984375,99821.1875,54.68595886230469,13.185115391557948,15.640725745668359,1,0,EF1,CST-6,04-SEP-11 11:42:00
352803,2011-10-12T23:00:00+00:00,30.3097,-94.9875,206.5625,37.187652587890625,301.944580078125,292.987548828125,100158.75,33.984622955322266,3.748283073490085,14.051529563117684,0,0,EF0,CST-6,12-OCT-11 16:30:00
355904,2011-12-22T20:00:00+00:00,32.7537,-86.2916,588.25,1.578538417816162,293.3588562011719,291.32476806640625,99652.5,45.73634719848633,17.78317560688798,24.7761712218066,1,0,EF1,CST-6,22-DEC-11 14:25:00
355902,2011-12-22T20:00:00+00:00,32.6978,-86.4131,669.75,0.4379134476184845,293.2153015136719,291.27105712890625,99676.5,47.15724563598633,18.335759151263392,25.85340433429763,0,0,EF0,CST-6,22-DEC-11 14:14:00
355907,2011-12-22T21:00:00+00:00,32.9745,-86.0082,620.96875,0.21884502470493317,292.71929931640625,291.50787353515625,98748.125,42.088016510009766,20.128294784978223,26.403027393508545,0,0,EF0,CST-6,22-DEC-11 14:51:00
307046,2011-05-25T21:00:00+00:00,36.9411,-90.7165,1463.25,18.3751163482666,296.35888671875,293.842529296875,98110.625,33.02043151855469,17.39420337318935,27.8912776217772,3,1,EF3,CST-6,25-MAY-11 15:05:00
339761,2011-09-26T01:00:00+00:00,33.7866,-90.5467,689.5,34.96876907348633,296.602783203125,293.44696044921875,100147.9375,48.210052490234375,14.923791315018423,22.36386263603862,1,0,EF1,CST-6,25-SEP-11 19:29:00
300942,2011-04-28T01:00:00+00:00,35.697,-84.879,1335.6875,3.412848711013794,291.84326171875,290.921875,95562.0625,36.7453498840332,15.973707505097149,30.871855203276844,1,0,EF1,EST-5,27-APR-11 20:28:00
302474,2011-04-28T01:00:00+00:00,36.054,-83.4889,270.3125,,295.01611328125,288.69140625,95786.0625,36.5842170715332,13.638276766970613,33.89196711277352,0,0,EF0,EST-5,27-APR-11 20:24:00
348572,2011-10-05T22:00:00+00:00,47.233,-117.7657,39.625,,284.47509765625,280.459228515625,92640.6875,19.39035987854004,1.6040741409174275,6.369179683341883,0,0,EF0,PST-8,05-OCT-11 14:19:00
326129,2011-06-01T23:00:00+00:00,42.14,-72.48,2506.0,282.92193603515625,298.240234375,294.43524169921875,99274.0,34.35171127319336,14.718022614679668,21.57408611677065,1,0,EF1,EST-5,01-JUN-11 17:32:00
326133,2011-06-01T23:00:00+00:00,42.14,-72.23,2399.125,268.82818603515625,297.375,293.64910888671875,98749.0,34.20327377319336,15.091186987115437,21.752309856681343,1,0,EF1,EST-5,01-JUN-11 17:54:00
347885,2011-04-28T02:00:00+00:00,35.5467,-84.0274,840.1875,40.60181427001953,292.72802734375,290.03814697265625,94415.75,34.719173431396484,14.048058785669172,32.15841862997634,0,0,EF0,EST-5,27-APR-11 20:40:00
302486,2011-04-28T00:00:00+00:00,35.66,-84.19,489.9375,34.18752670288086,293.791015625,291.24432373046875,95973.875,38.163387298583984,16.61828655059191,31.430988781456758,0,0,EF0,EST-5,27-APR-11 19:00:00
339704,2011-09-26T01:00:00+00:00,33.7933,-90.7814,774.25,34.73439407348633,296.101806640625,293.88348388671875,100117.9375,48.877044677734375,14.093886304004137,23.636251808175942,1,0,EF1,CST-6,25-SEP-11 19:04:00
323440,2011-06-01T20:00:00+00:00,42.1,-72.75,2762.75,103.7927017211914,300.111328125,294.6017150878906,99396.6875,37.941123962402344,11.557646104637486,19.85088512899821,3,1,EF3,EST-5,01-JUN-11 15:17:00
348880,2011-09-04T02:00:00+00:00,29.8587,-89.778,803.0,14.500056266784668,300.46826171875,298.6006164550781,99921.0,60.823219299316406,8.573399511401915,12.236418568918326,1,0,EF1,CST-6,03-SEP-11 19:50:00
309095,2011-04-27T22:00:00+00:00,34.8017,-86.7855,2106.875,5.328190803527832,293.625732421875,293.2298889160156,97063.8125,43.43358612060547,17.36506576665995,28.047254109742422,4,1,EF4,CST-6,27-APR-11 15:36:00
348544,2011-09-05T22:00:00+00:00,37.94,-78.2,50.0,85.82829284667969,298.40673828125,295.256103515625,99140.875,52.68196105957031,8.135158397428059,15.924478122451834,0,0,EF0,EST-5,05-SEP-11 17:05:00
349600,2011-09-17T23:00:00+00:00,36.82,-97.932,3030.75,175.8961639404297,300.248779296875,291.67431640625,96810.5625,43.88694763183594,6.319233984198332,15.998340096483728,0,0,EF0,CST-6,17-SEP-11 16:46:00
350722,2011-04-27T23:00:00+00:00,35.2899,-84.5504,388.25,31.0001163482666,295.479248046875,290.6419677734375,96050.0,38.59034729003906,16.154455742430727,27.832532096784224,0,0,EF0,EST-5,27-APR-11 18:00:00
349327,2011-09-15T00:00:00+00:00,35.3347,-111.7056,72.375,,286.616455078125,281.611328125,79054.0,16.431201934814453,0.067201688098572,9.469167415774368,2,1,EF2,MST-7,14-SEP-11 17:23:00
315814,2011-05-24T20:00:00+00:00,36.064,-98.634,2360.875,133.60951232910156,302.71826171875,291.402587890625,94186.75,32.7850456237793,5.934194139656979,13.46243818796658,3,1,EF3,CST-6,24-MAY-11 14:21:00
351147,2011-11-16T23:00:00+00:00,35.7321,-80.2103,264.0,11.71875286102295,293.39453125,291.532470703125,98349.9375,40.566993713378906,16.802371679909545,28.843279773940743,2,1,EF2,EST-5,16-NOV-11 18:05:00
353666,2011-04-28T00:00:00+00:00,35.5324,-84.0504,246.875,66.2187728881836,293.98828125,289.90740966796875,94303.875,35.032527923583984,11.70083976361296,31.028399984479865,4,1,EF4,EST-5,27-APR-11 18:31:00
307556,2011-04-15T20:00:00+00:00,32.789,-88.241,1798.25,21.312664031982422,294.25244140625,291.42303466796875,99981.0625,37.85362243652344,19.212342917360726,19.913769166384334,2,1,EF2,CST-6,15-APR-11 14:03:00
349929,2011-08-28T08:00:00+00:00,40.73,-73.76,343.0,0.29690679907798767,297.4677734375,295.768798828125,98620.5,64.27204895019531,20.746123523707286,20.84493068420167,0,0,EF0,EST-5,28-AUG-11 03:00:00
300933,2011-04-27T19:00:00+00:00,34.9845,-85.6,242.3125,522.6953125,295.5390625,289.14996337890625,96141.9375,32.74996566772461,10.402433581482356,23.913298331093213,1,0,EF1,CST-6,27-APR-11 13:26:00
351152,2011-11-16T23:00:00+00:00,35.807,-80.0097,253.6875,20.828126907348633,293.525390625,291.271728515625,98053.9375,39.901954650878906,16.596334690130387,27.431753058620384,1,0,EF1,EST-5,16-NOV-11 18:23:00
350593,2011-10-09T06:00:00+00:00,29.366,-98.632,1490.5,9.609506607055664,294.648193359375,293.245849609375,98139.25,45.36864471435547,12.565000129492235,10.950476318463688,1,0,EF1,CST-6,09-OCT-11 00:10:00
349931,2011-08-28T09:00:00+00:00,40.7,-73.32,147.75,,297.502685546875,295.56494140625,98418.6875,65.11126708984375,19.171761485344387,20.72362583367996,0,0,EF0,EST-5,28-AUG-11 03:50:00
347950,2011-09-04T21:00:00+00:00,33.9481,-86.0423,72.375,,297.98388671875,292.715576171875,98412.6875,49.77278518676758,11.003329972372402,12.175960778361459,0,0,EF0,CST-6,04-SEP-11 14:50:00
319439,2011-07-02T23:00:00+00:00,40.16,-103.21,2940.25,117.29694366455078,300.75048828125,288.6845703125,86563.0625,38.52611541748047,0.2554418473851019,9.235075922759652,0,0,EF0,MST-7,02-JUL-11 16:11:00
319440,2011-07-03T00:00:00+00:00,40.16,-103.21,1756.625,167.60952758789062,300.6328125,286.637939453125,86525.75,34.89368438720703,0.19503122877279122,10.787839698651888,0,0,EF0,MST-7,02-JUL-11 16:38:00
301925,2011-04-27T21:00:00+00:00,34.6208,-85.9814,611.375,1.8751716613769531,293.224609375,290.21160888671875,96545.5625,39.82514953613281,13.608218051553582,26.33753351851856,4,1,EF4,CST-6,27-APR-11 15:01:00
315861,2011-05-24T23:00:00+00:00,35.242,-97.628,1800.875,114.96880340576172,295.96044921875,293.8681640625,95648.8125,44.259273529052734,13.69918995764375,16.9958476905752,0,0,EF0,CST-6,24-MAY-11 16:45:00
327434,2011-06-11T21:00:00+00:00,37.43,-103.58,1077.25,18.140756607055664,302.1181640625,282.189453125,83297.1875,22.759784698486328,0.1474633950270107,5.228530793816849,0,0,EF0,MST-7,11-JUN-11 14:07:00
332411,2011-06-11T19:00:00+00:00,37.75,-103.8,1068.125,173.12503051757812,301.4091796875,282.984619140625,84882.625,19.51387596130371,0.09870907388342513,4.564813223320084,0,0,EF0,MST-7,11-JUN-11 12:22:00
288783,2011-02-25T03:00:00+00:00,35.68,-88.1867,6.5625,0.14067243039608002,289.7159118652344,287.8477783203125,98397.875,36.6364631652832,15.995148683256657,29.913375347260974,2,1,EF2,CST-6,24-FEB-11 20:34:00
294670,2011-05-26T03:00:00+00:00,38.7016,-86.309,203.75,14.828153610229492,291.72412109375,291.1064453125,97963.25,42.593204498291016,14.408405033878664,26.282825452744657,1,0,EF1,EST-5,25-MAY-11 21:30:00
296165,2011-04-05T01:00:00+00:00,31.2665,-88.8278,124.125,1.7813711166381836,293.586181640625,292.14508056640625,100041.9375,40.46274948120117,12.950319831215976,25.095869558833122,1,0,EF1,CST-6,04-APR-11 18:43:00
315887,2011-05-24T23:00:00+00:00,35.109,-97.451,1979.125,77.65630340576172,297.09619140625,293.8662109375,95855.8125,45.712398529052734,12.529457247278224,16.96263803081114,1,0,EF1,CST-6,24-MAY-11 17:02:00
328947,2011-06-12T01:00:00+00:00,36.77,-100.82,1672.6875,160.45359802246094,300.69140625,287.641357421875,91485.25,36.630714416503906,4.676818955567395,23.84645403739619,0,0,EF0,CST-6,11-JUN-11 18:50:00
310032,2011-06-07T22:00:00+00:00,46.8797,-102.3376,173.25,,292.189453125,284.17974853515625,91814.875,19.972496032714844,1.395821587843312,15.374549778752009,0,0,EF0,MST-7,07-JUN-11 15:24:00
294677,2011-05-26T03:00:00+00:00,38.7118,-86.3088,203.75,14.828153610229492,291.72412109375,291.1064453125,97963.25,42.593204498291016,14.408405033878664,26.282825452744657,1,0,EF1,EST-5,25-MAY-11 21:31:00
294675,2011-05-26T02:00:00+00:00,38.686,-86.3403,474.75,30.84403419494629,294.143310546875,292.29241943359375,97981.75,42.372093200683594,13.043110913441666,26.178246280305885,1,0,EF1,EST-5,25-MAY-11 21:28:00
303574,2011-04-27T22:00:00+00:00,35.0248,-88.2735,1805.0,17.92194175720215,292.461669921875,292.0326232910156,97790.8125,36.36620330810547,20.029936281104618,26.60671428564403,2,1,EF2,CST-6,27-APR-11 16:11:00
299818,2011-05-26T00:00:00+00:00,39.52,-122.2,67.0,,289.6552734375,279.267333984375,99980.8125,14.006102561950684,3.2418060027156703,14.452285587957038,1,0,EF1,PST-8,25-MAY-11 16:12:00
299822,2011-05-26T02:00:00+00:00,39.598,-121.6208,67.0,,286.031982421875,279.23870849609375,98142.75,13.698263168334961,6.884557860428623,12.317197492662453,2,1,EF2,PST-8,25-MAY-11 17:45:00
317674,2011-04-23T00:00:00+00:00,38.7362,-90.9388,2306.125,18.468761444091797,293.00927734375,291.33905029296875,98031.5,37.64992904663086,8.803197768875492,22.584376190025033,1,0,EF1,CST-6,22-APR-11 18:17:00
329350,2011-06-01T20:00:00+00:00,44.4038,-70.6817,1547.25,110.5739517211914,298.748046875,291.0108947753906,97077.6875,31.895225524902344,13.595415671982774,21.87222356877679,1,0,EF1,EST-5,01-JUN-11 14:35:00
322315,2011-06-22T02:00:00+00:00,41.7621,-88.0324,893.125,158.1282958984375,296.563720703125,293.590087890625,97844.9375,45.423763275146484,12.965707862953321,12.553113946432548,1,0,EF1,CST-6,21-JUN-11 19:31:00
298357,2011-05-11T20:00:00+00:00,40.9729,-97.8778,1566.875,68.17190551757812,298.51123046875,290.2987060546875,94493.5,35.686004638671875,4.579653222168607,9.885669490573322,1,0,EF1,CST-6,11-MAY-11 13:50:00
298358,2011-05-11T20:00:00+00:00,41.1598,-97.5532,2093.75,35.921905517578125,299.23681640625,291.0614013671875,95012.5,40.355926513671875,4.521899486599731,4.780763428805567,1,0,EF1,CST-6,11-MAY-11 14:00:00
308242,2011-05-11T19:00:00+00:00,40.3484,-98.5141,1741.875,11.578279495239258,297.246337890625,289.275146484375,93842.4375,35.19293212890625,3.2693053081145447,11.857268986482406,0,0,EF0,CST-6,11-MAY-11 12:40:00
329361,2011-06-01T22:00:00+00:00,44.9087,-70.0273,2474.625,209.1875457763672,295.57373046875,291.55963134765625,97649.3125,30.10275650024414,15.182791618003195,21.37157372844933,1,0,EF1,EST-5,01-JUN-11 16:51:00
317863,2011-04-23T02:00:00+00:00,38.3599,-90.0468,1010.0625,50.877159118652344,292.961181640625,290.65606689453125,98845.0,38.555564880371094,18.204485731746267,20.457777648077894,1,0,EF1,CST-6,22-APR-11 20:02:00
314471,2011-04-19T23:00:00+00:00,39.4427,-89.825,1629.0,41.71883773803711,291.447998046875,289.5595703125,97462.4375,43.083648681640625,11.904696623285428,17.41177647545308,3,1,EF3,CST-6,19-APR-11 16:58:00
315837,2011-05-24T21:00:00+00:00,35.444,-98.287,2664.625,41.10945510864258,299.884765625,294.507080078125,94945.75,44.927581787109375,7.15187276171754,17.41438963088372,5,1,EF5,CST-6,24-MAY-11 14:50:00
283450,2011-04-10T03:00:00+00:00,42.7293,-94.8557,1491.6875,116.00003051757812,290.8779296875,288.654541015625,95400.0625,26.09416961669922,14.201803800000983,21.315757849533046,4,1,EF4,CST-6,09-APR-11 20:54:00
283213,2011-04-10T01:00:00+00:00,42.3746,-95.2424,955.375,23.81264305114746,295.134765625,290.2497253417969,95232.6875,29.002243041992188,11.931652336137539,22.460043734379223,2,1,EF2,CST-6,09-APR-11 19:29:00
283446,2011-04-10T02:00:00+00:00,42.5191,-95.1291,1598.8125,146.875,291.760009765625,288.3802795410156,95288.625,34.12584686279297,13.98009147429586,18.885832557724015,2,1,EF2,CST-6,09-APR-11 20:08:00
453165,2011-04-23T01:00:00+00:00,38.746,-90.201,1507.375,92.3853988647461,293.47900390625,291.1582946777344,98544.9375,39.88496017456055,15.299310103587574,16.872416979899608,1,0,EF1,CST-6,22-APR-11 19:22:00
302194,2011-04-04T19:00:00+00:00,35.9784,-86.6093,444.25,12.921905517578125,292.68505859375,290.81231689453125,97864.3125,38.382625579833984,18.293341021781984,31.57602902400937,1,0,EF1,CST-6,04-APR-11 13:22:00
318252,2011-02-25T04:00:00+00:00,36.0871,-86.6163,33.3125,,289.40777587890625,287.0970458984375,97853.4375,37.289825439453125,19.272640486827278,30.8859603254806,2,1,EF2,CST-6,24-FEB-11 22:02:00
316734,2011-05-23T01:00:00+00:00,43.7153,-88.9926,1134.5,4.912369251251221,291.355712890625,288.60345458984375,96731.5,36.71969985961914,12.251421896634415,21.806801194287072,0,0,EF0,CST-6,22-MAY-11 18:47:00
301945,2011-04-27T22:00:00+00:00,35.0081,-86.3193,1280.25,7.843815803527832,292.926513671875,292.2738342285156,96035.8125,43.40331268310547,14.331235128109123,30.523127412865414,3,1,EF3,CST-6,27-APR-11 16:11:00
329342,2011-06-13T01:00:00+00:00,45.2766,-103.6926,925.25,88.81253814697266,294.706787109375,287.9347839355469,89651.6875,29.901782989501953,0.13939255941340337,15.76799661202198,0,0,EF0,MST-7,12-JUN-11 17:34:00
313191,2011-06-20T19:00:00+00:00,47.5996,-102.0996,289.0,34.56250762939453,291.58935546875,290.158203125,93681.3125,31.401382446289062,0.3260042661431769,4.87430402550476,0,0,EF0,CST-6,20-JUN-11 13:22:00
313193,2011-06-20T20:00:00+00:00,46.7812,-101.4253,697.0,30.17189598083496,292.28369140625,289.594970703125,93489.125,32.83197021484375,1.8128462996692518,4.988309768288808,0,0,EF0,CST-6,20-JUN-11 13:42:00
295261,2011-03-09T15:00:00+00:00,30.547,-88.37,29.5625,9.937500953674316,292.5035400390625,291.750732421875,100959.375,37.74467468261719,19.639945234127982,25.42705394168078,1,0,EF1,CST-6,09-MAR-11 08:31:00
330631,2011-08-06T21:00:00+00:00,34.5894,-100.4482,0.0,,312.585205078125,285.10009765625,93916.5625,34.09336853027344,1.181482047061021,1.8442242706541625,0,0,EF0,CST-6,06-AUG-11 14:30:00
308216,2011-06-26T07:00:00+00:00,38.3331,-87.0275,1242.5625,47.35942077636719,294.386474609375,292.96728515625,99189.25,53.53152084350586,15.466524345827004,22.212135879747475,1,0,EF1,EST-5,26-JUN-11 01:54:00
317675,2011-04-23T02:00:00+00:00,38.3493,-90.1548,1025.6875,25.76778221130371,292.481689453125,290.34063720703125,98655.0,37.835838317871094,18.02861799768557,20.574025313237748,2,1,EF2,CST-6,22-APR-11 19:50:00
315959,2011-05-22T01:00:00+00:00,34.7805,-96.8949,3254.5,243.42198181152344,301.514892578125,295.16656494140625,96966.0625,27.203636169433594,9.71946946741143,20.210306677633696,0,0,EF0,CST-6,21-MAY-11 19:18:00
315965,2011-05-22T01:00:00+00:00,34.7867,-96.8565,3254.5,243.42198181152344,301.514892578125,295.16656494140625,96966.0625,27.203636169433594,9.71946946741143,20.210306677633696,0,0,EF0,CST-6,21-MAY-11 19:29:00
315979,2011-05-22T02:00:00+00:00,34.8009,-96.8202,3496.0,206.46881103515625,300.404052734375,295.1904296875,97304.125,27.495655059814453,11.19829665719822,20.638497683591627,1,0,EF1,CST-6,21-MAY-11 19:41:00
290411,2011-04-26T06:00:00+00:00,37.1729,-88.0616,216.25,,292.837158203125,286.5986328125,98597.4375,39.17564392089844,15.875200749534747,24.782139756599697,1,0,EF1,CST-6,25-APR-11 23:50:00
304884,2011-04-20T01:00:00+00:00,39.8979,-87.4796,989.875,45.890708923339844,290.77392578125,289.4700927734375,97733.5625,39.30064010620117,16.97499427392075,29.741862577191768,1,0,EF1,EST-5,19-APR-11 20:10:00
315889,2011-05-23T21:00:00+00:00,36.1445,-98.3439,4067.5,235.59378051757812,305.573486328125,292.3605041503906,95172.0625,34.632381439208984,2.6783421687605924,11.8764783774314,0,0,EF0,CST-6,23-MAY-11 15:26:00
319067,2011-05-22T20:00:00+00:00,45.777,-90.645,798.0,27.875017166137695,296.005126953125,285.720703125,94696.125,28.976165771484375,5.568221979832685,15.494940251238361,1,0,EF1,CST-6,22-MAY-11 13:33:00
297660,2011-04-15T22:00:00+00:00,31.624,-87.258,124.5,53.781253814697266,297.962646484375,289.8126220703125,99740.0625,33.53849792480469,11.081503524168301,18.551607645279137,2,1,EF2,CST-6,15-APR-11 16:11:00
310534,2011-04-16T00:00:00+00:00,32.0925,-88.0451,1195.375,0.5625840425491333,293.263916015625,292.36187744140625,100015.875,38.90507507324219,18.860162957992227,27.334712539741645,2,1,EF2,CST-6,15-APR-11 17:38:00
317881,2011-04-23T02:00:00+00:00,38.7277,-89.5972,1084.6875,99.73653411865234,292.899658203125,290.78009033203125,98859.0,39.410057067871094,18.103304706406757,18.137318123292744,2,1,EF2,CST-6,22-APR-11 20:10:00
317887,2011-04-23T02:00:00+00:00,38.7418,-89.5435,1044.0625,88.34590911865234,292.658447265625,290.70489501953125,98845.0,40.161033630371094,19.320191158995083,15.867552637630192,1,0,EF1,CST-6,22-APR-11 20:16:00
307277,2011-06-10T00:00:00+00:00,37.7952,-97.5864,1108.875,,303.40966796875,287.6044921875,95447.1875,29.168743133544922,12.44582625171763,17.619170947230582,0,0,EF0,CST-6,09-JUN-11 17:56:00
327885,2011-06-22T18:00:00+00:00,33.8768,-89.1858,1093.0,10.265657424926758,300.79638671875,295.093994140625,100114.75,50.2958869934082,7.68580762236356,8.987290435581688,1,0,EF1,CST-6,22-JUN-11 11:50:00
318672,2011-05-31T01:00:00+00:00,40.8897,-100.0312,2527.75,,299.80078125,290.00262451171875,90708.0625,25.315101623535156,13.820826580225729,20.099560707641153,0,0,EF0,CST-6,30-MAY-11 18:34:00
314161,2011-06-20T00:00:00+00:00,40.96,-102.48,288.75,16.875022888183594,291.730224609375,289.718505859375,87342.5625,28.154232025146484,0.17740933023990033,11.302467022058543,0,0,EF0,MST-7,19-JUN-11 16:59:00
302192,2011-04-27T11:00:00+00:00,33.9176,-87.0472,21.125,262.2391662597656,293.028076171875,291.0087890625,98466.9375,36.70220947265625,15.552702425157538,21.69083892435751,2,1,EF2,CST-6,27-APR-11 04:48:00
313017,2011-07-11T08:00:00+00:00,42.4273,-94.2883,3175.375,710.09375,297.951171875,296.044189453125,96850.4375,49.92156982421875,10.503899385552764,30.053707085227412,0,0,EF0,CST-6,11-JUL-11 01:52:00
294646,2011-05-26T02:00:00+00:00,38.299,-86.9336,143.125,19.70340919494629,294.318115234375,291.60784912109375,98535.75,41.514671325683594,15.58428441098556,25.11672104511312,2,1,EF2,EST-5,25-MAY-11 20:50:00
303243,2011-04-27T20:00:00+00:00,33.721,-89.273,2377.125,9.875123023986816,292.80078125,292.024169921875,98525.25,40.075870513916016,17.79833442904264,29.714749608463592,3,1,EF3,CST-6,27-APR-11 13:50:00
330508,2011-06-30T01:00:00+00:00,48.5279,-107.33,1524.75,,303.42333984375,288.894775390625,91362.3125,31.812950134277344,0.5075834634033963,13.767403834544801,1,0,EF1,MST-7,29-JUN-11 18:09:00
332686,2011-07-28T00:00:00+00:00,42.462,-90.473,1982.125,40.437503814697266,299.865234375,298.59423828125,97764.125,62.026634216308594,10.218349860883905,15.51157006602593,0,0,EF0,CST-6,27-JUL-11 18:18:00
316954,2011-05-22T00:00:00+00:00,34.5211,-97.0025,3353.75,335.3281555175781,301.7998046875,294.46435546875,96992.8125,29.487709045410156,8.165138743405942,18.7164773664255,0,0,EF0,CST-6,21-MAY-11 18:00:00
315948,2011-05-22T01:00:00+00:00,34.5631,-96.8064,3423.75,211.03135681152344,301.357666015625,295.45660400390625,97289.0625,29.923362731933594,9.51182428552349,19.02603808617497,1,0,EF1,CST-6,21-MAY-11 18:40:00
315932,2011-05-22T01:00:00+00:00,34.56,-96.8336,3462.375,233.06260681152344,301.437744140625,295.52593994140625,96975.0625,28.771995544433594,9.665650866791944,19.7013365623172,0,0,EF0,CST-6,21-MAY-11 18:39:00
301902,2011-04-27T21:00:00+00:00,34.662,-87.0705,987.75,35.48454666137695,294.447265625,292.07196044921875,97746.5625,43.03511047363281,16.48038883204971,29.432981598358648,4,1,EF4,CST-6,27-APR-11 15:17:00
332543,2011-02-25T03:00:00+00:00,35.6643,-88.237,6.5625,0.14067243039608002,289.7159118652344,287.8477783203125,98397.875,36.6364631652832,15.995148683256657,29.913375347260974,2,1,EF2,CST-6,24-FEB-11 20:30:00
294648,2011-05-26T02:00:00+00:00,38.4824,-86.9452,143.125,19.70340919494629,294.318115234375,291.60784912109375,98535.75,41.514671325683594,15.58428441098556,25.11672104511312,1,0,EF1,EST-5,25-MAY-11 20:54:00
332689,2011-07-25T01:00:00+00:00,43.74,-84.4003,1333.625,169.81251525878906,299.734619140625,295.230224609375,98854.75,41.70488357543945,3.5615855383083446,13.903092944709734,0,0,EF0,EST-5,24-JUL-11 19:51:00
331494,2011-08-06T00:00:00+00:00,28.87,-81.71,1996.625,15.453256607055664,301.85693359375,297.902099609375,101107.625,55.526397705078125,1.8263180371559957,2.120961494761822,0,0,EF0,EST-5,05-AUG-11 18:36:00
315986,2011-05-19T22:00:00+00:00,34.8845,-98.87,1285.75,187.28128051757812,302.48583984375,290.46142578125,94927.125,35.97460174560547,5.251658065431353,10.383325989637164,0,0,EF0,CST-6,19-MAY-11 15:50:00
313459,2011-05-25T18:00:00+00:00,39.0536,-93.7375,1097.8125,76.46883392333984,295.15576171875,290.939453125,96992.5625,32.21366882324219,8.826496197239091,19.046786818510576,0,0,EF0,CST-6,25-MAY-11 12:07:00
325873,2011-06-14T21:00:00+00:00,44.52,-99.13,653.375,7.703258037567139,293.363525390625,290.223876953125,94832.125,33.240257263183594,1.6116766910083502,4.76942168521177,0,0,EF0,CST-6,14-JUN-11 15:28:00
325878,2011-06-14T22:00:00+00:00,44.35,-98.99,247.125,0.4720318019390106,292.393798828125,289.2470703125,94798.25,33.76153564453125,2.161194250459525,12.341984087290022,0,0,EF0,CST-6,14-JUN-11 15:45:00
303562,2011-04-27T21:00:00+00:00,34.0455,-88.445,1567.0,13.328296661376953,293.8671875,293.10223388671875,98739.5625,40.60835266113281,19.491523972112226,31.16738140694012,5,1,EF5,CST-6,27-APR-11 14:42:00
321365,2011-05-20T00:00:00+00:00,34.89,-98.4129,1883.125,201.92189025878906,300.1279296875,292.557861328125,95387.625,41.102081298828125,5.880116395027683,14.823531792574032,0,0,EF0,CST-6,19-MAY-11 17:40:00
301811,2011-04-27T20:00:00+00:00,34.3109,-87.7858,1008.875,3.9219977855682373,292.7978515625,292.177490234375,97475.25,39.893253326416016,19.950569641189485,29.26977672631336,5,1,EF5,CST-6,27-APR-11 14:28:00
308979,2011-04-27T12:00:00+00:00,34.5735,-85.9678,66.125,,292.1865234375,289.734375,96910.625,35.51958465576172,15.769281171430364,20.580783396576198,1,0,EF1,CST-6,27-APR-11 05:58:00
332690,2011-07-28T01:00:00+00:00,42.3847,-89.9481,1758.0,42.90644454956055,299.285400390625,297.65673828125,97755.9375,62.88447952270508,9.982636237754837,15.345227597627828,0,0,EF0,CST-6,27-JUL-11 18:55:00
319108,2011-05-22T23:00:00+00:00,45.538,-90.4,212.0,19.17188835144043,290.91015625,289.7880859375,94529.0,28.263988494873047,13.061314816582785,19.425341131097372,0,0,EF0,CST-6,22-MAY-11 16:39:00
319110,2011-05-22T23:00:00+00:00,45.608,-90.333,212.0,19.17188835144043,290.91015625,289.7880859375,94529.0,28.263988494873047,13.061314816582785,19.425341131097372,0,0,EF0,CST-6,22-MAY-11 16:52:00
317417,2011-05-20T02:00:00+00:00,39.1793,-99.0268,1743.625,123.8907470703125,291.648193359375,289.7685546875,93677.8125,36.274078369140625,8.185112797266457,11.390319786389504,0,0,EF0,CST-6,19-MAY-11 19:30:00
313568,2011-07-17T01:00:00+00:00,48.02,-99.06,2406.75,272.5001525878906,299.88916015625,294.25390625,95775.25,38.370155334472656,3.7073832618740354,14.013885086322963,0,0,EF0,CST-6,16-JUL-11 19:18:00
313559,2011-07-17T03:00:00+00:00,47.91,-98.54,2871.375,261.6094665527344,297.21240234375,296.24609375,95770.375,38.97206497192383,7.051042137300479,12.296720258176233,0,0,EF0,CST-6,16-JUL-11 20:48:00
308190,2011-06-26T07:00:00+00:00,38.1624,-86.8076,1217.875,51.35942077636719,294.646240234375,293.08447265625,99077.25,52.56374740600586,14.950161556254379,22.243644978798137,1,0,EF1,EST-5,26-JUN-11 02:14:00
319111,2011-05-22T23:00:00+00:00,45.675,-90.256,319.625,27.56251335144043,291.4443359375,289.5,94292.0,27.818675994873047,13.362973353756027,18.93810053495802,0,0,EF0,CST-6,22-MAY-11 17:01:00
319114,2011-05-22T23:00:00+00:00,45.85,-90.076,276.875,15.234387397766113,290.7060546875,289.275390625,94258.0,27.721019744873047,13.333679636096923,19.692099412548885,0,0,EF0,CST-6,22-MAY-11 17:26:00
301882,2011-04-27T22:00:00+00:00,34.7948,-85.909,1201.75,5.312565803527832,293.092529296875,292.4378967285156,96071.8125,43.12596893310547,15.790296882257211,28.934977982690178,4,1,EF4,CST-6,27-APR-11 16:05:00
316000,2011-05-19T23:00:00+00:00,35.0795,-98.415,1994.375,211.54702758789062,300.4912109375,291.768798828125,95312.0625,39.17906951904297,7.294858361239652,15.020526596704071,0,0,EF0,CST-6,19-MAY-11 17:09:00
328689,2011-05-24T21:00:00+00:00,37.923,-100.543,76.375,,302.9541015625,274.324462890625,90209.75,13.329927444458008,4.410209183574699,7.773299483352229,0,0,EF0,CST-6,24-MAY-11 14:34:00
336346,2011-07-31T00:00:00+00:00,45.9912,-94.9418,3013.125,53.34380340576172,301.53466796875,295.667724609375,96814.0625,36.62958908081055,8.12089302647083,7.721337242145867,0,0,EF0,CST-6,30-JUL-11 18:13:00
331611,2011-07-23T03:00:00+00:00,46.94,-101.65,2912.875,95.20317840576172,294.073486328125,291.925048828125,93127.1875,36.746376037597656,7.556449501444813,17.39431556942297,0,0,EF0,CST-6,22-JUL-11 21:10:00
326861,2011-06-20T21:00:00+00:00,40.7833,-99.364,1871.25,165.84400939941406,299.405517578125,288.745361328125,91316.3125,36.15418243408203,6.515363231949318,18.050320300355214,3,1,EF3,CST-6,20-JUN-11 15:09:00
334213,2011-07-23T19:00:00+00:00,40.8082,-87.4416,1968.25,395.59747314453125,305.89404296875,295.32421875,98983.5625,50.20655059814453,5.40092740736734,7.676456280790511,0,0,EF0,CST-6,23-JUL-11 12:39:00
338707,2011-09-04T16:00:00+00:00,30.4209,-85.6946,1097.25,23.062541961669922,298.725341796875,297.4309387207031,100745.1875,57.73817443847656,11.359629397160893,7.91421807298947,0,0,EF0,CST-6,04-SEP-11 09:32:00
338722,2011-09-05T18:00:00+00:00,30.79,-85.03,628.5,107.90126037597656,302.630615234375,296.222412109375,99984.0,53.15622329711914,15.038912732917868,18.752750270709175,0,0,EF0,CST-6,05-SEP-11 11:57:00
342069,2011-10-19T01:00:00+00:00,27.0512,-80.482,393.5625,16.6207332611084,298.719970703125,297.29168701171875,100218.0,64.24945068359375,17.091689701548997,24.992005333364705,0,0,EF0,EST-5,18-OCT-11 20:20:00
337978,2011-08-25T18:00:00+00:00,28.574,-96.565,2265.75,196.5205078125,301.78662109375,296.203125,101276.5625,57.09328842163086,0.7857621653421076,5.847711255650822,0,0,EF0,CST-6,25-AUG-11 12:25:00
343871,2011-08-21T19:00:00+00:00,43.0664,-76.7855,983.5,30.047151565551758,296.356201171875,292.71240234375,99112.75,38.93427276611328,11.098687825256135,15.680911581174803,2,1,EF2,EST-5,21-AUG-11 14:15:00
332453,2011-08-24T20:00:00+00:00,38.3726,-104.6277,0.0,,307.685302734375,275.73486328125,83671.6875,18.169994354248047,0.024750875313650157,0.9231947489077479,0,0,EF0,MST-7,24-AUG-11 13:24:00
310359,2011-06-13T02:00:00+00:00,46.283,-101.916,1029.1875,2.1562838554382324,292.181884765625,289.00634765625,92491.0625,33.35034942626953,6.7754746674028175,9.088436290561132,2,1,EF2,MST-7,12-JUN-11 19:15:00
342063,2011-10-19T02:00:00+00:00,27.5606,-80.3659,184.4375,38.84406280517578,298.494140625,296.8027038574219,100146.125,69.27906799316406,15.753351321436039,25.466552216328203,0,0,EF0,EST-5,18-OCT-11 20:30:00
335363,2011-08-23T22:00:00+00:00,44.6875,-90.4707,3133.125,53.844032287597656,300.337646484375,293.08935546875,96478.1875,35.71509552001953,5.4335884852704375,11.401521574329035,2,1,EF2,CST-6,23-AUG-11 16:05:00
323238,2011-05-25T22:00:00+00:00,37.3147,-90.3437,1009.375,62.75010299682617,291.3330078125,290.35498046875,97137.3125,36.351219177246094,20.247147294864874,23.545999896660526,1,0,EF1,CST-6,25-MAY-11 15:43:00
342871,2011-09-26T02:00:00+00:00,36.7505,-87.5445,284.625,82.46886444091797,293.7919921875,289.8596496582031,98553.25,40.59488296508789,17.771069718407666,25.758117917279343,1,0,EF1,CST-6,25-SEP-11 19:50:00
343873,2011-08-21T19:00:00+00:00,43.092,-76.712,983.5,30.047151565551758,296.356201171875,292.71240234375,99112.75,38.93427276611328,11.098687825256135,15.680911581174803,2,1,EF2,EST-5,21-AUG-11 14:25:00
340522,2011-08-07T18:00:00+00:00,18.3789,-67.0956,1349.125,352.89068603515625,300.749755859375,296.60009765625,100852.0,51.75179672241211,5.734455999128137,12.591136191361482,0,0,EF0,AST-4,07-AUG-11 13:35:00
343485,2011-08-18T22:00:00+00:00,35.896,-81.143,652.25,294.7015075683594,300.79296875,290.669921875,97295.75,36.7447395324707,2.121310829588032,4.698304736499733,0,0,EF0,EST-5,18-AUG-11 16:35:00
323252,2011-05-25T22:00:00+00:00,37.4094,-90.1676,1045.0,72.89073181152344,291.4296875,290.44482421875,97482.3125,36.866844177246094,19.11175353296088,25.37957858082442,1,0,EF1,CST-6,25-MAY-11 16:26:00
333962,2011-07-10T20:00:00+00:00,38.0643,-104.7153,270.25,216.07814025878906,304.299072265625,283.761474609375,82751.375,23.8150691986084,0.24081126953252194,3.4266314432143967,0,0,EF0,MST-7,10-JUL-11 12:55:00
334526,2011-09-19T18:00:00+00:00,28.569,-81.2689,2014.625,12.515727043151855,302.524658203125,297.220703125,101372.6875,45.87796401977539,2.0357580040508036,3.2056203459490913,0,0,EF0,EST-5,19-SEP-11 13:15:00
345215,2011-04-16T22:00:00+00:00,36.8863,-77.0256,175.9375,7.281274318695068,293.991943359375,289.2884521484375,99862.6875,35.91495132446289,19.831896320832843,29.53816980556993,0,0,EF0,EST-5,16-APR-11 17:20:00
324876,2011-07-11T02:00:00+00:00,45.1965,-94.7601,1730.125,200.64071655273438,301.087646484375,295.33740234375,96684.9375,36.411537170410156,4.006484212852305,9.165191512255756,0,0,EF0,CST-6,10-JUL-11 19:47:00
335968,2011-07-26T17:00:00+00:00,43.05,-75.43,147.875,,297.100830078125,288.20947265625,97145.5,29.350894927978516,4.03447006761432,13.48419185900703,0,0,EF0,EST-5,26-JUL-11 11:55:00
340093,2011-08-18T14:00:00+00:00,34.0311,-77.8923,1499.0,42.26515197753906,298.998291015625,295.593994140625,101803.9375,40.734310150146484,4.036645727200083,5.4935418816520665,0,0,EF0,EST-5,18-AUG-11 09:15:00
340243,2011-05-23T22:00:00+00:00,46.2446,-85.737,79.25,,286.237060546875,285.2691345214844,97374.1875,28.147443771362305,3.959078873349789,6.94542181207124,0,0,EF0,EST-5,23-MAY-11 17:19:00
340593,2011-08-02T21:00:00+00:00,26.2,-80.25,2694.25,77.3438491821289,304.606201171875,296.322998046875,101146.3125,52.999454498291016,3.276197765561024,5.32089520897871,1,0,EF1,EST-5,02-AUG-11 16:03:00
335692,2011-07-02T01:00:00+00:00,46.3154,-91.8745,2931.0,16.6406307220459,296.09765625,293.30078125,97048.5625,48.23878860473633,5.7728298332149395,12.155705643586652,2,1,EF2,CST-6,01-JUL-11 18:51:00
333594,2011-07-20T01:00:00+00:00,45.5276,-92.2175,4891.375,554.8438110351562,303.077392578125,296.99853515625,96759.9375,58.42922592163086,8.155170308484463,16.083308702838643,0,0,EF0,CST-6,19-JUL-11 18:30:00
335315,2011-06-27T06:00:00+00:00,39.6193,-91.6991,1685.5,109.60247802734375,297.164794921875,294.676025390625,98042.5,49.022705078125,18.635126603923755,26.21331043722352,0,0,EF0,CST-6,27-JUN-11 00:09:00
305054,2011-04-25T01:00:00+00:00,31.9286,-99.5701,3151.3125,267.39105224609375,300.4970703125,290.83135986328125,94275.5625,32.222877502441406,10.257717673571246,13.38170136239233,0,0,EF0,CST-6,24-APR-11 19:27:00
303135,2011-04-27T12:00:00+00:00,36.4561,-85.707,74.5,,290.7626953125,289.0478515625,97256.625,39.52837371826172,18.058581554903128,20.488833734726267,1,0,EF1,CST-6,27-APR-11 05:47:00
339709,2011-08-03T22:00:00+00:00,34.9864,-106.4825,312.75,23.718774795532227,301.411865234375,282.286376953125,81316.125,29.25192642211914,0.2851395818496163,1.1009118559912947,0,0,EF0,MST-7,03-AUG-11 14:36:00
303336,2011-04-16T22:00:00+00:00,36.6938,-77.3024,201.0625,5.750024318695068,293.864013671875,290.3529052734375,99795.6875,36.62100601196289,19.861703244599855,28.598565985752174,1,0,EF1,EST-5,16-APR-11 16:50:00
336272,2011-07-29T20:00:00+00:00,42.41,-75.44,391.875,86.5313949584961,299.144287109375,294.8818359375,95866.375,49.43435287475586,5.118674555682579,19.28076888372487,0,0,EF0,EST-5,29-JUL-11 15:00:00
342875,2011-09-26T01:00:00+00:00,37.1725,-87.3822,189.25,125.7656478881836,291.267822265625,288.39813232421875,98671.9375,41.813568115234375,18.352230266173173,26.78111235040446,2,1,EF2,CST-6,25-SEP-11 19:25:00
345222,2011-10-29T13:00:00+00:00,27.105,-80.1599,263.0,6.859417915344238,297.83160400390625,296.45892333984375,100924.125,56.15785598754883,7.829610529069747,14.153839093019275,0,0,EF0,EST-5,29-OCT-11 08:16:00
345846,2011-10-29T13:00:00+00:00,27.1087,-80.1502,263.0,6.859417915344238,297.83160400390625,296.45892333984375,100924.125,56.15785598754883,7.829610529069747,14.153839093019275,0,0,EF0,EST-5,29-OCT-11 08:18:00
333937,2011-07-18T22:00:00+00:00,45.4511,-103.2863,2506.0,177.96884155273438,307.373046875,293.868896484375,90993.0,42.71549987792969,0.862336972565918,6.773146528393451,1,0,EF1,MST-7,18-JUL-11 14:36:00
335356,2011-06-07T03:00:00+00:00,45.8369,-108.8193,1852.0,96.32813262939453,290.616943359375,288.120361328125,87568.1875,25.124256134033203,0.4415228265823165,18.639950860348883,0,0,EF0,MST-7,06-JUN-11 19:42:00
303112,2011-04-27T12:00:00+00:00,35.5267,-85.9974,103.625,,290.8876953125,289.65625,96550.625,37.39263153076172,16.64074473147069,19.632703838137843,0,0,EF0,CST-6,27-APR-11 05:45:00
303114,2011-04-27T12:00:00+00:00,35.5676,-85.8777,103.625,,290.8876953125,289.65625,96550.625,37.39263153076172,16.64074473147069,19.632703838137843,1,0,EF1,CST-6,27-APR-11 05:50:00
303120,2011-04-27T12:00:00+00:00,36.2623,-85.4019,63.3125,137.65626525878906,290.8955078125,288.521484375,96623.625,38.68560028076172,17.939039282569986,24.449293961561672,0,0,EF0,CST-6,27-APR-11 05:49:00
331602,2011-07-23T00:00:00+00:00,46.63,-101.57,1636.875,104.18755340576172,297.031005859375,293.08648681640625,93343.8125,37.719871520996094,5.151959543083968,10.538903018569261,0,0,EF0,CST-6,22-JUL-11 17:40:00
336468,2011-07-29T21:00:00+00:00,41.5779,-75.2899,478.125,31.48444175720215,301.871826171875,295.533935546875,96101.625,51.83220672607422,4.557016980454811,20.151107183325173,1,0,EF1,EST-5,29-JUL-11 15:44:00
318582,2011-07-31T01:00:00+00:00,45.7206,-93.5155,1548.125,179.1250457763672,301.8896484375,293.78179931640625,97862.5,38.79937744140625,8.202266367101917,9.24265199169271,0,0,EF0,CST-6,30-JUL-11 19:26:00
318590,2011-07-31T01:00:00+00:00,45.7184,-93.5124,1548.125,179.1250457763672,301.8896484375,293.78179931640625,97862.5,38.79937744140625,8.202266367101917,9.24265199169271,0,0,EF0,CST-6,30-JUL-11 19:27:00
337730,2011-07-29T21:00:00+00:00,41.4045,-74.2924,359.875,148.59381103515625,303.011474609375,294.658935546875,98848.625,52.76677703857422,3.875531234367123,19.444809454255907,1,0,EF1,EST-5,29-JUL-11 15:57:00
331604,2011-07-23T01:00:00+00:00,47.59,-103.26,1184.375,115.12500762939453,298.620361328125,290.0519104003906,92625.1875,38.30486297607422,5.823903936586927,14.490505126251948,0,0,EF0,MST-7,22-JUL-11 18:23:00
303146,2011-04-27T13:00:00+00:00,36.0009,-85.1133,134.0,,290.489990234375,287.84600830078125,95122.8125,33.932777404785156,14.57450463714497,18.96933958609068,0,0,EF0,CST-6,27-APR-11 06:47:00
308969,2011-07-05T23:00:00+00:00,45.31,-93.17,1113.625,191.56256103515625,300.016845703125,292.428466796875,98132.625,32.680259704589844,3.5332022170243405,5.617179285728967,0,0,EF0,CST-6,05-JUL-11 16:45:00
331607,2011-07-23T02:00:00+00:00,46.8736,-103.2047,2636.375,341.874755859375,296.119384765625,291.298095703125,91408.625,36.52226638793945,4.560061940767931,13.792651032093357,0,0,EF0,MST-7,22-JUL-11 18:35:00
331609,2011-07-23T02:00:00+00:00,46.7,-103.09,2935.375,509.296630859375,295.651611328125,291.554931640625,91110.625,33.50078201293945,4.138097350107036,15.258831991896441,0,0,EF0,MST-7,22-JUL-11 19:05:00
326924,2011-08-18T23:00:00+00:00,42.17,-98.25,4101.0,123.53128051757812,297.065673828125,294.573974609375,94178.9375,42.3786506652832,1.3878540397082118,18.908999539799254,0,0,EF0,CST-6,18-AUG-11 16:46:00
317924,2011-05-31T02:00:00+00:00,46.6299,-96.93,1599.0,107.4531478881836,296.7255859375,294.20953369140625,96321.8125,37.059871673583984,12.527682116765389,12.950590216291697,2,1,EF2,CST-6,30-MAY-11 19:48:00
349601,2011-09-17T23:00:00+00:00,36.815,-97.887,3030.75,175.8961639404297,300.248779296875,291.67431640625,96810.5625,43.88694763183594,6.319233984198332,15.998340096483728,0,0,EF0,CST-6,17-SEP-11 16:49:00
349602,2011-09-17T23:00:00+00:00,36.784,-97.897,3030.75,175.8961639404297,300.248779296875,291.67431640625,96810.5625,43.88694763183594,6.319233984198332,15.998340096483728,0,0,EF0,CST-6,17-SEP-11 16:55:00
346825,2011-09-06T02:00:00+00:00,36.584,-80.661,857.0,22.234445571899414,294.564208984375,293.9376220703125,93740.0625,52.125205993652344,7.023692158946959,17.62205584065665,0,0,EF0,EST-5,05-SEP-11 21:03:00
297254,2011-04-16T20:00:00+00:00,35.0164,-79.1338,1580.9375,12.542108535766602,297.18896484375,293.0334777832031,99145.75,37.21216583251953,16.543491276074132,27.384608357731253,0,0,EF0,EST-5,16-APR-11 14:33:00
297492,2011-04-16T20:00:00+00:00,35.0377,-79.079,1580.9375,12.542108535766602,297.18896484375,293.0334777832031,99145.75,37.21216583251953,16.543491276074132,27.384608357731253,3,1,EF3,EST-5,16-APR-11 14:37:00
347366,2011-09-28T20:00:00+00:00,41.7803,-83.5614,44.5,,289.95703125,284.26123046875,98692.375,23.16352081298828,2.166945359500679,4.826363299830283,0,0,EF0,EST-5,28-SEP-11 14:46:00
301096,2011-04-05T09:00:00+00:00,38.9729,-76.704,23.3125,,290.558837890625,287.3109436035156,98854.375,32.43629837036133,23.91816772711821,31.027692917909885,0,0,EF0,EST-5,05-APR-11 03:56:00
340623,2011-08-10T09:00:00+00:00,36.1393,-95.138,1549.125,254.18319702148438,299.281494140625,295.167724609375,98160.1875,48.10813903808594,5.114019218317235,15.092921021382576,1,0,EF1,CST-6,10-AUG-11 02:32:00
340719,2011-08-09T18:00:00+00:00,40.2515,-74.432,374.625,96.3750991821289,301.722900390625,293.515380859375,99876.9375,54.18049621582031,6.597613727202222,12.346968016460227,0,0,EF0,EST-5,09-AUG-11 13:23:00
297552,2011-04-16T20:00:00+00:00,35.2543,-78.672,1225.5625,38.588985443115234,299.31591796875,291.3557434082031,99368.75,37.06372833251953,18.243374691122842,28.636572849183946,2,1,EF2,EST-5,16-APR-11 15:12:00
297554,2011-04-16T20:00:00+00:00,35.3346,-78.5275,1132.0625,43.979610443115234,299.73388671875,290.8537902832031,99573.75,36.91919708251953,17.438916641178228,28.13481137417153,2,1,EF2,EST-5,16-APR-11 15:25:00
340630,2011-08-10T09:00:00+00:00,36.154,-95.1184,1549.125,254.18319702148438,299.281494140625,295.167724609375,98160.1875,48.10813903808594,5.114019218317235,15.092921021382576,1,0,EF1,CST-6,10-AUG-11 02:34:00
340632,2011-08-10T09:00:00+00:00,36.1616,-95.1082,1549.125,254.18319702148438,299.281494140625,295.167724609375,98160.1875,48.10813903808594,5.114019218317235,15.092921021382576,2,1,EF2,CST-6,10-AUG-11 02:35:00
301094,2011-04-05T09:00:00+00:00,38.968,-76.716,23.3125,,290.558837890625,287.3109436035156,98854.375,32.43629837036133,23.91816772711821,31.027692917909885,0,0,EF0,EST-5,05-APR-11 03:55:00
284964,2011-02-25T04:00:00+00:00,36.1075,-86.533,64.5,,289.79644775390625,286.7269287109375,97800.4375,36.969512939453125,20.59373855673126,30.34855338594218,2,1,EF2,CST-6,24-FEB-11 22:07:00
335920,2011-08-12T01:00:00+00:00,42.5634,-100.209,1842.25,169.421875,295.510009765625,291.834228515625,91524.5625,37.13750457763672,4.376380770897335,22.319399512490637,3,1,EF3,CST-6,11-AUG-11 19:05:00
327315,2011-06-20T20:00:00+00:00,39.9001,-99.6932,118.875,,298.05615234375,290.773681640625,91594.125,24.16595458984375,4.764892416448219,7.522571157448831,3,1,EF3,CST-6,20-JUN-11 13:41:00
349364,2011-10-07T02:00:00+00:00,39.3084,-101.353,552.125,40.922035217285156,295.453125,286.518310546875,88429.8125,28.66887664794922,0.6481203224985482,22.924899695203592,1,0,EF1,CST-6,06-OCT-11 20:17:00
349525,2011-11-22T03:00:00+00:00,33.8887,-94.4157,729.03125,73.00004577636719,289.4800109863281,289.15142822265625,99600.6875,44.92302703857422,21.027114223849573,27.271982922435946,0,0,EF0,CST-6,21-NOV-11 21:12:00
297611,2011-04-16T19:00:00+00:00,35.3378,-79.313,1500.75,30.25010871887207,300.605712890625,290.64080810546875,99070.8125,36.477115631103516,16.22981455801697,29.254223440874984,0,0,EF0,EST-5,16-APR-11 13:53:00
333208,2011-07-14T02:00:00+00:00,40.2791,-98.9537,1268.25,69.28158569335938,297.9384765625,295.73193359375,93765.8125,49.48508834838867,7.773026067515545,14.610284069040585,0,0,EF0,CST-6,13-JUL-11 19:43:00
333209,2011-07-14T02:00:00+00:00,40.2688,-98.8329,1268.25,69.28158569335938,297.9384765625,295.73193359375,93765.8125,49.48508834838867,7.773026067515545,14.610284069040585,0,0,EF0,CST-6,13-JUL-11 20:04:00
332636,2011-08-09T19:00:00+00:00,43.3394,-84.3697,655.5,95.79700469970703,297.10791015625,292.44677734375,97606.375,29.30621337890625,7.989362249103095,12.256184023356601,0,0,EF0,EST-5,09-AUG-11 14:08:00
297659,2011-04-16T19:00:00+00:00,35.3632,-79.27,1500.75,30.25010871887207,300.605712890625,290.64080810546875,99070.8125,36.477115631103516,16.22981455801697,29.254223440874984,3,1,EF3,EST-5,16-APR-11 13:56:00
287675,2011-04-04T23:00:00+00:00,35.46,-84.59,25.5,51.234439849853516,293.446533203125,287.01849365234375,96956.0,33.28239822387695,12.540023228591554,30.904272601807087,0,0,EF0,EST-5,04-APR-11 17:36:00
328740,2011-05-24T22:00:00+00:00,38.153,-98.705,42.0,,298.339599609375,286.8427734375,93052.3125,21.202098846435547,10.807632467942344,10.916364595910453,2,1,EF2,CST-6,24-MAY-11 15:52:00
301093,2011-04-05T09:00:00+00:00,38.6521,-76.8901,12.375,,290.862548828125,287.4847717285156,98836.375,32.65602493286133,24.846118692850997,33.19994380278499,0,0,EF0,EST-5,05-APR-11 03:48:00
295915,2011-04-16T18:00:00+00:00,36.1733,-79.4516,1155.75,10.859399795532227,294.498779296875,289.88031005859375,98013.1875,33.138916015625,19.26996487516146,28.725541830319166,1,0,EF1,EST-5,16-APR-11 13:06:00
344066,2011-08-15T02:00:00+00:00,45.74,-100.77,2013.875,170.48440551757812,299.072265625,290.75,94176.5625,36.39728546142578,7.981176322031437,12.980953797796618,0,0,EF0,MST-7,14-AUG-11 18:35:00
344067,2011-08-15T02:00:00+00:00,45.68,-100.75,2013.875,170.48440551757812,299.072265625,290.75,94176.5625,36.39728546142578,7.981176322031437,12.980953797796618,0,0,EF0,MST-7,14-AUG-11 18:55:00
297662,2011-04-16T19:00:00+00:00,35.5432,-79.0105,1522.1875,23.20323371887207,300.116455078125,290.04119873046875,99135.8125,36.972232818603516,16.725882717019633,28.254628559101473,0,0,EF0,EST-5,16-APR-11 14:20:00
317947,2011-05-26T00:00:00+00:00,38.8597,-86.3642,764.0,11.781265258789062,293.3828125,291.415771484375,97807.8125,35.321533203125,16.103686697775885,30.11266343574096,3,1,EF3,EST-5,25-MAY-11 18:58:00
295917,2011-04-16T19:00:00+00:00,36.4501,-79.002,1296.75,10.65635871887207,295.912353515625,290.59393310546875,98363.8125,34.235904693603516,19.320255546950108,28.423965282499758,2,1,EF2,EST-5,16-APR-11 13:40:00
324661,2011-08-19T22:00:00+00:00,45.4026,-87.987,427.25,244.3126220703125,298.28662109375,290.06396484375,97992.75,30.0709285736084,8.247062525276748,12.624032075133169,1,0,EF1,CST-6,19-AUG-11 15:45:00
297671,2011-04-16T19:00:00+00:00,35.5924,-78.9242,1522.1875,23.20323371887207,300.116455078125,290.04119873046875,99135.8125,36.972232818603516,16.725882717019633,28.254628559101473,3,1,EF3,EST-5,16-APR-11 14:27:00
303096,2011-04-27T11:00:00+00:00,35.737,-86.5626,129.3125,98.72354125976562,291.107177734375,290.146484375,97310.9375,40.26373291015625,18.978121115233062,19.127848374417624,0,0,EF0,CST-6,27-APR-11 04:47:00
296274,2011-04-16T21:00:00+00:00,36.4152,-77.7031,463.0,17.359529495239258,296.561279296875,291.033203125,99531.5,37.57530212402344,19.588491840720113,29.656946378591066,2,1,EF2,EST-5,16-APR-11 16:20:00
317747,2011-05-22T00:00:00+00:00,45.042,-93.5749,155.25,661.5781860351562,295.0458984375,285.66943359375,97029.8125,23.213294982910156,6.844992179887877,17.850830247166627,0,0,EF0,CST-6,21-MAY-11 17:36:00
324662,2011-08-19T22:00:00+00:00,45.3515,-87.8798,427.25,244.3126220703125,298.28662109375,290.06396484375,97992.75,30.0709285736084,8.247062525276748,12.624032075133169,0,0,EF0,CST-6,19-AUG-11 15:57:00
318221,2011-04-27T09:00:00+00:00,35.0062,-87.9105,368.625,0.5938293933868408,293.045166015625,289.74774169921875,97519.875,43.92622756958008,20.911351380561793,34.253574364141194,0,0,EF0,CST-6,27-APR-11 03:11:00
303095,2011-04-27T11:00:00+00:00,35.6899,-86.6962,171.4375,120.31729125976562,290.998779296875,290.125,97491.9375,40.74908447265625,18.067739609166825,16.57898887351808,1,0,EF1,CST-6,27-APR-11 04:40:00
303098,2011-04-27T11:00:00+00:00,35.83,-86.46,254.6875,142.91104125976562,291.114013671875,289.9755859375,97577.9375,40.93170166015625,18.789400238283783,16.980497135702528,0,0,EF0,CST-6,27-APR-11 04:52:00
296306,2011-04-16T22:00:00+00:00,35.3636,-77.8427,970.75,38.671897888183594,296.176513671875,292.1614990234375,99795.6875,39.21182632446289,16.285913401489342,27.601554832099104,0,0,EF0,EST-5,16-APR-11 16:32:00
346863,2011-09-22T22:00:00+00:00,42.9128,-74.3034,768.0,31.07815933227539,294.13134765625,292.845458984375,98349.5625,35.776634216308594,5.408278647991902,9.556114878756285,0,0,EF0,EST-5,22-SEP-11 17:15:00
346603,2011-08-24T22:00:00+00:00,37.09,-113.18,0.25,,308.68359375,277.56103515625,85157.125,20.394832611083984,0.14404131112518848,2.062201413359073,0,0,EF0,MST-7,24-AUG-11 15:15:00
346528,2011-09-01T19:00:00+00:00,47.7763,-114.0422,368.5,3.7188241481781006,283.87548828125,282.465087890625,87112.875,11.386248588562012,0.25507054452874595,8.735220889743678,0,0,EF0,MST-7,01-SEP-11 11:55:00
340143,2011-09-05T01:00:00+00:00,31.2109,-89.2679,366.625,1.078182578086853,298.089599609375,297.1805419921875,99349.9375,63.521854400634766,14.356626882038283,19.875646222940365,0,0,EF0,CST-6,04-SEP-11 18:45:00
348750,2011-09-26T05:00:00+00:00,39.0164,-85.7424,164.625,154.31610107421875,291.0107421875,287.514892578125,97830.0,39.54052734375,19.940591745463237,22.07505524124586,1,0,EF1,EST-5,25-SEP-11 23:33:00
302282,2011-04-27T11:00:00+00:00,35.4121,-87.3206,162.5,9.098544120788574,290.556396484375,289.984375,97347.9375,36.90826416015625,15.166554286352499,22.38367375089601,1,0,EF1,CST-6,27-APR-11 04:50:00
303104,2011-04-27T11:00:00+00:00,36.1752,-86.0066,142.5625,140.77041625976562,291.143310546875,289.22265625,97239.9375,38.31939697265625,18.580079427782223,25.580923557936156,0,0,EF0,CST-6,27-APR-11 05:24:00
296491,2011-04-16T20:00:00+00:00,34.851,-78.6324,1244.3125,109.13585662841797,299.83740234375,291.7639465332031,99834.75,35.98950958251953,17.5232673492888,28.05932644870806,2,1,EF2,EST-5,16-APR-11 15:27:00
314662,2011-04-27T22:00:00+00:00,33.0606,-87.8315,4116.25,11.890690803527832,295.989990234375,295.4505920410156,99235.8125,45.70311737060547,23.131697603662,24.45538760461939,4,1,EF4,CST-6,27-APR-11 15:48:00
346785,2011-04-27T23:00:00+00:00,35.3495,-85.6526,1344.875,3.9532411098480225,292.192138671875,291.8489990234375,94939.0,41.65577697753906,13.191364840192467,34.66215672828895,0,0,EF0,CST-6,27-APR-11 17:00:00
292506,2011-04-28T03:00:00+00:00,34.7889,-83.6747,1013.25,5.421961784362793,290.9287109375,290.1907653808594,92739.8125,35.75872039794922,7.306410116048932,28.7618464319294,2,1,EF2,EST-5,27-APR-11 21:52:00
296615,2011-04-16T21:00:00+00:00,34.9065,-78.5402,1349.4375,64.46890258789062,298.843505859375,292.787109375,99900.5,36.27354431152344,20.190426642727328,28.164738020386043,2,1,EF2,EST-5,16-APR-11 15:35:00
343646,2011-08-09T00:00:00+00:00,43.0672,-89.3659,92.625,186.33189392089844,295.32177734375,292.6556396484375,97181.3125,32.66829299926758,3.556109510439991,8.478085312155967,0,0,EF0,CST-6,08-AUG-11 18:13:00
295488,2011-05-22T04:00:00+00:00,38.5768,-95.5333,2291.75,859.1250610351562,295.1005859375,290.206298828125,96816.375,27.28853416442871,15.993582768171189,14.788295562713769,1,0,EF1,CST-6,21-MAY-11 21:43:00
295478,2011-05-22T02:00:00+00:00,38.5432,-95.8968,2165.75,,295.171630859375,290.4775390625,96215.125,27.044483184814453,14.964928416105463,16.6918718881448,0,0,EF0,CST-6,21-MAY-11 20:20:00
347036,2011-09-05T21:00:00+00:00,36.371,-81.086,507.75,2.4531800746917725,293.9599609375,293.100341796875,92978.0625,48.38871765136719,5.297072931851937,19.272424344904596,1,0,EF1,EST-5,05-SEP-11 16:20:00
296652,2011-04-16T21:00:00+00:00,35.5104,-78.2618,934.0625,29.250154495239258,297.188232421875,292.025390625,99484.5,37.16612243652344,19.727183709487296,29.37563254567316,1,0,EF1,EST-5,16-APR-11 15:50:00
343150,2011-08-20T19:00:00+00:00,43.2008,-84.1374,1406.625,15.125157356262207,298.841064453125,290.4443359375,98771.5625,44.06920623779297,5.987522822023758,9.001622562971386,0,0,EF0,EST-5,20-AUG-11 14:00:00
295502,2011-05-26T23:00:00+00:00,40.3427,-76.9519,2811.875,,300.41650390625,289.942138671875,98823.0625,42.723018646240234,8.001612720099812,16.869349578966155,1,0,EF1,EST-5,26-MAY-11 18:20:00
297246,2011-04-16T21:00:00+00:00,35.658,-78.041,822.0,34.39078140258789,297.644287109375,291.6435546875,99735.5,37.36241149902344,20.18909243695004,29.887511654483824,2,1,EF2,EST-5,16-APR-11 16:12:00
329600,2011-08-23T23:00:00+00:00,44.553,-90.0331,3040.125,106.65634155273438,297.4697265625,293.475341796875,96266.1875,35.280029296875,9.864488718226708,15.974873481048798,0,0,EF0,CST-6,23-AUG-11 16:58:00
307045,2011-05-25T21:00:00+00:00,36.8147,-90.8492,1723.0,29.6094913482666,294.98193359375,293.142333984375,97645.625,30.74308967590332,19.086345966881332,27.639587853919082,3,1,EF3,CST-6,25-MAY-11 14:49:00
338776,2011-07-30T01:00:00+00:00,47.7205,-104.8104,1479.875,119.85955810546875,305.689697265625,282.3330078125,92357.875,31.742292404174805,3.393021411629811,9.63676561269902,0,0,EF0,MST-7,29-JUL-11 18:28:00
317923,2011-05-31T02:00:00+00:00,46.6007,-96.94,1599.0,107.4531478881836,296.7255859375,294.20953369140625,96321.8125,37.059871673583984,12.527682116765389,12.950590216291697,2,1,EF2,CST-6,30-MAY-11 19:46:00
295476,2011-05-22T02:00:00+00:00,38.5053,-96.0036,2165.75,,295.171630859375,290.4775390625,96215.125,27.044483184814453,14.964928416105463,16.6918718881448,3,1,EF3,CST-6,21-MAY-11 20:10:00
339863,2011-05-22T02:00:00+00:00,38.5221,-95.9498,2165.75,,295.171630859375,290.4775390625,96215.125,27.044483184814453,14.964928416105463,16.6918718881448,1,0,EF1,CST-6,21-MAY-11 20:20:00
340144,2011-09-05T01:00:00+00:00,31.5956,-89.6024,377.875,0.12505751848220825,297.724365234375,296.7869873046875,98859.9375,65.49451446533203,15.10047901530246,20.092793146084293,1,0,EF1,CST-6,04-SEP-11 19:05:00
340147,2011-09-05T04:00:00+00:00,32.0911,-89.3541,112.25,1.7500559091567993,297.496826171875,296.74658203125,98829.5625,63.918907165527344,15.419307304193598,21.707416528102108,0,0,EF0,CST-6,04-SEP-11 21:45:00
345242,2011-08-27T16:00:00+00:00,37.9341,-75.3664,493.375,11.10942268371582,297.86328125,295.943115234375,100032.6875,63.02173614501953,15.426095659214118,18.065077800430704,0,0,EF0,EST-5,27-AUG-11 10:30:00
345252,2011-08-27T13:00:00+00:00,36.7371,-75.9405,457.875,45.609432220458984,298.482666015625,296.381591796875,99486.625,65.40296173095703,19.578769962449137,21.651603030683702,0,0,EF0,EST-5,27-AUG-11 07:49:00
330634,2011-08-25T22:00:00+00:00,33.5042,-101.955,92.75,,309.34033203125,284.928955078125,90058.875,29.159584045410156,0.18647782844128294,0.384517758366531,0,0,EF0,CST-6,25-AUG-11 15:30:00
340030,2011-05-23T22:00:00+00:00,40.9201,-76.8569,790.875,14.00002670288086,294.615966796875,292.8101501464844,97931.1875,38.10447692871094,11.47700368024319,16.941212990336734,1,0,EF1,EST-5,23-MAY-11 16:40:00
293472,2011-05-23T22:00:00+00:00,40.9183,-76.8619,790.875,14.00002670288086,294.615966796875,292.8101501464844,97931.1875,38.10447692871094,11.47700368024319,16.941212990336734,1,0,EF1,EST-5,23-MAY-11 16:39:00
340033,2011-05-26T23:00:00+00:00,40.3559,-76.9345,2811.875,,300.41650390625,289.942138671875,98823.0625,42.723018646240234,8.001612720099812,16.869349578966155,1,0,EF1,EST-5,26-MAY-11 18:22:00
297839,2011-04-15T17:00:00+00:00,31.447,-88.45,2125.5,14.328154563903809,297.617919921875,293.1601867675781,100274.6875,37.680641174316406,15.732693885779218,19.523211501825976,1,0,EF1,CST-6,15-APR-11 10:43:00
311560,2011-04-27T10:00:00+00:00,33.6325,-87.6488,5.125,243.09381103515625,292.669677734375,290.931884765625,98889.6875,37.55586242675781,15.280776403382934,26.26799657911703,1,0,EF1,CST-6,27-APR-11 04:03:00
315869,2011-05-24T22:00:00+00:00,34.88,-97.732,1625.0,54.06250762939453,298.640380859375,294.20703125,95732.3125,46.78022384643555,13.739552073696569,15.976197530810126,3,1,EF3,CST-6,24-MAY-11 16:26:00
315859,2011-05-24T23:00:00+00:00,35.189,-97.67,1800.875,114.96880340576172,295.96044921875,293.8681640625,95648.8125,44.259273529052734,13.69918995764375,16.9958476905752,4,1,EF4,CST-6,24-MAY-11 16:38:00
315880,2011-05-24T23:00:00+00:00,36.034,-97.163,1228.125,40.40629959106445,296.94775390625,292.51953125,96213.8125,45.535640716552734,9.917477632186209,21.15053773031614,2,1,EF2,CST-6,24-MAY-11 16:50:00
315827,2011-05-24T21:00:00+00:00,35.35,-98.441,2926.75,36.00008010864258,298.7451171875,294.552978515625,94687.75,43.888519287109375,7.693172201199883,18.45094084728853,3,1,EF3,CST-6,24-MAY-11 14:31:00
313456,2011-05-25T18:00:00+00:00,38.8369,-93.0356,2089.875,24.453208923339844,295.81201171875,292.5888671875,97043.5625,31.408981323242188,9.31144045055616,18.568795179685097,0,0,EF0,CST-6,25-MAY-11 12:04:00
308994,2011-05-25T21:00:00+00:00,35.62,-91.41,2285.5,110.60948944091797,301.55029296875,292.192138671875,98634.625,32.20988464355469,15.375261006720196,25.447391096608232,1,0,EF1,CST-6,25-MAY-11 15:13:00
313242,2011-05-10T03:00:00+00:00,44.141,-101.704,2591.75,339.1429138183594,287.89208984375,286.1552734375,91168.3125,28.22409439086914,6.756091119422279,19.50920962643761,1,0,EF1,MST-7,09-MAY-11 19:55:00
313244,2011-05-10T04:00:00+00:00,44.23,-101.4,2765.75,557.2813110351562,288.285400390625,286.28173828125,91529.8125,27.695051193237305,7.0912375096446025,22.201790980087036,0,0,EF0,MST-7,09-MAY-11 20:45:00
297745,2011-04-15T23:00:00+00:00,31.8052,-86.9071,119.25,91.51575469970703,297.8486328125,288.7630615234375,99669.625,35.370567321777344,12.853862245470747,19.638427007278317,1,0,EF1,CST-6,15-APR-11 16:49:00
297467,2011-04-15T16:00:00+00:00,31.881,-88.42,1416.0625,8.60964584350586,297.02685546875,292.54571533203125,100039.5,36.040992736816406,18.324356693857844,17.687699965624933,0,0,EF0,CST-6,15-APR-11 10:26:00
297835,2011-04-15T17:00:00+00:00,31.429,-88.473,2125.5,14.328154563903809,297.617919921875,293.1601867675781,100274.6875,37.680641174316406,15.732693885779218,19.523211501825976,0,0,EF0,CST-6,15-APR-11 10:41:00
309488,2011-04-27T20:00:00+00:00,34.1043,-88.1479,1441.5,1.6876229047775269,293.99609375,293.347412109375,98426.25,41.349308013916016,20.176997481489142,29.19783163023677,5,1,EF5,CST-6,27-APR-11 14:05:00
304101,2011-06-21T00:00:00+00:00,42.1773,-97.485,2978.625,127.43768310546875,296.23681640625,294.044677734375,93922.6875,41.95795440673828,5.677866782192206,13.865939251254396,1,0,EF1,CST-6,20-JUN-11 18:27:00
307274,2011-06-02T01:00:00+00:00,39.21,-98.07,1831.25,266.0,298.4580078125,294.53973388671875,96422.375,45.85520935058594,14.239664343158347,18.006884465850305,0,0,EF0,CST-6,01-JUN-11 19:20:00
320657,2011-07-26T21:00:00+00:00,44.8933,-71.5167,728.375,34.468780517578125,289.24853515625,287.374755859375,94241.0625,26.957427978515625,7.534572742890174,10.830812099184412,0,0,EF0,EST-5,26-JUL-11 16:14:00
309283,2011-05-25T03:00:00+00:00,32.6709,-96.6841,1560.875,82.18762969970703,299.86279296875,292.76513671875,98415.9375,38.37253952026367,16.120421878798663,26.954916528888972,0,0,EF0,CST-6,24-MAY-11 20:48:00
313566,2011-05-25T16:00:00+00:00,38.6175,-94.6878,595.25,16.21882438659668,291.696044921875,289.3056640625,96177.0,29.866031646728516,8.16351417940862,14.404581313011695,0,0,EF0,CST-6,25-MAY-11 09:45:00
297471,2011-04-16T02:00:00+00:00,31.48,-87.684,1247.8125,1.3125780820846558,295.364990234375,293.853515625,100173.75,35.92386245727539,18.626999715600906,22.06479839576695,2,1,EF2,CST-6,15-APR-11 20:20:00
297477,2011-04-15T20:00:00+00:00,31.6869,-87.2163,165.25,120.90641021728516,298.50537109375,288.92498779296875,99930.0625,34.93272399902344,10.93967085309094,18.81879550305389,1,0,EF1,CST-6,15-APR-11 14:06:00
315350,2011-04-27T23:00:00+00:00,33.8129,-87.8108,3067.0,8.234491348266602,293.918701171875,293.8363037109375,98207.0,38.06788635253906,21.285456331930266,28.573488142738096,3,1,EF3,CST-6,27-APR-11 17:06:00
314663,2011-04-27T23:00:00+00:00,33.3512,-87.1975,2934.25,19.9219913482666,295.157958984375,294.8919677734375,98605.0,44.01808166503906,20.148836385753963,29.71633385735133,4,1,EF4,CST-6,27-APR-11 16:35:00
291695,2011-04-16T22:00:00+00:00,35.3682,-77.7923,986.75,61.671897888183594,296.217529296875,292.1136474609375,99945.6875,38.71670913696289,16.77676157796892,29.08443632264704,3,1,EF3,EST-5,16-APR-11 16:39:00
315875,2011-05-24T23:00:00+00:00,34.939,-97.67,1789.0,113.82817840576172,296.32177734375,294.314453125,95829.8125,45.039546966552734,14.579916187229305,17.60940145912864,4,1,EF4,CST-6,24-MAY-11 16:35:00
307275,2011-06-02T02:00:00+00:00,38.9534,-98.5429,1434.25,528.5625610351562,299.303466796875,292.9847412109375,95424.5,49.07124710083008,14.452192629532636,22.23853540983421,0,0,EF0,CST-6,01-JUN-11 19:48:00
309285,2011-05-25T04:00:00+00:00,32.5755,-96.1109,1175.125,213.12832641601562,298.107177734375,292.58203125,98772.0,39.55488967895508,16.993933347074123,22.621528469022543,0,0,EF0,CST-6,24-MAY-11 21:43:00
313424,2011-05-25T17:00:00+00:00,38.6619,-93.22,2848.375,24.421913146972656,294.64990234375,291.82244873046875,96732.5625,29.924339294433594,9.896501241607814,20.70497141713602,2,1,EF2,CST-6,25-MAY-11 11:22:00
313570,2011-05-25T16:00:00+00:00,38.8333,-94.6419,897.875,15.23444938659668,292.574951171875,290.0244140625,96227.0,31.295719146728516,7.408026817588926,11.699726332208064,0,0,EF0,CST-6,25-MAY-11 10:10:00
313575,2011-05-25T16:00:00+00:00,38.8831,-94.6669,897.875,15.23444938659668,292.574951171875,290.0244140625,96227.0,31.295719146728516,7.408026817588926,11.699726332208064,0,0,EF0,CST-6,25-MAY-11 10:22:00
311413,2011-05-23T23:00:00+00:00,40.8371,-75.6953,605.5,17.37504768371582,293.97412109375,291.31689453125,97011.875,37.287940979003906,10.641059243004582,16.08179547964769,0,0,EF0,EST-5,23-MAY-11 18:25:00
310083,2011-04-15T22:00:00+00:00,32.1899,-88.0057,1251.5,0.9375039935112,293.906982421875,292.7139892578125,99979.0625,38.53849792480469,15.526536946925733,22.18989451152384,3,1,EF3,CST-6,15-APR-11 16:04:00
314718,2011-04-27T23:00:00+00:00,34.2008,-87.6347,2695.125,6.062615871429443,293.552490234375,293.4827880859375,97694.0,36.73292541503906,20.637633363247392,27.66778250803614,3,1,EF3,CST-6,27-APR-11 16:30:00
291691,2011-04-16T22:00:00+00:00,35.3441,-77.8233,970.75,38.671897888183594,296.176513671875,292.1614990234375,99795.6875,39.21182632446289,16.285913401489342,27.601554832099104,0,0,EF0,EST-5,16-APR-11 16:35:00
299459,2011-04-26T20:00:00+00:00,43.2,-75.57,992.375,74.265625,298.338134765625,289.898193359375,97516.6875,30.80459976196289,8.36516283142542,17.98439400924011,1,0,EF1,EST-5,26-APR-11 15:20:00
307276,2011-06-02T05:00:00+00:00,38.74,-97.65,1183.375,577.921875,297.556396484375,292.54913330078125,96604.3125,42.42897415161133,15.674875617021664,14.964641014979538,0,0,EF0,CST-6,01-JUN-11 22:33:00
282668,2011-04-04T20:00:00+00:00,31.8,-92.13,1290.125,4.015685558319092,297.202880859375,294.4974365234375,100083.5,45.44078063964844,11.132493522075425,22.39825027291485,2,1,EF2,CST-6,04-APR-11 13:58:00
302067,2011-04-27T20:00:00+00:00,34.3528,-86.5813,657.875,3.5626227855682373,293.7802734375,291.447998046875,97455.25,39.991886138916016,14.760318258415094,26.55731410194492,4,1,EF4,CST-6,27-APR-11 14:16:00
309286,2011-05-25T01:00:00+00:00,32.8291,-96.9811,1346.625,63.12519073486328,304.62548828125,293.8944091796875,97905.0625,35.87456130981445,16.320251451512863,28.16472405441822,1,0,EF1,CST-6,24-MAY-11 19:23:00
293512,2011-05-24T00:00:00+00:00,36.5497,-87.8276,1116.75,235.48446655273438,291.17333984375,290.5094909667969,99484.6875,41.34566116333008,12.823165315662033,25.802459789939096,2,1,EF2,CST-6,23-MAY-11 17:52:00
313576,2011-05-25T17:00:00+00:00,38.9569,-94.7331,526.625,17.359413146972656,290.26318359375,286.84881591796875,96244.5625,28.671409606933594,5.899137358726769,12.053069201805593,0,0,EF0,CST-6,25-MAY-11 10:38:00
289881,2011-05-02T00:00:00+00:00,35.3763,-92.5659,516.3125,1.8752058744430542,284.244873046875,283.6797790527344,99084.75,36.708438873291016,8.54551203497512,28.62484863696523,1,0,EF1,CST-6,01-MAY-11 18:13:00
323781,2011-08-10T22:00:00+00:00,41.2095,-103.8728,509.0,55.266239166259766,299.8291015625,283.345703125,84092.8125,22.506328582763672,0.2618698787188723,2.3082560776368446,0,0,EF0,MST-7,10-AUG-11 15:00:00
325195,2011-06-20T00:00:00+00:00,40.3659,-101.5701,746.625,21.781272888183594,294.332763671875,290.510498046875,89146.5625,33.693294525146484,0.103209293389743,19.662622279481962,0,0,EF0,MST-7,19-JUN-11 17:01:00
303193,2011-04-28T10:00:00+00:00,41.73,-75.51,229.125,300.7344665527344,291.908447265625,289.6646423339844,95350.75,34.47327423095703,14.633415323419706,21.114262331009435,0,0,EF0,EST-5,28-APR-11 04:50:00
315905,2011-05-25T01:00:00+00:00,34.252,-96.76,940.625,81.35956573486328,299.27001953125,295.1346435546875,97244.0625,40.81694412231445,17.79579786559934,25.116576268604593,1,0,EF1,CST-6,24-MAY-11 18:30:00
315803,2011-05-24T20:00:00+00:00,36.059,-98.644,2360.875,133.60951232910156,302.71826171875,291.402587890625,94186.75,32.7850456237793,5.934194139656979,13.46243818796658,1,0,EF1,CST-6,24-MAY-11 14:20:00
304542,2011-06-27T02:00:00+00:00,41.96,-94.98,2801.875,2.343825340270996,294.6669921875,292.1859436035156,96054.625,44.78517532348633,9.654632859481476,7.300326763536668,1,0,EF1,CST-6,26-JUN-11 19:40:00
301846,2011-04-27T21:00:00+00:00,34.4368,-87.5307,1102.875,17.437671661376953,293.759765625,292.78582763671875,97464.5625,41.32514953613281,18.915650821553246,28.141633729384626,5,1,EF5,CST-6,27-APR-11 14:45:00
315820,2011-05-24T21:00:00+00:00,36.236,-98.507,2935.75,27.718830108642578,300.69921875,292.949462890625,94752.75,38.907073974609375,6.55552812643313,15.299990604226288,0,0,EF0,CST-6,24-MAY-11 14:47:00
311757,2011-04-16T04:00:00+00:00,32.7546,-86.1188,716.875,18.109407424926758,292.602783203125,288.77294921875,98618.375,35.41699981689453,18.37996482764327,21.229601956163037,2,1,EF2,CST-6,15-APR-11 22:26:00
320313,2011-06-13T00:00:00+00:00,45.19,-104.37,1097.5,57.609439849853516,294.55712890625,287.57855224609375,88510.5625,27.15178108215332,0.18860950896013257,11.012901739354911,1,0,EF1,MST-7,12-JUN-11 16:35:00
308464,2011-05-25T05:00:00+00:00,35.4227,-93.5302,408.5,435.9532165527344,296.282470703125,291.536865234375,97648.0,41.64122009277344,16.01524913590006,22.59827774886358,3,1,EF3,CST-6,24-MAY-11 23:25:00
308465,2011-05-25T06:00:00+00:00,35.6607,-93.1655,334.5,401.123779296875,294.994873046875,290.2259521484375,96330.4375,39.689178466796875,14.510092895734363,23.55771541217154,1,0,EF1,CST-6,24-MAY-11 23:52:00
320576,2011-06-28T01:00:00+00:00,39.4,-83.76,725.625,15.609406471252441,298.608642578125,294.211181640625,97581.0625,42.16548538208008,7.24407322782498,11.769679108382958,0,0,EF0,EST-5,27-JUN-11 19:54:00
320577,2011-06-28T01:00:00+00:00,39.013,-83.236,1292.0,5.109406471252441,298.385009765625,294.541259765625,98101.0625,49.23775100708008,8.905592888980168,12.084154860682654,0,0,EF0,EST-5,27-JUN-11 19:53:00
315816,2011-05-24T21:00:00+00:00,36.165,-98.578,2816.625,84.76570892333984,302.1201171875,290.886962890625,94122.75,35.754730224609375,5.942533489269504,15.872634338581019,3,1,EF3,CST-6,24-MAY-11 14:34:00
307634,2011-04-15T21:00:00+00:00,32.7285,-87.6276,1093.25,16.031274795532227,295.370361328125,291.98431396484375,100018.375,35.84001922607422,19.153827619672708,20.51148826799478,2,1,EF2,CST-6,15-APR-11 14:33:00
315853,2011-05-24T22:00:00+00:00,35.622,-97.856,1139.125,50.39063262939453,295.990966796875,293.900390625,95301.3125,45.99995040893555,9.017120449945283,16.645299016428226,0,0,EF0,CST-6,24-MAY-11 15:37:00
310525,2011-04-15T23:00:00+00:00,32.2884,-87.738,1291.625,4.343877792358398,293.779296875,292.1087646484375,99993.625,41.366661071777344,16.95748394245487,22.026301338568498,2,1,EF2,CST-6,15-APR-11 16:35:00
300438,2011-05-22T20:00:00+00:00,43.4091,-92.4933,1214.625,62.25001907348633,296.359619140625,290.5595703125,95413.125,28.537689208984375,10.322473886054832,20.669261285053523,2,1,EF2,CST-6,22-MAY-11 13:33:00
307175,2011-06-19T05:00:00+00:00,37.4637,-93.6265,2367.0,100.65625762939453,294.746826171875,294.035400390625,96708.875,41.53133773803711,17.33763650840869,14.380471712912463,1,0,EF1,CST-6,18-JUN-11 22:42:00
307011,2011-06-19T05:00:00+00:00,37.42,-93.32,2789.125,177.28126525878906,294.806396484375,294.190673828125,96330.875,48.04891586303711,15.513813230603812,16.01864051498709,0,0,EF0,CST-6,18-JUN-11 23:03:00
302219,2011-04-28T06:00:00+00:00,39.601,-78.479,298.5625,405.04718017578125,293.169921875,290.00604248046875,96553.875,36.61295700073242,15.538836403491837,28.81562362665029,0,0,EF0,EST-5,28-APR-11 00:35:00
302268,2011-04-28T14:00:00+00:00,39.598,-76.705,365.0,2.3438258171081543,294.287841796875,292.06854248046875,98301.625,43.20173263549805,14.439076058236555,22.347393957141644,0,0,EF0,EST-5,28-APR-11 08:54:00
322354,2011-07-19T20:00:00+00:00,29.35,-99.1832,568.75,105.34395599365234,310.302001953125,290.505859375,97536.9375,47.64625930786133,1.1371298913627945,3.40600777260436,0,0,EF0,CST-6,19-JUL-11 13:39:00
310524,2011-04-15T22:00:00+00:00,32.3089,-87.9304,1226.25,0.7187539935112,293.934326171875,292.5958251953125,100036.0625,38.18791198730469,15.147356336690866,22.500470481503424,2,1,EF2,CST-6,15-APR-11 16:19:00
311717,2011-04-16T04:00:00+00:00,32.5803,-86.5818,846.3125,8.484406471252441,292.153564453125,290.42041015625,99380.375,36.41797637939453,17.79258300695366,21.55063487447319,3,1,EF3,CST-6,15-APR-11 21:47:00
313111,2011-05-26T05:00:00+00:00,39.38,-84.41,459.75,10.890729904174805,290.378173828125,289.5234375,97828.6875,42.85636901855469,11.194433734927847,26.83693370987835,1,0,EF1,EST-5,25-MAY-11 23:30:00
324215,2011-06-12T21:00:00+00:00,39.474,-76.234,1234.625,67.84386444091797,298.267822265625,294.51123046875,100547.6875,41.31189727783203,2.0150649586840617,10.51902006943651,0,0,EF0,EST-5,12-JUN-11 15:50:00
299352,2011-05-23T23:00:00+00:00,39.2133,-85.0836,833.875,529.7031860351562,296.31591796875,290.38623046875,97622.875,31.892433166503906,10.420606061700783,18.886450393462585,0,0,EF0,EST-5,23-MAY-11 17:45:00
301104,2011-04-17T00:00:00+00:00,39.405,-77.2613,168.5625,5.578226566314697,288.057861328125,286.576171875,98126.9375,25.671655654907227,13.390580608599045,19.659622634445512,1,0,EF1,EST-5,16-APR-11 18:37:00
315890,2011-05-25T00:00:00+00:00,35.373,-97.131,1927.125,109.96891784667969,298.16455078125,294.089599609375,95972.1875,39.692527770996094,13.602071862581289,16.25827926708162,2,1,EF2,CST-6,24-MAY-11 17:36:00
301105,2011-04-17T00:00:00+00:00,39.4449,-77.1265,168.5625,5.578226566314697,288.057861328125,286.576171875,98126.9375,25.671655654907227,13.390580608599045,19.659622634445512,1,0,EF1,EST-5,16-APR-11 18:48:00
286812,2011-04-11T00:00:00+00:00,44.1687,-89.1356,1229.4375,162.40643310546875,298.36865234375,290.3634338378906,95953.875,25.677576065063477,15.766964347907626,23.710046368049916,1,0,EF1,CST-6,10-APR-11 18:06:00
313123,2011-05-26T05:00:00+00:00,39.6842,-83.4178,258.25,153.15635681152344,290.327392578125,289.564453125,97238.6875,39.27433776855469,14.035787407973,17.28806268946728,0,0,EF0,EST-5,26-MAY-11 00:26:00
313418,2011-05-25T17:00:00+00:00,38.62,-94.3008,697.0,25.906288146972656,292.29150390625,288.73846435546875,96538.5625,29.689964294433594,10.385413665987263,21.69239961389941,0,0,EF0,CST-6,25-MAY-11 10:35:00
309383,2011-05-12T01:00:00+00:00,38.0653,-94.2225,1138.75,377.9377136230469,297.46435546875,290.58489990234375,97872.375,39.884788513183594,10.974549254669155,11.295729646865325,0,0,EF0,CST-6,11-MAY-11 19:21:00
301562,2011-05-22T21:00:00+00:00,42.8558,-92.0078,1243.125,73.6093978881836,296.19921875,290.904296875,95944.25,29.96209716796875,10.384706176249688,17.068062863107,1,0,EF1,CST-6,22-MAY-11 14:37:00
297473,2011-04-15T17:00:00+00:00,32.0297,-88.2463,1416.0,35.671905517578125,297.753662109375,291.6084289550781,100168.6875,37.252906799316406,17.37038506773284,20.19420481594126,1,0,EF1,CST-6,15-APR-11 10:48:00
323595,2011-04-17T00:00:00+00:00,39.4358,-77.1476,168.5625,5.578226566314697,288.057861328125,286.576171875,98126.9375,25.671655654907227,13.390580608599045,19.659622634445512,1,0,EF1,EST-5,16-APR-11 18:47:00
320575,2011-06-28T00:00:00+00:00,38.8564,-83.8561,1845.875,3.250025510787964,298.466064453125,294.794189453125,98093.6875,48.012420654296875,8.64739638347866,12.436246371277718,1,0,EF1,EST-5,27-JUN-11 18:54:00
302172,2011-04-27T11:00:00+00:00,34.2021,-86.4063,31.4375,142.55166625976562,292.696044921875,291.1787109375,97691.9375,35.33013916015625,15.4664356950733,23.134323990823113,1,0,EF1,CST-6,27-APR-11 05:22:00
313117,2011-05-25T23:00:00+00:00,39.6546,-84.116,891.75,53.687530517578125,298.693359375,291.611328125,97332.8125,36.29047393798828,10.794374245272994,20.260887506090057,0,0,EF0,EST-5,25-MAY-11 18:10:00
304462,2011-05-22T21:00:00+00:00,42.9631,-91.7316,1294.5,80.2343978881836,295.1904296875,290.7060546875,95995.25,29.54315185546875,11.223567810499965,16.66196126838414,0,0,EF0,CST-6,22-MAY-11 15:01:00
297476,2011-04-15T17:00:00+00:00,31.551,-88.282,1803.25,41.968780517578125,297.965576171875,291.9199523925781,100297.6875,37.578102111816406,15.210720175624148,19.699572186369803,2,1,EF2,CST-6,15-APR-11 11:04:00
315848,2011-05-24T22:00:00+00:00,35.747,-97.674,965.5,44.37500762939453,298.065185546875,293.3994140625,95500.3125,45.14448165893555,10.699188167876896,16.37768917751724,3,1,EF3,CST-6,24-MAY-11 15:59:00
303149,2011-04-28T09:00:00+00:00,42.7072,-75.398,675.25,92.09921264648438,292.14453125,290.31341552734375,94912.375,34.841407775878906,13.51672959861472,26.66489666065924,1,0,EF1,EST-5,28-APR-11 03:58:00
321449,2011-06-14T19:00:00+00:00,43.3462,-100.494,1072.5,42.75012969970703,292.6044921875,289.2099609375,92732.125,28.693836212158203,1.8284800613615773,1.6808751676321048,0,0,EF0,CST-6,14-JUN-11 12:52:00
306900,2011-05-25T07:00:00+00:00,37.03,-92.84,658.125,13.81251335144043,291.88525390625,290.99468994140625,95532.6875,40.50876998901367,14.019495441352671,19.424307171673643,1,0,EF1,CST-6,25-MAY-11 00:30:00
297797,2011-04-16T05:00:00+00:00,31.203,-86.86,1311.8125,0.5123880505561829,294.619873046875,292.8014221191406,100185.5625,35.359188079833984,17.725482910633076,21.38939288091177,2,1,EF2,CST-6,15-APR-11 23:08:00
297766,2011-04-16T03:00:00+00:00,31.096,-88.253,1418.875,0.03128461912274361,294.681884765625,293.1240234375,100364.5625,36.155731201171875,17.46282906286668,20.828035989885286,0,0,EF0,CST-6,15-APR-11 21:05:00
321938,2011-06-21T02:00:00+00:00,32.95,-98.72,2110.875,,304.90478515625,290.880126953125,95854.6875,38.28850555419922,12.716700879038505,16.646674565866675,0,0,EF0,CST-6,20-JUN-11 19:46:00
325186,2011-06-20T00:00:00+00:00,40.193,-101.4924,1085.625,84.9687728881836,296.575927734375,290.480224609375,89086.5625,31.893489837646484,4.734831462955462,20.694409070236397,0,0,EF0,MST-7,19-JUN-11 16:44:00
302432,2011-04-28T05:00:00+00:00,42.18,-76.7,345.5625,56.8126106262207,292.423095703125,290.68988037109375,95708.8125,36.64437484741211,14.49408778983593,24.099971012879045,2,1,EF2,EST-5,28-APR-11 00:23:00
301087,2011-06-19T20:00:00+00:00,43.4811,-93.87,408.25,211.79701232910156,298.749755859375,292.0673828125,96496.0,31.294139862060547,1.0779563651541677,5.769475138430626,0,0,EF0,CST-6,19-JUN-11 14:00:00
301418,2011-06-20T10:00:00+00:00,41.4617,-92.6528,693.875,132.0281524658203,293.953125,292.038818359375,97319.5,47.11811828613281,2.9872398031310845,7.883370873310231,1,0,EF1,CST-6,20-JUN-11 03:59:00
306898,2011-05-25T20:00:00+00:00,36.5709,-91.2428,1910.625,11.973603248596191,297.01220703125,294.91650390625,97776.4375,32.09955596923828,16.387806889021945,25.56974041582814,1,0,EF1,CST-6,25-MAY-11 13:56:00
316783,2011-06-26T07:00:00+00:00,38.1599,-86.82,1217.875,51.35942077636719,294.646240234375,293.08447265625,99077.25,52.56374740600586,14.950161556254379,22.243644978798137,1,0,EF1,CST-6,26-JUN-11 01:12:00
296786,2011-04-16T01:00:00+00:00,31.1943,-88.4368,1409.6875,0.2968906760215759,295.68408203125,293.8780822753906,100092.75,35.397178649902344,17.894412852349916,20.953385535486415,3,1,EF3,CST-6,15-APR-11 19:05:00
324983,2011-06-15T04:00:00+00:00,39.95,-92.8989,1502.75,85.1093978881836,295.333740234375,293.54931640625,97647.125,45.072208404541016,10.64697898039635,18.61154940206643,0,0,EF0,CST-6,14-JUN-11 21:53:00
324985,2011-06-15T04:00:00+00:00,39.9506,-92.8411,1502.75,85.1093978881836,295.333740234375,293.54931640625,97647.125,45.072208404541016,10.64697898039635,18.61154940206643,0,0,EF0,CST-6,14-JUN-11 21:55:00
295371,2011-05-26T05:00:00+00:00,34.8763,-86.5956,1104.25,26.078229904174805,297.608642578125,287.41015625,98049.6875,41.22257995605469,14.339344601091256,20.66046493071364,0,0,EF0,CST-6,25-MAY-11 23:17:00
301982,2011-06-21T04:00:00+00:00,42.9462,-94.3168,2152.25,74.67732238769531,292.15771484375,291.770751953125,96055.75,43.811424255371094,10.765314920932244,13.742890515469922,1,0,EF1,CST-6,20-JUN-11 22:22:00
307012,2011-06-19T05:00:00+00:00,37.4198,-93.3188,2789.125,177.28126525878906,294.806396484375,294.190673828125,96330.875,48.04891586303711,15.513813230603812,16.01864051498709,0,0,EF0,CST-6,18-JUN-11 23:04:00
315858,2011-05-24T22:00:00+00:00,35.008,-97.961,1373.5,53.23438262939453,296.698974609375,294.09375,95405.3125,46.65620040893555,11.393667823552882,15.416480764494526,4,1,EF4,CST-6,24-MAY-11 16:06:00
302441,2011-04-28T06:00:00+00:00,42.37,-76.52,398.0,101.09406280517578,292.9638671875,291.22283935546875,95832.875,38.70670700073242,14.064571980048145,24.087678504890665,1,0,EF1,EST-5,28-APR-11 00:41:00
303106,2011-04-27T11:00:00+00:00,35.4119,-86.2643,53.875,49.37979507446289,291.332763671875,290.0166015625,96696.9375,37.81060791015625,18.053966465999224,25.85392198415508,1,0,EF1,CST-6,27-APR-11 05:15:00
296236,2011-04-28T00:00:00+00:00,32.2143,-88.4327,2632.8125,4.406275749206543,296.2724609375,295.04705810546875,99314.875,38.467098236083984,18.322040097032815,23.159079725220515,3,1,EF3,CST-6,27-APR-11 18:10:00
325083,2011-06-03T09:00:00+00:00,48.36,-97.87,720.25,281.1726989746094,291.239990234375,290.2333984375,95435.5625,37.89476013183594,8.140005046130534,1.7198889376758528,1,0,EF1,CST-6,03-JUN-11 02:40:00
295404,2011-05-26T05:00:00+00:00,34.8808,-87.416,1710.125,59.26572799682617,295.294189453125,291.00390625,98390.6875,43.34757995605469,18.39954080962524,18.543657839210468,1,0,EF1,CST-6,25-MAY-11 22:30:00
295410,2011-05-26T05:00:00+00:00,34.917,-86.8502,1677.875,6.359479904174805,296.511962890625,289.365234375,98348.6875,43.58488464355469,15.371782824399306,20.6525067171787,0,0,EF0,CST-6,25-MAY-11 23:00:00
315860,2011-05-24T23:00:00+00:00,35.305,-97.589,1624.375,95.20317840576172,295.22314453125,293.4130859375,95486.8125,43.037593841552734,13.041646944898963,16.53285337214653,0,0,EF0,CST-6,24-MAY-11 16:53:00
303154,2011-04-28T00:00:00+00:00,42.21,-77.2,421.6875,4.671900749206543,293.8466796875,290.15057373046875,95035.875,40.517879486083984,10.810885228980474,20.56233238215016,1,0,EF1,EST-5,27-APR-11 19:04:00
313247,2011-05-10T05:00:00+00:00,44.244,-102.035,2542.6875,429.28155517578125,287.404296875,286.42529296875,90790.875,25.690898895263672,8.237434563400162,23.880875730031576,0,0,EF0,MST-7,09-MAY-11 22:07:00
296776,2011-04-16T01:00:00+00:00,31.1311,-88.6325,1427.5625,0.2812656760215759,295.42138671875,293.6056213378906,100084.75,35.127647399902344,17.355174310830883,21.475998548445375,3,1,EF3,CST-6,15-APR-11 18:45:00
297847,2011-04-15T17:00:00+00:00,31.436,-88.464,2125.5,14.328154563903809,297.617919921875,293.1601867675781,100274.6875,37.680641174316406,15.732693885779218,19.523211501825976,0,0,EF0,CST-6,15-APR-11 10:42:00
295406,2011-05-26T05:00:00+00:00,34.7803,-87.1783,1747.25,25.031354904174805,295.912353515625,290.345703125,98393.6875,43.76750183105469,16.984252900585094,19.726346377115693,0,0,EF0,CST-6,25-MAY-11 22:40:00
295408,2011-05-26T05:00:00+00:00,34.8454,-87.038,1677.875,6.359479904174805,296.511962890625,289.365234375,98348.6875,43.58488464355469,15.371782824399306,20.6525067171787,0,0,EF0,CST-6,25-MAY-11 22:49:00
295412,2011-05-26T05:00:00+00:00,34.9333,-86.7836,1104.25,26.078229904174805,297.608642578125,287.41015625,98049.6875,41.22257995605469,14.339344601091256,20.66046493071364,0,0,EF0,CST-6,25-MAY-11 23:05:00
295475,2011-05-26T04:00:00+00:00,34.5929,-87.5486,1358.125,51.562599182128906,299.828125,287.9853515625,98462.8125,43.84321594238281,15.364583082866966,19.138155023691663,2,1,EF2,CST-6,25-MAY-11 22:17:00
296994,2011-05-26T05:00:00+00:00,34.7596,-86.9534,1677.875,6.359479904174805,296.511962890625,289.365234375,98348.6875,43.58488464355469,15.371782824399306,20.6525067171787,0,0,EF0,CST-6,25-MAY-11 22:55:00
295477,2011-05-26T04:00:00+00:00,34.596,-87.5147,1358.125,51.562599182128906,299.828125,287.9853515625,98462.8125,43.84321594238281,15.364583082866966,19.138155023691663,0,0,EF0,CST-6,25-MAY-11 22:19:00
301983,2011-06-21T06:00:00+00:00,42.0851,-92.4039,2064.875,58.43754577636719,292.657470703125,292.22509765625,96952.125,44.18194580078125,10.834285348348633,12.163603237407271,0,0,EF0,CST-6,21-JUN-11 00:15:00
313422,2011-05-25T18:00:00+00:00,39.2511,-94.4442,454.75,27.203208923339844,290.65576171875,288.0166015625,96419.5625,28.615036010742188,6.821886368519024,12.792177975649075,0,0,EF0,CST-6,25-MAY-11 11:33:00
325089,2011-06-03T09:00:00+00:00,48.56,-97.67,725.4375,363.7508239746094,291.820068359375,290.8359375,96450.5625,38.75022888183594,8.711151464496014,2.098974233101676,1,0,EF1,CST-6,03-JUN-11 02:56:00
301833,2011-06-14T00:00:00+00:00,47.38,-97.93,1218.0,12.316051483154297,295.133544921875,289.9266357421875,96126.75,26.597070693969727,5.4927809340763885,11.566861599545359,0,0,EF0,CST-6,13-JUN-11 18:00:00
317781,2011-06-20T03:00:00+00:00,40.56,-95.38,5341.75,403.2656555175781,300.73193359375,295.318603515625,96465.5,48.729698181152344,9.933749215098988,18.608729803961246,0,0,EF0,CST-6,19-JUN-11 21:07:00
322964,2011-05-25T22:00:00+00:00,37.5386,-90.3187,768.125,102.70323181152344,291.6103515625,290.22021484375,97169.3125,34.752586364746094,20.2915306390616,23.120556097846656,1,0,EF1,CST-6,25-MAY-11 15:35:00
323245,2011-05-25T22:00:00+00:00,37.3895,-90.3104,1045.0,72.89073181152344,291.4296875,290.44482421875,97482.3125,36.866844177246094,19.11175353296088,25.37957858082442,1,0,EF1,CST-6,25-MAY-11 15:47:00
315839,2011-05-24T22:00:00+00:00,35.725,-97.697,965.5,44.37500762939453,298.065185546875,293.3994140625,95500.3125,45.14448165893555,10.699188167876896,16.37768917751724,3,1,EF3,CST-6,24-MAY-11 15:55:00
303160,2011-04-28T08:00:00+00:00,42.4355,-75.7333,658.8125,27.250032424926758,292.517333984375,290.43328857421875,95269.4375,35.80268478393555,14.165006985928775,25.844904695526004,1,0,EF1,EST-5,28-APR-11 02:58:00
303164,2011-04-28T07:00:00+00:00,42.551,-75.773,575.4375,32.822914123535156,292.347900390625,290.58197021484375,95219.125,37.69123077392578,13.902779377362652,23.704783573365134,2,1,EF2,EST-5,28-APR-11 02:20:00
323244,2011-05-25T22:00:00+00:00,37.3491,-90.3785,1009.375,62.75010299682617,291.3330078125,290.35498046875,97137.3125,36.351219177246094,20.247147294864874,23.545999896660526,1,0,EF1,CST-6,25-MAY-11 15:46:00
319409,2011-05-28T20:00:00+00:00,47.3061,-91.6221,339.25,111.5471420288086,288.57177734375,281.775146484375,94699.375,16.88504981994629,4.402753473578719,20.791402422100546,0,0,EF0,CST-6,28-MAY-11 14:07:00
307376,2011-05-25T01:00:00+00:00,32.88,-97.49,1730.75,93.17206573486328,300.33251953125,296.4510498046875,97141.0625,37.29155349731445,18.187055666442458,31.225350895431266,0,0,EF0,CST-6,24-MAY-11 18:45:00
307405,2011-05-25T01:00:00+00:00,33.1359,-97.1911,1473.5,77.25019073486328,300.39111328125,296.8035888671875,97515.0625,38.02592849731445,18.06198699466097,31.500420560426914,2,1,EF2,CST-6,24-MAY-11 18:51:00
313423,2011-05-25T18:00:00+00:00,39.3742,-94.3864,671.6875,25.640708923339844,292.33056640625,289.0029296875,96385.5625,31.226364135742188,5.5194102224794115,11.413003314091394,0,0,EF0,CST-6,25-MAY-11 11:45:00
293055,2011-05-20T23:00:00+00:00,34.3299,-92.8382,69.625,266.3126525878906,295.45654296875,294.18017578125,99387.3125,40.92837142944336,5.399518008405446,18.79390115862414,0,0,EF0,CST-6,20-MAY-11 16:48:00
299238,2011-06-12T19:00:00+00:00,39.9153,-76.5747,1178.625,15.890647888183594,298.7587890625,292.53173828125,98967.5625,41.19462203979492,1.251369139146217,10.954251540443726,1,0,EF1,EST-5,12-JUN-11 14:25:00
323653,2011-06-19T05:00:00+00:00,37.3837,-93.619,2367.0,100.65625762939453,294.746826171875,294.035400390625,96708.875,41.53133773803711,17.33763650840869,14.380471712912463,1,0,EF1,CST-6,18-JUN-11 22:37:00
299493,2011-04-27T02:00:00+00:00,42.432,-75.364,508.25,12.921883583068848,291.82470703125,289.45184326171875,96072.5,36.284873962402344,11.209879329647924,15.165757785336952,1,0,EF1,EST-5,26-APR-11 20:35:00
300824,2011-06-18T00:00:00+00:00,41.47,-96.7236,2825.375,149.7812957763672,302.200439453125,292.7880859375,96010.9375,39.306034088134766,2.4331881999542313,2.762135929616953,0,0,EF0,CST-6,17-JUN-11 17:50:00
286831,2011-04-11T00:00:00+00:00,44.2426,-88.8869,1191.375,172.67205810546875,297.71826171875,290.1896057128906,96284.875,26.521326065063477,16.434791776493082,23.073879344430438,1,0,EF1,CST-6,10-APR-11 18:20:00
304996,2011-04-24T22:00:00+00:00,32.4821,-99.381,2877.5,58.0782356262207,301.05517578125,292.786865234375,94132.625,36.90673065185547,9.80421352835442,13.717963632426454,0,0,EF0,CST-6,24-APR-11 16:24:00
313114,2011-05-26T06:00:00+00:00,35.9615,-85.8237,1218.625,1.4007104635238647,292.961181640625,289.26959228515625,97525.6875,42.360538482666016,16.2353543566833,27.318123667291406,0,0,EF0,CST-6,26-MAY-11 00:00:00
332415,2011-07-17T01:00:00+00:00,48.52,-96.84,2438.375,26.453266143798828,302.10400390625,294.8232421875,98021.25,47.980506896972656,4.626644545545321,11.154616562152556,0,0,EF0,CST-6,16-JUL-11 19:25:00
313437,2011-05-25T18:00:00+00:00,38.7678,-93.1172,1753.8125,37.203208923339844,295.32763671875,292.140625,96958.5625,32.17070007324219,10.026950599160052,19.50303324380866,0,0,EF0,CST-6,25-MAY-11 11:52:00
308481,2011-05-25T05:00:00+00:00,35.3072,-93.9175,550.25,412.7032165527344,297.066650390625,290.584716796875,97947.0,42.42149353027344,15.97628996756661,24.80543097985132,1,0,EF1,CST-6,24-MAY-11 22:56:00
308462,2011-05-25T05:00:00+00:00,35.456,-93.7074,448.0,414.1250915527344,296.651611328125,290.984130859375,97670.0,42.58555603027344,15.633203131291229,23.420634117893897,2,1,EF2,CST-6,24-MAY-11 23:15:00
307170,2011-06-19T05:00:00+00:00,37.38,-93.65,2367.0,100.65625762939453,294.746826171875,294.035400390625,96708.875,41.53133773803711,17.33763650840869,14.380471712912463,1,0,EF1,CST-6,18-JUN-11 22:35:00
307173,2011-06-19T05:00:00+00:00,37.46,-93.65,2367.0,100.65625762939453,294.746826171875,294.035400390625,96708.875,41.53133773803711,17.33763650840869,14.380471712912463,1,0,EF1,CST-6,18-JUN-11 22:40:00
295868,2011-05-10T01:00:00+00:00,42.68,-103.7913,281.875,305.2500915527344,292.263427734375,281.5928039550781,84880.1875,19.46587371826172,0.12829776381963556,6.816730682354483,0,0,EF0,MST-7,09-MAY-11 17:35:00
290047,2011-04-25T23:00:00+00:00,33.9157,-94.3848,141.625,5.8593902587890625,293.113037109375,292.4384765625,98588.9375,42.14543914794922,14.264598815709,22.804453567643115,0,0,EF0,CST-6,25-APR-11 16:38:00
290152,2011-02-25T02:00:00+00:00,33.0,-90.96,435.5,31.343778610229492,293.6409912109375,288.63128662109375,100128.9375,44.66587448120117,21.427059088403865,27.78561934667856,1,0,EF1,CST-6,24-FEB-11 19:50:00
297448,2011-04-26T05:00:00+00:00,36.3961,-88.8048,202.5,241.5781707763672,293.843994140625,287.05975341796875,98869.0625,39.41797637939453,13.130651684943288,23.951503271716092,1,0,EF1,CST-6,25-APR-11 22:45:00
302179,2011-04-04T19:00:00+00:00,36.0952,-87.539,524.6875,49.281280517578125,291.14990234375,290.36212158203125,97759.3125,39.721492767333984,17.038440270999978,35.75237561321688,1,0,EF1,CST-6,04-APR-11 12:33:00
302218,2011-04-27T01:00:00+00:00,31.6906,-97.042,2916.375,479.0939025878906,300.182373046875,293.50335693359375,97635.1875,42.38597106933594,10.244278093438913,19.577924819655763,0,0,EF0,CST-6,26-APR-11 19:28:00
338149,2011-07-26T21:00:00+00:00,44.8967,-71.5081,728.375,34.468780517578125,289.24853515625,287.374755859375,94241.0625,26.957427978515625,7.534572742890174,10.830812099184412,0,0,EF0,EST-5,26-JUL-11 16:14:00
302842,2011-04-27T20:00:00+00:00,35.54,-84.28,64.875,,298.8740234375,286.754638671875,96087.25,30.800479888916016,11.20823427637011,19.218007673985408,0,0,EF0,EST-5,27-APR-11 15:04:00
298652,2011-04-20T01:00:00+00:00,40.3064,-87.7006,1056.375,103.29695892333984,290.30322265625,289.1654052734375,97408.5625,41.04771041870117,15.678085095958439,23.743845557920444,0,0,EF0,CST-6,19-APR-11 19:02:00
300731,2011-04-27T23:00:00+00:00,35.21,-84.701,572.5,6.250115871429443,294.265380859375,291.6214599609375,96225.0,39.39698791503906,17.28302159323928,29.342746824741457,1,0,EF1,EST-5,27-APR-11 17:49:00
306886,2011-04-28T05:00:00+00:00,33.1315,-84.0414,1984.8125,72.37510681152344,296.211181640625,293.53265380859375,98740.8125,44.75082015991211,17.302035832554054,23.114512700179322,2,1,EF2,EST-5,28-APR-11 00:00:00
299806,2011-05-26T00:00:00+00:00,39.62,-122.1624,67.0,,289.6552734375,279.267333984375,99980.8125,14.006102561950684,3.2418060027156703,14.452285587957038,1,0,EF1,PST-8,25-MAY-11 16:08:00
304270,2011-05-22T23:00:00+00:00,42.1257,-89.5406,2474.75,44.5468864440918,295.3408203125,291.6103515625,97075.0,36.78840255737305,14.111049745289005,23.755405882418177,1,0,EF1,CST-6,22-MAY-11 17:25:00
304894,2011-04-20T05:00:00+00:00,38.1889,-84.8967,742.25,290.07818603515625,295.129638671875,288.4461364746094,97883.375,37.7087287902832,15.674886499225549,24.800676021335097,0,0,EF0,EST-5,20-APR-11 00:28:00
305031,2011-04-26T02:00:00+00:00,31.2954,-95.5022,1777.75,82.42193603515625,301.29296875,290.66632080078125,98942.0,34.7020263671875,15.385545049448806,19.3371071638278,1,0,EF1,CST-6,25-APR-11 20:15:00
314205,2011-07-05T03:00:00+00:00,46.95,-97.14,2821.5,108.91925811767578,298.270751953125,293.85400390625,97645.5625,44.273345947265625,5.6678017098471045,5.385516209631397,2,1,EF2,CST-6,04-JUL-11 20:59:00
340141,2011-09-04T13:00:00+00:00,31.4,-89.48,500.625,7.482980251312256,297.10205078125,296.8515625,99258.4375,56.30579376220703,14.654949792348129,15.049368159418838,0,0,EF0,CST-6,04-SEP-11 07:05:00
308593,2011-04-20T02:00:00+00:00,38.5233,-89.0708,1219.25,64.00040435791016,291.64306640625,289.3113098144531,98487.0,37.2916259765625,18.68801207378457,21.318772098619007,1,0,EF1,CST-6,19-APR-11 20:02:00
309295,2011-04-27T21:00:00+00:00,34.1677,-88.1932,1336.375,14.140796661376953,294.40234375,293.51629638671875,98424.5625,41.20796203613281,19.89861639648189,29.668687463513766,3,1,EF3,CST-6,27-APR-11 15:00:00
310055,2011-05-23T01:00:00+00:00,36.2291,-94.9451,3772.125,414.2717590332031,298.410400390625,292.86712646484375,97260.5,34.11227798461914,12.344502237457762,17.344940580164927,1,0,EF1,CST-6,22-MAY-11 19:13:00
333926,2011-07-01T19:00:00+00:00,44.64,-103.51,739.375,40.187557220458984,294.890869140625,289.560302734375,90929.375,30.002140045166016,0.26611676525880607,5.392483025108311,0,0,EF0,MST-7,01-JUL-11 11:55:00
328687,2011-05-24T20:00:00+00:00,37.421,-101.068,31.5,,304.52197265625,267.177978515625,89671.75,11.275280952453613,3.1322147390816766,8.38875437108844,0,0,EF0,CST-6,24-MAY-11 13:35:00
325199,2011-06-20T01:00:00+00:00,40.3002,-100.7072,1898.5,143.43756103515625,295.498779296875,291.3409729003906,90476.1875,36.398155212402344,1.5854157884859656,20.889768443680417,0,0,EF0,CST-6,19-JUN-11 19:20:00
326603,2011-06-19T01:00:00+00:00,36.9231,-96.2885,3596.375,444.7657165527344,303.91796875,293.95068359375,97236.125,46.639060974121094,12.122829606292736,18.384282290536333,0,0,EF0,CST-6,18-JUN-11 19:09:00
348650,2011-11-08T20:00:00+00:00,31.836,-94.7696,914.1875,8.110668182373047,298.318115234375,292.720947265625,99610.9375,38.52240753173828,12.282159734100976,16.79121353782077,1,0,EF1,CST-6,08-NOV-11 14:02:00
353595,2011-11-07T22:00:00+00:00,34.736,-98.826,2003.0625,6.265671253204346,294.268310546875,289.993896484375,95740.1875,32.49059295654297,8.330861450480034,16.90515914593897,0,0,EF0,CST-6,07-NOV-11 15:53:00
355016,2011-11-14T22:00:00+00:00,42.3024,-79.5929,94.125,,286.721435546875,285.25238037109375,97106.0,31.49777603149414,15.553879348791243,31.95745750325695,2,1,EF2,EST-5,14-NOV-11 17:05:00
280350,2011-02-28T08:00:00+00:00,38.4355,-87.1,592.5,3.6250433921813965,292.3023986816406,288.0587158203125,98366.9375,29.98720932006836,19.298191242964364,27.425986630668476,0,0,EF0,EST-5,28-FEB-11 03:10:00
279611,2011-03-20T00:00:00+00:00,33.9016,-101.7637,172.1875,71.76579284667969,295.493896484375,282.8785400390625,89987.0625,19.25579833984375,0.28014937478153806,12.67613936625305,0,0,EF0,CST-6,19-MAR-11 18:03:00
288495,2011-04-15T23:00:00+00:00,40.2132,-89.9536,287.625,3.8126280307769775,286.6181640625,284.3675537109375,97683.625,23.651819229125977,15.067436805314728,13.63233104036011,1,0,EF1,CST-6,15-APR-11 16:30:00
330579,2011-07-16T23:00:00+00:00,47.273,-100.53,3775.125,25.375120162963867,299.796630859375,294.926513671875,94230.0,40.32997512817383,3.514463449232113,16.64162695948527,1,0,EF1,CST-6,16-JUL-11 16:35:00
284965,2011-02-25T04:00:00+00:00,36.1188,-86.4179,64.5,,289.79644775390625,286.7269287109375,97800.4375,36.969512939453125,20.59373855673126,30.34855338594218,2,1,EF2,CST-6,24-FEB-11 22:14:00
286924,2011-02-28T05:00:00+00:00,38.6164,-90.6624,687.875,0.10939039289951324,289.9552001953125,288.4167785644531,97834.0625,27.995235443115234,16.81763450654022,22.07568990179041,1,0,EF1,CST-6,27-FEB-11 23:10:00
295450,2011-05-31T23:00:00+00:00,43.7086,-84.11,1170.625,50.70012664794922,301.178466796875,293.14996337890625,99247.5,42.50922393798828,13.679410432559102,16.903293662564042,1,0,EF1,EST-5,31-MAY-11 18:26:00
331280,2011-07-19T03:00:00+00:00,37.2205,-108.7043,0.0,,299.232421875,280.263916015625,81998.75,23.849605560302734,0.3278598138398328,3.2611713495818497,0,0,EF0,MST-7,18-JUL-11 19:40:00
312951,2011-05-25T03:00:00+00:00,36.2757,-94.7575,1019.375,127.76575469970703,295.83056640625,292.75537109375,96585.9375,33.49656295776367,13.512207995642585,21.764388730795215,1,0,EF1,CST-6,24-MAY-11 21:06:00
316367,2011-05-20T01:00:00+00:00,34.2016,-99.0534,2081.5,172.70315551757812,302.006591796875,292.46044921875,96336.625,45.86241149902344,8.386447475226719,9.708964283937071,0,0,EF0,CST-6,19-MAY-11 18:34:00
301943,2011-04-27T20:00:00+00:00,34.0757,-87.0097,711.875,4.875123023986816,293.6865234375,291.969482421875,97715.25,40.809268951416016,16.982359539491636,27.18599264212102,4,1,EF4,CST-6,27-APR-11 13:40:00
285734,2011-04-15T02:00:00+00:00,34.3391,-96.0804,2441.4375,63.14064407348633,293.787109375,290.84893798828125,97498.5625,36.072975158691406,17.041795763884664,18.41661156378851,1,0,EF1,CST-6,14-APR-11 19:36:00
285451,2011-02-28T05:00:00+00:00,38.6101,-90.6965,687.875,0.10939039289951324,289.9552001953125,288.4167785644531,97834.0625,27.995235443115234,16.81763450654022,22.07568990179041,1,0,EF1,CST-6,27-FEB-11 23:04:00
317867,2011-04-23T02:00:00+00:00,38.7034,-89.7144,1084.6875,99.73653411865234,292.899658203125,290.78009033203125,98859.0,39.410057067871094,18.103304706406757,18.137318123292744,2,1,EF2,CST-6,22-APR-11 19:55:00
302351,2011-05-25T22:00:00+00:00,36.5304,-90.7094,1709.375,82.48448181152344,292.9892578125,291.44677734375,98479.3125,39.872703552246094,20.078955891524977,32.31056303848521,0,0,EF0,CST-6,25-MAY-11 15:58:00
324294,2011-06-27T01:00:00+00:00,40.34,-94.97,2397.0,50.9375,294.67919921875,293.325927734375,96834.1875,51.706546783447266,0.4819727877679224,18.728838955929323,0,0,EF0,CST-6,26-JUN-11 18:50:00
324696,2011-06-08T23:00:00+00:00,46.648,-68.283,234.875,,294.886962890625,288.8143005371094,98154.0,42.99707794189453,12.094881225658444,16.415313050086088,0,0,EF0,EST-5,08-JUN-11 18:10:00
352802,2011-12-21T19:00:00+00:00,33.4214,-85.3201,21.9375,,291.795654296875,290.83575439453125,98017.3125,30.681184768676758,9.83087792087812,16.03377040348853,0,0,EF0,CST-6,21-DEC-11 12:32:00
289566,2011-04-15T06:00:00+00:00,34.6206,-92.98,1156.125,99.21887969970703,290.80572509765625,290.20361328125,97823.375,38.54143524169922,16.20653232826597,21.131167593032483,1,0,EF1,CST-6,15-APR-11 00:13:00
302081,2011-04-10T02:00:00+00:00,42.58,-95.09,1598.8125,146.875,291.760009765625,288.3802795410156,95288.625,34.12584686279297,13.98009147429586,18.885832557724015,0,0,EF0,CST-6,09-APR-11 20:14:00
298933,2011-05-26T22:00:00+00:00,30.6156,-90.0491,1339.0,56.85892868041992,302.072509765625,296.09521484375,100439.9375,33.630496978759766,6.184280593497035,11.882929777313503,3,1,EF3,CST-6,26-MAY-11 15:40:00
302292,2011-04-22T23:00:00+00:00,36.2724,-94.8,2107.875,129.23446655273438,295.994384765625,292.3175048828125,96799.75,37.21916198730469,13.49337616831382,17.602167176015122,0,0,EF0,CST-6,22-APR-11 17:16:00
302508,2011-06-21T20:00:00+00:00,45.1356,-93.236,840.625,18.765684127807617,294.751953125,291.86865234375,96661.6875,40.409793853759766,11.801743321133612,16.162785234248815,0,0,EF0,CST-6,21-JUN-11 14:12:00
326835,2011-06-20T22:00:00+00:00,41.0756,-98.9303,2360.0,291.46881103515625,294.876953125,292.48876953125,92094.375,36.092567443847656,9.093895774206915,22.460437303472876,2,1,EF2,CST-6,20-JUN-11 15:46:00
313557,2011-07-17T01:00:00+00:00,48.03,-99.27,2379.0,268.2970275878906,299.61865234375,294.115234375,95651.25,38.400428771972656,2.59702606844507,13.585910929818475,0,0,EF0,CST-6,16-JUL-11 18:51:00
345323,2011-08-22T01:00:00+00:00,43.6173,-72.0252,612.625,26.65632438659668,292.745361328125,291.34228515625,96787.0,39.7091064453125,13.703172025333433,14.571631285174421,1,0,EF1,EST-5,21-AUG-11 19:45:00
319425,2011-06-15T21:00:00+00:00,39.2905,-88.5777,580.25,510.9219970703125,299.029296875,291.4853515625,98371.375,27.80344009399414,6.790292259601244,13.96936533843745,0,0,EF0,CST-6,15-JUN-11 14:30:00
302288,2011-04-27T11:00:00+00:00,34.2596,-86.4599,41.0,110.44229125976562,292.465576171875,290.95703125,97541.9375,36.44342041015625,16.483585772179282,23.24185610760175,0,0,EF0,CST-6,27-APR-11 05:20:00
302225,2011-04-27T12:00:00+00:00,34.5018,-86.1911,88.625,,291.916015625,290.1240234375,97533.625,35.76763153076172,15.973137491083174,19.664396010954356,1,0,EF1,CST-6,27-APR-11 05:49:00
331790,2011-07-15T11:00:00+00:00,46.2534,-96.522,1304.875,40.10940170288086,294.903564453125,293.91845703125,97308.8125,50.82782745361328,10.443568006334122,7.559428543703633,1,0,EF1,CST-6,15-JUL-11 04:32:00
301869,2011-04-15T05:00:00+00:00,36.0066,-93.5247,625.625,23.359416961669922,289.11083984375,288.10345458984375,94637.6875,32.07844543457031,11.335021810229234,20.977248233712572,1,0,EF1,CST-6,14-APR-11 23:10:00
298254,2011-04-26T23:00:00+00:00,34.3348,-90.8408,1324.0,73.7813720703125,295.773193359375,293.01873779296875,99381.0625,40.2684326171875,2.9714219138703966,14.531689218012945,0,0,EF0,CST-6,26-APR-11 17:10:00
352105,2011-06-27T01:00:00+00:00,41.8191,-95.9101,1917.0,182.609375,296.77685546875,293.794677734375,96405.1875,41.155765533447266,4.470538557872939,9.97203926524124,0,0,EF0,CST-6,26-JUN-11 18:55:00
307574,2011-04-15T20:00:00+00:00,33.012,-87.739,1154.5,8.281413078308105,292.98193359375,291.38787841796875,99681.0625,39.38780212402344,19.839405509838265,22.652182030809005,1,0,EF1,CST-6,15-APR-11 14:14:00
300745,2011-04-27T14:00:00+00:00,35.352,-84.996,51.0625,,293.714111328125,289.187255859375,97311.3125,35.97914123535156,14.250239041515764,12.983617167945129,1,0,EF1,EST-5,27-APR-11 08:37:00
300747,2011-04-27T19:00:00+00:00,35.121,-85.021,90.125,,298.3818359375,287.98101806640625,97100.9375,31.70699691772461,11.233318333954593,20.10468930718272,1,0,EF1,EST-5,27-APR-11 14:07:00
304520,2011-05-22T21:00:00+00:00,43.7412,-91.4574,1631.25,56.484397888183594,293.1572265625,289.8486328125,96134.25,30.01385498046875,16.850925859539583,21.677353748324613,2,1,EF2,CST-6,22-MAY-11 15:05:00
302940,2011-04-15T20:00:00+00:00,33.16,-89.6,1756.0,5.0314130783081055,295.01220703125,292.26776123046875,99038.0625,30.337997436523438,15.615941611783995,24.20314578190784,0,0,EF0,CST-6,15-APR-11 13:33:00
302977,2011-04-15T22:00:00+00:00,32.01,-89.2693,1384.625,5.156253814697266,293.638427734375,292.1856689453125,99033.0625,37.50041198730469,14.11777509657984,25.070317277690176,1,0,EF1,CST-6,15-APR-11 15:59:00
306597,2011-04-27T06:00:00+00:00,33.5387,-90.5828,705.875,41.75008773803711,295.068603515625,292.2657470703125,99508.0,44.806034088134766,18.990029048098123,34.6698986190247,2,1,EF2,CST-6,26-APR-11 23:43:00
307194,2011-04-27T06:00:00+00:00,33.0038,-90.3219,1200.25,398.3125915527344,297.022705078125,292.2198486328125,99214.0,42.437870025634766,19.068103813288314,30.69687525112335,1,0,EF1,CST-6,27-APR-11 00:21:00
308235,2011-04-27T06:00:00+00:00,33.4051,-90.2104,1326.75,243.50009155273438,296.013916015625,292.2276611328125,99323.0,45.124393463134766,18.866441007969076,31.954413521736214,1,0,EF1,CST-6,27-APR-11 00:24:00
308237,2011-04-27T07:00:00+00:00,33.0877,-90.0775,1062.375,89.7944564819336,296.1142578125,291.83013916015625,99221.4375,44.699703216552734,19.750779953817347,34.13772916500045,3,1,EF3,CST-6,27-APR-11 00:40:00
306591,2011-04-27T06:00:00+00:00,32.7788,-90.938,555.875,105.18759155273438,297.301025390625,292.5469970703125,99600.0,43.968143463134766,19.518348463111135,32.72296092451992,0,0,EF0,CST-6,26-APR-11 23:35:00
301600,2011-04-21T01:00:00+00:00,33.4723,-89.3745,817.75,70.0157241821289,292.44140625,291.1731872558594,100215.4375,40.588050842285156,9.816137649022641,19.129890419599565,1,0,EF1,CST-6,20-APR-11 19:09:00
302913,2011-04-15T19:00:00+00:00,33.0327,-90.038,1892.25,0.5829281806945801,294.322265625,292.7276611328125,99335.0625,30.105480194091797,14.184300820455594,25.049609999795422,1,0,EF1,CST-6,15-APR-11 12:54:00
302938,2011-04-15T19:00:00+00:00,32.2288,-89.3227,2126.25,28.926677703857422,296.8056640625,294.0704345703125,99212.0625,33.9619255065918,14.699238647357891,19.375311209967503,1,0,EF1,CST-6,15-APR-11 13:27:00
302922,2011-04-15T19:00:00+00:00,33.1261,-89.7665,1971.625,0.5360531806945801,294.4423828125,292.9991455078125,99088.0625,31.756847381591797,14.659933494999015,23.90946974209264,2,1,EF2,CST-6,15-APR-11 13:19:00
312009,2011-04-27T23:00:00+00:00,32.1439,-88.9154,2940.375,11.468866348266602,296.793701171875,295.8372802734375,98913.0,39.65968322753906,17.98291478269705,22.835853019153546,4,1,EF4,CST-6,27-APR-11 17:26:00
312007,2011-04-27T23:00:00+00:00,32.0712,-89.3201,3004.25,35.82823944091797,298.260498046875,296.3177490234375,98807.0,38.96339416503906,17.127293649881636,23.89954753551049,4,1,EF4,CST-6,27-APR-11 16:55:00
302454,2011-04-15T11:00:00+00:00,32.9579,-91.0402,1388.6875,4.062567234039307,293.29705810546875,291.18914794921875,100087.875,40.63483810424805,15.824406939551485,18.360497530875858,0,0,EF0,CST-6,15-APR-11 05:26:00
302473,2011-04-15T16:00:00+00:00,32.4219,-90.064,1308.0625,38.37527084350586,294.87744140625,293.56231689453125,99390.5,37.307594299316406,17.96732842644369,17.124995559878954,1,0,EF1,CST-6,15-APR-11 10:23:00
306529,2011-04-27T04:00:00+00:00,33.007,-91.932,228.0,45.937767028808594,293.56103515625,292.441162109375,99333.3125,42.73343276977539,21.36375837128477,36.25005369710247,1,0,EF1,CST-6,26-APR-11 21:57:00
306525,2011-04-27T04:00:00+00:00,32.9086,-91.9993,280.125,45.000267028808594,294.45849609375,293.057373046875,99401.3125,42.55569839477539,19.733347895277863,33.67624211627762,1,0,EF1,CST-6,26-APR-11 21:45:00
302471,2011-04-15T16:00:00+00:00,32.4159,-90.0773,1348.5,55.73464584350586,295.15283203125,293.61602783203125,99524.5,36.632789611816406,18.347879186175952,19.9864997494253,1,0,EF1,CST-6,15-APR-11 10:22:00
283275,2011-04-04T23:00:00+00:00,31.3816,-90.244,427.75,7.578189849853516,294.412353515625,293.02532958984375,99324.0,43.24040603637695,14.283527899333514,24.980060748921787,1,0,EF1,CST-6,04-APR-11 16:54:00
311016,2011-04-27T20:00:00+00:00,32.0492,-90.3931,2540.5,42.4532470703125,302.5234375,293.785888671875,99048.25,39.776065826416016,12.36218439953464,20.867960812723368,2,1,EF2,CST-6,27-APR-11 14:16:00
302485,2011-04-15T17:00:00+00:00,32.48,-89.89,1847.375,22.406280517578125,296.155029296875,293.8994445800781,99388.6875,35.313453674316406,17.706871238797895,20.733150047671337,1,0,EF1,CST-6,15-APR-11 10:43:00
302494,2011-04-15T17:00:00+00:00,32.5767,-89.6583,1423.0,18.671905517578125,294.827880859375,292.9199523925781,99348.6875,35.251930236816406,17.50096244267354,19.947539159058717,1,0,EF1,CST-6,15-APR-11 11:03:00
309267,2011-04-27T20:00:00+00:00,32.9627,-88.8137,1518.875,14.421998023986816,297.533203125,294.669677734375,98914.25,41.789737701416016,20.091744901791973,24.682467246586217,3,1,EF3,CST-6,27-APR-11 13:52:00
302875,2011-04-15T19:00:00+00:00,31.8108,-90.3761,1747.0,5.55167818069458,296.515625,293.8887939453125,99389.0625,31.988292694091797,16.19070340769177,23.006475890130147,0,0,EF0,CST-6,15-APR-11 12:39:00
311015,2011-04-27T20:00:00+00:00,32.0382,-90.4918,2540.5,42.4532470703125,302.5234375,293.785888671875,99048.25,39.776065826416016,12.36218439953464,20.867960812723368,2,1,EF2,CST-6,27-APR-11 14:11:00
308253,2011-04-27T07:00:00+00:00,33.0713,-89.9795,1127.25,95.8569564819336,296.1259765625,291.53814697265625,98929.4375,43.840328216552734,19.619784675103983,33.30772325547485,2,1,EF2,CST-6,27-APR-11 00:40:00
308239,2011-04-27T07:00:00+00:00,33.2298,-89.8057,1033.125,125.8413314819336,296.2822265625,291.40533447265625,98694.4375,42.840328216552734,19.499301997035193,32.34466216910363,1,0,EF1,CST-6,27-APR-11 01:03:00
308417,2011-04-27T07:00:00+00:00,33.0057,-89.8017,1033.125,125.8413314819336,296.2822265625,291.40533447265625,98694.4375,42.840328216552734,19.499301997035193,32.34466216910363,2,1,EF2,CST-6,27-APR-11 00:51:00
309265,2011-04-27T20:00:00+00:00,32.9262,-88.8719,1537.625,11.859498023986816,296.818359375,294.534912109375,98499.25,41.103214263916016,18.60581550852199,25.479835873171474,5,1,EF5,CST-6,27-APR-11 13:46:00
309073,2011-04-27T07:00:00+00:00,33.4462,-89.3691,1090.5,112.3413314819336,296.0087890625,291.23052978515625,98527.4375,43.209468841552734,19.758442402593335,31.896269033474603,2,1,EF2,CST-6,27-APR-11 01:29:00
309735,2011-04-27T08:00:00+00:00,33.6589,-89.0348,952.375,57.9687614440918,295.10595703125,291.33233642578125,98921.875,44.213279724121094,19.790927490426647,33.30594995948263,2,1,EF2,CST-6,27-APR-11 01:54:00
309853,2011-04-27T08:00:00+00:00,33.1702,-89.0181,799.125,158.65626525878906,295.09912109375,292.03643798828125,98662.875,41.823631286621094,18.520191960571903,32.18224894177562,1,0,EF1,CST-6,27-APR-11 01:47:00
312018,2011-04-27T23:00:00+00:00,32.42,-88.8083,3239.25,3.4844911098480225,295.144287109375,294.5989990234375,98887.0,41.21241760253906,19.083640926961674,23.171922067719514,0,0,EF0,CST-6,27-APR-11 16:45:00
302969,2011-04-15T21:00:00+00:00,32.0836,-88.5246,1889.875,1.187524437904358,293.574462890625,293.22259521484375,99626.375,33.61248016357422,18.88391183387173,21.86412509120438,1,0,EF1,CST-6,15-APR-11 15:08:00
311026,2011-04-27T20:00:00+00:00,33.1446,-88.5191,1390.375,10.953248023986816,295.353515625,294.547607421875,99333.25,41.740909576416016,19.97930984308084,23.85846450041486,1,0,EF1,CST-6,27-APR-11 14:18:00
311051,2011-04-27T21:00:00+00:00,32.8496,-88.4528,2067.375,34.57829666137695,296.5859375,295.06512451171875,99257.5625,44.64253234863281,21.189609604096756,25.384790228066386,2,1,EF2,CST-6,27-APR-11 14:47:00
309261,2011-04-27T20:00:00+00:00,32.9017,-88.9145,1537.625,11.859498023986816,296.818359375,294.534912109375,98499.25,41.103214263916016,18.60581550852199,25.479835873171474,5,1,EF5,CST-6,27-APR-11 13:43:00
302890,2011-04-15T19:00:00+00:00,32.0589,-89.7478,1503.375,12.989177703857422,297.234375,294.6319580078125,99204.0625,33.0527458190918,16.00115939874955,20.266265390626778,1,0,EF1,CST-6,15-APR-11 12:47:00
302467,2011-04-15T16:00:00+00:00,32.2908,-90.3754,1585.9375,44.23464584350586,295.35888671875,293.52423095703125,99660.5,36.050758361816406,18.16729120875931,21.68228025837058,3,1,EF3,CST-6,15-APR-11 09:51:00
302492,2011-04-15T17:00:00+00:00,32.54,-89.71,1423.0,18.671905517578125,294.827880859375,292.9199523925781,99348.6875,35.251930236816406,17.50096244267354,19.947539159058717,1,0,EF1,CST-6,15-APR-11 10:58:00
308546,2011-04-27T07:00:00+00:00,33.35,-89.5853,1201.0,75.4663314819336,295.7998046875,291.17095947265625,98675.4375,43.905757904052734,19.84065374221125,32.99438938948066,2,1,EF2,CST-6,27-APR-11 01:17:00
309817,2011-04-27T08:00:00+00:00,33.519,-89.2244,833.5,80.07813262939453,295.03173828125,290.83721923828125,98666.875,44.009178161621094,20.006798602309694,33.86464206754572,2,1,EF2,CST-6,27-APR-11 01:39:00
309824,2011-04-27T08:00:00+00:00,33.5092,-89.2547,833.5,80.07813262939453,295.03173828125,290.83721923828125,98666.875,44.009178161621094,20.006798602309694,33.86464206754572,1,0,EF1,CST-6,27-APR-11 01:37:00
308442,2011-04-27T07:00:00+00:00,33.2283,-89.8001,1033.125,125.8413314819336,296.2822265625,291.40533447265625,98694.4375,42.840328216552734,19.499301997035193,32.34466216910363,2,1,EF2,CST-6,27-APR-11 01:00:00
309938,2011-04-27T08:00:00+00:00,33.2588,-88.5872,908.375,91.81250762939453,295.37255859375,292.07159423828125,99226.875,43.308006286621094,19.244602687754828,31.97210976849513,1,0,EF1,CST-6,27-APR-11 02:20:00
311057,2011-04-27T22:00:00+00:00,32.2882,-89.1817,3606.0,8.406315803527832,296.099365234375,295.3460998535156,98651.8125,40.60350799560547,20.194594646392765,26.409451548538843,3,1,EF3,CST-6,27-APR-11 16:08:00
302936,2011-04-15T19:00:00+00:00,32.2234,-89.3479,2126.25,28.926677703857422,296.8056640625,294.0704345703125,99212.0625,33.9619255065918,14.699238647357891,19.375311209967503,1,0,EF1,CST-6,15-APR-11 13:24:00
302935,2011-04-15T19:00:00+00:00,32.22,-89.36,2126.25,28.926677703857422,296.8056640625,294.0704345703125,99212.0625,33.9619255065918,14.699238647357891,19.375311209967503,1,0,EF1,CST-6,15-APR-11 13:23:00
308418,2011-04-27T07:00:00+00:00,33.2855,-89.6039,1201.0,75.4663314819336,295.7998046875,291.17095947265625,98675.4375,43.905757904052734,19.84065374221125,32.99438938948066,1,0,EF1,CST-6,27-APR-11 01:10:00
308435,2011-04-27T07:00:00+00:00,33.1089,-89.8637,1127.25,95.8569564819336,296.1259765625,291.53814697265625,98929.4375,43.840328216552734,19.619784675103983,33.30772325547485,0,0,EF0,CST-6,27-APR-11 00:51:00
308525,2011-04-27T07:00:00+00:00,33.703,-89.6198,1178.875,29.66945457458496,295.375,291.04205322265625,98775.4375,44.778804779052734,19.88807931134182,33.514633372697304,1,0,EF1,CST-6,27-APR-11 01:06:00
302880,2011-04-15T19:00:00+00:00,32.0614,-89.7299,1503.375,12.989177703857422,297.234375,294.6319580078125,99204.0625,33.0527458190918,16.00115939874955,20.266265390626778,1,0,EF1,CST-6,15-APR-11 12:48:00
308551,2011-04-27T07:00:00+00:00,33.0044,-89.4027,966.625,168.65382385253906,296.1728515625,291.57525634765625,98489.4375,41.781734466552734,19.225973338853663,31.32690163371974,1,0,EF1,CST-6,27-APR-11 01:20:00
302507,2011-04-15T18:00:00+00:00,32.7145,-88.9153,1989.375,23.03130531311035,294.0810546875,292.96954345703125,99081.1875,35.753875732421875,17.74883430817513,20.132398125001963,3,1,EF3,CST-6,15-APR-11 12:02:00
282593,2011-04-04T21:00:00+00:00,32.035,-91.0876,714.375,0.9219165444374084,297.549072265625,294.280517578125,100141.1875,46.15436935424805,10.945842278913743,22.15492345608591,1,0,EF1,CST-6,04-APR-11 15:13:00
282565,2011-04-04T20:00:00+00:00,31.8435,-92.0058,1319.375,4.359435558319092,299.235107421875,294.7591552734375,100235.5,46.25621032714844,12.666007952443524,22.222274250632555,2,1,EF2,CST-6,04-APR-11 14:04:00
309940,2011-04-27T08:00:00+00:00,33.2871,-88.5399,833.625,80.75000762939453,295.45654296875,292.29815673828125,99358.875,43.082420349121094,19.18152446365472,30.770671838387447,1,0,EF1,CST-6,27-APR-11 02:25:00
311053,2011-04-27T21:00:00+00:00,32.1397,-89.6912,2074.125,25.656421661376953,301.09765625,293.56219482421875,98624.5625,40.85932922363281,14.466478406388337,23.828443761684593,3,1,EF3,CST-6,27-APR-11 15:27:00
306519,2011-04-27T04:00:00+00:00,32.76,-91.97,280.125,45.000267028808594,294.45849609375,293.057373046875,99401.3125,42.55569839477539,19.733347895277863,33.67624211627762,0,0,EF0,CST-6,26-APR-11 21:44:00
283006,2011-04-04T22:00:00+00:00,32.1284,-90.6278,130.625,3.24869966506958,292.9921875,292.1981201171875,99656.5,43.906715393066406,11.841549208652301,21.537988789152816,1,0,EF1,CST-6,04-APR-11 15:42:00
306571,2011-04-27T05:00:00+00:00,32.67,-91.44,341.0,128.43597412109375,297.59765625,293.496826171875,99547.375,41.59953308105469,18.9331785036054,32.17314034782151,2,1,EF2,CST-6,26-APR-11 23:03:00
308441,2011-04-27T07:00:00+00:00,33.22,-89.81,1033.125,125.8413314819336,296.2822265625,291.40533447265625,98694.4375,42.840328216552734,19.499301997035193,32.34466216910363,1,0,EF1,CST-6,27-APR-11 00:59:00
308548,2011-04-27T07:00:00+00:00,33.3805,-89.454,1090.5,112.3413314819336,296.0087890625,291.23052978515625,98527.4375,43.209468841552734,19.758442402593335,31.896269033474603,2,1,EF2,CST-6,27-APR-11 01:25:00
309257,2011-04-27T20:00:00+00:00,32.7992,-89.1088,1873.375,7.703248023986816,297.3505859375,294.821044921875,98319.25,40.686222076416016,16.259070113402807,25.179913424160443,5,1,EF5,CST-6,27-APR-11 13:30:00
310930,2011-04-27T20:00:00+00:00,33.7114,-89.3164,2377.125,9.875123023986816,292.80078125,292.024169921875,98525.25,40.075870513916016,17.79833442904264,29.714749608463592,1,0,EF1,CST-6,27-APR-11 13:48:00
282592,2011-04-04T21:00:00+00:00,31.9099,-91.5102,939.0,0.29691651463508606,297.039306640625,294.046142578125,100207.1875,46.52253341674805,10.557849225659231,22.37105739438856,2,1,EF2,CST-6,04-APR-11 14:43:00
302941,2011-04-15T20:00:00+00:00,32.014,-89.2538,1280.125,23.187664031982422,296.25634765625,293.80389404296875,99234.0625,32.41026306152344,15.037882209164733,21.99566697071917,1,0,EF1,CST-6,15-APR-11 14:04:00
308961,2011-04-27T07:00:00+00:00,33.4166,-89.4349,1090.5,112.3413314819336,296.0087890625,291.23052978515625,98527.4375,43.209468841552734,19.758442402593335,31.896269033474603,2,1,EF2,CST-6,27-APR-11 01:25:00
309725,2011-04-27T08:00:00+00:00,33.5328,-89.153,833.5,80.07813262939453,295.03173828125,290.83721923828125,98666.875,44.009178161621094,20.006798602309694,33.86464206754572,3,1,EF3,CST-6,27-APR-11 01:43:00
309757,2011-04-27T07:00:00+00:00,33.0611,-89.248,971.0,205.21632385253906,296.017578125,291.96978759765625,98422.4375,41.073726654052734,18.860413109997108,30.245017518714132,1,0,EF1,CST-6,27-APR-11 01:29:00
305109,2011-04-26T12:00:00+00:00,31.625,-89.5264,1038.25,98.51590728759766,294.055419921875,292.47900390625,99720.1875,38.75156784057617,12.771236352559143,15.373920993829802,1,0,EF1,CST-6,26-APR-11 05:41:00
282981,2011-04-04T23:00:00+00:00,32.0102,-90.0455,156.75,13.437564849853516,291.407470703125,290.79681396484375,99267.0,40.62517166137695,13.433967447191714,23.72820699463526,1,0,EF1,CST-6,04-APR-11 16:36:00
311079,2011-04-27T23:00:00+00:00,32.0296,-89.5042,3336.375,54.28136444091797,299.391357421875,296.4105224609375,98710.0,38.20655822753906,16.32948741656524,24.88305754527144,3,1,EF3,CST-6,27-APR-11 16:42:00
305135,2011-04-26T12:00:00+00:00,31.6996,-89.2415,1156.1875,96.10965728759766,294.239013671875,292.70947265625,99881.1875,38.73106002807617,12.858131074737562,16.43176695711426,1,0,EF1,CST-6,26-APR-11 06:12:00
283274,2011-04-04T23:00:00+00:00,31.38,-90.3554,260.625,0.8438149094581604,293.318603515625,292.47161865234375,99274.0,41.37810134887695,13.90698059668174,25.339114338498156,1,0,EF1,CST-6,04-APR-11 16:48:00
310026,2011-04-27T09:00:00+00:00,32.9076,-88.5313,540.25,298.1407165527344,294.345947265625,291.63055419921875,99373.875,39.56294631958008,18.107496748789316,31.00724516248121,1,0,EF1,CST-6,27-APR-11 03:03:00
310027,2011-04-27T09:00:00+00:00,32.928,-88.4932,540.25,298.1407165527344,294.345947265625,291.63055419921875,99373.875,39.56294631958008,18.107496748789316,31.00724516248121,2,1,EF2,CST-6,27-APR-11 03:05:00
306573,2011-04-27T05:00:00+00:00,32.704,-91.377,341.0,128.43597412109375,297.59765625,293.496826171875,99547.375,41.59953308105469,18.9331785036054,32.17314034782151,2,1,EF2,CST-6,26-APR-11 23:11:00
302506,2011-04-15T18:00:00+00:00,32.6882,-88.9872,1989.375,23.03130531311035,294.0810546875,292.96954345703125,99081.1875,35.753875732421875,17.74883430817513,20.132398125001963,2,1,EF2,CST-6,15-APR-11 11:53:00
