event_id,begin_time_utc,begin_lat,begin_lon,cape,cin,temp_2m,dewpoint_2m,surface_pressure,tcwv,shear_0_1km,shear_0_3km,ef_category,ef_binary,tor_f_scale_raw,cz_timezone,begin_date_time_raw
999750,2021-12-11T10:00:00+00:00,36.3178,-86.3235,236.875,0.6562999486923218,291.50927734375,288.9696960449219,98059.0,42.33696365356445,23.40003592484072,30.80476313668832,0.0,0,EF0,CST-6,11-DEC-21 03:49:00
999613,2021-12-11T09:00:00+00:00,36.0255,-87.3054,1784.125,0.07858797162771225,293.8318786621094,291.0977478027344,97888.375,41.187461853027344,18.94189419320038,25.647454579513685,0.0,0,EF0,CST-6,11-DEC-21 02:49:00
999604,2021-12-11T09:00:00+00:00,35.9205,-87.6423,1408.0625,0.40671297907829285,293.6775817871094,291.2168884277344,98329.375,40.945274353027344,20.802172329643344,24.30917465709203,1.0,0,EF1,CST-6,11-DEC-21 02:32:00
999615,2021-12-11T09:00:00+00:00,36.1065,-87.1941,1784.125,0.07858797162771225,293.8318786621094,291.0977478027344,97888.375,41.187461853027344,18.94189419320038,25.647454579513685,1.0,0,EF1,CST-6,11-DEC-21 02:57:00
999731,2021-12-11T10:00:00+00:00,36.2635,-86.6578,188.40625,1.0156749486923218,291.76904296875,289.2148132324219,98173.0,41.14653396606445,20.314213393376672,25.75015665700274,0.0,0,EF0,CST-6,11-DEC-21 03:30:00
999321,2021-12-11T06:00:00+00:00,36.5028,-88.0451,1600.5625,0.05714064836502075,294.28668212890625,291.5914611816406,98576.5625,37.97109603881836,21.608028793859955,28.106910397578396,2.0,1,EF2,CST-6,10-DEC-21 23:50:00
999618,2021-12-11T09:00:00+00:00,36.1107,-87.1726,1784.125,0.07858797162771225,293.8318786621094,291.0977478027344,97888.375,41.187461853027344,18.94189419320038,25.647454579513685,2.0,1,EF2,CST-6,11-DEC-21 02:59:00
999749,2021-12-11T10:00:00+00:00,36.3296,-86.2965,236.875,0.6562999486923218,291.50927734375,288.9696960449219,98059.0,42.33696365356445,23.40003592484072,30.80476313668832,0.0,0,EF0,CST-6,11-DEC-21 03:50:00
999734,2021-12-11T10:00:00+00:00,36.1899,-86.5739,285.34375,1.3594249486923218,291.60107421875,288.9902038574219,98176.0,42.81352615356445,21.725592079608685,28.484503127643205,1.0,0,EF1,CST-6,11-DEC-21 03:34:00
999741,2021-12-11T10:00:00+00:00,36.443,-86.4358,232.875,0.5156749486923218,291.54931640625,289.0888366699219,97958.0,41.42094802856445,19.4283639995312,27.41607572766274,0.0,0,EF0,CST-6,11-DEC-21 03:42:00
999287,2021-12-06T13:00:00+00:00,35.234,-87.544,60.0,39.64065170288086,289.9285888671875,289.04473876953125,98056.625,33.312904357910156,15.738587070692885,18.39250586559096,0.0,0,EF0,CST-6,06-DEC-21 06:34:00
999735,2021-12-11T10:00:00+00:00,36.2691,-86.6428,188.40625,1.0156749486923218,291.76904296875,289.2148132324219,98173.0,41.14653396606445,20.314213393376672,25.75015665700274,1.0,0,EF1,CST-6,11-DEC-21 03:31:00
999726,2021-12-11T10:00:00+00:00,36.1634,-86.6223,285.34375,1.3594249486923218,291.60107421875,288.9902038574219,98176.0,42.81352615356445,21.725592079608685,28.484503127643205,0.0,0,EF0,CST-6,11-DEC-21 03:33:00
999627,2021-12-11T09:00:00+00:00,36.1819,-86.9594,1937.9375,0.01608797162771225,293.9353942871094,291.0645446777344,98155.375,41.743125915527344,18.866214705029467,25.201488805746283,0.0,0,EF0,CST-6,11-DEC-21 03:12:00
999610,2021-12-11T09:00:00+00:00,35.9786,-87.4798,1677.1875,0.10983797162771225,293.8230895996094,291.3194274902344,98072.375,41.307579040527344,19.83279099109505,24.636171468721994,0.0,0,EF0,CST-6,11-DEC-21 02:40:00
999759,2021-12-11T14:00:00+00:00,35.3472,-85.712,149.15625,,290.18157958984375,289.0538330078125,95564.125,35.17555236816406,18.152564101364057,26.547185203634157,0.0,0,EF0,CST-6,11-DEC-21 07:39:00
999295,2021-12-06T13:00:00+00:00,36.479,-85.195,67.625,,288.5692138671875,286.65802001953125,97159.625,31.772865295410156,16.6776561935689,28.993266804058255,0.0,0,EF0,CST-6,06-DEC-21 07:04:00
964226,2021-07-15T00:00:00+00:00,42.58,-91.72,1595.125,270.21875,300.42529296875,295.556640625,97549.0,42.63400650024414,13.057334679564251,17.480923661862327,,0,EFU,CST-6,14-JUL-21 18:10:00
995232,2021-12-16T02:00:00+00:00,43.9605,-91.7908,294.6875,11.375991821289062,289.792236328125,287.025146484375,95294.875,30.205596923828125,19.927258790366068,31.986323951053933,0.0,0,EF0,CST-6,15-DEC-21 20:10:00
995122,2021-12-16T02:00:00+00:00,43.9965,-91.58,267.3125,1.0947420597076416,290.020751953125,287.126708984375,95679.875,29.448760986328125,20.202278496807445,30.967661081857372,1.0,0,EF1,CST-6,15-DEC-21 20:17:00
995089,2021-12-16T02:00:00+00:00,44.1934,-92.9007,299.8125,0.7509920597076416,289.533447265625,287.089599609375,94507.875,30.652862548828125,18.773864350499288,25.999428854608954,1.0,0,EF1,CST-6,15-DEC-21 19:50:00
995116,2021-12-16T02:00:00+00:00,44.1342,-92.1343,228.875,15.204116821289062,289.896728515625,287.225341796875,94649.875,31.140167236328125,19.984224883576886,32.89754360014281,1.0,0,EF1,CST-6,15-DEC-21 20:03:00
995117,2021-12-16T02:00:00+00:00,43.7582,-91.6525,284.53125,11.063491821289062,290.128173828125,287.149169921875,95168.875,30.450714111328125,20.08051151653056,35.256598416278734,1.0,0,EF1,CST-6,15-DEC-21 20:06:00
999311,2021-12-06T14:00:00+00:00,35.3935,-86.2727,61.875,,289.53466796875,288.53289794921875,98053.5625,32.91576385498047,15.69137923024496,18.58490213491932,1.0,0,EF1,CST-6,06-DEC-21 07:44:00
999286,2021-12-06T12:00:00+00:00,36.385,-86.2221,25.5625,62.42502975463867,289.3113098144531,287.5736083984375,98610.5625,33.61590576171875,18.709863520633743,30.17507396710835,0.0,0,EF0,CST-6,06-DEC-21 05:59:00
964198,2021-07-15T03:00:00+00:00,42.21,-91.14,455.4375,168.4531707763672,297.391845703125,292.88037109375,97889.0,48.86299133300781,14.134125861480372,14.043631916973162,1.0,0,EF1,CST-6,14-JUL-21 21:02:00
952383,2021-05-03T01:00:00+00:00,40.8403,-98.0049,635.25,258.93951416015625,294.39306640625,290.4619140625,93470.0,27.53050994873047,4.582166613831319,5.579260219713635,,0,EFU,CST-6,02-MAY-21 18:51:00
952385,2021-05-03T01:00:00+00:00,41.0707,-97.6259,369.0,33.67388153076172,294.63916015625,291.0078125,93888.0,24.64183807373047,4.850934420150361,4.245981324146071,0.0,0,EF0,CST-6,02-MAY-21 19:06:00
952382,2021-05-03T01:00:00+00:00,40.8401,-97.9914,635.25,258.93951416015625,294.39306640625,290.4619140625,93470.0,27.53050994873047,4.582166613831319,5.579260219713635,0.0,0,EF0,CST-6,02-MAY-21 18:51:00
957387,2021-05-03T02:00:00+00:00,34.065,-89.024,668.125,1.0912537574768066,294.4169921875,292.51300048828125,99141.875,40.65998077392578,16.388139564669096,18.962612171967532,0.0,0,EF0,CST-6,02-MAY-21 20:15:00
957380,2021-05-03T01:00:00+00:00,33.762,-89.471,712.0625,0.033257368952035904,294.48095703125,292.5537109375,99178.0,41.61840057373047,15.070591524140733,19.639577983282212,0.0,0,EF0,CST-6,02-MAY-21 19:08:00
957397,2021-05-03T03:00:00+00:00,34.367,-88.5602,374.5625,0.0488252267241478,294.1123046875,292.5174560546875,99225.875,38.71099090576172,17.460874508112706,17.44279082766594,0.0,0,EF0,CST-6,02-MAY-21 21:22:00
999309,2021-12-06T13:00:00+00:00,36.4803,-85.1748,67.625,,288.5692138671875,286.65802001953125,97159.625,31.772865295410156,16.6776561935689,28.993266804058255,0.0,0,EF0,CST-6,06-DEC-21 07:05:00
999292,2021-12-06T13:00:00+00:00,36.4755,-85.3063,67.625,,288.5692138671875,286.65802001953125,97159.625,31.772865295410156,16.6776561935689,28.993266804058255,0.0,0,EF0,CST-6,06-DEC-21 06:56:00
979153,2021-08-23T17:00:00+00:00,42.438,-71.565,1141.125,1.5781300067901611,299.421142578125,295.334716796875,100014.8125,43.436492919921875,7.249406076713679,10.171576871294347,0.0,0,EF0,EST-5,23-AUG-21 11:30:00
979155,2021-08-23T17:00:00+00:00,42.4357,-71.5001,1141.125,1.5781300067901611,299.421142578125,295.334716796875,100014.8125,43.436492919921875,7.249406076713679,10.171576871294347,0.0,0,EF0,EST-5,23-AUG-21 12:10:00
979161,2021-08-23T16:00:00+00:00,42.311,-71.577,983.75,1.9062763452529907,298.743896484375,295.436279296875,100037.6875,42.436866760253906,6.620656148741133,10.400758306655405,0.0,0,EF0,EST-5,23-AUG-21 10:40:00
999747,2021-12-11T10:00:00+00:00,36.2945,-85.8457,137.0,17.031299591064453,291.64111328125,288.5712585449219,97664.0,39.49809646606445,24.035104478243188,32.19117964330642,0.0,0,EF0,CST-6,11-DEC-21 04:10:00
972307,2021-09-02T00:00:00+00:00,40.31,-74.67,68.75,3.500166416168213,297.53857421875,296.34130859375,99617.8125,59.353363037109375,13.415816417781283,24.814492297046222,0.0,0,EF0,EST-5,01-SEP-21 18:32:00
972359,2021-09-01T22:00:00+00:00,40.27,-75.11,61.375,0.7971622943878174,294.986083984375,293.93792724609375,99184.3125,57.115997314453125,16.617109492484346,25.712566490194224,1.0,0,EF1,EST-5,01-SEP-21 16:59:00
968759,2021-08-14T00:00:00+00:00,40.67,-115.67,86.625,,307.43701171875,276.69140625,82249.3125,18.47702407836914,0.5305199440047913,0.5625344911273144,0.0,0,EF0,PST-8,13-AUG-21 16:15:00
957572,2021-05-04T08:00:00+00:00,36.3001,-89.7007,1347.875,15.040437698364258,294.72314453125,293.088623046875,99693.875,43.81394577026367,3.4421541478298936,8.489018231591656,0.0,0,EF0,CST-6,04-MAY-21 01:55:00
982263,2021-08-17T15:00:00+00:00,35.846,-81.052,1314.5,0.3902978301048279,296.355224609375,295.0419921875,98597.6875,55.7603759765625,10.417461147775471,12.955379476643383,1.0,0,EF1,EST-5,17-AUG-21 10:22:00
982262,2021-08-17T15:00:00+00:00,35.804,-81.022,1314.5,0.3902978301048279,296.355224609375,295.0419921875,98597.6875,55.7603759765625,10.417461147775471,12.955379476643383,1.0,0,EF1,EST-5,17-AUG-21 10:15:00
982302,2021-08-17T19:00:00+00:00,34.898,-83.282,546.5,0.17188280820846558,294.7197265625,293.053955078125,92554.8125,51.14299011230469,7.695942177843224,19.035913592767184,0.0,0,EF0,EST-5,17-AUG-21 13:34:00
982296,2021-08-17T17:00:00+00:00,34.797,-82.928,515.875,2.359461784362793,297.947021484375,295.647705078125,97267.625,58.956172943115234,14.377779294787771,22.709769312574352,0.0,0,EF0,EST-5,17-AUG-21 11:50:00
982298,2021-08-17T19:00:00+00:00,34.765,-82.3,745.75,2.6875078678131104,299.2041015625,296.723876953125,98431.8125,59.48381042480469,12.782758413222599,19.637161086187543,1.0,0,EF1,EST-5,17-AUG-21 13:53:00
982299,2021-08-17T22:00:00+00:00,34.728,-82.144,388.375,3.754817008972168,298.08935546875,296.71875,98273.0,49.87226104736328,11.773211324630884,13.084899181710256,1.0,0,EF1,EST-5,17-AUG-21 17:18:00
982300,2021-08-17T22:00:00+00:00,34.657,-82.168,388.375,3.754817008972168,298.08935546875,296.71875,98273.0,49.87226104736328,11.773211324630884,13.084899181710256,0.0,0,EF0,EST-5,17-AUG-21 17:07:00
982297,2021-08-17T17:00:00+00:00,34.621,-82.725,827.25,0.7344617247581482,298.600341796875,296.285400390625,98407.625,60.511837005615234,14.626229711982445,20.418067901435546,0.0,0,EF0,EST-5,17-AUG-21 11:59:00
957388,2021-05-03T02:00:00+00:00,34.075,-89.009,668.125,1.0912537574768066,294.4169921875,292.51300048828125,99141.875,40.65998077392578,16.388139564669096,18.962612171967532,0.0,0,EF0,CST-6,02-MAY-21 20:18:00
957391,2021-05-03T03:00:00+00:00,34.193,-88.825,556.75,1.1738252639770508,294.2021484375,292.4549560546875,99190.875,38.29790496826172,16.830591545078583,17.99949002706187,1.0,0,EF1,CST-6,02-MAY-21 20:44:00
946866,2021-03-25T18:00:00+00:00,33.1157,-87.1707,1222.5,0.4218813478946686,295.62109375,294.400390625,99615.25,42.83271026611328,22.663870269983146,21.573534120899257,2.0,1,EF2,CST-6,25-MAR-21 11:53:00
946868,2021-03-25T19:00:00+00:00,33.502,-86.444,707.1875,2.770458936691284,293.79443359375,292.6318359375,98727.9375,42.875423431396484,20.419738848447114,23.44814228345369,1.0,0,EF1,CST-6,25-MAR-21 13:01:00
946864,2021-03-25T17:00:00+00:00,32.9386,-87.5753,1345.4375,1.1570746898651123,295.082275390625,294.0166015625,99918.8125,40.86760330200195,23.544751790000888,23.008652499077986,3.0,1,EF3,CST-6,25-MAR-21 11:16:00
957398,2021-05-03T03:00:00+00:00,34.379,-88.542,374.5625,0.0488252267241478,294.1123046875,292.5174560546875,99225.875,38.71099090576172,17.460874508112706,17.44279082766594,0.0,0,EF0,CST-6,02-MAY-21 21:25:00
955328,2021-06-18T20:00:00+00:00,40.4327,-84.7917,3242.625,36.12501525878906,300.39990234375,295.221923828125,97731.875,47.09123229980469,6.4073770440051785,18.01678515760029,2.0,1,EF2,EST-5,18-JUN-21 15:12:00
955329,2021-06-19T01:00:00+00:00,39.6181,-84.4696,2604.625,88.48446655273438,299.118408203125,295.5634765625,98239.5625,53.39811706542969,10.241871930390024,14.584441656696818,1.0,0,EF1,EST-5,18-JUN-21 19:38:00
946871,2021-03-25T20:00:00+00:00,33.962,-85.634,737.0,33.20417022705078,293.388427734375,291.374755859375,98300.3125,42.58769989013672,19.216978122840242,23.89981183001615,0.0,0,EF0,CST-6,25-MAR-21 14:18:00
946872,2021-03-25T21:00:00+00:00,32.8781,-87.9756,1553.6875,43.88440704345703,296.239990234375,294.27423095703125,100217.1875,43.557010650634766,20.580368181854702,27.59788178763929,1.0,0,EF1,CST-6,25-MAR-21 14:57:00
955723,2021-06-19T01:00:00+00:00,39.0595,-85.0532,1909.625,126.29696655273438,299.817626953125,295.833984375,98352.5625,52.24479675292969,13.373859058670432,15.051549567755817,1.0,0,EF1,EST-5,18-JUN-21 20:01:00
999619,2021-12-11T09:00:00+00:00,36.1701,-86.9911,1937.9375,0.01608797162771225,293.9353942871094,291.0645446777344,98155.375,41.743125915527344,18.866214705029467,25.201488805746283,0.0,0,EF0,CST-6,11-DEC-21 03:10:00
999748,2021-12-11T10:00:00+00:00,36.3099,-86.3301,236.875,0.6562999486923218,291.50927734375,288.9696960449219,98059.0,42.33696365356445,23.40003592484072,30.80476313668832,0.0,0,EF0,CST-6,11-DEC-21 03:48:00
999746,2021-12-11T10:00:00+00:00,36.2416,-85.9548,173.21875,2.6406748294830322,291.56103515625,288.8124694824219,97760.0,41.32622146606445,23.819602644282423,31.861488235350958,0.0,0,EF0,CST-6,11-DEC-21 04:04:00
979253,2021-08-29T11:00:00+00:00,30.3156,-89.2582,900.0,33.95127868652344,299.98876953125,298.27734375,100974.6875,54.46369552612305,14.875120238642875,21.549791680459045,1.0,0,EF1,CST-6,29-AUG-21 05:23:00
964217,2021-07-15T01:00:00+00:00,42.467,-91.491,1181.75,260.7823791503906,300.128662109375,294.696044921875,97512.5,43.56744384765625,13.575052695394428,16.354152022569906,1.0,0,EF1,CST-6,14-JUL-21 18:54:00
964224,2021-07-15T01:00:00+00:00,42.14,-92.1,405.625,234.7355194091797,300.635498046875,294.074951171875,97968.5,45.63189697265625,13.657326921239866,15.700312552672772,,0,EFU,CST-6,14-JUL-21 18:36:00
990331,2021-06-19T06:00:00+00:00,30.3287,-89.2314,822.3125,22.67344093322754,298.744873046875,297.161865234375,100950.4375,65.6793441772461,9.794779142099298,6.684093395406508,0.0,0,EF0,CST-6,18-JUN-21 23:37:00
964201,2021-07-15T04:00:00+00:00,42.15,-90.96,593.75,1.4531933069229126,296.17236328125,292.91162109375,98006.8125,49.53691101074219,15.064247327913893,13.769399416418395,1.0,0,EF1,CST-6,14-JUL-21 21:30:00
964214,2021-07-15T01:00:00+00:00,42.457,-91.527,1181.75,260.7823791503906,300.128662109375,294.696044921875,97512.5,43.56744384765625,13.575052695394428,16.354152022569906,1.0,0,EF1,CST-6,14-JUL-21 18:50:00
964211,2021-07-15T03:00:00+00:00,42.21,-91.29,455.4375,168.4531707763672,297.391845703125,292.88037109375,97889.0,48.86299133300781,14.134125861480372,14.043631916973162,1.0,0,EF1,CST-6,14-JUL-21 20:44:00
953849,2021-06-11T23:00:00+00:00,38.5749,-83.5119,1128.125,89.13353729248047,297.391845703125,294.6777038574219,97677.6875,46.69086456298828,7.853154232506903,10.134698910647812,0.0,0,EF0,EST-5,11-JUN-21 18:09:00
934800,2021-02-14T20:00:00+00:00,29.8599,-81.4972,724.9375,1.1266348361968994,294.37841796875,292.37799072265625,101081.875,41.67101287841797,11.609092976400635,19.842012229200638,0.0,0,EF0,EST-5,14-FEB-21 14:30:00
934371,2021-02-15T21:00:00+00:00,30.207,-82.738,1178.8125,83.53125,294.74188232421875,292.474853515625,100629.9375,35.59154510498047,13.977742159559025,19.79360735292753,0.0,0,EF0,EST-5,15-FEB-21 16:17:00
998283,2021-12-15T22:00:00+00:00,41.19,-95.89,53.125,96.95315551757812,291.53790283203125,285.447265625,94860.5625,23.03154754638672,20.302725379212262,32.83833649837148,0.0,0,EF0,CST-6,15-DEC-21 16:16:00
948236,2021-03-26T00:00:00+00:00,32.1233,-88.0426,1544.375,165.48789978027344,297.17919921875,294.7047119140625,100334.8125,45.258052825927734,14.427516756357749,23.350902096011595,2.0,1,EF2,CST-6,25-MAR-21 18:14:00
999753,2021-12-11T10:00:00+00:00,36.5809,-85.7738,185.65625,17.187549591064453,291.60693359375,288.7548522949219,97613.0,40.94926834106445,24.15867963311414,33.72914923757922,1.0,0,EF1,CST-6,11-DEC-21 04:20:00
998286,2021-12-15T23:00:00+00:00,41.39,-95.64,218.75,41.59569549560547,289.7197570800781,285.2435302734375,94860.375,24.257122039794922,17.864484506774417,29.235485861019065,2.0,1,EF2,CST-6,15-DEC-21 16:31:00
998287,2021-12-15T23:00:00+00:00,41.18,-95.36,379.375,14.501945495605469,291.1347961425781,285.4378662109375,94865.375,29.633098602294922,19.72004455386746,34.41604610649272,1.0,0,EF1,CST-6,15-DEC-21 16:34:00
999730,2021-12-11T10:00:00+00:00,36.1424,-86.5901,285.34375,1.3594249486923218,291.60107421875,288.9902038574219,98176.0,42.81352615356445,21.725592079608685,28.484503127643205,0.0,0,EF0,CST-6,11-DEC-21 03:31:00
999603,2021-12-11T08:00:00+00:00,35.903,-87.7074,1511.3125,0.06514109671115875,294.59429931640625,291.60699462890625,98336.3125,39.94563674926758,20.409154035343484,24.983083567995607,1.0,0,EF1,CST-6,11-DEC-21 02:27:00
998284,2021-12-15T22:00:00+00:00,41.31,-95.77,53.125,73.50003051757812,291.49102783203125,285.9169921875,94904.5625,21.36846160888672,20.018315000819797,32.34232879199808,2.0,1,EF2,CST-6,15-DEC-21 16:24:00
998285,2021-12-15T23:00:00+00:00,41.08,-95.44,501.6875,23.20507049560547,290.9795227050781,285.1888427734375,95221.375,28.173137664794922,19.762978877262945,33.20914992258838,1.0,0,EF1,CST-6,15-DEC-21 16:31:00
965298,2021-06-19T13:00:00+00:00,31.0589,-87.0649,175.875,0.05896426737308502,297.869140625,296.9326171875,100607.375,59.38798904418945,18.496797116684302,18.18576068856427,2.0,1,EF2,CST-6,19-JUN-21 06:31:00
990338,2021-06-19T10:00:00+00:00,30.3548,-88.5285,51.5,10.924375534057617,298.811279296875,296.732421875,100702.375,52.69884490966797,10.372336513871414,11.385666685001905,0.0,0,EF0,CST-6,19-JUN-21 04:08:00
991502,2021-10-24T22:00:00+00:00,39.883,-93.361,945.25,55.56250762939453,292.2412109375,289.364501953125,97223.25,25.673866271972656,15.699705301803174,17.530969821509764,2.0,1,EF2,CST-6,24-OCT-21 15:40:00
990005,2021-10-24T20:00:00+00:00,39.6181,-94.2138,1233.625,90.5937728881836,296.0556640625,290.453369140625,96410.5625,27.23715591430664,13.463029225828826,20.17106778728384,0.0,0,EF0,CST-6,24-OCT-21 14:27:00
990006,2021-10-24T20:00:00+00:00,39.6209,-94.2064,1233.625,90.5937728881836,296.0556640625,290.453369140625,96410.5625,27.23715591430664,13.463029225828826,20.17106778728384,1.0,0,EF1,CST-6,24-OCT-21 14:28:00
990007,2021-10-24T19:00:00+00:00,39.7587,-95.1728,617.125,275.8181457519531,292.875,289.857666015625,96237.9375,25.064876556396484,5.146155292394904,10.944643975712944,0.0,0,EF0,CST-6,24-OCT-21 13:03:00
991490,2021-10-24T22:00:00+00:00,39.8778,-93.4205,776.75,56.95313262939453,292.734375,289.330322265625,97191.25,25.683631896972656,13.540604572353608,15.661033074752986,1.0,0,EF1,CST-6,24-OCT-21 15:31:00
990299,2021-10-13T21:00:00+00:00,46.23,-97.92,488.875,3.7031352519989014,286.958984375,285.2317199707031,94280.25,18.35654640197754,10.108989082451721,7.622921480740714,0.0,0,EF0,CST-6,13-OCT-21 15:04:00
991506,2021-10-24T22:00:00+00:00,38.6651,-93.2226,1745.125,63.90625762939453,292.4326171875,290.112548828125,97107.25,28.667030334472656,17.265381953390225,22.02773970683208,0.0,0,EF0,CST-6,24-OCT-21 15:54:00
991508,2021-10-24T22:00:00+00:00,38.6954,-93.1778,1745.125,63.90625762939453,292.4326171875,290.112548828125,97107.25,28.667030334472656,17.265381953390225,22.02773970683208,0.0,0,EF0,CST-6,24-OCT-21 15:59:00
990295,2021-10-10T04:00:00+00:00,46.9,-95.06,571.1875,18.408573150634766,291.066162109375,289.05908203125,94767.875,38.190025329589844,12.707784577041553,16.66016016068614,1.0,0,EF1,CST-6,09-OCT-21 21:35:00
974624,2021-08-11T00:00:00+00:00,42.0394,-88.9328,2019.5,285.5516357421875,298.61376953125,294.881103515625,98258.375,53.639801025390625,9.017762596262736,18.148697866676454,,0,EFU,CST-6,10-AUG-21 17:33:00
953679,2021-06-07T23:00:00+00:00,40.1405,-104.9032,967.125,,301.709716796875,281.268310546875,83573.4375,18.605314254760742,0.8516572189644047,4.96686176827829,2.0,1,EF2,MST-7,07-JUN-21 15:59:00
959110,2021-07-01T21:00:00+00:00,38.8892,-75.5826,1733.25,57.614234924316406,300.03564453125,295.10888671875,100772.625,55.66783905029297,7.217340895077788,14.70261053268627,1.0,0,EF1,EST-5,01-JUL-21 15:52:00
983132,2021-08-28T21:00:00+00:00,43.344,-96.9246,2516.0,205.7969512939453,304.253662109375,294.601318359375,96207.0625,45.0902099609375,5.577260422241928,11.478056994891295,1.0,0,EF1,CST-6,28-AUG-21 15:22:00
973340,2021-08-09T23:00:00+00:00,41.53,-89.34,5558.75,49.555477142333984,302.651123046875,297.247314453125,98288.5625,47.67153549194336,9.481710958330494,17.5211243969593,,0,EFU,CST-6,09-AUG-21 17:13:00
1000138,2021-12-06T15:00:00+00:00,34.39,-86.95,164.625,33.51953125,290.4216003417969,289.516845703125,98997.375,35.385528564453125,14.686773535453135,19.203107306527272,,0,EFU,CST-6,06-DEC-21 09:05:00
953890,2021-04-08T06:00:00+00:00,30.6,-90.85,666.75,2.7385096549987793,292.8095703125,291.655517578125,100950.0,43.72688293457031,11.491625741725798,15.509315437095989,0.0,0,EF0,CST-6,08-APR-21 00:20:00
989131,2021-11-11T01:00:00+00:00,36.118,-95.761,582.75,0.28998133540153503,291.320068359375,289.119384765625,98438.0,33.29766082763672,14.188363472176006,12.90955835551005,0.0,0,EF0,CST-6,10-NOV-21 19:26:00
989130,2021-11-11T01:00:00+00:00,36.132,-95.976,459.0,1.4618563652038574,291.464599609375,289.353759765625,98124.0,32.11699676513672,11.923545716457099,13.349184312906592,0.0,0,EF0,CST-6,10-NOV-21 19:14:00
957390,2021-05-03T03:00:00+00:00,34.1795,-88.8421,556.75,1.1738252639770508,294.2021484375,292.4549560546875,99190.875,38.29790496826172,16.830591545078583,17.99949002706187,1.0,0,EF1,CST-6,02-MAY-21 20:40:00
949945,2021-05-17T22:00:00+00:00,34.52,-103.62,604.75,34.01592254638672,296.920166015625,280.24658203125,85821.4375,19.77239990234375,0.6528470613618359,6.286627948657281,0.0,0,EF0,MST-7,17-MAY-21 15:23:00
949933,2021-05-17T19:00:00+00:00,34.78,-106.7,89.875,,295.79833984375,266.5625,83220.6875,8.788814544677734,0.19839734727632735,1.9040986203726593,0.0,0,EF0,MST-7,17-MAY-21 11:45:00
949947,2021-05-17T23:00:00+00:00,35.55,-103.2,927.125,16.109540939331055,294.303955078125,285.308349609375,86870.8125,28.04007339477539,0.13766728093569652,10.248872333851134,0.0,0,EF0,MST-7,17-MAY-21 15:33:00
952113,2021-05-28T20:00:00+00:00,36.48,-104.58,850.375,87.10944366455078,294.88720703125,282.80242919921875,81298.4375,15.986833572387695,0.3262910149745649,2.9733602134250914,0.0,0,EF0,MST-7,28-MAY-21 13:01:00
951713,2021-05-06T22:00:00+00:00,38.57,-88.433,0.75,,289.210693359375,280.587890625,99969.4375,14.378820419311523,7.278367995332863,10.551890621908685,0.0,0,EF0,CST-6,06-MAY-21 16:00:00
999602,2021-12-11T08:00:00+00:00,35.8371,-87.8041,1619.1875,0.0026410981081426144,294.63922119140625,291.61285400390625,98334.3125,39.84407424926758,19.98102891900377,26.692816044445255,2.0,1,EF2,CST-6,11-DEC-21 02:20:00
999599,2021-12-11T08:00:00+00:00,35.7921,-87.8848,1262.0625,0.09639109671115875,294.74664306640625,291.52789306640625,98669.3125,40.09602737426758,20.671055416221087,25.94897335337228,0.0,0,EF0,CST-6,11-DEC-21 02:15:00
999606,2021-12-11T09:00:00+00:00,35.9855,-87.4632,1677.1875,0.10983797162771225,293.8230895996094,291.3194274902344,98072.375,41.307579040527344,19.83279099109505,24.636171468721994,2.0,1,EF2,CST-6,11-DEC-21 02:41:00
946588,2021-04-07T22:00:00+00:00,32.3824,-93.4585,1465.1875,0.5956421494483948,294.499267578125,292.9729309082031,100061.5,41.70745849609375,13.317868041211952,16.028107614786528,1.0,0,EF1,CST-6,07-APR-21 15:33:00
972392,2021-09-01T23:00:00+00:00,40.06,-74.89,86.125,33.85942840576172,298.544921875,296.17919921875,99649.4375,60.156089782714844,16.87250250187894,21.096952608623,1.0,0,EF1,EST-5,01-SEP-21 17:59:00
947345,2021-04-18T23:00:00+00:00,29.1861,-82.1836,591.75,1.2813459634780884,295.397705078125,293.0374755859375,100820.4375,42.162879943847656,6.800677391893098,16.03884441443297,0.0,0,EF0,EST-5,18-APR-21 18:21:00
946589,2021-04-07T22:00:00+00:00,32.1803,-93.4805,1465.1875,0.5956421494483948,294.499267578125,292.9729309082031,100061.5,41.70745849609375,13.317868041211952,16.028107614786528,1.0,0,EF1,CST-6,07-APR-21 15:35:00
946590,2021-04-07T22:00:00+00:00,32.236,-93.338,1433.5,9.59564208984375,294.456298828125,292.9875793457031,100045.5,41.64202880859375,15.528592419760562,15.328378849980867,1.0,0,EF1,CST-6,07-APR-21 15:52:00
947508,2021-04-25T01:00:00+00:00,31.4524,-83.0035,1116.5,65.57142639160156,293.399169921875,291.94647216796875,99823.5625,39.84587097167969,18.96373308268396,28.05271852340035,2.0,1,EF2,EST-5,24-APR-21 20:03:00
954167,2021-04-28T05:00:00+00:00,34.7,-97.172,1199.8125,40.05577850341797,293.324462890625,292.10992431640625,97219.125,44.67238998413086,14.154907869845172,24.36045090701127,1.0,0,EF1,CST-6,27-APR-21 23:00:00
1001745,2021-12-15T22:00:00+00:00,41.89,-96.79,165.1875,11.171908378601074,287.48712158203125,284.001953125,93620.5625,25.22100067138672,14.95544122354493,26.625258490856137,1.0,0,EF1,CST-6,15-DEC-21 15:41:00
946591,2021-04-08T00:00:00+00:00,32.5509,-92.3982,759.8125,55.17434310913086,294.792236328125,292.399658203125,100024.125,37.04160690307617,17.89829243716071,17.86688202737031,0.0,0,EF0,CST-6,07-APR-21 17:48:00
955314,2021-04-28T15:00:00+00:00,36.7392,-93.2499,31.4375,10.385534286499023,291.5556640625,290.87841796875,97188.75,42.7280158996582,10.498210228648867,18.745607483647955,0.0,0,EF0,CST-6,28-APR-21 08:30:00
953868,2021-04-24T14:00:00+00:00,31.7064,-84.5203,114.75,1.5984559059143066,290.38427734375,289.5225830078125,99956.375,44.1597785949707,18.93307339197407,29.735738362205854,1.0,0,EF1,EST-5,24-APR-21 08:30:00
943554,2021-04-10T22:00:00+00:00,27.4364,-82.6084,413.3125,2.453174114227295,294.850341796875,292.21697998046875,101264.8125,47.36792755126953,10.027506656565327,5.096422913616782,1.0,0,EF1,EST-5,10-APR-21 16:45:00
954839,2021-05-19T02:00:00+00:00,32.5776,-101.12,1116.5,218.21881103515625,295.0947265625,289.3377380371094,92930.0,23.092254638671875,5.758224815518458,14.90343499929775,0.0,0,EF0,CST-6,18-MAY-21 20:16:00
953869,2021-04-24T13:00:00+00:00,31.3981,-85.049,21.8125,0.42230933904647827,291.321533203125,290.3955078125,100075.0,44.031219482421875,18.489988841219795,30.317244280204054,1.0,0,EF1,EST-5,24-APR-21 07:59:00
953870,2021-04-24T13:00:00+00:00,31.2595,-85.0335,32.6875,6.625434398651123,292.459228515625,291.0810546875,100362.0,44.405242919921875,17.86583730440537,30.624820677005577,0.0,0,EF0,EST-5,24-APR-21 08:01:00
949306,2021-04-08T22:00:00+00:00,36.3112,-84.4537,956.0625,46.36149978637695,294.60107421875,285.93511962890625,94962.25,21.627540588378906,11.564713353173834,15.807415922891344,0.0,0,EF0,EST-5,08-APR-21 17:07:00
949299,2021-04-08T22:00:00+00:00,36.3392,-84.397,956.0625,46.36149978637695,294.60107421875,285.93511962890625,94962.25,21.627540588378906,11.564713353173834,15.807415922891344,2.0,1,EF2,EST-5,08-APR-21 17:12:00
939739,2021-03-01T00:00:00+00:00,32.8911,-94.0091,650.0625,27.984386444091797,293.79931640625,292.3192138671875,100100.0,44.014610290527344,11.35262014592464,16.144150993750987,1.0,0,EF1,CST-6,28-FEB-21 18:15:00
949300,2021-04-08T22:00:00+00:00,36.3593,-84.3747,961.0625,74.12712097167969,295.00439453125,285.21148681640625,95168.25,21.212501525878906,10.909498403239256,15.91844236855391,2.0,1,EF2,EST-5,08-APR-21 17:15:00
957068,2021-04-10T23:00:00+00:00,34.877,-82.051,123.0625,4.533937931060791,292.165771484375,290.31732177734375,97826.5,37.601165771484375,12.16927140720252,16.852459707237887,0.0,0,EF0,EST-5,10-APR-21 17:38:00
943561,2021-04-11T16:00:00+00:00,27.999,-81.7849,1287.0,16.60090446472168,294.738525390625,292.88714599609375,100519.25,49.263648986816406,6.934956935516736,22.770481359591493,0.0,0,EF0,EST-5,11-APR-21 11:18:00
953863,2021-04-10T11:00:00+00:00,30.7845,-86.364,1.1875,419.31256103515625,291.8916015625,290.3798828125,100002.5625,33.10282897949219,18.117846553002103,16.16879858189141,1.0,0,EF1,CST-6,10-APR-21 05:23:00
953865,2021-04-10T14:00:00+00:00,30.2347,-85.9177,280.6875,243.01068115234375,294.49853515625,292.77215576171875,100953.6875,43.99447250366211,9.223751235082812,11.140800981302379,2.0,1,EF2,CST-6,10-APR-21 07:42:00
950853,2021-05-03T22:00:00+00:00,39.8799,-89.9497,2377.5,76.67188262939453,298.377197265625,290.345703125,98045.9375,32.01502990722656,4.0492986768409756,15.73027208155136,,0,EFU,CST-6,03-MAY-21 16:27:00
952450,2021-04-24T13:00:00+00:00,31.3984,-85.2407,17.3125,0.31293433904647827,291.598876953125,290.697265625,100002.0,43.401336669921875,18.13589257540174,30.50025075838665,1.0,0,EF1,CST-6,24-APR-21 06:50:00
952451,2021-04-24T13:00:00+00:00,31.2399,-85.17,36.125,0.8754343390464783,292.389892578125,291.2333984375,100245.0,43.918914794921875,17.731142935182756,31.229516204333585,0.0,0,EF0,CST-6,24-APR-21 06:51:00
953866,2021-04-10T14:00:00+00:00,30.166,-85.7952,421.4375,331.10443115234375,293.16455078125,291.78680419921875,100878.6875,44.57650375366211,8.411333741975378,12.51684087303266,0.0,0,EF0,CST-6,10-APR-21 07:45:00
970634,2021-06-02T19:00:00+00:00,35.7596,-89.9404,3095.8125,49.48447036743164,298.448486328125,293.398193359375,100413.5,35.820457458496094,5.263344530609928,10.761538588098313,0.0,0,EF0,CST-6,02-JUN-21 13:01:00
950855,2021-05-03T23:00:00+00:00,39.8478,-89.4508,1972.625,129.36257934570312,297.65771484375,290.185302734375,98132.6875,33.060752868652344,4.986453623802801,19.841800109545332,,0,EFU,CST-6,03-MAY-21 17:10:00
950856,2021-05-03T23:00:00+00:00,39.8267,-89.4282,1972.625,129.36257934570312,297.65771484375,290.185302734375,98132.6875,33.060752868652344,4.986453623802801,19.841800109545332,,0,EFU,CST-6,03-MAY-21 17:14:00
958051,2021-05-27T20:00:00+00:00,38.7593,-88.4532,493.25,131.72425842285156,298.96240234375,292.225341796875,99509.75,39.858943939208984,4.680978440941255,12.085974850221307,,0,EFU,CST-6,27-MAY-21 14:29:00
950815,2021-04-29T01:00:00+00:00,39.633,-88.3524,158.3125,13.988508224487305,293.163330078125,291.7354736328125,98593.5625,37.70015335083008,11.76562490473891,16.371784961007666,,0,EFU,CST-6,28-APR-21 18:36:00
965783,2021-08-10T22:00:00+00:00,28.21,-82.62,2627.75,108.99771881103516,302.044189453125,296.296630859375,101619.25,57.96405792236328,6.194759108372576,6.215139418271063,0.0,0,EF0,EST-5,10-AUG-21 16:50:00
947618,2021-04-28T20:00:00+00:00,37.4361,-90.0159,956.5,8.643043518066406,294.642578125,293.771728515625,98825.375,42.83921813964844,9.075070847861035,18.321633170201615,1.0,0,EF1,CST-6,28-APR-21 13:50:00
942228,2021-04-10T20:00:00+00:00,42.7844,-85.6384,205.125,204.6443634033203,294.409912109375,283.23004150390625,97399.4375,29.29091453552246,8.377280766812994,15.016094888183197,0.0,0,EF0,EST-5,10-APR-21 15:18:00
956809,2021-04-27T22:00:00+00:00,38.6155,-103.1625,45.375,,295.829833984375,265.944580078125,85053.4375,11.395086288452148,0.30318202318695037,2.6456465271739655,,0,EFU,MST-7,27-APR-21 15:08:00
956810,2021-04-27T22:00:00+00:00,38.6226,-103.1092,29.4375,,296.230224609375,266.321533203125,85422.4375,11.706609725952148,0.14468681789730606,3.822059253876817,,0,EFU,MST-7,27-APR-21 15:08:00
952528,2021-04-27T22:00:00+00:00,38.64,-103.25,212.3125,148.11068725585938,291.639404296875,273.368408203125,84347.4375,13.690984725952148,0.11911789847762286,4.322319955151821,0.0,0,EF0,MST-7,27-APR-21 14:57:00
952530,2021-04-27T21:00:00+00:00,38.85,-103.83,558.1875,17.71957015991211,292.8203125,274.229248046875,83034.4375,13.935264587402344,0.19559465523610148,2.8515784999782303,0.0,0,EF0,MST-7,27-APR-21 13:32:00
956811,2021-04-27T22:00:00+00:00,38.6185,-103.1028,29.4375,,296.230224609375,266.321533203125,85422.4375,11.706609725952148,0.14468681789730606,3.822059253876817,,0,EFU,MST-7,27-APR-21 15:15:00
956812,2021-04-27T22:00:00+00:00,38.6175,-103.1057,29.4375,,296.230224609375,266.321533203125,85422.4375,11.706609725952148,0.14468681789730606,3.822059253876817,,0,EFU,MST-7,27-APR-21 15:16:00
956813,2021-04-27T23:00:00+00:00,38.954,-102.6085,182.875,,292.3759765625,276.96240234375,85560.125,14.10153579711914,0.1577831624862486,10.265352110617384,,0,EFU,MST-7,27-APR-21 16:27:00
954441,2021-04-23T23:00:00+00:00,34.13,-99.66,1442.0,485.745849609375,299.390380859375,284.58355712890625,94943.8125,20.590431213378906,1.8622778375816058,13.512454592301038,,0,EFU,CST-6,23-APR-21 16:54:00
960552,2021-05-18T08:00:00+00:00,29.975,-90.2596,491.25,62.35981369018555,296.802978515625,294.1139831542969,101377.0625,47.900306701660156,9.914824599058951,11.637282185409616,0.0,0,EF0,CST-6,18-MAY-21 02:16:00
954446,2021-04-23T23:00:00+00:00,34.1,-99.51,1664.0625,284.355224609375,297.520263671875,289.38922119140625,95428.8125,22.241798400878906,3.909504260608885,13.43359249198114,,0,EFU,CST-6,23-APR-21 17:08:00
947534,2021-04-25T11:00:00+00:00,29.4247,-81.1268,313.875,215.71896362304688,294.854736328125,293.71142578125,100992.8125,36.70967483520508,11.376637650722637,19.00250905604327,0.0,0,EF0,EST-5,25-APR-21 06:09:00
954169,2021-04-23T23:00:00+00:00,34.1,-99.48,1664.0625,284.355224609375,297.520263671875,289.38922119140625,95428.8125,22.241798400878906,3.909504260608885,13.43359249198114,2.0,1,EF2,CST-6,23-APR-21 17:13:00
954168,2021-04-23T23:00:00+00:00,34.11,-99.49,1664.0625,284.355224609375,297.520263671875,289.38922119140625,95428.8125,22.241798400878906,3.909504260608885,13.43359249198114,,0,EFU,CST-6,23-APR-21 17:10:00
954436,2021-04-23T23:00:00+00:00,34.13,-99.73,1442.0,485.745849609375,299.390380859375,284.58355712890625,94943.8125,20.590431213378906,1.8622778375816058,13.512454592301038,,0,EFU,CST-6,23-APR-21 16:43:00
954170,2021-04-24T00:00:00+00:00,34.077,-99.334,1608.375,445.9844665527344,292.66748046875,290.3841552734375,95832.5,20.88421630859375,5.5077428016385355,17.077545713731475,1.0,0,EF1,CST-6,23-APR-21 17:34:00
955153,2021-04-26T01:00:00+00:00,39.8205,-122.1381,132.75,,290.4345703125,272.30615234375,99132.1875,12.432312965393066,2.0222324584209486,8.563072040707405,0.0,0,EF0,PST-8,25-APR-21 16:45:00
950605,2021-04-28T01:00:00+00:00,32.5891,-100.7986,957.5625,,299.040283203125,288.8394775390625,92482.125,28.593278884887695,6.069404432887724,17.96582216823964,0.0,0,EF0,CST-6,27-APR-21 18:47:00
955315,2021-04-28T15:00:00+00:00,36.7651,-93.2058,31.4375,10.385534286499023,291.5556640625,290.87841796875,97188.75,42.7280158996582,10.498210228648867,18.745607483647955,0.0,0,EF0,CST-6,28-APR-21 08:37:00
955316,2021-04-28T15:00:00+00:00,36.8677,-93.1012,39.9375,29.135534286499023,291.857421875,291.21240234375,97335.75,41.5717658996582,9.53750232525464,18.397433318523763,0.0,0,EF0,CST-6,28-APR-21 08:55:00
955317,2021-04-28T16:00:00+00:00,36.8423,-92.3251,240.0,42.234413146972656,293.27587890625,292.442138671875,97670.0,40.327186584472656,9.901477160217949,17.888835510496847,0.0,0,EF0,CST-6,28-APR-21 10:13:00
954814,2021-05-18T23:00:00+00:00,32.8057,-101.8854,739.5,83.17462921142578,297.571533203125,287.77490234375,90555.4375,25.17249298095703,1.0391873330139574,9.486994605426538,0.0,0,EF0,CST-6,18-MAY-21 17:03:00
954166,2021-04-28T00:00:00+00:00,34.21,-98.89,1493.75,146.76568603515625,298.385498046875,291.89453125,96181.9375,38.56086730957031,5.740817164335433,22.542942705659723,0.0,0,EF0,CST-6,27-APR-21 18:15:00
946810,2021-04-23T22:00:00+00:00,34.4454,-100.9215,129.0,94.95317840576172,298.24365234375,279.70263671875,91613.25,16.455337524414062,0.7860373419769481,10.09037091643109,,0,EFU,CST-6,23-APR-21 16:22:00
955262,2021-04-10T15:00:00+00:00,30.373,-84.529,561.5,497.203125,293.85302734375,291.0755615234375,100788.1875,40.32274627685547,10.60965886529217,14.095182726083449,0.0,0,EF0,EST-5,10-APR-21 10:28:00
957395,2021-05-03T03:00:00+00:00,34.2333,-88.752,556.75,1.1738252639770508,294.2021484375,292.4549560546875,99190.875,38.29790496826172,16.830591545078583,17.99949002706187,1.0,0,EF1,CST-6,02-MAY-21 20:53:00
958203,2021-05-09T22:00:00+00:00,35.473,-89.8984,1255.8125,17.441600799560547,293.673828125,292.06597900390625,99956.4375,35.287532806396484,9.918453210812167,13.847660913194463,1.0,0,EF1,CST-6,09-MAY-21 16:08:00
949838,2021-05-04T09:00:00+00:00,36.661,-89.089,1315.125,5.7656941413879395,294.515869140625,292.944091796875,99350.125,43.26435089111328,5.833856910260893,9.99922140127985,1.0,0,EF1,CST-6,04-MAY-21 02:31:00
958729,2021-05-04T03:00:00+00:00,35.405,-94.436,851.5,239.92266845703125,295.09619140625,293.47369384765625,97795.0,41.87158966064453,3.9512467161551124,7.4414858634287855,1.0,0,EF1,CST-6,03-MAY-21 20:41:00
958733,2021-05-04T03:00:00+00:00,35.555,-94.153,976.125,129.95391845703125,294.97900390625,293.20611572265625,97705.0,40.41553497314453,4.033800123308064,8.756646460248461,1.0,0,EF1,CST-6,03-MAY-21 21:06:00
960899,2021-05-17T18:00:00+00:00,30.43,-91.94,726.375,36.51563262939453,297.01123046875,294.485595703125,101400.8125,46.296451568603516,12.790396726291085,9.581083724596127,0.0,0,EF0,CST-6,17-MAY-21 11:48:00
960912,2021-05-17T18:00:00+00:00,30.2,-92.96,1224.125,18.73438262939453,296.10888671875,293.676025390625,101363.8125,49.366764068603516,10.27959576530407,7.458912954699834,0.0,0,EF0,CST-6,17-MAY-21 12:14:00
960924,2021-05-17T18:00:00+00:00,30.53,-91.95,726.375,36.51563262939453,297.01123046875,294.485595703125,101400.8125,46.296451568603516,12.790396726291085,9.581083724596127,0.0,0,EF0,CST-6,17-MAY-21 12:13:00
985127,2021-09-08T00:00:00+00:00,41.8982,-84.6931,434.375,116.35708618164062,295.435791015625,289.84375,96825.4375,37.48597717285156,12.630621432259417,17.419039079554327,1.0,0,EF1,EST-5,07-SEP-21 18:45:00
949835,2021-05-04T09:00:00+00:00,36.52,-89.031,1077.125,3.4219443798065186,294.634033203125,293.074951171875,99451.125,44.48993682861328,8.351270018956107,9.236361565488062,2.0,1,EF2,CST-6,04-MAY-21 02:33:00
960946,2021-05-17T19:00:00+00:00,30.1006,-92.3618,1264.5,11.000018119812012,299.13623046875,295.1259765625,101436.6875,44.983150482177734,9.147290232111992,9.077008016696047,0.0,0,EF0,CST-6,17-MAY-21 13:17:00
960956,2021-05-17T18:00:00+00:00,30.1157,-93.1997,1408.0,53.92188262939453,297.18310546875,294.559814453125,101407.8125,48.097232818603516,9.179421869776505,6.60634849895764,0.0,0,EF0,CST-6,17-MAY-21 12:17:00
961041,2021-05-17T21:00:00+00:00,30.28,-92.68,1074.0,8.078168869018555,298.281494140625,294.292236328125,101306.8125,49.22272491455078,8.392760091019008,4.85874650213636,0.0,0,EF0,CST-6,17-MAY-21 14:30:00
961044,2021-05-17T21:00:00+00:00,30.27,-92.33,1701.0,49.18754577636719,297.080322265625,294.074462890625,101295.8125,47.37213897705078,10.550015907532709,6.809919624931467,0.0,0,EF0,CST-6,17-MAY-21 15:12:00
953279,2021-05-31T19:00:00+00:00,33.6918,-106.5524,601.375,145.28573608398438,298.84130859375,279.780517578125,84269.8125,16.824247360229492,0.16545890630795815,1.2058661433251872,0.0,0,EF0,MST-7,31-MAY-21 12:00:00
960551,2021-05-18T08:00:00+00:00,30.3884,-90.1932,489.875,23.31294059753418,295.698486328125,293.2643737792969,101173.0625,47.855384826660156,11.541762957687494,12.53171139867902,0.0,0,EF0,CST-6,18-MAY-21 01:50:00
960526,2021-05-12T07:00:00+00:00,29.9492,-90.119,1747.125,8.984444618225098,296.284912109375,294.41937255859375,101611.75,50.36912536621094,5.929974127189634,8.845574547643434,0.0,0,EF0,CST-6,12-MAY-21 01:05:00
949848,2021-05-04T09:00:00+00:00,36.758,-88.578,1806.75,38.85944366455078,294.450439453125,292.881591796875,98993.125,41.54462432861328,6.976520112958306,9.194934768022355,1.0,0,EF1,CST-6,04-MAY-21 02:59:00
952643,2021-05-30T22:00:00+00:00,36.74,-103.11,265.0625,22.71892547607422,290.544189453125,285.88525390625,85649.125,26.91851043701172,0.02889819834758344,11.36460465500907,0.0,0,EF0,MST-7,30-MAY-21 15:10:00
952650,2021-05-30T23:00:00+00:00,35.16,-103.27,321.1875,22.004371643066406,293.775390625,285.562255859375,88012.125,29.205320358276367,0.30489531659178226,3.18571793979758,0.0,0,EF0,MST-7,30-MAY-21 15:44:00
957860,2021-05-04T20:00:00+00:00,34.3035,-81.1407,1049.0,180.18753051757812,299.275146484375,292.418701171875,99870.5,41.963871002197266,8.8179490013834,11.739405557100582,1.0,0,EF1,EST-5,04-MAY-21 15:23:00
960514,2021-05-20T01:00:00+00:00,29.9018,-90.3495,234.8125,8.031367301940918,296.62548828125,294.61474609375,101575.9375,49.603111267089844,8.742790117334824,8.025533223129987,0.0,0,EF0,CST-6,19-MAY-21 18:42:00
949839,2021-05-04T09:00:00+00:00,36.5544,-88.6519,1514.625,9.921944618225098,294.584228515625,293.016357421875,99182.125,43.74188995361328,8.723180536717717,8.35962101275316,1.0,0,EF1,CST-6,04-MAY-21 02:55:00
949857,2021-05-04T10:00:00+00:00,36.819,-87.468,678.0,41.0783805847168,292.651123046875,291.323974609375,98637.3125,45.07929992675781,12.049919510435247,14.975361112861874,0.0,0,EF0,CST-6,04-MAY-21 04:12:00
962028,2021-05-15T18:00:00+00:00,42.966,-97.121,0.5625,,297.990966796875,281.60498046875,97048.25,17.21573257446289,0.30852714056819436,2.968099853928177,,0,EFU,CST-6,15-MAY-21 11:54:00
962105,2021-05-25T02:00:00+00:00,43.983,-97.366,437.75,71.34378051757812,295.260986328125,290.71759033203125,95093.3125,27.697765350341797,8.893217367065017,11.243052739123554,,0,EFU,CST-6,24-MAY-21 19:36:00
963689,2021-05-04T11:00:00+00:00,36.348,-86.7939,1007.75,192.0238037109375,294.02197265625,292.5961608886719,98637.5625,49.16990661621094,11.501375328900997,18.315385584201163,0.0,0,EF0,CST-6,04-MAY-21 05:03:00
957383,2021-05-03T02:00:00+00:00,33.835,-89.3249,734.625,14.919379234313965,294.4599609375,292.58624267578125,99161.875,38.58576202392578,16.194703748016963,18.948739117734483,1.0,0,EF1,CST-6,02-MAY-21 19:30:00
949860,2021-05-04T08:00:00+00:00,36.623,-89.262,1868.375,2.5560622215270996,294.59423828125,293.103271484375,99438.875,41.73777389526367,4.096736720070439,11.193795010880304,1.0,0,EF1,CST-6,04-MAY-21 02:19:00
949929,2021-05-17T18:00:00+00:00,34.33,-106.48,90.875,,295.34033203125,265.739501953125,81600.8125,6.698796272277832,0.2692208963346816,1.3982965801118792,0.0,0,EF0,MST-7,17-MAY-21 10:43:00
947725,2021-05-03T22:00:00+00:00,39.3108,-77.8655,36.0,109.04688262939453,295.761962890625,291.9462890625,98473.9375,38.09510803222656,8.628611317465568,16.319859559773512,1.0,0,EF1,EST-5,03-MAY-21 17:27:00
963692,2021-05-04T11:00:00+00:00,36.5776,-86.5997,639.625,130.8050537109375,293.06494140625,291.7358093261719,98446.5625,48.41307067871094,10.950775238834325,18.680965972747764,0.0,0,EF0,CST-6,04-MAY-21 05:13:00
963695,2021-05-04T11:00:00+00:00,36.4703,-86.6518,618.75,83.1956787109375,293.02392578125,291.7602233886719,98496.5625,48.32713317871094,10.522888976627248,19.40856822060383,0.0,0,EF0,CST-6,04-MAY-21 05:11:00
958192,2021-05-09T22:00:00+00:00,34.941,-90.972,1545.5625,4.988475322723389,295.0654296875,292.55426025390625,100063.4375,38.394954681396484,10.187691565458564,13.04857573086359,0.0,0,EF0,CST-6,09-MAY-21 15:30:00
963572,2021-05-26T20:00:00+00:00,38.7537,-99.2556,3786.25,273.8860168457031,301.0263671875,291.975830078125,94296.0,30.129173278808594,4.679527317418487,14.94491708359215,,0,EFU,CST-6,26-MAY-21 13:57:00
963579,2021-05-26T20:00:00+00:00,38.7856,-99.1494,3786.25,273.8860168457031,301.0263671875,291.975830078125,94296.0,30.129173278808594,4.679527317418487,14.94491708359215,0.0,0,EF0,CST-6,26-MAY-21 14:22:00
947728,2021-05-04T00:00:00+00:00,39.452,-77.2922,62.375,67.97042083740234,293.77294921875,291.8724365234375,98338.3125,41.464717864990234,10.811073924275899,14.826103793482904,0.0,0,EF0,EST-5,03-MAY-21 19:14:00
942822,2021-02-15T21:00:00+00:00,30.89,-84.82,409.5625,12.859378814697266,293.89422607421875,291.481689453125,100211.9375,38.12572479248047,20.221210505279387,25.218821339445128,0.0,0,EF0,EST-5,15-FEB-21 16:29:00
963754,2021-05-04T12:00:00+00:00,36.4177,-86.2701,585.5,184.688720703125,293.399169921875,292.11798095703125,98547.125,48.327850341796875,11.963990930971736,17.489815858515843,0.0,0,EF0,CST-6,04-MAY-21 05:41:00
963755,2021-05-04T11:00:00+00:00,36.4675,-86.7798,618.75,83.1956787109375,293.02392578125,291.7602233886719,98496.5625,48.32713317871094,10.522888976627248,19.40856822060383,0.0,0,EF0,CST-6,04-MAY-21 05:01:00
950418,2021-05-17T01:00:00+00:00,34.1122,-102.4394,962.1875,427.68768310546875,299.743408203125,285.0846862792969,88306.6875,21.276079177856445,0.5186908499479984,11.979595950526964,,0,EFU,CST-6,16-MAY-21 18:40:00
947024,2021-05-02T23:00:00+00:00,31.6904,-92.2236,1355.0,59.422080993652344,299.03466796875,293.37432861328125,99676.5625,37.9637451171875,12.233769426049653,19.265261183795992,,0,EFU,CST-6,02-MAY-21 16:46:00
950337,2021-05-04T01:00:00+00:00,39.511,-77.084,125.625,34.781349182128906,293.4619140625,291.7030334472656,98227.75,41.75513458251953,11.807582287212187,13.866592820012272,0.0,0,EF0,EST-5,03-MAY-21 19:47:00
947030,2021-05-03T00:00:00+00:00,32.9291,-92.1492,619.8125,7.672434329986572,296.38330078125,292.89373779296875,99617.1875,35.609413146972656,11.273185801494634,14.999722523375778,0.0,0,EF0,CST-6,02-MAY-21 17:52:00
950336,2021-05-04T01:00:00+00:00,39.482,-77.153,109.875,25.718847274780273,293.421875,291.7391662597656,98344.75,41.60376739501953,11.353014316390055,14.033695166970103,0.0,0,EF0,EST-5,03-MAY-21 19:35:00
942828,2021-02-15T22:00:00+00:00,31.3,-84.7,191.0625,0.8334190845489502,291.7374572753906,291.14361572265625,100045.3125,40.72887420654297,20.4709711859064,24.860414031539417,2.0,1,EF2,EST-5,15-FEB-21 16:38:00
952603,2021-05-29T00:00:00+00:00,33.71,-105.11,0.0,108.48445892333984,303.2578125,275.2189636230469,84877.9375,13.829052925109863,0.09431047426127162,2.8078004853102683,0.0,0,EF0,MST-7,28-MAY-21 16:36:00
953282,2021-05-31T20:00:00+00:00,34.2928,-106.6297,873.0,65.21925354003906,292.2783203125,281.23681640625,82289.9375,17.219566345214844,0.1221055840109294,2.3809136870846346,0.0,0,EF0,MST-7,31-MAY-21 13:08:00
960085,2021-06-25T22:00:00+00:00,40.2782,-88.3316,3446.0,0.7968759536743164,298.929443359375,296.062744140625,98525.0,50.23428726196289,9.374135124778707,15.581344866748793,,0,EFU,CST-6,25-JUN-21 16:27:00
960100,2021-06-25T23:00:00+00:00,40.028,-88.7761,2944.75,12.292223930358887,299.296875,296.54150390625,98522.4375,51.6960563659668,8.25000357235336,14.059053170784136,,0,EFU,CST-6,25-JUN-21 17:01:00
960104,2021-06-25T23:00:00+00:00,40.0423,-88.7408,2944.75,12.292223930358887,299.296875,296.54150390625,98522.4375,51.6960563659668,8.25000357235336,14.059053170784136,0.0,0,EF0,CST-6,25-JUN-21 17:08:00
960113,2021-06-25T23:00:00+00:00,40.0766,-88.6983,2944.75,12.292223930358887,299.296875,296.54150390625,98522.4375,51.6960563659668,8.25000357235336,14.059053170784136,,0,EFU,CST-6,25-JUN-21 17:20:00
960424,2021-06-26T20:00:00+00:00,42.9329,-86.062,1433.1875,2.7971553802490234,294.990234375,293.072509765625,98453.375,57.51917266845703,16.45341022869795,18.39632738707798,0.0,0,EF0,EST-5,26-JUN-21 14:31:00
954961,2021-04-29T01:00:00+00:00,29.2992,-99.1021,1301.4375,149.66038513183594,304.753173828125,293.0948486328125,97385.5625,43.85542678833008,7.580437622025992,18.42437103350514,1.0,0,EF1,CST-6,28-APR-21 18:33:00
941341,2021-03-26T04:00:00+00:00,33.425,-84.62,846.875,128.85940551757812,294.7197265625,292.443115234375,98100.625,38.31950378417969,17.923976458214348,27.27178302701416,0.0,0,EF0,EST-5,25-MAR-21 23:19:00
940239,2021-03-26T18:00:00+00:00,44.0267,-73.1449,710.1875,6.1645331382751465,288.748046875,287.46044921875,96712.6875,27.379867553710938,14.200035203000876,18.103356330298748,1.0,0,EF1,EST-5,26-MAR-21 12:40:00
960114,2021-06-26T01:00:00+00:00,40.4025,-88.9336,1693.25,67.47502899169922,298.04345703125,296.139404296875,98349.4375,57.55937576293945,7.793722326127398,13.297122836993495,0.0,0,EF0,CST-6,25-JUN-21 19:26:00
960136,2021-06-26T21:00:00+00:00,39.9347,-89.4093,1313.5625,76.406494140625,302.199951171875,296.22119140625,98903.75,48.12940979003906,13.321208376534987,17.32706494996236,0.0,0,EF0,CST-6,26-JUN-21 14:35:00
954067,2021-06-08T22:00:00+00:00,38.409,-87.593,317.625,13.751455307006836,297.63720703125,294.761474609375,99968.875,48.82623291015625,8.318613308066576,9.259020115169156,0.0,0,EF0,CST-6,08-JUN-21 16:25:00
941344,2021-03-26T04:00:00+00:00,34.213,-84.833,1013.75,24.65628433227539,293.7861328125,291.591552734375,97783.625,40.61149597167969,15.781011009069019,27.542367869400543,1.0,0,EF1,EST-5,25-MAR-21 22:55:00
956932,2021-04-10T22:00:00+00:00,34.707,-82.992,18.0,,290.808349609375,288.61737060546875,96325.8125,34.62476348876953,8.10826607917755,14.215439596393388,0.0,0,EF0,EST-5,10-APR-21 16:50:00
957075,2021-04-10T23:00:00+00:00,35.242,-81.823,67.5,0.48706313967704773,291.957763671875,290.43841552734375,97075.5,38.358001708984375,11.662170631612165,21.537281334822136,0.0,0,EF0,EST-5,10-APR-21 18:21:00
957076,2021-04-11T00:00:00+00:00,35.667,-81.86,58.0625,5.703149795532227,291.046630859375,289.0273742675781,95230.875,35.826171875,8.545743572386753,17.453920861402498,0.0,0,EF0,EST-5,10-APR-21 19:10:00
953497,2021-06-02T21:00:00+00:00,35.96,-105.21,169.3125,186.5314178466797,291.39208984375,275.176025390625,75568.3125,14.487753868103027,0.13276796570669183,0.9810559837715104,0.0,0,EF0,MST-7,02-JUN-21 13:31:00
954078,2021-06-08T19:00:00+00:00,38.0363,-87.0487,336.375,86.67708587646484,298.286865234375,293.770751953125,100182.5625,51.058807373046875,5.8701573492233825,9.086872079839642,0.0,0,EF0,CST-6,08-JUN-21 12:42:00
970276,2021-06-25T04:00:00+00:00,39.6696,-92.062,1566.9375,62.05513381958008,296.7470703125,295.16650390625,98399.5625,56.28205490112305,16.231409890491815,23.88315462189378,,0,EFU,CST-6,24-JUN-21 22:27:00
998193,2021-12-15T21:00:00+00:00,41.72,-97.0,644.375,25.31255531311035,292.8806457519531,284.78277587890625,93564.5625,22.878028869628906,15.753942017563165,21.554717120619806,1.0,0,EF1,CST-6,15-DEC-21 15:27:00
998195,2021-12-15T22:00:00+00:00,41.82,-96.84,231.875,19.906282424926758,288.45391845703125,284.0029296875,93742.5625,25.19756317138672,15.076160265491149,26.803968296144767,1.0,0,EF1,CST-6,15-DEC-21 15:37:00
970277,2021-06-25T05:00:00+00:00,39.691,-91.5,1610.125,102.15647888183594,297.39453125,295.76171875,98781.9375,55.655860900878906,17.279642638948054,25.134420105236764,0.0,0,EF0,CST-6,24-JUN-21 23:01:00
970279,2021-06-25T05:00:00+00:00,39.726,-91.409,1610.125,102.15647888183594,297.39453125,295.76171875,98781.9375,55.655860900878906,17.279642638948054,25.134420105236764,0.0,0,EF0,CST-6,24-JUN-21 23:08:00
949925,2021-04-28T11:00:00+00:00,35.824,-94.726,284.125,23.84391975402832,292.812744140625,291.859130859375,97665.5625,43.016258239746094,11.784773001757616,22.72496243257794,,0,EFU,CST-6,28-APR-21 05:01:00
954486,2021-06-13T00:00:00+00:00,35.5347,-105.0557,1286.75,175.28244018554688,300.29052734375,284.682861328125,81016.1875,22.859607696533203,0.03961553451919353,2.113937588214609,,0,EFU,MST-7,12-JUN-21 16:30:00
957573,2021-06-28T02:00:00+00:00,33.5853,-102.2992,964.125,31.078941345214844,294.357666015625,291.102294921875,89789.25,31.334087371826172,0.29524702912903467,2.5850854809912094,,0,EFU,CST-6,27-JUN-21 19:54:00
954075,2021-06-08T23:00:00+00:00,38.4728,-87.2592,458.0,13.92630672454834,297.123291015625,294.798095703125,99906.9375,49.99126052856445,10.252958297074755,9.51954547170862,1.0,0,EF1,EST-5,08-JUN-21 18:12:00
961240,2021-06-26T00:00:00+00:00,40.437,-86.6947,1732.125,98.34390258789062,298.7333984375,295.64013671875,98758.5625,49.72309112548828,10.891062907246184,13.253064897795145,1.0,0,EF1,EST-5,25-JUN-21 19:22:00
969902,2021-06-11T11:00:00+00:00,46.29,-95.66,125.8125,413.0802307128906,297.470458984375,290.11883544921875,95886.0625,36.44194030761719,11.102289429572888,14.637537360878065,0.0,0,EF0,CST-6,11-JUN-21 05:15:00
984780,2021-09-09T08:00:00+00:00,41.75,-72.299,693.5,0.34144359827041626,294.13720703125,293.07861328125,99191.5,44.08546447753906,11.960543808009351,16.753700120233617,0.0,0,EF0,EST-5,09-SEP-21 03:10:00
998192,2021-12-15T21:00:00+00:00,41.53,-97.49,865.53125,18.87505531311035,292.3913879394531,284.23687744140625,93133.5625,22.738380432128906,17.022658783639056,21.384174285076586,1.0,0,EF1,CST-6,15-DEC-21 15:03:00
941123,2021-03-01T11:00:00+00:00,33.567,-84.4528,30.53125,,291.3455810546875,289.0904235839844,98205.9375,33.831993103027344,17.3056830630373,19.00314999716754,1.0,0,EF1,EST-5,01-MAR-21 06:04:00
941329,2021-03-26T01:00:00+00:00,34.092,-84.9943,899.875,244.31954956054688,294.46630859375,291.5968017578125,97785.75,45.97748565673828,18.206677896114137,27.26480154816867,1.0,0,EF1,EST-5,25-MAR-21 20:08:00
964799,2021-06-10T00:00:00+00:00,34.6064,-91.9044,1639.5,100.71875762939453,301.604736328125,296.48651123046875,100439.5625,42.256507873535156,6.119282613824537,11.322136690966511,,0,EFU,CST-6,09-JUN-21 18:02:00
960591,2021-06-26T19:00:00+00:00,41.4273,-87.6465,1679.5,25.515668869018555,301.342041015625,295.978271484375,98401.4375,56.00253677368164,10.785824687016138,19.165916049346993,0.0,0,EF0,CST-6,26-JUN-21 13:06:00
960603,2021-06-26T22:00:00+00:00,40.7473,-88.293,89.375,32.82819747924805,298.333740234375,295.66943359375,98397.5625,49.61286544799805,14.50039724380243,18.447653103074163,0.0,0,EF0,CST-6,26-JUN-21 15:36:00
960458,2021-06-26T01:00:00+00:00,40.808,-88.0024,1290.125,68.36565399169922,297.32080078125,295.328857421875,98603.4375,54.04863357543945,11.089293491459475,16.14920406637238,1.0,0,EF1,CST-6,25-JUN-21 19:06:00
941339,2021-03-26T04:00:00+00:00,33.2533,-85.1895,1084.9375,17.12503433227539,294.625,292.842529296875,98084.625,38.71305847167969,18.17458459027794,24.806639525299488,2.0,1,EF2,EST-5,25-MAR-21 22:37:00
967394,2021-06-21T06:00:00+00:00,41.55,-86.18,607.0,20.43994140625,294.81103515625,292.770263671875,97131.0,46.05259704589844,18.20596845592322,18.466718480316594,1.0,0,EF1,EST-5,21-JUN-21 01:07:00
964800,2021-06-10T01:00:00+00:00,34.5187,-91.9208,1912.625,69.71890258789062,300.454833984375,296.001220703125,100461.375,42.87547302246094,6.550638388916814,10.493722844521393,0.0,0,EF0,CST-6,09-JUN-21 19:05:00
998597,2021-12-15T21:00:00+00:00,41.44,-97.38,808.34375,36.54692840576172,292.7575988769531,284.75054931640625,93427.5625,22.578224182128906,16.562820841384152,22.669346560879696,2.0,1,EF2,CST-6,15-DEC-21 15:04:00
960609,2021-06-26T18:00:00+00:00,41.4713,-87.5205,2096.125,25.53557014465332,299.71142578125,295.910888671875,98523.8125,57.46711349487305,12.187119790479759,15.87579189107982,0.0,0,EF0,CST-6,26-JUN-21 12:29:00
951840,2021-05-05T22:00:00+00:00,40.47,-98.02,44.375,,289.40380859375,281.606689453125,95481.875,14.796713829040527,2.647580950903372,8.761219460300557,,0,EFU,CST-6,05-MAY-21 15:30:00
970000,2021-06-20T19:00:00+00:00,36.0403,-76.488,1482.125,31.043354034423828,297.668701171875,295.885498046875,101076.125,52.40333938598633,15.621259455027111,12.535527405828084,0.0,0,EF0,EST-5,20-JUN-21 14:07:00
960249,2021-06-21T05:00:00+00:00,41.5618,-87.1239,875.125,30.443857192993164,295.143310546875,293.650146484375,97443.6875,46.38446807861328,19.02650498287139,18.34403609284304,0.0,0,EF0,CST-6,20-JUN-21 23:11:00
960214,2021-06-21T04:00:00+00:00,41.6134,-88.2032,1537.0,9.893924713134766,296.599853515625,293.095947265625,97705.5625,48.31367111206055,16.23213034526656,21.45468053005655,0.0,0,EF0,CST-6,20-JUN-21 22:08:00
964234,2021-07-15T01:00:00+00:00,42.1,-92.05,234.5,500.1417541503906,301.178466796875,293.628662109375,98117.5,43.85162353515625,13.531702434612551,15.17562637637281,,0,EFU,CST-6,14-JUL-21 19:07:00
968656,2021-06-08T02:00:00+00:00,46.67,-97.6,836.25,68.20315551757812,303.6240234375,288.63037109375,96961.25,46.577301025390625,4.2199576346340235,7.284177794890028,0.0,0,EF0,CST-6,07-JUN-21 20:20:00
960282,2021-06-21T04:00:00+00:00,41.7374,-87.9151,1626.5,5.175174713134766,295.806884765625,292.731689453125,97506.5625,48.12812423706055,14.614324114220365,20.758126609537868,3.0,1,EF3,CST-6,20-JUN-21 22:21:00
960421,2021-06-21T04:00:00+00:00,41.9291,-87.9783,1793.5,4.893924713134766,294.959228515625,292.316650390625,97356.5625,47.99433517456055,12.377208507676325,19.542367357987263,0.0,0,EF0,CST-6,20-JUN-21 21:54:00
956804,2021-04-27T23:00:00+00:00,38.756,-102.8951,41.875,,293.5087890625,272.87744140625,84897.125,11.78024673461914,0.03485480036676796,5.551137379396189,,0,EFU,MST-7,27-APR-21 15:54:00
956808,2021-04-27T22:00:00+00:00,38.6702,-103.0267,57.1875,,293.671630859375,270.281494140625,84880.4375,13.107976913452148,0.08888814446393892,5.327914493154977,,0,EFU,MST-7,27-APR-21 15:28:00
957412,2021-06-12T21:00:00+00:00,28.479,-80.729,2295.5,20.93248748779297,302.0625,295.9679870605469,101034.0,48.74617004394531,5.511105849961915,6.479538129453134,0.0,0,EF0,EST-5,12-JUN-21 16:08:00
965226,2021-06-03T19:00:00+00:00,43.354,-75.5349,246.25,42.375057220458984,293.568359375,291.101806640625,98059.5,35.35078430175781,10.208485364392148,15.688872360047702,1.0,0,EF1,EST-5,03-JUN-21 14:26:00
964237,2021-07-15T02:00:00+00:00,42.2,-91.66,497.75,115.96919250488281,299.562744140625,294.009521484375,97943.75,48.53337860107422,14.081734496574233,16.388879173608554,,0,EFU,CST-6,14-JUL-21 19:50:00
952671,2021-06-03T21:00:00+00:00,39.506,-76.569,735.875,42.35969543457031,296.8642578125,293.738037109375,100059.75,42.65039825439453,4.4187327740870606,14.020362089047593,1.0,0,EF1,EST-5,03-JUN-21 15:51:00
965230,2021-06-21T22:00:00+00:00,42.46,-76.34,1186.5,104.12873840332031,297.09326171875,293.236083984375,95225.6875,42.782474517822266,10.544943554291713,14.412241061626442,1.0,0,EF1,EST-5,21-JUN-21 16:38:00
967017,2021-06-18T20:00:00+00:00,40.5214,-84.9178,3816.875,10.31251335144043,301.43310546875,294.851806640625,97723.875,47.57853698730469,7.233384966350701,17.242571078473258,2.0,1,EF2,EST-5,18-JUN-21 14:50:00
941340,2021-03-26T04:00:00+00:00,33.316,-84.973,1039.25,42.04690933227539,294.869140625,292.910888671875,98253.625,38.43180847167969,18.285803565773744,25.328562156528193,4.0,1,EF4,EST-5,25-MAR-21 22:54:00
949926,2021-04-28T11:00:00+00:00,35.836,-94.676,284.125,23.84391975402832,292.812744140625,291.859130859375,97665.5625,43.016258239746094,11.784773001757616,22.72496243257794,1.0,0,EF1,CST-6,28-APR-21 05:06:00
949927,2021-04-28T16:00:00+00:00,35.092,-95.814,96.1875,195.6406707763672,293.87255859375,292.655029296875,98354.0,48.116249084472656,13.227655703561698,17.025325809253086,1.0,0,EF1,CST-6,28-APR-21 09:57:00
964235,2021-07-15T01:00:00+00:00,42.14,-91.94,405.625,234.7355194091797,300.635498046875,294.074951171875,97968.5,45.63189697265625,13.657326921239866,15.700312552672772,,0,EFU,CST-6,14-JUL-21 18:56:00
968489,2021-06-02T01:00:00+00:00,39.2991,-102.4282,228.375,288.265869140625,289.283447265625,282.810791015625,86973.3125,18.531373977661133,0.36605419828630825,4.46849799732894,,0,EFU,MST-7,01-JUN-21 17:40:00
937925,2021-03-01T02:00:00+00:00,36.794,-85.021,299.0,14.765645980834961,290.1475830078125,287.09625244140625,97373.6875,39.15788650512695,8.220184431495305,27.579985504351328,1.0,0,EF1,EST-5,28-FEB-21 21:22:00
949476,2021-03-23T06:00:00+00:00,29.8757,-98.2665,1174.09375,85.7777099609375,290.119140625,288.0721435546875,97394.8125,27.635009765625,3.9386775044139526,19.71484021905345,1.0,0,EF1,CST-6,23-MAR-21 00:04:00
953867,2021-04-10T14:00:00+00:00,30.2353,-85.6503,421.4375,331.10443115234375,293.16455078125,291.78680419921875,100878.6875,44.57650375366211,8.411333741975378,12.51684087303266,1.0,0,EF1,CST-6,10-APR-21 08:00:00
947647,2021-03-18T13:00:00+00:00,31.6743,-84.3793,91.5,3.7379660606384277,294.4315490722656,291.922119140625,99742.5625,37.66838073730469,19.683102180671074,21.366392101506158,1.0,0,EF1,EST-5,18-MAR-21 07:49:00
947644,2021-03-18T13:00:00+00:00,31.6791,-84.172,91.5,3.7379660606384277,294.4315490722656,291.922119140625,99742.5625,37.66838073730469,19.683102180671074,21.366392101506158,1.0,0,EF1,EST-5,18-MAR-21 08:06:00
946642,2021-04-10T05:00:00+00:00,33.6219,-94.2196,1511.625,270.9617004394531,289.955322265625,288.51092529296875,99257.125,30.870220184326172,10.938525298907095,16.599169954215963,1.0,0,EF1,CST-6,09-APR-21 22:31:00
942598,2021-03-18T19:00:00+00:00,29.7254,-82.675,620.875,9.531431198120117,296.804931640625,294.2249450683594,100932.5625,40.632049560546875,13.771796999045018,17.956802596540584,0.0,0,EF0,EST-5,18-MAR-21 13:46:00
948335,2021-03-18T00:00:00+00:00,33.9519,-88.816,329.125,46.36680221557617,292.341064453125,290.77813720703125,99460.8125,39.25546646118164,17.42872784260225,16.71452510502493,0.0,0,EF0,CST-6,17-MAR-21 18:25:00
948985,2021-03-18T01:00:00+00:00,34.0783,-88.6295,214.9375,43.59461975097656,292.328369140625,290.79327392578125,99429.125,34.763267517089844,14.313785808571385,25.439076406889278,0.0,0,EF0,CST-6,17-MAR-21 18:39:00
947543,2021-03-31T11:00:00+00:00,34.5247,-85.7278,155.9375,0.15015356242656708,290.53887939453125,289.3145751953125,97630.1875,40.441192626953125,15.026875526214676,17.716228145768675,1.0,0,EF1,CST-6,31-MAR-21 04:44:00
954428,2021-04-08T20:00:00+00:00,35.97,-85.2,913.3125,44.43767547607422,294.98291015625,287.2140808105469,95263.25,21.155609130859375,10.920128057221701,18.117486061163163,0.0,0,EF0,CST-6,08-APR-21 14:15:00
949236,2021-03-31T09:00:00+00:00,34.163,-87.114,606.5625,0.5312962532043457,292.0521240234375,290.915771484375,99002.1875,40.33634567260742,17.091448167765517,19.54485495990833,0.0,0,EF0,CST-6,31-MAR-21 02:47:00
949723,2021-03-27T22:00:00+00:00,35.53,-88.528,1735.875,57.35124588012695,294.643798828125,291.8251647949219,99429.9375,33.43214416503906,11.60157005436275,21.39845193839679,1.0,0,EF1,CST-6,27-MAR-21 15:38:00
937938,2021-03-15T22:00:00+00:00,38.7737,-94.6992,48.5,,285.2840576171875,280.8719482421875,97163.75,15.869341850280762,4.621828385988293,12.45704043418355,0.0,0,EF0,CST-6,15-MAR-21 15:30:00
954618,2021-04-08T02:00:00+00:00,31.1309,-92.3732,1228.4375,56.69770431518555,295.677734375,291.7696228027344,100758.875,41.57611083984375,12.212584319101968,15.12171128512799,1.0,0,EF1,CST-6,07-APR-21 20:13:00
953038,2021-04-21T19:00:00+00:00,41.6877,-73.5052,111.75,21.5786190032959,286.61865234375,283.2327880859375,96975.8125,19.94936752319336,9.644400252763253,12.58152314629201,0.0,0,EF0,EST-5,21-APR-21 13:49:00
951720,2021-03-18T21:00:00+00:00,35.93,-79.99,674.625,2.515676498413086,289.680908203125,287.7392272949219,97243.3125,30.399206161499023,12.448302001894817,21.299180414063066,1.0,0,EF1,EST-5,18-MAR-21 16:01:00
949741,2021-03-27T22:00:00+00:00,35.5452,-88.3671,1804.125,47.42937088012695,294.425048828125,291.6640319824219,99409.9375,33.89991760253906,12.602602086310778,21.873176501277435,0.0,0,EF0,CST-6,27-MAR-21 15:54:00
949743,2021-03-27T22:00:00+00:00,35.554,-88.064,1938.5,45.31999588012695,294.168212890625,291.5400085449219,99206.9375,33.99464416503906,12.179578392375834,20.73620785364796,0.0,0,EF0,CST-6,27-MAR-21 16:12:00
951557,2021-03-31T05:00:00+00:00,33.8714,-89.1842,1334.90625,18.11795425415039,293.548583984375,292.120361328125,100291.375,42.88908004760742,17.650553677281064,18.23762391086812,0.0,0,EF0,CST-6,30-MAR-21 23:24:00
942602,2021-03-18T18:00:00+00:00,31.4715,-82.2066,328.4375,1.2656422853469849,295.998779296875,291.3760070800781,100348.0,38.50856018066406,13.51706917516857,20.64848800220971,0.0,0,EF0,EST-5,18-MAR-21 12:38:00
949117,2021-03-14T02:00:00+00:00,34.28,-99.965,97.375,0.9062576293945312,292.00048828125,290.0413513183594,94792.0625,32.27460479736328,12.995482173088197,17.732233931739344,,0,EFU,CST-6,13-MAR-21 19:41:00
949118,2021-03-14T02:00:00+00:00,34.3834,-99.88,119.96875,18.87500762939453,292.70458984375,289.8645935058594,95326.0625,32.16815948486328,13.258128442139002,18.193207021086486,,0,EFU,CST-6,13-MAR-21 20:00:00
949119,2021-03-14T02:00:00+00:00,34.49,-99.7704,186.28125,4.593757629394531,292.44482421875,289.8587341308594,95218.0625,31.213083267211914,13.111813499038464,17.757274105486747,0.0,0,EF0,CST-6,13-MAR-21 20:15:00
954607,2021-04-08T03:00:00+00:00,31.0811,-92.054,806.0,42.71287155151367,295.22900390625,291.9691162109375,100919.0625,41.04154968261719,11.551854031676388,14.908282373565866,1.0,0,EF1,CST-6,07-APR-21 20:52:00
954633,2021-04-08T03:00:00+00:00,31.0972,-91.8683,1242.0625,26.103498458862305,295.50244140625,292.1556396484375,100898.0625,42.09623718261719,10.771397333638738,14.758339475963789,1.0,0,EF1,CST-6,07-APR-21 21:16:00
954643,2021-04-10T06:00:00+00:00,30.7272,-92.032,2347.875,11.732906341552734,295.119384765625,293.58599853515625,100332.4375,44.368507385253906,10.122358408303311,19.77694693467403,1.0,0,EF1,CST-6,10-APR-21 00:26:00
954642,2021-04-10T07:00:00+00:00,30.666,-91.9586,1818.875,45.56258010864258,294.3291015625,292.7545166015625,100312.125,38.021881103515625,13.336258230653563,17.803323331224906,3.0,1,EF3,CST-6,10-APR-21 01:06:00
954213,2021-04-27T21:00:00+00:00,33.751,-99.921,335.0625,125.31332397460938,302.1005859375,287.921630859375,94679.4375,30.658897399902344,4.959549733320593,11.803269695623445,3.0,1,EF3,CST-6,27-APR-21 14:49:00
954459,2021-04-28T00:00:00+00:00,33.85,-99.09,2193.625,245.37506103515625,298.141357421875,292.771484375,96262.9375,42.15266418457031,7.234279333750233,16.946407894396227,,0,EFU,CST-6,27-APR-21 18:19:00
947542,2021-03-18T03:00:00+00:00,34.1997,-86.7521,202.875,23.753602981567383,291.93115234375,290.67138671875,98037.25,34.3892936706543,11.674095512105172,25.2445870908448,1.0,0,EF1,CST-6,17-MAR-21 20:31:00
951725,2021-03-18T22:00:00+00:00,36.0713,-79.5369,76.6875,0.053156789392232895,290.205078125,287.4368896484375,97834.5,26.071842193603516,13.130225614898132,21.12749189415382,1.0,0,EF1,EST-5,18-MAR-21 16:39:00
950022,2021-03-27T23:00:00+00:00,35.5192,-90.2531,1377.375,4.890637397766113,297.2998046875,292.2421875,100102.8125,37.89472198486328,10.892220423250176,19.72823075953662,0.0,0,EF0,CST-6,27-MAR-21 17:01:00
951561,2021-03-31T07:00:00+00:00,33.9764,-88.4225,1193.75,0.3595810532569885,293.587890625,292.2353515625,100435.5,42.32610321044922,17.732949704489247,19.04332559818728,1.0,0,EF1,CST-6,31-MAR-21 00:49:00
949120,2021-03-14T02:00:00+00:00,34.583,-99.7,186.28125,4.593757629394531,292.44482421875,289.8587341308594,95218.0625,31.213083267211914,13.111813499038464,17.757274105486747,,0,EFU,CST-6,13-MAR-21 20:29:00
949121,2021-03-14T03:00:00+00:00,34.767,-99.668,163.9375,0.26332926750183105,290.73876953125,289.13226318359375,94947.25,34.63712692260742,13.671945045889167,18.07122204349798,1.0,0,EF1,CST-6,13-MAR-21 20:49:00
986834,2021-09-13T05:00:00+00:00,42.67,-77.64,231.625,5.970870494842529,291.387451171875,291.3876953125,97690.75,45.19440460205078,10.259089071764562,18.18221415644352,1.0,0,EF1,EST-5,12-SEP-21 23:57:00
947559,2021-03-28T11:00:00+00:00,34.1904,-86.74,12.625,156.35546875,293.15478515625,291.4129638671875,98348.0,37.177730560302734,16.617707425915043,26.415030980899555,1.0,0,EF1,CST-6,28-MAR-21 04:38:00
964238,2021-07-15T02:00:00+00:00,42.23,-91.78,497.75,115.96919250488281,299.562744140625,294.009521484375,97943.75,48.53337860107422,14.081734496574233,16.388879173608554,,0,EFU,CST-6,14-JUL-21 19:52:00
971920,2021-07-15T00:00:00+00:00,42.64,-91.95,1279.625,49.640628814697266,297.56396484375,294.927734375,97380.0,48.11349868774414,13.134966657411553,19.532130162531246,0.0,0,EF0,CST-6,14-JUL-21 17:43:00
947654,2021-03-18T12:00:00+00:00,31.36,-84.88,15.4375,12.836739540100098,294.3502197265625,291.92742919921875,100112.625,33.93281173706055,18.815035307202745,23.07585545376492,0.0,0,EF0,EST-5,18-MAR-21 06:44:00
939239,2021-03-15T22:00:00+00:00,38.8016,-95.1797,77.3125,,283.8514404296875,281.2049560546875,97182.75,15.385943412780762,5.232426159834465,9.414448287272647,,0,EFU,CST-6,15-MAR-21 15:54:00
948436,2021-03-23T12:00:00+00:00,30.6092,-92.0619,374.25,2.8439555168151855,292.780517578125,290.8487548828125,100641.875,44.250736236572266,16.490007349053105,18.361701004936695,1.0,0,EF1,CST-6,23-MAR-21 06:22:00
948516,2021-03-18T13:00:00+00:00,30.36,-84.9,791.5,0.5817159414291382,294.3211975097656,292.650634765625,100705.5625,41.37052917480469,16.82483621507562,20.76300365335511,0.0,0,EF0,EST-5,18-MAR-21 07:40:00
947593,2021-03-18T10:00:00+00:00,31.2125,-85.5527,23.1875,0.43309617042541504,293.5367736816406,291.5789794921875,99778.5,31.22226905822754,16.078611848905656,20.288929236627272,1.0,0,EF1,CST-6,18-MAR-21 04:27:00
947599,2021-03-18T11:00:00+00:00,31.3136,-85.3709,30.875,1.0469270944595337,293.91192626953125,291.93267822265625,99923.0625,33.72135925292969,17.111668568710687,22.593555866306357,0.0,0,EF0,CST-6,18-MAR-21 04:50:00
947598,2021-03-18T11:00:00+00:00,31.3047,-85.3825,67.25,0.5313021540641785,293.50274658203125,291.98150634765625,99788.0625,35.99577331542969,15.272780606781478,24.057374344485396,0.0,0,EF0,CST-6,18-MAR-21 04:49:00
948526,2021-03-18T11:00:00+00:00,30.47,-85.81,387.375,1.4844270944595337,293.18536376953125,292.23638916015625,100505.0625,40.71354675292969,15.755195676143789,21.263789750842463,0.0,0,EF0,CST-6,18-MAR-21 05:02:00
948531,2021-03-18T11:00:00+00:00,30.3373,-85.8082,523.5,0.8125521540641785,294.32891845703125,292.82916259765625,100791.0625,39.56022644042969,13.817607394548585,17.75221575472867,0.0,0,EF0,CST-6,18-MAR-21 05:02:00
948533,2021-03-18T11:00:00+00:00,30.2631,-85.5294,465.125,0.2969271242618561,294.94317626953125,293.00201416015625,100719.0625,35.01628112792969,15.374614724992,18.269608337700948,1.0,0,EF1,CST-6,18-MAR-21 05:25:00
941502,2021-03-31T02:00:00+00:00,32.7476,-92.2598,1249.125,9.535550117492676,294.3798828125,292.278564453125,100803.25,37.806617736816406,17.16625738431451,12.99267208593657,1.0,0,EF1,CST-6,30-MAR-21 19:54:00
950054,2021-03-28T04:00:00+00:00,34.6992,-89.8239,1010.125,1.7547591924667358,293.76904296875,292.0987854003906,99753.4375,45.4254264831543,14.219913465996514,23.482122016032857,1.0,0,EF1,CST-6,27-MAR-21 21:45:00
948777,2021-03-24T00:00:00+00:00,39.54,-91.05,35.28125,17.703231811523438,288.29296875,285.41912841796875,97837.75,22.878116607666016,13.98472762773461,18.415167529295342,,0,EFU,CST-6,23-MAR-21 18:19:00
948337,2021-03-18T01:00:00+00:00,34.0296,-88.8041,257.0625,32.37586975097656,292.453369140625,290.90557861328125,99357.125,32.902915954589844,13.326759330150994,26.756584089006516,0.0,0,EF0,CST-6,17-MAR-21 18:31:00
948986,2021-03-18T01:00:00+00:00,34.089,-88.621,214.9375,43.59461975097656,292.328369140625,290.79327392578125,99429.125,34.763267517089844,14.313785808571385,25.439076406889278,0.0,0,EF0,CST-6,17-MAR-21 18:41:00
937939,2021-03-15T22:00:00+00:00,38.7508,-94.3943,37.875,,285.1883544921875,280.9637451171875,97178.75,15.955279350280762,4.626633324661488,13.936223497206793,0.0,0,EF0,CST-6,15-MAR-21 16:12:00
953025,2021-04-21T19:00:00+00:00,41.8413,-73.5582,111.75,21.5786190032959,286.61865234375,283.2327880859375,96975.8125,19.94936752319336,9.644400252763253,12.58152314629201,1.0,0,EF1,EST-5,21-APR-21 13:49:00
931475,2021-01-30T20:00:00+00:00,36.894,-95.6926,96.3984375,,285.18023681640625,283.94293212890625,96801.8125,19.83815574645996,14.066607291457066,12.57275832813846,,0,EFU,CST-6,30-JAN-21 13:56:00
940315,2021-01-04T22:00:00+00:00,39.96,-122.33,408.96875,5.0156755447387695,287.002197265625,281.54736328125,98763.625,15.86408519744873,10.504975452103745,18.946341633392002,0.0,0,EF0,PST-8,04-JAN-21 13:34:00
940318,2021-01-04T23:00:00+00:00,39.9562,-122.0167,353.359375,69.37512969970703,287.406005859375,281.0632019042969,98731.9375,15.436199188232422,6.839245494653715,17.46111129470462,0.0,0,EF0,PST-8,04-JAN-21 14:40:00
932899,2021-01-01T19:00:00+00:00,32.632,-84.256,470.5,2.022819995880127,293.660888671875,292.4234619140625,99708.125,49.22837829589844,16.057004665774205,18.480117410944594,0.0,0,EF0,EST-5,01-JAN-21 14:01:00
959955,2021-05-20T23:00:00+00:00,39.753,-94.2773,218.40625,70.159423828125,295.3349609375,292.7261047363281,98214.75,43.175079345703125,11.532495971370713,18.019344038515158,0.0,0,EF0,CST-6,20-MAY-21 17:06:00
932912,2021-01-01T19:00:00+00:00,32.774,-84.093,460.59375,1.3821951150894165,293.431396484375,292.1383056640625,99745.125,48.50767517089844,16.539447616726598,19.763515928337135,0.0,0,EF0,EST-5,01-JAN-21 14:18:00
932914,2021-01-01T20:00:00+00:00,32.897,-83.959,249.5,24.912508010864258,293.0234375,291.80474853515625,99287.375,44.559139251708984,14.753612773917478,18.467614004715966,0.0,0,EF0,EST-5,01-JAN-21 14:35:00
932930,2021-01-01T20:00:00+00:00,33.0057,-83.7998,318.0,1.6000075340270996,293.234375,291.89166259765625,99610.375,46.875545501708984,15.284533859796191,18.852718723733677,1.0,0,EF1,EST-5,01-JAN-21 14:51:00
929081,2021-01-07T00:00:00+00:00,29.3974,-94.9259,357.0625,,289.912841796875,287.87615966796875,101027.625,33.06078338623047,13.54377835149576,20.453169685802692,1.0,0,EF1,CST-6,06-JAN-21 18:14:00
936510,2021-01-27T17:00:00+00:00,30.4182,-84.5522,613.34375,2.5375771522521973,293.93426513671875,293.8092041015625,100968.625,46.66592025756836,13.113386625989005,19.001155495494224,1.0,0,EF1,EST-5,27-JAN-21 11:30:00
936511,2021-01-27T17:00:00+00:00,30.4074,-84.4323,613.34375,2.5375771522521973,293.93426513671875,293.8092041015625,100968.625,46.66592025756836,13.113386625989005,19.001155495494224,1.0,0,EF1,EST-5,27-JAN-21 11:37:00
938322,2021-01-07T05:00:00+00:00,30.2401,-91.8108,152.59375,36.79679489135742,287.77783203125,282.88812255859375,100904.5625,31.844924926757812,17.923167106426497,24.188685851279608,1.0,0,EF1,CST-6,06-JAN-21 22:52:00
940429,2021-01-25T22:00:00+00:00,35.1176,-89.6047,530.875,0.5937561988830566,291.9261474609375,290.45635986328125,98738.5,35.66511535644531,16.719851161491054,23.324996984080396,0.0,0,EF0,CST-6,25-JAN-21 16:29:00
931466,2021-01-30T20:00:00+00:00,36.867,-95.803,168.5078125,43.29912567138672,285.56500244140625,284.21636962890625,96995.8125,17.97292137145996,14.759971628905868,14.77746928351357,,0,EFU,CST-6,30-JAN-21 13:43:00
931471,2021-01-30T20:00:00+00:00,36.8768,-95.774,168.5078125,43.29912567138672,285.56500244140625,284.21636962890625,96995.8125,17.97292137145996,14.759971628905868,14.77746928351357,,0,EFU,CST-6,30-JAN-21 13:46:00
931474,2021-01-30T20:00:00+00:00,36.8848,-95.7617,168.5078125,43.29912567138672,285.56500244140625,284.21636962890625,96995.8125,17.97292137145996,14.759971628905868,14.77746928351357,,0,EFU,CST-6,30-JAN-21 13:48:00
993316,2021-07-15T00:00:00+00:00,42.161,-92.2993,1063.625,356.78125,301.14404296875,294.658203125,97869.0,42.75510025024414,13.427639114430086,16.12312626247476,1.0,0,EF1,CST-6,14-JUL-21 18:08:00
993011,2021-12-08T22:00:00+00:00,29.9412,-82.1101,19.4375,39.468971252441406,295.8743591308594,292.47137451171875,100973.8125,40.616146087646484,11.90829013462264,18.829904362952824,1.0,0,EF1,EST-5,08-DEC-21 17:20:00
984848,2021-03-15T22:00:00+00:00,38.8016,-95.1797,77.3125,,283.8514404296875,281.2049560546875,97182.75,15.385943412780762,5.232426159834465,9.414448287272647,,0,EFU,CST-6,15-MAR-21 15:54:00
1003840,2021-12-30T22:00:00+00:00,31.741,-82.551,542.25,83.51801300048828,296.08673095703125,292.880859375,100657.0625,39.150142669677734,14.69622443973455,13.584330213826037,0.0,0,EF0,EST-5,30-DEC-21 16:54:00
998215,2021-12-15T22:00:00+00:00,40.75,-95.93,60.125,94.09378051757812,293.00762939453125,285.162109375,95033.5625,25.89287567138672,21.262683478350887,37.59810283112479,1.0,0,EF1,CST-6,15-DEC-21 16:05:00
998210,2021-12-15T22:00:00+00:00,40.02,-96.1,124.1875,122.95315551757812,293.10626220703125,285.72265625,94952.5625,27.35576629638672,22.424246655089988,42.799943991531414,0.0,0,EF0,CST-6,15-DEC-21 16:06:00
932159,2021-02-06T21:00:00+00:00,27.7359,-80.532,1111.6875,19.298816680908203,295.6210632324219,292.76434326171875,101222.5,45.40209197998047,9.050673391515282,15.366287871328383,0.0,0,EF0,EST-5,06-FEB-21 16:12:00
938002,2021-01-26T05:00:00+00:00,33.5965,-86.8256,1015.5,0.37507060170173645,292.7510070800781,291.28692626953125,98465.125,39.32908248901367,18.314470486577992,19.49048274705082,3.0,1,EF3,CST-6,25-JAN-21 22:40:00
942830,2021-02-15T21:00:00+00:00,30.5994,-85.4557,491.9375,1.703128695487976,293.44012451171875,292.204345703125,100270.9375,40.15892791748047,22.091910934663705,25.711492370156243,0.0,0,EF0,CST-6,15-FEB-21 14:39:00
952045,2021-05-05T22:00:00+00:00,42.63,-97.28,105.0,,287.30419921875,281.307861328125,96044.875,15.534995079040527,2.9683074474118087,11.701490231645211,0.0,0,EF0,CST-6,05-MAY-21 15:42:00
942831,2021-02-15T20:00:00+00:00,30.2211,-85.8898,771.125,4.908302307128906,292.0364990234375,290.97308349609375,100686.5,39.49113082885742,15.680629082519271,20.32245463523488,0.0,0,EF0,CST-6,15-FEB-21 14:02:00
998194,2021-12-15T22:00:00+00:00,41.77,-96.98,317.5625,20.265657424926758,287.26055908203125,283.3984375,93404.5625,24.71514129638672,13.469438263649144,25.412215502039107,2.0,1,EF2,CST-6,15-DEC-21 15:31:00
998211,2021-12-15T22:00:00+00:00,40.12,-96.09,124.1875,122.95315551757812,293.10626220703125,285.72265625,94952.5625,27.35576629638672,22.424246655089988,42.799943991531414,1.0,0,EF1,CST-6,15-DEC-21 16:07:00
998213,2021-12-15T22:00:00+00:00,40.92,-95.88,58.125,100.93753051757812,292.49200439453125,285.7802734375,95098.5625,22.06572723388672,20.566959875409463,34.13919477496823,2.0,1,EF2,CST-6,15-DEC-21 16:09:00
957399,2021-05-11T19:00:00+00:00,30.98,-95.63,3163.375,85.20313262939453,303.260986328125,293.65625,100391.4375,49.29743576049805,9.404183991048695,10.222190506525443,0.0,0,EF0,CST-6,11-MAY-21 13:10:00
993310,2021-07-15T03:00:00+00:00,42.304,-91.3491,455.4375,168.4531707763672,297.391845703125,292.88037109375,97889.0,48.86299133300781,14.134125861480372,14.043631916973162,,0,EFU,CST-6,14-JUL-21 20:40:00
998206,2021-12-15T22:00:00+00:00,40.04,-96.25,162.8125,38.40628433227539,292.16778564453125,285.8916015625,94639.5625,27.47295379638672,21.99752119526547,41.846651913708214,1.0,0,EF1,CST-6,15-DEC-21 16:05:00
998200,2021-12-15T22:00:00+00:00,41.18,-96.55,200.1875,48.42190933227539,290.88360595703125,284.4365234375,94480.5625,26.41826629638672,18.218412004959852,31.504778065614094,1.0,0,EF1,CST-6,15-DEC-21 15:46:00
998208,2021-12-15T22:00:00+00:00,40.86,-95.95,60.125,94.09378051757812,293.00762939453125,285.162109375,95033.5625,25.89287567138672,21.262683478350887,37.59810283112479,2.0,1,EF2,CST-6,15-DEC-21 16:06:00
972364,2021-09-01T23:00:00+00:00,40.3,-74.94,78.5,13.781303405761719,296.48828125,295.27587890625,99182.4375,59.852378845214844,14.459091607122136,24.826213114157696,1.0,0,EF1,EST-5,01-SEP-21 17:30:00
998196,2021-12-15T22:00:00+00:00,41.78,-96.81,231.875,19.906282424926758,288.45391845703125,284.0029296875,93742.5625,25.19756317138672,15.076160265491149,26.803968296144767,1.0,0,EF1,CST-6,15-DEC-21 15:37:00
998199,2021-12-15T22:00:00+00:00,41.91,-96.75,165.1875,11.171908378601074,287.48712158203125,284.001953125,93620.5625,25.22100067138672,14.95544122354493,26.625258490856137,2.0,1,EF2,CST-6,15-DEC-21 15:44:00
995077,2021-12-16T02:00:00+00:00,43.7464,-91.7757,284.53125,11.063491821289062,290.128173828125,287.149169921875,95168.875,30.450714111328125,20.08051151653056,35.256598416278734,1.0,0,EF1,CST-6,15-DEC-21 20:02:00
961421,2021-05-18T22:00:00+00:00,29.4936,-96.8138,1809.75,188.41319274902344,297.4521484375,293.992919921875,99647.3125,54.58281707763672,10.19236557634412,18.923442766747794,1.0,0,EF1,CST-6,18-MAY-21 15:54:00
961432,2021-05-19T00:00:00+00:00,29.7593,-96.9186,722.5,317.8272705078125,296.94921875,293.5068054199219,99440.6875,58.660865783691406,7.755233041673687,10.51881262091384,1.0,0,EF1,CST-6,18-MAY-21 17:42:00
935737,2021-02-14T06:00:00+00:00,27.8165,-82.8038,833.3125,16.548986434936523,293.62945556640625,292.5447998046875,101304.75,43.499603271484375,6.653997531003687,14.380102401989529,0.0,0,EF0,EST-5,14-FEB-21 01:07:00
960428,2021-06-26T21:00:00+00:00,43.86,-84.73,1362.375,0.31274715065956116,295.890380859375,294.52880859375,97762.75,58.57472229003906,15.45998869268633,22.94512620817339,0.0,0,EF0,EST-5,26-JUN-21 16:09:00
960429,2021-06-26T20:00:00+00:00,43.53,-85.27,1179.375,0.3127804398536682,296.0517578125,294.203369140625,97448.375,57.47132110595703,14.221436668891196,22.402517015939736,1.0,0,EF1,EST-5,26-JUN-21 14:33:00
950475,2021-05-20T01:00:00+00:00,44.1989,-93.3035,189.75,19.7813663482666,293.98291015625,290.80615234375,97503.9375,38.682212829589844,10.147380388082647,13.561052458230575,0.0,0,EF0,CST-6,19-MAY-21 18:39:00
950476,2021-05-20T01:00:00+00:00,44.2135,-93.3378,189.75,19.7813663482666,293.98291015625,290.80615234375,97503.9375,38.682212829589844,10.147380388082647,13.561052458230575,0.0,0,EF0,CST-6,19-MAY-21 18:42:00
950477,2021-05-20T01:00:00+00:00,44.5432,-93.825,242.75,33.718868255615234,294.48486328125,291.31103515625,97982.9375,38.822837829589844,10.635012920375944,12.426025399856945,0.0,0,EF0,CST-6,19-MAY-21 18:57:00
952537,2021-05-20T22:00:00+00:00,32.5482,-94.6067,426.875,26.221370697021484,297.717041015625,294.7520751953125,100226.1875,38.8828125,11.428922034558115,17.93130188566839,,0,EFU,CST-6,20-MAY-21 15:38:00
957783,2021-05-02T21:00:00+00:00,32.955,-88.0286,286.8125,9.597736358642578,296.615478515625,291.83154296875,100131.0625,42.828041076660156,15.53548655721126,23.621012509379884,0.0,0,EF0,CST-6,02-MAY-21 14:45:00
955449,2021-05-23T20:00:00+00:00,40.15,-103.47,959.75,33.843910217285156,297.65966796875,288.301025390625,86049.9375,22.912729263305664,0.3980701594571476,10.225371639855235,0.0,0,EF0,MST-7,23-MAY-21 13:24:00
955451,2021-05-23T21:00:00+00:00,40.21,-103.3,1076.875,31.96877670288086,297.7958984375,286.40753173828125,86131.8125,24.769899368286133,0.28192015318928193,10.413481499108203,0.0,0,EF0,MST-7,23-MAY-21 14:14:00
980738,2021-08-09T23:00:00+00:00,42.0006,-88.9419,3074.0,101.14923095703125,300.433837890625,295.475830078125,97814.5625,44.65298080444336,8.447125552929528,19.473876431553762,0.0,0,EF0,CST-6,09-AUG-21 16:37:00
962681,2021-05-03T17:00:00+00:00,33.9543,-83.2791,654.5625,15.406268119812012,295.430908203125,293.96142578125,98710.9375,44.088134765625,14.235919501738127,18.05761521000619,0.0,0,EF0,EST-5,03-MAY-21 12:29:00
962684,2021-05-04T17:00:00+00:00,34.4797,-83.9624,1010.25,7.937527656555176,291.16943359375,290.89208984375,95591.0625,42.65760803222656,7.649758982988906,16.22912168208032,0.0,0,EF0,EST-5,04-MAY-21 12:21:00
957680,2021-05-10T01:00:00+00:00,35.8373,-86.7593,376.875,2.453279495239258,291.6640625,291.1993408203125,98403.4375,36.02976989746094,13.96273051873673,12.913820094444633,0.0,0,EF0,CST-6,09-MAY-21 18:38:00
957709,2021-05-28T18:00:00+00:00,36.1309,-85.5318,577.25,,294.68798828125,293.057861328125,96706.5625,43.03915023803711,11.095377316083558,16.325826852797395,0.0,0,EF0,CST-6,28-MAY-21 11:57:00
957710,2021-05-28T18:00:00+00:00,36.3346,-85.3294,660.75,,294.23974609375,292.671142578125,96260.5625,43.50594711303711,11.456039522390157,17.269471544778327,0.0,0,EF0,CST-6,28-MAY-21 12:13:00
959895,2021-05-18T19:00:00+00:00,32.0644,-88.7294,582.75,45.3231086730957,294.98876953125,293.798095703125,100536.8125,45.97797393798828,12.64690087968958,11.730894403504216,1.0,0,EF1,CST-6,18-MAY-21 13:16:00
959894,2021-05-18T21:00:00+00:00,31.8958,-89.9642,347.125,37.70746612548828,294.7353515625,293.470703125,100190.9375,46.27975082397461,10.392540786053953,4.6895030639240955,0.0,0,EF0,CST-6,18-MAY-21 14:53:00
995011,2021-12-16T02:00:00+00:00,43.7763,-92.37,236.5,3.9384920597076416,289.789306640625,287.120849609375,94441.875,30.364776611328125,20.28035661123542,34.93582677012835,0.0,0,EF0,CST-6,15-DEC-21 19:42:00
995012,2021-12-16T02:00:00+00:00,43.6699,-92.0805,257.59375,13.188491821289062,289.971923828125,287.127685546875,94794.875,30.715362548828125,20.332976807869557,35.7780135969663,0.0,0,EF0,CST-6,15-DEC-21 19:48:00
951181,2021-03-18T01:00:00+00:00,32.689,-88.5223,119.875,63.20399475097656,293.532470703125,291.93194580078125,99678.125,37.896080017089844,14.351535435218082,27.096151965301683,0.0,0,EF0,CST-6,17-MAR-21 18:56:00
956037,2021-03-25T19:00:00+00:00,33.0135,-88.3517,1780.75,3.004833936691284,296.17431640625,295.142578125,100064.9375,45.378353118896484,19.64938743070943,26.416712942857817,0.0,0,EF0,CST-6,25-MAR-21 12:35:00
959610,2021-04-08T01:00:00+00:00,32.8041,-91.9498,658.9375,24.359403610229492,294.521240234375,292.2262878417969,100406.875,33.396728515625,18.26145671320735,16.85821193089979,1.0,0,EF1,CST-6,07-APR-21 18:30:00
959613,2021-04-08T01:00:00+00:00,32.9184,-91.5672,559.5625,2.671903133392334,294.113037109375,291.6706237792969,100417.875,36.653564453125,18.972714379652597,15.638097358232882,1.0,0,EF1,CST-6,07-APR-21 19:06:00
950478,2021-05-20T01:00:00+00:00,44.4055,-93.3002,257.5625,41.515743255615234,294.12353515625,291.07958984375,97934.9375,38.480064392089844,10.261679603256416,13.313556016503995,0.0,0,EF0,CST-6,19-MAY-21 19:13:00
950479,2021-05-20T01:00:00+00:00,44.4328,-93.3115,257.5625,41.515743255615234,294.12353515625,291.07958984375,97934.9375,38.480064392089844,10.261679603256416,13.313556016503995,1.0,0,EF1,CST-6,19-MAY-21 19:17:00
956021,2021-05-15T01:00:00+00:00,44.7089,-96.2051,109.5625,,292.3994140625,282.59942626953125,96911.125,19.722469329833984,4.481642830647732,11.326326461060198,0.0,0,EF0,CST-6,14-MAY-21 18:52:00
957788,2021-05-02T22:00:00+00:00,33.1927,-87.7959,279.25,41.70316696166992,293.960205078125,292.64227294921875,99676.875,39.220947265625,16.238946692232787,22.410282462311237,,0,EFU,CST-6,02-MAY-21 16:25:00
955452,2021-05-23T22:00:00+00:00,40.68,-102.91,929.3125,66.78125762939453,294.5224609375,286.1087951660156,86675.9375,27.31812286376953,0.7617807391051649,16.293533918807242,0.0,0,EF0,MST-7,23-MAY-21 15:19:00
955453,2021-05-23T22:00:00+00:00,40.61,-103.14,973.8125,38.95313262939453,296.4736328125,285.2074279785156,86369.9375,27.11792755126953,0.11352193099132098,14.416856739167507,1.0,0,EF1,MST-7,23-MAY-21 14:49:00
955455,2021-05-23T21:00:00+00:00,40.03,-103.39,658.5625,21.87502670288086,297.6806640625,286.28839111328125,85374.8125,22.690797805786133,0.13983481380041984,8.833374704197917,0.0,0,EF0,MST-7,23-MAY-21 13:52:00
955456,2021-05-23T22:00:00+00:00,40.8,-102.95,929.3125,66.78125762939453,294.5224609375,286.1087951660156,86675.9375,27.31812286376953,0.7617807391051649,16.293533918807242,1.0,0,EF1,MST-7,23-MAY-21 15:29:00
953614,2021-05-30T23:00:00+00:00,36.5559,-102.838,186.4375,11.894996643066406,291.123046875,285.404052734375,86753.125,28.682859420776367,0.08940587494246593,12.15123712826291,,0,EFU,CST-6,30-MAY-21 16:34:00
953615,2021-05-30T23:00:00+00:00,36.5265,-102.7005,186.4375,11.894996643066406,291.123046875,285.404052734375,86753.125,28.682859420776367,0.08940587494246593,12.15123712826291,,0,EFU,CST-6,30-MAY-21 17:02:00
963752,2021-05-04T12:00:00+00:00,36.4226,-86.3137,585.5,184.688720703125,293.399169921875,292.11798095703125,98547.125,48.327850341796875,11.963990930971736,17.489815858515843,0.0,0,EF0,CST-6,04-MAY-21 05:38:00
959892,2021-05-18T20:00:00+00:00,31.6031,-89.8684,696.875,35.88303756713867,295.822021484375,294.3232421875,100389.5,46.77663040161133,11.267471514111401,6.574220778669893,0.0,0,EF0,CST-6,18-MAY-21 13:59:00
958282,2021-05-02T23:00:00+00:00,32.6258,-90.7173,432.6875,42.531455993652344,297.03271484375,293.45831298828125,99699.5625,38.0467529296875,14.560393040844803,21.973481418109372,0.0,0,EF0,CST-6,02-MAY-21 16:46:00
959614,2021-04-08T01:00:00+00:00,33.0679,-91.3749,381.6875,7.781278133392334,294.206787109375,291.4909362792969,100480.875,39.541259765625,19.147545950110576,15.366041888773799,0.0,0,EF0,CST-6,07-APR-21 19:24:00
951196,2021-05-20T01:00:00+00:00,44.5394,-93.8252,242.75,33.718868255615234,294.48486328125,291.31103515625,97982.9375,38.822837829589844,10.635012920375944,12.426025399856945,0.0,0,EF0,CST-6,19-MAY-21 18:56:00
962633,2021-05-23T23:00:00+00:00,39.2853,-103.2644,593.5625,,296.699462890625,280.802978515625,83964.6875,21.92752456665039,0.7309217810873275,16.185988476863134,0.0,0,EF0,MST-7,23-MAY-21 15:45:00
961303,2021-05-18T00:00:00+00:00,35.5306,-102.582,1029.0,201.788818359375,296.896728515625,284.056640625,88517.875,26.660633087158203,0.3739455446780154,11.885386200391682,,0,EFU,CST-6,17-MAY-21 17:35:00
953616,2021-05-31T00:00:00+00:00,36.59,-102.54,307.0,16.282793045043945,289.95263671875,286.748779296875,87575.125,28.90633773803711,0.1966888281100895,10.854244368649647,,0,EFU,CST-6,30-MAY-21 17:44:00
953617,2021-05-30T23:00:00+00:00,36.567,-102.8362,186.4375,11.894996643066406,291.123046875,285.404052734375,86753.125,28.682859420776367,0.08940587494246593,12.15123712826291,,0,EFU,CST-6,30-MAY-21 16:39:00
980726,2021-08-10T00:00:00+00:00,41.9444,-88.5059,2335.0,16.145854949951172,298.024658203125,295.43212890625,97927.1875,48.198734283447266,7.500598853661593,21.372913634705082,,0,EFU,CST-6,09-AUG-21 17:38:00
958283,2021-05-02T23:00:00+00:00,32.6276,-90.6961,432.6875,42.531455993652344,297.03271484375,293.45831298828125,99699.5625,38.0467529296875,14.560393040844803,21.973481418109372,1.0,0,EF1,CST-6,02-MAY-21 16:48:00
950346,2021-03-26T01:00:00+00:00,35.95,-86.61,1625.0,78.92892456054688,292.69970703125,290.7276611328125,97989.75,27.16107940673828,17.332073315804344,31.933111541881573,1.0,0,EF1,CST-6,25-MAR-21 19:11:00
951119,2021-04-08T02:00:00+00:00,41.9559,-91.7399,308.625,64.41645812988281,291.40234375,287.7080993652344,97211.875,33.17864990234375,5.767562575630028,8.91822066487919,0.0,0,EF0,CST-6,07-APR-21 19:36:00
951197,2021-05-20T02:00:00+00:00,44.6251,-93.2647,113.25,75.92183685302734,293.622314453125,291.16265869140625,97952.5,39.671653747558594,11.682908145174606,13.90947908997667,0.0,0,EF0,CST-6,19-MAY-21 19:53:00
951199,2021-05-20T01:00:00+00:00,44.1849,-93.314,189.75,19.7813663482666,293.98291015625,290.80615234375,97503.9375,38.682212829589844,10.147380388082647,13.561052458230575,0.0,0,EF0,CST-6,19-MAY-21 18:37:00
951201,2021-05-20T01:00:00+00:00,44.1965,-93.3154,189.75,19.7813663482666,293.98291015625,290.80615234375,97503.9375,38.682212829589844,10.147380388082647,13.561052458230575,0.0,0,EF0,CST-6,19-MAY-21 18:39:00
947765,2021-05-04T19:00:00+00:00,41.3053,-78.5175,379.875,106.7821044921875,294.459716796875,289.7548828125,94306.875,29.428279876708984,9.793872803248174,15.707045712021959,1.0,0,EF1,EST-5,04-MAY-21 13:51:00
953764,2021-05-26T23:00:00+00:00,42.41,-103.76,752.375,534.6257934570312,295.94970703125,279.11053466796875,85471.6875,18.015840530395508,0.2042365513031768,10.830193740125733,,0,EFU,MST-7,26-MAY-21 15:43:00
953352,2021-05-26T23:00:00+00:00,36.3481,-101.4572,1532.875,96.17268371582031,303.59716796875,287.11248779296875,89981.6875,30.063692092895508,1.3499271822570111,9.520606239485359,,0,EFU,CST-6,26-MAY-21 16:56:00
953354,2021-05-26T23:00:00+00:00,36.3701,-101.3945,1532.875,96.17268371582031,303.59716796875,287.11248779296875,89981.6875,30.063692092895508,1.3499271822570111,9.520606239485359,,0,EFU,CST-6,26-MAY-21 17:14:00
953618,2021-05-30T23:00:00+00:00,36.5748,-102.836,186.4375,11.894996643066406,291.123046875,285.404052734375,86753.125,28.682859420776367,0.08940587494246593,12.15123712826291,,0,EFU,CST-6,30-MAY-21 16:43:00
953619,2021-05-30T23:00:00+00:00,36.5545,-102.7809,186.4375,11.894996643066406,291.123046875,285.404052734375,86753.125,28.682859420776367,0.08940587494246593,12.15123712826291,,0,EFU,CST-6,30-MAY-21 16:56:00
980593,2021-08-09T22:00:00+00:00,42.0472,-88.5905,3909.5,8.95002269744873,300.871337890625,296.44384765625,97787.375,46.39771270751953,7.851906953805191,18.943501633701285,1.0,0,EF1,CST-6,09-AUG-21 16:24:00
980594,2021-08-09T23:00:00+00:00,41.7068,-89.005,4399.5,58.399227142333984,300.889892578125,296.556884765625,97907.5625,46.08559799194336,9.28262185452585,19.694515914792103,,0,EFU,CST-6,09-AUG-21 17:03:00
959740,2021-05-03T00:00:00+00:00,33.2512,-90.0426,610.3125,4.250559329986572,295.56005859375,292.64959716796875,99342.1875,41.342811584472656,14.115542491686497,21.12300110711411,2.0,1,EF2,CST-6,02-MAY-21 17:31:00
959742,2021-05-03T00:00:00+00:00,33.2877,-90.0141,610.3125,4.250559329986572,295.56005859375,292.64959716796875,99342.1875,41.342811584472656,14.115542491686497,21.12300110711411,1.0,0,EF1,CST-6,02-MAY-21 17:35:00
950347,2021-03-26T01:00:00+00:00,36.05,-86.4,1625.0,78.92892456054688,292.69970703125,290.7276611328125,97989.75,27.16107940673828,17.332073315804344,31.933111541881573,0.0,0,EF0,CST-6,25-MAR-21 19:25:00
950348,2021-03-26T01:00:00+00:00,35.3338,-87.7127,11.625,5.007053375244141,293.93701171875,292.0811767578125,97584.75,21.31635284423828,15.003886169127721,29.3356416203215,2.0,1,EF2,CST-6,25-MAR-21 18:30:00
957608,2021-03-28T05:00:00+00:00,33.9369,-90.7536,1022.0,0.8750041127204895,293.83251953125,291.7138366699219,100548.375,45.63069152832031,13.042374781135969,24.898300861968885,2.0,1,EF2,CST-6,27-MAR-21 22:46:00
956518,2021-04-10T01:00:00+00:00,32.2509,-89.8439,2200.125,180.900146484375,296.213623046875,292.06585693359375,99309.5625,40.64603042602539,11.673792693490693,13.088524255080232,0.0,0,EF0,CST-6,09-APR-21 19:28:00
959617,2021-04-08T01:00:00+00:00,32.9729,-91.4225,559.5625,2.671903133392334,294.113037109375,291.6706237792969,100417.875,36.653564453125,18.972714379652597,15.638097358232882,0.0,0,EF0,CST-6,07-APR-21 19:16:00
967810,2021-06-19T18:00:00+00:00,31.43,-84.98,971.5625,15.578259468078613,297.825927734375,296.945068359375,100397.25,53.78908157348633,13.625839811211678,20.695237682175243,1.0,0,EF1,EST-5,19-JUN-21 12:31:00
967816,2021-06-19T18:00:00+00:00,31.499,-84.947,971.5625,15.578259468078613,297.825927734375,296.945068359375,100397.25,53.78908157348633,13.625839811211678,20.695237682175243,1.0,0,EF1,EST-5,19-JUN-21 12:46:00
950851,2021-05-03T22:00:00+00:00,39.8849,-90.3244,2002.5,69.15625762939453,298.476806640625,290.236328125,98176.9375,32.31776428222656,4.812767350487184,17.939986252962473,,0,EFU,CST-6,03-MAY-21 15:57:00
950852,2021-05-03T22:00:00+00:00,39.9074,-90.2119,2334.0,46.2187614440918,297.921142578125,290.744140625,98322.9375,33.71131896972656,5.062016395700233,17.874365966868414,,0,EFU,CST-6,03-MAY-21 16:05:00
953210,2021-05-27T03:00:00+00:00,34.0926,-101.9235,1131.0625,524.4375610351562,294.693115234375,289.80841064453125,89590.4375,32.39910888671875,0.08963660252438337,12.239214901231362,,0,EFU,CST-6,26-MAY-21 20:32:00
960867,2021-05-03T19:00:00+00:00,37.956,-76.575,859.75,34.79690170288086,294.95751953125,290.61669921875,100746.9375,42.68773651123047,12.406527241391432,17.688331024930534,2.0,1,EF2,EST-5,03-MAY-21 14:01:00
955448,2021-05-23T20:00:00+00:00,39.54,-103.68,224.25,84.01578521728516,295.97607421875,287.637939453125,83197.9375,18.323862075805664,0.4368083793603285,8.72925079363941,0.0,0,EF0,MST-7,23-MAY-21 13:00:00
962639,2021-05-03T18:00:00+00:00,34.128,-82.895,683.625,57.656715393066406,294.81689453125,293.08447265625,99001.125,43.908687591552734,13.996902303458066,15.531910112343237,1.0,0,EF1,EST-5,03-MAY-21 12:41:00
962598,2021-05-03T17:00:00+00:00,35.077,-81.386,703.625,38.18751907348633,294.334228515625,292.04541015625,98844.9375,42.794189453125,10.767344358116329,20.192612459006305,1.0,0,EF1,EST-5,03-MAY-21 11:39:00
953358,2021-05-27T01:00:00+00:00,36.3403,-101.0653,2534.875,394.0000305175781,300.489990234375,293.9190368652344,90910.5625,33.21620178222656,4.87282080001064,11.744109900519073,,0,EFU,CST-6,26-MAY-21 18:34:00
953361,2021-05-27T01:00:00+00:00,36.3852,-100.8026,2211.375,249.79690551757812,300.013427734375,294.2452087402344,91314.5625,35.48573303222656,6.031907899715177,10.980586417456104,0.0,0,EF0,CST-6,26-MAY-21 19:14:00
953620,2021-05-30T23:00:00+00:00,36.61,-102.74,186.4375,11.894996643066406,291.123046875,285.404052734375,86753.125,28.682859420776367,0.08940587494246593,12.15123712826291,,0,EFU,CST-6,30-MAY-21 17:02:00
980727,2021-08-09T23:00:00+00:00,41.9507,-88.5961,2361.0,3.97735333442688,299.977783203125,295.990478515625,97832.5625,48.00161361694336,8.012751901137948,18.97162526969084,0.0,0,EF0,CST-6,09-AUG-21 17:28:00
959759,2021-05-03T01:00:00+00:00,32.8268,-89.9414,623.625,83.87700653076172,295.09619140625,292.7216796875,99459.0,39.32738494873047,15.607126688929291,22.036674896684946,1.0,0,EF1,CST-6,02-MAY-21 18:41:00
959329,2021-05-04T19:00:00+00:00,32.289,-90.981,2804.75,80.2196044921875,297.806396484375,295.2138671875,100446.875,43.721248626708984,8.26616460788831,16.110503244584834,1.0,0,EF1,CST-6,04-MAY-21 13:07:00
950349,2021-03-26T01:00:00+00:00,35.3989,-87.5754,216.9375,63.72580337524414,293.78076171875,291.8790283203125,97584.75,21.70990753173828,15.895197308144418,29.272297457365426,0.0,0,EF0,CST-6,25-MAR-21 18:42:00
950350,2021-03-26T01:00:00+00:00,35.4444,-87.4486,216.9375,63.72580337524414,293.78076171875,291.8790283203125,97584.75,21.70990753173828,15.895197308144418,29.272297457365426,0.0,0,EF0,CST-6,25-MAR-21 18:52:00
951102,2021-03-30T23:00:00+00:00,31.4387,-89.4472,230.21875,16.140756607055664,295.708251953125,293.082763671875,100449.375,42.654945373535156,11.62973547333366,13.902467991491715,0.0,0,EF0,CST-6,30-MAR-21 17:04:00
951178,2021-03-17T18:00:00+00:00,31.5903,-90.3218,2935.9375,62.234439849853516,296.833740234375,294.57080078125,99484.1875,35.01236343383789,18.315050769482045,16.005620404934614,1.0,0,EF1,CST-6,17-MAR-21 12:16:00
967819,2021-06-19T18:00:00+00:00,31.619,-84.913,971.5625,15.578259468078613,297.825927734375,296.945068359375,100397.25,53.78908157348633,13.625839811211678,20.695237682175243,1.0,0,EF1,EST-5,19-JUN-21 13:06:00
966013,2021-07-10T19:00:00+00:00,39.8658,-90.4488,1036.125,15.153114318847656,294.802001953125,294.359130859375,98996.8125,52.361053466796875,9.236783073901957,15.74715958879269,1.0,0,EF1,CST-6,10-JUL-21 12:55:00
966019,2021-07-10T20:00:00+00:00,40.0071,-90.1816,727.25,10.73489761352539,294.87841796875,294.557861328125,99122.25,53.93321990966797,7.169770030242998,13.091159853276409,1.0,0,EF1,CST-6,10-JUL-21 13:44:00
966022,2021-07-10T20:00:00+00:00,39.9734,-90.0451,736.125,22.42239761352539,295.02880859375,294.447509765625,99067.25,53.58068084716797,6.243235486002644,14.569431947034012,,0,EFU,CST-6,10-JUL-21 14:16:00
960664,2021-05-17T04:00:00+00:00,32.9656,-99.8055,1469.5625,350.2969055175781,294.991943359375,291.6512451171875,95394.25,30.84640884399414,11.090958496093885,13.396049296744744,0.0,0,EF0,CST-6,16-MAY-21 21:46:00
962594,2021-05-03T18:00:00+00:00,34.174,-82.696,549.125,43.547340393066406,294.45556640625,292.99560546875,98824.125,43.731929779052734,11.698687045378716,15.243108185124516,2.0,1,EF2,EST-5,03-MAY-21 13:04:00
962596,2021-05-03T19:00:00+00:00,34.226,-82.251,631.625,108.50003051757812,295.42626953125,293.12255859375,99057.9375,43.11547088623047,8.129527755086476,15.910196396354985,1.0,0,EF1,EST-5,03-MAY-21 13:49:00
962810,2021-05-29T00:00:00+00:00,38.0803,-76.5512,620.1875,690.7656860351562,297.033203125,292.9855651855469,100421.9375,46.52045822143555,14.604653005810391,17.06858543479619,0.0,0,EF0,EST-5,28-MAY-21 18:58:00
963691,2021-05-04T11:00:00+00:00,36.5732,-86.7618,618.75,83.1956787109375,293.02392578125,291.7602233886719,98496.5625,48.32713317871094,10.522888976627248,19.40856822060383,0.0,0,EF0,CST-6,04-MAY-21 05:02:00
959490,2021-05-04T14:00:00+00:00,32.0521,-90.0492,2173.375,16.983980178833008,297.348876953125,296.0517578125,99684.1875,37.57196807861328,11.14505114434869,10.36971899138761,1.0,0,EF1,CST-6,04-MAY-21 08:01:00
959491,2021-05-04T19:00:00+00:00,32.4641,-90.5194,3041.125,112.2352294921875,297.770263671875,294.9580078125,100101.875,42.427303314208984,7.022184433451239,19.4309465718508,1.0,0,EF1,CST-6,04-MAY-21 13:24:00
950351,2021-03-26T01:00:00+00:00,35.4578,-87.4116,216.9375,63.72580337524414,293.78076171875,291.8790283203125,97584.75,21.70990753173828,15.895197308144418,29.272297457365426,0.0,0,EF0,CST-6,25-MAR-21 18:54:00
951180,2021-03-17T23:00:00+00:00,31.1532,-89.613,439.4375,39.1094856262207,294.35107421875,292.88702392578125,99626.8125,42.04898452758789,14.055195086657431,19.35497487904111,0.0,0,EF0,CST-6,17-MAR-21 17:16:00
965195,2021-07-07T11:00:00+00:00,30.0568,-82.7061,832.375,1.8445947170257568,298.213623046875,296.93603515625,101092.3125,59.28112030029297,14.675537322804894,14.712406483588143,0.0,0,EF0,EST-5,07-JUL-21 05:47:00
955434,2021-05-22T19:00:00+00:00,40.14,-103.7,619.125,333.3821105957031,296.64794921875,283.10552978515625,86681.8125,20.657958984375,0.12180441666347062,18.837041191985747,0.0,0,EF0,MST-7,22-MAY-21 12:29:00
955435,2021-05-22T20:00:00+00:00,40.19,-103.56,1540.375,82.92312622070312,293.04248046875,284.30224609375,86709.3125,26.249576568603516,0.3159099451472292,16.131310649938275,0.0,0,EF0,MST-7,22-MAY-21 12:46:00
955436,2021-05-22T20:00:00+00:00,40.22,-103.41,1540.375,82.92312622070312,293.04248046875,284.30224609375,86709.3125,26.249576568603516,0.3159099451472292,16.131310649938275,0.0,0,EF0,MST-7,22-MAY-21 13:02:00
955437,2021-05-22T20:00:00+00:00,39.73,-104.42,824.8125,,293.54541015625,279.77197265625,83392.3125,22.266178131103516,0.13320291030757808,10.603526242988476,0.0,0,EF0,MST-7,22-MAY-21 13:07:00
952076,2021-05-19T22:00:00+00:00,46.852,-99.5657,513.875,13.821864128112793,301.46728515625,285.4462890625,94166.5,28.421138763427734,0.30276109665736956,7.887460993523535,,0,EFU,CST-6,19-MAY-21 15:32:00
957984,2021-05-04T22:00:00+00:00,32.7381,-87.2159,729.25,11.927943229675293,294.667724609375,292.486572265625,99806.0625,56.096107482910156,12.596472892921126,10.403774274686041,0.0,0,EF0,CST-6,04-MAY-21 16:19:00
957985,2021-05-04T23:00:00+00:00,32.772,-87.018,479.0625,69.42241668701172,291.855224609375,291.06689453125,99660.0,52.98329162597656,12.423152083595042,13.662486140194384,0.0,0,EF0,CST-6,04-MAY-21 16:31:00
949943,2021-05-17T19:00:00+00:00,35.52,-106.32,1032.375,11.156268119812012,293.49951171875,276.2734375,80760.6875,13.419673919677734,0.14507665940333173,2.983381744333576,0.0,0,EF0,MST-7,17-MAY-21 12:08:00
963688,2021-05-04T11:00:00+00:00,36.3534,-86.9124,764.125,165.8363037109375,293.81884765625,292.5219421386719,98586.5625,48.41014099121094,11.324643695336496,17.638734475126952,0.0,0,EF0,CST-6,04-MAY-21 04:55:00
963686,2021-05-04T11:00:00+00:00,36.3537,-86.92,764.125,165.8363037109375,293.81884765625,292.5219421386719,98586.5625,48.41014099121094,11.324643695336496,17.638734475126952,0.0,0,EF0,CST-6,04-MAY-21 04:54:00
957713,2021-05-04T11:00:00+00:00,36.5621,-86.8271,618.75,83.1956787109375,293.02392578125,291.7602233886719,98496.5625,48.32713317871094,10.522888976627248,19.40856822060383,0.0,0,EF0,CST-6,04-MAY-21 04:56:00
957714,2021-05-04T11:00:00+00:00,36.3542,-86.5601,1033.0,243.6331787109375,294.06201171875,292.5678405761719,98592.5625,49.25389099121094,12.108754131596104,18.971177830441164,0.0,0,EF0,CST-6,04-MAY-21 05:21:00
959492,2021-05-04T20:00:00+00:00,32.5982,-89.6168,3719.0,12.828158378601074,298.147216796875,294.778076171875,99503.5,44.836917877197266,8.404366098753835,17.9892417041145,1.0,0,EF1,CST-6,04-MAY-21 14:06:00
956517,2021-04-10T01:00:00+00:00,33.0658,-89.5903,1313.125,227.103271484375,296.497802734375,291.00335693359375,99283.5625,40.60989761352539,3.516114065440463,15.398688872624662,1.0,0,EF1,CST-6,09-APR-21 19:04:00
965325,2021-07-07T21:00:00+00:00,30.2271,-81.6066,1916.125,38.32243728637695,300.50634765625,297.7099609375,101291.25,61.756072998046875,13.045637224778508,17.316963784685296,1.0,0,EF1,EST-5,07-JUL-21 15:45:00
955438,2021-05-22T21:00:00+00:00,40.52,-102.96,1318.0,27.68349266052246,294.343994140625,286.604248046875,87251.125,29.50290298461914,0.17025612607096915,9.038393574624553,0.0,0,EF0,MST-7,22-MAY-21 13:44:00
955439,2021-05-22T22:00:00+00:00,38.68,-103.73,0.125,32.95328140258789,290.994384765625,284.44952392578125,84179.125,21.58913803100586,0.31162507630977004,8.823857094396962,0.0,0,EF0,MST-7,22-MAY-21 14:55:00
955440,2021-05-22T22:00:00+00:00,38.73,-103.72,0.125,32.95328140258789,290.994384765625,284.44952392578125,84179.125,21.58913803100586,0.31162507630977004,8.823857094396962,0.0,0,EF0,MST-7,22-MAY-21 14:59:00
955441,2021-05-22T22:00:00+00:00,38.81,-103.75,0.125,32.95328140258789,290.994384765625,284.44952392578125,84179.125,21.58913803100586,0.31162507630977004,8.823857094396962,0.0,0,EF0,MST-7,22-MAY-21 15:04:00
955442,2021-05-22T22:00:00+00:00,39.0,-103.7,2.6875,9.000157356262207,290.785400390625,284.53936767578125,83423.125,21.18386459350586,0.12676710508674385,11.379833606359519,0.0,0,EF0,MST-7,22-MAY-21 15:28:00
958561,2021-05-04T15:00:00+00:00,34.8445,-85.6401,338.125,92.65636444091797,292.25048828125,291.16796875,96830.3125,47.834022521972656,10.056955973071569,13.813681115135111,0.0,0,EF0,CST-6,04-MAY-21 08:44:00
957986,2021-05-04T23:00:00+00:00,32.4707,-86.4421,922.5625,19.906789779663086,294.396240234375,292.22705078125,100036.0,56.11024475097656,10.351626060977006,11.164343971833446,0.0,0,EF0,CST-6,04-MAY-21 17:17:00
957989,2021-05-04T23:00:00+00:00,32.442,-86.326,1022.25,41.96929168701172,295.080810546875,292.42138671875,99987.0,54.73036193847656,9.94880100336903,12.610338322402535,0.0,0,EF0,CST-6,04-MAY-21 17:25:00
958001,2021-05-05T00:00:00+00:00,32.3667,-85.9491,682.0,2.5185651779174805,293.54443359375,292.060546875,100060.8125,54.892494201660156,14.477818029074681,16.584808562686455,0.0,0,EF0,CST-6,04-MAY-21 17:46:00
952112,2021-05-29T21:00:00+00:00,38.9917,-107.1035,103.9375,,286.82373046875,273.08465576171875,70562.5,7.354375839233398,0.7966322986635247,0.2567515849826217,,0,EFU,MST-7,29-MAY-21 13:30:00
959233,2021-05-15T23:00:00+00:00,43.3922,-92.4154,1.625,,294.5322265625,280.7159423828125,97076.0625,16.470277786254883,0.7093048636196767,9.003110702480313,0.0,0,EF0,CST-6,15-MAY-21 16:49:00
961144,2021-05-27T18:00:00+00:00,35.972,-98.063,4051.625,229.2812957763672,300.689208984375,294.4140625,97031.9375,46.38276672363281,4.510353788848795,10.00873208440022,0.0,0,EF0,CST-6,27-MAY-21 12:16:00
963511,2021-05-18T00:00:00+00:00,37.7,-101.64,437.5,316.741943359375,293.715087890625,285.0712890625,89425.875,21.264148712158203,0.07059865764506093,10.927593188893153,0.0,0,EF0,CST-6,17-MAY-21 17:34:00
959688,2021-05-02T23:00:00+00:00,33.0062,-90.2497,677.5,4.031455993652344,296.26806640625,293.04913330078125,99605.5625,42.8875732421875,12.85097258293435,19.373230165950744,1.0,0,EF1,CST-6,02-MAY-21 16:53:00
957715,2021-05-04T12:00:00+00:00,36.3567,-86.4174,635.875,272.610595703125,293.844482421875,292.40802001953125,98804.125,47.746795654296875,12.069941536502036,16.230004021987828,0.0,0,EF0,CST-6,04-MAY-21 05:31:00
957716,2021-05-04T12:00:00+00:00,36.3945,-86.1153,790.625,187.141845703125,293.437255859375,292.03204345703125,98256.125,48.538787841796875,12.31364797973088,17.953051236173277,0.0,0,EF0,CST-6,04-MAY-21 05:54:00
957720,2021-05-04T13:00:00+00:00,35.9738,-85.4938,1700.5,244.39813232421875,292.66650390625,291.2419738769531,96786.3125,46.32469940185547,11.017148845578907,15.250724939604343,0.0,0,EF0,CST-6,04-MAY-21 07:07:00
959493,2021-05-04T19:00:00+00:00,32.728,-90.3697,2429.875,208.4227294921875,298.148193359375,294.6923828125,100129.875,42.183162689208984,6.2436648823579235,18.32015526170799,0.0,0,EF0,CST-6,04-MAY-21 13:22:00
959494,2021-05-04T21:00:00+00:00,32.4586,-88.9638,2789.5,65.6718978881836,298.09521484375,294.775146484375,99463.25,45.198280334472656,8.63062072787953,16.048894071556525,1.0,0,EF1,CST-6,04-MAY-21 14:43:00
956519,2021-04-10T05:00:00+00:00,31.5705,-90.5493,1574.375,2.8992154598236084,291.209228515625,290.06072998046875,99338.125,44.45420455932617,12.930672483816664,19.540397542675237,1.0,0,EF1,CST-6,09-APR-21 22:37:00
995014,2021-12-16T02:00:00+00:00,43.6878,-92.0736,257.59375,13.188491821289062,289.971923828125,287.127685546875,94794.875,30.715362548828125,20.332976807869557,35.7780135969663,1.0,0,EF1,CST-6,15-DEC-21 19:51:00
966959,2021-07-29T23:00:00+00:00,39.2687,-88.1056,3998.25,51.50974655151367,302.509521484375,297.565185546875,99134.5625,58.15083312988281,10.363822585628785,14.368668837020852,0.0,0,EF0,CST-6,29-JUL-21 16:40:00
966960,2021-07-30T00:00:00+00:00,38.9471,-87.6053,3000.375,438.4531555175781,302.11376953125,297.30859375,99552.4375,59.21015930175781,10.878810422285511,15.871535923733086,1.0,0,EF1,CST-6,29-JUL-21 18:20:00
955547,2021-05-30T20:00:00+00:00,38.93,-105.51,1404.3125,28.562650680541992,281.467041015625,278.947265625,72210.125,10.855476379394531,0.19423691368540466,0.7090658272449318,0.0,0,EF0,MST-7,30-MAY-21 13:24:00
957987,2021-05-04T23:00:00+00:00,32.469,-86.412,922.5625,19.906789779663086,294.396240234375,292.22705078125,100036.0,56.11024475097656,10.351626060977006,11.164343971833446,1.0,0,EF1,CST-6,04-MAY-21 17:19:00
963708,2021-05-03T01:00:00+00:00,33.4181,-89.424,762.5625,0.3145073652267456,294.45751953125,292.4482421875,98982.0,40.38304901123047,15.341823877208983,20.229203735577823,0.0,0,EF0,CST-6,02-MAY-21 19:23:00
958281,2021-05-02T22:00:00+00:00,32.4726,-91.1626,262.875,88.59378814697266,297.043212890625,292.68719482421875,99933.875,37.499267578125,11.76296344503972,20.913126431188143,,0,EFU,CST-6,02-MAY-21 15:57:00
957719,2021-05-04T13:00:00+00:00,36.0021,-85.8028,1662.25,250.42938232421875,293.18310546875,291.7195129394531,97873.3125,47.91551971435547,10.841991013254615,14.335164089754969,0.0,0,EF0,CST-6,04-MAY-21 06:43:00
957718,2021-05-04T12:00:00+00:00,36.0571,-86.0347,1551.25,282.251220703125,293.680419921875,292.08868408203125,97997.125,47.525115966796875,12.629927020186134,17.12740753907769,0.0,0,EF0,CST-6,04-MAY-21 06:20:00
959495,2021-05-04T21:00:00+00:00,32.4099,-88.5223,3141.875,22.59377670288086,298.63037109375,294.744873046875,99946.25,48.456092834472656,10.662424299289894,15.944544254196547,1.0,0,EF1,CST-6,04-MAY-21 15:08:00
959496,2021-05-04T21:00:00+00:00,32.483,-88.915,2789.5,65.6718978881836,298.09521484375,294.775146484375,99463.25,45.198280334472656,8.63062072787953,16.048894071556525,0.0,0,EF0,CST-6,04-MAY-21 14:46:00
959497,2021-05-04T20:00:00+00:00,32.401,-90.244,3286.125,131.50003051757812,296.608154296875,294.181396484375,99885.5,42.309574127197266,8.177021272755805,16.5336404192448,1.0,0,EF1,CST-6,04-MAY-21 13:41:00
953092,2021-05-28T08:00:00+00:00,32.6373,-93.3032,582.125,321.5477294921875,295.209228515625,292.852783203125,100438.5625,45.96765899658203,9.476721756506697,7.103989825124254,1.0,0,EF1,CST-6,28-MAY-21 01:53:00
998349,2021-12-16T02:00:00+00:00,44.023,-91.552,267.3125,1.0947420597076416,290.020751953125,287.126708984375,95679.875,29.448760986328125,20.202278496807445,30.967661081857372,1.0,0,EF1,CST-6,15-DEC-21 20:19:00
963693,2021-05-04T11:00:00+00:00,36.4684,-86.6593,618.75,83.1956787109375,293.02392578125,291.7602233886719,98496.5625,48.32713317871094,10.522888976627248,19.40856822060383,0.0,0,EF0,CST-6,04-MAY-21 05:10:00
959701,2021-05-02T23:00:00+00:00,31.851,-90.961,1068.375,56.828330993652344,297.60205078125,293.26300048828125,99445.5625,36.9207763671875,14.201126525082126,23.161488720552057,1.0,0,EF1,CST-6,02-MAY-21 17:05:00
959498,2021-05-04T20:00:00+00:00,32.4,-90.221,3286.125,131.50003051757812,296.608154296875,294.181396484375,99885.5,42.309574127197266,8.177021272755805,16.5336404192448,1.0,0,EF1,CST-6,04-MAY-21 13:43:00
959499,2021-05-04T20:00:00+00:00,32.362,-90.103,2677.25,79.15628051757812,298.675537109375,294.783935546875,99654.5,46.861331939697266,9.611274316120646,15.258441381926211,0.0,0,EF0,CST-6,04-MAY-21 13:50:00
951089,2021-03-17T01:00:00+00:00,31.7748,-89.9611,663.625,92.68803405761719,294.23388671875,292.00531005859375,99891.0,36.210968017578125,7.520231060139903,12.448274188559585,0.0,0,EF0,CST-6,16-MAR-21 18:58:00
956520,2021-04-10T06:00:00+00:00,31.2976,-90.0131,2118.0,1.0297812223434448,291.679931640625,290.55767822265625,99672.4375,47.013038635253906,13.934523775199999,18.73655898501375,1.0,0,EF1,CST-6,09-APR-21 23:31:00
952042,2021-05-05T21:00:00+00:00,41.9,-97.74,87.625,199.2031707763672,292.234619140625,279.645751953125,95314.3125,16.191551208496094,2.052399129768189,8.330471942758034,,0,EFU,CST-6,05-MAY-21 15:10:00
952102,2021-05-26T22:00:00+00:00,38.64,-98.57,665.0,268.75299072265625,298.911865234375,292.36474609375,95170.125,27.122711181640625,6.994392275585286,20.38004360734149,,0,EFU,CST-6,26-MAY-21 15:54:00
953744,2021-05-17T22:00:00+00:00,41.76,-107.25,1.375,,290.945556640625,272.98779296875,78264.4375,10.050719261169434,0.16568461868256823,0.6238749825609945,,0,EFU,MST-7,17-MAY-21 14:45:00
945569,2021-02-16T05:00:00+00:00,33.9118,-78.5096,1194.875,0.8437583446502686,288.60528564453125,287.86138916015625,100830.875,45.102569580078125,19.37630457740721,25.161223123525687,3.0,1,EF3,EST-5,15-FEB-21 23:34:00
956770,2021-05-29T01:00:00+00:00,29.9832,-97.4385,1162.625,63.83010482788086,297.315185546875,294.6427307128906,99617.6875,56.126922607421875,8.538095194771548,13.781845564267625,0.0,0,EF0,CST-6,28-MAY-21 18:31:00
958730,2021-05-04T03:00:00+00:00,35.41,-94.425,851.5,239.92266845703125,295.09619140625,293.47369384765625,97795.0,41.87158966064453,3.9512467161551124,7.4414858634287855,1.0,0,EF1,CST-6,03-MAY-21 20:42:00
958725,2021-05-04T03:00:00+00:00,35.46,-94.443,851.5,239.92266845703125,295.09619140625,293.47369384765625,97795.0,41.87158966064453,3.9512467161551124,7.4414858634287855,1.0,0,EF1,CST-6,03-MAY-21 20:45:00
958732,2021-05-04T03:00:00+00:00,35.435,-94.37,976.125,129.95391845703125,294.97900390625,293.20611572265625,97705.0,40.41553497314453,4.033800123308064,8.756646460248461,1.0,0,EF1,CST-6,03-MAY-21 20:45:00
959697,2021-05-02T23:00:00+00:00,31.8345,-91.0644,1068.375,56.828330993652344,297.60205078125,293.26300048828125,99445.5625,36.9207763671875,14.201126525082126,23.161488720552057,1.0,0,EF1,CST-6,02-MAY-21 16:55:00
959751,2021-05-03T00:00:00+00:00,32.9455,-90.1525,438.6875,20.891183853149414,295.91845703125,292.89276123046875,99642.1875,38.735389709472656,14.45716963651742,22.672594981805876,0.0,0,EF0,CST-6,02-MAY-21 17:51:00
995279,2021-12-16T03:00:00+00:00,44.506,-90.802,285.65625,0.02675453945994377,288.292724609375,286.2892150878906,95284.5,30.620391845703125,19.928530813230626,34.34550735477777,2.0,1,EF2,CST-6,15-DEC-21 21:06:00
957717,2021-05-04T12:00:00+00:00,36.5314,-86.0504,790.625,187.141845703125,293.437255859375,292.03204345703125,98256.125,48.538787841796875,12.31364797973088,17.953051236173277,0.0,0,EF0,CST-6,04-MAY-21 05:56:00
952103,2021-05-26T22:00:00+00:00,38.65,-98.52,665.0,268.75299072265625,298.911865234375,292.36474609375,95170.125,27.122711181640625,6.994392275585286,20.38004360734149,,0,EFU,CST-6,26-MAY-21 16:10:00
952104,2021-05-27T00:00:00+00:00,38.4779,-98.1872,268.875,148.12515258789062,299.781005859375,293.4398193359375,95296.6875,23.316757202148438,11.516235561253525,16.239053310293276,0.0,0,EF0,CST-6,26-MAY-21 17:49:00
952078,2021-05-23T22:00:00+00:00,45.3,-102.19,475.15625,29.0156307220459,294.3466796875,289.3480529785156,92057.9375,34.93921661376953,2.4820690027236387,14.449355178886238,,0,EFU,MST-7,23-MAY-21 14:50:00
952079,2021-05-23T22:00:00+00:00,45.38,-102.22,475.15625,29.0156307220459,294.3466796875,289.3480529785156,92057.9375,34.93921661376953,2.4820690027236387,14.449355178886238,,0,EFU,MST-7,23-MAY-21 14:58:00
960846,2021-05-31T21:00:00+00:00,30.5992,-102.7347,2364.5625,132.7969970703125,300.068115234375,290.9091796875,88299.5625,34.964439392089844,0.3217859793036181,10.01568803654249,,0,EFU,CST-6,31-MAY-21 14:39:00
958722,2021-05-04T03:00:00+00:00,35.363,-94.547,823.625,281.40704345703125,294.87158203125,292.79400634765625,98746.0,43.72510528564453,3.655392351590562,7.554409354713845,1.0,0,EF1,CST-6,03-MAY-21 20:33:00
958724,2021-05-04T03:00:00+00:00,35.409,-94.578,851.5,239.92266845703125,295.09619140625,293.47369384765625,97795.0,41.87158966064453,3.9512467161551124,7.4414858634287855,1.0,0,EF1,CST-6,03-MAY-21 20:36:00
959750,2021-05-03T00:00:00+00:00,32.8981,-90.2052,438.6875,20.891183853149414,295.91845703125,292.89276123046875,99642.1875,38.735389709472656,14.45716963651742,22.672594981805876,0.0,0,EF0,CST-6,02-MAY-21 17:44:00
959756,2021-05-03T00:00:00+00:00,33.0708,-89.9014,567.75,6.547434329986572,295.79638671875,292.77362060546875,99375.1875,40.087928771972656,14.453432093764857,21.958181761221077,1.0,0,EF1,CST-6,02-MAY-21 18:20:00
953091,2021-05-18T01:00:00+00:00,33.5173,-102.1432,1367.125,91.46888732910156,295.24072265625,288.330322265625,88999.0625,17.027191162109375,0.6109460195195062,20.712218194104228,,0,EFU,CST-6,17-MAY-21 18:50:00
957626,2021-05-15T22:00:00+00:00,42.5548,-94.4549,0.0,,296.816650390625,279.43212890625,97411.0,16.417217254638672,0.7994498031400982,7.59665595768172,,0,EFU,CST-6,15-MAY-21 15:35:00
952532,2021-05-06T19:00:00+00:00,39.4865,-89.0643,75.375,,289.466796875,283.080322265625,99381.3125,15.119123458862305,6.614830842590738,8.392479743728043,0.0,0,EF0,CST-6,06-MAY-21 13:11:00
958052,2021-05-27T21:00:00+00:00,38.7438,-88.3368,529.5,,299.24755859375,291.57568359375,99587.9375,41.188697814941406,4.996797365487925,12.536707575525986,0.0,0,EF0,CST-6,27-MAY-21 14:43:00
953598,2021-05-30T23:00:00+00:00,36.2805,-102.3641,380.25,61.223121643066406,294.1005859375,285.006591796875,88410.125,29.564695358276367,0.7125193394204141,10.887693683122006,,0,EFU,CST-6,30-MAY-21 17:19:00
963036,2021-05-03T13:00:00+00:00,36.7022,-85.6957,528.8125,0.01571023277938366,292.76025390625,291.638671875,97606.6875,38.645355224609375,13.547327454329523,20.923540810382097,1.0,0,EF1,CST-6,03-MAY-21 07:08:00
959757,2021-05-03T00:00:00+00:00,32.1172,-90.3617,879.0,99.15680694580078,296.36572265625,292.67987060546875,99283.1875,37.786170959472656,14.50950361757223,24.149318752823692,1.0,0,EF1,CST-6,02-MAY-21 18:22:00
959761,2021-05-03T01:00:00+00:00,33.1676,-89.7316,593.1875,23.53325653076172,294.61865234375,292.478515625,99099.0,38.70336151123047,15.536746980153708,21.00936957714712,1.0,0,EF1,CST-6,02-MAY-21 18:42:00
959327,2021-05-04T18:00:00+00:00,32.3547,-91.917,1097.625,41.968814849853516,296.150634765625,294.814208984375,100592.625,41.527828216552734,2.232808623646874,10.493787802348697,0.0,0,EF0,CST-6,04-MAY-21 12:13:00
959328,2021-05-04T19:00:00+00:00,32.3222,-91.115,2804.75,80.2196044921875,297.806396484375,295.2138671875,100446.875,43.721248626708984,8.26616460788831,16.110503244584834,1.0,0,EF1,CST-6,04-MAY-21 12:59:00
951088,2021-03-17T00:00:00+00:00,31.7611,-90.3494,1105.0,37.500038146972656,294.6787109375,292.4630432128906,99827.9375,35.39535903930664,7.462767471908199,11.833470624641931,1.0,0,EF1,CST-6,16-MAR-21 18:03:00
957627,2021-05-21T02:00:00+00:00,41.429,-94.017,45.75,,293.67041015625,291.84112548828125,98112.6875,43.541297912597656,12.954028669429592,20.243449374769565,,0,EFU,CST-6,20-MAY-21 20:04:00
957628,2021-05-21T03:00:00+00:00,41.8136,-93.9174,69.1875,79.35979461669922,292.88037109375,291.4912414550781,98213.375,42.94567108154297,13.120750227957151,18.83667804026837,0.0,0,EF0,CST-6,20-MAY-21 20:44:00
959588,2021-05-28T20:00:00+00:00,30.0262,-103.3332,1070.875,560.9219360351562,306.23681640625,288.64813232421875,88223.4375,21.125505447387695,0.6696573197242514,7.439174702662183,,0,EFU,CST-6,28-MAY-21 13:54:00
961937,2021-05-27T17:00:00+00:00,37.6,-93.44,1891.125,235.36668395996094,298.38232421875,292.6806640625,97822.6875,47.77057647705078,10.784679172306564,14.732465979520137,1.0,0,EF1,CST-6,27-MAY-21 10:51:00
961938,2021-05-27T17:00:00+00:00,37.59,-93.29,2099.5,285.21044921875,298.42626953125,292.5458984375,97531.6875,47.20319366455078,9.012676255184147,13.955943373016764,1.0,0,EF1,CST-6,27-MAY-21 11:08:00
957402,2021-05-11T23:00:00+00:00,30.3007,-95.0109,2101.6875,173.2810516357422,300.150634765625,294.99261474609375,100803.375,53.12411880493164,3.5682341564339892,13.581330430660756,1.0,0,EF1,CST-6,11-MAY-21 17:14:00
956764,2021-05-10T23:00:00+00:00,30.7166,-95.5727,1730.25,259.644287109375,298.628173828125,294.677490234375,100104.875,38.168556213378906,6.142469809663805,5.891048439972389,0.0,0,EF0,CST-6,10-MAY-21 17:24:00
953539,2021-05-08T00:00:00+00:00,35.5241,-101.0842,39.25,17.53382110595703,294.706298828125,286.35736083984375,90318.6875,33.13447189331055,1.5552625668154039,5.08308667531879,0.0,0,EF0,CST-6,07-MAY-21 17:40:00
953599,2021-05-31T00:00:00+00:00,36.33,-102.2499,419.0,43.56404113769531,292.51513671875,286.548583984375,88402.125,30.02352523803711,0.9668290767780385,10.68645498176103,,0,EFU,CST-6,30-MAY-21 17:46:00
953600,2021-05-31T01:00:00+00:00,36.3,-102.0161,430.875,1.7027552127838135,291.336181640625,288.09393310546875,89227.875,31.75116729736328,0.12186302895422446,10.7188870946041,,0,EFU,CST-6,30-MAY-21 18:30:00
963359,2021-05-03T18:00:00+00:00,35.2441,-80.2856,104.375,90.7660903930664,298.43310546875,291.82666015625,99248.125,39.622554779052734,6.433379194595893,18.23691499665116,0.0,0,EF0,EST-5,03-MAY-21 13:23:00
963694,2021-05-03T01:00:00+00:00,32.8777,-89.7076,858.125,72.39263153076172,294.97509765625,292.6640625,99266.0,39.39086151123047,15.504562713806171,22.023098410067902,0.0,0,EF0,CST-6,02-MAY-21 19:17:00
959619,2021-04-08T01:00:00+00:00,33.005,-91.302,381.6875,7.781278133392334,294.206787109375,291.4909362792969,100480.875,39.541259765625,19.147545950110576,15.366041888773799,1.0,0,EF1,CST-6,07-APR-21 19:24:00
952534,2021-05-06T20:00:00+00:00,39.0294,-88.7493,174.125,,288.87158203125,282.395751953125,99615.8125,15.531198501586914,8.252770173002036,8.350314159165206,,0,EFU,CST-6,06-MAY-21 14:10:00
952535,2021-05-06T21:00:00+00:00,38.9375,-88.6597,194.375,,288.294921875,282.23419189453125,99620.8125,15.114230155944824,6.449035384111801,8.035928088458718,,0,EFU,CST-6,06-MAY-21 14:30:00
952080,2021-05-23T22:00:00+00:00,43.67,-103.6,844.96875,28.4687557220459,286.0693359375,286.0668029785156,84506.9375,24.62574005126953,0.7141057283721178,18.800398759965315,1.0,0,EF1,MST-7,23-MAY-21 14:55:00
952081,2021-05-23T22:00:00+00:00,43.78,-103.58,844.96875,28.4687557220459,286.0693359375,286.0668029785156,84506.9375,24.62574005126953,0.7141057283721178,18.800398759965315,1.0,0,EF1,MST-7,23-MAY-21 15:04:00
957730,2021-05-04T02:00:00+00:00,40.976,-80.21,77.75,,290.09521484375,289.13201904296875,96261.6875,36.85575866699219,6.33375115856492,10.202004440350532,0.0,0,EF0,EST-5,03-MAY-21 20:37:00
960833,2021-05-31T20:00:00+00:00,30.605,-102.87,2429.8125,51.8442497253418,299.4892578125,291.73876953125,88343.9375,30.867027282714844,0.2803103318849234,12.652569847151717,,0,EFU,CST-6,31-MAY-21 14:21:00
953602,2021-05-30T23:00:00+00:00,36.27,-102.4,359.0625,22.676246643066406,294.00390625,284.551513671875,87926.125,29.635007858276367,0.19679513652661854,10.697170188724098,,0,EFU,CST-6,30-MAY-21 17:13:00
953609,2021-05-30T23:00:00+00:00,36.2831,-102.3473,380.25,61.223121643066406,294.1005859375,285.006591796875,88410.125,29.564695358276367,0.7125193394204141,10.887693683122006,,0,EFU,CST-6,30-MAY-21 17:21:00
962649,2021-05-03T14:00:00+00:00,33.6681,-84.7821,1064.75,13.484441757202148,293.7255859375,292.70458984375,97519.125,40.89998245239258,12.903084744971684,19.272009069503145,1.0,0,EF1,EST-5,03-MAY-21 09:00:00
962671,2021-05-03T14:00:00+00:00,33.6974,-84.6206,1002.9375,25.84381675720215,293.9599609375,292.93603515625,97699.125,40.97029495239258,13.694939139347012,21.137727813829684,1.0,0,EF1,EST-5,03-MAY-21 09:22:00
957606,2021-03-28T04:00:00+00:00,33.8493,-91.028,1233.625,1.3328841924667358,294.07958984375,292.0314025878906,100564.4375,48.1666374206543,12.076092427038752,24.17628913324246,0.0,0,EF0,CST-6,27-MAR-21 22:26:00
960425,2021-06-26T20:00:00+00:00,42.951,-85.392,1846.25,0.2190304398536682,297.8671875,295.347900390625,98018.375,58.21936798095703,16.556601243607137,19.601175710933695,0.0,0,EF0,EST-5,26-JUN-21 15:23:00
960426,2021-06-26T21:00:00+00:00,42.768,-85.289,1974.625,29.140872955322266,299.051513671875,296.15380859375,97941.75,57.87940979003906,13.350005768183237,18.362096233859575,0.0,0,EF0,EST-5,26-JUN-21 15:31:00
960427,2021-06-26T21:00:00+00:00,42.806,-85.158,1974.625,29.140872955322266,299.051513671875,296.15380859375,97941.75,57.87940979003906,13.350005768183237,18.362096233859575,1.0,0,EF1,EST-5,26-JUN-21 15:40:00
952536,2021-05-06T22:00:00+00:00,38.6613,-88.2225,1.5,,288.868896484375,280.541015625,99926.4375,14.297765731811523,7.586473945955376,10.603146094704464,,0,EFU,CST-6,06-MAY-21 16:01:00
952531,2021-05-20T20:00:00+00:00,31.339,-94.8799,1527.375,4.800881385803223,298.84619140625,293.6973876953125,100516.375,45.89401626586914,9.798745396563492,11.075457736694764,1.0,0,EF1,CST-6,20-MAY-21 14:25:00
953610,2021-05-31T01:00:00+00:00,36.2997,-101.9327,430.875,1.7027552127838135,291.336181640625,288.09393310546875,89227.875,31.75116729736328,0.12186302895422446,10.7188870946041,0.0,0,EF0,CST-6,30-MAY-21 18:43:00
962679,2021-05-03T17:00:00+00:00,34.0672,-83.315,654.5625,15.406268119812012,295.430908203125,293.96142578125,98710.9375,44.088134765625,14.235919501738127,18.05761521000619,1.0,0,EF1,EST-5,03-MAY-21 11:54:00
962680,2021-05-03T17:00:00+00:00,33.8501,-83.6841,866.875,37.42189407348633,295.497314453125,292.96728515625,98365.9375,43.475830078125,14.161741536577633,21.335790464522553,0.0,0,EF0,EST-5,03-MAY-21 11:39:00
958735,2021-05-28T00:00:00+00:00,35.265,-95.869,1444.75,32.18760299682617,296.46484375,293.125,98654.9375,51.28287887573242,13.389460209739044,13.987905286002217,1.0,0,EF1,CST-6,27-MAY-21 18:13:00
957708,2021-05-03T17:00:00+00:00,35.5524,-86.1322,602.5,87.57814025878906,294.518798828125,292.46044921875,97551.9375,32.690673828125,10.520016147985288,13.629853395707975,0.0,0,EF0,CST-6,03-MAY-21 10:42:00
963723,2021-05-10T21:00:00+00:00,35.9,-79.35,38.875,,296.528076171875,287.434814453125,99223.6875,27.614944458007812,4.300759470890424,16.886505951940194,1.0,0,EF1,EST-5,10-MAY-21 15:46:00
941500,2021-03-28T01:00:00+00:00,32.2378,-93.8364,2338.5,29.46440887451172,295.59228515625,293.90203857421875,100142.6875,42.549407958984375,16.012685765713062,20.266840087177453,1.0,0,EF1,CST-6,27-MAR-21 19:22:00
939559,2021-03-13T22:00:00+00:00,34.7335,-101.7323,921.78125,9.437626838684082,289.672607421875,285.28546142578125,88616.375,24.54540252685547,0.5060708021385973,18.502825227641473,0.0,0,EF0,CST-6,13-MAR-21 16:05:00
941301,2021-03-28T00:00:00+00:00,31.8229,-94.9451,2552.6875,0.22947359085083008,294.99072265625,293.18853759765625,99546.625,40.62992858886719,12.006700865856683,15.425632521670485,1.0,0,EF1,CST-6,27-MAR-21 17:37:00
962159,2021-06-08T02:00:00+00:00,46.6831,-98.8534,751.625,91.40628051757812,298.47265625,292.02587890625,95138.25,35.327301025390625,2.74956489254164,20.353446820579865,,0,EFU,CST-6,07-JUN-21 19:57:00
938310,2021-03-20T03:00:00+00:00,46.3177,-124.0062,33.6875,,281.65673828125,278.6385803222656,101146.25,14.492354393005371,8.704652960610298,8.936129031741217,0.0,0,EF0,PST-8,19-MAR-21 19:04:00
950208,2021-03-26T02:00:00+00:00,37.4476,-86.749,246.9375,0.5950734615325928,291.547607421875,290.3442077636719,98387.9375,28.04332160949707,14.679642273595181,22.510740685851648,0.0,0,EF0,CST-6,25-MAR-21 19:32:00
950624,2021-03-26T02:00:00+00:00,37.4833,-86.1563,1472.4375,0.032573435455560684,291.054443359375,289.8803405761719,97729.9375,31.26988410949707,16.91604096186848,24.560872544431987,0.0,0,EF0,CST-6,25-MAR-21 20:16:00
941309,2021-03-28T00:00:00+00:00,31.9009,-94.7138,2999.6875,0.8544735908508301,295.14111328125,293.25494384765625,99371.625,40.66410827636719,12.576991998321176,16.23845580211543,1.0,0,EF1,CST-6,27-MAR-21 17:58:00
950632,2021-03-26T03:00:00+00:00,37.6255,-85.7671,205.1875,0.25018104910850525,290.79052734375,289.19091796875,97725.4375,27.918550491333008,16.685255011923147,22.62312630563349,1.0,0,EF1,EST-5,25-MAR-21 21:44:00
941491,2021-03-28T00:00:00+00:00,31.973,-94.563,3141.1875,11.479473114013672,295.08837890625,293.33697509765625,99585.625,41.63969421386719,13.657706636951819,17.328985175898158,2.0,1,EF2,CST-6,27-MAR-21 18:12:00
941492,2021-03-28T01:00:00+00:00,32.0982,-94.3089,2738.375,13.573783874511719,295.69677734375,293.82586669921875,99867.6875,42.321868896484375,13.378915080002239,16.478719037342255,2.0,1,EF2,CST-6,27-MAR-21 18:38:00
949747,2021-03-27T23:00:00+00:00,35.341,-90.61,1622.25,0.9218875169754028,296.7578125,292.1376953125,100100.8125,40.51776885986328,10.213621177786445,17.814985563225815,0.0,0,EF0,CST-6,27-MAR-21 17:16:00
951717,2021-03-18T22:00:00+00:00,36.17,-79.249,27.1875,0.1937817931175232,290.36328125,287.2337646484375,98049.5,28.916568756103516,12.613069515620408,20.849253905236274,1.0,0,EF1,EST-5,18-MAR-21 17:04:00
951724,2021-03-18T22:00:00+00:00,36.0629,-79.5485,76.6875,0.053156789392232895,290.205078125,287.4368896484375,97834.5,26.071842193603516,13.130225614898132,21.12749189415382,1.0,0,EF1,EST-5,18-MAR-21 16:38:00
941297,2021-03-27T23:00:00+00:00,31.6884,-95.2293,2778.375,4.984387397766113,294.9677734375,293.7353515625,99490.8125,40.64960479736328,11.819514978556045,16.715510941091942,2.0,1,EF2,CST-6,27-MAR-21 17:06:00
964498,2021-06-11T00:00:00+00:00,47.64,-103.87,2418.875,594.4550170898438,303.02392578125,291.2230224609375,92279.9375,35.611358642578125,6.9980181048566585,24.99207375274964,,0,EFU,MST-7,10-JUN-21 16:32:00
950027,2021-03-28T00:00:00+00:00,35.6676,-89.9387,672.5625,3.93259859085083,295.93310546875,291.62603759765625,100122.625,39.32328796386719,12.525263251540219,20.35453305951465,1.0,0,EF1,CST-6,27-MAR-21 17:38:00
940114,2021-03-17T19:00:00+00:00,32.7643,-92.4998,744.25,45.85830307006836,296.986572265625,289.639892578125,99782.8125,35.63490676879883,8.945156046245613,15.911515225456004,1.0,0,EF1,CST-6,17-MAR-21 13:26:00
950024,2021-03-27T23:00:00+00:00,35.5376,-90.1708,1377.375,4.890637397766113,297.2998046875,292.2421875,100102.8125,37.89472198486328,10.892220423250176,19.72823075953662,0.0,0,EF0,CST-6,27-MAR-21 17:11:00
950783,2021-03-28T00:00:00+00:00,38.7323,-89.7697,279.8125,12.495098114013672,292.63330078125,285.71490478515625,99054.625,31.45610237121582,7.848108245913431,16.890295646332504,1.0,0,EF1,CST-6,27-MAR-21 18:08:00
957630,2021-06-21T00:00:00+00:00,41.4284,-92.9735,1903.875,99.98897552490234,301.40576171875,294.416015625,97067.4375,43.554786682128906,9.498803654757172,17.34539538612731,1.0,0,EF1,CST-6,20-JUN-21 17:40:00
967598,2021-06-02T21:00:00+00:00,34.3928,-78.8632,660.5625,98.26578521728516,298.77099609375,295.587158203125,101558.3125,44.075645446777344,7.877521003301659,9.437578645081317,0.0,0,EF0,EST-5,02-JUN-21 16:22:00
951827,2021-03-13T22:00:00+00:00,35.0114,-101.6449,743.15625,11.843876838684082,289.730224609375,286.09112548828125,88503.375,24.23290252685547,0.48155351580470784,20.666267803497508,0.0,0,EF0,CST-6,13-MAR-21 16:06:00
950025,2021-03-27T23:00:00+00:00,35.5998,-90.0819,1297.6875,13.640637397766113,297.083984375,292.416015625,100018.8125,37.63495635986328,11.59072669162751,20.092797029594013,1.0,0,EF1,CST-6,27-MAR-21 17:21:00
950026,2021-03-28T00:00:00+00:00,35.6639,-89.9481,672.5625,3.93259859085083,295.93310546875,291.62603759765625,100122.625,39.32328796386719,12.525263251540219,20.35453305951465,0.0,0,EF0,CST-6,27-MAR-21 17:37:00
939282,2021-03-13T21:00:00+00:00,34.5267,-102.1505,409.8125,27.30744171142578,294.961181640625,280.9468994140625,87709.25,18.454498291015625,0.6589628753609011,10.998482400616554,,0,EFU,CST-6,13-MAR-21 14:55:00
960758,2021-06-26T00:00:00+00:00,40.4338,-86.7088,1732.125,98.34390258789062,298.7333984375,295.64013671875,98758.5625,49.72309112548828,10.891062907246184,13.253064897795145,1.0,0,EF1,EST-5,25-JUN-21 19:18:00
967599,2021-06-03T01:00:00+00:00,34.5003,-78.7332,449.25,49.5791015625,296.827392578125,295.20849609375,101579.5,46.36610794067383,8.383219984402038,10.385513921480625,0.0,0,EF0,EST-5,02-JUN-21 20:04:00
967600,2021-06-04T00:00:00+00:00,34.2243,-79.2201,1046.0625,32.078182220458984,296.965576171875,295.653076171875,101347.6875,48.37482452392578,9.372259794565938,6.749364849465106,1.0,0,EF1,EST-5,03-JUN-21 18:45:00
951828,2021-03-13T22:00:00+00:00,35.029,-101.625,611.0,13.750126838684082,288.664794921875,286.94366455078125,89164.375,24.99852752685547,0.9303297133387735,21.116821123818443,0.0,0,EF0,CST-6,13-MAR-21 16:12:00
947890,2021-03-25T00:00:00+00:00,31.69,-98.01,1178.09375,30.421875,292.15966796875,288.0679016113281,96281.125,23.170303344726562,2.4225690422159403,16.807335396693677,,0,EFU,CST-6,24-MAR-21 18:03:00
951118,2021-03-24T00:00:00+00:00,40.6762,-91.3471,75.375,2.7032315731048584,285.7724609375,285.11834716796875,97641.75,24.948429107666016,14.734177461923352,16.49137917829981,0.0,0,EF0,CST-6,23-MAR-21 18:19:00
939283,2021-03-13T22:00:00+00:00,34.4136,-102.1134,190.875,25.1563777923584,291.082763671875,283.11846923828125,88044.375,18.70848846435547,0.27949122277499244,13.911553484985735,0.0,0,EF0,CST-6,13-MAR-21 15:54:00
961254,2021-06-26T01:00:00+00:00,40.532,-86.426,1010.125,61.92815399169922,298.84814453125,295.706787109375,98552.4375,48.42070388793945,11.800324656011165,13.260392110278895,0.0,0,EF0,EST-5,25-JUN-21 20:09:00
951937,2021-03-13T22:00:00+00:00,34.7484,-101.7091,921.78125,9.437626838684082,289.672607421875,285.28546142578125,88616.375,24.54540252685547,0.5060708021385973,18.502825227641473,0.0,0,EF0,CST-6,13-MAR-21 16:08:00
941086,2021-03-23T01:00:00+00:00,33.9621,-100.3,857.0625,18.468828201293945,283.86962890625,283.051025390625,93720.5625,16.923019409179688,5.229402120611897,13.473407465027028,,0,EFU,CST-6,22-MAR-21 18:44:00
939284,2021-03-13T21:00:00+00:00,34.7054,-101.9869,1324.375,24.96369171142578,292.481689453125,286.5152587890625,88028.25,22.172271728515625,0.08580036528377233,14.122275918941515,1.0,0,EF1,CST-6,13-MAR-21 15:15:00
939285,2021-03-13T22:00:00+00:00,34.5248,-102.0696,190.875,25.1563777923584,291.082763671875,283.11846923828125,88044.375,18.70848846435547,0.27949122277499244,13.911553484985735,,0,EFU,CST-6,13-MAR-21 15:55:00
951597,2021-03-14T18:00:00+00:00,39.76,-101.71,634.75,30.829666137695312,282.40472412109375,277.5037536621094,88197.9375,8.849472999572754,0.6998646623315395,10.637324500384068,,0,EFU,CST-6,14-MAR-21 11:50:00
951596,2021-03-14T20:00:00+00:00,40.1675,-101.0498,402.53125,55.64101791381836,285.0377197265625,276.1904296875,90294.125,9.095190048217773,0.18788028568985107,18.371944758494482,,0,EFU,CST-6,14-MAR-21 13:33:00
951814,2021-03-13T21:00:00+00:00,34.7482,-101.9373,1324.375,24.96369171142578,292.481689453125,286.5152587890625,88028.25,22.172271728515625,0.08580036528377233,14.122275918941515,2.0,1,EF2,CST-6,13-MAR-21 15:26:00
951823,2021-03-14T00:00:00+00:00,34.8861,-100.9292,269.4375,19.093786239624023,287.943115234375,286.21978759765625,91919.125,25.890865325927734,6.827452947336346,21.73322673449463,2.0,1,EF2,CST-6,13-MAR-21 17:48:00
964497,2021-06-10T23:00:00+00:00,47.49,-103.94,2233.875,313.50006103515625,304.084228515625,291.29986572265625,92080.0625,34.8026237487793,7.764993456852589,18.388152161900962,,0,EFU,MST-7,10-JUN-21 16:12:00
964760,2021-06-11T03:00:00+00:00,48.16,-103.54,2115.75,342.5162658691406,292.165771484375,290.7514953613281,92321.0625,31.74520492553711,15.959236610450098,24.224047147976577,,0,EFU,CST-6,10-JUN-21 20:57:00
940401,2021-03-12T23:00:00+00:00,33.7628,-102.0183,88.59375,34.18266296386719,294.604736328125,286.34796142578125,89822.25,24.67250633239746,0.13603849037658494,16.053750838845634,,0,EFU,CST-6,12-MAR-21 17:05:00
939534,2021-03-13T23:00:00+00:00,34.4504,-101.3292,256.65625,214.9239501953125,288.9345703125,285.51348876953125,90302.6875,23.211048126220703,2.0836157777530904,19.834066578729658,,0,EFU,CST-6,13-MAR-21 17:08:00
939543,2021-03-13T22:00:00+00:00,34.0825,-101.6966,49.9375,,292.630615234375,282.44952392578125,89131.375,19.19091033935547,0.389475024420101,16.291779606274563,,0,EFU,CST-6,13-MAR-21 16:21:00
951816,2021-03-13T22:00:00+00:00,34.8012,-101.9115,385.0,23.3282527923584,291.382568359375,282.54913330078125,87910.375,19.86571502685547,0.5220932500293647,14.61505144223818,1.0,0,EF1,CST-6,13-MAR-21 15:31:00
951430,2021-03-14T03:00:00+00:00,37.4986,-100.2752,229.8125,11.99770450592041,284.30126953125,284.10589599609375,91555.25,25.958415985107422,6.104140622109491,18.346526558881795,2.0,1,EF2,CST-6,13-MAR-21 21:22:00
958086,2021-06-18T17:00:00+00:00,40.7871,-90.3382,1243.8125,884.9219360351562,303.344970703125,292.626220703125,98427.0,34.48994445800781,2.421270690883504,13.741544937660521,1.0,0,EF1,CST-6,18-JUN-21 10:50:00
940418,2021-03-13T02:00:00+00:00,33.8791,-100.3975,220.0,27.718830108642578,293.4676513671875,286.48297119140625,94295.875,27.101530075073242,6.09919522750705,14.55673204127695,,0,EFU,CST-6,12-MAR-21 20:16:00
939558,2021-03-13T23:00:00+00:00,34.2333,-101.4877,247.8125,325.2989501953125,291.8603515625,283.73907470703125,89058.6875,20.531360626220703,0.7000559653393783,18.062808720744094,,0,EFU,CST-6,13-MAR-21 16:46:00
951821,2021-03-13T22:00:00+00:00,34.8163,-101.8576,921.78125,9.437626838684082,289.672607421875,285.28546142578125,88616.375,24.54540252685547,0.5060708021385973,18.502825227641473,1.0,0,EF1,CST-6,13-MAR-21 15:37:00
967999,2021-06-17T23:00:00+00:00,35.08,-109.18,47.75,,308.942138671875,271.354736328125,80910.9375,15.60900592803955,0.527584197234979,1.3293910346489313,0.0,0,EF0,MST-7,17-JUN-21 15:31:00
968013,2021-06-17T01:00:00+00:00,35.49,-110.51,0.0,,310.727783203125,267.611083984375,82969.5,10.247384071350098,0.3493190174505024,1.6436072036800489,0.0,0,EF0,MST-7,16-JUN-21 17:31:00
968014,2021-06-29T23:00:00+00:00,35.27,-111.52,140.25,36.781341552734375,297.6064453125,279.026611328125,79579.8125,19.498477935791016,0.2566646047151117,0.7287063346230573,0.0,0,EF0,MST-7,29-JUN-21 16:00:00
941501,2021-03-28T02:00:00+00:00,32.317,-93.671,1796.5625,4.171904563903809,295.054443359375,293.3192443847656,100244.8125,42.3682861328125,14.24807771447127,19.050342071456466,1.0,0,EF1,CST-6,27-MAR-21 19:40:00
949238,2021-03-17T23:00:00+00:00,36.6,-93.82,561.625,12.203234672546387,289.41552734375,286.84600830078125,95382.8125,21.13101577758789,10.747127310379234,11.648506527393138,1.0,0,EF1,CST-6,17-MAR-21 16:30:00
949240,2021-03-17T23:00:00+00:00,36.8201,-93.583,1031.5625,4.781359672546387,290.83642578125,287.72686767578125,95725.8125,25.61636734008789,8.27136861302051,11.917660236607,1.0,0,EF1,CST-6,17-MAR-21 17:19:00
951822,2021-03-14T00:00:00+00:00,34.9348,-100.9031,131.8125,21.062536239624023,286.522216796875,285.70416259765625,90759.125,25.074459075927734,3.8671551695854007,22.958988233887425,0.0,0,EF0,CST-6,13-MAR-21 17:51:00
951824,2021-03-13T23:00:00+00:00,35.1251,-101.236,255.40625,12.173954963684082,287.3798828125,285.81231689453125,89893.6875,25.657337188720703,1.1252076154351887,23.373176940243624,,0,EFU,CST-6,13-MAR-21 17:02:00
941559,2021-03-28T01:00:00+00:00,32.1957,-93.9538,2791.5,12.230033874511719,295.44482421875,293.66473388671875,99979.6875,42.786712646484375,15.596690393140582,19.172886531968796,1.0,0,EF1,CST-6,27-MAR-21 19:11:00
950586,2021-03-24T03:00:00+00:00,40.2375,-89.7394,239.125,0.5782033205032349,287.349365234375,285.3330383300781,98298.5625,23.2646427154541,15.467762867593416,14.917793832435105,0.0,0,EF0,CST-6,23-MAR-21 21:28:00
951825,2021-03-13T22:00:00+00:00,34.9765,-101.7275,743.15625,11.843876838684082,289.730224609375,286.09112548828125,88503.375,24.23290252685547,0.48155351580470784,20.666267803497508,1.0,0,EF1,CST-6,13-MAR-21 15:48:00
950356,2021-03-25T01:00:00+00:00,31.81,-97.75,1291.6875,53.11615753173828,292.203857421875,289.1546630859375,96920.875,24.26710319519043,5.9802966376751465,13.409476364241906,,0,EFU,CST-6,24-MAR-21 18:32:00
941557,2021-03-28T01:00:00+00:00,32.1792,-93.9851,2791.5,12.230033874511719,295.44482421875,293.66473388671875,99979.6875,42.786712646484375,15.596690393140582,19.172886531968796,1.0,0,EF1,CST-6,27-MAR-21 19:08:00
951826,2021-03-13T22:00:00+00:00,35.0221,-101.6249,611.0,13.750126838684082,288.664794921875,286.94366455078125,89164.375,24.99852752685547,0.9303297133387735,21.116821123818443,1.0,0,EF1,CST-6,13-MAR-21 16:04:00
985614,2021-09-01T21:00:00+00:00,38.67,-75.86,1874.125,40.6414909362793,299.599853515625,295.748046875,99881.75,60.10973358154297,16.046114125039075,18.39639005506251,0.0,0,EF0,EST-5,01-SEP-21 15:45:00
995234,2021-12-16T02:00:00+00:00,44.0059,-91.4558,267.3125,1.0947420597076416,290.020751953125,287.126708984375,95679.875,29.448760986328125,20.202278496807445,30.967661081857372,0.0,0,EF0,CST-6,15-DEC-21 20:23:00
948939,2021-03-19T01:00:00+00:00,36.7597,-76.8566,68.375,141.87501525878906,292.534423828125,288.1573486328125,99990.6875,26.31735610961914,15.620539473910686,25.785386223949324,0.0,0,EF0,EST-5,18-MAR-21 20:27:00
979678,2021-09-18T22:00:00+00:00,29.43,-82.12,1186.875,50.625152587890625,301.024658203125,296.899169921875,101156.375,58.73465347290039,2.1104738262310976,1.496521498741818,0.0,0,EF0,EST-5,18-SEP-21 17:24:00
957094,2021-06-24T21:00:00+00:00,45.4455,-91.2143,1719.5,95.85942077636719,300.518310546875,293.36767578125,96515.5,37.71909713745117,2.8718808805290714,13.957348269996718,0.0,0,EF0,CST-6,24-JUN-21 14:32:00
995278,2021-12-16T03:00:00+00:00,44.5039,-90.804,285.65625,0.02675453945994377,288.292724609375,286.2892150878906,95284.5,30.620391845703125,19.928530813230626,34.34550735477777,2.0,1,EF2,CST-6,15-DEC-21 21:05:00
980736,2021-08-09T22:00:00+00:00,42.0024,-89.0029,3591.5,63.87189865112305,302.041748046875,296.14990234375,97827.375,45.27271270751953,7.220666122120444,17.37421092902995,0.0,0,EF0,CST-6,09-AUG-21 16:28:00
958234,2021-07-02T01:00:00+00:00,38.8913,-77.0643,648.5625,59.73945236206055,296.356689453125,294.927490234375,99968.4375,53.01382064819336,4.664721770272821,19.755370304717403,1.0,0,EF1,EST-5,01-JUL-21 20:03:00
958235,2021-07-02T01:00:00+00:00,38.9014,-76.9973,648.5625,59.73945236206055,296.356689453125,294.927490234375,99968.4375,53.01382064819336,4.664721770272821,19.755370304717403,0.0,0,EF0,EST-5,01-JUL-21 20:08:00
960489,2021-05-19T00:00:00+00:00,35.09,-92.77,1728.0,46.57727813720703,294.884765625,292.1210632324219,99679.6875,42.234107971191406,8.573899228210843,8.877190028115026,0.0,0,EF0,CST-6,18-MAY-21 18:23:00
975908,2021-07-31T16:00:00+00:00,37.82,-90.4,1667.5,310.4219665527344,299.3330078125,295.9462890625,98305.4375,44.072113037109375,6.620820650064687,12.775322662926769,0.0,0,EF0,CST-6,31-JUL-21 09:50:00
964548,2021-07-29T21:00:00+00:00,39.6187,-81.4614,645.125,,302.014892578125,294.39013671875,98147.1875,45.214317321777344,7.438645226988408,15.002693813029856,0.0,0,EF0,EST-5,29-JUL-21 16:16:00
957099,2021-06-24T21:00:00+00:00,44.9548,-90.9336,2421.0,133.8906707763672,300.051513671875,294.7216796875,96836.5,41.23765182495117,3.5233535496786494,12.282560952795993,0.0,0,EF0,CST-6,24-JUN-21 15:24:00
995276,2021-12-16T03:00:00+00:00,44.4995,-91.1829,97.4375,0.5736295580863953,288.059326171875,285.9288635253906,95142.5,30.257110595703125,20.316573844665115,36.48884644827159,1.0,0,EF1,CST-6,15-DEC-21 20:53:00
980583,2021-08-09T22:00:00+00:00,42.0538,-88.9383,3591.5,63.87189865112305,302.041748046875,296.14990234375,97827.375,45.27271270751953,7.220666122120444,17.37421092902995,0.0,0,EF0,CST-6,09-AUG-21 15:35:00
980587,2021-08-09T22:00:00+00:00,42.3622,-88.2786,2761.25,3.1218974590301514,298.397705078125,296.14892578125,97921.375,48.92505645751953,8.697606865279635,19.941644175087607,1.0,0,EF1,CST-6,09-AUG-21 15:45:00
964228,2021-07-15T00:00:00+00:00,42.2,-92.22,1063.625,356.78125,301.14404296875,294.658203125,97869.0,42.75510025024414,13.427639114430086,16.12312626247476,,0,EFU,CST-6,14-JUL-21 18:19:00
969926,2021-07-08T05:00:00+00:00,32.5627,-80.2978,1168.25,26.876733779907227,299.60791015625,297.22021484375,101301.75,61.042415618896484,12.090961034052768,17.751981643045305,1.0,0,EF1,EST-5,08-JUL-21 00:00:00
976770,2021-07-08T20:00:00+00:00,36.31,-76.82,858.25,5.713316440582275,298.48974609375,296.25146484375,101109.875,60.40950012207031,19.608992495776,24.639433522208247,0.0,0,EF0,EST-5,08-JUL-21 14:45:00
976780,2021-07-09T00:00:00+00:00,36.28,-76.12,484.625,24.49413299560547,298.076904296875,296.6259765625,100920.9375,61.2610969543457,19.830416977693158,20.817145390693963,0.0,0,EF0,EST-5,08-JUL-21 19:01:00
995277,2021-12-16T03:00:00+00:00,44.518,-91.166,97.4375,0.5736295580863953,288.059326171875,285.9288635253906,95142.5,30.257110595703125,20.316573844665115,36.48884644827159,1.0,0,EF1,CST-6,15-DEC-21 20:54:00
948523,2021-03-17T21:00:00+00:00,31.233,-91.3113,777.4375,2.893761157989502,294.797119140625,292.76263427734375,99879.0,41.941795349121094,19.47388108388554,23.2101803801151,0.0,0,EF0,CST-6,17-MAR-21 15:06:00
967139,2021-07-29T18:00:00+00:00,40.0099,-79.2367,366.875,356.2500305175781,296.248291015625,290.67724609375,93931.0,40.545265197753906,7.976772666289708,15.845030332468802,1.0,0,EF1,EST-5,29-JUL-21 13:25:00
969930,2021-07-08T07:00:00+00:00,32.9149,-79.7314,1033.875,14.186627388000488,298.7529296875,296.68597412109375,101189.375,60.21559143066406,14.123693246581961,18.65644105939609,1.0,0,EF1,EST-5,08-JUL-21 01:36:00
966484,2021-06-14T23:00:00+00:00,39.473,-80.122,1934.125,1.361595869064331,295.65771484375,291.7314453125,95835.4375,36.748085021972656,6.184704162706841,16.227991252610597,0.0,0,EF0,EST-5,14-JUN-21 17:42:00
977099,2021-07-20T22:00:00+00:00,27.97,-97.51,1980.25,47.312503814697266,305.169921875,298.0634765625,100987.75,51.940879821777344,2.1365853475105925,5.602118047855719,0.0,0,EF0,CST-6,20-JUL-21 16:00:00
980731,2021-08-09T23:00:00+00:00,41.9623,-88.6706,2576.25,40.617977142333984,300.223388671875,295.526611328125,97809.5625,46.11489486694336,8.322650832559342,19.62970617652319,1.0,0,EF1,CST-6,09-AUG-21 17:13:00
965446,2021-07-11T01:00:00+00:00,36.8101,-89.9985,2182.875,1.0640885829925537,300.2880859375,296.387939453125,99830.375,52.14704132080078,13.591086882898933,15.353958765653672,2.0,1,EF2,CST-6,10-JUL-21 19:18:00
969935,2021-07-08T04:00:00+00:00,32.3208,-80.6741,734.875,15.812509536743164,298.841064453125,297.16162109375,101173.0625,63.63015365600586,15.692757775937748,20.148651806485443,1.0,0,EF1,EST-5,07-JUL-21 22:44:00
956909,2021-05-18T00:00:00+00:00,32.05,-101.18,3471.25,581.257568359375,299.521728515625,289.0185546875,91850.875,38.0786018371582,5.61157643525952,13.284347922862278,2.0,1,EF2,CST-6,17-MAY-21 18:11:00
998201,2021-12-15T22:00:00+00:00,41.98,-96.61,68.0,17.875032424926758,288.65997314453125,284.6826171875,94136.5625,24.69658660888672,16.437059817051836,28.056289214931184,1.0,0,EF1,CST-6,15-DEC-21 15:51:00
999649,2021-12-15T22:00:00+00:00,42.07,-96.555,68.0,17.875032424926758,288.65997314453125,284.6826171875,94136.5625,24.69658660888672,16.437059817051836,28.056289214931184,1.0,0,EF1,CST-6,15-DEC-21 15:57:00
999647,2021-12-15T21:00:00+00:00,40.698,-96.978,1227.5625,89.70317840576172,293.4988098144531,285.94976806640625,93862.5625,22.688575744628906,18.71049457659836,28.2309099205742,2.0,1,EF2,CST-6,15-DEC-21 15:14:00
966014,2021-07-10T19:00:00+00:00,40.27,-90.5988,600.875,1.7312390804290771,293.510986328125,293.364013671875,98972.8125,53.509490966796875,6.078121519000721,13.186617627496243,0.0,0,EF0,CST-6,10-JUL-21 13:00:00
966017,2021-07-10T19:00:00+00:00,39.9355,-90.2493,1026.0,11.840614318847656,294.280517578125,294.202880859375,99172.8125,53.020233154296875,7.7007603074997775,15.51302668326197,0.0,0,EF0,CST-6,10-JUL-21 13:22:00
998216,2021-12-15T21:00:00+00:00,40.62,-97.07,1304.5625,111.84380340576172,293.7829895019531,286.28179931640625,93815.5625,22.209083557128906,19.61215883647151,29.568457872202114,2.0,1,EF2,CST-6,15-DEC-21 15:11:00
999648,2021-12-15T21:00:00+00:00,40.79,-96.91,1227.5625,89.70317840576172,293.4988098144531,285.94976806640625,93862.5625,22.688575744628906,18.71049457659836,28.2309099205742,2.0,1,EF2,CST-6,15-DEC-21 15:22:00
958229,2021-07-02T01:00:00+00:00,38.8965,-77.1174,648.5625,59.73945236206055,296.356689453125,294.927490234375,99968.4375,53.01382064819336,4.664721770272821,19.755370304717403,1.0,0,EF1,EST-5,01-JUL-21 19:59:00
995280,2021-12-16T03:00:00+00:00,44.511,-90.7491,285.65625,0.02675453945994377,288.292724609375,286.2892150878906,95284.5,30.620391845703125,19.928530813230626,34.34550735477777,2.0,1,EF2,CST-6,15-DEC-21 21:07:00
963948,2021-07-29T21:00:00+00:00,39.1811,-76.8219,1082.875,58.308815002441406,301.478759765625,294.9521484375,99916.1875,49.121543884277344,6.41429205887822,18.354668681886903,0.0,0,EF0,EST-5,29-JUL-21 16:07:00
969942,2021-07-08T03:00:00+00:00,32.3721,-81.2832,326.875,2.286895751953125,296.812255859375,296.48583984375,100916.9375,64.56047058105469,17.342965004389434,25.559084508905567,1.0,0,EF1,EST-5,07-JUL-21 21:48:00
969937,2021-07-08T04:00:00+00:00,32.3763,-80.6915,734.875,15.812509536743164,298.841064453125,297.16162109375,101173.0625,63.63015365600586,15.692757775937748,20.148651806485443,1.0,0,EF1,EST-5,07-JUL-21 22:50:00
995281,2021-12-16T03:00:00+00:00,44.5975,-90.5799,315.4375,0.10487954318523407,288.026123046875,286.1105041503906,95175.5,29.964141845703125,19.825999103029005,32.20806513561727,2.0,1,EF2,CST-6,15-DEC-21 21:16:00
980584,2021-08-09T22:00:00+00:00,42.0628,-88.8742,3585.0,46.57502365112305,301.549560546875,296.25146484375,97793.375,45.66040802001953,7.566889099185665,17.89785515183506,1.0,0,EF1,CST-6,09-AUG-21 15:44:00
1005408,2021-12-11T00:00:00+00:00,35.4747,-91.2306,1661.5625,2.5196914672851562,295.76708984375,292.4552917480469,99385.875,40.965675354003906,18.630713634801275,26.46894688944182,,0,EFU,CST-6,10-DEC-21 18:15:00
998178,2021-12-11T03:00:00+00:00,35.4077,-91.125,1202.125,41.48710632324219,294.619140625,292.08331298828125,99464.375,39.15793228149414,20.715993917953558,23.696059831436656,1.0,0,EF1,CST-6,10-DEC-21 20:30:00
964937,2021-07-07T22:00:00+00:00,30.7205,-81.5469,1155.5,57.35945129394531,298.947509765625,297.219970703125,101188.4375,59.32734680175781,14.330841351714222,15.413980020788188,1.0,0,EF1,EST-5,07-JUL-21 16:43:00
966267,2021-07-12T18:00:00+00:00,40.3391,-88.3892,1431.25,64.18116760253906,298.28125,294.052001953125,98880.75,41.92106246948242,4.9167549366836845,6.150920835138433,0.0,0,EF0,CST-6,12-JUL-21 11:30:00
998281,2021-12-15T22:00:00+00:00,40.6361,-96.1585,152.4375,50.87503433227539,292.56719970703125,285.080078125,94662.5625,27.73955535888672,21.387614268636895,39.458953595050936,2.0,1,EF2,CST-6,15-DEC-21 15:55:00
998144,2021-12-11T02:00:00+00:00,35.6324,-91.2636,1347.5,48.01639175415039,294.800048828125,292.1338806152344,99344.6875,40.16524124145508,20.7565557623859,24.954296634397718,1.0,0,EF1,CST-6,10-DEC-21 20:06:00
964039,2021-07-30T00:00:00+00:00,39.484,-85.7357,2998.875,241.15628051757812,300.18115234375,296.6708984375,98293.4375,46.72871398925781,7.341610425980537,19.32867678063848,1.0,0,EF1,EST-5,29-JUL-21 18:58:00
973158,2021-07-18T22:00:00+00:00,41.9758,-72.4474,642.75,4.453382968902588,297.0615234375,294.49462890625,99728.0625,40.13633346557617,7.2244870641804555,12.615794880874502,0.0,0,EF0,EST-5,18-JUL-21 17:11:00
967233,2021-07-03T23:00:00+00:00,42.79,-102.31,892.25,181.17576599121094,304.55419921875,287.35595703125,88521.9375,28.891603469848633,0.11548344241715591,4.5367166087436965,,0,EFU,MST-7,03-JUL-21 16:16:00
974718,2021-07-25T00:00:00+00:00,42.6699,-83.4966,1013.125,13.596404075622559,299.359375,295.332275390625,97562.3125,49.24995040893555,10.732031621823847,13.458444210437282,1.0,0,EF1,EST-5,24-JUL-21 18:54:00
964602,2021-06-19T20:00:00+00:00,39.93,-103.95,626.875,136.4690399169922,303.6298828125,283.02490234375,85119.875,27.435047149658203,0.3125518458160881,1.4696932266525529,0.0,0,EF0,MST-7,19-JUN-21 13:26:00
964041,2021-07-30T00:00:00+00:00,39.4265,-85.6784,2998.875,241.15628051757812,300.18115234375,296.6708984375,98293.4375,46.72871398925781,7.341610425980537,19.32867678063848,1.0,0,EF1,EST-5,29-JUL-21 19:14:00
973587,2021-07-29T22:00:00+00:00,40.372,-80.743,1996.625,109.45321655273438,298.32080078125,295.396240234375,97117.6875,38.853816986083984,9.344853053428917,15.710957853836437,1.0,0,EF1,EST-5,29-JUL-21 16:45:00
974721,2021-07-25T00:00:00+00:00,42.8355,-82.9075,807.375,52.643280029296875,299.962890625,294.943603515625,98016.3125,50.30952072143555,12.300323989729288,17.51660087534512,1.0,0,EF1,EST-5,24-JUL-21 18:54:00
966120,2021-08-11T19:00:00+00:00,44.6749,-88.245,3906.5,174.98562622070312,297.753173828125,294.0625,97708.0625,44.74415588378906,5.494136253992688,17.929115045567546,0.0,0,EF0,CST-6,11-AUG-21 13:14:00
964603,2021-06-19T21:00:00+00:00,39.97,-104.0,147.625,,303.309814453125,281.87060546875,85226.5,26.72026252746582,0.3209090745467004,6.486187119067114,0.0,0,EF0,MST-7,19-JUN-21 13:34:00
968046,2021-07-29T02:00:00+00:00,44.7756,-89.4464,2482.625,105.99649810791016,297.778564453125,293.566162109375,96847.25,43.848541259765625,11.7347270770191,21.53705784575153,0.0,0,EF0,CST-6,28-JUL-21 20:18:00
968047,2021-07-29T04:00:00+00:00,44.0993,-88.9387,2746.75,60.8774299621582,299.958984375,294.78857421875,98110.5,46.37301254272461,13.72693615601734,16.498224643794185,0.0,0,EF0,CST-6,28-JUL-21 22:06:00
959627,2021-07-08T08:00:00+00:00,33.8091,-80.0212,487.375,40.96883773803711,298.376220703125,296.5400390625,100819.875,59.76498794555664,16.168428993386215,19.198900237627335,0.0,0,EF0,EST-5,08-JUL-21 03:12:00
973592,2021-07-29T21:00:00+00:00,40.627,-80.995,831.0,113.0900650024414,296.838134765625,295.06689453125,97105.1875,38.454551696777344,13.179293385483602,15.056562031133394,2.0,1,EF2,EST-5,29-JUL-21 15:59:00
966482,2021-06-21T19:00:00+00:00,40.6731,-80.0643,1960.625,33.45436096191406,298.616943359375,295.088623046875,96256.125,41.88758087158203,12.68975821002417,14.96989985319542,0.0,0,EF0,EST-5,21-JUN-21 13:53:00
975919,2021-07-26T22:00:00+00:00,47.88,-95.02,661.0,361.1721496582031,300.711181640625,291.133056640625,96408.125,28.305227279663086,1.428371756534951,15.062606977117804,1.0,0,EF1,CST-6,26-JUL-21 16:13:00
975921,2021-07-26T22:00:00+00:00,47.89,-94.87,472.125,343.1565246582031,300.116943359375,290.415283203125,96680.125,28.594289779663086,1.8234166552192408,17.99379304416595,1.0,0,EF1,CST-6,26-JUL-21 16:16:00
975922,2021-07-26T22:00:00+00:00,47.78,-94.86,497.5,316.9846496582031,300.999755859375,289.910400390625,96349.125,28.465383529663086,1.3883727581085963,14.977241433880607,0.0,0,EF0,CST-6,26-JUL-21 16:23:00
966121,2021-08-11T19:00:00+00:00,44.6594,-88.3125,3906.5,174.98562622070312,297.753173828125,294.0625,97708.0625,44.74415588378906,5.494136253992688,17.929115045567546,0.0,0,EF0,CST-6,11-AUG-21 13:08:00
971624,2021-07-03T22:00:00+00:00,40.37,-102.94,69.625,206.57823181152344,304.545166015625,287.468017578125,86506.5625,29.088356018066406,0.20298455940952864,3.5669965563148263,0.0,0,EF0,MST-7,03-JUL-21 15:19:00
971625,2021-07-03T23:00:00+00:00,40.06,-103.69,138.125,,302.25146484375,286.8154296875,85860.9375,29.486330032348633,0.3872494064807586,7.246469292933734,0.0,0,EF0,MST-7,03-JUL-21 15:41:00
980728,2021-08-09T23:00:00+00:00,41.9526,-88.6043,2361.0,3.97735333442688,299.977783203125,295.990478515625,97832.5625,48.00161361694336,8.012751901137948,18.97162526969084,0.0,0,EF0,CST-6,09-AUG-21 17:26:00
966122,2021-08-08T21:00:00+00:00,43.983,-89.5544,1829.75,482.81256103515625,300.633544921875,295.228759765625,97361.25,46.16387939453125,9.41219262287907,10.023244378227263,1.0,0,EF1,CST-6,08-AUG-21 14:52:00
964031,2021-07-29T02:00:00+00:00,45.14,-89.6,2895.0,13.05899429321289,295.469970703125,293.098388671875,95835.25,46.588775634765625,9.836074791932768,22.481003153459795,1.0,0,EF1,CST-6,28-JUL-21 19:40:00
973594,2021-07-29T21:00:00+00:00,40.542,-80.908,831.0,113.0900650024414,296.838134765625,295.06689453125,97105.1875,38.454551696777344,13.179293385483602,15.056562031133394,1.0,0,EF1,EST-5,29-JUL-21 16:15:00
974722,2021-07-24T22:00:00+00:00,43.022,-83.847,1078.625,128.94882202148438,300.8544921875,295.135009765625,97927.625,51.22250747680664,11.272530950767088,20.03651269912313,1.0,0,EF1,EST-5,24-JUL-21 17:21:00
978105,2021-07-08T19:00:00+00:00,35.44,-76.34,1411.625,44.015628814697266,298.761962890625,296.867919921875,101496.0,54.65120315551758,13.672888302623361,17.21021447562687,,0,EFU,EST-5,08-JUL-21 13:53:00
964448,2021-08-03T00:00:00+00:00,29.5231,-94.5721,2530.125,87.05367279052734,301.785888671875,298.638427734375,101342.3125,54.56244659423828,3.282609725324669,5.249884339027745,0.0,0,EF0,CST-6,02-AUG-21 17:35:00
964601,2021-06-19T20:00:00+00:00,39.91,-104.02,626.875,136.4690399169922,303.6298828125,283.02490234375,85119.875,27.435047149658203,0.3125518458160881,1.4696932266525529,0.0,0,EF0,MST-7,19-JUN-21 13:17:00
966119,2021-08-10T23:00:00+00:00,44.5383,-88.5296,1912.0,487.515625,299.484619140625,297.080322265625,97911.0625,48.63522720336914,13.202702234197554,12.12010236138964,1.0,0,EF1,CST-6,10-AUG-21 16:58:00
972145,2021-08-19T01:00:00+00:00,40.525,-76.001,1433.125,0.17194899916648865,297.71875,295.940185546875,99086.625,62.49415588378906,15.508603030766967,15.738362529444998,1.0,0,EF1,EST-5,18-AUG-21 20:15:00
967140,2021-07-29T22:00:00+00:00,40.4295,-76.3523,1194.0,182.42196655273438,296.62548828125,294.648681640625,97768.6875,36.314754486083984,10.10379999949624,14.199576890433516,0.0,0,EF0,EST-5,29-JUL-21 16:34:00
974720,2021-07-24T21:00:00+00:00,44.039,-82.969,1259.875,50.250003814697266,296.168701171875,294.977294921875,98448.625,54.69469451904297,13.52715407887982,18.217027158371078,0.0,0,EF0,EST-5,24-JUL-21 15:36:00
963336,2021-07-29T03:00:00+00:00,45.0818,-92.4822,2744.625,716.204833984375,299.132080078125,296.383544921875,97356.6875,50.1767578125,12.644735878901146,18.546919227337323,1.0,0,EF1,CST-6,28-JUL-21 20:48:00
972153,2021-08-19T04:00:00+00:00,40.3085,-75.3008,1736.0,0.7203300595283508,297.76318359375,296.143310546875,100264.75,60.519630432128906,13.783375859242009,13.443422107927839,1.0,0,EF1,EST-5,18-AUG-21 23:29:00
973520,2021-07-13T21:00:00+00:00,39.8181,-111.8627,0.0,,306.78857421875,278.519287109375,80713.0625,17.077377319335938,0.5140129954826159,2.4569854955143033,,0,EFU,MST-7,13-JUL-21 13:40:00
973526,2021-07-14T23:00:00+00:00,39.3491,-110.9613,539.875,72.01564025878906,299.621337890625,282.22998046875,79336.3125,20.742650985717773,0.20824628957605615,3.8439466116605305,,0,EFU,MST-7,14-JUL-21 16:15:00
973550,2021-07-29T17:00:00+00:00,41.499,-79.795,746.125,55.93766403198242,296.0205078125,293.948486328125,96013.6875,39.95761489868164,11.71675418743692,21.20802833371597,0.0,0,EF0,EST-5,29-JUL-21 11:55:00
967141,2021-07-29T22:00:00+00:00,40.4803,-78.8383,374.25,18.921966552734375,296.41162109375,292.760498046875,94620.6875,30.513973236083984,8.056051673548703,16.349871589619593,0.0,0,EF0,EST-5,29-JUL-21 17:10:00
974495,2021-07-29T00:00:00+00:00,41.2392,-111.9817,152.5,,304.0556640625,285.865966796875,84494.625,31.357402801513672,0.30161273286923557,1.1991997434292754,,0,EFU,MST-7,28-JUL-21 16:30:00
973551,2021-07-29T21:00:00+00:00,40.617,-79.096,1632.75,38.730690002441406,296.649658203125,293.44140625,95366.1875,36.098106384277344,8.70334091585511,12.463025209795088,0.0,0,EF0,EST-5,29-JUL-21 16:20:00
976743,2021-07-08T23:00:00+00:00,36.66,-76.72,343.625,16.79026222229004,296.89404296875,295.23876953125,100467.125,63.132774353027344,20.49329195160193,19.092744426793242,0.0,0,EF0,EST-5,08-JUL-21 18:04:00
976748,2021-07-08T23:00:00+00:00,36.77,-76.61,396.75,2.58713698387146,297.05224609375,295.33544921875,100671.125,62.613243103027344,20.82037279152331,21.70261103397841,0.0,0,EF0,EST-5,08-JUL-21 18:16:00
976763,2021-07-09T00:00:00+00:00,36.98,-76.61,221.25,7.681632041931152,297.211669921875,295.609375,100539.9375,62.7903938293457,19.710533297311358,12.767069031269349,0.0,0,EF0,EST-5,08-JUL-21 18:31:00
973552,2021-07-29T22:00:00+00:00,39.962,-80.516,1950.75,72.54696655273438,297.13134765625,295.094482421875,96935.6875,40.714168548583984,8.046122213710628,14.80780999343464,1.0,0,EF1,EST-5,29-JUL-21 17:00:00
973586,2021-07-29T21:00:00+00:00,40.19,-81.01,756.0,50.949440002441406,297.018798828125,295.779296875,97249.1875,40.225059509277344,12.88076325487086,15.596843043908228,2.0,1,EF2,EST-5,29-JUL-21 15:50:00
972121,2021-08-19T07:00:00+00:00,40.902,-74.533,1224.375,0.7968936562538147,296.966552734375,295.660888671875,98845.6875,56.420677185058594,15.89324614482181,14.899840342150755,0.0,0,EF0,EST-5,19-AUG-21 01:38:00
973556,2021-07-29T18:00:00+00:00,40.1061,-79.454,923.75,268.6250305175781,298.184814453125,291.388671875,95773.0,42.085304260253906,10.275271214201883,18.811943222459462,1.0,0,EF1,EST-5,29-JUL-21 12:54:00
971583,2021-07-14T23:00:00+00:00,43.0951,-92.9656,965.375,31.20313835144043,295.722900390625,294.24853515625,97303.3125,51.903785705566406,7.747950193841648,20.832097730082374,1.0,0,EF1,CST-6,14-JUL-21 16:34:00
972152,2021-08-19T04:00:00+00:00,40.284,-75.322,1736.0,0.7203300595283508,297.76318359375,296.143310546875,100264.75,60.519630432128906,13.783375859242009,13.443422107927839,1.0,0,EF1,EST-5,18-AUG-21 23:25:00
970275,2021-07-18T00:00:00+00:00,37.2,-97.4,502.625,103.89063262939453,303.33837890625,294.23681640625,97066.5625,40.475975036621094,1.2733627371816045,5.60804350492361,0.0,0,EF0,CST-6,17-JUL-21 18:27:00
973558,2021-07-29T18:00:00+00:00,40.094,-79.397,923.75,268.6250305175781,298.184814453125,291.388671875,95773.0,42.085304260253906,10.275271214201883,18.811943222459462,1.0,0,EF1,EST-5,29-JUL-21 13:00:00
971584,2021-07-15T00:00:00+00:00,42.64,-91.9494,1279.625,49.640628814697266,297.56396484375,294.927734375,97380.0,48.11349868774414,13.134966657411553,19.532130162531246,0.0,0,EF0,CST-6,14-JUL-21 17:44:00
979425,2021-08-09T20:00:00+00:00,42.5579,-88.9093,2126.875,7.718760013580322,298.669677734375,295.329345703125,97765.8125,49.810115814208984,9.913201059093995,13.851055396181989,0.0,0,EF0,CST-6,09-AUG-21 13:52:00
979968,2021-08-11T23:00:00+00:00,42.8982,-90.2904,5207.5,172.8436737060547,302.795654296875,296.901123046875,97022.875,44.00544738769531,10.871520170344732,19.391992711624624,0.0,0,EF0,CST-6,11-AUG-21 17:08:00
979980,2021-08-11T23:00:00+00:00,42.8748,-90.1129,5904.5,97.89054107666016,302.322021484375,297.338623046875,97065.875,49.38825988769531,11.137823894972762,19.37614342298843,0.0,0,EF0,CST-6,11-AUG-21 17:12:00
964032,2021-07-29T02:00:00+00:00,45.1197,-89.5972,2706.625,26.10586929321289,296.534423828125,293.301513671875,96279.25,45.437408447265625,10.834383521144257,22.255301014985577,1.0,0,EF1,CST-6,28-JUL-21 19:42:00
972541,2021-07-14T22:00:00+00:00,42.6869,-92.5544,1310.875,33.06529235839844,299.0087890625,295.20751953125,97602.375,47.197235107421875,6.006937297513255,19.671577238393326,2.0,1,EF2,CST-6,14-JUL-21 16:21:00
981122,2021-08-27T23:00:00+00:00,42.9635,-92.8968,3357.5,294.7730407714844,297.8046875,295.974853515625,97218.25,47.575382232666016,13.412076623569632,17.933845935924097,1.0,0,EF1,CST-6,27-AUG-21 16:57:00
982541,2021-08-11T19:00:00+00:00,40.7737,-84.3971,2485.625,633.6731567382812,302.166259765625,296.197265625,98481.0625,45.65333557128906,9.395192592046241,16.199490645940287,0.0,0,EF0,EST-5,11-AUG-21 14:02:00
972548,2021-07-14T23:00:00+00:00,43.0161,-93.1662,841.625,18.15626335144043,295.514892578125,293.98681640625,97063.3125,50.223121643066406,6.485444424898468,20.695719245735443,0.0,0,EF0,CST-6,14-JUL-21 16:52:00
972550,2021-07-14T23:00:00+00:00,42.7088,-92.1195,1002.5,49.67189025878906,298.393798828125,294.56884765625,97390.3125,46.161598205566406,10.222796392117706,17.819210721127313,0.0,0,EF0,CST-6,14-JUL-21 17:12:00
995282,2021-12-16T03:00:00+00:00,44.7667,-90.6642,307.40625,0.08925454318523407,288.134521484375,286.2667541503906,94979.5,29.983673095703125,19.534778840445917,30.134437186126338,1.0,0,EF1,CST-6,15-DEC-21 21:22:00
972469,2021-08-23T01:00:00+00:00,45.22,-97.55,178.625,29.096452713012695,294.859619140625,290.78070068359375,94346.4375,27.615264892578125,9.450810056857868,21.371144409468723,0.0,0,EF0,CST-6,22-AUG-21 18:55:00
967490,2021-06-25T02:00:00+00:00,40.1572,-93.6045,1186.25,82.68278503417969,298.2333984375,296.48974609375,97628.5,64.31321716308594,6.217340665977815,25.277667597246495,0.0,0,EF0,CST-6,24-JUN-21 20:13:00
964925,2021-07-07T00:00:00+00:00,48.038,-108.84,520.875,15.484565734863281,298.93701171875,287.798828125,90649.6875,27.77199935913086,0.9106806035926591,12.246439050563088,,0,EFU,MST-7,06-JUL-21 17:11:00
972511,2021-07-14T21:00:00+00:00,42.2768,-93.9128,2288.875,54.67190933227539,301.0283203125,295.334228515625,97374.4375,47.12144470214844,6.772129386334411,17.538390332579144,0.0,0,EF0,CST-6,14-JUL-21 15:05:00
972520,2021-07-14T22:00:00+00:00,42.295,-94.3519,2947.5,50.98716735839844,298.8935546875,296.15869140625,97188.375,51.156219482421875,3.8237848952450637,17.826938534747303,,0,EFU,CST-6,14-JUL-21 15:46:00
960302,2021-07-13T20:00:00+00:00,35.32,-106.06,130.5,,300.60888671875,282.477294921875,80594.4375,19.164186477661133,0.08547427664175052,1.0800669049285783,0.0,0,EF0,MST-7,13-JUL-21 12:35:00
982956,2021-08-10T00:00:00+00:00,48.45,-98.99,1090.25,34.53647994995117,291.281494140625,290.87158203125,95389.1875,42.016117095947266,4.799153833162825,19.03915260859974,1.0,0,EF1,CST-6,09-AUG-21 18:16:00
983103,2021-08-10T02:00:00+00:00,47.67,-97.87,1848.375,187.849609375,293.01708984375,291.43017578125,96150.875,44.351951599121094,5.645664988554537,14.48451809080727,2.0,1,EF2,CST-6,09-AUG-21 20:20:00
972425,2021-07-29T06:00:00+00:00,43.1208,-88.6687,2652.625,408.8125305175781,300.80322265625,296.60693359375,98103.625,43.971397399902344,13.360389287828024,13.62881556041193,1.0,0,EF1,CST-6,29-JUL-21 00:07:00
973876,2021-07-29T06:00:00+00:00,43.0129,-88.5417,2808.75,371.8750305175781,300.43603515625,296.5556640625,97952.625,44.903038024902344,13.548666732912924,13.442833068631156,1.0,0,EF1,CST-6,29-JUL-21 00:24:00
973881,2021-07-29T06:00:00+00:00,43.0358,-88.4904,2808.75,371.8750305175781,300.43603515625,296.5556640625,97952.625,44.903038024902344,13.548666732912924,13.442833068631156,1.0,0,EF1,CST-6,29-JUL-21 00:26:00
967499,2021-06-25T02:00:00+00:00,40.1712,-93.519,1186.25,82.68278503417969,298.2333984375,296.48974609375,97628.5,64.31321716308594,6.217340665977815,25.277667597246495,0.0,0,EF0,CST-6,24-JUN-21 20:17:00
976867,2021-07-11T00:00:00+00:00,36.088,-96.72,3035.25,113.767578125,303.466796875,296.34716796875,97807.5,54.56204605102539,9.812342567186818,15.395987928270342,1.0,0,EF1,CST-6,10-JUL-21 18:25:00
955739,2021-06-19T01:00:00+00:00,39.0868,-84.8072,1570.375,64.65634155273438,299.619384765625,295.8759765625,98659.5625,52.47233581542969,12.212981877221335,13.801367260020346,1.0,0,EF1,EST-5,18-JUN-21 20:09:00
972496,2021-07-14T21:00:00+00:00,42.2605,-94.7834,2357.125,46.42190933227539,301.2216796875,294.765380859375,97015.4375,48.68980407714844,5.377523405687634,18.371447945953925,3.0,1,EF3,CST-6,14-JUL-21 14:52:00
983158,2021-08-10T03:00:00+00:00,47.76,-97.67,1858.375,176.10086059570312,292.865966796875,291.313720703125,96229.875,44.41288375854492,7.254750323627965,17.190183632762768,1.0,0,EF1,CST-6,09-AUG-21 20:42:00
975879,2021-08-07T21:00:00+00:00,43.1305,-90.7199,688.25,349.78485107421875,300.222412109375,294.57177734375,97596.625,41.757667541503906,5.9705183189226005,11.72655065133241,3.0,1,EF3,CST-6,07-AUG-21 15:29:00
972518,2021-07-14T21:00:00+00:00,42.3179,-93.7623,2426.125,59.51565933227539,300.8046875,295.411865234375,97434.4375,46.55015563964844,6.009445526171434,16.848173747408364,1.0,0,EF1,CST-6,14-JUL-21 15:21:00
983203,2021-08-10T04:00:00+00:00,47.86,-96.85,2159.25,282.3949279785156,294.51904296875,291.81005859375,97474.875,47.793785095214844,10.087189179164668,11.61154698648422,1.0,0,EF1,CST-6,09-AUG-21 21:55:00
983204,2021-08-10T04:00:00+00:00,47.89,-96.73,2026.0,230.73867797851562,294.40966796875,291.43896484375,97463.875,46.560386657714844,9.71381577994771,12.061845243798162,0.0,0,EF0,CST-6,09-AUG-21 22:05:00
967504,2021-06-25T02:00:00+00:00,40.056,-93.4581,1546.9375,38.04215621948242,298.32421875,296.5859375,97934.5,64.52220153808594,9.515471911209449,29.69051404092629,1.0,0,EF1,CST-6,24-JUN-21 20:18:00
970778,2021-07-29T06:00:00+00:00,43.1136,-89.6289,1955.0,451.1094055175781,301.00732421875,296.4541015625,97753.625,40.619834899902344,13.283610901979133,13.024603210212941,1.0,0,EF1,CST-6,28-JUL-21 23:41:00
972527,2021-07-14T22:00:00+00:00,42.486,-95.0992,2249.5,87.78404235839844,295.7841796875,294.15869140625,96687.375,48.707977294921875,4.820402183852743,14.620014339348819,,0,EFU,CST-6,14-JUL-21 16:11:00
954125,2021-04-29T00:00:00+00:00,36.3642,-88.2582,2347.125,53.794456481933594,295.7705078125,293.95709228515625,99558.1875,45.47215270996094,7.328894036018271,15.564139057959972,1.0,0,EF1,CST-6,28-APR-21 17:53:00
977407,2021-07-06T20:00:00+00:00,37.88,-102.69,1082.25,149.93751525878906,305.2666015625,287.004638671875,87133.5,35.77125549316406,0.13176880651662423,0.6429047588202979,,0,EFU,MST-7,06-JUL-21 13:14:00
983236,2021-08-20T21:00:00+00:00,47.107,-97.3108,1022.125,163.9341583251953,298.7861328125,294.56298828125,96588.25,45.39627456665039,13.200402653992505,15.778871041270847,0.0,0,EF0,CST-6,20-AUG-21 15:18:00
951902,2021-03-25T21:00:00+00:00,34.506,-81.723,568.5,288.7750244140625,297.365966796875,289.45880126953125,99569.1875,37.899784088134766,10.54938793037242,21.987191444918615,0.0,0,EF0,EST-5,25-MAR-21 15:59:00
973885,2021-07-29T07:00:00+00:00,42.985,-88.3078,2454.875,619.1406860351562,300.360107421875,296.12744140625,98002.625,44.23757553100586,13.466152160734872,13.102109535844642,1.0,0,EF1,CST-6,29-JUL-21 00:38:00
965375,2021-07-29T21:00:00+00:00,39.5778,-83.2372,882.625,119.1681900024414,302.686767578125,295.3583984375,98148.1875,48.057090759277344,7.667102763255219,16.24975459072924,0.0,0,EF0,EST-5,29-JUL-21 16:20:00
970744,2021-07-29T05:00:00+00:00,43.4968,-89.489,2577.625,155.04928588867188,300.824462890625,296.136962890625,97837.8125,42.65919876098633,14.618523404591372,14.150501941194202,1.0,0,EF1,CST-6,28-JUL-21 23:10:00
972738,2021-07-15T00:00:00+00:00,42.1661,-92.3193,1063.625,356.78125,301.14404296875,294.658203125,97869.0,42.75510025024414,13.427639114430086,16.12312626247476,1.0,0,EF1,CST-6,14-JUL-21 18:05:00
973874,2021-07-29T06:00:00+00:00,43.0154,-88.5471,2808.75,371.8750305175781,300.43603515625,296.5556640625,97952.625,44.903038024902344,13.548666732912924,13.442833068631156,1.0,0,EF1,CST-6,29-JUL-21 00:23:00
972744,2021-08-09T04:00:00+00:00,42.4292,-94.2684,1904.75,56.92195129394531,295.026611328125,293.9453125,96638.9375,42.663177490234375,7.954772165397121,12.64435111934707,,0,EFU,CST-6,08-AUG-21 22:00:00
972745,2021-08-09T04:00:00+00:00,42.3844,-94.1794,1958.75,123.75007629394531,296.852783203125,294.15234375,96761.9375,40.885833740234375,8.087410747812742,13.962696945088132,,0,EFU,CST-6,08-AUG-21 22:19:00
972746,2021-08-09T05:00:00+00:00,42.3149,-94.2042,1816.625,85.1090316772461,295.983642578125,294.06103515625,96746.125,39.494384765625,8.44582327379626,14.70212565167198,,0,EFU,CST-6,08-AUG-21 22:47:00
968338,2021-07-09T00:00:00+00:00,43.3,-75.39,471.625,8.275382041931152,293.011474609375,291.2763671875,98083.9375,46.9007453918457,10.891728917712951,15.041004892019439,1.0,0,EF1,EST-5,08-JUL-21 18:30:00
973883,2021-07-29T07:00:00+00:00,43.0306,-88.3464,2454.875,619.1406860351562,300.360107421875,296.12744140625,98002.625,44.23757553100586,13.466152160734872,13.102109535844642,0.0,0,EF0,CST-6,29-JUL-21 00:32:00
972532,2021-07-14T22:00:00+00:00,42.6877,-92.6161,1310.875,33.06529235839844,299.0087890625,295.20751953125,97602.375,47.197235107421875,6.006937297513255,19.671577238393326,1.0,0,EF1,CST-6,14-JUL-21 16:16:00
972747,2021-08-09T05:00:00+00:00,42.2877,-94.1444,1816.625,85.1090316772461,295.983642578125,294.06103515625,96746.125,39.494384765625,8.44582327379626,14.70212565167198,,0,EFU,CST-6,08-AUG-21 23:02:00
972749,2021-08-09T05:00:00+00:00,42.274,-94.1342,1816.625,85.1090316772461,295.983642578125,294.06103515625,96746.125,39.494384765625,8.44582327379626,14.70212565167198,,0,EFU,CST-6,08-AUG-21 23:06:00
970138,2021-08-17T10:00:00+00:00,32.9429,-83.3521,283.25,0.0943303257226944,297.20947265625,296.4462890625,99714.5,62.86811828613281,13.689144659837432,17.463233325371334,0.0,0,EF0,EST-5,17-AUG-21 05:27:00
970139,2021-08-17T11:00:00+00:00,32.954,-83.366,162.75,2.718787431716919,297.4873046875,296.4248046875,99691.25,61.59079360961914,12.555107767805975,20.320508825049558,0.0,0,EF0,EST-5,17-AUG-21 05:30:00
962290,2021-07-23T21:00:00+00:00,35.3,-106.58,1359.5,99.54691314697266,302.225341796875,287.715087890625,81951.625,28.151123046875,0.2932613289776908,0.6122441492536744,0.0,0,EF0,MST-7,23-JUL-21 13:30:00
955722,2021-06-19T01:00:00+00:00,39.1663,-85.1963,2291.875,100.92196655273438,299.496337890625,295.4208984375,97985.5625,52.79362487792969,12.557680163643138,16.60104775173828,1.0,0,EF1,EST-5,18-JUN-21 19:51:00
972543,2021-07-14T23:00:00+00:00,42.4174,-94.9087,1139.875,76.89064025878906,295.823486328125,293.90576171875,96741.3125,46.623512268066406,4.940096994788432,12.498361610886429,,0,EFU,CST-6,14-JUL-21 16:35:00
970779,2021-07-29T06:00:00+00:00,43.3557,-89.05,2456.125,335.9687805175781,301.01123046875,296.5712890625,98040.625,43.638389587402344,13.78555362626263,13.946535928280037,0.0,0,EF0,CST-6,28-JUL-21 23:41:00
972758,2021-08-21T01:00:00+00:00,42.5925,-94.6291,2078.375,28.343807220458984,298.90283203125,296.106689453125,96485.125,50.85966491699219,9.426191472701852,14.308486112154892,,0,EFU,CST-6,20-AUG-21 19:03:00
970141,2021-08-17T09:00:00+00:00,33.1523,-84.7178,390.125,0.6726663112640381,296.13671875,295.5556640625,97990.8125,55.92489242553711,16.5263639091782,15.353379624686655,0.0,0,EF0,EST-5,17-AUG-21 03:34:00
970144,2021-08-17T10:00:00+00:00,32.6123,-83.3609,10.375,6.359955310821533,297.48486328125,296.716796875,99937.5,60.30464172363281,13.645131666246582,18.373708986084026,0.0,0,EF0,EST-5,17-AUG-21 04:47:00
984376,2021-08-11T19:00:00+00:00,40.8405,-84.5042,2485.625,633.6731567382812,302.166259765625,296.197265625,98481.0625,45.65333557128906,9.395192592046241,16.199490645940287,,0,EFU,EST-5,11-AUG-21 13:49:00
970771,2021-07-29T06:00:00+00:00,43.1616,-89.6873,1592.75,486.2500305175781,300.83642578125,296.2265625,97635.625,41.536827087402344,13.724910979062324,12.614659128661582,0.0,0,EF0,CST-6,28-JUL-21 23:41:00
972523,2021-07-14T22:00:00+00:00,42.7219,-92.7616,1687.875,6.877793312072754,298.8330078125,295.25146484375,97539.375,49.271453857421875,6.106315273117746,19.729550121754276,,0,EFU,CST-6,14-JUL-21 15:57:00
995283,2021-12-16T03:00:00+00:00,44.9712,-90.9228,229.0,0.4798795282840729,287.911865234375,286.0577697753906,94850.5,29.574493408203125,20.040950059620325,26.79699691720066,2.0,1,EF2,CST-6,15-DEC-21 21:22:00
972759,2021-08-21T01:00:00+00:00,42.7365,-94.3464,1720.625,26.984432220458984,298.76220703125,296.270751953125,96560.125,51.30888366699219,9.723547614257322,15.349413909099098,,0,EFU,CST-6,20-AUG-21 19:19:00
972760,2021-08-21T02:00:00+00:00,42.7606,-93.9139,2030.125,18.01581382751465,298.142822265625,295.97314453125,96659.3125,53.364463806152344,10.079047352246745,11.078945430611421,0.0,0,EF0,CST-6,20-AUG-21 20:05:00
970151,2021-08-17T10:00:00+00:00,33.5824,-83.2554,545.125,0.2662053406238556,297.05615234375,295.9716796875,99257.5,61.25386047363281,13.408396680395514,16.40178020916228,1.0,0,EF1,EST-5,17-AUG-21 05:24:00
973341,2021-08-10T00:00:00+00:00,41.47,-89.3,4671.75,30.098979949951172,301.812744140625,297.46337890625,98437.1875,48.868656158447266,8.83123960064195,16.59554590431025,1.0,0,EF1,CST-6,09-AUG-21 17:57:00
973342,2021-08-10T00:00:00+00:00,41.41,-89.55,5428.0,66.69273376464844,302.384033203125,297.42333984375,98419.1875,46.661624908447266,8.633805156637914,17.01641089786038,,0,EFU,CST-6,09-AUG-21 18:24:00
970163,2021-08-17T12:00:00+00:00,34.1387,-83.2653,900.25,0.15626260638237,296.750732421875,295.875732421875,98708.25,58.898223876953125,13.049577640483303,16.901584361696425,1.0,0,EF1,EST-5,17-AUG-21 07:20:00
955330,2021-06-19T01:00:00+00:00,39.59,-84.458,2604.625,88.48446655273438,299.118408203125,295.5634765625,98239.5625,53.39811706542969,10.241871930390024,14.584441656696818,0.0,0,EF0,EST-5,18-JUN-21 19:41:00
972770,2021-08-27T22:00:00+00:00,43.0639,-93.4134,2730.75,235.44476318359375,296.024169921875,295.1201171875,96849.3125,48.289649963378906,14.168248824087245,16.259153702450075,0.0,0,EF0,CST-6,27-AUG-21 16:06:00
970167,2021-08-17T05:00:00+00:00,32.0775,-84.2087,344.5,0.048587627708911896,297.67041015625,296.746337890625,99637.125,61.60145950317383,18.293497749787367,25.609522952622466,1.0,0,EF1,EST-5,17-AUG-21 00:25:00
970170,2021-08-17T14:00:00+00:00,34.333,-83.4161,476.375,0.9242281317710876,296.934326171875,296.1982421875,98138.5625,59.13600540161133,14.608968914929436,22.046911004137108,1.0,0,EF1,EST-5,17-AUG-21 09:24:00
970915,2021-07-29T06:00:00+00:00,43.0759,-89.5869,1955.0,451.1094055175781,301.00732421875,296.4541015625,97753.625,40.619834899902344,13.283610901979133,13.024603210212941,1.0,0,EF1,CST-6,28-JUL-21 23:47:00
967473,2021-06-11T19:00:00+00:00,39.2434,-94.2713,2464.125,455.7886962890625,304.95947265625,295.2055969238281,97810.3125,40.89552688598633,1.9560991696853047,11.190760954471775,0.0,0,EF0,CST-6,11-JUN-21 13:29:00
970780,2021-07-29T06:00:00+00:00,43.0448,-89.5538,1955.0,451.1094055175781,301.00732421875,296.4541015625,97753.625,40.619834899902344,13.283610901979133,13.024603210212941,0.0,0,EF0,CST-6,28-JUL-21 23:48:00
972772,2021-08-27T23:00:00+00:00,42.9474,-93.1152,3357.5,294.7730407714844,297.8046875,295.974853515625,97218.25,47.575382232666016,13.412076623569632,17.933845935924097,,0,EFU,CST-6,27-AUG-21 16:35:00
979232,2021-08-11T19:00:00+00:00,43.8562,-90.6415,3120.25,142.87625122070312,303.307373046875,295.5029296875,96584.0625,46.22071838378906,8.603224604268622,15.77581854848884,1.0,0,EF1,CST-6,11-AUG-21 12:45:00
979234,2021-08-11T19:00:00+00:00,43.8608,-90.5112,3052.625,177.25125122070312,303.112548828125,295.6767578125,96570.0625,46.11817932128906,8.330905163325697,14.83020198533675,1.0,0,EF1,CST-6,11-AUG-21 12:55:00
982539,2021-08-11T19:00:00+00:00,41.6664,-84.3284,3212.125,333.5168762207031,300.906494140625,295.1083984375,98172.0625,46.75880432128906,5.910326100496994,10.882280025421649,1.0,0,EF1,EST-5,11-AUG-21 13:40:00
982540,2021-08-11T19:00:00+00:00,40.7749,-84.4121,2485.625,633.6731567382812,302.166259765625,296.197265625,98481.0625,45.65333557128906,9.395192592046241,16.199490645940287,,0,EFU,EST-5,11-AUG-21 14:00:00
981117,2021-08-27T23:00:00+00:00,42.9667,-92.9924,3357.5,294.7730407714844,297.8046875,295.974853515625,97218.25,47.575382232666016,13.412076623569632,17.933845935924097,0.0,0,EF0,CST-6,27-AUG-21 16:51:00
972411,2021-07-29T06:00:00+00:00,43.1751,-88.8024,2578.75,280.8437805175781,300.60595703125,296.54736328125,97973.625,44.578819274902344,13.8994230993892,14.363919371752091,0.0,0,EF0,CST-6,29-JUL-21 00:05:00
972418,2021-07-29T06:00:00+00:00,43.1155,-88.7444,2652.625,408.8125305175781,300.80322265625,296.60693359375,98103.625,43.971397399902344,13.360389287828024,13.62881556041193,0.0,0,EF0,CST-6,29-JUL-21 00:07:00
995004,2021-12-16T01:00:00+00:00,43.5142,-93.0493,214.75,2.229215621948242,290.10589599609375,287.49847412109375,94541.0,28.72261619567871,18.010663095968905,28.779585383936812,0.0,0,EF0,CST-6,15-DEC-21 19:11:00
995010,2021-12-16T02:00:00+00:00,43.7419,-92.4836,274.53125,3.1884920597076416,289.618408203125,287.233154296875,94243.875,29.830596923828125,20.047061455864412,32.78687554046392,1.0,0,EF1,CST-6,15-DEC-21 19:37:00
995015,2021-12-16T02:00:00+00:00,43.8184,-91.9031,257.59375,13.188491821289062,289.971923828125,287.127685546875,94794.875,30.715362548828125,20.332976807869557,35.7780135969663,1.0,0,EF1,CST-6,15-DEC-21 20:01:00
977294,2021-08-19T14:00:00+00:00,42.0241,-71.8627,627.875,0.3198939263820648,296.782470703125,295.987060546875,99710.25,61.1718635559082,14.448509303533445,17.370668684279945,0.0,0,EF0,EST-5,19-AUG-21 09:21:00
945111,2021-03-17T22:00:00+00:00,33.6619,-86.8534,613.875,4.609769344329834,293.490966796875,291.525146484375,98522.6875,39.78874206542969,17.202738770212466,19.75882846317694,0.0,0,EF0,CST-6,17-MAR-21 15:56:00
993721,2021-12-16T01:00:00+00:00,42.557,-93.2049,323.65625,13.682340621948242,290.90765380859375,287.26605224609375,94920.0,29.78706932067871,21.090227889910434,32.206545884252,1.0,0,EF1,CST-6,15-DEC-21 18:32:00
993723,2021-12-16T00:00:00+00:00,42.8998,-93.7488,23.375,3.913991928100586,289.8172607421875,287.79388427734375,94672.5,24.17629623413086,18.404903471009188,28.729224441249617,,0,EFU,CST-6,15-DEC-21 18:28:00
993726,2021-12-16T01:00:00+00:00,42.8225,-93.2513,270.84375,10.072965621948242,290.70550537109375,287.37542724609375,94799.0,30.26851463317871,20.282860447416592,31.59894238614198,1.0,0,EF1,CST-6,15-DEC-21 18:38:00
993727,2021-12-16T01:00:00+00:00,42.7153,-93.114,154.5,8.088590621948242,291.07659912109375,287.34710693359375,95166.0,30.86910057067871,20.67336490319656,33.82204623845576,2.0,1,EF2,CST-6,15-DEC-21 18:40:00
993728,2021-12-16T01:00:00+00:00,42.9664,-93.1375,198.71875,7.510465621948242,290.55706787109375,287.45550537109375,94725.0,30.60249900817871,19.54246580273624,30.585564303358534,0.0,0,EF0,CST-6,15-DEC-21 18:44:00
993729,2021-12-16T01:00:00+00:00,43.2076,-93.0698,208.125,5.744840621948242,290.35394287109375,287.48480224609375,94822.0,30.04195213317871,18.868619411548384,30.604032173853728,0.0,0,EF0,CST-6,15-DEC-21 18:54:00
993730,2021-12-16T01:00:00+00:00,43.3432,-93.2481,210.4375,5.682340621948242,290.22113037109375,287.46917724609375,94530.0,30.06050682067871,18.772501621523862,29.28498767514854,0.0,0,EF0,CST-6,15-DEC-21 18:58:00
993736,2021-12-16T01:00:00+00:00,41.6317,-93.0505,297.40625,10.541715621948242,293.10296630859375,287.02386474609375,96273.0,29.69429588317871,22.9400711514525,35.63760421803569,0.0,0,EF0,CST-6,15-DEC-21 19:01:00
994936,2021-12-16T01:00:00+00:00,43.4643,-93.6889,274.125,0.10421568155288696,289.77972412109375,287.49359130859375,94395.0,29.87203025817871,17.431038250715133,25.15358549164113,1.0,0,EF1,CST-6,15-DEC-21 18:48:00
994937,2021-12-16T01:00:00+00:00,42.8866,-92.9117,154.5,8.088590621948242,291.07659912109375,287.34710693359375,95166.0,30.86910057067871,20.67336490319656,33.82204623845576,0.0,0,EF0,CST-6,15-DEC-21 18:53:00
994938,2021-12-16T01:00:00+00:00,43.4877,-93.0627,214.75,2.229215621948242,290.10589599609375,287.49847412109375,94541.0,28.72261619567871,18.010663095968905,28.779585383936812,,0,EFU,CST-6,15-DEC-21 19:09:00
990029,2021-11-13T21:00:00+00:00,40.7868,-72.9423,2.8125,,284.79248046875,281.168212890625,100067.375,15.68031120300293,7.3889978293595,17.288239522208816,0.0,0,EF0,EST-5,13-NOV-21 15:40:00
994814,2021-12-30T22:00:00+00:00,31.69,-82.73,615.9375,89.75238800048828,295.87384033203125,293.0927734375,100500.0625,39.072994232177734,14.55258497967935,14.078408716200615,1.0,0,EF1,EST-5,30-DEC-21 16:32:00
945125,2021-03-18T02:00:00+00:00,32.6004,-86.6099,636.375,63.735965728759766,293.385986328125,290.9878845214844,99998.0,40.17407989501953,14.256417466112353,18.361981459336906,0.0,0,EF0,CST-6,17-MAR-21 19:35:00
945132,2021-03-18T04:00:00+00:00,32.1279,-86.0797,322.25,157.98672485351562,293.26513671875,291.59320068359375,99718.8125,31.72797393798828,13.955091101596318,16.844624767692434,0.0,0,EF0,CST-6,17-MAR-21 21:43:00
980673,2021-09-08T22:00:00+00:00,40.7586,-77.0062,322.3125,,298.656982421875,291.030517578125,97924.125,39.212425231933594,7.367762071699762,15.55458803455041,1.0,0,EF1,EST-5,08-SEP-21 16:32:00
990092,2021-11-13T21:00:00+00:00,40.8086,-72.6949,21.6875,,285.64013671875,281.945556640625,100076.375,16.64320182800293,8.07690074155188,15.322356477832829,0.0,0,EF0,EST-5,13-NOV-21 15:53:00
990113,2021-11-13T21:00:00+00:00,40.8513,-72.5341,190.09375,24.062511444091797,285.83154296875,283.461181640625,100092.375,17.69984245300293,9.18678036294576,15.50988506348377,0.0,0,EF0,EST-5,13-NOV-21 16:08:00
949643,2021-03-28T03:00:00+00:00,33.6655,-91.8083,1130.5625,1.4375077486038208,293.89794921875,292.019287109375,100317.625,46.1292724609375,12.816662623128838,24.292440769512055,2.0,1,EF2,CST-6,27-MAR-21 21:22:00
948238,2021-03-26T02:00:00+00:00,32.838,-86.46,1490.125,83.6419448852539,295.971435546875,293.8803405761719,99247.9375,41.09800720214844,16.369849707026447,26.09016534496615,2.0,1,EF2,CST-6,25-MAR-21 20:10:00
991388,2021-12-15T20:00:00+00:00,40.6662,-98.2789,849.6875,42.48539352416992,293.4275207519531,282.56634521484375,92256.8125,21.20083236694336,17.86760079770365,25.297769876487333,0.0,0,EF0,CST-6,15-DEC-21 14:03:00
991390,2021-12-15T20:00:00+00:00,40.698,-98.231,849.6875,42.48539352416992,293.4275207519531,282.56634521484375,92256.8125,21.20083236694336,17.86760079770365,25.297769876487333,0.0,0,EF0,CST-6,15-DEC-21 14:06:00
991389,2021-12-15T20:00:00+00:00,40.6663,-98.2782,849.6875,42.48539352416992,293.4275207519531,282.56634521484375,92256.8125,21.20083236694336,17.86760079770365,25.297769876487333,0.0,0,EF0,CST-6,15-DEC-21 14:04:00
948793,2021-03-31T08:00:00+00:00,34.0606,-87.9958,1195.5,0.2969278395175934,293.235107421875,292.09710693359375,99625.375,41.0101318359375,16.928796881427406,19.051027207916004,0.0,0,EF0,CST-6,31-MAR-21 01:31:00
961142,2021-05-16T19:00:00+00:00,32.2576,-97.085,1041.0625,8.57976245880127,295.824951171875,293.2744140625,99043.875,45.63850021362305,8.050202780421648,7.223885166978211,,0,EFU,CST-6,16-MAY-21 12:42:00
989845,2021-11-13T22:00:00+00:00,41.7422,-71.7901,145.65625,0.6314699649810791,284.183837890625,281.69873046875,98656.5625,17.898998260498047,16.847983620025396,24.017003662473336,0.0,0,EF0,EST-5,13-NOV-21 16:59:00
944900,2021-03-17T19:00:00+00:00,32.0678,-87.9015,1301.9375,2.561427593231201,297.036376953125,294.208251953125,100314.8125,42.63393020629883,16.79463335003498,19.344646622238457,1.0,0,EF1,CST-6,17-MAR-21 13:22:00
944922,2021-03-17T20:00:00+00:00,33.1907,-87.3795,1164.6875,3.312544345855713,294.10302734375,292.165771484375,99313.5,43.617530822753906,17.07041631547296,21.48594764144718,1.0,0,EF1,CST-6,17-MAR-21 14:09:00
993616,2021-12-15T23:00:00+00:00,41.7522,-94.4961,20.1875,85.06444549560547,291.6972961425781,286.4486083984375,94884.375,23.695598602294922,19.05680278211118,32.47295943937994,1.0,0,EF1,CST-6,15-DEC-21 17:21:00
944904,2021-03-17T19:00:00+00:00,33.0063,-86.3522,1372.6875,29.49892807006836,294.836181640625,292.559814453125,98876.8125,39.11732864379883,11.885564156358516,18.405381645823642,0.0,0,EF0,CST-6,17-MAR-21 13:29:00
944937,2021-03-17T20:00:00+00:00,33.2887,-87.2997,1164.6875,3.312544345855713,294.10302734375,292.165771484375,99313.5,43.617530822753906,17.07041631547296,21.48594764144718,1.0,0,EF1,CST-6,17-MAR-21 14:25:00
990204,2021-12-18T17:00:00+00:00,30.388,-95.3073,685.0,15.717710494995117,293.3128662109375,292.4581604003906,100474.6875,44.891422271728516,8.562976204150386,15.14209615236251,1.0,0,EF1,CST-6,18-DEC-21 10:47:00
987345,2021-11-11T08:00:00+00:00,32.2551,-93.2998,314.8125,12.03449821472168,290.17919921875,287.64776611328125,100399.9375,36.5992431640625,17.414674781391216,15.225588158644534,0.0,0,EF0,CST-6,11-NOV-21 02:06:00
994591,2021-11-13T21:00:00+00:00,41.4875,-72.9355,238.71875,24.765636444091797,284.30712890625,281.331298828125,98567.375,19.04456901550293,12.498333775163815,16.07909884295199,0.0,0,EF0,EST-5,13-NOV-21 15:30:00
994593,2021-11-13T22:00:00+00:00,41.3822,-71.8364,46.25,,286.252197265625,284.25830078125,99903.5625,16.190013885498047,9.293116184329175,18.461102228450862,1.0,0,EF1,EST-5,13-NOV-21 16:54:00
948795,2021-03-31T09:00:00+00:00,34.1591,-87.1281,606.5625,0.5312962532043457,292.0521240234375,290.915771484375,99002.1875,40.33634567260742,17.091448167765517,19.54485495990833,1.0,0,EF1,CST-6,31-MAR-21 02:45:00
999899,2021-12-11T04:00:00+00:00,39.4805,-88.4708,1175.875,6.649333953857422,291.078125,289.151611328125,97226.8125,35.56410598754883,20.81715927485398,26.74412027019856,2.0,1,EF2,CST-6,10-DEC-21 21:58:00
991376,2021-12-15T19:00:00+00:00,40.5831,-98.9391,269.53125,230.9691925048828,291.94097900390625,281.86944580078125,91437.25,18.513917922973633,9.1951765302552,26.321425269376252,0.0,0,EF0,CST-6,15-DEC-21 13:27:00
992696,2021-11-11T21:00:00+00:00,32.617,-86.0858,166.5,19.710189819335938,295.703369140625,289.50640869140625,100042.75,34.007904052734375,9.436230173903224,15.530060357045842,0.0,0,EF0,CST-6,11-NOV-21 15:03:00
987353,2021-11-11T07:00:00+00:00,32.4021,-94.1055,653.28125,25.312559127807617,292.0517578125,290.2485046386719,100098.0,35.48707962036133,17.674212951165703,15.696378267145278,0.0,0,EF0,CST-6,11-NOV-21 00:51:00
988688,2021-11-13T20:00:00+00:00,40.6249,-73.7198,46.3125,,284.746337890625,281.372314453125,100191.0,16.698490142822266,7.362620504971939,13.72187735520728,0.0,0,EF0,EST-5,13-NOV-21 14:37:00
998990,2021-12-30T23:00:00+00:00,32.23,-83.59,670.75,13.687654495239258,294.3355712890625,292.57647705078125,100177.9375,41.190940856933594,11.722170406502704,19.969177031403007,0.0,0,EF0,EST-5,30-DEC-21 18:09:00
944813,2021-03-17T19:00:00+00:00,32.8165,-86.5539,1674.4375,14.18642807006836,295.993408203125,293.070556640625,99355.8125,40.19154739379883,13.95817645821772,18.335378597321252,1.0,0,EF1,CST-6,17-MAR-21 12:56:00
944958,2021-03-17T21:00:00+00:00,33.336,-87.3097,1179.25,2.331261157989502,293.990478515625,292.48529052734375,99277.0,43.061912536621094,15.735879927042436,18.450897582556976,1.0,0,EF1,CST-6,17-MAR-21 14:54:00
945105,2021-03-17T22:00:00+00:00,33.5371,-87.0217,431.625,5.687894344329834,294.016357421875,292.115966796875,98980.6875,39.25065612792969,18.008247436491292,20.11493670585747,1.0,0,EF1,CST-6,17-MAR-21 15:30:00
991381,2021-12-15T19:00:00+00:00,40.2676,-98.7285,449.1875,93.81293487548828,292.52105712890625,283.91339111328125,91971.25,19.592042922973633,11.67286220118471,27.936346705935996,0.0,0,EF0,CST-6,15-DEC-21 13:29:00
991382,2021-12-15T20:00:00+00:00,40.269,-98.726,401.65625,79.61039733886719,292.3034973144531,281.81829833984375,91647.8125,20.48891830444336,13.409412448715184,26.70909873561013,0.0,0,EF0,CST-6,15-DEC-21 13:30:00
991377,2021-12-15T20:00:00+00:00,40.656,-98.891,364.53125,200.3135223388672,289.2800598144531,282.11517333984375,91093.8125,20.13833236694336,9.816737504150302,18.752079627539942,0.0,0,EF0,CST-6,15-DEC-21 13:33:00
991379,2021-12-15T20:00:00+00:00,40.6563,-98.8151,592.15625,98.36039733886719,291.3542785644531,282.11224365234375,91456.8125,20.56118392944336,10.447566596497206,20.84346395089718,0.0,0,EF0,CST-6,15-DEC-21 13:33:00
993710,2021-12-16T00:00:00+00:00,42.7555,-93.5566,43.5,58.80461883544922,291.0633544921875,288.16497802734375,94890.5,24.41946029663086,19.07653352125311,30.413133643496085,1.0,0,EF1,CST-6,15-DEC-21 18:25:00
993725,2021-12-16T00:00:00+00:00,42.9083,-93.7453,23.375,3.913991928100586,289.8172607421875,287.79388427734375,94672.5,24.17629623413086,18.404903471009188,28.729224441249617,0.0,0,EF0,CST-6,15-DEC-21 18:29:00
997154,2021-12-11T07:00:00+00:00,36.998,-86.674,1110.8125,17.250904083251953,293.2059326171875,290.93731689453125,98229.375,36.439064025878906,20.342899822470496,29.884633466460496,1.0,0,EF1,CST-6,11-DEC-21 01:08:00
989132,2021-11-11T01:00:00+00:00,36.179,-95.764,462.5625,0.46185633540153503,291.301513671875,289.177001953125,98358.0,32.77715301513672,14.418897720413536,11.70801304287512,0.0,0,EF0,CST-6,10-NOV-21 19:29:00
987343,2021-11-11T07:00:00+00:00,32.5302,-93.9118,653.28125,25.312559127807617,292.0517578125,290.2485046386719,100098.0,35.48707962036133,17.674212951165703,15.696378267145278,1.0,0,EF1,CST-6,11-NOV-21 01:02:00
946129,2021-03-01T02:00:00+00:00,36.7925,-85.0874,299.0,14.765645980834961,290.1475830078125,287.09625244140625,97373.6875,39.15788650512695,8.220184431495305,27.579985504351328,1.0,0,EF1,CST-6,28-FEB-21 20:18:00
944848,2021-03-17T19:00:00+00:00,32.5117,-87.8866,1486.9375,0.07705268263816833,296.107666015625,294.118408203125,100472.8125,43.95619583129883,17.10572723868763,20.82025785201534,0.0,0,EF0,CST-6,17-MAR-21 13:03:00
991380,2021-12-15T20:00:00+00:00,40.676,-98.803,592.15625,98.36039733886719,291.3542785644531,282.11224365234375,91456.8125,20.56118392944336,10.447566596497206,20.84346395089718,0.0,0,EF0,CST-6,15-DEC-21 13:35:00
991383,2021-12-15T20:00:00+00:00,40.35,-98.638,401.65625,79.61039733886719,292.3034973144531,281.81829833984375,91647.8125,20.48891830444336,13.409412448715184,26.70909873561013,0.0,0,EF0,CST-6,15-DEC-21 13:36:00
991384,2021-12-15T20:00:00+00:00,40.3214,-98.5025,698.46875,52.62601852416992,293.6716613769531,282.02239990234375,92064.8125,20.93130111694336,16.351652834412953,28.518200615102888,1.0,0,EF1,CST-6,15-DEC-21 13:44:00
991385,2021-12-15T20:00:00+00:00,40.35,-98.484,698.46875,52.62601852416992,293.6716613769531,282.02239990234375,92064.8125,20.93130111694336,16.351652834412953,28.518200615102888,1.0,0,EF1,CST-6,15-DEC-21 13:46:00
991391,2021-12-15T20:00:00+00:00,40.724,-98.1115,763.40625,56.71976852416992,293.7575988769531,282.67083740234375,92648.8125,21.23598861694336,19.913225822682204,26.48649245960436,1.0,0,EF1,CST-6,15-DEC-21 14:11:00
946865,2021-03-25T17:00:00+00:00,33.004,-87.421,1345.4375,1.1570746898651123,295.082275390625,294.0166015625,99918.8125,40.86760330200195,23.544751790000888,23.008652499077986,0.0,0,EF0,CST-6,25-MAR-21 11:29:00
996859,2021-12-11T22:00:00+00:00,32.73,-83.21,152.03125,32.78866195678711,294.39453125,290.3562927246094,100067.25,40.0972785949707,15.15001656681211,13.151889107577428,0.0,0,EF0,EST-5,11-DEC-21 17:16:00
998988,2021-12-30T05:00:00+00:00,34.3022,-84.4754,99.8125,75.874267578125,291.6758117675781,290.6904296875,97268.625,36.77806091308594,15.016971107979575,22.636915190020105,1.0,0,EF1,EST-5,30-DEC-21 00:19:00
949639,2021-03-28T01:00:00+00:00,34.1805,-91.5233,1191.375,41.26128387451172,295.51904296875,292.07196044921875,100398.6875,45.102142333984375,12.243790638437277,17.429046238798747,2.0,1,EF2,CST-6,27-MAR-21 19:27:00
998675,2021-12-06T04:00:00+00:00,36.951,-93.253,167.6875,,288.5165710449219,286.70489501953125,96412.3125,25.436290740966797,9.454606043918961,18.73547574823098,1.0,0,EF1,CST-6,05-DEC-21 22:02:00
961155,2021-05-16T19:00:00+00:00,32.3057,-96.9809,1041.0625,8.57976245880127,295.824951171875,293.2744140625,99043.875,45.63850021362305,8.050202780421648,7.223885166978211,,0,EFU,CST-6,16-MAY-21 13:08:00
961159,2021-05-16T20:00:00+00:00,32.4003,-96.9627,1281.0625,14.316102981567383,296.70654296875,293.2353515625,99036.1875,43.083885192871094,8.481821397963307,6.919927736108304,,0,EFU,CST-6,16-MAY-21 14:14:00
961160,2021-05-16T19:00:00+00:00,32.8972,-96.778,418.4375,1.8610122203826904,295.226318359375,292.8935546875,99367.875,47.54182052612305,9.736614426083806,9.497349063188814,1.0,0,EF1,CST-6,16-MAY-21 13:10:00
991386,2021-12-15T20:00:00+00:00,40.6551,-98.4578,714.625,48.48539352416992,292.6648254394531,282.36614990234375,91855.8125,20.98794174194336,12.953062854414538,22.755874017178826,1.0,0,EF1,CST-6,15-DEC-21 13:53:00
991387,2021-12-15T20:00:00+00:00,40.698,-98.419,714.625,48.48539352416992,292.6648254394531,282.36614990234375,91855.8125,20.98794174194336,12.953062854414538,22.755874017178826,1.0,0,EF1,CST-6,15-DEC-21 13:56:00
993603,2021-12-15T23:00:00+00:00,41.9551,-95.5749,211.625,15.517570495605469,289.1855773925781,285.8997802734375,94171.375,27.042278289794922,17.002511181355917,28.82425535083133,,0,EFU,CST-6,15-DEC-21 16:48:00
993605,2021-12-15T23:00:00+00:00,41.333,-95.107,265.8125,21.64257049560547,291.4463195800781,285.5013427734375,94769.375,29.494426727294922,19.54472969889624,35.155160780404906,2.0,1,EF2,CST-6,15-DEC-21 16:49:00
991392,2021-12-15T20:00:00+00:00,40.9688,-97.9153,627.25,41.18851852416992,293.4978332519531,282.39154052734375,92691.8125,21.68032455444336,17.21561663725735,25.30559088633452,1.0,0,EF1,CST-6,15-DEC-21 14:26:00
991393,2021-12-15T21:00:00+00:00,41.076,-97.828,1010.3125,38.57817840576172,292.2224426269531,284.56402587890625,92714.5625,23.094825744628906,16.06719291020314,25.22317945392805,1.0,0,EF1,CST-6,15-DEC-21 14:34:00
991394,2021-12-15T21:00:00+00:00,41.061,-97.7318,1010.3125,38.57817840576172,292.2224426269531,284.56402587890625,92714.5625,23.094825744628906,16.06719291020314,25.22317945392805,1.0,0,EF1,CST-6,15-DEC-21 14:35:00
989854,2021-11-13T22:00:00+00:00,41.3967,-71.8186,167.78125,1.178344964981079,285.608642578125,283.39111328125,99244.5625,18.019115447998047,14.919011754876593,22.284708948225177,1.0,0,EF1,EST-5,13-NOV-21 16:55:00
998672,2021-12-11T00:00:00+00:00,37.345,-92.75,1215.625,17.988441467285156,292.75439453125,289.7218933105469,94878.875,30.980323791503906,12.54350730586041,28.918850257704012,1.0,0,EF1,CST-6,10-DEC-21 18:13:00
998674,2021-12-11T02:00:00+00:00,36.761,-93.224,1297.875,157.76638793945312,293.007080078125,288.6592712402344,95937.6875,29.76387596130371,15.512745824832132,29.825485043681724,1.0,0,EF1,CST-6,10-DEC-21 19:49:00
948231,2021-03-25T22:00:00+00:00,33.5686,-86.707,2919.125,37.437522888183594,294.938720703125,293.10400390625,98468.875,47.942138671875,19.840868849622943,19.956739691764614,1.0,0,EF1,CST-6,25-MAR-21 15:48:00
961124,2021-05-16T16:00:00+00:00,31.2132,-97.3801,1128.1875,12.736560821533203,295.072998046875,294.082275390625,99420.125,47.55528259277344,8.232764935404203,7.518995434998748,0.0,0,EF0,CST-6,16-MAY-21 10:14:00
961151,2021-05-16T19:00:00+00:00,32.8448,-96.7982,677.75,0.40788716077804565,295.754638671875,293.0419921875,99582.875,48.25471115112305,10.126217735272762,8.997090889496766,0.0,0,EF0,CST-6,16-MAY-21 13:00:00
993607,2021-12-15T23:00:00+00:00,41.5046,-94.9741,232.1875,28.81444549560547,290.9453430175781,285.8577880859375,94447.375,28.612590789794922,18.696287622557158,33.415415455428914,1.0,0,EF1,CST-6,15-DEC-21 16:59:00
993608,2021-12-15T23:00:00+00:00,41.4876,-94.8961,232.1875,28.81444549560547,290.9453430175781,285.8577880859375,94447.375,28.612590789794922,18.696287622557158,33.415415455428914,0.0,0,EF0,CST-6,15-DEC-21 17:00:00
993609,2021-12-15T23:00:00+00:00,41.5045,-94.8855,232.1875,28.81444549560547,290.9453430175781,285.8577880859375,94447.375,28.612590789794922,18.696287622557158,33.415415455428914,1.0,0,EF1,CST-6,15-DEC-21 17:01:00
993610,2021-12-15T23:00:00+00:00,41.6206,-94.6906,105.8125,55.48632049560547,291.3642883300781,285.8616943359375,94402.375,26.825481414794922,18.639447442454987,33.17340720319262,1.0,0,EF1,CST-6,15-DEC-21 17:10:00
993611,2021-12-15T23:00:00+00:00,42.1842,-95.0694,114.0,7.5800700187683105,288.7715148925781,286.0540771484375,94378.375,24.664348602294922,17.79178991818176,29.091297615360563,,0,EFU,CST-6,15-DEC-21 17:13:00
993612,2021-12-15T23:00:00+00:00,42.2103,-95.053,114.0,7.5800700187683105,288.7715148925781,286.0540771484375,94378.375,24.664348602294922,17.79178991818176,29.091297615360563,2.0,1,EF2,CST-6,15-DEC-21 17:15:00
993613,2021-12-15T23:00:00+00:00,41.6998,-94.7044,82.8125,41.28319549560547,291.2314758300781,286.3441162109375,94448.375,25.671184539794922,18.428168180049987,31.691349793382386,2.0,1,EF2,CST-6,15-DEC-21 17:14:00
990812,2021-11-12T16:00:00+00:00,41.766,-73.664,82.40625,5.048932075500488,289.88525390625,288.68212890625,99320.25,35.289581298828125,20.478059174296206,23.05403089053492,1.0,0,EF1,EST-5,12-NOV-21 11:12:00
998989,2021-12-30T05:00:00+00:00,34.176,-83.9808,2.125,40.780517578125,291.8086242675781,290.75,96878.625,34.83567810058594,14.34614257521261,23.90680006712357,0.0,0,EF0,EST-5,30-DEC-21 00:03:00
973374,2021-08-11T23:00:00+00:00,42.4,-90.96,5400.75,231.9374237060547,303.179443359375,297.452880859375,97181.875,46.30525207519531,10.768501305723397,17.3678807419926,0.0,0,EF0,CST-6,11-AUG-21 16:40:00
947196,2021-03-17T21:00:00+00:00,31.6996,-88.4645,2499.0,0.4250110983848572,296.629150390625,294.16204833984375,99940.0,42.229881286621094,18.41232744253316,14.028629102256469,2.0,1,EF2,CST-6,17-MAR-21 14:47:00
948240,2021-03-26T03:00:00+00:00,33.136,-85.654,1255.0625,50.843929290771484,294.91162109375,293.05126953125,98321.4375,39.095306396484375,17.51017801914195,25.500604339640727,2.0,1,EF2,CST-6,25-MAR-21 21:02:00
944981,2021-03-17T21:00:00+00:00,33.396,-87.248,1274.125,0.23751109838485718,293.658447265625,292.15130615234375,99189.0,43.266990661621094,16.373459519111893,18.726684635947123,0.0,0,EF0,CST-6,17-MAR-21 15:05:00
999869,2021-12-11T05:00:00+00:00,39.882,-87.62,814.1875,40.332393646240234,290.83673095703125,289.0770263671875,97418.75,36.8087272644043,20.843502817422365,26.023364095433443,1.0,0,EF1,CST-6,10-DEC-21 22:43:00
945099,2021-03-17T21:00:00+00:00,32.285,-87.428,1423.0625,4.487511157989502,294.595947265625,293.11810302734375,100295.0,43.599998474121094,16.340681121044234,18.454664271339023,0.0,0,EF0,CST-6,17-MAR-21 15:11:00
993614,2021-12-15T23:00:00+00:00,41.8633,-94.536,20.1875,85.06444549560547,291.6972961425781,286.4486083984375,94884.375,23.695598602294922,19.05680278211118,32.47295943937994,2.0,1,EF2,CST-6,15-DEC-21 17:24:00
993615,2021-12-15T23:00:00+00:00,42.0088,-94.8095,56.3125,18.40819549560547,290.6797180175781,286.8226318359375,94637.375,24.271770477294922,18.55437583288478,30.562949272284385,1.0,0,EF1,CST-6,15-DEC-21 17:19:00
993617,2021-12-15T23:00:00+00:00,41.8632,-94.4327,20.1875,85.06444549560547,291.6972961425781,286.4486083984375,94884.375,23.695598602294922,19.05680278211118,32.47295943937994,2.0,1,EF2,CST-6,15-DEC-21 17:27:00
993618,2021-12-15T23:00:00+00:00,41.8432,-94.4015,20.1875,85.06444549560547,291.6972961425781,286.4486083984375,94884.375,23.695598602294922,19.05680278211118,32.47295943937994,1.0,0,EF1,CST-6,15-DEC-21 17:27:00
993619,2021-12-15T23:00:00+00:00,41.8631,-94.3831,20.1875,85.06444549560547,291.6972961425781,286.4486083984375,94884.375,23.695598602294922,19.05680278211118,32.47295943937994,2.0,1,EF2,CST-6,15-DEC-21 17:29:00
990037,2021-11-13T21:00:00+00:00,40.7982,-72.8712,21.6875,,285.64013671875,281.945556640625,100076.375,16.64320182800293,8.07690074155188,15.322356477832829,1.0,0,EF1,EST-5,13-NOV-21 15:42:00
990122,2021-11-13T21:00:00+00:00,41.2776,-72.7951,334.34375,15.75001049041748,285.30810546875,282.919189453125,99619.375,19.05726432800293,13.75715239378326,17.562697570974326,0.0,0,EF0,EST-5,13-NOV-21 15:44:00
977293,2021-08-19T14:00:00+00:00,41.9942,-71.898,297.125,0.7573939561843872,296.374755859375,295.579833984375,99002.25,59.6249885559082,13.071396227229869,16.54655267494976,0.0,0,EF0,EST-5,19-AUG-21 09:15:00
996865,2021-12-31T23:00:00+00:00,33.7372,-84.9998,1379.6875,31.922698974609375,292.98614501953125,291.3463134765625,97508.859375,35.391780853271484,11.506881798201142,21.83460425517719,1.0,0,EF1,EST-5,31-DEC-21 17:32:00
949242,2021-03-26T00:00:00+00:00,32.1238,-88.0445,1544.375,165.48789978027344,297.17919921875,294.7047119140625,100334.8125,45.258052825927734,14.427516756357749,23.350902096011595,1.0,0,EF1,CST-6,25-MAR-21 18:13:00
945121,2021-03-17T23:00:00+00:00,33.9227,-86.5587,552.0,10.734484672546387,292.70458984375,291.00811767578125,98002.8125,39.85269546508789,16.868579962249214,21.46463421418111,1.0,0,EF1,CST-6,17-MAR-21 16:43:00
999861,2021-12-11T04:00:00+00:00,39.419,-88.59,1175.875,6.649333953857422,291.078125,289.151611328125,97226.8125,35.56410598754883,20.81715927485398,26.74412027019856,2.0,1,EF2,CST-6,10-DEC-21 21:50:00
999862,2021-12-11T04:00:00+00:00,39.4474,-88.5269,1175.875,6.649333953857422,291.078125,289.151611328125,97226.8125,35.56410598754883,20.81715927485398,26.74412027019856,2.0,1,EF2,CST-6,10-DEC-21 21:54:00
993621,2021-12-15T23:00:00+00:00,41.943,-94.5058,11.375,50.17382049560547,291.3291320800781,286.9730224609375,95019.375,22.735637664794922,19.10787948000615,31.417300385893363,2.0,1,EF2,CST-6,15-DEC-21 17:29:00
993622,2021-12-16T00:00:00+00:00,41.9863,-94.4796,485.25,18.992116928100586,290.7879638671875,286.79388427734375,94948.5,28.09719467163086,18.868752779201962,28.325486448432848,2.0,1,EF2,CST-6,15-DEC-21 17:32:00
993623,2021-12-16T00:00:00+00:00,42.081,-94.4866,485.25,18.992116928100586,290.7879638671875,286.79388427734375,94948.5,28.09719467163086,18.868752779201962,28.325486448432848,2.0,1,EF2,CST-6,15-DEC-21 17:34:00
993624,2021-12-16T00:00:00+00:00,42.2525,-94.6317,392.625,13.195241928100586,289.9031982421875,286.65423583984375,94648.5,25.92336654663086,17.18001599791502,26.76135644141637,,0,EFU,CST-6,15-DEC-21 17:34:00
993625,2021-12-16T00:00:00+00:00,42.2211,-94.583,446.78125,17.460866928100586,290.7606201171875,287.09466552734375,94866.5,29.13723373413086,18.457562388483773,27.482651038177234,1.0,0,EF1,CST-6,15-DEC-21 17:35:00
993680,2021-12-16T00:00:00+00:00,42.0405,-94.2019,412.90625,12.882741928100586,291.6922607421875,286.98236083984375,95223.5,30.50246810913086,20.09003398994133,30.3925010088579,,0,EFU,CST-6,15-DEC-21 17:39:00
998987,2021-12-30T04:00:00+00:00,34.3433,-84.8541,1.625,61.41636276245117,292.0469970703125,290.92608642578125,97658.6875,35.42709732055664,16.603684471959976,24.805478800451727,0.0,0,EF0,EST-5,29-DEC-21 22:52:00
945106,2021-03-17T22:00:00+00:00,31.99,-88.0225,442.0,0.7191444635391235,294.694091796875,293.076904296875,100061.6875,45.29948425292969,20.0513085767773,17.993076921933717,1.0,0,EF1,CST-6,17-MAR-21 15:34:00
945109,2021-03-17T22:00:00+00:00,32.0921,-87.8699,863.875,0.5160194635391235,295.072998046875,293.323974609375,99950.6875,43.68717956542969,19.516615238862435,18.47653196254795,0.0,0,EF0,CST-6,17-MAR-21 15:54:00
999838,2021-12-11T02:00:00+00:00,40.0607,-89.9153,857.75,3.0007662773132324,289.236572265625,287.9209899902344,97505.6875,35.04903030395508,20.693346722856443,29.345991096196595,2.0,1,EF2,CST-6,10-DEC-21 20:07:00
999848,2021-12-11T03:00:00+00:00,39.2159,-89.0236,1545.6875,22.89335823059082,291.4306640625,289.57550048828125,97482.375,36.37082290649414,20.918971104800278,26.04834651012246,2.0,1,EF2,CST-6,10-DEC-21 21:26:00
993682,2021-12-16T00:00:00+00:00,42.0886,-94.1647,412.90625,12.882741928100586,291.6922607421875,286.98236083984375,95223.5,30.50246810913086,20.09003398994133,30.3925010088579,1.0,0,EF1,CST-6,15-DEC-21 17:42:00
993683,2021-12-16T00:00:00+00:00,42.21,-94.0637,215.15625,16.304616928100586,291.7391357421875,287.26361083984375,95078.5,29.77492904663086,19.4618226752354,31.353750047667038,2.0,1,EF2,CST-6,15-DEC-21 17:49:00
993684,2021-12-16T00:00:00+00:00,42.2902,-94.476,446.78125,17.460866928100586,290.7606201171875,287.09466552734375,94866.5,29.13723373413086,18.457562388483773,27.482651038177234,2.0,1,EF2,CST-6,15-DEC-21 17:40:00
993685,2021-12-16T00:00:00+00:00,42.4464,-94.3974,342.5625,12.726491928100586,290.3016357421875,287.32611083984375,94731.5,28.99758529663086,17.949817037719658,27.163772535665647,1.0,0,EF1,CST-6,15-DEC-21 17:49:00
993686,2021-12-16T00:00:00+00:00,43.0586,-94.8102,181.59375,0.8358669877052307,287.5838623046875,286.32611083984375,94186.5,27.32863998413086,16.508393675045525,24.81524280330839,1.0,0,EF1,CST-6,15-DEC-21 17:41:00
993687,2021-12-16T00:00:00+00:00,42.1489,-94.282,350.6875,13.367116928100586,291.3641357421875,287.23724365234375,95002.5,30.11867904663086,19.23589990399574,29.273472924108663,2.0,1,EF2,CST-6,15-DEC-21 17:42:00
987350,2021-11-11T07:00:00+00:00,32.4005,-94.2352,659.09375,48.968807220458984,292.013671875,290.4194030761719,99982.0,34.90797805786133,17.179136580753877,15.1982256756353,0.0,0,EF0,CST-6,11-NOV-21 00:40:00
996864,2021-12-31T23:00:00+00:00,33.5676,-83.9877,1133.5,26.797698974609375,293.64434814453125,291.5523681640625,98647.859375,39.097835540771484,11.551181414068218,21.97265811141235,1.0,0,EF1,EST-5,31-DEC-21 17:39:00
999679,2021-12-06T21:00:00+00:00,30.438,-90.0813,1333.5625,41.70314025878906,297.7093505859375,293.5931701660156,101304.75,44.6108512878418,11.127474561199463,14.676173725150765,0.0,0,EF0,CST-6,06-DEC-21 14:56:00
999867,2021-12-11T05:00:00+00:00,39.8494,-87.6693,814.375,18.598018646240234,291.12188720703125,289.1824951171875,97280.75,36.2716178894043,20.173219876955823,26.7519885010134,2.0,1,EF2,CST-6,10-DEC-21 22:41:00
993690,2021-12-16T00:00:00+00:00,42.2098,-94.2441,350.6875,13.367116928100586,291.3641357421875,287.23724365234375,95002.5,30.11867904663086,19.23589990399574,29.273472924108663,2.0,1,EF2,CST-6,15-DEC-21 17:46:00
993692,2021-12-16T00:00:00+00:00,42.5797,-94.5775,342.5625,12.726491928100586,290.3016357421875,287.32611083984375,94731.5,28.99758529663086,17.949817037719658,27.163772535665647,,0,EFU,CST-6,15-DEC-21 17:43:00
993693,2021-12-16T00:00:00+00:00,42.1272,-94.0157,217.3125,9.429616928100586,292.1922607421875,286.86029052734375,95313.5,30.56301498413086,20.373668277358934,32.53622764905112,0.0,0,EF0,CST-6,15-DEC-21 17:49:00
993694,2021-12-16T00:00:00+00:00,42.21,-93.942,215.15625,16.304616928100586,291.7391357421875,287.26361083984375,95078.5,29.77492904663086,19.4618226752354,31.353750047667038,,0,EFU,CST-6,15-DEC-21 17:54:00
993695,2021-12-16T00:00:00+00:00,42.2227,-93.9317,215.15625,16.304616928100586,291.7391357421875,287.26361083984375,95078.5,29.77492904663086,19.4618226752354,31.353750047667038,2.0,1,EF2,CST-6,15-DEC-21 17:55:00
993696,2021-12-16T00:00:00+00:00,42.6852,-94.5062,229.03125,4.351491928100586,289.3475341796875,287.19232177734375,94620.5,28.64602279663086,17.359092524708295,26.765942592533523,,0,EFU,CST-6,15-DEC-21 17:50:00
993697,2021-12-16T00:00:00+00:00,42.7588,-94.4431,229.03125,4.351491928100586,289.3475341796875,287.19232177734375,94620.5,28.64602279663086,17.359092524708295,26.765942592533523,,0,EFU,CST-6,15-DEC-21 17:55:00
992521,2021-11-11T01:00:00+00:00,34.61,-97.76,478.75,143.38372802734375,289.963623046875,286.990478515625,96890.0,21.26445770263672,10.801677003913111,17.571277514653868,,0,EFU,CST-6,10-NOV-21 18:35:00
975955,2021-08-25T21:00:00+00:00,41.4,-90.21,2935.125,209.4051513671875,304.728759765625,297.0830078125,99340.875,50.056854248046875,0.7726615402987767,4.874833421343167,,0,EFU,CST-6,25-AUG-21 14:39:00
946870,2021-03-25T20:00:00+00:00,33.7026,-86.1053,729.6875,22.25104522705078,294.304443359375,291.839599609375,98463.3125,42.89141082763672,19.200474382398482,23.89654983551557,3.0,1,EF3,CST-6,25-MAR-21 13:31:00
999835,2021-12-11T02:00:00+00:00,39.8954,-90.2398,890.625,0.516391396522522,289.162353515625,287.7647399902344,97569.6875,34.24238967895508,20.400568377887318,28.923727362589087,2.0,1,EF2,CST-6,10-DEC-21 19:47:00
999865,2021-12-11T04:00:00+00:00,39.6,-88.1,1340.4375,24.446208953857422,290.826171875,289.190673828125,97269.8125,37.20180130004883,20.73493794903339,24.585723766932272,1.0,0,EF1,CST-6,10-DEC-21 22:18:00
993698,2021-12-16T00:00:00+00:00,42.2374,-93.9463,215.15625,16.304616928100586,291.7391357421875,287.26361083984375,95078.5,29.77492904663086,19.4618226752354,31.353750047667038,,0,EFU,CST-6,15-DEC-21 17:55:00
993701,2021-12-16T00:00:00+00:00,42.2513,-93.9318,215.15625,16.304616928100586,291.7391357421875,287.26361083984375,95078.5,29.77492904663086,19.4618226752354,31.353750047667038,2.0,1,EF2,CST-6,15-DEC-21 17:56:00
993703,2021-12-16T00:00:00+00:00,42.7841,-94.3105,167.71875,5.757741928100586,289.8973388671875,287.51361083984375,94794.5,28.17824935913086,18.10606174538592,28.21426720780762,1.0,0,EF1,CST-6,15-DEC-21 17:58:00
993704,2021-12-16T00:00:00+00:00,42.4239,-94.0578,193.875,20.320241928100586,291.1981201171875,287.56829833984375,94928.5,28.63039779663086,19.073695355925786,30.460690405605536,2.0,1,EF2,CST-6,15-DEC-21 18:00:00
993705,2021-12-16T00:00:00+00:00,42.2514,-93.8019,147.4375,44.55461883544922,291.8270263671875,287.38177490234375,95184.5,28.14211654663086,19.71432942593947,33.13184023341367,0.0,0,EF0,CST-6,15-DEC-21 18:01:00
993706,2021-12-16T00:00:00+00:00,42.3813,-93.9473,215.15625,16.304616928100586,291.7391357421875,287.26361083984375,95078.5,29.77492904663086,19.4618226752354,31.353750047667038,,0,EFU,CST-6,15-DEC-21 18:01:00
993707,2021-12-16T00:00:00+00:00,42.4049,-93.9319,193.875,20.320241928100586,291.1981201171875,287.56829833984375,94928.5,28.63039779663086,19.073695355925786,30.460690405605536,0.0,0,EF0,CST-6,15-DEC-21 18:03:00
1000139,2021-12-15T23:00:00+00:00,42.561,-95.956,153.0,2.2988200187683105,286.5097961425781,284.8157958984375,94171.375,26.254192352294922,16.212663768015165,25.26995928843797,1.0,0,EF1,CST-6,15-DEC-21 16:39:00
948202,2021-03-25T22:00:00+00:00,32.814,-87.473,3412.125,41.515647888183594,297.647705078125,294.90771484375,99762.875,49.182373046875,20.483237838123745,23.08296195861886,3.0,1,EF3,CST-6,25-MAR-21 15:47:00
976091,2021-08-25T22:00:00+00:00,40.77,-90.47,1149.25,12.298537254333496,300.552001953125,297.27294921875,99178.25,50.33795928955078,1.8148196855594814,9.031905409468605,,0,EFU,CST-6,25-AUG-21 15:48:00
949630,2021-03-28T01:00:00+00:00,34.1548,-91.5722,1191.375,41.26128387451172,295.51904296875,292.07196044921875,100398.6875,45.102142333984375,12.243790638437277,17.429046238798747,1.0,0,EF1,CST-6,27-MAR-21 19:23:00
989114,2021-10-10T23:00:00+00:00,48.044,-90.296,1052.625,39.40762710571289,287.4326171875,287.0205078125,94120.9375,26.890531539916992,7.85638188607561,20.42161913930019,2.0,1,EF2,CST-6,10-OCT-21 17:10:00
993708,2021-12-16T00:00:00+00:00,42.6557,-93.6664,33.15625,21.382741928100586,290.7449951171875,288.01947021484375,94821.5,25.51711654663086,18.975840676615693,30.106621160550212,2.0,1,EF2,CST-6,15-DEC-21 18:19:00
993711,2021-12-16T01:00:00+00:00,42.8391,-93.4987,415.71875,8.932340621948242,290.42230224609375,287.28265380859375,94660.0,29.12203025817871,19.798798427184263,28.4951980862669,,0,EFU,CST-6,15-DEC-21 18:30:00
993716,2021-12-16T01:00:00+00:00,42.9083,-93.4544,321.5,6.463590621948242,290.33929443359375,287.38812255859375,94539.0,29.53609275817871,19.226936088046838,27.875916750338604,2.0,1,EF2,CST-6,15-DEC-21 18:34:00
993717,2021-12-16T00:00:00+00:00,42.5306,-93.3697,9.71875,143.7421112060547,291.6268310546875,288.02239990234375,95174.5,24.28078842163086,19.546982788500255,32.14833823471462,,0,EFU,CST-6,15-DEC-21 18:26:00
993719,2021-12-16T00:00:00+00:00,42.5574,-93.3315,9.71875,143.7421112060547,291.6268310546875,288.02239990234375,95174.5,24.28078842163086,19.546982788500255,32.14833823471462,1.0,0,EF1,CST-6,15-DEC-21 18:28:00
993720,2021-12-16T00:00:00+00:00,42.482,-93.2841,9.71875,143.7421112060547,291.6268310546875,288.02239990234375,95174.5,24.28078842163086,19.546982788500255,32.14833823471462,1.0,0,EF1,CST-6,15-DEC-21 18:27:00
945112,2021-03-17T22:00:00+00:00,32.6746,-86.7364,577.875,32.87539291381836,294.366943359375,292.271240234375,99198.6875,38.28483581542969,17.485124025970837,20.725261006129827,2.0,1,EF2,CST-6,17-MAR-21 16:12:00
988689,2021-11-13T20:00:00+00:00,40.7178,-73.1972,287.25,66.79690551757812,286.337158203125,282.600830078125,99943.0,18.538333892822266,11.181998444720495,15.763800615238276,0.0,0,EF0,EST-5,13-NOV-21 15:20:00
1000137,2021-12-15T22:00:00+00:00,42.288,-96.304,10.625,18.046907424926758,288.05255126953125,284.8037109375,94614.5625,24.58623504638672,17.49629174932502,28.550840841556717,,0,EFU,CST-6,15-DEC-21 16:15:00
978659,2021-08-19T23:00:00+00:00,40.53,-102.14,1508.0,72.93759155273438,298.4248046875,291.294189453125,88194.75,44.49001693725586,0.19565554336841023,12.768495908713309,0.0,0,EF0,MST-7,19-AUG-21 16:20:00
978660,2021-08-19T23:00:00+00:00,40.55,-102.13,1785.75,101.50009155273438,299.78515625,291.323486328125,88722.75,45.92947006225586,0.5907123216138928,12.088185253108954,0.0,0,EF0,MST-7,19-AUG-21 16:09:00
978661,2021-08-19T23:00:00+00:00,40.52,-102.11,1785.75,101.50009155273438,299.78515625,291.323486328125,88722.75,45.92947006225586,0.5907123216138928,12.088185253108954,1.0,0,EF1,MST-7,19-AUG-21 16:07:00
981432,2021-08-30T21:00:00+00:00,32.3979,-85.5981,1134.875,79.36183166503906,297.1796875,296.020263671875,99365.6875,52.897483825683594,13.166532437730838,13.476080697076798,0.0,0,EF0,CST-6,30-AUG-21 14:45:00
970704,2021-08-17T17:00:00+00:00,33.6259,-82.0096,1312.625,0.09383673965930939,301.731201171875,298.667236328125,100141.625,57.734493255615234,12.938488047559058,14.789979074240513,0.0,0,EF0,EST-5,17-AUG-21 12:03:00
970852,2021-08-09T00:00:00+00:00,36.64,-90.302,1828.75,109.64066314697266,302.5,295.41748046875,100015.75,58.90110778808594,8.688787544458984,6.598506438532953,0.0,0,EF0,CST-6,08-AUG-21 18:14:00
981425,2021-08-30T19:00:00+00:00,31.7266,-85.9109,1238.125,39.42588806152344,298.701416015625,297.173828125,99853.25,57.426231384277344,14.765365860823286,13.240402738891747,0.0,0,EF0,CST-6,30-AUG-21 13:02:00
980800,2021-08-17T17:00:00+00:00,36.0669,-80.8831,2102.125,1.000086784362793,296.081787109375,294.315185546875,97896.625,53.208126068115234,9.530624812389084,15.617487507205624,0.0,0,EF0,EST-5,17-AUG-21 11:54:00
971474,2021-08-17T20:00:00+00:00,34.079,-81.419,1231.875,6.890727519989014,301.7548828125,298.220458984375,99724.0,57.13710403442383,11.26342451795696,14.966071833005424,1.0,0,EF1,EST-5,17-AUG-21 14:49:00
979756,2021-08-31T23:00:00+00:00,31.3194,-85.5045,682.625,3.8594846725463867,300.03955078125,296.165283203125,99616.8125,52.13431167602539,11.94427857746855,13.767810088958065,0.0,0,EF0,CST-6,31-AUG-21 17:14:00
979760,2021-09-01T00:00:00+00:00,31.1884,-85.614,1193.875,5.344557762145996,298.635986328125,296.6162109375,99641.8125,52.74606704711914,12.382543696634372,12.302981196691807,0.0,0,EF0,CST-6,31-AUG-21 17:34:00
980806,2021-08-17T17:00:00+00:00,36.1725,-80.9278,1681.875,0.8750867247581482,295.102294921875,293.277099609375,96454.625,51.050899505615234,8.689597466418705,14.59389690364212,0.0,0,EF0,EST-5,17-AUG-21 12:11:00
984551,2021-08-27T23:00:00+00:00,42.9363,-92.9972,3357.5,294.7730407714844,297.8046875,295.974853515625,97218.25,47.575382232666016,13.412076623569632,17.933845935924097,0.0,0,EF0,CST-6,27-AUG-21 16:50:00
970706,2021-08-17T20:00:00+00:00,33.9508,-81.4697,1231.875,6.890727519989014,301.7548828125,298.220458984375,99724.0,57.13710403442383,11.26342451795696,14.966071833005424,0.0,0,EF0,EST-5,17-AUG-21 14:31:00
979585,2021-08-31T21:00:00+00:00,31.1999,-85.4894,1490.625,49.29732131958008,302.045654296875,297.421630859375,99649.0,52.039878845214844,13.91178681162237,15.351861226221658,0.0,0,EF0,CST-6,31-AUG-21 14:59:00
979762,2021-09-01T00:00:00+00:00,31.1949,-85.6078,1193.875,5.344557762145996,298.635986328125,296.6162109375,99641.8125,52.74606704711914,12.382543696634372,12.302981196691807,0.0,0,EF0,CST-6,31-AUG-21 17:36:00
983253,2021-08-22T23:00:00+00:00,48.06,-98.8553,289.875,12.45325756072998,292.513916015625,289.75927734375,95119.5625,32.78548049926758,10.522731285846524,20.18773727406846,0.0,0,EF0,CST-6,22-AUG-21 17:02:00
971476,2021-08-17T20:00:00+00:00,34.107,-81.413,1231.875,6.890727519989014,301.7548828125,298.220458984375,99724.0,57.13710403442383,11.26342451795696,14.966071833005424,1.0,0,EF1,EST-5,17-AUG-21 14:53:00
980974,2021-08-31T23:00:00+00:00,37.0808,-80.5188,570.375,258.0626220703125,295.43603515625,292.130126953125,92893.8125,45.12649917602539,6.151294316938156,12.9389808315855,1.0,0,EF1,EST-5,31-AUG-21 17:34:00
980975,2021-08-31T23:00:00+00:00,37.1974,-80.4376,442.0,205.67198181152344,295.57958984375,292.124267578125,93378.8125,45.74075698852539,5.981730437934288,14.567299078756628,1.0,0,EF1,EST-5,31-AUG-21 17:59:00
964842,2021-08-02T19:00:00+00:00,29.0782,-80.9548,4100.25,42.724796295166016,303.187744140625,297.281982421875,101531.3125,55.32038879394531,2.5152387368276767,4.658883937309875,0.0,0,EF0,EST-5,02-AUG-21 13:40:00
973847,2021-08-12T01:00:00+00:00,42.7375,-85.8041,1467.625,125.92967224121094,299.03759765625,294.67138671875,98291.625,51.689632415771484,13.140548400445386,15.683281765316613,0.0,0,EF0,EST-5,11-AUG-21 20:01:00
965639,2021-08-12T22:00:00+00:00,29.922,-95.7281,4717.75,255.6873016357422,303.430908203125,297.5244140625,100917.5,50.168914794921875,1.2490462395596758,2.626213382992607,0.0,0,EF0,CST-6,12-AUG-21 15:32:00
979424,2021-08-07T22:00:00+00:00,43.0799,-90.3937,1170.375,318.3629150390625,301.022705078125,293.9091796875,97646.4375,44.2477912902832,6.651909249485978,17.849381934914778,1.0,0,EF1,CST-6,07-AUG-21 16:09:00
980739,2021-08-07T18:00:00+00:00,36.592,-77.227,947.375,4.406678676605225,297.092041015625,295.991943359375,101350.4375,60.68287658691406,6.777511276167854,10.10171892948009,0.0,0,EF0,EST-5,07-AUG-21 12:47:00
976234,2021-08-30T17:00:00+00:00,30.7951,-88.0731,938.125,1.9531794786453247,298.38671875,297.18896484375,100769.625,65.2014389038086,12.427232233669152,15.858782939981284,1.0,0,EF1,CST-6,30-AUG-21 11:20:00
976236,2021-08-30T18:00:00+00:00,31.4064,-87.7922,613.375,29.015705108642578,296.8916015625,296.22021484375,100241.9375,63.126190185546875,17.13039282723134,19.51730887633086,1.0,0,EF1,CST-6,30-AUG-21 12:25:00
970702,2021-08-17T22:00:00+00:00,33.59,-80.8721,1011.375,21.81731605529785,301.31787109375,298.689453125,100790.0,55.08710479736328,11.290155573012019,12.513431614100565,1.0,0,EF1,EST-5,17-AUG-21 16:40:00
976460,2021-08-18T17:00:00+00:00,40.6474,-76.5331,1340.0,1.7344813346862793,300.251953125,296.573974609375,98810.8125,55.42414093017578,11.825318206007028,17.719865704728832,0.0,0,EF0,EST-5,18-AUG-21 11:46:00
970705,2021-08-17T20:00:00+00:00,33.9713,-81.4971,1231.875,6.890727519989014,301.7548828125,298.220458984375,99724.0,57.13710403442383,11.26342451795696,14.966071833005424,0.0,0,EF0,EST-5,17-AUG-21 14:33:00
970707,2021-08-18T01:00:00+00:00,33.9777,-81.5821,1012.0,49.00016403198242,298.587890625,296.751708984375,99765.875,61.120662689208984,11.395794409774128,10.56523154265455,0.0,0,EF0,EST-5,17-AUG-21 19:47:00
979321,2021-08-01T16:00:00+00:00,36.2951,-75.8094,1336.75,136.50010681152344,300.29150390625,297.3486328125,101091.5,54.41218566894531,8.214320543749094,23.557016429977054,0.0,0,EF0,EST-5,01-AUG-21 11:14:00
976463,2021-08-18T21:00:00+00:00,40.798,-76.991,1249.0,0.3938506245613098,298.41064453125,296.306640625,98766.4375,59.34124755859375,14.618594386688793,13.163279040902847,0.0,0,EF0,EST-5,18-AUG-21 15:35:00
976670,2021-08-18T23:00:00+00:00,40.4506,-76.9074,742.75,10.81250286102295,298.410400390625,296.52734375,99025.625,63.718318939208984,12.619385948081339,13.6052159368769,1.0,0,EF1,EST-5,18-AUG-21 17:31:00
983133,2021-08-10T22:00:00+00:00,38.0146,-99.7541,1781.25,313.6852111816406,307.027099609375,293.838623046875,92838.25,36.42597198486328,2.408338275098072,10.473332708546113,0.0,0,EF0,CST-6,10-AUG-21 15:43:00
976673,2021-08-19T01:00:00+00:00,39.856,-76.627,2447.125,13.29694938659668,299.0947265625,297.271240234375,99533.625,58.47657775878906,13.558538077818552,13.409946834191528,0.0,0,EF0,EST-5,18-AUG-21 19:35:00
976677,2021-08-18T19:00:00+00:00,39.9391,-77.0619,1172.125,0.4220300614833832,299.721435546875,296.9326171875,99329.875,55.167850494384766,12.963419383999366,15.564614620908126,0.0,0,EF0,EST-5,18-AUG-21 14:16:00
952204,2021-05-28T20:00:00+00:00,36.4798,-104.571,850.375,87.10944366455078,294.88720703125,282.80242919921875,81298.4375,15.986833572387695,0.3262910149745649,2.9733602134250914,0.0,0,EF0,MST-7,28-MAY-21 13:01:00
983078,2021-08-10T02:00:00+00:00,47.56,-98.28,1937.375,91.865234375,292.6259765625,291.22509765625,95446.875,43.107810974121094,4.200404302749173,18.965426691497314,0.0,0,EF0,CST-6,09-AUG-21 19:34:00
988696,2021-10-16T02:00:00+00:00,38.543,-85.9602,117.0,11.848747253417969,293.242431640625,290.9622802734375,98387.875,39.462379455566406,9.825119898673627,16.953983733134244,0.0,0,EF0,EST-5,15-OCT-21 21:12:00
984814,2021-10-25T00:00:00+00:00,37.49,-91.45,1051.6875,14.37509822845459,293.471435546875,291.534423828125,96447.5,37.28550720214844,13.314311613229934,21.620412186561612,1.0,0,EF1,CST-6,24-OCT-21 17:34:00
989254,2021-10-27T16:00:00+00:00,30.4258,-93.6528,923.1875,0.8906561732292175,295.197998046875,294.34423828125,99981.5,56.01432800292969,15.57549269293126,20.39371373825969,1.0,0,EF1,CST-6,27-OCT-21 09:35:00
981953,2021-10-11T02:00:00+00:00,35.579,-96.552,1747.75,28.002431869506836,296.218017578125,292.921875,96988.1875,48.062355041503906,11.658636330834796,22.334339307603745,1.0,0,EF1,CST-6,10-OCT-21 20:26:00
990081,2021-10-06T23:00:00+00:00,36.0135,-85.0337,112.3125,51.59377670288086,294.390380859375,292.246337890625,95928.875,40.63408660888672,8.044100435766138,9.00427805076358,1.0,0,EF1,CST-6,06-OCT-21 16:59:00
977809,2021-09-28T02:00:00+00:00,45.7804,-122.5982,19.75,,285.892333984375,284.2880859375,98718.875,16.437910079956055,6.791077360752257,10.241178195540732,0.0,0,EF0,PST-8,27-SEP-21 18:06:00
984626,2021-09-20T23:00:00+00:00,44.423,-91.4507,177.625,1.1094074249267578,294.61767578125,292.951904296875,96892.375,47.63340759277344,11.619084242680088,15.717425259273814,1.0,0,EF1,CST-6,20-SEP-21 16:56:00
964600,2021-06-19T20:00:00+00:00,39.9,-104.04,626.875,136.4690399169922,303.6298828125,283.02490234375,85119.875,27.435047149658203,0.3125518458160881,1.4696932266525529,0.0,0,EF0,MST-7,19-JUN-21 13:05:00
964604,2021-06-19T21:00:00+00:00,40.02,-103.93,147.625,,303.309814453125,281.87060546875,85226.5,26.72026252746582,0.3209090745467004,6.486187119067114,0.0,0,EF0,MST-7,19-JUN-21 13:43:00
989256,2021-10-27T17:00:00+00:00,30.2078,-93.1775,1429.875,4.609377861022949,296.831787109375,295.118408203125,100182.5625,53.458778381347656,13.27270408995034,18.858642582307628,1.0,0,EF1,CST-6,27-OCT-21 11:28:00
989253,2021-10-27T17:00:00+00:00,30.1518,-93.2668,1429.875,4.609377861022949,296.831787109375,295.118408203125,100182.5625,53.458778381347656,13.27270408995034,18.858642582307628,2.0,1,EF2,CST-6,27-OCT-21 11:20:00
982608,2021-10-16T05:00:00+00:00,39.326,-83.34,346.625,0.8281880617141724,291.804931640625,290.47137451171875,97517.3125,39.293792724609375,10.387003827494285,20.447122309880076,0.0,0,EF0,EST-5,16-OCT-21 00:25:00
981968,2021-10-11T03:00:00+00:00,35.6854,-96.4099,1543.625,2.218815326690674,293.031005859375,292.154052734375,96886.3125,47.029075622558594,11.358495116224061,24.054200850885902,,0,EFU,CST-6,10-OCT-21 20:42:00
983293,2021-10-27T14:00:00+00:00,30.12,-95.36,966.5625,1.1250605583190918,295.833251953125,294.9517822265625,99853.9375,56.46055603027344,17.10242713660806,19.248404959354705,0.0,0,EF0,CST-6,27-OCT-21 07:50:00
989255,2021-10-27T17:00:00+00:00,30.3346,-93.6165,1261.125,8.98437786102295,296.291748046875,294.947509765625,100127.5625,54.616004943847656,13.736720307290348,20.501172816164182,,0,EFU,CST-6,27-OCT-21 10:44:00
984592,2021-10-16T01:00:00+00:00,38.0852,-87.0117,131.625,10.878645896911621,293.860107421875,291.8057861328125,99311.3125,39.09845733642578,8.03547340785395,15.289307056612175,1.0,0,EF1,CST-6,15-OCT-21 19:10:00
986967,2021-10-11T01:00:00+00:00,35.535,-97.179,1617.0,28.393081665039062,295.313232421875,292.86456298828125,96118.6875,46.45368957519531,9.555126813706728,18.795369857424717,0.0,0,EF0,CST-6,10-OCT-21 19:21:00
982001,2021-10-11T05:00:00+00:00,35.483,-95.253,1880.25,3.2792515754699707,295.04052734375,293.2587890625,97908.75,46.4342041015625,18.288582907427845,20.40080048455883,1.0,0,EF1,CST-6,10-OCT-21 22:30:00
989264,2021-10-27T14:00:00+00:00,29.9036,-94.0196,723.3125,14.109435081481934,297.282470703125,295.2701416015625,100274.9375,53.06504821777344,11.312262756284465,15.508172084331331,0.0,0,EF0,CST-6,27-OCT-21 07:54:00
989261,2021-10-27T15:00:00+00:00,30.1108,-93.8337,1012.375,6.468764305114746,295.98876953125,293.966552734375,100342.625,53.12882995605469,11.10447669598108,15.291056433242257,2.0,1,EF2,CST-6,27-OCT-21 08:33:00
989262,2021-10-27T15:00:00+00:00,30.1772,-93.8033,1019.1875,0.7343895435333252,295.90771484375,294.038818359375,100205.625,53.99504089355469,12.98177541529655,16.181358664053974,2.0,1,EF2,CST-6,27-OCT-21 08:45:00
989263,2021-10-27T15:00:00+00:00,30.2448,-93.7762,1019.1875,0.7343895435333252,295.90771484375,294.038818359375,100205.625,53.99504089355469,12.98177541529655,16.181358664053974,2.0,1,EF2,CST-6,27-OCT-21 08:55:00
981994,2021-10-11T03:00:00+00:00,35.732,-96.07,1494.75,0.7188152074813843,294.073974609375,292.550537109375,97380.3125,47.296653747558594,13.23185965353785,22.570033821758116,0.0,0,EF0,CST-6,10-OCT-21 21:05:00
982005,2021-10-11T05:00:00+00:00,36.302,-94.834,1032.125,14.013626098632812,294.67724609375,290.6826171875,96523.75,45.7320556640625,16.22611939637298,26.489068817956564,1.0,0,EF1,CST-6,10-OCT-21 23:10:00
986952,2021-10-12T00:00:00+00:00,41.4873,-89.0287,79.1875,5.740705490112305,291.157958984375,289.690185546875,97753.3125,37.09747314453125,9.604825247950703,6.521686127903954,,0,EFU,CST-6,11-OCT-21 17:30:00
984610,2021-10-25T02:00:00+00:00,37.634,-90.147,1702.1875,2.17325496673584,293.67919921875,292.537841796875,97614.4375,39.376434326171875,16.50413596741471,19.57712754939559,2.0,1,EF2,CST-6,24-OCT-21 20:09:00
984609,2021-10-25T03:00:00+00:00,37.61,-90.06,1572.8125,0.3907235860824585,292.48095703125,291.886962890625,98167.375,42.80308532714844,16.78953008381957,22.01524853431487,1.0,0,EF1,CST-6,24-OCT-21 20:42:00
985428,2021-10-28T18:00:00+00:00,27.39,-82.22,2386.0,19.679302215576172,302.043212890625,297.008056640625,100463.0625,57.499366760253906,12.026063468776453,17.591925731745008,,0,EFU,EST-5,28-OCT-21 13:16:00
986970,2021-10-11T02:00:00+00:00,35.368,-97.063,1359.125,20.408681869506836,294.572509765625,292.80078125,96238.1875,45.855323791503906,11.953329863085887,25.37596720612805,0.0,0,EF0,CST-6,10-OCT-21 19:41:00
986971,2021-10-11T02:00:00+00:00,35.396,-96.867,1759.5,24.924306869506836,295.150634765625,292.9072265625,96726.1875,47.974464416503906,11.450547861409884,23.35211591826819,0.0,0,EF0,CST-6,10-OCT-21 19:54:00
986972,2021-10-11T02:00:00+00:00,34.78,-96.723,1617.375,38.2836799621582,296.114501953125,293.2294921875,96471.1875,46.484230041503906,14.791140940976504,24.599781700569018,1.0,0,EF1,CST-6,10-OCT-21 20:26:00
984604,2021-10-25T04:00:00+00:00,37.0968,-90.32,1308.4375,1.9691485166549683,293.031494140625,292.06787109375,98930.875,43.605567932128906,16.642793716434216,24.95696424737234,1.0,0,EF1,CST-6,24-OCT-21 22:04:00
984605,2021-10-25T04:00:00+00:00,37.1081,-90.2353,1308.4375,1.9691485166549683,293.031494140625,292.06787109375,98930.875,43.605567932128906,16.642793716434216,24.95696424737234,1.0,0,EF1,CST-6,24-OCT-21 22:08:00
986466,2021-10-27T03:00:00+00:00,37.809,-98.4275,549.125,187.10952758789062,292.84130859375,289.8251953125,93518.0625,27.98169708251953,11.51900157169281,16.67607690625787,0.0,0,EF0,CST-6,26-OCT-21 21:10:00
974185,2021-09-17T08:00:00+00:00,44.4824,-93.952,1377.375,30.70283317565918,294.45068359375,291.95428466796875,97820.9375,45.609962463378906,4.746078172374493,21.029635022649153,0.0,0,EF0,CST-6,17-SEP-21 01:34:00
986709,2021-09-03T00:00:00+00:00,40.8575,-111.9304,894.375,293.0469055175781,299.913818359375,285.095458984375,84497.75,24.532663345336914,0.32012212313799054,2.7709944477623223,1.0,0,EF1,MST-7,02-SEP-21 17:28:00
987386,2021-10-27T20:00:00+00:00,31.012,-91.6317,1310.3125,10.34377384185791,296.584228515625,295.716064453125,99792.875,52.18470764160156,16.295639389912463,19.941083064479972,0.0,0,EF0,CST-6,27-OCT-21 13:56:00
984810,2021-10-11T06:00:00+00:00,36.7894,-94.4301,1074.5625,2.922022819519043,292.200927734375,291.76611328125,96444.75,44.91815185546875,15.888786892669367,26.04944165427054,1.0,0,EF1,CST-6,11-OCT-21 00:08:00
984811,2021-10-11T10:00:00+00:00,37.32,-94.12,100.875,0.21881745755672455,292.9091796875,290.639404296875,95731.0625,29.26300811767578,21.747399051806752,19.22232491193448,0.0,0,EF0,CST-6,11-OCT-21 03:44:00
989886,2021-10-27T22:00:00+00:00,30.3685,-90.0926,1201.125,3.3751816749572754,297.400390625,296.552001953125,100067.625,58.42696762084961,15.54135639711637,17.61584992404058,0.0,0,EF0,CST-6,27-OCT-21 15:52:00
974186,2021-09-17T08:00:00+00:00,44.7507,-93.383,1474.0,63.53096008300781,295.36279296875,291.91131591796875,97955.9375,47.274024963378906,6.98756624212294,17.195457210523205,0.0,0,EF0,CST-6,17-SEP-21 02:00:00
982592,2021-10-16T05:00:00+00:00,39.1881,-83.7364,215.53125,0.5156880617141724,291.272705078125,289.41082763671875,97084.3125,37.228363037109375,10.939153842622632,19.111437433867266,0.0,0,EF0,EST-5,15-OCT-21 23:53:00
982613,2021-10-16T06:00:00+00:00,39.421,-83.118,199.53125,0.1782173216342926,291.324951171875,289.73370361328125,97809.8125,38.51420593261719,11.754067934248004,19.73656549554108,0.0,0,EF0,EST-5,16-OCT-21 00:42:00
981985,2021-10-11T04:00:00+00:00,35.8596,-95.8518,1520.8125,0.2195712774991989,294.6982421875,293.119140625,97655.0625,48.12036895751953,15.980329135002918,24.447730850227465,,0,EFU,CST-6,10-OCT-21 21:30:00
974191,2021-09-17T08:00:00+00:00,44.7906,-93.2434,1495.625,87.07783508300781,295.59912109375,291.74041748046875,97939.9375,46.798439025878906,9.47145814695679,15.251334355560065,0.0,0,EF0,CST-6,17-SEP-21 02:08:00
982617,2021-10-16T06:00:00+00:00,39.489,-82.9518,199.53125,0.1782173216342926,291.324951171875,289.73370361328125,97809.8125,38.51420593261719,11.754067934248004,19.73656549554108,1.0,0,EF1,EST-5,16-OCT-21 00:59:00
982602,2021-10-16T05:00:00+00:00,39.2454,-83.5936,291.625,0.5938130617141724,291.453369140625,289.94989013671875,97179.3125,38.194183349609375,11.207373200796447,20.00412868498668,1.0,0,EF1,EST-5,16-OCT-21 00:03:00
985711,2021-10-03T20:00:00+00:00,41.72,-86.47,1446.875,61.923160552978516,295.2998046875,292.2998046875,98295.375,35.14208984375,2.576283839803154,3.0700956034389124,,0,EFU,EST-5,03-OCT-21 14:47:00
988020,2021-10-15T20:00:00+00:00,34.939,-92.1654,369.75,49.594974517822266,296.2001953125,292.9094543457031,99836.4375,39.50185012817383,8.019628297375933,17.838400263852996,0.0,0,EF0,CST-6,15-OCT-21 14:20:00
989913,2021-10-28T00:00:00+00:00,30.5196,-89.6734,896.0625,1.874428629875183,296.746337890625,296.745361328125,99941.75,63.808799743652344,14.376317072304783,19.704772284102145,1.0,0,EF1,CST-6,27-OCT-21 17:49:00
989914,2021-10-28T03:00:00+00:00,30.4003,-88.5177,270.125,0.22499141097068787,296.443359375,296.012451171875,100007.375,63.8205680847168,18.47527736484353,28.276664714621234,1.0,0,EF1,CST-6,27-OCT-21 20:31:00
974194,2021-09-17T08:00:00+00:00,44.7388,-93.2146,1495.625,87.07783508300781,295.59912109375,291.74041748046875,97939.9375,46.798439025878906,9.47145814695679,15.251334355560065,0.0,0,EF0,CST-6,17-SEP-21 02:08:00
981996,2021-10-11T04:00:00+00:00,35.936,-95.647,1310.5625,0.07894627749919891,294.4541015625,293.140625,97681.0625,48.26197052001953,14.655564939738083,25.51470899052448,1.0,0,EF1,CST-6,10-OCT-21 21:45:00
982004,2021-10-11T05:00:00+00:00,35.601,-95.127,1658.75,4.013626575469971,294.95263671875,292.9091796875,97698.75,46.8765869140625,18.325139554277452,21.37766867196119,1.0,0,EF1,CST-6,10-OCT-21 22:45:00
989963,2021-10-13T20:00:00+00:00,45.44,-96.76,135.625,60.390777587890625,289.804931640625,285.564208984375,94999.6875,18.661407470703125,13.398760193020054,16.224492038760978,0.0,0,EF0,CST-6,13-OCT-21 14:25:00
989968,2021-10-13T20:00:00+00:00,45.46,-97.1,168.75,13.250150680541992,288.559814453125,284.784912109375,93754.6875,17.556915283203125,11.542113323514242,14.182857155083601,0.0,0,EF0,CST-6,13-OCT-21 14:03:00
991487,2021-10-24T21:00:00+00:00,40.0218,-94.1748,1042.1875,110.12506866455078,291.789794921875,289.772216796875,96406.8125,26.55609893798828,10.572232499357634,12.192152704794195,0.0,0,EF0,CST-6,24-OCT-21 14:36:00
971241,2021-09-01T18:00:00+00:00,38.85,-76.596,1159.375,62.177364349365234,300.015625,297.015625,99929.0,59.38304138183594,13.322048871166519,14.305396369681477,2.0,1,EF2,EST-5,01-SEP-21 13:01:00
971243,2021-09-01T19:00:00+00:00,39.197,-76.442,1007.375,0.43678247928619385,298.95654296875,296.732421875,99503.625,61.5091438293457,12.320561234696136,13.986728648910708,0.0,0,EF0,EST-5,01-SEP-21 13:48:00
989970,2021-10-13T21:00:00+00:00,45.3985,-96.5952,100.1875,,290.7041015625,280.1116027832031,95379.25,18.26181983947754,10.244783825767378,10.625981552686651,0.0,0,EF0,CST-6,13-OCT-21 14:30:00
989974,2021-10-13T18:00:00+00:00,44.69,-100.09,226.625,8.00035285949707,287.0185546875,285.93896484375,92542.5625,13.7074613571167,2.6223772029191403,4.131980348898678,0.0,0,EF0,CST-6,13-OCT-21 12:15:00
988064,2021-10-11T20:00:00+00:00,39.729,-90.053,972.6875,89.51567077636719,294.840576171875,291.7099609375,97700.5,31.803348541259766,15.10060534592839,17.76703376492032,0.0,0,EF0,CST-6,11-OCT-21 14:26:00
988065,2021-10-11T21:00:00+00:00,40.835,-89.203,533.125,70.95316314697266,293.598876953125,291.43505859375,97621.3125,31.590579986572266,16.100350880203735,15.14830864143564,,0,EFU,CST-6,11-OCT-21 15:28:00
988066,2021-10-11T22:00:00+00:00,40.894,-89.23,197.9375,37.59386444091797,292.435791015625,290.563232421875,97703.5625,32.32212829589844,12.94851973529857,10.32962016249352,0.0,0,EF0,CST-6,11-OCT-21 15:45:00
991488,2021-10-24T21:00:00+00:00,39.8385,-93.6487,816.5625,51.09382247924805,294.442138671875,291.016357421875,96909.8125,27.45453643798828,15.776284992217452,21.633264428069513,0.0,0,EF0,CST-6,24-OCT-21 15:16:00
990291,2021-10-10T00:00:00+00:00,45.98,-97.09,527.625,8.875261306762695,289.584716796875,288.379638671875,95867.25,36.15916061401367,12.057679636454004,18.591723992965644,0.0,0,EF0,CST-6,09-OCT-21 17:40:00
991577,2021-10-11T23:00:00+00:00,41.18,-89.31,237.3125,36.37502670288086,292.447021484375,290.6396484375,97841.5,34.240631103515625,11.25700201940303,7.387644848078903,,0,EFU,CST-6,11-OCT-21 16:47:00
978429,2021-09-09T01:00:00+00:00,30.1599,-84.4497,452.375,10.18770694732666,297.439453125,296.45440673828125,100736.75,62.48175048828125,8.161310292519643,12.199003669572042,0.0,0,EF0,EST-5,08-SEP-21 20:08:00
988067,2021-10-11T23:00:00+00:00,40.712,-89.046,113.3125,48.78127670288086,292.624755859375,290.5673828125,97692.5,35.322662353515625,11.047071446189486,9.42388040918318,,0,EFU,CST-6,11-OCT-21 16:39:00
990063,2021-10-03T22:00:00+00:00,36.1625,-86.5594,2584.375,106.2192611694336,295.434814453125,292.8505859375,98916.0625,34.72002410888672,6.356330100179034,15.630881423786196,0.0,0,EF0,CST-6,03-OCT-21 15:36:00
982611,2021-10-16T05:00:00+00:00,39.3375,-83.3086,346.625,0.8281880617141724,291.804931640625,290.47137451171875,97517.3125,39.293792724609375,10.387003827494285,20.447122309880076,2.0,1,EF2,EST-5,16-OCT-21 00:28:00
980674,2021-09-08T22:00:00+00:00,40.7529,-76.9131,322.3125,,298.656982421875,291.030517578125,97924.125,39.212425231933594,7.367762071699762,15.55458803455041,0.0,0,EF0,EST-5,08-SEP-21 16:35:00
981932,2021-10-15T10:00:00+00:00,35.807,-94.029,300.5,0.21934127807617188,290.2214050292969,289.5969543457031,96028.125,31.76972198486328,7.189800292891945,15.396072758610652,1.0,0,EF1,CST-6,15-OCT-21 04:22:00
987376,2021-10-11T02:00:00+00:00,35.679,-97.013,1384.375,4.0961809158325195,293.325439453125,292.5087890625,96571.1875,46.079933166503906,8.823905617492715,23.736540261447526,0.0,0,EF0,CST-6,10-OCT-21 19:41:00
984343,2021-09-22T22:00:00+00:00,41.3625,-80.1151,605.875,0.04692384600639343,294.177001953125,292.352294921875,95748.8125,51.14824295043945,10.571391514607646,19.00740702920937,1.0,0,EF1,EST-5,22-SEP-21 17:20:00
979869,2021-10-16T12:00:00+00:00,41.3524,-79.0482,27.65625,16.33003807067871,291.04931640625,289.9969787597656,94553.3125,36.1524543762207,10.638708175048007,20.39657035853579,1.0,0,EF1,EST-5,16-OCT-21 07:08:00
988220,2021-10-03T22:00:00+00:00,42.7826,-83.5149,721.5625,64.3911361694336,293.700439453125,291.4111328125,97568.0625,36.41143035888672,2.4252913435137495,7.10880083320424,0.0,0,EF0,EST-5,03-OCT-21 17:19:00
988222,2021-10-14T22:00:00+00:00,43.0921,-82.6055,195.8125,1.1258001327514648,293.835693359375,291.396240234375,98725.8125,43.769920349121094,8.353111159736981,12.154021390393524,0.0,0,EF0,EST-5,14-OCT-21 17:12:00
989277,2021-10-16T03:00:00+00:00,38.6491,-85.6355,75.5,1.8593772649765015,292.060302734375,290.07415771484375,98518.375,38.11930465698242,6.045088000019639,17.55819692559939,0.0,0,EF0,EST-5,15-OCT-21 21:40:00
984812,2021-10-11T10:00:00+00:00,37.35,-94.1127,100.875,0.21881745755672455,292.9091796875,290.639404296875,95731.0625,29.26300811767578,21.747399051806752,19.22232491193448,0.0,0,EF0,CST-6,11-OCT-21 03:47:00
993343,2021-10-27T05:00:00+00:00,35.388,-97.942,1638.0625,4.375058174133301,292.5712890625,291.084228515625,95291.1875,41.748626708984375,12.648701042164168,13.62500764089294,0.0,0,EF0,CST-6,26-OCT-21 22:54:00
984813,2021-10-25T00:00:00+00:00,37.8961,-92.4145,670.75,35.640724182128906,292.665771484375,290.843017578125,97153.5,30.331405639648438,15.796664205124177,20.68107571892365,1.0,0,EF1,CST-6,24-OCT-21 17:53:00
981936,2021-10-15T10:00:00+00:00,35.816,-93.962,300.5,0.21934127807617188,290.2214050292969,289.5969543457031,96028.125,31.76972198486328,7.189800292891945,15.396072758610652,1.0,0,EF1,CST-6,15-OCT-21 04:28:00
983857,2021-09-20T22:00:00+00:00,44.0331,-92.2261,287.5,0.18429122865200043,293.864990234375,292.65380859375,96229.5,47.17390823364258,9.252544667723996,15.638883176776202,0.0,0,EF0,CST-6,20-SEP-21 15:47:00
986949,2021-10-11T22:00:00+00:00,41.4045,-87.5291,454.375,8.687613487243652,295.159423828125,291.109130859375,98006.5625,39.26353454589844,12.821212130744552,19.115562703146484,0.0,0,EF0,CST-6,11-OCT-21 16:10:00
986944,2021-10-03T20:00:00+00:00,40.9199,-88.028,934.0,56.782535552978516,296.66552734375,291.3505859375,98552.375,35.35888671875,2.4224070639216273,1.836695739170753,,0,EFU,CST-6,03-OCT-21 14:26:00
988375,2021-10-09T23:00:00+00:00,45.52,-97.52,548.375,33.953407287597656,289.637939453125,287.836669921875,93532.875,33.90331268310547,11.99448324798244,16.430437717760398,0.0,0,EF0,CST-6,09-OCT-21 16:31:00
983517,2021-10-13T00:00:00+00:00,38.8723,-101.791,188.75,211.17352294921875,288.654296875,284.7576904296875,87429.75,20.480274200439453,2.2601282477511324,17.129344854385536,0.0,0,EF0,MST-7,12-OCT-21 17:25:00
986951,2021-10-11T22:00:00+00:00,41.4072,-87.5255,454.375,8.687613487243652,295.159423828125,291.109130859375,98006.5625,39.26353454589844,12.821212130744552,19.115562703146484,0.0,0,EF0,CST-6,11-OCT-21 16:11:00
988379,2021-10-10T00:00:00+00:00,45.68,-96.46,328.8125,1.7502614259719849,291.621826171875,289.350341796875,96118.25,35.43845748901367,13.526826115130465,19.264805234905968,0.0,0,EF0,CST-6,09-OCT-21 18:10:00
988380,2021-10-10T00:00:00+00:00,45.76,-96.29,269.0625,14.578386306762695,292.641357421875,289.334716796875,96064.25,34.27927780151367,13.862947007253885,18.967076971876523,0.0,0,EF0,CST-6,09-OCT-21 18:21:00
988367,2021-10-09T21:00:00+00:00,45.14,-98.4,602.875,29.522611618041992,288.8095703125,288.3828125,95223.875,33.288230895996094,12.065435044863701,18.000878048575217,0.0,0,EF0,CST-6,09-OCT-21 15:12:00
990016,2021-10-13T21:00:00+00:00,45.3,-96.34,17.125,,290.8759765625,277.9231262207031,95518.25,17.08994483947754,8.713939478180171,10.64262878909653,0.0,0,EF0,CST-6,13-OCT-21 14:33:00
990019,2021-10-13T21:00:00+00:00,45.51,-96.5,100.1875,,290.7041015625,280.1116027832031,95379.25,18.26181983947754,10.244783825767378,10.625981552686651,0.0,0,EF0,CST-6,13-OCT-21 14:42:00
990020,2021-10-13T21:00:00+00:00,45.5,-96.56,100.1875,,290.7041015625,280.1116027832031,95379.25,18.26181983947754,10.244783825767378,10.625981552686651,0.0,0,EF0,CST-6,13-OCT-21 14:46:00
990022,2021-10-13T21:00:00+00:00,45.9346,-96.5524,198.25,36.8125114440918,289.5673828125,285.6741027832031,95602.25,20.79209327697754,15.562925400014983,15.758312691865841,1.0,0,EF1,CST-6,13-OCT-21 15:18:00
990023,2021-10-13T21:00:00+00:00,45.8019,-96.293,171.9375,101.76563262939453,290.8740234375,283.8489074707031,95376.25,20.04502296447754,14.610052920041122,15.526201369099038,0.0,0,EF0,CST-6,13-OCT-21 15:20:00
988370,2021-10-09T22:00:00+00:00,45.6,-97.88,354.0,94.4063491821289,289.891845703125,287.38555908203125,94381.125,32.485904693603516,10.475499683652863,16.838700139435446,0.0,0,EF0,CST-6,09-OCT-21 16:12:00
990678,2021-10-26T00:00:00+00:00,36.6796,-79.1481,883.25,22.500102996826172,291.546630859375,290.391357421875,98205.0,41.748043060302734,10.46618282877771,16.1395271285537,1.0,0,EF1,EST-5,25-OCT-21 19:02:00
984504,2021-09-02T06:00:00+00:00,41.7413,-70.2135,953.25,0.37507396936416626,294.455810546875,293.738525390625,100087.625,58.65351486206055,15.82157397084118,20.450646767579915,0.0,0,EF0,EST-5,02-SEP-21 00:30:00
994714,2021-12-16T01:00:00+00:00,43.5373,-93.1981,215.125,4.072965621948242,289.69281005859375,287.35980224609375,94427.0,29.55562400817871,18.291783528400902,28.2206202741207,1.0,0,EF1,CST-6,15-DEC-21 19:10:00
989831,2021-12-16T03:00:00+00:00,44.6017,-91.0761,166.625,0.5892545580863953,288.093505859375,286.0323791503906,95157.5,30.448516845703125,20.17768349648902,35.870434723591345,0.0,0,EF0,CST-6,15-DEC-21 21:00:00
997230,2021-12-11T08:00:00+00:00,37.075,-86.071,1073.4375,1.2213910818099976,293.78082275390625,291.22027587890625,97823.3125,36.54329299926758,18.983840492931567,29.638618275709437,2.0,1,EF2,CST-6,11-DEC-21 01:41:00
997234,2021-12-11T08:00:00+00:00,37.152,-85.941,1103.5,0.0182660985738039,293.46832275390625,291.14215087890625,97866.3125,37.25520706176758,18.97433333424973,29.284882118333385,1.0,0,EF1,CST-6,11-DEC-21 01:47:00
991171,2021-12-21T11:00:00+00:00,26.5125,-81.8421,527.53125,23.48443603515625,294.94561767578125,293.674560546875,100751.0,43.52946090698242,15.78516197553003,24.809883812615425,1.0,0,EF1,EST-5,21-DEC-21 06:25:00
970051,2021-06-09T00:00:00+00:00,45.55,-100.96,418.75,52.50429916381836,304.45947265625,289.947265625,93773.3125,33.32390213012695,7.057482707742647,13.572537033674891,0.0,0,EF0,MST-7,08-JUN-21 17:18:00
967498,2021-06-08T02:00:00+00:00,45.66,-100.05,595.0,244.15628051757812,300.9580078125,291.08837890625,94042.25,22.995271682739258,6.574899055983023,14.791461094813783,0.0,0,EF0,CST-6,07-JUN-21 19:57:00
994715,2021-12-16T01:00:00+00:00,43.508,-93.0741,214.75,2.229215621948242,290.10589599609375,287.49847412109375,94541.0,28.72261619567871,18.010663095968905,28.779585383936812,1.0,0,EF1,CST-6,15-DEC-21 19:11:00
989835,2021-12-16T03:00:00+00:00,44.901,-90.9834,229.0,0.4798795282840729,287.911865234375,286.0577697753906,94850.5,29.574493408203125,20.040950059620325,26.79699691720066,2.0,1,EF2,CST-6,15-DEC-21 21:16:00
995905,2021-12-30T04:00:00+00:00,33.055,-86.617,1623.4375,41.71323776245117,292.7032470703125,291.69073486328125,99098.6875,38.80990982055664,15.448418051735004,17.54192856383809,0.0,0,EF0,CST-6,29-DEC-21 22:17:00
997240,2021-12-11T08:00:00+00:00,37.222,-85.927,1103.5,0.0182660985738039,293.46832275390625,291.14215087890625,97866.3125,37.25520706176758,18.97433333424973,29.284882118333385,2.0,1,EF2,CST-6,11-DEC-21 01:52:00
997242,2021-12-11T08:00:00+00:00,37.289,-85.683,906.875,11.315140724182129,293.43511962890625,290.90972900390625,97744.3125,36.25423049926758,18.667145853790906,30.169933218073965,1.0,0,EF1,CST-6,11-DEC-21 02:07:00
960280,2021-06-21T04:00:00+00:00,41.7451,-88.1947,1683.75,3.8626747131347656,295.558837890625,292.085205078125,97417.5625,47.49140548706055,14.301109984607429,21.037421553171654,3.0,1,EF3,CST-6,20-JUN-21 22:02:00
994708,2021-12-16T02:00:00+00:00,43.894,-93.0592,379.25,14.313491821289062,289.603759765625,287.117919921875,94240.875,29.557159423828125,18.21301064732942,26.18021215009072,0.0,0,EF0,CST-6,15-DEC-21 19:33:00
994716,2021-12-16T01:00:00+00:00,43.4997,-93.0559,214.75,2.229215621948242,290.10589599609375,287.49847412109375,94541.0,28.72261619567871,18.010663095968905,28.779585383936812,0.0,0,EF0,CST-6,15-DEC-21 19:10:00
992239,2021-12-16T03:00:00+00:00,44.9012,-91.3039,253.0625,0.4486295282840729,288.104248046875,286.1749572753906,95015.5,30.549102783203125,20.390655503852578,27.876120512943782,0.0,0,EF0,CST-6,15-DEC-21 21:02:00
997247,2021-12-11T08:00:00+00:00,37.408,-85.427,789.25,14.471390724182129,292.29840087890625,290.09039306640625,97549.3125,35.92708206176758,18.754558312168196,31.176025806416632,3.0,1,EF3,EST-5,11-DEC-21 03:20:00
997250,2021-12-11T08:00:00+00:00,37.453,-85.322,596.625,44.62763977050781,292.17828369140625,289.97320556640625,97302.3125,34.75618362426758,18.735789609874175,31.911564066459277,2.0,1,EF2,EST-5,11-DEC-21 03:27:00
967583,2021-06-21T01:00:00+00:00,41.8144,-83.8363,1200.125,93.09381103515625,299.510986328125,293.905517578125,97996.0,48.94522476196289,5.037545332534703,13.07930066813526,1.0,0,EF1,EST-5,20-JUN-21 20:23:00
994717,2021-12-16T01:00:00+00:00,43.5323,-93.3052,215.125,4.072965621948242,289.69281005859375,287.35980224609375,94427.0,29.55562400817871,18.291783528400902,28.2206202741207,0.0,0,EF0,CST-6,15-DEC-21 19:10:00
997260,2021-12-11T09:00:00+00:00,37.678,-84.694,726.0625,0.09421297162771225,292.2781677246094,289.3741149902344,97162.375,36.509727478027344,18.90523068191566,31.506004537527286,1.0,0,EF1,EST-5,11-DEC-21 04:07:00
997262,2021-12-11T09:00:00+00:00,37.687,-84.683,726.0625,0.09421297162771225,292.2781677246094,289.3741149902344,97162.375,36.509727478027344,18.90523068191566,31.506004537527286,1.0,0,EF1,EST-5,11-DEC-21 04:08:00
970271,2021-06-25T01:00:00+00:00,39.5153,-89.9178,1603.25,258.4377136230469,297.185791015625,295.915283203125,99031.5625,52.77458190917969,11.157999482519218,13.730799281654436,,0,EFU,CST-6,24-JUN-21 19:18:00
994718,2021-12-16T01:00:00+00:00,43.6113,-93.2505,215.125,4.072965621948242,289.69281005859375,287.35980224609375,94427.0,29.55562400817871,18.291783528400902,28.2206202741207,0.0,0,EF0,CST-6,15-DEC-21 19:15:00
994710,2021-12-16T02:00:00+00:00,44.1969,-92.8897,299.8125,0.7509920597076416,289.533447265625,287.089599609375,94507.875,30.652862548828125,18.773864350499288,25.999428854608954,1.0,0,EF1,CST-6,15-DEC-21 19:51:00
997263,2021-12-11T09:00:00+00:00,37.603,-84.726,555.0625,8.047337532043457,292.3973083496094,289.2168884277344,96730.375,34.873008728027344,18.620794962360254,31.421699430531373,1.0,0,EF1,EST-5,11-DEC-21 04:04:00
997269,2021-12-11T09:00:00+00:00,37.651,-84.653,726.0625,0.09421297162771225,292.2781677246094,289.3741149902344,97162.375,36.509727478027344,18.90523068191566,31.506004537527286,1.0,0,EF1,EST-5,11-DEC-21 04:09:00
970108,2021-06-26T22:00:00+00:00,44.0149,-83.0386,727.0,10.406322479248047,296.320068359375,294.59912109375,98737.5625,54.37360763549805,13.068714406004016,21.311728114155525,2.0,1,EF2,EST-5,26-JUN-21 16:49:00
993665,2021-12-10T22:00:00+00:00,32.4364,-86.1324,1121.5,284.8376770019531,295.638671875,292.50970458984375,100287.125,39.14181137084961,13.758402481845327,16.282116335074296,0.0,0,EF0,CST-6,10-DEC-21 16:12:00
994709,2021-12-16T02:00:00+00:00,44.2085,-92.9385,299.8125,0.7509920597076416,289.533447265625,287.089599609375,94507.875,30.652862548828125,18.773864350499288,25.999428854608954,1.0,0,EF1,CST-6,15-DEC-21 19:51:00
998671,2021-12-11T02:00:00+00:00,36.708,-93.387,1085.125,187.00076293945312,292.989501953125,288.2032165527344,95713.6875,27.43575096130371,15.656845092205934,29.61173006006525,1.0,0,EF1,CST-6,10-DEC-21 19:37:00
996832,2021-12-11T03:00:00+00:00,35.822,-90.919,1246.375,129.9089813232422,294.568359375,291.94659423828125,99334.375,38.49386978149414,20.3220849398343,23.1676607205978,1.0,0,EF1,CST-6,10-DEC-21 20:30:00
996833,2021-12-11T01:00:00+00:00,35.6067,-90.9342,1679.875,2.20939302444458,295.34991455078125,292.27056884765625,99474.5,42.037471771240234,19.898067116801286,27.25275484386692,0.0,0,EF0,CST-6,10-DEC-21 18:40:00
996835,2021-12-11T01:00:00+00:00,35.7326,-90.5971,1513.25,4.24064302444458,295.23956298828125,292.16217041015625,99393.5,41.375362396240234,19.809385850672147,27.072940643733325,0.0,0,EF0,CST-6,10-DEC-21 19:03:00
997124,2021-12-11T03:00:00+00:00,36.4192,-89.2733,1179.25,22.48710823059082,293.8203125,291.17413330078125,99031.375,41.51242446899414,21.11810849415683,31.621610737615104,1.0,0,EF1,CST-6,10-DEC-21 20:39:00
997125,2021-12-11T03:00:00+00:00,36.443,-89.2139,1179.25,22.48710823059082,293.8203125,291.17413330078125,99031.375,41.51242446899414,21.11810849415683,31.621610737615104,0.0,0,EF0,CST-6,10-DEC-21 20:43:00
998673,2021-12-11T00:00:00+00:00,37.37,-92.689,1215.625,17.988441467285156,292.75439453125,289.7218933105469,94878.875,30.980323791503906,12.54350730586041,28.918850257704012,1.0,0,EF1,CST-6,10-DEC-21 18:18:00
970388,2021-06-09T20:00:00+00:00,44.47,-84.63,173.375,222.92190551757812,302.829833984375,291.639892578125,97595.5625,38.15399169921875,1.9447648221317688,2.247441254742613,0.0,0,EF0,EST-5,09-JUN-21 14:33:00
998676,2021-12-08T06:00:00+00:00,30.4952,-86.1819,352.0625,27.17735481262207,292.32763671875,291.817626953125,101270.8125,36.83757400512695,7.821118412377531,15.55536552156976,0.0,0,EF0,CST-6,08-DEC-21 00:07:00
993868,2021-12-29T20:00:00+00:00,30.9019,-84.5761,299.375,80.68792724609375,297.5291748046875,293.1611328125,100672.25,36.11204147338867,11.254335993300634,14.922531719255263,0.0,0,EF0,EST-5,29-DEC-21 15:07:00
996857,2021-12-11T06:00:00+00:00,37.7753,-86.1383,759.0625,7.025890827178955,291.18511962890625,289.3541564941406,97835.5625,37.79824447631836,20.725243408913656,32.38848913809044,1.0,0,EF1,EST-5,11-DEC-21 01:06:00
996868,2021-12-11T07:00:00+00:00,38.0035,-85.4995,676.1875,54.20402908325195,290.8035888671875,288.84063720703125,97920.375,36.529884338378906,19.93378064682445,33.32034667288568,1.0,0,EF1,EST-5,11-DEC-21 01:51:00
996903,2021-12-11T07:00:00+00:00,36.9559,-86.4231,936.375,53.67277908325195,293.1151123046875,290.91485595703125,98245.375,35.667579650878906,20.620795149847087,30.901663094456772,2.0,1,EF2,CST-6,11-DEC-21 01:19:00
964759,2021-06-11T01:00:00+00:00,47.5569,-103.9355,2361.375,509.0665588378906,304.486083984375,290.7025146484375,91768.125,26.574996948242188,11.11220873134441,20.809823748867707,,0,EFU,MST-7,10-JUN-21 17:55:00
996907,2021-12-11T09:00:00+00:00,37.5282,-85.1083,873.75,0.23483796417713165,292.5906677246094,289.5616149902344,96847.375,35.965782165527344,19.096788160708478,31.006107253473516,1.0,0,EF1,EST-5,11-DEC-21 03:41:00
996912,2021-12-11T09:00:00+00:00,37.5792,-84.7761,555.0625,8.047337532043457,292.3973083496094,289.2168884277344,96730.375,34.873008728027344,18.620794962360254,31.421699430531373,2.0,1,EF2,EST-5,11-DEC-21 04:01:00
996917,2021-12-11T09:00:00+00:00,37.6459,-84.7908,726.0625,0.09421297162771225,292.2781677246094,289.3741149902344,97162.375,36.509727478027344,18.90523068191566,31.506004537527286,1.0,0,EF1,EST-5,11-DEC-21 04:02:00
994390,2021-12-06T09:00:00+00:00,38.2652,-84.6827,616.3125,1.440855860710144,287.7886047363281,286.0635681152344,97666.6875,33.87776565551758,19.028576177666732,21.51851824551904,1.0,0,EF1,EST-5,06-DEC-21 04:22:00
996918,2021-12-11T09:00:00+00:00,37.6679,-84.6279,431.5625,37.60983657836914,292.2185974121094,289.1641540527344,97118.375,35.348594665527344,18.67764269474154,32.07602714733778,1.0,0,EF1,EST-5,11-DEC-21 04:10:00
996921,2021-12-11T09:00:00+00:00,37.687,-84.4196,431.5625,37.60983657836914,292.2185974121094,289.1641540527344,97118.375,35.348594665527344,18.67764269474154,32.07602714733778,1.0,0,EF1,EST-5,11-DEC-21 04:22:00
994471,2021-12-06T09:00:00+00:00,38.2337,-84.8811,616.3125,1.440855860710144,287.7886047363281,286.0635681152344,97666.6875,33.87776565551758,19.028576177666732,21.51851824551904,1.0,0,EF1,EST-5,06-DEC-21 04:10:00
970213,2021-06-02T21:00:00+00:00,34.7496,-78.0315,804.1875,11.718911170959473,298.94775390625,296.184814453125,101725.3125,44.964317321777344,8.178497486454047,9.926227468481192,1.0,0,EF1,EST-5,02-JUN-21 15:59:00
970584,2021-06-06T20:00:00+00:00,37.3586,-105.6994,88.375,,298.95166015625,275.915283203125,76346.6875,13.019124984741211,0.10789839482121688,1.7507267900275503,,0,EFU,MST-7,06-JUN-21 13:22:00
993892,2021-12-30T20:00:00+00:00,31.1087,-83.7293,928.5625,9.173279762268066,298.42578125,294.36981201171875,100611.5625,39.625267028808594,11.211740702733223,14.227905497946782,1.0,0,EF1,EST-5,30-DEC-21 15:16:00
988398,2021-12-11T08:00:00+00:00,40.7305,-83.8264,391.8125,0.28389111161231995,290.00543212890625,287.27789306640625,96426.3125,36.00911331176758,23.955144144345184,29.105042598741203,1.0,0,EF1,EST-5,11-DEC-21 03:06:00
996923,2021-12-11T10:00:00+00:00,37.8244,-84.3301,201.0625,4.296925067901611,291.29248046875,287.4052429199219,97081.0,36.17192459106445,20.322948455182093,29.545644039374345,1.0,0,EF1,EST-5,11-DEC-21 04:31:00
996925,2021-12-11T10:00:00+00:00,36.6184,-85.6811,185.65625,17.187549591064453,291.60693359375,288.7548522949219,97613.0,40.94926834106445,24.15867963311414,33.72914923757922,0.0,0,EF0,CST-6,11-DEC-21 04:24:00
996991,2021-12-11T05:00:00+00:00,37.407,-87.098,840.5625,0.9417693614959717,292.29278564453125,289.7137451171875,98696.75,40.3946647644043,21.798723990538207,31.964575455459965,3.0,1,EF3,CST-6,10-DEC-21 23:10:00
989897,2021-10-25T02:00:00+00:00,37.487,-90.547,1588.4375,0.43887996673583984,293.43115234375,292.431396484375,97233.4375,39.886199951171875,15.884199836353263,20.71605633087055,,0,EFU,CST-6,24-OCT-21 19:36:00
988887,2021-10-25T03:00:00+00:00,38.393,-89.204,1277.8125,7.453223705291748,292.85107421875,290.566650390625,98653.375,37.82749938964844,16.60583838931878,20.159068621723755,0.0,0,EF0,CST-6,24-OCT-21 20:54:00
968893,2021-06-26T00:00:00+00:00,35.2606,-100.6701,837.125,401.6251525878906,305.41796875,289.91943359375,90589.5625,39.76215362548828,0.7356980490027292,16.591496699853998,1.0,0,EF1,CST-6,25-JUN-21 18:01:00
993894,2021-12-30T21:00:00+00:00,31.1703,-83.3804,989.75,25.568748474121094,296.72711181640625,294.5516052246094,100623.3125,40.186256408691406,11.74807696057969,14.834804293052423,1.0,0,EF1,EST-5,30-DEC-21 16:03:00
994707,2021-12-16T01:00:00+00:00,43.4997,-93.6704,274.125,0.10421568155288696,289.77972412109375,287.49359130859375,94395.0,29.87203025817871,17.431038250715133,25.15358549164113,0.0,0,EF0,CST-6,15-DEC-21 18:50:00
993666,2021-12-30T00:00:00+00:00,33.9167,-88.0816,421.3125,18.750165939331055,292.5603332519531,290.29644775390625,98915.9375,45.214271545410156,16.61893033502064,22.97637947074801,0.0,0,EF0,CST-6,29-DEC-21 18:27:00
993667,2021-12-30T01:00:00+00:00,33.922,-87.952,451.6875,53.17229461669922,292.358154296875,290.50836181640625,98995.0,45.92820358276367,12.382342309556492,23.240492258851738,1.0,0,EF1,CST-6,29-DEC-21 18:33:00
996995,2021-12-11T06:00:00+00:00,37.5791,-86.6109,808.1875,5.510265827178955,291.43511962890625,289.4498596191406,98106.5625,36.84316635131836,21.23300428554241,32.47095141503298,1.0,0,EF1,CST-6,10-DEC-21 23:41:00
969660,2021-06-13T21:00:00+00:00,35.2825,-97.8873,3262.875,230.8907012939453,305.619140625,296.810791015625,96874.75,43.880409240722656,0.6925469674824282,4.706748143833576,0.0,0,EF0,CST-6,13-JUN-21 15:01:00
997845,2021-12-06T13:00:00+00:00,31.2,-93.13,941.75,2.6250274181365967,294.6033935546875,293.34259033203125,100638.625,43.768959045410156,17.95018138221246,19.348161271452174,0.0,0,EF0,CST-6,06-DEC-21 06:55:00
994711,2021-12-16T01:00:00+00:00,43.6155,-93.6294,235.4375,3.057340621948242,289.67523193359375,287.43109130859375,94336.0,29.72945213317871,18.154508791926723,26.866377781252048,1.0,0,EF1,CST-6,15-DEC-21 18:58:00
993669,2021-12-30T03:00:00+00:00,33.9681,-85.9351,114.0,22.406259536743164,291.77593994140625,290.79290771484375,98329.375,37.183570861816406,17.58666418100817,21.8347498518153,0.0,0,EF0,CST-6,29-DEC-21 21:02:00
995904,2021-12-30T04:00:00+00:00,33.0444,-86.7754,1647.1875,59.72886276245117,292.8585205078125,291.80499267578125,99250.6875,38.98276138305664,15.327631181215546,17.44089668452751,1.0,0,EF1,CST-6,29-DEC-21 22:01:00
996997,2021-12-11T06:00:00+00:00,37.5791,-86.6109,808.1875,5.510265827178955,291.43511962890625,289.4498596191406,98106.5625,36.84316635131836,21.23300428554241,32.47095141503298,1.0,0,EF1,CST-6,10-DEC-21 23:44:00
957342,2021-06-21T01:00:00+00:00,42.28,-90.85,1063.125,41.656314849853516,298.477783203125,292.632080078125,96942.0,43.90713882446289,9.276115565602034,13.598027544223163,1.0,0,EF1,CST-6,20-JUN-21 19:06:00
994712,2021-12-16T01:00:00+00:00,43.6725,-93.5453,253.5,0.43234068155288696,288.77484130859375,286.91253662109375,94460.0,29.34370994567871,18.07634631539349,26.258246242596144,1.0,0,EF1,CST-6,15-DEC-21 19:03:00
996998,2021-12-11T06:00:00+00:00,37.5971,-86.5557,808.1875,5.510265827178955,291.43511962890625,289.4498596191406,98106.5625,36.84316635131836,21.23300428554241,32.47095141503298,1.0,0,EF1,CST-6,10-DEC-21 23:45:00
996999,2021-12-11T06:00:00+00:00,37.6028,-86.529,808.1875,5.510265827178955,291.43511962890625,289.4498596191406,98106.5625,36.84316635131836,21.23300428554241,32.47095141503298,0.0,0,EF0,CST-6,10-DEC-21 23:47:00
970656,2021-06-26T18:00:00+00:00,39.5123,-90.3957,1651.125,12.566819190979004,301.58056640625,296.012451171875,98857.8125,51.28547286987305,10.52624554629349,18.57313220138337,,0,EFU,CST-6,26-JUN-21 12:26:00
957343,2021-06-21T01:00:00+00:00,42.2949,-90.8242,1063.125,41.656314849853516,298.477783203125,292.632080078125,96942.0,43.90713882446289,9.276115565602034,13.598027544223163,1.0,0,EF1,CST-6,20-JUN-21 19:09:00
994713,2021-12-16T01:00:00+00:00,43.7976,-93.4927,253.5,0.43234068155288696,288.77484130859375,286.91253662109375,94460.0,29.34370994567871,18.07634631539349,26.258246242596144,2.0,1,EF2,CST-6,15-DEC-21 19:11:00
996083,2021-12-11T04:00:00+00:00,41.4058,-87.4543,483.4375,12.352458953857422,286.0927734375,285.303955078125,96893.8125,34.47133255004883,21.943742630179116,28.97654065356656,0.0,0,EF0,CST-6,10-DEC-21 22:05:00
997148,2021-12-11T07:00:00+00:00,36.8594,-87.0315,1307.625,7.657154083251953,294.1209716796875,291.42462158203125,98175.375,36.477149963378906,20.202302013432565,28.894252128184903,3.0,1,EF3,CST-6,11-DEC-21 00:47:00
997207,2021-12-11T07:00:00+00:00,36.916,-86.618,936.375,53.67277908325195,293.1151123046875,290.91485595703125,98245.375,35.667579650878906,20.620795149847087,30.901663094456772,3.0,1,EF3,CST-6,11-DEC-21 01:09:00
997224,2021-12-11T08:00:00+00:00,37.097,-86.211,1310.75,0.28389111161231995,294.15191650390625,291.60699462890625,98129.3125,37.61946487426758,19.29398438518918,28.761492489056838,1.0,0,EF1,CST-6,11-DEC-21 01:35:00
997227,2021-12-11T08:00:00+00:00,37.066,-86.088,1073.4375,1.2213910818099976,293.78082275390625,291.22027587890625,97823.3125,36.54329299926758,18.983840492931567,29.638618275709437,0.0,0,EF0,CST-6,11-DEC-21 01:38:00
967397,2021-06-21T07:00:00+00:00,41.7307,-85.003,1470.125,144.45326232910156,293.903076171875,292.414306640625,96475.25,46.711029052734375,15.551930412565593,15.640172853160635,1.0,0,EF1,EST-5,21-JUN-21 01:52:00
946867,2021-03-25T18:00:00+00:00,33.2,-87.022,1051.1875,0.17188133299350739,294.470703125,293.3330078125,99074.25,41.84833526611328,22.297019182971148,23.737222919075105,3.0,1,EF3,CST-6,25-MAR-21 12:09:00
946869,2021-03-25T19:00:00+00:00,33.0207,-88.3368,1780.75,3.004833936691284,296.17431640625,295.142578125,100064.9375,45.378353118896484,19.64938743070943,26.416712942857817,1.0,0,EF1,CST-6,25-MAR-21 12:36:00
947198,2021-03-18T09:00:00+00:00,31.592,-86.2435,540.75,3.1875035762786865,293.36016845703125,292.081787109375,99675.4375,40.907447814941406,15.764194362619103,26.040743129963804,1.0,0,EF1,CST-6,18-MAR-21 03:08:00
959713,2021-05-04T01:00:00+00:00,32.2771,-97.1279,3329.5,244.04696655273438,303.091796875,294.1864318847656,97791.75,47.05884552001953,9.31184974159723,21.993451532730983,0.0,0,EF0,CST-6,03-MAY-21 19:00:00
972397,2021-09-01T23:00:00+00:00,40.0816,-74.8695,117.625,56.03130340576172,298.7568359375,296.04443359375,99730.4375,59.451011657714844,17.473656464068558,20.085703658465068,1.0,0,EF1,EST-5,01-SEP-21 18:03:00
989828,2021-11-13T22:00:00+00:00,41.7039,-71.8663,145.65625,0.6314699649810791,284.183837890625,281.69873046875,98656.5625,17.898998260498047,16.847983620025396,24.017003662473336,0.0,0,EF0,EST-5,13-NOV-21 16:48:00
989719,2021-11-13T22:00:00+00:00,41.5656,-71.4811,133.5625,0.4908449947834015,285.983642578125,283.39501953125,99606.5625,18.495677947998047,16.24660509443662,24.19560959384095,0.0,0,EF0,EST-5,13-NOV-21 17:18:00
947194,2021-03-17T17:00:00+00:00,31.6491,-88.9066,2373.8125,0.8914890885353088,297.35107421875,294.993896484375,99941.4375,40.53020095825195,17.243054557378358,18.736182071486162,2.0,1,EF2,CST-6,17-MAR-21 11:03:00
948219,2021-03-25T22:00:00+00:00,32.864,-87.319,3451.25,28.078147888183594,297.523681640625,294.73486328125,99527.875,49.148193359375,20.848747222490367,21.85420428387884,3.0,1,EF3,CST-6,25-MAR-21 15:57:00
947893,2021-05-04T02:00:00+00:00,32.28,-96.91,3360.125,20.765649795532227,300.58642578125,294.07733154296875,97870.6875,46.12724304199219,9.71715796603041,18.131459753184895,2.0,1,EF2,CST-6,03-MAY-21 19:43:00
944744,2021-03-17T18:00:00+00:00,32.4134,-88.2421,2021.0,0.5781896710395813,296.027099609375,294.13525390625,100167.1875,43.24283218383789,16.621028764902185,21.49464554294643,0.0,0,EF0,CST-6,17-MAR-21 11:31:00
948201,2021-03-25T21:00:00+00:00,32.6892,-87.7387,1315.4375,65.07190704345703,296.051513671875,294.17950439453125,100110.1875,43.214237213134766,21.01624211364745,27.049005526022135,3.0,1,EF3,CST-6,25-MAR-21 15:26:00
947197,2021-03-17T21:00:00+00:00,31.884,-88.135,2404.875,0.3937610983848572,296.198486328125,293.93743896484375,100102.0,42.270896911621094,18.135778438635295,15.015832683676596,2.0,1,EF2,CST-6,17-MAR-21 15:24:00
972306,2021-09-01T22:00:00+00:00,39.6769,-75.25,118.0,13.844037055969238,298.695068359375,296.33245849609375,99626.3125,60.322052001953125,15.80319267662416,19.05425493372744,3.0,1,EF3,EST-5,01-SEP-21 17:10:00
1004539,2021-05-16T19:00:00+00:00,32.261,-97.083,1041.0625,8.57976245880127,295.824951171875,293.2744140625,99043.875,45.63850021362305,8.050202780421648,7.223885166978211,,0,EFU,CST-6,16-MAY-21 12:43:00
998198,2021-12-15T22:00:00+00:00,41.06,-96.56,231.5625,30.750032424926758,291.62774658203125,284.361328125,94533.5625,26.84209442138672,18.645589319199672,33.68476053949775,1.0,0,EF1,CST-6,15-DEC-21 15:41:00
972343,2021-09-01T20:00:00+00:00,39.77,-75.97,1124.375,0.17966513335704803,297.16455078125,295.530517578125,98703.4375,61.767154693603516,16.52465213789424,23.549536976601104,2.0,1,EF2,EST-5,01-SEP-21 15:15:00
944763,2021-03-17T18:00:00+00:00,32.539,-88.1341,2021.0,0.5781896710395813,296.027099609375,294.13525390625,100167.1875,43.24283218383789,16.621028764902185,21.49464554294643,1.0,0,EF1,CST-6,17-MAR-21 11:57:00
944794,2021-03-17T18:00:00+00:00,32.6621,-86.692,1065.875,3.5781896114349365,294.862060546875,292.97216796875,99523.1875,40.31021499633789,11.238527458290854,19.223188813756305,1.0,0,EF1,CST-6,17-MAR-21 12:24:00
948796,2021-03-31T13:00:00+00:00,33.891,-86.7379,56.75,1.1587023735046387,291.5738525390625,290.7476806640625,99136.4375,41.18039321899414,9.908112452836097,13.570336842451484,0.0,0,EF0,CST-6,31-MAR-21 07:15:00
948226,2021-03-25T23:00:00+00:00,33.069,-86.786,2672.8125,80.89568328857422,296.859130859375,294.258544921875,98996.1875,48.97118377685547,18.321237716161058,24.028995953407012,1.0,0,EF1,CST-6,25-MAR-21 16:39:00
947195,2021-03-17T21:00:00+00:00,31.6842,-88.4855,2499.0,0.4250110983848572,296.629150390625,294.16204833984375,99940.0,42.229881286621094,18.41232744253316,14.028629102256469,1.0,0,EF1,CST-6,17-MAR-21 14:44:00
948237,2021-03-26T02:00:00+00:00,32.8086,-86.5578,1490.125,83.6419448852539,295.971435546875,293.8803405761719,99247.9375,41.09800720214844,16.369849707026447,26.09016534496615,2.0,1,EF2,CST-6,25-MAR-21 20:01:00
948222,2021-03-25T23:00:00+00:00,33.027,-86.877,2672.8125,80.89568328857422,296.859130859375,294.258544921875,98996.1875,48.97118377685547,18.321237716161058,24.028995953407012,1.0,0,EF1,CST-6,25-MAR-21 16:31:00
948239,2021-03-26T03:00:00+00:00,33.1056,-85.7236,1255.0625,50.843929290771484,294.91162109375,293.05126953125,98321.4375,39.095306396484375,17.51017801914195,25.500604339640727,2.0,1,EF2,CST-6,25-MAR-21 20:58:00
977301,2021-08-19T18:00:00+00:00,42.4153,-71.6793,372.125,1.0313564538955688,297.513916015625,296.0263671875,98852.625,50.23282241821289,10.894841557561026,15.319851575089022,0.0,0,EF0,EST-5,19-AUG-21 12:30:00
998282,2021-12-15T22:00:00+00:00,40.92,-95.75,58.125,100.93753051757812,292.49200439453125,285.7802734375,95098.5625,22.06572723388672,20.566959875409463,34.13919477496823,1.0,0,EF1,CST-6,15-DEC-21 16:14:00
944749,2021-03-17T18:00:00+00:00,32.424,-86.9542,1009.25,7.375064849853516,296.172607421875,293.63525390625,100233.1875,41.40298843383789,12.827528571502793,18.502775991035072,2.0,1,EF2,CST-6,17-MAR-21 11:32:00
959708,2021-05-03T23:00:00+00:00,32.4403,-97.7406,3444.875,110.01883697509766,301.48193359375,294.834716796875,96797.6875,44.418174743652344,10.562066206447621,18.907347789742673,0.0,0,EF0,CST-6,03-MAY-21 17:02:00
948220,2021-03-17T22:00:00+00:00,33.6201,-91.3797,2.0,180.37539672851562,296.511474609375,290.799560546875,99679.6875,31.531906127929688,11.014445614040056,25.921732125968816,0.0,0,EF0,CST-6,17-MAR-21 15:37:00
965724,2021-03-26T03:00:00+00:00,33.0942,-85.771,1255.0625,50.843929290771484,294.91162109375,293.05126953125,98321.4375,39.095306396484375,17.51017801914195,25.500604339640727,1.0,0,EF1,CST-6,25-MAR-21 20:55:00
959741,2021-05-04T00:00:00+00:00,32.1367,-97.4546,3967.125,165.39230346679688,303.74365234375,295.5755615234375,97309.3125,42.452022552490234,9.985314140404041,22.305963501285543,,0,EFU,CST-6,03-MAY-21 18:10:00
972354,2021-09-01T22:00:00+00:00,40.107,-75.238,85.875,2.4534122943878174,298.006591796875,295.99359130859375,99334.3125,60.211700439453125,16.89824704611879,22.215151016205112,2.0,1,EF2,EST-5,01-SEP-21 16:35:00
944864,2021-03-17T19:00:00+00:00,32.9081,-87.7584,1420.625,16.48330307006836,294.746337890625,293.310791015625,100153.8125,43.79310989379883,18.80273951325473,22.424469231884316,1.0,0,EF1,CST-6,17-MAR-21 13:12:00
944886,2021-03-17T20:00:00+00:00,33.005,-87.618,1277.375,1.203169345855713,295.05029296875,293.207763671875,99886.5,44.216163635253906,16.954049345625247,20.407438311692818,1.0,0,EF1,CST-6,17-MAR-21 13:30:00
959710,2021-05-04T00:00:00+00:00,32.1426,-97.4449,3213.375,88.82979583740234,303.34619140625,295.7230224609375,97259.3125,44.838741302490234,10.836528826114764,25.66559167037756,2.0,1,EF2,CST-6,03-MAY-21 18:18:00
959711,2021-05-04T01:00:00+00:00,33.3276,-96.6676,3587.375,98.9688491821289,297.1484375,293.5711975097656,97969.75,48.53052520751953,10.308623248786937,20.530483981812242,0.0,0,EF0,CST-6,03-MAY-21 18:41:00
988871,2021-10-25T01:00:00+00:00,37.5267,-90.8578,1230.25,1.1689547300338745,294.186767578125,292.588134765625,96966.3125,36.34074401855469,16.182873715629025,21.0799770796766,1.0,0,EF1,CST-6,24-OCT-21 18:43:00
988883,2021-10-25T01:00:00+00:00,37.449,-90.609,1345.3125,2.122079610824585,294.385009765625,292.647705078125,97251.3125,35.29191589355469,16.923064229188853,19.891216807090093,1.0,0,EF1,CST-6,24-OCT-21 19:29:00
988873,2021-10-25T01:00:00+00:00,37.7049,-90.4095,1291.75,1.4189547300338745,294.152587890625,292.432861328125,97198.3125,35.93058776855469,17.684550112804672,20.093479191001723,2.0,1,EF2,CST-6,24-OCT-21 19:23:00
990332,2021-06-19T08:00:00+00:00,30.3478,-89.1763,666.5,30.969167709350586,298.9267578125,297.289306640625,100765.4375,63.20520782470703,9.580387175049388,4.32053566522928,0.0,0,EF0,CST-6,19-JUN-21 01:31:00
998150,2021-12-11T02:00:00+00:00,35.3038,-91.3689,1347.375,10.75076675415039,295.189697265625,292.5528259277344,99619.6875,40.38985061645508,20.87349411765491,25.609225119247913,2.0,1,EF2,CST-6,10-DEC-21 20:13:00
998168,2021-12-11T02:00:00+00:00,35.3651,-91.2519,1347.375,10.75076675415039,295.189697265625,292.5528259277344,99619.6875,40.38985061645508,20.87349411765491,25.609225119247913,2.0,1,EF2,CST-6,10-DEC-21 20:20:00
990333,2021-06-19T11:00:00+00:00,30.6228,-88.413,183.5,2.8305392265319824,298.171875,296.691162109375,100707.0625,56.101158142089844,14.380582489329608,16.593277496622612,1.0,0,EF1,CST-6,19-JUN-21 04:35:00
975170,2021-07-02T22:00:00+00:00,32.3085,-110.8445,234.125,269.10943603515625,299.296142578125,293.278076171875,88652.1875,40.5969352722168,0.14596454321523983,4.960124062635276,,0,EFU,MST-7,02-JUL-21 14:57:00
970558,2021-06-08T19:00:00+00:00,34.195,-88.745,2047.625,41.47396469116211,299.077880859375,297.107666015625,100522.5625,52.355682373046875,10.760503643189818,12.39904984791113,0.0,0,EF0,CST-6,08-JUN-21 13:26:00
980057,2021-08-21T23:00:00+00:00,34.7908,-88.1551,4084.5,114.40980529785156,301.9140625,297.6552734375,99186.625,56.562618255615234,9.882091458039065,11.030155135834885,0.0,0,EF0,CST-6,21-AUG-21 17:22:00
970556,2021-06-08T20:00:00+00:00,34.286,-88.576,2248.875,50.18638610839844,300.523193359375,297.07275390625,100436.4375,51.57147216796875,9.241510358481868,12.527728285492225,0.0,0,EF0,CST-6,08-JUN-21 13:42:00
965299,2021-06-19T13:00:00+00:00,31.261,-87.037,180.375,0.41833925247192383,297.0244140625,296.4609375,100336.375,58.99052810668945,17.969798630699035,17.26662883454864,1.0,0,EF1,CST-6,19-JUN-21 06:48:00
970336,2021-07-29T17:00:00+00:00,41.5838,-79.9634,1113.5,38.98453903198242,296.16845703125,294.071533203125,96283.6875,40.87948989868164,11.895422759467293,21.544403086214484,0.0,0,EF0,EST-5,29-JUL-21 11:40:00
970194,2021-06-08T19:00:00+00:00,34.213,-88.711,2047.625,41.47396469116211,299.077880859375,297.107666015625,100522.5625,52.355682373046875,10.760503643189818,12.39904984791113,0.0,0,EF0,CST-6,08-JUN-21 13:28:00
980050,2021-08-21T23:00:00+00:00,34.8445,-88.2132,4084.5,114.40980529785156,301.9140625,297.6552734375,99186.625,56.562618255615234,9.882091458039065,11.030155135834885,1.0,0,EF1,CST-6,21-AUG-21 17:09:00
965301,2021-06-19T18:00:00+00:00,31.1041,-86.3977,523.25,0.17200982570648193,298.325927734375,296.603271484375,100411.25,51.33302688598633,17.43779700017328,17.19882045144869,0.0,0,EF0,CST-6,19-JUN-21 12:12:00
965302,2021-06-19T08:00:00+00:00,30.3103,-88.1384,881.25,1.8597921133041382,298.919921875,297.197509765625,101099.4375,65.30286407470703,9.988392521676579,9.535202587283592,0.0,0,EF0,CST-6,19-JUN-21 02:16:00
988886,2021-10-25T02:00:00+00:00,37.5425,-90.3921,1588.4375,0.43887996673583984,293.43115234375,292.431396484375,97233.4375,39.886199951171875,15.884199836353263,20.71605633087055,3.0,1,EF3,CST-6,24-OCT-21 19:47:00
977502,2021-07-29T22:00:00+00:00,40.8211,-74.2459,586.0,77.75009155273438,295.93798828125,294.505615234375,99995.6875,46.085262298583984,10.082122112682415,14.378830745829413,0.0,0,EF0,EST-5,29-JUL-21 16:54:00
1023248,2021-08-21T23:00:00+00:00,36.2019,-87.4151,1904.5,20.05042839050293,298.4365234375,296.83984375,98768.625,62.565547943115234,6.787855653706797,10.636368514136878,0.0,0,EF0,CST-6,21-AUG-21 16:58:00
963709,2021-05-31T21:00:00+00:00,37.2301,-105.9922,875.625,18.1876163482666,287.713623046875,281.427734375,77203.5625,14.495688438415527,0.2518027384406564,4.014673571282246,0.0,0,EF0,MST-7,31-MAY-21 13:30:00
993345,2021-10-11T00:00:00+00:00,35.105,-97.931,1056.0,28.484474182128906,297.96630859375,292.640625,95596.4375,44.119285583496094,9.752401588561433,17.189669136019965,,0,EFU,CST-6,10-OCT-21 18:16:00
997131,2021-12-11T02:00:00+00:00,36.226,-89.694,1424.4375,16.54764175415039,294.040283203125,291.3848571777344,99267.6875,41.96113967895508,20.11754599286919,29.632350198449647,2.0,1,EF2,CST-6,10-DEC-21 20:10:00
997132,2021-12-11T02:00:00+00:00,36.25,-89.644,1424.4375,16.54764175415039,294.040283203125,291.3848571777344,99267.6875,41.96113967895508,20.11754599286919,29.632350198449647,2.0,1,EF2,CST-6,10-DEC-21 20:13:00
997426,2021-12-11T03:00:00+00:00,36.483,-89.135,1179.25,22.48710823059082,293.8203125,291.17413330078125,99031.375,41.51242446899414,21.11810849415683,31.621610737615104,0.0,0,EF0,CST-6,10-DEC-21 20:54:00
962574,2021-05-26T21:00:00+00:00,40.1086,-101.5391,2081.125,200.82302856445312,295.4921875,289.916748046875,90250.4375,28.780248641967773,1.0947164598952013,7.071342315894456,,0,EFU,MST-7,26-MAY-21 14:20:00
962575,2021-05-26T22:00:00+00:00,40.2448,-101.4356,925.375,129.23736572265625,297.869873046875,288.68896484375,90085.125,28.981109619140625,0.18528687209222133,9.451275502940822,,0,EFU,MST-7,26-MAY-21 15:01:00
962588,2021-05-26T22:00:00+00:00,39.9043,-100.9433,908.125,138.11236572265625,297.733154296875,289.41455078125,91017.125,30.155914306640625,2.652459682296009,10.038633105810856,,0,EFU,CST-6,26-MAY-21 16:19:00
962591,2021-05-26T23:00:00+00:00,39.9717,-100.7881,546.5,28.610185623168945,295.21728515625,290.87811279296875,91428.6875,34.015838623046875,4.652842024433214,15.183348020568644,,0,EFU,CST-6,26-MAY-21 16:45:00
962593,2021-05-27T00:00:00+00:00,39.9944,-100.45,638.625,25.250152587890625,293.918701171875,290.7396240234375,91907.6875,37.30699157714844,4.766803250176615,23.11634131475841,,0,EFU,CST-6,26-MAY-21 17:41:00
997130,2021-12-11T02:00:00+00:00,36.084,-89.96,1533.6875,27.12576675415039,294.468017578125,291.8916931152344,99413.6875,42.15449905395508,19.795119215701185,28.475661329953986,4.0,1,EF4,CST-6,10-DEC-21 19:50:00
962597,2021-05-14T01:00:00+00:00,39.42,-101.76,142.8125,,294.914794921875,278.2408447265625,88985.4375,16.65530014038086,0.18767768274639643,13.732074914481839,,0,EFU,MST-7,13-MAY-21 18:10:00
962565,2021-05-24T20:00:00+00:00,39.1011,-101.4696,1668.6875,70.61351013183594,299.23876953125,288.87506103515625,89523.75,26.447830200195312,0.2767797630314875,10.134486712544367,,0,EFU,CST-6,24-MAY-21 14:09:00
962566,2021-05-24T21:00:00+00:00,39.0779,-101.6563,715.4375,94.28143310546875,299.951416015625,287.047607421875,88767.875,24.97620964050293,0.9704122083813493,11.513149497051497,,0,EFU,MST-7,24-MAY-21 13:42:00
962568,2021-05-24T21:00:00+00:00,39.4079,-100.9801,1497.6875,26.031431198120117,295.931884765625,289.779052734375,90430.875,29.48890495300293,1.0908797559033454,6.021853023469037,,0,EFU,CST-6,24-MAY-21 15:15:00
962567,2021-05-24T21:00:00+00:00,39.2084,-101.3109,1043.4375,11.765806198120117,298.342041015625,289.255615234375,89898.875,28.20081901550293,0.2059597096669383,6.183776262357132,,0,EFU,CST-6,24-MAY-21 15:10:00
962572,2021-05-26T22:00:00+00:00,40.1613,-101.5333,925.375,129.23736572265625,297.869873046875,288.68896484375,90085.125,28.981109619140625,0.18528687209222133,9.451275502940822,2.0,1,EF2,MST-7,26-MAY-21 14:39:00
962576,2021-05-26T22:00:00+00:00,40.2898,-101.2991,637.375,173.54986572265625,297.841552734375,288.62451171875,90609.125,28.176422119140625,1.7785070477123042,8.702989943483246,,0,EFU,CST-6,26-MAY-21 16:23:00
991614,2021-10-13T05:00:00+00:00,37.763,-99.2557,2171.3125,0.547023594379425,291.790771484375,290.5187072753906,92474.3125,38.78303909301758,9.438589941768576,24.834347468649383,1.0,0,EF1,CST-6,12-OCT-21 22:59:00
994949,2021-12-16T01:00:00+00:00,43.1713,-92.489,196.0,19.088590621948242,290.66839599609375,287.55511474609375,94927.0,27.56636619567871,18.48252777185786,30.18867036607973,0.0,0,EF0,CST-6,15-DEC-21 19:17:00
994952,2021-12-16T01:00:00+00:00,43.3085,-92.2811,164.84375,69.07296752929688,290.75238037109375,287.60394287109375,94900.0,26.11910057067871,18.128036874882724,29.906526981983454,0.0,0,EF0,CST-6,15-DEC-21 19:29:00
993777,2021-10-13T04:00:00+00:00,37.888,-99.7807,2656.9375,22.40652084350586,291.11962890625,289.8623046875,91933.125,38.64510726928711,7.235414221470969,28.04748971929378,0.0,0,EF0,CST-6,12-OCT-21 21:39:00
962570,2021-05-24T23:00:00+00:00,39.5314,-100.6375,1116.375,26.187532424926758,295.39599609375,290.32818603515625,90939.875,28.923551559448242,0.8395972594864307,11.262366879235895,1.0,0,EF1,CST-6,24-MAY-21 17:06:00
991609,2021-10-13T04:00:00+00:00,37.913,-99.769,2656.9375,22.40652084350586,291.11962890625,289.8623046875,91933.125,38.64510726928711,7.235414221470969,28.04748971929378,1.0,0,EF1,CST-6,12-OCT-21 21:42:00
991610,2021-10-13T04:00:00+00:00,37.6303,-99.6789,2777.875,1.0158963203430176,291.78857421875,290.3369140625,91623.125,37.28768539428711,7.55139131202528,23.765008619495404,1.0,0,EF1,CST-6,12-OCT-21 22:22:00
991612,2021-10-13T05:00:00+00:00,37.6611,-99.3871,2167.875,1.3282736539840698,291.796630859375,290.2657775878906,92014.3125,38.24300003051758,8.721607829817518,24.2147140109998,1.0,0,EF1,CST-6,12-OCT-21 22:49:00
987923,2021-10-22T00:00:00+00:00,40.2283,-80.507,81.125,2.3593811988830566,288.959716796875,287.794921875,97088.6875,24.428730010986328,11.252212080021609,20.9853079408096,2.0,1,EF2,EST-5,21-OCT-21 18:30:00
993344,2021-10-27T02:00:00+00:00,35.908,-99.479,652.5625,472.7969055175781,296.719482421875,288.955810546875,92167.625,27.10988426208496,14.124037040696843,19.437265369882756,,0,EFU,CST-6,26-OCT-21 19:55:00
1086303,2021-08-11T20:00:00+00:00,46.2383,-84.1641,1418.75,174.3845977783203,296.090087890625,294.08056640625,98112.25,41.189048767089844,11.784319650629007,20.493334969502342,0.0,0,EF0,EST-5,11-AUG-21 15:04:00
962564,2021-05-24T20:00:00+00:00,39.0868,-101.5071,1668.6875,70.61351013183594,299.23876953125,288.87506103515625,89523.75,26.447830200195312,0.2767797630314875,10.134486712544367,,0,EFU,MST-7,24-MAY-21 13:03:00
962569,2021-05-24T22:00:00+00:00,39.4625,-100.9398,520.25,69.90636444091797,293.460693359375,289.28143310546875,90423.4375,25.7535400390625,0.9275775382684821,11.207260538565025,,0,EFU,CST-6,24-MAY-21 15:44:00
962571,2021-05-26T21:00:00+00:00,40.1254,-101.5284,2081.125,200.82302856445312,295.4921875,289.916748046875,90250.4375,28.780248641967773,1.0947164598952013,7.071342315894456,0.0,0,EF0,MST-7,26-MAY-21 14:25:00
997127,2021-12-11T01:00:00+00:00,35.7867,-90.5511,1513.25,4.24064302444458,295.23956298828125,292.16217041015625,99393.5,41.375362396240234,19.809385850672147,27.072940643733325,3.0,1,EF3,CST-6,10-DEC-21 19:07:00
997129,2021-12-11T02:00:00+00:00,35.998,-90.137,1634.6875,27.39139175415039,294.671142578125,292.0000915527344,99318.6875,42.44551467895508,19.41958885951772,28.669228247940993,3.0,1,EF3,CST-6,10-DEC-21 19:37:00
997133,2021-12-11T02:00:00+00:00,36.284,-89.57,1325.1875,10.56326675415039,293.980712890625,291.3926696777344,99182.6875,40.71797561645508,20.783515037326218,29.638926364508993,4.0,1,EF4,CST-6,10-DEC-21 20:18:00
997135,2021-12-11T03:00:00+00:00,36.363,-89.394,1296.75,14.33085823059082,294.013671875,291.48077392578125,99128.375,41.13156509399414,21.18233401831476,30.869903263079415,2.0,1,EF2,CST-6,10-DEC-21 20:30:00
996774,2021-12-11T03:00:00+00:00,35.4845,-90.9068,1202.125,41.48710632324219,294.619140625,292.08331298828125,99464.375,39.15793228149414,20.715993917953558,23.696059831436656,0.0,0,EF0,CST-6,10-DEC-21 20:45:00
996777,2021-12-11T03:00:00+00:00,35.5093,-90.8431,1527.625,8.20585823059082,294.720703125,292.15753173828125,99432.375,40.17453384399414,20.943858985507266,24.815993160988377,0.0,0,EF0,CST-6,10-DEC-21 20:51:00
996834,2021-12-11T01:00:00+00:00,35.7084,-90.733,1520.8125,6.10001802444458,295.21807861328125,292.21588134765625,99350.5,41.876338958740234,19.980818489702415,27.7902652669237,1.0,0,EF1,CST-6,10-DEC-21 18:57:00
996803,2021-12-11T08:00:00+00:00,35.68,-88.48,979.625,3.190141201019287,294.23394775390625,291.34820556640625,98694.3125,40.24641799926758,21.123318338881916,24.47505389046981,2.0,1,EF2,CST-6,11-DEC-21 01:40:00
987694,2021-10-22T00:00:00+00:00,40.5347,-80.0713,170.625,0.31250613927841187,289.519287109375,288.4375,96998.6875,27.355487823486328,10.841837764889341,19.850586508171805,0.0,0,EF0,EST-5,21-OCT-21 18:41:00
997139,2021-12-11T05:00:00+00:00,36.12,-89.26,1440.3125,0.9886443614959717,294.84454345703125,291.2830810546875,99141.75,38.9444694519043,21.58694265320848,26.37217845337393,2.0,1,EF2,CST-6,10-DEC-21 22:32:00
997140,2021-12-11T05:00:00+00:00,36.152,-89.157,1486.1875,1.6292693614959717,294.12872314453125,290.9930419921875,99071.75,39.3409538269043,21.84552663463934,25.044882463305925,3.0,1,EF3,CST-6,10-DEC-21 22:38:00
997142,2021-12-11T05:00:00+00:00,36.202,-88.995,1554.4375,0.4730193316936493,294.47735595703125,291.1102294921875,99019.75,39.0509147644043,21.724557642692307,27.03378260498055,2.0,1,EF2,CST-6,10-DEC-21 22:48:00
996823,2021-12-11T07:00:00+00:00,35.308,-89.463,1118.9375,0.31340405344963074,294.7879638671875,291.66192626953125,99134.375,39.001564025878906,21.80803838477705,24.12370810845148,0.0,0,EF0,CST-6,11-DEC-21 00:40:00
996797,2021-12-11T08:00:00+00:00,35.61,-88.67,1024.4375,1.2370160818099976,293.80523681640625,291.29840087890625,98799.3125,39.95344924926758,21.21592591627618,24.830022750432295,1.0,0,EF1,CST-6,11-DEC-21 01:32:00
996784,2021-12-11T11:00:00+00:00,34.5365,-88.4622,267.125,0.21898116171360016,292.079833984375,290.0513916015625,99237.4375,44.57332229614258,19.979024542940632,22.07021018525841,1.0,0,EF1,CST-6,11-DEC-21 04:30:00
997423,2021-12-11T05:00:00+00:00,36.352,-88.522,1565.1875,0.4573943316936493,294.89337158203125,291.7947998046875,98719.75,37.2374382019043,22.02210921225621,30.859559184946917,3.0,1,EF3,CST-6,10-DEC-21 23:18:00
997126,2021-12-11T03:00:00+00:00,36.4066,-89.2241,1179.25,22.48710823059082,293.8203125,291.17413330078125,99031.375,41.51242446899414,21.11810849415683,31.621610737615104,0.0,0,EF0,CST-6,10-DEC-21 20:41:00
994953,2021-12-16T02:00:00+00:00,43.3203,-92.2087,219.78125,2.9541170597076416,290.192626953125,287.191162109375,94642.875,28.744659423828125,21.213802604315973,35.01023122228696,0.0,0,EF0,CST-6,15-DEC-21 19:31:00
987699,2021-10-22T00:00:00+00:00,40.5637,-79.9813,170.625,0.31250613927841187,289.519287109375,288.4375,96998.6875,27.355487823486328,10.841837764889341,19.850586508171805,1.0,0,EF1,EST-5,21-OCT-21 18:47:00
996781,2021-12-11T03:00:00+00:00,35.6654,-90.5268,1803.4375,12.69023323059082,294.8564453125,292.25128173828125,99343.375,40.58761978149414,20.430037269011386,25.104168197665807,2.0,1,EF2,CST-6,10-DEC-21 21:11:00
996806,2021-12-11T08:00:00+00:00,35.8,-88.17,1094.5,2.268266201019287,294.60113525390625,291.41656494140625,98630.3125,40.19954299926758,21.001906301943496,25.174127001886646,1.0,0,EF1,CST-6,11-DEC-21 02:00:00
996807,2021-12-11T08:00:00+00:00,35.819,-88.028,1262.0625,0.09639109671115875,294.74664306640625,291.52789306640625,98669.3125,40.09602737426758,20.671055416221087,25.94897335337228,0.0,0,EF0,CST-6,11-DEC-21 02:07:00
962858,2021-05-16T22:00:00+00:00,38.48,-103.87,407.75,148.29769897460938,293.994873046875,283.67041015625,84842.3125,20.501577377319336,0.19000702513099701,8.022618556003835,,0,EFU,MST-7,16-MAY-21 15:15:00
963188,2021-05-30T00:00:00+00:00,37.15,-103.24,639.125,90.00126647949219,292.868896484375,285.01300048828125,83494.875,24.36529541015625,0.7208700931594508,10.00030183227284,,0,EFU,MST-7,29-MAY-21 17:24:00
980610,2021-05-30T20:00:00+00:00,37.0896,-103.275,1059.6875,118.43765258789062,290.132080078125,286.55859375,84441.125,21.41602325439453,0.1802484799821689,6.907280645033478,,0,EFU,MST-7,30-MAY-21 13:23:00
987925,2021-10-21T23:00:00+00:00,40.8442,-80.3791,185.625,0.21876804530620575,289.539794921875,288.548828125,96941.0625,27.77655601501465,11.603645915974434,18.88853837424392,1.0,0,EF1,EST-5,21-OCT-21 17:56:00
997421,2021-12-11T05:00:00+00:00,36.214,-88.953,1554.4375,0.4730193316936493,294.47735595703125,291.1102294921875,99019.75,39.0509147644043,21.724557642692307,27.03378260498055,3.0,1,EF3,CST-6,10-DEC-21 22:51:00
997128,2021-12-11T01:00:00+00:00,35.927,-90.287,1300.6875,5.80314302444458,295.02471923828125,291.87213134765625,99338.5,41.043331146240234,19.39841364286093,26.944296320160998,3.0,1,EF3,CST-6,10-DEC-21 19:27:00
987794,2021-10-22T00:00:00+00:00,39.998,-80.365,231.8125,0.39063113927841187,289.734130859375,288.6767578125,96733.6875,27.577167510986328,11.972989421485352,19.540403530176405,1.0,0,EF1,EST-5,21-OCT-21 18:58:00
986968,2021-10-11T01:00:00+00:00,35.565,-97.141,1617.0,28.393081665039062,295.313232421875,292.86456298828125,96118.6875,46.45368957519531,9.555126813706728,18.795369857424717,0.0,0,EF0,CST-6,10-OCT-21 19:25:00
997144,2021-12-11T05:00:00+00:00,36.212,-88.961,1554.4375,0.4730193316936493,294.47735595703125,291.1102294921875,99019.75,39.0509147644043,21.724557642692307,27.03378260498055,1.0,0,EF1,CST-6,10-DEC-21 22:50:00
996800,2021-12-11T08:00:00+00:00,35.638,-88.603,979.625,3.190141201019287,294.23394775390625,291.34820556640625,98694.3125,40.24641799926758,21.123318338881916,24.47505389046981,1.0,0,EF1,CST-6,11-DEC-21 01:36:00
986959,2021-10-10T23:00:00+00:00,34.885,-98.725,1043.25,18.626375198364258,296.0830078125,292.9169921875,94690.9375,42.754791259765625,7.475121115530153,13.485188521013471,1.0,0,EF1,CST-6,10-OCT-21 17:13:00
986964,2021-10-11T00:00:00+00:00,35.044,-98.295,998.625,9.562600135803223,296.96044921875,293.630859375,95283.4375,44.480613708496094,9.466033521074918,18.195094961552254,2.0,1,EF2,CST-6,10-OCT-21 17:45:00
1047451,2021-05-30T20:00:00+00:00,37.29,-104.33,1484.25,80.53140258789062,290.028564453125,284.5302734375,82128.125,20.63965606689453,0.7353201504812176,3.7460160498225323,,0,EFU,MST-7,30-MAY-21 13:25:00
980449,2021-08-30T11:00:00+00:00,30.3966,-88.8788,685.25,1.6094136238098145,298.803466796875,297.659912109375,100653.8125,66.21734619140625,16.461033350573995,19.213661210301616,0.0,0,EF0,CST-6,30-AUG-21 04:55:00
980450,2021-08-30T14:00:00+00:00,30.3868,-89.0565,1238.75,23.34383201599121,300.0556640625,298.45703125,100766.375,66.42967224121094,10.611979668613037,15.030791772118201,0.0,0,EF0,CST-6,30-AUG-21 07:44:00
979260,2021-08-30T01:00:00+00:00,30.2061,-89.5074,859.625,79.09542083740234,300.191162109375,298.1602783203125,100189.9375,65.8050537109375,23.966158925571836,21.061203825827675,0.0,0,EF0,CST-6,29-AUG-21 18:59:00
980448,2021-08-30T09:00:00+00:00,30.3973,-88.9332,768.0,45.00007247924805,298.743896484375,297.623779296875,100538.9375,64.17201232910156,18.4656483412729,17.907257071087425,0.0,0,EF0,CST-6,30-AUG-21 03:18:00
962579,2021-05-26T22:00:00+00:00,39.9543,-100.9033,908.125,138.11236572265625,297.733154296875,289.41455078125,91017.125,30.155914306640625,2.652459682296009,10.038633105810856,1.0,0,EF1,CST-6,26-MAY-21 16:29:00
987924,2021-10-22T00:00:00+00:00,40.2534,-80.0961,221.875,0.31250613927841187,289.675537109375,288.4619140625,97062.6875,28.372089385986328,11.94851625273852,19.74558040197479,1.0,0,EF1,EST-5,21-OCT-21 19:07:00
976915,2021-07-11T00:00:00+00:00,34.5998,-111.3216,199.625,,304.5400390625,282.69580078125,80747.5,20.49466323852539,0.12031774724860302,2.2922848078024862,1.0,0,EF1,MST-7,10-JUL-21 17:01:00
962487,2021-05-02T22:00:00+00:00,38.16,-102.85,128.5,,294.780517578125,279.20184326171875,86212.875,17.968017578125,0.29249466775045163,6.785591782474648,,0,EFU,MST-7,02-MAY-21 15:26:00
977487,2021-07-12T00:00:00+00:00,34.73,-112.45,249.5,33.890716552734375,307.30322265625,282.24871826171875,84795.875,27.52969741821289,0.6772161236454596,2.8243813629795818,0.0,0,EF0,MST-7,11-JUL-21 17:10:00
987926,2021-10-21T23:00:00+00:00,40.843,-80.1983,185.625,0.21876804530620575,289.539794921875,288.548828125,96941.0625,27.77655601501465,11.603645915974434,18.88853837424392,1.0,0,EF1,EST-5,21-OCT-21 18:11:00
962795,2021-05-16T00:00:00+00:00,38.02,-103.72,948.9375,340.25274658203125,296.284423828125,281.6004333496094,86134.875,20.342086791992188,0.06397904071323639,6.794780176366849,,0,EFU,MST-7,15-MAY-21 17:19:00
979258,2021-08-30T01:00:00+00:00,30.2112,-89.7729,494.125,83.56417083740234,299.576904296875,297.7344970703125,99863.9375,67.8929443359375,27.449303901666376,24.186192997946247,1.0,0,EF1,CST-6,29-AUG-21 18:33:00
979261,2021-08-30T03:00:00+00:00,30.2197,-89.7942,744.875,70.37741088867188,300.088134765625,298.2998046875,99935.8125,69.98339080810547,24.27629990186101,26.4239046118095,0.0,0,EF0,CST-6,29-AUG-21 20:56:00
983391,2021-08-28T23:00:00+00:00,44.125,-95.22,2224.375,355.7192077636719,298.265869140625,294.713623046875,96353.625,41.25571060180664,7.726117508589828,8.319705507950674,,0,EFU,CST-6,28-AUG-21 17:04:00
957424,2021-05-04T07:00:00+00:00,36.1466,-90.5353,1040.375,215.04696655273438,294.535400390625,292.8686828613281,99523.0625,39.776885986328125,1.7595116308385264,10.26407666687949,0.0,0,EF0,CST-6,04-MAY-21 01:09:00
979263,2021-08-30T03:00:00+00:00,30.2955,-89.3658,1461.25,76.20553588867188,300.609619140625,298.8330078125,100578.8125,64.27635955810547,18.123997525427544,19.814912315796946,0.0,0,EF0,CST-6,29-AUG-21 21:15:00
984501,2021-08-28T23:00:00+00:00,44.2441,-94.8627,2532.75,264.3598327636719,299.063720703125,295.250732421875,97509.625,42.30063247680664,8.612222846655914,4.788550227221718,0.0,0,EF0,CST-6,28-AUG-21 17:29:00
983388,2021-08-28T23:00:00+00:00,43.992,-95.627,2363.0,337.0160827636719,298.147705078125,294.619873046875,95964.625,41.55063247680664,7.5609351054830976,9.569498297179884,,0,EFU,CST-6,28-AUG-21 16:40:00
962573,2021-05-26T22:00:00+00:00,40.2237,-101.4539,925.375,129.23736572265625,297.869873046875,288.68896484375,90085.125,28.981109619140625,0.18528687209222133,9.451275502940822,,0,EFU,MST-7,26-MAY-21 14:49:00
988881,2021-10-25T02:00:00+00:00,37.8773,-89.9425,1555.1875,7.17325496673584,293.81494140625,292.573974609375,98323.4375,37.914520263671875,17.23507001048945,19.27765128903488,2.0,1,EF2,CST-6,24-OCT-21 20:06:00
980452,2021-08-30T14:00:00+00:00,30.3971,-88.9928,737.5,5.921957015991211,299.42724609375,298.0478515625,100532.375,66.10740661621094,15.168294612291655,20.21757920439246,0.0,0,EF0,CST-6,30-AUG-21 07:50:00
983182,2021-08-28T21:00:00+00:00,43.342,-96.933,2516.0,205.7969512939453,304.253662109375,294.601318359375,96207.0625,45.0902099609375,5.577260422241928,11.478056994891295,,0,EFU,CST-6,28-AUG-21 15:21:00
968191,2021-08-21T00:00:00+00:00,45.3935,-95.0931,543.25,0.9684160351753235,296.363037109375,294.07373046875,95838.6875,50.0411376953125,13.36687575551767,13.365361318988235,,0,EFU,CST-6,20-AUG-21 17:30:00
979255,2021-08-29T12:00:00+00:00,30.3618,-89.36,896.875,36.12704849243164,300.50146484375,298.02587890625,100928.8125,57.36155700683594,13.600824796922842,18.482796354869112,1.0,0,EF1,CST-6,29-AUG-21 06:25:00
979257,2021-08-29T22:00:00+00:00,30.3777,-89.0646,534.25,46.640689849853516,299.998291015625,298.23828125,100768.375,68.41590118408203,17.792081280733694,18.06935753190916,0.0,0,EF0,CST-6,29-AUG-21 16:15:00
987929,2021-10-22T00:00:00+00:00,40.88,-79.95,111.375,2.8906311988830566,288.937255859375,287.556640625,96816.6875,25.191425323486328,11.062930859273749,20.038198093195888,0.0,0,EF0,EST-5,21-OCT-21 18:33:00
988310,2021-10-22T00:00:00+00:00,40.06,-80.364,231.8125,0.39063113927841187,289.734130859375,288.6767578125,96733.6875,27.577167510986328,11.972989421485352,19.540403530176405,1.0,0,EF1,EST-5,21-OCT-21 18:59:00
1026346,2021-10-21T23:00:00+00:00,40.8458,-80.1581,185.625,0.21876804530620575,289.539794921875,288.548828125,96941.0625,27.77655601501465,11.603645915974434,18.88853837424392,1.0,0,EF1,EST-5,21-OCT-21 18:15:00
984763,2021-10-11T20:00:00+00:00,39.3547,-90.3002,476.9375,53.09379577636719,296.014404296875,291.462890625,97906.5,36.244754791259766,10.261691304145511,16.882984369731027,2.0,1,EF2,CST-6,11-OCT-21 13:37:00
983945,2021-08-28T22:00:00+00:00,43.365,-96.707,4000.125,304.3133544921875,301.221435546875,294.636474609375,96137.125,43.08172607421875,6.359230447519449,12.75511620582517,,0,EFU,CST-6,28-AUG-21 15:35:00
982086,2021-08-09T01:00:00+00:00,42.698,-94.923,2262.0,122.90312194824219,298.899658203125,294.04296875,95966.625,42.65393829345703,6.3237419167342015,16.418767535528783,,0,EFU,CST-6,08-AUG-21 19:12:00
982069,2021-08-08T22:00:00+00:00,43.454,-95.583,220.375,14.391348838806152,298.860595703125,292.833984375,95267.8125,41.03102493286133,1.546557627556106,10.533315015062039,,0,EFU,CST-6,08-AUG-21 15:36:00
980447,2021-08-30T04:00:00+00:00,30.3081,-89.2822,1709.25,101.57037353515625,301.272705078125,298.504150390625,100608.4375,64.3814468383789,16.832156996376714,19.101875767884344,0.0,0,EF0,CST-6,29-AUG-21 21:37:00
952384,2021-05-03T01:00:00+00:00,40.474,-99.0502,685.0625,29.48638153076172,292.94189453125,289.2822265625,92276.0,31.32836151123047,1.4201403521714913,4.614171735552633,0.0,0,EF0,CST-6,02-MAY-21 18:57:00
987670,2021-10-16T12:00:00+00:00,41.35,-79.05,27.65625,16.33003807067871,291.04931640625,289.9969787597656,94553.3125,36.1524543762207,10.638708175048007,20.39657035853579,1.0,0,EF1,EST-5,16-OCT-21 07:08:00
983390,2021-08-28T23:00:00+00:00,44.062,-95.475,2363.0,337.0160827636719,298.147705078125,294.619873046875,95964.625,41.55063247680664,7.5609351054830976,9.569498297179884,,0,EFU,CST-6,28-AUG-21 16:53:00
991606,2021-10-13T02:00:00+00:00,37.3983,-100.802,2637.75,2.3226263523101807,292.39453125,290.821533203125,90074.0625,35.40497589111328,0.17390467855768071,27.279781717344836,1.0,0,EF1,CST-6,12-OCT-21 20:23:00
991608,2021-10-13T03:00:00+00:00,37.7411,-100.1814,2271.25,1.2812657356262207,290.459228515625,289.06805419921875,90844.5,36.295928955078125,4.090704321193533,28.430700083421765,1.0,0,EF1,CST-6,12-OCT-21 21:12:00
991611,2021-10-13T05:00:00+00:00,37.584,-99.5728,1978.875,0.843898594379425,292.037841796875,290.3946838378906,92015.3125,38.10335159301758,8.992748356222945,24.337667212885318,1.0,0,EF1,CST-6,12-OCT-21 22:38:00
991615,2021-10-13T05:00:00+00:00,37.7538,-99.1067,2251.4375,0.15639860928058624,291.229248046875,290.2735900878906,92925.3125,39.49788284301758,10.332440402490125,24.43804544975186,1.0,0,EF1,CST-6,12-OCT-21 23:05:00
963110,2021-05-04T08:00:00+00:00,36.4123,-89.1602,1868.375,2.5560622215270996,294.59423828125,293.103271484375,99438.875,41.73777389526367,4.096736720070439,11.193795010880304,1.0,0,EF1,CST-6,04-MAY-21 02:23:00
957587,2021-05-04T10:00:00+00:00,36.317,-88.042,318.0,206.76588439941406,291.996826171875,290.707763671875,98919.3125,45.45332336425781,13.994385250024806,15.784309306039937,0.0,0,EF0,CST-6,04-MAY-21 03:35:00
984537,2021-08-28T23:00:00+00:00,44.226,-94.8068,2532.75,264.3598327636719,299.063720703125,295.250732421875,97509.625,42.30063247680664,8.612222846655914,4.788550227221718,0.0,0,EF0,CST-6,28-AUG-21 17:29:00
984538,2021-08-29T00:00:00+00:00,44.3038,-94.641,2282.5,388.2956848144531,299.37451171875,295.394287109375,97423.375,41.95575714111328,9.18430652234522,7.288925826625739,0.0,0,EF0,CST-6,28-AUG-21 17:47:00
984539,2021-08-29T00:00:00+00:00,44.3473,-94.5857,2327.625,365.7331848144531,299.41259765625,295.595458984375,97623.375,42.14716339111328,9.41196475424505,7.103613357737587,,0,EFU,CST-6,28-AUG-21 17:52:00
980451,2021-08-30T14:00:00+00:00,30.391,-89.0061,737.5,5.921957015991211,299.42724609375,298.0478515625,100532.375,66.10740661621094,15.168294612291655,20.21757920439246,0.0,0,EF0,CST-6,30-AUG-21 07:49:00
968192,2021-08-21T00:00:00+00:00,45.4506,-95.003,543.25,0.9684160351753235,296.363037109375,294.07373046875,95838.6875,50.0411376953125,13.36687575551767,13.365361318988235,0.0,0,EF0,CST-6,20-AUG-21 17:42:00
983193,2021-08-28T21:00:00+00:00,43.352,-96.862,2633.875,226.4375762939453,303.877685546875,294.539794921875,96136.0625,45.2034912109375,5.9108435126770384,10.978428961784285,,0,EFU,CST-6,28-AUG-21 15:25:00
983206,2021-08-28T22:00:00+00:00,43.362,-96.783,4000.125,304.3133544921875,301.221435546875,294.636474609375,96137.125,43.08172607421875,6.359230447519449,12.75511620582517,,0,EFU,CST-6,28-AUG-21 15:30:00
990992,2021-09-10T00:00:00+00:00,34.5203,-117.7595,284.0,,304.68994140625,282.315673828125,87811.75,28.862842559814453,0.7947618199263639,6.226364585093702,0.0,0,EF0,PST-8,09-SEP-21 15:58:00
979262,2021-08-30T03:00:00+00:00,30.2664,-89.3864,1187.5,38.68990707397461,300.377197265625,298.7861328125,100301.8125,66.42284393310547,21.705445366052473,24.455174929041107,0.0,0,EF0,CST-6,29-AUG-21 21:11:00
990330,2021-04-08T08:00:00+00:00,30.3601,-89.6124,557.875,15.484478950500488,294.351318359375,292.2311096191406,101125.0625,42.817230224609375,12.580359357602452,13.271345613642163,0.0,0,EF0,CST-6,08-APR-21 02:26:00
1007859,2021-10-25T02:00:00+00:00,37.858,-89.98,1555.1875,7.17325496673584,293.81494140625,292.573974609375,98323.4375,37.914520263671875,17.23507001048945,19.27765128903488,2.0,1,EF2,CST-6,24-OCT-21 20:02:00
982081,2021-08-08T22:00:00+00:00,43.415,-95.546,220.375,14.391348838806152,298.860595703125,292.833984375,95267.8125,41.03102493286133,1.546557627556106,10.533315015062039,0.0,0,EF0,CST-6,08-AUG-21 15:47:00
980453,2021-08-30T14:00:00+00:00,30.3974,-88.9737,737.5,5.921957015991211,299.42724609375,298.0478515625,100532.375,66.10740661621094,15.168294612291655,20.21757920439246,0.0,0,EF0,CST-6,30-AUG-21 07:56:00
982092,2021-08-20T21:00:00+00:00,43.334,-95.793,1587.25,6.699789047241211,300.650390625,293.64892578125,95390.25,47.94705581665039,9.215414463232,15.95174866464641,0.0,0,EF0,CST-6,20-AUG-21 14:34:00
984540,2021-08-29T01:00:00+00:00,43.8758,-93.5136,733.375,454.0332336425781,299.219482421875,294.6982421875,96966.625,32.929901123046875,10.922505144744473,8.799512679877374,0.0,0,EF0,CST-6,28-AUG-21 19:14:00
988880,2021-10-25T02:00:00+00:00,37.753,-90.299,1563.625,2.61075496673584,293.58447265625,292.399169921875,97704.4375,38.352996826171875,17.012638415068935,19.218331472925247,3.0,1,EF3,CST-6,24-OCT-21 19:32:00
983386,2021-08-28T22:00:00+00:00,43.936,-95.863,2026.375,245.2821044921875,298.365966796875,294.027099609375,95595.125,40.87664794921875,5.9965232918346345,8.238507362232387,,0,EFU,CST-6,28-AUG-21 16:29:00
983389,2021-08-28T23:00:00+00:00,44.044,-95.561,2363.0,337.0160827636719,298.147705078125,294.619873046875,95964.625,41.55063247680664,7.5609351054830976,9.569498297179884,,0,EFU,CST-6,28-AUG-21 16:48:00
973406,2021-08-29T01:00:00+00:00,43.8756,-93.5422,733.375,454.0332336425781,299.219482421875,294.6982421875,96966.625,32.929901123046875,10.922505144744473,8.799512679877374,0.0,0,EF0,CST-6,28-AUG-21 19:12:00
973408,2021-08-28T16:00:00+00:00,45.5726,-94.5994,1869.375,708.4697265625,297.726318359375,293.917236328125,97093.625,40.914241790771484,3.1449348038227716,9.877039268081036,0.0,0,EF0,CST-6,28-AUG-21 10:26:00
980454,2021-08-30T16:00:00+00:00,30.3499,-88.5583,1585.625,58.361087799072266,300.0,297.7607421875,100945.375,66.25775146484375,9.46130373544188,14.394370574989496,0.0,0,EF0,CST-6,30-AUG-21 09:37:00
987095,2021-10-13T00:00:00+00:00,35.4166,-99.17,3530.875,84.42351531982422,296.822265625,291.7381591796875,94017.75,40.36308670043945,10.832036184020268,21.778410924980864,,0,EFU,CST-6,12-OCT-21 18:24:00
987098,2021-10-13T01:00:00+00:00,34.372,-99.077,1586.5,372.7693786621094,301.244873046875,292.62091064453125,96096.5625,35.757606506347656,13.14302990036684,17.01262374705995,1.0,0,EF1,CST-6,12-OCT-21 18:41:00
987099,2021-10-13T01:00:00+00:00,34.591,-98.893,1733.875,306.2225036621094,300.687255859375,292.33184814453125,95708.5625,34.732215881347656,13.54118460114123,16.7608609108082,1.0,0,EF1,CST-6,12-OCT-21 19:19:00
987100,2021-10-13T01:00:00+00:00,34.594,-98.888,1733.875,306.2225036621094,300.687255859375,292.33184814453125,95708.5625,34.732215881347656,13.54118460114123,16.7608609108082,1.0,0,EF1,CST-6,12-OCT-21 19:20:00
989414,2021-10-13T01:00:00+00:00,35.5305,-98.9449,2809.125,210.75375366210938,297.018310546875,292.51153564453125,94490.5625,38.806434631347656,13.0564845409777,22.415257519893313,,0,EFU,CST-6,12-OCT-21 19:01:00
986958,2021-10-10T23:00:00+00:00,34.8165,-98.897,1048.0,25.267000198364258,295.5908203125,292.8212890625,94719.9375,43.888580322265625,5.354141566537588,12.845426708467627,,0,EFU,CST-6,10-OCT-21 16:59:00
986960,2021-10-10T23:00:00+00:00,34.9,-98.619,796.0,0.8138756155967712,295.83203125,292.546875,94841.9375,40.251861572265625,6.684868925097328,17.222212163684546,1.0,0,EF1,CST-6,10-OCT-21 17:20:00
987106,2021-10-13T10:00:00+00:00,35.475,-97.562,1146.5,119.3750228881836,294.30548095703125,291.83367919921875,96186.5625,44.20994567871094,13.142936723137227,22.29307583700334,1.0,0,EF1,CST-6,13-OCT-21 04:15:00
953794,2021-06-07T21:00:00+00:00,33.3295,-92.5861,3209.5,34.343772888183594,296.94775390625,295.124267578125,100465.875,49.544532775878906,9.403153766862781,14.850010979149197,,0,EFU,CST-6,07-JUN-21 15:26:00
987101,2021-10-13T01:00:00+00:00,34.621,-98.857,1961.0,184.22250366210938,300.263427734375,292.94610595703125,95990.5625,38.241981506347656,13.551578797240019,20.377990918696675,1.0,0,EF1,CST-6,12-OCT-21 19:26:00
987102,2021-10-13T02:00:00+00:00,34.652,-98.826,1720.625,220.4320068359375,299.14453125,293.576416015625,95219.0625,33.57880401611328,14.244986389071316,17.52844854504333,0.0,0,EF0,CST-6,12-OCT-21 19:30:00
987104,2021-10-13T03:00:00+00:00,34.9512,-98.5224,1707.375,175.50001525878906,297.229736328125,292.85906982421875,95437.5,35.032257080078125,15.15489801222727,17.669502441502907,,0,EFU,CST-6,12-OCT-21 20:35:00
987107,2021-10-13T10:00:00+00:00,35.508,-97.4595,1146.5,119.3750228881836,294.30548095703125,291.83367919921875,96186.5625,44.20994567871094,13.142936723137227,22.29307583700334,0.0,0,EF0,CST-6,13-OCT-21 04:22:00
954101,2021-06-08T14:00:00+00:00,32.3097,-95.3769,1680.5,61.0028076171875,297.739501953125,295.945068359375,99756.5625,48.818477630615234,11.536302895965525,11.947651320332904,0.0,0,EF0,CST-6,08-JUN-21 08:11:00
987105,2021-10-13T10:00:00+00:00,35.39,-97.776,1319.6875,33.281272888183594,293.80743408203125,291.73602294921875,95938.5625,47.22166442871094,12.576402896460928,22.55499030518306,1.0,0,EF1,CST-6,13-OCT-21 03:59:00
989413,2021-10-13T01:00:00+00:00,35.515,-98.961,2809.125,210.75375366210938,297.018310546875,292.51153564453125,94490.5625,38.806434631347656,13.0564845409777,22.415257519893313,1.0,0,EF1,CST-6,12-OCT-21 18:55:00
986966,2021-10-11T00:00:00+00:00,35.061,-98.093,1056.0,28.484474182128906,297.96630859375,292.640625,95596.4375,44.119285583496094,9.752401588561433,17.189669136019965,,0,EFU,CST-6,10-OCT-21 18:04:00
987096,2021-10-13T01:00:00+00:00,34.3388,-99.082,1586.5,372.7693786621094,301.244873046875,292.62091064453125,96096.5625,35.757606506347656,13.14302990036684,17.01262374705995,0.0,0,EF0,CST-6,12-OCT-21 18:38:00
987103,2021-10-13T02:00:00+00:00,34.778,-98.685,1720.625,220.4320068359375,299.14453125,293.576416015625,95219.0625,33.57880401611328,14.244986389071316,17.52844854504333,,0,EFU,CST-6,12-OCT-21 20:00:00
987380,2021-10-27T06:00:00+00:00,35.258,-97.413,1282.5,28.406320571899414,291.57275390625,290.52734375,95846.875,41.81922912597656,14.39236808731951,17.871961844894802,1.0,0,EF1,CST-6,26-OCT-21 23:36:00
986965,2021-10-11T00:00:00+00:00,35.055,-98.112,1056.0,28.484474182128906,297.96630859375,292.640625,95596.4375,44.119285583496094,9.752401588561433,17.189669136019965,,0,EFU,CST-6,10-OCT-21 18:02:00
954102,2021-06-08T15:00:00+00:00,31.8077,-95.1379,1923.25,61.865684509277344,299.360595703125,296.450439453125,99984.9375,47.63273239135742,7.095611685169435,15.698113092343768,0.0,0,EF0,CST-6,08-JUN-21 09:02:00
954103,2021-06-08T15:00:00+00:00,31.8676,-94.9897,2042.75,89.13130950927734,299.883056640625,296.394775390625,100074.9375,48.15128707885742,6.838354138687011,15.562090370973769,0.0,0,EF0,CST-6,08-JUN-21 09:23:00
987094,2021-10-13T00:00:00+00:00,35.2092,-99.3973,3101.375,233.50164794921875,298.232421875,291.5194091796875,93733.75,37.94218826293945,12.256907387006208,24.321276514710046,0.0,0,EF0,CST-6,12-OCT-21 17:48:00
991613,2021-10-13T05:00:00+00:00,37.6399,-99.3576,2171.3125,0.547023594379425,291.790771484375,290.5187072753906,92474.3125,38.78303909301758,9.438589941768576,24.834347468649383,,0,EFU,CST-6,12-OCT-21 22:48:00
987791,2021-10-21T23:00:00+00:00,40.1652,-80.8291,153.0,2.6562681198120117,289.262451171875,288.3798828125,96969.0625,26.88886070251465,11.622756053043934,19.61938163865983,1.0,0,EF1,EST-5,21-OCT-21 18:03:00
987792,2021-10-21T23:00:00+00:00,40.029,-81.0045,158.625,1.9062680006027222,289.393310546875,288.6650390625,96956.0625,26.53436851501465,11.55572094982848,19.452397318182754,1.0,0,EF1,EST-5,21-OCT-21 18:06:00
994946,2021-12-16T01:00:00+00:00,42.9847,-92.8534,216.5,5.994840621948242,291.03753662109375,287.47503662109375,95179.0,29.74703025817871,19.7604149652371,32.61645489036894,1.0,0,EF1,CST-6,15-DEC-21 18:59:00
994947,2021-12-16T01:00:00+00:00,43.1117,-92.925,171.1875,7.729215621948242,290.72210693359375,287.47894287109375,95048.0,30.75386619567871,19.852859584092457,32.318275916789865,1.0,0,EF1,CST-6,15-DEC-21 19:06:00
994948,2021-12-16T01:00:00+00:00,43.0974,-92.483,254.03125,39.885467529296875,291.23675537109375,287.44378662109375,95270.0,28.70015525817871,19.313816086941003,32.289529805123244,1.0,0,EF1,CST-6,15-DEC-21 19:15:00
994945,2021-12-16T01:00:00+00:00,42.9073,-92.9019,171.1875,7.729215621948242,290.72210693359375,287.47894287109375,95048.0,30.75386619567871,19.852859584092457,32.318275916789865,1.0,0,EF1,CST-6,15-DEC-21 18:54:00
994950,2021-12-16T01:00:00+00:00,43.2128,-92.4493,196.0,19.088590621948242,290.66839599609375,287.55511474609375,94927.0,27.56636619567871,18.48252777185786,30.18867036607973,0.0,0,EF0,CST-6,15-DEC-21 19:21:00
994951,2021-12-16T01:00:00+00:00,43.2595,-92.3979,196.0,19.088590621948242,290.66839599609375,287.55511474609375,94927.0,27.56636619567871,18.48252777185786,30.18867036607973,0.0,0,EF0,CST-6,15-DEC-21 19:23:00
991607,2021-10-13T03:00:00+00:00,37.7074,-100.3277,2271.25,1.2812657356262207,290.459228515625,289.06805419921875,90844.5,36.295928955078125,4.090704321193533,28.430700083421765,1.0,0,EF1,CST-6,12-OCT-21 21:02:00
987667,2021-10-16T10:00:00+00:00,40.674,-80.27,46.6875,2.109541893005371,291.3388671875,290.18853759765625,96440.0,39.373390197753906,7.588398050911582,19.154454907039383,1.0,0,EF1,EST-5,16-OCT-21 05:16:00
987789,2021-10-16T08:00:00+00:00,39.9006,-81.8391,424.28125,0.0626283660531044,290.9228515625,290.03741455078125,97212.6875,38.863624572753906,11.077899857672948,19.616262134016555,1.0,0,EF1,EST-5,16-OCT-21 02:44:00
987790,2021-10-16T08:00:00+00:00,39.964,-81.7219,424.28125,0.0626283660531044,290.9228515625,290.03741455078125,97212.6875,38.863624572753906,11.077899857672948,19.616262134016555,0.0,0,EF0,EST-5,16-OCT-21 02:53:00
987665,2021-10-16T10:00:00+00:00,40.6269,-80.428,63.71875,0.6251668334007263,290.931640625,289.97662353515625,96500.0,39.426124572753906,9.196316920252732,18.10550374636521,0.0,0,EF0,EST-5,16-OCT-21 05:06:00
1000300,2021-12-15T23:00:00+00:00,42.91,-95.514,67.6875,3.3769450187683105,286.4570617675781,284.7396240234375,93754.375,25.637981414794922,15.905619864408225,26.80929088196797,1.0,0,EF1,CST-6,15-DEC-21 17:08:00
996919,2021-12-11T03:00:00+00:00,39.102,-89.2506,1566.1875,22.62773323059082,291.8837890625,289.87628173828125,97617.375,35.68625259399414,20.87472950959495,26.032209347292838,1.0,0,EF1,CST-6,10-DEC-21 21:12:00
999589,2021-12-15T22:00:00+00:00,42.366,-96.302,10.625,18.046907424926758,288.05255126953125,284.8037109375,94614.5625,24.58623504638672,17.49629174932502,28.550840841556717,1.0,0,EF1,CST-6,15-DEC-21 16:20:00
999598,2021-12-15T22:00:00+00:00,42.429,-96.182,23.75,21.578157424926758,287.50469970703125,284.501953125,94385.5625,24.61260223388672,17.062935897762838,25.671426296763283,2.0,1,EF2,CST-6,15-DEC-21 16:25:00
1000338,2021-12-15T23:00:00+00:00,42.585,-95.388,123.125,2.3300700187683105,287.0596008300781,285.0521240234375,94019.375,25.817668914794922,16.756674041800014,26.886278028934402,1.0,0,EF1,CST-6,15-DEC-21 17:01:00
1000354,2021-12-15T23:00:00+00:00,42.834,-95.171,92.25,3.9394450187683105,286.9931945800781,285.1292724609375,94034.375,25.172161102294922,17.09721863642128,27.932431748159512,2.0,1,EF2,CST-6,15-DEC-21 17:18:00
1000140,2021-12-15T23:00:00+00:00,42.505,-95.992,153.0,2.2988200187683105,286.5097961425781,284.8157958984375,94171.375,26.254192352294922,16.212663768015165,25.26995928843797,1.0,0,EF1,CST-6,15-DEC-21 16:35:00
1000268,2021-12-15T23:00:00+00:00,42.858,-95.541,87.625,3.2363200187683105,286.4463195800781,284.7972412109375,93930.375,25.777629852294922,16.64525740193505,26.788961514001507,1.0,0,EF1,CST-6,15-DEC-21 17:05:00
1000312,2021-12-15T23:00:00+00:00,42.562,-95.405,123.125,2.3300700187683105,287.0596008300781,285.0521240234375,94019.375,25.817668914794922,16.756674041800014,26.886278028934402,,0,EFU,CST-6,15-DEC-21 17:00:00
1000219,2021-12-15T23:00:00+00:00,42.293,-95.667,137.9375,4.4238200187683105,288.0283508300781,285.4525146484375,94281.375,26.242473602294922,16.781859110602618,26.786550805188792,1.0,0,EF1,CST-6,15-DEC-21 16:42:00
1000303,2021-12-15T23:00:00+00:00,42.526,-95.435,123.125,2.3300700187683105,287.0596008300781,285.0521240234375,94019.375,25.817668914794922,16.756674041800014,26.886278028934402,0.0,0,EF0,CST-6,15-DEC-21 16:58:00
1000404,2021-12-15T23:00:00+00:00,42.776,-95.388,87.625,3.2363200187683105,286.4463195800781,284.7972412109375,93930.375,25.777629852294922,16.64525740193505,26.788961514001507,1.0,0,EF1,CST-6,15-DEC-21 17:07:00
1000437,2021-12-16T00:00:00+00:00,43.265,-95.088,175.0,2.273366928100586,286.4334716796875,285.54583740234375,93767.5,26.86281967163086,15.992670572819307,23.518978278798052,1.0,0,EF1,CST-6,15-DEC-21 17:39:00
1000396,2021-12-15T23:00:00+00:00,42.635,-95.489,123.125,2.3300700187683105,287.0596008300781,285.0521240234375,94019.375,25.817668914794922,16.756674041800014,26.886278028934402,1.0,0,EF1,CST-6,15-DEC-21 16:59:00
996712,2021-12-11T02:00:00+00:00,38.757,-90.058,1271.125,51.43826675415039,292.368408203125,290.4756774902344,97817.6875,33.95430374145508,20.775884826049428,27.663305154820172,3.0,1,EF3,CST-6,10-DEC-21 20:27:00
996401,2021-12-11T01:00:00+00:00,39.0749,-91.5897,960.9375,0.6156431436538696,290.43975830078125,288.21783447265625,96915.5,33.810909271240234,19.73480206795101,29.507389309204367,0.0,0,EF0,CST-6,10-DEC-21 18:55:00
994188,2021-12-30T02:00:00+00:00,34.5167,-85.9429,47.4375,51.30195236206055,291.22113037109375,289.9762268066406,97192.1875,38.76628494262695,20.13632759371225,26.147758425658782,1.0,0,EF1,CST-6,29-DEC-21 20:21:00
996984,2021-12-11T02:00:00+00:00,38.675,-90.676,966.125,32.95389175415039,291.268798828125,289.3604431152344,97601.6875,34.50020217895508,19.86466721296165,28.027724048515573,1.0,0,EF1,CST-6,10-DEC-21 19:51:00
989690,2021-12-06T10:00:00+00:00,36.58,-88.49,62.75,12.078165054321289,286.64752197265625,284.722412109375,99155.25,32.72950744628906,18.84625337705905,24.760297322631942,1.0,0,EF1,CST-6,06-DEC-21 03:36:00
989580,2021-12-06T11:00:00+00:00,36.83,-87.22,113.0,2.125016212463379,287.5729064941406,285.7591552734375,98930.875,32.95509338378906,13.45913629339255,22.240103835345916,1.0,0,EF1,CST-6,06-DEC-21 04:33:00
989576,2021-12-06T02:00:00+00:00,37.0641,-88.5377,977.4375,59.84598922729492,291.6524658203125,289.49224853515625,99486.5625,29.034412384033203,21.543045349249837,19.195801512559257,0.0,0,EF0,CST-6,05-DEC-21 20:24:00
989688,2021-12-06T10:00:00+00:00,36.59,-88.53,62.75,12.078165054321289,286.64752197265625,284.722412109375,99155.25,32.72950744628906,18.84625337705905,24.760297322631942,0.0,0,EF0,CST-6,06-DEC-21 03:34:00
989578,2021-12-06T11:00:00+00:00,36.74,-87.17,113.0,2.125016212463379,287.5729064941406,285.7591552734375,98930.875,32.95509338378906,13.45913629339255,22.240103835345916,0.0,0,EF0,CST-6,06-DEC-21 04:40:00
989559,2021-12-06T04:00:00+00:00,37.9,-88.97,432.0,16.765655517578125,290.5273132324219,288.10333251953125,98989.3125,28.990001678466797,18.516736084301208,16.9540941166869,1.0,0,EF1,CST-6,05-DEC-21 22:21:00
989693,2021-12-06T09:00:00+00:00,36.62,-88.72,401.125,5.518980979919434,290.3628234863281,288.5938415527344,99238.6875,32.62874221801758,20.14743820485919,21.60247469191756,0.0,0,EF0,CST-6,06-DEC-21 03:23:00
959112,2021-07-01T21:00:00+00:00,38.9209,-75.3898,1733.25,57.614234924316406,300.03564453125,295.10888671875,100772.625,55.66783905029297,7.217340895077788,14.70261053268627,1.0,0,EF1,EST-5,01-JUL-21 16:00:00
959414,2021-07-09T07:00:00+00:00,39.2358,-74.7927,212.375,,296.86279296875,295.64404296875,100253.8125,63.424720764160156,9.507019914338704,8.179359968769683,1.0,0,EF1,EST-5,09-JUL-21 01:40:00
999310,2021-12-06T14:00:00+00:00,35.3945,-86.3314,61.875,,289.53466796875,288.53289794921875,98053.5625,32.91576385498047,15.69137923024496,18.58490213491932,0.0,0,EF0,CST-6,06-DEC-21 07:40:00
959415,2021-07-09T08:00:00+00:00,39.5704,-74.3598,211.625,,296.812255859375,295.36572265625,100246.8125,63.3041877746582,9.347887230813418,10.383418988172311,0.0,0,EF0,EST-5,09-JUL-21 02:33:00
994194,2021-12-11T03:00:00+00:00,36.592,-88.96,1084.4375,15.51835823059082,294.064453125,291.50714111328125,98946.375,41.22824478149414,21.667709300082553,30.852265993921367,3.0,1,EF3,CST-6,10-DEC-21 21:06:00
993772,2021-12-11T03:00:00+00:00,37.257,-87.184,1064.5,29.34648323059082,292.5556640625,290.45733642578125,98714.375,36.48508071899414,20.528179140842578,24.96311081587322,1.0,0,EF1,CST-6,10-DEC-21 20:32:00
996014,2021-12-11T05:00:00+00:00,37.31,-87.378,900.1875,0.1761443316936493,292.36407470703125,289.9051513671875,98603.75,39.4610710144043,22.501958991903546,32.621699778938776,4.0,1,EF4,CST-6,10-DEC-21 22:55:00
994038,2021-12-11T03:00:00+00:00,36.503,-89.106,1084.4375,15.51835823059082,294.064453125,291.50714111328125,98946.375,41.22824478149414,21.667709300082553,30.852265993921367,4.0,1,EF4,CST-6,10-DEC-21 20:56:00
998802,2021-12-31T21:00:00+00:00,34.2875,-85.7878,223.78125,,294.40435791015625,291.807373046875,97926.765625,33.38954544067383,11.862184366046877,19.233293254717307,1.0,0,EF1,CST-6,31-DEC-21 14:49:00
993775,2021-12-11T07:00:00+00:00,36.793,-87.309,1589.8125,0.15715405344963074,294.2225341796875,291.66778564453125,98255.375,37.621681213378906,20.321724513742893,26.809104753356454,1.0,0,EF1,CST-6,11-DEC-21 00:32:00
994954,2021-12-11T04:00:00+00:00,36.947,-88.201,1089.5,1.3212089538574219,292.7060546875,290.441650390625,98704.8125,40.83461380004883,22.248684357950275,33.82243673498312,3.0,1,EF3,CST-6,10-DEC-21 21:58:00
994196,2021-12-11T03:00:00+00:00,36.666,-88.816,1151.0625,11.73710823059082,293.9375,291.50030517578125,98618.375,40.65988540649414,21.783589007263572,30.605673812952595,4.0,1,EF4,CST-6,10-DEC-21 21:16:00
995882,2021-12-11T04:00:00+00:00,37.056,-87.964,1006.5625,0.6024589538574219,292.05078125,289.767822265625,98602.8125,40.50160598754883,22.274543156117893,32.20367943510499,4.0,1,EF4,CST-6,10-DEC-21 22:14:00
993773,2021-12-11T06:00:00+00:00,36.497,-88.056,1600.5625,0.05714064836502075,294.28668212890625,291.5914611816406,98576.5625,37.97109603881836,21.608028793859955,28.106910397578396,1.0,0,EF1,CST-6,10-DEC-21 23:49:00
993774,2021-12-11T06:00:00+00:00,36.637,-87.688,1385.1875,0.07276564836502075,294.67633056640625,291.9967346191406,98407.5625,36.59316635131836,21.941373312443776,29.942710965531397,2.0,1,EF2,CST-6,11-DEC-21 00:10:00
965609,2021-07-29T20:00:00+00:00,40.6151,-75.7965,1076.625,50.568450927734375,299.431396484375,294.40478515625,99192.1875,46.412200927734375,7.6255601597967955,17.977627064562178,1.0,0,EF1,EST-5,29-JUL-21 15:05:00
965608,2021-07-29T20:00:00+00:00,40.611,-75.807,1076.625,50.568450927734375,299.431396484375,294.40478515625,99192.1875,46.412200927734375,7.6255601597967955,17.977627064562178,1.0,0,EF1,EST-5,29-JUL-21 15:04:00
965616,2021-07-29T20:00:00+00:00,40.758,-75.624,964.875,16.240327835083008,298.371826171875,293.88916015625,98338.1875,45.166107177734375,7.5949539195971125,17.45232935485017,1.0,0,EF1,EST-5,29-JUL-21 15:25:00
965635,2021-07-29T23:00:00+00:00,40.237,-74.585,1613.125,98.9941177368164,297.775146484375,295.803466796875,100434.5625,46.57856750488281,11.398104658622053,15.89500313421342,1.0,0,EF1,EST-5,29-JUL-21 17:56:00
965638,2021-07-30T01:00:00+00:00,39.7761,-74.3934,2027.875,95.5156478881836,297.664794921875,295.91943359375,100546.875,45.67788314819336,13.721947482575382,10.935281462052997,1.0,0,EF1,EST-5,29-JUL-21 19:43:00
965631,2021-07-29T22:00:00+00:00,40.393,-75.106,1360.5,26.125091552734375,296.42431640625,295.625732421875,99332.6875,45.997371673583984,9.676743229209716,16.458217637737675,1.0,0,EF1,EST-5,29-JUL-21 16:40:00
965632,2021-07-29T22:00:00+00:00,40.345,-74.948,1706.5,53.828216552734375,296.93017578125,295.904052734375,99880.6875,47.580379486083984,10.241925918905055,16.844480791309635,2.0,1,EF2,EST-5,29-JUL-21 16:59:00
965637,2021-07-30T01:00:00+00:00,39.775,-74.397,2027.875,95.5156478881836,297.664794921875,295.91943359375,100546.875,45.67788314819336,13.721947482575382,10.935281462052997,1.0,0,EF1,EST-5,29-JUL-21 19:42:00
971957,2021-07-29T23:00:00+00:00,40.13,-75.005,1920.125,51.49412155151367,297.901123046875,295.859130859375,100365.5625,46.58052062988281,12.262677799900843,15.665647464311423,3.0,1,EF3,EST-5,29-JUL-21 18:04:00
971958,2021-07-29T23:00:00+00:00,40.1321,-74.9935,1920.125,51.49412155151367,297.901123046875,295.859130859375,100365.5625,46.58052062988281,12.262677799900843,15.665647464311423,3.0,1,EF3,EST-5,29-JUL-21 18:06:00
965633,2021-07-29T22:00:00+00:00,40.3428,-74.9434,1706.5,53.828216552734375,296.93017578125,295.904052734375,99880.6875,47.580379486083984,10.241925918905055,16.844480791309635,2.0,1,EF2,EST-5,29-JUL-21 17:01:00
965636,2021-07-30T01:00:00+00:00,39.754,-74.191,2346.125,109.5625228881836,297.957763671875,295.91162109375,100669.875,44.34585189819336,11.974689956034025,12.209493478002637,2.0,1,EF2,EST-5,29-JUL-21 20:03:00
1109692,2021-07-30T00:00:00+00:00,40.047,-74.428,2158.125,26.406278610229492,297.75830078125,295.73974609375,100445.4375,45.96601867675781,12.479639743851052,14.17507810142982,0.0,0,EF0,EST-5,29-JUL-21 19:04:00
965634,2021-07-29T23:00:00+00:00,40.082,-75.033,1920.125,51.49412155151367,297.901123046875,295.859130859375,100365.5625,46.58052062988281,12.262677799900843,15.665647464311423,0.0,0,EF0,EST-5,29-JUL-21 18:07:00
961983,2021-07-18T02:00:00+00:00,40.051,-74.722,1062.25,54.545528411865234,297.750244140625,295.384765625,101218.375,56.584007263183594,13.992545937871585,15.037890322358491,1.0,0,EF1,EST-5,17-JUL-21 21:25:00
994199,2021-12-11T04:00:00+00:00,36.817,-88.485,1189.625,1.1962089538574219,293.4404296875,291.030517578125,98563.8125,40.21742630004883,22.003588129452766,33.82735837985869,4.0,1,EF4,CST-6,10-DEC-21 21:40:00
995999,2021-12-11T05:00:00+00:00,37.166,-87.705,1056.125,1.5511443614959717,292.60333251953125,290.1043701171875,98457.75,39.3116569519043,22.412083477510844,33.807367545755305,4.0,1,EF4,CST-6,10-DEC-21 22:32:00
996971,2021-12-11T02:00:00+00:00,38.5821,-90.9455,951.0625,58.62576675415039,291.466064453125,289.5635681152344,97255.6875,33.85274124145508,19.150974792745146,28.10019958832266,3.0,1,EF3,CST-6,10-DEC-21 19:32:00
996990,2021-12-11T02:00:00+00:00,38.728,-90.534,1069.375,37.82889175415039,291.703369140625,289.5899353027344,97711.6875,33.97285842895508,20.241684860603097,28.52802272979596,0.0,0,EF0,CST-6,10-DEC-21 19:58:00
996987,2021-12-11T02:00:00+00:00,38.691,-90.636,966.125,32.95389175415039,291.268798828125,289.3604431152344,97601.6875,34.50020217895508,19.86466721296165,28.027724048515573,1.0,0,EF1,CST-6,10-DEC-21 19:53:00
996916,2021-12-11T03:00:00+00:00,39.0277,-89.413,1537.4375,11.86210823059082,291.8876953125,289.80694580078125,97561.375,35.44406509399414,20.086986502430452,27.171045677264566,1.0,0,EF1,CST-6,10-DEC-21 21:03:00
996683,2021-12-11T04:00:00+00:00,37.272,-90.887,805.0625,103.11808776855469,292.8271484375,290.687744140625,96845.8125,29.634418487548828,17.481575873581473,27.27410386537135,2.0,1,EF2,CST-6,10-DEC-21 22:05:00
996914,2021-12-11T03:00:00+00:00,38.985,-89.57,1537.4375,11.86210823059082,291.8876953125,289.80694580078125,97561.375,35.44406509399414,20.086986502430452,27.171045677264566,1.0,0,EF1,CST-6,10-DEC-21 20:53:00
989709,2021-12-06T14:00:00+00:00,35.3939,-86.2935,61.875,,289.53466796875,288.53289794921875,98053.5625,32.91576385498047,15.69137923024496,18.58490213491932,1.0,0,EF1,CST-6,06-DEC-21 07:43:00
999758,2021-12-11T12:00:00+00:00,35.0314,-86.9644,131.65625,15.907536506652832,291.83404541015625,290.0729675292969,98130.625,41.505191802978516,18.692721013915342,24.553670521382095,0.0,0,EF0,CST-6,11-DEC-21 06:17:00
