event_id,begin_time_utc,begin_lat,begin_lon,cape,cin,temp_2m,dewpoint_2m,surface_pressure,tcwv,shear_0_1km,shear_0_3km,ef_category,ef_binary,tor_f_scale_raw,cz_timezone,begin_date_time_raw
1147720,2023-08-05T23:00:00+00:00,39.02,-87.97,786.625,179.39089965820312,302.193359375,296.2626953125,99146.9375,45.481910705566406,5.10138563658884,17.64870590622113,,0,EFU,CST-6,05-AUG-23 16:30:00
1097121,2023-05-08T01:00:00+00:00,40.68,-95.77,621.875,14.984590530395508,300.420166015625,286.87274169921875,96904.125,28.06777572631836,6.095197944064043,15.215251283916377,,0,EFU,CST-6,07-MAY-23 19:08:00
1132462,2023-06-18T02:00:00+00:00,36.914,-98.422,1752.625,26.48457145690918,296.386962890625,292.08935546875,96050.8125,46.78249740600586,3.7624175596698444,11.854039031946066,,0,EFU,CST-6,17-JUN-23 20:24:00
1078130,2023-01-03T23:00:00+00:00,40.0109,-89.0144,94.25,44.17192840576172,287.963134765625,286.41705322265625,97734.3125,16.680625915527344,9.871000568865483,15.790205794393048,0.0,0,EF0,CST-6,03-JAN-23 16:33:00
1114268,2023-07-12T11:00:00+00:00,41.43,-95.358,544.375,304.3677062988281,295.118408203125,292.514892578125,96442.0625,39.2633171081543,13.746986907717694,17.435836789018722,1.0,0,EF1,CST-6,12-JUL-23 05:28:00
1101514,2023-05-28T00:00:00+00:00,33.43,-103.23,1548.0,112.2031478881836,296.35693359375,287.70672607421875,87642.5625,30.57549476623535,0.22228412257017843,5.276933192994686,,0,EFU,MST-7,27-MAY-23 17:10:00
1101515,2023-05-28T01:00:00+00:00,33.4,-103.14,1359.125,170.60462951660156,295.938232421875,288.5849304199219,87610.0625,29.7840518951416,0.06149567827570785,7.0539170438713175,,0,EFU,MST-7,27-MAY-23 17:38:00
1128542,2023-07-10T23:00:00+00:00,47.7504,-118.7593,34.5,183.54083251953125,299.35498046875,285.3232421875,94032.0625,20.758750915527344,1.2301487579633574,4.087111414418237,0.0,0,EF0,PST-8,10-JUL-23 14:45:00
1144388,2023-07-26T19:00:00+00:00,42.4246,-84.1361,1829.75,90.6365966796875,300.1025390625,295.402587890625,97670.5625,55.07273864746094,7.613005028821507,12.884987833021004,0.0,0,EF0,EST-5,26-JUL-23 13:50:00
1085817,2023-04-01T00:00:00+00:00,41.6381,-89.2287,1073.5625,0.26585614681243896,289.043212890625,286.8218994140625,96547.0,32.14521789550781,16.46640072936086,23.41964491182519,1.0,0,EF1,CST-6,31-MAR-23 18:13:00
1085844,2023-04-01T01:00:00+00:00,42.3489,-88.9027,278.0625,0.6354631185531616,288.195068359375,286.72845458984375,96226.1875,25.215986251831055,15.057111803726478,15.381034727558513,1.0,0,EF1,CST-6,31-MAR-23 18:44:00
1097382,2023-04-02T23:00:00+00:00,31.3458,-96.6184,1582.5,61.74867248535156,297.896484375,294.68243408203125,99079.5625,37.994712829589844,12.621495108985917,15.799089195496085,0.0,0,EF0,CST-6,02-APR-23 16:36:00
1085796,2023-03-31T21:00:00+00:00,40.9559,-88.6529,1320.0,55.046897888183594,293.1640625,288.2634582519531,97186.25,29.205608367919922,10.88236854067628,17.679255814353173,,0,EFU,CST-6,31-MAR-23 15:05:00
1079288,2023-01-12T20:00:00+00:00,33.0736,-85.2254,602.5,8.53125286102295,291.49688720703125,288.42291259765625,97992.5,31.991334915161133,17.015449801471455,24.128690797830934,2.0,1,EF2,EST-5,12-JAN-23 15:24:00
1085812,2023-04-01T00:00:00+00:00,41.6508,-89.3128,1073.5625,0.26585614681243896,289.043212890625,286.8218994140625,96547.0,32.14521789550781,16.46640072936086,23.41964491182519,2.0,1,EF2,CST-6,31-MAR-23 18:08:00
1079330,2023-01-12T21:00:00+00:00,33.2147,-84.4352,427.4375,27.926998138427734,289.950927734375,287.8830261230469,97977.6875,30.22994041442871,17.318179791843185,23.830217696620494,1.0,0,EF1,EST-5,12-JAN-23 16:16:00
1146020,2023-08-13T23:00:00+00:00,38.167,-90.057,870.0,12.593997955322266,299.2529296875,297.655517578125,99599.4375,61.75026321411133,5.266894856595932,16.69246795611665,0.0,0,EF0,CST-6,13-AUG-23 16:35:00
1165124,2023-01-25T05:00:00+00:00,29.75,-90.15,499.84375,1.2187891006469727,292.97784423828125,291.7521057128906,100853.375,42.319034576416016,12.799890303944009,25.483559255561737,,0,EFU,CST-6,24-JAN-23 22:55:00
1114260,2023-07-12T10:00:00+00:00,42.0181,-96.5776,161.5,297.2961730957031,293.721923828125,292.04541015625,96216.75,35.79572296142578,11.334799623397412,17.23780964888043,1.0,0,EF1,CST-6,12-JUL-23 04:20:00
1109704,2023-04-22T11:00:00+00:00,35.532,-80.882,417.4375,0.6200565099716187,289.204345703125,287.7374267578125,98289.25,29.977169036865234,12.784034414125584,15.467628697760068,0.0,0,EF0,EST-5,22-APR-23 06:27:00
1114258,2023-07-12T10:00:00+00:00,41.727,-97.013,747.5,384.1399230957031,293.793212890625,291.40966796875,95564.75,34.96955108642578,10.220450795643888,16.979462017131382,1.0,0,EF1,CST-6,12-JUL-23 04:14:00
1114262,2023-07-12T11:00:00+00:00,41.813,-96.27,452.875,233.60208129882812,295.037841796875,292.214111328125,96923.0625,38.5406608581543,9.183055770714496,20.73082286673768,0.0,0,EF0,CST-6,12-JUL-23 04:37:00
1114265,2023-07-12T11:00:00+00:00,41.592,-95.776,391.0,382.0708312988281,295.322998046875,292.430908203125,96715.0625,37.0230827331543,11.692120410250018,16.819753702098602,2.0,1,EF2,CST-6,12-JUL-23 05:05:00
1114266,2023-07-12T11:00:00+00:00,41.669,-95.495,276.5,323.5708312988281,295.168212890625,292.411376953125,96389.0625,36.8453483581543,12.373603228038682,16.572372014949952,1.0,0,EF1,CST-6,12-JUL-23 05:17:00
1101837,2023-01-04T05:00:00+00:00,31.7617,-89.1008,1177.875,22.017581939697266,294.76959228515625,293.4630126953125,100003.125,35.99884796142578,13.324671257133852,22.661193306809523,1.0,0,EF1,CST-6,03-JAN-23 22:47:00
1082558,2023-02-16T22:00:00+00:00,34.0608,-88.4525,253.6875,1.2813096046447754,292.06756591796875,291.5217590332031,99782.25,42.698814392089844,9.252458016591135,19.429364732352212,1.0,0,EF1,CST-6,16-FEB-23 15:52:00
1082557,2023-02-16T20:00:00+00:00,35.0939,-88.6307,480.375,0.5036540627479553,292.4034423828125,289.52911376953125,99189.625,33.44942092895508,10.030553873617794,20.405762695976875,1.0,0,EF1,CST-6,16-FEB-23 13:43:00
1113664,2023-06-26T19:00:00+00:00,40.7109,-74.5804,1402.75,106.15628051757812,300.92529296875,294.42236328125,99260.5,42.47506332397461,5.851800169408516,9.288709020743772,1.0,0,EF1,EST-5,26-JUN-23 14:29:00
1130550,2023-08-06T23:00:00+00:00,39.632,-89.5349,1938.25,2.8594985008239746,299.455810546875,295.503662109375,98636.6875,46.53017044067383,5.789275466713696,16.262538897897944,2.0,1,EF2,CST-6,06-AUG-23 17:13:00
1141112,2023-09-23T12:00:00+00:00,36.33,-76.53,316.5,1.9180734157562256,295.2392578125,294.222900390625,100133.9375,55.21527099609375,15.93314952692013,16.97430982079569,0.0,0,EF0,EST-5,23-SEP-23 06:37:00
1097194,2023-05-12T23:00:00+00:00,41.6178,-96.5999,1377.5,12.317238807678223,299.75048828125,291.07403564453125,96151.375,37.29823303222656,6.648709562635308,19.54859678249453,2.0,1,EF2,CST-6,12-MAY-23 16:46:00
1089995,2023-04-03T16:00:00+00:00,31.3592,-85.8293,656.5,43.07813262939453,295.2109375,291.8092346191406,100309.625,38.199832916259766,14.475015676620599,18.19291672077923,0.0,0,EF0,CST-6,03-APR-23 09:36:00
1129601,2023-08-14T01:00:00+00:00,32.3209,-111.3535,0.0,,309.724853515625,281.413330078125,92863.0625,24.657651901245117,0.41275615416105915,2.781429034289245,0.0,0,EF0,MST-7,13-AUG-23 18:09:00
1104166,2023-04-01T23:00:00+00:00,40.1525,-74.6461,519.875,14.765715599060059,288.581298828125,285.57977294921875,98877.625,23.548076629638672,16.52563693677885,20.018399316462865,1.0,0,EF1,EST-5,01-APR-23 18:08:00
1121824,2023-09-13T20:00:00+00:00,41.8109,-71.8178,265.875,78.70336151123047,295.264892578125,293.25927734375,99632.5,40.551151275634766,8.54310452340977,10.537780740607124,0.0,0,EF0,EST-5,13-SEP-23 15:00:00
1074977,2023-01-04T14:00:00+00:00,32.997,-82.845,303.5,0.14063620567321777,292.780517578125,291.75079345703125,100276.9375,44.60358810424805,14.206929150771854,19.768178024674803,1.0,0,EF1,EST-5,04-JAN-23 08:48:00
1082914,2023-02-27T04:00:00+00:00,35.469,-96.875,186.5625,2.0938079357147217,290.9914245605469,287.9311828613281,96157.5,36.544883728027344,22.528465219081625,38.69756111850544,1.0,0,EF1,CST-6,26-FEB-23 21:51:00
1074973,2023-01-03T23:00:00+00:00,33.3844,-84.7192,306.25,1.093802809715271,291.793212890625,290.85064697265625,98205.3125,41.150352478027344,13.590742353648842,22.348122991940595,0.0,0,EF0,EST-5,03-JAN-23 17:42:00
1074975,2023-01-04T10:00:00+00:00,33.4071,-85.1896,583.0625,16.09391975402832,290.85009765625,289.59906005859375,97514.125,38.263671875,18.196995093675696,15.545643882333295,1.0,0,EF1,EST-5,04-JAN-23 05:02:00
1146963,2023-09-13T20:00:00+00:00,41.8586,-71.6736,265.875,78.70336151123047,295.264892578125,293.25927734375,99632.5,40.551151275634766,8.54310452340977,10.537780740607124,1.0,0,EF1,EST-5,13-SEP-23 15:20:00
1108945,2023-07-16T15:00:00+00:00,42.248,-72.072,873.875,1.390696406364441,296.5439453125,295.708740234375,98537.4375,56.78300857543945,10.371146669463737,13.936228542606864,0.0,0,EF0,EST-5,16-JUL-23 09:56:00
1114366,2023-06-24T21:00:00+00:00,47.25,-95.94,957.0,31.10957145690918,294.807861328125,291.919921875,95924.0,32.89202880859375,8.950699260282162,14.332131315063688,2.0,1,EF2,CST-6,24-JUN-23 15:15:00
1115527,2023-07-30T00:00:00+00:00,42.0538,-71.1918,639.25,8.332998275756836,296.34033203125,294.840087890625,99716.0625,59.78030776977539,8.852583462921682,15.492837946405833,0.0,0,EF0,EST-5,29-JUL-23 19:17:00
1089996,2023-04-03T16:00:00+00:00,31.248,-85.4516,658.5,48.57813262939453,296.107421875,292.2057189941406,100585.625,37.627567291259766,12.270433962991918,18.108247331120534,1.0,0,EF1,CST-6,03-APR-23 10:13:00
1089997,2023-04-03T18:00:00+00:00,30.8719,-84.5112,945.375,4.593774795532227,299.007080078125,292.6441650390625,100763.0625,37.87644577026367,7.698504640435465,15.649813103914596,1.0,0,EF1,EST-5,03-APR-23 12:40:00
1089998,2023-04-03T18:00:00+00:00,30.8838,-84.4398,945.375,4.593774795532227,299.007080078125,292.6441650390625,100763.0625,37.87644577026367,7.698504640435465,15.649813103914596,1.0,0,EF1,EST-5,03-APR-23 12:48:00
1090311,2023-04-27T22:00:00+00:00,30.8596,-84.0252,48.75,78.79689025878906,293.588623046875,292.55694580078125,100227.5,37.74165725708008,10.943818244217542,16.18385126925521,1.0,0,EF1,EST-5,27-APR-23 17:11:00
1090313,2023-04-27T22:00:00+00:00,30.9005,-83.9794,48.75,78.79689025878906,293.588623046875,292.55694580078125,100227.5,37.74165725708008,10.943818244217542,16.18385126925521,1.0,0,EF1,EST-5,27-APR-23 17:20:00
1090317,2023-04-27T23:00:00+00:00,30.395,-83.7363,321.0,76.76577758789062,294.479248046875,293.4478759765625,100670.6875,42.51914596557617,10.495973466310675,19.055617432541553,1.0,0,EF1,EST-5,27-APR-23 17:42:00
1090320,2023-04-27T22:00:00+00:00,30.6255,-84.3921,39.625,17.17188835144043,293.266357421875,292.49249267578125,100241.5,39.26118850708008,9.319092504337815,15.102674558143335,0.0,0,EF0,EST-5,27-APR-23 17:14:00
1074979,2023-01-04T14:00:00+00:00,33.087,-82.491,370.625,1.1718862056732178,292.472900390625,291.49493408203125,100042.9375,44.22858810424805,14.808669967347711,18.838627148602992,0.0,0,EF0,EST-5,04-JAN-23 09:12:00
1104145,2023-04-01T23:00:00+00:00,40.15,-74.6323,519.875,14.765715599060059,288.581298828125,285.57977294921875,98877.625,23.548076629638672,16.52563693677885,20.018399316462865,1.0,0,EF1,EST-5,01-APR-23 18:08:00
1104170,2023-04-02T00:00:00+00:00,40.1515,-74.259,285.96875,12.984426498413086,287.418212890625,285.1409912109375,99253.375,25.285839080810547,14.738207131879602,17.28931224776514,2.0,1,EF2,EST-5,01-APR-23 18:34:00
1090325,2023-04-27T21:00:00+00:00,30.21,-85.22,1742.5,8.500053405761719,296.333984375,291.905029296875,100757.5,47.47138214111328,11.925532317873769,16.467302702531878,0.0,0,EF0,CST-6,27-APR-23 14:33:00
1090319,2023-04-27T20:00:00+00:00,30.2485,-85.6647,1950.75,1.859580159187317,295.90478515625,293.28509521484375,100952.875,48.103355407714844,12.057649152357953,18.260096959933833,1.0,0,EF1,CST-6,27-APR-23 14:04:00
1090333,2023-04-27T21:00:00+00:00,30.272,-84.637,1641.0,32.84380340576172,295.970703125,292.555419921875,100760.5,46.28388214111328,11.606090933957892,14.263143221952062,0.0,0,EF0,EST-5,27-APR-23 16:21:00
1081671,2023-02-27T03:00:00+00:00,36.94,-98.306,615.0,1.375134825706482,287.92047119140625,287.17498779296875,94644.125,33.98335647583008,18.243510066502154,28.092697012831195,0.0,0,EF0,CST-6,26-FEB-23 20:31:00
1066127,2023-01-12T08:00:00+00:00,37.21,-88.93,761.5625,22.418588638305664,287.965087890625,286.1668701171875,99035.8125,28.70847511291504,18.275055567818278,22.890842937590882,1.0,0,EF1,CST-6,12-JAN-23 02:07:00
1064017,2023-01-02T18:00:00+00:00,33.2939,-92.7057,1582.375,45.7034797668457,296.764404296875,294.5118408203125,100577.625,38.30968475341797,18.316449282180457,16.540576535424552,1.0,0,EF1,CST-6,02-JAN-23 11:47:00
1068690,2023-01-22T23:00:00+00:00,31.4166,-82.7684,712.125,25.14063835144043,292.840576171875,290.7354736328125,99957.5625,43.0117301940918,17.39952037247964,25.351190398664375,1.0,0,EF1,EST-5,22-JAN-23 18:11:00
1079347,2023-01-13T00:00:00+00:00,32.086,-83.392,94.9375,4.328851699829102,290.5283203125,288.3133239746094,99969.5625,35.80412292480469,17.893715633584733,22.7936553580263,0.0,0,EF0,EST-5,12-JAN-23 19:03:00
1063203,2023-01-02T23:00:00+00:00,36.7218,-96.6194,630.75,0.9941750168800354,290.1240234375,288.772216796875,96737.75,32.65544128417969,8.880426625093365,19.6509184722318,,0,EFU,CST-6,02-JAN-23 16:37:00
1068693,2023-01-23T00:00:00+00:00,31.5711,-82.4294,557.46875,3.1283249855041504,292.69580078125,290.7965087890625,100119.8125,42.6276741027832,12.074956901027297,24.751096611800385,1.0,0,EF1,EST-5,22-JAN-23 18:32:00
1070039,2023-01-12T18:00:00+00:00,35.9767,-83.509,204.0,,288.51177978515625,284.0706481933594,95660.1875,26.610736846923828,11.939975182934882,21.87170565587869,0.0,0,EF0,EST-5,12-JAN-23 13:14:00
1070040,2023-01-12T18:00:00+00:00,36.0514,-83.2732,175.5625,,288.75885009765625,283.6809997558594,96074.1875,26.281635284423828,12.301309993821949,21.69371552379512,0.0,0,EF0,EST-5,12-JAN-23 13:26:00
1063214,2023-01-03T00:00:00+00:00,36.706,-94.874,907.0,0.8284049034118652,290.546630859375,289.2216796875,97072.875,34.00208282470703,15.97070963946275,17.92855545176422,1.0,0,EF1,CST-6,02-JAN-23 18:23:00
1063215,2023-01-03T01:00:00+00:00,35.4105,-94.9746,955.0,11.765586853027344,290.83056640625,289.70733642578125,98048.4375,31.93290138244629,14.311788564885903,17.390698252186404,,0,EFU,CST-6,02-JAN-23 19:25:00
1064986,2023-01-04T15:00:00+00:00,33.6098,-81.3907,257.6875,42.18802261352539,291.9462585449219,290.89678955078125,100077.75,43.50529479980469,14.72000183556504,18.981155687143563,0.0,0,EF0,EST-5,04-JAN-23 10:27:00
1069133,2023-01-02T21:00:00+00:00,34.694,-93.0673,1582.25,26.0924072265625,294.299560546875,291.7763366699219,98292.75,39.233577728271484,16.71175542446796,18.97793954765888,1.0,0,EF1,CST-6,02-JAN-23 14:38:00
1064552,2023-01-12T14:00:00+00:00,38.6581,-84.5797,273.125,24.234424591064453,285.79669189453125,284.4263916015625,97692.375,28.044904708862305,14.576292718507956,25.95958723119045,0.0,0,EF0,EST-5,12-JAN-23 09:23:00
1146391,2023-08-12T17:00:00+00:00,41.879,-79.7884,2211.0,39.0098991394043,297.999755859375,293.799560546875,95790.4375,31.285686492919922,4.905489729626461,15.92965623987421,0.0,0,EF0,EST-5,12-AUG-23 12:27:00
1079280,2023-01-12T23:00:00+00:00,34.247,-82.186,93.875,42.15032196044922,289.38897705078125,285.83404541015625,99034.9375,30.16537857055664,19.60322241989568,20.468460164353615,1.0,0,EF1,EST-5,12-JAN-23 18:23:00
1079282,2023-01-12T23:00:00+00:00,34.412,-81.815,111.3125,,289.38800048828125,285.80865478515625,99203.9375,29.84994888305664,18.200559003561136,21.28106261326259,1.0,0,EF1,EST-5,12-JAN-23 17:39:00
1065036,2023-01-04T16:00:00+00:00,33.8849,-81.2369,242.125,62.768741607666016,291.6605224609375,290.51507568359375,100269.125,42.915645599365234,12.638082596847342,20.032156499507348,0.0,0,EF0,EST-5,04-JAN-23 10:42:00
1068509,2023-01-04T18:00:00+00:00,30.812,-82.6477,508.375,43.00267791748047,293.8113098144531,292.60296630859375,101073.3125,48.11831283569336,18.75289116687919,20.272966187993383,0.0,0,EF0,EST-5,04-JAN-23 12:35:00
1081669,2023-02-27T01:00:00+00:00,34.937,-99.682,791.53125,36.7974853515625,293.44244384765625,287.7320556640625,93186.5,30.852691650390625,16.88427309673624,31.450879661655684,1.0,0,EF1,CST-6,26-FEB-23 19:23:00
1081670,2023-02-27T02:00:00+00:00,34.987,-99.202,511.09375,233.48463439941406,291.8336486816406,287.1954345703125,94043.5,31.320133209228516,18.399078138962874,26.230772129302082,1.0,0,EF1,CST-6,26-FEB-23 19:45:00
1065046,2023-01-04T16:00:00+00:00,33.8859,-81.3356,242.125,62.768741607666016,291.6605224609375,290.51507568359375,100269.125,42.915645599365234,12.638082596847342,20.032156499507348,0.0,0,EF0,EST-5,04-JAN-23 10:30:00
1065047,2023-01-04T16:00:00+00:00,33.6653,-81.1892,251.0625,75.81562042236328,292.3148193359375,290.81585693359375,100383.125,43.657833099365234,12.622806231351094,18.830148438340032,1.0,0,EF1,EST-5,04-JAN-23 10:40:00
1065048,2023-01-04T16:00:00+00:00,33.68,-81.122,288.0,94.19062042236328,292.7630615234375,290.83050537109375,100752.125,44.087520599365234,13.829637778317377,18.90960461535669,0.0,0,EF0,EST-5,04-JAN-23 10:47:00
1065049,2023-01-04T16:00:00+00:00,33.7079,-80.9301,288.0,94.19062042236328,292.7630615234375,290.83050537109375,100752.125,44.087520599365234,13.829637778317377,18.90960461535669,0.0,0,EF0,EST-5,04-JAN-23 11:02:00
1068510,2023-01-04T18:00:00+00:00,31.4074,-82.2806,193.875,134.36204528808594,294.4372863769531,291.96234130859375,101116.3125,46.65249252319336,16.950988441779234,20.433127048969563,1.0,0,EF1,EST-5,04-JAN-23 13:09:00
1068511,2023-01-04T19:00:00+00:00,30.9851,-81.9586,523.625,22.993091583251953,295.610595703125,292.71209716796875,101355.75,45.78168869018555,14.762661146426924,19.881069292621852,0.0,0,EF0,EST-5,04-JAN-23 13:40:00
1066115,2023-01-12T08:00:00+00:00,37.18,-88.99,761.5625,22.418588638305664,287.965087890625,286.1668701171875,99035.8125,28.70847511291504,18.275055567818278,22.890842937590882,1.0,0,EF1,CST-6,12-JAN-23 02:03:00
1079338,2023-01-12T21:00:00+00:00,33.783,-84.607,503.8125,68.77074432373047,289.127685546875,286.9142761230469,97517.6875,30.48677635192871,17.96653144195286,24.106988697660796,1.0,0,EF1,EST-5,12-JAN-23 15:30:00
1104149,2023-04-01T23:00:00+00:00,40.1498,-74.6309,519.875,14.765715599060059,288.581298828125,285.57977294921875,98877.625,23.548076629638672,16.52563693677885,20.018399316462865,1.0,0,EF1,EST-5,01-APR-23 18:09:00
1104153,2023-04-01T23:00:00+00:00,40.1531,-74.5967,463.78125,12.281340599060059,288.755126953125,285.78192138671875,98947.625,22.891826629638672,15.486312445055912,19.03113793821041,1.0,0,EF1,EST-5,01-APR-23 18:11:00
1079550,2023-01-12T23:00:00+00:00,35.342,-81.14,134.21875,3.025322675704956,286.84405517578125,285.63775634765625,97480.9375,29.18783950805664,15.353316586524189,23.635308256892817,0.0,0,EF0,EST-5,12-JAN-23 18:10:00
1064000,2023-01-04T20:00:00+00:00,35.4378,-76.7974,798.4375,1.5767608880996704,292.612060546875,290.7491455078125,101345.5625,44.27891540527344,17.09690573922704,21.72757431259487,1.0,0,EF1,EST-5,04-JAN-23 14:49:00
1074296,2023-01-12T15:00:00+00:00,34.626,-86.991,693.4375,0.22412313520908356,290.94580078125,287.779296875,98658.875,32.18549346923828,17.160673902214736,18.184109041812967,1.0,0,EF1,CST-6,12-JAN-23 08:39:00
1077450,2023-01-12T22:00:00+00:00,34.7083,-85.8125,0.0,17.473941802978516,286.08441162109375,283.92437744140625,96348.875,12.360461235046387,11.304145699883687,18.622781122017315,0.0,0,EF0,CST-6,12-JAN-23 15:38:00
1069158,2023-01-03T02:00:00+00:00,33.5262,-91.3273,133.5,388.1251525878906,296.33843994140625,291.68280029296875,100719.3125,41.22118377685547,17.670175638826176,22.072869721059835,0.0,0,EF0,CST-6,02-JAN-23 19:44:00
1077926,2023-01-04T20:00:00+00:00,36.59,-77.32,95.8125,,293.173583984375,290.4034423828125,100753.5625,39.46153259277344,13.682136346067264,27.74094029773669,0.0,0,EF0,EST-5,04-JAN-23 14:39:00
1079343,2023-01-12T22:00:00+00:00,33.243,-84.114,229.875,4.036441802978516,288.23773193359375,286.69781494140625,98669.875,29.131946563720703,21.344647087228893,20.736399008326718,1.0,0,EF1,EST-5,12-JAN-23 16:35:00
1074279,2023-01-03T17:00:00+00:00,34.5382,-87.8899,471.1875,60.375423431396484,293.2677001953125,289.7039794921875,98919.9375,40.78211212158203,16.231045547386156,22.373006256002668,1.0,0,EF1,CST-6,03-JAN-23 10:48:00
1065959,2023-01-03T11:00:00+00:00,36.837,-87.5283,94.125,6.765693187713623,291.30828857421875,289.56402587890625,98887.0,36.71000671386719,18.559820752323418,27.44128933142988,0.0,0,EF0,CST-6,03-JAN-23 04:35:00
1081672,2023-02-27T03:00:00+00:00,35.163,-98.284,537.375,38.8907585144043,290.74957275390625,288.00408935546875,94688.125,33.95601272583008,20.71725403002973,31.7698469227343,0.0,0,EF0,CST-6,26-FEB-23 20:32:00
1082901,2023-02-27T03:00:00+00:00,35.424,-97.66,381.21875,0.8438847661018372,291.16656494140625,288.47088623046875,94906.125,35.36421585083008,20.417177537906415,36.65253388844922,1.0,0,EF1,CST-6,26-FEB-23 21:12:00
1082890,2023-02-27T03:00:00+00:00,35.123,-97.55,407.28125,75.93763732910156,291.63140869140625,288.44354248046875,95302.125,33.62984085083008,21.716774504737185,35.614428694200406,2.0,1,EF2,CST-6,26-FEB-23 21:15:00
1066128,2023-01-12T08:00:00+00:00,37.23,-88.89,761.5625,22.418588638305664,287.965087890625,286.1668701171875,99035.8125,28.70847511291504,18.275055567818278,22.890842937590882,0.0,0,EF0,CST-6,12-JAN-23 02:08:00
1069825,2023-01-04T00:00:00+00:00,40.422,-88.367,291.75,,287.55194091796875,286.1743469238281,97529.875,17.881595611572266,11.671806784227812,15.683222655049958,1.0,0,EF1,CST-6,03-JAN-23 17:56:00
1081673,2023-02-27T03:00:00+00:00,35.276,-98.013,429.59375,0.8595097661018372,291.50445556640625,288.50115966796875,94942.125,35.51460647583008,21.092533065420522,36.17895398166413,0.0,0,EF0,CST-6,26-FEB-23 20:52:00
1081668,2023-02-27T01:00:00+00:00,35.15,-99.918,903.9375,59.1256103515625,291.37896728515625,287.8619384765625,92158.5,30.707183837890625,14.236114709064791,27.048348342684275,1.0,0,EF1,CST-6,26-FEB-23 19:13:00
1082915,2023-02-27T01:00:00+00:00,34.81,-99.954,911.75,94.6881103515625,292.36334228515625,288.0318603515625,92813.5,30.999176025390625,15.819626541359735,27.49474859000844,,0,EFU,CST-6,26-FEB-23 19:08:00
1082894,2023-02-27T03:00:00+00:00,35.164,-97.454,407.28125,75.93763732910156,291.63140869140625,288.44354248046875,95302.125,33.62984085083008,21.716774504737185,35.614428694200406,2.0,1,EF2,CST-6,26-FEB-23 21:19:00
1079348,2023-01-13T00:00:00+00:00,32.066,-83.381,94.9375,4.328851699829102,290.5283203125,288.3133239746094,99969.5625,35.80412292480469,17.893715633584733,22.7936553580263,1.0,0,EF1,EST-5,12-JAN-23 19:00:00
1079097,2023-01-25T11:00:00+00:00,30.3557,-86.0433,496.8125,0.5000782012939453,292.94818115234375,291.3807373046875,100771.3125,44.75645065307617,16.27255784303468,19.47617110868249,0.0,0,EF0,CST-6,25-JAN-23 05:15:00
1079098,2023-01-25T14:00:00+00:00,30.2885,-85.0355,304.53125,0.31269073486328125,293.71319580078125,292.908447265625,100897.75,43.97120666503906,17.718152409811626,20.661764582563897,0.0,0,EF0,EST-5,25-JAN-23 08:34:00
1079100,2023-01-25T11:00:00+00:00,30.35,-86.15,408.0,1.7813282012939453,293.10150146484375,291.2147216796875,100785.3125,44.98691940307617,14.60934931100833,18.791669949990624,0.0,0,EF0,CST-6,25-JAN-23 05:04:00
1079103,2023-01-22T18:00:00+00:00,30.2939,-84.2843,634.28125,4.2656636238098145,293.064208984375,291.5915222167969,100787.9375,38.59267044067383,13.794096352329092,16.442971226011565,1.0,0,EF1,EST-5,22-JAN-23 12:45:00
1070038,2023-01-12T17:00:00+00:00,35.4993,-84.8038,635.0625,1.142228364944458,289.2677307128906,286.384765625,97786.375,31.13412094116211,15.235080959350496,19.101516973827817,0.0,0,EF0,EST-5,12-JAN-23 11:50:00
1075494,2023-01-12T14:00:00+00:00,38.3529,-85.1327,261.4375,15.29692554473877,285.73028564453125,284.3668212890625,97651.375,27.858381271362305,18.911293084020038,26.745960226200616,1.0,0,EF1,EST-5,12-JAN-23 08:47:00
1075497,2023-01-12T14:00:00+00:00,37.77,-84.91,443.875,0.10942535102367401,287.39923095703125,285.5904541015625,97291.375,28.110334396362305,18.147664172147415,24.677126859877553,1.0,0,EF1,EST-5,12-JAN-23 09:01:00
1075506,2023-01-12T14:00:00+00:00,37.6878,-84.7367,283.375,0.6250503659248352,287.35821533203125,285.5064697265625,97204.375,27.170881271362305,18.35434310601204,25.281806520518426,1.0,0,EF1,EST-5,12-JAN-23 09:10:00
1075507,2023-01-12T15:00:00+00:00,37.7719,-84.2458,364.6875,1.0834981203079224,288.38720703125,285.931640625,97094.875,27.08686065673828,16.62154776515933,23.786686506982598,1.0,0,EF1,EST-5,12-JAN-23 09:42:00
1074295,2023-01-12T15:00:00+00:00,34.575,-87.106,693.4375,0.22412313520908356,290.94580078125,287.779296875,98658.875,32.18549346923828,17.160673902214736,18.184109041812967,1.0,0,EF1,CST-6,12-JAN-23 08:30:00
1074289,2023-01-12T14:00:00+00:00,34.4494,-87.3637,789.6875,0.06255035102367401,291.07891845703125,288.4849853515625,98429.375,32.76756286621094,16.81670346557143,18.55901624447959,1.0,0,EF1,CST-6,12-JAN-23 08:09:00
1076689,2023-01-12T22:00:00+00:00,31.6778,-85.3872,857.03125,0.5364416837692261,291.59417724609375,289.38824462890625,99629.875,38.8155403137207,19.876633205406794,24.011733019980728,1.0,0,EF1,CST-6,12-JAN-23 15:45:00
1079095,2023-01-25T15:00:00+00:00,30.3172,-84.3812,197.0,0.1925656497478485,293.18707275390625,292.38592529296875,100665.4375,42.4018669128418,19.13323390377522,21.0500616448259,1.0,0,EF1,EST-5,25-JAN-23 10:23:00
1076704,2023-01-22T22:00:00+00:00,31.1474,-83.444,364.34375,8.151520729064941,292.731689453125,291.03350830078125,99786.125,42.13563537597656,16.710978332662588,25.115663078390753,2.0,1,EF2,EST-5,22-JAN-23 17:20:00
1078470,2023-01-14T22:00:00+00:00,38.32,-121.14,49.9375,3.937852144241333,287.57171630859375,285.120361328125,99715.8125,18.391599655151367,6.689769268344009,13.823369294943083,0.0,0,EF0,PST-8,14-JAN-23 14:00:00
1076622,2023-01-12T17:00:00+00:00,32.723,-87.474,1100.1875,2.939103364944458,292.9991760253906,289.146484375,100248.375,35.75521469116211,18.385196279934494,27.379602298088496,0.0,0,EF0,CST-6,12-JAN-23 11:10:00
1074339,2023-01-04T10:00:00+00:00,32.4249,-85.4533,916.5625,44.65641784667969,292.68701171875,291.50628662109375,99479.125,43.1005859375,20.32743464410035,16.463267442001627,0.0,0,EF0,CST-6,04-JAN-23 04:07:00
1076623,2023-01-12T18:00:00+00:00,32.8027,-87.2421,1432.4375,0.21893133223056793,291.66510009765625,289.0335388183594,99611.1875,36.54140090942383,17.356897250836226,26.514897349769353,1.0,0,EF1,CST-6,12-JAN-23 11:30:00
1151464,2023-06-19T02:00:00+00:00,32.3565,-89.811,3039.25,22.250059127807617,298.02392578125,295.335693359375,99429.8125,50.43316650390625,16.47750956366958,19.656301443054645,0.0,0,EF0,CST-6,18-JUN-23 19:58:00
1078129,2023-01-03T22:00:00+00:00,39.9435,-89.2047,36.0,38.71285629272461,289.000732421875,286.9237060546875,97901.25,15.204550743103027,9.521281407561332,16.274559914457857,,0,EFU,CST-6,03-JAN-23 16:05:00
1069177,2023-01-16T21:00:00+00:00,41.915,-91.611,174.03125,6.421944618225098,284.663330078125,282.0879821777344,96389.0,19.106815338134766,12.048784708840197,15.344587171578183,,0,EFU,CST-6,16-JAN-23 14:50:00
1069176,2023-01-16T20:00:00+00:00,41.67,-91.99,240.9375,12.072542190551758,286.080810546875,282.48248291015625,96394.6875,18.682796478271484,11.182907520709056,12.76743837901968,1.0,0,EF1,CST-6,16-JAN-23 14:01:00
1088137,2023-03-03T05:00:00+00:00,34.2542,-93.6426,689.25,12.063016891479492,290.1615905761719,288.8785095214844,96985.875,39.82563400268555,11.103546774819485,24.005822690511373,2.0,1,EF2,CST-6,02-MAR-23 22:50:00
1077197,2023-01-24T23:00:00+00:00,30.4612,-93.2406,416.0625,2.044931650161743,291.17620849609375,290.96600341796875,100123.5,43.904151916503906,26.430141790424567,35.316566656796454,1.0,0,EF1,CST-6,24-JAN-23 17:12:00
1074336,2023-01-04T09:00:00+00:00,32.384,-85.9258,1120.8125,32.203155517578125,292.842529296875,292.1954650878906,99978.375,41.745933532714844,18.916875464559816,18.80542505647995,0.0,0,EF0,CST-6,04-JAN-23 03:23:00
1074270,2023-01-03T19:00:00+00:00,32.8493,-87.0548,725.25,3.8920400142669678,294.48681640625,292.37335205078125,99571.25,40.66557693481445,14.61057337171963,18.429504169646442,0.0,0,EF0,CST-6,03-JAN-23 12:41:00
1063207,2023-01-03T00:00:00+00:00,36.346,-95.298,1305.875,21.125280380249023,290.599365234375,289.169921875,97543.875,34.91516876220703,16.507452861160022,18.12421799678792,0.0,0,EF0,CST-6,02-JAN-23 17:32:00
1079101,2023-01-25T11:00:00+00:00,30.43,-86.05,496.8125,0.5000782012939453,292.94818115234375,291.3807373046875,100771.3125,44.75645065307617,16.27255784303468,19.47617110868249,0.0,0,EF0,CST-6,25-JAN-23 05:16:00
1079102,2023-01-22T11:00:00+00:00,30.4116,-86.3182,172.9375,0.06887438893318176,292.0174560546875,291.05487060546875,100726.25,36.9358024597168,13.257976821000184,20.89174436480683,2.0,1,EF2,CST-6,22-JAN-23 05:14:00
1090822,2023-03-31T21:00:00+00:00,34.9457,-91.6692,674.0625,58.265647888183594,296.3046875,292.1286926269531,99919.25,37.94779586791992,17.22627467501506,25.078021561223128,1.0,0,EF1,CST-6,31-MAR-23 14:45:00
1090827,2023-03-31T22:00:00+00:00,35.8855,-92.3665,729.125,154.6563720703125,297.7734375,289.81298828125,97014.25,25.840883255004883,13.006187724249799,23.116217345251194,2.0,1,EF2,CST-6,31-MAR-23 15:49:00
1077202,2023-01-24T23:00:00+00:00,30.1797,-93.7106,181.8125,4.748056888580322,291.59515380859375,290.94354248046875,100320.5,44.244972229003906,15.199439784673185,26.838423081685516,2.0,1,EF2,CST-6,24-JAN-23 16:42:00
1077204,2023-01-24T23:00:00+00:00,30.4028,-93.3181,416.0625,2.044931650161743,291.17620849609375,290.96600341796875,100123.5,43.904151916503906,26.430141790424567,35.316566656796454,2.0,1,EF2,CST-6,24-JAN-23 17:08:00
1063213,2023-01-03T00:00:00+00:00,35.32,-95.474,1185.875,6.094029903411865,291.570068359375,289.6171875,97980.875,31.43372344970703,14.161996263142555,15.40073378579863,1.0,0,EF1,CST-6,02-JAN-23 17:52:00
1065372,2023-01-12T22:00:00+00:00,33.475,-82.595,372.15625,30.958316802978516,291.42718505859375,285.74468994140625,99440.875,26.940540313720703,20.063987097552165,12.18297162897014,1.0,0,EF1,EST-5,12-JAN-23 16:35:00
1064122,2023-01-02T21:00:00+00:00,31.7499,-93.4807,1165.5,16.9674072265625,296.983154296875,292.4189147949219,100122.75,42.374202728271484,17.19391758357074,16.96974377923745,1.0,0,EF1,CST-6,02-JAN-23 15:11:00
1151496,2023-06-19T14:00:00+00:00,31.2508,-89.8261,4913.25,207.59405517578125,300.837646484375,297.04150390625,100081.4375,48.65004348754883,10.797358796081634,13.977083268495612,0.0,0,EF0,CST-6,19-JUN-23 07:49:00
1084252,2023-02-17T10:00:00+00:00,33.0252,-85.0644,332.5,0.22397062182426453,289.78912353515625,288.8499755859375,98458.375,44.34256362915039,11.735674658575004,23.704630011248824,1.0,0,EF1,EST-5,17-FEB-23 04:31:00
1064124,2023-01-02T22:00:00+00:00,32.0582,-93.2735,794.0,44.04697799682617,295.992431640625,293.78497314453125,100009.3125,43.46745300292969,16.299175208607757,24.30753612543237,0.0,0,EF0,CST-6,02-JAN-23 15:43:00
1078867,2023-01-10T12:00:00+00:00,38.0834,-120.7581,78.6875,3.7344236373901367,285.2763671875,281.73773193359375,96428.125,20.981435775756836,16.841316572241418,27.09711810802307,1.0,0,EF1,PST-8,10-JAN-23 04:10:00
1081382,2023-02-16T07:00:00+00:00,35.7864,-93.4669,1605.625,0.07815653085708618,287.8025207519531,287.111572265625,95663.9375,27.553974151611328,14.366363050287095,23.37385101769414,1.0,0,EF1,CST-6,16-FEB-23 01:15:00
1081386,2023-02-16T08:00:00+00:00,35.8649,-92.7179,1417.5625,4.0626115798950195,288.5892028808594,287.87725830078125,96408.625,28.895788192749023,15.338118916161996,22.901521943118965,1.0,0,EF1,CST-6,16-FEB-23 02:22:00
1064054,2023-01-02T23:00:00+00:00,32.172,-92.7048,1325.75,34.08792495727539,295.9482421875,293.424560546875,100159.75,46.51188659667969,15.043296318676509,21.85118794475631,2.0,1,EF2,CST-6,02-JAN-23 16:46:00
1084329,2023-02-23T20:00:00+00:00,33.91,-117.98,128.125,,282.40020751953125,277.1564636230469,99250.0625,11.483314514160156,2.3776564758617873,12.390127109167445,0.0,0,EF0,PST-8,23-FEB-23 11:30:00
1078134,2023-01-03T23:00:00+00:00,39.7852,-89.196,164.0,43.43755340576172,288.319580078125,286.63385009765625,97941.3125,17.162071228027344,10.837060994230312,15.18364442130729,,0,EFU,CST-6,03-JAN-23 17:05:00
1074300,2023-01-03T20:00:00+00:00,32.6239,-86.4098,702.5,10.251628875732422,293.7529296875,291.83935546875,99679.0625,40.00470733642578,15.203392188309888,20.028861968722847,2.0,1,EF2,CST-6,03-JAN-23 13:42:00
1064234,2023-01-03T00:00:00+00:00,32.784,-92.1695,508.625,130.57839965820312,296.730224609375,292.5859375,100566.875,45.06360626220703,17.09174773962629,23.062541843275636,2.0,1,EF2,CST-6,02-JAN-23 18:19:00
1072915,2023-01-18T17:00:00+00:00,33.3164,-93.3557,396.5,8.627305030822754,293.82684326171875,292.01739501953125,99551.0,39.82185745239258,15.877667153746284,21.780052705865117,1.0,0,EF1,CST-6,18-JAN-23 10:34:00
1151480,2023-06-19T02:00:00+00:00,32.243,-89.73,2549.0,35.921932220458984,299.65380859375,295.603271484375,99389.8125,49.17340087890625,14.566255774446185,20.234969587709802,1.0,0,EF1,CST-6,18-JUN-23 20:29:00
1151483,2023-06-19T03:00:00+00:00,32.0465,-89.563,2776.75,134.204833984375,299.1650390625,295.95703125,99461.875,45.26721954345703,14.843269223957865,14.713814671878085,0.0,0,EF0,CST-6,18-JUN-23 21:27:00
1074259,2023-01-03T18:00:00+00:00,32.6835,-87.3491,1429.4375,0.06775039434432983,295.810791015625,292.6581115722656,100205.625,41.856590270996094,18.368722855013143,19.06751963053674,1.0,0,EF1,CST-6,03-JAN-23 12:10:00
1074280,2023-01-03T19:00:00+00:00,32.5609,-86.5972,834.8125,10.923290252685547,294.73876953125,292.38311767578125,99705.25,39.64995193481445,12.67565053742442,18.40044406749893,0.0,0,EF0,CST-6,03-JAN-23 13:18:00
1074293,2023-01-03T20:00:00+00:00,32.993,-86.515,586.1875,12.470378875732422,293.50390625,291.62060546875,99222.0625,40.08869171142578,14.707789306213215,21.161017755858662,0.0,0,EF0,CST-6,03-JAN-23 13:40:00
1074309,2023-01-03T21:00:00+00:00,33.3464,-85.6469,531.4375,0.08925829827785492,291.252197265625,290.052978515625,97881.8125,38.59839630126953,12.817248140349935,21.943546032183484,0.0,0,EF0,CST-6,03-JAN-23 15:17:00
1074974,2023-01-03T23:00:00+00:00,33.6834,-84.14,292.375,5.9688029289245605,290.880126953125,289.96392822265625,98217.3125,42.225547790527344,14.303271881311446,24.269138126890898,0.0,0,EF0,EST-5,03-JAN-23 18:25:00
1072926,2023-01-18T19:00:00+00:00,33.1034,-92.8093,933.15625,13.000064849853516,296.2607421875,289.6173095703125,99681.0,39.273277282714844,18.773767281958563,19.974326601230263,1.0,0,EF1,CST-6,18-JAN-23 12:40:00
1151467,2023-06-19T02:00:00+00:00,32.1226,-90.1315,2510.625,85.45318603515625,300.91845703125,295.877685546875,99600.8125,45.88238525390625,16.166234454229365,16.989254180842913,2.0,1,EF2,CST-6,18-JUN-23 20:05:00
1151478,2023-06-19T02:00:00+00:00,32.118,-90.0116,2474.75,52.203182220458984,300.44287109375,295.432373046875,99454.8125,47.70367431640625,15.717802992268041,19.135839155055127,0.0,0,EF0,CST-6,18-JUN-23 20:21:00
1151484,2023-06-19T04:00:00+00:00,32.0915,-89.4102,2641.875,176.23460388183594,298.1279296875,295.8359375,99407.875,48.26935577392578,15.512026160311844,14.378640567898803,0.0,0,EF0,CST-6,18-JUN-23 21:52:00
1151455,2023-06-19T01:00:00+00:00,32.3554,-89.9352,3479.625,34.92788314819336,301.307861328125,295.787353515625,99584.625,51.86294937133789,17.179708178745454,18.16761018420815,1.0,0,EF1,CST-6,18-JUN-23 19:29:00
1077175,2023-01-24T22:00:00+00:00,29.833,-94.1996,622.90625,2.1754496097564697,292.272216796875,291.39794921875,100202.625,43.63017272949219,21.644008645239143,25.041711187001965,1.0,0,EF1,CST-6,24-JAN-23 16:05:00
1077169,2023-01-24T22:00:00+00:00,30.0741,-93.8921,733.9375,1.7691996097564697,291.240966796875,290.73583984375,100074.625,45.12431335449219,24.743983654494233,32.333113209275844,2.0,1,EF2,CST-6,24-JAN-23 16:28:00
1078128,2023-01-03T22:00:00+00:00,39.8744,-89.2868,36.0,38.71285629272461,289.000732421875,286.9237060546875,97901.25,15.204550743103027,9.521281407561332,16.274559914457857,,0,EFU,CST-6,03-JAN-23 15:52:00
1080918,2023-02-27T16:00:00+00:00,41.7839,-88.1619,66.9375,1.5641249418258667,284.78662109375,283.46905517578125,96167.0,20.97840118408203,15.291493907471603,11.76297682894339,0.0,0,EF0,CST-6,27-FEB-23 09:52:00
1080919,2023-02-27T16:00:00+00:00,41.5501,-88.2636,66.9375,1.5641249418258667,284.78662109375,283.46905517578125,96167.0,20.97840118408203,15.291493907471603,11.76297682894339,0.0,0,EF0,CST-6,27-FEB-23 09:41:00
1080921,2023-02-27T16:00:00+00:00,41.56,-88.256,66.9375,1.5641249418258667,284.78662109375,283.46905517578125,96167.0,20.97840118408203,15.291493907471603,11.76297682894339,0.0,0,EF0,CST-6,27-FEB-23 09:42:00
1081064,2023-02-27T07:00:00+00:00,36.8,-94.42,338.71875,1.296991229057312,290.1006774902344,289.27301025390625,95706.625,33.84414291381836,22.911428249293802,36.87812300048174,1.0,0,EF1,CST-6,27-FEB-23 01:02:00
1081066,2023-02-27T08:00:00+00:00,37.56,-93.69,456.9375,0.6408015489578247,288.9576416015625,287.709228515625,95729.0,32.672855377197266,22.397985487445975,35.74436309572287,0.0,0,EF0,CST-6,27-FEB-23 01:47:00
1094925,2023-04-29T00:00:00+00:00,26.506,-80.08,4040.625,249.1564483642578,300.114501953125,296.8289794921875,101107.625,43.80376434326172,8.82571392482806,10.366249689190882,0.0,0,EF0,EST-5,28-APR-23 18:33:00
1094932,2023-04-29T21:00:00+00:00,26.8251,-80.0897,3573.5,69.92196655273438,301.133056640625,297.1932373046875,100949.6875,47.58249282836914,7.577864764140536,6.143556310331888,2.0,1,EF2,EST-5,29-APR-23 16:10:00
1081384,2023-02-16T08:00:00+00:00,36.07,-92.837,1460.5625,21.734487533569336,288.4866638183594,287.73370361328125,97126.625,30.054967880249023,15.600362573269896,24.516646415679876,2.0,1,EF2,CST-6,16-FEB-23 02:04:00
1081383,2023-02-16T08:00:00+00:00,36.0425,-92.9051,1515.3125,4.2501115798950195,287.8489685058594,287.16339111328125,95715.625,28.452428817749023,14.00005093614814,23.154405588373265,2.0,1,EF2,CST-6,16-FEB-23 01:59:00
1082836,2023-02-27T01:00:00+00:00,35.3868,-100.1214,844.40625,27.4537353515625,290.62603759765625,287.7740478515625,91494.5,29.909332275390625,12.515438970987512,26.307941941816086,1.0,0,EF1,CST-6,26-FEB-23 18:41:00
1073870,2023-02-27T19:00:00+00:00,39.9423,-85.7692,291.75,17.296972274780273,288.805419921875,285.34881591796875,95547.5625,23.795780181884766,17.48308696179959,19.695470577880975,1.0,0,EF1,EST-5,27-FEB-23 13:37:00
1098431,2023-06-22T01:00:00+00:00,34.12,-100.85,3125.625,,306.555419921875,293.99969482421875,93057.3125,40.492401123046875,6.6533358743197155,21.073711281295743,3.0,1,EF3,CST-6,21-JUN-23 18:51:00
1079904,2023-02-10T02:00:00+00:00,30.6566,-86.0573,434.0,11.156231880187988,292.5609130859375,291.5391540527344,101461.75,36.66234588623047,5.535362615814075,11.519762329226445,1.0,0,EF1,CST-6,09-FEB-23 20:26:00
1081065,2023-02-27T07:00:00+00:00,37.372,-94.045,150.5,37.50011444091797,290.1221618652344,288.52301025390625,95530.625,33.76992416381836,22.614712901000786,38.69556838601652,0.0,0,EF0,CST-6,27-FEB-23 01:25:00
1096378,2023-04-21T14:00:00+00:00,26.3239,-80.0743,719.625,109.2371597290039,299.020263671875,293.052978515625,101583.625,30.652929306030273,2.4358727678088474,1.9438652435300574,0.0,0,EF0,EST-5,21-APR-23 08:36:00
1096384,2023-04-21T17:00:00+00:00,26.0215,-80.1144,636.75,59.932010650634766,297.893310546875,292.7701416015625,101552.0,31.13861083984375,1.0937260055161864,2.980144420669639,0.0,0,EF0,EST-5,21-APR-23 11:44:00
1098432,2023-06-22T02:00:00+00:00,33.82,-100.73,2452.375,,304.18994140625,296.58447265625,92770.5625,38.05071258544922,5.962431262201541,18.047117364294987,,0,EFU,CST-6,21-JUN-23 19:36:00
1098433,2023-06-22T02:00:00+00:00,34.01,-100.89,2619.5,,304.37060546875,295.46826171875,91483.5625,35.93645477294922,5.029255295592976,18.672801251654313,,0,EFU,CST-6,21-JUN-23 19:37:00
1098434,2023-06-22T02:00:00+00:00,33.62,-100.72,2099.0,,305.28759765625,295.53955078125,92791.5625,36.41008758544922,5.737332797157972,16.365765459054575,,0,EFU,CST-6,21-JUN-23 20:18:00
1144193,2023-11-21T00:00:00+00:00,32.604,-89.94,481.625,276.31292724609375,293.95166015625,291.29376220703125,99825.0625,40.32048797607422,15.41947593819036,19.88478258698416,1.0,0,EF1,CST-6,20-NOV-23 18:01:00
1087843,2023-04-28T21:00:00+00:00,36.254,-80.8355,385.875,62.21877670288086,295.550537109375,288.0013427734375,96559.75,25.40439224243164,3.33353019471995,14.408114882724702,0.0,0,EF0,EST-5,28-APR-23 15:44:00
1148794,2023-10-13T23:00:00+00:00,39.9548,-90.6636,337.0,10.947299003601074,290.92041015625,289.692626953125,98138.25,29.51774024963379,11.76266789715001,11.167438019958375,1.0,0,EF1,CST-6,13-OCT-23 17:08:00
1086339,2023-02-27T20:00:00+00:00,39.9844,-124.0016,165.625,0.038141898810863495,278.87646484375,276.1604919433594,98567.5,8.961366653442383,4.7726426144866645,7.900326477926222,,0,EFU,PST-8,27-FEB-23 12:24:00
1082308,2023-02-27T15:00:00+00:00,40.1694,-88.2649,213.25,0.17188158631324768,288.18017578125,285.20733642578125,96295.4375,20.594778060913086,16.637123640555657,19.155691513255803,,0,EFU,CST-6,27-FEB-23 08:55:00
1082307,2023-02-27T15:00:00+00:00,40.0975,-88.3564,213.25,0.17188158631324768,288.18017578125,285.20733642578125,96295.4375,20.594778060913086,16.637123640555657,19.155691513255803,0.0,0,EF0,CST-6,27-FEB-23 08:43:00
1073869,2023-02-27T18:00:00+00:00,39.8656,-85.9115,488.65625,0.10946794599294662,289.410400390625,286.082763671875,95816.625,22.393543243408203,19.440715330382854,20.649439448131872,1.0,0,EF1,EST-5,27-FEB-23 13:28:00
1096510,2023-04-22T21:00:00+00:00,39.7577,-104.7396,1.8125,,276.5947265625,265.918701171875,82868.4375,6.528926849365234,0.12841963057637668,0.5274951598415235,0.0,0,EF0,MST-7,22-APR-23 14:13:00
1096516,2023-04-22T20:00:00+00:00,40.0212,-104.4846,4.8125,,276.422119140625,265.68505859375,84285.75,6.5967302322387695,0.10948578139909798,0.9489677545942246,0.0,0,EF0,MST-7,22-APR-23 13:21:00
1081831,2023-02-26T23:00:00+00:00,37.03,-100.93,240.5,54.62502670288086,290.0074768066406,285.2768249511719,89427.75,21.13928985595703,6.367644494296213,21.934912846825316,0.0,0,EF0,CST-6,26-FEB-23 16:42:00
1070534,2023-02-16T22:00:00+00:00,35.2491,-87.4872,462.0,0.34380966424942017,290.72772216796875,290.0412902832031,97923.25,38.336509704589844,10.00958529993383,19.99269981562999,0.0,0,EF0,CST-6,16-FEB-23 15:38:00
1070535,2023-02-16T22:00:00+00:00,35.34,-87.29,628.3125,2.6563096046447754,290.79510498046875,289.9358215332031,97943.25,37.615806579589844,10.80743147672104,20.58262312571093,0.0,0,EF0,CST-6,16-FEB-23 15:57:00
1096517,2023-04-22T21:00:00+00:00,40.011,-104.4936,4.6875,,277.53125,265.602294921875,84256.4375,6.599239349365234,0.08453433201926698,0.6667673048254172,0.0,0,EF0,MST-7,22-APR-23 13:30:00
1096519,2023-04-22T21:00:00+00:00,40.025,-104.4796,4.6875,,277.53125,265.602294921875,84256.4375,6.599239349365234,0.08453433201926698,0.6667673048254172,0.0,0,EF0,MST-7,22-APR-23 13:51:00
1074032,2023-02-27T20:00:00+00:00,40.0091,-84.004,520.5,1.4912668466567993,287.97607421875,285.2981872558594,95410.5,24.067811965942383,16.35306050311867,23.98597228459687,1.0,0,EF1,EST-5,27-FEB-23 15:19:00
1074034,2023-02-27T22:00:00+00:00,39.9491,-82.6492,197.25,7.718886375427246,288.379150390625,285.52313232421875,95558.0,25.53348731994629,17.602953560514962,20.15661425400002,0.0,0,EF0,EST-5,27-FEB-23 16:41:00
1144389,2023-11-21T01:00:00+00:00,31.8603,-90.0208,828.125,78.14091491699219,294.29913330078125,293.100341796875,99533.625,36.26734161376953,16.29958762802509,19.662626938869234,0.0,0,EF0,CST-6,20-NOV-23 18:36:00
1144391,2023-11-21T02:00:00+00:00,31.939,-89.4845,802.875,136.43814086914062,293.750244140625,292.93597412109375,99571.0,38.62192916870117,16.546375343108963,20.34168995095575,1.0,0,EF1,CST-6,20-NOV-23 20:09:00
1149464,2023-11-21T01:00:00+00:00,31.703,-90.245,771.5,25.17216682434082,294.24932861328125,293.009521484375,99614.625,35.69409942626953,14.54385253926097,19.061117922420724,1.0,0,EF1,CST-6,20-NOV-23 18:38:00
1083223,2023-02-27T20:00:00+00:00,40.9171,-84.7159,405.25,4.63189172744751,285.18115234375,284.1214294433594,95777.5,25.215272903442383,15.238152399560033,17.799323292459817,0.0,0,EF0,EST-5,27-FEB-23 15:00:00
1144195,2023-11-21T00:00:00+00:00,31.681,-90.35,1081.25,14.000442504882812,294.82080078125,293.23028564453125,99652.0625,37.84685516357422,14.401223415273387,17.726660951245524,1.0,0,EF1,CST-6,20-NOV-23 18:29:00
1082835,2023-02-27T00:00:00+00:00,35.2457,-100.3964,680.53125,25.703195571899414,293.1180114746094,289.01068115234375,90622.0625,29.189434051513672,10.974531089255096,29.439971496717202,0.0,0,EF0,CST-6,26-FEB-23 18:29:00
1098430,2023-06-22T01:00:00+00:00,34.12,-100.85,3125.625,,306.555419921875,293.99969482421875,93057.3125,40.492401123046875,6.6533358743197155,21.073711281295743,,0,EFU,CST-6,21-JUN-23 18:50:00
1095733,2023-04-01T05:00:00+00:00,38.2696,-85.4967,622.625,0.5022006034851074,290.835693359375,288.8435363769531,97957.375,31.686176300048828,21.419867838917146,30.338465510775013,1.0,0,EF1,EST-5,31-MAR-23 23:30:00
1070536,2023-02-16T23:00:00+00:00,35.5158,-86.7595,353.25,0.14072558283805847,292.03997802734375,290.75506591796875,98099.6875,39.55652618408203,11.028383507855413,20.057604959443804,1.0,0,EF1,CST-6,16-FEB-23 16:38:00
1086862,2023-04-22T23:00:00+00:00,41.8051,-74.9244,83.875,5.058290004730225,286.8935546875,285.463134765625,94893.1875,22.71442985534668,12.4088674566696,21.226046014276257,2.0,1,EF2,EST-5,22-APR-23 17:38:00
1078133,2023-01-03T23:00:00+00:00,40.0373,-88.9714,94.25,44.17192840576172,287.963134765625,286.41705322265625,97734.3125,16.680625915527344,9.871000568865483,15.790205794393048,1.0,0,EF1,CST-6,03-JAN-23 16:35:00
1078195,2023-01-04T00:00:00+00:00,39.8822,-88.8946,243.375,39.34395217895508,287.74725341796875,286.1479797363281,97792.875,18.256595611572266,11.20839354774996,13.418047436404635,0.0,0,EF0,CST-6,03-JAN-23 18:05:00
1073931,2023-02-27T20:00:00+00:00,39.5381,-84.5036,465.4375,22.00689125061035,289.10791015625,286.0140075683594,96032.5,24.003358840942383,17.971275812258607,24.26683674316429,1.0,0,EF1,EST-5,27-FEB-23 14:37:00
1078144,2023-01-04T00:00:00+00:00,40.32,-88.481,216.875,46.93770217895508,287.29510498046875,285.9458312988281,97464.875,17.552494049072266,10.817588518692704,15.342284116743103,1.0,0,EF1,CST-6,03-JAN-23 17:38:00
1074033,2023-02-27T21:00:00+00:00,39.7889,-83.1773,695.75,0.33791905641555786,289.66015625,286.09197998046875,95778.4375,26.14861297607422,16.471203584032324,25.880501433797097,0.0,0,EF0,EST-5,27-FEB-23 16:03:00
1149699,2023-11-21T02:00:00+00:00,31.186,-91.678,929.375,1.4381377696990967,294.813720703125,294.12835693359375,100616.0,45.91001510620117,11.317894249361931,18.77468272352905,1.0,0,EF1,CST-6,20-NOV-23 19:40:00
1080917,2023-02-27T15:00:00+00:00,40.44,-88.0,197.21875,0.06250659376382828,288.10009765625,285.25714111328125,96299.4375,20.680715560913086,17.224526871427674,18.06438656662775,,0,EFU,CST-6,27-FEB-23 09:15:00
1091355,2023-03-03T19:00:00+00:00,38.203,-86.953,289.6875,21.021486282348633,289.245849609375,286.2713928222656,96284.8125,24.47724723815918,20.05171075501137,27.200736336257414,1.0,0,EF1,EST-5,03-MAR-23 14:12:00
1088275,2023-04-01T01:00:00+00:00,40.405,-87.9245,1063.5625,22.19796371459961,291.725341796875,287.99017333984375,96940.1875,30.012861251831055,19.5331155268776,25.982598074411754,1.0,0,EF1,CST-6,31-MAR-23 18:57:00
1088281,2023-04-01T02:00:00+00:00,38.9018,-88.0604,418.0625,35.3125114440918,294.20556640625,289.33526611328125,98086.5625,30.470230102539062,21.467885930898927,29.513226219251365,0.0,0,EF0,CST-6,31-MAR-23 19:58:00
1090237,2023-03-11T23:00:00+00:00,37.93,-120.53,220.5,19.609386444091797,287.556396484375,284.3504638671875,95841.0,18.65774917602539,4.568245206495325,16.427249548342225,1.0,0,EF1,PST-8,11-MAR-23 14:52:00
1087762,2023-03-24T10:00:00+00:00,32.9467,-98.0363,534.375,11.890663146972656,290.7499084472656,289.828857421875,96815.8125,38.62261199951172,11.316697038627517,20.591826236596617,1.0,0,EF1,CST-6,24-MAR-23 03:52:00
1087763,2023-03-24T10:00:00+00:00,32.9597,-97.91,534.375,11.890663146972656,290.7499084472656,289.828857421875,96815.8125,38.62261199951172,11.316697038627517,20.591826236596617,1.0,0,EF1,CST-6,24-MAR-23 03:56:00
1081834,2023-03-02T05:00:00+00:00,34.9504,-86.5074,82.4375,0.14073798060417175,291.4898986816406,289.41796875,97522.0,43.20956039428711,14.262682646062839,23.75340460242582,1.0,0,EF1,CST-6,01-MAR-23 22:32:00
1099586,2023-05-16T21:00:00+00:00,36.74,-83.09,1567.3125,35.395362854003906,297.199951171875,291.925048828125,94629.875,35.69206237792969,6.136236431107945,19.717200476302892,1.0,0,EF1,EST-5,16-MAY-23 16:17:00
1099590,2023-05-16T21:00:00+00:00,36.72,-82.93,1567.3125,35.395362854003906,297.199951171875,291.925048828125,94629.875,35.69206237792969,6.136236431107945,19.717200476302892,1.0,0,EF1,EST-5,16-MAY-23 16:27:00
1099591,2023-05-16T22:00:00+00:00,36.7045,-82.7961,380.5625,8.10965347290039,295.783447265625,292.092041015625,94381.4375,38.124168395996094,6.066336556411271,22.004877581226232,1.0,0,EF1,EST-5,16-MAY-23 16:33:00
1078182,2023-01-04T00:00:00+00:00,39.8643,-88.9289,243.375,39.34395217895508,287.74725341796875,286.1479797363281,97792.875,18.256595611572266,11.20839354774996,13.418047436404635,1.0,0,EF1,CST-6,03-JAN-23 18:00:00
1086985,2023-03-03T00:00:00+00:00,33.2277,-93.9945,388.25,20.51569366455078,294.13861083984375,291.4637756347656,98610.6875,37.251380920410156,19.67439888192858,21.024986723730144,1.0,0,EF1,CST-6,02-MAR-23 17:58:00
1123869,2023-07-29T07:00:00+00:00,41.3266,-84.794,2386.625,28.546899795532227,296.01171875,294.506591796875,98274.8125,53.35537338256836,15.865709169270191,14.927685249930608,1.0,0,EF1,EST-5,29-JUL-23 01:53:00
1087764,2023-03-24T10:00:00+00:00,33.0,-97.84,459.0,1.2344133853912354,291.3192443847656,290.251708984375,97137.8125,38.99077606201172,12.474217287267463,19.48248873332966,1.0,0,EF1,CST-6,24-MAR-23 03:59:00
1083266,2023-03-31T20:00:00+00:00,40.63,-89.35,1521.5625,181.8282470703125,294.038818359375,288.457275390625,97257.375,26.45330047607422,11.947340778134688,17.144734994350223,1.0,0,EF1,CST-6,31-MAR-23 14:15:00
1083268,2023-03-31T20:00:00+00:00,40.72,-89.22,1521.5625,181.8282470703125,294.038818359375,288.457275390625,97257.375,26.45330047607422,11.947340778134688,17.144734994350223,,0,EFU,CST-6,31-MAR-23 14:23:00
1083236,2023-04-01T00:00:00+00:00,39.4804,-89.4917,1354.3125,88.87522888183594,293.357666015625,289.4400634765625,97337.0,29.784866333007812,20.024044689619092,27.977732672934888,0.0,0,EF0,CST-6,31-MAR-23 18:06:00
1114695,2023-06-16T05:00:00+00:00,30.6182,-87.7945,3006.0,25.258359909057617,298.008056640625,297.0304260253906,100764.8125,52.15359115600586,8.742732244515262,18.28503088455566,0.0,0,EF0,CST-6,15-JUN-23 23:21:00
1130466,2023-07-01T22:00:00+00:00,41.32,-84.5527,203.125,62.015785217285156,301.031982421875,294.26025390625,98247.5625,44.85490798950195,3.013364479042553,8.83752657247831,0.0,0,EF0,EST-5,01-JUL-23 16:42:00
1099533,2023-05-04T16:00:00+00:00,33.8755,-118.2652,255.8125,0.92195725440979,286.25244140625,284.322021484375,100156.6875,16.634334564208984,2.541695498279975,10.359110117155938,0.0,0,EF0,PST-8,04-MAY-23 07:45:00
1081932,2023-03-02T12:00:00+00:00,35.1014,-85.4777,0.0,,287.0826416015625,285.52484130859375,95954.6875,26.941009521484375,8.615280110047859,18.968826766208267,0.0,0,EF0,CST-6,02-MAR-23 06:16:00
1101240,2023-05-05T02:00:00+00:00,38.53,-100.3,815.75,563.9533081054688,292.433349609375,288.450927734375,91466.75,25.56172752380371,5.602601299130727,15.258214789520819,0.0,0,EF0,CST-6,04-MAY-23 20:09:00
1144390,2023-11-21T02:00:00+00:00,31.8869,-89.7847,623.375,130.92251586914062,293.790283203125,292.97113037109375,99523.0,37.02427291870117,16.62277748947197,20.393474214293793,0.0,0,EF0,CST-6,20-NOV-23 19:43:00
1088062,2023-03-02T23:00:00+00:00,33.2837,-95.2662,96.0625,30.26589584350586,294.38330078125,292.2657165527344,97971.375,31.4957275390625,19.951312394870033,16.726927772352177,0.0,0,EF0,CST-6,02-MAR-23 17:00:00
1088057,2023-03-02T23:00:00+00:00,32.7662,-94.4203,293.4375,6.437771797180176,294.84130859375,292.7989196777344,98548.375,38.0953369140625,16.11108717243955,19.07359366930879,1.0,0,EF1,CST-6,02-MAR-23 17:05:00
1095734,2023-04-01T05:00:00+00:00,38.279,-85.449,622.625,0.5022006034851074,290.835693359375,288.8435363769531,97957.375,31.686176300048828,21.419867838917146,30.338465510775013,0.0,0,EF0,EST-5,31-MAR-23 23:33:00
1103711,2023-05-12T21:00:00+00:00,42.08,-98.7,1458.375,26.828147888183594,293.852294921875,290.68511962890625,93334.4375,32.36249542236328,6.509396747639228,13.752534313780043,2.0,1,EF2,CST-6,12-MAY-23 14:55:00
1088067,2023-03-03T00:00:00+00:00,32.9747,-94.1211,470.0625,0.3281937539577484,294.29583740234375,291.9950256347656,98677.6875,37.446693420410156,17.20948948105436,19.336114635769846,1.0,0,EF1,CST-6,02-MAR-23 17:34:00
1087759,2023-03-16T22:00:00+00:00,32.8066,-97.0338,1499.6875,235.85943603515625,294.529052734375,291.1754455566406,98356.875,37.89682388305664,10.702274154664703,20.5911091311776,1.0,0,EF1,CST-6,16-MAR-23 15:47:00
1087760,2023-03-16T22:00:00+00:00,32.8375,-96.9593,1499.6875,235.85943603515625,294.529052734375,291.1754455566406,98356.875,37.89682388305664,10.702274154664703,20.5911091311776,1.0,0,EF1,CST-6,16-MAR-23 15:52:00
1079902,2023-04-01T05:00:00+00:00,35.356,-88.009,2016.0625,0.3303256034851074,294.470458984375,291.9929504394531,98851.375,36.66762161254883,19.788953502453968,22.989268152606652,2.0,1,EF2,CST-6,31-MAR-23 22:56:00
1083272,2023-03-31T23:00:00+00:00,39.896,-89.6206,816.3125,15.928359031677246,293.900146484375,289.05859375,97425.1875,31.43476104736328,17.791307955553847,23.823617512517696,2.0,1,EF2,CST-6,31-MAR-23 17:12:00
1088251,2023-03-31T23:00:00+00:00,39.8448,-89.5223,816.3125,15.928359031677246,293.900146484375,289.05859375,97425.1875,31.43476104736328,17.791307955553847,23.823617512517696,2.0,1,EF2,CST-6,31-MAR-23 17:18:00
1091328,2023-03-03T19:00:00+00:00,38.329,-87.027,550.875,8.068361282348633,288.016357421875,286.0233459472656,96074.8125,28.06904411315918,20.371231473094983,26.74684611571801,1.0,0,EF1,EST-5,03-MAR-23 14:11:00
1091332,2023-03-03T20:00:00+00:00,38.703,-85.557,768.5,0.7216615080833435,290.13916015625,288.40350341796875,95522.9375,30.82799530029297,19.814764268345215,32.41961081286629,1.0,0,EF1,EST-5,03-MAR-23 15:29:00
1087761,2023-03-17T01:00:00+00:00,32.1319,-96.495,36.5,284.06268310546875,292.937255859375,290.89642333984375,99270.125,31.405174255371094,7.1123655568016915,19.93343279857169,1.0,0,EF1,CST-6,16-MAR-23 18:58:00
1120134,2023-08-18T13:00:00+00:00,41.9418,-71.3813,514.5,0.09382208436727524,294.630859375,294.050537109375,99417.375,47.22606658935547,14.101808914775074,19.611820512533974,1.0,0,EF1,EST-5,18-AUG-23 08:07:00
1083273,2023-04-01T01:00:00+00:00,40.2804,-88.2907,883.75,23.19796371459961,291.874755859375,288.11126708984375,96959.1875,30.539228439331055,19.039463772908277,27.066904241120902,1.0,0,EF1,CST-6,31-MAR-23 18:39:00
1088066,2023-03-03T05:00:00+00:00,31.7226,-94.6396,2098.4375,190.84426879882812,294.6928405761719,292.9908142089844,98146.875,39.92133712768555,16.017239524611146,20.664399994081016,1.0,0,EF1,CST-6,02-MAR-23 22:51:00
1152456,2023-08-12T17:00:00+00:00,41.879,-79.7884,2211.0,39.0098991394043,297.999755859375,293.799560546875,95790.4375,31.285686492919922,4.905489729626461,15.92965623987421,0.0,0,EF0,EST-5,12-AUG-23 12:24:00
1085969,2023-03-31T23:00:00+00:00,42.646,-91.268,71.75,0.5221089124679565,286.817138671875,285.361328125,95423.1875,24.35370635986328,14.719531776952087,23.204200911655786,0.0,0,EF0,CST-6,31-MAR-23 16:45:00
1083232,2023-03-31T20:00:00+00:00,40.4736,-89.8701,1506.5625,105.28137969970703,293.153076171875,289.282470703125,97659.375,28.43181610107422,15.837276942204918,17.12285973868984,,0,EFU,CST-6,31-MAR-23 13:37:00
1102164,2023-03-25T02:00:00+00:00,33.31,-90.04,1034.75,1.156288743019104,294.24853515625,292.17193603515625,99273.0625,47.187950134277344,24.594249159944418,28.245482230337778,3.0,1,EF3,CST-6,24-MAR-23 20:12:00
1083233,2023-03-31T22:00:00+00:00,39.7671,-90.3526,281.375,20.187618255615234,294.8857421875,288.23974609375,97201.25,27.234437942504883,18.726217591700717,22.139907456882398,,0,EFU,CST-6,31-MAR-23 16:27:00
1146364,2023-08-12T17:00:00+00:00,40.6415,-83.3633,1742.0,250.91615295410156,301.973876953125,295.210205078125,97642.4375,35.94779586791992,4.627065519960239,12.150493171591618,1.0,0,EF1,EST-5,12-AUG-23 12:13:00
1099668,2023-05-07T00:00:00+00:00,44.8799,-95.1569,478.875,3.140749931335449,289.580810546875,287.3627624511719,96829.4375,24.436946868896484,7.677383706196303,20.2400850565659,,0,EFU,CST-6,06-MAY-23 17:31:00
1093844,2023-05-07T00:00:00+00:00,44.8914,-95.1563,478.875,3.140749931335449,289.580810546875,287.3627624511719,96829.4375,24.436946868896484,7.677383706196303,20.2400850565659,,0,EFU,CST-6,06-MAY-23 17:33:00
1084582,2023-03-03T03:00:00+00:00,34.0342,-94.8123,279.8125,47.812801361083984,290.6529846191406,289.3060607910156,97856.8125,40.11135482788086,9.925504026039105,23.04064161726839,1.0,0,EF1,CST-6,02-MAR-23 21:05:00
1102166,2023-03-25T03:00:00+00:00,33.4327,-89.7853,1176.75,0.9955325722694397,293.85107421875,291.94891357421875,99120.8125,45.9545783996582,21.348486463648292,23.159310179140235,3.0,1,EF3,CST-6,24-MAR-23 20:30:00
1088253,2023-04-01T00:00:00+00:00,39.9176,-89.353,1138.0625,48.8283576965332,292.153564453125,288.9058837890625,97349.0,29.217483520507812,20.107101630056768,29.591423056892257,2.0,1,EF2,CST-6,31-MAR-23 17:32:00
1120136,2023-08-18T14:00:00+00:00,42.1146,-71.073,370.375,0.3593912422657013,294.9189453125,293.78955078125,100081.0625,46.51542282104492,15.86013500650223,19.915442151933696,0.0,0,EF0,EST-5,18-AUG-23 08:37:00
1086222,2023-05-09T18:00:00+00:00,39.3259,-97.5212,927.375,33.080955505371094,299.026611328125,290.2715148925781,96546.3125,35.592342376708984,1.9292466143915814,9.319613119604558,,0,EFU,CST-6,09-MAY-23 11:56:00
1086229,2023-05-09T18:00:00+00:00,39.2725,-97.2673,1156.25,43.252830505371094,300.108642578125,290.7881164550781,96915.3125,36.051326751708984,1.3956987251534758,8.242909662004102,,0,EFU,CST-6,09-MAY-23 12:24:00
1103704,2023-05-12T20:00:00+00:00,41.8337,-98.7521,1797.25,4.468840599060059,293.110595703125,290.58062744140625,93222.25,32.06477355957031,7.45478127429146,12.396819330986991,,0,EFU,CST-6,12-MAY-23 14:25:00
1086994,2023-03-03T00:00:00+00:00,32.3627,-93.7087,574.6875,27.82819366455078,295.65423583984375,292.8934631347656,98928.6875,39.699623107910156,15.316873198852736,17.409949211660734,1.0,0,EF1,CST-6,02-MAR-23 17:35:00
1099535,2023-05-04T16:00:00+00:00,33.8811,-118.2153,255.8125,0.92195725440979,286.25244140625,284.322021484375,100156.6875,16.634334564208984,2.541695498279975,10.359110117155938,0.0,0,EF0,PST-8,04-MAY-23 07:56:00
1078324,2023-01-03T15:00:00+00:00,34.4851,-89.2079,278.75,107.53125762939453,292.62750244140625,289.7953186035156,99619.625,39.96101379394531,20.081632706299942,16.519446204363064,1.0,0,EF1,CST-6,03-JAN-23 09:07:00
1090601,2023-03-04T00:00:00+00:00,34.589,-82.226,1720.6875,0.32818421721458435,293.0622863769531,290.9294738769531,96981.3125,36.76618576049805,18.717795087108453,24.80069692506154,1.0,0,EF1,EST-5,03-MAR-23 19:14:00
1086997,2023-03-03T07:00:00+00:00,32.4124,-93.2224,495.84375,123.04693603515625,292.8485107421875,290.6266784667969,98532.875,37.40726852416992,22.329193091055036,22.095265137852554,0.0,0,EF0,CST-6,03-MAR-23 00:38:00
1083238,2023-03-31T22:00:00+00:00,39.66,-90.58,185.0,9.484492301940918,294.5302734375,288.35400390625,97196.25,26.441469192504883,20.56858931493077,23.91999941788633,,0,EFU,CST-6,31-MAR-23 16:15:00
1083241,2023-03-31T23:00:00+00:00,39.81,-90.23,823.375,16.77210807800293,293.894287109375,289.4443359375,97427.1875,29.18085479736328,20.028107596150665,26.19379327362559,0.0,0,EF0,CST-6,31-MAR-23 16:35:00
1098699,2023-05-06T23:00:00+00:00,45.1,-96.19,495.5,66.06287384033203,290.1689453125,287.73681640625,96739.125,24.055923461914062,6.754733966081086,18.94217331834834,,0,EFU,CST-6,06-MAY-23 17:20:00
1088285,2023-04-01T02:00:00+00:00,38.9297,-87.9451,418.0625,35.3125114440918,294.20556640625,289.33526611328125,98086.5625,30.470230102539062,21.467885930898927,29.513226219251365,3.0,1,EF3,CST-6,31-MAR-23 20:03:00
1086736,2023-04-01T05:00:00+00:00,40.5345,-84.2253,298.75,0.08032561838626862,288.087646484375,285.9851379394531,96417.375,30.060199737548828,21.09813492907608,26.77413021987968,1.0,0,EF1,EST-5,31-MAR-23 23:54:00
1086007,2023-04-05T09:00:00+00:00,37.44,-89.85,1279.875,15.609419822692871,297.71875,291.04229736328125,98833.4375,43.289737701416016,20.58615310584634,24.469222419770166,1.0,0,EF1,CST-6,05-APR-23 02:56:00
1086640,2023-04-22T19:00:00+00:00,39.47,-76.44,154.8125,218.59425354003906,292.049072265625,286.702880859375,99664.5,28.39977264404297,10.688216165353927,16.179298805673675,0.0,0,EF0,EST-5,22-APR-23 14:18:00
1086641,2023-04-22T19:00:00+00:00,39.488,-76.4289,154.8125,218.59425354003906,292.049072265625,286.702880859375,99664.5,28.39977264404297,10.688216165353927,16.179298805673675,0.0,0,EF0,EST-5,22-APR-23 14:19:00
1080501,2023-04-05T16:00:00+00:00,39.9578,-86.7053,392.5625,346.511474609375,294.492431640625,288.4756164550781,97769.8125,32.75306701660156,16.875389294497392,16.20761720634893,0.0,0,EF0,EST-5,05-APR-23 10:58:00
1093555,2023-04-05T00:00:00+00:00,40.3631,-90.4329,427.5,714.093994140625,296.45849609375,288.9573669433594,97558.25,31.012527465820312,15.86682359793467,22.380367543487615,1.0,0,EF1,CST-6,04-APR-23 18:02:00
1093556,2023-04-05T00:00:00+00:00,40.3484,-90.3773,427.5,714.093994140625,296.45849609375,288.9573669433594,97558.25,31.012527465820312,15.86682359793467,22.380367543487615,,0,EFU,CST-6,04-APR-23 18:09:00
1095709,2023-04-20T02:00:00+00:00,38.38,-96.58,1417.125,452.37554931640625,295.743408203125,289.71142578125,95402.4375,22.01552963256836,13.877488894350476,19.422042609870537,0.0,0,EF0,CST-6,19-APR-23 19:38:00
1089751,2023-04-20T01:00:00+00:00,38.369,-96.6332,675.3125,588.1123657226562,296.792236328125,287.6606140136719,95072.1875,19.555095672607422,12.29380531418866,19.748386984613155,2.0,1,EF2,CST-6,19-APR-23 19:22:00
1093804,2023-04-15T23:00:00+00:00,38.234,-90.567,1048.0,143.08164978027344,296.267578125,288.1702880859375,98101.0,32.01594924926758,6.219540038725926,13.33023641466999,0.0,0,EF0,CST-6,15-APR-23 17:24:00
1093822,2023-04-16T00:00:00+00:00,38.29,-90.407,390.125,1.468862771987915,293.31298828125,288.584716796875,98267.8125,35.040687561035156,8.765671640793085,18.092379717625995,1.0,0,EF1,CST-6,15-APR-23 17:34:00
1079917,2023-04-01T07:00:00+00:00,35.7554,-86.3814,1111.0625,0.19020923972129822,293.720703125,289.8913269042969,98061.6875,34.064510345458984,17.96192134111347,25.009459342306737,2.0,1,EF2,CST-6,01-APR-23 00:41:00
1084989,2023-04-05T14:00:00+00:00,33.0124,-94.444,194.375,53.68235778808594,294.5938415527344,292.71923828125,99874.625,41.51654052734375,16.791051315102333,12.401589386018895,0.0,0,EF0,CST-6,05-APR-23 07:44:00
1093559,2023-04-05T00:00:00+00:00,40.405,-90.0777,462.375,817.875244140625,296.42822265625,288.6565856933594,97907.25,30.294754028320312,15.706897709470041,21.033684493867792,,0,EFU,CST-6,04-APR-23 18:29:00
1093815,2023-04-16T00:00:00+00:00,38.236,-90.432,390.125,1.468862771987915,293.31298828125,288.584716796875,98267.8125,35.040687561035156,8.765671640793085,18.092379717625995,1.0,0,EF1,CST-6,15-APR-23 17:30:00
1093837,2023-04-23T00:00:00+00:00,34.9551,-77.6378,610.6875,21.593772888183594,291.999755859375,290.1939697265625,100602.1875,36.26182556152344,11.353000574752413,13.172115611475254,0.0,0,EF0,EST-5,22-APR-23 19:08:00
1092151,2023-04-15T22:00:00+00:00,38.11,-91.87,557.75,30.473495483398438,291.05224609375,289.44854736328125,97338.875,31.01854705810547,4.440970422855978,18.823137069888304,2.0,1,EF2,CST-6,15-APR-23 15:35:00
1093828,2023-04-16T00:00:00+00:00,38.2116,-90.2623,592.375,22.703237533569336,295.24755859375,288.504638671875,98623.8125,35.433265686035156,8.758456371448313,17.33870098109048,0.0,0,EF0,CST-6,15-APR-23 17:34:00
1080800,2023-04-01T23:00:00+00:00,39.7,-76.01,665.9375,208.70321655273438,289.682861328125,285.86590576171875,98439.625,23.482646942138672,14.957893472074494,21.308134050611486,1.0,0,EF1,EST-5,01-APR-23 17:34:00
1079918,2023-04-01T07:00:00+00:00,35.828,-86.179,1339.6875,0.2995842397212982,293.458984375,289.6042175292969,98077.6875,34.594783782958984,17.959042445800105,24.616587431099237,2.0,1,EF2,CST-6,01-APR-23 00:53:00
1093835,2023-04-23T00:00:00+00:00,34.944,-77.711,610.6875,21.593772888183594,291.999755859375,290.1939697265625,100602.1875,36.26182556152344,11.353000574752413,13.172115611475254,1.0,0,EF1,EST-5,22-APR-23 19:01:00
1093829,2023-04-16T00:00:00+00:00,38.308,-90.001,1112.625,43.09386444091797,295.93408203125,288.280029296875,98911.8125,35.270179748535156,6.979795127529466,8.972012501362924,1.0,0,EF1,CST-6,15-APR-23 17:54:00
1103713,2023-05-12T21:00:00+00:00,41.5168,-100.2,178.875,37.375022888183594,291.348388671875,288.20172119140625,90747.4375,24.34394073486328,0.7084805038842799,3.198854531444937,,0,EFU,CST-6,12-MAY-23 15:00:00
1083512,2023-04-20T02:00:00+00:00,38.367,-96.548,1417.125,452.37554931640625,295.743408203125,289.71142578125,95402.4375,22.01552963256836,13.877488894350476,19.422042609870537,1.0,0,EF1,CST-6,19-APR-23 19:35:00
1085476,2023-04-30T11:00:00+00:00,26.92,-81.63,266.6875,0.5784196257591248,297.28369140625,294.6923828125,100408.25,36.785667419433594,15.922548260549128,22.223599617209956,1.0,0,EF1,EST-5,30-APR-23 05:34:00
1093834,2023-04-16T00:00:00+00:00,38.276,-90.329,592.375,22.703237533569336,295.24755859375,288.504638671875,98623.8125,35.433265686035156,8.758456371448313,17.33870098109048,0.0,0,EF0,CST-6,15-APR-23 17:39:00
1093839,2023-04-16T00:00:00+00:00,38.454,-90.233,754.25,18.109487533569336,294.08642578125,288.600341796875,98777.8125,35.008460998535156,6.972871554168069,11.898369485114234,,0,EFU,CST-6,15-APR-23 17:43:00
1146503,2023-05-12T21:00:00+00:00,42.0895,-98.713,1458.375,26.828147888183594,293.852294921875,290.68511962890625,93334.4375,32.36249542236328,6.509396747639228,13.752534313780043,2.0,1,EF2,CST-6,12-MAY-23 15:00:00
1089994,2023-04-20T01:00:00+00:00,42.124,-95.3766,757.625,31.40926742553711,289.652587890625,286.9262390136719,95371.1875,28.158611297607422,10.039122928032729,10.711311127541588,,0,EFU,CST-6,19-APR-23 18:56:00
1094831,2023-04-05T20:00:00+00:00,38.108,-86.588,232.375,118.83495330810547,294.522705078125,290.7670593261719,98975.1875,41.62376022338867,15.232537429674663,17.950429968194456,1.0,0,EF1,EST-5,05-APR-23 15:14:00
1094928,2023-04-16T00:00:00+00:00,38.575,-90.069,1519.125,9.812612533569336,295.17333984375,288.050537109375,98793.8125,34.349281311035156,6.04218882281299,4.7110505761676755,0.0,0,EF0,CST-6,15-APR-23 17:59:00
1094929,2023-04-16T00:00:00+00:00,38.673,-90.0244,1519.125,9.812612533569336,295.17333984375,288.050537109375,98793.8125,34.349281311035156,6.04218882281299,4.7110505761676755,,0,EFU,CST-6,15-APR-23 18:01:00
1081548,2023-04-05T22:00:00+00:00,39.7618,-82.6479,46.75,634.0604858398438,295.977783203125,287.43780517578125,98302.125,37.243717193603516,12.050459274039364,17.26916661208542,0.0,0,EF0,EST-5,05-APR-23 16:33:00
1095644,2023-04-05T21:00:00+00:00,37.9545,-86.1408,480.875,97.60440826416016,294.402099609375,290.8997802734375,98977.9375,41.77055358886719,16.866667610267353,18.534226666641693,1.0,0,EF1,EST-5,05-APR-23 15:41:00
1095647,2023-04-05T21:00:00+00:00,38.1522,-85.8321,339.625,465.3856506347656,295.114013671875,290.5013427734375,99156.9375,41.37406921386719,16.035314062705183,19.780964695414294,1.0,0,EF1,EST-5,05-APR-23 15:58:00
1094930,2023-04-16T01:00:00+00:00,38.4606,-89.438,641.75,23.536685943603516,293.501708984375,288.15875244140625,99109.875,35.27378463745117,10.745392581618933,8.431574914344058,,0,EFU,CST-6,15-APR-23 18:33:00
1094931,2023-04-16T00:00:00+00:00,38.5195,-89.9928,1112.625,43.09386444091797,295.93408203125,288.280029296875,98911.8125,35.270179748535156,6.979795127529466,8.972012501362924,0.0,0,EF0,CST-6,15-APR-23 18:03:00
1095708,2023-04-20T02:00:00+00:00,38.37,-96.6,1417.125,452.37554931640625,295.743408203125,289.71142578125,95402.4375,22.01552963256836,13.877488894350476,19.422042609870537,1.0,0,EF1,CST-6,19-APR-23 19:31:00
1095710,2023-04-20T02:00:00+00:00,38.46,-96.41,1417.125,452.37554931640625,295.743408203125,289.71142578125,95402.4375,22.01552963256836,13.877488894350476,19.422042609870537,2.0,1,EF2,CST-6,19-APR-23 19:55:00
1081549,2023-04-05T22:00:00+00:00,39.8037,-82.5287,68.25,583.2792358398438,295.378173828125,287.76397705078125,97928.125,37.166568756103516,11.474777365972376,18.302003871896257,0.0,0,EF0,EST-5,05-APR-23 16:39:00
1081517,2023-04-01T05:00:00+00:00,40.0704,-84.3905,386.125,0.2990756034851074,288.079833984375,286.3200988769531,96298.375,30.031879425048828,20.890273334886825,27.60488903641517,0.0,0,EF0,EST-5,01-APR-23 00:02:00
1085447,2023-04-16T00:00:00+00:00,32.3226,-93.3372,1725.25,73.43761444091797,297.76318359375,292.982177734375,100056.8125,36.800453186035156,7.354532171958008,16.095005841034567,1.0,0,EF1,CST-6,15-APR-23 17:30:00
1095649,2023-04-05T21:00:00+00:00,38.1982,-85.6983,339.625,465.3856506347656,295.114013671875,290.5013427734375,99156.9375,41.37406921386719,16.035314062705183,19.780964695414294,1.0,0,EF1,EST-5,05-APR-23 16:05:00
1094934,2023-04-16T00:00:00+00:00,38.5195,-89.9871,1112.625,43.09386444091797,295.93408203125,288.280029296875,98911.8125,35.270179748535156,6.979795127529466,8.972012501362924,1.0,0,EF1,CST-6,15-APR-23 18:03:00
1086059,2023-04-05T20:00:00+00:00,37.97,-87.09,544.0,63.4286994934082,295.301025390625,290.4604187011719,99687.1875,44.35325241088867,17.45831668242668,19.019782019603156,0.0,0,EF0,CST-6,05-APR-23 13:42:00
1084419,2023-04-05T11:00:00+00:00,35.967,-93.5241,2854.1875,22.51675796508789,293.34423828125,292.2371826171875,94570.875,37.7968864440918,14.315696231981088,21.25530034020984,0.0,0,EF0,CST-6,05-APR-23 04:50:00
1084420,2023-04-05T11:00:00+00:00,36.46,-93.391,1975.8125,13.92300796508789,294.58447265625,291.7938232421875,95855.875,35.5683708190918,17.400429194628884,23.43299555997215,,0,EFU,CST-6,05-APR-23 05:03:00
1095660,2023-04-05T21:00:00+00:00,38.1938,-85.7003,339.625,465.3856506347656,295.114013671875,290.5013427734375,99156.9375,41.37406921386719,16.035314062705183,19.780964695414294,1.0,0,EF1,EST-5,05-APR-23 16:05:00
1081512,2023-04-01T05:00:00+00:00,40.0241,-84.4078,373.875,0.18970061838626862,288.206787109375,286.4138488769531,96342.375,29.918598175048828,17.225777361861613,29.23427031434334,0.0,0,EF0,EST-5,01-APR-23 00:01:00
1086045,2023-04-05T18:00:00+00:00,36.99,-88.93,1149.75,4.250664234161377,294.750244140625,292.77874755859375,99857.875,46.10295867919922,18.28759560453183,17.34517954817291,1.0,0,EF1,CST-6,05-APR-23 12:26:00
1086051,2023-04-05T19:00:00+00:00,36.63,-88.38,903.375,14.984375953674316,294.078125,291.9927978515625,99688.3125,45.67414093017578,17.389801871482366,15.545588558302816,0.0,0,EF0,CST-6,05-APR-23 13:02:00
1085645,2023-04-21T00:00:00+00:00,32.3341,-95.2896,1381.875,0.4062618017196655,294.504150390625,291.8934631347656,99648.5625,45.10848617553711,3.156364799368475,12.91275910048822,0.0,0,EF0,CST-6,20-APR-23 18:05:00
1081516,2023-04-01T05:00:00+00:00,39.9486,-84.4491,373.875,0.18970061838626862,288.206787109375,286.4138488769531,96342.375,29.918598175048828,17.225777361861613,29.23427031434334,0.0,0,EF0,EST-5,01-APR-23 00:02:00
1085986,2023-04-05T08:00:00+00:00,36.954,-90.7,1406.375,24.776098251342773,297.2880554199219,291.14520263671875,98396.625,41.88123321533203,20.22276597469241,23.967037755455202,0.0,0,EF0,CST-6,05-APR-23 01:48:00
1083782,2023-04-05T12:00:00+00:00,42.5809,-88.395,0.625,71.63093566894531,288.71478271484375,286.5458984375,96631.5625,22.87457275390625,16.130664194580486,28.756856495853164,0.0,0,EF0,CST-6,05-APR-23 05:38:00
1095576,2023-04-01T12:00:00+00:00,34.1245,-84.5357,212.875,6.079421043395996,291.4908752441406,289.51116943359375,97469.875,41.16891098022461,16.720429213755644,25.341377499562274,0.0,0,EF0,EST-5,01-APR-23 06:35:00
1093838,2023-04-23T01:00:00+00:00,35.0457,-77.449,682.4375,3.875143051147461,291.1357421875,289.8670654296875,100787.875,35.447593688964844,11.742103356158548,12.487782737883288,1.0,0,EF1,EST-5,22-APR-23 19:43:00
1093840,2023-04-23T01:00:00+00:00,35.0934,-77.3693,627.3125,3.031393051147461,290.828125,289.8836669921875,100845.875,35.928062438964844,12.632506771669943,11.069455475305672,0.0,0,EF0,EST-5,22-APR-23 19:52:00
1079912,2023-04-01T06:00:00+00:00,35.6642,-86.753,2300.75,0.17862668633460999,294.57275390625,290.59710693359375,98098.0,37.512779235839844,18.389188007211402,24.800831972851025,1.0,0,EF1,CST-6,01-APR-23 00:16:00
1085990,2023-04-05T08:00:00+00:00,36.955,-90.696,1406.375,24.776098251342773,297.2880554199219,291.14520263671875,98396.625,41.88123321533203,20.22276597469241,23.967037755455202,1.0,0,EF1,CST-6,05-APR-23 01:49:00
1093557,2023-04-05T00:00:00+00:00,40.3308,-90.3233,420.75,773.062744140625,296.37158203125,288.8323669433594,97732.25,30.900222778320312,15.650145406845247,21.589650021895363,3.0,1,EF3,CST-6,04-APR-23 18:11:00
1079914,2023-04-01T06:00:00+00:00,35.694,-86.661,2300.75,0.17862668633460999,294.57275390625,290.59710693359375,98098.0,37.512779235839844,18.389188007211402,24.800831972851025,1.0,0,EF1,CST-6,01-APR-23 00:21:00
1079915,2023-04-01T06:00:00+00:00,35.701,-86.636,2300.75,0.17862668633460999,294.57275390625,290.59710693359375,98098.0,37.512779235839844,18.389188007211402,24.800831972851025,1.0,0,EF1,CST-6,01-APR-23 00:24:00
1086003,2023-04-05T09:00:00+00:00,37.25,-90.14,1360.25,19.578168869018555,297.1806640625,291.74932861328125,98601.4375,41.705753326416016,20.10410955671164,22.473628005184107,2.0,1,EF2,CST-6,05-APR-23 02:30:00
1089992,2023-04-05T00:00:00+00:00,41.1986,-93.4558,1271.5,128.53150939941406,293.53759765625,289.8743591308594,95794.25,27.680496215820312,17.132389201610327,21.30124289553369,1.0,0,EF1,CST-6,04-APR-23 17:43:00
1089993,2023-04-05T00:00:00+00:00,41.3051,-93.3283,1032.25,40.922142028808594,290.28369140625,288.2552185058594,96241.25,29.507644653320312,18.198367732214493,23.880162650548563,1.0,0,EF1,CST-6,04-APR-23 17:58:00
1086738,2023-04-01T05:00:00+00:00,40.5956,-84.0702,257.8125,0.18970061838626862,288.119873046875,285.7439270019531,96425.375,30.343402862548828,21.01183884913914,25.45944114721612,1.0,0,EF1,EST-5,01-APR-23 00:00:00
1086305,2023-04-01T05:00:00+00:00,40.7593,-83.9851,257.8125,0.18970061838626862,288.119873046875,285.7439270019531,96425.375,30.343402862548828,21.01183884913914,25.45944114721612,0.0,0,EF0,EST-5,01-APR-23 00:02:00
1086306,2023-04-01T05:00:00+00:00,40.6579,-83.9895,257.8125,0.18970061838626862,288.119873046875,285.7439270019531,96425.375,30.343402862548828,21.01183884913914,25.45944114721612,0.0,0,EF0,EST-5,01-APR-23 00:04:00
1086307,2023-04-01T05:00:00+00:00,40.6594,-84.0036,257.8125,0.18970061838626862,288.119873046875,285.7439270019531,96425.375,30.343402862548828,21.01183884913914,25.45944114721612,0.0,0,EF0,EST-5,01-APR-23 00:03:00
1079916,2023-04-01T06:00:00+00:00,35.702,-86.634,2300.75,0.17862668633460999,294.57275390625,290.59710693359375,98098.0,37.512779235839844,18.389188007211402,24.800831972851025,1.0,0,EF1,CST-6,01-APR-23 00:25:00
1085821,2023-04-26T02:00:00+00:00,33.94,-101.14,244.0,416.14093017578125,292.769287109375,282.3897705078125,90377.0,18.862913131713867,1.588437124414092,12.894335421282143,,0,EFU,CST-6,25-APR-23 20:17:00
1085188,2023-04-22T18:00:00+00:00,39.1355,-77.4009,327.875,29.691452026367188,292.045654296875,287.56787109375,99082.9375,30.06888198852539,8.295112757259396,15.164169502153442,0.0,0,EF0,EST-5,22-APR-23 12:58:00
1081994,2023-04-16T22:00:00+00:00,27.8749,-80.504,1049.375,27.812646865844727,298.177001953125,295.0982666015625,101407.3125,48.151885986328125,3.3593620920806675,7.111804415845655,0.0,0,EF0,EST-5,16-APR-23 16:36:00
1085704,2023-04-01T15:00:00+00:00,41.946,-83.711,31.1875,,281.872802734375,279.26446533203125,96716.0,14.094118118286133,8.893511003356329,19.196129212625895,0.0,0,EF0,EST-5,01-APR-23 10:03:00
1089735,2023-04-20T01:00:00+00:00,38.3203,-96.7362,675.3125,588.1123657226562,296.792236328125,287.6606140136719,95072.1875,19.555095672607422,12.29380531418866,19.748386984613155,1.0,0,EF1,CST-6,19-APR-23 19:09:00
1089740,2023-04-20T01:00:00+00:00,38.3376,-96.6803,675.3125,588.1123657226562,296.792236328125,287.6606140136719,95072.1875,19.555095672607422,12.29380531418866,19.748386984613155,0.0,0,EF0,CST-6,19-APR-23 19:17:00
1089745,2023-04-20T01:00:00+00:00,38.3524,-96.6733,675.3125,588.1123657226562,296.792236328125,287.6606140136719,95072.1875,19.555095672607422,12.29380531418866,19.748386984613155,0.0,0,EF0,CST-6,19-APR-23 19:18:00
1093791,2023-04-15T23:00:00+00:00,38.532,-90.5,1048.125,103.05040740966797,296.560546875,287.8685302734375,98396.0,31.093097686767578,5.5649640581545015,11.230075105309199,1.0,0,EF1,CST-6,15-APR-23 17:19:00
1103695,2023-05-12T18:00:00+00:00,41.62,-99.87,1323.375,7.968812465667725,290.408203125,288.272216796875,91694.9375,29.68028450012207,4.948312403305932,7.909603043954327,1.0,0,EF1,CST-6,12-MAY-23 11:34:00
1103697,2023-05-12T18:00:00+00:00,41.4879,-100.2,958.75,0.4844374358654022,291.142578125,288.467529296875,90741.9375,28.11290168762207,1.6176683229264208,5.420904818366628,,0,EFU,CST-6,12-MAY-23 11:42:00
1103700,2023-05-12T20:00:00+00:00,41.8299,-98.5221,1890.875,4.609465599060059,293.233642578125,290.61773681640625,93531.25,32.68391418457031,8.423473102535807,13.392013292580156,1.0,0,EF1,CST-6,12-MAY-23 14:11:00
1103719,2023-05-12T18:00:00+00:00,41.69,-100.32,1382.0,1.7656874656677246,290.0888671875,287.839599609375,90920.9375,30.91270637512207,2.836889876715377,7.74177993349589,,0,EFU,CST-6,12-MAY-23 11:39:00
1082440,2023-04-01T08:00:00+00:00,36.243,-84.68,1415.875,0.7416051030158997,290.92041015625,287.73040771484375,95417.125,33.89314270019531,16.477075048075232,27.6636535759837,1.0,0,EF1,EST-5,01-APR-23 03:10:00
1084129,2023-04-20T02:00:00+00:00,38.3872,-96.4687,1417.125,452.37554931640625,295.743408203125,289.71142578125,95402.4375,22.01552963256836,13.877488894350476,19.422042609870537,0.0,0,EF0,CST-6,19-APR-23 19:45:00
1098616,2023-06-21T20:00:00+00:00,41.0583,-103.0234,1268.75,340.671875,297.298583984375,290.6484375,87275.6875,24.686662673950195,0.06511696462536636,5.4679046441891455,,0,EFU,MST-7,21-JUN-23 12:33:00
1094749,2023-04-21T04:00:00+00:00,29.8528,-98.2662,2597.75,105.01837921142578,291.801025390625,291.15069580078125,97488.6875,37.889244079589844,6.992704733932957,12.869889797169083,0.0,0,EF0,CST-6,20-APR-23 21:40:00
1090071,2023-05-13T22:00:00+00:00,42.5506,-94.8887,415.25,2.141695499420166,296.50439453125,290.6208801269531,96917.5,34.714752197265625,4.983966150775796,8.590101609714687,,0,EFU,CST-6,13-MAY-23 15:51:00
1090073,2023-05-13T22:00:00+00:00,42.0118,-94.527,492.375,,297.41162109375,290.9763488769531,97468.5,33.920806884765625,3.6345826167830393,7.9688694107733795,,0,EFU,CST-6,13-MAY-23 16:18:00
1090075,2023-05-13T23:00:00+00:00,41.3048,-93.2755,186.875,79.56251525878906,300.161376953125,292.482666015625,98489.25,34.81718826293945,4.653074486734869,9.82325283057353,,0,EFU,CST-6,13-MAY-23 17:20:00
1087129,2023-05-13T00:00:00+00:00,40.0002,-95.56,2963.75,507.9436340332031,301.625732421875,291.9100036621094,97240.625,31.24087142944336,11.507920047317887,14.987602443694563,0.0,0,EF0,CST-6,12-MAY-23 18:18:00
1097377,2023-04-02T22:00:00+00:00,31.315,-96.76,2409.9375,13.734851837158203,298.342529296875,294.2937316894531,99095.5,41.31616973876953,12.00696571362821,14.046214942386504,,0,EFU,CST-6,02-APR-23 16:15:00
1090077,2023-05-13T23:00:00+00:00,42.5523,-94.6392,454.625,87.70314025878906,295.308837890625,291.562744140625,97169.25,36.82304763793945,6.323029897904135,10.196719240666853,,0,EFU,CST-6,13-MAY-23 17:22:00
1090079,2023-05-13T23:00:00+00:00,42.5598,-94.6398,454.625,87.70314025878906,295.308837890625,291.562744140625,97169.25,36.82304763793945,6.323029897904135,10.196719240666853,0.0,0,EF0,CST-6,13-MAY-23 17:24:00
1090080,2023-05-13T23:00:00+00:00,42.7573,-94.7636,454.625,87.70314025878906,295.308837890625,291.562744140625,97169.25,36.82304763793945,6.323029897904135,10.196719240666853,,0,EFU,CST-6,13-MAY-23 17:26:00
1101737,2023-05-08T00:00:00+00:00,35.341,-82.415,136.5,572.5001220703125,292.677734375,287.7340087890625,93316.9375,23.83285140991211,3.7864723837804948,9.657267603503547,0.0,0,EF0,EST-5,07-MAY-23 18:30:00
1079345,2023-01-12T22:00:00+00:00,33.402,-83.896,69.84375,8.161441802978516,288.20257568359375,286.54156494140625,98402.875,27.662220001220703,21.13154500984917,21.050091529355868,1.0,0,EF1,EST-5,12-JAN-23 16:53:00
1090081,2023-05-14T00:00:00+00:00,41.3339,-93.2069,202.5,2.7747714519500732,298.1552734375,292.864501953125,98581.75,37.14836502075195,5.933165077774557,10.179292954712011,0.0,0,EF0,CST-6,13-MAY-23 17:52:00
1090083,2023-05-14T00:00:00+00:00,42.6804,-94.7014,395.0,120.82164764404297,295.3994140625,291.790283203125,97228.75,36.05559158325195,5.898037229712293,10.886457088370069,,0,EFU,CST-6,13-MAY-23 17:52:00
1090084,2023-05-14T00:00:00+00:00,42.8477,-94.6731,205.5,34.13414764404297,293.984375,291.564697265625,97159.75,38.03508377075195,8.68575558568842,13.14768424369225,,0,EFU,CST-6,13-MAY-23 18:22:00
1095269,2023-05-10T22:00:00+00:00,39.57,-100.61,1273.0,121.18529510498047,294.200927734375,288.161865234375,91439.9375,31.455957412719727,2.672350500522682,17.22830205607883,,0,EFU,CST-6,10-MAY-23 16:26:00
1087119,2023-03-31T22:00:00+00:00,41.54,-91.56,57.5,9.015742301940918,289.841796875,285.91455078125,96400.25,20.987367630004883,18.762495242421174,14.308633554444205,2.0,1,EF2,CST-6,31-MAR-23 15:53:00
1087130,2023-03-31T22:00:00+00:00,41.64,-91.36,66.625,1.0001174211502075,290.30859375,286.36279296875,96206.25,23.134828567504883,18.091091233515698,13.90989555544068,1.0,0,EF1,CST-6,31-MAR-23 16:06:00
1079344,2023-01-12T22:00:00+00:00,33.3649,-83.9775,69.84375,8.161441802978516,288.20257568359375,286.54156494140625,98402.875,27.662220001220703,21.13154500984917,21.050091529355868,1.0,0,EF1,EST-5,12-JAN-23 16:49:00
1090046,2023-05-13T18:00:00+00:00,41.3818,-93.3371,900.5,21.15627670288086,296.52734375,293.0556640625,98530.625,35.86909103393555,5.416279904053533,10.038872053282704,0.0,0,EF0,CST-6,13-MAY-23 12:22:00
1094919,2023-04-12T19:00:00+00:00,26.0341,-80.1856,538.4375,45.73440170288086,296.8427734375,293.7462158203125,101315.0625,42.788333892822266,5.377700398652587,12.167141239174201,0.0,0,EF0,EST-5,12-APR-23 14:26:00
1094923,2023-04-13T02:00:00+00:00,26.0551,-80.1323,622.8125,,296.091552734375,294.1781311035156,101352.375,38.36106872558594,2.651413596170368,8.194104985390545,0.0,0,EF0,EST-5,12-APR-23 20:40:00
1091655,2023-03-25T20:00:00+00:00,32.341,-83.0395,594.5625,186.76876831054688,299.74755859375,291.3182373046875,100212.75,29.4942626953125,7.947205657583627,13.371781100189665,0.0,0,EF0,EST-5,25-MAR-23 15:17:00
1090049,2023-05-13T18:00:00+00:00,41.3849,-93.3282,900.5,21.15627670288086,296.52734375,293.0556640625,98530.625,35.86909103393555,5.416279904053533,10.038872053282704,0.0,0,EF0,CST-6,13-MAY-23 12:24:00
1090053,2023-05-13T19:00:00+00:00,42.5215,-95.2519,105.125,65.67215728759766,296.0615234375,290.31640625,96686.875,30.634294509887695,3.3123950641055457,8.333542959539779,,0,EFU,CST-6,13-MAY-23 12:36:00
1090056,2023-05-13T20:00:00+00:00,41.3311,-93.0402,895.125,59.927001953125,298.1015625,294.333984375,98554.375,36.412353515625,4.514226000735785,9.562994369282476,,0,EFU,CST-6,13-MAY-23 14:23:00
1100282,2023-05-10T18:00:00+00:00,34.31,-91.97,559.25,122.43770599365234,297.3525390625,293.325927734375,100706.375,39.86594009399414,7.359247956447803,7.633514635736058,,0,EFU,CST-6,10-MAY-23 12:05:00
1082911,2023-02-27T04:00:00+00:00,35.376,-97.146,597.46875,1.3594329357147217,290.2892761230469,287.7720031738281,95571.5,35.793907165527344,21.419240773161278,33.21297371249836,1.0,0,EF1,CST-6,26-FEB-23 21:42:00
1090058,2023-05-13T20:00:00+00:00,41.348,-92.9993,895.125,59.927001953125,298.1015625,294.333984375,98554.375,36.412353515625,4.514226000735785,9.562994369282476,0.0,0,EF0,CST-6,13-MAY-23 14:29:00
1090061,2023-05-13T21:00:00+00:00,41.3267,-92.9586,1006.125,88.65628814697266,297.6943359375,293.668701171875,98544.1875,36.96421813964844,4.650177266342356,9.730064877146225,0.0,0,EF0,CST-6,13-MAY-23 14:52:00
1090069,2023-05-13T21:00:00+00:00,42.5964,-94.9017,434.125,27.28129005432129,296.265625,290.173583984375,96880.1875,34.20542907714844,5.8421806016229745,9.708684235705194,,0,EFU,CST-6,13-MAY-23 15:15:00
1079333,2023-01-12T21:00:00+00:00,33.1654,-84.4785,427.4375,27.926998138427734,289.950927734375,287.8830261230469,97977.6875,30.22994041442871,17.318179791843185,23.830217696620494,3.0,1,EF3,EST-5,12-JAN-23 16:10:00
1082912,2023-02-27T04:00:00+00:00,35.375,-97.142,597.46875,1.3594329357147217,290.2892761230469,287.7720031738281,95571.5,35.793907165527344,21.419240773161278,33.21297371249836,1.0,0,EF1,CST-6,26-FEB-23 21:42:00
1082913,2023-02-27T04:00:00+00:00,35.39,-96.922,383.59375,0.31255799531936646,290.6750183105469,287.7124328613281,95880.5,37.149375915527344,22.08953709309324,37.83551703209658,2.0,1,EF2,CST-6,26-FEB-23 21:45:00
1082556,2023-02-16T20:00:00+00:00,34.7259,-89.0426,538.125,1.0505291223526,293.0323486328125,290.44415283203125,99212.625,34.69063186645508,11.510186623602062,19.836673327174278,2.0,1,EF2,CST-6,16-FEB-23 13:33:00
1095143,2023-05-11T20:00:00+00:00,40.27,-101.38,1011.875,16.73444938659668,290.645263671875,286.98907470703125,89560.4375,29.11978530883789,0.32381703769922815,11.842197531872028,,0,EFU,MST-7,11-MAY-23 13:01:00
1097386,2023-04-02T23:00:00+00:00,31.373,-96.491,1582.5,61.74867248535156,297.896484375,294.68243408203125,99079.5625,37.994712829589844,12.621495108985917,15.799089195496085,,0,EFU,CST-6,02-APR-23 16:43:00
1097393,2023-04-02T23:00:00+00:00,31.3981,-96.3595,1546.5625,8.076796531677246,296.8115234375,294.25567626953125,99134.5625,38.460533142089844,13.28231896457948,16.994601473266094,0.0,0,EF0,CST-6,02-APR-23 17:00:00
1079334,2023-01-12T21:00:00+00:00,33.208,-84.408,427.4375,27.926998138427734,289.950927734375,287.8830261230469,97977.6875,30.22994041442871,17.318179791843185,23.830217696620494,3.0,1,EF3,EST-5,12-JAN-23 16:15:00
1131444,2023-09-09T22:00:00+00:00,34.74,-112.45,39.5,,307.435546875,276.1083984375,84955.0625,18.268051147460938,0.10629896287467101,1.4922043789852089,0.0,0,EF0,MST-7,09-SEP-23 14:30:00
1091493,2023-05-10T00:00:00+00:00,47.361,-114.055,0.0,,282.045654296875,277.4408264160156,85643.25,11.186330795288086,0.45656923751927864,2.3596301725713738,0.0,0,EF0,MST-7,09-MAY-23 16:30:00
1082863,2023-02-27T03:00:00+00:00,35.284,-97.867,386.40625,1.781384825706482,291.58062744140625,288.46307373046875,95091.125,35.10933303833008,21.24253155055824,37.273979433832345,0.0,0,EF0,CST-6,26-FEB-23 20:57:00
1087621,2023-05-13T09:00:00+00:00,26.0799,-97.2627,3738.375,83.98442840576172,299.6357421875,297.86181640625,100917.5,51.56024932861328,6.302810435232131,6.544486077431727,1.0,0,EF1,CST-6,13-MAY-23 03:06:00
1093072,2023-05-27T20:00:00+00:00,42.36,-105.5,972.0,9.8440523147583,293.20556640625,278.97900390625,80004.5625,15.818617820739746,0.04319720590590979,2.0818564650401172,,0,EFU,MST-7,27-MAY-23 13:17:00
1093075,2023-05-27T22:00:00+00:00,41.0673,-104.9164,684.5,58.96879577636719,292.8916015625,280.37646484375,79661.75,16.507604598999023,0.10423010885718718,3.823937535898006,,0,EFU,MST-7,27-MAY-23 15:02:00
1097465,2023-05-28T01:00:00+00:00,33.2174,-102.8557,939.125,23.042129516601562,293.822021484375,290.0751647949219,88994.0625,29.4647159576416,0.2912990582937454,6.683288013334577,,0,EFU,CST-6,27-MAY-23 19:26:00
1104349,2023-05-07T01:00:00+00:00,40.07,-93.62,683.375,170.73439025878906,300.1904296875,290.2265625,97627.6875,24.85852813720703,9.994883861452402,22.468437918471153,0.0,0,EF0,CST-6,06-MAY-23 18:39:00
1104355,2023-05-07T01:00:00+00:00,39.93,-93.31,418.375,228.39064025878906,300.025390625,290.0283203125,97835.6875,20.75403594970703,10.457906470792143,19.233418958155283,2.0,1,EF2,CST-6,06-MAY-23 19:22:00
1088367,2023-05-18T17:00:00+00:00,41.3501,-105.5528,1592.9375,13.328256607055664,285.7529296875,279.7705078125,77632.1875,13.870491027832031,0.03788415639528399,6.870274429019803,,0,EFU,MST-7,18-MAY-23 10:28:00
1093312,2023-05-25T00:00:00+00:00,41.1564,-104.8157,164.1875,48.44456100463867,288.860107421875,284.296630859375,81800.5625,18.291419982910156,0.04293716335880575,1.9862878196167222,,0,EFU,MST-7,24-MAY-23 16:35:00
1087541,2023-05-08T22:00:00+00:00,40.5609,-86.6217,156.75,12.5625581741333,292.337646484375,289.42840576171875,98574.75,30.145282745361328,1.5704573244423194,16.3554780175381,,0,EFU,EST-5,08-MAY-23 16:54:00
1097473,2023-05-28T22:00:00+00:00,34.5852,-101.5781,2627.9375,56.453365325927734,297.008544921875,289.607177734375,90143.25,28.884807586669922,0.4952938389831398,4.517638921244127,,0,EFU,CST-6,28-MAY-23 16:09:00
1085713,2023-05-06T22:00:00+00:00,44.96,-96.76,237.25,143.84376525878906,289.547119140625,286.273681640625,94763.3125,20.577911376953125,4.928987984504004,14.601892216029412,0.0,0,EF0,CST-6,06-MAY-23 16:01:00
1085714,2023-05-06T22:00:00+00:00,45.06,-96.67,232.875,35.5781364440918,288.629150390625,286.755126953125,95540.3125,23.636505126953125,5.785146770258855,17.33397359019964,0.0,0,EF0,CST-6,06-MAY-23 16:25:00
1081935,2023-03-02T12:00:00+00:00,35.288,-84.9925,0.46875,,288.2457275390625,286.72406005859375,97759.6875,29.616790771484375,7.0225060738143545,20.566259508976938,0.0,0,EF0,EST-5,02-MAR-23 06:55:00
1081667,2023-02-27T01:00:00+00:00,35.609,-99.7,621.90625,6.0318603515625,290.71002197265625,287.9068603515625,91620.5,30.079254150390625,13.270352615845146,30.584692485422043,2.0,1,EF2,CST-6,26-FEB-23 19:13:00
1093134,2023-05-28T00:00:00+00:00,41.26,-103.93,575.75,41.218772888183594,289.70068359375,284.83563232421875,83922.5625,23.44072914123535,0.1990441831772647,8.37536245036955,,0,EFU,MST-7,27-MAY-23 17:06:00
1082874,2023-02-27T03:00:00+00:00,35.335,-97.838,381.21875,0.8438847661018372,291.16656494140625,288.47088623046875,94906.125,35.36421585083008,20.417177537906415,36.65253388844922,1.0,0,EF1,CST-6,26-FEB-23 21:00:00
1104449,2023-05-26T22:00:00+00:00,38.93,-104.23,241.6875,124.45317840576172,291.55322265625,281.7783203125,81196.75,16.125144958496094,0.23752206737885506,5.512676343367035,,0,EFU,MST-7,26-MAY-23 15:29:00
1104451,2023-05-28T00:00:00+00:00,38.31,-102.81,388.375,386.4219055175781,293.58837890625,287.54168701171875,87164.5625,20.94561195373535,0.2280001220052758,12.915766652010198,,0,EFU,MST-7,27-MAY-23 17:29:00
1104456,2023-05-30T22:00:00+00:00,38.1402,-102.79,274.25,,300.274169921875,277.39306640625,87637.6875,17.835899353027344,0.1788035995675766,4.890085154492691,0.0,0,EF0,MST-7,30-MAY-23 15:00:00
1086290,2023-04-01T04:00:00+00:00,41.109,-85.0286,449.875,0.20764392614364624,288.551513671875,286.50506591796875,96606.1875,32.562870025634766,21.105271977318093,23.042818995505698,2.0,1,EF2,EST-5,31-MAR-23 22:36:00
1084490,2023-04-20T08:00:00+00:00,39.4134,-96.7649,1825.1875,0.2493165135383606,291.66015625,287.6776123046875,95423.1875,33.33104705810547,11.39619089386915,30.948168410665087,0.0,0,EF0,CST-6,20-APR-23 01:45:00
1093726,2023-05-13T20:00:00+00:00,39.78,-89.06,736.625,94.083251953125,299.505859375,293.357421875,99386.375,38.177001953125,0.9388294869801136,9.053231368679837,,0,EFU,CST-6,13-MAY-23 13:37:00
1092807,2023-04-01T08:00:00+00:00,34.9746,-86.5738,525.125,0.24160513281822205,293.76904296875,290.05755615234375,97799.125,34.84626770019531,17.208242667114014,27.422408607746895,3.0,1,EF3,CST-6,01-APR-23 02:09:00
1098060,2023-05-24T22:00:00+00:00,40.89,-115.33,252.75,58.94711685180664,288.244873046875,282.112060546875,80674.75,16.71251678466797,0.2000534576767225,2.807454439611761,1.0,0,EF1,PST-8,24-MAY-23 14:00:00
1087116,2023-03-31T22:00:00+00:00,41.53,-91.79,56.375,19.531368255615234,290.0673828125,285.95361328125,96281.25,20.305727005004883,18.6892774885663,13.806663089132035,0.0,0,EF0,CST-6,31-MAR-23 15:37:00
1087047,2023-05-13T00:00:00+00:00,39.49,-95.73,3182.25,493.0686340332031,300.888427734375,293.2566833496094,96964.625,32.24966049194336,11.962935162713942,15.470236680714024,1.0,0,EF1,CST-6,12-MAY-23 18:11:00
1087048,2023-05-13T00:00:00+00:00,39.94,-95.63,3142.0,502.8655090332031,301.560302734375,292.0877380371094,96948.625,32.92348861694336,13.102383123844037,14.701875343999943,2.0,1,EF2,CST-6,12-MAY-23 18:03:00
1087049,2023-05-13T01:00:00+00:00,39.6,-95.67,3126.0,434.979736328125,300.136474609375,293.03338623046875,96752.1875,31.21211814880371,12.722896992602355,14.114999087451485,,0,EFU,CST-6,12-MAY-23 18:38:00
1087050,2023-05-13T01:00:00+00:00,39.64,-95.63,3126.0,434.979736328125,300.136474609375,293.03338623046875,96752.1875,31.21211814880371,12.722896992602355,14.114999087451485,,0,EFU,CST-6,12-MAY-23 18:49:00
1092808,2023-04-01T08:00:00+00:00,34.991,-86.497,525.125,0.24160513281822205,293.76904296875,290.05755615234375,97799.125,34.84626770019531,17.208242667114014,27.422408607746895,3.0,1,EF3,CST-6,01-APR-23 02:15:00
1080048,2023-03-03T19:00:00+00:00,38.03,-87.65,28.6875,,289.726318359375,285.2245178222656,96509.8125,23.40009880065918,18.800008962285297,22.25823637679689,1.0,0,EF1,CST-6,03-MAR-23 12:38:00
1090602,2023-03-04T01:00:00+00:00,34.644,-81.945,1021.34375,5.436469078063965,293.94854736328125,291.65216064453125,97388.875,36.60670852661133,18.57468405391279,24.956022987588938,1.0,0,EF1,EST-5,03-MAR-23 19:31:00
1079335,2023-01-12T22:00:00+00:00,33.319,-84.151,63.21875,3.8645665645599365,288.45159912109375,286.44879150390625,98074.875,26.544055938720703,20.661062612447125,21.823871137990373,3.0,1,EF3,EST-5,12-JAN-23 16:35:00
1080049,2023-03-03T19:00:00+00:00,38.12,-87.58,157.3125,12.130861282348633,288.900146484375,285.2801818847656,96393.8125,23.72724723815918,18.952150355468717,22.91062871457801,0.0,0,EF0,CST-6,03-MAR-23 12:45:00
1081303,2023-04-01T05:00:00+00:00,40.3856,-84.434,422.8125,0.4709506034851074,288.028076171875,286.2849426269531,96399.375,30.641254425048828,20.943860564068085,25.568404527414273,0.0,0,EF0,EST-5,31-MAR-23 23:48:00
1081936,2023-03-02T12:00:00+00:00,35.3029,-84.9597,0.03125,,287.4478759765625,285.88616943359375,96922.6875,26.499603271484375,5.776173842217687,20.59742526358109,0.0,0,EF0,EST-5,02-MAR-23 06:58:00
1080050,2023-03-03T19:00:00+00:00,38.17,-86.97,289.6875,21.021486282348633,289.245849609375,286.2713928222656,96284.8125,24.47724723815918,20.05171075501137,27.200736336257414,1.0,0,EF1,CST-6,03-MAR-23 13:07:00
1101285,2023-05-12T01:00:00+00:00,37.56,-101.11,3.75,,294.698486328125,279.2137145996094,90128.5,16.36321258544922,0.7030176675867823,16.95937204848039,0.0,0,EF0,CST-6,11-MAY-23 18:51:00
1097221,2023-05-12T23:00:00+00:00,41.91,-97.1,1243.5,26.91098976135254,295.56298828125,291.49298095703125,95316.375,36.00135803222656,8.429178672962172,20.952204922760593,1.0,0,EF1,CST-6,12-MAY-23 16:39:00
1079336,2023-01-12T21:00:00+00:00,33.1958,-84.4144,427.4375,27.926998138427734,289.950927734375,287.8830261230469,97977.6875,30.22994041442871,17.318179791843185,23.830217696620494,1.0,0,EF1,EST-5,12-JAN-23 16:17:00
1079337,2023-01-12T21:00:00+00:00,33.2,-84.386,427.4375,27.926998138427734,289.950927734375,287.8830261230469,97977.6875,30.22994041442871,17.318179791843185,23.830217696620494,1.0,0,EF1,EST-5,12-JAN-23 16:20:00
1144194,2023-11-21T01:00:00+00:00,32.694,-89.6708,519.375,200.2971649169922,293.42315673828125,292.031982421875,99547.625,38.61597442626953,17.91023946915807,20.786603865476646,0.0,0,EF0,CST-6,20-NOV-23 18:36:00
1100057,2023-05-28T00:00:00+00:00,42.94,-116.11,0.0,,296.58349609375,277.53582763671875,89320.5625,16.66045570373535,0.6769340924884236,4.168445635466781,0.0,0,EF0,MST-7,27-MAY-23 17:01:00
1100058,2023-05-27T01:00:00+00:00,43.71,-116.47,26.375,,295.833251953125,279.8914794921875,91133.5,20.09625816345215,0.8329003618039953,3.0869824480125794,0.0,0,EF0,MST-7,26-MAY-23 17:45:00
1084640,2023-03-18T00:00:00+00:00,30.34,-86.14,418.8125,40.4219856262207,293.3662109375,292.5205383300781,100867.1875,44.561424255371094,10.275016688014244,17.18537623480299,0.0,0,EF0,CST-6,17-MAR-23 18:20:00
1101441,2023-05-23T00:00:00+00:00,32.61,-102.34,882.5,,300.572021484375,283.363525390625,90655.125,26.10581398010254,1.3661522428130028,13.354045927181941,,0,EFU,CST-6,22-MAY-23 18:21:00
1101097,2023-05-07T02:00:00+00:00,44.202,-103.012,87.5,479.5625,288.35498046875,277.1924743652344,90566.25,13.05245590209961,1.8999891905466098,14.357182411643668,0.0,0,EF0,MST-7,06-MAY-23 19:08:00
1087584,2023-03-31T21:00:00+00:00,41.0615,-92.3334,942.8125,29.90627098083496,291.7392578125,288.9245910644531,96426.25,22.988811492919922,14.881898795086792,15.813277899233707,2.0,1,EF2,CST-6,31-MAR-23 14:36:00
1087585,2023-03-31T21:00:00+00:00,41.6489,-92.544,1363.4375,6.156271934509277,288.830078125,287.2117004394531,95848.25,22.679241180419922,11.75227049072812,15.341160199599589,,0,EFU,CST-6,31-MAR-23 14:52:00
1091231,2023-03-22T18:00:00+00:00,33.997,-118.1238,335.03125,,285.02734375,280.7822570800781,99451.6875,15.37002182006836,4.055288015503135,13.988431389193615,1.0,0,EF1,PST-8,22-MAR-23 10:14:00
1097184,2023-05-12T21:00:00+00:00,41.8527,-97.8754,1840.375,13.875022888183594,295.443115234375,292.16851806640625,94564.4375,33.78339385986328,8.465952981404428,15.350526988636345,1.0,0,EF1,CST-6,12-MAY-23 15:09:00
1100078,2023-05-09T22:00:00+00:00,31.03,-103.58,0.0,,307.858154296875,270.3883056640625,89310.4375,13.602282524108887,0.33260756735463437,1.1161268688506778,,0,EFU,CST-6,09-MAY-23 16:16:00
1101741,2023-01-03T01:00:00+00:00,33.0416,-91.7697,184.25,306.1249694824219,296.49658203125,292.04425048828125,100713.4375,43.096961975097656,17.198098345632637,21.987348779929818,2.0,1,EF2,CST-6,02-JAN-23 18:54:00
1080126,2023-03-03T17:00:00+00:00,36.95,-88.61,174.8125,65.39066314697266,289.13818359375,287.45111083984375,96787.75,24.604339599609375,19.094900278724463,27.921614635772585,2.0,1,EF2,CST-6,03-MAR-23 11:08:00
1074118,2023-03-03T22:00:00+00:00,38.959,-84.128,98.25,131.203125,287.939208984375,285.93682861328125,95316.25,20.663421630859375,19.548180137190666,27.75575302067678,0.0,0,EF0,EST-5,03-MAR-23 17:05:00
1100904,2023-05-11T01:00:00+00:00,40.07,-103.33,388.875,348.07818603515625,288.427490234375,285.61529541015625,85861.4375,24.029335021972656,0.052364500575925184,5.7453464157070036,0.0,0,EF0,MST-7,10-MAY-23 17:38:00
1100903,2023-05-11T00:00:00+00:00,40.0052,-103.4857,230.625,95.70183563232422,288.16455078125,284.89141845703125,85022.125,23.001415252685547,0.28942128308783055,3.532535287464852,1.0,0,EF1,MST-7,10-MAY-23 16:54:00
1100905,2023-05-11T01:00:00+00:00,40.09,-103.35,388.875,348.07818603515625,288.427490234375,285.61529541015625,85861.4375,24.029335021972656,0.052364500575925184,5.7453464157070036,0.0,0,EF0,MST-7,10-MAY-23 17:31:00
1101371,2023-05-26T23:00:00+00:00,40.33,-103.6,113.8125,177.57244873046875,294.3896484375,285.173583984375,86424.5,22.607818603515625,0.1680444959692012,8.803515484989251,,0,EFU,MST-7,26-MAY-23 15:53:00
1101372,2023-05-27T01:00:00+00:00,39.84,-103.22,72.5625,251.5372772216797,291.779541015625,283.5535888671875,85716.5,22.68610191345215,0.442527180077041,7.113158477594237,,0,EFU,MST-7,26-MAY-23 17:44:00
1097237,2023-05-13T00:00:00+00:00,42.3109,-97.0568,993.25,36.849884033203125,295.247802734375,290.5027770996094,95660.625,37.50844955444336,8.785964442298939,19.80556496878186,0.0,0,EF0,CST-6,12-MAY-23 17:34:00
1097566,2023-05-13T00:00:00+00:00,40.0,-95.5623,2963.75,507.9436340332031,301.625732421875,291.9100036621094,97240.625,31.24087142944336,11.507920047317887,14.987602443694563,0.0,0,EF0,CST-6,12-MAY-23 18:18:00
1087587,2023-03-31T21:00:00+00:00,42.4931,-92.9753,312.125,50.609397888183594,289.8388671875,286.7536926269531,95262.25,22.504436492919922,10.211422427241118,11.39872330703274,1.0,0,EF1,CST-6,31-MAR-23 15:22:00
1087591,2023-03-31T21:00:00+00:00,42.4742,-92.9402,312.125,50.609397888183594,289.8388671875,286.7536926269531,95262.25,22.504436492919922,10.211422427241118,11.39872330703274,1.0,0,EF1,CST-6,31-MAR-23 15:22:00
1085063,2023-04-01T00:00:00+00:00,42.729,-90.4183,239.5625,2.4689812660217285,287.029541015625,285.7242431640625,95712.0,22.856155395507812,15.836472201867704,20.656430267743435,1.0,0,EF1,CST-6,31-MAR-23 17:50:00
1085064,2023-04-01T00:00:00+00:00,42.7964,-90.3195,312.125,0.35960614681243896,287.405517578125,286.1734619140625,95699.0,24.350296020507812,14.29200581198015,20.981410232710626,1.0,0,EF1,CST-6,31-MAR-23 17:55:00
1085066,2023-04-01T00:00:00+00:00,42.814,-90.295,420.5,0.21898116171360016,286.244384765625,285.3551025390625,95608.0,26.901077270507812,12.612949757071473,24.58935938359519,1.0,0,EF1,CST-6,31-MAR-23 17:56:00
1085068,2023-04-01T00:00:00+00:00,42.5229,-89.5279,803.4375,0.875231146812439,287.990478515625,286.4400634765625,96071.0,29.475296020507812,14.349227753399171,25.522423620807047,0.0,0,EF0,CST-6,31-MAR-23 18:16:00
1085085,2023-04-01T01:00:00+00:00,42.5141,-89.0258,278.0625,0.6354631185531616,288.195068359375,286.72845458984375,96226.1875,25.215986251831055,15.057111803726478,15.381034727558513,0.0,0,EF0,CST-6,31-MAR-23 18:48:00
1085086,2023-04-01T01:00:00+00:00,42.8744,-89.1682,317.125,0.2604631185531616,286.854248046875,285.79193115234375,95872.1875,25.129072189331055,14.734096696025045,22.184351375685928,1.0,0,EF1,CST-6,31-MAR-23 18:49:00
1085087,2023-04-01T01:00:00+00:00,42.4942,-88.6972,518.6875,0.5417131185531616,288.147216796875,286.79779052734375,96102.1875,27.650556564331055,15.254184619017993,16.424219397018838,0.0,0,EF0,CST-6,31-MAR-23 19:00:00
1085088,2023-04-01T01:00:00+00:00,42.4965,-88.5681,830.1875,0.9635881185531616,288.249755859375,286.86029052734375,95932.1875,29.828290939331055,16.916742839914402,18.709021435680953,0.0,0,EF0,CST-6,31-MAR-23 19:05:00
1101724,2023-01-03T01:00:00+00:00,32.8681,-91.8982,407.25,334.2343444824219,296.10986328125,292.25225830078125,100619.4375,43.651649475097656,18.669151356762324,22.371410811179313,1.0,0,EF1,CST-6,02-JAN-23 18:36:00
1074119,2023-03-03T22:00:00+00:00,39.1159,-83.8178,115.3125,9.843755722045898,289.095458984375,286.72393798828125,94571.25,25.478851318359375,19.74132874004619,32.31064837863118,1.0,0,EF1,EST-5,03-MAR-23 17:26:00
1100911,2023-05-11T00:00:00+00:00,40.16,-103.42,195.75,98.74871063232422,290.30224609375,284.40802001953125,85736.125,22.358837127685547,0.1091827138305817,3.784508392862835,0.0,0,EF0,MST-7,10-MAY-23 17:20:00
1100913,2023-05-11T00:00:00+00:00,40.01,-103.41,230.625,95.70183563232422,288.16455078125,284.89141845703125,85022.125,23.001415252685547,0.28942128308783055,3.532535287464852,0.0,0,EF0,MST-7,10-MAY-23 16:54:00
1085060,2023-04-01T00:00:00+00:00,42.8525,-90.4002,324.3125,0.937731146812439,285.910400390625,285.0211181640625,95662.0,25.194046020507812,12.939542335932739,23.749500438735417,1.0,0,EF1,CST-6,31-MAR-23 17:48:00
1085073,2023-04-01T00:00:00+00:00,42.5376,-89.4888,803.4375,0.875231146812439,287.990478515625,286.4400634765625,96071.0,29.475296020507812,14.349227753399171,25.522423620807047,1.0,0,EF1,CST-6,31-MAR-23 18:20:00
1085076,2023-04-01T00:00:00+00:00,42.6368,-89.4121,720.5625,0.984606146812439,287.884033203125,286.4107666015625,95836.0,30.254592895507812,14.46584286776154,28.362722873122568,0.0,0,EF0,CST-6,31-MAR-23 18:26:00
1085078,2023-04-01T01:00:00+00:00,42.706,-89.368,229.875,0.4479631185531616,288.090576171875,286.66204833984375,96038.1875,23.666181564331055,16.129176442774042,17.70125629274002,0.0,0,EF0,CST-6,31-MAR-23 18:32:00
1085084,2023-04-01T01:00:00+00:00,42.4932,-88.7232,518.6875,0.5417131185531616,288.147216796875,286.79779052734375,96102.1875,27.650556564331055,15.254184619017993,16.424219397018838,1.0,0,EF1,CST-6,31-MAR-23 18:57:00
1085089,2023-04-01T01:00:00+00:00,42.995,-89.0033,396.125,0.18233813345432281,286.241943359375,285.23236083984375,96046.1875,26.620283126831055,17.0080203989986,24.24820074176392,0.0,0,EF0,CST-6,31-MAR-23 19:07:00
1085090,2023-04-01T01:00:00+00:00,42.6814,-88.7495,518.375,0.5260881185531616,287.917724609375,286.71282958984375,96003.1875,27.790205001831055,17.181506766208233,20.377170001165226,0.0,0,EF0,CST-6,31-MAR-23 19:08:00
1085091,2023-04-01T01:00:00+00:00,42.6049,-88.5176,577.75,0.4479631185531616,288.233154296875,286.69232177734375,95883.1875,29.328290939331055,18.66605676442786,23.071657520082304,0.0,0,EF0,CST-6,31-MAR-23 19:10:00
1085092,2023-04-01T01:00:00+00:00,42.8588,-88.5748,360.25,0.4167131185531616,285.953857421875,284.36517333984375,95946.1875,29.317548751831055,18.629156719238793,27.517172948777183,1.0,0,EF1,CST-6,31-MAR-23 19:26:00
1085093,2023-04-01T01:00:00+00:00,42.886,-88.542,360.25,0.4167131185531616,285.953857421875,284.36517333984375,95946.1875,29.317548751831055,18.629156719238793,27.517172948777183,1.0,0,EF1,CST-6,31-MAR-23 19:29:00
1101726,2023-01-03T01:00:00+00:00,32.9539,-91.8686,184.25,306.1249694824219,296.49658203125,292.04425048828125,100713.4375,43.096961975097656,17.198098345632637,21.987348779929818,1.0,0,EF1,CST-6,02-JAN-23 18:40:00
1074903,2023-03-03T23:00:00+00:00,39.4107,-83.2021,101.125,9.765960693359375,288.59100341796875,286.4967346191406,95035.5625,22.850303649902344,18.82878865027461,26.587675041588476,0.0,0,EF0,EST-5,03-MAR-23 18:13:00
1081301,2023-04-01T05:00:00+00:00,40.5952,-84.4442,481.1875,0.4397006034851074,288.138427734375,286.3855285644531,96623.375,31.110004425048828,20.671110128225507,22.61231713893721,0.0,0,EF0,EST-5,31-MAR-23 23:45:00
1093830,2023-05-06T23:00:00+00:00,44.8547,-95.2757,346.875,52.906620025634766,290.525390625,287.33935546875,96850.125,22.593032836914062,4.1885157830986355,21.65538582929008,,0,EFU,CST-6,06-MAY-23 17:18:00
1079322,2023-01-12T21:00:00+00:00,33.173,-84.507,427.4375,27.926998138427734,289.950927734375,287.8830261230469,97977.6875,30.22994041442871,17.318179791843185,23.830217696620494,2.0,1,EF2,EST-5,12-JAN-23 16:16:00
1079332,2023-01-12T21:00:00+00:00,33.207,-84.393,427.4375,27.926998138427734,289.950927734375,287.8830261230469,97977.6875,30.22994041442871,17.318179791843185,23.830217696620494,1.0,0,EF1,EST-5,12-JAN-23 16:19:00
1104968,2023-05-26T21:00:00+00:00,47.1632,-119.4396,108.5625,744.1406860351562,298.580322265625,280.521728515625,96570.9375,18.861881256103516,0.7124067794928409,3.392038502314806,0.0,0,EF0,PST-8,26-MAY-23 13:15:00
1101727,2023-01-03T03:00:00+00:00,32.9621,-91.4023,747.75,,296.3395080566406,292.00177001953125,100677.0,40.08222961425781,16.8319910003466,26.26199797029219,0.0,0,EF0,CST-6,02-JAN-23 21:02:00
1080445,2023-03-03T18:00:00+00:00,37.52,-87.96,87.4375,82.06278228759766,287.94189453125,286.09832763671875,96510.5625,23.032865524291992,20.681047321054994,27.198636850816378,1.0,0,EF1,CST-6,03-MAR-23 12:00:00
1081302,2023-04-01T05:00:00+00:00,40.3652,-84.5002,422.8125,0.4709506034851074,288.028076171875,286.2849426269531,96399.375,30.641254425048828,20.943860564068085,25.568404527414273,0.0,0,EF0,EST-5,31-MAR-23 23:45:00
1081304,2023-04-01T05:00:00+00:00,39.8617,-84.7751,466.5625,0.2834506034851074,287.985107421875,286.6257629394531,96061.375,29.834613800048828,20.74823055427001,28.47535529896409,0.0,0,EF0,EST-5,31-MAR-23 23:47:00
1087334,2023-04-01T00:00:00+00:00,39.391,-89.715,1307.8125,95.00022888183594,293.650634765625,289.4732666015625,97321.0,28.806350708007812,19.87856300805688,26.74889346622355,0.0,0,EF0,CST-6,31-MAR-23 17:47:00
1079346,2023-01-12T21:00:00+00:00,33.3632,-82.8028,555.96875,57.442623138427734,294.344482421875,286.4289245605469,99376.6875,24.74165916442871,15.415423027314556,20.862109150607818,1.0,0,EF1,EST-5,12-JAN-23 16:15:00
1079342,2023-01-12T22:00:00+00:00,33.408,-83.844,112.53125,12.786441802978516,288.04241943359375,286.68414306640625,98775.875,28.443470001220703,21.630812975614482,19.84984895118451,2.0,1,EF2,EST-5,12-JAN-23 16:53:00
1077276,2023-01-25T04:00:00+00:00,29.6677,-90.7027,459.75,0.5296128392219543,293.37371826171875,292.33636474609375,100849.6875,41.53643798828125,14.414076745507005,24.407408312550142,1.0,0,EF1,CST-6,24-JAN-23 22:01:00
1170546,2023-06-20T21:00:00+00:00,29.76,-90.28,3366.625,33.765647888183594,299.757080078125,297.34375,101079.6875,58.544212341308594,6.079486484903078,10.433513339456871,1.0,0,EF1,CST-6,20-JUN-23 15:00:00
1097572,2023-05-13T01:00:00+00:00,41.7798,-96.1559,677.25,61.74535369873047,295.477294921875,291.94451904296875,96721.1875,31.44258689880371,13.33034008818417,16.925412289320086,,0,EFU,CST-6,12-MAY-23 18:43:00
1095140,2023-05-11T19:00:00+00:00,39.78,-101.38,367.5,0.755034327507019,290.879638671875,287.19403076171875,88881.875,25.326162338256836,0.31776898897659017,11.978607407121826,,0,EFU,CST-6,11-MAY-23 12:39:00
1095241,2023-05-11T23:00:00+00:00,38.78,-101.91,15.75,,292.876953125,276.45751953125,87252.625,15.070423126220703,0.3739338891859436,12.249168430443298,0.0,0,EF0,MST-7,11-MAY-23 15:33:00
1084624,2023-03-18T01:00:00+00:00,30.36,-85.83,313.8125,36.75941467285156,294.693603515625,293.7272033691406,100805.3125,42.899681091308594,12.75450938943998,19.60424347753656,0.0,0,EF0,CST-6,17-MAR-23 18:49:00
1080446,2023-03-03T18:00:00+00:00,37.66,-88.11,346.6875,,288.84521484375,285.89813232421875,96640.5625,24.968412399291992,18.53301339437467,24.414076426245362,1.0,0,EF1,CST-6,03-MAR-23 12:02:00
1087335,2023-04-01T00:00:00+00:00,39.395,-89.7,1307.8125,95.00022888183594,293.650634765625,289.4732666015625,97321.0,28.806350708007812,19.87856300805688,26.74889346622355,0.0,0,EF0,CST-6,31-MAR-23 17:48:00
1087336,2023-04-01T01:00:00+00:00,38.6021,-88.998,571.25,86.52608489990234,294.859130859375,289.67572021484375,97931.1875,31.075361251831055,20.615234463998814,28.39112911106282,1.0,0,EF1,CST-6,31-MAR-23 19:11:00
1087758,2023-03-02T21:00:00+00:00,32.9816,-95.4209,1718.0625,47.562618255615234,299.159912109375,291.37982177734375,98139.0625,37.245914459228516,10.017403415243974,15.659367697118476,1.0,0,EF1,CST-6,02-MAR-23 15:20:00
1079339,2023-01-12T21:00:00+00:00,33.2252,-84.2021,407.4375,31.223873138427734,289.952880859375,288.0881042480469,98261.6875,30.26997947692871,17.515494910932286,23.129430523114117,2.0,1,EF2,EST-5,12-JAN-23 16:27:00
1095243,2023-05-11T23:00:00+00:00,38.83,-102.03,46.25,,293.345703125,276.05517578125,87313.625,16.774524688720703,0.39962402269721947,14.688349331000213,0.0,0,EF0,MST-7,11-MAY-23 15:41:00
1095249,2023-05-11T23:00:00+00:00,38.858,-101.964,46.25,,293.345703125,276.05517578125,87313.625,16.774524688720703,0.39962402269721947,14.688349331000213,1.0,0,EF1,MST-7,11-MAY-23 15:45:00
1080447,2023-03-03T18:00:00+00:00,37.69,-88.06,346.6875,,288.84521484375,285.89813232421875,96640.5625,24.968412399291992,18.53301339437467,24.414076426245362,0.0,0,EF0,CST-6,03-MAR-23 12:04:00
1079301,2023-01-12T21:00:00+00:00,32.9927,-85.0735,586.90625,0.5051230192184448,290.762451171875,288.4367370605469,98332.6875,31.41744041442871,17.526168023987054,25.35053025204975,2.0,1,EF2,EST-5,12-JAN-23 15:34:00
1079325,2023-01-12T21:00:00+00:00,33.1959,-84.4845,427.4375,27.926998138427734,289.950927734375,287.8830261230469,97977.6875,30.22994041442871,17.318179791843185,23.830217696620494,2.0,1,EF2,EST-5,12-JAN-23 16:13:00
1079317,2023-01-12T21:00:00+00:00,33.049,-84.863,463.53125,10.255123138427734,290.015380859375,288.0060729980469,97981.6875,30.48677635192871,17.56329674782643,24.944029277241437,2.0,1,EF2,EST-5,12-JAN-23 15:43:00
1079320,2023-01-12T21:00:00+00:00,33.0506,-84.8449,463.53125,10.255123138427734,290.015380859375,288.0060729980469,97981.6875,30.48677635192871,17.56329674782643,24.944029277241437,2.0,1,EF2,EST-5,12-JAN-23 15:45:00
1079340,2023-01-12T22:00:00+00:00,33.289,-84.093,229.875,4.036441802978516,288.23773193359375,286.69781494140625,98669.875,29.131946563720703,21.344647087228893,20.736399008326718,2.0,1,EF2,EST-5,12-JAN-23 16:35:00
1095250,2023-05-11T23:00:00+00:00,39.02,-101.74,151.75,,294.46484375,276.81005859375,88099.625,18.553821563720703,0.5995914021472262,14.789697718615095,0.0,0,EF0,MST-7,11-MAY-23 16:09:00
1079341,2023-01-12T22:00:00+00:00,33.392,-83.888,69.84375,8.161441802978516,288.20257568359375,286.54156494140625,98402.875,27.662220001220703,21.13154500984917,21.050091529355868,2.0,1,EF2,EST-5,12-JAN-23 16:51:00
1076238,2023-03-16T19:00:00+00:00,18.1734,-65.8775,63.375,,300.069580078125,292.1044921875,99653.125,35.69042205810547,1.1722220501282914,4.583809293526908,0.0,0,EF0,AST-4,16-MAR-23 15:10:00
1095254,2023-05-11T23:00:00+00:00,39.05,-101.39,464.25,,294.22265625,280.97412109375,88659.625,21.761829376220703,0.37572636959352335,16.24463937782202,,0,EFU,CST-6,11-MAY-23 17:25:00
1095256,2023-05-12T00:00:00+00:00,39.22,-101.48,668.25,,293.635498046875,279.1721496582031,88649.875,21.367229461669922,0.12138261090642807,15.322330444538945,,0,EFU,MST-7,11-MAY-23 16:47:00
1079906,2023-04-01T06:00:00+00:00,36.431,-86.029,2380.875,0.16300168633460999,293.83251953125,289.84515380859375,97925.0,37.788169860839844,20.293478575728678,29.997809215610673,1.0,0,EF1,CST-6,31-MAR-23 23:55:00
1095259,2023-05-12T00:00:00+00:00,39.32,-101.17,1018.375,91.90636444091797,291.950927734375,286.2668762207031,89057.875,24.116252899169922,0.07095726059553208,14.218355451962577,,0,EFU,CST-6,11-MAY-23 18:29:00
1079903,2023-04-01T05:00:00+00:00,35.449,-87.646,2340.0625,0.4397006034851074,294.217529296875,291.7136535644531,98213.375,37.63930130004883,19.453381682191313,23.468697862096782,1.0,0,EF1,CST-6,31-MAR-23 23:18:00
1097570,2023-05-13T00:00:00+00:00,41.7428,-96.3134,918.0,36.990509033203125,296.522216796875,292.2049255371094,96725.625,35.38442611694336,12.025726409084822,16.572404494792863,,0,EFU,CST-6,12-MAY-23 18:23:00
1095131,2023-05-11T18:00:00+00:00,39.618,-102.05,556.625,16.932130813598633,290.956787109375,286.8677062988281,88015.9375,25.056100845336914,0.26837256066331183,13.415345104074673,1.0,0,EF1,MST-7,11-MAY-23 11:00:00
1095245,2023-05-11T23:00:00+00:00,38.83,-102.13,7.0,,291.0537109375,277.86474609375,86505.625,15.185657501220703,0.2053664509839843,12.839561926452191,,0,EFU,MST-7,11-MAY-23 15:45:00
1095247,2023-05-11T23:00:00+00:00,38.845,-102.129,7.0,,291.0537109375,277.86474609375,86505.625,15.185657501220703,0.2053664509839843,12.839561926452191,,0,EFU,MST-7,11-MAY-23 15:46:00
1085358,2023-03-25T14:00:00+00:00,31.2144,-85.2388,713.4375,2.4586243629455566,293.4716491699219,292.57183837890625,100495.375,33.90849304199219,12.762229273541525,17.186301753375545,0.0,0,EF0,CST-6,25-MAR-23 08:00:00
1080444,2023-03-03T18:00:00+00:00,37.77,-87.78,359.875,,289.41455078125,286.46551513671875,96595.5625,26.591459274291992,18.781038535217906,25.78447041572371,1.0,0,EF1,CST-6,03-MAR-23 12:17:00
1079905,2023-04-01T06:00:00+00:00,36.4204,-86.0464,2380.875,0.16300168633460999,293.83251953125,289.84515380859375,97925.0,37.788169860839844,20.293478575728678,29.997809215610673,0.0,0,EF0,CST-6,31-MAR-23 23:53:00
1095128,2023-05-11T18:00:00+00:00,39.59,-102.02,556.625,16.932130813598633,290.956787109375,286.8677062988281,88015.9375,25.056100845336914,0.26837256066331183,13.415345104074673,1.0,0,EF1,CST-6,11-MAY-23 11:57:00
1095135,2023-05-11T19:00:00+00:00,39.75,-101.35,265.75,0.08315935730934143,292.122802734375,287.23211669921875,89333.875,25.607412338256836,0.4689338682386525,11.45522046182579,,0,EFU,CST-6,11-MAY-23 12:35:00
1097410,2023-04-26T22:00:00+00:00,31.63,-97.38,2491.0,21.109405517578125,297.021728515625,292.1062927246094,97813.125,37.31829833984375,6.979517617242895,14.36367679973694,,0,EFU,CST-6,26-APR-23 15:58:00
1098693,2023-05-06T23:00:00+00:00,44.8185,-95.4746,328.875,13.969120979309082,290.9677734375,287.79248046875,96896.125,23.136001586914062,5.6262953798663835,20.722129609861422,0.0,0,EF0,CST-6,06-MAY-23 16:42:00
1091063,2023-04-01T23:00:00+00:00,40.1503,-74.6337,519.875,14.765715599060059,288.581298828125,285.57977294921875,98877.625,23.548076629638672,16.52563693677885,20.018399316462865,1.0,0,EF1,EST-5,01-APR-23 18:08:00
1091096,2023-04-02T00:00:00+00:00,40.1543,-74.2735,285.96875,12.984426498413086,287.418212890625,285.1409912109375,99253.375,25.285839080810547,14.738207131879602,17.28931224776514,2.0,1,EF2,EST-5,01-APR-23 18:33:00
1102188,2023-05-12T02:00:00+00:00,32.733,-98.3358,4500.875,159.5159149169922,301.671630859375,295.4763488769531,96912.4375,34.09119415283203,9.662124896826604,12.817089268742125,1.0,0,EF1,CST-6,11-MAY-23 20:20:00
1100732,2023-05-08T00:00:00+00:00,41.2284,-87.6351,1350.75,224.40638732910156,297.76953125,290.1861572265625,98755.9375,27.49691390991211,3.2172216471755064,6.825386863557444,,0,EFU,CST-6,07-MAY-23 17:30:00
1102152,2023-01-03T02:00:00+00:00,33.352,-91.458,62.375,398.2032775878906,296.48297119140625,291.89178466796875,100561.3125,41.38231658935547,18.364385659612108,22.085411648598757,2.0,1,EF2,CST-6,02-JAN-23 19:30:00
1100733,2023-05-08T00:00:00+00:00,41.2186,-87.6727,1350.75,224.40638732910156,297.76953125,290.1861572265625,98755.9375,27.49691390991211,3.2172216471755064,6.825386863557444,,0,EFU,CST-6,07-MAY-23 17:42:00
1074120,2023-03-03T23:00:00+00:00,39.2751,-83.7166,67.6875,,287.43670654296875,284.1324768066406,94735.5625,20.337608337402344,17.970593083296386,18.63566251663979,0.0,0,EF0,EST-5,03-MAR-23 17:35:00
1095006,2023-05-16T21:00:00+00:00,37.6659,-83.122,2093.3125,15.614113807678223,294.759521484375,292.247314453125,96647.875,45.40495300292969,8.793971438040217,20.34914691820481,1.0,0,EF1,EST-5,16-MAY-23 15:46:00
1094986,2023-04-20T02:00:00+00:00,35.117,-97.276,2773.0625,364.67242431640625,295.925048828125,291.90673828125,96534.4375,31.11025619506836,16.840156821897473,19.066755814666642,1.0,0,EF1,CST-6,19-APR-23 19:32:00
1087061,2023-03-31T21:00:00+00:00,41.31,-92.03,991.875,6.234396934509277,291.2490234375,288.4050598144531,96388.25,23.886272430419922,12.341668125706958,14.15626626460132,4.0,1,EF4,CST-6,31-MAR-23 15:10:00
1093341,2023-06-07T21:00:00+00:00,28.2055,-80.6073,2395.75,16.43758773803711,297.755126953125,295.510498046875,100806.125,52.166473388671875,4.960972828760908,13.294057507972648,1.0,0,EF1,EST-5,07-JUN-23 16:19:00
1087096,2023-03-31T22:00:00+00:00,41.63,-91.69,107.25,5.453242301940918,288.9130859375,285.53271484375,96116.25,21.049867630004883,18.379638604812573,14.400830630569553,2.0,1,EF2,CST-6,31-MAR-23 15:48:00
1093606,2023-06-11T23:00:00+00:00,36.25,-84.96,1053.875,16.2237491607666,295.613525390625,292.809326171875,94823.0,35.18553161621094,10.20918357969076,18.752134145116855,1.0,0,EF1,CST-6,11-JUN-23 16:58:00
1098630,2023-06-22T02:00:00+00:00,41.886,-104.344,1022.25,684.9261474609375,290.78369140625,288.08349609375,86585.5625,31.38469696044922,0.3156075115464287,7.494964841092519,,0,EFU,MST-7,21-JUN-23 18:44:00
1114698,2023-06-23T19:00:00+00:00,42.6424,-111.72,387.875,548.65625,291.656005859375,277.9018859863281,80439.0625,11.07507038116455,0.42892192617145636,2.9318418643090474,0.0,0,EF0,MST-7,23-JUN-23 11:30:00
1115864,2023-06-03T00:00:00+00:00,29.92,-102.06,2725.3125,476.7656555175781,302.31591796875,292.634765625,93736.1875,29.348655700683594,4.779692690906303,21.254496838551752,0.0,0,EF0,CST-6,02-JUN-23 18:06:00
1115908,2023-06-03T00:00:00+00:00,29.96,-102.14,2001.8125,672.0625,302.51025390625,291.7607421875,92850.1875,26.477561950683594,2.8407520514641336,18.34036350125558,,0,EFU,CST-6,02-JUN-23 17:45:00
1114994,2023-06-16T21:00:00+00:00,36.988,-76.648,2298.75,101.85957336425781,297.728515625,293.328369140625,100080.1875,36.963504791259766,7.845100207252826,15.151848457398907,0.0,0,EF0,EST-5,16-JUN-23 15:36:00
1094953,2023-04-20T01:00:00+00:00,35.094,-97.654,1412.75,,297.401611328125,289.0903015136719,95921.1875,28.585369110107422,15.416880363845857,22.1992954689928,1.0,0,EF1,CST-6,19-APR-23 18:38:00
1094956,2023-04-20T01:00:00+00:00,35.09,-97.54,2097.25,,297.235595703125,290.5512390136719,96191.1875,30.498455047607422,15.529972473521086,21.561966322979316,1.0,0,EF1,CST-6,19-APR-23 18:47:00
1094985,2023-04-20T01:00:00+00:00,35.087,-97.46,2097.25,,297.235595703125,290.5512390136719,96191.1875,30.498455047607422,15.529972473521086,21.561966322979316,1.0,0,EF1,CST-6,19-APR-23 18:56:00
1094105,2023-06-12T18:00:00+00:00,40.0839,-76.7746,543.0,0.7490507960319519,295.10107421875,292.724365234375,98284.3125,45.78813934326172,10.222768607559757,11.26770466368184,0.0,0,EF0,EST-5,12-JUN-23 12:30:00
1094285,2023-05-15T21:00:00+00:00,37.39,-93.14,1548.5,25.328969955444336,295.792724609375,293.1676025390625,97676.4375,39.056488037109375,1.891331766425435,9.272235560220778,0.0,0,EF0,CST-6,15-MAY-23 14:41:00
1078564,2023-01-24T21:00:00+00:00,29.83,-94.77,888.875,41.203311920166016,289.72186279296875,289.3797607421875,100052.375,46.825767517089844,16.205228092143564,32.45653235180724,0.0,0,EF0,CST-6,24-JAN-23 14:58:00
1126608,2023-07-12T23:00:00+00:00,41.6926,-88.3334,1619.75,2.625120162963867,297.5810546875,294.404052734375,98211.25,43.50800323486328,13.28864143861253,18.700898022563305,0.0,0,EF0,CST-6,12-JUL-23 16:36:00
1126643,2023-07-13T00:00:00+00:00,42.0139,-88.1209,802.0,69.55191802978516,296.2080078125,294.107666015625,98055.0,38.397850036621094,11.185673035702738,14.342266150642507,0.0,0,EF0,CST-6,12-JUL-23 17:43:00
1126644,2023-07-13T00:00:00+00:00,41.9271,-88.1409,926.25,96.44254302978516,295.787109375,294.081298828125,97875.0,36.856834411621094,9.548507157600651,13.861247081797966,0.0,0,EF0,CST-6,12-JUL-23 17:44:00
1094899,2023-04-20T00:00:00+00:00,35.073,-97.671,1183.375,797.6094970703125,297.49072265625,289.5924072265625,96035.625,31.49911117553711,14.152451092108167,21.417739589518494,0.0,0,EF0,CST-6,19-APR-23 18:23:00
1099246,2023-05-09T19:00:00+00:00,43.8942,-95.1545,936.625,44.50020217895508,293.638916015625,287.93359375,96837.625,28.92715072631836,2.826459852920997,2.891937295653619,0.0,0,EF0,CST-6,09-MAY-23 12:42:00
1096843,2023-06-22T17:00:00+00:00,35.285,-77.586,962.125,10.290855407714844,299.04052734375,295.77392578125,101324.3125,49.841026306152344,11.294110645350287,13.583684316947261,1.0,0,EF1,EST-5,22-JUN-23 12:04:00
1083270,2023-04-01T00:00:00+00:00,39.5,-89.31,1347.0,63.5002326965332,293.098876953125,289.1744384765625,97351.0,30.411819458007812,20.152624911392305,28.655463540245655,1.0,0,EF1,CST-6,31-MAR-23 18:13:00
1126877,2023-07-15T02:00:00+00:00,41.8167,-88.217,1325.375,471.92755126953125,298.807861328125,294.432861328125,98242.625,45.133872985839844,6.3275670661452175,8.812293456494592,0.0,0,EF0,CST-6,14-JUL-23 19:58:00
1102000,2023-05-13T19:00:00+00:00,42.5613,-95.2201,361.5,39.40652847290039,294.4951171875,291.6337890625,96668.875,32.79542541503906,4.894019302020982,10.994156396732032,,0,EFU,CST-6,13-MAY-23 12:50:00
1102012,2023-05-13T21:00:00+00:00,42.6258,-94.9448,434.125,27.28129005432129,296.265625,290.173583984375,96880.1875,34.20542907714844,5.8421806016229745,9.708684235705194,0.0,0,EF0,CST-6,13-MAY-23 15:17:00
1097178,2023-06-18T15:00:00+00:00,26.6086,-82.1149,2863.125,19.171958923339844,301.154296875,297.569580078125,101423.0,54.81221008300781,5.915183442896242,6.097380854666034,0.0,0,EF0,EST-5,18-JUN-23 10:10:00
1098258,2023-06-05T23:00:00+00:00,41.03,-114.84,30.75,,296.2978515625,276.777587890625,80964.8125,13.558088302612305,0.18350763043900303,0.9219633718880834,,0,EFU,PST-8,05-JUN-23 15:25:00
1096570,2023-06-07T20:00:00+00:00,44.908,-97.71,108.375,,304.66162109375,288.81982421875,95133.0,33.79716873168945,0.2775244504971017,3.6571100707132644,0.0,0,EF0,CST-6,07-JUN-23 13:30:00
1098488,2023-06-01T20:00:00+00:00,45.461,-97.04,28.25,,304.205322265625,289.44189453125,95663.875,26.604248046875,2.7288478682816892,1.8484330952045946,0.0,0,EF0,CST-6,01-JUN-23 13:45:00
1098489,2023-06-06T21:00:00+00:00,45.099,-97.049,0.75,,304.424560546875,287.32275390625,95318.0,31.767513275146484,0.32761358966588894,2.2070743922806666,0.0,0,EF0,CST-6,06-JUN-23 14:58:00
1113293,2023-06-28T00:00:00+00:00,45.9775,-118.2793,0.0,,295.9462890625,284.24853515625,91700.1875,21.312698364257812,0.3806781494716303,4.083266621433324,0.0,0,EF0,PST-8,27-JUN-23 15:40:00
1094894,2023-04-20T00:00:00+00:00,35.373,-97.419,1466.5625,401.8595275878906,298.00146484375,290.2818603515625,96211.625,34.23543930053711,13.298060244296167,19.788360207027452,0.0,0,EF0,CST-6,19-APR-23 18:03:00
1094895,2023-04-20T00:00:00+00:00,35.377,-97.416,1466.5625,401.8595275878906,298.00146484375,290.2818603515625,96211.625,34.23543930053711,13.298060244296167,19.788360207027452,0.0,0,EF0,CST-6,19-APR-23 18:04:00
1101490,2023-05-26T21:00:00+00:00,30.51,-104.26,109.5,,304.155517578125,282.662353515625,84491.9375,19.817935943603516,0.11586347752431611,1.6301714015204132,,0,EFU,CST-6,26-MAY-23 15:08:00
1086477,2023-03-31T23:00:00+00:00,42.2422,-90.4267,203.5,0.8814839124679565,288.259521484375,286.544921875,96176.1875,26.85272979736328,17.651202778217826,22.96036867682059,1.0,0,EF1,CST-6,31-MAR-23 17:16:00
1086502,2023-03-31T22:00:00+00:00,41.62,-91.14,66.625,1.0001174211502075,290.30859375,286.36279296875,96206.25,23.134828567504883,18.091091233515698,13.90989555544068,2.0,1,EF2,CST-6,31-MAR-23 16:18:00
1120132,2023-08-18T12:00:00+00:00,41.6914,-72.1191,839.0,1.0937683582305908,294.232666015625,293.6796875,99060.5625,48.489173889160156,11.3820797539911,20.54252603874625,1.0,0,EF1,EST-5,18-AUG-23 06:53:00
1097411,2023-04-26T22:00:00+00:00,31.61,-97.3,2288.125,51.203155517578125,296.522705078125,292.2615661621094,98541.125,37.63177490234375,8.275575557054486,12.025446877467749,,0,EFU,CST-6,26-APR-23 16:26:00
1094995,2023-04-20T02:00:00+00:00,35.133,-97.214,2773.0625,364.67242431640625,295.925048828125,291.90673828125,96534.4375,31.11025619506836,16.840156821897473,19.066755814666642,1.0,0,EF1,CST-6,19-APR-23 19:41:00
1095059,2023-04-20T02:00:00+00:00,35.255,-97.187,2773.0625,364.67242431640625,295.925048828125,291.90673828125,96534.4375,31.11025619506836,16.840156821897473,19.066755814666642,0.0,0,EF0,CST-6,19-APR-23 20:18:00
1095060,2023-04-20T02:00:00+00:00,35.314,-97.017,2961.6875,388.65679931640625,296.113525390625,292.10009765625,96830.4375,32.28506088256836,17.329306500437795,18.229536905739316,1.0,0,EF1,CST-6,19-APR-23 20:21:00
1086503,2023-03-31T23:00:00+00:00,41.767,-90.899,21.4375,2.068983793258667,288.966552734375,286.185546875,96560.1875,21.83515167236328,17.871791017304542,18.234937535409657,0.0,0,EF0,CST-6,31-MAR-23 16:36:00
1087072,2023-04-01T00:00:00+00:00,42.08,-89.75,461.4375,0.32835614681243896,288.145751953125,286.4039306640625,96262.0,26.573928833007812,16.36334615385945,21.332889532422545,1.0,0,EF1,CST-6,31-MAR-23 17:50:00
1120137,2023-08-18T14:00:00+00:00,42.1775,-70.9511,370.375,0.3593912422657013,294.9189453125,293.78955078125,100081.0625,46.51542282104492,15.86013500650223,19.915442151933696,1.0,0,EF1,EST-5,18-AUG-23 08:52:00
1101739,2023-01-03T03:00:00+00:00,33.006,-91.377,747.75,,296.3395080566406,292.00177001953125,100677.0,40.08222961425781,16.8319910003466,26.26199797029219,0.0,0,EF0,CST-6,02-JAN-23 21:07:00
1094993,2023-04-20T02:00:00+00:00,35.125,-97.261,2773.0625,364.67242431640625,295.925048828125,291.90673828125,96534.4375,31.11025619506836,16.840156821897473,19.066755814666642,2.0,1,EF2,CST-6,19-APR-23 19:36:00
1095070,2023-04-20T03:00:00+00:00,35.464,-96.933,2639.3125,632.9066772460938,295.371337890625,291.84686279296875,96931.0,31.29548454284668,18.037954744037616,18.053501963662022,0.0,0,EF0,CST-6,19-APR-23 21:14:00
1095005,2023-04-20T02:00:00+00:00,35.159,-97.173,2773.0625,364.67242431640625,295.925048828125,291.90673828125,96534.4375,31.11025619506836,16.840156821897473,19.066755814666642,2.0,1,EF2,CST-6,19-APR-23 19:47:00
1105508,2023-06-23T21:00:00+00:00,43.7345,-106.65,1427.0,159.15354919433594,293.541748046875,286.8002624511719,82498.625,17.7371826171875,0.17263663929623244,6.24738744708814,0.0,0,EF0,MST-7,23-JUN-23 13:40:00
1095007,2023-04-20T02:00:00+00:00,35.2,-97.142,2773.0625,364.67242431640625,295.925048828125,291.90673828125,96534.4375,31.11025619506836,16.840156821897473,19.066755814666642,1.0,0,EF1,CST-6,19-APR-23 19:57:00
1095062,2023-04-20T04:00:00+00:00,35.428,-96.792,1889.25,764.8653564453125,295.394775390625,291.28607177734375,97292.875,29.911163330078125,18.93655801316874,16.51866973909953,1.0,0,EF1,CST-6,19-APR-23 21:39:00
1092663,2023-03-31T22:00:00+00:00,42.2456,-91.9223,50.0,1.2657424211502075,287.3681640625,285.04443359375,95683.25,23.369203567504883,17.37113930434946,21.485255869853713,,0,EFU,CST-6,31-MAR-23 15:51:00
1095066,2023-04-20T03:00:00+00:00,35.272,-97.0,2493.9375,624.4691772460938,295.226806640625,291.94940185546875,96899.0,30.74958610534668,17.884853323418973,17.102013822373944,2.0,1,EF2,CST-6,19-APR-23 20:39:00
1093598,2023-06-11T22:00:00+00:00,36.32,-84.96,1075.75,21.07815170288086,296.149658203125,293.70703125,95587.8125,38.26543045043945,8.436957635733242,17.15695924871954,1.0,0,EF1,CST-6,11-JUN-23 15:30:00
1093625,2023-06-11T22:00:00+00:00,35.98,-85.08,1777.125,14.21877670288086,298.694580078125,292.2138671875,94603.8125,36.50468826293945,8.285704193673777,16.550873647632244,1.0,0,EF1,CST-6,11-JUN-23 15:59:00
1076603,2023-01-12T16:00:00+00:00,32.886,-87.813,1113.125,0.7760472297668457,292.7088623046875,289.4818420410156,100387.6875,35.927574157714844,19.458062238422908,25.411919955908765,1.0,0,EF1,CST-6,12-JAN-23 10:03:00
1161248,2023-03-27T02:00:00+00:00,31.9508,-87.208,1275.75,101.89067077636719,295.126953125,293.1318359375,100430.125,39.85166931152344,16.343194579153877,15.445900200027237,1.0,0,EF1,CST-6,26-MAR-23 19:30:00
1091566,2023-04-01T06:00:00+00:00,40.9597,-83.0709,279.125,0.8973766565322876,288.73388671875,285.79534912109375,96447.0,30.859458923339844,21.077164500904587,23.437833275191558,0.0,0,EF0,EST-5,01-APR-23 00:47:00
1161245,2023-01-12T20:00:00+00:00,31.4323,-86.5628,523.71875,0.7187528610229492,294.25469970703125,289.83599853515625,100130.5,32.8409423828125,17.70994748601845,22.085169045613718,,0,EFU,CST-6,12-JAN-23 14:24:00
1112296,2023-06-24T01:00:00+00:00,43.565,-105.082,2019.875,218.3249053955078,290.929931640625,287.71246337890625,85387.5,21.63467025756836,0.10685339376508939,17.537465695950445,0.0,0,EF0,MST-7,23-JUN-23 17:45:00
1086284,2023-03-25T06:00:00+00:00,34.7856,-85.7393,446.625,23.296100616455078,292.291748046875,289.004638671875,96297.8125,39.64046096801758,17.64061376673917,33.32727414750949,1.0,0,EF1,CST-6,25-MAR-23 00:28:00
1105861,2023-05-12T23:00:00+00:00,41.742,-96.552,1377.5,12.317238807678223,299.75048828125,291.07403564453125,96151.375,37.29823303222656,6.648709562635308,19.54859678249453,1.0,0,EF1,CST-6,12-MAY-23 17:09:00
1094342,2023-06-11T23:00:00+00:00,39.9326,-84.176,420.625,1.1143743991851807,293.468017578125,292.089599609375,96995.0,41.70994567871094,4.842651356316537,11.632744644676219,0.0,0,EF0,EST-5,11-JUN-23 18:23:00
1162022,2023-07-16T19:00:00+00:00,18.3677,-67.2,2320.25,86.52249908447266,301.702880859375,297.963134765625,101245.5,51.076595306396484,5.105262243914005,6.296831183601031,1.0,0,EF1,AST-4,16-JUL-23 15:08:00
1077174,2023-01-24T22:00:00+00:00,30.032,-93.9084,836.96875,4.081699371337891,291.289794921875,290.55322265625,100238.625,43.38896179199219,24.21989200338004,25.78876741509895,1.0,0,EF1,CST-6,24-JAN-23 16:23:00
1079746,2023-03-02T04:00:00+00:00,34.2608,-88.1254,498.0625,1.7026673555374146,292.14080810546875,290.0329284667969,98763.6875,44.67491149902344,13.810796757882281,24.317572734196883,1.0,0,EF1,CST-6,01-MAR-23 21:54:00
1109577,2023-06-24T02:00:00+00:00,37.67,-101.75,2087.125,,300.393310546875,293.42547607421875,89293.9375,26.596519470214844,0.26619801879648525,15.663174031492535,0.0,0,EF0,CST-6,23-JUN-23 19:40:00
1109581,2023-06-24T02:00:00+00:00,37.64,-101.56,2266.125,,300.037841796875,293.80633544921875,89851.9375,28.321128845214844,0.12878444367083391,15.436758261055733,0.0,0,EF0,CST-6,23-JUN-23 20:09:00
1109582,2023-06-24T02:00:00+00:00,37.62,-101.49,2266.125,,300.037841796875,293.80633544921875,89851.9375,28.321128845214844,0.12878444367083391,15.436758261055733,0.0,0,EF0,CST-6,23-JUN-23 20:12:00
1095008,2023-04-20T02:00:00+00:00,35.229,-97.111,2899.3125,308.60992431640625,295.885009765625,292.23291015625,96780.4375,31.44717025756836,16.731057849803918,17.2971587635688,3.0,1,EF3,CST-6,19-APR-23 20:04:00
1094351,2023-06-12T00:00:00+00:00,40.0534,-84.0233,184.75,1.453130841255188,292.00244140625,291.382568359375,96593.0625,41.057708740234375,0.9069887654335684,12.569902629370297,0.0,0,EF0,EST-5,11-JUN-23 18:35:00
1108824,2023-06-22T00:00:00+00:00,39.8711,-103.1946,1103.0,40.01911163330078,294.38525390625,289.40966796875,85722.0625,28.361858367919922,0.4334133080820212,9.42353046781487,,0,EFU,MST-7,21-JUN-23 17:14:00
1081680,2023-03-26T23:00:00+00:00,31.8318,-87.7742,1463.0,26.421958923339844,297.576416015625,293.153076171875,100186.0,38.21568298339844,10.747708611519975,14.066763575945995,1.0,0,EF1,CST-6,26-MAR-23 17:24:00
1108826,2023-06-22T01:00:00+00:00,39.8321,-103.2052,535.625,202.74404907226562,293.241943359375,288.63543701171875,85723.3125,27.429901123046875,0.7368494965083424,7.456520424926768,,0,EFU,MST-7,21-JUN-23 17:35:00
1114371,2023-06-24T21:00:00+00:00,47.1563,-95.9559,957.0,31.10957145690918,294.807861328125,291.919921875,95924.0,32.89202880859375,8.950699260282162,14.332131315063688,,0,EFU,CST-6,24-JUN-23 15:00:00
1089117,2023-03-31T19:00:00+00:00,34.7251,-92.4824,508.75,107.64083099365234,298.115966796875,291.6747741699219,99403.25,37.48931121826172,19.565695349197032,26.951721435323325,3.0,1,EF3,CST-6,31-MAR-23 13:18:00
1101411,2023-06-11T22:00:00+00:00,36.3919,-84.6026,335.625,27.14065170288086,298.919189453125,289.8154296875,95095.8125,36.62871170043945,5.727320554505125,14.41597389483955,1.0,0,EF1,EST-5,11-JUN-23 17:04:00
1077195,2023-01-24T23:00:00+00:00,30.3578,-93.3634,416.0625,2.044931650161743,291.17620849609375,290.96600341796875,100123.5,43.904151916503906,26.430141790424567,35.316566656796454,2.0,1,EF2,CST-6,24-JAN-23 17:05:00
1077083,2023-01-12T20:00:00+00:00,32.987,-85.413,638.21875,1.6875028610229492,292.54180908203125,289.42779541015625,98375.5,32.3126220703125,17.5412040045497,25.025171128544574,2.0,1,EF2,CST-6,12-JAN-23 14:08:00
1074249,2023-01-03T17:00:00+00:00,32.481,-87.719,1312.8125,3.203547716140747,295.8477783203125,292.7537841796875,100750.9375,42.37195587158203,19.95851505662703,18.586788955659024,0.0,0,EF0,CST-6,03-JAN-23 11:29:00
1074303,2023-01-03T21:00:00+00:00,33.235,-86.0693,479.4375,3.7923831939697266,292.058837890625,290.894775390625,98450.8125,37.83081817626953,14.685484582722935,22.08057839205413,0.0,0,EF0,CST-6,03-JAN-23 14:31:00
1074318,2023-01-03T21:00:00+00:00,33.0648,-85.4433,585.75,0.07363329827785492,291.573486328125,290.453369140625,98233.8125,39.12574005126953,12.666300020002382,20.41292674359483,0.0,0,EF0,CST-6,03-JAN-23 15:27:00
1074320,2023-01-04T09:00:00+00:00,32.8837,-85.9362,1355.1875,1.9687789678573608,291.754638671875,291.1671447753906,98627.375,39.657066345214844,17.51701938641338,18.16881213340002,1.0,0,EF1,CST-6,04-JAN-23 02:59:00
1074344,2023-01-12T14:00:00+00:00,34.1658,-87.5864,751.1875,0.125050351023674,290.97247314453125,288.6773681640625,98418.375,33.05662536621094,17.178942490138034,19.956791963706987,2.0,1,EF2,CST-6,12-JAN-23 08:05:00
1076636,2023-01-12T18:00:00+00:00,32.3173,-87.2278,1161.5,3.0939314365386963,293.58892822265625,289.7464294433594,100305.1875,35.47694778442383,16.687959472052093,22.713156976906124,2.0,1,EF2,CST-6,12-JAN-23 12:04:00
1095051,2023-04-20T02:00:00+00:00,35.283,-97.103,2899.3125,308.60992431640625,295.885009765625,292.23291015625,96780.4375,31.44717025756836,16.731057849803918,17.2971587635688,2.0,1,EF2,CST-6,19-APR-23 20:13:00
1095057,2023-04-20T02:00:00+00:00,35.329,-97.142,2827.6875,451.29742431640625,296.271728515625,291.51513671875,96446.4375,31.75283432006836,17.211008690113857,19.87755010350777,1.0,0,EF1,CST-6,19-APR-23 20:21:00
1074345,2023-01-12T15:00:00+00:00,32.7288,-88.3463,1137.375,1.8022481203079224,293.29052734375,290.0166015625,100451.875,35.93256378173828,18.641770038663616,22.278376023677154,2.0,1,EF2,CST-6,12-JAN-23 09:24:00
1097235,2023-05-12T23:00:00+00:00,42.1723,-97.0562,1112.5,15.520363807678223,297.20166015625,290.05548095703125,95349.375,35.99452209472656,7.258182321133418,20.29246510101467,0.0,0,EF0,CST-6,12-MAY-23 17:14:00
1076616,2023-01-12T17:00:00+00:00,32.6221,-87.7543,1202.8125,0.3141033947467804,292.4786682128906,289.39453125,100418.375,36.15951156616211,18.079417105622447,27.34359951074989,2.0,1,EF2,CST-6,12-JAN-23 10:47:00
1097189,2023-05-12T21:00:00+00:00,41.7869,-97.6959,2125.25,4.656273365020752,295.485107421875,292.28863525390625,94563.4375,33.79901885986328,9.405040832434684,16.65698578163523,,0,EFU,CST-6,12-MAY-23 15:22:00
1074159,2023-01-12T20:00:00+00:00,31.3616,-86.9346,1021.71875,0.21875284612178802,293.51641845703125,290.60455322265625,100082.5,33.7110595703125,18.669496792991357,22.995357044174046,0.0,0,EF0,CST-6,12-JAN-23 13:54:00
1107678,2023-06-21T23:00:00+00:00,40.0205,-103.1888,2869.125,18.441177368164062,296.912353515625,290.41632080078125,85647.75,33.77218246459961,0.5920533308273458,7.285967445016504,,0,EFU,MST-7,21-JUN-23 15:31:00
1107492,2023-06-16T17:00:00+00:00,39.9291,-74.6873,258.5,,296.07763671875,287.58154296875,100216.875,39.16420364379883,4.02182631664127,14.376692043978448,0.0,0,EF0,EST-5,16-JUN-23 11:55:00
1113159,2023-06-12T06:00:00+00:00,32.87,-99.86,846.75,625.416015625,296.25244140625,291.30712890625,95309.9375,33.008819580078125,7.232740793556152,14.771727198465852,,0,EFU,CST-6,11-JUN-23 23:35:00
1113642,2023-06-26T19:00:00+00:00,40.7904,-75.1453,1934.625,60.43753433227539,300.73876953125,294.08935546875,98608.5,42.78853988647461,7.57557482347665,8.483573193918748,0.0,0,EF0,EST-5,26-JUN-23 13:58:00
1086756,2023-03-25T01:00:00+00:00,35.4248,-89.1976,56.375,29.28172492980957,294.19873046875,288.3464660644531,98914.625,41.60335159301758,12.63365296388652,29.528774337867482,1.0,0,EF1,CST-6,24-MAR-23 19:19:00
1096745,2023-06-25T20:00:00+00:00,39.5692,-86.221,2236.625,388.2500305175781,305.226806640625,293.920654296875,97683.625,33.14164733886719,7.922452641058616,22.447195394145087,2.0,1,EF2,EST-5,25-JUN-23 15:12:00
1083314,2023-02-09T00:00:00+00:00,30.8398,-90.5326,882.375,0.12875960767269135,294.31671142578125,293.0946044921875,100625.8125,43.313907623291016,14.668945094162176,17.007371541958946,2.0,1,EF2,CST-6,08-FEB-23 17:51:00
1107500,2023-06-16T15:00:00+00:00,40.0273,-75.9052,440.625,105.38959503173828,292.633544921875,289.174072265625,98914.5625,37.07860565185547,7.616864975610582,14.404862572597217,1.0,0,EF1,EST-5,16-JUN-23 10:10:00
1096746,2023-06-25T21:00:00+00:00,39.0287,-86.6745,1978.125,390.40625,303.39111328125,295.681396484375,98216.875,33.53765106201172,7.741992094619678,21.540894923018463,1.0,0,EF1,EST-5,25-JUN-23 15:30:00
1088601,2023-04-01T03:00:00+00:00,36.0098,-88.5391,2300.125,3.5775928497314453,294.84228515625,291.5458984375,99013.625,35.44940948486328,20.823685695777,32.41566327082482,0.0,0,EF0,CST-6,31-MAR-23 21:10:00
1114350,2023-06-24T22:00:00+00:00,47.13,-96.08,188.875,49.25542068481445,294.925537109375,291.1131591796875,95787.8125,26.943782806396484,5.827683735218609,14.75150398261738,,0,EFU,CST-6,24-JUN-23 15:34:00
1114342,2023-06-24T21:00:00+00:00,47.19,-96.06,957.0,31.10957145690918,294.807861328125,291.919921875,95924.0,32.89202880859375,8.950699260282162,14.332131315063688,,0,EFU,CST-6,24-JUN-23 14:52:00
1165340,2023-08-16T14:00:00+00:00,24.5471,-81.7867,1681.25,7.875033378601074,299.047607421875,296.746337890625,101562.75,54.01939392089844,2.6258565336194666,3.128090467832789,0.0,0,EF0,EST-5,16-AUG-23 08:55:00
1087340,2023-03-25T02:00:00+00:00,34.326,-89.72,121.125,0.7969136834144592,292.42333984375,290.34381103515625,98827.0625,48.751426696777344,17.515307892636528,32.019664667966474,1.0,0,EF1,CST-6,24-MAR-23 19:48:00
1096747,2023-06-25T20:00:00+00:00,38.887,-86.958,1929.5,756.359375,304.819580078125,295.558349609375,98497.625,31.411178588867188,8.171069807911987,22.237159052365026,1.0,0,EF1,EST-5,25-JUN-23 15:21:00
1114600,2023-06-10T20:00:00+00:00,48.4065,-110.1916,180.625,,293.4384765625,289.92041015625,91442.0625,26.400035858154297,1.0373516117851078,1.1565252355758913,,0,EFU,MST-7,10-JUN-23 13:09:00
1108817,2023-06-21T23:00:00+00:00,40.0618,-103.2617,3410.375,27.050552368164062,296.934814453125,290.30499267578125,86297.75,37.54366683959961,0.20417031971514651,7.941265327594635,,0,EFU,MST-7,21-JUN-23 15:52:00
1082539,2023-02-09T01:00:00+00:00,30.8187,-92.0218,138.5,12.3124361038208,293.62347412109375,292.1929931640625,101191.5625,48.0618896484375,16.0877455792924,20.47691964325698,1.0,0,EF1,CST-6,08-FEB-23 19:03:00
1096748,2023-06-25T20:00:00+00:00,38.88,-86.9042,1929.5,756.359375,304.819580078125,295.558349609375,98497.625,31.411178588867188,8.171069807911987,22.237159052365026,1.0,0,EF1,EST-5,25-JUN-23 15:27:00
1096749,2023-06-25T21:00:00+00:00,38.585,-86.8666,2054.75,712.65625,305.15478515625,295.046630859375,98379.875,31.80522918701172,9.101041288910833,20.412017091932604,2.0,1,EF2,EST-5,25-JUN-23 15:34:00
1087392,2023-03-25T04:00:00+00:00,33.8527,-88.7576,810.0,0.5783987045288086,293.68212890625,291.7698974609375,99329.0625,44.67218780517578,22.384294690613846,21.329429706570934,1.0,0,EF1,CST-6,24-MAR-23 21:38:00
1107655,2023-06-21T22:00:00+00:00,40.0216,-103.202,4235.5,53.438472747802734,299.396728515625,291.510009765625,85637.5,33.40278625488281,0.12307957802295237,6.922804542204181,2.0,1,EF2,MST-7,21-JUN-23 15:28:00
1094718,2023-04-01T06:00:00+00:00,34.2327,-88.7226,1536.375,6.413001537322998,294.77099609375,291.87054443359375,99975.0,39.824302673339844,20.382908521509037,26.54340775237453,1.0,0,EF1,CST-6,01-APR-23 00:28:00
1097613,2023-04-30T22:00:00+00:00,36.883,-76.086,275.875,113.91075134277344,292.399658203125,289.9204406738281,98598.5,30.237754821777344,11.19520794940633,11.018325884944966,3.0,1,EF3,EST-5,30-APR-23 16:48:00
1108050,2023-06-18T00:00:00+00:00,32.92,-100.21,1180.25,,306.223388671875,292.673095703125,94317.625,29.955081939697266,1.9502856073520753,20.770121339802813,,0,EFU,CST-6,17-JUN-23 17:45:00
1089126,2023-03-31T22:00:00+00:00,35.1818,-90.9611,629.125,12.468867301940918,298.4873046875,291.54443359375,99813.25,36.48345947265625,18.481710127283428,25.864344285313244,3.0,1,EF3,CST-6,31-MAR-23 15:30:00
1087421,2023-03-25T04:00:00+00:00,34.087,-88.313,755.75,0.4533986747264862,293.67724609375,291.4251708984375,98808.0625,44.79816436767578,23.68933433298038,25.99509236794819,1.0,0,EF1,CST-6,24-MAR-23 22:04:00
1110082,2023-06-16T01:00:00+00:00,33.756,-98.167,5309.25,,304.34423828125,295.6849365234375,96813.125,42.99676513671875,11.73774191355464,24.804314710021238,1.0,0,EF1,CST-6,15-JUN-23 19:02:00
1088603,2023-04-01T01:00:00+00:00,34.7066,-90.3381,2915.125,7.604213237762451,298.128662109375,291.39544677734375,100042.1875,35.28239440917969,19.06978950287463,25.68541669234763,1.0,0,EF1,CST-6,31-MAR-23 18:31:00
1088600,2023-04-01T02:00:00+00:00,35.0767,-89.1092,2563.375,1.0156368017196655,295.32275390625,291.83331298828125,99084.5625,35.90675354003906,20.31191338718336,31.45421337703923,2.0,1,EF2,CST-6,31-MAR-23 19:55:00
1089127,2023-03-31T22:00:00+00:00,35.2949,-90.5042,460.875,79.51573944091797,298.8857421875,291.04541015625,99808.25,37.00103759765625,19.761826995808754,26.234134442975144,2.0,1,EF2,CST-6,31-MAR-23 16:05:00
1103699,2023-05-12T18:00:00+00:00,41.4969,-100.237,958.75,0.4844374358654022,291.142578125,288.467529296875,90741.9375,28.11290168762207,1.6176683229264208,5.420904818366628,,0,EFU,CST-6,12-MAY-23 11:47:00
1089131,2023-03-31T23:00:00+00:00,35.4212,-90.0683,832.4375,4.522109031677246,297.061279296875,291.123046875,99763.1875,35.58026885986328,19.710277914381948,28.32900680393476,3.0,1,EF3,CST-6,31-MAR-23 16:34:00
1086140,2023-03-03T16:00:00+00:00,34.3987,-88.3913,203.9375,22.90673828125,292.46484375,290.7433166503906,97762.625,32.53265380859375,21.66131771101775,32.366889789385596,1.0,0,EF1,CST-6,03-MAR-23 09:30:00
1089129,2023-03-31T22:00:00+00:00,35.3908,-90.1447,503.75,89.78136444091797,298.326171875,291.38037109375,99784.25,36.55670166015625,19.746398058944656,25.30629814885877,2.0,1,EF2,CST-6,31-MAR-23 16:28:00
1114971,2023-06-25T21:00:00+00:00,35.4178,-93.0723,4202.25,122.93750762939453,306.85693359375,297.708740234375,98093.875,57.77104949951172,3.2670506257001346,11.723298773986242,1.0,0,EF1,CST-6,25-JUN-23 15:19:00
1088142,2023-03-03T07:00:00+00:00,34.0892,-92.6149,801.8125,0.34380847215652466,290.4256591796875,289.1833190917969,98148.875,40.43754196166992,21.552494675720336,24.50401578983253,0.0,0,EF0,CST-6,03-MAR-23 00:43:00
1112739,2023-06-14T23:00:00+00:00,32.4125,-81.6346,1412.0,132.10955810546875,294.94677734375,293.766357421875,100396.9375,52.149635314941406,15.634231965194022,29.927019250387453,0.0,0,EF0,EST-5,14-JUN-23 18:08:00
1112076,2023-06-30T20:00:00+00:00,39.3948,-102.9241,1403.875,39.76572036743164,293.15185546875,287.41748046875,85661.4375,26.606338500976562,0.029117250649870204,5.336763558799853,,0,EFU,MST-7,30-JUN-23 12:46:00
1114967,2023-06-18T06:00:00+00:00,35.3259,-93.552,1992.25,212.39938354492188,295.841796875,292.7646484375,97778.0625,45.644805908203125,8.157258671436491,17.735214215807375,2.0,1,EF2,CST-6,18-JUN-23 00:12:00
1114975,2023-06-18T22:00:00+00:00,36.2184,-91.0453,29.0,41.79851150512695,296.064697265625,294.221435546875,99249.5,44.3768196105957,13.147063229852874,16.63449857517393,1.0,0,EF1,CST-6,18-JUN-23 15:57:00
1102151,2023-03-25T01:00:00+00:00,32.84,-91.0,1193.375,0.047350186854600906,295.44189453125,293.5837707519531,99847.625,47.80354690551758,21.937657526446174,23.911103423604644,1.0,0,EF1,CST-6,24-MAR-23 18:57:00
1086888,2023-03-25T02:00:00+00:00,34.2381,-89.8482,313.5,2.8750386238098145,292.90478515625,290.75201416015625,98866.0625,49.131309509277344,21.138642233957913,33.36703673685276,1.0,0,EF1,CST-6,24-MAR-23 19:38:00
1089590,2023-04-01T06:00:00+00:00,34.463,-88.8316,1287.8125,2.538001775741577,294.79541015625,291.89398193359375,99755.0,36.777427673339844,19.230840740964084,27.25218284770403,1.0,0,EF1,CST-6,31-MAR-23 23:46:00
1086755,2023-03-25T03:00:00+00:00,34.4021,-88.7862,540.875,3.151782512664795,293.14892578125,290.62860107421875,98656.8125,46.2309455871582,21.787869893717723,36.11618017416361,1.0,0,EF1,CST-6,24-MAR-23 20:45:00
1108023,2023-06-21T23:00:00+00:00,40.058,-103.249,3410.375,27.050552368164062,296.934814453125,290.30499267578125,86297.75,37.54366683959961,0.20417031971514651,7.941265327594635,,0,EFU,MST-7,21-JUN-23 15:50:00
1091003,2023-04-01T22:00:00+00:00,38.757,-75.6398,1385.25,165.7021484375,294.2578125,287.1699523925781,99318.75,20.915382385253906,15.66554996116705,21.484400309057477,3.0,1,EF3,EST-5,01-APR-23 16:59:00
1114983,2023-06-18T07:00:00+00:00,35.0855,-92.5485,1810.5,79.45337677001953,297.173828125,293.3955078125,99155.3125,47.87251663208008,5.302630692047484,9.439428644941449,0.0,0,EF0,CST-6,18-JUN-23 01:12:00
1089128,2023-03-31T22:00:00+00:00,35.3768,-90.1708,503.75,89.78136444091797,298.326171875,291.38037109375,99784.25,36.55670166015625,19.746398058944656,25.30629814885877,2.0,1,EF2,CST-6,31-MAR-23 16:26:00
1088604,2023-04-01T01:00:00+00:00,34.7782,-90.2022,2915.125,7.604213237762451,298.128662109375,291.39544677734375,100042.1875,35.28239440917969,19.06978950287463,25.68541669234763,2.0,1,EF2,CST-6,31-MAR-23 18:40:00
1114338,2023-06-24T21:00:00+00:00,47.2543,-96.5841,1117.125,67.28144836425781,294.884033203125,292.13671875,96861.0,34.51507568359375,9.72647097975768,12.863927454024987,,0,EFU,CST-6,24-JUN-23 14:30:00
1089414,2023-04-01T04:00:00+00:00,35.1559,-88.8175,2074.25,1.5357688665390015,294.629638671875,292.11834716796875,99236.1875,37.190799713134766,20.86896632165301,24.919484186985258,1.0,0,EF1,CST-6,31-MAR-23 22:04:00
1107666,2023-06-21T22:00:00+00:00,40.02,-103.196,4235.5,53.438472747802734,299.396728515625,291.510009765625,85637.5,33.40278625488281,0.12307957802295237,6.922804542204181,,0,EFU,MST-7,21-JUN-23 15:29:00
1086884,2023-03-25T03:00:00+00:00,34.4721,-88.8706,540.875,3.151782512664795,293.14892578125,290.62860107421875,98656.8125,46.2309455871582,21.787869893717723,36.11618017416361,1.0,0,EF1,CST-6,24-MAR-23 20:38:00
1115538,2023-06-19T01:00:00+00:00,33.2599,-92.4481,4206.125,41.34975814819336,302.647705078125,298.126220703125,99857.625,41.14712905883789,10.538207141970059,22.52067614503545,2.0,1,EF2,CST-6,18-JUN-23 19:15:00
1086890,2023-03-25T02:00:00+00:00,34.3219,-89.7309,121.125,0.7969136834144592,292.42333984375,290.34381103515625,98827.0625,48.751426696777344,17.515307892636528,32.019664667966474,0.0,0,EF0,CST-6,24-MAR-23 19:47:00
1091022,2023-04-01T23:00:00+00:00,40.0065,-75.0006,637.375,57.718841552734375,289.718994140625,285.72430419921875,98984.625,23.941631317138672,18.39453509044406,22.047760873486958,1.0,0,EF1,EST-5,01-APR-23 17:59:00
1091072,2023-04-01T23:00:00+00:00,40.1541,-74.5715,463.78125,12.281340599060059,288.755126953125,285.78192138671875,98947.625,22.891826629638672,15.486312445055912,19.03113793821041,1.0,0,EF1,EST-5,01-APR-23 18:14:00
1091079,2023-04-01T23:00:00+00:00,40.1555,-74.3937,463.78125,12.281340599060059,288.755126953125,285.78192138671875,98947.625,22.891826629638672,15.486312445055912,19.03113793821041,2.0,1,EF2,EST-5,01-APR-23 18:24:00
1091102,2023-04-02T00:00:00+00:00,40.1223,-74.0398,334.3125,9.468801498413086,286.311767578125,284.5208740234375,99331.375,25.323925018310547,14.74312094265099,15.967071365678818,2.0,1,EF2,EST-5,01-APR-23 18:42:00
1089134,2023-03-31T23:00:00+00:00,35.4394,-90.0034,832.4375,4.522109031677246,297.061279296875,291.123046875,99763.1875,35.58026885986328,19.710277914381948,28.32900680393476,2.0,1,EF2,CST-6,31-MAR-23 16:38:00
1108815,2023-06-21T23:00:00+00:00,40.059,-103.2519,3410.375,27.050552368164062,296.934814453125,290.30499267578125,86297.75,37.54366683959961,0.20417031971514651,7.941265327594635,,0,EFU,MST-7,21-JUN-23 15:51:00
1093668,2023-06-02T02:00:00+00:00,48.6,-106.01,178.5625,,295.168701171875,284.51123046875,91305.125,23.9521484375,3.1712416605694416,10.222775096349638,,0,EFU,MST-7,01-JUN-23 18:56:00
1112750,2023-06-14T23:00:00+00:00,32.3572,-81.438,1229.75,93.82830810546875,294.39306640625,293.631591796875,100581.9375,52.463111877441406,14.723306936395717,28.479381979848448,1.0,0,EF1,EST-5,14-JUN-23 18:27:00
1112083,2023-06-30T20:00:00+00:00,39.4099,-102.6614,1104.125,37.96884536743164,293.89111328125,287.86767578125,86561.4375,27.651260375976562,0.017848887410747038,5.693778476134093,,0,EFU,MST-7,30-JUN-23 13:19:00
1090977,2023-04-01T23:00:00+00:00,40.2486,-74.9914,534.25,24.593841552734375,288.390869140625,285.62274169921875,98637.625,24.051006317138672,16.32959771775824,21.186250283782968,1.0,0,EF1,EST-5,01-APR-23 17:46:00
1089412,2023-04-01T03:00:00+00:00,35.2128,-88.6067,2753.75,0.14009277522563934,294.87158203125,291.888671875,99207.625,38.14179229736328,21.19729844821517,27.846162209897642,2.0,1,EF2,CST-6,31-MAR-23 20:30:00
1115888,2023-06-02T21:00:00+00:00,30.63,-102.28,1508.875,117.00001525878906,301.7568359375,292.128662109375,90927.375,30.040904998779297,1.8089333231849465,12.929764418450024,,0,EFU,CST-6,02-JUN-23 14:41:00
1089120,2023-03-31T20:00:00+00:00,34.88,-92.07,866.875,120.95325469970703,297.055419921875,291.468994140625,99674.375,37.72673797607422,20.362922843368896,28.252283453249127,2.0,1,EF2,CST-6,31-MAR-23 13:47:00
1091104,2023-04-02T00:00:00+00:00,39.4738,-74.8579,737.21875,27.078176498413086,288.689697265625,285.3197021484375,99362.375,26.127635955810547,18.287984674398967,17.345793304163703,1.0,0,EF1,EST-5,01-APR-23 18:42:00
1091177,2023-04-22T20:00:00+00:00,40.3554,-76.1971,31.6875,,292.404541015625,284.06982421875,98128.75,23.744190216064453,7.916814549674428,16.415953812481153,1.0,0,EF1,EST-5,22-APR-23 15:18:00
1089130,2023-03-31T23:00:00+00:00,35.4065,-90.1092,832.4375,4.522109031677246,297.061279296875,291.123046875,99763.1875,35.58026885986328,19.710277914381948,28.32900680393476,3.0,1,EF3,CST-6,31-MAR-23 16:31:00
1114337,2023-06-24T20:00:00+00:00,46.98,-96.04,874.0,1.0625059604644775,295.19384765625,292.09344482421875,95757.8125,32.53772735595703,9.119473520138268,16.01436650374471,,0,EFU,CST-6,24-JUN-23 14:18:00
1099536,2023-06-09T23:00:00+00:00,48.41,-107.05,140.625,,300.233642578125,283.740966796875,92889.4375,27.88672637939453,0.5029609952079375,7.777106222932271,,0,EFU,MST-7,09-JUN-23 16:20:00
1102153,2023-03-25T01:00:00+00:00,32.875,-90.9365,1193.375,0.047350186854600906,295.44189453125,293.5837707519531,99847.625,47.80354690551758,21.937657526446174,23.911103423604644,4.0,1,EF4,CST-6,24-MAR-23 19:03:00
1089396,2023-03-31T23:00:00+00:00,35.577,-89.499,726.0,22.39710807800293,296.972412109375,290.6953125,99535.1875,35.76776885986328,20.768364371403273,25.848978467782274,1.0,0,EF1,CST-6,31-MAR-23 17:09:00
1094719,2023-04-01T07:00:00+00:00,34.4851,-88.1953,762.125,4.51833438873291,294.4130859375,291.3190612792969,99415.6875,34.622127532958984,19.18005840063815,26.973758261116483,0.0,0,EF0,CST-6,01-APR-23 00:30:00
1114968,2023-06-25T23:00:00+00:00,34.9199,-92.3054,2736.375,527.5156860351562,304.7451171875,299.761474609375,99746.375,60.0667724609375,7.448707141218946,10.970213861709661,,0,EFU,CST-6,25-JUN-23 16:37:00
1115867,2023-06-02T18:00:00+00:00,32.666,-102.996,2019.5,6.562590599060059,296.84130859375,292.0703125,89080.5,27.99724006652832,0.13812381260670212,6.476345124583681,,0,EFU,CST-6,02-JUN-23 12:29:00
1115892,2023-06-02T18:00:00+00:00,30.95,-102.82,1343.625,15.156340599060059,302.96728515625,291.5966796875,91131.5,27.46989631652832,1.126072208316532,8.715290833138727,,0,EFU,CST-6,02-JUN-23 12:29:00
1115876,2023-06-02T19:00:00+00:00,30.87,-102.66,1242.625,40.625125885009766,302.519775390625,291.065185546875,91035.75,27.322731018066406,0.9513452582005706,8.38918705013724,1.0,0,EF1,CST-6,02-JUN-23 12:57:00
1117368,2023-06-18T21:00:00+00:00,44.3005,-123.0673,257.0,4.380037784576416,288.568359375,280.248779296875,98990.75,15.46540355682373,4.731277005429007,7.128411319233918,0.0,0,EF0,PST-8,18-JUN-23 12:30:00
1102155,2023-03-25T01:00:00+00:00,33.015,-90.6571,1175.75,0.1723501831293106,295.55322265625,293.5534973144531,99814.625,48.05842971801758,23.290275576550005,26.408401259430896,3.0,1,EF3,CST-6,24-MAR-23 19:25:00
1160539,2023-08-25T04:00:00+00:00,41.3952,-82.4364,5100.875,478.8125305175781,297.466064453125,296.679931640625,98556.75,49.25080490112305,12.87685248636692,12.234895938785112,1.0,0,EF1,EST-5,24-AUG-23 22:46:00
1160547,2023-08-25T04:00:00+00:00,41.5057,-81.6394,4099.75,367.9844055175781,296.815673828125,295.905029296875,98085.75,47.55158615112305,12.035635045732679,14.755405009086807,1.0,0,EF1,EST-5,24-AUG-23 22:59:00
1114419,2023-06-15T23:00:00+00:00,34.416,-97.958,3340.75,75.23445892333984,303.065185546875,295.80810546875,96649.0,47.77222442626953,9.259147279252753,17.19027877529397,0.0,0,EF0,CST-6,15-JUN-23 16:34:00
1114443,2023-06-15T23:00:00+00:00,34.1107,-97.9429,3786.25,88.93758392333984,304.506591796875,295.92626953125,97010.0,50.23316192626953,9.619745484211172,19.112755146395713,,0,EFU,CST-6,15-JUN-23 16:58:00
1103139,2023-06-14T17:00:00+00:00,31.856,-85.188,3505.125,186.21881103515625,299.864990234375,296.117431640625,99765.75,46.20134735107422,11.466297088629764,18.629330927763323,1.0,0,EF1,CST-6,14-JUN-23 11:09:00
1160594,2023-08-25T04:00:00+00:00,41.1761,-82.2234,4542.375,337.1094055175781,297.414306640625,296.371826171875,97827.75,44.77619552612305,13.10795497549482,13.304232017543594,0.0,0,EF0,EST-5,24-AUG-23 23:05:00
1160615,2023-08-25T04:00:00+00:00,41.4285,-81.5144,3556.75,337.8125305175781,296.479736328125,295.431884765625,97760.75,47.67853927612305,11.193169557925946,15.695082931839822,2.0,1,EF2,EST-5,24-AUG-23 23:07:00
1085851,2023-04-01T01:00:00+00:00,41.9149,-88.3339,1239.125,0.6510881185531616,288.717529296875,287.01751708984375,96497.1875,32.25602722167969,18.951868230839867,21.310652512398626,0.0,0,EF0,CST-6,31-MAR-23 19:01:00
1115312,2023-06-16T06:00:00+00:00,32.2559,-94.0744,4680.25,903.7554321289062,301.626220703125,296.26446533203125,99905.6875,48.11960983276367,5.008692345763713,18.314968211100215,1.0,0,EF1,CST-6,16-JUN-23 00:15:00
1112554,2023-06-18T06:00:00+00:00,36.392,-95.763,3346.0,46.977516174316406,295.94140625,291.3525390625,98424.0625,52.120391845703125,6.207993257191389,11.74870092141276,1.0,0,EF1,CST-6,17-JUN-23 23:40:00
1112562,2023-06-18T06:00:00+00:00,36.518,-95.565,2672.75,131.61813354492188,296.46875,291.5947265625,98363.0625,49.928009033203125,5.607134561770217,13.159059364649014,1.0,0,EF1,CST-6,17-JUN-23 23:56:00
1103039,2023-06-25T04:00:00+00:00,41.6,-90.71,1972.75,8.812995910644531,296.8828125,293.12408447265625,98073.625,44.03861618041992,13.460151283419648,11.99532334862527,0.0,0,EF0,CST-6,24-JUN-23 21:31:00
1114478,2023-06-16T00:00:00+00:00,33.95,-97.115,3639.75,206.6119842529297,304.12939453125,296.1611328125,97754.875,43.248687744140625,6.4321640369550295,15.234966966735547,0.0,0,EF0,CST-6,15-JUN-23 18:26:00
1115322,2023-06-16T06:00:00+00:00,32.2458,-94.0428,4680.25,903.7554321289062,301.626220703125,296.26446533203125,99905.6875,48.11960983276367,5.008692345763713,18.314968211100215,1.0,0,EF1,CST-6,16-JUN-23 00:20:00
1112572,2023-06-18T06:00:00+00:00,36.391,-95.17,1761.75,235.14938354492188,296.40625,291.767578125,98076.0625,46.943634033203125,5.275905236310817,14.870447579755021,1.0,0,EF1,CST-6,18-JUN-23 00:09:00
1115223,2023-06-15T23:00:00+00:00,34.299,-97.653,2892.5,152.0313262939453,303.819091796875,295.00634765625,96680.0,45.95679473876953,7.3727323524780015,14.822425121374184,2.0,1,EF2,CST-6,15-JUN-23 17:16:00
1092537,2023-04-04T15:00:00+00:00,41.44,-90.66,638.25,48.296958923339844,282.97021484375,282.1075439453125,97810.703125,25.919437408447266,13.49349533057276,27.422778376965645,1.0,0,EF1,CST-6,04-APR-23 08:36:00
1074943,2023-02-21T21:00:00+00:00,40.2785,-74.7028,34.4375,,282.297119140625,279.60491943359375,99802.125,9.686264038085938,16.900211257785877,24.97868811189171,2.0,1,EF2,EST-5,21-FEB-23 15:35:00
1092556,2023-04-05T00:00:00+00:00,40.31,-90.6,427.5,714.093994140625,296.45849609375,288.9573669433594,97558.25,31.012527465820312,15.86682359793467,22.380367543487615,1.0,0,EF1,CST-6,04-APR-23 17:52:00
1160654,2023-08-25T04:00:00+00:00,41.3731,-81.3581,3087.125,298.8125305175781,295.970947265625,294.994384765625,97486.75,48.37971115112305,10.682575156442654,16.07405460908686,1.0,0,EF1,EST-5,24-AUG-23 23:16:00
1161249,2023-08-25T04:00:00+00:00,41.4897,-81.0887,2820.0,271.4531555175781,295.511962890625,294.724853515625,97482.75,49.89142990112305,10.544534814613188,15.931080783253842,2.0,1,EF2,EST-5,24-AUG-23 23:22:00
1161250,2023-08-25T05:00:00+00:00,41.373,-80.8484,3702.875,166.4263153076172,294.55322265625,293.669921875,97471.3125,49.165565490722656,10.894526898815023,12.87930277124271,0.0,0,EF0,EST-5,24-AUG-23 23:35:00
1089395,2023-03-31T23:00:00+00:00,35.4621,-89.8323,873.5625,19.10023307800293,297.229248046875,290.9609375,99595.1875,36.02069854736328,19.959986684448754,27.505173396998917,3.0,1,EF3,CST-6,31-MAR-23 16:48:00
1085855,2023-04-01T01:00:00+00:00,41.5395,-88.2935,941.1875,1.4010881185531616,290.100341796875,287.78900146484375,97068.1875,30.512861251831055,20.128356362638407,21.507768555294607,0.0,0,EF0,CST-6,31-MAR-23 19:03:00
1085899,2023-04-01T01:00:00+00:00,40.572,-87.6122,1187.25,2.229213237762451,291.575927734375,288.43939208984375,96992.1875,30.444501876831055,20.614016121649954,24.320084377484672,1.0,0,EF1,CST-6,31-MAR-23 19:20:00
1086078,2023-04-01T01:00:00+00:00,40.4873,-87.8226,1166.375,10.572962760925293,291.842529296875,288.18450927734375,97040.1875,30.338056564331055,20.123930609405488,25.09644769618418,1.0,0,EF1,CST-6,31-MAR-23 19:04:00
1079331,2023-01-12T21:00:00+00:00,33.208,-84.4,427.4375,27.926998138427734,289.950927734375,287.8830261230469,97977.6875,30.22994041442871,17.318179791843185,23.830217696620494,1.0,0,EF1,EST-5,12-JAN-23 16:18:00
1160584,2023-08-25T04:00:00+00:00,41.654,-81.3742,3536.0,169.40626525878906,296.800048828125,295.343017578125,98148.75,50.04572677612305,10.19490962986858,17.02298484722078,1.0,0,EF1,EST-5,24-AUG-23 23:06:00
1160676,2023-08-25T04:00:00+00:00,41.5602,-81.1791,3536.0,169.40626525878906,296.800048828125,295.343017578125,98148.75,50.04572677612305,10.19490962986858,17.02298484722078,1.0,0,EF1,EST-5,24-AUG-23 23:18:00
1114453,2023-06-16T00:00:00+00:00,35.796,-99.978,2094.0,943.2057495117188,293.19287109375,290.3818359375,92385.875,27.042633056640625,2.6473547121874934,23.10565997189597,,0,EFU,CST-6,15-JUN-23 17:47:00
1085827,2023-04-01T00:00:00+00:00,42.0723,-89.1478,976.25,1.047106146812439,288.218994140625,286.4918212890625,96346.0,31.414749145507812,14.999929669529635,25.253422127682647,1.0,0,EF1,CST-6,31-MAR-23 18:24:00
1085832,2023-04-01T01:00:00+00:00,42.1515,-89.0092,333.6875,2.104213237762451,288.714599609375,286.75970458984375,96378.1875,25.672040939331055,14.52480036526564,15.090309442784182,1.0,0,EF1,CST-6,31-MAR-23 18:32:00
1085846,2023-04-01T01:00:00+00:00,41.7124,-88.3913,1110.0,0.19796313345432281,289.363037109375,287.47943115234375,96771.1875,31.807783126831055,17.98268570074776,18.842155382752797,0.0,0,EF0,CST-6,31-MAR-23 18:55:00
1085858,2023-04-01T01:00:00+00:00,41.5448,-88.2551,941.1875,1.4010881185531616,290.100341796875,287.78900146484375,97068.1875,30.512861251831055,20.128356362638407,21.507768555294607,0.0,0,EF0,CST-6,31-MAR-23 19:05:00
1092543,2023-04-04T15:00:00+00:00,41.48,-90.37,631.625,125.68758392333984,282.86962890625,281.8751220703125,97930.703125,21.737796783447266,12.697837252204199,27.05562646943544,2.0,1,EF2,CST-6,04-APR-23 08:57:00
1086119,2023-04-01T02:00:00+00:00,41.4853,-87.1956,505.8125,0.5781368017196655,289.18701171875,286.86944580078125,96914.5625,28.999526977539062,19.852776298475227,21.304108873703186,0.0,0,EF0,CST-6,31-MAR-23 20:01:00
1086099,2023-04-01T02:00:00+00:00,40.533,-87.283,813.8125,0.7500118017196655,290.90478515625,287.46612548828125,97046.5625,33.63331604003906,20.802457671788787,26.095131005911778,2.0,1,EF2,EST-5,31-MAR-23 20:33:00
1160631,2023-08-25T04:00:00+00:00,41.1104,-82.1402,4542.375,337.1094055175781,297.414306640625,296.371826171875,97827.75,44.77619552612305,13.10795497549482,13.304232017543594,1.0,0,EF1,EST-5,24-AUG-23 23:11:00
1102160,2023-03-25T02:00:00+00:00,33.1785,-90.3303,1146.125,0.31253868341445923,294.59228515625,292.56646728515625,99672.0625,48.080528259277344,22.62296698564163,26.28172636257582,2.0,1,EF2,CST-6,24-MAR-23 19:51:00
1119119,2023-06-25T21:00:00+00:00,38.526,-86.741,2289.375,744.890625,306.06005859375,294.885498046875,98479.875,30.80815887451172,9.340628511268791,19.83999911254772,1.0,0,EF1,EST-5,25-JUN-23 15:45:00
1094775,2023-04-20T21:00:00+00:00,41.8,-89.93,474.25,12.046979904174805,294.7919921875,290.494873046875,97964.0,26.761098861694336,14.206462624266214,18.154347279485663,1.0,0,EF1,CST-6,20-APR-23 14:56:00
1115225,2023-06-15T23:00:00+00:00,34.289,-97.622,2650.5,294.1250915527344,304.465576171875,295.47509765625,97108.0,42.63355255126953,5.917630329120106,15.755869703610594,1.0,0,EF1,CST-6,15-JUN-23 17:21:00
1125199,2023-07-26T02:00:00+00:00,42.0,-99.69,2331.625,,299.195068359375,295.039306640625,92156.5625,33.09318542480469,2.300155182982659,11.6079511406131,0.0,0,EF0,CST-6,25-JUL-23 20:25:00
1115015,2023-06-14T18:00:00+00:00,33.244,-94.2162,3741.0,223.34375,300.4384765625,297.03369140625,99702.5,47.768829345703125,5.95739876147236,14.427242672661581,2.0,1,EF2,CST-6,14-JUN-23 11:43:00
1118190,2023-06-26T04:00:00+00:00,36.9757,-85.0861,2941.0,837.078125,295.776611328125,292.98748779296875,97342.1875,43.18003845214844,13.563929036535077,16.296531925669708,1.0,0,EF1,CST-6,25-JUN-23 22:25:00
1086079,2023-04-01T00:00:00+00:00,41.5955,-89.6315,485.625,0.625231146812439,289.235595703125,286.4595947265625,96888.0,28.400100708007812,16.00575460484288,20.127059532060816,1.0,0,EF1,CST-6,31-MAR-23 17:55:00
1086080,2023-04-01T00:00:00+00:00,42.1301,-89.6865,461.4375,0.32835614681243896,288.145751953125,286.4039306640625,96262.0,26.573928833007812,16.36334615385945,21.332889532422545,1.0,0,EF1,CST-6,31-MAR-23 17:56:00
1092536,2023-04-04T15:00:00+00:00,41.48,-90.58,535.375,65.14070892333984,282.89404296875,281.9522705078125,97846.703125,23.525882720947266,13.005341268618757,27.594163924548358,1.0,0,EF1,CST-6,04-APR-23 08:41:00
1092562,2023-04-05T10:00:00+00:00,41.21,-90.32,0.0,100.80635070800781,291.52069091796875,288.98712158203125,97218.375,24.738231658935547,18.83356991122074,23.204194552305527,0.0,0,EF0,CST-6,05-APR-23 03:48:00
1086116,2023-04-01T02:00:00+00:00,41.4779,-87.3562,505.8125,0.5781368017196655,289.18701171875,286.86944580078125,96914.5625,28.999526977539062,19.852776298475227,21.304108873703186,1.0,0,EF1,CST-6,31-MAR-23 19:53:00
1085836,2023-04-01T01:00:00+00:00,42.1924,-88.94,333.6875,2.104213237762451,288.714599609375,286.75970458984375,96378.1875,25.672040939331055,14.52480036526564,15.090309442784182,1.0,0,EF1,CST-6,31-MAR-23 18:37:00
1085839,2023-04-01T01:00:00+00:00,42.3239,-89.1053,278.0625,0.6354631185531616,288.195068359375,286.72845458984375,96226.1875,25.215986251831055,15.057111803726478,15.381034727558513,1.0,0,EF1,CST-6,31-MAR-23 18:33:00
1085848,2023-04-01T01:00:00+00:00,41.7229,-88.3587,1130.8125,0.13546313345432281,288.979248046875,287.16107177734375,96843.1875,31.855634689331055,19.63440066694604,21.546015851836245,0.0,0,EF0,CST-6,31-MAR-23 18:57:00
1085849,2023-04-01T01:00:00+00:00,41.8414,-88.3321,1239.125,0.6510881185531616,288.717529296875,287.01751708984375,96497.1875,32.25602722167969,18.951868230839867,21.310652512398626,0.0,0,EF0,CST-6,31-MAR-23 19:00:00
1085863,2023-04-01T01:00:00+00:00,41.6366,-88.2351,1130.8125,0.13546313345432281,288.979248046875,287.16107177734375,96843.1875,31.855634689331055,19.63440066694604,21.546015851836245,0.0,0,EF0,CST-6,31-MAR-23 19:05:00
1085882,2023-04-01T01:00:00+00:00,41.9072,-88.0178,1135.6875,4.682338237762451,288.848388671875,287.10638427734375,96710.1875,31.723798751831055,19.218059491634182,21.983048046186425,1.0,0,EF1,CST-6,31-MAR-23 19:17:00
1079328,2023-01-12T21:00:00+00:00,33.195,-84.476,427.4375,27.926998138427734,289.950927734375,287.8830261230469,97977.6875,30.22994041442871,17.318179791843185,23.830217696620494,2.0,1,EF2,EST-5,12-JAN-23 16:14:00
1097401,2023-04-28T20:00:00+00:00,31.3821,-97.882,2451.5,59.57527542114258,299.528076171875,291.339599609375,96671.25,35.50300216674805,3.8466022457646325,17.30230497236953,1.0,0,EF1,CST-6,28-APR-23 13:50:00
1160511,2023-08-25T03:00:00+00:00,41.4578,-83.2493,5381.25,344.6094055175781,297.541259765625,296.120849609375,98668.0625,45.85128402709961,10.105873837827266,14.622849091973466,1.0,0,EF1,EST-5,24-AUG-23 22:12:00
1114441,2023-06-15T23:00:00+00:00,34.364,-97.99,3340.75,75.23445892333984,303.065185546875,295.80810546875,96649.0,47.77222442626953,9.259147279252753,17.19027877529397,1.0,0,EF1,CST-6,15-JUN-23 16:37:00
1114340,2023-06-15T22:00:00+00:00,34.485,-98.54,5018.75,137.57818603515625,304.547607421875,294.947998046875,96370.0625,49.27714920043945,7.254575587796887,15.328234077500776,0.0,0,EF0,CST-6,15-JUN-23 15:58:00
1114343,2023-06-15T22:00:00+00:00,34.42,-98.402,5018.75,137.57818603515625,304.547607421875,294.947998046875,96370.0625,49.27714920043945,7.254575587796887,15.328234077500776,0.0,0,EF0,CST-6,15-JUN-23 16:10:00
1114407,2023-06-15T22:00:00+00:00,34.536,-98.127,4214.25,161.35943603515625,304.872802734375,294.459716796875,96529.0625,47.73906326293945,6.615663023756906,13.374220140511277,,0,EFU,CST-6,15-JUN-23 16:11:00
1118316,2023-06-26T02:00:00+00:00,37.682,-86.0133,2816.75,529.9688110351562,298.1826171875,292.4188232421875,98026.75,47.11052322387695,11.235953430124777,21.430590125261418,2.0,1,EF2,EST-5,25-JUN-23 21:27:00
1079329,2023-01-12T21:00:00+00:00,33.206,-84.393,427.4375,27.926998138427734,289.950927734375,287.8830261230469,97977.6875,30.22994041442871,17.318179791843185,23.830217696620494,2.0,1,EF2,EST-5,12-JAN-23 16:18:00
1092545,2023-04-04T15:00:00+00:00,41.43,-90.12,791.0,252.5938262939453,282.85400390625,281.7442626953125,98039.703125,20.571781158447266,12.487926218814636,25.998141701038357,2.0,1,EF2,CST-6,04-APR-23 09:15:00
1092547,2023-04-04T15:00:00+00:00,41.48,-90.51,535.375,65.14070892333984,282.89404296875,281.9522705078125,97846.703125,23.525882720947266,13.005341268618757,27.594163924548358,1.0,0,EF1,CST-6,04-APR-23 08:47:00
1085924,2023-04-01T02:00:00+00:00,40.578,-87.3237,762.9375,0.8281368017196655,290.63330078125,287.29718017578125,97016.5625,32.46046447753906,19.681100308286016,24.844686619272593,2.0,1,EF2,EST-5,31-MAR-23 20:33:00
1165342,2023-11-15T11:00:00+00:00,24.6918,-81.3726,251.1875,8.890642166137695,297.9306640625,296.3327331542969,101381.875,55.84526062011719,5.351523628367682,8.96860946409629,0.0,0,EF0,EST-5,15-NOV-23 06:27:00
1088418,2023-04-01T01:00:00+00:00,42.258,-89.0796,333.6875,2.104213237762451,288.714599609375,286.75970458984375,96378.1875,25.672040939331055,14.52480036526564,15.090309442784182,1.0,0,EF1,CST-6,31-MAR-23 18:31:00
1086094,2023-04-01T02:00:00+00:00,40.7125,-87.2775,762.9375,0.8281368017196655,290.63330078125,287.29718017578125,97016.5625,32.46046447753906,19.681100308286016,24.844686619272593,1.0,0,EF1,EST-5,31-MAR-23 20:41:00
1089416,2023-04-01T05:00:00+00:00,35.268,-88.368,1667.0625,2.0022006034851074,294.611083984375,292.1521301269531,99163.375,36.83363723754883,19.754475554341887,24.077642868313575,3.0,1,EF3,CST-6,31-MAR-23 22:31:00
1125269,2023-07-18T23:00:00+00:00,42.4177,-102.0855,1783.0,479.89093017578125,302.16650390625,291.66845703125,88549.375,28.070470809936523,0.12635898748797283,10.20721087230758,,0,EFU,MST-7,18-JUL-23 15:37:00
1086095,2023-04-01T02:00:00+00:00,40.7367,-87.1748,762.9375,0.8281368017196655,290.63330078125,287.29718017578125,97016.5625,32.46046447753906,19.681100308286016,24.844686619272593,1.0,0,EF1,CST-6,31-MAR-23 19:46:00
1108275,2023-06-25T04:00:00+00:00,42.7772,-94.6547,816.875,282.90673828125,292.65625,291.77154541015625,96201.625,31.442913055419922,8.908169024097848,22.938352768316808,0.0,0,EF0,CST-6,24-JUN-23 22:02:00
1100229,2023-07-02T00:00:00+00:00,36.873,-88.484,1084.875,402.64068603515625,300.07080078125,295.32666015625,99544.5,48.826255798339844,14.89923610871139,23.235753796094677,0.0,0,EF0,CST-6,01-JUL-23 17:44:00
1100230,2023-07-02T00:00:00+00:00,36.956,-88.214,892.0,481.04693603515625,299.07470703125,295.91552734375,99509.5,48.005943298339844,14.55893991042038,23.510247186352114,0.0,0,EF0,CST-6,01-JUL-23 17:59:00
1121862,2023-09-13T21:00:00+00:00,41.9793,-71.3579,228.75,109.60958099365234,296.114013671875,293.595947265625,100670.875,42.0128173828125,8.30841841681391,10.087472551516415,0.0,0,EF0,EST-5,13-SEP-23 16:22:00
1107954,2023-06-21T23:00:00+00:00,40.0363,-103.2269,2869.125,18.441177368164062,296.912353515625,290.41632080078125,85647.75,33.77218246459961,0.5920533308273458,7.285967445016504,,0,EFU,MST-7,21-JUN-23 15:40:00
1076651,2023-01-12T20:00:00+00:00,32.845,-86.008,927.34375,5.796877861022949,292.57598876953125,289.43756103515625,98448.5,32.6593017578125,16.910105799348514,24.470129019747592,2.0,1,EF2,CST-6,12-JAN-23 13:33:00
1083315,2023-02-09T01:00:00+00:00,31.2862,-90.1128,488.75,0.9061857461929321,293.68109130859375,292.5269775390625,100546.5625,41.6497802734375,16.647649756547068,16.840605044933998,0.0,0,EF0,CST-6,08-FEB-23 19:11:00
1102306,2023-07-18T19:00:00+00:00,36.9757,-87.8656,3709.0,34.65625,303.33935546875,297.820068359375,99538.1875,50.80180740356445,6.523801176482111,10.220537028103799,1.0,0,EF1,CST-6,18-JUL-23 13:04:00
1107377,2023-06-21T20:00:00+00:00,40.7109,-103.1988,2227.5,237.54689025878906,298.510498046875,290.2080078125,87054.6875,26.301897048950195,0.07226645991957231,5.865106543171412,,0,EFU,MST-7,21-JUN-23 12:44:00
1122677,2023-07-03T21:00:00+00:00,43.012,-97.685,2198.875,130.28128051757812,306.55908203125,289.161376953125,96043.625,34.11320495605469,1.498955327931458,3.024899781235221,0.0,0,EF0,CST-6,03-JUL-23 15:04:00
1121326,2023-07-29T02:00:00+00:00,41.85,-90.19,1947.25,255.4485626220703,300.25439453125,296.861572265625,98744.75,58.6807861328125,11.371955784264642,19.779154559591554,0.0,0,EF0,CST-6,28-JUL-23 20:16:00
1140297,2023-10-12T19:00:00+00:00,40.5706,-99.5794,736.0,4.265649795532227,291.25830078125,288.66162109375,91032.75,29.590986251831055,5.610922608995956,4.357433534653787,0.0,0,EF0,CST-6,12-OCT-23 13:05:00
1114678,2023-07-13T03:00:00+00:00,41.9527,-85.3099,592.5,43.41054153442383,296.0576171875,292.005126953125,97331.6875,38.330074310302734,14.838969282119715,23.511364672471142,1.0,0,EF1,EST-5,12-JUL-23 22:09:00
1101226,2023-07-02T20:00:00+00:00,40.9921,-76.8825,1085.375,36.042083740234375,298.0234375,295.933349609375,97976.0625,50.56140899658203,9.779391504716237,15.214476353268033,1.0,0,EF1,EST-5,02-JUL-23 15:25:00
1101217,2023-07-02T20:00:00+00:00,40.9025,-77.132,816.25,42.745208740234375,297.251953125,295.239990234375,97036.0625,48.76160430908203,9.667594719401615,14.030253724855706,1.0,0,EF1,EST-5,02-JUL-23 14:48:00
1108821,2023-06-21T23:00:00+00:00,40.0926,-103.3588,3410.375,27.050552368164062,296.934814453125,290.30499267578125,86297.75,37.54366683959961,0.20417031971514651,7.941265327594635,2.0,1,EF2,MST-7,21-JUN-23 16:20:00
1126607,2023-07-12T22:00:00+00:00,42.3274,-88.9398,1053.0,0.8753563165664673,293.3505859375,292.930419921875,97636.75,43.112884521484375,8.52471206370812,19.257646274714297,0.0,0,EF0,CST-6,12-JUL-23 16:25:00
1101228,2023-07-02T20:00:00+00:00,40.5597,-76.9713,1226.75,27.667083740234375,299.0205078125,296.595458984375,98347.0625,50.74890899658203,9.256162838889624,15.071152451965986,0.0,0,EF0,EST-5,02-JUL-23 14:44:00
1107314,2023-07-24T19:00:00+00:00,36.9357,-89.4861,1884.0,257.2344055175781,304.97412109375,295.953125,100579.9375,40.66260528564453,2.947865861823093,11.549439616648966,2.0,1,EF2,CST-6,24-JUL-23 13:10:00
1128943,2023-07-19T16:00:00+00:00,36.0009,-77.8778,1711.875,66.54843139648438,301.51220703125,297.27978515625,100924.6875,52.78066635131836,5.621665080231766,14.525372958566225,3.0,1,EF3,EST-5,19-JUL-23 11:25:00
1126638,2023-07-13T00:00:00+00:00,42.1694,-88.1998,539.75,84.95816802978516,294.3056640625,293.603759765625,97710.0,37.235740661621094,8.15641394300884,12.270804733453238,0.0,0,EF0,CST-6,12-JUL-23 17:34:00
1126641,2023-07-13T00:00:00+00:00,42.0122,-88.1538,926.25,96.44254302978516,295.787109375,294.081298828125,97875.0,36.856834411621094,9.548507157600651,13.861247081797966,0.0,0,EF0,CST-6,12-JUL-23 17:41:00
1101299,2023-07-12T09:00:00+00:00,33.3508,-93.4919,1441.375,4.140474796295166,298.1650390625,297.134521484375,100098.625,58.972442626953125,9.432899971897665,12.120983240271316,1.0,0,EF1,CST-6,12-JUL-23 02:43:00
1114682,2023-07-13T03:00:00+00:00,41.9554,-85.2927,592.5,43.41054153442383,296.0576171875,292.005126953125,97331.6875,38.330074310302734,14.838969282119715,23.511364672471142,1.0,0,EF1,EST-5,12-JUL-23 22:11:00
1111962,2023-07-26T19:00:00+00:00,42.418,-84.168,1829.75,90.6365966796875,300.1025390625,295.402587890625,97670.5625,55.07273864746094,7.613005028821507,12.884987833021004,0.0,0,EF0,EST-5,26-JUL-23 13:47:00
1119964,2023-07-10T23:00:00+00:00,30.3022,-93.0859,1672.75,162.90020751953125,305.43408203125,297.3681640625,101084.0625,53.458946228027344,1.6731773834969113,10.163163945548456,0.0,0,EF0,CST-6,10-JUL-23 17:16:00
1107956,2023-06-21T23:00:00+00:00,40.0397,-103.2202,2869.125,18.441177368164062,296.912353515625,290.41632080078125,85647.75,33.77218246459961,0.5920533308273458,7.285967445016504,,0,EFU,MST-7,21-JUN-23 15:42:00
1122374,2023-07-03T20:00:00+00:00,35.89,-76.84,3062.25,92.23090362548828,304.52685546875,296.30078125,101166.6875,52.33451461791992,3.0475336516074116,5.888659254309694,0.0,0,EF0,EST-5,03-JUL-23 14:34:00
1111971,2023-07-26T19:00:00+00:00,42.415,-84.252,1829.75,90.6365966796875,300.1025390625,295.402587890625,97670.5625,55.07273864746094,7.613005028821507,12.884987833021004,0.0,0,EF0,EST-5,26-JUL-23 13:39:00
1108822,2023-06-22T00:00:00+00:00,40.5737,-103.4509,2097.5,28.14411163330078,295.19287109375,288.70947265625,86450.0625,38.60990524291992,0.5327825434076304,6.900812998007906,1.0,0,EF1,MST-7,21-JUN-23 16:30:00
1126635,2023-07-12T23:00:00+00:00,41.9873,-88.4125,1204.5,3.796995162963867,295.8095703125,294.119873046875,97709.25,41.28339385986328,11.042587533355826,16.07087040411907,0.0,0,EF0,CST-6,12-JUL-23 17:18:00
1126636,2023-07-13T00:00:00+00:00,42.1691,-88.2051,539.75,84.95816802978516,294.3056640625,293.603759765625,97710.0,37.235740661621094,8.15641394300884,12.270804733453238,0.0,0,EF0,CST-6,12-JUL-23 17:33:00
1093451,2023-04-01T10:00:00+00:00,34.181,-86.149,316.5625,0.17222358286380768,290.96044921875,289.061767578125,98100.9375,38.81949996948242,14.637089686570581,23.86371596155662,0.0,0,EF0,CST-6,01-APR-23 03:51:00
1108818,2023-06-21T23:00:00+00:00,40.061,-103.265,3410.375,27.050552368164062,296.934814453125,290.30499267578125,86297.75,37.54366683959961,0.20417031971514651,7.941265327594635,,0,EFU,MST-7,21-JUN-23 15:53:00
1114024,2023-06-14T22:00:00+00:00,31.7892,-84.7104,3101.75,579.2345581054688,299.086669921875,295.384521484375,99566.5,53.366477966308594,18.43350073798106,17.877088839287268,1.0,0,EF1,EST-5,14-JUN-23 16:40:00
1091336,2023-03-25T20:00:00+00:00,32.341,-83.0395,594.5625,186.76876831054688,299.74755859375,291.3182373046875,100212.75,29.4942626953125,7.947205657583627,13.371781100189665,0.0,0,EF0,EST-5,25-MAR-23 15:17:00
1126609,2023-07-12T23:00:00+00:00,42.1544,-88.5188,984.25,2.468870162963867,294.9111328125,294.009521484375,97432.25,41.57733917236328,10.008840641538182,14.614060865747884,1.0,0,EF1,CST-6,12-JUL-23 17:06:00
1107701,2023-06-21T23:00:00+00:00,40.0328,-103.2387,2869.125,18.441177368164062,296.912353515625,290.41632080078125,85647.75,33.77218246459961,0.5920533308273458,7.285967445016504,,0,EFU,MST-7,21-JUN-23 15:37:00
1121327,2023-07-29T02:00:00+00:00,41.8495,-90.1778,1947.25,255.4485626220703,300.25439453125,296.861572265625,98744.75,58.6807861328125,11.371955784264642,19.779154559591554,0.0,0,EF0,CST-6,28-JUL-23 20:18:00
1108819,2023-06-21T23:00:00+00:00,40.0661,-103.3313,3410.375,27.050552368164062,296.934814453125,290.30499267578125,86297.75,37.54366683959961,0.20417031971514651,7.941265327594635,,0,EFU,MST-7,21-JUN-23 15:57:00
1105114,2023-07-18T18:00:00+00:00,37.0291,-89.0718,3494.5,38.90057373046875,304.118896484375,298.835205078125,100280.0625,53.82678985595703,10.830422778529776,13.074606613389449,1.0,0,EF1,CST-6,18-JUL-23 11:43:00
1112224,2023-07-07T19:00:00+00:00,46.25,-99.03,1343.625,47.51566696166992,295.227294921875,290.006103515625,94530.125,26.140369415283203,0.5585473210319958,6.367449621162313,,0,EFU,CST-6,07-JUL-23 12:30:00
1112227,2023-07-07T19:00:00+00:00,46.54,-98.2,1199.25,55.35941696166992,295.805419921875,289.493408203125,96351.125,27.745838165283203,1.0428142127163738,5.7800260178788205,,0,EFU,CST-6,07-JUL-23 12:37:00
1112221,2023-07-07T19:00:00+00:00,46.44,-98.07,1021.125,62.85941696166992,295.405029296875,289.309814453125,96542.125,27.716541290283203,1.3265853138620005,5.2675062489910935,,0,EFU,CST-6,07-JUL-23 13:00:00
1119491,2023-07-06T21:00:00+00:00,39.65,-104.72,1084.25,346.453125,297.24560546875,288.0732421875,82776.5,25.376373291015625,0.11530086287414816,0.8753531247868377,,0,EFU,MST-7,06-JUL-23 14:28:00
1117318,2023-07-21T22:00:00+00:00,34.6763,-86.5016,1121.75,55.90622329711914,298.35498046875,296.725830078125,98483.1875,59.703678131103516,7.855406817698288,5.111141256924205,1.0,0,EF1,CST-6,21-JUL-23 16:26:00
1107953,2023-06-21T23:00:00+00:00,40.0329,-103.2183,2869.125,18.441177368164062,296.912353515625,290.41632080078125,85647.75,33.77218246459961,0.5920533308273458,7.285967445016504,,0,EFU,MST-7,21-JUN-23 15:39:00
1117235,2023-07-29T12:00:00+00:00,40.6125,-97.8657,3057.5,312.4488830566406,295.567626953125,293.76220703125,95999.5625,53.4248046875,4.520085452277599,1.7690509508975303,1.0,0,EF1,CST-6,29-JUL-23 05:53:00
1123474,2023-07-13T20:00:00+00:00,39.03,-103.39,2812.125,244.51535034179688,301.83642578125,291.974609375,84573.625,29.57083511352539,0.14610117475826906,7.879591735691847,,0,EFU,MST-7,13-JUL-23 13:00:00
1108820,2023-06-21T23:00:00+00:00,40.075,-103.2599,3410.375,27.050552368164062,296.934814453125,290.30499267578125,86297.75,37.54366683959961,0.20417031971514651,7.941265327594635,,0,EFU,MST-7,21-JUN-23 16:15:00
1119464,2023-07-06T22:00:00+00:00,39.79,-104.6,2496.25,268.1094970703125,295.15087890625,288.001953125,82649.9375,23.781957626342773,0.19792981359872422,2.9738278995614778,,0,EFU,MST-7,06-JUL-23 14:48:00
1123515,2023-07-30T00:00:00+00:00,39.94,-104.36,2614.625,257.8017578125,301.49560546875,290.720458984375,85046.0625,27.18948745727539,0.5869483877839069,2.707423600133135,,0,EFU,MST-7,29-JUL-23 16:30:00
1117346,2023-07-18T22:00:00+00:00,34.81,-86.71,826.0,403.0530090332031,302.008056640625,297.0888671875,98960.3125,50.51605224609375,8.466786168501661,13.283555126326148,0.0,0,EF0,CST-6,18-JUL-23 16:14:00
1101215,2023-07-02T19:00:00+00:00,40.906,-77.6647,784.875,21.096088409423828,295.83935546875,294.504638671875,96130.0625,47.68675994873047,9.346812848378862,13.881566562049315,1.0,0,EF1,EST-5,02-JUL-23 14:08:00
1121861,2023-09-13T21:00:00+00:00,41.9256,-71.4798,519.25,75.28145599365234,295.339599609375,293.048583984375,100194.875,42.0655517578125,9.340088987785395,10.674782519729295,0.0,0,EF0,EST-5,13-SEP-23 16:05:00
1100227,2023-07-02T00:00:00+00:00,36.825,-88.657,1196.375,374.85943603515625,301.19775390625,294.58642578125,99589.5,49.689537048339844,14.99003139148544,22.531442353300577,1.0,0,EF1,CST-6,01-JUL-23 17:30:00
1107686,2023-06-21T23:00:00+00:00,40.0292,-103.2389,2869.125,18.441177368164062,296.912353515625,290.41632080078125,85647.75,33.77218246459961,0.5920533308273458,7.285967445016504,,0,EFU,MST-7,21-JUN-23 15:36:00
1101223,2023-07-02T20:00:00+00:00,40.9334,-77.0682,1085.375,36.042083740234375,298.0234375,295.933349609375,97976.0625,50.56140899658203,9.779391504716237,15.214476353268033,1.0,0,EF1,EST-5,02-JUL-23 14:59:00
1087103,2023-03-31T22:00:00+00:00,41.86,-91.464,58.375,1.5626174211502075,289.3759765625,285.93017578125,95909.25,22.576234817504883,18.42016460265266,15.956422874486758,1.0,0,EF1,CST-6,31-MAR-23 16:11:00
1093009,2023-05-31T23:00:00+00:00,34.64,-105.21,805.5,60.37571334838867,295.157958984375,284.139892578125,81271.0625,21.158336639404297,0.23330963146130057,13.085222034218964,,0,EFU,MST-7,31-MAY-23 15:52:00
1136770,2023-08-07T19:00:00+00:00,36.036,-82.402,1187.375,48.06254959106445,297.135009765625,294.29931640625,91916.6875,42.22028732299805,3.4118205731951075,19.37849348634896,1.0,0,EF1,EST-5,07-AUG-23 13:48:00
1136771,2023-08-07T21:00:00+00:00,35.7,-81.17,3226.625,104.05297088623047,299.91455078125,297.01678466796875,97518.875,52.0387077331543,9.038796516917232,20.055901293124037,1.0,0,EF1,EST-5,07-AUG-23 15:40:00
1136772,2023-08-07T21:00:00+00:00,35.631,-80.935,3420.0,138.599853515625,300.51513671875,297.28533935546875,98045.875,54.9332389831543,8.819725979653374,19.59053774312627,1.0,0,EF1,EST-5,07-AUG-23 15:54:00
1163742,2023-09-20T00:00:00+00:00,38.4589,-99.3959,1772.375,,300.674560546875,290.689453125,93115.1875,22.670120239257812,1.9430761310878812,3.197665745087713,0.0,0,EF0,CST-6,19-SEP-23 17:52:00
1082923,2023-02-16T17:00:00+00:00,31.6756,-90.3063,1280.8125,0.23476514220237732,294.00946044921875,292.69427490234375,100026.125,39.6628532409668,15.682267575738353,15.352499766803541,1.0,0,EF1,CST-6,16-FEB-23 11:16:00
1082924,2023-02-16T19:00:00+00:00,31.8363,-89.5982,646.8125,0.0205535888671875,294.3382873535156,292.94903564453125,99835.6875,41.3008918762207,16.203112946531057,16.106663199722387,1.0,0,EF1,CST-6,16-FEB-23 13:24:00
1119910,2023-06-15T23:00:00+00:00,41.4494,-83.1558,1827.5,33.031333923339844,293.764404296875,290.12451171875,98050.0,34.95288848876953,6.785019111854861,15.581292235420639,1.0,0,EF1,EST-5,15-JUN-23 17:57:00
1136774,2023-08-07T21:00:00+00:00,35.41,-80.93,2977.75,217.240478515625,301.71923828125,296.53240966796875,98513.875,52.1578483581543,8.42875301949224,18.761599810549644,0.0,0,EF0,EST-5,07-AUG-23 16:07:00
1076652,2023-01-12T20:00:00+00:00,32.975,-85.593,638.21875,1.6875028610229492,292.54180908203125,289.42779541015625,98375.5,32.3126220703125,17.5412040045497,25.025171128544574,1.0,0,EF1,CST-6,12-JAN-23 14:00:00
1076606,2023-01-12T17:00:00+00:00,33.004,-87.423,956.375,0.2516033947467804,292.1163635253906,288.9033203125,100072.375,35.46810531616211,18.96580665786679,29.14453653962655,2.0,1,EF2,CST-6,12-JAN-23 10:34:00
1086260,2023-03-25T05:00:00+00:00,35.1454,-86.5794,292.875,23.328128814697266,291.71484375,288.7641296386719,96834.5625,39.65343475341797,22.83884467720246,40.77500122515431,2.0,1,EF2,CST-6,24-MAR-23 22:59:00
1075141,2023-01-24T20:00:00+00:00,29.5958,-95.2483,1542.0625,15.604660987854004,290.3258361816406,290.2142028808594,100028.875,48.6566047668457,20.318805261071336,32.041608364966216,3.0,1,EF3,CST-6,24-JAN-23 14:15:00
1160509,2023-08-25T03:00:00+00:00,41.5018,-83.2995,5381.25,344.6094055175781,297.541259765625,296.120849609375,98668.0625,45.85128402709961,10.105873837827266,14.622849091973466,1.0,0,EF1,EST-5,24-AUG-23 22:08:00
1086465,2023-04-01T00:00:00+00:00,41.46,-90.0,279.875,0.40648114681243896,289.123291015625,286.2261962890625,96935.0,26.055374145507812,16.86866530060564,18.627901592417228,2.0,1,EF2,CST-6,31-MAR-23 17:36:00
1119911,2023-06-15T23:00:00+00:00,41.3867,-82.922,1618.25,31.34383201599121,294.500732421875,289.50439453125,98064.0,35.38452911376953,6.24286810904436,12.978138067535538,0.0,0,EF0,EST-5,15-JUN-23 18:19:00
1122970,2023-06-16T00:00:00+00:00,41.1163,-82.6608,1439.0,20.971357345581055,294.08837890625,288.59375,97518.875,35.218414306640625,7.2164226830474965,17.304309204025394,0.0,0,EF0,EST-5,15-JUN-23 19:01:00
1087131,2023-03-31T22:00:00+00:00,41.71,-91.21,66.625,1.0001174211502075,290.30859375,286.36279296875,96206.25,23.134828567504883,18.091091233515698,13.90989555544068,1.0,0,EF1,CST-6,31-MAR-23 16:17:00
1087051,2023-03-31T22:00:00+00:00,42.442,-91.499,65.5,0.7969924211502075,287.6865234375,285.58349609375,95264.25,25.439516067504883,17.14892835756476,22.93656468020465,1.0,0,EF1,CST-6,31-MAR-23 16:20:00
1091671,2023-03-27T13:00:00+00:00,32.8794,-83.4227,401.0625,45.26564407348633,293.14007568359375,292.1915588378906,99829.125,46.41849899291992,18.684671165396306,21.1217835667958,0.0,0,EF0,EST-5,27-MAR-23 07:52:00
1125516,2023-08-07T19:00:00+00:00,38.136,-82.6302,1470.5,26.843799591064453,300.974365234375,293.12060546875,97829.6875,43.69684982299805,11.37953394612447,20.60899624810439,1.0,0,EF1,EST-5,07-AUG-23 14:07:00
1086457,2023-04-01T00:00:00+00:00,42.0489,-89.9733,28.5625,0.40648114681243896,288.294189453125,286.2945556640625,96700.0,22.981155395507812,18.217710005504454,18.750981736617085,1.0,0,EF1,CST-6,31-MAR-23 17:39:00
1087090,2023-03-31T22:00:00+00:00,41.511,-91.832,56.375,19.531368255615234,290.0673828125,285.95361328125,96281.25,20.305727005004883,18.6892774885663,13.806663089132035,1.0,0,EF1,CST-6,31-MAR-23 15:33:00
1087136,2023-03-31T22:00:00+00:00,42.26,-91.93,50.0,1.2657424211502075,287.3681640625,285.04443359375,95683.25,23.369203567504883,17.37113930434946,21.485255869853713,2.0,1,EF2,CST-6,31-MAR-23 15:47:00
1124201,2023-08-07T19:00:00+00:00,38.1331,-82.6784,1470.5,26.843799591064453,300.974365234375,293.12060546875,97829.6875,43.69684982299805,11.37953394612447,20.60899624810439,1.0,0,EF1,EST-5,07-AUG-23 14:00:00
1088203,2023-03-27T08:00:00+00:00,32.4103,-86.008,950.6875,14.9841890335083,294.26153564453125,292.9501037597656,100062.0625,39.33677673339844,15.547872833123066,20.090893275868552,2.0,1,EF2,CST-6,27-MAR-23 01:41:00
1092138,2023-05-25T01:00:00+00:00,34.86,-103.39,1446.3125,570.0048828125,296.453369140625,285.17822265625,86402.5,25.44780731201172,0.2903214088454969,13.068167933119202,,0,EFU,MST-7,24-MAY-23 17:49:00
1108892,2023-06-27T20:00:00+00:00,43.5743,-119.3324,86.5,,294.019775390625,279.512939453125,84965.3125,16.14474868774414,0.20236371897123015,1.6007747012842444,0.0,0,EF0,PST-8,27-JUN-23 12:00:00
1087139,2023-03-31T22:00:00+00:00,42.298,-91.925,50.0,1.2657424211502075,287.3681640625,285.04443359375,95683.25,23.369203567504883,17.37113930434946,21.485255869853713,,0,EFU,CST-6,31-MAR-23 15:51:00
1094976,2023-04-20T01:00:00+00:00,35.083,-97.395,2097.25,,297.235595703125,290.5512390136719,96191.1875,30.498455047607422,15.529972473521086,21.561966322979316,0.0,0,EF0,CST-6,19-APR-23 19:05:00
1137153,2023-08-12T04:00:00+00:00,40.03,-93.0,3614.625,353.5469665527344,299.037841796875,297.496826171875,97879.5,50.15327835083008,7.533147126079174,17.346363022195874,0.0,0,EF0,CST-6,11-AUG-23 22:18:00
1128311,2023-08-13T00:00:00+00:00,39.2883,-82.0671,2180.5,25.033252716064453,300.62939453125,295.898681640625,98193.25,44.73561477661133,11.301960907521835,15.781685150998667,1.0,0,EF1,EST-5,12-AUG-23 18:33:00
1113557,2023-08-11T01:00:00+00:00,44.6371,-97.5324,1019.125,175.83938598632812,295.376708984375,293.0712890625,94272.5625,33.43808364868164,6.8474063899269915,14.662004977538448,0.0,0,EF0,CST-6,10-AUG-23 18:47:00
1115297,2023-08-06T21:00:00+00:00,46.079,-112.133,1388.0,8.42187786102295,291.46435546875,286.647705078125,81727.0,15.6967134475708,0.4071385201171459,5.04986433017481,,0,EFU,MST-7,06-AUG-23 14:11:00
1115329,2023-08-06T20:00:00+00:00,44.677,-112.411,1464.25,10.250020027160645,291.624267578125,283.333984375,78257.375,13.708028793334961,0.08009091237816092,1.2229859646649854,0.0,0,EF0,MST-7,06-AUG-23 13:12:00
1087089,2023-03-31T21:00:00+00:00,41.3911,-91.9465,991.875,6.234396934509277,291.2490234375,288.4050598144531,96388.25,23.886272430419922,12.341668125706958,14.15626626460132,3.0,1,EF3,CST-6,31-MAR-23 15:19:00
1087085,2023-04-01T00:00:00+00:00,42.2001,-89.6463,461.4375,0.32835614681243896,288.145751953125,286.4039306640625,96262.0,26.573928833007812,16.36334615385945,21.332889532422545,,0,EFU,CST-6,31-MAR-23 18:01:00
1126604,2023-06-16T01:00:00+00:00,40.9343,-82.2738,971.25,41.95320129394531,293.87548828125,287.4241943359375,96791.125,33.15008544921875,8.29791655625921,17.121937422205455,0.0,0,EF0,EST-5,15-JUN-23 19:46:00
1092934,2023-06-01T22:00:00+00:00,42.5517,-88.6857,75.75,,302.47021484375,290.263916015625,98445.0625,32.700077056884766,2.0091134800557957,0.7263798026815907,,0,EFU,CST-6,01-JUN-23 16:24:00
1163665,2023-07-13T23:00:00+00:00,42.6503,-88.8813,3.5,,297.845458984375,290.03662109375,97817.125,32.8414192199707,2.3487940035024435,14.630809154169865,0.0,0,EF0,CST-6,13-JUL-23 17:13:00
1108814,2023-07-29T04:00:00+00:00,42.8838,-88.5421,259.25,185.4063262939453,295.107666015625,293.044921875,97890.5,56.350914001464844,9.018964915165165,22.272439110635357,1.0,0,EF1,CST-6,28-JUL-23 21:30:00
1108865,2023-08-12T17:00:00+00:00,35.9341,-86.8527,2130.625,184.75990295410156,300.136962890625,297.261474609375,99025.4375,55.90580368041992,6.103208987758002,6.0704788052997225,0.0,0,EF0,CST-6,12-AUG-23 10:47:00
1091604,2023-03-03T20:00:00+00:00,34.4595,-84.8336,851.1875,0.1122865304350853,294.24169921875,292.12908935546875,96091.9375,36.90904998779297,22.357324849196722,32.411387325904435,1.0,0,EF1,EST-5,03-MAR-23 15:08:00
1122751,2023-08-14T23:00:00+00:00,39.4758,-84.9611,811.25,58.45521545410156,296.5185546875,294.72607421875,97677.9375,48.70744323730469,6.5879052222549905,14.746554834107659,0.0,0,EF0,EST-5,14-AUG-23 17:32:00
1114359,2023-06-18T01:00:00+00:00,36.746,-100.0,2224.5,23.125030517578125,295.3896484375,292.568359375,92938.75,35.783721923828125,6.404897743643041,17.250048930108782,1.0,0,EF1,CST-6,17-JUN-23 18:43:00
1119912,2023-06-16T00:00:00+00:00,41.2845,-82.8514,1439.0,20.971357345581055,294.08837890625,288.59375,97518.875,35.218414306640625,7.2164226830474965,17.304309204025394,0.0,0,EF0,EST-5,15-JUN-23 18:40:00
1087135,2023-03-31T22:00:00+00:00,42.18,-92.09,50.0,1.2657424211502075,287.3681640625,285.04443359375,95683.25,23.369203567504883,17.37113930434946,21.485255869853713,2.0,1,EF2,CST-6,31-MAR-23 15:36:00
1092662,2023-03-31T22:00:00+00:00,42.3472,-91.8244,39.625,0.5938674211502075,287.0859375,285.27490234375,95381.25,25.025453567504883,17.299115310649626,23.70654429680711,,0,EFU,CST-6,31-MAR-23 16:03:00
1122492,2023-08-09T17:00:00+00:00,18.4513,-67.0931,2659.0,134.87533569335938,302.4638671875,298.785400390625,100121.4375,53.87645721435547,5.94935183775132,5.847760037331876,0.0,0,EF0,AST-4,09-AUG-23 13:00:00
1101091,2023-06-29T01:00:00+00:00,41.087,-103.778,395.375,489.3594970703125,297.9765625,283.7470703125,84669.8125,20.55529022216797,0.2034269942243322,4.461185930263117,0.0,0,EF0,MST-7,28-JUN-23 17:35:00
1116589,2023-06-15T22:00:00+00:00,41.6864,-83.359,1467.5,30.20318603515625,295.242919921875,289.895263671875,98139.0625,34.31621170043945,5.360467771179239,12.144674213792776,0.0,0,EF0,EST-5,15-JUN-23 17:28:00
1096442,2023-05-12T19:00:00+00:00,41.6075,-98.4044,1991.375,33.687740325927734,293.382080078125,290.8173828125,93553.0625,32.510562896728516,5.919489256226573,13.424077269648802,1.0,0,EF1,CST-6,12-MAY-23 13:25:00
1116551,2023-06-15T22:00:00+00:00,41.7296,-83.5426,1723.0,24.70318603515625,294.696044921875,290.242919921875,98052.0625,34.25175857543945,4.775833793826528,11.475353136011762,2.0,1,EF2,EST-5,15-JUN-23 17:06:00
1083444,2023-03-12T13:00:00+00:00,32.907,-85.911,59.5625,14.780470848083496,290.0955810546875,288.794677734375,98228.4375,36.811279296875,13.866100196627942,20.70294590055091,0.0,0,EF0,CST-6,12-MAR-23 07:17:00
1101995,2023-05-13T18:00:00+00:00,42.5696,-95.2998,443.375,31.51565170288086,293.125,291.5390625,96655.625,31.923778533935547,5.377551562786286,14.096761990344376,,0,EFU,CST-6,13-MAY-23 12:21:00
1094971,2023-04-20T01:00:00+00:00,35.058,-97.476,2097.25,,297.235595703125,290.5512390136719,96191.1875,30.498455047607422,15.529972473521086,21.561966322979316,1.0,0,EF1,CST-6,19-APR-23 18:55:00
1075140,2023-01-24T20:00:00+00:00,29.39,-95.74,850.9375,59.10466003417969,291.4772033691406,291.2981872558594,100044.875,45.5511360168457,12.12259035854996,28.56618538724981,0.0,0,EF0,CST-6,24-JAN-23 13:38:00
1075135,2023-01-24T20:00:00+00:00,29.5457,-95.3372,1369.5,43.62028503417969,291.2242736816406,290.7434997558594,100042.875,46.8226203918457,25.795900358063154,29.519705884582926,0.0,0,EF0,CST-6,24-JAN-23 14:07:00
1091665,2023-03-26T11:00:00+00:00,32.8984,-85.1856,898.875,8.22864055633545,292.4029541015625,290.94891357421875,98706.125,43.34709167480469,7.8607184610711585,20.424478047325632,3.0,1,EF3,EST-5,26-MAR-23 05:49:00
1094155,2023-06-14T01:00:00+00:00,41.68,-105.82,0.0,,287.490234375,281.693603515625,78173.875,12.143250465393066,0.06894749188332423,0.8877714355745839,,0,EFU,MST-7,13-JUN-23 17:44:00
1082562,2023-04-20T02:00:00+00:00,38.522,-96.375,1575.9375,526.4224243164062,295.412353515625,290.45361328125,95721.4375,22.78896713256836,14.676766569839932,19.201540928360526,1.0,0,EF1,CST-6,19-APR-23 20:04:00
1119909,2023-06-15T23:00:00+00:00,41.4688,-83.1457,1827.5,33.031333923339844,293.764404296875,290.12451171875,98050.0,34.95288848876953,6.785019111854861,15.581292235420639,2.0,1,EF2,EST-5,15-JUN-23 17:49:00
1118230,2023-06-02T22:00:00+00:00,41.16,-98.04,25.75,,297.242431640625,287.8623046875,95184.5625,32.81746292114258,3.9646163230898326,11.587302050214038,0.0,0,EF0,CST-6,02-JUN-23 15:53:00
1086506,2023-03-31T23:00:00+00:00,41.771,-90.889,21.4375,2.068983793258667,288.966552734375,286.185546875,96560.1875,21.83515167236328,17.871791017304542,18.234937535409657,0.0,0,EF0,CST-6,31-MAR-23 16:37:00
1083448,2023-03-25T05:00:00+00:00,34.278,-87.766,564.5,7.671879291534424,293.2607421875,291.1811218261719,97905.5625,42.32042694091797,22.133704374004886,24.21042519925551,1.0,0,EF1,CST-6,24-MAR-23 22:44:00
1086476,2023-03-31T23:00:00+00:00,42.192,-90.605,203.5,0.8814839124679565,288.259521484375,286.544921875,96176.1875,26.85272979736328,17.651202778217826,22.96036867682059,0.0,0,EF0,CST-6,31-MAR-23 17:09:00
1087067,2023-04-01T00:00:00+00:00,41.55,-89.77,485.625,0.625231146812439,289.235595703125,286.4595947265625,96888.0,28.400100708007812,16.00575460484288,20.127059532060816,1.0,0,EF1,CST-6,31-MAR-23 17:48:00
1106031,2023-08-04T23:00:00+00:00,39.4059,-93.9435,1182.875,6.953165531158447,301.926513671875,297.56201171875,97917.1875,50.83219528198242,5.372498523833422,15.08865647699567,0.0,0,EF0,CST-6,04-AUG-23 16:57:00
1106033,2023-08-05T00:00:00+00:00,39.1972,-93.3529,1547.5,7.875433921813965,300.125244140625,297.96044921875,98432.4375,51.30696487426758,9.243745308858523,14.733174088358464,0.0,0,EF0,CST-6,04-AUG-23 18:17:00
1108813,2023-07-29T03:00:00+00:00,42.885,-88.558,1076.25,136.121826171875,295.583740234375,293.37353515625,97946.0625,60.92455291748047,11.575688527916808,20.076008363930615,1.0,0,EF1,CST-6,28-JUL-23 21:28:00
1086475,2023-03-31T23:00:00+00:00,42.12,-90.72,136.5,1.4283589124679565,288.501708984375,286.4453125,95997.1875,24.97577667236328,17.644311671485056,19.587012238662506,1.0,0,EF1,CST-6,31-MAR-23 16:58:00
1087132,2023-03-31T22:00:00+00:00,41.76,-91.17,66.625,1.0001174211502075,290.30859375,286.36279296875,96206.25,23.134828567504883,18.091091233515698,13.90989555544068,2.0,1,EF2,CST-6,31-MAR-23 16:14:00
1087069,2023-04-01T00:00:00+00:00,41.585,-89.667,485.625,0.625231146812439,289.235595703125,286.4595947265625,96888.0,28.400100708007812,16.00575460484288,20.127059532060816,1.0,0,EF1,CST-6,31-MAR-23 17:54:00
1087063,2023-03-31T23:00:00+00:00,42.525,-91.372,43.9375,0.44398391246795654,287.355224609375,285.57421875,95435.1875,22.95331573486328,15.158129858160459,18.717912105561208,1.0,0,EF1,CST-6,31-MAR-23 16:32:00
1117140,2023-08-14T21:00:00+00:00,41.6226,-89.4131,474.125,11.156400680541992,297.119140625,289.96435546875,98344.9375,27.933292388916016,3.6034537987845563,4.423168183700533,,0,EFU,CST-6,14-AUG-23 15:22:00
1100761,2023-07-16T02:00:00+00:00,36.27,-104.22,1920.375,118.57833862304688,298.417236328125,288.78350830078125,82506.75,32.78903579711914,0.1718872272854413,5.479425659022652,,0,EFU,MST-7,15-JUL-23 18:47:00
1122771,2023-08-08T20:00:00+00:00,36.02,-111.39,38.375,,305.208740234375,283.772216796875,83878.625,17.498550415039062,0.4295419794067852,5.326438093280318,0.0,0,EF0,MST-7,08-AUG-23 12:50:00
1111891,2023-06-10T20:00:00+00:00,44.0527,-94.9576,517.125,38.23438262939453,296.7294921875,290.58349609375,96773.0625,28.216442108154297,0.6326764093018504,4.7524872791030175,,0,EFU,CST-6,10-JUN-23 13:47:00
1125502,2023-08-07T23:00:00+00:00,43.54,-75.7,675.75,12.703204154968262,295.4697265625,293.926025390625,96847.625,49.39628601074219,11.538773733103891,12.250441274860805,,0,EFU,EST-5,07-AUG-23 18:27:00
1086466,2023-04-01T00:00:00+00:00,41.518,-89.859,627.0,1.312731146812439,289.671142578125,286.6646728515625,96871.0,29.578811645507812,15.6589976254733,20.84740288488164,1.0,0,EF1,CST-6,31-MAR-23 17:46:00
1119913,2023-06-16T00:00:00+00:00,41.2172,-82.7036,1439.0,20.971357345581055,294.08837890625,288.59375,97518.875,35.218414306640625,7.2164226830474965,17.304309204025394,2.0,1,EF2,EST-5,15-JUN-23 18:48:00
1092360,2023-05-13T19:00:00+00:00,35.55,-108.67,447.5,2.703404188156128,294.357421875,275.1044921875,79331.875,12.895036697387695,0.054741570314168285,2.272829570697432,,0,EFU,MST-7,13-MAY-23 12:16:00
1118477,2023-08-15T20:00:00+00:00,26.4962,-97.6887,1674.75,49.12504196166992,310.853515625,295.90283203125,101332.625,55.0125846862793,0.3089257266167629,0.8858973490492913,,0,EFU,CST-6,15-AUG-23 13:50:00
1086489,2023-03-31T23:00:00+00:00,42.0541,-91.0072,57.9375,0.6314839124679565,288.322998046875,286.208984375,95846.1875,23.19452667236328,17.02268078547785,17.7845471513905,1.0,0,EF1,CST-6,31-MAR-23 16:41:00
1092118,2023-05-25T01:00:00+00:00,34.84,-103.27,1674.5625,360.2549133300781,296.756103515625,285.13623046875,86608.5,28.45561981201172,0.19198260382702098,12.412313748107655,,0,EFU,MST-7,24-MAY-23 18:00:00
1116966,2023-08-08T23:00:00+00:00,41.7,-102.84,497.25,608.5189208984375,294.99560546875,288.648681640625,87874.5,24.1536808013916,0.48991407664949665,7.7054439339799465,,0,EFU,MST-7,08-AUG-23 15:50:00
1117896,2023-08-07T22:00:00+00:00,39.8806,-76.2673,650.625,152.05368041992188,299.322265625,295.508056640625,99066.875,47.52275085449219,14.594562292521196,13.545266178126488,0.0,0,EF0,EST-5,07-AUG-23 16:40:00
1118475,2023-08-15T20:00:00+00:00,25.9475,-97.439,1663.625,169.0625457763672,308.97802734375,296.4501953125,101464.625,56.8680534362793,2.1161326122466044,1.9700865355738628,,0,EFU,CST-6,15-AUG-23 13:35:00
1109085,2023-06-29T02:00:00+00:00,40.78,-103.01,1382.5,545.8594970703125,298.3974609375,288.3863525390625,86887.375,24.576601028442383,0.06509938779520492,7.732511683189813,,0,EFU,MST-7,28-JUN-23 19:12:00
1077193,2023-01-24T23:00:00+00:00,30.2248,-93.6475,181.8125,4.748056888580322,291.59515380859375,290.94354248046875,100320.5,44.244972229003906,15.199439784673185,26.838423081685516,1.0,0,EF1,CST-6,24-JAN-23 16:44:00
1093450,2023-04-01T08:00:00+00:00,34.263,-87.635,760.375,0.8666051030158997,294.07275390625,290.95892333984375,98649.125,36.14607238769531,20.234778598787607,27.1360328932035,1.0,0,EF1,CST-6,01-APR-23 01:48:00
1077117,2023-01-12T21:00:00+00:00,31.625,-85.673,493.125,0.8801230192184448,293.681396484375,289.0802917480469,99725.6875,32.897911071777344,16.861628685544073,22.26211834116407,1.0,0,EF1,CST-6,12-JAN-23 15:25:00
1076604,2023-01-12T16:00:00+00:00,32.887,-87.81,1113.125,0.7760472297668457,292.7088623046875,289.4818420410156,100387.6875,35.927574157714844,19.458062238422908,25.411919955908765,1.0,0,EF1,CST-6,12-JAN-23 10:04:00
1086478,2023-03-31T23:00:00+00:00,42.2522,-90.4175,203.5,0.8814839124679565,288.259521484375,286.544921875,96176.1875,26.85272979736328,17.651202778217826,22.96036867682059,,0,EFU,CST-6,31-MAR-23 17:17:00
1122861,2023-06-16T00:00:00+00:00,41.1924,-82.7052,1439.0,20.971357345581055,294.08837890625,288.59375,97518.875,35.218414306640625,7.2164226830474965,17.304309204025394,0.0,0,EF0,EST-5,15-JUN-23 18:51:00
1099403,2023-06-02T21:00:00+00:00,41.01,-97.98,890.375,460.0625,299.615234375,290.269287109375,95108.375,32.8963737487793,3.1625787739378657,9.822253603724654,,0,EFU,CST-6,02-JUN-23 15:29:00
1087052,2023-03-31T21:00:00+00:00,41.16,-92.23,942.8125,29.90627098083496,291.7392578125,288.9245910644531,96426.25,22.988811492919922,14.881898795086792,15.813277899233707,3.0,1,EF3,CST-6,31-MAR-23 14:49:00
1111877,2023-06-10T23:00:00+00:00,43.9909,-95.998,98.625,34.82815933227539,293.017333984375,289.62744140625,94961.0,31.685396194458008,3.185589098963809,2.2237168192403733,,0,EFU,CST-6,10-JUN-23 16:43:00
1135484,2023-09-11T22:00:00+00:00,29.85,-81.5,1505.125,149.92201232910156,301.432861328125,297.030517578125,101514.0,54.50066375732422,3.033368671442941,7.657997857320864,0.0,0,EF0,EST-5,11-SEP-23 17:10:00
1140609,2023-10-12T09:00:00+00:00,29.5678,-81.2512,247.625,0.06811055541038513,297.662109375,296.552734375,100258.875,66.68759155273438,19.30080225526215,20.559527658702457,2.0,1,EF2,EST-5,12-OCT-23 03:40:00
1101093,2023-06-29T01:00:00+00:00,41.063,-103.706,395.375,489.3594970703125,297.9765625,283.7470703125,84669.8125,20.55529022216797,0.2034269942243322,4.461185930263117,,0,EFU,MST-7,28-JUN-23 17:47:00
1091666,2023-03-26T11:00:00+00:00,32.907,-84.861,904.125,15.66614055633545,293.0601806640625,291.67742919921875,98565.125,42.46623229980469,9.253875860175064,19.50973086079454,3.0,1,EF3,EST-5,26-MAR-23 06:17:00
1086458,2023-03-31T23:00:00+00:00,41.42,-90.23,550.6875,3.209608793258667,289.695068359375,286.572265625,96630.1875,26.93378448486328,18.63304608181855,20.671919346795015,2.0,1,EF2,CST-6,31-MAR-23 17:24:00
1092965,2023-05-31T22:00:00+00:00,34.08,-105.1,761.625,32.71045684814453,298.331298828125,283.8330078125,83621.4375,25.60028839111328,0.1170538697002074,7.618397292795443,,0,EFU,MST-7,31-MAY-23 14:42:00
1136728,2023-08-03T20:00:00+00:00,34.331,-83.182,2327.5,16.515722274780273,297.9453125,296.921142578125,98695.5,55.67234802246094,8.562789718361497,17.10354448455525,0.0,0,EF0,EST-5,03-AUG-23 14:51:00
1136729,2023-08-03T20:00:00+00:00,34.277,-83.108,1820.375,38.92197036743164,299.0146484375,296.553955078125,99218.5,54.15965270996094,8.125905367537383,17.166146792464758,0.0,0,EF0,EST-5,03-AUG-23 15:03:00
1136730,2023-08-03T20:00:00+00:00,34.226,-83.06,1820.375,38.92197036743164,299.0146484375,296.553955078125,99218.5,54.15965270996094,8.125905367537383,17.166146792464758,0.0,0,EF0,EST-5,03-AUG-23 15:15:00
1136732,2023-08-03T20:00:00+00:00,34.822,-82.76,978.75,0.4688468873500824,295.45703125,295.457275390625,96526.5,51.25047302246094,6.7067420293735145,14.750482105222067,0.0,0,EF0,EST-5,03-AUG-23 15:16:00
1125048,2023-08-25T00:00:00+00:00,43.0642,-85.7414,3474.0,250.4688262939453,298.357666015625,297.30810546875,98001.125,44.5923957824707,11.221493593334673,16.862231966538886,1.0,0,EF1,EST-5,24-AUG-23 19:15:00
1074284,2023-01-03T20:00:00+00:00,32.988,-86.5264,586.1875,12.470378875732422,293.50390625,291.62060546875,99222.0625,40.08869171142578,14.707789306213215,21.161017755858662,1.0,0,EF1,CST-6,03-JAN-23 13:39:00
1074321,2023-01-04T09:00:00+00:00,32.3467,-86.1964,1139.5625,20.687528610229492,292.826904296875,292.1153869628906,100095.375,42.207847595214844,18.555225239187244,20.080155517725125,1.0,0,EF1,CST-6,04-JAN-23 03:00:00
1076607,2023-01-12T17:00:00+00:00,33.033,-87.317,915.0625,1.267228364944458,292.3536682128906,288.7763671875,99780.375,34.98958969116211,18.452654753623804,28.35609559888845,0.0,0,EF0,CST-6,12-JAN-23 10:41:00
1088194,2023-03-27T03:00:00+00:00,32.448,-86.492,1043.6875,97.72976684570312,294.130615234375,292.7677917480469,100361.8125,41.29273986816406,17.262608270874555,17.681951979979207,0.0,0,EF0,CST-6,26-MAR-23 20:39:00
1074354,2023-01-12T16:00:00+00:00,32.842,-87.9158,1286.1875,0.2135472446680069,292.6453857421875,289.6898498535156,100460.6875,36.305503845214844,19.90478615634786,26.90593348942617,1.0,0,EF1,CST-6,12-JAN-23 09:54:00
1075131,2023-01-24T21:00:00+00:00,30.0007,-94.4702,997.9375,23.65643882751465,289.71795654296875,289.2977294921875,100013.375,46.695884704589844,23.733194636540947,34.46905818174052,2.0,1,EF2,CST-6,24-JAN-23 15:27:00
1163743,2023-02-16T20:00:00+00:00,31.4664,-89.7565,482.25,1.8630291223526,295.0108642578125,293.42950439453125,100047.625,41.11543655395508,17.43992512939923,15.689163615664176,0.0,0,EF0,CST-6,16-FEB-23 14:27:00
1105172,2023-02-09T01:00:00+00:00,31.3506,-90.0792,424.5625,0.06243574619293213,293.46527099609375,292.3004150390625,100352.5625,41.5628662109375,16.594558639054014,16.645585096142575,0.0,0,EF0,CST-6,08-FEB-23 19:22:00
1105182,2023-02-09T02:00:00+00:00,31.7806,-89.8657,395.75,0.17192699015140533,293.19110107421875,292.10693359375,100307.8125,41.84762954711914,19.055932454250513,16.35766789113139,0.0,0,EF0,CST-6,08-FEB-23 20:22:00
1086459,2023-04-01T00:00:00+00:00,41.475,-90.0584,279.875,0.40648114681243896,289.123291015625,286.2261962890625,96935.0,26.055374145507812,16.86866530060564,18.627901592417228,2.0,1,EF2,CST-6,31-MAR-23 17:33:00
1086474,2023-03-31T23:00:00+00:00,41.81,-90.65,66.875,4.006484031677246,288.869873046875,286.4521484375,96293.1875,23.49042510986328,18.366937903438068,17.51459855935321,2.0,1,EF2,CST-6,31-MAR-23 16:50:00
1136733,2023-08-03T21:00:00+00:00,34.882,-82.734,996.875,17.453283309936523,295.001220703125,294.99609375,96449.0,53.14704895019531,6.827205536531377,12.784332492424005,0.0,0,EF0,EST-5,03-AUG-23 16:14:00
1127558,2023-08-30T12:00:00+00:00,31.1547,-81.4066,498.75,11.520986557006836,299.219482421875,298.09814453125,100317.6875,70.34712982177734,12.41233209651956,20.260918889578562,1.0,0,EF1,EST-5,30-AUG-23 07:05:00
1105180,2023-02-09T02:00:00+00:00,31.3926,-90.0633,565.625,0.17192699015140533,293.32489013671875,292.17822265625,100385.8125,43.49899673461914,17.81774207122488,18.66981800677926,1.0,0,EF1,CST-6,08-FEB-23 19:30:00
1126200,2023-07-09T03:00:00+00:00,37.4217,-103.2605,961.875,808.34375,291.5009765625,290.287109375,84283.375,34.313629150390625,0.3929250684083571,22.51509652793537,,0,EFU,MST-7,08-JUL-23 19:44:00
1122835,2023-06-16T00:00:00+00:00,41.1406,-82.6025,959.0,34.76823043823242,295.41455078125,287.3935546875,97366.875,34.893218994140625,6.885116423195187,14.118760524738022,1.0,0,EF1,EST-5,15-JUN-23 19:04:00
1099407,2023-06-02T21:00:00+00:00,40.82,-98.04,890.375,460.0625,299.615234375,290.269287109375,95108.375,32.8963737487793,3.1625787739378657,9.822253603724654,,0,EFU,CST-6,02-JUN-23 15:09:00
1086460,2023-04-01T00:00:00+00:00,41.23,-90.02,476.0,0.890856146812439,289.406494140625,286.5123291015625,96786.0,27.040725708007812,16.18574094507206,19.32724446910765,2.0,1,EF2,CST-6,31-MAR-23 17:37:00
1086490,2023-03-31T23:00:00+00:00,41.0011,-91.1708,69.5,11.678359031677246,290.261474609375,286.8349609375,96987.1875,22.56659698486328,19.070499665189132,19.570058554198347,2.0,1,EF2,CST-6,31-MAR-23 16:41:00
1092372,2023-05-26T23:00:00+00:00,34.64,-105.46,1581.9375,187.19744873046875,294.92578125,283.743896484375,80905.5,19.278717041015625,0.15672159700336885,5.578126184913499,,0,EFU,MST-7,26-MAY-23 16:28:00
1125496,2023-08-08T00:00:00+00:00,43.46,-75.51,588.125,17.893918991088867,295.18994140625,293.344482421875,96579.5625,47.501861572265625,12.634577657693457,14.439501926937513,3.0,1,EF3,EST-5,07-AUG-23 18:42:00
1076605,2023-01-12T16:00:00+00:00,32.889,-87.805,1113.125,0.7760472297668457,292.7088623046875,289.4818420410156,100387.6875,35.927574157714844,19.458062238422908,25.411919955908765,2.0,1,EF2,CST-6,12-JAN-23 10:05:00
1076639,2023-01-12T19:00:00+00:00,32.5212,-86.7312,700.875,7.382924556732178,293.14471435546875,289.34478759765625,100026.0625,34.178653717041016,17.963842103019417,23.884540138856043,3.0,1,EF3,CST-6,12-JAN-23 12:40:00
1091669,2023-03-26T12:00:00+00:00,33.0864,-83.2502,994.25,14.66118335723877,294.12896728515625,292.4732666015625,99763.375,41.46892547607422,10.862080280653306,18.247799595791935,1.0,0,EF1,EST-5,26-MAR-23 06:40:00
1123069,2023-06-16T00:00:00+00:00,41.0656,-82.563,959.0,34.76823043823242,295.41455078125,287.3935546875,97366.875,34.893218994140625,6.885116423195187,14.118760524738022,1.0,0,EF1,EST-5,15-JUN-23 19:13:00
1087095,2023-03-31T22:00:00+00:00,41.516,-91.829,56.375,19.531368255615234,290.0673828125,285.95361328125,96281.25,20.305727005004883,18.6892774885663,13.806663089132035,1.0,0,EF1,CST-6,31-MAR-23 15:34:00
1096954,2023-05-06T04:00:00+00:00,40.7321,-99.9006,666.0,292.0566101074219,289.73095703125,285.1640625,91697.5,25.428009033203125,4.842107756154671,20.923249228912375,1.0,0,EF1,CST-6,05-MAY-23 21:54:00
1087101,2023-03-31T22:00:00+00:00,41.81,-91.51,58.375,1.5626174211502075,289.3759765625,285.93017578125,95909.25,22.576234817504883,18.42016460265266,15.956422874486758,2.0,1,EF2,CST-6,31-MAR-23 16:06:00
1074247,2023-01-03T17:00:00+00:00,32.4151,-87.7827,1312.8125,3.203547716140747,295.8477783203125,292.7537841796875,100750.9375,42.37195587158203,19.95851505662703,18.586788955659024,1.0,0,EF1,CST-6,03-JAN-23 11:21:00
1163011,2023-02-09T01:00:00+00:00,30.6625,-92.1568,172.0625,21.234310150146484,293.57952880859375,292.2095947265625,101213.5625,47.6800537109375,14.33570553284535,20.14637917354056,2.0,1,EF2,CST-6,08-FEB-23 18:45:00
1140943,2023-10-12T09:00:00+00:00,29.4674,-81.3391,264.125,2.099360466003418,297.9072265625,296.734375,100250.875,66.14266967773438,18.864546151924795,20.380027050913537,0.0,0,EF0,EST-5,12-OCT-23 03:30:00
1114023,2023-06-14T22:00:00+00:00,31.7995,-84.709,2541.75,675.2033081054688,297.770263671875,294.695068359375,99350.5,51.331321716308594,20.29977855623073,20.038746063281444,1.0,0,EF1,EST-5,14-JUN-23 16:40:00
1091670,2023-03-27T11:00:00+00:00,32.9637,-84.7778,262.9375,0.10534881055355072,293.2205810546875,292.16766357421875,98479.875,43.817176818847656,13.433988696284633,26.88764847445249,1.0,0,EF1,EST-5,27-MAR-23 06:06:00
1120761,2023-07-29T04:00:00+00:00,41.4579,-88.2678,3035.0,41.53132629394531,299.512939453125,296.32421875,99099.5,62.240562438964844,10.60023727824997,12.045860818879438,0.0,0,EF0,CST-6,28-JUL-23 21:53:00
1120840,2023-07-29T04:00:00+00:00,41.3001,-87.8032,2773.125,39.10945129394531,298.740478515625,296.3740234375,98853.5,60.232749938964844,11.741311972620853,9.422652147482074,,0,EFU,CST-6,28-JUL-23 22:22:00
1135989,2023-07-29T04:00:00+00:00,41.4876,-88.2531,3035.0,41.53132629394531,299.512939453125,296.32421875,99099.5,62.240562438964844,10.60023727824997,12.045860818879438,1.0,0,EF1,CST-6,28-JUL-23 21:55:00
1135990,2023-07-29T04:00:00+00:00,41.4589,-88.252,3035.0,41.53132629394531,299.512939453125,296.32421875,99099.5,62.240562438964844,10.60023727824997,12.045860818879438,0.0,0,EF0,CST-6,28-JUL-23 21:54:00
1127245,2023-07-26T02:00:00+00:00,44.26,-98.81,2944.75,507.96905517578125,305.175537109375,294.519775390625,94967.5625,42.06291198730469,6.061053166594984,12.316943347622349,0.0,0,EF0,CST-6,25-JUL-23 19:55:00
1093274,2023-06-05T23:00:00+00:00,35.5943,-103.0849,34.0,,293.62890625,285.395751953125,87767.8125,27.404767990112305,0.03193648251304187,2.1309034809377305,,0,EFU,MST-7,05-JUN-23 16:25:00
1126616,2023-07-12T23:00:00+00:00,41.7511,-87.9155,1845.0,1.4376201629638672,298.21484375,294.361083984375,98196.25,44.78730010986328,14.161400648086525,21.807640519527833,1.0,0,EF1,CST-6,12-JUL-23 17:10:00
1094636,2023-04-22T01:00:00+00:00,33.709,-87.719,326.4375,4.109383583068848,293.4267578125,288.1044921875,99334.75,33.29712677001953,11.927966159765644,17.707970296285332,0.0,0,EF0,CST-6,21-APR-23 18:34:00
1108468,2023-07-28T23:00:00+00:00,42.6152,-93.4096,3932.625,269.7550048828125,304.289306640625,298.341796875,97187.8125,56.69704055786133,5.873660649224243,10.134738112684406,1.0,0,EF1,CST-6,28-JUL-23 16:46:00
1098736,2023-06-24T02:00:00+00:00,41.82,-103.63,1780.5,174.78131103515625,296.409912109375,288.90399169921875,86321.9375,21.110191345214844,0.7498517094776934,16.82965378762918,2.0,1,EF2,MST-7,23-JUN-23 18:38:00
1121873,2023-07-29T05:00:00+00:00,40.9442,-87.4886,4025.75,27.031400680541992,299.4951171875,296.501220703125,98887.25,61.3277587890625,13.201729542171947,9.067507842043941,0.0,0,EF0,CST-6,28-JUL-23 22:49:00
1121874,2023-07-29T05:00:00+00:00,40.9294,-87.4194,4025.75,27.031400680541992,299.4951171875,296.501220703125,98887.25,61.3277587890625,13.201729542171947,9.067507842043941,0.0,0,EF0,CST-6,28-JUL-23 22:54:00
1135156,2023-08-10T05:00:00+00:00,38.4464,-83.6408,178.125,,294.140625,293.346435546875,97845.6875,46.67228317260742,8.930591466204886,12.467492937604556,0.0,0,EF0,EST-5,09-AUG-23 23:44:00
1140978,2023-09-23T22:00:00+00:00,44.527,-96.626,179.625,77.17189025878906,291.037109375,289.73095703125,94513.125,29.721351623535156,7.953139625554083,13.887716440096042,,0,EFU,CST-6,23-SEP-23 15:50:00
1076650,2023-01-12T19:00:00+00:00,32.754,-86.254,616.3125,16.070425033569336,294.17401123046875,288.99810791015625,99359.0625,33.166934967041016,17.86390962460751,22.977302711713573,3.0,1,EF3,CST-6,12-JAN-23 13:15:00
1108469,2023-07-28T23:00:00+00:00,42.6067,-93.349,4181.625,223.64561462402344,304.149658203125,298.2890625,97232.8125,58.26539993286133,6.312914953680036,10.147205367189981,1.0,0,EF1,CST-6,28-JUL-23 16:55:00
1120847,2023-07-29T04:00:00+00:00,41.1559,-87.9455,3379.625,39.76570129394531,301.752197265625,297.06640625,99024.5,60.402671813964844,11.76141407939292,10.636493989175541,0.0,0,EF0,CST-6,28-JUL-23 22:19:00
1126615,2023-07-12T23:00:00+00:00,41.7474,-87.9281,1845.0,1.4376201629638672,298.21484375,294.361083984375,98196.25,44.78730010986328,14.161400648086525,21.807640519527833,1.0,0,EF1,CST-6,12-JUL-23 17:09:00
1120753,2023-07-29T04:00:00+00:00,41.641,-88.6109,2291.5,69.90632629394531,297.238525390625,295.2587890625,98824.5,59.599937438964844,10.324410588457706,13.997967275939251,0.0,0,EF0,CST-6,28-JUL-23 21:32:00
1122752,2023-08-15T00:00:00+00:00,39.4457,-84.4612,812.125,39.546993255615234,296.95751953125,294.615478515625,98059.375,47.945430755615234,6.873139617185942,13.533530920528941,0.0,0,EF0,EST-5,14-AUG-23 18:50:00
1114347,2023-06-24T22:00:00+00:00,47.55,-96.64,331.375,,293.637451171875,291.3572998046875,97103.8125,32.824642181396484,11.367609069769815,16.32739665824291,,0,EFU,CST-6,24-JUN-23 15:44:00
1114341,2023-06-24T22:00:00+00:00,47.58,-96.61,287.125,27.114795684814453,293.543701171875,291.3543701171875,96875.8125,32.307064056396484,11.153208883058829,17.196190145527783,,0,EFU,CST-6,24-JUN-23 15:49:00
1128857,2023-07-18T23:00:00+00:00,37.5782,-85.1807,2253.125,105.03154754638672,299.32470703125,296.38818359375,98571.375,54.089027404785156,4.236272577005003,9.94000737505829,0.0,0,EF0,EST-5,18-JUL-23 17:54:00
1108464,2023-07-12T12:00:00+00:00,41.4798,-95.1291,201.75,494.3908386230469,294.0029296875,291.2607421875,96572.75,36.74769973754883,12.463429627122407,18.997625786705044,0.0,0,EF0,CST-6,12-JUL-23 05:38:00
1108467,2023-07-12T12:00:00+00:00,41.4505,-95.0915,185.75,465.8127136230469,294.220703125,291.22265625,96463.75,37.09144973754883,11.936616999736971,18.969817255611826,0.0,0,EF0,CST-6,12-JUL-23 05:39:00
1120758,2023-07-29T04:00:00+00:00,41.4781,-88.4201,2881.375,72.39070129394531,300.194580078125,296.4599609375,99094.5,61.517906188964844,9.708905184188595,12.979487672242273,0.0,0,EF0,CST-6,28-JUL-23 21:44:00
1112069,2023-06-12T03:00:00+00:00,33.8572,-89.0784,1543.0,21.592567443847656,295.173828125,294.10205078125,99603.75,44.02037048339844,10.170602223565515,12.583208353406999,1.0,0,EF1,CST-6,11-JUN-23 20:34:00
1140977,2023-09-23T21:00:00+00:00,44.451,-96.814,454.75,15.750114440917969,293.077880859375,290.1708984375,94412.375,39.9262809753418,6.393429049015259,15.976320495028098,,0,EFU,CST-6,23-SEP-23 15:04:00
1120762,2023-07-29T04:00:00+00:00,41.6422,-88.6023,2291.5,69.90632629394531,297.238525390625,295.2587890625,98824.5,59.599937438964844,10.324410588457706,13.997967275939251,0.0,0,EF0,CST-6,28-JUL-23 21:33:00
1145339,2023-09-26T01:00:00+00:00,29.0,-96.65,1357.0,96.50012969970703,303.89794921875,294.8173828125,101226.25,55.87759780883789,2.9240950211912224,5.538799839184911,0.0,0,EF0,CST-6,25-SEP-23 19:01:00
1121602,2023-07-11T00:00:00+00:00,39.045,-101.8811,2615.5,419.9936218261719,304.569091796875,292.8984375,87913.625,33.395118713378906,0.33433158013453346,6.9040185159137275,,0,EFU,MST-7,10-JUL-23 16:40:00
1126632,2023-07-02T20:00:00+00:00,38.012,-85.001,2951.375,97.96395874023438,302.236328125,294.829833984375,98087.0625,42.42371368408203,5.908525104493284,15.936566119050285,1.0,0,EF1,EST-5,02-JUL-23 14:55:00
1126648,2023-07-13T00:00:00+00:00,41.9935,-87.941,802.0,69.55191802978516,296.2080078125,294.107666015625,98055.0,38.397850036621094,11.185673035702738,14.342266150642507,0.0,0,EF0,CST-6,12-JUL-23 17:59:00
1118184,2023-07-09T21:00:00+00:00,39.5035,-75.6689,1501.3125,33.34382629394531,298.294189453125,294.533447265625,100607.3125,53.81291580200195,4.584363055019096,7.009312009012867,1.0,0,EF1,EST-5,09-JUL-23 15:49:00
1098647,2023-06-24T00:00:00+00:00,41.7728,-104.4151,1282.625,109.34049224853516,295.870361328125,288.139404296875,83803.375,23.68647003173828,0.16497688154632154,9.084135989535465,,0,EFU,MST-7,23-JUN-23 17:03:00
1118968,2023-07-19T20:00:00+00:00,47.67,-94.64,492.125,251.2969207763672,297.32421875,288.563232421875,96376.5,29.10804557800293,4.413708164632379,11.741943151931284,,0,EFU,CST-6,19-JUL-23 13:30:00
1128944,2023-07-19T17:00:00+00:00,36.0359,-77.7567,1728.5,159.4219207763672,302.1533203125,297.852783203125,101215.0,54.18073272705078,4.91894081696052,13.792457115404208,3.0,1,EF3,EST-5,19-JUL-23 11:42:00
1114351,2023-06-16T00:00:00+00:00,36.064,-100.0,1746.0,458.2682189941406,291.88037109375,289.044921875,92208.875,27.626617431640625,3.6126386536220525,22.467352204869123,1.0,0,EF1,CST-6,15-JUN-23 17:31:00
1126634,2023-07-03T00:00:00+00:00,37.3809,-84.9794,2874.875,35.43764114379883,297.6689453125,294.2265625,97608.1875,51.55234146118164,9.677904076145069,19.25153696206673,1.0,0,EF1,EST-5,02-JUL-23 18:55:00
1140976,2023-09-23T21:00:00+00:00,44.417,-96.843,454.75,15.750114440917969,293.077880859375,290.1708984375,94412.375,39.9262809753418,6.393429049015259,15.976320495028098,,0,EFU,CST-6,23-SEP-23 14:54:00
1146111,2023-12-09T18:00:00+00:00,36.183,-88.908,521.375,23.035831451416016,290.9193115234375,288.99163818359375,99867.75,27.139629364013672,14.270054358930821,23.07045193429,1.0,0,EF1,CST-6,09-DEC-23 11:44:00
1093276,2023-06-06T00:00:00+00:00,35.1624,-106.7662,0.125,,299.330810546875,276.018798828125,82908.5,15.549367904663086,0.1662226004066396,3.5459386542636784,,0,EFU,MST-7,05-JUN-23 17:00:00
1098735,2023-06-24T01:00:00+00:00,41.85,-103.85,1785.25,134.9967803955078,299.092041015625,288.79449462890625,86422.5,31.77920150756836,0.24417959461221084,14.37157195242341,,0,EFU,MST-7,23-JUN-23 18:22:00
1098649,2023-06-24T00:00:00+00:00,41.7762,-104.2608,1678.75,169.5123748779297,297.948486328125,288.591552734375,84653.375,28.45795440673828,0.6850771545019065,8.45709422171507,2.0,1,EF2,MST-7,23-JUN-23 17:21:00
1129839,2023-08-05T20:00:00+00:00,42.993,-96.21,1038.25,36.26810836791992,298.65478515625,294.486572265625,96514.0,47.26185607910156,6.117709244966386,7.570465733257282,0.0,0,EF0,CST-6,05-AUG-23 13:30:00
1120759,2023-07-29T04:00:00+00:00,41.481,-88.2825,3035.0,41.53132629394531,299.512939453125,296.32421875,99099.5,62.240562438964844,10.60023727824997,12.045860818879438,1.0,0,EF1,CST-6,28-JUL-23 21:52:00
1098733,2023-06-24T01:00:00+00:00,41.821,-103.938,1588.25,97.32490539550781,296.839111328125,289.49176025390625,86564.5,26.50576400756836,0.5995497409312652,14.845469816265968,,0,EFU,MST-7,23-JUN-23 18:04:00
1146024,2023-08-05T04:00:00+00:00,40.2408,-92.1957,1233.75,0.6875463128089905,296.94873046875,295.92431640625,98244.375,59.66619110107422,9.407229205210289,8.584491630748468,2.0,1,EF2,CST-6,04-AUG-23 22:13:00
1114345,2023-06-24T21:00:00+00:00,47.41,-96.6,823.125,45.23457336425781,294.588134765625,292.0615234375,96936.0,36.23187255859375,11.248795258967656,13.86467168238696,0.0,0,EF0,CST-6,24-JUN-23 15:12:00
1098981,2023-06-27T01:00:00+00:00,41.411,-104.339,284.5,525.375,299.693359375,285.17437744140625,83572.8125,17.294662475585938,0.1320992330635829,5.3683260995054525,1.0,0,EF1,MST-7,26-JUN-23 17:42:00
1098986,2023-06-27T01:00:00+00:00,41.365,-104.28,284.5,525.375,299.693359375,285.17437744140625,83572.8125,17.294662475585938,0.1320992330635829,5.3683260995054525,1.0,0,EF1,MST-7,26-JUN-23 17:52:00
1098682,2023-06-22T23:00:00+00:00,41.653,-104.8794,760.0,40.64070510864258,290.123779296875,286.75927734375,81760.3125,22.78655242919922,0.4101447252279086,4.461324852178033,,0,EFU,MST-7,22-JUN-23 15:42:00
1120766,2023-07-29T04:00:00+00:00,41.3636,-88.1732,3035.0,41.53132629394531,299.512939453125,296.32421875,99099.5,62.240562438964844,10.60023727824997,12.045860818879438,0.0,0,EF0,CST-6,28-JUL-23 21:59:00
1126633,2023-07-13T00:00:00+00:00,42.0119,-88.2632,926.25,96.44254302978516,295.787109375,294.081298828125,97875.0,36.856834411621094,9.548507157600651,13.861247081797966,1.0,0,EF1,CST-6,12-JUL-23 17:32:00
1101444,2023-07-16T22:00:00+00:00,38.8,-98.66,157.125,784.75,305.762451171875,291.537109375,94931.5,32.10240173339844,1.93132371092697,15.756968820830044,0.0,0,EF0,CST-6,16-JUL-23 16:10:00
1115214,2023-06-08T01:00:00+00:00,45.9378,-97.0886,38.125,458.09381103515625,298.9189453125,290.13623046875,96780.0625,38.672340393066406,3.640289514928834,12.58969866509123,,0,EFU,CST-6,07-JUN-23 18:44:00
1139524,2023-09-23T21:00:00+00:00,45.08,-96.11,322.5,10.296989440917969,295.130615234375,290.4033203125,96917.375,40.9770622253418,11.670478186086518,13.590367197807895,,0,EFU,CST-6,23-SEP-23 15:14:00
1086264,2023-03-25T05:00:00+00:00,35.2258,-86.1708,281.125,20.062503814697266,291.4140625,288.3324890136719,96470.5625,37.67296600341797,21.042144838845534,39.97637060515229,1.0,0,EF1,CST-6,24-MAR-23 23:24:00
1120751,2023-07-29T03:00:00+00:00,41.571,-88.741,2921.5,150.512451171875,299.747802734375,297.06591796875,98704.0625,61.03002166748047,7.006785095007915,12.799873507535874,,0,EFU,CST-6,28-JUL-23 21:25:00
1125472,2023-08-06T01:00:00+00:00,41.71,-96.71,2730.75,270.1251220703125,300.212890625,294.727783203125,96061.1875,42.04302978515625,7.216234065260492,12.043683118201734,,0,EFU,CST-6,05-AUG-23 18:53:00
1098645,2023-06-23T23:00:00+00:00,41.7745,-104.7474,2260.75,107.2184066772461,296.138916015625,287.8447570800781,82892.625,24.809099197387695,0.11000887585094325,2.931212113361449,,0,EFU,MST-7,23-JUN-23 16:11:00
1098646,2023-06-23T23:00:00+00:00,41.794,-104.646,2260.75,107.2184066772461,296.138916015625,287.8447570800781,82892.625,24.809099197387695,0.11000887585094325,2.931212113361449,,0,EFU,MST-7,23-JUN-23 16:29:00
1117365,2023-07-14T19:00:00+00:00,43.35,-82.601,970.0,50.968788146972656,296.15576171875,291.17333984375,98817.25,36.339500427246094,5.413903204643884,14.115230866095468,0.0,0,EF0,EST-5,14-JUL-23 14:24:00
1098741,2023-06-24T02:00:00+00:00,41.82,-103.54,1630.125,60.21881103515625,298.015380859375,288.61492919921875,86503.9375,24.362144470214844,0.794993034786141,17.001600827739743,,0,EFU,MST-7,23-JUN-23 19:05:00
1140897,2023-09-30T01:00:00+00:00,45.1051,-93.8302,734.375,40.78157043457031,295.72314453125,291.458984375,97940.0625,42.37059020996094,10.73447628896869,18.19736486449397,0.0,0,EF0,CST-6,29-SEP-23 18:48:00
1140975,2023-09-23T21:00:00+00:00,44.492,-96.799,454.75,15.750114440917969,293.077880859375,290.1708984375,94412.375,39.9262809753418,6.393429049015259,15.976320495028098,,0,EFU,CST-6,23-SEP-23 15:16:00
1140979,2023-09-23T21:00:00+00:00,43.842,-96.015,280.875,2.1094894409179688,294.231201171875,291.2421875,94715.375,34.1479606628418,10.58738795091325,12.465147394473371,,0,EFU,CST-6,23-SEP-23 14:56:00
1123525,2023-08-01T00:00:00+00:00,40.86,-104.82,3250.5,211.4376983642578,301.1953125,286.6904296875,83052.6875,33.14032745361328,0.12955863582219976,2.470808259801884,,0,EFU,MST-7,31-JUL-23 16:46:00
1120844,2023-07-29T05:00:00+00:00,41.1551,-87.7224,3547.125,45.265777587890625,297.6025390625,296.319580078125,98958.25,61.5162353515625,11.79178657981533,11.769829241839314,1.0,0,EF1,CST-6,28-JUL-23 22:30:00
1117005,2023-08-05T22:00:00+00:00,37.6556,-89.4677,1371.75,518.5938720703125,303.370849609375,296.95458984375,99402.3125,47.790977478027344,7.7068692841223445,12.469545675066026,0.0,0,EF0,CST-6,05-AUG-23 16:15:00
1146025,2023-08-05T07:00:00+00:00,40.1099,-91.3759,944.5,1.0625214576721191,297.206787109375,295.25048828125,98869.0,61.211875915527344,11.649758677297283,8.999258957460256,1.0,0,EF1,CST-6,05-AUG-23 01:24:00
1098967,2023-06-24T02:00:00+00:00,41.81,-103.62,1630.125,60.21881103515625,298.015380859375,288.61492919921875,86503.9375,24.362144470214844,0.794993034786141,17.001600827739743,1.0,0,EF1,MST-7,23-JUN-23 18:44:00
1098728,2023-06-24T01:00:00+00:00,41.78,-104.14,1429.75,149.5749053955078,295.897705078125,288.64312744140625,84596.5,20.05849838256836,0.5961592912660177,13.382367602316062,1.0,0,EF1,MST-7,23-JUN-23 17:44:00
1124843,2023-08-06T02:00:00+00:00,42.0859,-94.9636,1131.625,17.859413146972656,296.476806640625,293.98223876953125,96620.6875,46.225830078125,5.9528529824835275,8.714744258003527,,0,EFU,CST-6,05-AUG-23 20:24:00
1124845,2023-08-06T02:00:00+00:00,42.2139,-94.8951,1131.625,17.859413146972656,296.476806640625,293.98223876953125,96620.6875,46.225830078125,5.9528529824835275,8.714744258003527,0.0,0,EF0,CST-6,05-AUG-23 20:29:00
1135838,2023-08-11T01:00:00+00:00,44.45,-97.362,1211.5,109.4487533569336,295.484130859375,293.212890625,94440.5625,38.06894302368164,6.817445638203221,11.204791369042859,,0,EFU,CST-6,10-AUG-23 19:10:00
1135837,2023-08-11T01:00:00+00:00,44.473,-97.6,1298.0,151.26126098632812,295.467529296875,293.541015625,94404.5625,35.13339614868164,6.56353785343584,14.732887466173498,,0,EFU,CST-6,10-AUG-23 18:41:00
1099008,2023-06-27T02:00:00+00:00,41.2,-103.66,762.625,718.2344970703125,299.289794921875,285.38433837890625,84600.75,20.62957000732422,0.6722219857625276,9.635591777978528,,0,EFU,MST-7,26-JUN-23 19:29:00
1094898,2023-04-20T00:00:00+00:00,35.073,-97.698,1183.375,797.6094970703125,297.49072265625,289.5924072265625,96035.625,31.49911117553711,14.152451092108167,21.417739589518494,1.0,0,EF1,CST-6,19-APR-23 18:20:00
1124847,2023-08-06T03:00:00+00:00,42.2235,-94.9021,1285.0,37.469085693359375,293.6650390625,292.653076171875,96625.1875,46.094947814941406,5.489989060798346,8.892209874551053,,0,EFU,CST-6,05-AUG-23 20:30:00
1135878,2023-08-14T00:00:00+00:00,43.818,-95.505,122.25,86.37507629394531,293.451171875,290.244384765625,95959.5,37.68438720703125,7.075569989476471,7.731186187988654,0.0,0,EF0,CST-6,13-AUG-23 18:14:00
1098740,2023-06-24T02:00:00+00:00,41.81,-103.59,1630.125,60.21881103515625,298.015380859375,288.61492919921875,86503.9375,24.362144470214844,0.794993034786141,17.001600827739743,,0,EFU,MST-7,23-JUN-23 18:50:00
1126617,2023-07-12T23:00:00+00:00,42.0112,-88.4476,1204.5,3.796995162963867,295.8095703125,294.119873046875,97709.25,41.28339385986328,11.042587533355826,16.07087040411907,1.0,0,EF1,CST-6,12-JUL-23 17:16:00
1145212,2023-08-12T09:00:00+00:00,39.1014,-91.5007,3489.375,146.7560577392578,296.807373046875,294.771484375,98368.3125,49.69746398925781,9.369932196705458,10.386400065849944,0.0,0,EF0,CST-6,12-AUG-23 02:34:00
1098963,2023-06-24T04:00:00+00:00,41.81,-102.85,912.125,81.24112701416016,289.32763671875,287.42901611328125,87351.1875,23.47348403930664,0.5694934489258853,20.24372731960694,,0,EFU,MST-7,23-JUN-23 20:51:00
1120755,2023-07-29T04:00:00+00:00,41.4899,-88.5709,2881.375,72.39070129394531,300.194580078125,296.4599609375,99094.5,61.517906188964844,9.708905184188595,12.979487672242273,0.0,0,EF0,CST-6,28-JUL-23 21:35:00
1135984,2023-07-13T00:00:00+00:00,42.0078,-87.9041,802.0,69.55191802978516,296.2080078125,294.107666015625,98055.0,38.397850036621094,11.185673035702738,14.342266150642507,0.0,0,EF0,CST-6,12-JUL-23 18:02:00
1135896,2023-08-05T20:00:00+00:00,43.047,-96.209,1038.25,36.26810836791992,298.65478515625,294.486572265625,96514.0,47.26185607910156,6.117709244966386,7.570465733257282,,0,EFU,CST-6,05-AUG-23 13:42:00
1126649,2023-07-13T00:00:00+00:00,42.1867,-88.0123,475.5,33.17692184448242,294.4501953125,293.386962890625,97965.0,39.241600036621094,9.286658156474097,11.525457028889704,0.0,0,EF0,CST-6,12-JUL-23 17:52:00
1119010,2023-08-07T05:00:00+00:00,38.5429,-86.6233,2237.125,66.26490020751953,295.7412109375,294.728759765625,98451.625,50.26507568359375,15.613130471885386,14.979218681140996,1.0,0,EF1,EST-5,06-AUG-23 23:45:00
1132896,2023-08-02T02:00:00+00:00,47.1501,-100.8097,1781.25,533.2232055664062,300.00048828125,292.9372253417969,94641.0625,42.34880065917969,4.269160854354607,5.7921480394112725,,0,EFU,CST-6,01-AUG-23 20:04:00
1121344,2023-08-12T21:00:00+00:00,41.02,-76.18,71.375,97.7794418334961,301.72509765625,292.20068359375,96974.3125,31.149572372436523,4.172710426902886,13.756821341464853,1.0,0,EF1,EST-5,12-AUG-23 15:32:00
1119015,2023-08-07T05:00:00+00:00,38.5636,-86.4807,2243.25,58.93677520751953,295.1416015625,294.497314453125,98397.625,51.45648193359375,15.566143867300944,14.883769371189475,1.0,0,EF1,EST-5,06-AUG-23 23:53:00
1125089,2023-08-25T01:00:00+00:00,42.6535,-84.3131,2667.25,174.75003051757812,299.542236328125,297.32568359375,97643.4375,40.57801818847656,12.482438236357925,21.55236683753994,2.0,1,EF2,EST-5,24-AUG-23 20:29:00
1120687,2023-08-30T19:00:00+00:00,33.9047,-79.983,466.5,55.92189025878906,299.228759765625,297.66357421875,100104.5625,64.91584777832031,7.478157589837067,16.97273923462103,1.0,0,EF1,EST-5,30-AUG-23 13:57:00
1119016,2023-08-07T05:00:00+00:00,38.5345,-86.4598,2237.125,66.26490020751953,295.7412109375,294.728759765625,98451.625,50.26507568359375,15.613130471885386,14.979218681140996,0.0,0,EF0,EST-5,06-AUG-23 23:53:00
1119017,2023-08-07T05:00:00+00:00,38.5577,-86.4863,2243.25,58.93677520751953,295.1416015625,294.497314453125,98397.625,51.45648193359375,15.566143867300944,14.883769371189475,1.0,0,EF1,EST-5,06-AUG-23 23:53:00
1129596,2023-08-06T23:00:00+00:00,40.5776,-91.0899,541.75,15.812623977661133,295.875732421875,294.507568359375,98396.6875,47.18251419067383,7.135978348775902,9.479435471496833,,0,EFU,CST-6,06-AUG-23 16:40:00
1120767,2023-07-29T04:00:00+00:00,41.3567,-88.0373,2960.625,41.17195129394531,299.218994140625,296.44140625,99010.5,61.735679626464844,11.36327378207887,10.5946866267799,0.0,0,EF0,CST-6,28-JUL-23 22:07:00
1088195,2023-03-27T03:00:00+00:00,32.711,-85.969,939.9375,24.432893753051758,292.510498046875,291.3957214355469,99603.8125,39.98707580566406,17.92301206174601,18.98984007318209,1.0,0,EF1,CST-6,26-MAR-23 21:22:00
1086262,2023-03-25T05:00:00+00:00,34.4016,-87.1348,407.625,18.890628814697266,293.4892578125,290.2465515136719,97798.5625,43.01280975341797,21.786356236534633,29.468040655042063,0.0,0,EF0,CST-6,24-MAR-23 23:23:00
1119018,2023-08-07T05:00:00+00:00,38.5957,-86.1412,1854.5,52.43677520751953,295.376953125,294.439697265625,98278.625,50.31976318359375,15.796708032884958,15.039188484434906,1.0,0,EF1,EST-5,07-AUG-23 00:13:00
1088193,2023-03-27T02:00:00+00:00,32.182,-87.595,1199.0625,85.60942077636719,295.3271484375,293.255859375,100592.125,44.68174743652344,14.994246379059035,16.30470962287992,2.0,1,EF2,CST-6,26-MAR-23 19:33:00
1133252,2023-08-22T16:00:00+00:00,28.25,-98.1,798.75,5.750695705413818,300.15087890625,297.97900390625,100370.5625,68.87627410888672,16.02917492480423,21.486742747617722,0.0,0,EF0,CST-6,22-AUG-23 10:05:00
1144964,2023-07-29T09:00:00+00:00,40.8036,-82.9023,2078.875,127.48444366455078,294.807373046875,293.23291015625,98059.6875,54.237728118896484,16.94252502512904,18.27468234406142,1.0,0,EF1,EST-5,29-JUL-23 03:58:00
1129586,2023-08-14T18:00:00+00:00,42.3382,-90.9879,214.875,142.29689025878906,294.041015625,290.864501953125,97697.4375,24.42081642150879,1.712669886349636,5.816953133312934,,0,EFU,CST-6,14-AUG-23 12:25:00
1136920,2023-08-15T05:00:00+00:00,36.233,-81.955,1401.0,62.98044204711914,294.04296875,291.924072265625,90839.0625,41.06059265136719,1.233869890736811,15.822583677249938,1.0,0,EF1,EST-5,14-AUG-23 23:56:00
1119758,2023-08-07T22:00:00+00:00,41.9795,-75.5018,1236.5,156.05368041992188,297.083984375,293.498291015625,95277.875,43.33134460449219,11.497662806252567,15.547845633103895,1.0,0,EF1,EST-5,07-AUG-23 17:25:00
1086261,2023-03-25T05:00:00+00:00,34.34,-87.473,466.125,6.515629291534424,293.1162109375,290.6235046386719,97708.5625,42.15538787841797,22.118929143706833,26.637306148617768,1.0,0,EF1,CST-6,24-MAR-23 23:00:00
1134006,2023-08-25T07:00:00+00:00,39.9574,-79.4664,1476.625,261.7657775878906,293.3818359375,290.23388671875,95209.9375,41.631927490234375,8.15046830313608,14.008097942973965,2.0,1,EF2,EST-5,25-AUG-23 01:34:00
1134741,2023-08-07T23:00:00+00:00,40.63,-75.4246,1076.25,1.5469536781311035,295.1572265625,294.247314453125,98385.625,49.62870788574219,13.784911057377636,14.642508396647377,1.0,0,EF1,EST-5,07-AUG-23 18:21:00
1134765,2023-08-08T00:00:00+00:00,40.5748,-75.1567,998.625,6.018919467926025,294.14599609375,293.461669921875,98761.5625,46.017486572265625,13.34637290633563,16.612154768248942,0.0,0,EF0,EST-5,07-AUG-23 18:37:00
1117895,2023-08-07T21:00:00+00:00,39.7225,-76.8603,2090.125,72.52172088623047,302.76416015625,294.37030029296875,98396.875,44.1031608581543,9.004570829044109,15.834163071117686,1.0,0,EF1,EST-5,07-AUG-23 16:02:00
1117893,2023-08-07T21:00:00+00:00,39.8181,-76.554,2240.625,130.771728515625,302.53076171875,294.79803466796875,98793.875,45.4439811706543,10.225749746068246,15.793794977442328,1.0,0,EF1,EST-5,07-AUG-23 16:24:00
1134007,2023-08-25T06:00:00+00:00,40.0132,-79.6077,1459.5,42.031253814697266,294.220947265625,289.51806640625,95283.9375,42.5354118347168,7.928752447696904,9.228635615899332,1.0,0,EF1,EST-5,25-AUG-23 01:28:00
1134349,2023-08-05T20:00:00+00:00,39.07,-104.67,1338.625,38.95560836791992,294.94580078125,286.758056640625,79505.0,22.463027954101562,0.19793559643880232,0.954533995346671,,0,EFU,MST-7,05-AUG-23 12:40:00
1135080,2023-08-10T18:00:00+00:00,39.7777,-75.2698,567.25,78.89136505126953,297.338134765625,294.929931640625,100216.0625,50.99571228027344,9.061673658419702,17.057195861971444,1.0,0,EF1,EST-5,10-AUG-23 13:08:00
1135081,2023-08-10T19:00:00+00:00,39.9736,-74.5263,773.625,14.331705093383789,297.87548828125,295.005615234375,100115.375,51.41426086425781,10.696811479696954,15.069052482720078,1.0,0,EF1,EST-5,10-AUG-23 14:08:00
1136773,2023-08-07T21:00:00+00:00,35.587,-80.75,2600.375,210.990478515625,300.92041015625,297.13104248046875,98273.875,53.5787467956543,8.059571317411157,18.555411913035282,1.0,0,EF1,EST-5,07-AUG-23 16:07:00
1145399,2023-11-21T23:00:00+00:00,31.1177,-85.7616,903.71875,0.9847308993339539,294.450439453125,293.465087890625,100298.3125,36.46405029296875,12.814697989184852,11.026084050456019,1.0,0,EF1,CST-6,21-NOV-23 17:04:00
1133999,2023-08-13T00:00:00+00:00,40.1,-80.37,1344.25,125.76763153076172,298.1982421875,294.667724609375,97020.25,47.78639602661133,12.127892896439187,18.245052879308787,1.0,0,EF1,EST-5,12-AUG-23 19:08:00
1133257,2023-08-22T17:00:00+00:00,28.0055,-97.9344,629.375,0.3844395875930786,299.34423828125,297.93994140625,100305.4375,70.6116943359375,14.518062597441935,17.589353025066945,0.0,0,EF0,CST-6,22-AUG-23 10:57:00
1132507,2023-08-13T01:00:00+00:00,41.51,-73.33,1426.25,112.26344299316406,296.828125,294.1796875,99425.625,42.36936950683594,11.062662061682675,7.944714452223849,0.0,0,EF0,EST-5,12-AUG-23 20:00:00
1119690,2023-08-13T01:00:00+00:00,40.5516,-78.8199,439.125,25.99781608581543,295.435546875,292.25537109375,95078.625,42.44651794433594,7.837654901866054,14.239825998879828,1.0,0,EF1,EST-5,12-AUG-23 19:49:00
1119691,2023-08-13T01:00:00+00:00,40.5317,-78.7583,364.625,57.52906799316406,296.9912109375,292.28662109375,94758.625,42.96507263183594,6.6128162629734835,15.797390008412536,0.0,0,EF0,EST-5,12-AUG-23 19:55:00
1131418,2023-08-30T23:00:00+00:00,33.9601,-78.0811,308.375,19.093990325927734,299.55908203125,297.978271484375,100264.4375,74.23163604736328,7.021794388858213,14.438753598078762,0.0,0,EF0,EST-5,30-AUG-23 17:45:00
1131419,2023-08-30T23:00:00+00:00,34.1408,-77.9647,182.75,18.406490325927734,298.59130859375,297.439208984375,100276.4375,72.86444854736328,7.880217660911398,15.009230519544701,1.0,0,EF1,EST-5,30-AUG-23 18:25:00
1131421,2023-08-31T00:00:00+00:00,34.0891,-77.8835,316.625,11.439010620117188,298.885009765625,297.59130859375,100198.0,73.5751724243164,10.40605269258127,15.963541231809614,1.0,0,EF1,EST-5,30-AUG-23 18:31:00
1131423,2023-08-30T22:00:00+00:00,33.9432,-78.0771,441.375,2.953314781188965,299.445068359375,297.861083984375,100349.9375,72.20992279052734,5.287747877812065,13.00979812107887,0.0,0,EF0,EST-5,30-AUG-23 17:14:00
1119763,2023-08-07T21:00:00+00:00,42.4437,-76.2688,853.0,59.72484588623047,298.29443359375,294.56268310546875,95596.875,41.7135124206543,10.397295292070108,18.489511082877097,0.0,0,EF0,EST-5,07-AUG-23 16:13:00
1121353,2023-08-07T21:00:00+00:00,42.462,-76.2568,853.0,59.72484588623047,298.29443359375,294.56268310546875,95596.875,41.7135124206543,10.397295292070108,18.489511082877097,1.0,0,EF1,EST-5,07-AUG-23 16:17:00
1124333,2023-08-12T22:00:00+00:00,41.97,-75.18,1825.5,71.03549194335938,297.46923828125,293.332275390625,95559.4375,34.20802307128906,6.982544940399396,14.346387566681335,0.0,0,EF0,EST-5,12-AUG-23 17:05:00
1131436,2023-08-31T02:00:00+00:00,33.8369,-78.611,1370.125,15.193523406982422,299.744384765625,298.24395751953125,99828.0,71.57815551757812,13.721640271232431,18.16748321262359,0.0,0,EF0,EST-5,30-AUG-23 21:12:00
1115215,2023-06-15T23:00:00+00:00,34.353,-97.774,2892.5,152.0313262939453,303.819091796875,295.00634765625,96680.0,45.95679473876953,7.3727323524780015,14.822425121374184,1.0,0,EF1,CST-6,15-JUN-23 17:03:00
1088945,2023-05-23T23:00:00+00:00,34.347,-103.059,967.75,,301.204345703125,278.8095703125,87290.0,23.454593658447266,0.17243763282506575,15.438434962072314,,0,EFU,MST-7,23-MAY-23 15:57:00
1119754,2023-08-07T22:00:00+00:00,41.9992,-75.4959,1236.5,156.05368041992188,297.083984375,293.498291015625,95277.875,43.33134460449219,11.497662806252567,15.547845633103895,1.0,0,EF1,EST-5,07-AUG-23 17:29:00
1112176,2023-08-03T18:00:00+00:00,35.8367,-84.3675,452.625,12.684893608093262,294.778076171875,294.727294921875,97407.9375,57.486488342285156,10.410784338105067,12.511915547900037,1.0,0,EF1,EST-5,03-AUG-23 13:21:00
1134000,2023-08-13T00:00:00+00:00,40.11,-80.94,1711.375,18.752002716064453,296.12158203125,294.289794921875,97084.25,47.38502883911133,13.48181433438726,15.225241334428755,1.0,0,EF1,EST-5,12-AUG-23 19:13:00
1131453,2023-08-24T20:00:00+00:00,47.96,-100.82,1915.25,260.4845275878906,301.410888671875,293.375244140625,95165.375,33.16677474975586,0.8766039484796956,11.621290265340974,,0,EFU,CST-6,24-AUG-23 13:38:00
1109585,2023-08-12T17:00:00+00:00,40.64,-83.61,1668.75,228.27552795410156,302.151611328125,295.086181640625,97566.4375,36.95756149291992,4.7650338620523,12.243285329246106,1.0,0,EF1,EST-5,12-AUG-23 11:46:00
1134504,2023-08-30T16:00:00+00:00,32.9873,-80.0406,950.875,17.828245162963867,299.230712890625,297.964111328125,100618.6875,64.68343353271484,10.275888231363414,18.470249923171842,0.0,0,EF0,EST-5,30-AUG-23 11:22:00
1134505,2023-08-30T20:00:00+00:00,32.8782,-79.7582,949.75,53.53150177001953,299.737548828125,297.86083984375,100072.125,70.61044311523438,15.719192386121234,17.325601916229097,0.0,0,EF0,EST-5,30-AUG-23 14:30:00
1119770,2023-08-07T23:00:00+00:00,42.94,-75.58,879.75,128.8282012939453,296.8154296875,293.479736328125,96287.625,46.15605163574219,12.440675911765984,13.619990017998534,0.0,0,EF0,EST-5,07-AUG-23 17:55:00
1119765,2023-08-07T23:00:00+00:00,43.0562,-75.4648,835.125,118.98445129394531,296.845703125,293.683837890625,97204.625,48.30448913574219,13.043978717363649,13.344315028668495,1.0,0,EF1,EST-5,07-AUG-23 18:10:00
1119768,2023-08-07T23:00:00+00:00,43.33,-75.59,656.625,53.34383010864258,295.5244140625,293.430908203125,96636.625,48.59550476074219,12.055273280519751,12.205693085615605,1.0,0,EF1,EST-5,07-AUG-23 18:17:00
1131454,2023-08-24T20:00:00+00:00,47.93,-100.97,1763.75,238.46890258789062,301.593017578125,292.810791015625,94897.375,33.11404037475586,0.9651059800401367,11.303012961294971,,0,EFU,CST-6,24-AUG-23 13:54:00
1126646,2023-07-13T00:00:00+00:00,41.9823,-87.9998,802.0,69.55191802978516,296.2080078125,294.107666015625,98055.0,38.397850036621094,11.185673035702738,14.342266150642507,0.0,0,EF0,CST-6,12-JUL-23 17:54:00
1117355,2023-08-10T07:00:00+00:00,34.7805,-87.2416,1676.25,232.28128051757812,296.06103515625,294.867919921875,98526.8125,54.38542938232422,16.00526409503834,9.956575218794622,0.0,0,EF0,CST-6,10-AUG-23 01:21:00
1134506,2023-08-30T21:00:00+00:00,33.1056,-79.7617,978.375,11.687601089477539,298.532470703125,297.7861328125,99936.4375,71.65155792236328,16.806195982799608,18.893626734371487,1.0,0,EF1,EST-5,30-AUG-23 15:59:00
1134510,2023-08-30T14:00:00+00:00,31.9002,-81.4136,498.5,2.348236560821533,298.040283203125,297.512939453125,100165.25,70.8587646484375,14.482162377226464,20.959540769952905,0.0,0,EF0,EST-5,30-AUG-23 09:00:00
1118996,2023-08-07T04:00:00+00:00,38.4896,-86.9426,2200.375,37.41606903076172,296.99365234375,295.4404296875,99032.5625,50.91872024536133,14.564461558440854,13.086629439383048,1.0,0,EF1,EST-5,06-AUG-23 23:24:00
1119003,2023-08-07T05:00:00+00:00,38.503,-86.682,2526.125,46.45240020751953,295.71484375,294.786376953125,98771.625,50.97796630859375,16.14055773947657,14.883204415782112,1.0,0,EF1,EST-5,06-AUG-23 23:41:00
1120634,2023-08-07T18:00:00+00:00,35.9308,-84.158,3915.125,13.368871688842773,301.0244140625,296.91064453125,97027.4375,53.211978912353516,9.46067487797466,19.148148464524535,2.0,1,EF2,EST-5,07-AUG-23 13:17:00
1102948,2023-07-22T22:00:00+00:00,38.9632,-97.1055,5.875,,304.931884765625,287.699951171875,96879.5625,30.446157455444336,0.5018254366826773,10.58535538421822,,0,EFU,CST-6,22-JUL-23 15:43:00
1103147,2023-05-07T13:00:00+00:00,38.3234,-85.9919,1448.125,95.34477996826172,293.1025390625,290.0859375,99157.5625,39.47700881958008,14.42111135414259,13.01761561293554,1.0,0,EF1,EST-5,07-MAY-23 07:42:00
1100052,2023-05-11T11:00:00+00:00,32.4074,-93.8307,1302.125,14.671919822692871,294.48876953125,293.68017578125,100131.5625,46.40911865234375,13.44520975890859,11.885379890927098,1.0,0,EF1,CST-6,11-MAY-23 05:06:00
1100927,2023-05-11T23:00:00+00:00,35.013,-98.017,2615.0,6.8126606941223145,300.1708984375,294.12158203125,96227.625,32.6544075012207,6.647638934889022,14.631005566701772,0.0,0,EF0,CST-6,11-MAY-23 17:25:00
1100937,2023-05-12T00:00:00+00:00,35.229,-97.807,2384.25,22.218862533569336,299.824951171875,293.8362121582031,96211.875,32.84769821166992,8.653505924954201,15.170155308384496,,0,EFU,CST-6,11-MAY-23 17:57:00
1103149,2023-05-07T13:00:00+00:00,38.2919,-85.9541,1758.875,154.2666473388672,293.2900390625,290.0595703125,99277.5625,37.52876663208008,16.012679718381694,16.555773000547838,0.0,0,EF0,EST-5,07-MAY-23 07:46:00
1100053,2023-05-11T13:00:00+00:00,31.9418,-93.8942,1782.5,2.8438761234283447,293.923095703125,293.478271484375,100159.0,47.43196487426758,13.028976674253455,13.707607727788307,1.0,0,EF1,CST-6,11-MAY-23 06:55:00
1100938,2023-05-12T01:00:00+00:00,35.203,-97.675,2581.625,41.73440933227539,298.554931640625,294.1648864746094,96291.5,30.70403289794922,11.27665535933863,16.595339752918346,0.0,0,EF0,CST-6,11-MAY-23 18:36:00
1100939,2023-05-12T01:00:00+00:00,35.206,-97.669,2581.625,41.73440933227539,298.554931640625,294.1648864746094,96291.5,30.70403289794922,11.27665535933863,16.595339752918346,0.0,0,EF0,CST-6,11-MAY-23 18:38:00
1100940,2023-05-12T01:00:00+00:00,35.211,-97.654,2581.625,41.73440933227539,298.554931640625,294.1648864746094,96291.5,30.70403289794922,11.27665535933863,16.595339752918346,0.0,0,EF0,CST-6,11-MAY-23 18:42:00
1100942,2023-05-12T01:00:00+00:00,34.995,-97.696,2816.5,36.71878433227539,299.287353515625,294.6726989746094,96490.5,31.21868133544922,11.148482036311675,15.547149659843353,0.0,0,EF0,CST-6,11-MAY-23 19:04:00
1104356,2023-05-07T02:00:00+00:00,39.85,-93.04,516.375,216.0625,297.49658203125,291.3233337402344,97812.25,23.57686996459961,6.5697766202586,20.98184533958875,1.0,0,EF1,CST-6,06-MAY-23 19:56:00
1117752,2023-07-19T00:00:00+00:00,44.21,-100.38,1843.75,208.0834197998047,302.647216796875,293.204345703125,94530.4375,35.0108642578125,2.8214323359966156,15.804574014499108,0.0,0,EF0,MST-7,18-JUL-23 16:45:00
1103151,2023-05-07T13:00:00+00:00,38.3433,-85.8179,1453.375,81.46977996826172,292.8740234375,289.857421875,99310.5625,38.98775100708008,16.054725741664964,14.852210168324774,1.0,0,EF1,EST-5,07-MAY-23 07:48:00
1100055,2023-05-11T13:00:00+00:00,32.638,-93.3815,1083.25,1.0001261234283447,294.104736328125,293.447021484375,100253.0,52.91048049926758,11.799745780324752,18.368285508334697,1.0,0,EF1,CST-6,11-MAY-23 07:21:00
1100943,2023-05-12T01:00:00+00:00,35.028,-97.667,2816.5,36.71878433227539,299.287353515625,294.6726989746094,96490.5,31.21868133544922,11.148482036311675,15.547149659843353,0.0,0,EF0,CST-6,11-MAY-23 19:12:00
1100944,2023-05-12T01:00:00+00:00,35.07,-97.601,2749.875,31.62503433227539,298.625244140625,293.8777770996094,96532.5,33.57512664794922,11.843919355788149,16.0602108805236,1.0,0,EF1,CST-6,11-MAY-23 19:29:00
1100945,2023-05-12T02:00:00+00:00,35.142,-97.409,3323.375,56.42216873168945,297.707763671875,294.1306457519531,96563.4375,30.75525665283203,12.595325646061259,16.914703587903716,1.0,0,EF1,CST-6,11-MAY-23 20:03:00
1126495,2023-07-18T00:00:00+00:00,34.62,-112.38,0.0,,308.410400390625,280.2900390625,84851.6875,21.98827362060547,0.15135455272574064,0.8829557451607689,0.0,0,EF0,MST-7,17-JUL-23 17:00:00
1086265,2023-03-25T06:00:00+00:00,34.367,-86.8713,437.25,11.686724662780762,293.738037109375,289.939208984375,97800.8125,40.95686721801758,21.057189183843505,27.1047580593301,2.0,1,EF2,CST-6,24-MAR-23 23:33:00
1102670,2023-05-08T20:00:00+00:00,30.2439,-94.3691,2648.375,124.18840026855469,301.14404296875,295.9208984375,101238.4375,47.119815826416016,5.635439773972715,10.478835053178496,0.0,0,EF0,CST-6,08-MAY-23 14:00:00
1101494,2023-05-06T11:00:00+00:00,30.1102,-92.4768,3665.5,222.94602966308594,296.333251953125,294.31201171875,101501.3125,55.1935920715332,9.795845910626001,3.636935740880045,1.0,0,EF1,CST-6,06-MAY-23 04:57:00
1101344,2023-05-25T00:00:00+00:00,38.56,-103.7,410.3125,3.1008098125457764,287.395263671875,284.441162109375,84273.5625,23.060951232910156,0.11362521150995111,4.628347543688368,0.0,0,EF0,MST-7,24-MAY-23 17:26:00
1103153,2023-05-07T13:00:00+00:00,38.2462,-85.9028,1758.875,154.2666473388672,293.2900390625,290.0595703125,99277.5625,37.52876663208008,16.012679718381694,16.555773000547838,1.0,0,EF1,EST-5,07-MAY-23 07:52:00
1100946,2023-05-12T03:00:00+00:00,35.179,-97.297,3899.625,74.57817840576172,297.251220703125,294.82720947265625,96829.6875,32.34495544433594,13.576695315276798,17.118526272143512,0.0,0,EF0,CST-6,11-MAY-23 20:33:00
1100947,2023-05-12T03:00:00+00:00,35.046,-96.955,3823.25,100.64067840576172,297.744384765625,295.37017822265625,97073.6875,34.60765075683594,13.63095456666932,16.17766265924608,,0,EFU,CST-6,11-MAY-23 20:47:00
1100948,2023-05-12T03:00:00+00:00,35.129,-96.822,3666.375,87.76567840576172,297.686767578125,295.06256103515625,97351.6875,34.51292419433594,13.328685518741366,15.673819629197256,0.0,0,EF0,CST-6,11-MAY-23 21:16:00
1103386,2023-05-12T01:00:00+00:00,34.807,-97.9737,2472.125,93.42190551757812,299.203369140625,294.8807067871094,96303.5,29.40715789794922,10.657157385532319,16.73571015458008,,0,EFU,CST-6,11-MAY-23 18:45:00
1118576,2023-07-14T09:00:00+00:00,35.064,-94.259,2312.875,841.90625,298.341064453125,297.62744140625,98690.5625,51.57932662963867,12.299276563541312,8.586553598772058,1.0,0,EF1,CST-6,14-JUL-23 03:03:00
1100910,2023-05-11T00:00:00+00:00,40.2077,-103.244,239.375,102.95183563232422,288.92333984375,285.17559814453125,85805.125,22.228954315185547,0.3292608686699225,4.862104602962979,0.0,0,EF0,MST-7,10-MAY-23 17:29:00
1103181,2023-05-07T13:00:00+00:00,38.2169,-85.8699,1721.125,149.0010223388672,293.1298828125,289.71875,99433.5625,37.42134475708008,17.046570840610674,17.691886433112742,1.0,0,EF1,EST-5,07-MAY-23 07:57:00
1103405,2023-05-07T23:00:00+00:00,41.59,-91.27,310.5,60.50008773803711,296.39208984375,288.35174560546875,98205.625,28.217350006103516,1.812012529877322,15.624636907090004,1.0,0,EF1,CST-6,07-MAY-23 16:48:00
1098590,2023-05-25T17:00:00+00:00,25.5877,-80.4336,2788.125,51.830055236816406,298.643310546875,294.19189453125,100762.3125,42.11006164550781,2.6020289277919844,2.751148126857013,0.0,0,EF0,EST-5,25-MAY-23 12:20:00
1100950,2023-05-13T01:00:00+00:00,36.6595,-97.3355,2084.0,114.41722869873047,298.920654296875,293.43084716796875,97271.1875,34.421104431152344,8.139528428488372,9.004778370851815,0.0,0,EF0,CST-6,12-MAY-23 19:06:00
1103432,2023-05-08T00:00:00+00:00,41.57,-89.792,703.25,,297.826171875,285.7125244140625,98690.9375,29.05746078491211,1.6963856031805182,7.750256662264122,,0,EFU,CST-6,07-MAY-23 17:40:00
1089589,2023-04-01T06:00:00+00:00,34.208,-89.121,1434.6875,4.366126537322998,294.56982421875,291.90179443359375,99824.0,38.527427673339844,20.015217600619838,27.08358778009309,2.0,1,EF2,CST-6,01-APR-23 00:00:00
1105050,2023-07-22T21:00:00+00:00,29.01,-80.88,1555.75,226.42237854003906,304.458984375,298.0859375,101218.3125,52.64183044433594,4.825444250933885,4.737423533124902,0.0,0,EF0,EST-5,22-JUL-23 15:50:00
1086266,2023-03-25T06:00:00+00:00,34.4758,-86.6003,391.75,20.686725616455078,293.489990234375,289.696044921875,97551.8125,41.29280471801758,20.44395722846444,29.099966332170908,1.0,0,EF1,CST-6,24-MAR-23 23:47:00
1104966,2023-07-02T23:00:00+00:00,41.4524,-75.6269,561.5,1.3127152919769287,295.587890625,293.27392578125,95920.6875,48.23060607910156,7.711826872315628,12.472331850927201,0.0,0,EF0,EST-5,02-JUL-23 18:18:00
1104664,2023-05-26T21:00:00+00:00,42.1,-113.4935,1117.5,6.828155994415283,290.682861328125,282.738525390625,82291.9375,14.623600006103516,0.30182279908836734,2.3988708843347664,0.0,0,EF0,MST-7,26-MAY-23 13:35:00
1101665,2023-05-15T22:00:00+00:00,28.6761,-99.1888,434.625,181.59375,300.168701171875,293.216552734375,99882.3125,42.568939208984375,4.111889644752483,6.766693889248281,0.0,0,EF0,CST-6,15-MAY-23 15:50:00
1103483,2023-05-07T13:00:00+00:00,38.205,-85.2667,1159.625,143.1572723388672,292.52734375,288.7578125,99021.5625,36.39595413208008,18.32080480188349,19.135537744236974,0.0,0,EF0,EST-5,07-MAY-23 08:25:00
1148134,2023-11-20T23:00:00+00:00,31.1047,-92.8845,1127.25,0.22976863384246826,295.802978515625,294.37286376953125,99812.1875,43.87770080566406,14.86763722601196,18.16786430844588,0.0,0,EF0,CST-6,20-NOV-23 17:17:00
1088598,2023-04-01T00:00:00+00:00,34.6089,-90.7929,2495.125,4.6877312660217285,299.052978515625,290.9293212890625,100037.0,32.52021789550781,18.754489038625394,25.57992969907998,,0,EFU,CST-6,31-MAR-23 18:03:00
1103898,2023-05-07T13:00:00+00:00,38.2131,-85.8663,1721.125,149.0010223388672,293.1298828125,289.71875,99433.5625,37.42134475708008,17.046570840610674,17.691886433112742,0.0,0,EF0,EST-5,07-MAY-23 07:58:00
1081949,2023-03-03T19:00:00+00:00,34.5891,-85.9949,410.8125,0.19336099922657013,293.662841796875,291.7079162597656,95685.8125,27.27900505065918,20.10414142194797,28.05774624363062,1.0,0,EF1,CST-6,03-MAR-23 12:39:00
1103099,2023-05-19T03:00:00+00:00,35.2786,-101.5409,866.0625,30.99989891052246,289.606201171875,288.35107421875,89562.875,36.232215881347656,0.28710275501946475,11.486433303137915,0.0,0,EF0,CST-6,18-MAY-23 21:02:00
1100051,2023-05-11T16:00:00+00:00,32.821,-92.077,1388.0,2.842149257659912,296.25390625,294.80072021484375,100848.0625,51.0551643371582,13.619786925692479,13.687735379055598,1.0,0,EF1,CST-6,11-MAY-23 09:59:00
1100054,2023-05-11T13:00:00+00:00,31.4826,-92.6146,1878.75,4.265751361846924,295.826416015625,294.941162109375,100752.0,40.87239456176758,16.24477811543555,15.590855756561728,1.0,0,EF1,CST-6,11-MAY-23 07:03:00
1086259,2023-03-25T04:00:00+00:00,34.9685,-87.2904,411.25,19.390897750854492,293.45263671875,290.1458740234375,97535.0625,41.94171905517578,22.63661578338082,41.50185763005047,1.0,0,EF1,CST-6,24-MAR-23 22:14:00
1122965,2023-07-17T22:00:00+00:00,37.86,-99.47,1974.25,703.79833984375,305.64208984375,295.798828125,93370.625,35.73906707763672,1.326378244422015,11.745045552827944,0.0,0,EF0,CST-6,17-JUL-23 15:55:00
1107913,2023-07-17T20:00:00+00:00,30.7241,-81.5438,2863.0,121.10946655273438,305.384033203125,297.48828125,101367.1875,49.201904296875,4.931433962768114,7.706089459024969,0.0,0,EF0,EST-5,17-JUL-23 15:17:00
1089588,2023-04-01T06:00:00+00:00,34.189,-89.223,1291.1875,,294.47119140625,291.91253662109375,99807.0,36.670005798339844,19.595223370401577,27.309887798926937,2.0,1,EF2,CST-6,31-MAR-23 23:52:00
1100734,2023-05-08T00:00:00+00:00,41.4719,-88.7531,590.5,81.20325469970703,298.09375,288.8258056640625,98708.9375,28.97835922241211,2.8399963304897624,7.803133026005461,,0,EFU,CST-6,07-MAY-23 18:09:00
1102925,2023-05-31T21:00:00+00:00,42.32,-88.5399,1153.8125,93.34378051757812,299.689697265625,289.289306640625,98179.0,34.208316802978516,1.3664484645615926,2.265342201273934,,0,EFU,CST-6,31-MAY-23 14:50:00
1100949,2023-05-05T00:00:00+00:00,33.638,-98.019,1117.125,26.28948402404785,295.9443359375,292.460693359375,97289.375,41.2059326171875,7.629276030196197,19.33121402892941,0.0,0,EF0,CST-6,04-MAY-23 18:06:00
1100954,2023-05-13T20:00:00+00:00,35.057,-97.979,82.125,,297.8486328125,291.1552734375,96974.375,39.212158203125,1.0731879324320335,13.881125863628622,0.0,0,EF0,CST-6,13-MAY-23 14:18:00
1086287,2023-03-25T07:00:00+00:00,34.794,-85.636,382.125,0.884730875492096,292.779541015625,289.8730163574219,96304.6875,37.739990234375,18.57375572994722,28.728005236889103,0.0,0,EF0,CST-6,25-MAR-23 00:33:00
1090316,2023-04-27T19:00:00+00:00,30.31,-85.13,1245.625,20.172163009643555,298.099853515625,291.8135986328125,100751.125,47.491912841796875,12.255545294313682,16.366385228792186,0.0,0,EF0,CST-6,27-APR-23 13:14:00
1078329,2023-01-12T12:00:00+00:00,33.7182,-88.6716,829.125,0.9900729060173035,292.1022033691406,289.70257568359375,100004.3125,33.81742858886719,18.32472289058438,18.550025951537936,1.0,0,EF1,CST-6,12-JAN-23 06:29:00
1078325,2023-01-03T08:00:00+00:00,35.545,-89.287,757.1875,132.33413696289062,293.2361755371094,291.1171875,99507.6875,38.372737884521484,20.90324804952508,28.14772712234653,0.0,0,EF0,CST-6,03-JAN-23 02:24:00
1104967,2023-07-02T23:00:00+00:00,41.7825,-75.7165,468.0,0.9533402919769287,295.6552734375,293.39111328125,95998.6875,49.39955139160156,6.547069273426116,13.242169890015361,0.0,0,EF0,EST-5,02-JUL-23 18:08:00
1103123,2023-05-29T01:00:00+00:00,36.2,-101.91,2587.8125,276.6406555175781,296.35205078125,290.36376953125,88793.0625,26.330507278442383,0.18953502896892327,10.592197022521455,,0,EFU,CST-6,28-MAY-23 18:48:00
1088599,2023-04-01T01:00:00+00:00,34.9168,-89.5176,2525.5,0.6667131185531616,296.276123046875,292.01458740234375,99357.1875,36.80583190917969,20.55185512833397,30.179173300949742,1.0,0,EF1,CST-6,31-MAR-23 19:27:00
1086258,2023-03-25T04:00:00+00:00,34.8086,-87.6553,354.625,3.2346487045288086,292.84619140625,290.4632568359375,97684.0625,44.34308624267578,19.746768318373597,35.65960800535503,2.0,1,EF2,CST-6,24-MAR-23 21:54:00
1081959,2023-03-03T19:00:00+00:00,34.6785,-85.8392,474.5,0.42773598432540894,293.994873046875,292.0458068847656,95143.8125,31.45771598815918,19.706575514403625,30.41091677867289,1.0,0,EF1,CST-6,03-MAR-23 12:47:00
1089591,2023-04-01T06:00:00+00:00,34.464,-88.789,1287.8125,2.538001775741577,294.79541015625,291.89398193359375,99755.0,36.777427673339844,19.230840740964084,27.25218284770403,2.0,1,EF2,CST-6,31-MAR-23 23:49:00
1089592,2023-04-01T06:00:00+00:00,34.484,-88.603,1357.8125,3.553626775741577,294.90185546875,291.86566162109375,99725.0,38.456138610839844,19.684568525466894,26.679288775665814,2.0,1,EF2,CST-6,01-APR-23 00:00:00
1088201,2023-03-27T03:00:00+00:00,32.714,-85.891,939.9375,24.432893753051758,292.510498046875,291.3957214355469,99603.8125,39.98707580566406,17.92301206174601,18.98984007318209,0.0,0,EF0,CST-6,26-MAR-23 21:27:00
1086263,2023-03-25T05:00:00+00:00,34.41,-87.11,495.625,43.000003814697266,293.79296875,290.0629577636719,97896.5625,43.12120819091797,21.357102351996584,32.144205230656176,2.0,1,EF2,CST-6,24-MAR-23 23:24:00
1105124,2023-07-27T19:00:00+00:00,42.91,-72.31,930.0,122.266357421875,300.509033203125,295.785888671875,97612.0,49.43663024902344,10.187090899459179,15.834117632430818,1.0,0,EF1,EST-5,27-JUL-23 13:50:00
1130031,2023-07-04T23:00:00+00:00,38.5146,-101.7525,1435.0,327.75982666015625,305.5517578125,286.3697814941406,88898.0625,37.16086196899414,0.44303151072078173,20.308866155819693,,0,EFU,MST-7,04-JUL-23 15:49:00
1078322,2023-01-03T12:00:00+00:00,34.9561,-89.7784,217.25,26.848814010620117,291.5668640136719,289.5302734375,99592.0625,40.440093994140625,19.65414351478663,19.834939887008883,0.0,0,EF0,CST-6,03-JAN-23 06:05:00
1101184,2023-05-24T02:00:00+00:00,32.723,-99.789,2101.0,458.93035888671875,298.283935546875,291.47607421875,95147.3125,38.83456802368164,2.1593897303703526,12.528789804944031,2.0,1,EF2,CST-6,23-MAY-23 20:13:00
1101388,2023-05-19T18:00:00+00:00,35.58,-98.328,271.125,8.758965492248535,297.070068359375,290.814208984375,96553.5,37.47617721557617,1.126678459916808,11.66934054639478,0.0,0,EF0,CST-6,19-MAY-23 11:35:00
1149886,2023-11-05T21:00:00+00:00,44.3983,-118.9123,307.1875,32.390647888183594,284.11328125,277.21728515625,84787.5625,12.536444664001465,0.3957757252924595,12.76837789015044,0.0,0,EF0,PST-8,05-NOV-23 12:59:00
1088140,2023-03-03T08:00:00+00:00,34.3046,-91.7699,724.5,6.500068664550781,291.47869873046875,288.8013610839844,98506.625,40.3121337890625,22.27885199067068,24.61214539965324,0.0,0,EF0,CST-6,03-MAR-23 01:57:00
1129364,2023-10-02T00:00:00+00:00,35.79,-105.27,125.625,55.781288146972656,288.228759765625,285.801025390625,78491.75,14.83122730255127,0.47265978459648206,11.212012268401912,0.0,0,EF0,MST-7,01-OCT-23 17:12:00
1149740,2023-11-21T02:00:00+00:00,31.18,-91.72,929.375,1.4381377696990967,294.813720703125,294.12835693359375,100616.0,45.91001510620117,11.317894249361931,18.77468272352905,1.0,0,EF1,CST-6,20-NOV-23 19:35:00
1148139,2023-11-21T01:00:00+00:00,30.9897,-92.0419,842.0,0.9846659898757935,295.84210205078125,294.764404296875,100576.625,42.30640411376953,11.639093833041768,19.27198090439058,1.0,0,EF1,CST-6,20-NOV-23 19:20:00
1148137,2023-11-21T01:00:00+00:00,31.1316,-92.0673,928.0,1.7659159898757935,295.31671142578125,294.210693359375,100555.625,42.36597442626953,12.499400689516262,19.682533969496202,1.0,0,EF1,CST-6,20-NOV-23 18:55:00
1099005,2023-06-27T02:00:00+00:00,41.194,-103.758,762.625,718.2344970703125,299.289794921875,285.38433837890625,84600.75,20.62957000732422,0.6722219857625276,9.635591777978528,1.0,0,EF1,MST-7,26-JUN-23 19:01:00
1143564,2023-10-25T22:00:00+00:00,34.58,-97.206,290.6875,26.39069366455078,294.73486328125,292.6484375,97679.875,45.190513610839844,10.68602385746634,14.42865808861469,0.0,0,EF0,CST-6,25-OCT-23 15:58:00
1143565,2023-10-26T00:00:00+00:00,35.381,-96.791,337.875,44.43755340576172,293.93310546875,291.9580078125,97917.375,44.860801696777344,11.247417321411154,13.134176893117111,0.0,0,EF0,CST-6,25-OCT-23 17:30:00
1144585,2023-10-26T14:00:00+00:00,29.8448,-98.1193,1039.5,4.125090599060059,295.78759765625,295.2422180175781,98471.1875,52.82219696044922,9.834424069762367,10.770008929842634,0.0,0,EF0,CST-6,26-OCT-23 08:12:00
1148410,2023-11-22T02:00:00+00:00,34.609,-81.38,97.9375,17.814245223999023,290.005126953125,289.0906982421875,99314.375,42.357086181640625,13.163921826370519,18.986921939612408,0.0,0,EF0,EST-5,21-NOV-23 20:43:00
1148622,2023-11-20T21:00:00+00:00,31.4099,-93.0282,577.9375,36.096378326416016,297.49658203125,294.1279296875,99805.0,37.92859649658203,16.31123364487981,24.291709433974326,1.0,0,EF1,CST-6,20-NOV-23 14:32:00
1144584,2023-10-26T14:00:00+00:00,29.5774,-98.2526,1229.875,4.906340599060059,296.18212890625,295.7656555175781,98312.1875,51.16887664794922,9.210970168826412,10.200996249154302,0.0,0,EF0,CST-6,26-OCT-23 07:39:00
1144586,2023-10-26T12:00:00+00:00,29.2796,-97.9853,1361.1875,21.906490325927734,297.5870666503906,296.4884948730469,99680.75,59.81047439575195,11.404227647602397,11.538765811825998,0.0,0,EF0,CST-6,26-OCT-23 05:35:00
1144582,2023-10-26T13:00:00+00:00,29.4195,-98.4692,1400.25,1.7031759023666382,297.02764892578125,296.204833984375,98572.3125,50.34092712402344,9.446527049339704,9.677624893887915,0.0,0,EF0,CST-6,26-OCT-23 07:01:00
1098993,2023-06-27T01:00:00+00:00,41.316,-104.061,160.75,363.0,300.1552734375,284.86480712890625,84269.8125,18.000717163085938,0.36596497540605366,5.63071774290784,0.0,0,EF0,MST-7,26-JUN-23 18:18:00
1143571,2023-10-12T16:00:00+00:00,27.9163,-82.8303,2188.25,9.172053337097168,300.232177734375,298.175048828125,100662.625,63.68052291870117,9.698094310434266,10.2007394152771,0.0,0,EF0,EST-5,12-OCT-23 10:34:00
1144996,2023-10-13T21:00:00+00:00,41.6785,-93.0129,218.25,0.4065806567668915,289.688232421875,286.404296875,96990.375,28.68780517578125,4.2873156079423715,12.041294339890163,0.0,0,EF0,CST-6,13-OCT-23 15:09:00
1144995,2023-10-13T19:00:00+00:00,42.5469,-94.3852,135.25,1.4844143390655518,290.099365234375,284.435791015625,96102.5625,24.36477279663086,1.7904097024806336,12.304350159543217,0.0,0,EF0,CST-6,13-OCT-23 13:12:00
1145729,2023-10-11T23:00:00+00:00,45.8755,-122.6892,179.875,14.109381675720215,288.29736328125,285.74169921875,98051.25,19.119216918945312,4.607545112646798,10.728956245502639,0.0,0,EF0,PST-8,11-OCT-23 14:40:00
1143701,2023-10-03T21:00:00+00:00,39.9875,-99.9263,1291.3125,12.43752384185791,296.8212890625,289.382568359375,92308.25,33.73240661621094,1.960567268142252,17.532404832395585,1.0,0,EF1,CST-6,03-OCT-23 15:25:00
1148135,2023-11-21T00:00:00+00:00,31.1975,-92.5551,1053.125,0.7973174452781677,295.49853515625,294.30548095703125,100332.0625,43.27654266357422,14.670139448817205,18.919098852789688,0.0,0,EF0,CST-6,20-NOV-23 17:58:00
1129842,2023-09-28T20:00:00+00:00,40.0632,-83.243,646.25,94.23438262939453,292.865966796875,289.865966796875,98154.0,29.722084045410156,2.5655197924856625,4.6017648393237724,0.0,0,EF0,EST-5,28-SEP-23 14:40:00
1121518,2023-09-16T20:00:00+00:00,26.2937,-97.9141,279.125,252.3125457763672,309.5869140625,295.2939453125,100927.0,50.03732681274414,0.21875456252250067,4.753556222524276,,0,EFU,CST-6,16-SEP-23 14:14:00
1112718,2023-06-09T19:00:00+00:00,29.94,-84.51,3883.375,70.69570922851562,301.05712890625,296.596435546875,100797.875,45.2315673828125,4.999861834195922,7.02309572034118,0.0,0,EF0,EST-5,09-JUN-23 14:14:00
1114041,2023-06-14T16:00:00+00:00,31.7663,-85.0031,3137.25,300.8438415527344,298.255126953125,295.825439453125,100040.6875,43.178768157958984,10.563637234244599,14.07707874790581,1.0,0,EF1,EST-5,14-JUN-23 10:37:00
1140558,2023-09-11T19:00:00+00:00,38.5741,-75.2194,515.75,105.9941177368164,300.728515625,295.070556640625,101424.25,41.94011688232422,5.119893951040457,7.709106746502211,0.0,0,EF0,EST-5,11-SEP-23 13:55:00
1142982,2023-09-02T16:00:00+00:00,29.97,-90.25,1689.75,15.598885536193848,302.850830078125,297.495849609375,101783.9375,56.725791931152344,0.5640557376919074,2.5313637090902197,0.0,0,EF0,CST-6,02-SEP-23 10:11:00
1114008,2023-06-14T18:00:00+00:00,31.357,-84.9454,1861.625,197.015625,301.185546875,297.22314453125,100143.5,44.950469970703125,11.033998862872368,16.118633596500334,2.0,1,EF2,EST-5,14-JUN-23 13:04:00
1129389,2023-09-25T23:00:00+00:00,42.8112,-89.5603,484.0,29.3219051361084,293.7177734375,289.86083984375,98399.875,32.52098083496094,5.826065368073325,10.152961900030027,,0,EFU,CST-6,25-SEP-23 17:10:00
1114013,2023-06-14T19:00:00+00:00,31.397,-84.422,2249.5,367.79876708984375,301.958251953125,296.17529296875,100276.375,43.9879150390625,12.35763755677779,18.82451672325971,1.0,0,EF1,EST-5,14-JUN-23 13:54:00
1114016,2023-06-14T20:00:00+00:00,31.74,-83.68,2448.5,255.50001525878906,301.513671875,294.212646484375,99779.5,44.10871887207031,13.095806686285743,22.493192715925147,0.0,0,EF0,EST-5,14-JUN-23 14:45:00
1131774,2023-09-23T21:00:00+00:00,44.66,-96.83,484.25,15.750114440917969,292.781982421875,290.017578125,94352.375,40.1059684753418,5.947936147774053,16.09495612634212,0.0,0,EF0,CST-6,23-SEP-23 15:20:00
1133625,2023-09-26T20:00:00+00:00,42.18,-92.2,613.5,42.240562438964844,295.64404296875,286.208251953125,98520.8125,26.449283599853516,1.1298260766449852,1.1971577426349607,,0,EFU,CST-6,26-SEP-23 14:15:00
1133626,2023-09-22T23:00:00+00:00,41.9494,-92.0701,318.125,6.85939359664917,294.56884765625,292.772216796875,98527.1875,41.30668640136719,10.428393755113001,14.247851464158423,,0,EFU,CST-6,22-SEP-23 16:42:00
1144583,2023-10-26T13:00:00+00:00,29.9595,-97.7086,914.25,1.9688009023666382,296.35382080078125,295.528076171875,99218.3125,55.78330993652344,11.945062418382552,12.077021143841002,0.0,0,EF0,CST-6,26-OCT-23 07:05:00
1114018,2023-06-14T23:00:00+00:00,31.24,-83.14,2523.5,305.09393310546875,300.63623046875,295.392333984375,100221.9375,56.952369689941406,9.87686662061195,18.941108412809623,0.0,0,EF0,EST-5,14-JUN-23 17:35:00
1140221,2023-09-22T02:00:00+00:00,39.9179,-100.0596,2291.625,254.87515258789062,292.581787109375,290.541259765625,92780.375,32.20149230957031,8.909238043483844,12.167796088702115,,0,EFU,CST-6,21-SEP-23 19:36:00
1114073,2023-06-16T06:00:00+00:00,30.08,-83.88,1913.25,232.58355712890625,295.610595703125,294.43634033203125,101008.6875,46.98972702026367,12.521979710594161,12.497963685876906,0.0,0,EF0,EST-5,16-JUN-23 01:20:00
1112719,2023-06-16T08:00:00+00:00,30.0829,-83.594,2221.875,14.375983238220215,295.1572265625,293.9873046875,100816.75,49.3489990234375,14.184326108962708,13.636212898045324,1.0,0,EF1,EST-5,16-JUN-23 02:45:00
1091396,2023-04-20T01:00:00+00:00,40.71,-95.77,957.5625,124.50301361083984,292.777587890625,287.5082702636719,96441.1875,25.564861297607422,10.574401994497459,22.084087836262388,,0,EFU,CST-6,19-APR-23 19:16:00
1112180,2023-07-28T00:00:00+00:00,45.7084,-89.002,1580.5,117.60955810546875,301.9638671875,293.529541015625,95531.3125,41.182743072509766,6.44535182428897,9.699483944300486,0.0,0,EF0,CST-6,27-JUL-23 18:22:00
1136063,2023-07-29T13:00:00+00:00,40.6358,-96.7625,1926.25,410.54254150390625,296.478271484375,294.12060546875,97238.5625,55.83676528930664,5.3764726076134135,1.327081201671199,1.0,0,EF1,CST-6,29-JUL-23 07:18:00
1091399,2023-04-20T01:00:00+00:00,40.8,-95.75,829.0625,116.64363861083984,291.941650390625,287.3979187011719,96316.1875,27.362712860107422,10.303922167964336,19.196405620470916,0.0,0,EF0,CST-6,19-APR-23 19:23:00
1091393,2023-04-20T00:00:00+00:00,41.21,-95.3,1479.9375,102.32826232910156,292.96044921875,287.4664306640625,95967.625,30.77645492553711,8.012766839838743,10.489897789683669,,0,EFU,CST-6,19-APR-23 18:10:00
1112720,2023-06-19T16:00:00+00:00,30.3868,-86.3288,4811.25,29.906299591064453,300.13037109375,297.8447265625,101109.625,51.15864562988281,10.72561792335557,12.944350918831002,1.0,0,EF1,CST-6,19-JUN-23 10:16:00
1094927,2023-04-20T01:00:00+00:00,35.082,-97.634,1412.75,,297.401611328125,289.0903015136719,95921.1875,28.585369110107422,15.416880363845857,22.1992954689928,3.0,1,EF3,CST-6,19-APR-23 18:30:00
1114269,2023-07-12T12:00:00+00:00,41.5,-95.29,201.75,494.3908386230469,294.0029296875,291.2607421875,96572.75,36.74769973754883,12.463429627122407,18.997625786705044,0.0,0,EF0,CST-6,12-JUL-23 05:32:00
1114042,2023-06-16T06:00:00+00:00,30.175,-83.897,1913.25,232.58355712890625,295.610595703125,294.43634033203125,101008.6875,46.98972702026367,12.521979710594161,12.497963685876906,0.0,0,EF0,EST-5,16-JUN-23 00:43:00
1095009,2023-04-20T02:00:00+00:00,35.238,-97.296,2773.0625,364.67242431640625,295.925048828125,291.90673828125,96534.4375,31.11025619506836,16.840156821897473,19.066755814666642,0.0,0,EF0,CST-6,19-APR-23 20:07:00
1132712,2023-08-15T05:00:00+00:00,36.2373,-81.9094,1401.0,62.98044204711914,294.04296875,291.924072265625,90839.0625,41.06059265136719,1.233869890736811,15.822583677249938,1.0,0,EF1,EST-5,15-AUG-23 00:02:00
1105509,2023-06-23T20:00:00+00:00,43.2997,-106.3486,1590.0,237.75881958007812,293.77197265625,286.5405578613281,83517.0,18.65053939819336,0.2327910385248707,6.866835703889872,1.0,0,EF1,MST-7,23-JUN-23 13:15:00
1143563,2023-07-07T10:00:00+00:00,36.362,-99.407,774.125,483.6252136230469,292.914794921875,292.83740234375,94097.875,43.300193786621094,4.550608517691269,23.993699733367947,1.0,0,EF1,CST-6,07-JUL-23 03:35:00
1125519,2023-07-20T21:00:00+00:00,34.4937,-84.6056,2757.125,81.61000061035156,303.9697265625,293.682861328125,97131.875,48.480743408203125,7.279230691780981,16.910708094534304,0.0,0,EF0,EST-5,20-JUL-23 16:13:00
1087714,2023-03-16T20:00:00+00:00,34.5613,-97.67,267.0,4.2195844650268555,289.515869140625,287.7915954589844,96400.1875,26.7718448638916,6.716791062660283,22.120067064125912,0.0,0,EF0,CST-6,16-MAR-23 13:57:00
1125533,2023-07-20T21:00:00+00:00,34.461,-84.3531,2912.25,43.86000442504883,303.03515625,293.904541015625,96474.875,47.857696533203125,5.966211485227044,15.749533946195,1.0,0,EF1,EST-5,20-JUL-23 16:23:00
1114074,2023-06-16T07:00:00+00:00,30.126,-84.044,2463.125,5.078134536743164,295.577392578125,294.449951171875,100960.0625,49.82951736450195,12.66577136333624,13.431594662556886,0.0,0,EF0,EST-5,16-JUN-23 02:09:00
1114075,2023-06-16T08:00:00+00:00,30.16,-83.88,3038.375,3.672858238220215,295.4521484375,294.3564453125,100944.75,52.3157958984375,12.33274782637786,14.151719087406166,0.0,0,EF0,EST-5,16-JUN-23 02:30:00
1146110,2023-12-09T18:00:00+00:00,36.1175,-89.0601,521.375,23.035831451416016,290.9193115234375,288.99163818359375,99867.75,27.139629364013672,14.270054358930821,23.07045193429,1.0,0,EF1,CST-6,09-DEC-23 11:32:00
1105505,2023-06-23T20:00:00+00:00,41.6721,-109.8468,514.625,125.61819458007812,289.71240234375,280.9770812988281,79795.0,13.651516914367676,0.09958902802502251,3.8142273855919666,,0,EFU,MST-7,23-JUN-23 12:35:00
1105507,2023-06-23T21:00:00+00:00,43.228,-106.7308,1916.25,184.98167419433594,295.093505859375,285.6947937011719,82446.625,18.2205810546875,0.10128677972327692,9.487180678309663,,0,EFU,MST-7,23-JUN-23 13:37:00
1163686,2023-06-16T00:00:00+00:00,29.6226,-84.9496,2498.25,5.3776068687438965,298.68310546875,297.0654296875,101156.875,51.353179931640625,8.245390460472953,12.353979486462292,0.0,0,EF0,EST-5,15-JUN-23 18:43:00
1104134,2023-06-29T17:00:00+00:00,39.7195,-89.7715,3150.125,425.2876281738281,301.398681640625,296.816650390625,99011.5625,53.130470275878906,2.80346780023649,21.672752596216757,2.0,1,EF2,CST-6,29-JUN-23 11:12:00
1126148,2023-07-07T02:00:00+00:00,38.53,-103.16,2068.25,187.7989501953125,297.06591796875,290.7995300292969,86294.5625,32.92849349975586,0.15238318597994407,19.067628905231416,,0,EFU,MST-7,06-JUL-23 19:29:00
1128704,2023-07-20T20:00:00+00:00,38.9133,-105.0565,1285.75,58.25006103515625,292.753173828125,286.816162109375,76556.5625,25.153156280517578,0.7510064438596114,3.8924147147659176,1.0,0,EF1,MST-7,20-JUL-23 13:00:00
1123837,2023-07-29T06:00:00+00:00,40.6702,-86.2114,2666.0,85.04691314697266,297.525634765625,295.674560546875,98591.625,57.06089782714844,13.601123052743818,6.74727045286658,0.0,0,EF0,EST-5,29-JUL-23 01:19:00
1153731,2023-12-20T02:00:00+00:00,39.8043,-121.8366,196.59375,,285.239013671875,283.107421875,93316.8125,18.310867309570312,4.871684714722378,12.102831764628762,1.0,0,EF1,PST-8,19-DEC-23 17:40:00
1076625,2023-01-12T18:00:00+00:00,32.836,-87.169,1432.4375,0.21893133223056793,291.66510009765625,289.0335388183594,99611.1875,36.54140090942383,17.356897250836226,26.514897349769353,1.0,0,EF1,CST-6,12-JAN-23 11:34:00
1106776,2023-06-07T00:00:00+00:00,40.18,-104.73,604.25,107.04688262939453,295.80810546875,283.3955078125,84842.5625,22.318580627441406,0.10514979305832389,0.601605695029418,0.0,0,EF0,MST-7,06-JUN-23 16:38:00
1130552,2023-09-26T21:00:00+00:00,29.99,-81.66,1636.5,78.75,299.7958984375,296.700439453125,101287.3125,53.18997573852539,3.7065151786741164,9.293617743794389,0.0,0,EF0,EST-5,26-SEP-23 16:05:00
1140302,2023-10-12T22:00:00+00:00,40.6672,-98.5528,259.0,125.73460388183594,290.140380859375,287.913330078125,92474.0,23.133922576904297,8.099675901189338,23.16633504655417,0.0,0,EF0,CST-6,12-OCT-23 15:43:00
1076640,2023-01-12T19:00:00+00:00,32.691,-86.413,695.5625,14.72667407989502,293.28729248046875,288.92681884765625,99402.0625,33.604434967041016,17.855204099761718,22.929534007167018,2.0,1,EF2,CST-6,12-JAN-23 13:05:00
1093449,2023-04-01T08:00:00+00:00,34.238,-87.851,760.375,0.8666051030158997,294.07275390625,290.95892333984375,98649.125,36.14607238769531,20.234778598787607,27.1360328932035,1.0,0,EF1,CST-6,01-APR-23 01:32:00
1104146,2023-06-29T17:00:00+00:00,40.1672,-89.3796,2600.75,346.1157531738281,300.620361328125,296.341064453125,99124.5625,52.525001525878906,1.3829215468220812,19.135821882833564,1.0,0,EF1,CST-6,29-JUN-23 11:26:00
1127047,2023-07-14T02:00:00+00:00,37.09,-102.59,2990.25,702.1613159179688,297.240966796875,294.160888671875,87109.4375,38.80206298828125,0.10673254016831155,3.724590974167471,0.0,0,EF0,MST-7,13-JUL-23 18:44:00
1117647,2023-07-01T00:00:00+00:00,38.77,-105.32,319.0,302.5318603515625,288.16455078125,281.373291015625,75623.625,14.015833854675293,0.6774362801997131,1.451939863384464,0.0,0,EF0,MST-7,30-JUN-23 16:40:00
1109048,2023-06-22T21:00:00+00:00,39.5559,-105.0159,1631.625,181.4376678466797,294.17529296875,288.309326171875,82060.0625,24.765409469604492,0.6528144152150934,4.651233610499272,1.0,0,EF1,MST-7,22-JUN-23 14:24:00
1105181,2023-02-09T02:00:00+00:00,31.9779,-89.9492,447.4375,1.0000519752502441,292.99676513671875,291.83642578125,100205.8125,43.67673110961914,17.862222327964965,17.91134972065452,1.0,0,EF1,CST-6,08-FEB-23 20:06:00
1104167,2023-06-29T17:00:00+00:00,39.5177,-89.4954,3128.0,472.5532531738281,301.336181640625,296.667236328125,98992.5625,54.733985900878906,2.2549709037363996,20.88232768130587,,0,EFU,CST-6,29-JUN-23 11:27:00
1127554,2023-08-30T12:00:00+00:00,31.1229,-81.5535,498.75,11.520986557006836,299.219482421875,298.09814453125,100317.6875,70.34712982177734,12.41233209651956,20.260918889578562,0.0,0,EF0,EST-5,30-AUG-23 06:30:00
1140303,2023-10-12T22:00:00+00:00,40.7327,-98.394,259.0,125.73460388183594,290.140380859375,287.913330078125,92474.0,23.133922576904297,8.099675901189338,23.16633504655417,,0,EFU,CST-6,12-OCT-23 16:04:00
1108020,2023-06-21T23:00:00+00:00,40.055,-103.245,3410.375,27.050552368164062,296.934814453125,290.30499267578125,86297.75,37.54366683959961,0.20417031971514651,7.941265327594635,,0,EFU,MST-7,21-JUN-23 15:49:00
1161246,2023-03-27T01:00:00+00:00,31.9415,-87.218,1319.8125,24.4689998626709,295.72900390625,293.4801940917969,100271.125,38.67631912231445,15.684412150331868,12.938930400387624,1.0,0,EF1,CST-6,26-MAR-23 19:27:00
1099896,2023-06-22T01:00:00+00:00,45.8581,-102.0424,171.375,64.05655670166016,293.286865234375,287.78680419921875,93144.3125,35.295135498046875,5.40619425489327,13.183939539179386,0.0,0,EF0,MST-7,21-JUN-23 18:19:00
1140298,2023-10-12T19:00:00+00:00,40.69,-99.52,736.0,4.265649795532227,291.25830078125,288.66162109375,91032.75,29.590986251831055,5.610922608995956,4.357433534653787,,0,EFU,CST-6,12-OCT-23 13:20:00
1141339,2023-10-03T22:00:00+00:00,41.0911,-98.9952,237.5,76.10954284667969,290.5341796875,289.61181640625,92953.6875,34.380592346191406,7.262173648946349,22.7903263524679,0.0,0,EF0,CST-6,03-OCT-23 15:46:00
1140299,2023-10-12T21:00:00+00:00,40.3196,-99.0061,325.25,80.34420013427734,289.177734375,288.6396179199219,91761.75,24.790573120117188,6.421697905777076,17.420992474903365,1.0,0,EF1,CST-6,12-OCT-23 14:43:00
1130551,2023-09-26T21:00:00+00:00,30.043,-81.7768,1636.5,78.75,299.7958984375,296.700439453125,101287.3125,53.18997573852539,3.7065151786741164,9.293617743794389,0.0,0,EF0,EST-5,26-SEP-23 15:40:00
1081681,2023-03-27T02:00:00+00:00,32.1697,-87.5225,1199.0625,85.60942077636719,295.3271484375,293.255859375,100592.125,44.68174743652344,14.994246379059035,16.30470962287992,1.0,0,EF1,CST-6,26-MAR-23 19:38:00
1113726,2023-06-16T13:00:00+00:00,31.0131,-87.9669,1558.875,151.20339965820312,297.3232421875,295.260498046875,101236.5625,54.77335739135742,6.312618403038717,16.130831731342408,1.0,0,EF1,CST-6,16-JUN-23 07:00:00
1127046,2023-07-14T01:00:00+00:00,37.18,-102.78,2467.125,764.8126220703125,297.2978515625,292.22412109375,86099.5625,35.953704833984375,0.10468907705154328,5.436139722479926,0.0,0,EF0,MST-7,13-JUL-23 18:16:00
1112722,2023-06-14T16:00:00+00:00,31.5692,-85.2818,3578.5,216.15635681152344,298.301025390625,295.980712890625,99977.6875,44.784236907958984,11.175934735513993,16.5877748382733,1.0,0,EF1,CST-6,14-JUN-23 09:40:00
1090343,2023-04-27T20:00:00+00:00,30.3832,-84.8169,1780.5,32.140830993652344,296.49072265625,292.70892333984375,100603.875,46.149253845214844,10.498854296319891,15.293165632539205,2.0,1,EF2,EST-5,27-APR-23 14:54:00
1120133,2023-08-18T13:00:00+00:00,41.7987,-71.5741,600.5,0.15632207691669464,294.9296875,294.286865234375,99786.375,46.59520721435547,14.158379815745285,18.57574030935913,2.0,1,EF2,EST-5,18-AUG-23 07:40:00
1141337,2023-10-03T21:00:00+00:00,40.7549,-99.496,1106.5,30.765649795532227,293.0029296875,289.961669921875,92389.25,31.835920333862305,2.4783668407196404,11.796299390769718,0.0,0,EF0,CST-6,03-OCT-23 14:59:00
1160555,2023-08-25T04:00:00+00:00,41.279,-82.121,4256.0,293.7656555175781,297.305908203125,296.207763671875,97771.75,45.19416427612305,12.929820041542506,14.210801192034673,0.0,0,EF0,EST-5,24-AUG-23 23:00:00
1140301,2023-10-12T21:00:00+00:00,39.4776,-98.1799,117.625,54.375450134277344,295.572265625,288.5986022949219,93767.75,22.153854370117188,7.6141119105511015,11.793463847560744,,0,EFU,CST-6,12-OCT-23 14:39:00
1114146,2023-06-17T22:00:00+00:00,30.6037,-87.555,1845.625,115.0739517211914,300.1865234375,296.005859375,100661.625,50.10701370239258,4.5114317544172655,15.708913553223317,0.0,0,EF0,CST-6,17-JUN-23 15:30:00
1114697,2023-06-19T18:00:00+00:00,30.341,-87.791,4185.75,33.765625,297.15283203125,296.070068359375,100994.5625,47.056976318359375,11.229621977777814,9.291832493226906,1.0,0,EF1,CST-6,19-JUN-23 12:00:00
1127557,2023-08-30T12:00:00+00:00,31.1505,-81.4935,498.75,11.520986557006836,299.219482421875,298.09814453125,100317.6875,70.34712982177734,12.41233209651956,20.260918889578562,1.0,0,EF1,EST-5,30-AUG-23 06:40:00
1141342,2023-10-03T22:00:00+00:00,41.1196,-98.8308,552.625,42.07829284667969,291.0029296875,290.14990234375,93416.6875,35.905982971191406,7.9862694655608975,24.022029372090525,0.0,0,EF0,CST-6,03-OCT-23 15:56:00
1140300,2023-10-12T21:00:00+00:00,40.35,-98.977,325.25,80.34420013427734,289.177734375,288.6396179199219,91761.75,24.790573120117188,6.421697905777076,17.420992474903365,1.0,0,EF1,CST-6,12-OCT-23 14:47:00
1161247,2023-03-27T01:00:00+00:00,31.951,-87.2119,1319.8125,24.4689998626709,295.72900390625,293.4801940917969,100271.125,38.67631912231445,15.684412150331868,12.938930400387624,1.0,0,EF1,CST-6,26-MAR-23 19:29:00
1163754,2023-07-01T00:00:00+00:00,38.77,-105.32,319.0,302.5318603515625,288.16455078125,281.373291015625,75623.625,14.015833854675293,0.6774362801997131,1.451939863384464,0.0,0,EF0,MST-7,30-JUN-23 16:30:00
1124135,2023-07-29T06:00:00+00:00,41.1819,-85.3098,2750.125,257.2500305175781,295.664306640625,294.433349609375,98172.625,51.54527282714844,13.96649979145441,10.968759509417966,0.0,0,EF0,EST-5,29-JUL-23 01:27:00
1119867,2023-08-08T15:00:00+00:00,41.6808,-70.8477,979.625,11.697050094604492,296.55810546875,295.19677734375,100196.6875,52.94869613647461,10.772703677023218,14.18010952476117,1.0,0,EF1,EST-5,08-AUG-23 10:20:00
1119868,2023-08-08T16:00:00+00:00,41.6751,-70.3917,1155.125,35.04782485961914,296.30859375,294.746826171875,100091.0,52.4461555480957,11.27841573332668,12.794126857653813,0.0,0,EF0,EST-5,08-AUG-23 10:52:00
1103685,2023-06-24T00:00:00+00:00,43.4986,-105.3563,2086.0,420.8092346191406,294.802978515625,288.536865234375,85005.375,21.20990753173828,0.6579733307780572,6.6902233045700115,2.0,1,EF2,MST-7,23-JUN-23 16:49:00
1074157,2023-01-12T18:00:00+00:00,31.0196,-88.203,1204.9375,1.9220563173294067,294.92291259765625,291.3138122558594,100781.1875,32.84511184692383,18.013212978699222,20.172725748169345,2.0,1,EF2,CST-6,12-JAN-23 12:15:00
1104168,2023-06-29T18:00:00+00:00,39.7486,-89.2669,2848.75,473.1875,300.478759765625,296.564453125,99008.5,52.942604064941406,2.2454228647911982,21.2402122237882,1.0,0,EF1,CST-6,29-JUN-23 11:33:00
1104161,2023-06-29T18:00:00+00:00,39.5987,-89.2973,2848.75,473.1875,300.478759765625,296.564453125,99008.5,52.942604064941406,2.2454228647911982,21.2402122237882,1.0,0,EF1,CST-6,29-JUN-23 11:38:00
1104154,2023-06-29T17:00:00+00:00,39.6141,-89.4251,2840.625,445.9595031738281,301.180908203125,296.504150390625,99060.5625,53.128517150878906,2.0875529210703396,21.437710460630907,1.0,0,EF1,CST-6,29-JUN-23 11:29:00
1146440,2023-08-12T19:00:00+00:00,40.5886,-82.0918,930.5,54.48779296875,300.429443359375,291.0625,97073.375,37.89461898803711,4.231485731336253,14.162372170998573,0.0,0,EF0,EST-5,12-AUG-23 14:20:00
1124133,2023-07-29T06:00:00+00:00,41.18,-85.32,2750.125,257.2500305175781,295.664306640625,294.433349609375,98172.625,51.54527282714844,13.96649979145441,10.968759509417966,0.0,0,EF0,EST-5,29-JUL-23 01:26:00
1107961,2023-06-21T23:00:00+00:00,40.0397,-103.2202,2869.125,18.441177368164062,296.912353515625,290.41632080078125,85647.75,33.77218246459961,0.5920533308273458,7.285967445016504,,0,EFU,MST-7,21-JUN-23 15:43:00
1107962,2023-06-21T23:00:00+00:00,40.047,-103.24,2869.125,18.441177368164062,296.912353515625,290.41632080078125,85647.75,33.77218246459961,0.5920533308273458,7.285967445016504,,0,EFU,MST-7,21-JUN-23 15:45:00
1108827,2023-06-22T01:00:00+00:00,39.8321,-103.2477,535.625,202.74404907226562,293.241943359375,288.63543701171875,85723.3125,27.429901123046875,0.7368494965083424,7.456520424926768,,0,EFU,MST-7,21-JUN-23 17:45:00
1107618,2023-06-21T22:00:00+00:00,39.9991,-103.1896,4235.5,53.438472747802734,299.396728515625,291.510009765625,85637.5,33.40278625488281,0.12307957802295237,6.922804542204181,,0,EFU,MST-7,21-JUN-23 15:10:00
1108825,2023-06-22T00:00:00+00:00,39.8654,-103.2302,1103.0,40.01911163330078,294.38525390625,289.40966796875,85722.0625,28.361858367919922,0.4334133080820212,9.42353046781487,2.0,1,EF2,MST-7,21-JUN-23 17:16:00
1086292,2023-04-01T04:00:00+00:00,41.1961,-84.9,449.875,0.20764392614364624,288.551513671875,286.50506591796875,96606.1875,32.562870025634766,21.105271977318093,23.042818995505698,0.0,0,EF0,EST-5,31-MAR-23 22:44:00
1086299,2023-04-01T04:00:00+00:00,40.5062,-85.8434,631.0,0.8951439261436462,289.330810546875,287.04510498046875,96605.1875,31.764041900634766,19.43487779337562,21.41881777332266,2.0,1,EF2,EST-5,31-MAR-23 22:33:00
1107465,2023-06-21T22:00:00+00:00,40.6989,-103.4272,2290.0,113.15721893310547,299.442626953125,288.021728515625,86356.5,33.08833312988281,0.669614080721986,7.542125607631774,,0,EFU,MST-7,21-JUN-23 14:35:00
1086301,2023-04-01T04:00:00+00:00,40.4811,-85.5929,489.3125,0.6295189261436462,289.042724609375,286.93572998046875,96506.1875,31.328495025634766,21.093465973624095,25.47108718125309,3.0,1,EF3,EST-5,31-MAR-23 22:42:00
1107958,2023-06-21T23:00:00+00:00,40.0422,-103.2456,2869.125,18.441177368164062,296.912353515625,290.41632080078125,85647.75,33.77218246459961,0.5920533308273458,7.285967445016504,1.0,0,EF1,MST-7,21-JUN-23 15:43:00
1108823,2023-06-22T00:00:00+00:00,39.9866,-103.4327,1459.375,143.14410400390625,293.90185546875,289.04248046875,85494.0625,28.852092742919922,0.3735597316747255,12.614898243212238,,0,EFU,MST-7,21-JUN-23 16:39:00
1086285,2023-04-01T02:00:00+00:00,40.815,-86.5572,730.875,1.0781368017196655,290.10498046875,287.47686767578125,96925.5625,32.15284729003906,20.52252705355943,25.09283437279769,1.0,0,EF1,EST-5,31-MAR-23 21:13:00
1107378,2023-06-21T21:00:00+00:00,40.0657,-102.9894,3707.5,82.17240905761719,300.03125,291.09716796875,86614.375,29.183197021484375,0.09217267640315038,5.587779295940446,,0,EFU,MST-7,21-JUN-23 14:05:00
1145363,2023-12-10T07:00:00+00:00,31.6234,-85.442,600.1875,5.2806396484375,290.480712890625,289.81011962890625,100059.625,34.21331024169922,13.204098871065376,15.864300402531072,0.0,0,EF0,CST-6,10-DEC-23 01:19:00
1147669,2023-12-10T12:00:00+00:00,30.8054,-85.8331,187.4375,0.7347515225410461,291.724853515625,290.95013427734375,100763.6875,43.665184020996094,9.366968618852894,23.15482462295143,1.0,0,EF1,CST-6,10-DEC-23 05:30:00
1144372,2023-12-09T22:00:00+00:00,36.1601,-87.2335,561.375,0.41165366768836975,290.62841796875,287.32293701171875,98676.5625,27.721525192260742,12.03924157954832,22.537019695284908,2.0,1,EF2,CST-6,09-DEC-23 16:03:00
1107644,2023-06-21T22:00:00+00:00,40.02,-103.1971,4235.5,53.438472747802734,299.396728515625,291.510009765625,85637.5,33.40278625488281,0.12307957802295237,6.922804542204181,,0,EFU,MST-7,21-JUN-23 15:28:00
1144373,2023-12-09T22:00:00+00:00,36.183,-87.153,561.375,0.41165366768836975,290.62841796875,287.32293701171875,98676.5625,27.721525192260742,12.03924157954832,22.537019695284908,2.0,1,EF2,CST-6,09-DEC-23 16:10:00
1108018,2023-06-21T23:00:00+00:00,40.0531,-103.2361,3410.375,27.050552368164062,296.934814453125,290.30499267578125,86297.75,37.54366683959961,0.20417031971514651,7.941265327594635,,0,EFU,MST-7,21-JUN-23 15:48:00
1144375,2023-12-09T22:00:00+00:00,36.207,-86.984,441.625,0.30227866768836975,291.10693359375,287.32196044921875,98728.5625,26.890470504760742,12.525334794684884,23.34533106640505,2.0,1,EF2,CST-6,09-DEC-23 16:24:00
1145378,2023-12-10T06:00:00+00:00,33.4434,-86.837,180.1875,0.9004526138305664,289.48260498046875,288.5149230957031,99127.4375,35.20541000366211,14.790425863242511,19.822242433471608,1.0,0,EF1,CST-6,10-DEC-23 00:09:00
1145380,2023-12-10T06:00:00+00:00,33.4685,-86.7849,180.1875,0.9004526138305664,289.48260498046875,288.5149230957031,99127.4375,35.20541000366211,14.790425863242511,19.822242433471608,1.0,0,EF1,CST-6,10-DEC-23 00:13:00
1144376,2023-12-09T22:00:00+00:00,36.4689,-86.9078,510.125,0.06790365278720856,290.97509765625,287.56707763671875,98890.5625,27.855314254760742,12.801995708546773,22.995592877879588,2.0,1,EF2,CST-6,09-DEC-23 16:16:00
1154316,2023-12-10T03:00:00+00:00,32.048,-89.933,723.375,5.376009941101074,292.2950744628906,290.7579650878906,100067.875,38.09184265136719,13.698350689384363,16.869541721830544,0.0,0,EF0,CST-6,09-DEC-23 21:21:00
1144554,2023-12-09T23:00:00+00:00,36.255,-86.7852,613.0,0.379637211561203,289.791748046875,287.67730712890625,98987.3125,29.475799560546875,14.523244761665861,22.084210712873638,2.0,1,EF2,CST-6,09-DEC-23 16:39:00
1144555,2023-12-09T23:00:00+00:00,36.297,-86.656,613.0,0.379637211561203,289.791748046875,287.67730712890625,98987.3125,29.475799560546875,14.523244761665861,22.084210712873638,2.0,1,EF2,CST-6,09-DEC-23 16:50:00
1154317,2023-12-10T03:00:00+00:00,32.048,-89.885,723.375,5.376009941101074,292.2950744628906,290.7579650878906,100067.875,38.09184265136719,13.698350689384363,16.869541721830544,0.0,0,EF0,CST-6,09-DEC-23 21:25:00
1154319,2023-12-10T04:00:00+00:00,32.0238,-89.619,623.6875,4.203362464904785,292.6220397949219,291.2585754394531,99988.5,36.57814025878906,13.95994219460236,17.26950632783969,0.0,0,EF0,CST-6,09-DEC-23 21:44:00
1144556,2023-12-09T23:00:00+00:00,36.433,-86.269,479.0,1.7702622413635254,289.899169921875,287.82183837890625,98810.3125,28.436737060546875,15.448282032121504,23.075993360857396,2.0,1,EF2,CST-6,09-DEC-23 17:24:00
1144557,2023-12-10T00:00:00+00:00,36.6169,-85.723,539.3125,11.422502517700195,289.078369140625,287.2803955078125,98316.875,29.091760635375977,16.343590265089595,21.918370146828796,1.0,0,EF1,CST-6,09-DEC-23 18:07:00
1154322,2023-12-10T05:00:00+00:00,32.186,-88.914,286.1875,7.4036478996276855,291.6494140625,290.57623291015625,100013.625,36.65338134765625,11.150760171983544,18.148129076516994,0.0,0,EF0,CST-6,09-DEC-23 22:33:00
1107627,2023-06-21T22:00:00+00:00,40.0171,-103.1855,4235.5,53.438472747802734,299.396728515625,291.510009765625,85637.5,33.40278625488281,0.12307957802295237,6.922804542204181,,0,EFU,MST-7,21-JUN-23 15:25:00
1154262,2023-12-10T17:00:00+00:00,35.694,-78.652,420.125,3.843879461288452,291.601318359375,290.4329528808594,99997.5625,38.46879577636719,12.44588240338862,20.104189029719894,1.0,0,EF1,EST-5,10-DEC-23 12:28:00
1153151,2023-12-01T12:00:00+00:00,30.833,-89.5209,220.625,103.14308166503906,292.21246337890625,291.111083984375,100337.875,48.25947570800781,16.214029271679017,17.98204790752113,0.0,0,EF0,CST-6,01-DEC-23 06:10:00
1153035,2023-12-09T20:00:00+00:00,36.715,-87.06,642.375,22.923383712768555,289.90771484375,288.00555419921875,98974.3125,26.67498779296875,14.577080467737366,22.45117236592984,2.0,1,EF2,CST-6,09-DEC-23 14:15:00
1108017,2023-06-21T23:00:00+00:00,40.05,-103.2369,3410.375,27.050552368164062,296.934814453125,290.30499267578125,86297.75,37.54366683959961,0.20417031971514651,7.941265327594635,,0,EFU,MST-7,21-JUN-23 15:47:00
1153047,2023-12-09T21:00:00+00:00,36.844,-86.691,689.9375,0.12549032270908356,289.76416015625,288.070068359375,98922.875,26.303546905517578,16.406242816581155,24.954758913318567,0.0,0,EF0,CST-6,09-DEC-23 14:48:00
1153058,2023-12-09T21:00:00+00:00,36.924,-86.45,703.375,0.06299032270908356,289.69189453125,288.047607421875,98928.875,26.707843780517578,15.186652864637841,23.857829804682183,1.0,0,EF1,CST-6,09-DEC-23 15:07:00
1152178,2023-12-09T20:00:00+00:00,36.64,-87.28,628.25,18.735883712768555,289.98583984375,288.07879638671875,99070.3125,25.98748779296875,16.12158845041068,23.892083785915837,2.0,1,EF2,CST-6,09-DEC-23 13:57:00
1153061,2023-12-17T18:00:00+00:00,33.6837,-78.9737,383.65625,,289.0478515625,287.8812255859375,99519.5625,46.92829132080078,24.504579314994157,36.427226354031475,1.0,0,EF1,EST-5,17-DEC-23 13:16:00
1145371,2023-12-10T11:00:00+00:00,32.4649,-85.4258,68.75,0.6719120740890503,290.2640075683594,289.5469665527344,99583.8125,37.488441467285156,9.11213984227734,16.744416063161292,0.0,0,EF0,CST-6,10-DEC-23 04:36:00
1153063,2023-12-10T00:00:00+00:00,36.62,-85.718,539.3125,11.422502517700195,289.078369140625,287.2803955078125,98316.875,29.091760635375977,16.343590265089595,21.918370146828796,1.0,0,EF1,CST-6,09-DEC-23 18:07:00
1144347,2023-12-09T19:00:00+00:00,36.4931,-87.7453,674.375,0.08779577910900116,290.80859375,288.3779296875,99166.3125,26.283700942993164,14.811587300400081,22.068328853980823,1.0,0,EF1,CST-6,09-DEC-23 13:19:00
1107981,2023-06-21T23:00:00+00:00,40.047,-103.2249,2869.125,18.441177368164062,296.912353515625,290.41632080078125,85647.75,33.77218246459961,0.5920533308273458,7.285967445016504,,0,EFU,MST-7,21-JUN-23 15:45:00
1107620,2023-06-21T22:00:00+00:00,40.0185,-103.194,4235.5,53.438472747802734,299.396728515625,291.510009765625,85637.5,33.40278625488281,0.12307957802295237,6.922804542204181,,0,EFU,MST-7,21-JUN-23 15:18:00
1154315,2023-12-10T03:00:00+00:00,32.0455,-89.9858,723.375,5.376009941101074,292.2950744628906,290.7579650878906,100067.875,38.09184265136719,13.698350689384363,16.869541721830544,0.0,0,EF0,CST-6,09-DEC-23 21:18:00
1144350,2023-12-09T19:00:00+00:00,36.5201,-87.622,660.1875,0.08779577910900116,290.767578125,288.3779296875,99045.3125,26.666513442993164,13.741344803783479,20.633403618868698,0.0,0,EF0,CST-6,09-DEC-23 13:29:00
1108016,2023-06-21T23:00:00+00:00,40.0484,-103.2352,2869.125,18.441177368164062,296.912353515625,290.41632080078125,85647.75,33.77218246459961,0.5920533308273458,7.285967445016504,,0,EFU,MST-7,21-JUN-23 15:46:00
1154321,2023-12-10T04:00:00+00:00,32.2123,-89.2779,372.3125,2.734612226486206,292.5273132324219,291.1179504394531,99900.5,37.07716369628906,13.716655215645291,18.958053393305796,1.0,0,EF1,CST-6,09-DEC-23 22:04:00
1144360,2023-12-09T20:00:00+00:00,36.5746,-87.4718,598.3125,0.7827578186988831,289.92333984375,287.98797607421875,99096.3125,25.93865966796875,17.519573887024098,25.307122255377877,3.0,1,EF3,CST-6,09-DEC-23 13:41:00
1147668,2023-12-10T07:00:00+00:00,31.6323,-85.4162,600.1875,5.2806396484375,290.480712890625,289.81011962890625,100059.625,34.21331024169922,13.204098871065376,15.864300402531072,0.0,0,EF0,CST-6,10-DEC-23 01:22:00
1144368,2023-12-09T21:00:00+00:00,36.2793,-87.4138,744.25,13.531740188598633,290.16162109375,288.265380859375,98842.875,24.940265655517578,15.962420156767704,22.764278760999954,2.0,1,EF2,CST-6,09-DEC-23 15:29:00
1106990,2023-06-16T22:00:00+00:00,39.2,-103.27,454.25,19.000152587890625,291.891357421875,285.25927734375,84598.1875,24.55502700805664,0.16870779409546968,12.522982563087014,0.0,0,EF0,MST-7,16-JUN-23 15:29:00
1115806,2023-06-23T02:00:00+00:00,38.95,-104.42,747.875,160.78135681152344,291.613037109375,286.48663330078125,80646.875,23.03437042236328,0.11601485468298088,6.138699603265209,0.0,0,EF0,MST-7,22-JUN-23 19:08:00
1089811,2023-04-01T03:00:00+00:00,39.3089,-86.6854,414.625,0.35884279012680054,291.03564453125,288.287109375,97306.625,30.62030601501465,20.202467981758808,31.471700661258538,3.0,1,EF3,EST-5,31-MAR-23 22:03:00
1103109,2023-06-29T15:00:00+00:00,40.41,-91.79,1915.5,263.3595275878906,302.102783203125,295.462890625,98737.9375,47.620121002197266,4.217211308685278,13.855861181197449,1.0,0,EF1,CST-6,29-JUN-23 09:10:00
1089566,2023-04-01T03:00:00+00:00,39.3865,-86.4618,368.125,2.3432178497314453,290.56982421875,288.193359375,97193.625,30.96405601501465,20.01203402454697,31.934845329617847,2.0,1,EF2,EST-5,31-MAR-23 22:12:00
1136352,2023-08-09T00:00:00+00:00,40.0603,-102.6425,1631.875,534.1250610351562,293.40283203125,289.904296875,86964.125,30.10700225830078,0.30881061231613904,15.241358921869356,,0,EFU,MST-7,08-AUG-23 16:30:00
1136353,2023-08-09T00:00:00+00:00,39.9045,-102.716,1540.625,280.57818603515625,295.48779296875,289.6240234375,86748.125,30.40094757080078,0.23472740811417042,15.556604283383962,0.0,0,EF0,MST-7,08-AUG-23 17:04:00
1151479,2023-06-19T02:00:00+00:00,32.2446,-89.7625,2549.0,35.921932220458984,299.65380859375,295.603271484375,99389.8125,49.17340087890625,14.566255774446185,20.234969587709802,0.0,0,EF0,CST-6,18-JUN-23 20:25:00
1151485,2023-06-19T04:00:00+00:00,32.0856,-89.4027,2641.875,176.23460388183594,298.1279296875,295.8359375,99407.875,48.26935577392578,15.512026160311844,14.378640567898803,0.0,0,EF0,CST-6,18-JUN-23 21:59:00
1097173,2023-05-12T21:00:00+00:00,41.59,-97.69,2125.25,4.656273365020752,295.485107421875,292.28863525390625,94563.4375,33.79901885986328,9.405040832434684,16.65698578163523,,0,EFU,CST-6,12-MAY-23 14:55:00
1136354,2023-08-09T00:00:00+00:00,39.8553,-102.6889,1540.625,280.57818603515625,295.48779296875,289.6240234375,86748.125,30.40094757080078,0.23472740811417042,15.556604283383962,,0,EFU,MST-7,08-AUG-23 17:19:00
1136322,2023-08-09T03:00:00+00:00,39.2998,-102.0227,2390.75,575.43896484375,293.70751953125,288.7841491699219,88163.6875,38.594482421875,0.2266038181740403,8.138719070153652,,0,EFU,MST-7,08-AUG-23 20:17:00
1088602,2023-04-01T03:00:00+00:00,36.0984,-88.1905,1908.1875,1.5463427305221558,294.51123046875,291.3701171875,98907.625,34.23749542236328,21.102512864807903,32.986307289677406,0.0,0,EF0,CST-6,31-MAR-23 21:29:00
1098290,2023-06-17T23:00:00+00:00,32.9857,-100.3701,839.625,,307.287841796875,291.971435546875,94343.0,34.138580322265625,0.5772317254263603,18.194782409596293,,0,EFU,CST-6,17-JUN-23 17:18:00
1097213,2023-05-12T22:00:00+00:00,41.7561,-97.2057,1340.0,35.53146743774414,294.80859375,291.9427490234375,95196.5,36.84485626220703,7.901482120691177,20.545140843246752,1.0,0,EF1,CST-6,12-MAY-23 16:17:00
1097212,2023-05-12T22:00:00+00:00,41.4458,-96.6991,1206.5,36.17209243774414,298.0458984375,292.1810302734375,95964.5,35.07630157470703,7.585185619393228,21.300262745061303,2.0,1,EF2,CST-6,12-MAY-23 16:15:00
1087403,2023-03-25T04:00:00+00:00,33.869,-88.72,810.0,0.5783987045288086,293.68212890625,291.7698974609375,99329.0625,44.67218780517578,22.384294690613846,21.329429706570934,3.0,1,EF3,CST-6,24-MAR-23 21:40:00
1102051,2023-04-03T10:00:00+00:00,31.9177,-89.8915,264.25,0.3954152464866638,292.98126220703125,292.60711669921875,99498.6875,39.423065185546875,18.002144920262193,16.22749153729808,1.0,0,EF1,CST-6,03-APR-23 03:37:00
1151406,2023-06-18T16:00:00+00:00,32.0609,-88.6577,3146.25,438.9688720703125,296.89111328125,293.921630859375,100114.5625,47.78660583496094,4.558180706318115,15.227614202143167,1.0,0,EF1,CST-6,18-JUN-23 09:54:00
1151438,2023-06-19T01:00:00+00:00,32.7065,-89.9481,3718.375,37.36538314819336,300.771728515625,296.059814453125,99702.625,51.28189468383789,15.25411917271175,20.049813735247575,0.0,0,EF0,CST-6,18-JUN-23 18:38:00
1089569,2023-04-01T03:00:00+00:00,39.4955,-86.1738,319.125,1.5619677305221558,290.52197265625,288.1474609375,97268.625,31.41718101501465,19.42658333403415,31.540437403714066,0.0,0,EF0,EST-5,31-MAR-23 22:27:00
1089570,2023-04-01T04:00:00+00:00,39.5363,-86.1042,428.4375,0.06701892614364624,290.479248046875,287.77362060546875,97234.1875,30.472049713134766,18.12817999244436,31.58348688947847,3.0,1,EF3,EST-5,31-MAR-23 22:33:00
1089567,2023-04-01T03:00:00+00:00,40.4254,-86.1946,592.5625,0.18696777522563934,289.33056640625,287.1513671875,96722.625,33.04608917236328,21.798715647739005,27.057997692688478,0.0,0,EF0,EST-5,31-MAR-23 22:15:00
1108816,2023-06-21T23:00:00+00:00,40.0618,-103.2617,3410.375,27.050552368164062,296.934814453125,290.30499267578125,86297.75,37.54366683959961,0.20417031971514651,7.941265327594635,,0,EFU,MST-7,21-JUN-23 15:52:00
1151487,2023-06-19T04:00:00+00:00,32.0179,-89.2884,2884.125,249.51585388183594,299.2841796875,296.4287109375,99620.875,44.25666046142578,15.382564068991261,11.752445194797808,3.0,1,EF3,CST-6,18-JUN-23 22:29:00
1102052,2023-04-03T11:00:00+00:00,31.8063,-89.146,277.3125,22.964475631713867,293.07171630859375,292.6341552734375,99681.4375,40.495967864990234,18.223444939225523,16.4441502299241,1.0,0,EF1,CST-6,03-APR-23 04:45:00
1136355,2023-08-09T00:00:00+00:00,39.8129,-102.6587,1540.625,280.57818603515625,295.48779296875,289.6240234375,86748.125,30.40094757080078,0.23472740811417042,15.556604283383962,,0,EFU,MST-7,08-AUG-23 17:23:00
1136403,2023-08-09T01:00:00+00:00,39.6886,-102.5101,2050.375,207.0214385986328,298.099609375,289.03936767578125,87225.9375,34.04804229736328,0.20198096109418495,13.752746030240562,,0,EFU,MST-7,08-AUG-23 18:00:00
1182323,2023-06-17T23:00:00+00:00,36.7911,-100.7865,1862.0,29.35941505432129,297.859130859375,292.513427734375,91352.0,34.606353759765625,2.6092088226527808,12.210424887813966,,0,EFU,CST-6,17-JUN-23 17:08:00
1089565,2023-04-01T03:00:00+00:00,40.3967,-86.2742,592.5625,0.18696777522563934,289.33056640625,287.1513671875,96722.625,33.04608917236328,21.798715647739005,27.057997692688478,0.0,0,EF0,EST-5,31-MAR-23 22:11:00
1089562,2023-04-01T03:00:00+00:00,40.1378,-86.6963,899.1875,0.21821777522563934,290.40576171875,287.4931640625,96849.625,33.40448760986328,20.585001734906776,22.790897567333023,0.0,0,EF0,EST-5,31-MAR-23 21:43:00
1089415,2023-04-01T04:00:00+00:00,35.167,-88.785,2074.25,1.5357688665390015,294.629638671875,292.11834716796875,99236.1875,37.190799713134766,20.86896632165301,24.919484186985258,3.0,1,EF3,CST-6,31-MAR-23 22:06:00
1094396,2023-06-15T22:00:00+00:00,41.9351,-83.3316,1125.5,14.109436988830566,292.799560546875,289.876708984375,98184.0625,33.52714920043945,7.4464452905164515,13.78618771526366,1.0,0,EF1,EST-5,15-JUN-23 17:09:00
1089839,2023-04-01T03:00:00+00:00,40.1789,-86.6655,899.1875,0.21821777522563934,290.40576171875,287.4931640625,96849.625,33.40448760986328,20.585001734906776,22.790897567333023,2.0,1,EF2,EST-5,31-MAR-23 21:45:00
1097191,2023-05-12T22:00:00+00:00,40.12,-96.14,34.5,43.62521743774414,300.0009765625,291.0667724609375,96336.5,24.26575469970703,8.378626808267512,16.73547803550519,1.0,0,EF1,CST-6,12-MAY-23 15:33:00
1091239,2023-03-22T01:00:00+00:00,34.4167,-119.5389,56.40625,,280.941650390625,279.71820068359375,94961.75,12.52203369140625,3.5264248308777737,15.070005515353602,0.0,0,EF0,PST-8,21-MAR-23 16:45:00
1116173,2023-06-19T20:00:00+00:00,30.42,-88.57,4250.0,187.32272338867188,298.78857421875,297.185546875,100941.0625,48.744049072265625,7.864038266170535,8.943915763628409,2.0,1,EF2,CST-6,19-JUN-23 13:48:00
1109633,2023-06-16T10:00:00+00:00,32.2456,-90.9258,1999.125,123.64320373535156,298.272705078125,296.5028076171875,100633.0625,48.72420883178711,9.801619226658548,11.058835525635793,1.0,0,EF1,CST-6,16-JUN-23 03:40:00
1089563,2023-04-01T03:00:00+00:00,40.154,-86.7171,899.1875,0.21821777522563934,290.40576171875,287.4931640625,96849.625,33.40448760986328,20.585001734906776,22.790897567333023,1.0,0,EF1,EST-5,31-MAR-23 21:43:00
1097198,2023-05-12T22:00:00+00:00,41.7689,-97.2567,1340.0,35.53146743774414,294.80859375,291.9427490234375,95196.5,36.84485626220703,7.901482120691177,20.545140843246752,1.0,0,EF1,CST-6,12-MAY-23 15:53:00
1077275,2023-01-25T02:00:00+00:00,30.69,-91.42,341.0625,1.0053045749664307,291.669677734375,291.38043212890625,100341.0625,42.94147872924805,22.77401367899331,31.038324982316176,1.0,0,EF1,CST-6,24-JAN-23 19:37:00
1097203,2023-05-12T22:00:00+00:00,42.073,-97.5483,589.5,35.75021743774414,295.7509765625,290.2884521484375,94877.5,34.23938751220703,6.78173658731598,15.962238800007087,1.0,0,EF1,CST-6,12-MAY-23 16:01:00
1086886,2023-03-25T01:00:00+00:00,34.1625,-90.0458,455.75,3.1254751682281494,294.54736328125,291.8015441894531,99176.625,50.94417190551758,20.09197538223418,23.493377611008086,1.0,0,EF1,CST-6,24-MAR-23 19:25:00
1151482,2023-06-19T03:00:00+00:00,32.0835,-89.6099,2555.0,95.56420135498047,297.646484375,295.486328125,99348.875,47.87464141845703,14.919046403087322,15.768531537164812,0.0,0,EF0,CST-6,18-JUN-23 21:23:00
1089766,2023-04-01T03:00:00+00:00,40.1383,-86.6957,899.1875,0.21821777522563934,290.40576171875,287.4931640625,96849.625,33.40448760986328,20.585001734906776,22.790897567333023,0.0,0,EF0,EST-5,31-MAR-23 21:44:00
1136404,2023-08-09T01:00:00+00:00,39.6139,-102.3955,2050.375,207.0214385986328,298.099609375,289.03936767578125,87225.9375,34.04804229736328,0.20198096109418495,13.752746030240562,2.0,1,EF2,MST-7,08-AUG-23 18:25:00
1151444,2023-06-19T01:00:00+00:00,32.4296,-90.1404,3621.75,40.42788314819336,301.396728515625,296.132080078125,99690.625,51.81412124633789,17.55918338763252,18.312344539252887,1.0,0,EF1,CST-6,18-JUN-23 18:57:00
1089568,2023-04-01T03:00:00+00:00,40.4207,-86.0199,417.4375,0.32759279012680054,289.26611328125,287.1474609375,96661.625,32.87714385986328,21.92057560450312,28.680078043262263,1.0,0,EF1,EST-5,31-MAR-23 22:20:00
1136351,2023-08-08T23:00:00+00:00,40.106,-102.7942,1459.25,82.44080352783203,293.69482421875,289.902587890625,87010.5,33.98961639404297,0.0907933008594936,13.303765484355715,3.0,1,EF3,MST-7,08-AUG-23 15:57:00
1144648,2023-06-18T01:00:00+00:00,36.7631,-100.0189,2224.5,23.125030517578125,295.3896484375,292.568359375,92938.75,35.783721923828125,6.404897743643041,17.250048930108782,0.0,0,EF0,CST-6,17-JUN-23 18:42:00
1105187,2023-05-11T18:00:00+00:00,33.1472,-91.8186,1136.125,31.963380813598633,295.720458984375,294.4878234863281,100796.9375,49.30902862548828,11.816424254924273,13.648472984534939,1.0,0,EF1,CST-6,11-MAY-23 11:41:00
1144176,2023-11-21T03:00:00+00:00,31.3862,-90.7459,589.0,7.343826770782471,293.6142578125,293.0745849609375,99463.375,40.66866683959961,13.850547310232855,18.944269205943616,1.0,0,EF1,CST-6,20-NOV-23 21:22:00
1089564,2023-04-01T03:00:00+00:00,39.2978,-86.7282,335.1875,2.9994678497314453,291.32275390625,288.5146484375,97558.625,30.60077476501465,20.188489868255736,32.22009593514428,3.0,1,EF3,EST-5,31-MAR-23 22:01:00
1133522,2023-08-07T22:00:00+00:00,39.7612,-101.5728,2608.25,58.24118423461914,300.896484375,288.663330078125,89617.875,32.04228210449219,0.789343375379784,10.383059853273942,,0,EFU,CST-6,07-AUG-23 15:35:00
1089837,2023-04-01T03:00:00+00:00,40.1646,-86.6958,899.1875,0.21821777522563934,290.40576171875,287.4931640625,96849.625,33.40448760986328,20.585001734906776,22.790897567333023,0.0,0,EF0,EST-5,31-MAR-23 21:44:00
1089561,2023-04-01T02:00:00+00:00,39.0313,-87.5708,238.9375,73.71876525878906,293.38037109375,289.17706298828125,98248.5625,31.544448852539062,21.38449097364889,27.79425650085917,3.0,1,EF3,EST-5,31-MAR-23 21:21:00
1089413,2023-04-01T03:00:00+00:00,35.318,-88.366,2816.9375,0.32759279012680054,294.89599609375,291.798828125,99094.625,37.89374542236328,21.090429904608033,29.98037810831025,2.0,1,EF2,CST-6,31-MAR-23 20:48:00
1150394,2023-06-16T10:00:00+00:00,32.0928,-90.6178,2185.875,149.95570373535156,297.492431640625,296.1336669921875,100099.0625,50.39706039428711,10.358740832540215,13.301114234686045,1.0,0,EF1,CST-6,16-JUN-23 03:54:00
1151451,2023-06-19T01:00:00+00:00,32.4526,-89.6347,3501.5,29.834135055541992,299.416259765625,295.462158203125,99432.625,52.57486343383789,15.504711364235028,17.38659537439112,1.0,0,EF1,CST-6,18-JUN-23 19:04:00
1109076,2023-06-29T03:00:00+00:00,40.78,-103.01,1107.875,467.6252746582031,295.822265625,289.154296875,86948.9375,28.438331604003906,0.33158826733203406,7.0048952265250835,,0,EFU,MST-7,28-JUN-23 20:13:00
1136405,2023-08-09T02:00:00+00:00,39.571,-102.376,2154.0,471.44854736328125,296.35888671875,289.2359924316406,87958.5625,37.18110275268555,0.44209476987170143,13.00783515278233,2.0,1,EF2,MST-7,08-AUG-23 18:40:00
1097234,2023-05-12T23:00:00+00:00,41.7429,-96.5234,1377.5,12.317238807678223,299.75048828125,291.07403564453125,96151.375,37.29823303222656,6.648709562635308,19.54859678249453,1.0,0,EF1,CST-6,12-MAY-23 17:14:00
1097236,2023-05-12T23:00:00+00:00,41.7844,-96.5295,1377.5,12.317238807678223,299.75048828125,291.07403564453125,96151.375,37.29823303222656,6.648709562635308,19.54859678249453,2.0,1,EF2,CST-6,12-MAY-23 17:20:00
1097218,2023-05-12T23:00:00+00:00,41.9892,-97.2313,1151.5,31.22348976135254,293.68212890625,291.76837158203125,95107.375,35.90077209472656,8.918095809879377,21.18650568492139,1.0,0,EF1,CST-6,12-MAY-23 16:34:00
1143566,2023-10-12T03:00:00+00:00,27.2661,-82.3829,1218.25,0.3732951283454895,299.605224609375,298.14501953125,100764.875,63.363426208496094,11.106540218620395,15.515222942913152,0.0,0,EF0,EST-5,11-OCT-23 21:59:00
1143567,2023-10-12T04:00:00+00:00,28.0319,-82.6725,1056.375,35.21894073486328,298.843017578125,297.66796875,100620.625,67.12161254882812,11.082785051461089,16.728706176201086,0.0,0,EF0,EST-5,11-OCT-23 23:13:00
1097222,2023-05-12T23:00:00+00:00,41.5713,-96.6309,1213.5,37.160987854003906,296.91064453125,291.95098876953125,95721.375,35.36366271972656,7.38460818845828,20.293360815552305,0.0,0,EF0,CST-6,12-MAY-23 16:42:00
1098641,2023-06-23T23:00:00+00:00,43.43,-105.84,2053.0,416.3121643066406,292.733642578125,286.5898742675781,83322.625,20.663591384887695,0.04484983386448471,4.291792103020881,,0,EFU,MST-7,23-JUN-23 15:33:00
1119286,2023-06-24T21:00:00+00:00,47.4991,-96.7571,789.75,43.85957336425781,294.355712890625,292.0146484375,97151.0,36.94476318359375,11.031245192777797,13.036868490056223,0.0,0,EF0,CST-6,24-JUN-23 15:14:00
1117642,2023-08-12T14:00:00+00:00,36.5677,-89.1967,634.25,69.43755340576172,297.617919921875,295.97900390625,100224.1875,50.253990173339844,8.300952430457276,5.48909384546796,1.0,0,EF1,CST-6,12-AUG-23 07:56:00
1130710,2023-08-08T23:00:00+00:00,40.1455,-102.9141,1526.0,196.73768615722656,293.66162109375,289.837158203125,86376.5,32.03551483154297,0.07511170535168758,14.004007953200059,1.0,0,EF1,MST-7,08-AUG-23 15:39:00
1143568,2023-10-12T06:00:00+00:00,28.003,-82.8285,513.5,138.04745483398438,299.8369140625,298.2353515625,100399.25,64.18316650390625,12.45111105841045,16.385881927335834,2.0,1,EF2,EST-5,12-OCT-23 00:47:00
1143569,2023-10-12T06:00:00+00:00,28.8464,-82.6108,730.625,52.87558364868164,297.763671875,296.705078125,100220.25,69.32574462890625,17.23841084619578,17.630433025874087,2.0,1,EF2,EST-5,12-OCT-23 01:08:00
1143570,2023-10-12T06:00:00+00:00,28.1865,-82.6175,541.125,151.96932983398438,298.7646484375,297.5400390625,100252.25,64.96636962890625,16.446717685503668,17.935173001359182,0.0,0,EF0,EST-5,12-OCT-23 01:17:00
1122406,2023-08-26T20:00:00+00:00,40.4899,-90.4032,743.875,129.97364807128906,298.4404296875,295.45556640625,99181.0,40.1474609375,2.0022020855643152,6.366647346690321,,0,EFU,CST-6,26-AUG-23 13:40:00
1122407,2023-08-26T20:00:00+00:00,40.4694,-90.3946,743.875,129.97364807128906,298.4404296875,295.45556640625,99181.0,40.1474609375,2.0022020855643152,6.366647346690321,0.0,0,EF0,CST-6,26-AUG-23 13:30:00
1117643,2023-08-12T14:00:00+00:00,36.5562,-88.8729,1075.375,48.92192459106445,298.662841796875,296.94140625,99782.1875,48.975669860839844,10.095343083725586,6.527435972644682,1.0,0,EF1,CST-6,12-AUG-23 08:13:00
1143499,2023-10-04T01:00:00+00:00,41.91,-97.05,294.625,19.343778610229492,293.425537109375,289.8349609375,95343.0625,40.948848724365234,7.595151790167139,15.467356044503166,1.0,0,EF1,CST-6,03-OCT-23 18:39:00
1130541,2023-08-06T23:00:00+00:00,39.6341,-89.5702,1938.25,2.8594985008239746,299.455810546875,295.503662109375,98636.6875,46.53017044067383,5.789275466713696,16.262538897897944,1.0,0,EF1,CST-6,06-AUG-23 17:09:00
1114348,2023-06-24T21:00:00+00:00,47.49,-96.73,789.75,43.85957336425781,294.355712890625,292.0146484375,97151.0,36.94476318359375,11.031245192777797,13.036868490056223,,0,EFU,CST-6,24-JUN-23 15:10:00
1180959,2023-07-07T22:00:00+00:00,36.1787,-101.9974,1752.5,52.022220611572266,305.315185546875,288.695556640625,88713.8125,46.85712432861328,0.28961074327570524,8.351234673584285,,0,EFU,CST-6,07-JUL-23 16:25:00
1115822,2023-06-24T01:00:00+00:00,37.03,-102.33,2019.625,,300.998291015625,291.74176025390625,87828.5,26.71670150756836,0.1900739793825742,16.28788009881292,1.0,0,EF1,MST-7,23-JUN-23 17:33:00
1109266,2023-06-30T15:00:00+00:00,39.04,-105.9,811.75,230.54693603515625,284.211181640625,277.263916015625,71611.8125,11.059304237365723,0.13262868863400465,0.8751886171673869,,0,EFU,MST-7,30-JUN-23 08:00:00
1115820,2023-06-24T00:00:00+00:00,37.89,-102.38,1370.75,662.5592651367188,303.247314453125,290.577880859375,87601.375,23.27240753173828,0.836799854188526,16.904642980547226,3.0,1,EF3,MST-7,23-JUN-23 16:40:00
1086295,2023-04-01T02:00:00+00:00,40.5898,-87.0961,760.25,0.7968868017196655,290.59521484375,287.40655517578125,96995.5625,32.80323791503906,20.66155918040565,25.808500509744942,2.0,1,EF2,EST-5,31-MAR-23 20:44:00
1115827,2023-06-30T21:00:00+00:00,37.27,-104.15,396.875,96.9531478881836,293.643798828125,284.188232421875,81168.5625,18.464786529541016,0.18445537626644765,3.0973489073913316,,0,EFU,MST-7,30-JUN-23 13:45:00
1086294,2023-04-01T02:00:00+00:00,40.7151,-86.8893,760.25,0.7968868017196655,290.59521484375,287.40655517578125,96995.5625,32.80323791503906,20.66155918040565,25.808500509744942,0.0,0,EF0,EST-5,31-MAR-23 20:55:00
1125796,2023-07-13T22:00:00+00:00,43.7316,-73.3608,573.375,167.1143341064453,298.669921875,291.77685546875,97455.0625,40.129024505615234,11.065904551204039,13.495771274951176,0.0,0,EF0,EST-5,13-JUL-23 17:04:00
1109264,2023-06-30T18:00:00+00:00,39.55,-104.31,1316.875,76.81927490234375,291.448486328125,285.423583984375,83622.125,23.95359230041504,0.19380737301755077,5.26106257338492,,0,EFU,MST-7,30-JUN-23 10:40:00
1089173,2023-04-01T04:00:00+00:00,40.3931,-84.8827,205.9375,0.20764392614364624,288.756591796875,286.56072998046875,96403.1875,30.280643463134766,21.44438076100599,27.498147931523782,0.0,0,EF0,EST-5,31-MAR-23 23:19:00
1115784,2023-06-17T20:00:00+00:00,37.72,-104.45,862.0,79.75019836425781,290.72216796875,283.163330078125,82012.625,21.710712432861328,0.7953972386706976,2.9578740632371474,0.0,0,EF0,MST-7,17-JUN-23 12:50:00
1141602,2023-11-19T17:00:00+00:00,34.251,-111.272,304.3125,0.29766035079956055,283.687255859375,281.6708984375,84200.6875,10.10163688659668,1.210928148191152,16.07769455833846,1.0,0,EF1,MST-7,19-NOV-23 09:39:00
1112492,2023-06-22T21:00:00+00:00,35.7,-100.23,2297.375,106.78142547607422,299.99951171875,293.451904296875,92601.0625,44.783966064453125,1.5933913844218595,5.526439142247407,1.0,0,EF1,CST-6,22-JUN-23 14:41:00
1113335,2023-08-25T03:00:00+00:00,42.0086,-83.3638,4188.0,458.8594055175781,297.167236328125,296.178466796875,98861.0625,53.01339340209961,10.76816546819472,12.946906762490201,1.0,0,EF1,EST-5,24-AUG-23 21:38:00
1104171,2023-06-29T18:00:00+00:00,40.2107,-89.1755,3397.375,583.46875,299.882080078125,296.5341796875,98842.5,54.050025939941406,2.798860258296823,20.175925016123227,1.0,0,EF1,CST-6,29-JUN-23 11:35:00
1180958,2023-06-28T00:00:00+00:00,36.7131,-101.0738,2192.25,,303.876953125,294.42529296875,91143.1875,42.97187805175781,2.4136668028424855,21.99383952528778,,0,EFU,CST-6,27-JUN-23 18:28:00
1129697,2023-08-12T00:00:00+00:00,42.828,-84.268,969.625,2.046980381011963,295.671630859375,293.022216796875,97870.1875,34.073089599609375,8.683794948178772,16.33496794014732,1.0,0,EF1,EST-5,11-AUG-23 18:51:00
1113226,2023-08-25T02:00:00+00:00,42.2968,-83.5003,2513.5,420.5001525878906,298.818603515625,296.936279296875,98380.6875,43.971073150634766,9.035009696841788,18.181524874146003,0.0,0,EF0,EST-5,24-AUG-23 21:19:00
1074158,2023-01-12T21:00:00+00:00,31.505,-86.2428,716.84375,0.6613730192184448,293.405029296875,289.8927917480469,100086.6875,34.019981384277344,18.10398123652785,23.323400211017663,1.0,0,EF1,CST-6,12-JAN-23 14:46:00
1104173,2023-06-29T18:00:00+00:00,40.2115,-89.1476,3397.375,583.46875,299.882080078125,296.5341796875,98842.5,54.050025939941406,2.798860258296823,20.175925016123227,1.0,0,EF1,CST-6,29-JUN-23 11:37:00
1132619,2023-08-25T03:00:00+00:00,42.059,-83.238,3158.25,195.68751525878906,296.999267578125,295.674560546875,98757.0625,53.74776840209961,9.750926016931476,12.370966927012077,0.0,0,EF0,EST-5,24-AUG-23 21:42:00
1113288,2023-08-25T02:00:00+00:00,42.1983,-83.5074,2513.5,420.5001525878906,298.818603515625,296.936279296875,98380.6875,43.971073150634766,9.035009696841788,18.181524874146003,1.0,0,EF1,EST-5,24-AUG-23 21:23:00
1180950,2023-06-21T23:00:00+00:00,34.95,-101.38,2352.5,912.753662109375,308.524658203125,283.15557861328125,89687.75,29.93722152709961,0.42314273563064575,13.54608541808063,,0,EFU,CST-6,21-JUN-23 17:18:00
1113316,2023-08-25T02:00:00+00:00,42.6441,-84.1477,3029.75,43.04702377319336,298.370361328125,296.460693359375,97764.6875,50.683963775634766,9.678636908335703,17.05556370381091,1.0,0,EF1,EST-5,24-AUG-23 20:40:00
1113390,2023-08-25T03:00:00+00:00,42.0902,-83.2098,3158.25,195.68751525878906,296.999267578125,295.674560546875,98757.0625,53.74776840209961,9.750926016931476,12.370966927012077,1.0,0,EF1,EST-5,24-AUG-23 21:43:00
1132609,2023-08-25T03:00:00+00:00,42.0661,-83.2927,3158.25,195.68751525878906,296.999267578125,295.674560546875,98757.0625,53.74776840209961,9.750926016931476,12.370966927012077,1.0,0,EF1,EST-5,24-AUG-23 21:39:00
1114834,2023-06-15T23:00:00+00:00,36.076,-100.018,1672.0,191.3438262939453,291.819091796875,289.89111328125,92136.0,35.19702911376953,0.22544299923305858,19.780458955177426,0.0,0,EF0,CST-6,15-JUN-23 17:29:00
1114139,2023-06-16T02:00:00+00:00,30.4132,-87.2725,5241.5,78.20530700683594,300.288330078125,297.76995849609375,100857.9375,53.078514099121094,12.951475352113578,17.34627917839083,2.0,1,EF2,CST-6,15-JUN-23 19:35:00
1114143,2023-06-17T05:00:00+00:00,30.4897,-88.2385,4284.875,130.95361328125,300.43115234375,298.347900390625,101161.4375,47.86503982543945,5.255541045496221,8.883370697397643,0.0,0,EF0,CST-6,16-JUN-23 23:21:00
1086302,2023-04-01T04:00:00+00:00,40.4677,-84.9436,205.9375,0.20764392614364624,288.756591796875,286.56072998046875,96403.1875,30.280643463134766,21.44438076100599,27.498147931523782,0.0,0,EF0,EST-5,31-MAR-23 23:20:00
1086304,2023-04-01T04:00:00+00:00,41.2016,-84.6876,326.0625,0.39514392614364624,288.712646484375,286.40545654296875,96808.1875,32.581424713134766,21.959176688177966,23.367040808921594,0.0,0,EF0,EST-5,31-MAR-23 22:53:00
1107321,2023-06-13T22:00:00+00:00,36.4595,-102.4438,211.0,46.84489822387695,295.52294921875,286.349609375,87206.8125,23.407184600830078,0.08016584951934773,9.235468908922847,,0,EFU,CST-6,13-JUN-23 15:50:00
1112335,2023-06-15T22:00:00+00:00,36.1526,-100.9489,2.0,192.04693603515625,302.522216796875,286.317138671875,90192.0625,22.941211700439453,0.8798930412447592,9.905721892705852,2.0,1,EF2,CST-6,15-JUN-23 16:02:00
1112340,2023-06-15T22:00:00+00:00,36.1412,-100.9046,2.0,192.04693603515625,302.522216796875,286.317138671875,90192.0625,22.941211700439453,0.8798930412447592,9.905721892705852,0.0,0,EF0,CST-6,15-JUN-23 16:12:00
1107302,2023-06-13T21:00:00+00:00,36.5312,-102.5502,830.25,79.3655014038086,295.307861328125,287.898193359375,87226.5,20.943954467773438,0.1025692198958992,8.075155915689207,,0,EFU,CST-6,13-JUN-23 15:19:00
1112298,2023-06-15T22:00:00+00:00,36.4135,-100.8302,344.75,96.57818603515625,300.082763671875,290.238037109375,90667.0625,28.042774200439453,1.9316617541398726,10.2559627617703,3.0,1,EF3,CST-6,15-JUN-23 16:06:00
1107301,2023-06-13T21:00:00+00:00,36.5721,-102.6201,951.375,45.81862258911133,294.610595703125,288.321044921875,87084.5,22.036727905273438,0.05068477915939966,7.332478104299646,,0,EFU,CST-6,13-JUN-23 15:06:00
1107210,2023-06-04T01:00:00+00:00,35.1871,-101.8138,1120.125,164.8644256591797,292.6259765625,288.6038818359375,89174.75,24.68484878540039,0.25892481290087127,4.209089490066027,0.0,0,EF0,CST-6,03-JUN-23 18:50:00
1129159,2023-08-24T21:00:00+00:00,26.1455,-81.7563,1740.5,38.015655517578125,302.994384765625,296.6943359375,101208.4375,58.26590347290039,3.2605207424244957,1.9964279849235496,0.0,0,EF0,EST-5,24-AUG-23 15:55:00
1105893,2023-07-26T04:00:00+00:00,45.3009,-94.9739,2850.0,9.609478950500488,296.90625,295.531494140625,96580.125,48.048805236816406,8.54146836658361,8.477025714616062,0.0,0,EF0,CST-6,25-JUL-23 22:01:00
