event_id,begin_time_utc,begin_lat,begin_lon,cape,cin,temp_2m,dewpoint_2m,surface_pressure,tcwv,shear_0_1km,shear_0_3km,ef_category,ef_binary,tor_f_scale_raw,cz_timezone,begin_date_time_raw
753163,2018-06-07T01:00:00+00:00,40.9,-101.79,2118.75,305.1719055175781,297.931396484375,292.2748718261719,89139.875,32.506500244140625,0.48318177315918787,15.857523853372873,0.0,0,EF0,MST-7,06-JUN-18 18:24:00
749421,2018-05-30T13:00:00+00:00,27.1902,-81.7471,728.0,113.64234924316406,297.9287109375,296.44873046875,101280.125,60.6073112487793,12.127822334140056,12.501492207114831,0.0,0,EF0,EST-5,30-MAY-18 08:01:00
741682,2018-03-19T02:00:00+00:00,36.0558,-100.2582,934.6875,112.84513854980469,285.9320068359375,280.8603515625,91235.125,13.610167503356934,10.442735900135126,19.918381462757374,1.0,0,EF1,CST-6,18-MAR-18 20:18:00
739432,2018-03-19T00:00:00+00:00,36.13,-101.19,156.0,,291.51898193359375,271.90228271484375,89194.375,8.284371376037598,4.904614607384507,13.08273778355337,0.0,0,EF0,CST-6,18-MAR-18 18:29:00
741681,2018-03-19T02:00:00+00:00,36.0248,-100.2995,673.3125,172.7982635498047,285.5491943359375,280.82421875,90797.125,12.138487815856934,7.064209147511492,18.061260916511955,1.0,0,EF1,CST-6,18-MAR-18 20:14:00
754832,2018-05-24T22:00:00+00:00,31.52,-82.05,2291.125,50.730140686035156,299.462890625,296.344970703125,101210.1875,52.40280532836914,2.345051397233016,5.069185626894228,0.0,0,EF0,EST-5,24-MAY-18 17:15:00
739168,2018-01-22T07:00:00+00:00,38.5094,-90.8232,92.5,,287.76995849609375,286.5037841796875,98074.75,30.427658081054688,18.673877134920797,23.302993504108322,0.0,0,EF0,CST-6,22-JAN-18 01:12:00
756316,2018-05-15T00:00:00+00:00,37.09,-97.07,4110.25,391.3750305175781,300.606689453125,296.0069580078125,96822.5625,47.71643829345703,10.436747851779527,9.981214465086286,0.0,0,EF0,CST-6,14-MAY-18 17:40:00
739891,2018-02-07T10:00:00+00:00,30.96,-93.0201,491.125,1.9719668626785278,288.19488525390625,288.12274169921875,100851.3125,38.957008361816406,13.60814638959196,17.507054971301205,1.0,0,EF1,CST-6,07-FEB-18 03:48:00
736405,2018-02-11T10:00:00+00:00,30.9987,-85.3859,427.5,13.160086631774902,292.75921630859375,292.32452392578125,100958.4375,44.58919906616211,13.36924424731724,20.000281931626315,0.0,0,EF0,CST-6,11-FEB-18 03:42:00
788452,2018-12-01T20:00:00+00:00,39.4439,-90.851,718.8125,19.0592041015625,290.196533203125,285.1906433105469,96757.75,20.466079711914062,12.179332912612695,17.626023862481535,1.0,0,EF1,CST-6,01-DEC-18 13:54:00
788455,2018-12-01T22:00:00+00:00,39.031,-89.7523,189.0,10.343770027160645,289.865234375,286.88812255859375,97001.4375,17.777667999267578,14.895391841288019,19.365361381377618,1.0,0,EF1,CST-6,01-DEC-18 15:59:00
788459,2018-12-01T23:00:00+00:00,39.348,-89.4577,200.5,0.5937873721122742,288.2841796875,286.34429931640625,96875.5,18.520729064941406,17.623699341188495,16.585046250473546,0.0,0,EF0,CST-6,01-DEC-18 16:47:00
788458,2018-12-01T23:00:00+00:00,39.2584,-89.5486,298.625,12.12503719329834,287.8271484375,285.78765869140625,96835.5,19.343971252441406,16.169704841556108,16.120898535501652,1.0,0,EF1,CST-6,01-DEC-18 16:32:00
788454,2018-12-01T21:00:00+00:00,39.7272,-90.6537,600.75,7.437586307525635,289.058349609375,285.89544677734375,96757.8125,20.725448608398438,13.676515115344548,16.51077829231451,1.0,0,EF1,CST-6,01-DEC-18 14:40:00
788457,2018-12-01T22:00:00+00:00,39.1522,-89.6324,235.75,7.9062700271606445,289.5830078125,286.92523193359375,96759.4375,18.262042999267578,14.132854911478399,18.70143657126266,2.0,1,EF2,CST-6,01-DEC-18 16:16:00
788453,2018-12-01T20:00:00+00:00,39.6319,-90.7143,1007.0,18.9810791015625,289.443603515625,286.9797058105469,96823.75,20.701431274414062,12.664460280622647,16.158679907673246,0.0,0,EF0,CST-6,01-DEC-18 14:29:00
742658,2018-02-24T23:00:00+00:00,35.4534,-91.0543,36.6875,7.343754291534424,292.76190185546875,290.5895080566406,99609.25,43.88206481933594,21.213619918683904,30.970968875553204,0.0,0,EF0,CST-6,24-FEB-18 17:11:00
735190,2018-01-22T07:00:00+00:00,35.1771,-92.3648,783.0625,9.687621116638184,289.94671630859375,288.4481201171875,98934.75,32.92082214355469,20.501071687208537,24.277160748941238,1.0,0,EF1,CST-6,22-JAN-18 00:49:00
731013,2018-02-10T23:00:00+00:00,32.7853,-89.133,157.1875,9.873507499694824,291.216064453125,290.6191101074219,99445.3125,40.448150634765625,10.596454702621791,15.571675852971712,0.0,0,EF0,CST-6,10-FEB-18 16:50:00
751008,2018-04-15T19:00:00+00:00,35.085,-81.116,757.25,5.370777606964111,294.936279296875,291.85162353515625,98511.8125,43.86349868774414,16.934986521869657,26.176587967539817,0.0,0,EF0,EST-5,15-APR-18 13:58:00
731511,2018-02-12T20:00:00+00:00,36.6685,-119.5134,9.0,,283.16644287109375,278.97216796875,96767.5,11.46133804321289,0.3545800099612487,2.6730073347795837,0.0,0,EF0,PST-8,12-FEB-18 11:30:00
753988,2018-06-29T15:00:00+00:00,28.0124,-82.3923,1928.125,35.76564025878906,301.595703125,297.4248046875,101585.8125,57.78406524658203,4.044350267736354,1.7767974402018427,0.0,0,EF0,EST-5,29-JUN-18 10:14:00
730634,2018-01-26T01:00:00+00:00,40.8081,-124.1631,4.2265625,,280.42596435546875,278.19244384765625,99401.4375,11.379045486450195,4.360128466412556,10.612049351534893,0.0,0,EF0,PST-8,25-JAN-18 16:40:00
727807,2018-01-22T00:00:00+00:00,32.1196,-96.3186,456.3125,4.765791416168213,292.2801513671875,290.07708740234375,99437.8125,29.978633880615234,16.162261560920314,17.570142720129738,0.0,0,EF0,CST-6,21-JAN-18 18:29:00
730211,2018-02-07T10:00:00+00:00,32.3963,-88.9137,254.8125,0.30009186267852783,288.82281494140625,288.39910888671875,100055.3125,41.820289611816406,17.74902321165604,18.667497669710713,1.0,0,EF1,CST-6,07-FEB-18 04:15:00
758281,2018-05-15T23:00:00+00:00,39.4191,-90.603,165.25,216.71876525878906,297.936279296875,291.0849609375,99166.0,33.53852081298828,1.7833169052955138,5.857491892022903,0.0,0,EF0,CST-6,15-MAY-18 17:21:00
758282,2018-05-15T23:00:00+00:00,39.416,-90.6153,165.25,216.71876525878906,297.936279296875,291.0849609375,99166.0,33.53852081298828,1.7833169052955138,5.857491892022903,0.0,0,EF0,CST-6,15-MAY-18 17:22:00
727808,2018-01-22T02:00:00+00:00,33.0015,-95.3288,190.84375,0.17187713086605072,292.04632568359375,291.0209655761719,99199.625,31.078826904296875,18.331025110059247,21.952607539613144,0.0,0,EF0,CST-6,21-JAN-18 20:19:00
735741,2018-01-22T15:00:00+00:00,31.74,-89.48,319.28125,0.40626102685928345,289.9442138671875,288.5060119628906,100109.0625,36.15656280517578,17.18963963629215,20.89543028441261,1.0,0,EF1,CST-6,22-JAN-18 09:16:00
735742,2018-01-22T15:00:00+00:00,31.78,-89.4,319.28125,0.40626102685928345,289.9442138671875,288.5060119628906,100109.0625,36.15656280517578,17.18963963629215,20.89543028441261,0.0,0,EF0,CST-6,22-JAN-18 09:25:00
735840,2018-01-22T08:00:00+00:00,30.76,-93.89,621.9375,0.578242838382721,291.1868591308594,290.55615234375,100565.25,34.64602279663086,18.443248539178335,16.56754888391905,0.0,0,EF0,CST-6,22-JAN-18 02:10:00
728507,2018-01-22T04:00:00+00:00,33.6222,-94.4294,327.25,0.7657652497291565,291.6842956542969,290.44903564453125,99434.5625,32.17653274536133,19.159772442053722,23.00978950010145,1.0,0,EF1,CST-6,21-JAN-18 21:48:00
728504,2018-01-22T04:00:00+00:00,33.5655,-94.5114,363.5,0.9845152497291565,291.7653503417969,290.41583251953125,99627.5625,32.52809524536133,19.651667886760862,22.827755278069542,0.0,0,EF0,CST-6,21-JAN-18 21:43:00
728600,2018-01-22T02:00:00+00:00,37.0474,-93.8293,470.0,9.593751907348633,288.51507568359375,287.5111999511719,95983.625,27.563201904296875,14.22266773914011,18.697538645203437,1.0,0,EF1,CST-6,21-JAN-18 20:04:00
735836,2018-01-22T08:00:00+00:00,31.1894,-93.3413,709.75,0.875117838382721,291.3548278808594,290.53662109375,100059.25,37.15676498413086,19.255653223359545,20.004232092823223,0.0,0,EF0,CST-6,22-JAN-18 02:23:00
734647,2018-01-13T03:00:00+00:00,37.4463,-78.0012,204.1875,0.03132414072751999,289.7088623046875,288.77288818359375,98796.8125,39.38207244873047,14.430745473452673,26.676215020900447,1.0,0,EF1,EST-5,12-JAN-18 22:02:00
728503,2018-01-22T03:00:00+00:00,33.4474,-94.6484,295.28125,0.765549898147583,290.781494140625,289.2689208984375,99537.5,32.503753662109375,19.15998047380241,23.282565717829655,2.0,1,EF2,CST-6,21-JAN-18 21:26:00
729529,2018-01-22T01:00:00+00:00,35.0823,-94.2695,699.125,35.641536712646484,290.68798828125,288.52911376953125,97507.75,32.547325134277344,17.92580278347608,22.74329811746383,1.0,0,EF1,CST-6,21-JAN-18 18:56:00
729530,2018-01-22T02:00:00+00:00,35.3909,-93.9501,766.5,7.484376907348633,289.68011474609375,288.6137390136719,97757.625,33.597381591796875,17.97680443637217,25.34704605488771,1.0,0,EF1,CST-6,21-JAN-18 19:40:00
780367,2018-07-23T19:00:00+00:00,30.05,-81.37,1524.25,50.490806579589844,302.889404296875,296.546875,100850.0,49.08436584472656,5.215210686176299,9.32046939465367,0.0,0,EF0,EST-5,23-JUL-18 13:40:00
737557,2018-02-07T13:00:00+00:00,33.7178,-85.159,58.875,,288.90216064453125,288.2587890625,97944.1875,34.776573181152344,8.720655975302286,26.21275414854956,0.0,0,EF0,EST-5,07-FEB-18 07:43:00
737559,2018-02-07T14:00:00+00:00,33.1916,-85.2025,117.0,53.359405517578125,289.3551025390625,288.8088684082031,98744.0,39.2751350402832,10.877225064369126,26.870829625528184,1.0,0,EF1,EST-5,07-FEB-18 09:03:00
739885,2018-03-03T21:00:00+00:00,37.402,-118.395,134.828125,0.14065676927566528,271.674560546875,265.3157958984375,76765.5,4.124916076660156,0.36666656905073064,4.234490948418432,0.0,0,EF0,PST-8,03-MAR-18 13:02:00
737564,2018-02-07T16:00:00+00:00,32.6038,-84.5151,455.8125,24.361604690551758,290.8121337890625,289.7732849121094,100001.8125,40.6802864074707,21.4971169312759,27.47366834205389,0.0,0,EF0,EST-5,07-FEB-18 11:10:00
741400,2018-03-28T20:00:00+00:00,31.8059,-93.0195,578.75,23.406251907348633,295.68896484375,289.569091796875,100422.0,42.564388275146484,14.754123252658252,17.42669841356689,1.0,0,EF1,CST-6,28-MAR-18 14:06:00
736404,2018-02-11T09:00:00+00:00,30.9507,-85.5161,403.625,33.53128433227539,292.4407043457031,292.084228515625,100946.5,42.894065856933594,15.016267905093972,18.931872921677822,0.0,0,EF0,CST-6,11-FEB-18 03:28:00
740038,2018-02-25T00:00:00+00:00,36.4796,-90.1591,44.28125,7.606967449188232,292.418701171875,290.2646179199219,99325.375,42.27699279785156,22.826609655817254,31.767029476540525,2.0,1,EF2,CST-6,24-FEB-18 17:52:00
732627,2018-02-28T23:00:00+00:00,34.2948,-86.7239,105.4375,43.11361312866211,291.309326171875,290.5712890625,98352.1875,39.446434020996094,14.246770147117532,19.744370860562142,0.0,0,EF0,CST-6,28-FEB-18 16:46:00
735600,2018-02-25T03:00:00+00:00,36.9203,-87.4783,48.625,52.880615234375,290.287109375,288.795166015625,98704.5,39.858882904052734,21.688936742181703,32.07778280877855,0.0,0,EF0,CST-6,24-FEB-18 20:44:00
736397,2018-02-11T09:00:00+00:00,30.7941,-85.8089,642.875,0.7500352263450623,292.1623840332031,291.842041015625,101084.5,43.480979919433594,15.243368738390238,18.230425850203517,1.0,0,EF1,CST-6,11-FEB-18 02:53:00
746481,2018-03-20T01:00:00+00:00,33.8549,-86.3881,956.375,1.7657190561294556,293.48095703125,291.398193359375,97459.5625,33.019378662109375,14.029242662352763,29.26463392348153,1.0,0,EF1,CST-6,19-MAR-18 18:52:00
738581,2018-02-24T23:00:00+00:00,35.3999,-90.8666,41.96875,10.578128814697266,293.08026123046875,290.5709533691406,99687.25,43.24046325683594,20.841936917805125,30.845183776805694,1.0,0,EF1,CST-6,24-FEB-18 17:20:00
735571,2018-02-25T02:00:00+00:00,36.5163,-88.5217,33.625,61.89067459106445,291.3033447265625,289.84515380859375,98997.1875,40.03790283203125,20.79013323066602,32.75459873914245,1.0,0,EF1,CST-6,24-FEB-18 19:37:00
747045,2018-03-22T02:00:00+00:00,39.03,-121.52,244.3125,1.9294812679290771,289.724609375,287.7536315917969,99317.375,25.205041885375977,13.116344600435976,17.054088831252017,0.0,0,EF0,PST-8,21-MAR-18 17:40:00
747007,2018-03-20T01:00:00+00:00,33.8453,-85.9472,879.875,19.125093460083008,293.09228515625,290.821044921875,97269.5625,31.519378662109375,12.988998520827707,28.580063224716348,3.0,1,EF3,CST-6,19-MAR-18 19:23:00
735599,2018-02-25T03:00:00+00:00,36.8315,-87.4835,41.5,32.458740234375,290.505859375,288.973876953125,98747.5,39.982906341552734,21.27711694985929,33.573556272475194,2.0,1,EF2,CST-6,24-FEB-18 20:45:00
735601,2018-02-25T03:00:00+00:00,36.9507,-87.3028,48.625,52.880615234375,290.287109375,288.795166015625,98704.5,39.858882904052734,21.688936742181703,32.07778280877855,0.0,0,EF0,CST-6,24-FEB-18 20:55:00
745481,2018-03-28T10:00:00+00:00,29.7624,-97.5736,724.3125,15.521756172180176,292.698486328125,291.91925048828125,99166.875,47.66148376464844,8.03732912417117,25.324666329058573,0.0,0,EF0,CST-6,28-MAR-18 03:57:00
739099,2018-02-25T01:00:00+00:00,36.4167,-89.0012,22.90625,57.56566619873047,292.9541015625,290.18353271484375,99196.5625,38.78093338012695,22.043724279887954,35.389221499497225,1.0,0,EF1,CST-6,24-FEB-18 19:07:00
735568,2018-02-25T02:00:00+00:00,36.9898,-88.6588,26.125,27.875051498413086,291.0513916015625,289.67620849609375,99139.1875,37.72442626953125,23.53573890223579,26.992392739787995,1.0,0,EF1,CST-6,24-FEB-18 19:37:00
735572,2018-02-25T02:00:00+00:00,36.534,-88.4884,33.625,61.89067459106445,291.3033447265625,289.84515380859375,98997.1875,40.03790283203125,20.79013323066602,32.75459873914245,1.0,0,EF1,CST-6,24-FEB-18 19:40:00
740250,2018-02-25T01:00:00+00:00,36.0043,-88.9915,32.25,73.69066619873047,293.6044921875,290.39837646484375,99356.5625,37.78386306762695,20.751709088785905,32.67945563850898,0.0,0,EF0,CST-6,24-FEB-18 19:17:00
740257,2018-02-25T01:00:00+00:00,36.4106,-88.7895,22.90625,57.56566619873047,292.9541015625,290.18353271484375,99196.5625,38.78093338012695,22.043724279887954,35.389221499497225,0.0,0,EF0,CST-6,24-FEB-18 19:21:00
738582,2018-02-24T23:00:00+00:00,36.3001,-90.6333,22.28125,12.218753814697266,292.47186279296875,290.2252502441406,99256.25,42.96995544433594,21.011126461952514,33.03999682727311,2.0,1,EF2,CST-6,24-FEB-18 17:21:00
739096,2018-02-25T00:00:00+00:00,35.6381,-90.1321,25.6875,43.16946792602539,293.627685546875,290.5380554199219,99736.375,41.61390686035156,22.13809858024117,31.05781993156839,1.0,0,EF1,CST-6,24-FEB-18 18:06:00
740062,2018-02-25T01:00:00+00:00,36.3753,-89.2938,94.71875,43.51879119873047,292.904296875,290.16986083984375,99500.5625,40.75065994262695,22.11941906597896,28.476465602832683,0.0,0,EF0,CST-6,24-FEB-18 18:51:00
745595,2018-03-29T06:00:00+00:00,28.24,-97.33,1066.75,0.14074048399925232,294.585205078125,294.21600341796875,100528.1875,49.490726470947266,8.88327230501452,17.782218410277398,0.0,0,EF0,CST-6,28-MAR-18 23:56:00
745596,2018-03-29T06:00:00+00:00,28.167,-97.0177,1024.25,4.453240394592285,294.736572265625,294.25506591796875,100760.1875,52.274906158447266,5.890268623407564,13.634861108755898,0.0,0,EF0,CST-6,29-MAR-18 00:25:00
745597,2018-03-29T07:00:00+00:00,28.4186,-96.7174,360.28125,50.140907287597656,294.359130859375,293.82208251953125,100758.8125,48.812530517578125,9.149710707735345,15.255053826646035,1.0,0,EF1,CST-6,29-MAR-18 00:39:00
744669,2018-03-11T13:00:00+00:00,31.1011,-92.2172,238.625,30.493606567382812,292.0369873046875,290.91717529296875,100746.8125,40.61414337158203,11.516629558971577,14.754481052079239,2.0,1,EF2,CST-6,11-MAR-18 07:10:00
746473,2018-03-20T00:00:00+00:00,34.2299,-86.4949,862.125,1.656311273574829,292.58447265625,290.60552978515625,96806.5625,32.745948791503906,12.46437958316067,29.02768384943374,0.0,0,EF0,CST-6,19-MAR-18 18:09:00
746480,2018-03-20T01:00:00+00:00,33.8515,-86.4152,956.375,1.7657190561294556,293.48095703125,291.398193359375,97459.5625,33.019378662109375,14.029242662352763,29.26463392348153,0.0,0,EF0,CST-6,19-MAR-18 18:50:00
735603,2018-02-25T00:00:00+00:00,36.556,-89.9563,27.59375,6.044467449188232,292.587646484375,290.3183288574219,99398.375,42.15882873535156,22.595320636487468,33.841436892111616,0.0,0,EF0,CST-6,24-FEB-18 18:06:00
744962,2018-03-29T09:00:00+00:00,30.2384,-93.5991,732.625,44.07009506225586,292.8232421875,291.9674072265625,100643.0,36.80646514892578,14.843281931080568,21.791365629872654,0.0,0,EF0,CST-6,29-MAR-18 03:21:00
744964,2018-03-29T10:00:00+00:00,30.3191,-93.1951,10.90625,15.032423973083496,291.517578125,290.5842590332031,101110.9375,36.391929626464844,12.53645409850302,16.38501515391227,1.0,0,EF1,CST-6,29-MAR-18 03:47:00
744963,2018-03-29T10:00:00+00:00,30.3839,-93.2834,83.0,2.298048973083496,291.220703125,290.7405090332031,101004.9375,37.209312438964844,14.083536833613568,13.861937251507701,1.0,0,EF1,CST-6,29-MAR-18 03:36:00
735602,2018-02-25T01:00:00+00:00,36.7508,-89.5846,87.1875,14.909418106079102,292.6064453125,290.03411865234375,99416.5625,39.32194900512695,23.817707017876874,23.93584712802471,2.0,1,EF2,CST-6,24-FEB-18 18:30:00
747016,2018-03-20T02:00:00+00:00,33.8031,-85.5863,1097.25,13.704212188720703,292.11407470703125,290.85516357421875,96816.375,31.308719635009766,13.433384202084975,27.93781990129675,1.0,0,EF1,CST-6,19-MAR-18 19:50:00
744965,2018-03-29T10:00:00+00:00,30.5473,-92.8405,66.09375,6.204298973083496,291.6162109375,290.8371887207031,101027.9375,37.263023376464844,14.845732336481555,14.150480917076504,1.0,0,EF1,CST-6,29-MAR-18 04:14:00
740260,2018-02-25T02:00:00+00:00,36.2266,-88.6918,60.46875,105.40630340576172,291.6715087890625,289.85589599609375,99279.1875,41.25372314453125,20.245476839445857,33.408608538555846,0.0,0,EF0,CST-6,24-FEB-18 19:36:00
740265,2018-02-25T02:00:00+00:00,36.3321,-88.2714,32.5,34.87504959106445,291.2467041015625,289.62445068359375,99016.1875,38.72930908203125,21.61315332527285,33.01105311870932,1.0,0,EF1,CST-6,24-FEB-18 20:02:00
735569,2018-02-25T02:00:00+00:00,36.7458,-88.5415,64.9375,50.04692459106445,291.2896728515625,289.72601318359375,99048.1875,39.46856689453125,21.541540040197134,26.815121880883844,1.0,0,EF1,CST-6,24-FEB-18 19:42:00
735570,2018-02-25T02:00:00+00:00,36.5972,-88.3223,33.625,61.89067459106445,291.3033447265625,289.84515380859375,98997.1875,40.03790283203125,20.79013323066602,32.75459873914245,1.0,0,EF1,CST-6,24-FEB-18 19:50:00
741725,2018-02-10T23:00:00+00:00,31.4669,-88.3843,535.3125,100.52975463867188,292.498291015625,292.0253601074219,100533.3125,41.740142822265625,15.130555394083531,20.61681550795234,0.0,0,EF0,CST-6,10-FEB-18 17:18:00
742743,2018-02-07T12:00:00+00:00,32.4815,-87.6181,31.625,0.7865877747535706,290.0861511230469,289.45428466796875,101045.25,43.663455963134766,11.160658724977738,23.592219392494922,0.0,0,EF0,CST-6,07-FEB-18 05:57:00
742744,2018-02-07T12:00:00+00:00,32.9484,-86.9247,74.0,1.2240877151489258,289.6349792480469,289.01971435546875,99905.25,40.906620025634766,15.043675250606501,23.245831734291137,0.0,0,EF0,CST-6,07-FEB-18 05:51:00
768766,2018-06-28T22:00:00+00:00,38.9829,-90.373,1309.0,133.31483459472656,304.840576171875,300.490478515625,99321.8125,47.54257583618164,7.20287165143298,13.833199456584605,0.0,0,EF0,CST-6,28-JUN-18 16:11:00
746664,2018-03-20T01:00:00+00:00,34.1095,-85.6522,556.875,7.703218936920166,292.18798828125,290.096435546875,97118.5625,30.890472412109375,12.861078220130812,29.73501372292781,1.0,0,EF1,CST-6,19-MAR-18 19:20:00
746671,2018-03-20T02:00:00+00:00,33.7502,-85.8464,1105.5,6.141712665557861,292.49005126953125,291.10614013671875,97276.375,32.515750885009766,14.301126775897984,28.554585713349326,0.0,0,EF0,CST-6,19-MAR-18 20:07:00
746988,2018-03-20T01:00:00+00:00,33.8552,-86.2398,930.625,7.328218936920166,293.43896484375,291.126708984375,97486.5625,32.392425537109375,13.71417214276425,29.219110667449335,2.0,1,EF2,CST-6,19-MAR-18 19:02:00
746995,2018-03-20T01:00:00+00:00,33.8639,-86.0984,874.375,2.890718936920166,292.80517578125,290.726318359375,97210.5625,33.104339599609375,13.515716681333538,29.659840075599803,2.0,1,EF2,CST-6,19-MAR-18 19:12:00
747002,2018-03-20T01:00:00+00:00,33.881,-85.9864,697.6875,4.546968936920166,292.50927734375,290.390380859375,97318.5625,31.879730224609375,13.378716500794024,29.806988816445642,1.0,0,EF1,CST-6,19-MAR-18 19:21:00
737992,2018-03-06T00:00:00+00:00,32.4987,-91.257,917.0625,17.323034286499023,294.0068359375,291.33953857421875,100729.625,38.698394775390625,8.973066287813962,12.452461369798483,1.0,0,EF1,CST-6,05-MAR-18 18:07:00
776357,2018-09-26T01:00:00+00:00,42.0356,-83.264,817.125,2.8126485347747803,294.066162109375,293.18231201171875,99029.75,45.463356018066406,11.617385839249144,16.260368048553556,0.0,0,EF0,EST-5,25-SEP-18 19:45:00
742745,2018-02-07T12:00:00+00:00,32.9578,-86.7844,130.875,2.849087715148926,289.6164245605469,289.04608154296875,99701.25,40.506229400634766,17.254698567715124,25.297044620033834,0.0,0,EF0,CST-6,07-FEB-18 06:03:00
753960,2018-05-17T19:00:00+00:00,35.8744,-90.3514,383.25,111.57075500488281,298.512939453125,294.91748046875,100157.25,41.35884475708008,1.5741910347054728,8.780911494288562,0.0,0,EF0,CST-6,17-MAY-18 12:32:00
743494,2018-03-29T01:00:00+00:00,33.1905,-89.7622,832.9375,0.06260582059621811,294.343017578125,290.713134765625,99758.6875,43.29602813720703,12.186882142421892,15.154726173221702,1.0,0,EF1,CST-6,28-MAR-18 19:03:00
743476,2018-03-28T22:00:00+00:00,32.2745,-91.7743,564.3125,43.468902587890625,296.711669921875,292.73583984375,100643.4375,38.228485107421875,11.2652397229273,7.772614632897282,1.0,0,EF1,CST-6,28-MAR-18 16:03:00
742383,2018-02-16T00:00:00+00:00,39.9087,-79.7274,162.8125,5.422299861907959,287.77734375,286.3684387207031,95754.4375,34.376522064208984,10.935552953131504,25.429554226156192,1.0,0,EF1,EST-5,15-FEB-18 18:43:00
741943,2018-02-07T11:00:00+00:00,32.4284,-88.2756,193.5,0.3886447548866272,289.052001953125,288.51812744140625,100916.0,43.49446487426758,12.838450020933315,23.615540818427515,0.0,0,EF0,CST-6,07-FEB-18 05:11:00
741401,2018-03-28T20:00:00+00:00,31.8189,-92.9485,578.75,23.406251907348633,295.68896484375,289.569091796875,100422.0,42.564388275146484,14.754123252658252,17.42669841356689,1.0,0,EF1,CST-6,28-MAR-18 14:09:00
741418,2018-03-28T22:00:00+00:00,32.1779,-91.9954,479.4375,32.578277587890625,295.693115234375,292.76220703125,100611.4375,37.934539794921875,11.41168953922208,9.236191603516952,1.0,0,EF1,CST-6,28-MAR-18 15:47:00
744054,2018-05-02T00:00:00+00:00,38.836,-98.2405,1756.9375,69.34390258789062,298.9384765625,287.4364013671875,94766.25,35.8424072265625,12.730043519519427,21.50613871686284,0.0,0,EF0,CST-6,01-MAY-18 18:08:00
743764,2018-03-31T19:00:00+00:00,26.7893,-80.6356,280.78125,93.67217254638672,299.24169921875,291.3817138671875,101862.8125,38.98262405395508,3.1047138295685497,4.643539916831702,0.0,0,EF0,EST-5,31-MAR-18 14:00:00
743463,2018-03-28T22:00:00+00:00,32.2616,-91.8191,479.4375,32.578277587890625,295.693115234375,292.76220703125,100611.4375,37.934539794921875,11.41168953922208,9.236191603516952,1.0,0,EF1,CST-6,28-MAR-18 16:01:00
743499,2018-03-29T02:00:00+00:00,32.3334,-90.1547,274.5,,294.964111328125,290.848388671875,99939.625,40.87759780883789,9.742308670510035,18.5992751143146,0.0,0,EF0,CST-6,28-MAR-18 19:58:00
744058,2018-05-02T22:00:00+00:00,38.2357,-97.5514,8.625,33.125038146972656,297.674560546875,290.838623046875,95484.375,34.35813903808594,3.8414796391011827,17.269018270227086,0.0,0,EF0,CST-6,02-MAY-18 15:51:00
744059,2018-05-03T00:00:00+00:00,38.0536,-96.6675,347.75,125.0073013305664,297.781982421875,290.1279296875,95985.625,39.01908874511719,7.7532438697474575,17.832328627924216,0.0,0,EF0,CST-6,02-MAY-18 17:51:00
742746,2018-02-07T13:00:00+00:00,32.5603,-86.7174,110.125,3.218808889389038,291.39532470703125,290.68359375,100647.1875,43.717002868652344,19.396481887189104,25.01845944487515,0.0,0,EF0,CST-6,07-FEB-18 07:04:00
743860,2018-05-02T21:00:00+00:00,39.022,-97.915,714.625,542.8125610351562,291.5224609375,288.95263671875,95869.75,27.084239959716797,9.305737751596695,18.961821934717268,0.0,0,EF0,CST-6,02-MAY-18 15:05:00
741729,2018-03-19T22:00:00+00:00,34.5051,-88.2099,1453.625,4.078258991241455,295.4267578125,292.8431701660156,97801.375,28.153614044189453,13.27699067827815,24.22507214548934,0.0,0,EF0,CST-6,19-MAR-18 15:53:00
776355,2018-09-26T00:00:00+00:00,41.9562,-83.4321,878.375,0.34396541118621826,295.097900390625,294.1015625,98905.25,48.356842041015625,11.857782348927692,16.72760774175147,1.0,0,EF1,EST-5,25-SEP-18 19:23:00
776363,2018-09-26T01:00:00+00:00,42.0914,-83.2059,817.125,2.8126485347747803,294.066162109375,293.18231201171875,99029.75,45.463356018066406,11.617385839249144,16.260368048553556,1.0,0,EF1,EST-5,25-SEP-18 19:55:00
742741,2018-02-07T12:00:00+00:00,32.4636,-87.7895,44.8125,0.28658777475357056,289.7316589355469,289.11151123046875,101163.25,43.636112213134766,9.721313848541596,25.655114919932334,1.0,0,EF1,CST-6,07-FEB-18 05:44:00
735112,2018-03-18T00:00:00+00:00,35.2963,-84.3049,224.09375,15.672146797180176,292.92724609375,285.9438171386719,95652.625,20.805782318115234,12.055105854741917,18.543329201758066,0.0,0,EF0,EST-5,17-MAR-18 18:49:00
737604,2018-03-17T23:00:00+00:00,35.3738,-84.5758,223.0625,23.31251335144043,295.12994384765625,285.886474609375,97460.0,22.54888916015625,12.189243403666493,17.91221688643109,0.0,0,EF0,EST-5,17-MAR-18 18:23:00
737612,2018-03-18T00:00:00+00:00,35.0946,-83.9271,55.21875,39.01589584350586,291.45849609375,285.3500671386719,92601.625,18.758907318115234,7.055292958814401,18.92738035741628,0.0,0,EF0,EST-5,17-MAR-18 19:17:00
737624,2018-03-18T01:00:00+00:00,35.0759,-83.8679,202.78125,6.18751859664917,289.9427185058594,285.16314697265625,92609.9375,18.994068145751953,7.540671647905662,19.98594542332047,0.0,0,EF0,EST-5,17-MAR-18 19:32:00
780583,2018-07-25T19:00:00+00:00,29.5,-81.14,2193.5,84.85441589355469,302.16015625,296.28515625,101261.25,50.32252502441406,5.327640503405711,7.568147670827647,0.0,0,EF0,EST-5,25-JUL-18 13:44:00
744056,2018-05-02T01:00:00+00:00,38.94,-97.883,2031.3125,50.27781295776367,297.1123046875,288.39581298828125,95425.8125,36.27723693847656,14.315626305596865,19.693345912492166,1.0,0,EF1,CST-6,01-MAY-18 18:41:00
756355,2018-05-15T03:00:00+00:00,37.2894,-96.8274,3336.75,65.51564025878906,295.85302734375,294.258544921875,96720.5,51.60590744018555,7.037580649373116,13.50713384638781,0.0,0,EF0,CST-6,14-MAY-18 21:06:00
756354,2018-05-15T03:00:00+00:00,37.2765,-96.9021,3336.75,65.51564025878906,295.85302734375,294.258544921875,96720.5,51.60590744018555,7.037580649373116,13.50713384638781,1.0,0,EF1,CST-6,14-MAY-18 20:56:00
756350,2018-05-15T03:00:00+00:00,37.0601,-96.7227,2679.25,445.1875305175781,295.99365234375,294.498779296875,96996.5,47.94379806518555,9.580184189437727,12.29764595270678,2.0,1,EF2,CST-6,14-MAY-18 20:45:00
756352,2018-05-15T03:00:00+00:00,37.0694,-96.7103,2679.25,445.1875305175781,295.99365234375,294.498779296875,96996.5,47.94379806518555,9.580184189437727,12.29764595270678,1.0,0,EF1,CST-6,14-MAY-18 20:48:00
742747,2018-02-07T13:00:00+00:00,32.0121,-87.9099,220.0,45.562557220458984,291.65020751953125,291.033203125,101045.1875,39.229698181152344,21.36736209930649,24.444656262629827,0.0,0,EF0,CST-6,07-FEB-18 07:16:00
739938,2018-03-27T22:00:00+00:00,33.3387,-102.3238,108.6875,35.12602996826172,288.470458984375,280.7304382324219,89438.0625,20.197063446044922,0.3261180877292877,17.912385169024212,0.0,0,EF0,CST-6,27-MAR-18 15:49:00
745049,2018-03-29T07:00:00+00:00,29.406,-95.4343,818.71875,14.312782287597656,293.320068359375,292.86602783203125,100518.8125,53.169952392578125,9.969319853513138,14.776848727965781,0.0,0,EF0,CST-6,29-MAR-18 01:16:00
756315,2018-05-15T00:00:00+00:00,37.1309,-97.0716,4535.125,371.0469055175781,299.988525390625,295.9259033203125,96546.5625,48.97815704345703,9.571799558601215,10.849480396480926,0.0,0,EF0,CST-6,14-MAY-18 17:35:00
756345,2018-05-15T03:00:00+00:00,37.1165,-96.5284,3247.125,277.9375305175781,296.22705078125,294.652099609375,97065.5,51.13618087768555,8.63022309114271,16.678822787249914,0.0,0,EF0,CST-6,14-MAY-18 21:22:00
756353,2018-05-15T03:00:00+00:00,37.2859,-96.9179,3336.75,65.51564025878906,295.85302734375,294.258544921875,96720.5,51.60590744018555,7.037580649373116,13.50713384638781,0.0,0,EF0,CST-6,14-MAY-18 20:53:00
737792,2018-03-20T00:00:00+00:00,34.3089,-86.8727,1082.8125,0.3125613331794739,293.22509765625,291.17974853515625,97254.5625,34.978370666503906,12.531637979691443,24.288478176352175,0.0,0,EF0,CST-6,19-MAR-18 17:48:00
756324,2018-05-15T02:00:00+00:00,37.0407,-96.7519,2790.875,658.5469360351562,299.19677734375,295.57025146484375,96818.3125,41.55542755126953,10.41373328260994,11.084770242789629,0.0,0,EF0,CST-6,14-MAY-18 20:26:00
737995,2018-03-06T01:00:00+00:00,32.4208,-90.7325,502.0625,4.16334342956543,293.75927734375,291.1787109375,100409.25,37.28532409667969,9.929341406821788,13.025526877066351,0.0,0,EF0,CST-6,05-MAR-18 19:11:00
740614,2018-04-14T02:00:00+00:00,35.0808,-92.8024,1015.375,0.14620879292488098,293.7431640625,292.4644775390625,98455.5625,46.85283660888672,16.013408967971465,19.70262766035124,0.0,0,EF0,CST-6,13-APR-18 20:13:00
740617,2018-04-14T03:00:00+00:00,35.0921,-92.034,569.5,18.48444175720215,295.171875,292.71673583984375,99467.25,44.68425750732422,18.09953393095992,17.944075683144295,0.0,0,EF0,CST-6,13-APR-18 21:13:00
740620,2018-04-14T01:00:00+00:00,34.6296,-93.8257,1060.5,45.936424255371094,292.71533203125,291.4457702636719,96520.125,42.54800033569336,14.634440490743428,15.386507813274063,0.0,0,EF0,CST-6,13-APR-18 18:51:00
745125,2018-03-27T15:00:00+00:00,35.2704,-94.4168,86.125,1.2344183921813965,290.536865234375,290.29443359375,99586.1875,41.68522644042969,10.656606258729376,16.613213885829015,0.0,0,EF0,CST-6,27-MAR-18 08:43:00
743209,2018-03-11T08:00:00+00:00,32.6555,-90.3754,571.625,0.6639658212661743,290.0634765625,289.10260009765625,100216.5,32.60888671875,13.944479086376823,17.838077571130427,1.0,0,EF1,CST-6,11-MAR-18 01:37:00
743210,2018-03-11T08:00:00+00:00,32.5996,-90.2667,429.1875,5.445215702056885,289.78125,288.95123291015625,99869.5,31.67724609375,13.13147910968431,17.24609849526171,0.0,0,EF0,CST-6,11-MAR-18 01:49:00
740610,2018-04-14T00:00:00+00:00,35.6662,-93.4634,899.5,7.235156059265137,291.270263671875,290.67041015625,94886.1875,40.80814743041992,11.678477975558557,18.866432552581742,1.0,0,EF1,CST-6,13-APR-18 17:48:00
740611,2018-04-14T02:00:00+00:00,36.4193,-92.2605,881.25,37.630584716796875,292.677734375,290.9830322265625,97297.5625,42.09990692138672,16.529483296980256,20.908249722124648,1.0,0,EF1,CST-6,13-APR-18 19:45:00
743498,2018-03-29T01:00:00+00:00,33.3222,-89.4124,777.0625,,295.013916015625,290.295166015625,99556.6875,42.30091094970703,13.33610798338457,15.563358544258321,1.0,0,EF1,CST-6,28-MAR-18 19:28:00
743501,2018-03-29T02:00:00+00:00,32.3467,-90.01,188.1875,,294.880126953125,290.710693359375,99788.625,40.02212905883789,10.4088626168206,18.9245092095959,0.0,0,EF0,CST-6,28-MAR-18 20:12:00
743413,2018-03-28T22:00:00+00:00,32.1825,-91.9778,479.4375,32.578277587890625,295.693115234375,292.76220703125,100611.4375,37.934539794921875,11.41168953922208,9.236191603516952,1.0,0,EF1,CST-6,28-MAR-18 15:49:00
743477,2018-03-28T22:00:00+00:00,32.3175,-91.7176,564.3125,43.468902587890625,296.711669921875,292.73583984375,100643.4375,38.228485107421875,11.2652397229273,7.772614632897282,1.0,0,EF1,CST-6,28-MAR-18 16:08:00
744897,2018-04-07T00:00:00+00:00,32.3146,-91.98,1767.8125,41.60893630981445,292.50634765625,291.3018798828125,100361.9375,41.86994171142578,16.181809602683277,17.65151851537528,0.0,0,EF0,CST-6,06-APR-18 17:40:00
744898,2018-04-07T01:00:00+00:00,32.3694,-89.8975,20.5,55.70320510864258,290.77471923828125,289.44696044921875,99508.4375,38.42965316772461,17.757878421972837,17.449050275722236,0.0,0,EF0,CST-6,06-APR-18 19:03:00
744899,2018-04-07T01:00:00+00:00,32.2203,-90.9637,384.25,37.45320510864258,291.40264892578125,290.11688232421875,100255.4375,41.73727035522461,15.408591559413019,17.85798548580598,1.0,0,EF1,CST-6,06-APR-18 19:12:00
744900,2018-04-07T02:00:00+00:00,31.8491,-90.8805,763.75,72.51579284667969,291.5904541015625,290.5801086425781,99798.625,42.33134078979492,14.097434019564703,21.92140082650755,1.0,0,EF1,CST-6,06-APR-18 20:27:00
744693,2018-04-03T21:00:00+00:00,38.8877,-88.9976,760.8125,22.609386444091797,294.470947265625,290.94366455078125,97905.9375,31.792829513549805,13.919711285696753,21.477746426668023,2.0,1,EF2,CST-6,03-APR-18 15:20:00
754075,2018-04-03T23:00:00+00:00,40.46,-86.7893,204.375,30.265737533569336,290.71826171875,288.77691650390625,97183.5,31.338802337646484,11.331527379185946,26.3804276555252,0.0,0,EF0,EST-5,03-APR-18 18:11:00
744147,2018-04-14T07:00:00+00:00,32.4827,-92.7249,558.0625,37.65625762939453,293.38568115234375,293.09710693359375,99655.1875,43.36186981201172,19.76145444926658,25.428844323316646,1.0,0,EF1,CST-6,14-APR-18 01:00:00
743575,2018-04-14T05:00:00+00:00,32.403,-94.0429,1228.75,103.84526062011719,292.9862060546875,292.797119140625,99431.5,43.499176025390625,18.854519533944625,15.276092882862164,0.0,0,EF0,CST-6,13-APR-18 22:53:00
741140,2018-04-14T00:00:00+00:00,37.0944,-92.4922,237.875,3.4539058208465576,291.695068359375,290.77783203125,96029.1875,42.27299118041992,15.279708104025024,19.283456579503376,2.0,1,EF2,CST-6,13-APR-18 18:13:00
741142,2018-04-14T01:00:00+00:00,37.3844,-92.1495,133.75,16.061426162719727,291.67529296875,290.2231140136719,95914.125,42.48940658569336,15.312064672266326,18.86220791913461,1.0,0,EF1,CST-6,13-APR-18 19:00:00
745809,2018-04-14T03:00:00+00:00,32.7593,-91.607,398.125,198.46881103515625,296.3935546875,293.99212646484375,100294.25,39.84050750732422,19.108086375450988,19.37259517138386,1.0,0,EF1,CST-6,13-APR-18 20:46:00
744901,2018-04-07T03:00:00+00:00,31.8392,-90.8241,1413.5625,64.43755340576172,291.121826171875,290.50543212890625,99795.125,44.3553466796875,14.064835193489422,19.18550188497349,1.0,0,EF1,CST-6,06-APR-18 20:32:00
744904,2018-04-07T03:00:00+00:00,31.8262,-90.7006,1224.5625,73.10942840576172,291.028076171875,290.50347900390625,99579.125,43.2918701171875,13.880245685540428,20.537379360939315,1.0,0,EF1,CST-6,06-APR-18 20:46:00
744905,2018-04-07T04:00:00+00:00,31.7399,-89.9365,1008.5625,53.80577087402344,290.35992431640625,289.8690185546875,99573.3125,42.204078674316406,14.114621697442299,20.1861639895379,1.0,0,EF1,CST-6,06-APR-18 22:01:00
744906,2018-04-07T05:00:00+00:00,31.7066,-89.582,865.0625,14.828161239624023,290.5262145996094,289.96588134765625,99539.5,42.133445739746094,15.10077705420616,17.57864291585132,1.0,0,EF1,CST-6,06-APR-18 22:33:00
744908,2018-04-07T04:00:00+00:00,31.7218,-89.7553,592.3125,48.00889587402344,290.17535400390625,289.6912841796875,99574.3125,41.727516174316406,14.372057789693265,20.74563234488204,1.0,0,EF1,CST-6,06-APR-18 22:19:00
745826,2018-04-14T15:00:00+00:00,33.3303,-88.7621,130.6875,26.150646209716797,294.87457275390625,291.8651123046875,100175.125,42.643035888671875,13.952462123704269,23.12376236906365,0.0,0,EF0,CST-6,14-APR-18 09:08:00
750530,2018-04-10T20:00:00+00:00,26.1284,-80.1344,2781.5,46.40625762939453,300.939697265625,294.2901611328125,101496.5625,43.45979690551758,6.390398638631393,10.163025958992328,0.0,0,EF0,EST-5,10-APR-18 14:34:00
744317,2018-04-14T04:00:00+00:00,32.6345,-94.7436,1452.375,138.01564025878906,295.943359375,294.2176513671875,99193.625,44.70146942138672,16.84373767648834,19.46474147950145,1.0,0,EF1,CST-6,13-APR-18 22:04:00
741143,2018-04-14T01:00:00+00:00,37.5234,-91.9248,209.625,5.983300685882568,291.66943359375,290.2397155761719,95956.125,41.37026596069336,15.583743970428745,17.50533320096643,1.0,0,EF1,CST-6,13-APR-18 19:20:00
741141,2018-04-14T01:00:00+00:00,37.2543,-92.3271,161.5,4.327050685882568,291.57470703125,290.2778015136719,95363.125,42.30581283569336,15.108501917563284,22.246416203644962,1.0,0,EF1,CST-6,13-APR-18 18:35:00
742856,2018-04-07T01:00:00+00:00,32.0137,-93.4824,1606.125,3.593829393386841,291.19952392578125,290.64910888671875,99877.4375,43.14254379272461,10.339792630866397,21.862919336486815,0.0,0,EF0,CST-6,06-APR-18 18:31:00
764421,2018-07-29T23:00:00+00:00,40.25,-103.6,1225.375,203.2656707763672,296.825439453125,288.897705078125,86725.375,29.67527198791504,0.4359084823035519,18.287787260703137,2.0,1,EF2,MST-7,29-JUL-18 15:48:00
750441,2018-04-22T21:00:00+00:00,30.3963,-86.623,480.75,5.812705993652344,296.016845703125,293.77716064453125,100935.625,45.10181427001953,13.3064100316729,22.411583755910435,1.0,0,EF1,CST-6,22-APR-18 15:13:00
751577,2018-04-07T01:00:00+00:00,30.98,-98.02,2663.75,,299.96905517578125,290.38153076171875,96719.4375,33.14156723022461,9.101439671934573,17.260813976936475,,0,EFU,CST-6,06-APR-18 18:51:00
739025,2018-04-07T10:00:00+00:00,30.0307,-90.7584,185.125,16.895254135131836,292.03240966796875,291.1939392089844,100742.125,44.300498962402344,9.863863211112216,18.465572203726502,1.0,0,EF1,CST-6,07-APR-18 04:18:00
744349,2018-04-14T00:00:00+00:00,34.2555,-94.067,916.125,30.59453010559082,292.398193359375,291.96240234375,97383.1875,44.47709274291992,17.44927426882623,20.54271942700827,2.0,1,EF2,CST-6,13-APR-18 18:10:00
744130,2018-04-14T05:00:00+00:00,32.5116,-93.7375,1494.375,58.34526443481445,293.2811279296875,293.099853515625,99686.5,44.131011962890625,18.600119002502634,21.906776004755073,1.0,0,EF1,CST-6,13-APR-18 23:22:00
745803,2018-04-14T08:00:00+00:00,33.267,-91.5019,396.5,8.319308280944824,293.6565246582031,291.18865966796875,100093.9375,43.61954879760742,19.663103434287144,28.89444525822367,2.0,1,EF2,CST-6,14-APR-18 02:22:00
750857,2018-04-14T10:00:00+00:00,34.4462,-89.4618,231.125,2.522676944732666,290.6896057128906,289.83001708984375,99244.75,43.80665588378906,8.653937024556699,17.077349261442787,1.0,0,EF1,CST-6,14-APR-18 03:48:00
743558,2018-04-14T00:00:00+00:00,32.5839,-92.3258,163.25,5.110156059265137,296.159912109375,294.71142578125,99997.1875,41.52787399291992,17.907635841790245,17.579239590463168,1.0,0,EF1,CST-6,13-APR-18 17:43:00
744357,2018-04-14T07:00:00+00:00,33.1095,-92.6548,739.6875,22.453134536743164,291.76654052734375,291.47991943359375,99711.1875,46.05522918701172,20.314162297202415,19.92755304915125,1.0,0,EF1,CST-6,14-APR-18 00:51:00
744358,2018-04-14T07:00:00+00:00,33.1878,-92.5317,836.5625,31.921884536743164,291.82806396484375,291.44573974609375,99822.1875,47.08550262451172,21.538919898344155,23.90988909741686,1.0,0,EF1,CST-6,14-APR-18 01:03:00
748357,2018-04-14T09:00:00+00:00,32.8616,-91.5219,747.8125,24.00002098083496,294.0063171386719,292.08892822265625,100319.5,40.70024871826172,18.055202712350617,27.194550298003705,0.0,0,EF0,CST-6,14-APR-18 02:36:00
742966,2018-04-14T13:00:00+00:00,30.3893,-91.0616,196.71875,23.749914169311523,292.93719482421875,292.16900634765625,100833.0,49.59590530395508,11.341114930557474,12.014808841268525,0.0,0,EF0,CST-6,14-APR-18 07:13:00
742967,2018-04-14T13:00:00+00:00,30.9703,-90.7013,497.46875,17.703039169311523,292.89422607421875,292.21197509765625,99971.0,47.42012405395508,17.665974087083985,17.51789504326947,0.0,0,EF0,CST-6,14-APR-18 07:20:00
742973,2018-04-14T14:00:00+00:00,30.7985,-90.5854,387.0625,13.731995582580566,292.68023681640625,292.235595703125,100370.0,50.46099853515625,13.135590529590083,18.278776910019385,0.0,0,EF0,CST-6,14-APR-18 07:36:00
743574,2018-04-14T01:00:00+00:00,32.015,-92.2693,621.375,24.467676162719727,295.65869140625,294.2475280761719,100183.125,41.52846908569336,16.374446322927607,20.654266194826803,2.0,1,EF2,CST-6,13-APR-18 18:33:00
743345,2018-04-24T02:00:00+00:00,27.7005,-82.459,2125.9375,5.531263828277588,298.069091796875,295.7909240722656,101336.0625,38.33800506591797,7.137704002456364,10.64464019800507,0.0,0,EF0,EST-5,23-APR-18 21:03:00
769573,2018-06-02T03:00:00+00:00,41.83,-97.61,3237.5,29.812538146972656,291.969482421875,291.27783203125,94681.1875,43.89063262939453,8.234455073363666,9.062296109190417,0.0,0,EF0,CST-6,01-JUN-18 20:59:00
750858,2018-04-14T10:00:00+00:00,34.3862,-89.4628,231.125,2.522676944732666,290.6896057128906,289.83001708984375,99244.75,43.80665588378906,8.653937024556699,17.077349261442787,0.0,0,EF0,CST-6,14-APR-18 03:49:00
742974,2018-04-14T14:00:00+00:00,30.7811,-90.5375,550.21875,22.700746536254883,293.40484619140625,292.772705078125,100371.0,50.14849853515625,14.571961451049196,21.621259946657712,0.0,0,EF0,CST-6,14-APR-18 07:38:00
744055,2018-04-07T22:00:00+00:00,32.4958,-82.7102,181.625,35.6933479309082,290.114501953125,289.98516845703125,99468.1875,34.77240753173828,8.9800221368271,12.169959693271219,0.0,0,EF0,EST-5,07-APR-18 17:18:00
744896,2018-04-06T23:00:00+00:00,32.473,-91.3297,1189.875,26.593839645385742,293.36376953125,292.257568359375,100336.4375,42.3813591003418,14.667028353777637,11.694068768696466,0.0,0,EF0,CST-6,06-APR-18 17:05:00
744907,2018-04-07T04:00:00+00:00,31.7233,-89.7583,592.3125,48.00889587402344,290.17535400390625,289.6912841796875,99574.3125,41.727516174316406,14.372057789693265,20.74563234488204,1.0,0,EF1,CST-6,06-APR-18 22:18:00
742985,2018-04-14T14:00:00+00:00,30.7988,-90.613,387.0625,13.731995582580566,292.68023681640625,292.235595703125,100370.0,50.46099853515625,13.135590529590083,18.278776910019385,0.0,0,EF0,CST-6,14-APR-18 07:35:00
751643,2018-04-22T19:00:00+00:00,31.988,-86.2595,289.1875,1.0527294874191284,292.63037109375,291.7613830566406,100083.125,36.226806640625,17.35309937605113,18.609801145852554,0.0,0,EF0,CST-6,22-APR-18 13:25:00
743662,2018-04-22T18:00:00+00:00,31.3306,-85.7093,484.5,7.442197799682617,295.818603515625,292.072021484375,100677.75,35.30752182006836,14.495397648695407,14.917262482087889,0.0,0,EF0,CST-6,22-APR-18 12:11:00
745808,2018-04-14T02:00:00+00:00,32.4512,-91.8276,506.5,139.86495971679688,295.9375,293.9547119140625,100290.5625,40.01006317138672,16.926356743586027,20.55221630178565,0.0,0,EF0,CST-6,13-APR-18 20:00:00
745801,2018-04-14T08:00:00+00:00,33.017,-92.0066,622.875,11.959933280944824,293.0334777832031,291.83905029296875,100085.9375,42.97794723510742,20.159677011743074,26.491923273846954,1.0,0,EF1,CST-6,14-APR-18 01:42:00
745802,2018-04-14T08:00:00+00:00,33.1205,-91.8961,552.375,18.975557327270508,292.4905090332031,291.48553466796875,99933.9375,43.22306442260742,21.805800509688645,23.304092963646077,1.0,0,EF1,CST-6,14-APR-18 01:53:00
745812,2018-04-14T08:00:00+00:00,32.7693,-91.7307,619.4375,21.772432327270508,294.0891418457031,291.97479248046875,100246.9375,41.97404098510742,18.08497125973497,27.34697417495046,1.0,0,EF1,CST-6,14-APR-18 02:21:00
745827,2018-04-14T09:00:00+00:00,32.8095,-91.5677,731.3125,6.015646457672119,293.7836608886719,292.22760009765625,100288.5,41.42778778076172,18.27899979999441,27.134598805023305,0.0,0,EF0,CST-6,14-APR-18 02:33:00
745819,2018-04-14T13:00:00+00:00,32.3341,-90.1065,458.34375,69.06241607666016,293.09832763671875,291.23248291015625,99768.0,45.19942092895508,19.814787214272627,17.96313546926087,1.0,0,EF1,CST-6,14-APR-18 06:44:00
745822,2018-04-14T14:00:00+00:00,32.9569,-89.1021,118.5625,38.99761962890625,293.57183837890625,291.625244140625,99370.0,42.46099853515625,13.54411290531245,22.48582677725412,1.0,0,EF1,CST-6,14-APR-18 08:23:00
745821,2018-04-14T15:00:00+00:00,31.1644,-89.6325,565.375,37.1975212097168,294.05718994140625,293.4774169921875,99942.125,46.151824951171875,17.431913328336105,22.438767113105516,1.0,0,EF1,CST-6,14-APR-18 09:07:00
745825,2018-04-14T16:00:00+00:00,32.3558,-88.7321,146.375,29.500043869018555,294.4927673339844,292.03765869140625,99783.1875,41.109275817871094,14.390933499793912,19.86005532588179,2.0,1,EF2,CST-6,14-APR-18 09:43:00
741930,2018-04-03T22:00:00+00:00,39.8452,-82.4391,0.0,32.1495475769043,288.79168701171875,286.90869140625,97054.125,23.633705139160156,11.034265923234972,26.31047765506636,0.0,0,EF0,EST-5,03-APR-18 17:14:00
743661,2018-04-15T11:00:00+00:00,30.0087,-85.5206,490.75,91.65632629394531,296.3013610839844,294.1323547363281,100775.9375,43.181331634521484,16.65856156006218,12.332517746180239,0.0,0,EF0,CST-6,15-APR-18 05:09:00
748980,2018-04-03T23:00:00+00:00,36.0022,-90.2311,909.375,14.812612533569336,292.97314453125,290.08258056640625,99590.5,38.773372650146484,15.806954652975314,20.653648678820744,1.0,0,EF1,CST-6,03-APR-18 17:06:00
746451,2018-04-03T22:00:00+00:00,38.9394,-88.8065,195.875,77.38391876220703,288.18524169921875,285.88720703125,98044.125,30.441322326660156,8.427202959581505,25.408698761697323,1.0,0,EF1,CST-6,03-APR-18 15:34:00
743020,2018-04-22T15:00:00+00:00,29.465,-90.3226,207.25,8.390640258789062,296.36181640625,292.8585510253906,101363.4375,42.781768798828125,12.228906445499732,16.796429886489644,1.0,0,EF1,CST-6,22-APR-18 08:47:00
747573,2018-04-13T21:00:00+00:00,35.549,-94.2621,1154.375,0.3751852512359619,294.4033203125,292.613525390625,97437.4375,40.76996612548828,13.073171326354489,13.41647278148358,2.0,1,EF2,CST-6,13-APR-18 15:04:00
743559,2018-04-14T00:00:00+00:00,32.7131,-92.219,95.25,6.188281059265137,296.652099609375,294.70654296875,100211.1875,42.46635055541992,18.500965302315596,17.77719159722477,1.0,0,EF1,CST-6,13-APR-18 18:04:00
744135,2018-04-14T06:00:00+00:00,32.9417,-93.3165,1028.5625,80.70228576660156,291.6600036621094,291.155029296875,99474.0,45.9546012878418,17.422140606829444,15.6399855737344,1.0,0,EF1,CST-6,13-APR-18 23:58:00
742996,2018-04-14T19:00:00+00:00,30.3436,-89.1427,1168.6875,2.125049352645874,294.416015625,293.2406005859375,100927.0,47.24786376953125,11.705812062168878,12.58487327838282,0.0,0,EF0,CST-6,14-APR-18 13:09:00
742997,2018-04-14T23:00:00+00:00,30.65,-88.76,795.0,2.656353235244751,294.380615234375,294.1272277832031,100553.6875,47.68548583984375,6.04995966251649,18.09438498402764,1.0,0,EF1,CST-6,14-APR-18 17:18:00
742998,2018-04-14T23:00:00+00:00,30.4419,-88.8597,648.4375,1.1251031160354614,294.421630859375,294.1672668457031,100816.6875,47.64837646484375,3.9201864457125604,19.278311326113805,1.0,0,EF1,CST-6,14-APR-18 17:19:00
743585,2018-04-14T05:00:00+00:00,32.4521,-93.8531,1396.75,77.61088562011719,293.0194091796875,292.873291015625,99562.5,43.852691650390625,18.92806831813855,17.545185775702333,1.0,0,EF1,CST-6,13-APR-18 23:10:00
749111,2018-04-14T14:00:00+00:00,29.6816,-91.2742,179.09375,19.778871536254883,294.40972900390625,292.951416015625,101038.0,49.30767822265625,9.00982577545138,13.277102037991419,0.0,0,EF0,CST-6,14-APR-18 08:13:00
749102,2018-04-14T11:00:00+00:00,30.6423,-92.1904,259.9375,2.578036308288574,292.78155517578125,292.12762451171875,100713.1875,46.7421989440918,11.813886776934996,18.448636832424313,1.0,0,EF1,CST-6,14-APR-18 05:03:00
742994,2018-04-14T17:00:00+00:00,30.6207,-89.6539,713.75,22.031396865844727,292.553466796875,292.0683898925781,100348.875,47.88884735107422,11.97212049690105,17.06461809225815,0.0,0,EF0,CST-6,14-APR-18 10:30:00
749701,2018-04-22T20:00:00+00:00,30.3607,-87.6872,776.3125,2.7343978881835938,295.06298828125,293.3580017089844,101160.8125,45.37826919555664,9.648779851267877,12.977176011454695,0.0,0,EF0,CST-6,22-APR-18 14:25:00
749865,2018-04-22T20:00:00+00:00,30.2376,-87.7571,776.3125,2.7343978881835938,295.06298828125,293.3580017089844,101160.8125,45.37826919555664,9.648779851267877,12.977176011454695,0.0,0,EF0,CST-6,22-APR-18 14:05:00
753752,2018-04-16T03:00:00+00:00,35.8392,-78.4082,195.4375,0.1953904777765274,292.7314453125,291.48150634765625,99549.0625,42.953834533691406,19.220867295544927,28.424618420235102,1.0,0,EF1,EST-5,15-APR-18 21:35:00
744137,2018-04-14T06:00:00+00:00,32.8095,-93.1295,1227.0625,34.4366569519043,291.8650817871094,291.446044921875,99429.0,46.2837028503418,18.46319639617396,22.156181708446418,1.0,0,EF1,CST-6,14-APR-18 00:11:00
744139,2018-04-14T07:00:00+00:00,32.4459,-92.9053,730.0,17.468759536743164,292.66595458984375,292.50628662109375,99561.1875,43.90386199951172,18.94408815618433,21.45941947525644,2.0,1,EF2,CST-6,14-APR-18 00:47:00
744157,2018-04-14T07:00:00+00:00,32.5336,-92.5386,558.0625,37.65625762939453,293.38568115234375,293.09710693359375,99655.1875,43.36186981201172,19.76145444926658,25.428844323316646,1.0,0,EF1,CST-6,14-APR-18 01:14:00
744165,2018-04-14T07:00:00+00:00,32.5754,-92.4159,538.5,53.26563262939453,293.69036865234375,293.13323974609375,99863.1875,42.72222137451172,19.73851431443879,28.045725205909367,1.0,0,EF1,CST-6,14-APR-18 01:24:00
742999,2018-04-15T00:00:00+00:00,30.68,-88.58,428.0625,0.7814346551895142,293.761474609375,293.39422607421875,100645.125,46.304969787597656,4.437216590147775,21.309904241108118,1.0,0,EF1,CST-6,14-APR-18 17:39:00
742179,2018-04-03T21:00:00+00:00,39.7948,-83.7592,851.25,18.843761444091797,292.289306640625,286.45147705078125,96661.9375,29.288923263549805,10.989729197245195,23.189292290417548,1.0,0,EF1,EST-5,03-APR-18 15:56:00
743557,2018-04-14T00:00:00+00:00,32.5294,-92.3642,163.25,5.110156059265137,296.159912109375,294.71142578125,99997.1875,41.52787399291992,17.907635841790245,17.579239590463168,1.0,0,EF1,CST-6,13-APR-18 17:34:00
744133,2018-04-14T06:00:00+00:00,32.8586,-93.5162,1111.0625,79.45228576660156,291.7703552246094,291.332763671875,99560.0,45.9799919128418,17.02835910384286,17.588834922670582,0.0,0,EF0,CST-6,13-APR-18 23:42:00
744134,2018-04-14T06:00:00+00:00,32.8841,-93.4724,1028.5625,80.70228576660156,291.6600036621094,291.155029296875,99474.0,45.9546012878418,17.422140606829444,15.6399855737344,0.0,0,EF0,CST-6,13-APR-18 23:43:00
745804,2018-04-14T08:00:00+00:00,33.3015,-91.4591,396.5,8.319308280944824,293.6565246582031,291.18865966796875,100093.9375,43.61954879760742,19.663103434287144,28.89444525822367,1.0,0,EF1,CST-6,14-APR-18 02:27:00
749104,2018-04-14T12:00:00+00:00,30.3459,-92.048,125.4375,3.1890907287597656,293.3731689453125,292.73431396484375,100877.75,45.9249267578125,8.688991100411526,17.718907124058482,2.0,1,EF2,CST-6,14-APR-18 05:37:00
748693,2018-04-07T06:00:00+00:00,30.8495,-93.4594,828.375,80.79148864746094,293.48614501953125,292.9791564941406,100214.9375,39.2696533203125,11.478189675072159,13.802316845294712,1.0,0,EF1,CST-6,07-APR-18 00:17:00
748694,2018-04-07T07:00:00+00:00,30.783,-93.2684,938.375,226.3489990234375,293.32598876953125,292.8025207519531,100228.5,39.498863220214844,11.984625280832725,14.928795074897105,1.0,0,EF1,CST-6,07-APR-18 00:36:00
748695,2018-04-07T07:00:00+00:00,30.7674,-93.1762,938.375,226.3489990234375,293.32598876953125,292.8025207519531,100228.5,39.498863220214844,11.984625280832725,14.928795074897105,1.0,0,EF1,CST-6,07-APR-18 00:44:00
748696,2018-04-07T07:00:00+00:00,30.5919,-92.8357,735.3125,191.6771240234375,294.25762939453125,293.5593566894531,100540.5,39.439292907714844,11.009793256827525,14.472835002022368,0.0,0,EF0,CST-6,07-APR-18 01:14:00
744166,2018-04-14T07:00:00+00:00,32.5755,-92.4152,538.5,53.26563262939453,293.69036865234375,293.13323974609375,99863.1875,42.72222137451172,19.73851431443879,28.045725205909367,1.0,0,EF1,CST-6,14-APR-18 01:25:00
744167,2018-04-14T07:00:00+00:00,32.5825,-92.3706,538.5,53.26563262939453,293.69036865234375,293.13323974609375,99863.1875,42.72222137451172,19.73851431443879,28.045725205909367,1.0,0,EF1,CST-6,14-APR-18 01:29:00
744318,2018-04-14T04:00:00+00:00,32.6538,-94.7021,1452.375,138.01564025878906,295.943359375,294.2176513671875,99193.625,44.70146942138672,16.84373767648834,19.46474147950145,1.0,0,EF1,CST-6,13-APR-18 22:08:00
744331,2018-04-14T05:00:00+00:00,32.3869,-94.1053,1228.75,103.84526062011719,292.9862060546875,292.797119140625,99431.5,43.499176025390625,18.854519533944625,15.276092882862164,0.0,0,EF0,CST-6,13-APR-18 22:50:00
744288,2018-04-15T19:00:00+00:00,34.4152,-80.9199,965.84375,28.214527130126953,297.689208984375,290.96490478515625,99242.8125,44.53146743774414,17.16982962155992,25.28146610075031,1.0,0,EF1,EST-5,15-APR-18 13:46:00
745810,2018-04-14T03:00:00+00:00,32.7812,-91.6001,398.125,198.46881103515625,296.3935546875,293.99212646484375,100294.25,39.84050750732422,19.108086375450988,19.37259517138386,0.0,0,EF0,CST-6,13-APR-18 20:49:00
742306,2018-04-03T22:00:00+00:00,37.7616,-89.0737,1045.25,112.16516876220703,291.92742919921875,289.78955078125,98401.125,33.181556701660156,14.77420072229592,22.42387675262285,1.0,0,EF1,CST-6,03-APR-18 16:17:00
742314,2018-04-03T23:00:00+00:00,37.7845,-88.85,468.875,48.32823944091797,291.58447265625,289.18902587890625,98584.5,33.124935150146484,11.045553542944916,21.352550947465307,1.0,0,EF1,CST-6,03-APR-18 16:39:00
743572,2018-04-03T23:00:00+00:00,37.8071,-88.7347,617.125,104.65636444091797,292.10107421875,289.45074462890625,98564.5,34.234310150146484,12.23338019081244,20.98866653288578,1.0,0,EF1,CST-6,03-APR-18 16:47:00
742316,2018-04-03T23:00:00+00:00,37.8122,-88.707,617.125,104.65636444091797,292.10107421875,289.45074462890625,98564.5,34.234310150146484,12.23338019081244,20.98866653288578,2.0,1,EF2,CST-6,03-APR-18 16:50:00
742313,2018-04-03T23:00:00+00:00,37.1759,-88.7551,610.25,79.56261444091797,292.19189453125,289.69879150390625,98738.5,34.466732025146484,17.32349273374245,21.06286664890168,1.0,0,EF1,CST-6,03-APR-18 17:29:00
742311,2018-04-04T00:00:00+00:00,37.9512,-88.0651,219.375,47.062530517578125,291.01873779296875,287.95550537109375,98975.9375,32.236228942871094,9.873967710678563,17.76988342372836,1.0,0,EF1,CST-6,03-APR-18 17:38:00
754019,2018-04-15T21:00:00+00:00,36.0468,-79.7597,651.4375,30.646888732910156,296.014892578125,291.1854248046875,98159.0,40.2491340637207,16.48946290967558,24.343509188876673,2.0,1,EF2,EST-5,15-APR-18 16:07:00
747579,2018-04-13T23:00:00+00:00,35.3479,-94.0788,1205.75,35.691341400146484,293.649169921875,292.2872619628906,98064.1875,44.47161102294922,13.977729009241846,20.456554489083317,1.0,0,EF1,CST-6,13-APR-18 16:49:00
742858,2018-04-07T01:00:00+00:00,32.0172,-93.4619,1606.125,3.593829393386841,291.19952392578125,290.64910888671875,99877.4375,43.14254379272461,10.339792630866397,21.862919336486815,2.0,1,EF2,CST-6,06-APR-18 18:35:00
778131,2018-08-20T23:00:00+00:00,36.1866,-90.3432,977.25,59.34889221191406,297.953369140625,295.426025390625,99781.0,49.332176208496094,10.427032466930875,16.421676066114184,0.0,0,EF0,CST-6,20-AUG-18 16:51:00
744287,2018-04-15T18:00:00+00:00,33.9101,-81.3645,715.8125,23.234500885009766,297.707763671875,290.8879089355469,99292.75,43.416473388671875,18.242602748518213,24.603874061917953,2.0,1,EF2,EST-5,15-APR-18 13:03:00
754070,2018-04-03T23:00:00+00:00,40.1525,-87.3217,194.75,28.343862533569336,289.63525390625,288.32965087890625,97406.5,30.264583587646484,10.00411550163929,27.690160420562158,0.0,0,EF0,EST-5,03-APR-18 17:30:00
750933,2018-04-22T18:00:00+00:00,30.7319,-87.3892,107.5625,9.207822799682617,295.331298828125,294.010498046875,100830.75,40.34951400756836,12.870068238064913,20.691550205224207,0.0,0,EF0,CST-6,22-APR-18 12:02:00
750934,2018-04-22T19:00:00+00:00,31.7537,-86.4005,426.1875,3.880854368209839,293.10400390625,292.6588439941406,100069.125,37.173095703125,18.26341459309952,18.166809110167858,1.0,0,EF1,CST-6,22-APR-18 12:43:00
750935,2018-04-22T19:00:00+00:00,31.9085,-86.3063,306.6875,1.0058544874191284,292.45166015625,292.0455627441406,100110.125,37.621337890625,18.140403170998002,19.339857219987497,1.0,0,EF1,CST-6,22-APR-18 13:11:00
743340,2018-04-15T19:00:00+00:00,27.7567,-82.6931,726.5,82.41765594482422,297.365966796875,294.44732666015625,101239.8125,50.01388931274414,13.181177375058502,13.10748991166709,0.0,0,EF0,EST-5,15-APR-18 14:12:00
744285,2018-04-15T18:00:00+00:00,34.011,-81.2106,907.3125,47.015750885009766,298.860107421875,290.5910339355469,99636.75,44.147918701171875,17.225841968159067,23.120338951799432,0.0,0,EF0,EST-5,15-APR-18 13:15:00
744286,2018-04-15T18:00:00+00:00,34.0364,-81.1798,907.3125,47.015750885009766,298.860107421875,290.5910339355469,99636.75,44.147918701171875,17.225841968159067,23.120338951799432,1.0,0,EF1,EST-5,15-APR-18 13:16:00
738820,2018-04-04T02:00:00+00:00,37.633,-84.8798,271.5,20.500017166137695,292.11065673828125,289.16864013671875,97286.875,32.403839111328125,16.532926948413724,23.480771287282053,1.0,0,EF1,EST-5,03-APR-18 20:34:00
738821,2018-04-04T00:00:00+00:00,37.5201,-86.3349,470.75,24.843780517578125,295.96307373046875,288.07269287109375,97964.9375,29.315330505371094,17.5561271063313,22.55813676256438,1.0,0,EF1,CST-6,03-APR-18 17:52:00
753901,2018-04-22T21:00:00+00:00,30.4483,-87.5808,519.6875,1.1095811128616333,295.411376953125,293.89337158203125,100891.625,37.75025177001953,12.646464090436956,12.204268176359868,0.0,0,EF0,CST-6,22-APR-18 14:38:00
742930,2018-04-07T02:00:00+00:00,31.6073,-92.9872,1328.9375,2.828294038772583,292.0045166015625,291.2412414550781,100077.625,44.62528610229492,11.672325313451534,19.64151508376609,1.0,0,EF1,CST-6,06-APR-18 20:14:00
742178,2018-04-03T21:00:00+00:00,39.7473,-83.971,791.5625,18.953136444091797,292.181884765625,286.43585205078125,96865.9375,29.680524826049805,12.130033205597506,24.01652670901257,1.0,0,EF1,EST-5,03-APR-18 15:45:00
742181,2018-04-03T21:00:00+00:00,39.8588,-83.4949,956.25,20.734386444091797,292.303955078125,286.74737548828125,96904.9375,29.373884201049805,10.784594008141813,22.70043448785591,0.0,0,EF0,EST-5,03-APR-18 16:14:00
742188,2018-04-03T22:00:00+00:00,39.8588,-83.0829,0.0,61.0401725769043,289.43426513671875,287.19091796875,97231.125,25.160072326660156,12.88759252106784,27.356340065286087,1.0,0,EF1,EST-5,03-APR-18 16:37:00
747576,2018-04-13T23:00:00+00:00,35.33,-94.1006,1205.75,35.691341400146484,293.649169921875,292.2872619628906,98064.1875,44.47161102294922,13.977729009241846,20.456554489083317,1.0,0,EF1,CST-6,13-APR-18 16:46:00
742335,2018-04-04T00:00:00+00:00,37.2461,-88.392,386.625,65.12503051757812,292.60174560546875,290.16937255859375,98821.9375,36.732322692871094,16.62431667502867,19.98428449217827,2.0,1,EF2,CST-6,03-APR-18 17:54:00
742341,2018-04-04T00:00:00+00:00,36.7086,-89.0355,459.0,37.515655517578125,292.76190185546875,290.21722412109375,99023.9375,38.107322692871094,16.361919016118563,20.34972609922978,1.0,0,EF1,CST-6,03-APR-18 18:09:00
742345,2018-04-04T00:00:00+00:00,36.7416,-88.9192,459.0,37.515655517578125,292.76190185546875,290.21722412109375,99023.9375,38.107322692871094,16.361919016118563,20.34972609922978,1.0,0,EF1,CST-6,03-APR-18 18:17:00
742336,2018-04-04T01:00:00+00:00,36.6945,-88.7265,244.375,6.687517166137695,292.25445556640625,290.0338134765625,98985.75,34.659454345703125,11.787496300271568,16.048014488073406,1.0,0,EF1,CST-6,03-APR-18 18:36:00
743680,2018-04-03T23:00:00+00:00,36.7302,-89.8065,424.25,47.85948944091797,291.85888671875,289.43609619140625,99249.5,36.649349212646484,11.918954036886321,22.667648341597687,0.0,0,EF0,CST-6,03-APR-18 16:58:00
743681,2018-04-03T23:00:00+00:00,36.7691,-89.6413,543.25,64.28136444091797,292.17138671875,289.51324462890625,99270.5,36.934505462646484,13.772280592036406,23.03489242286807,1.0,0,EF1,CST-6,03-APR-18 17:14:00
754865,2018-04-08T01:00:00+00:00,43.32,-112.5703,11.0625,,285.04833984375,280.9700927734375,84163.5,14.067239761352539,0.5619188772850403,16.56305424034921,0.0,0,EF0,MST-7,07-APR-18 17:30:00
739942,2018-04-15T13:00:00+00:00,30.9838,-84.6355,299.8125,5.9589643478393555,294.04193115234375,293.0983581542969,100290.6875,45.28261184692383,17.8617975105689,21.075685015651477,1.0,0,EF1,EST-5,15-APR-18 07:55:00
752404,2018-06-19T20:00:00+00:00,40.03,-104.36,1433.5,144.18370056152344,294.559326171875,287.010009765625,84420.3125,24.37847137451172,0.22873244658112787,6.068757147352663,0.0,0,EF0,MST-7,19-JUN-18 13:16:00
752405,2018-06-19T23:00:00+00:00,39.35,-103.65,2335.75,205.02005004882812,300.617431640625,286.74267578125,83063.625,29.851804733276367,0.18277587483248964,9.554040232341206,0.0,0,EF0,MST-7,19-JUN-18 15:48:00
752406,2018-06-19T23:00:00+00:00,39.27,-103.69,2335.75,205.02005004882812,300.617431640625,286.74267578125,83063.625,29.851804733276367,0.18277587483248964,9.554040232341206,0.0,0,EF0,MST-7,19-JUN-18 15:52:00
752407,2018-06-19T23:00:00+00:00,39.31,-103.41,2359.875,228.56692504882812,301.395751953125,287.15673828125,83664.625,31.439695358276367,0.15621612014927627,8.329330760898124,0.0,0,EF0,MST-7,19-JUN-18 16:11:00
759125,2018-06-29T10:00:00+00:00,47.55,-96.02,1072.25,136.68763732910156,293.447265625,291.2955017089844,95875.9375,45.50008010864258,6.781616733517018,10.620544342346562,2.0,1,EF2,CST-6,29-JUN-18 03:54:00
751895,2018-06-17T20:00:00+00:00,41.0,-102.29,283.25,79.57821655273438,296.152587890625,291.191162109375,87989.0,31.8616943359375,0.08077853696585495,6.516434098962293,0.0,0,EF0,MST-7,17-JUN-18 13:20:00
783549,2018-10-03T23:00:00+00:00,39.54,-117.02,0.0,,288.87353515625,277.802490234375,79447.6875,13.20876693725586,0.19802832924014221,5.4705445025356845,0.0,0,EF0,PST-8,03-OCT-18 15:06:00
768909,2018-06-14T00:00:00+00:00,41.7182,-76.6881,795.375,57.64714050292969,298.554443359375,293.4326171875,95595.75,30.09566879272461,12.103703634141501,18.321838393652808,2.0,1,EF2,EST-5,13-JUN-18 19:16:00
768910,2018-06-14T02:00:00+00:00,41.2436,-75.8467,615.5,13.734431266784668,296.349853515625,293.59228515625,96165.0625,32.27199172973633,14.573063437463336,16.56373548910097,2.0,1,EF2,EST-5,13-JUN-18 21:02:00
793700,2018-11-07T23:00:00+00:00,32.7181,-83.7589,40.75,0.11251839995384216,292.815185546875,292.15496826171875,100065.0625,47.67079544067383,6.555272465116126,19.621056879846613,0.0,0,EF0,EST-5,07-NOV-18 17:35:00
752741,2018-06-24T17:00:00+00:00,40.54,-106.5,787.5,24.67193603515625,286.39306640625,277.577392578125,73269.0,10.365042686462402,0.6880413715292972,2.364588698289061,0.0,0,EF0,MST-7,24-JUN-18 10:14:00
750132,2018-05-15T22:00:00+00:00,39.4581,-89.3357,107.375,,298.376708984375,290.45849609375,99055.9375,37.18102264404297,0.6498641707421654,8.24644657376428,0.0,0,EF0,CST-6,15-MAY-18 15:37:00
757748,2018-06-21T20:00:00+00:00,40.67,-88.93,1155.625,34.004703521728516,299.044677734375,293.3330078125,97995.125,38.38935089111328,0.48808097231697645,4.014665845368893,0.0,0,EF0,CST-6,21-JUN-18 14:02:00
760387,2018-06-19T23:00:00+00:00,40.172,-99.2619,2126.625,12.738797187805176,297.100830078125,293.70556640625,93526.625,50.615478515625,3.576010265876081,3.332867453669932,0.0,0,EF0,CST-6,19-JUN-18 16:42:00
770995,2018-06-23T00:00:00+00:00,36.66,-100.72,1159.75,88.43751525878906,300.795654296875,290.15478515625,91300.0625,46.228485107421875,3.537764011745208,19.816506202208743,0.0,0,EF0,CST-6,22-JUN-18 18:17:00
768656,2018-06-24T20:00:00+00:00,34.74,-96.62,3919.0,339.677978515625,303.551025390625,294.42333984375,97724.625,46.33852767944336,6.998652363534769,14.75974704658333,0.0,0,EF0,CST-6,24-JUN-18 14:12:00
769843,2018-06-25T01:00:00+00:00,40.5981,-97.6136,1800.375,84.21894836425781,298.217041015625,292.8141174316406,95301.375,29.338314056396484,3.521098562772284,6.763036180220414,0.0,0,EF0,CST-6,24-JUN-18 18:43:00
769847,2018-06-25T00:00:00+00:00,40.6153,-97.5195,1854.0,51.44202423095703,299.1787109375,293.23974609375,95413.75,32.458412170410156,5.093048685901898,4.059250573230254,0.0,0,EF0,CST-6,24-JUN-18 18:14:00
755553,2018-05-19T01:00:00+00:00,39.1744,-100.3019,2280.8125,27.609453201293945,291.72509765625,288.3297424316406,91279.4375,34.66099166870117,2.1989224219404693,10.197698765833072,0.0,0,EF0,CST-6,18-MAY-18 18:36:00
758464,2018-06-27T01:00:00+00:00,41.3169,-90.011,71.5,5.286731719970703,295.228271484375,292.75775146484375,98186.5625,41.32243347167969,7.20411262994468,6.2944463510603095,0.0,0,EF0,CST-6,26-JUN-18 19:23:00
769850,2018-06-25T00:00:00+00:00,40.5966,-97.5389,1587.375,29.910776138305664,299.9736328125,293.32275390625,95226.75,28.679115295410156,4.131471162288801,4.016184238085937,0.0,0,EF0,CST-6,24-JUN-18 18:12:00
769851,2018-06-25T00:00:00+00:00,40.5959,-97.5297,1529.5,60.67639923095703,300.9580078125,293.07275390625,95524.75,31.138099670410156,3.8180151540506153,2.8715248920017125,0.0,0,EF0,CST-6,24-JUN-18 18:17:00
762317,2018-06-13T00:00:00+00:00,35.34,-101.41,1191.5,,306.002685546875,288.705078125,89500.75,33.503902435302734,0.46898134669436065,7.446952417662814,0.0,0,EF0,CST-6,12-JUN-18 17:46:00
778374,2018-10-02T23:00:00+00:00,41.0484,-75.6049,1382.25,64.60939025878906,294.142578125,292.929931640625,96912.1875,43.22553253173828,11.843497200817998,13.88763351960493,1.0,0,EF1,EST-5,02-OCT-18 17:37:00
778377,2018-10-02T23:00:00+00:00,41.0158,-75.4114,1206.625,72.81251525878906,294.25390625,293.096923828125,97547.1875,43.68354034423828,12.024811336250043,14.277389005153596,1.0,0,EF1,EST-5,02-OCT-18 18:01:00
768309,2018-06-13T22:00:00+00:00,35.0,-91.39,2574.5,57.96913146972656,300.911865234375,296.783447265625,100766.0,48.566429138183594,3.6274049101851324,2.5012630897682917,0.0,0,EF0,CST-6,13-JUN-18 15:51:00
757754,2018-06-27T01:00:00+00:00,40.2725,-88.1022,752.75,214.59922790527344,297.103271484375,293.09075927734375,98336.5625,42.00212097167969,9.966329728149422,16.92808191412095,1.0,0,EF1,CST-6,26-JUN-18 19:27:00
750534,2018-04-10T20:00:00+00:00,26.08,-80.16,3481.5,115.57813262939453,300.738525390625,295.8194580078125,101515.5625,40.12190628051758,6.720192050965411,10.242422202001498,0.0,0,EF0,EST-5,10-APR-18 15:25:00
757768,2018-06-26T18:00:00+00:00,38.3022,-85.4994,1908.75,244.35757446289062,295.77197265625,293.651611328125,99249.3125,50.801212310791016,3.69039688238301,17.066400679350586,0.0,0,EF0,EST-5,26-JUN-18 12:47:00
757767,2018-06-26T18:00:00+00:00,38.3062,-85.5303,1908.75,244.35757446289062,295.77197265625,293.651611328125,99249.3125,50.801212310791016,3.69039688238301,17.066400679350586,1.0,0,EF1,EST-5,26-JUN-18 12:44:00
771191,2018-06-01T18:00:00+00:00,43.9988,-107.1501,343.125,32.026920318603516,285.8232421875,280.6589050292969,79143.25,12.037705421447754,0.6540547526428104,5.968447131749295,2.0,1,EF2,MST-7,01-JUN-18 11:11:00
771193,2018-06-01T18:00:00+00:00,44.0285,-107.1061,343.125,32.026920318603516,285.8232421875,280.6589050292969,79143.25,12.037705421447754,0.6540547526428104,5.968447131749295,2.0,1,EF2,MST-7,01-JUN-18 11:16:00
771159,2018-06-28T00:00:00+00:00,40.257,-79.417,886.0,5.421917915344238,295.27734375,293.0601806640625,95765.9375,39.159664154052734,10.340682190939805,15.156592842723342,0.0,0,EF0,EST-5,27-JUN-18 19:20:00
771167,2018-06-28T00:00:00+00:00,40.205,-79.56,1005.0,13.875042915344238,295.8095703125,293.5845947265625,96695.9375,40.665523529052734,10.419980536689893,15.00155641375692,0.0,0,EF0,EST-5,27-JUN-18 19:02:00
788401,2018-12-01T06:00:00+00:00,35.1929,-93.801,1495.6875,2.625037431716919,289.878662109375,289.376220703125,97584.5,28.824565887451172,21.473620782686414,17.453586927692264,0.0,0,EF0,CST-6,30-NOV-18 23:50:00
765368,2018-06-18T20:00:00+00:00,31.5662,-90.3774,956.625,249.62510681152344,299.75341796875,291.660400390625,100462.9375,48.685874938964844,8.094329998997395,5.879729871124605,0.0,0,EF0,CST-6,18-JUN-18 13:57:00
758572,2018-06-02T02:00:00+00:00,41.6024,-98.905,2326.0,57.282012939453125,294.577880859375,292.29833984375,93209.4375,43.919864654541016,5.396001809376681,13.033717649937392,0.0,0,EF0,CST-6,01-JUN-18 20:14:00
765843,2018-06-20T00:00:00+00:00,37.9307,-103.5487,2853.125,90.12277221679688,308.808837890625,281.1676025390625,86217.5625,35.4699821472168,0.32603308674322934,13.749834227106632,0.0,0,EF0,MST-7,19-JUN-18 16:51:00
770124,2018-06-26T21:00:00+00:00,38.0654,-93.8217,3365.625,322.9101257324219,302.398193359375,297.538818359375,98090.9375,49.1757926940918,12.60210220220554,19.371647903845847,1.0,0,EF1,CST-6,26-JUN-18 14:30:00
757825,2018-06-25T16:00:00+00:00,37.3849,-86.9283,718.5,59.79690170288086,297.5146484375,295.72332763671875,99955.0,50.93760299682617,11.20052676071178,12.579994737146869,1.0,0,EF1,CST-6,25-JUN-18 09:50:00
743856,2018-05-02T01:00:00+00:00,39.2474,-97.3287,1802.0,35.19968795776367,297.46484375,288.72589111328125,95749.8125,36.73036193847656,13.182254788283647,20.10404775727027,1.0,0,EF1,CST-6,01-MAY-18 18:56:00
743857,2018-05-02T23:00:00+00:00,39.583,-96.7142,72.125,71.71892547607422,294.862548828125,290.146240234375,96464.9375,36.1796760559082,6.701771455487469,17.166257537215067,0.0,0,EF0,CST-6,02-MAY-18 16:30:00
743858,2018-05-02T23:00:00+00:00,39.6811,-96.5196,163.5,109.70330047607422,292.961181640625,289.965576171875,96425.9375,36.2509651184082,5.0528028228018025,14.00087693814547,0.0,0,EF0,CST-6,02-MAY-18 16:47:00
743859,2018-05-03T01:00:00+00:00,38.2829,-95.998,476.75,224.1876220703125,296.56689453125,291.6044921875,97086.6875,41.320228576660156,8.515867770511424,17.617510444406633,0.0,0,EF0,CST-6,02-MAY-18 18:45:00
764643,2018-06-26T20:00:00+00:00,40.4791,-92.1659,884.5,38.68202209472656,299.469970703125,293.5400390625,98036.375,42.38500213623047,7.300777931195249,13.246736817438771,0.0,0,EF0,CST-6,26-JUN-18 14:26:00
770385,2018-06-30T21:00:00+00:00,40.3999,-99.2125,1170.75,124.60945129394531,303.83447265625,292.354736328125,93205.0,40.55133056640625,1.4060167915795,12.825044186746611,0.0,0,EF0,CST-6,30-JUN-18 15:02:00
770394,2018-06-30T21:00:00+00:00,40.3624,-99.3105,1116.875,217.0157012939453,305.00439453125,291.561767578125,93207.0,39.77105712890625,1.6147877890088629,11.884949956554333,0.0,0,EF0,CST-6,30-JUN-18 14:40:00
769470,2018-06-18T20:00:00+00:00,44.08,-71.72,304.625,441.1719970703125,299.21142578125,291.148681640625,95026.9375,41.174156188964844,11.477849175149123,23.341843330780605,0.0,0,EF0,EST-5,18-JUN-18 14:32:00
769548,2018-06-18T19:00:00+00:00,44.15,-72.0,315.375,426.0157165527344,297.123779296875,292.4072265625,96100.5,41.695186614990234,13.429519420898515,23.88285812975701,0.0,0,EF0,EST-5,18-JUN-18 14:03:00
770853,2018-06-27T22:00:00+00:00,39.543,-79.875,984.0,15.085295677185059,297.5107421875,293.064208984375,95358.125,37.13046646118164,9.708361439181516,17.750074012880283,0.0,0,EF0,EST-5,27-JUN-18 16:42:00
757826,2018-06-25T17:00:00+00:00,37.322,-86.2472,1863.5,97.5000228881836,297.302978515625,295.43621826171875,99378.375,49.70054626464844,11.281994684883916,15.24131790441761,0.0,0,EF0,CST-6,25-JUN-18 11:04:00
744392,2018-05-03T01:00:00+00:00,38.408,-95.91,384.875,145.4688720703125,296.73193359375,291.2783203125,97010.6875,41.731361389160156,8.389417153792019,19.428403204653783,0.0,0,EF0,CST-6,02-MAY-18 18:51:00
774208,2018-07-08T23:00:00+00:00,30.02,-93.48,977.25,126.18758392333984,299.754150390625,296.141357421875,101677.3125,57.313682556152344,1.9594633900853073,2.1671018778123856,0.0,0,EF0,CST-6,08-JUL-18 16:59:00
750153,2018-05-27T22:00:00+00:00,39.3302,-88.395,767.0,234.65774536132812,304.650390625,293.40081787109375,98927.3125,31.544382095336914,1.9442671853690583,5.4424722134350505,0.0,0,EF0,CST-6,27-MAY-18 15:30:00
750574,2018-04-27T19:00:00+00:00,26.298,-80.267,1311.3125,22.625041961669922,299.449462890625,295.3957824707031,101109.4375,43.35505676269531,2.119851561780071,7.8687319588040205,0.0,0,EF0,EST-5,27-APR-18 13:37:00
756013,2018-06-20T20:00:00+00:00,41.3082,-92.305,1749.5,62.47092819213867,299.3447265625,295.41748046875,97975.75,50.568702697753906,5.968684561667923,5.8209716065780945,0.0,0,EF0,CST-6,20-JUN-18 13:31:00
770372,2018-06-23T03:00:00+00:00,35.448,-100.299,773.75,750.579345703125,300.84326171875,286.822021484375,91522.5625,40.088218688964844,2.45313331808235,23.340237673641887,0.0,0,EF0,CST-6,22-JUN-18 21:21:00
754398,2018-04-16T00:00:00+00:00,24.9879,-80.5511,595.0,33.95890426635742,298.0703125,295.72686767578125,101577.0625,51.0288200378418,7.985059914497377,10.793270134418686,1.0,0,EF1,EST-5,15-APR-18 19:12:00
754402,2018-04-16T00:00:00+00:00,25.0021,-80.5197,753.75,31.08390235900879,297.9990234375,295.56378173828125,101575.0625,49.2182731628418,7.820534397158929,10.960023149866634,0.0,0,EF0,EST-5,15-APR-18 19:12:00
765679,2018-06-09T23:00:00+00:00,41.6051,-85.0271,872.0,9.933636665344238,296.917236328125,293.47705078125,98207.0,42.41160583496094,5.213127222890132,9.647535599306266,0.0,0,EF0,EST-5,09-JUN-18 17:30:00
765680,2018-06-09T23:00:00+00:00,41.6138,-85.0163,578.25,25.136762619018555,296.115478515625,293.28857421875,97918.0,42.77976989746094,5.182050949705313,9.183653204906415,1.0,0,EF1,EST-5,09-JUN-18 17:34:00
767292,2018-06-23T00:00:00+00:00,34.2415,-87.1344,1514.0,6.4062652587890625,297.896240234375,295.45166015625,98234.0625,46.116180419921875,11.72382304782335,14.560194368265359,0.0,0,EF0,CST-6,22-JUN-18 17:46:00
768141,2018-06-21T19:00:00+00:00,43.8712,-113.491,381.375,88.5299301147461,289.44140625,282.180908203125,78040.6875,12.0751371383667,0.20704586014551835,2.3440292947576338,0.0,0,EF0,MST-7,21-JUN-18 12:15:00
743853,2018-05-01T23:00:00+00:00,39.9682,-97.6727,1715.375,70.0792465209961,296.449462890625,290.553466796875,94885.0,38.1965446472168,10.862314308210992,21.48145334444956,0.0,0,EF0,CST-6,01-MAY-18 16:44:00
743854,2018-05-02T00:00:00+00:00,39.4012,-97.7314,1616.5,29.85953140258789,296.720703125,288.9051513671875,95405.25,37.8687744140625,12.012199070132734,21.136451168956025,1.0,0,EF1,CST-6,01-MAY-18 17:59:00
743855,2018-05-02T00:00:00+00:00,39.4491,-97.6107,1616.5,29.85953140258789,296.720703125,288.9051513671875,95405.25,37.8687744140625,12.012199070132734,21.136451168956025,0.0,0,EF0,CST-6,01-MAY-18 18:15:00
744228,2018-05-02T01:00:00+00:00,39.494,-97.348,1611.0,12.824687004089355,294.890625,289.30303955078125,95557.8125,36.40711975097656,13.410198797223378,19.01975341121403,1.0,0,EF1,CST-6,01-MAY-18 18:49:00
749050,2018-06-01T20:00:00+00:00,44.329,-105.711,698.25,21.86490249633789,288.40576171875,286.0284423828125,85230.9375,19.163040161132812,0.26838874560198883,6.943437138378676,3.0,1,EF3,MST-7,01-JUN-18 12:41:00
755968,2018-06-10T03:00:00+00:00,42.4419,-91.6231,1489.875,8.235967636108398,295.3466796875,294.093505859375,97420.0,48.84339141845703,7.749654466273709,15.796960591496044,1.0,0,EF1,CST-6,09-JUN-18 20:36:00
744393,2018-05-03T01:00:00+00:00,38.436,-95.723,644.75,215.0782470703125,296.64990234375,291.439453125,97158.6875,41.647377014160156,8.801567382734856,17.55279442612716,0.0,0,EF0,CST-6,02-MAY-18 19:04:00
765197,2018-06-29T02:00:00+00:00,45.4092,-104.0405,6377.75,482.9998779296875,301.829833984375,295.5462646484375,88317.875,37.71134948730469,3.160103143190383,13.128625251620582,3.0,1,EF3,MST-7,28-JUN-18 19:20:00
765204,2018-06-29T03:00:00+00:00,45.4259,-103.9053,6223.625,322.7710876464844,297.618408203125,294.8305969238281,88693.0,38.94523620605469,0.20776261562556667,12.900938603617528,2.0,1,EF2,MST-7,28-JUN-18 19:30:00
765210,2018-06-29T03:00:00+00:00,45.478,-103.8812,6223.625,322.7710876464844,297.618408203125,294.8305969238281,88693.0,38.94523620605469,0.20776261562556667,12.900938603617528,,0,EFU,MST-7,28-JUN-18 19:43:00
765221,2018-06-29T03:00:00+00:00,45.5562,-103.7596,6078.125,393.0367126464844,298.111572265625,295.2417297363281,89123.0,37.98429870605469,5.715832045609661,13.997910678286551,2.0,1,EF2,MST-7,28-JUN-18 20:10:00
757387,2018-07-04T19:00:00+00:00,30.5615,-97.5903,1432.125,51.71638870239258,301.53955078125,296.2021484375,98888.8125,57.42283630371094,2.2921320125114226,9.841144564383965,0.0,0,EF0,CST-6,04-JUL-18 13:25:00
784952,2018-09-19T23:00:00+00:00,40.243,-101.2862,2005.625,50.25001525878906,302.302734375,292.105712890625,90197.375,34.893489837646484,0.4364990262006198,10.883402096608037,0.0,0,EF0,CST-6,19-SEP-18 17:20:00
794773,2018-11-01T22:00:00+00:00,38.06,-92.29,48.25,,280.95458984375,279.778564453125,97760.25,15.486416816711426,7.12223928532069,10.459293406957972,0.0,0,EF0,CST-6,01-NOV-18 16:25:00
757656,2018-07-09T14:00:00+00:00,31.4526,-93.7545,204.375,0.5593578219413757,297.92431640625,296.903076171875,101221.875,53.89548110961914,2.858359760076168,1.988380608936198,0.0,0,EF0,CST-6,09-JUL-18 08:04:00
740807,2018-03-20T02:00:00+00:00,33.774,-85.3617,1017.75,10.657337188720703,291.60821533203125,290.48895263671875,96349.375,30.877079010009766,12.199282728739371,26.514200013223302,1.0,0,EF1,EST-5,19-MAR-18 21:13:00
772550,2018-09-02T22:00:00+00:00,33.47,-101.88,197.5,255.81253051757812,300.129150390625,287.47705078125,90133.25,35.08012390136719,0.2218472741189641,1.2337426892296284,,0,EFU,CST-6,02-SEP-18 15:57:00
777030,2018-07-20T20:00:00+00:00,40.1954,-85.6115,2510.875,8.406418800354004,299.61767578125,291.306396484375,97583.5,48.52402114868164,8.084083128689372,16.1319693504144,1.0,0,EF1,EST-5,20-JUL-18 14:50:00
773512,2018-09-09T20:00:00+00:00,36.38,-103.99,1179.375,229.92213439941406,297.271240234375,285.137939453125,80769.5625,21.101043701171875,0.05938211757655139,3.0525436342665766,0.0,0,EF0,MST-7,09-SEP-18 13:15:00
757822,2018-07-04T19:00:00+00:00,28.8173,-81.7224,1949.5,85.60701751708984,301.91064453125,294.8076171875,101450.8125,46.54685974121094,1.068454051268734,3.5230418701551582,0.0,0,EF0,EST-5,04-JUL-18 13:30:00
740823,2018-03-20T03:00:00+00:00,33.6226,-84.6252,1157.5,1.828380823135376,290.6162414550781,290.2425537109375,96674.1875,32.176055908203125,11.438863604879359,25.317408284328533,2.0,1,EF2,EST-5,19-MAR-18 22:11:00
740791,2018-03-18T02:00:00+00:00,34.7903,-83.784,285.59375,13.421950340270996,289.280517578125,285.3135986328125,93929.1875,19.2415771484375,10.765900464023797,18.591290956420075,1.0,0,EF1,EST-5,17-MAR-18 20:31:00
776283,2018-07-14T01:00:00+00:00,37.7853,-101.9059,1186.125,28.140859603881836,301.61767578125,291.682373046875,89546.0625,36.11517333984375,0.19083630374870336,2.1331482325534004,0.0,0,EF0,MST-7,13-JUL-18 18:20:00
773564,2018-07-30T22:00:00+00:00,43.5812,-97.047,441.0,56.860660552978516,297.73583984375,287.040771484375,96832.4375,25.489761352539062,0.7985611882688435,3.1046325983353507,0.0,0,EF0,CST-6,30-JUL-18 16:16:00
740815,2018-03-20T02:00:00+00:00,33.8115,-85.1924,824.125,4.579212665557861,291.28009033203125,290.26629638671875,96294.375,31.210086822509766,11.6991670779835,25.928376627238812,1.0,0,EF1,EST-5,19-MAR-18 21:25:00
773566,2018-07-30T22:00:00+00:00,43.51,-96.9,501.875,55.876285552978516,297.68505859375,287.082763671875,96822.4375,25.245620727539062,0.8993035053153722,3.0377592419725534,0.0,0,EF0,CST-6,30-JUL-18 16:26:00
758170,2018-07-20T18:00:00+00:00,44.0624,-89.2517,569.375,1.821100115776062,294.165771484375,293.181396484375,97239.4375,43.719322204589844,1.7067109801174127,3.6819254462763014,0.0,0,EF0,CST-6,20-JUL-18 11:55:00
765558,2018-07-26T22:00:00+00:00,42.9,-106.32,547.5,,298.69091796875,281.822509765625,83606.5625,19.879180908203125,0.14380843916030633,3.622629131988012,0.0,0,EF0,MST-7,26-JUL-18 14:32:00
771110,2018-07-31T23:00:00+00:00,36.8742,-88.1665,556.625,,299.896240234375,291.303955078125,99626.6875,33.64188003540039,0.5456422726763568,10.666489180866513,0.0,0,EF0,CST-6,31-JUL-18 17:10:00
785033,2018-09-03T19:00:00+00:00,41.8693,-87.7457,1986.625,93.53128051757812,299.694091796875,295.83203125,99924.375,50.489479064941406,6.5117920257700135,15.620883532117645,0.0,0,EF0,CST-6,03-SEP-18 13:14:00
783374,2018-09-05T02:00:00+00:00,43.8443,-91.7903,449.875,16.633268356323242,295.827392578125,293.8583984375,97449.625,56.39945602416992,11.700020156138159,20.885838180251792,1.0,0,EF1,CST-6,04-SEP-18 20:05:00
783380,2018-09-05T02:00:00+00:00,43.8468,-91.7883,465.25,16.445768356323242,296.025634765625,293.9150390625,97763.625,55.97953414916992,11.843856822444762,20.47603512733574,1.0,0,EF1,CST-6,04-SEP-18 20:06:00
771898,2018-07-20T18:00:00+00:00,41.3823,-86.2197,971.5,58.05547332763672,299.160888671875,292.465576171875,97714.4375,42.795494079589844,6.468552106950236,10.02705850486354,0.0,0,EF0,EST-5,20-JUL-18 12:53:00
773193,2018-08-01T03:00:00+00:00,41.6219,-83.4714,1.5,,293.181640625,291.594482421875,99028.9375,41.15492248535156,3.3138924261525466,16.28601798367577,1.0,0,EF1,EST-5,31-JUL-18 21:50:00
773237,2018-08-01T03:00:00+00:00,40.513,-83.1153,128.5,,294.7548828125,293.282958984375,97700.9375,37.36683654785156,10.22286008111147,12.735430897829314,0.0,0,EF0,EST-5,31-JUL-18 21:36:00
771902,2018-07-20T19:00:00+00:00,40.7281,-85.718,1497.875,18.939708709716797,301.198974609375,291.952392578125,97794.4375,45.64093780517578,9.393345664142016,17.276963510428914,0.0,0,EF0,EST-5,20-JUL-18 14:14:00
778688,2018-09-20T18:00:00+00:00,41.5017,-81.068,437.75,148.00242614746094,299.669921875,293.32073974609375,98334.875,43.459041595458984,3.914100874508942,11.873061464234237,1.0,0,EF1,EST-5,20-SEP-18 13:23:00
778701,2018-09-20T19:00:00+00:00,41.4814,-81.0206,409.0,121.62886047363281,300.497802734375,293.41253662109375,98176.5,42.588722229003906,2.142421830720009,11.74471226586279,1.0,0,EF1,EST-5,20-SEP-18 13:31:00
758950,2018-07-19T18:00:00+00:00,43.54,-94.67,1046.25,73.03202819824219,295.639404296875,293.560546875,96078.1875,37.355552673339844,5.848785912778039,9.651090948143114,0.0,0,EF0,CST-6,19-JUL-18 11:45:00
760872,2018-07-22T22:00:00+00:00,40.7074,-75.6665,773.25,1.0117692947387695,297.01220703125,296.044921875,98347.0,41.73215103149414,11.712646108767931,15.819137666336086,0.0,0,EF0,EST-5,22-JUL-18 17:26:00
770409,2018-07-10T01:00:00+00:00,48.7702,-104.5307,1983.0,116.40625762939453,302.49853515625,289.966064453125,93776.0,40.21942901611328,6.401315033316637,15.793965627174666,1.0,0,EF1,MST-7,09-JUL-18 18:05:00
745435,2018-05-13T22:00:00+00:00,40.1164,-78.9219,418.5,6.703317165374756,292.935546875,291.830322265625,94752.4375,34.87582778930664,7.135739230442895,16.64000814653134,1.0,0,EF1,EST-5,13-MAY-18 16:55:00
745874,2018-05-11T18:00:00+00:00,40.84,-117.34,0.0625,,283.470458984375,269.67645263671875,83695.625,7.1089887619018555,0.06035568472567831,2.8631227041221456,0.0,0,EF0,PST-8,11-MAY-18 10:05:00
745875,2018-05-11T19:00:00+00:00,41.15,-117.52,55.625,,284.54052734375,270.544921875,84208.375,7.419351577758789,0.42113556818142617,3.619201648062328,0.0,0,EF0,PST-8,11-MAY-18 11:25:00
747606,2018-05-04T01:00:00+00:00,41.4875,-93.2459,670.125,6.536980152130127,295.304931640625,289.6663818359375,97514.75,34.718231201171875,10.771392698968148,15.940775585665941,0.0,0,EF0,CST-6,03-MAY-18 18:48:00
761727,2018-05-02T00:00:00+00:00,40.07,-96.77,1617.8125,168.60952758789062,298.0654296875,288.8670654296875,95825.25,39.6666259765625,12.835820234706222,30.123052996164084,0.0,0,EF0,CST-6,01-MAY-18 18:23:00
777213,2018-07-27T20:00:00+00:00,32.0644,-81.0287,2842.0,93.23345184326172,302.17333984375,297.94970703125,101532.75,50.249202728271484,5.830949295789391,4.653212399222923,1.0,0,EF1,EST-5,27-JUL-18 14:49:00
753487,2018-05-20T02:00:00+00:00,37.2779,-79.5621,355.25,36.50007247924805,294.6728515625,293.0177917480469,98043.875,38.55975341796875,10.250919186116898,11.266541923910358,1.0,0,EF1,EST-5,19-MAY-18 20:36:00
754010,2018-05-28T22:00:00+00:00,41.5959,-109.9419,56.6875,39.773399353027344,289.7255859375,281.87939453125,80007.6875,11.597762107849121,0.13098916469546776,5.251331954028565,0.0,0,EF0,MST-7,28-MAY-18 14:39:00
745434,2018-05-13T22:00:00+00:00,40.1377,-79.1034,514.125,12.328317642211914,293.3759765625,291.891845703125,95149.4375,35.76352310180664,7.240316393188851,16.19833058959339,1.0,0,EF1,EST-5,13-MAY-18 16:34:00
751578,2018-05-22T20:00:00+00:00,41.73,-115.92,1440.0,2.3437693119049072,289.392333984375,282.4609375,79609.8125,15.34786319732666,0.052320730350530247,1.1325607987466249,0.0,0,EF0,PST-8,22-MAY-18 12:00:00
746996,2018-05-22T02:00:00+00:00,39.053,-83.9283,320.625,111.96879577636719,295.764404296875,291.6705322265625,98539.125,44.1229248046875,5.3681503214134345,8.979856200488964,0.0,0,EF0,EST-5,21-MAY-18 21:04:00
754012,2018-05-28T21:00:00+00:00,42.3367,-108.7514,877.3125,156.7600860595703,289.285888671875,282.03851318359375,77877.625,12.06231689453125,0.21668094245392464,0.5883936815744161,0.0,0,EF0,MST-7,28-MAY-18 14:00:00
796756,2018-12-01T07:00:00+00:00,36.9432,-93.7216,847.0625,21.609413146972656,285.4228515625,284.8739318847656,95119.0,22.889728546142578,16.295765738999794,26.311534512701193,1.0,0,EF1,CST-6,01-DEC-18 00:30:00
759729,2018-05-04T00:00:00+00:00,42.7139,-77.1529,166.75,0.4030599296092987,292.837890625,291.576171875,97921.9375,38.27361297607422,12.230680785712098,21.347598695759647,1.0,0,EF1,EST-5,03-MAY-18 19:19:00
777974,2018-09-08T22:00:00+00:00,38.0008,-86.9434,640.5,5.421876907348633,295.557373046875,295.219482421875,99117.625,56.51256561279297,13.358187194606732,18.66037433457407,0.0,0,EF0,CST-6,08-SEP-18 15:36:00
759130,2018-05-02T21:00:00+00:00,34.939,-99.318,1106.5,49.67190933227539,305.4755859375,285.91845703125,94894.75,32.9338493347168,4.741106095137703,13.170506374113668,0.0,0,EF0,CST-6,02-MAY-18 15:27:00
759132,2018-05-02T22:00:00+00:00,34.953,-99.213,17.125,57.500038146972656,302.474365234375,289.178466796875,95018.375,29.384506225585938,5.888596907475852,18.45813865496281,,0,EFU,CST-6,02-MAY-18 15:38:00
759135,2018-05-02T23:00:00+00:00,34.27,-98.977,1728.25,49.92205047607422,304.191650390625,289.421630859375,96475.9375,42.5429573059082,8.648333704008108,16.329841807913528,,0,EFU,CST-6,02-MAY-18 17:21:00
756272,2018-05-20T13:00:00+00:00,30.5905,-97.8241,2145.5,153.2686767578125,295.71923828125,294.342041015625,98294.625,45.265968322753906,9.519197437425618,8.09769524707928,1.0,0,EF1,CST-6,20-MAY-18 07:22:00
757174,2018-05-25T23:00:00+00:00,41.76,-98.39,1226.375,,304.817138671875,291.170654296875,93602.25,23.4600772857666,2.620657012951952,5.962988320139176,0.0,0,EF0,CST-6,25-MAY-18 16:30:00
759148,2018-05-03T00:00:00+00:00,34.195,-98.676,2443.375,32.55418014526367,298.601318359375,291.794921875,96974.625,46.82865905761719,9.430817205938874,14.669847380760837,,0,EFU,CST-6,02-MAY-18 18:02:00
759272,2018-05-03T02:00:00+00:00,35.028,-97.354,2120.375,16.453411102294922,296.177001953125,292.47625732421875,97270.125,44.06734848022461,11.039946874979526,13.468533742292028,0.0,0,EF0,CST-6,02-MAY-18 19:52:00
758200,2018-05-24T02:00:00+00:00,47.14,-104.89,859.9375,226.97877502441406,294.850830078125,287.5537109375,91708.75,23.46533966064453,1.8644410892686805,9.757412718893052,0.0,0,EF0,MST-7,23-MAY-18 18:42:00
759128,2018-05-02T21:00:00+00:00,34.926,-99.328,1106.5,49.67190933227539,305.4755859375,285.91845703125,94894.75,32.9338493347168,4.741106095137703,13.170506374113668,0.0,0,EF0,CST-6,02-MAY-18 15:25:00
759133,2018-05-02T23:00:00+00:00,34.258,-99.079,1889.0,22.04705238342285,305.192626953125,288.561279296875,96233.9375,42.9990119934082,9.466986171121754,16.51937361432283,,0,EFU,CST-6,02-MAY-18 17:10:00
748000,2018-05-03T18:00:00+00:00,35.3286,-94.0039,1150.4375,31.687524795532227,294.308349609375,291.817626953125,99340.5,50.568016052246094,17.47859720867156,21.639722171839672,1.0,0,EF1,CST-6,03-MAY-18 12:09:00
754200,2018-05-19T23:00:00+00:00,37.4785,-93.3062,1789.625,316.15625,300.455078125,294.94091796875,97348.75,37.73686599731445,8.585845998158042,14.09027894167073,1.0,0,EF1,CST-6,19-MAY-18 17:25:00
754204,2018-05-19T23:00:00+00:00,37.5025,-93.2799,1887.75,345.09375,300.1796875,294.30517578125,97015.75,36.27299880981445,7.429010269198753,13.598408625390357,1.0,0,EF1,CST-6,19-MAY-18 17:28:00
745660,2018-05-09T23:00:00+00:00,46.91,-109.78,29.625,,291.18310546875,280.299072265625,85760.1875,17.161174774169922,0.4203179112044875,8.157998779684974,0.0,0,EF0,MST-7,09-MAY-18 16:28:00
753537,2018-05-28T00:00:00+00:00,40.9111,-87.3446,1277.5,723.3942260742188,305.36474609375,293.41119384765625,98684.25,29.25725555419922,2.416537123799976,2.1724557231104646,0.0,0,EF0,CST-6,27-MAY-18 17:58:00
754757,2018-05-30T17:00:00+00:00,47.3826,-98.9408,226.5,141.55743408203125,297.279052734375,287.42724609375,94827.125,31.295082092285156,0.9243329113948904,5.2905344922135775,0.0,0,EF0,CST-6,30-MAY-18 11:15:00
747603,2018-05-04T01:00:00+00:00,41.5479,-93.2512,670.125,6.536980152130127,295.304931640625,289.6663818359375,97514.75,34.718231201171875,10.771392698968148,15.940775585665941,0.0,0,EF0,CST-6,03-MAY-18 18:46:00
747607,2018-05-04T01:00:00+00:00,41.6012,-93.1442,670.125,6.536980152130127,295.304931640625,289.6663818359375,97514.75,34.718231201171875,10.771392698968148,15.940775585665941,0.0,0,EF0,CST-6,03-MAY-18 18:56:00
759730,2018-05-28T19:00:00+00:00,40.1438,-111.1321,908.625,27.002851486206055,289.091796875,277.7919921875,76035.5,11.709763526916504,0.2840044659603175,0.9875764351315174,0.0,0,EF0,MST-7,28-MAY-18 12:10:00
759732,2018-05-28T21:00:00+00:00,41.9697,-112.714,1726.1875,28.994464874267578,292.230224609375,284.24261474609375,83980.625,17.84063720703125,0.14607093633399224,3.2415127259369623,0.0,0,EF0,MST-7,28-MAY-18 14:15:00
764408,2018-05-28T19:00:00+00:00,39.1907,-99.8292,3063.75,85.59660339355469,303.0458984375,292.5908203125,92671.5,36.21073913574219,2.933395655616565,12.26262551127936,0.0,0,EF0,CST-6,28-MAY-18 13:19:00
749099,2018-05-17T00:00:00+00:00,36.6351,-90.337,821.625,807.40625,300.615478515625,289.16497802734375,99561.0,38.96664047241211,2.887570455130573,2.7274559668831815,0.0,0,EF0,CST-6,16-MAY-18 18:00:00
759647,2018-05-26T00:00:00+00:00,35.398,-99.815,2226.75,29.505401611328125,304.000244140625,290.22125244140625,93079.8125,27.617965698242188,5.402016760697906,20.821272091805167,0.0,0,EF0,CST-6,25-MAY-18 18:26:00
759992,2018-05-02T23:00:00+00:00,34.2169,-99.3235,1142.25,36.32830047607422,305.545166015625,286.421630859375,95847.9375,38.7001838684082,9.879809305644002,16.573042447617965,,0,EFU,CST-6,02-MAY-18 16:46:00
760377,2018-05-31T22:00:00+00:00,43.4709,-112.7636,60.125,121.68750762939453,289.98291015625,282.9667053222656,83954.0625,19.118579864501953,0.15344948391094884,10.593200183524251,1.0,0,EF1,MST-7,31-MAY-18 15:00:00
759431,2018-05-28T19:00:00+00:00,33.5494,-80.6966,562.625,10.221601486206055,301.603515625,297.4140625,100645.5,52.78300476074219,5.635082672238999,6.59790871168759,0.0,0,EF0,EST-5,28-MAY-18 14:06:00
747533,2018-05-28T23:00:00+00:00,39.62,-103.07,778.1875,53.37039566040039,292.51611328125,287.4635009765625,84801.0625,19.62116050720215,0.16932262433392611,11.717246047549779,0.0,0,EF0,MST-7,28-MAY-18 16:15:00
778702,2018-09-20T19:00:00+00:00,41.4479,-81.0033,409.0,121.62886047363281,300.497802734375,293.41253662109375,98176.5,42.588722229003906,2.142421830720009,11.74471226586279,1.0,0,EF1,EST-5,20-SEP-18 13:37:00
742591,2018-02-24T23:00:00+00:00,37.0351,-86.1243,57.21875,85.15625762939453,292.41522216796875,289.0953674316406,98672.25,33.72093200683594,13.125864644408324,21.25252155274038,1.0,0,EF1,CST-6,24-FEB-18 17:20:00
759670,2018-05-05T01:00:00+00:00,43.1461,-72.447,234.0625,40.281288146972656,293.482421875,289.617431640625,96215.375,36.10435104370117,14.95923839924759,25.08306091330174,0.0,0,EF0,EST-5,04-MAY-18 20:18:00
746510,2018-05-15T20:00:00+00:00,40.3119,-76.948,1510.5625,38.453125,302.691162109375,294.1806640625,98945.625,40.484886169433594,7.667376932884404,16.161704021159576,1.0,0,EF1,EST-5,15-MAY-18 15:15:00
745811,2018-05-13T22:00:00+00:00,39.9524,-78.6731,113.25,15.797067642211914,293.0859375,291.597900390625,95351.4375,34.52719497680664,6.666396929326942,16.197908737558514,0.0,0,EF0,EST-5,13-MAY-18 17:19:00
751392,2018-05-03T07:00:00+00:00,37.0554,-93.2124,1848.25,59.50011444091797,293.951904296875,291.36328125,97047.6875,43.04637145996094,16.56824105543246,12.437573926376201,1.0,0,EF1,CST-6,03-MAY-18 01:10:00
751396,2018-05-03T08:00:00+00:00,36.8435,-92.6028,1590.5,194.66104125976562,292.738037109375,291.751220703125,97848.0625,41.519493103027344,17.664940369938332,21.01272562447331,1.0,0,EF1,CST-6,03-MAY-18 01:45:00
754419,2018-05-31T22:00:00+00:00,46.8122,-102.3243,868.25,95.39063262939453,299.41845703125,287.1385803222656,92053.0625,30.753345489501953,2.9697368264722868,13.753229290238098,0.0,0,EF0,MST-7,31-MAY-18 15:19:00
751385,2018-06-01T01:00:00+00:00,37.453,-89.5378,2017.75,89.13326263427734,298.660400390625,295.78179931640625,99137.875,48.16328430175781,10.815834422859774,14.523250015933348,1.0,0,EF1,CST-6,31-MAY-18 18:44:00
771954,2018-09-01T20:00:00+00:00,36.91,-105.64,33.5,,291.251708984375,277.649658203125,75734.5,15.639273643493652,0.20835242225540443,4.428404780862311,0.0,0,EF0,MST-7,01-SEP-18 13:15:00
757526,2018-05-03T04:00:00+00:00,30.2832,-101.5035,2035.625,321.171875,298.0966796875,292.475341796875,93942.875,36.017208099365234,11.193049380664538,16.321685883488783,0.0,0,EF0,CST-6,02-MAY-18 21:39:00
759673,2018-05-05T01:00:00+00:00,43.1548,-72.4319,234.0625,40.281288146972656,293.482421875,289.617431640625,96215.375,36.10435104370117,14.95923839924759,25.08306091330174,0.0,0,EF0,EST-5,04-MAY-18 20:19:00
760342,2018-05-31T23:00:00+00:00,43.6695,-112.53,34.625,163.09410095214844,290.50048828125,282.79833984375,84174.5,18.88776397705078,0.09190765587647984,12.34593642054435,0.0,0,EF0,MST-7,31-MAY-18 15:31:00
796732,2018-12-01T06:00:00+00:00,36.8936,-93.9261,724.625,0.17191235721111298,285.112060546875,284.428955078125,95158.5,29.038433074951172,16.60213228981405,27.116409640258674,0.0,0,EF0,CST-6,01-DEC-18 00:15:00
796735,2018-12-01T07:00:00+00:00,36.9943,-93.4875,781.1875,8.921914100646973,285.5126953125,284.9862365722656,95193.0,25.070392608642578,16.09419361958526,27.377178989544305,0.0,0,EF0,CST-6,01-DEC-18 00:40:00
754756,2018-05-31T20:00:00+00:00,47.11,-102.62,378.25,312.2078552246094,300.442626953125,288.0673828125,92265.5,28.9267578125,1.899354217670294,10.318301006844958,0.0,0,EF0,MST-7,31-MAY-18 12:43:00
754765,2018-05-31T23:00:00+00:00,46.9358,-101.83,217.0,,300.07470703125,285.25634765625,92970.5,29.82624053955078,4.121025224728952,11.7363653194115,0.0,0,EF0,CST-6,31-MAY-18 17:15:00
756991,2018-05-31T01:00:00+00:00,43.5129,-92.2036,535.625,,295.40380859375,291.91748046875,95846.6875,35.207794189453125,3.9912781696378126,6.826334703993541,0.0,0,EF0,CST-6,30-MAY-18 18:40:00
760380,2018-05-09T01:00:00+00:00,44.04,-97.63,1043.625,,293.3486328125,288.259521484375,95723.0,25.155166625976562,4.8200884257355625,4.519182126536201,0.0,0,EF0,CST-6,08-MAY-18 19:20:00
761866,2018-05-25T23:00:00+00:00,41.73,-98.27,1331.875,374.3323059082031,305.158935546875,290.498779296875,93883.25,23.1065616607666,3.1068081175527875,4.774959073238515,0.0,0,EF0,CST-6,25-MAY-18 16:36:00
796739,2018-12-01T07:00:00+00:00,37.033,-93.5611,847.0625,21.609413146972656,285.4228515625,284.8739318847656,95119.0,22.889728546142578,16.295765738999794,26.311534512701193,1.0,0,EF1,CST-6,01-DEC-18 00:41:00
796742,2018-12-01T07:00:00+00:00,37.11,-93.53,781.1875,8.921914100646973,285.5126953125,284.9862365722656,95193.0,25.070392608642578,16.09419361958526,27.377178989544305,1.0,0,EF1,CST-6,01-DEC-18 00:47:00
796744,2018-12-01T07:00:00+00:00,37.17,-92.76,398.5,0.5781640410423279,284.9208984375,284.3983459472656,94784.0,31.160236358642578,16.34471524340742,27.30948699248394,1.0,0,EF1,CST-6,01-DEC-18 01:22:00
748001,2018-05-19T20:00:00+00:00,36.6375,-96.5922,2621.375,197.7187957763672,306.09375,289.615234375,97249.75,38.914249420166016,3.1410113462271494,14.577402342052793,0.0,0,EF0,CST-6,19-MAY-18 13:59:00
748002,2018-05-19T20:00:00+00:00,36.6764,-96.494,2364.75,204.3906707763672,305.955078125,289.732421875,97531.75,38.405460357666016,3.221543688986661,14.435532076558363,0.0,0,EF0,CST-6,19-MAY-18 14:04:00
796747,2018-12-01T08:00:00+00:00,37.3188,-92.5682,697.625,1.6718754768371582,284.863525390625,284.43695068359375,94678.5625,24.82162857055664,16.342332050348837,24.08597085460913,0.0,0,EF0,CST-6,01-DEC-18 01:37:00
754662,2018-05-28T19:00:00+00:00,42.8511,-94.5836,3265.875,678.5966186523438,307.181640625,292.7099609375,96927.5,33.64823913574219,2.106235918696462,5.659037398510221,0.0,0,EF0,CST-6,28-MAY-18 13:20:00
762443,2018-05-19T00:00:00+00:00,38.25,-100.79,1329.1875,143.96876525878906,293.44580078125,290.038818359375,90343.1875,36.258846282958984,0.9491599117295307,18.401187886064637,0.0,0,EF0,CST-6,18-MAY-18 18:25:00
762444,2018-05-19T02:00:00+00:00,38.0601,-101.5904,880.125,496.46881103515625,293.7216796875,288.32354736328125,89111.0625,25.645166397094727,0.10464514110506981,11.552124253003242,0.0,0,EF0,MST-7,18-MAY-18 18:55:00
762446,2018-05-19T02:00:00+00:00,38.1406,-101.6197,682.0,395.73443603515625,292.3984375,288.67022705078125,88763.0625,24.455713272094727,0.15583857127556608,13.515579914525885,0.0,0,EF0,MST-7,18-MAY-18 19:17:00
762451,2018-05-19T02:00:00+00:00,38.23,-101.58,682.0,395.73443603515625,292.3984375,288.67022705078125,88763.0625,24.455713272094727,0.15583857127556608,13.515579914525885,0.0,0,EF0,MST-7,18-MAY-18 19:25:00
762458,2018-05-29T22:00:00+00:00,37.6719,-100.2833,965.875,50.990482330322266,297.337646484375,290.764404296875,91452.9375,29.61838150024414,2.2685039172791113,17.625830643763994,0.0,0,EF0,CST-6,29-MAY-18 15:44:00
762466,2018-05-29T22:00:00+00:00,37.6845,-100.215,965.875,50.990482330322266,297.337646484375,290.764404296875,91452.9375,29.61838150024414,2.2685039172791113,17.625830643763994,0.0,0,EF0,CST-6,29-MAY-18 15:53:00
801148,2018-05-29T00:00:00+00:00,39.5685,-102.9322,43.75,53.06272888183594,291.3203125,286.9612731933594,85189.125,14.717602729797363,0.3332640771619406,7.149056869965253,0.0,0,EF0,MST-7,28-MAY-18 16:37:00
754088,2018-05-31T01:00:00+00:00,40.0393,-84.3038,343.125,1.363824725151062,297.04833984375,294.74365234375,97068.6875,51.075958251953125,10.776920071492261,11.799806675620061,0.0,0,EF0,EST-5,30-MAY-18 19:46:00
755889,2018-05-29T01:00:00+00:00,36.542,-101.638,467.625,528.9688110351562,297.5849609375,290.3095397949219,89139.0,22.341127395629883,0.1660352607752587,16.76780395727893,0.0,0,EF0,CST-6,28-MAY-18 18:41:00
755890,2018-05-29T01:00:00+00:00,36.622,-101.272,317.0,339.7657165527344,297.0361328125,291.6415710449219,90637.0,27.550111770629883,2.550152712300369,20.6414966666314,1.0,0,EF1,CST-6,28-MAY-18 19:21:00
758690,2018-05-03T04:00:00+00:00,30.29,-101.5,2035.625,321.171875,298.0966796875,292.475341796875,93942.875,36.017208099365234,11.193049380664538,16.321685883488783,0.0,0,EF0,CST-6,02-MAY-18 21:44:00
757988,2018-05-28T02:00:00+00:00,39.4599,-102.1996,300.125,,299.994140625,287.0873718261719,87654.3125,23.55644989013672,1.0642732035778462,26.263524648625886,0.0,0,EF0,MST-7,27-MAY-18 18:43:00
751230,2018-06-01T01:00:00+00:00,37.481,-89.4697,2017.75,89.13326263427734,298.660400390625,295.78179931640625,99137.875,48.16328430175781,10.815834422859774,14.523250015933348,1.0,0,EF1,CST-6,31-MAY-18 18:54:00
751231,2018-06-01T01:00:00+00:00,37.4662,-89.456,2017.75,89.13326263427734,298.660400390625,295.78179931640625,99137.875,48.16328430175781,10.815834422859774,14.523250015933348,0.0,0,EF0,CST-6,31-MAY-18 18:55:00
752504,2018-05-09T19:00:00+00:00,43.0307,-90.6464,1504.875,82.75004577636719,293.739501953125,289.86572265625,96915.1875,29.264963150024414,6.668608180758589,10.291789393048154,0.0,0,EF0,CST-6,09-MAY-18 12:31:00
753688,2018-05-14T10:00:00+00:00,26.7823,-80.2867,410.9375,17.042882919311523,297.21484375,295.92578125,101295.4375,48.92032241821289,7.269428717777994,11.86813109451612,0.0,0,EF0,EST-5,14-MAY-18 04:34:00
757169,2018-05-31T01:00:00+00:00,41.3802,-88.6832,564.125,70.72319793701172,297.68505859375,294.94970703125,97815.6875,43.943145751953125,10.350279981748479,8.21037427388447,0.0,0,EF0,CST-6,30-MAY-18 18:30:00
757095,2018-05-30T00:00:00+00:00,25.4915,-80.4501,1842.125,147.32273864746094,299.569580078125,297.6650390625,101403.625,58.8361701965332,7.4318480031721315,12.643248511219793,0.0,0,EF0,EST-5,29-MAY-18 19:00:00
754663,2018-05-29T21:00:00+00:00,42.0533,-93.5533,1228.75,557.159423828125,304.260986328125,294.977783203125,97313.4375,33.806365966796875,4.519831933328836,7.027412642696436,0.0,0,EF0,CST-6,29-MAY-18 14:58:00
756144,2018-05-29T23:00:00+00:00,35.5,-100.57,7.5,,306.724609375,282.468994140625,90341.125,14.887065887451172,1.3228603981090723,6.286396012375797,0.0,0,EF0,CST-6,29-MAY-18 16:36:00
756145,2018-05-29T23:00:00+00:00,35.48,-100.43,134.625,,306.9384765625,284.774658203125,91107.125,18.326519012451172,3.4492964968203847,8.631216322380533,0.0,0,EF0,CST-6,29-MAY-18 17:09:00
783220,2018-09-21T00:00:00+00:00,44.4771,-92.9206,871.375,7.548052787780762,293.5029296875,292.373291015625,96495.375,53.89375686645508,15.244286522006433,29.6277035226938,1.0,0,EF1,CST-6,20-SEP-18 18:01:00
783001,2018-09-21T00:00:00+00:00,44.4435,-93.0398,793.25,11.501177787780762,293.544921875,292.317626953125,96447.375,53.85176467895508,13.61453143052881,28.98838765691104,1.0,0,EF1,CST-6,20-SEP-18 17:56:00
779436,2018-09-21T00:00:00+00:00,44.6382,-92.6787,850.875,8.766802787780762,292.2841796875,291.388916015625,96577.375,52.18086624145508,15.565008506173116,31.190627765186058,0.0,0,EF0,CST-6,20-SEP-18 18:16:00
779452,2018-09-21T00:00:00+00:00,44.6433,-92.6262,850.875,8.766802787780762,292.2841796875,291.388916015625,96577.375,52.18086624145508,15.565008506173116,31.190627765186058,0.0,0,EF0,CST-6,20-SEP-18 18:18:00
782817,2018-08-29T01:00:00+00:00,44.3221,-84.1679,1132.0,146.38290405273438,298.109619140625,294.643310546875,97787.5625,52.26390075683594,11.69140400263879,15.442040781226156,1.0,0,EF1,EST-5,28-AUG-18 19:53:00
782819,2018-08-29T01:00:00+00:00,44.0793,-83.9773,1249.125,170.53915405273438,299.563720703125,295.801513671875,98914.5625,54.30882263183594,10.641835608961397,13.56743150554241,0.0,0,EF0,EST-5,28-AUG-18 19:58:00
782822,2018-09-20T23:00:00+00:00,44.1186,-93.6027,1000.75,1.390683889389038,294.206787109375,292.920166015625,96313.75,53.049583435058594,10.6423983068089,29.809244890019013,0.0,0,EF0,CST-6,20-SEP-18 17:20:00
782848,2018-09-20T23:00:00+00:00,44.0797,-93.4774,1140.875,8.484434127807617,296.209716796875,293.821533203125,95858.75,51.952903747558594,11.420709839351435,25.44105409271996,0.0,0,EF0,CST-6,20-SEP-18 17:28:00
782885,2018-09-20T23:00:00+00:00,44.1816,-93.6305,1000.75,1.390683889389038,294.206787109375,292.920166015625,96313.75,53.049583435058594,10.6423983068089,29.809244890019013,0.0,0,EF0,CST-6,20-SEP-18 17:25:00
782886,2018-09-20T23:00:00+00:00,44.196,-93.61,1000.75,1.390683889389038,294.206787109375,292.920166015625,96313.75,53.049583435058594,10.6423983068089,29.809244890019013,1.0,0,EF1,CST-6,20-SEP-18 17:26:00
782985,2018-09-21T00:00:00+00:00,44.3649,-93.3035,623.375,13.063677787780762,293.623046875,292.251220703125,96447.375,52.74531936645508,12.75926480464515,28.31817434272174,1.0,0,EF1,CST-6,20-SEP-18 17:45:00
783187,2018-09-21T00:00:00+00:00,44.2466,-93.1307,863.375,14.938677787780762,294.8369140625,293.049072265625,95974.375,53.90449905395508,13.711559903570278,26.1355821381364,1.0,0,EF1,CST-6,20-SEP-18 17:44:00
782865,2018-09-21T00:00:00+00:00,44.0595,-93.332,754.0,15.438677787780762,295.470703125,293.008056640625,95963.375,53.73067092895508,11.93336196943725,21.87215975293952,1.0,0,EF1,CST-6,20-SEP-18 17:35:00
782850,2018-09-21T00:00:00+00:00,44.1039,-93.4062,754.0,15.438677787780762,295.470703125,293.008056640625,95963.375,53.73067092895508,11.93336196943725,21.87215975293952,1.0,0,EF1,CST-6,20-SEP-18 17:31:00
777971,2018-09-08T21:00:00+00:00,37.8113,-87.2577,1616.125,55.890743255615234,300.405517578125,295.49658203125,99335.6875,55.806854248046875,13.925998754424784,18.84090483470459,1.0,0,EF1,CST-6,08-SEP-18 14:51:00
777972,2018-09-08T21:00:00+00:00,37.7532,-87.2179,1616.125,55.890743255615234,300.405517578125,295.49658203125,99335.6875,55.806854248046875,13.925998754424784,18.84090483470459,0.0,0,EF0,CST-6,08-SEP-18 15:00:00
777973,2018-09-08T22:00:00+00:00,37.854,-86.9853,1304.875,27.734376907348633,297.699951171875,296.763427734375,99131.625,57.28014373779297,11.668973622930752,15.995492022590817,1.0,0,EF1,CST-6,08-SEP-18 15:30:00
785974,2018-09-14T14:00:00+00:00,35.96,-76.75,839.375,97.06280517578125,299.137451171875,297.874267578125,101027.375,60.60476303100586,20.11742464761396,20.72559045827997,0.0,0,EF0,EST-5,14-SEP-18 09:03:00
773752,2018-09-05T21:00:00+00:00,33.3586,-89.5788,485.625,59.4814338684082,299.419189453125,297.51123046875,99997.3125,55.26335144042969,9.573791890916018,10.169897652087124,0.0,0,EF0,CST-6,05-SEP-18 14:49:00
771750,2018-06-12T00:00:00+00:00,40.9442,-96.0081,2053.5,533.9197998046875,297.818603515625,295.520263671875,96736.75,50.977073669433594,7.634445097240686,9.973644081437056,0.0,0,EF0,CST-6,11-JUN-18 17:32:00
782665,2018-08-16T22:00:00+00:00,33.5624,-116.6855,1984.5,95.8281478881836,299.830322265625,293.234619140625,90199.0625,37.22946548461914,0.17111534145240162,2.4600410199408795,0.0,0,EF0,PST-8,16-AUG-18 14:00:00
782952,2018-09-21T00:00:00+00:00,44.2527,-93.438,701.25,16.516801834106445,294.6767578125,292.725830078125,96124.375,52.97676467895508,13.335948411152653,25.88059767763364,1.0,0,EF1,CST-6,20-SEP-18 17:35:00
786755,2018-09-24T21:00:00+00:00,35.7861,-86.16,1265.0,19.906299591064453,296.347900390625,295.81787109375,98385.25,51.53250503540039,7.262806851434424,12.188177818102766,0.0,0,EF0,CST-6,24-SEP-18 15:19:00
771375,2018-06-11T23:00:00+00:00,41.0,-96.16,1857.125,251.1875457763672,297.8896484375,295.29931640625,96492.4375,49.15894317626953,1.8464947273896242,15.096285898309956,0.0,0,EF0,CST-6,11-JUN-18 16:40:00
770107,2018-06-17T01:00:00+00:00,44.6349,-98.7958,2392.25,104.4845199584961,297.177490234375,293.852294921875,95075.3125,50.53907775878906,3.7250636013046066,23.924308537574717,0.0,0,EF0,CST-6,16-JUN-18 19:07:00
771651,2018-06-12T00:00:00+00:00,40.9726,-96.018,2053.5,533.9197998046875,297.818603515625,295.520263671875,96736.75,50.977073669433594,7.634445097240686,9.973644081437056,0.0,0,EF0,CST-6,11-JUN-18 17:30:00
735022,2018-02-24T22:00:00+00:00,36.6441,-87.0049,164.375,102.47811889648438,292.37017822265625,289.6939392089844,98773.75,34.96508026123047,12.468319776232438,21.531237991404762,2.0,1,EF2,CST-6,24-FEB-18 15:54:00
756422,2018-05-15T20:00:00+00:00,41.9298,-73.065,2109.375,24.96875,295.839599609375,293.4697265625,96968.625,40.291526794433594,8.018838306793855,20.975436577908628,1.0,0,EF1,EST-5,15-MAY-18 14:44:00
786759,2018-09-26T05:00:00+00:00,36.19,-85.0795,681.375,54.628116607666016,295.312255859375,294.3427734375,96683.5,48.550689697265625,12.140277233546371,10.498738545498606,1.0,0,EF1,CST-6,25-SEP-18 22:53:00
770117,2018-06-17T01:00:00+00:00,44.6348,-98.7371,2655.875,70.7813949584961,296.944091796875,294.159912109375,95525.3125,51.48341369628906,2.947212178585993,25.120431642453877,0.0,0,EF0,CST-6,16-JUN-18 19:16:00
771917,2018-08-28T22:00:00+00:00,43.951,-88.0424,891.375,68.44200897216797,295.713134765625,294.986083984375,98328.0,54.744651794433594,7.8725128690169,22.208902472831983,0.0,0,EF0,CST-6,28-AUG-18 15:33:00
771919,2018-08-28T22:00:00+00:00,43.951,-88.0419,891.375,68.44200897216797,295.713134765625,294.986083984375,98328.0,54.744651794433594,7.8725128690169,22.208902472831983,1.0,0,EF1,CST-6,28-AUG-18 15:34:00
735023,2018-02-25T03:00:00+00:00,37.086,-86.873,62.53125,51.255615234375,290.7099609375,288.819580078125,98657.5,38.215328216552734,22.093279881922868,33.79362812590467,1.0,0,EF1,CST-6,24-FEB-18 21:21:00
766663,2018-06-02T01:00:00+00:00,45.5353,-100.2639,1155.5,285.0393981933594,295.2333984375,291.709716796875,94040.3125,29.85047149658203,5.535432183641247,11.594194485850723,0.0,0,EF0,CST-6,01-JUN-18 18:36:00
785408,2018-09-21T00:00:00+00:00,44.3665,-92.5506,833.875,10.579302787780762,293.4873046875,292.303955078125,96541.375,52.35274124145508,16.743974016262385,30.11853110428275,0.0,0,EF0,CST-6,20-SEP-18 18:12:00
782818,2018-08-29T01:00:00+00:00,44.016,-83.7057,1638.25,139.66415405273438,300.695556640625,296.855224609375,99093.5625,55.98558044433594,7.429356479345154,10.800477056290237,1.0,0,EF1,EST-5,28-AUG-18 20:14:00
782958,2018-09-21T00:00:00+00:00,44.3036,-93.3448,701.25,16.516801834106445,294.6767578125,292.725830078125,96124.375,52.97676467895508,13.335948411152653,25.88059767763364,2.0,1,EF2,CST-6,20-SEP-18 17:37:00
786888,2018-09-17T15:00:00+00:00,36.684,-78.444,98.125,6.712038516998291,297.693359375,296.224609375,100093.75,54.62015151977539,16.282923411820455,19.199886987562113,0.0,0,EF0,EST-5,17-SEP-18 09:35:00
786893,2018-09-17T18:00:00+00:00,37.711,-77.685,189.0,2.086329698562622,298.392578125,296.767822265625,100439.9375,51.718772888183594,16.209703577950485,17.123536044932774,1.0,0,EF1,EST-5,17-SEP-18 12:33:00
771609,2018-06-18T22:00:00+00:00,41.01,-95.8,1252.625,42.865142822265625,305.262939453125,296.39111328125,97107.8125,55.82326889038086,7.66837776742386,10.723966469306669,0.0,0,EF0,CST-6,18-JUN-18 16:00:00
771569,2018-06-18T23:00:00+00:00,41.93,-97.1,1633.625,18.28421974182129,303.08935546875,295.784423828125,95618.375,44.65475082397461,1.4341524263723395,14.626117990336754,0.0,0,EF0,CST-6,18-JUN-18 16:38:00
743852,2018-05-02T01:00:00+00:00,38.9447,-97.8836,2031.3125,50.27781295776367,297.1123046875,288.39581298828125,95425.8125,36.27723693847656,14.315626305596865,19.693345912492166,3.0,1,EF3,CST-6,01-MAY-18 18:44:00
786907,2018-09-17T19:00:00+00:00,37.3208,-77.7684,997.25,160.8447265625,299.8388671875,297.917724609375,100418.1875,46.719810485839844,14.483027837785135,15.630823154727846,1.0,0,EF1,EST-5,17-SEP-18 13:46:00
786914,2018-09-17T20:00:00+00:00,37.53,-77.58,1247.25,159.03318786621094,300.315185546875,297.939697265625,100319.4375,47.50905227661133,12.851815855902334,16.769938113419457,1.0,0,EF1,EST-5,17-SEP-18 14:32:00
770200,2018-06-24T22:00:00+00:00,45.78,-97.05,59.875,37.34376525878906,297.375,291.745361328125,95925.3125,35.8905029296875,5.058169030380481,9.428468629173262,0.0,0,EF0,CST-6,24-JUN-18 16:10:00
776730,2018-07-21T23:00:00+00:00,32.6488,-85.3701,4012.75,122.93081665039062,302.459228515625,299.864013671875,98604.25,48.84191131591797,10.008459479679512,16.584993564370006,0.0,0,EF0,CST-6,21-JUL-18 16:43:00
735024,2018-02-25T05:00:00+00:00,37.2332,-85.624,99.4375,25.868040084838867,289.2081298828125,287.9001159667969,98194.3125,38.653907775878906,21.462995995567407,29.015494222822955,2.0,1,EF2,CST-6,24-FEB-18 22:33:00
786922,2018-09-17T20:00:00+00:00,37.4065,-77.6107,1247.25,159.03318786621094,300.315185546875,297.939697265625,100319.4375,47.50905227661133,12.851815855902334,16.769938113419457,2.0,1,EF2,EST-5,17-SEP-18 14:38:00
771716,2018-06-12T01:00:00+00:00,40.2228,-96.1757,1603.625,253.29776000976562,306.093017578125,290.37939453125,96454.4375,40.515357971191406,5.9079760428101835,11.808603800892797,0.0,0,EF0,CST-6,11-JUN-18 19:05:00
763959,2018-07-20T18:00:00+00:00,38.6336,-86.1095,3501.25,230.30548095703125,301.089599609375,294.647216796875,98354.4375,36.889244079589844,6.666798609677068,21.005332420477288,0.0,0,EF0,EST-5,20-JUL-18 13:03:00
776440,2018-07-23T17:00:00+00:00,33.69,-78.88,1245.75,14.074945449829102,300.798095703125,297.832275390625,100987.4375,35.461761474609375,3.8419654121791016,7.9251963367654605,0.0,0,EF0,EST-5,23-JUL-18 12:25:00
766986,2018-07-10T06:00:00+00:00,47.7814,-103.295,4400.375,182.3528594970703,296.295654296875,292.211181640625,93923.375,48.04074478149414,4.995257051428866,17.733290112262114,2.0,1,EF2,MST-7,09-JUL-18 22:45:00
774499,2018-07-14T21:00:00+00:00,47.24,-102.19,495.875,,307.784912109375,290.55517578125,93639.0,30.793058395385742,2.4214627722719713,4.1949215516839535,0.0,0,EF0,MST-7,14-JUL-18 14:26:00
784825,2018-09-20T22:00:00+00:00,43.4238,-94.9899,2120.75,14.875065803527832,296.34716796875,293.59375,95236.4375,49.75138854980469,8.04916616368017,24.397633131331748,1.0,0,EF1,CST-6,20-SEP-18 16:21:00
786927,2018-09-17T20:00:00+00:00,37.44,-77.85,1562.75,119.76757049560547,299.843505859375,297.238525390625,100052.4375,48.50514602661133,12.091063733587244,16.52899148541514,0.0,0,EF0,EST-5,17-SEP-18 14:55:00
786930,2018-09-17T20:00:00+00:00,37.5272,-77.4973,1483.5,171.31443786621094,300.325927734375,297.633056640625,100611.4375,47.29127883911133,13.64968451075352,16.499653257931577,0.0,0,EF0,EST-5,17-SEP-18 15:05:00
786934,2018-09-17T20:00:00+00:00,37.5728,-77.4537,1483.5,171.31443786621094,300.325927734375,297.633056640625,100611.4375,47.29127883911133,13.64968451075352,16.499653257931577,0.0,0,EF0,EST-5,17-SEP-18 15:14:00
786936,2018-09-17T20:00:00+00:00,37.5372,-77.4909,1483.5,171.31443786621094,300.325927734375,297.633056640625,100611.4375,47.29127883911133,13.64968451075352,16.499653257931577,0.0,0,EF0,EST-5,17-SEP-18 15:23:00
786937,2018-09-17T21:00:00+00:00,37.537,-77.5451,241.5,120.32821655273438,300.50341796875,298.3761901855469,100335.75,50.45238494873047,11.15103332549876,15.451579894485983,0.0,0,EF0,EST-5,17-SEP-18 15:57:00
777562,2018-06-30T23:00:00+00:00,40.5373,-97.3115,708.625,64.18901062011719,303.255615234375,295.7011413574219,95401.3125,42.38096618652344,2.499851436844013,14.071565873118765,0.0,0,EF0,CST-6,30-JUN-18 17:10:00
763961,2018-07-20T18:00:00+00:00,38.1527,-86.1501,3972.5,226.88360595703125,301.724365234375,295.196044921875,98598.4375,39.309165954589844,6.692958412848472,17.669520359501977,1.0,0,EF1,EST-5,20-JUL-18 13:04:00
783662,2018-09-08T23:00:00+00:00,37.8969,-86.8838,601.625,1.6718770265579224,295.61376953125,295.0048828125,99105.0,56.87725830078125,12.844079818429176,17.217505640813844,0.0,0,EF0,CST-6,08-SEP-18 16:42:00
773624,2018-07-26T07:00:00+00:00,42.0531,-71.6983,257.5,9.016397476196289,294.982421875,294.6318359375,99509.8125,56.46290588378906,15.051827441636501,15.101489423113433,1.0,0,EF1,EST-5,26-JUL-18 01:32:00
788231,2018-09-17T20:00:00+00:00,37.6601,-77.4107,1931.375,106.72069549560547,299.888427734375,297.293212890625,100518.4375,46.44557571411133,15.248984139500257,16.28021653108268,0.0,0,EF0,EST-5,17-SEP-18 15:26:00
771579,2018-06-19T00:00:00+00:00,41.95,-96.49,1650.75,82.67767333984375,300.916748046875,296.3974609375,96824.375,50.60562515258789,5.105412256034246,13.042618346086902,0.0,0,EF0,CST-6,18-JUN-18 17:40:00
774803,2018-07-18T22:00:00+00:00,44.66,-98.94,379.125,117.14944458007812,296.5693359375,292.193603515625,95870.1875,40.094051361083984,6.500770819276713,9.730758114845985,0.0,0,EF0,CST-6,18-JUL-18 16:21:00
764909,2018-08-07T18:00:00+00:00,45.71,-92.77,1181.0,23.750154495239258,296.089599609375,291.815185546875,97969.0,34.17621612548828,0.33243501715158597,5.48325369011709,0.0,0,EF0,CST-6,07-AUG-18 11:39:00
783222,2018-09-21T00:00:00+00:00,44.5829,-92.975,871.375,7.548052787780762,293.5029296875,292.373291015625,96495.375,53.89375686645508,15.244286522006433,29.6277035226938,0.0,0,EF0,CST-6,20-SEP-18 18:04:00
777566,2018-07-01T05:00:00+00:00,40.4558,-97.2196,1414.375,188.78128051757812,293.662353515625,293.2626953125,95587.6875,42.945892333984375,10.562829103666713,13.891106029371134,0.0,0,EF0,CST-6,30-JUN-18 23:19:00
777567,2018-06-30T23:00:00+00:00,40.5384,-97.2866,651.25,52.32963562011719,303.801513671875,295.4355163574219,95656.3125,43.33311462402344,3.6417266519534346,12.079991239548116,1.0,0,EF1,CST-6,30-JUN-18 17:12:00
780774,2018-08-19T11:00:00+00:00,37.66,-94.08,0.0,,294.566162109375,292.53125,98092.4375,35.62629318237305,3.8522744074696016,4.4896819966064525,0.0,0,EF0,CST-6,19-AUG-18 05:05:00
782902,2018-09-21T00:00:00+00:00,44.2098,-93.4504,701.25,16.516801834106445,294.6767578125,292.725830078125,96124.375,52.97676467895508,13.335948411152653,25.88059767763364,2.0,1,EF2,CST-6,20-SEP-18 17:31:00
774265,2018-09-06T20:00:00+00:00,30.5432,-89.5351,973.0,86.92537689208984,300.50927734375,297.357666015625,101402.5625,52.857845306396484,3.699874761800123,2.3878250702254658,0.0,0,EF0,CST-6,06-SEP-18 14:09:00
758938,2018-07-04T07:00:00+00:00,47.83,-98.72,2811.125,497.8627624511719,293.568359375,292.67529296875,96025.25,39.05542755126953,8.861295768495834,11.173200148552652,2.0,1,EF2,CST-6,04-JUL-18 01:29:00
780776,2018-08-19T23:00:00+00:00,37.61,-94.43,552.125,7.968722343444824,297.233642578125,296.331298828125,97331.625,49.27650833129883,11.582120315175823,14.46466769177809,0.0,0,EF0,CST-6,19-AUG-18 16:40:00
780781,2018-08-19T23:00:00+00:00,37.01,-94.17,970.375,19.40622329711914,297.465087890625,296.425048828125,96603.625,51.15834426879883,10.620490772753724,16.815358141171384,0.0,0,EF0,CST-6,19-AUG-18 16:51:00
780782,2018-08-19T23:00:00+00:00,37.6311,-94.2574,425.75,20.54684829711914,296.950439453125,296.247314453125,97509.625,50.42103958129883,11.741134333890393,16.89263555265844,0.0,0,EF0,CST-6,19-AUG-18 16:54:00
779340,2018-09-20T23:00:00+00:00,44.0432,-94.1665,805.125,0.5156838297843933,294.723388671875,292.860595703125,96403.75,52.198997497558594,11.580848487255013,28.46895664643835,0.0,0,EF0,CST-6,20-SEP-18 16:58:00
779369,2018-09-20T23:00:00+00:00,44.1155,-94.0785,978.375,2.328183889389038,294.031982421875,292.486572265625,96573.75,52.885520935058594,11.930506510460791,29.688363618722946,0.0,0,EF0,CST-6,20-SEP-18 17:04:00
756423,2018-05-15T20:00:00+00:00,41.9296,-72.9576,1873.5,50.0625,296.068115234375,293.802734375,97838.625,40.066917419433594,8.151366041982525,21.470736186446473,,0,EFU,EST-5,15-MAY-18 14:52:00
758939,2018-07-04T08:00:00+00:00,47.85,-98.7,2906.0,553.8480834960938,293.736083984375,292.99365234375,95951.3125,39.96340560913086,10.609441424993182,12.187986427095263,2.0,1,EF2,CST-6,04-JUL-18 01:31:00
758942,2018-07-04T08:00:00+00:00,48.32,-98.48,2704.625,528.5980834960938,293.893310546875,292.91455078125,95930.3125,38.57571029663086,10.161412800083328,12.364370269302933,1.0,0,EF1,CST-6,04-JUL-18 02:20:00
783733,2018-09-08T20:00:00+00:00,37.9652,-86.7697,839.5,49.32815933227539,296.285400390625,295.3544921875,99061.3125,53.92963409423828,11.246926816165661,23.19652061792579,0.0,0,EF0,EST-5,08-SEP-18 14:38:00
780785,2018-08-19T23:00:00+00:00,37.6468,-94.2696,425.75,20.54684829711914,296.950439453125,296.247314453125,97509.625,50.42103958129883,11.741134333890393,16.89263555265844,1.0,0,EF1,CST-6,19-AUG-18 16:57:00
780788,2018-08-19T21:00:00+00:00,37.15,-92.85,599.75,237.8909149169922,300.06591796875,293.284912109375,96096.4375,46.707664489746094,6.419014256972203,14.09508533623704,0.0,0,EF0,CST-6,19-AUG-18 14:32:00
781918,2018-08-19T23:00:00+00:00,37.6266,-94.1831,425.75,20.54684829711914,296.950439453125,296.247314453125,97509.625,50.42103958129883,11.741134333890393,16.89263555265844,0.0,0,EF0,CST-6,19-AUG-18 16:59:00
781909,2018-08-20T00:00:00+00:00,36.8815,-93.738,998.25,34.272361755371094,298.0126953125,295.754150390625,96305.8125,52.54900360107422,10.431291096459743,16.186290162226275,1.0,0,EF1,CST-6,19-AUG-18 17:42:00
782838,2018-09-20T23:00:00+00:00,43.9926,-93.6634,1028.5,1.843808889389038,295.373779296875,293.490478515625,96144.75,52.864036560058594,10.758233722005842,26.488407130698747,1.0,0,EF1,CST-6,20-SEP-18 17:20:00
764430,2018-05-28T22:00:00+00:00,39.5529,-103.0966,1613.5,123.36714935302734,297.275390625,286.60009765625,84380.6875,20.465927124023438,0.059809177523961095,9.724096470187122,0.0,0,EF0,MST-7,28-MAY-18 15:19:00
771342,2018-06-12T00:00:00+00:00,40.82,-95.8,2449.375,440.4041442871094,301.021728515625,294.501708984375,96887.75,52.257347106933594,7.5749449576320425,10.485784839518493,0.0,0,EF0,CST-6,11-JUN-18 17:59:00
758981,2018-07-04T11:00:00+00:00,47.49,-94.88,2095.125,222.69256591796875,291.971923828125,290.743408203125,96444.125,45.01287078857422,14.080275901072547,19.499603591363456,1.0,0,EF1,CST-6,04-JUL-18 05:18:00
782815,2018-08-29T00:00:00+00:00,44.9344,-85.0003,1118.75,46.1387825012207,295.357421875,293.67431640625,97274.0625,51.090858459472656,9.685221488905933,16.327466504066646,0.0,0,EF0,EST-5,28-AUG-18 18:49:00
771714,2018-06-12T01:00:00+00:00,40.3274,-96.0958,1603.625,253.29776000976562,306.093017578125,290.37939453125,96454.4375,40.515357971191406,5.9079760428101835,11.808603800892797,0.0,0,EF0,CST-6,11-JUN-18 19:00:00
758683,2018-07-09T00:00:00+00:00,46.26,-97.46,1428.25,143.84400939941406,304.82861328125,293.702880859375,97181.1875,42.591026306152344,5.117887761666148,14.891647944240898,1.0,0,EF1,CST-6,08-JUL-18 17:46:00
758355,2018-07-12T02:00:00+00:00,48.02,-94.98,4472.375,61.15631866455078,294.42041015625,293.771240234375,96617.8125,48.805641174316406,9.169808172945226,9.827827572382159,0.0,0,EF0,CST-6,11-JUL-18 20:12:00
758356,2018-07-12T02:00:00+00:00,48.05,-94.85,4472.375,61.15631866455078,294.42041015625,293.771240234375,96617.8125,48.805641174316406,9.169808172945226,9.827827572382159,1.0,0,EF1,CST-6,11-JUL-18 20:24:00
758357,2018-07-12T03:00:00+00:00,47.99,-94.75,4239.75,83.89063262939453,294.363525390625,293.60546875,96588.4375,50.810447692871094,10.882262779148004,6.3494741283096525,1.0,0,EF1,CST-6,11-JUL-18 20:31:00
774470,2018-07-14T21:00:00+00:00,47.3047,-102.1931,495.875,,307.784912109375,290.55517578125,93639.0,30.793058395385742,2.4214627722719713,4.1949215516839535,1.0,0,EF1,MST-7,14-JUL-18 14:12:00
779127,2018-09-20T23:00:00+00:00,43.698,-94.353,688.75,0.7188088297843933,295.502685546875,292.991455078125,96069.75,51.486106872558594,11.197642736984236,27.062907055859654,1.0,0,EF1,CST-6,20-SEP-18 16:52:00
782836,2018-09-20T23:00:00+00:00,44.1401,-93.7612,1000.75,1.390683889389038,294.206787109375,292.920166015625,96313.75,53.049583435058594,10.6423983068089,29.809244890019013,1.0,0,EF1,CST-6,20-SEP-18 17:19:00
781912,2018-08-20T00:00:00+00:00,36.9252,-93.708,998.25,34.272361755371094,298.0126953125,295.754150390625,96305.8125,52.54900360107422,10.431291096459743,16.186290162226275,1.0,0,EF1,CST-6,19-AUG-18 17:50:00
782735,2018-08-19T21:00:00+00:00,36.076,-95.44,1521.5,18.234664916992188,301.529296875,297.254638671875,98468.4375,54.846336364746094,8.005056227151563,12.279955207219503,1.0,0,EF1,CST-6,19-AUG-18 14:45:00
779457,2018-09-21T00:00:00+00:00,44.7318,-92.4738,853.5,13.016802787780762,292.177734375,291.263916015625,96491.375,50.64375686645508,16.13594221852276,31.270832238383463,0.0,0,EF0,CST-6,20-SEP-18 18:27:00
764272,2018-07-21T03:00:00+00:00,37.39,-85.9443,2716.625,490.8125915527344,296.903076171875,294.969970703125,98362.0625,39.63551330566406,6.418970604860064,23.395697850322637,1.0,0,EF1,CST-6,20-JUL-18 20:56:00
764236,2018-07-20T23:00:00+00:00,36.9614,-85.5931,3699.0,226.07815551757812,303.3115234375,296.34521484375,98085.625,52.59122848510742,13.326741410270834,16.4551919426474,0.0,0,EF0,CST-6,20-JUL-18 17:03:00
774310,2018-07-19T23:00:00+00:00,40.803,-91.9699,3416.25,124.5147933959961,301.959228515625,294.89599609375,97981.4375,38.665260314941406,4.850901635189053,19.497772290229495,1.0,0,EF1,CST-6,19-JUL-18 17:07:00
774312,2018-07-19T23:00:00+00:00,40.7482,-91.9567,3416.25,124.5147933959961,301.959228515625,294.89599609375,97981.4375,38.665260314941406,4.850901635189053,19.497772290229495,1.0,0,EF1,CST-6,19-JUL-18 17:09:00
783186,2018-09-21T00:00:00+00:00,44.1965,-93.2379,863.375,14.938677787780762,294.8369140625,293.049072265625,95974.375,53.90449905395508,13.711559903570278,26.1355821381364,1.0,0,EF1,CST-6,20-SEP-18 17:40:00
782969,2018-09-21T00:00:00+00:00,44.351,-93.2657,863.375,14.938677787780762,294.8369140625,293.049072265625,95974.375,53.90449905395508,13.711559903570278,26.1355821381364,1.0,0,EF1,CST-6,20-SEP-18 17:44:00
782987,2018-09-21T00:00:00+00:00,44.4013,-93.293,623.375,13.063677787780762,293.623046875,292.251220703125,96447.375,52.74531936645508,12.75926480464515,28.31817434272174,0.0,0,EF0,CST-6,20-SEP-18 17:46:00
783188,2018-09-21T00:00:00+00:00,44.3003,-93.0406,863.375,14.938677787780762,294.8369140625,293.049072265625,95974.375,53.90449905395508,13.711559903570278,26.1355821381364,1.0,0,EF1,CST-6,20-SEP-18 17:50:00
782989,2018-09-21T00:00:00+00:00,44.4149,-93.1268,793.25,11.501177787780762,293.544921875,292.317626953125,96447.375,53.85176467895508,13.61453143052881,28.98838765691104,1.0,0,EF1,CST-6,20-SEP-18 17:52:00
779468,2018-09-21T00:00:00+00:00,44.2672,-92.9006,926.75,10.735552787780762,295.0263671875,293.355712890625,95976.375,53.53926467895508,15.321688658511926,26.685535730683398,0.0,0,EF0,CST-6,20-SEP-18 17:56:00
776634,2018-09-26T10:00:00+00:00,39.9564,-82.9702,143.375,,294.568603515625,292.69000244140625,97954.0,44.14716720581055,9.514190840025103,15.097330952565503,1.0,0,EF1,EST-5,26-SEP-18 04:53:00
779354,2018-09-20T23:00:00+00:00,43.7077,-94.2478,844.5,0.4531838595867157,295.632568359375,293.176025390625,96187.75,52.274192810058594,11.224006309212305,26.31184640484304,0.0,0,EF0,CST-6,20-SEP-18 16:57:00
779375,2018-09-21T00:00:00+00:00,44.5419,-92.9688,871.375,7.548052787780762,293.5029296875,292.373291015625,96495.375,53.89375686645508,15.244286522006433,29.6277035226938,0.0,0,EF0,CST-6,20-SEP-18 18:02:00
779376,2018-09-21T00:00:00+00:00,44.537,-92.919,871.375,7.548052787780762,293.5029296875,292.373291015625,96495.375,53.89375686645508,15.244286522006433,29.6277035226938,0.0,0,EF0,CST-6,20-SEP-18 18:04:00
779473,2018-09-21T00:00:00+00:00,44.3684,-92.54,833.875,10.579302787780762,293.4873046875,292.303955078125,96541.375,52.35274124145508,16.743974016262385,30.11853110428275,0.0,0,EF0,CST-6,20-SEP-18 18:13:00
782820,2018-09-21T00:00:00+00:00,44.3353,-92.6512,882.5,15.938677787780762,295.130859375,293.322509765625,96133.375,51.37520217895508,16.87258899586735,27.358882766225452,0.0,0,EF0,CST-6,20-SEP-18 18:09:00
782944,2018-09-21T00:00:00+00:00,44.3336,-93.3628,701.25,16.516801834106445,294.6767578125,292.725830078125,96124.375,52.97676467895508,13.335948411152653,25.88059767763364,1.0,0,EF1,CST-6,20-SEP-18 17:40:00
752516,2018-05-15T19:00:00+00:00,42.071,-73.9286,1809.1875,23.062612533569336,297.818115234375,293.354736328125,98307.0625,39.782127380371094,7.395698922570093,22.973198356681035,0.0,0,EF0,EST-5,15-MAY-18 13:34:00
755915,2018-06-20T19:00:00+00:00,41.8633,-94.1434,829.75,48.250022888183594,295.9990234375,294.763916015625,96894.5,48.48082733154297,9.891513439572554,13.436396047622983,0.0,0,EF0,CST-6,20-JUN-18 13:28:00
748594,2018-04-15T22:00:00+00:00,36.6138,-79.4658,62.375,5.6037917137146,292.3466796875,291.98406982421875,98186.5,40.059593200683594,13.527525382047015,26.410848501724725,1.0,0,EF1,EST-5,15-APR-18 16:58:00
780435,2018-08-07T00:00:00+00:00,41.2449,-85.829,2226.75,123.12848663330078,298.602294921875,295.8408203125,98468.0625,54.60502243041992,7.827575765130686,12.284868899275674,1.0,0,EF1,EST-5,06-AUG-18 19:27:00
748628,2018-04-15T23:00:00+00:00,37.3264,-79.241,120.375,1.613059401512146,291.99365234375,291.74578857421875,98068.4375,40.864471435546875,13.022907913845682,25.4058905924854,2.0,1,EF2,EST-5,15-APR-18 18:00:00
768431,2018-08-17T22:00:00+00:00,32.4354,-90.1147,1032.625,220.125,302.267578125,295.142578125,100559.8125,55.03046417236328,3.728682951300366,8.326630807309288,1.0,0,EF1,CST-6,17-AUG-18 16:03:00
755913,2018-06-09T21:00:00+00:00,43.226,-93.4139,2323.5,27.5468807220459,297.953857421875,293.07958984375,96790.375,41.00206756591797,4.8284372296315725,12.695177245896664,0.0,0,EF0,CST-6,09-JUN-18 14:36:00
774543,2018-08-14T23:00:00+00:00,37.3168,-95.9237,1174.875,81.32813262939453,300.4140625,294.677001953125,97915.4375,47.523624420166016,6.209135079807718,13.40355156976761,0.0,0,EF0,CST-6,14-AUG-18 16:38:00
772066,2018-08-12T01:00:00+00:00,32.2909,-101.5184,25.625,153.1562957763672,298.817626953125,292.27325439453125,92743.3125,36.55803680419922,4.38279060669251,3.426537906281925,0.0,0,EF0,CST-6,11-AUG-18 18:38:00
776249,2018-08-27T06:00:00+00:00,48.12,-94.51,3282.5,165.6890106201172,291.98828125,291.4578552246094,95883.75,40.570735931396484,14.354777271571615,19.4468944728594,1.0,0,EF1,CST-6,26-AUG-18 23:50:00
755916,2018-06-20T19:00:00+00:00,42.0528,-94.568,224.25,,295.2548828125,294.415283203125,96334.5,48.47496795654297,4.8034564259745585,11.838716916915391,0.0,0,EF0,CST-6,20-JUN-18 13:20:00
779064,2018-08-28T01:00:00+00:00,44.0288,-90.4787,2601.875,325.33709716796875,298.492431640625,294.671142578125,96976.0,57.29991149902344,15.116722593674984,21.615686204843723,1.0,0,EF1,CST-6,27-AUG-18 19:23:00
781373,2018-08-03T02:00:00+00:00,40.7845,-73.8443,1251.75,92.12506103515625,298.697021484375,295.958740234375,101795.8125,50.47053527832031,8.296298927774226,11.030639036920174,0.0,0,EF0,EST-5,02-AUG-18 21:20:00
748617,2018-04-15T22:00:00+00:00,37.251,-79.654,127.75,0.5881668329238892,291.30078125,291.18231201171875,96843.5,38.165061950683594,13.95188593118161,28.447014417911976,1.0,0,EF1,EST-5,15-APR-18 17:10:00
774577,2018-08-17T01:00:00+00:00,38.44,-99.01,3082.5,311.3750915527344,300.9404296875,295.19964599609375,94504.75,39.11613845825195,4.86033440695223,6.527360738163099,0.0,0,EF0,CST-6,16-AUG-18 18:30:00
782007,2018-08-27T22:00:00+00:00,44.3406,-93.0498,1591.75,304.5626525878906,299.9931640625,296.955322265625,96288.8125,46.59355163574219,8.993671989144367,17.62714474862974,0.0,0,EF0,CST-6,27-AUG-18 16:17:00
782009,2018-08-27T22:00:00+00:00,44.3424,-93.0405,1591.75,304.5626525878906,299.9931640625,296.955322265625,96288.8125,46.59355163574219,8.993671989144367,17.62714474862974,0.0,0,EF0,CST-6,27-AUG-18 16:18:00
782012,2018-08-27T23:00:00+00:00,44.4935,-92.7473,1424.25,304.17193603515625,299.266845703125,295.610107421875,96727.5625,42.764366149902344,7.858476002754555,19.651110611573756,0.0,0,EF0,CST-6,27-AUG-18 16:37:00
780905,2018-08-16T22:00:00+00:00,40.4679,-90.2645,3157.75,33.82815170288086,303.510009765625,294.909423828125,98999.0625,43.87497329711914,4.959213196869179,9.945812213371328,0.0,0,EF0,CST-6,16-AUG-18 15:38:00
755917,2018-06-20T20:00:00+00:00,42.3439,-93.0509,1272.375,42.50217819213867,296.888671875,294.88623046875,96938.75,49.825538635253906,6.878710432152078,13.501634023936422,0.0,0,EF0,CST-6,20-JUN-18 14:27:00
779077,2018-08-05T06:00:00+00:00,43.7039,-98.7043,4319.5,495.8860778808594,294.612060546875,293.126220703125,95378.0625,33.61524963378906,3.8948828930380253,12.587688197594304,0.0,0,EF0,CST-6,04-AUG-18 23:40:00
757731,2018-06-20T20:00:00+00:00,42.2165,-94.1503,747.375,10.408427238464355,295.734375,294.51220703125,96646.75,48.032569885253906,7.99146982194614,12.477519933715461,0.0,0,EF0,CST-6,20-JUN-18 13:43:00
764823,2018-08-09T20:00:00+00:00,36.531,-105.2861,1286.5,11.312567710876465,293.171142578125,281.720947265625,74800.625,19.156457901000977,0.17290273082832225,1.1810629359434426,0.0,0,EF0,MST-7,09-AUG-18 13:25:00
771210,2018-08-21T00:00:00+00:00,45.6145,-113.4309,410.125,19.562572479248047,282.676513671875,281.106689453125,78462.875,16.812589645385742,1.4835669829553517,6.6794217394397295,0.0,0,EF0,MST-7,20-AUG-18 16:38:00
779954,2018-08-06T23:00:00+00:00,43.276,-82.692,526.875,37.2398681640625,297.94580078125,294.629150390625,98977.75,49.97931671142578,9.281970418514312,12.84599318442911,0.0,0,EF0,EST-5,06-AUG-18 18:12:00
766932,2018-08-07T01:00:00+00:00,40.9933,-97.7701,2133.125,114.5716323852539,297.90380859375,293.5908203125,95687.625,35.62264633178711,2.805169385661245,14.11050283238485,1.0,0,EF1,CST-6,06-AUG-18 18:43:00
763245,2018-08-04T00:00:00+00:00,45.1396,-94.7571,2231.0,105.85295104980469,299.130615234375,295.27880859375,96872.375,42.527652740478516,10.75107646649683,17.04114825172349,0.0,0,EF0,CST-6,03-AUG-18 17:36:00
748589,2018-04-15T22:00:00+00:00,36.509,-79.51,36.5,8.431917190551758,292.5205078125,292.09051513671875,98394.5,40.236351013183594,14.007479996309527,26.131761820254518,1.0,0,EF1,EST-5,15-APR-18 16:51:00
778969,2018-08-21T00:00:00+00:00,41.4267,-88.0027,1485.5,9.95319652557373,297.857177734375,294.853759765625,98442.875,47.327239990234375,6.08129483903247,7.990518298465735,0.0,0,EF0,CST-6,20-AUG-18 17:31:00
774217,2018-08-04T14:00:00+00:00,41.9982,-72.0377,996.375,0.7341241836547852,296.73974609375,295.804443359375,99770.75,51.29801559448242,11.189988951484063,11.905642423286714,0.0,0,EF0,EST-5,04-AUG-18 08:36:00
774224,2018-08-04T14:00:00+00:00,42.0456,-71.8907,996.375,0.7341241836547852,296.73974609375,295.804443359375,99770.75,51.29801559448242,11.189988951484063,11.905642423286714,1.0,0,EF1,EST-5,04-AUG-18 08:59:00
775460,2018-08-27T05:00:00+00:00,47.46,-96.18,2004.125,343.8130187988281,293.399169921875,292.51776123046875,96241.5,40.93568801879883,11.21348338268408,20.923616723610873,1.0,0,EF1,CST-6,26-AUG-18 22:30:00
775461,2018-08-27T05:00:00+00:00,47.5,-96.07,2004.125,343.8130187988281,293.399169921875,292.51776123046875,96241.5,40.93568801879883,11.21348338268408,20.923616723610873,1.0,0,EF1,CST-6,26-AUG-18 22:36:00
748591,2018-04-15T22:00:00+00:00,36.5408,-79.4931,36.5,8.431917190551758,292.5205078125,292.09051513671875,98394.5,40.236351013183594,14.007479996309527,26.131761820254518,1.0,0,EF1,EST-5,15-APR-18 16:53:00
763244,2018-08-04T00:00:00+00:00,45.1407,-94.7912,2300.5,71.16545104980469,299.386474609375,295.41064453125,96803.375,43.612613677978516,10.177072529303889,15.851266656883196,0.0,0,EF0,CST-6,03-AUG-18 17:34:00
779303,2018-08-05T09:00:00+00:00,42.8801,-95.3517,2943.75,377.53125,293.945068359375,291.572021484375,96285.75,35.61595916748047,10.45004954692965,11.573080089109151,0.0,0,EF0,CST-6,05-AUG-18 02:45:00
778281,2018-08-18T23:00:00+00:00,38.5868,-101.8573,1529.625,9.217782020568848,299.061767578125,292.606689453125,88526.9375,43.48883056640625,0.20086991129208367,13.141419261741303,0.0,0,EF0,MST-7,18-AUG-18 15:40:00
775465,2018-08-27T05:00:00+00:00,47.62,-95.72,3194.5,174.64112854003906,292.630615234375,291.93084716796875,95725.5,41.20814895629883,13.031344059452367,18.391219709755582,1.0,0,EF1,CST-6,26-AUG-18 22:51:00
775466,2018-08-27T05:00:00+00:00,47.67,-95.55,3194.5,174.64112854003906,292.630615234375,291.93084716796875,95725.5,41.20814895629883,13.031344059452367,18.391219709755582,1.0,0,EF1,CST-6,26-AUG-18 22:58:00
748593,2018-04-15T22:00:00+00:00,36.5839,-79.4769,36.5,8.431917190551758,292.5205078125,292.09051513671875,98394.5,40.236351013183594,14.007479996309527,26.131761820254518,1.0,0,EF1,EST-5,15-APR-18 16:55:00
755912,2018-06-09T20:00:00+00:00,43.3016,-93.63,2928.75,57.329856872558594,297.13623046875,292.922119140625,96795.375,39.154232025146484,5.1344065548016955,15.318454668750656,1.0,0,EF1,CST-6,09-JUN-18 14:07:00
779662,2018-08-07T20:00:00+00:00,30.04,-92.66,3836.75,131.67189025878906,300.9140625,296.616455078125,101721.25,47.47486114501953,1.139493854005761,1.0943237668342183,0.0,0,EF0,CST-6,07-AUG-18 14:00:00
779661,2018-08-07T17:00:00+00:00,29.92,-93.88,4004.25,84.50456237792969,303.03173828125,296.346435546875,101768.9375,47.70811080932617,5.930622459232535,5.663162897221692,0.0,0,EF0,CST-6,07-AUG-18 10:30:00
780775,2018-08-16T00:00:00+00:00,40.5666,-86.9533,222.5,0.2108243703842163,295.654052734375,294.374267578125,98804.3125,49.005165100097656,6.754489067223036,5.72399036422742,0.0,0,EF0,EST-5,15-AUG-18 19:07:00
748608,2018-04-15T21:00:00+00:00,37.535,-80.054,409.125,0.037512898445129395,289.648681640625,288.3240966796875,93448.0,36.3878059387207,9.916255401058674,30.142353647924523,1.0,0,EF1,EST-5,15-APR-18 16:03:00
748630,2018-04-15T23:00:00+00:00,37.4586,-79.1838,74.9375,0.31618446111679077,291.31591796875,291.05145263671875,97269.4375,39.958221435546875,13.17496195065536,25.965616784624565,3.0,1,EF3,EST-5,15-APR-18 18:08:00
748623,2018-04-16T00:00:00+00:00,37.724,-79.123,70.375,0.3339030146598816,290.263671875,289.82550048828125,95560.0625,38.0883903503418,10.674786129102548,23.497606378632312,0.0,0,EF0,EST-5,15-APR-18 18:38:00
781725,2018-08-03T16:00:00+00:00,42.216,-74.503,2254.75,6.289754867553711,296.912841796875,294.247802734375,95272.0625,42.2886848449707,5.690152525468486,18.63095751374082,0.0,0,EF0,EST-5,03-AUG-18 11:24:00
782733,2018-08-19T21:00:00+00:00,36.1307,-95.4613,1359.0,40.73466491699219,301.56494140625,297.088623046875,98387.4375,53.599266052246094,7.660353946402336,11.894427817368582,1.0,0,EF1,CST-6,19-AUG-18 14:34:00
782734,2018-08-19T21:00:00+00:00,36.1546,-95.44,1359.0,40.73466491699219,301.56494140625,297.088623046875,98387.4375,53.599266052246094,7.660353946402336,11.894427817368582,0.0,0,EF0,CST-6,19-AUG-18 14:39:00
779846,2018-08-02T03:00:00+00:00,34.269,-82.419,1107.25,18.016080856323242,296.50927734375,295.746826171875,99714.625,52.834983825683594,5.739835302854873,17.998870203809272,0.0,0,EF0,EST-5,01-AUG-18 21:30:00
748622,2018-04-15T23:00:00+00:00,37.2478,-79.0121,105.25,4.5193095207214355,292.04736328125,291.58856201171875,98422.4375,40.674041748046875,13.762479201196358,24.279311205697596,1.0,0,EF1,EST-5,15-APR-18 17:56:00
752149,2018-06-08T21:00:00+00:00,46.86,-97.59,361.625,437.2657470703125,300.140625,288.007080078125,97081.3125,33.56437301635742,4.9292681539685885,14.409513559852318,0.0,0,EF0,CST-6,08-JUN-18 15:00:00
745466,2018-05-18T21:00:00+00:00,40.3134,-105.6482,898.5,57.1722526550293,281.128662109375,277.24896240234375,72074.9375,10.244990348815918,0.4388481626466541,0.4093563251693948,0.0,0,EF0,MST-7,18-MAY-18 13:39:00
757348,2018-06-10T19:00:00+00:00,40.0844,-88.3192,1716.5,157.75003051757812,298.71728515625,293.65673828125,98465.125,44.45830535888672,2.888670746781665,12.31613222334575,0.0,0,EF0,CST-6,10-JUN-18 13:16:00
757350,2018-06-10T19:00:00+00:00,40.0677,-88.2952,1716.5,157.75003051757812,298.71728515625,293.65673828125,98465.125,44.45830535888672,2.888670746781665,12.31613222334575,0.0,0,EF0,CST-6,10-JUN-18 13:19:00
761774,2018-06-26T16:00:00+00:00,42.62,-90.51,1513.125,31.718753814697266,295.056640625,293.155517578125,97626.125,37.985389709472656,8.187401154779831,15.159979242782113,0.0,0,EF0,CST-6,26-JUN-18 09:42:00
763783,2018-06-01T23:00:00+00:00,46.87,-102.05,1098.75,270.86639404296875,292.434814453125,290.179443359375,92614.8125,33.861698150634766,4.114480909059141,14.623653113233088,0.0,0,EF0,CST-6,01-JUN-18 16:53:00
763784,2018-06-01T23:00:00+00:00,47.05,-102.05,1098.75,270.86639404296875,292.434814453125,290.179443359375,92614.8125,33.861698150634766,4.114480909059141,14.623653113233088,0.0,0,EF0,CST-6,01-JUN-18 17:25:00
766072,2018-07-19T21:00:00+00:00,41.4053,-92.871,3384.5,9.80544662475586,300.145751953125,294.94287109375,97651.375,40.908546447753906,7.956042334451387,18.96608802959497,2.0,1,EF2,CST-6,19-JUL-18 15:13:00
766074,2018-07-19T21:00:00+00:00,41.4188,-92.8571,3384.5,9.80544662475586,300.145751953125,294.94287109375,97651.375,40.908546447753906,7.956042334451387,18.96608802959497,0.0,0,EF0,CST-6,19-JUL-18 15:15:00
766076,2018-07-19T22:00:00+00:00,41.2285,-92.6102,4469.875,7.578964710235596,299.773681640625,295.28173828125,97688.5625,41.82109069824219,10.34387923514203,20.751873749309876,0.0,0,EF0,CST-6,19-JUL-18 15:50:00
756301,2018-06-17T20:00:00+00:00,41.07,-102.197,337.625,83.51571655273438,298.625244140625,290.950927734375,88405.0,32.9495849609375,0.0528702849673128,7.569037809291938,1.0,0,EF1,MST-7,17-JUN-18 13:17:00
756302,2018-06-17T21:00:00+00:00,41.18,-101.93,557.25,27.37505340576172,296.17822265625,292.163818359375,88750.8125,35.4569091796875,0.29577731591732814,9.023882432647703,0.0,0,EF0,MST-7,17-JUN-18 13:50:00
756303,2018-06-17T22:00:00+00:00,41.36,-101.36,348.625,37.26576232910156,299.21142578125,292.68408203125,89529.4375,36.68312454223633,0.016402422670392963,7.047831863617551,0.0,0,EF0,MST-7,17-JUN-18 15:01:00
752153,2018-06-08T21:00:00+00:00,48.05,-98.15,171.0,84.21887969970703,298.1767578125,285.999267578125,96150.3125,36.93449020385742,7.3439013735803504,10.99980946615081,0.0,0,EF0,CST-6,08-JUN-18 15:12:00
752157,2018-06-08T22:00:00+00:00,46.74,-97.31,340.0,295.0158386230469,300.087646484375,290.119384765625,97519.5625,35.225669860839844,3.0653282804125777,17.945433149281303,0.0,0,EF0,CST-6,08-JUN-18 15:47:00
752158,2018-06-08T22:00:00+00:00,48.01,-97.93,305.25,65.07832336425781,294.911865234375,291.590087890625,96456.5625,36.360435485839844,6.645223580099255,10.792505928410167,1.0,0,EF1,CST-6,08-JUN-18 15:54:00
746060,2018-05-21T23:00:00+00:00,39.4,-104.17,16.5625,,298.85546875,269.018310546875,82301.125,12.080921173095703,0.2086876848914199,4.553615735010477,0.0,0,EF0,MST-7,21-MAY-18 16:15:00
751666,2018-06-14T01:00:00+00:00,40.5088,-78.6037,548.125,162.12530517578125,295.788330078125,292.57476806640625,94834.0625,32.60609436035156,11.872828491675573,16.50589279290025,1.0,0,EF1,EST-5,13-JUN-18 19:44:00
752049,2018-06-23T22:00:00+00:00,47.6277,-110.8019,0.0,,291.319091796875,283.199951171875,89495.1875,19.595741271972656,0.20403898765529058,5.4319093932924645,0.0,0,EF0,MST-7,23-JUN-18 14:55:00
756304,2018-06-17T22:00:00+00:00,41.402,-101.263,108.75,25.12513542175293,300.27490234375,292.13720703125,89408.4375,35.93996047973633,0.2051596228258563,9.025580950618126,1.0,0,EF1,CST-6,17-JUN-18 16:13:00
752161,2018-06-08T22:00:00+00:00,47.93,-97.4,379.25,107.26582336425781,295.290771484375,291.926025390625,97875.5625,40.100669860839844,8.47360335885054,10.173650096759587,0.0,0,EF0,CST-6,08-JUN-18 16:12:00
752163,2018-06-08T22:00:00+00:00,46.68,-97.14,474.25,144.2658233642578,299.763427734375,290.497314453125,97846.5625,37.007896423339844,3.930049128111746,16.22798522724449,0.0,0,EF0,CST-6,08-JUN-18 16:21:00
752165,2018-06-08T23:00:00+00:00,47.92,-97.26,744.875,11.546927452087402,295.419189453125,291.999755859375,98249.25,41.45389175415039,9.823680532115812,10.047932978196329,0.0,0,EF0,CST-6,08-JUN-18 16:30:00
756546,2018-06-27T02:00:00+00:00,46.8258,-101.8322,1096.75,147.17210388183594,299.04736328125,290.88262939453125,93003.4375,35.52494812011719,2.0237682790744826,11.749896607640359,0.0,0,EF0,CST-6,26-JUN-18 19:53:00
760823,2018-06-26T18:00:00+00:00,38.9477,-94.308,1704.5,8.545073509216309,297.50048828125,295.441650390625,97804.3125,40.483829498291016,9.51298259876069,21.151914636711698,0.0,0,EF0,CST-6,26-JUN-18 12:09:00
748644,2018-06-03T19:00:00+00:00,34.9326,-107.6303,406.625,30.497663497924805,297.67724609375,280.56201171875,79660.5,19.722991943359375,0.19044269413852707,3.879470929318644,0.0,0,EF0,MST-7,03-JUN-18 12:21:00
748663,2018-06-03T23:00:00+00:00,34.44,-106.03,71.375,590.1992797851562,291.550048828125,282.2392578125,80961.8125,20.919219970703125,0.07774163863063212,15.78398886203222,0.0,0,EF0,MST-7,03-JUN-18 15:56:00
764642,2018-06-24T21:00:00+00:00,44.41,-96.15,1221.625,24.37533187866211,297.063232421875,291.53369140625,95898.75,38.21384811401367,3.743770859152652,7.977213198049933,0.0,0,EF0,CST-6,24-JUN-18 14:51:00
767127,2018-06-15T22:00:00+00:00,35.2328,-90.9143,2439.625,66.14286041259766,306.109375,297.11572265625,100480.0625,41.341835021972656,1.8215755749243614,2.1590776958576448,0.0,0,EF0,CST-6,15-JUN-18 16:25:00
759060,2018-06-29T09:00:00+00:00,47.81,-97.57,2496.375,121.6077651977539,295.241943359375,294.6292419433594,96001.25,48.42536163330078,10.045319158683853,14.411879892137112,1.0,0,EF1,CST-6,29-JUN-18 02:55:00
771887,2018-06-22T23:00:00+00:00,40.7955,-84.5452,411.0,109.68494415283203,295.878173828125,291.83642578125,97544.5,40.862770080566406,4.032669638387759,10.249147799133679,0.0,0,EF0,EST-5,22-JUN-18 17:51:00
756706,2018-06-24T02:00:00+00:00,37.03,-88.3418,1827.625,375.9844665527344,299.132080078125,296.31365966796875,99417.4375,38.39225769042969,5.869051109407274,12.211890923815595,0.0,0,EF0,CST-6,23-JUN-18 20:08:00
764594,2018-06-24T00:00:00+00:00,44.0,-98.06,427.5,26.224931716918945,296.896484375,292.66265869140625,95656.5,31.98345947265625,2.290591971404687,9.637014071547139,0.0,0,EF0,CST-6,23-JUN-18 17:35:00
753560,2018-06-09T20:00:00+00:00,28.8989,-80.861,1943.875,22.923608779907227,300.30224609375,295.431884765625,101809.375,45.851497650146484,4.071963339859062,9.431065433818985,0.0,0,EF0,EST-5,09-JUN-18 15:20:00
790515,2018-12-09T16:00:00+00:00,27.703,-82.249,437.0,18.109432220458984,295.1863708496094,293.9661560058594,101151.5625,50.72083282470703,13.704925697607658,20.226978944492338,1.0,0,EF1,EST-5,09-DEC-18 11:21:00
790516,2018-12-09T14:00:00+00:00,28.2555,-82.6883,351.15625,0.14306284487247467,293.75836181640625,293.04022216796875,101299.75,52.63364791870117,10.462391003337812,15.831561239114787,1.0,0,EF1,EST-5,09-DEC-18 08:57:00
752195,2018-06-15T02:00:00+00:00,48.84,-99.47,1415.0,513.97900390625,295.388916015625,289.5244140625,94346.4375,34.66267013549805,8.982724600869808,14.39835446779527,1.0,0,EF1,CST-6,14-JUN-18 20:18:00
752198,2018-06-15T03:00:00+00:00,48.74,-99.28,1492.875,456.34375,294.348876953125,290.711181640625,94583.875,34.92127990722656,9.886636824286606,16.25335761916749,1.0,0,EF1,CST-6,14-JUN-18 20:45:00
766075,2018-07-19T21:00:00+00:00,42.0829,-93.0275,2719.5,10.69607162475586,297.732666015625,294.62841796875,97193.375,43.187843322753906,9.931347151548428,17.220113066359943,3.0,1,EF3,CST-6,19-JUL-18 15:24:00
755914,2018-06-20T19:00:00+00:00,41.8284,-94.1545,381.5,,296.3974609375,294.727783203125,96927.5,46.96031951904297,7.85731712756016,10.856215459497358,0.0,0,EF0,CST-6,20-JUN-18 13:18:00
791812,2018-12-03T00:00:00+00:00,30.6911,-82.3895,2293.75,1.2392876148223877,296.0458984375,295.15203857421875,100722.25,44.60014724731445,16.645322595594788,21.87823308420769,0.0,0,EF0,EST-5,02-DEC-18 18:48:00
752201,2018-06-15T03:00:00+00:00,48.62,-98.94,1462.875,458.234375,294.472900390625,290.741455078125,94677.875,34.73280334472656,10.147799572593417,15.715084840631198,1.0,0,EF1,CST-6,14-JUN-18 21:24:00
773832,2018-07-01T04:00:00+00:00,39.183,-95.257,3615.125,500.2501525878906,298.72509765625,296.107666015625,97441.3125,52.764892578125,13.067301459034729,13.150772851890855,0.0,0,EF0,CST-6,30-JUN-18 22:11:00
755107,2018-06-28T05:00:00+00:00,40.3868,-76.7529,1461.0,5.986815929412842,295.921142578125,294.5245666503906,98303.125,46.65225601196289,14.792213367328138,14.956213977215597,1.0,0,EF1,EST-5,27-JUN-18 23:45:00
772858,2018-07-12T20:00:00+00:00,38.36,-104.72,76.125,,305.08203125,281.685791015625,83867.375,24.259967803955078,0.08945353719286461,2.562688992763421,0.0,0,EF0,MST-7,12-JUL-18 13:15:00
748110,2018-06-02T02:00:00+00:00,33.13,-100.54,1204.875,727.7820434570312,310.015380859375,291.06884765625,93802.4375,34.576114654541016,7.7655412385711395,16.517077173442495,,0,EFU,CST-6,01-JUN-18 19:43:00
765262,2018-06-29T22:00:00+00:00,44.353,-104.0556,715.5,76.5938491821289,293.6630859375,286.523681640625,82619.0,19.86697006225586,0.36520946870257515,10.794607968754846,1.0,0,EF1,MST-7,29-JUN-18 15:20:00
756127,2018-06-25T22:00:00+00:00,40.6618,-94.3381,1074.375,5.062525272369385,298.978759765625,294.3515625,96840.6875,34.35120391845703,5.666468642612689,10.861536180813602,0.0,0,EF0,CST-6,25-JUN-18 16:14:00
765277,2018-06-29T22:00:00+00:00,44.3206,-104.287,715.5,76.5938491821289,293.6630859375,286.523681640625,82619.0,19.86697006225586,0.36520946870257515,10.794607968754846,1.0,0,EF1,MST-7,29-JUN-18 15:05:00
764043,2018-06-27T00:00:00+00:00,41.4102,-87.9857,1212.0,185.34815979003906,297.837158203125,294.13916015625,98508.875,44.898231506347656,11.123895509046427,9.723091444742339,1.0,0,EF1,CST-6,26-JUN-18 17:54:00
764054,2018-06-26T22:00:00+00:00,41.8497,-88.5735,792.0,51.484378814697266,298.40087890625,294.2685546875,98140.5,44.9317741394043,3.8428542926566585,10.194209681277185,0.0,0,EF0,CST-6,26-JUN-18 16:28:00
791716,2018-12-02T19:00:00+00:00,31.2925,-83.0196,2052.0,2.187586784362793,296.253173828125,295.0220947265625,100224.0,48.72063446044922,16.509052822941992,23.366910131424557,0.0,0,EF0,EST-5,02-DEC-18 14:14:00
791717,2018-12-02T20:00:00+00:00,31.31,-82.86,1921.5625,36.828147888183594,296.117431640625,294.92950439453125,100202.625,49.6416015625,15.051043041317234,23.291419418133945,0.0,0,EF0,EST-5,02-DEC-18 14:30:00
791719,2018-12-02T20:00:00+00:00,30.78,-81.55,871.25,306.7344055175781,298.735595703125,295.39532470703125,100974.625,37.9423828125,18.102442059486833,14.926621081887387,3.0,1,EF3,EST-5,02-DEC-18 15:10:00
756879,2018-06-26T15:00:00+00:00,37.9334,-88.3673,3354.125,85.38799285888672,297.38525390625,294.48895263671875,100037.1875,50.06104278564453,13.499789287546061,17.0484078141329,0.0,0,EF0,CST-6,26-JUN-18 08:41:00
749048,2018-06-01T20:00:00+00:00,44.295,-105.73,698.25,21.86490249633789,288.40576171875,286.0284423828125,85230.9375,19.163040161132812,0.26838874560198883,6.943437138378676,0.0,0,EF0,MST-7,01-JUN-18 12:34:00
749053,2018-06-01T20:00:00+00:00,44.328,-105.482,824.75,29.88052749633789,288.87060546875,286.1016845703125,85511.9375,18.980422973632812,0.2810586140508024,8.150952592374386,1.0,0,EF1,MST-7,01-JUN-18 12:55:00
749055,2018-06-01T20:00:00+00:00,44.379,-105.552,886.5,5.099277496337891,288.64794921875,285.4962158203125,86398.9375,21.790969848632812,0.2625745564669744,9.497241879600082,1.0,0,EF1,MST-7,01-JUN-18 12:59:00
756390,2018-06-15T02:00:00+00:00,48.8522,-99.5879,1526.875,497.4634094238281,295.249267578125,289.646484375,94132.4375,34.22712326049805,8.596973523130144,14.617852791034043,0.0,0,EF0,CST-6,14-JUN-18 20:14:00
766064,2018-07-19T20:00:00+00:00,41.6293,-93.334,3383.75,72.25209045410156,300.023681640625,295.530517578125,97377.75,39.74616241455078,5.664586720173387,16.352694472887915,0.0,0,EF0,CST-6,19-JUL-18 14:18:00
766065,2018-07-19T20:00:00+00:00,42.1789,-93.4856,2233.5,6.377091407775879,297.552978515625,295.070556640625,96863.75,40.52057647705078,8.248667434694923,14.076144676234989,0.0,0,EF0,CST-6,19-JUL-18 14:22:00
766066,2018-07-19T20:00:00+00:00,41.573,-93.2186,3685.875,28.939590454101562,300.013916015625,295.761962890625,97703.75,38.44342803955078,6.8996078539252625,18.209074184933037,0.0,0,EF0,CST-6,19-JUL-18 14:28:00
766067,2018-07-19T21:00:00+00:00,41.9202,-93.3002,2042.25,35.38357162475586,299.639892578125,294.80517578125,97113.375,41.121437072753906,6.998136939829083,12.592062242623,0.0,0,EF0,CST-6,19-JUL-18 14:35:00
766068,2018-07-19T21:00:00+00:00,41.5286,-93.0643,3571.5,21.88357162475586,300.604736328125,295.52294921875,97631.375,40.367530822753906,6.598164428677589,17.409013710974435,0.0,0,EF0,CST-6,19-JUL-18 14:45:00
764318,2018-06-27T00:00:00+00:00,41.3799,-87.9579,1212.0,185.34815979003906,297.837158203125,294.13916015625,98508.875,44.898231506347656,11.123895509046427,9.723091444742339,0.0,0,EF0,CST-6,26-JUN-18 17:53:00
759119,2018-06-29T10:00:00+00:00,47.27,-96.26,1388.5,205.28138732910156,293.96240234375,291.4722595214844,96255.9375,45.18367385864258,7.742490888767102,11.648541640317488,1.0,0,EF1,CST-6,29-JUN-18 03:48:00
766069,2018-07-19T21:00:00+00:00,41.5084,-93.0459,3571.5,21.88357162475586,300.604736328125,295.52294921875,97631.375,40.367530822753906,6.598164428677589,17.409013710974435,1.0,0,EF1,CST-6,19-JUL-18 14:48:00
766070,2018-07-19T21:00:00+00:00,41.4752,-92.9801,3384.5,9.80544662475586,300.145751953125,294.94287109375,97651.375,40.908546447753906,7.956042334451387,18.96608802959497,0.0,0,EF0,CST-6,19-JUL-18 14:56:00
766071,2018-07-19T21:00:00+00:00,41.4602,-92.9371,3384.5,9.80544662475586,300.145751953125,294.94287109375,97651.375,40.908546447753906,7.956042334451387,18.96608802959497,3.0,1,EF3,CST-6,19-JUL-18 15:01:00
766073,2018-07-19T21:00:00+00:00,42.1045,-93.1332,2868.0,16.97732162475586,298.962158203125,294.85986328125,97133.375,43.945655822753906,7.590448450229711,14.11123342386657,0.0,0,EF0,CST-6,19-JUL-18 15:11:00
755918,2018-06-20T22:00:00+00:00,41.0139,-92.6143,79.125,110.4095230102539,297.12646484375,295.254638671875,97633.3125,41.8446044921875,5.9050733408579115,10.3387886703055,0.0,0,EF0,CST-6,20-JUN-18 16:15:00
759923,2018-06-29T10:00:00+00:00,47.64,-96.0,791.0,85.51575469970703,293.1005859375,291.0132751464844,96012.9375,45.51082229614258,6.863013321419819,10.714627775483617,1.0,0,EF1,CST-6,29-JUN-18 03:56:00
752783,2018-06-24T16:00:00+00:00,40.6782,-107.0586,338.375,175.7631378173828,286.935546875,277.83319091796875,76398.0,10.738255500793457,0.6069220860153751,1.8359870164774357,0.0,0,EF0,MST-7,24-JUN-18 09:18:00
765055,2018-06-04T00:00:00+00:00,40.244,-80.0089,483.0,5.640844821929932,295.09765625,291.593505859375,96900.125,33.530235290527344,6.570681650462947,10.891494622466356,0.0,0,EF0,EST-5,03-JUN-18 19:11:00
751835,2018-06-22T23:00:00+00:00,36.6573,-103.4099,2291.75,,300.334228515625,282.74658203125,82696.5,22.620580673217773,0.592422563919153,15.396255416808565,0.0,0,EF0,MST-7,22-JUN-18 15:53:00
759024,2018-06-28T20:00:00+00:00,47.46,-96.13,2672.625,75.25080871582031,302.596923828125,292.126953125,96775.3125,39.34636306762695,3.3900980169152755,10.582620292129446,1.0,0,EF1,CST-6,28-JUN-18 13:51:00
757697,2018-06-29T00:00:00+00:00,37.82,-88.9117,3593.25,434.26568603515625,300.333984375,297.4857482910156,99738.875,52.24290466308594,8.758151222650842,16.88704353966708,0.0,0,EF0,CST-6,28-JUN-18 18:12:00
766056,2018-07-19T20:00:00+00:00,42.6457,-93.7965,1248.75,41.28334045410156,296.807861328125,294.445556640625,96570.75,38.51667022705078,8.041632827432341,11.118035582143722,0.0,0,EF0,CST-6,19-JUL-18 13:30:00
766057,2018-07-19T20:00:00+00:00,42.5791,-93.7789,1440.5,12.423966407775879,297.131103515625,295.006103515625,96684.75,39.21295928955078,8.724861825639934,14.123308010171714,0.0,0,EF0,CST-6,19-JUL-18 13:35:00
755376,2018-06-28T01:00:00+00:00,38.9889,-82.5794,1537.75,3.781271457672119,296.97802734375,293.7340087890625,98191.375,42.5802116394043,11.859031303400398,11.337259329907134,0.0,0,EF0,EST-5,27-JUN-18 19:50:00
756705,2018-06-21T23:00:00+00:00,36.7199,-89.8014,241.875,71.23439025878906,296.954345703125,294.50396728515625,99554.125,35.97754669189453,9.734360035035865,9.617049090313943,0.0,0,EF0,CST-6,21-JUN-18 17:18:00
766058,2018-07-19T20:00:00+00:00,42.5806,-93.7128,1440.5,12.423966407775879,297.131103515625,295.006103515625,96684.75,39.21295928955078,8.724861825639934,14.123308010171714,0.0,0,EF0,CST-6,19-JUL-18 13:42:00
766059,2018-07-19T20:00:00+00:00,41.7394,-93.5732,3164.125,157.92396545410156,300.309814453125,295.692626953125,97292.75,38.57624053955078,5.099487153606756,15.384504535009654,0.0,0,EF0,CST-6,19-JUL-18 13:48:00
766060,2018-07-19T20:00:00+00:00,41.7246,-93.4951,3383.75,72.25209045410156,300.023681640625,295.530517578125,97377.75,39.74616241455078,5.664586720173387,16.352694472887915,2.0,1,EF2,CST-6,19-JUL-18 13:50:00
766061,2018-07-19T20:00:00+00:00,41.7008,-93.5037,3383.75,72.25209045410156,300.023681640625,295.530517578125,97377.75,39.74616241455078,5.664586720173387,16.352694472887915,2.0,1,EF2,CST-6,19-JUL-18 13:51:00
766062,2018-07-19T20:00:00+00:00,42.1727,-93.6592,1881.125,26.189590454101562,298.136962890625,295.283447265625,96861.75,39.87018585205078,7.337500279902244,13.778420163476067,0.0,0,EF0,CST-6,19-JUL-18 13:52:00
766063,2018-07-19T20:00:00+00:00,42.4887,-93.656,1440.5,12.423966407775879,297.131103515625,295.006103515625,96684.75,39.21295928955078,8.724861825639934,14.123308010171714,0.0,0,EF0,CST-6,19-JUL-18 13:56:00
763771,2018-06-01T22:00:00+00:00,47.47,-102.84,1272.5,39.8968391418457,291.057861328125,290.1915283203125,92114.4375,33.801570892333984,3.487627925479701,17.996845172610854,0.0,0,EF0,MST-7,01-JUN-18 15:26:00
763781,2018-06-01T23:00:00+00:00,47.5,-102.75,807.0,88.31950378417969,292.124267578125,290.432373046875,92511.8125,34.128299713134766,3.619883769250731,14.558317553713815,2.0,1,EF2,MST-7,01-JUN-18 15:34:00
763782,2018-06-01T23:00:00+00:00,47.77,-102.68,553.25,76.41325378417969,291.170166015625,290.307373046875,92818.8125,35.076541900634766,5.269477663850952,14.156049443744072,0.0,0,EF0,MST-7,01-JUN-18 15:55:00
733114,2018-02-25T05:00:00+00:00,38.9237,-83.9639,102.5625,,287.7423095703125,285.8962097167969,97511.3125,34.936134338378906,18.076028252739473,30.55204143018467,1.0,0,EF1,EST-5,25-FEB-18 00:13:00
765785,2018-07-19T01:00:00+00:00,43.6738,-99.644,905.125,21.39605140686035,296.29736328125,294.51513671875,95072.375,44.780311584472656,4.482300255986223,17.77804515418332,1.0,0,EF1,CST-6,18-JUL-18 18:35:00
758462,2018-05-04T04:00:00+00:00,42.0012,-91.1489,205.25,1.7395344972610474,291.206298828125,288.365234375,97645.1875,32.43721389770508,15.334111876314095,12.51783360876583,0.0,0,EF0,CST-6,03-MAY-18 22:15:00
745882,2018-05-14T15:00:00+00:00,28.3519,-80.6613,152.5625,2.359954833984375,296.70263671875,294.93603515625,101608.625,50.89407730102539,1.5278329173119454,8.88922308015358,0.0,0,EF0,EST-5,14-MAY-18 09:35:00
756716,2018-05-15T21:00:00+00:00,41.4385,-73.0466,2017.875,129.39073181152344,295.694580078125,293.415283203125,98874.6875,41.37517166137695,13.652677303048225,20.935005726256364,1.0,0,EF1,EST-5,15-MAY-18 16:01:00
745883,2018-05-14T16:00:00+00:00,27.1675,-80.5853,754.9375,3.8726425170898438,298.015380859375,295.7314453125,101396.3125,49.82623291015625,8.698895642042746,12.016202124397884,0.0,0,EF0,EST-5,14-MAY-18 11:25:00
763715,2018-06-23T00:00:00+00:00,34.2482,-87.1101,1514.0,6.4062652587890625,297.896240234375,295.45166015625,98234.0625,46.116180419921875,11.72382304782335,14.560194368265359,2.0,1,EF2,CST-6,22-JUN-18 17:50:00
763717,2018-06-22T23:00:00+00:00,34.8493,-85.602,813.875,49.52869415283203,296.457275390625,293.81005859375,96629.5,37.377418518066406,12.046065369560164,18.650550898549714,1.0,0,EF1,CST-6,22-JUN-18 17:27:00
756715,2018-05-15T21:00:00+00:00,41.4664,-73.1691,2017.875,129.39073181152344,295.694580078125,293.415283203125,98874.6875,41.37517166137695,13.652677303048225,20.935005726256364,1.0,0,EF1,EST-5,15-MAY-18 15:53:00
756479,2018-05-15T20:00:00+00:00,41.4996,-73.6847,2228.125,124.6875,297.219482421875,293.94921875,98449.625,38.912620544433594,10.515005370905818,19.99537461870393,2.0,1,EF2,EST-5,15-MAY-18 15:29:00
771186,2018-06-13T18:00:00+00:00,26.8496,-80.6396,2951.125,62.54696273803711,301.55419921875,297.276611328125,101860.1875,48.09912872314453,1.4616789323911143,3.7791437166997164,0.0,0,EF0,EST-5,13-JUN-18 13:10:00
757551,2018-06-27T00:00:00+00:00,37.8115,-96.3084,3288.25,199.94190979003906,298.278564453125,296.25830078125,96424.875,38.498817443847656,10.155174308556857,12.343559752698242,3.0,1,EF3,CST-6,26-JUN-18 18:18:00
747756,2018-05-25T20:00:00+00:00,43.8444,-93.7624,2717.125,112.89068603515625,303.738525390625,294.201171875,96653.0,32.43800354003906,1.6392550431848074,6.61793874022365,0.0,0,EF0,CST-6,25-MAY-18 13:40:00
760000,2018-05-20T05:00:00+00:00,34.885,-97.423,1910.4375,26.612899780273438,295.780517578125,291.86761474609375,97405.9375,36.23697280883789,9.615679717399658,2.9324355507970448,0.0,0,EF0,CST-6,19-MAY-18 23:17:00
759345,2018-05-30T00:00:00+00:00,36.5852,-98.8789,2406.0,33.22898483276367,298.582275390625,292.6259765625,94807.625,45.3937873840332,7.780296747672642,16.385098211940964,1.0,0,EF1,CST-6,29-MAY-18 18:25:00
754895,2018-05-09T22:00:00+00:00,43.2091,-88.3449,1164.5,27.062511444091797,293.076904296875,289.999267578125,96985.75,30.475309371948242,7.616485658382432,15.768522587655752,0.0,0,EF0,CST-6,09-MAY-18 15:50:00
761693,2018-07-30T19:00:00+00:00,37.0814,-97.1484,1123.875,79.4061050415039,300.645751953125,293.0087890625,97624.125,37.19987869262695,3.704413453402079,10.194785579017394,0.0,0,EF0,CST-6,30-JUL-18 12:45:00
770153,2018-07-29T20:00:00+00:00,43.3237,-102.1858,1027.125,34.18894577026367,295.1015625,289.885986328125,90627.4375,28.610340118408203,0.3233682158663262,6.063411750933116,0.0,0,EF0,MST-7,29-JUL-18 13:20:00
768163,2018-07-24T10:00:00+00:00,38.819,-77.1697,207.75,0.457819402217865,297.36767578125,295.56201171875,100930.125,57.70360565185547,7.564457320211109,10.148767293931193,0.0,0,EF0,EST-5,24-JUL-18 04:54:00
753016,2018-05-01T23:00:00+00:00,40.0021,-97.6111,1715.375,70.0792465209961,296.449462890625,290.553466796875,94885.0,38.1965446472168,10.862314308210992,21.48145334444956,0.0,0,EF0,CST-6,01-MAY-18 16:53:00
753031,2018-05-01T23:00:00+00:00,39.2502,-98.1469,2037.3125,98.5323715209961,297.664306640625,290.084716796875,95065.0,36.6926383972168,10.078713140070368,24.325078932318164,0.0,0,EF0,CST-6,01-MAY-18 17:09:00
751393,2018-05-03T07:00:00+00:00,37.0921,-93.1038,1848.25,59.50011444091797,293.951904296875,291.36328125,97047.6875,43.04637145996094,16.56824105543246,12.437573926376201,0.0,0,EF0,CST-6,03-MAY-18 01:17:00
761666,2018-07-30T19:00:00+00:00,37.1074,-97.199,1123.875,79.4061050415039,300.645751953125,293.0087890625,97624.125,37.19987869262695,3.704413453402079,10.194785579017394,0.0,0,EF0,CST-6,30-JUL-18 12:41:00
763716,2018-06-22T23:00:00+00:00,34.8513,-85.6197,813.875,49.52869415283203,296.457275390625,293.81005859375,96629.5,37.377418518066406,12.046065369560164,18.650550898549714,0.0,0,EF0,CST-6,22-JUN-18 17:25:00
757549,2018-06-27T02:00:00+00:00,37.5688,-97.019,2604.0,685.062744140625,298.70947265625,295.88848876953125,96284.4375,48.68412780761719,10.65199858557939,17.143609994219684,0.0,0,EF0,CST-6,26-JUN-18 20:02:00
757550,2018-06-27T00:00:00+00:00,37.92,-96.91,2914.5,220.09815979003906,299.175048828125,296.95947265625,96033.875,41.718544006347656,9.924880968317092,10.054295014193002,0.0,0,EF0,CST-6,26-JUN-18 17:39:00
761779,2018-06-27T00:00:00+00:00,37.9024,-96.8609,2914.5,220.09815979003906,299.175048828125,296.95947265625,96033.875,41.718544006347656,9.924880968317092,10.054295014193002,0.0,0,EF0,CST-6,26-JUN-18 17:42:00
760256,2018-07-23T18:00:00+00:00,41.5634,-77.2279,1155.75,1.8492456674575806,296.848388671875,295.6826171875,96088.5,47.95416259765625,10.142896962060973,12.412177249011194,1.0,0,EF1,EST-5,23-JUL-18 13:15:00
738025,2018-03-22T23:00:00+00:00,36.4864,-119.2519,110.453125,2.759830951690674,290.8916015625,285.328369140625,96550.375,20.59772491455078,3.6078747451750157,12.531004689396347,0.0,0,EF0,PST-8,22-MAR-18 14:49:00
747693,2018-05-27T20:00:00+00:00,27.1393,-80.1901,888.75,6.344930171966553,298.74609375,296.0947265625,100881.3125,57.506370544433594,11.552895527050149,10.028196920294015,0.0,0,EF0,EST-5,27-MAY-18 15:04:00
756481,2018-05-15T21:00:00+00:00,41.4929,-73.5854,2295.5625,38.84385299682617,295.023681640625,293.387939453125,98510.6875,42.14079666137695,11.574598151683299,19.740472987511737,1.0,0,EF1,EST-5,15-MAY-18 15:32:00
753012,2018-05-01T22:00:00+00:00,40.9156,-98.1455,917.0,12.503501892089844,292.937255859375,290.17333984375,94071.6875,30.624414443969727,1.6863381877539234,14.547316714669153,0.0,0,EF0,CST-6,01-MAY-18 15:35:00
753011,2018-05-01T22:00:00+00:00,40.7427,-98.3604,973.25,21.487876892089844,292.553466796875,290.09326171875,93657.6875,28.625391006469727,1.835393076117976,18.58031908131053,0.0,0,EF0,CST-6,01-MAY-18 15:50:00
778125,2018-08-20T22:00:00+00:00,36.038,-90.622,1182.125,26.165929794311523,298.129638671875,295.178466796875,99955.6875,49.756492614746094,9.805161485966307,19.098317767203405,1.0,0,EF1,CST-6,20-AUG-18 16:27:00
757347,2018-06-16T22:00:00+00:00,43.4359,-89.3507,1998.25,149.87501525878906,300.751708984375,296.48779296875,97947.625,40.93577575683594,8.159483958716567,15.736743025225337,0.0,0,EF0,CST-6,16-JUN-18 16:20:00
757529,2018-06-26T19:00:00+00:00,42.6984,-89.8875,1153.875,63.765228271484375,295.489013671875,293.400634765625,97540.375,42.8253288269043,7.724541271939798,11.593001982451725,0.0,0,EF0,CST-6,26-JUN-18 13:24:00
757397,2018-06-26T17:00:00+00:00,42.7752,-90.4105,1908.5,4.281607627868652,296.39501953125,294.308837890625,97581.0625,40.84463882446289,7.052223280654475,14.793164592569171,0.0,0,EF0,CST-6,26-JUN-18 10:30:00
796555,2018-12-27T16:00:00+00:00,30.1302,-92.3645,698.5625,4.375507831573486,292.6567077636719,290.8572082519531,100897.25,47.66801452636719,9.772452363682916,24.294745185796447,1.0,0,EF1,CST-6,27-DEC-18 10:15:00
786325,2018-08-18T21:00:00+00:00,35.11,-111.47,1267.625,117.7343978881836,299.81103515625,287.95263671875,80561.625,25.783611297607422,0.5426172671477104,2.9985588659366775,0.0,0,EF0,MST-7,18-AUG-18 14:22:00
748581,2018-04-15T21:00:00+00:00,36.245,-79.643,595.25,19.818763732910156,295.862548828125,290.9080810546875,98152.0,40.8672981262207,15.66249891461495,24.59327869620526,1.0,0,EF1,EST-5,15-APR-18 16:25:00
756478,2018-05-15T20:00:00+00:00,41.5359,-74.0123,2220.625,112.828125,296.768310546875,293.8134765625,98582.625,39.380393981933594,11.080943769326984,20.277936267564538,0.0,0,EF0,EST-5,15-MAY-18 15:16:00
786966,2018-09-26T01:00:00+00:00,42.0616,-83.2444,817.125,2.8126485347747803,294.066162109375,293.18231201171875,99029.75,45.463356018066406,11.617385839249144,16.260368048553556,0.0,0,EF0,EST-5,25-SEP-18 19:49:00
772387,2018-08-21T20:00:00+00:00,41.2496,-78.739,1732.625,3.7754874229431152,296.7841796875,293.8291015625,94965.9375,45.49943542480469,9.746320165645962,17.7875761058839,1.0,0,EF1,EST-5,21-AUG-18 15:10:00
782088,2018-08-29T00:00:00+00:00,41.7626,-90.6573,751.375,248.93565368652344,298.7236328125,296.51611328125,98591.0625,54.586952209472656,13.196193773986646,10.094871203929362,0.0,0,EF0,CST-6,28-AUG-18 18:10:00
783424,2018-07-27T21:00:00+00:00,26.4842,-97.722,631.375,401.4753112792969,307.41064453125,295.521728515625,101302.625,45.82164764404297,2.1357032490455827,7.803646711609158,0.0,0,EF0,CST-6,27-JUL-18 15:03:00
752513,2018-05-15T18:00:00+00:00,42.0814,-74.0019,1508.3125,21.014692306518555,299.59228515625,292.21826171875,98409.0625,37.28507995605469,5.804962459915812,22.844096335990926,1.0,0,EF1,EST-5,15-MAY-18 13:29:00
787618,2018-08-02T20:00:00+00:00,33.1037,-83.6601,2500.5,16.329160690307617,297.521240234375,295.416259765625,99850.3125,58.05485153198242,8.105287324211584,15.238835953028907,0.0,0,EF0,EST-5,02-AUG-18 14:57:00
775002,2018-08-02T15:00:00+00:00,37.9815,-78.5068,2246.25,0.7758318185806274,298.854248046875,295.6021728515625,99729.5,49.763145446777344,10.433314189077585,13.719332414893062,0.0,0,EF0,EST-5,02-AUG-18 10:00:00
748629,2018-04-15T23:00:00+00:00,37.3416,-79.2367,120.375,1.613059401512146,291.99365234375,291.74578857421875,98068.4375,40.864471435546875,13.022907913845682,25.4058905924854,2.0,1,EF2,EST-5,15-APR-18 18:03:00
782597,2018-08-23T23:00:00+00:00,44.7872,-99.4686,1570.875,383.79852294921875,300.533935546875,288.63720703125,94178.5625,30.750797271728516,3.9409788908527545,11.176079737059,0.0,0,EF0,CST-6,23-AUG-18 17:27:00
733109,2018-02-25T05:00:00+00:00,38.8269,-84.1748,119.34375,,287.7257080078125,286.4049987792969,97877.3125,36.023048400878906,19.455309811105707,33.1582086790638,1.0,0,EF1,EST-5,25-FEB-18 00:03:00
777815,2018-08-02T00:00:00+00:00,33.6791,-83.6926,1531.75,14.894365310668945,296.580810546875,295.3330078125,98930.375,51.99341583251953,6.178022680760361,17.546820634204305,1.0,0,EF1,EST-5,01-AUG-18 18:32:00
759786,2018-05-15T19:00:00+00:00,41.5898,-75.3719,1741.625,60.8282356262207,296.373779296875,292.321533203125,95706.0625,35.889549255371094,10.918200929871512,21.784180951518522,1.0,0,EF1,EST-5,15-MAY-18 14:05:00
780000,2018-08-21T20:00:00+00:00,41.234,-78.754,1732.625,3.7754874229431152,296.7841796875,293.8291015625,94965.9375,45.49943542480469,9.746320165645962,17.7875761058839,1.0,0,EF1,EST-5,21-AUG-18 15:08:00
782087,2018-08-29T00:00:00+00:00,41.7553,-90.6733,751.375,248.93565368652344,298.7236328125,296.51611328125,98591.0625,54.586952209472656,13.196193773986646,10.094871203929362,0.0,0,EF0,CST-6,28-AUG-18 18:09:00
781535,2018-08-16T23:00:00+00:00,41.98,-90.96,912.25,13.594171524047852,298.63671875,294.022216796875,98372.75,46.577789306640625,2.872239698484465,7.97413977881614,0.0,0,EF0,CST-6,16-AUG-18 17:08:00
782089,2018-08-20T21:00:00+00:00,41.9949,-90.5638,1860.5,11.811551094055176,298.510986328125,294.851318359375,97802.8125,37.517547607421875,6.500222391079281,4.024925120954649,0.0,0,EF0,CST-6,20-AUG-18 14:49:00
785824,2018-08-28T23:00:00+00:00,43.9022,-85.8639,1295.125,204.6877899169922,297.338134765625,295.014892578125,97975.25,53.645294189453125,9.823392968131154,13.232925534338525,0.0,0,EF0,EST-5,28-AUG-18 18:27:00
759137,2018-05-02T23:00:00+00:00,34.2311,-98.9415,1728.25,49.92205047607422,304.191650390625,289.421630859375,96475.9375,42.5429573059082,8.648333704008108,16.329841807913528,1.0,0,EF1,CST-6,02-MAY-18 17:26:00
759140,2018-05-03T00:00:00+00:00,34.2934,-98.8763,2837.875,13.132305145263672,297.336669921875,291.859375,96751.625,48.95072937011719,9.537539771234208,14.99114469817268,1.0,0,EF1,CST-6,02-MAY-18 17:34:00
759147,2018-05-03T00:00:00+00:00,34.324,-98.809,2837.875,13.132305145263672,297.336669921875,291.859375,96751.625,48.95072937011719,9.537539771234208,14.99114469817268,2.0,1,EF2,CST-6,02-MAY-18 17:47:00
759676,2018-05-05T02:00:00+00:00,43.2369,-72.0432,199.1875,88.93107604980469,292.971435546875,289.430908203125,96535.875,36.85095977783203,16.27185495753203,26.541223919100148,1.0,0,EF1,EST-5,04-MAY-18 20:38:00
782592,2018-08-23T23:00:00+00:00,44.7744,-99.5408,1704.75,,300.636474609375,286.73779296875,93877.5625,29.745914459228516,3.5015836140462024,10.189414961349208,0.0,0,EF0,CST-6,23-AUG-18 17:14:00
785825,2018-08-29T00:00:00+00:00,43.89,-85.83,838.625,118.49815368652344,296.4375,294.61572265625,97971.0625,50.075233459472656,10.888881016728458,16.368379040757613,1.0,0,EF1,EST-5,28-AUG-18 18:30:00
759150,2018-05-03T00:00:00+00:00,34.329,-98.689,2443.375,32.55418014526367,298.601318359375,291.794921875,96974.625,46.82865905761719,9.430817205938874,14.669847380760837,1.0,0,EF1,CST-6,02-MAY-18 18:07:00
759151,2018-05-03T00:00:00+00:00,34.336,-98.662,2443.375,32.55418014526367,298.601318359375,291.794921875,96974.625,46.82865905761719,9.430817205938874,14.669847380760837,1.0,0,EF1,CST-6,02-MAY-18 18:10:00
759153,2018-05-03T01:00:00+00:00,34.753,-98.056,2782.125,37.0938720703125,297.00146484375,292.904296875,96600.6875,46.100502014160156,10.39066718399432,15.316173779683076,1.0,0,EF1,CST-6,02-MAY-18 18:55:00
759154,2018-05-03T01:00:00+00:00,35.13,-97.947,2256.375,89.6251220703125,298.69189453125,292.783203125,96435.6875,42.187416076660156,11.892788957898015,17.584704049797672,1.0,0,EF1,CST-6,02-MAY-18 18:58:00
759156,2018-05-03T01:00:00+00:00,35.16,-97.866,2256.375,89.6251220703125,298.69189453125,292.783203125,96435.6875,42.187416076660156,11.892788957898015,17.584704049797672,1.0,0,EF1,CST-6,02-MAY-18 19:05:00
759158,2018-05-03T02:00:00+00:00,35.2516,-97.4296,2357.0,10.469036102294922,295.658447265625,292.31024169921875,96992.125,42.84859848022461,11.319137801037588,14.700382414173298,1.0,0,EF1,CST-6,02-MAY-18 19:42:00
759235,2018-05-03T02:00:00+00:00,34.992,-97.394,2120.375,16.453411102294922,296.177001953125,292.47625732421875,97270.125,44.06734848022461,11.039946874979526,13.468533742292028,1.0,0,EF1,CST-6,02-MAY-18 19:48:00
759278,2018-05-03T02:00:00+00:00,35.157,-96.974,2151.625,37.84403610229492,297.192626953125,293.42352294921875,97523.125,43.72848129272461,11.939299955015182,13.624593433368732,1.0,0,EF1,CST-6,02-MAY-18 20:19:00
759289,2018-05-03T13:00:00+00:00,34.848,-96.759,1602.375,154.7495574951172,292.443603515625,292.213134765625,97852.9375,49.13488006591797,15.7256848208208,17.340742797650258,1.0,0,EF1,CST-6,03-MAY-18 07:22:00
765504,2018-05-28T23:00:00+00:00,39.5198,-102.9918,58.4375,101.57351684570312,296.42236328125,285.7799072265625,85091.0625,14.968816757202148,0.6325631167936464,8.07288958909001,0.0,0,EF0,MST-7,28-MAY-18 16:10:00
785018,2018-10-09T20:00:00+00:00,40.6832,-92.9032,1260.875,46.06270980834961,296.693359375,294.031005859375,97371.9375,43.00361633300781,8.996501944230321,16.62803009756625,0.0,0,EF0,CST-6,09-OCT-18 14:24:00
735025,2018-02-25T06:00:00+00:00,37.624,-84.47,115.9375,40.90093231201172,288.40411376953125,286.2886962890625,97626.375,37.53445053100586,20.12422885926333,27.821256017977408,1.0,0,EF1,EST-5,25-FEB-18 00:50:00
791718,2018-12-02T20:00:00+00:00,31.13,-81.56,971.5,340.2656555175781,298.279541015625,294.73321533203125,100863.625,41.03125,18.806028207753386,16.50673482648794,1.0,0,EF1,EST-5,02-DEC-18 14:40:00
737768,2018-03-20T01:00:00+00:00,35.2257,-86.0669,370.0,1.2813440561294556,290.22900390625,288.713623046875,96057.5625,28.566253662109375,6.466803854414805,20.499152147318664,0.0,0,EF0,CST-6,19-MAR-18 18:50:00
747448,2018-05-22T02:00:00+00:00,34.38,-105.64,840.0625,490.75006103515625,289.754638671875,280.8082275390625,80784.125,25.8084716796875,0.25100615869551546,7.492784801779351,0.0,0,EF0,MST-7,21-MAY-18 18:50:00
737788,2018-03-19T23:00:00+00:00,34.3675,-87.0404,1440.3125,1.7500728368759155,292.78759765625,290.82672119140625,97299.3125,33.88862609863281,12.03015192381532,27.418192867348107,1.0,0,EF1,CST-6,19-MAR-18 17:29:00
787046,2018-09-03T23:00:00+00:00,42.1721,-91.6619,1343.75,40.9219970703125,298.867431640625,296.4873046875,98488.5,52.157554626464844,8.391120872277218,19.97046366861793,1.0,0,EF1,CST-6,03-SEP-18 16:31:00
787858,2018-09-03T23:00:00+00:00,42.2279,-91.45,1120.75,49.7501220703125,298.929931640625,296.59375,98428.5,50.149742126464844,8.157490379548571,19.310644962704718,0.0,0,EF0,CST-6,03-SEP-18 17:08:00
749343,2018-05-29T00:00:00+00:00,39.66,-102.85,643.0,58.68772888183594,288.732421875,287.2474060058594,85636.125,21.585765838623047,0.34025746375944177,10.193519679593802,1.0,0,EF1,MST-7,28-MAY-18 16:42:00
737780,2018-03-19T23:00:00+00:00,34.4535,-87.4978,1457.625,0.37507280707359314,293.22021484375,291.34039306640625,97245.3125,32.49214172363281,12.141015303167954,25.559566575261062,0.0,0,EF0,CST-6,19-MAR-18 16:54:00
787071,2018-09-25T19:00:00+00:00,42.1338,-91.6186,596.5,0.8435401916503906,291.93115234375,290.581787109375,97690.625,43.55434799194336,8.113423382350778,15.010134842019765,1.0,0,EF1,CST-6,25-SEP-18 12:30:00
786691,2018-09-02T01:00:00+00:00,42.86,-84.4,419.0,149.69937133789062,297.1103515625,293.879150390625,98579.5,50.093196868896484,10.578569313194238,17.266205816131105,0.0,0,EF0,EST-5,01-SEP-18 19:35:00
762275,2018-05-28T19:00:00+00:00,40.5266,-106.1398,1049.25,3.768476724624634,287.83203125,277.349609375,72090.5,10.589646339416504,0.3776791889537791,0.8895786439327886,0.0,0,EF0,MST-7,28-MAY-18 12:15:00
796406,2018-12-27T16:00:00+00:00,32.6431,-90.4509,647.75,,289.7084655761719,287.9597473144531,100304.25,39.60649108886719,21.972440854484173,29.20102283127365,0.0,0,EF0,CST-6,27-DEC-18 10:29:00
737782,2018-03-19T23:00:00+00:00,34.9572,-87.2049,871.6875,17.609447479248047,291.35205078125,290.13043212890625,97141.3125,29.611284255981445,12.39178175491301,27.06655199156813,2.0,1,EF2,CST-6,19-MAR-18 17:08:00
787078,2018-09-25T19:00:00+00:00,41.8852,-91.259,679.625,24.96854019165039,294.82470703125,290.985107421875,98006.625,43.00259017944336,8.324999290092157,15.157197223210709,0.0,0,EF0,CST-6,25-SEP-18 12:53:00
786688,2018-09-01T23:00:00+00:00,42.4286,-85.4502,1360.875,38.9501838684082,298.8232421875,295.70166015625,98500.875,49.19990539550781,9.558191482397019,19.385919755673044,0.0,0,EF0,EST-5,01-SEP-18 18:08:00
786689,2018-09-02T00:00:00+00:00,43.48,-85.36,380.5,2.087381601333618,296.18994140625,294.72802734375,98129.5625,47.976905822753906,10.060381242212648,18.095444170488296,0.0,0,EF0,EST-5,01-SEP-18 18:46:00
791871,2018-12-31T20:00:00+00:00,38.1813,-86.8863,142.4375,0.12509721517562866,290.0472412109375,289.2659912109375,98300.0625,42.52018356323242,17.13572136021159,24.237433467748964,1.0,0,EF1,CST-6,31-DEC-18 13:43:00
747524,2018-05-28T22:00:00+00:00,39.58,-103.08,1613.5,123.36714935302734,297.275390625,286.60009765625,84380.6875,20.465927124023438,0.059809177523961095,9.724096470187122,0.0,0,EF0,MST-7,28-MAY-18 15:22:00
747525,2018-05-28T23:00:00+00:00,39.65,-103.08,778.1875,53.37039566040039,292.51611328125,287.4635009765625,84801.0625,19.62116050720215,0.16932262433392611,11.717246047549779,0.0,0,EF0,MST-7,28-MAY-18 16:00:00
799402,2018-12-26T22:00:00+00:00,34.931,-100.8941,28.1875,0.06870758533477783,284.2924499511719,283.36456298828125,90604.875,18.46179962158203,1.196286907434727,22.428893337366063,0.0,0,EF0,CST-6,26-DEC-18 16:23:00
764304,2018-06-23T00:00:00+00:00,34.7521,-85.2635,667.75,42.25001525878906,297.869873046875,293.72412109375,97471.0625,38.066375732421875,11.010150505936405,18.6560489494993,0.0,0,EF0,EST-5,22-JUN-18 19:06:00
787579,2018-10-10T20:00:00+00:00,32.4955,-83.8795,172.5,91.22917938232422,299.4072265625,296.941650390625,98772.0,65.03790283203125,18.58179757703656,23.69695681983631,0.0,0,EF0,EST-5,10-OCT-18 14:32:00
735026,2018-02-25T04:00:00+00:00,36.67,-86.59,86.28125,6.8810906410217285,290.3917541503906,288.78204345703125,98462.3125,39.1685905456543,21.369411359743,31.326903958635796,0.0,0,EF0,CST-6,24-FEB-18 21:50:00
786183,2018-09-17T04:00:00+00:00,34.903,-78.504,641.25,0.5625478029251099,297.1865234375,296.778564453125,101067.9375,62.249107360839844,15.530572780412415,13.316279081690183,0.0,0,EF0,EST-5,16-SEP-18 23:19:00
747734,2018-05-30T01:00:00+00:00,39.82,-97.6273,1521.125,70.19523620605469,293.317626953125,290.912109375,95351.5,38.50517654418945,3.734970938189162,9.82575089782568,0.0,0,EF0,CST-6,29-MAY-18 19:12:00
788348,2018-12-02T08:00:00+00:00,31.2374,-85.4872,1781.5,0.3439154326915741,294.33453369140625,293.61981201171875,99812.9375,43.49962615966797,15.561165208061327,19.523684696857437,0.0,0,EF0,CST-6,02-DEC-18 01:49:00
767655,2018-08-01T05:00:00+00:00,42.199,-83.2646,12.0,,293.6962890625,292.095703125,98907.625,40.3397216796875,4.808612857191693,18.654097394538812,0.0,0,EF0,EST-5,31-JUL-18 23:44:00
787054,2018-09-21T06:00:00+00:00,42.2042,-90.4678,647.625,28.817415237426758,298.934326171875,293.0887145996094,97782.5625,43.597904205322266,16.860180845930802,17.62728028080179,1.0,0,EF1,CST-6,21-SEP-18 00:27:00
765512,2018-05-28T23:00:00+00:00,39.4553,-102.9712,58.4375,101.57351684570312,296.42236328125,285.7799072265625,85091.0625,14.968816757202148,0.6325631167936464,8.07288958909001,0.0,0,EF0,MST-7,28-MAY-18 16:26:00
765522,2018-05-29T00:00:00+00:00,39.4726,-102.7293,61.75,148.17210388183594,292.8818359375,286.7386169433594,86071.125,15.275219917297363,0.28734974913400657,10.001357745163713,0.0,0,EF0,MST-7,28-MAY-18 16:35:00
791870,2018-12-31T19:00:00+00:00,36.89,-87.987,132.625,,290.4376220703125,289.75006103515625,98499.125,45.4614143371582,18.728510547179827,25.243462175576273,1.0,0,EF1,CST-6,31-DEC-18 12:35:00
794977,2018-12-01T21:00:00+00:00,40.2219,-90.7732,586.3125,4.906336307525635,286.159912109375,285.34271240234375,96684.8125,20.751815795898438,13.998989772817094,16.1051194841451,1.0,0,EF1,CST-6,01-DEC-18 15:00:00
794980,2018-12-01T21:00:00+00:00,39.8559,-90.5192,805.0,3.4844613075256348,289.447998046875,286.33587646484375,96822.8125,21.009628295898438,14.361755635309056,16.828060997869564,0.0,0,EF0,CST-6,01-DEC-18 15:01:00
794982,2018-12-01T21:00:00+00:00,39.9115,-90.4667,668.8125,12.406336784362793,288.490966796875,286.46575927734375,96960.8125,20.995956420898438,15.123192666160113,16.727286633474208,0.0,0,EF0,CST-6,01-DEC-18 15:09:00
794983,2018-12-01T21:00:00+00:00,40.0005,-90.4201,668.8125,12.406336784362793,288.490966796875,286.46575927734375,96960.8125,20.995956420898438,15.123192666160113,16.727286633474208,1.0,0,EF1,CST-6,01-DEC-18 15:25:00
794985,2018-12-01T22:00:00+00:00,40.1203,-90.3157,255.0,1.8437697887420654,285.0673828125,284.01214599609375,96819.4375,21.429035186767578,15.83487891613868,15.18548602021806,0.0,0,EF0,CST-6,01-DEC-18 15:44:00
794991,2018-12-01T22:00:00+00:00,40.1622,-90.2581,353.875,2.9062697887420654,285.0771484375,284.18499755859375,96931.4375,21.404621124267578,16.224420717750576,16.185016994257463,1.0,0,EF1,CST-6,01-DEC-18 15:51:00
794995,2018-12-01T22:00:00+00:00,40.1844,-90.2302,353.875,2.9062697887420654,285.0771484375,284.18499755859375,96931.4375,21.404621124267578,16.224420717750576,16.185016994257463,1.0,0,EF1,CST-6,01-DEC-18 15:55:00
795004,2018-12-01T23:00:00+00:00,40.4543,-90.0113,254.625,1.515662431716919,284.0185546875,283.30621337890625,96984.5,22.819557189941406,15.15146123614609,16.050718111394083,0.0,0,EF0,CST-6,01-DEC-18 16:45:00
795006,2018-12-01T23:00:00+00:00,39.3488,-89.4572,200.5,0.5937873721122742,288.2841796875,286.34429931640625,96875.5,18.520729064941406,17.623699341188495,16.585046250473546,0.0,0,EF0,CST-6,01-DEC-18 16:48:00
795007,2018-12-01T23:00:00+00:00,40.2325,-89.9335,350.625,2.250037431716919,285.2021484375,284.34039306640625,97101.5,22.912330627441406,15.28606453332896,16.553505848118135,1.0,0,EF1,CST-6,01-DEC-18 16:53:00
795037,2018-12-02T00:00:00+00:00,40.4673,-89.7347,243.1875,10.718799591064453,284.4296875,283.5872802734375,96983.875,22.652202606201172,14.50147221418691,14.156282664706723,0.0,0,EF0,CST-6,01-DEC-18 17:34:00
795038,2018-12-02T00:00:00+00:00,39.6301,-89.2008,95.3125,0.9531747102737427,287.5546875,285.9632568359375,96941.875,19.466655731201172,17.15684561099663,16.51223793522476,2.0,1,EF2,CST-6,01-DEC-18 17:34:00
795039,2018-12-02T00:00:00+00:00,39.7469,-89.1378,95.3125,0.9531747102737427,287.5546875,285.9632568359375,96941.875,19.466655731201172,17.15684561099663,16.51223793522476,1.0,0,EF1,CST-6,01-DEC-18 17:53:00
795040,2018-12-02T00:00:00+00:00,39.837,-89.0869,95.3125,0.9531747102737427,287.5546875,285.9632568359375,96941.875,19.466655731201172,17.15684561099663,16.51223793522476,0.0,0,EF0,CST-6,01-DEC-18 18:03:00
795041,2018-12-02T00:00:00+00:00,39.7488,-89.4999,109.75,13.937549591064453,286.9189453125,285.3607177734375,97004.875,19.771343231201172,16.799310455207245,15.41181190712493,1.0,0,EF1,CST-6,01-DEC-18 18:16:00
795044,2018-12-02T01:00:00+00:00,40.0074,-88.9441,109.6875,4.8750081062316895,287.488525390625,286.1556396484375,96766.4375,20.08600616455078,15.633653329820188,17.630080405783072,1.0,0,EF1,CST-6,01-DEC-18 18:31:00
795048,2018-12-02T01:00:00+00:00,40.2894,-88.7791,156.25,0.07813315093517303,287.660400390625,286.1038818359375,96574.4375,20.32135772705078,14.407823253715208,15.94446215088993,1.0,0,EF1,CST-6,01-DEC-18 19:06:00
795049,2018-12-02T01:00:00+00:00,40.3839,-88.7228,234.25,0.42188313603401184,287.019775390625,285.7572021484375,96491.4375,20.80768585205078,13.977037417740691,14.440873191612752,2.0,1,EF2,CST-6,01-DEC-18 19:18:00
795051,2018-12-02T01:00:00+00:00,40.4102,-88.7671,234.25,0.42188313603401184,287.019775390625,285.7572021484375,96491.4375,20.80768585205078,13.977037417740691,14.440873191612752,0.0,0,EF0,CST-6,01-DEC-18 19:21:00
795052,2018-12-02T02:00:00+00:00,40.5655,-88.6713,197.6875,2.9219024181365967,286.71435546875,285.35595703125,96549.8125,20.91752815246582,12.186996610935497,15.436178443240836,1.0,0,EF1,CST-6,01-DEC-18 19:42:00
795053,2018-12-01T23:00:00+00:00,39.414,-89.395,183.625,0.07816237211227417,287.8564453125,286.43707275390625,96888.5,19.314674377441406,16.874438138824686,16.20965287917987,3.0,1,EF3,CST-6,01-DEC-18 17:01:00
787067,2018-09-25T18:00:00+00:00,41.1436,-91.4886,740.0,135.24378967285156,298.248046875,290.533447265625,98642.4375,39.012298583984375,4.677469802255135,11.392914640284259,0.0,0,EF0,CST-6,25-SEP-18 12:26:00
787038,2018-09-03T22:00:00+00:00,42.0913,-92.0572,1543.125,76.17195892333984,299.750732421875,296.614990234375,98550.3125,51.596153259277344,7.126093681200376,20.568023726335042,0.0,0,EF0,CST-6,03-SEP-18 15:40:00
737793,2018-03-20T00:00:00+00:00,34.9631,-86.6509,580.9375,0.5781863331794739,291.21240234375,289.86431884765625,96787.5625,31.449073791503906,8.845986804608163,24.67303182297387,1.0,0,EF1,CST-6,19-MAR-18 17:58:00
787044,2018-09-03T22:00:00+00:00,42.1087,-92.0092,1411.875,41.92196273803711,300.040771484375,296.675537109375,98671.3125,50.287559509277344,6.91192631821421,20.307451114840642,0.0,0,EF0,CST-6,03-SEP-18 15:45:00
787051,2018-09-04T02:00:00+00:00,41.9709,-91.7393,175.375,36.79805374145508,298.34716796875,295.707763671875,98896.0625,48.3573112487793,10.293565656998968,13.133710863482161,1.0,0,EF1,CST-6,03-SEP-18 20:08:00
786690,2018-09-02T00:00:00+00:00,42.2289,-84.4358,656.0,118.6342544555664,297.94384765625,293.80810546875,98202.5625,50.007179260253906,8.79611678678287,16.188166669747137,0.0,0,EF0,EST-5,01-SEP-18 19:12:00
791097,2018-12-26T22:00:00+00:00,33.7772,-100.7792,511.1875,1.0530825853347778,286.4486999511719,284.85968017578125,92110.875,22.63269805908203,5.409020936414453,14.65205354331858,0.0,0,EF0,CST-6,26-DEC-18 15:40:00
735028,2018-02-24T23:00:00+00:00,37.0186,-86.1459,57.21875,85.15625762939453,292.41522216796875,289.0953674316406,98672.25,33.72093200683594,13.125864644408324,21.25252155274038,1.0,0,EF1,CST-6,24-FEB-18 17:19:00
798889,2018-12-01T21:00:00+00:00,40.36,-90.65,586.3125,4.906336307525635,286.159912109375,285.34271240234375,96684.8125,20.751815795898438,13.998989772817094,16.1051194841451,0.0,0,EF0,CST-6,01-DEC-18 15:18:00
798890,2018-12-01T22:00:00+00:00,40.48,-90.59,96.75,0.4687698185443878,283.6640625,282.80511474609375,96540.4375,21.573566436767578,15.103696506373977,13.245490820728502,0.0,0,EF0,CST-6,01-DEC-18 15:41:00
747438,2018-05-23T20:00:00+00:00,33.22,-105.27,1340.375,147.4467010498047,299.269775390625,283.95849609375,83183.5625,20.924100875854492,0.23105123709816022,6.208152916427353,,0,EFU,MST-7,23-MAY-18 13:10:00
783160,2018-07-29T21:00:00+00:00,41.2073,-104.8065,891.875,25.42632293701172,292.685302734375,287.20703125,80958.375,23.19522476196289,0.18869692385793613,1.4185041484896006,0.0,0,EF0,MST-7,29-JUL-18 13:45:00
747526,2018-05-28T23:00:00+00:00,39.69,-103.03,729.875,44.82352066040039,292.33447265625,288.0260009765625,85505.0625,19.88678550720215,0.1414714687485981,13.447481895749391,0.0,0,EF0,MST-7,28-MAY-18 16:00:00
747527,2018-05-28T23:00:00+00:00,40.29,-104.04,577.875,184.65164184570312,292.92626953125,285.1871337890625,85319.0625,22.27252769470215,0.17988856963056207,10.86692428231532,0.0,0,EF0,MST-7,28-MAY-18 16:10:00
737771,2018-03-19T22:00:00+00:00,34.6291,-87.9681,1306.75,1.2813841104507446,292.6630859375,291.6625061035156,97591.375,28.535449981689453,12.72435735044211,24.36423583150632,0.0,0,EF0,CST-6,19-MAR-18 16:05:00
747442,2018-05-21T22:00:00+00:00,35.69,-106.3,158.8125,114.60111999511719,292.419921875,278.550537109375,78899.875,16.441932678222656,0.6490690389534388,3.4251591448271865,0.0,0,EF0,MST-7,21-MAY-18 14:35:00
765352,2018-05-28T23:00:00+00:00,39.5259,-103.0154,58.4375,101.57351684570312,296.42236328125,285.7799072265625,85091.0625,14.968816757202148,0.6325631167936464,8.07288958909001,0.0,0,EF0,MST-7,28-MAY-18 16:00:00
787088,2018-09-25T19:00:00+00:00,41.1559,-91.4563,952.875,37.54666519165039,298.00146484375,290.697021484375,98581.625,42.72915267944336,5.845482971556524,13.954645649590177,1.0,0,EF1,CST-6,25-SEP-18 13:14:00
735027,2018-02-25T03:00:00+00:00,37.0192,-86.9743,62.53125,51.255615234375,290.7099609375,288.819580078125,98657.5,38.215328216552734,22.093279881922868,33.79362812590467,0.0,0,EF0,CST-6,24-FEB-18 21:15:00
797774,2018-12-01T21:00:00+00:00,32.529,-87.364,988.5625,55.26571273803711,294.902099609375,293.37005615234375,99540.8125,35.11021423339844,12.231817488084173,24.44397308444684,0.0,0,EF0,CST-6,01-DEC-18 14:34:00
797779,2018-12-01T22:00:00+00:00,32.6326,-86.7415,986.0,20.593769073486328,293.64453125,293.05218505859375,98615.4375,37.61360549926758,8.677369933168697,20.849320488969997,0.0,0,EF0,CST-6,01-DEC-18 15:49:00
793799,2018-12-31T21:00:00+00:00,38.0935,-86.0869,254.8125,2.529773473739624,290.2606506347656,289.09661865234375,97910.5,43.57035446166992,19.155744655277967,26.699347102666437,1.0,0,EF1,EST-5,31-DEC-18 15:38:00
788131,2018-12-01T20:00:00+00:00,30.4085,-85.7476,1114.5625,0.3092046082019806,294.084228515625,293.6115417480469,100376.75,47.56959533691406,17.479971364127344,16.456925226520294,0.0,0,EF0,CST-6,01-DEC-18 13:47:00
788356,2018-12-03T08:00:00+00:00,30.6087,-83.485,1616.375,4.544396877288818,293.46807861328125,293.22607421875,100766.875,47.06330871582031,14.68682091452927,18.96135361104972,1.0,0,EF1,EST-5,03-DEC-18 02:34:00
747439,2018-05-23T21:00:00+00:00,33.16,-105.24,1702.0,119.71880340576172,300.3115234375,279.5380859375,83127.125,22.266578674316406,0.22250242329438547,6.7158868909052245,0.0,0,EF0,MST-7,23-MAY-18 14:06:00
790672,2018-12-20T14:00:00+00:00,27.4608,-82.2276,159.1875,24.67898941040039,293.65252685546875,292.5693359375,100521.25,51.006473541259766,18.655280978459654,22.971377392432643,0.0,0,EF0,EST-5,20-DEC-18 08:32:00
790673,2018-12-20T14:00:00+00:00,27.8287,-81.6011,90.65625,45.61648941040039,293.54315185546875,292.2265625,100374.25,47.791629791259766,20.464893575854344,29.13527699237873,0.0,0,EF0,EST-5,20-DEC-18 09:14:00
790674,2018-12-20T14:00:00+00:00,27.7532,-81.7702,90.65625,45.61648941040039,293.54315185546875,292.2265625,100374.25,47.791629791259766,20.464893575854344,29.13527699237873,0.0,0,EF0,EST-5,20-DEC-18 08:45:00
788210,2018-12-01T07:00:00+00:00,33.5963,-93.6658,1532.5,34.718788146972656,292.8916015625,292.8876037597656,98947.0,28.848712921142578,19.361947606151404,20.169218993319074,1.0,0,EF1,CST-6,01-DEC-18 01:25:00
798665,2018-12-20T22:00:00+00:00,34.1738,-77.8812,114.28125,23.26616668701172,291.931396484375,290.7073974609375,100325.75,43.623321533203125,17.77817108297647,20.03844373376451,0.0,0,EF0,EST-5,20-DEC-18 17:10:00
737795,2018-03-20T00:00:00+00:00,34.2216,-86.2939,862.125,1.656311273574829,292.58447265625,290.60552978515625,96806.5625,32.745948791503906,12.46437958316067,29.02768384943374,2.0,1,EF2,CST-6,19-MAR-18 18:26:00
765480,2018-05-28T23:00:00+00:00,39.5378,-102.9588,58.4375,101.57351684570312,296.42236328125,285.7799072265625,85091.0625,14.968816757202148,0.6325631167936464,8.07288958909001,0.0,0,EF0,MST-7,28-MAY-18 16:10:00
790675,2018-12-20T17:00:00+00:00,27.007,-82.1342,125.9375,21.422027587890625,295.61669921875,293.0461730957031,100623.5,48.46145248413086,9.008397798448733,12.647672395186042,0.0,0,EF0,EST-5,20-DEC-18 12:28:00
737778,2018-03-19T22:00:00+00:00,34.4988,-87.7476,1711.3125,2.375133991241455,293.1572265625,291.9427795410156,97171.375,30.238574981689453,13.250525359604058,26.034544711456597,1.0,0,EF1,CST-6,19-MAR-18 16:21:00
737797,2018-03-20T00:00:00+00:00,34.9682,-86.2307,823.625,0.4844363331794739,290.76318359375,289.35650634765625,95949.5625,31.968605041503906,10.613187523357276,28.06584602670092,1.0,0,EF1,CST-6,19-MAR-18 17:30:00
747447,2018-05-22T02:00:00+00:00,34.11,-105.52,544.5625,145.0000457763672,290.091552734375,282.0386962890625,81449.125,24.9822998046875,0.17782043989239932,11.050592290769801,0.0,0,EF0,MST-7,21-MAY-18 19:07:00
796554,2018-12-27T12:00:00+00:00,31.1908,-93.5018,851.875,14.265626907348633,290.16705322265625,289.80712890625,99639.5625,41.39252471923828,18.882903343677505,28.9116964614779,1.0,0,EF1,CST-6,27-DEC-18 06:12:00
798658,2018-12-18T22:00:00+00:00,47.507,-122.6395,4.8125,,283.07568359375,280.1240234375,99693.8125,13.052457809448242,14.849276077466977,20.462713574753685,2.0,1,EF2,PST-8,18-DEC-18 13:50:00
788349,2018-12-02T08:00:00+00:00,31.6445,-83.831,1581.625,0.5470404624938965,293.75347900390625,292.91864013671875,99740.9375,45.26427459716797,15.792258556835796,22.297695522011644,1.0,0,EF1,EST-5,02-DEC-18 02:45:00
788350,2018-12-02T14:00:00+00:00,31.339,-83.6184,1275.6875,3.7345731258392334,294.3345947265625,293.73980712890625,99916.3125,41.456417083740234,16.398791577281298,20.99527149415036,0.0,0,EF0,EST-5,02-DEC-18 09:22:00
737775,2018-03-19T22:00:00+00:00,34.5107,-87.8727,1836.0,3.375133991241455,294.0888671875,292.5570373535156,97350.375,30.115528106689453,13.031708071572393,24.378095094732362,1.0,0,EF1,CST-6,19-MAR-18 16:10:00
790217,2018-12-09T17:00:00+00:00,28.5429,-81.2304,427.1875,75.60954284667969,295.7501220703125,293.27947998046875,101129.125,49.06451416015625,16.566127342654614,21.77333386619163,0.0,0,EF0,EST-5,09-DEC-18 11:54:00
792106,2018-03-20T00:00:00+00:00,34.3121,-86.8661,1082.8125,0.3125613331794739,293.22509765625,291.17974853515625,97254.5625,34.978370666503906,12.531637979691443,24.288478176352175,0.0,0,EF0,CST-6,19-MAR-18 17:48:00
737787,2018-03-19T23:00:00+00:00,34.4235,-87.2526,1440.3125,1.7500728368759155,292.78759765625,290.82672119140625,97299.3125,33.88862609863281,12.03015192381532,27.418192867348107,1.0,0,EF1,CST-6,19-MAR-18 17:18:00
747544,2018-05-29T01:00:00+00:00,40.32,-103.73,329.375,27.32820701599121,288.6103515625,285.7050476074219,85942.0,20.087221145629883,0.2685676309395174,14.409549668247369,0.0,0,EF0,MST-7,28-MAY-18 17:32:00
786181,2018-09-17T11:00:00+00:00,35.797,-77.868,9.0,30.683378219604492,297.21875,296.34130859375,101015.25,54.288333892822266,11.089145892928448,9.79744083250466,0.0,0,EF0,EST-5,17-SEP-18 06:06:00
786182,2018-09-17T08:00:00+00:00,35.4707,-77.9517,593.5,0.44489848613739014,297.460693359375,296.40032958984375,101118.9375,61.36110305786133,14.319352621510582,11.048811566113127,0.0,0,EF0,EST-5,17-SEP-18 02:55:00
747535,2018-05-28T23:00:00+00:00,39.65,-102.92,729.875,44.82352066040039,292.33447265625,288.0260009765625,85505.0625,19.88678550720215,0.1414714687485981,13.447481895749391,0.0,0,EF0,MST-7,28-MAY-18 16:11:00
747536,2018-05-28T23:00:00+00:00,39.6,-103.05,101.75,101.80789184570312,294.58349609375,286.3873291015625,84146.0625,15.036199569702148,0.25536596856277394,7.704527095665175,0.0,0,EF0,MST-7,28-MAY-18 16:29:00
747537,2018-05-29T00:00:00+00:00,40.77,-104.23,284.25,46.10960388183594,289.556640625,284.3411560058594,84262.125,21.294750213623047,0.20609168259031477,11.808694745460052,0.0,0,EF0,MST-7,28-MAY-18 16:34:00
747530,2018-05-28T23:00:00+00:00,39.65,-102.92,729.875,44.82352066040039,292.33447265625,288.0260009765625,85505.0625,19.88678550720215,0.1414714687485981,13.447481895749391,0.0,0,EF0,MST-7,28-MAY-18 16:23:00
747539,2018-05-29T00:00:00+00:00,40.62,-104.07,284.25,46.10960388183594,289.556640625,284.3411560058594,84262.125,21.294750213623047,0.20609168259031477,11.808694745460052,0.0,0,EF0,MST-7,28-MAY-18 16:37:00
747541,2018-05-29T00:00:00+00:00,40.29,-104.04,198.125,105.28147888183594,292.12109375,284.1448669433594,85313.125,20.581859588623047,0.14163657039368796,10.702102172960467,0.0,0,EF0,MST-7,28-MAY-18 17:24:00
759466,2018-05-03T02:00:00+00:00,38.9688,-94.4835,1152.75,297.3908996582031,296.182861328125,291.33758544921875,97784.125,42.62008285522461,10.16774989090341,15.09291428171947,0.0,0,EF0,CST-6,02-MAY-18 20:24:00
759472,2018-05-03T02:00:00+00:00,38.8111,-94.5321,1359.875,320.3283996582031,296.135009765625,291.46160888671875,97712.125,43.14645004272461,10.419095650650458,15.424889722696822,0.0,0,EF0,CST-6,02-MAY-18 20:22:00
759470,2018-05-03T00:00:00+00:00,40.0751,-95.3446,414.5,39.30418014526367,293.317138671875,290.2939453125,97540.625,41.60014343261719,4.779689421476329,13.236005312188,0.0,0,EF0,CST-6,02-MAY-18 18:18:00
785021,2018-10-09T21:00:00+00:00,41.8585,-92.4882,896.0,11.625053405761719,295.901123046875,293.352783203125,97616.375,43.34989547729492,8.476032331611629,16.994981282590985,0.0,0,EF0,CST-6,09-OCT-18 15:20:00
785133,2018-10-09T22:00:00+00:00,42.6204,-92.4104,268.5,1.6096506118774414,294.957763671875,293.13525390625,97161.75,45.398807525634766,9.390600944015558,22.482539978795,0.0,0,EF0,CST-6,09-OCT-18 16:21:00
785146,2018-10-09T23:00:00+00:00,41.1984,-94.3208,41.4375,0.7031595706939697,292.916015625,291.581787109375,95992.75,41.7231559753418,13.149215593453295,13.82277172332993,0.0,0,EF0,CST-6,09-OCT-18 16:42:00
783146,2018-07-29T20:00:00+00:00,41.44,-104.35,1039.375,117.3764419555664,295.0341796875,289.359619140625,83951.4375,21.874988555908203,0.0892926530349224,3.011772128702204,0.0,0,EF0,MST-7,29-JUL-18 12:55:00
785936,2018-05-27T22:00:00+00:00,41.4007,-104.8802,547.125,183.28274536132812,293.947265625,286.04046630859375,80689.3125,21.792428970336914,0.2504375610730525,7.512617361683948,,0,EFU,MST-7,27-MAY-18 15:21:00
785022,2018-10-09T21:00:00+00:00,41.8624,-92.4878,896.0,11.625053405761719,295.901123046875,293.352783203125,97616.375,43.34989547729492,8.476032331611629,16.994981282590985,0.0,0,EF0,CST-6,09-OCT-18 15:21:00
785147,2018-10-09T23:00:00+00:00,41.3645,-94.3187,92.3125,0.14065960049629211,292.1533203125,291.274169921875,96151.75,42.6879997253418,13.325788780465187,15.770051285351233,0.0,0,EF0,CST-6,09-OCT-18 16:58:00
783123,2018-07-28T22:00:00+00:00,42.6452,-105.5134,1053.75,153.69149780273438,293.9072265625,286.9462890625,83789.0625,20.340152740478516,0.4408874029511908,13.023958605490655,3.0,1,EF3,MST-7,28-JUL-18 14:50:00
783133,2018-07-29T00:00:00+00:00,41.1965,-103.65,855.375,153.8319091796875,296.5361328125,289.307373046875,85535.375,28.279987335205078,0.24184436805459078,9.429465143435099,0.0,0,EF0,MST-7,28-JUL-18 16:40:00
787590,2018-10-10T23:00:00+00:00,33.7179,-84.4126,555.875,3.515700578689575,297.34814453125,296.080322265625,97192.125,59.376243591308594,8.765724712235727,13.486903274067437,0.0,0,EF0,EST-5,10-OCT-18 17:33:00
785036,2018-10-08T22:00:00+00:00,31.1887,-102.2303,636.8125,31.031282424926758,297.9306640625,291.22314453125,91503.125,32.8375244140625,0.5853122603006715,11.538364203587605,0.0,0,EF0,CST-6,08-OCT-18 16:15:00
783317,2018-06-19T21:00:00+00:00,41.56,-104.98,1420.25,4.656309604644775,291.0859375,284.75244140625,81128.75,23.186172485351562,0.25308837431946946,9.242000580744513,0.0,0,EF0,MST-7,19-JUN-18 13:37:00
783321,2018-06-19T21:00:00+00:00,41.4758,-104.9032,1420.25,4.656309604644775,291.0859375,284.75244140625,81128.75,23.186172485351562,0.25308837431946946,9.242000580744513,0.0,0,EF0,MST-7,19-JUN-18 13:54:00
785019,2018-10-09T21:00:00+00:00,40.7712,-92.879,793.1875,21.62505340576172,296.619873046875,294.029541015625,97270.375,44.16825485229492,8.863088456615271,17.577997679095954,0.0,0,EF0,CST-6,09-OCT-18 14:34:00
785020,2018-10-09T21:00:00+00:00,41.6452,-92.625,855.5625,15.859428405761719,294.547607421875,292.733642578125,97528.375,43.51786422729492,9.21046161446141,17.592838582949014,0.0,0,EF0,CST-6,09-OCT-18 15:14:00
773625,2018-07-26T07:00:00+00:00,42.167,-71.627,253.75,3.578897714614868,295.005859375,294.5732421875,99313.8125,56.94825744628906,14.48158519778471,16.565755190305293,1.0,0,EF1,EST-5,26-JUL-18 01:41:00
778613,2018-10-09T21:00:00+00:00,35.4932,-93.7045,788.5625,62.18755340576172,294.787841796875,293.719970703125,97492.375,45.29520797729492,8.706672688912343,13.94735559976862,1.0,0,EF1,CST-6,09-OCT-18 14:35:00
774397,2018-07-10T22:00:00+00:00,25.99,-80.54,1242.375,74.72404479980469,300.010986328125,296.69921875,101549.625,51.30968475341797,2.088311154454114,1.005702716121532,0.0,0,EF0,EST-5,10-JUL-18 16:47:00
784986,2018-09-20T22:00:00+00:00,43.4368,-94.9144,2120.75,14.875065803527832,296.34716796875,293.59375,95236.4375,49.75138854980469,8.04916616368017,24.397633131331748,0.0,0,EF0,CST-6,20-SEP-18 16:26:00
785145,2018-10-09T22:00:00+00:00,42.6423,-92.412,268.5,1.6096506118774414,294.957763671875,293.13525390625,97161.75,45.398807525634766,9.390600944015558,22.482539978795,0.0,0,EF0,CST-6,09-OCT-18 16:24:00
785903,2018-06-07T00:00:00+00:00,41.469,-105.676,1302.0,589.1094360351562,295.057861328125,282.584716796875,77524.875,15.211750984191895,0.0785124205874706,2.9466325854314337,3.0,1,EF3,MST-7,06-JUN-18 16:43:00
785904,2018-06-07T00:00:00+00:00,41.416,-105.605,1302.0,589.1094360351562,295.057861328125,282.584716796875,77524.875,15.211750984191895,0.0785124205874706,2.9466325854314337,2.0,1,EF2,MST-7,06-JUN-18 16:43:00
795653,2018-07-28T22:00:00+00:00,42.4329,-105.2829,972.125,168.06649780273438,293.44921875,287.2900390625,84020.0625,22.057926177978516,0.3441569974242536,12.535758856432869,,0,EFU,MST-7,28-JUL-18 15:27:00
778614,2018-10-09T21:00:00+00:00,35.5039,-93.7046,788.5625,62.18755340576172,294.787841796875,293.719970703125,97492.375,45.29520797729492,8.706672688912343,13.94735559976862,1.0,0,EF1,CST-6,09-OCT-18 14:37:00
787585,2018-10-10T20:00:00+00:00,32.6525,-84.0267,194.5,28.22918128967285,300.09375,297.049072265625,98733.0,63.52032470703125,16.59390030507499,20.983513376998395,1.0,0,EF1,EST-5,10-OCT-18 14:58:00
784987,2018-10-08T23:00:00+00:00,41.7965,-94.4064,148.6875,3.1749722957611084,293.88330078125,292.870361328125,97058.75,44.63455581665039,6.615827121641341,21.43249703602976,0.0,0,EF0,CST-6,08-OCT-18 17:22:00
795613,2018-05-27T22:00:00+00:00,42.3697,-105.03,397.625,164.90774536132812,296.6025390625,286.50921630859375,84184.3125,23.020944595336914,0.23249309993299577,8.406557949599497,,0,EFU,MST-7,27-MAY-18 15:05:00
795608,2018-05-27T21:00:00+00:00,41.1613,-105.3063,1181.0,225.7189178466797,290.276123046875,282.17333984375,77403.875,14.0126314163208,0.12297836376311146,2.5689413534168644,,0,EFU,MST-7,27-MAY-18 13:43:00
759475,2018-05-03T02:00:00+00:00,38.874,-94.6922,868.125,219.7190399169922,296.046142578125,291.42449951171875,97763.125,42.50582504272461,9.301348814767012,16.53822583531288,1.0,0,EF1,CST-6,02-MAY-18 20:09:00
775346,2018-07-20T20:00:00+00:00,25.7608,-80.3623,1207.625,122.03141784667969,304.82470703125,297.964599609375,101500.5,47.19394302368164,3.5131263778174855,1.2864629364744309,0.0,0,EF0,EST-5,20-JUL-18 15:22:00
784991,2018-10-09T01:00:00+00:00,41.0715,-93.609,350.75,135.5000762939453,295.762451171875,293.03271484375,97450.4375,43.58560562133789,10.403786482297145,18.384248689539138,1.0,0,EF1,CST-6,08-OCT-18 18:53:00
783126,2018-07-28T22:00:00+00:00,42.5681,-105.4325,1243.875,202.78524780273438,292.5380859375,286.4560546875,82128.0625,20.919254302978516,0.2739378631442033,12.98918772292848,1.0,0,EF1,MST-7,28-JUL-18 15:20:00
785128,2018-10-09T22:00:00+00:00,40.7331,-94.4586,88.25,0.5627756714820862,293.715576171875,291.93310546875,96348.75,41.724979400634766,13.398392614481981,13.017521533320785,0.0,0,EF0,CST-6,09-OCT-18 15:35:00
785130,2018-10-09T22:00:00+00:00,41.0281,-94.4204,116.5,0.6252756714820862,293.557373046875,291.96826171875,96111.75,41.857791900634766,12.884467192842205,14.809201764546524,1.0,0,EF1,CST-6,09-OCT-18 16:09:00
784974,2018-09-04T21:00:00+00:00,43.0429,-94.3374,990.75,13.546979904174805,296.578369140625,294.362548828125,97183.25,55.32564926147461,4.649055042108556,18.628687176910347,1.0,0,EF1,CST-6,04-SEP-18 14:35:00
785148,2018-10-09T23:00:00+00:00,41.4046,-94.3143,92.3125,0.14065960049629211,292.1533203125,291.274169921875,96151.75,42.6879997253418,13.325788780465187,15.770051285351233,1.0,0,EF1,CST-6,09-OCT-18 17:03:00
759465,2018-05-03T02:00:00+00:00,38.9945,-94.4735,1152.75,297.3908996582031,296.182861328125,291.33758544921875,97784.125,42.62008285522461,10.16774989090341,15.09291428171947,0.0,0,EF0,CST-6,02-MAY-18 20:26:00
766286,2018-07-05T15:00:00+00:00,26.8911,-80.0563,3281.125,125.71492767333984,302.69189453125,297.455078125,102035.0,50.6019172668457,5.2009991948107315,3.413661612084439,0.0,0,EF0,EST-5,05-JUL-18 09:59:00
795607,2018-05-27T21:00:00+00:00,41.1613,-105.3063,1181.0,225.7189178466797,290.276123046875,282.17333984375,77403.875,14.0126314163208,0.12297836376311146,2.5689413534168644,,0,EFU,MST-7,27-MAY-18 13:43:00
762225,2018-06-29T02:00:00+00:00,45.3753,-104.0813,6377.75,482.9998779296875,301.829833984375,295.5462646484375,88317.875,37.71134948730469,3.160103143190383,13.128625251620582,2.0,1,EF2,MST-7,28-JUN-18 19:06:00
784983,2018-09-15T01:00:00+00:00,35.1454,-77.6619,12.375,65.67198181152344,297.384521484375,296.58209228515625,100493.875,65.53253936767578,23.451769129052373,20.663853861286487,0.0,0,EF0,EST-5,14-SEP-18 20:12:00
784984,2018-09-15T02:00:00+00:00,35.052,-77.5145,101.25,4.247621059417725,297.257568359375,296.46728515625,100541.9375,68.29955291748047,22.408075610104333,22.197538238457295,0.0,0,EF0,EST-5,14-SEP-18 20:40:00
785009,2018-09-15T02:00:00+00:00,34.7704,-77.0973,145.375,15.138246536254883,297.636474609375,296.57080078125,100628.9375,68.35814666748047,18.894636703995847,20.19843879797104,1.0,0,EF1,EST-5,14-SEP-18 21:28:00
761722,2018-06-08T00:00:00+00:00,45.5586,-106.7603,1789.125,351.87890625,297.276611328125,287.21612548828125,87989.4375,23.09090232849121,0.247828474261945,8.939326840712605,1.0,0,EF1,MST-7,07-JUN-18 16:40:00
750950,2018-04-15T22:00:00+00:00,41.0131,-81.5541,10.5,122.01004028320312,288.4697265625,287.11590576171875,96328.5,32.848655700683594,11.949899408911199,19.434106407814095,1.0,0,EF1,EST-5,15-APR-18 17:16:00
785927,2018-05-27T21:00:00+00:00,41.2747,-105.1089,1670.375,108.14079284667969,292.534912109375,283.29736328125,78625.875,15.6444673538208,0.19541209912360805,3.9402424354582193,2.0,1,EF2,MST-7,27-MAY-18 14:20:00
784985,2018-09-15T07:00:00+00:00,34.6243,-77.2362,592.25,21.448965072631836,298.79296875,297.580078125,100661.9375,63.55229568481445,15.54163130343268,15.40274307598431,1.0,0,EF1,EST-5,15-SEP-18 02:00:00
784977,2018-09-13T15:00:00+00:00,35.3998,-76.2894,982.25,97.39976501464844,300.0146484375,297.36932373046875,101242.125,57.38562774658203,17.85826326484034,18.95963094318152,1.0,0,EF1,EST-5,13-SEP-18 10:04:00
784979,2018-09-14T00:00:00+00:00,34.925,-76.806,197.5,,298.013671875,297.185791015625,99860.0625,65.31619262695312,27.64718468027808,25.66848438507443,1.0,0,EF1,EST-5,13-SEP-18 18:51:00
784978,2018-09-13T15:00:00+00:00,35.3215,-76.5837,929.875,84.32164001464844,299.8466796875,297.34686279296875,101113.125,57.87976837158203,18.8944303049823,20.417784632195353,1.0,0,EF1,EST-5,13-SEP-18 10:23:00
760408,2018-07-27T22:00:00+00:00,39.608,-104.215,1320.125,193.8326416015625,298.788818359375,286.623291015625,82917.625,28.5040283203125,0.22512717692874018,2.2991186359010194,1.0,0,EF1,MST-7,27-JUL-18 14:49:00
760409,2018-07-27T22:00:00+00:00,39.407,-104.58,488.125,68.5201416015625,297.101318359375,284.060791015625,81684.625,26.6046142578125,0.17160411382417912,3.8473868018614166,1.0,0,EF1,MST-7,27-JUL-18 14:51:00
760410,2018-07-27T22:00:00+00:00,39.595,-103.968,1399.625,297.0670166015625,299.205810546875,287.155517578125,83615.625,28.6260986328125,0.13522516572203655,2.8153562566910155,1.0,0,EF1,MST-7,27-JUL-18 14:55:00
762270,2018-07-27T22:00:00+00:00,39.7,-103.849,1308.25,157.2388916015625,299.594482421875,287.773681640625,84914.625,28.7706298828125,0.33448218316901057,4.720489537028717,0.0,0,EF0,MST-7,27-JUL-18 15:18:00
762269,2018-07-27T22:00:00+00:00,39.762,-103.94,1308.25,157.2388916015625,299.594482421875,287.773681640625,84914.625,28.7706298828125,0.33448218316901057,4.720489537028717,0.0,0,EF0,MST-7,27-JUL-18 15:06:00
784981,2018-09-14T16:00:00+00:00,34.7925,-76.4652,390.25,52.72053146362305,300.109130859375,297.8017578125,100496.75,63.77849578857422,15.324056836773567,11.682391992125789,1.0,0,EF1,EST-5,14-SEP-18 10:58:00
784982,2018-09-14T17:00:00+00:00,34.7745,-76.5536,417.75,27.453205108642578,299.497802734375,297.848876953125,100389.75,65.93833923339844,16.649884804420097,14.655765770290802,1.0,0,EF1,EST-5,14-SEP-18 12:12:00
784980,2018-09-14T15:00:00+00:00,34.8524,-76.5645,190.875,40.23929214477539,299.485107421875,297.78582763671875,100073.875,64.0189437866211,18.419209086442894,18.136014522713644,1.0,0,EF1,EST-5,14-SEP-18 09:57:00
765477,2018-07-17T20:00:00+00:00,41.8986,-72.1347,1407.875,20.093774795532227,295.27685546875,294.087890625,98780.9375,54.914485931396484,8.049512731585407,10.927680982373282,0.0,0,EF0,EST-5,17-JUL-18 15:00:00
762213,2018-06-29T01:00:00+00:00,45.3219,-104.4806,5760.875,906.5189208984375,302.840576171875,294.7464294433594,88156.625,36.67870330810547,2.678570150383045,16.780439464394295,0.0,0,EF0,MST-7,28-JUN-18 18:17:00
762224,2018-06-29T02:00:00+00:00,45.3675,-104.0981,6377.75,482.9998779296875,301.829833984375,295.5462646484375,88317.875,37.71134948730469,3.160103143190383,13.128625251620582,0.0,0,EF0,MST-7,28-JUN-18 19:01:00
762223,2018-06-29T02:00:00+00:00,45.3503,-104.2066,6491.25,637.3592529296875,302.023193359375,295.4681396484375,88304.875,34.37834167480469,3.4779804097278006,14.579634232485121,0.0,0,EF0,MST-7,28-JUN-18 18:44:00
798599,2018-07-27T22:00:00+00:00,39.74,-103.92,1308.25,157.2388916015625,299.594482421875,287.773681640625,84914.625,28.7706298828125,0.33448218316901057,4.720489537028717,0.0,0,EF0,MST-7,27-JUL-18 15:10:00
780519,2018-10-13T22:00:00+00:00,32.1707,-94.5491,325.0,49.93760299682617,296.853515625,294.520263671875,99305.0,47.552127838134766,15.386267917088329,20.466357183975752,0.0,0,EF0,CST-6,13-OCT-18 16:19:00
787093,2018-10-23T20:00:00+00:00,42.339,-72.2267,144.0625,6.593791961669922,285.313232421875,282.186767578125,98723.9375,13.718027114868164,8.87277481753517,15.739011456122599,1.0,0,EF1,EST-5,23-OCT-18 15:03:00
789383,2018-10-11T03:00:00+00:00,33.2505,-80.8285,921.25,6.37515926361084,299.325927734375,297.96044921875,100105.1875,59.63275146484375,16.96375614586913,19.227461727816213,0.0,0,EF0,EST-5,10-OCT-18 22:17:00
789386,2018-10-11T03:00:00+00:00,33.3314,-80.8457,921.25,6.37515926361084,299.325927734375,297.96044921875,100105.1875,59.63275146484375,16.96375614586913,19.227461727816213,0.0,0,EF0,EST-5,10-OCT-18 22:28:00
789514,2018-10-29T23:00:00+00:00,44.7348,-122.9666,232.0625,29.421937942504883,287.446533203125,283.299072265625,100243.3125,15.38759708404541,5.457604175153415,8.955199818735565,0.0,0,EF0,PST-8,29-OCT-18 14:30:00
785295,2018-11-01T05:00:00+00:00,31.5448,-92.2966,265.8125,40.69826126098633,293.906982421875,293.65008544921875,100060.4375,53.8330192565918,17.172612854652723,16.631418644293035,2.0,1,EF2,CST-6,31-OCT-18 23:00:00
790193,2018-10-09T14:00:00+00:00,35.301,-97.324,733.875,1.7500154972076416,291.588134765625,291.47412109375,96446.5,42.96266174316406,11.296646939218162,12.832880742352044,1.0,0,EF1,CST-6,09-OCT-18 07:31:00
790209,2018-10-09T15:00:00+00:00,35.48,-96.687,1079.0,1.4000413417816162,293.132080078125,292.154541015625,97428.3125,46.366615295410156,11.00616698618991,14.27334032449916,0.0,0,EF0,CST-6,09-OCT-18 08:37:00
790184,2018-10-09T13:00:00+00:00,35.493,-97.491,264.125,0.2687966525554657,292.534423828125,292.150634765625,96428.875,40.860939025878906,12.72439988126506,17.914463945521607,0.0,0,EF0,CST-6,09-OCT-18 07:24:00
790175,2018-10-07T21:00:00+00:00,34.6191,-98.9998,2386.0,8.968758583068848,297.68505859375,293.280517578125,95846.8125,45.694549560546875,6.467822087704691,12.560839016145545,0.0,0,EF0,CST-6,07-OCT-18 15:22:00
764425,2018-07-29T23:00:00+00:00,40.28,-103.61,1225.375,203.2656707763672,296.825439453125,288.897705078125,86725.375,29.67527198791504,0.4359084823035519,18.287787260703137,1.0,0,EF1,MST-7,29-JUL-18 15:53:00
785229,2018-10-31T22:00:00+00:00,37.7268,-85.9759,288.625,0.11957691609859467,290.68310546875,290.380859375,98644.625,38.36296844482422,12.794671930576156,15.245692659984254,1.0,0,EF1,EST-5,31-OCT-18 16:39:00
790513,2018-10-11T21:00:00+00:00,37.1853,-78.1795,306.25,,296.136474609375,295.6181640625,98013.4375,68.66095733642578,15.777199745443365,20.033581973357403,1.0,0,EF1,EST-5,11-OCT-18 16:10:00
790529,2018-10-11T21:00:00+00:00,37.2382,-77.8593,367.5,,296.293701171875,295.6904296875,98327.4375,68.82111358642578,16.15852010532125,21.235115566513493,2.0,1,EF2,EST-5,11-OCT-18 16:27:00
790531,2018-10-11T23:00:00+00:00,37.3822,-76.9038,116.875,4.640707969665527,297.725341796875,296.496337890625,99184.875,62.650577545166016,19.096860918169305,16.76038336308477,0.0,0,EF0,EST-5,11-OCT-18 18:02:00
790532,2018-10-11T23:00:00+00:00,37.2574,-76.4343,63.875,53.875083923339844,298.781982421875,296.806884765625,99268.875,61.445499420166016,18.777201106357726,11.98872343444718,0.0,0,EF0,EST-5,11-OCT-18 18:22:00
787027,2018-10-29T14:00:00+00:00,41.533,-70.6639,150.6875,,286.115478515625,284.309814453125,100530.4375,18.17304039001465,6.651758162614536,13.173015291741002,0.0,0,EF0,EST-5,29-OCT-18 08:58:00
789391,2018-10-11T08:00:00+00:00,33.8058,-80.6386,627.125,58.062713623046875,299.537353515625,298.06689453125,99357.25,61.78324890136719,20.57991475862768,23.18515920174349,0.0,0,EF0,EST-5,11-OCT-18 03:22:00
790533,2018-10-11T23:00:00+00:00,37.3529,-76.7703,108.0,18.15633201599121,298.076904296875,296.418212890625,99120.875,65.81658935546875,20.226251841845624,15.24750018506245,1.0,0,EF1,EST-5,11-OCT-18 18:23:00
790534,2018-10-12T00:00:00+00:00,37.5235,-76.6093,364.9375,2.89066743850708,297.525634765625,296.44580078125,99029.9375,69.33133697509766,15.94759441887676,15.930831382400452,0.0,0,EF0,EST-5,11-OCT-18 18:47:00
790535,2018-10-12T00:00:00+00:00,37.7224,-76.7115,268.0625,0.7969175577163696,297.152587890625,296.07470703125,99218.9375,62.16727066040039,17.133890833651623,15.89351824896894,0.0,0,EF0,EST-5,11-OCT-18 19:13:00
789508,2018-10-28T22:00:00+00:00,45.5893,-122.6772,452.25,,287.27978515625,283.5068359375,99918.375,16.179771423339844,8.94960150965051,14.74454665957294,0.0,0,EF0,PST-8,28-OCT-18 13:57:00
777914,2018-10-02T21:00:00+00:00,41.1363,-73.5031,430.875,59.95329666137695,294.2646484375,292.0068359375,100554.875,43.11962127685547,11.274881548648354,13.115974569756537,1.0,0,EF1,EST-5,02-OCT-18 16:29:00
777913,2018-10-03T03:00:00+00:00,40.8221,-73.1446,807.8125,14.765727996826172,293.22802734375,291.875244140625,101454.0,47.43400955200195,12.45971375477622,13.203608273730666,0.0,0,EF0,EST-5,02-OCT-18 22:20:00
789387,2018-10-11T04:00:00+00:00,33.5016,-80.8805,896.5,34.15243148803711,299.285888671875,297.82177734375,99778.6875,59.084205627441406,16.297972949285764,19.782068148232444,0.0,0,EF0,EST-5,10-OCT-18 22:48:00
789590,2018-10-29T12:00:00+00:00,41.4107,-71.8688,98.5,22.407081604003906,284.492431640625,283.71337890625,99696.625,18.06106185913086,9.807999738528732,15.863734627602218,0.0,0,EF0,EST-5,29-OCT-18 06:58:00
788306,2018-10-13T18:00:00+00:00,32.4282,-96.8961,773.125,4.375054836273193,293.375,293.121337890625,98578.1875,51.448890686035156,15.499430684646287,19.83244222094531,0.0,0,EF0,CST-6,13-OCT-18 11:47:00
788309,2018-10-13T18:00:00+00:00,31.9523,-97.1283,1226.375,54.37505340576172,294.556640625,293.660400390625,98561.1875,51.152992248535156,14.075757853018203,16.654050416859157,0.0,0,EF0,CST-6,13-OCT-18 11:52:00
789815,2018-11-01T05:00:00+00:00,30.1411,-93.4728,616.9375,1.8545117378234863,294.489013671875,294.31512451171875,100407.4375,57.5244255065918,17.32260093406431,24.712439716299354,1.0,0,EF1,CST-6,31-OCT-18 22:50:00
789816,2018-11-01T05:00:00+00:00,30.1755,-93.2231,487.0625,1.6045117378234863,294.666748046875,294.34246826171875,100408.4375,59.2031364440918,16.263256994679324,24.471100901525293,1.0,0,EF1,CST-6,31-OCT-18 23:15:00
789818,2018-11-01T06:00:00+00:00,30.1758,-93.0467,757.875,0.29702287912368774,293.617919921875,293.5711669921875,100433.25,55.06604766845703,13.418427495162097,20.899976881134737,1.0,0,EF1,CST-6,31-OCT-18 23:30:00
778619,2018-10-08T21:00:00+00:00,39.8453,-95.6301,663.375,39.29693603515625,297.1787109375,294.08349609375,96991.8125,45.38267517089844,10.10397291355077,19.18984797006175,0.0,0,EF0,CST-6,08-OCT-18 15:19:00
788310,2018-10-13T18:00:00+00:00,31.9641,-97.0938,1226.375,54.37505340576172,294.556640625,293.660400390625,98561.1875,51.152992248535156,14.075757853018203,16.654050416859157,1.0,0,EF1,CST-6,13-OCT-18 12:02:00
777900,2018-10-02T20:00:00+00:00,41.2389,-74.0499,603.375,25.218761444091797,295.419189453125,291.541748046875,99426.9375,41.899261474609375,9.588782804496217,14.558307083855414,1.0,0,EF1,EST-5,02-OCT-18 15:14:00
777908,2018-10-02T21:00:00+00:00,41.2023,-73.8108,604.875,10.031423568725586,294.82421875,292.1484375,99835.875,43.49755096435547,10.922297519371927,14.446939206441165,1.0,0,EF1,EST-5,02-OCT-18 15:44:00
789511,2018-10-29T21:00:00+00:00,45.5586,-123.1386,348.875,4.140625476837158,285.382568359375,283.6943664550781,98970.875,13.91047191619873,8.173493396579843,8.168421819229275,0.0,0,EF0,PST-8,29-OCT-18 13:17:00
789819,2018-11-01T03:00:00+00:00,30.7193,-93.2022,720.25,54.68978500366211,294.237548828125,293.8829650878906,100222.5,51.04389572143555,15.146999166761612,18.761086885162765,1.0,0,EF1,CST-6,31-OCT-18 20:40:00
789821,2018-11-01T05:00:00+00:00,30.8151,-93.1132,205.9375,8.385762214660645,293.890380859375,293.86395263671875,100019.4375,58.6211051940918,12.220246018096658,18.889958966136884,1.0,0,EF1,CST-6,31-OCT-18 22:43:00
789829,2018-11-01T05:00:00+00:00,30.7914,-92.6606,138.9375,43.65138626098633,294.089599609375,294.07098388671875,100096.4375,58.0576286315918,17.64481160319896,21.538246156096324,2.0,1,EF2,CST-6,31-OCT-18 23:17:00
789830,2018-11-01T05:00:00+00:00,30.8295,-92.5982,138.9375,43.65138626098633,294.089599609375,294.07098388671875,100096.4375,58.0576286315918,17.64481160319896,21.538246156096324,2.0,1,EF2,CST-6,31-OCT-18 23:23:00
789831,2018-11-01T06:00:00+00:00,30.9874,-92.264,154.25,18.06264877319336,293.283935546875,293.1160888671875,100101.25,57.20178985595703,17.41892850886693,27.20662348306581,2.0,1,EF2,CST-6,31-OCT-18 23:50:00
789832,2018-11-01T06:00:00+00:00,31.0081,-92.2183,154.25,18.06264877319336,293.283935546875,293.1160888671875,100101.25,57.20178985595703,17.41892850886693,27.20662348306581,2.0,1,EF2,CST-6,31-OCT-18 23:54:00
789833,2018-11-01T05:00:00+00:00,30.7091,-93.1008,205.9375,8.385762214660645,293.890380859375,293.86395263671875,100019.4375,58.6211051940918,12.220246018096658,18.889958966136884,1.0,0,EF1,CST-6,31-OCT-18 22:43:00
789834,2018-11-01T05:00:00+00:00,30.7388,-92.9772,191.5625,27.120136260986328,293.989013671875,293.96356201171875,100036.4375,59.3505973815918,15.53804008735427,20.550959396061657,1.0,0,EF1,CST-6,31-OCT-18 22:51:00
790136,2018-11-01T01:00:00+00:00,30.3585,-94.0958,1319.8125,21.97876739501953,295.9033203125,294.73040771484375,100535.625,52.42778015136719,15.037582970497088,15.290698197113578,0.0,0,EF0,CST-6,31-OCT-18 18:47:00
790137,2018-11-01T01:00:00+00:00,30.3588,-94.0947,1319.8125,21.97876739501953,295.9033203125,294.73040771484375,100535.625,52.42778015136719,15.037582970497088,15.290698197113578,1.0,0,EF1,CST-6,31-OCT-18 18:48:00
790138,2018-11-01T01:00:00+00:00,30.4032,-93.9711,933.8125,32.61939239501953,295.361328125,294.30853271484375,100433.625,50.50785827636719,14.644640097733962,15.607870489711502,0.0,0,EF0,CST-6,31-OCT-18 19:01:00
789522,2018-10-13T19:00:00+00:00,32.0451,-96.5944,1506.625,4.328182220458984,295.093505859375,293.6044921875,98896.0625,52.158302307128906,17.059264324726893,18.048841474440117,0.0,0,EF0,CST-6,13-OCT-18 12:50:00
788312,2018-10-13T18:00:00+00:00,32.0181,-96.9781,1119.0625,8.625054359436035,295.0751953125,293.864501953125,98735.1875,52.088539123535156,16.309217595918227,18.672412261247757,0.0,0,EF0,CST-6,13-OCT-18 12:13:00
778520,2018-10-07T20:00:00+00:00,34.61,-102.39,1646.375,26.375001907348633,291.791015625,290.193115234375,87773.9375,29.864425659179688,0.4153059253167148,11.846102021097813,,0,EFU,CST-6,07-OCT-18 13:31:00
782527,2018-10-28T22:00:00+00:00,39.4155,-82.2582,409.3125,,282.71240234375,282.0751953125,97039.375,13.32820987701416,13.399701425707503,20.259547739146754,0.0,0,EF0,EST-5,28-OCT-18 17:10:00
789835,2018-11-01T05:00:00+00:00,30.9198,-92.7315,122.375,47.54201126098633,293.855224609375,293.82391357421875,99936.4375,57.4443473815918,16.209174589346627,17.466690600860282,1.0,0,EF1,CST-6,31-OCT-18 23:10:00
789836,2018-11-01T05:00:00+00:00,30.9883,-92.6279,122.375,47.54201126098633,293.855224609375,293.82391357421875,99936.4375,57.4443473815918,16.209174589346627,17.466690600860282,1.0,0,EF1,CST-6,31-OCT-18 23:22:00
790135,2018-11-01T04:00:00+00:00,30.6066,-93.3325,784.0,57.20685577392578,294.766357421875,294.41094970703125,100272.5,59.672325134277344,14.312951862193374,18.11795447996078,1.0,0,EF1,CST-6,31-OCT-18 22:27:00
790203,2018-10-09T14:00:00+00:00,35.491,-97.264,776.75,0.8593905568122864,292.093994140625,291.77880859375,96753.5,43.16188049316406,12.353766787184679,14.971225766370539,0.0,0,EF0,CST-6,09-OCT-18 07:42:00
790195,2018-10-09T14:00:00+00:00,35.592,-97.436,656.0,11.421890258789062,291.682861328125,291.52880859375,96405.5,42.57398986816406,11.24473056726966,13.625932111092107,0.0,0,EF0,CST-6,09-OCT-18 07:33:00
790191,2018-10-09T14:00:00+00:00,35.206,-97.301,733.875,1.7500154972076416,291.588134765625,291.47412109375,96446.5,42.96266174316406,11.296646939218162,12.832880742352044,0.0,0,EF0,CST-6,09-OCT-18 07:30:00
790186,2018-10-09T13:00:00+00:00,35.433,-97.404,264.125,0.2687966525554657,292.534423828125,292.150634765625,96428.875,40.860939025878906,12.72439988126506,17.914463945521607,1.0,0,EF1,CST-6,09-OCT-18 07:28:00
790003,2018-10-21T21:00:00+00:00,35.1,-110.97,407.3125,286.53533935546875,292.806884765625,284.471923828125,83939.8125,17.100507736206055,0.8018356139387007,12.841422600720376,0.0,0,EF0,MST-7,21-OCT-18 14:06:00
790231,2018-10-09T20:00:00+00:00,39.4852,-94.0184,290.625,95.43771362304688,297.09765625,294.866943359375,97532.9375,46.88447570800781,12.42707443675725,17.83158744085985,0.0,0,EF0,CST-6,09-OCT-18 13:58:00
790232,2018-10-09T20:00:00+00:00,39.525,-94.0161,290.625,95.43771362304688,297.09765625,294.866943359375,97532.9375,46.88447570800781,12.42707443675725,17.83158744085985,0.0,0,EF0,CST-6,09-OCT-18 14:00:00
790702,2018-10-20T18:00:00+00:00,42.8061,-78.76,40.4375,,282.595458984375,277.634521484375,96657.375,11.859691619873047,5.727531217914959,10.785623531692169,0.0,0,EF0,EST-5,20-OCT-18 12:47:00
786594,2018-10-04T03:00:00+00:00,42.1156,-91.0731,237.25,,296.908447265625,294.6123046875,97292.3125,43.63151931762695,12.46734399909556,12.769512014014092,0.0,0,EF0,CST-6,03-OCT-18 20:59:00
786587,2018-10-09T21:00:00+00:00,41.9,-92.08,1066.875,16.54692840576172,296.063232421875,293.379150390625,97691.375,43.10575485229492,8.81738674795171,17.796823168693855,0.0,0,EF0,CST-6,09-OCT-18 14:48:00
790139,2018-11-01T01:00:00+00:00,30.4303,-93.9111,933.8125,32.61939239501953,295.361328125,294.30853271484375,100433.625,50.50785827636719,14.644640097733962,15.607870489711502,1.0,0,EF1,CST-6,31-OCT-18 19:10:00
790140,2018-11-01T01:00:00+00:00,30.449,-93.8886,933.8125,32.61939239501953,295.361328125,294.30853271484375,100433.625,50.50785827636719,14.644640097733962,15.607870489711502,1.0,0,EF1,CST-6,31-OCT-18 19:13:00
787004,2018-10-02T22:00:00+00:00,41.7612,-72.1966,101.125,25.968812942504883,292.6240234375,291.318115234375,100075.625,42.93639373779297,12.565495588754883,17.53114491189297,0.0,0,EF0,EST-5,02-OCT-18 17:12:00
790233,2018-10-09T21:00:00+00:00,40.2414,-93.6386,860.9375,20.57817840576172,296.244873046875,294.062744140625,97334.375,46.57059860229492,11.005438294962474,17.646590419048813,0.0,0,EF0,CST-6,09-OCT-18 15:17:00
790267,2018-11-01T05:00:00+00:00,31.1978,-92.5794,253.25,41.41701126098633,293.760498046875,293.69696044921875,99955.4375,56.2548942565918,15.253961635311708,14.001682998873632,1.0,0,EF1,CST-6,31-OCT-18 23:25:00
788313,2018-10-13T21:00:00+00:00,31.4927,-96.1307,1606.75,4.984396934509277,296.690185546875,294.1513671875,99154.1875,54.079063415527344,16.160580797504178,17.994267168072444,0.0,0,EF0,CST-6,13-OCT-18 15:03:00
789548,2018-10-29T12:00:00+00:00,41.2548,-71.9983,127.25,28.547706604003906,285.825439453125,284.38232421875,100368.625,18.06203842163086,5.159217163821749,11.777477128515873,1.0,0,EF1,EST-5,29-OCT-18 06:35:00
790272,2018-11-01T04:00:00+00:00,31.247,-92.4784,307.0,103.56623077392578,294.819091796875,294.25372314453125,100261.5,47.829551696777344,17.790567114979666,19.971921627116103,2.0,1,EF2,CST-6,31-OCT-18 22:29:00
790276,2018-11-01T05:00:00+00:00,30.0456,-93.2328,862.4375,6.682636737823486,295.434326171875,294.80633544921875,100530.4375,57.6670036315918,15.970389925417523,21.1329972323696,0.0,0,EF0,CST-6,31-OCT-18 23:16:00
777955,2018-10-04T00:00:00+00:00,44.9865,-89.0458,2377.6875,0.344425231218338,295.50244140625,293.6357421875,95080.1875,48.737831115722656,15.113956518433342,22.41317325415731,0.0,0,EF0,CST-6,03-OCT-18 18:08:00
790176,2018-10-07T22:00:00+00:00,34.904,-98.6623,702.6875,29.29704475402832,297.127685546875,295.425537109375,95724.5,47.56672668457031,8.708009559692412,13.852182878877468,0.0,0,EF0,CST-6,07-OCT-18 16:10:00
790183,2018-10-09T13:00:00+00:00,33.932,-97.125,960.125,0.3625466525554657,294.765869140625,293.877197265625,97787.875,45.181251525878906,12.233594101716122,14.805748207680224,1.0,0,EF1,CST-6,09-OCT-18 06:58:00
778823,2018-10-02T19:00:00+00:00,41.7276,-80.0345,640.0,2.256525993347168,292.545166015625,292.340576171875,96495.0625,35.709983825683594,9.265924646157474,16.869787503736063,1.0,0,EF1,EST-5,02-OCT-18 14:05:00
778821,2018-10-02T19:00:00+00:00,41.7531,-80.3561,694.625,1.0221511125564575,293.049072265625,292.717529296875,97669.0625,37.640647888183594,10.292027159895834,17.1315042451913,2.0,1,EF2,EST-5,02-OCT-18 13:33:00
789523,2018-10-13T19:00:00+00:00,32.0394,-96.2368,1457.125,16.906307220458984,294.862060546875,293.6884765625,99468.0625,56.084083557128906,16.19029897540907,20.5889754232718,0.0,0,EF0,CST-6,13-OCT-18 13:13:00
790229,2018-10-08T23:00:00+00:00,40.4605,-94.9081,817.4375,58.48747253417969,295.80419921875,293.851806640625,97241.75,48.48416519165039,8.507924551881215,19.276888102494336,0.0,0,EF0,CST-6,08-OCT-18 16:54:00
790230,2018-10-08T23:00:00+00:00,40.3515,-93.2249,312.1875,104.37809753417969,297.30419921875,294.853759765625,97933.75,39.49979019165039,8.202796725610423,17.717252425031976,0.0,0,EF0,CST-6,08-OCT-18 17:02:00
790301,2018-10-02T22:00:00+00:00,41.317,-75.6767,556.5,48.906314849853516,293.74609375,292.197021484375,96257.625,39.79576873779297,10.258021210950602,16.585119839981786,0.0,0,EF0,EST-5,02-OCT-18 17:01:00
778822,2018-10-02T20:00:00+00:00,41.692,-79.8419,585.75,1.6875110864639282,292.603759765625,292.248779296875,96461.9375,35.641448974609375,10.157898633289978,17.16082920675319,1.0,0,EF1,EST-5,02-OCT-18 14:32:00
790303,2018-10-02T22:00:00+00:00,41.3106,-75.6243,556.5,48.906314849853516,293.74609375,292.197021484375,96257.625,39.79576873779297,10.258021210950602,16.585119839981786,0.0,0,EF0,EST-5,02-OCT-18 17:11:00
779362,2018-10-02T21:00:00+00:00,41.545,-77.1782,382.6875,61.92204666137695,293.90234375,293.232421875,96012.875,33.66161346435547,10.330902956187376,16.172546976542034,2.0,1,EF2,EST-5,02-OCT-18 16:03:00
779390,2018-10-02T21:00:00+00:00,41.33,-78.6298,656.4375,1.2501733303070068,293.4033203125,293.3798828125,95524.875,35.57469940185547,9.636321616221982,14.518986661371976,0.0,0,EF0,EST-5,02-OCT-18 16:05:00
779363,2018-10-02T20:00:00+00:00,41.9347,-79.4407,537.25,0.4218861162662506,291.839111328125,291.690185546875,95792.9375,34.130706787109375,10.185673360426705,17.97308065070586,1.0,0,EF1,EST-5,02-OCT-18 14:43:00
788725,2018-10-02T21:00:00+00:00,41.166,-79.121,755.0625,0.8126733303070068,294.2626953125,294.1376953125,96188.875,37.32567596435547,9.89842916021825,14.756130176880788,0.0,0,EF0,EST-5,02-OCT-18 16:03:00
788726,2018-10-02T21:00:00+00:00,39.945,-80.396,844.4375,15.375173568725586,296.7021484375,295.6435546875,97617.875,38.70458221435547,10.864235187359663,14.18250746435104,1.0,0,EF1,EST-5,02-OCT-18 16:26:00
788728,2018-10-02T22:00:00+00:00,41.142,-79.168,773.375,1.046938419342041,293.12890625,292.269287109375,96174.625,36.89537811279297,11.32699205696679,17.41645716946598,2.0,1,EF2,EST-5,02-OCT-18 16:33:00
788731,2018-10-02T22:00:00+00:00,40.244,-79.53,994.375,11.4688138961792,293.9912109375,292.883544921875,96526.625,39.60045623779297,10.407878388806672,16.016343577627246,1.0,0,EF1,EST-5,02-OCT-18 16:37:00
788735,2018-10-02T22:00:00+00:00,40.143,-79.399,994.375,11.4688138961792,293.9912109375,292.883544921875,96526.625,39.60045623779297,10.407878388806672,16.016343577627246,2.0,1,EF2,EST-5,02-OCT-18 16:55:00
788733,2018-10-02T22:00:00+00:00,40.211,-79.56,1254.5,17.796937942504883,294.50390625,293.370849609375,97475.625,40.68541717529297,10.861204830800297,16.22721383756549,0.0,0,EF0,EST-5,02-OCT-18 16:38:00
764423,2018-07-29T23:00:00+00:00,40.27,-103.62,1225.375,203.2656707763672,296.825439453125,288.897705078125,86725.375,29.67527198791504,0.4359084823035519,18.287787260703137,2.0,1,EF2,MST-7,29-JUL-18 15:49:00
790177,2018-10-07T23:00:00+00:00,34.501,-97.166,883.375,37.35950469970703,296.400634765625,294.322509765625,97441.1875,43.851139068603516,6.862933860414938,14.499058704945996,0.0,0,EF0,CST-6,07-OCT-18 16:38:00
778521,2018-10-08T22:00:00+00:00,33.205,-102.3703,33.875,,294.3515625,287.54736328125,88962.125,22.8863525390625,0.0865359823625535,9.56324052099486,,0,EFU,CST-6,08-OCT-18 16:02:00
790178,2018-10-07T23:00:00+00:00,34.507,-97.16,883.375,37.35950469970703,296.400634765625,294.322509765625,97441.1875,43.851139068603516,6.862933860414938,14.499058704945996,0.0,0,EF0,CST-6,07-OCT-18 16:39:00
785261,2018-11-01T00:00:00+00:00,31.8025,-94.8477,131.1875,111.8236312866211,294.369873046875,293.3563537597656,99282.9375,49.601619720458984,15.29628853307775,17.272190318584965,1.0,0,EF1,CST-6,31-OCT-18 17:48:00
791187,2018-10-08T01:00:00+00:00,36.569,-96.7083,665.125,156.75021362304688,295.08544921875,293.7412109375,97817.9375,45.67219161987305,9.3800124082527,19.73241755474694,0.0,0,EF0,CST-6,07-OCT-18 18:46:00
787081,2018-10-23T20:00:00+00:00,41.9628,-71.1987,84.1875,,286.556396484375,283.808837890625,100786.9375,17.028573989868164,10.823965122696764,16.192178540487685,1.0,0,EF1,EST-5,23-OCT-18 15:13:00
787099,2018-10-23T20:00:00+00:00,42.4763,-71.9972,91.4375,,284.615966796875,282.371337890625,98535.9375,13.622323989868164,7.902957117024773,13.714778821940815,0.0,0,EF0,EST-5,23-OCT-18 15:26:00
787064,2018-10-23T20:00:00+00:00,41.8674,-71.468,93.375,,286.480224609375,283.812744140625,100332.9375,15.850839614868164,10.341023852768544,15.940955616572428,1.0,0,EF1,EST-5,23-OCT-18 14:31:00
785294,2018-11-01T05:00:00+00:00,31.4495,-92.3464,265.8125,40.69826126098633,293.906982421875,293.65008544921875,100060.4375,53.8330192565918,17.172612854652723,16.631418644293035,2.0,1,EF2,CST-6,31-OCT-18 22:52:00
786096,2018-11-06T04:00:00+00:00,37.1589,-86.1549,69.9375,5.687632083892822,290.74462890625,289.8121337890625,98077.75,40.902740478515625,21.02003783812414,32.185093110144635,0.0,0,EF0,CST-6,05-NOV-18 21:53:00
791672,2018-12-01T05:00:00+00:00,35.4601,-94.3993,1269.6875,5.593826770782471,290.006103515625,289.035400390625,97178.125,27.974994659423828,17.29578494819479,22.6224122679001,2.0,1,EF2,CST-6,30-NOV-18 23:09:00
790551,2018-11-06T05:00:00+00:00,34.4039,-88.5193,1035.875,56.312599182128906,294.06201171875,292.946044921875,99118.625,44.019630432128906,20.66364306276597,28.996924737668095,1.0,0,EF1,CST-6,05-NOV-18 23:19:00
791657,2018-12-01T03:00:00+00:00,35.4606,-95.113,846.3125,4.92189359664917,290.605712890625,289.2490234375,97685.875,34.108856201171875,16.87774872813892,21.18899956283729,0.0,0,EF0,CST-6,30-NOV-18 21:28:00
791661,2018-12-01T04:00:00+00:00,35.4816,-95.0932,1110.125,4.734436988830566,289.650634765625,288.494873046875,97600.8125,27.68648910522461,19.28373030727547,22.693873817330168,1.0,0,EF1,CST-6,30-NOV-18 21:30:00
791663,2018-12-01T04:00:00+00:00,36.3141,-96.0409,1037.8125,19.609437942504883,287.436767578125,286.346435546875,96805.8125,23.30465316772461,15.674139542709899,21.852236249079624,0.0,0,EF0,CST-6,30-NOV-18 21:36:00
791687,2018-12-01T04:00:00+00:00,35.6064,-94.9933,931.625,0.9531872272491455,289.647705078125,288.571044921875,97378.8125,30.13863754272461,16.7365581463553,22.034056514098044,1.0,0,EF1,CST-6,30-NOV-18 21:43:00
791699,2018-12-01T04:00:00+00:00,35.8902,-94.8073,696.8125,1.0156872272491455,289.094970703125,288.064208984375,96483.8125,31.67086410522461,18.21849299796286,20.78488216717824,1.0,0,EF1,CST-6,30-NOV-18 22:13:00
791700,2018-12-01T04:00:00+00:00,35.9009,-94.8001,696.8125,1.0156872272491455,289.094970703125,288.064208984375,96483.8125,31.67086410522461,18.21849299796286,20.78488216717824,1.0,0,EF1,CST-6,30-NOV-18 22:14:00
786098,2018-11-06T05:00:00+00:00,37.1787,-85.3239,60.6875,0.29697537422180176,290.29345703125,289.028076171875,97620.625,38.062599182128906,21.659149351545526,31.286272319810934,1.0,0,EF1,CST-6,05-NOV-18 22:52:00
791906,2018-11-06T00:00:00+00:00,30.6831,-86.5678,818.5625,103.87508392333984,296.310302734375,295.361083984375,100794.5,43.82815170288086,8.447661755869994,10.837949274421833,0.0,0,EF0,CST-6,05-NOV-18 18:15:00
793451,2018-11-06T08:00:00+00:00,33.5583,-88.0453,1325.25,0.06250090897083282,296.151611328125,294.5660705566406,99864.25,48.686866760253906,16.859602071250034,20.96182326060677,1.0,0,EF1,CST-6,06-NOV-18 02:17:00
788946,2018-11-02T23:00:00+00:00,36.8222,-78.8417,5.5625,19.046939849853516,293.1962890625,291.528076171875,98641.9375,34.99517822265625,18.653448439671564,25.250329155404867,2.0,1,EF2,EST-5,02-NOV-18 18:14:00
783841,2018-11-01T09:00:00+00:00,30.7601,-89.9292,524.875,1.9666193723678589,294.665771484375,293.875,99857.4375,49.30947494506836,20.52294603233562,24.57148976322482,2.0,1,EF2,CST-6,01-NOV-18 02:35:00
783842,2018-11-01T09:00:00+00:00,30.9236,-90.5264,422.8125,1.1228693723678589,293.822998046875,293.4638671875,99262.4375,56.35634994506836,21.304999562720226,30.879571897037128,1.0,0,EF1,CST-6,01-NOV-18 02:37:00
791698,2018-12-01T04:00:00+00:00,35.6385,-94.9758,758.0,1.0625622272491455,289.311767578125,288.290771484375,96861.8125,30.78805160522461,19.003724671380848,21.440126370992154,2.0,1,EF2,CST-6,30-NOV-18 21:47:00
792029,2018-11-12T18:00:00+00:00,30.3984,-86.9991,281.4375,1.7000752687454224,294.381591796875,293.2294006347656,101115.3125,55.072265625,14.591440800094402,20.36792250685702,0.0,0,EF0,CST-6,12-NOV-18 11:33:00
783843,2018-11-01T09:00:00+00:00,30.9257,-89.8464,636.9375,0.9822443723678589,294.406982421875,293.634765625,99562.4375,51.01064682006836,20.174421091293812,25.613452602577695,2.0,1,EF2,CST-6,01-NOV-18 02:54:00
783844,2018-11-01T09:00:00+00:00,30.4689,-90.4614,454.25,27.43536949157715,294.571044921875,293.9833984375,100150.4375,52.89931869506836,23.11135858098656,28.306282183259942,1.0,0,EF1,CST-6,01-NOV-18 02:57:00
783848,2018-11-01T09:00:00+00:00,30.4745,-90.1594,471.75,10.747869491577148,294.970458984375,294.107421875,100214.4375,50.45693588256836,21.18459281859815,24.294158468111807,0.0,0,EF0,CST-6,01-NOV-18 03:23:00
786097,2018-11-06T05:00:00+00:00,37.5249,-85.3045,63.625,3.2501003742218018,289.97900390625,288.829833984375,97495.625,38.897560119628906,20.910129111570086,34.144941610396664,0.0,0,EF0,EST-5,05-NOV-18 23:40:00
785859,2018-11-02T19:00:00+00:00,27.8327,-82.7898,1304.375,9.328158378601074,297.286376953125,295.159423828125,101140.25,50.93248748779297,7.226416394985726,9.863470353206482,1.0,0,EF1,EST-5,02-NOV-18 14:13:00
791701,2018-12-01T04:00:00+00:00,35.9072,-94.7972,696.8125,1.0156872272491455,289.094970703125,288.064208984375,96483.8125,31.67086410522461,18.21849299796286,20.78488216717824,2.0,1,EF2,CST-6,30-NOV-18 22:15:00
791702,2018-12-01T05:00:00+00:00,36.1615,-94.7012,883.375,2.09382700920105,288.410400390625,287.522705078125,95957.125,26.232807159423828,17.399387390044378,22.637207998332,1.0,0,EF1,CST-6,30-NOV-18 22:39:00
793450,2018-11-01T17:00:00+00:00,32.739,-85.2892,56.625,,294.20458984375,290.900146484375,98454.125,45.675453186035156,15.09773978972975,19.33593610306543,0.0,0,EF0,CST-6,01-NOV-18 11:12:00
785860,2018-11-02T19:00:00+00:00,28.2065,-82.6534,1088.4375,43.48440933227539,297.571533203125,295.495361328125,100971.25,49.82994842529297,10.206751243027327,10.858918794042744,1.0,0,EF1,EST-5,02-NOV-18 14:17:00
786343,2018-11-02T19:00:00+00:00,28.333,-82.47,763.625,93.32815551757812,299.097900390625,295.840087890625,100810.25,49.46080780029297,12.029348206777977,12.736980318791598,1.0,0,EF1,EST-5,02-NOV-18 14:24:00
783821,2018-11-01T11:00:00+00:00,30.5439,-89.0298,141.4375,29.609540939331055,295.365478515625,292.8406982421875,100556.375,46.40578842163086,14.203540921715694,14.833532168627297,1.0,0,EF1,CST-6,01-NOV-18 04:53:00
783822,2018-11-01T11:00:00+00:00,30.4033,-88.7826,223.9375,18.484540939331055,295.635986328125,293.3787841796875,100570.375,46.31203842163086,14.233764020832348,14.117880544602825,1.0,0,EF1,CST-6,01-NOV-18 05:24:00
783823,2018-11-01T12:00:00+00:00,30.4744,-88.5583,234.4375,33.98457336425781,295.09375,293.125732421875,100678.25,49.02866744995117,12.712094588438722,11.118020461692204,1.0,0,EF1,CST-6,01-NOV-18 05:40:00
791677,2018-12-01T05:00:00+00:00,35.532,-94.2691,1194.0625,13.265702247619629,290.260009765625,289.281494140625,97156.125,30.556049346923828,17.149497142511922,22.64745037994307,1.0,0,EF1,CST-6,30-NOV-18 23:17:00
785861,2018-11-02T19:00:00+00:00,28.4683,-82.566,965.875,75.04690551757812,296.985595703125,295.304931640625,100940.25,49.40026092529297,10.732487866811924,9.952352704276999,1.0,0,EF1,EST-5,02-NOV-18 14:22:00
786344,2018-11-02T20:00:00+00:00,28.2087,-82.4553,1225.5,2.421966075897217,296.56396484375,295.0263671875,100807.0625,51.2784309387207,11.300558415863684,12.599271577700891,1.0,0,EF1,EST-5,02-NOV-18 15:22:00
794074,2018-12-01T03:00:00+00:00,34.2278,-96.6806,2702.125,168.98439025878906,291.140869140625,288.7001953125,97029.875,25.395967483520508,16.522599916472828,23.66315075526533,0.0,0,EF0,CST-6,30-NOV-18 20:58:00
796642,2018-11-01T17:00:00+00:00,32.7448,-85.2846,33.875,,294.86572265625,290.774169921875,98456.125,44.013343811035156,14.694127304316503,20.17486796396717,0.0,0,EF0,CST-6,01-NOV-18 11:13:00
796648,2018-11-01T17:00:00+00:00,32.7451,-85.284,33.875,,294.86572265625,290.774169921875,98456.125,44.013343811035156,14.694127304316503,20.17486796396717,0.0,0,EF0,CST-6,01-NOV-18 11:14:00
785411,2018-11-05T23:00:00+00:00,31.7434,-93.4507,3385.125,15.172202110290527,296.52392578125,294.8757629394531,99902.5625,46.72031021118164,16.7903067536211,19.389190526218805,2.0,1,EF2,CST-6,05-NOV-18 16:44:00
785416,2018-11-05T23:00:00+00:00,31.7485,-93.4413,3385.125,15.172202110290527,296.52392578125,294.8757629394531,99902.5625,46.72031021118164,16.7903067536211,19.389190526218805,2.0,1,EF2,CST-6,05-NOV-18 16:47:00
785424,2018-11-05T23:00:00+00:00,31.9336,-92.5819,2826.4375,34.703453063964844,296.78369140625,294.3152160644531,100091.5625,48.37948989868164,19.42867236068857,19.83506471603963,1.0,0,EF1,CST-6,05-NOV-18 17:09:00
785427,2018-11-05T23:00:00+00:00,31.8563,-93.0949,3520.4375,12.515952110290527,296.99267578125,294.7019348144531,100030.5625,48.41073989868164,17.845455278163694,18.970664077648294,2.0,1,EF2,CST-6,05-NOV-18 17:25:00
785428,2018-11-06T00:00:00+00:00,31.9302,-92.8871,3483.3125,16.921958923339844,295.115966796875,294.028076171875,100069.5,44.85354232788086,17.71557675102107,20.59995431887441,2.0,1,EF2,CST-6,05-NOV-18 17:49:00
785429,2018-11-06T00:00:00+00:00,32.0204,-92.4172,3277.625,6.7813334465026855,295.554443359375,294.156005859375,100093.5,46.19826889038086,19.555554912062064,19.75534635260016,1.0,0,EF1,CST-6,05-NOV-18 17:30:00
785430,2018-11-06T00:00:00+00:00,32.385,-93.0421,2796.6875,1.015708327293396,294.688232421875,293.787841796875,99723.5,43.62209701538086,16.828360973963818,22.5840447289196,1.0,0,EF1,CST-6,05-NOV-18 17:35:00
785409,2018-11-05T22:00:00+00:00,31.6959,-93.0509,1871.75,102.04695129394531,297.586181640625,294.682373046875,99895.125,43.81974792480469,17.840930422412253,19.67094965894498,1.0,0,EF1,CST-6,05-NOV-18 16:11:00
785410,2018-11-05T22:00:00+00:00,31.7489,-92.9362,1658.625,198.2344512939453,297.583251953125,294.510498046875,100011.125,43.58439636230469,17.620949946218182,18.81799897537385,1.0,0,EF1,CST-6,05-NOV-18 16:24:00
785423,2018-11-05T23:00:00+00:00,31.8582,-92.7032,3394.6875,43.875328063964844,297.15673828125,294.7829895019531,100205.5625,48.41855239868164,19.208732991871894,18.998243194242225,1.0,0,EF1,CST-6,05-NOV-18 16:50:00
791867,2018-11-01T12:00:00+00:00,31.8361,-88.2647,404.3125,0.9533225893974304,293.126953125,292.707763671875,100043.25,49.38120651245117,17.61845903791314,15.76260354674926,0.0,0,EF0,CST-6,01-NOV-18 06:08:00
790549,2018-11-06T05:00:00+00:00,34.2611,-88.8254,985.125,50.906349182128906,294.39697265625,293.229248046875,99379.625,44.475685119628906,21.54795439594214,26.794841876611454,2.0,1,EF2,CST-6,05-NOV-18 22:59:00
790536,2018-11-01T09:00:00+00:00,33.798,-89.3431,225.1875,4.450994491577148,292.947998046875,292.04296875,99071.4375,49.01064682006836,18.392553888018476,26.59853892151522,0.0,0,EF0,CST-6,01-NOV-18 03:13:00
793689,2018-11-06T05:00:00+00:00,34.2601,-88.8283,985.125,50.906349182128906,294.39697265625,293.229248046875,99379.625,44.475685119628906,21.54795439594214,26.794841876611454,0.0,0,EF0,CST-6,05-NOV-18 22:58:00
782575,2018-08-28T21:00:00+00:00,43.6395,-88.5528,3666.875,99.01300811767578,299.07177734375,294.685791015625,97775.4375,60.1429443359375,8.955861503862135,11.108824100028603,0.0,0,EF0,CST-6,28-AUG-18 15:08:00
782591,2018-08-28T21:00:00+00:00,43.7299,-88.25,3355.875,112.51300811767578,300.66943359375,294.925048828125,97791.4375,57.1781005859375,8.594823803509074,9.20947635199326,1.0,0,EF1,CST-6,28-AUG-18 15:27:00
782593,2018-08-28T22:00:00+00:00,43.656,-88.1609,1008.0,204.6295166015625,297.527587890625,295.525146484375,98147.0,51.950706481933594,8.299060839322358,21.072537900723773,0.0,0,EF0,CST-6,28-AUG-18 15:30:00
782581,2018-08-28T21:00:00+00:00,43.6153,-88.5222,3538.625,101.87238311767578,299.70068359375,294.863525390625,97692.4375,58.5697021484375,8.699919474066798,10.21496611048853,2.0,1,EF2,CST-6,28-AUG-18 15:11:00
782596,2018-08-28T22:00:00+00:00,43.7012,-88.106,1008.0,204.6295166015625,297.527587890625,295.525146484375,98147.0,51.950706481933594,8.299060839322358,21.072537900723773,1.0,0,EF1,CST-6,28-AUG-18 15:36:00
782598,2018-08-28T22:00:00+00:00,43.6755,-87.7394,1211.5,248.3951416015625,296.721923828125,295.074951171875,99000.0,53.549339294433594,7.380102211131755,18.170178747606958,0.0,0,EF0,CST-6,28-AUG-18 15:57:00
782295,2018-08-28T20:00:00+00:00,43.7691,-89.5827,5182.75,38.67094421386719,298.885986328125,295.193115234375,97759.4375,59.87066650390625,8.184918836059516,8.585776479843464,1.0,0,EF1,CST-6,28-AUG-18 14:00:00
782297,2018-08-28T20:00:00+00:00,43.7531,-89.4279,4818.75,24.874069213867188,299.859619140625,295.610107421875,97870.4375,60.10992431640625,8.719712165091911,8.624472735253107,1.0,0,EF1,CST-6,28-AUG-18 14:03:00
782302,2018-08-28T20:00:00+00:00,43.7393,-89.2448,4114.625,24.077194213867188,300.506103515625,295.947998046875,97906.4375,59.48590087890625,8.409600044471112,8.33001759370544,1.0,0,EF1,CST-6,28-AUG-18 14:17:00
782584,2018-08-28T21:00:00+00:00,43.6129,-88.4999,3014.625,232.8098907470703,300.60400390625,294.521728515625,97621.4375,56.0413818359375,8.788834246894812,11.463473852100439,1.0,0,EF1,CST-6,28-AUG-18 15:12:00
832904,2018-08-28T21:00:00+00:00,43.6316,-88.4626,3538.625,101.87238311767578,299.70068359375,294.863525390625,97692.4375,58.5697021484375,8.699919474066798,10.21496611048853,1.0,0,EF1,CST-6,28-AUG-18 15:14:00
788456,2018-12-01T22:00:00+00:00,39.2315,-89.6819,235.75,7.9062700271606445,289.5830078125,286.92523193359375,96759.4375,18.262042999267578,14.132854911478399,18.70143657126266,1.0,0,EF1,CST-6,01-DEC-18 16:09:00
782577,2018-08-28T21:00:00+00:00,43.6397,-88.5031,3538.625,101.87238311767578,299.70068359375,294.863525390625,97692.4375,58.5697021484375,8.699919474066798,10.21496611048853,1.0,0,EF1,CST-6,28-AUG-18 15:09:00
782569,2018-08-28T21:00:00+00:00,43.6946,-88.8448,3892.0,91.05988311767578,298.41552734375,294.252197265625,97826.4375,61.0892333984375,9.026225547842929,11.268466260181016,1.0,0,EF1,CST-6,28-AUG-18 14:55:00
770654,2018-06-28T18:00:00+00:00,35.7281,-87.322,4673.75,612.51318359375,299.73779296875,296.49169921875,98821.4375,45.136817932128906,5.896276505501989,13.626622167058846,1.0,0,EF1,CST-6,28-JUN-18 11:36:00
782589,2018-08-28T21:00:00+00:00,43.6579,-88.3394,3538.625,101.87238311767578,299.70068359375,294.863525390625,97692.4375,58.5697021484375,8.699919474066798,10.21496611048853,1.0,0,EF1,CST-6,28-AUG-18 15:22:00
782571,2018-08-28T21:00:00+00:00,43.6823,-88.6637,3666.875,99.01300811767578,299.07177734375,294.685791015625,97775.4375,60.1429443359375,8.955861503862135,11.108824100028603,1.0,0,EF1,CST-6,28-AUG-18 15:04:00
782588,2018-08-28T21:00:00+00:00,43.6386,-88.4267,3538.625,101.87238311767578,299.70068359375,294.863525390625,97692.4375,58.5697021484375,8.699919474066798,10.21496611048853,1.0,0,EF1,CST-6,28-AUG-18 15:16:00
782585,2018-08-28T21:00:00+00:00,43.639,-88.4876,3538.625,101.87238311767578,299.70068359375,294.863525390625,97692.4375,58.5697021484375,8.699919474066798,10.21496611048853,1.0,0,EF1,CST-6,28-AUG-18 15:11:00
764454,2018-08-09T21:00:00+00:00,43.058,-89.0775,3125.25,12.899953842163086,301.853271484375,295.56298828125,97997.3125,46.69072341918945,4.160593200689635,10.172970651317453,0.0,0,EF0,CST-6,09-AUG-18 14:47:00
775393,2018-08-21T01:00:00+00:00,42.6275,-88.6283,441.375,0.1420033574104309,294.755615234375,293.0283203125,97706.1875,46.19757080078125,10.72556690776891,6.785221534637183,0.0,0,EF0,CST-6,20-AUG-18 19:01:00
782568,2018-08-28T20:00:00+00:00,43.7421,-89.0904,4114.625,24.077194213867188,300.506103515625,295.947998046875,97906.4375,59.48590087890625,8.409600044471112,8.33001759370544,0.0,0,EF0,CST-6,28-AUG-18 14:25:00
782570,2018-08-28T21:00:00+00:00,43.7044,-88.7147,3666.875,99.01300811767578,299.07177734375,294.685791015625,97775.4375,60.1429443359375,8.955861503862135,11.108824100028603,0.0,0,EF0,CST-6,28-AUG-18 15:00:00
791226,2018-11-03T00:00:00+00:00,39.3479,-77.1713,130.8125,,291.080078125,290.56341552734375,98712.3125,40.3939208984375,8.927770242918303,33.22126021060209,1.0,0,EF1,EST-5,02-NOV-18 19:19:00
791228,2018-11-03T02:00:00+00:00,39.27,-76.5552,40.8125,,291.086181640625,290.39697265625,99368.625,38.88050079345703,5.085710907509411,26.301059782604636,1.0,0,EF1,EST-5,02-NOV-18 20:42:00
791227,2018-11-03T00:00:00+00:00,39.3509,-77.1674,130.8125,,291.080078125,290.56341552734375,98712.3125,40.3939208984375,8.927770242918303,33.22126021060209,2.0,1,EF2,EST-5,02-NOV-18 19:20:00
770294,2018-08-08T13:00:00+00:00,40.72,-104.09,603.375,546.7071533203125,288.434814453125,286.6286315917969,85110.875,24.621868133544922,0.04407757094354755,3.780934349609577,0.0,0,EF0,MST-7,08-AUG-18 05:36:00
791229,2018-11-03T02:00:00+00:00,39.2718,-76.5306,93.75,,291.699462890625,290.38720703125,99799.625,40.78186798095703,12.420000796108779,23.423203079034987,1.0,0,EF1,EST-5,02-NOV-18 20:44:00
885513,2018-07-29T23:00:00+00:00,40.15,-103.52,1218.125,208.3281707763672,296.472900390625,289.129150390625,86864.375,30.92917823791504,0.7656138650940383,19.714361357455374,2.0,1,EF2,MST-7,29-JUL-18 15:47:00
887086,2018-07-29T23:00:00+00:00,40.11,-103.47,1524.875,207.4844207763672,296.764892578125,288.895751953125,86123.375,31.03855323791504,0.576612319130044,20.531085400337417,2.0,1,EF2,MST-7,29-JUL-18 15:54:00
781630,2018-10-14T00:00:00+00:00,32.86,-114.36,51.5,,299.043212890625,286.719482421875,99306.5625,24.742900848388672,0.790484060813582,2.5698207850926753,0.0,0,EF0,MST-7,13-OCT-18 17:22:00
781500,2018-10-14T00:00:00+00:00,33.71,-114.18,48.5,102.23445892333984,295.755126953125,288.693115234375,96837.5625,21.440166473388672,2.1773935677772274,3.5506083041691703,0.0,0,EF0,MST-7,13-OCT-18 16:59:00
759958,2018-07-05T19:00:00+00:00,39.0,-106.02,478.625,39.34377670288086,295.36474609375,276.681640625,72877.5,15.237926483154297,0.05473973183253711,1.2314778511636506,0.0,0,EF0,MST-7,05-JUL-18 12:29:00
783108,2018-10-23T23:00:00+00:00,33.5184,-112.2621,1165.375,127.48670959472656,297.27490234375,291.061279296875,96453.4375,33.20152282714844,3.8610494256715477,10.31237334515239,0.0,0,EF0,MST-7,23-OCT-18 16:15:00
794795,2018-11-24T19:00:00+00:00,34.6809,-76.9226,417.6875,78.6406478881836,290.889892578125,289.77294921875,100416.5625,29.923337936401367,8.998768917539602,18.490965292793298,2.0,1,EF2,EST-5,24-NOV-18 14:10:00
794796,2018-11-24T20:00:00+00:00,34.7797,-76.7349,564.28125,64.328125,292.05615234375,289.8828125,100361.9375,31.52644157409668,7.128173097734827,19.801634433137256,0.0,0,EF0,EST-5,24-NOV-18 14:40:00
794783,2018-11-13T10:00:00+00:00,34.6963,-76.7163,392.125,12.987385749816895,295.5352783203125,293.71868896484375,101407.625,53.42415237426758,17.146573150553998,23.6032499670456,1.0,0,EF1,EST-5,13-NOV-18 04:45:00
785297,2018-11-01T07:00:00+00:00,31.5698,-91.3664,538.3125,55.46610641479492,293.9091796875,293.70166015625,99813.25,53.00325012207031,19.17727333132247,20.642349255919704,2.0,1,EF2,CST-6,01-NOV-18 01:09:00
785545,2018-11-01T06:00:00+00:00,31.5862,-91.8278,125.0625,14.968897819519043,293.635498046875,292.9207763671875,100162.25,54.44788360595703,18.420557173248497,22.002237056238265,1.0,0,EF1,CST-6,01-NOV-18 00:28:00
788040,2018-10-13T12:00:00+00:00,31.1749,-100.6599,1393.9375,15.6408109664917,294.0498046875,292.96856689453125,93058.8125,42.411354064941406,3.509718026708661,14.568439808048605,2.0,1,EF2,CST-6,13-OCT-18 05:56:00
738339,2018-02-25T03:00:00+00:00,36.4848,-87.4709,52.09375,12.161866188049316,290.568359375,289.091064453125,98730.5,39.715328216552734,21.593481304484346,33.550086118898314,1.0,0,EF1,CST-6,24-FEB-18 20:50:00
785299,2018-11-01T08:00:00+00:00,32.014,-90.9729,543.9375,40.359500885009766,294.189208984375,293.7996520996094,99645.6875,50.55813217163086,18.70275711205883,18.21972115758581,1.0,0,EF1,CST-6,01-NOV-18 01:31:00
785546,2018-11-01T07:00:00+00:00,31.4765,-91.8339,153.3125,,293.857421875,293.59716796875,100191.25,54.88410949707031,6.442323245014573,17.148835367269143,1.0,0,EF1,CST-6,01-NOV-18 00:30:00
785547,2018-11-01T07:00:00+00:00,31.4813,-91.8205,153.3125,,293.857421875,293.59716796875,100191.25,54.88410949707031,6.442323245014573,17.148835367269143,0.0,0,EF0,CST-6,01-NOV-18 00:31:00
785300,2018-11-01T08:00:00+00:00,31.4642,-91.0279,542.8125,0.3751242756843567,294.066162109375,293.8855895996094,99082.6875,53.96242904663086,18.54408913247395,23.559861413537,1.0,0,EF1,CST-6,01-NOV-18 01:39:00
785298,2018-11-01T08:00:00+00:00,31.9634,-90.9845,543.9375,40.359500885009766,294.189208984375,293.7996520996094,99645.6875,50.55813217163086,18.70275711205883,18.21972115758581,1.0,0,EF1,CST-6,01-NOV-18 01:30:00
787823,2018-11-01T07:00:00+00:00,31.6323,-91.7604,306.0,,293.9833984375,293.49072265625,100135.25,55.17317199707031,12.642969869013944,21.819783188535826,0.0,0,EF0,CST-6,01-NOV-18 00:33:00
785544,2018-11-01T06:00:00+00:00,31.5684,-91.8666,125.0625,14.968897819519043,293.635498046875,292.9207763671875,100162.25,54.44788360595703,18.420557173248497,22.002237056238265,1.0,0,EF1,CST-6,01-NOV-18 00:24:00
785301,2018-11-01T08:00:00+00:00,32.3645,-90.5309,445.0,75.6876220703125,294.322021484375,293.4305114746094,99415.6875,46.66750717163086,20.54387961889187,18.107570320091867,0.0,0,EF0,CST-6,01-NOV-18 02:00:00
785420,2018-11-01T09:00:00+00:00,32.4399,-90.1998,401.0625,36.669742584228516,293.325927734375,292.6689453125,99331.4375,47.17666244506836,18.72495484031267,18.04809128917788,1.0,0,EF1,CST-6,01-NOV-18 02:33:00
785421,2018-11-01T09:00:00+00:00,32.1814,-90.0728,525.6875,17.63849449157715,293.341552734375,292.7099609375,99201.4375,47.94717025756836,18.713664914839725,17.129287618273175,0.0,0,EF0,CST-6,01-NOV-18 02:53:00
785425,2018-11-01T09:00:00+00:00,32.4468,-89.6966,482.0625,8.435369491577148,293.413818359375,292.42578125,99057.4375,46.50771713256836,18.711836618175223,18.90696052540004,1.0,0,EF1,CST-6,01-NOV-18 03:20:00
793221,2018-11-01T06:00:00+00:00,31.1468,-91.9918,213.875,21.06264877319336,293.382568359375,293.1239013671875,100150.25,54.47815704345703,18.766337015600197,24.243157968062533,1.0,0,EF1,CST-6,01-NOV-18 00:13:00
785576,2018-11-06T07:00:00+00:00,33.4802,-88.6895,1130.4375,0.125364750623703,295.9873046875,294.0362548828125,100015.1875,48.193092346191406,17.373171575610158,21.664924907155083,0.0,0,EF0,CST-6,06-NOV-18 01:24:00
787915,2018-11-01T07:00:00+00:00,31.2677,-91.8376,149.9375,,293.859375,293.80908203125,100175.25,56.19856262207031,8.648257473625725,19.237537192166737,0.0,0,EF0,CST-6,01-NOV-18 00:30:00
785426,2018-11-01T10:00:00+00:00,33.0499,-88.8877,636.5625,0.397422730922699,292.343017578125,291.6456298828125,98905.1875,47.974395751953125,22.960773306722263,10.269127621777814,0.0,0,EF0,CST-6,01-NOV-18 04:22:00
785549,2018-11-01T10:00:00+00:00,32.1672,-89.7306,674.5625,0.288047730922699,292.030517578125,291.7237548828125,98963.1875,48.757598876953125,18.183596899218745,19.813921789281096,1.0,0,EF1,CST-6,01-NOV-18 03:30:00
785551,2018-11-01T10:00:00+00:00,32.2155,-89.3714,755.3125,0.428672730922699,292.221923828125,291.8594970703125,98960.1875,48.550567626953125,18.685624640234074,15.403236312089767,0.0,0,EF0,CST-6,01-NOV-18 04:01:00
793220,2018-11-01T06:00:00+00:00,31.0403,-92.1475,154.25,18.06264877319336,293.283935546875,293.1160888671875,100101.25,57.20178985595703,17.41892850886693,27.20662348306581,2.0,1,EF2,CST-6,01-NOV-18 00:00:00
785548,2018-11-01T09:00:00+00:00,32.1639,-89.7366,560.25,0.5916193723678589,293.418701171875,292.5009765625,99001.4375,46.80068588256836,18.193519705633964,18.624646711426593,0.0,0,EF0,CST-6,01-NOV-18 03:29:00
785580,2018-11-06T07:00:00+00:00,33.4846,-88.6713,1130.4375,0.125364750623703,295.9873046875,294.0362548828125,100015.1875,48.193092346191406,17.373171575610158,21.664924907155083,0.0,0,EF0,CST-6,06-NOV-18 01:26:00
785417,2018-11-01T08:00:00+00:00,31.5743,-90.7382,661.5,0.9063742756843567,294.110107421875,293.8992614746094,98908.6875,50.62160873413086,17.066363352802423,17.862571737157182,1.0,0,EF1,CST-6,01-NOV-18 02:10:00
785412,2018-11-01T08:00:00+00:00,32.6983,-90.383,325.0625,53.500125885009766,294.571044921875,293.2264099121094,99599.6875,48.26906967163086,20.429949748133204,20.2283876982905,1.0,0,EF1,CST-6,01-NOV-18 02:03:00
793267,2018-11-07T20:00:00+00:00,30.02,-94.34,2938.875,6.886180877685547,301.16748046875,298.3510437011719,100968.125,43.666969299316406,4.32650582983672,4.663066782494234,0.0,0,EF0,CST-6,07-NOV-18 14:00:00
785418,2018-11-01T08:00:00+00:00,31.9408,-90.3438,582.25,64.0938720703125,294.335693359375,293.7713317871094,99235.6875,46.63039779663086,19.14364828301424,16.341423398622755,0.0,0,EF0,CST-6,01-NOV-18 02:29:00
788037,2018-10-13T15:00:00+00:00,31.1184,-99.3422,912.1875,42.250057220458984,296.357421875,293.4052734375,94967.4375,45.15007400512695,9.266610897206585,14.184563432115572,0.0,0,EF0,CST-6,13-OCT-18 09:17:00
776194,2018-07-20T10:00:00+00:00,38.07,-92.87,1226.375,203.57814025878906,293.1787109375,292.353515625,97764.1875,36.6907844543457,6.093566423746658,17.75576331657973,0.0,0,EF0,CST-6,20-JUL-18 03:32:00
785552,2018-11-01T10:00:00+00:00,32.2235,-89.3652,755.3125,0.428672730922699,292.221923828125,291.8594970703125,98960.1875,48.550567626953125,18.685624640234074,15.403236312089767,1.0,0,EF1,CST-6,01-NOV-18 04:02:00
785296,2018-11-01T07:00:00+00:00,31.4301,-91.4156,538.3125,55.46610641479492,293.9091796875,293.70166015625,99813.25,53.00325012207031,19.17727333132247,20.642349255919704,1.0,0,EF1,CST-6,01-NOV-18 01:04:00
885511,2018-07-29T23:00:00+00:00,40.36,-103.54,1225.375,203.2656707763672,296.825439453125,288.897705078125,86725.375,29.67527198791504,0.4359084823035519,18.287787260703137,2.0,1,EF2,MST-7,29-JUL-18 15:31:00
760620,2018-07-29T01:00:00+00:00,40.63,-103.35,614.375,102.34378814697266,295.788330078125,288.80126953125,87042.375,29.011598587036133,0.06207392613451404,7.005799558899822,0.0,0,EF0,MST-7,28-JUL-18 18:01:00
759479,2018-07-23T22:00:00+00:00,39.02,-105.8,1270.875,24.269691467285156,288.96728515625,286.21142578125,72124.4375,21.13798713684082,0.22350344672725841,2.506770794304013,0.0,0,EF0,MST-7,23-JUL-18 14:46:00
885508,2018-07-29T23:00:00+00:00,40.3,-103.58,1225.375,203.2656707763672,296.825439453125,288.897705078125,86725.375,29.67527198791504,0.4359084823035519,18.287787260703137,2.0,1,EF2,MST-7,29-JUL-18 15:37:00
764418,2018-07-29T21:00:00+00:00,40.83,-103.77,1600.125,88.42632293701172,294.890380859375,290.064453125,86231.375,27.10538101196289,0.09998759975902667,4.126617599645509,0.0,0,EF0,MST-7,29-JUL-18 14:28:00
794791,2018-11-24T19:00:00+00:00,34.6867,-77.0456,408.0625,64.0000228881836,290.122314453125,289.54833984375,100381.5625,29.526853561401367,9.918301348587987,18.86236802712743,0.0,0,EF0,EST-5,24-NOV-18 14:06:00
738342,2018-02-25T03:00:00+00:00,36.5864,-87.0404,58.25,10.380616188049316,290.8046875,289.198486328125,98706.5,38.720211029052734,21.579981328881242,32.57390907061094,1.0,0,EF1,CST-6,24-FEB-18 21:19:00
738333,2018-02-24T22:00:00+00:00,36.6392,-87.0126,164.375,102.47811889648438,292.37017822265625,289.6939392089844,98773.75,34.96508026123047,12.468319776232438,21.531237991404762,1.0,0,EF1,CST-6,24-FEB-18 15:53:00
738341,2018-02-25T03:00:00+00:00,36.5513,-87.2707,58.25,10.380616188049316,290.8046875,289.198486328125,98706.5,38.720211029052734,21.579981328881242,32.57390907061094,2.0,1,EF2,CST-6,24-FEB-18 21:03:00
786919,2018-10-31T20:00:00+00:00,29.5354,-96.2906,1725.5,29.28127670288086,299.7890625,295.639404296875,100083.375,43.12257385253906,9.161687154682511,12.428999271894142,0.0,0,EF0,CST-6,31-OCT-18 13:56:00
786923,2018-11-01T03:00:00+00:00,29.17,-95.43,1085.25,7.971035003662109,294.237548828125,293.6114807128906,100596.5,55.03998947143555,10.705129004099492,16.578820328989416,0.0,0,EF0,CST-6,31-OCT-18 20:54:00
784793,2018-11-01T03:00:00+00:00,29.8268,-94.821,943.625,5.111660003662109,294.364501953125,293.6534729003906,100560.5,55.14936447143555,14.892671888537539,13.526935120113137,1.0,0,EF1,CST-6,31-OCT-18 20:57:00
784854,2018-09-17T03:00:00+00:00,34.1801,-78.8078,1238.75,21.617115020751953,298.39501953125,297.853515625,101120.5625,61.90660095214844,13.641941921477185,14.647752724397295,1.0,0,EF1,EST-5,16-SEP-18 21:38:00
782633,2018-10-10T22:00:00+00:00,27.31,-82.5767,3886.625,59.81742477416992,300.436279296875,297.896240234375,100757.875,65.6104965209961,9.348928722486157,7.839633073235681,0.0,0,EF0,EST-5,10-OCT-18 17:24:00
784859,2018-09-16T16:00:00+00:00,33.7201,-78.8751,980.875,5.081654071807861,299.10302734375,297.467529296875,101072.75,63.826473236083984,9.278649600672448,12.153644596423115,0.0,0,EF0,EST-5,16-SEP-18 11:17:00
784865,2018-09-16T22:00:00+00:00,34.5073,-79.3487,624.125,5.765636920928955,297.87939453125,297.7868347167969,100628.9375,66.41618347167969,14.466804968166832,14.868917644333333,0.0,0,EF0,EST-5,16-SEP-18 16:59:00
784857,2018-09-17T01:00:00+00:00,34.01,-78.76,726.75,3.3125853538513184,298.353515625,297.31396484375,101241.875,60.56165313720703,10.683307529177826,12.866407905845618,0.0,0,EF0,EST-5,16-SEP-18 20:16:00
784858,2018-09-16T16:00:00+00:00,33.7,-78.87,980.875,5.081654071807861,299.10302734375,297.467529296875,101072.75,63.826473236083984,9.278649600672448,12.153644596423115,0.0,0,EF0,EST-5,16-SEP-18 11:16:00
784839,2018-09-16T11:00:00+00:00,34.14,-78.06,155.375,7.8248419761657715,298.375732421875,297.287353515625,100984.125,62.69584655761719,13.99048859537882,11.97051617156273,0.0,0,EF0,EST-5,16-SEP-18 06:24:00
784846,2018-09-16T01:00:00+00:00,34.2955,-77.7814,459.625,10.008530616760254,298.80224609375,297.490966796875,100973.0625,66.76342010498047,11.87124326216203,10.614640198983782,0.0,0,EF0,EST-5,15-SEP-18 20:29:00
784842,2018-09-16T05:00:00+00:00,34.2176,-77.9007,624.625,7.302972316741943,298.03857421875,296.95947265625,100964.8125,67.51554870605469,14.618215302942835,14.51319188367077,1.0,0,EF1,EST-5,15-SEP-18 23:42:00
784841,2018-09-15T23:00:00+00:00,34.2912,-77.8335,625.125,6.755894184112549,298.427734375,297.416748046875,100757.6875,68.79199981689453,13.531068041559633,10.498644235619262,1.0,0,EF1,EST-5,15-SEP-18 18:16:00
784847,2018-09-16T20:00:00+00:00,34.62,-79.43,914.125,0.1719459742307663,298.18603515625,297.52490234375,100310.5625,67.77613830566406,16.164122363072043,15.08190447041967,0.0,0,EF0,EST-5,16-SEP-18 14:35:00
784844,2018-09-16T03:00:00+00:00,34.5391,-78.1793,164.5,1.4744952917099,297.70654296875,297.0302734375,100866.5625,67.3106460571289,18.885411033493448,14.543149496423158,1.0,0,EF1,EST-5,15-SEP-18 21:41:00
784848,2018-09-16T04:00:00+00:00,34.2759,-77.7979,454.5,8.975102424621582,298.172607421875,297.193603515625,100971.375,67.67556762695312,14.42328207897606,13.271330763986544,0.0,0,EF0,EST-5,15-SEP-18 23:02:00
784855,2018-09-15T19:00:00+00:00,34.3466,-77.6978,882.0,2.812523365020752,299.502197265625,297.673828125,100837.5,66.8867416381836,10.720912780892677,11.24484230595525,0.0,0,EF0,EST-5,15-SEP-18 14:07:00
784856,2018-09-16T05:00:00+00:00,34.1161,-77.9231,624.625,7.302972316741943,298.03857421875,296.95947265625,100964.8125,67.51554870605469,14.618215302942835,14.51319188367077,1.0,0,EF1,EST-5,15-SEP-18 23:48:00
784840,2018-09-16T04:00:00+00:00,34.31,-77.9,454.5,8.975102424621582,298.172607421875,297.193603515625,100971.375,67.67556762695312,14.42328207897606,13.271330763986544,0.0,0,EF0,EST-5,15-SEP-18 23:09:00
784850,2018-09-16T06:00:00+00:00,34.15,-77.9,641.75,5.734375953674316,297.98583984375,296.951416015625,100941.6875,65.76671600341797,14.460032316555438,14.588234781944532,0.0,0,EF0,EST-5,16-SEP-18 00:51:00
784860,2018-09-16T16:00:00+00:00,34.3341,-79.3216,930.5,0.644153892993927,298.38623046875,297.496826171875,100768.75,67.97296142578125,12.552543132826457,14.337263959212565,0.0,0,EF0,EST-5,16-SEP-18 11:26:00
784868,2018-09-16T20:00:00+00:00,34.5789,-79.2565,890.625,0.3281959891319275,298.43212890625,297.85888671875,100653.5625,65.71168518066406,16.162381594874635,14.758472739907821,0.0,0,EF0,EST-5,16-SEP-18 15:29:00
784864,2018-09-16T20:00:00+00:00,34.4676,-79.3357,896.5,0.2656959891319275,298.46533203125,297.89990234375,100561.5625,67.01637268066406,16.452829412488395,14.81317007062024,0.0,0,EF0,EST-5,16-SEP-18 14:48:00
812034,2018-11-06T08:00:00+00:00,35.3756,-85.7859,949.5625,6.359375953674316,291.920166015625,290.5191955566406,95439.25,37.737648010253906,17.883451947343502,29.814364909795984,1.0,0,EF1,CST-6,06-NOV-18 01:39:00
783901,2018-10-10T19:00:00+00:00,29.8036,-82.0906,1352.75,20.422359466552734,301.776123046875,298.13134765625,100204.1875,63.12399673461914,17.667562643433563,15.640080509014897,0.0,0,EF0,EST-5,10-OCT-18 13:40:00
794536,2018-11-06T08:00:00+00:00,35.322,-85.9009,1063.6875,0.17187590897083282,292.509033203125,291.1969299316406,96059.25,38.676124572753906,18.299391666429894,29.119509435037305,2.0,1,EF2,CST-6,06-NOV-18 01:31:00
794537,2018-11-06T07:00:00+00:00,36.0506,-85.5558,561.5625,42.3597412109375,291.3740234375,290.1700439453125,96908.1875,39.455787658691406,21.596711093648562,33.56298344474675,0.0,0,EF0,CST-6,06-NOV-18 01:29:00
794530,2018-11-06T07:00:00+00:00,35.96,-86.0125,678.875,24.344114303588867,291.7470703125,290.6300048828125,97377.1875,40.756568908691406,22.237703729331514,32.26358994814928,1.0,0,EF1,CST-6,06-NOV-18 00:55:00
794533,2018-11-06T07:00:00+00:00,35.3079,-85.9605,847.1875,4.031614780426025,291.4638671875,290.5811767578125,96081.1875,39.912818908691406,18.48167946858993,30.337215825370418,0.0,0,EF0,CST-6,06-NOV-18 01:26:00
785066,2018-11-06T07:00:00+00:00,35.2078,-86.2074,1071.6875,4.250364780426025,292.01953125,291.0196533203125,96795.1875,40.327857971191406,19.67187163722869,30.323367924248032,2.0,1,EF2,CST-6,06-NOV-18 01:16:00
785078,2018-11-06T05:00:00+00:00,34.977,-87.8094,897.125,13.140725135803223,293.01220703125,291.982177734375,98253.625,41.266700744628906,20.39905179906581,30.161532659384033,1.0,0,EF1,CST-6,05-NOV-18 23:16:00
793723,2018-11-06T05:00:00+00:00,35.715,-87.4343,503.75,4.156350612640381,292.52587890625,291.381591796875,97923.625,41.167091369628906,20.055137088286855,28.111620937370894,0.0,0,EF0,CST-6,05-NOV-18 23:02:00
793724,2018-11-06T05:00:00+00:00,35.7051,-87.2589,502.5,7.125100612640381,292.44091796875,291.207763671875,97804.625,40.182716369628906,20.319908409599673,29.559543212671507,0.0,0,EF0,CST-6,05-NOV-18 23:09:00
793725,2018-11-06T05:00:00+00:00,35.714,-87.2522,502.5,7.125100612640381,292.44091796875,291.207763671875,97804.625,40.182716369628906,20.319908409599673,29.559543212671507,0.0,0,EF0,CST-6,05-NOV-18 23:10:00
793959,2018-11-06T05:00:00+00:00,35.0047,-87.7585,892.75,7.953225612640381,292.98095703125,291.998779296875,98124.625,41.266700744628906,20.005886545361157,29.999512675654046,0.0,0,EF0,CST-6,05-NOV-18 23:21:00
793726,2018-11-06T05:00:00+00:00,35.7205,-87.2467,502.5,7.125100612640381,292.44091796875,291.207763671875,97804.625,40.182716369628906,20.319908409599673,29.559543212671507,0.0,0,EF0,CST-6,05-NOV-18 23:11:00
794529,2018-11-06T07:00:00+00:00,35.937,-86.077,648.25,6.531614780426025,292.013671875,290.9493408203125,97753.1875,42.249732971191406,20.582981024438364,29.40091747358458,1.0,0,EF1,CST-6,06-NOV-18 00:50:00
794013,2018-11-06T06:00:00+00:00,35.0092,-87.2976,1083.6875,20.437501907348633,292.962158203125,291.83038330078125,97973.125,41.78666687011719,20.605455205818178,29.40542302698891,0.0,0,EF0,CST-6,05-NOV-18 23:55:00
794526,2018-11-06T06:00:00+00:00,35.6712,-86.5074,646.5625,11.953126907348633,291.968994140625,290.85284423828125,97710.125,40.41361999511719,21.4611499775383,32.0939048911453,2.0,1,EF2,CST-6,06-NOV-18 00:19:00
794524,2018-11-06T06:00:00+00:00,35.6504,-86.5305,646.5625,11.953126907348633,291.968994140625,290.85284423828125,97710.125,40.41361999511719,21.4611499775383,32.0939048911453,2.0,1,EF2,CST-6,06-NOV-18 00:16:00
793961,2018-11-06T06:00:00+00:00,35.0514,-87.5059,1083.6875,20.437501907348633,292.962158203125,291.83038330078125,97973.125,41.78666687011719,20.605455205818178,29.40542302698891,1.0,0,EF1,CST-6,05-NOV-18 23:41:00
785079,2018-11-06T06:00:00+00:00,34.5717,-87.7332,1200.0625,82.203125,293.915283203125,292.74737548828125,98150.125,42.75248718261719,20.281582465770704,27.471256008492325,0.0,0,EF0,CST-6,06-NOV-18 00:18:00
785081,2018-11-06T09:00:00+00:00,34.6173,-86.1696,1076.0625,21.46876335144043,294.04150390625,292.763916015625,97464.625,42.66872787475586,17.808441721635003,22.90932013071532,1.0,0,EF1,CST-6,06-NOV-18 02:35:00
785064,2018-11-01T11:00:00+00:00,34.54,-88.14,94.9375,1.859541893005371,291.522705078125,290.5164794921875,98310.375,46.62356185913086,21.192215088516242,21.00107486627879,0.0,0,EF0,CST-6,01-NOV-18 05:05:00
