event_id,begin_time_utc,begin_lat,begin_lon,cape,cin,temp_2m,dewpoint_2m,surface_pressure,tcwv,shear_0_1km,shear_0_3km,ef_category,ef_binary,tor_f_scale_raw,cz_timezone,begin_date_time_raw
609831,2016-01-21T22:00:00+00:00,31.9388,-90.2981,18.59375,108.886962890625,291.08538818359375,286.81494140625,99656.25,28.321006774902344,11.67730863734386,21.078642355314066,0.0,0,EF0,CST-6,21-JAN-16 16:14:00
609833,2016-01-22T00:00:00+00:00,32.2624,-89.5387,40.5,37.781253814697266,288.1612854003906,286.52716064453125,99536.375,30.235733032226562,9.659013659617864,22.43688958765726,0.0,0,EF0,CST-6,21-JAN-16 17:46:00
644135,2016-07-06T01:00:00+00:00,44.3935,-92.3456,5600.25,138.79693603515625,299.367919921875,292.066650390625,97235.75,55.459228515625,2.6433246052988846,15.569741922936835,1.0,0,EF1,CST-6,05-JUL-16 19:28:00
657605,2016-08-24T22:00:00+00:00,41.222,-84.6813,1727.375,2.1407902240753174,299.609619140625,297.251220703125,98612.0625,47.74292755126953,11.27475332529847,18.430519182199617,2.0,1,EF2,EST-5,24-AUG-16 16:53:00
657695,2016-08-24T23:00:00+00:00,41.3823,-84.2161,2033.375,8.12432861328125,298.795166015625,296.523193359375,98958.4375,53.20487594604492,10.695998336561159,16.012311103054657,1.0,0,EF1,EST-5,24-AUG-16 17:48:00
639616,2016-06-14T19:00:00+00:00,43.35,-95.3205,2946.0,99.57039642333984,297.01171875,293.382080078125,95368.0625,46.31134796142578,4.981085501138779,8.739341786484198,0.0,0,EF0,CST-6,14-JUN-16 13:22:00
613501,2016-02-24T08:00:00+00:00,30.8601,-84.3365,429.3125,15.562551498413086,293.1755065917969,291.76104736328125,99417.5,37.77726364135742,19.831364125388706,24.04886942300123,1.0,0,EF1,EST-5,24-FEB-16 02:45:00
643131,2016-05-30T20:00:00+00:00,41.0091,-103.1043,124.0625,18.68762969970703,299.73876953125,278.793701171875,86585.0625,14.500974655151367,0.42946693277268766,6.365059353506372,0.0,0,EF0,MST-7,30-MAY-16 13:07:00
643127,2016-05-30T20:00:00+00:00,41.0722,-103.1209,93.25,,298.32275390625,278.255615234375,86382.0625,15.468748092651367,0.2919957143458964,7.042793134057906,0.0,0,EF0,MST-7,30-MAY-16 13:05:00
613498,2016-02-24T05:00:00+00:00,31.4151,-84.9804,226.3125,48.48206329345703,292.2424621582031,290.91162109375,99293.75,35.890987396240234,20.051762219265616,22.917345208023864,1.0,0,EF1,EST-5,24-FEB-16 00:07:00
613499,2016-02-24T06:00:00+00:00,31.6405,-84.42,233.25,112.55133056640625,292.2986145019531,290.63330078125,99140.125,35.13478469848633,20.030721722889744,23.13604238430731,1.0,0,EF1,EST-5,24-FEB-16 00:55:00
613500,2016-02-24T06:00:00+00:00,31.8496,-84.0279,49.75,,291.9499816894531,290.14404296875,99158.125,34.73830032348633,19.109718530023734,23.14238817218611,1.0,0,EF1,EST-5,24-FEB-16 01:26:00
631998,2016-06-22T02:00:00+00:00,39.1559,-79.9642,1508.75,79.15631103515625,294.29345703125,292.53424072265625,94955.9375,25.690486907958984,11.936346578765123,15.009391327360131,1.0,0,EF1,EST-5,21-JUN-16 20:30:00
638333,2016-07-22T22:00:00+00:00,47.6611,-117.5603,12.25,,295.5947265625,279.951416015625,93425.625,21.683839797973633,2.78744427787533,8.76271321837874,0.0,0,EF0,PST-8,22-JUL-16 14:20:00
636356,2016-07-14T19:00:00+00:00,40.79,-75.09,1041.25,96.658203125,305.607666015625,296.659423828125,99119.25,45.289642333984375,6.1519711705009525,15.315274246409752,0.0,0,EF0,EST-5,14-JUL-16 13:46:00
628082,2016-05-10T01:00:00+00:00,48.39,-104.49,137.875,,290.902587890625,282.626220703125,92714.5,23.433635711669922,2.4556561846105622,8.725889798002092,0.0,0,EF0,MST-7,09-MAY-16 18:25:00
616091,2016-02-03T19:00:00+00:00,33.9033,-81.0696,125.84375,12.827706336975098,295.3621520996094,291.4451904296875,100309.8125,44.484130859375,15.172005830745006,22.356362219975754,0.0,0,EF0,EST-5,03-FEB-16 14:28:00
612941,2016-02-24T05:00:00+00:00,31.2642,-85.4491,499.5,10.794564247131348,293.0686340332031,291.55517578125,99322.75,35.721065521240234,20.164291914385508,20.90060246774738,1.0,0,EF1,CST-6,23-FEB-16 22:31:00
612947,2016-02-24T05:00:00+00:00,31.2651,-85.4106,499.5,10.794564247131348,293.0686340332031,291.55517578125,99322.75,35.721065521240234,20.164291914385508,20.90060246774738,1.0,0,EF1,CST-6,23-FEB-16 22:34:00
612953,2016-02-24T05:00:00+00:00,31.436,-85.2071,327.3125,35.46643829345703,292.4397277832031,291.07177734375,99177.75,35.204463958740234,20.21555013511941,22.293970152645542,0.0,0,EF0,CST-6,23-FEB-16 22:54:00
616117,2016-02-24T20:00:00+00:00,34.5585,-80.0328,52.9375,,297.182861328125,292.0870666503906,98843.5625,24.522499084472656,22.84959222746069,26.14600995987444,0.0,0,EF0,EST-5,24-FEB-16 15:16:00
657507,2016-09-10T00:00:00+00:00,39.9728,-88.0739,1911.625,0.3440885543823242,298.460693359375,296.6374816894531,98778.125,56.126060485839844,8.55673498255605,15.290472476727253,2.0,1,EF2,CST-6,09-SEP-16 17:31:00
625078,2016-03-16T00:00:00+00:00,41.5342,-90.3616,353.3125,48.34441375732422,289.32958984375,287.739013671875,97333.625,27.401287078857422,9.766929406828808,20.435423848629185,2.0,1,EF2,CST-6,15-MAR-16 18:25:00
612952,2016-02-24T05:00:00+00:00,31.3531,-85.3769,467.6875,14.560189247131348,292.6242980957031,291.22509765625,99008.75,34.960323333740234,20.501967477215864,21.82534203890252,1.0,0,EF1,CST-6,23-FEB-16 22:38:00
663077,2016-05-09T00:00:00+00:00,39.133,-99.1814,1123.4375,338.7971496582031,294.575439453125,288.097412109375,92985.1875,24.206932067871094,6.335221518960762,15.80011145849627,2.0,1,EF2,CST-6,08-MAY-16 18:21:00
628303,2016-05-26T18:00:00+00:00,30.6792,-96.3106,4110.125,118.95320129394531,299.095458984375,296.59912109375,100266.625,54.12873077392578,4.820206385143594,11.803065206678568,1.0,0,EF1,CST-6,26-MAY-16 11:30:00
612932,2016-02-24T04:00:00+00:00,31.2479,-85.5317,285.4375,10.45782470703125,293.38067626953125,291.6927795410156,99389.8125,37.2495002746582,20.066733514644326,22.80798200726405,1.0,0,EF1,CST-6,23-FEB-16 22:24:00
612928,2016-02-24T04:00:00+00:00,31.195,-85.6067,400.6875,8.84844970703125,293.45098876953125,291.7171936035156,99387.8125,36.0649299621582,20.787855036340574,22.535326303024686,0.0,0,EF0,CST-6,23-FEB-16 22:15:00
612935,2016-02-24T04:00:00+00:00,31.2579,-85.4858,285.4375,10.45782470703125,293.38067626953125,291.6927795410156,99389.8125,37.2495002746582,20.066733514644326,22.80798200726405,1.0,0,EF1,CST-6,23-FEB-16 22:29:00
663078,2016-05-09T00:00:00+00:00,39.1367,-99.1623,1123.4375,338.7971496582031,294.575439453125,288.097412109375,92985.1875,24.206932067871094,6.335221518960762,15.80011145849627,1.0,0,EF1,CST-6,08-MAY-16 18:27:00
614764,2016-01-06T17:00:00+00:00,36.9373,-121.3821,48.09375,,282.052001953125,280.7480163574219,97533.9375,15.333154678344727,9.006578354274689,15.294742142011959,0.0,0,EF0,PST-8,06-JAN-16 08:50:00
616749,2016-02-15T19:00:00+00:00,30.1606,-92.8538,1000.0625,37.46888732910156,291.95269775390625,291.31121826171875,100923.625,28.435752868652344,15.118890951585373,15.780456018858736,0.0,0,EF0,CST-6,15-FEB-16 13:04:00
613493,2016-02-24T05:00:00+00:00,31.497,-85.157,327.3125,35.46643829345703,292.4397277832031,291.07177734375,99177.75,35.204463958740234,20.21555013511941,22.293970152645542,1.0,0,EF1,CST-6,23-FEB-16 23:02:00
635104,2016-06-01T23:00:00+00:00,27.852,-81.576,403.75,208.59375,301.461181640625,293.8759765625,101074.0,42.972721099853516,1.1981090529672938,3.7415518269906904,0.0,0,EF0,EST-5,01-JUN-16 17:45:00
612933,2016-02-24T04:00:00+00:00,31.2519,-85.5152,285.4375,10.45782470703125,293.38067626953125,291.6927795410156,99389.8125,37.2495002746582,20.066733514644326,22.80798200726405,0.0,0,EF0,CST-6,23-FEB-16 22:28:00
623118,2016-03-14T02:00:00+00:00,33.5082,-91.4509,710.8125,18.433305740356445,291.608642578125,288.5173034667969,100132.375,31.21430778503418,15.92197394947122,18.97298096897145,1.0,0,EF1,CST-6,13-MAR-16 20:15:00
639496,2016-06-14T19:00:00+00:00,43.9812,-96.3452,1493.75,33.38290023803711,294.7880859375,291.633056640625,94718.0625,45.45978546142578,8.50078372610298,11.851159509250571,0.0,0,EF0,CST-6,14-JUN-16 12:52:00
619380,2016-04-07T11:00:00+00:00,27.9977,-82.8285,269.4375,23.828264236450195,293.78997802734375,291.47235107421875,101392.8125,29.756032943725586,7.9328944365476985,11.694074760405735,0.0,0,EF0,EST-5,07-APR-16 05:37:00
619393,2016-04-07T10:00:00+00:00,28.2994,-82.67,330.234375,31.937612533569336,293.5887451171875,291.314453125,101359.1875,29.678115844726562,10.327495841870254,15.947246486850494,0.0,0,EF0,EST-5,07-APR-16 04:51:00
623187,2016-03-31T11:00:00+00:00,30.7979,-90.6077,455.0625,61.06259536743164,294.6279296875,293.99481201171875,100250.0,41.248722076416016,17.159863895392434,19.51768041337087,1.0,0,EF1,CST-6,31-MAR-16 04:55:00
623188,2016-03-31T11:00:00+00:00,30.8168,-90.5397,939.8125,33.04697036743164,294.1279296875,293.71356201171875,99824.0,43.187198638916016,16.10023777547731,20.72386829841537,1.0,0,EF1,CST-6,31-MAR-16 05:05:00
672707,2016-12-25T15:00:00+00:00,37.1597,-100.6967,73.0625,20.631317138671875,287.677490234375,285.35113525390625,90438.96875,19.817092895507812,2.5973452793369836,15.210167544498093,0.0,0,EF0,CST-6,25-DEC-16 08:55:00
620096,2016-02-15T23:00:00+00:00,31.4574,-86.6181,257.140625,0.35687410831451416,289.3764953613281,287.724853515625,99668.5625,33.319210052490234,17.72403744574704,23.079174801021324,1.0,0,EF1,CST-6,15-FEB-16 17:00:00
607553,2016-01-10T00:00:00+00:00,26.57,-82.037,621.1875,47.65704345703125,295.44134521484375,294.0095520019531,101025.9375,47.917335510253906,12.192804676283396,13.650863307892488,2.0,1,EF2,EST-5,09-JAN-16 18:45:00
609839,2016-01-22T01:00:00+00:00,31.3241,-89.6506,163.15625,3.048948287963867,288.2256164550781,287.43072509765625,99749.3125,31.897430419921875,9.434989056013157,20.154284625820473,2.0,1,EF2,CST-6,21-JAN-16 18:49:00
618152,2016-01-21T22:00:00+00:00,31.6989,-90.5212,31.5,56.449462890625,291.34613037109375,286.80517578125,99463.25,29.253623962402344,9.34171988247106,21.459454013748772,1.0,0,EF1,CST-6,21-JAN-16 16:26:00
618069,2016-01-08T12:00:00+00:00,24.7315,-81.0139,422.84375,237.5001220703125,297.60174560546875,293.060791015625,101319.6875,42.743709564208984,3.4518609089759034,15.455951908497076,0.0,0,EF0,EST-5,08-JAN-16 06:30:00
609325,2016-01-15T16:00:00+00:00,26.5503,-81.9126,612.5,2.822723388671875,294.87860107421875,293.35198974609375,100888.4375,54.23714828491211,17.764998542944735,15.577807611158592,1.0,0,EF1,EST-5,15-JAN-16 11:10:00
609610,2016-01-17T12:00:00+00:00,27.0873,-80.1497,92.671875,,296.19000244140625,293.9744567871094,100339.625,48.83824920654297,21.70404872614246,30.3585494606788,1.0,0,EF1,EST-5,17-JAN-16 07:13:00
626361,2016-03-24T20:00:00+00:00,31.529,-86.7244,582.375,32.95315933227539,292.524169921875,289.6361083984375,100125.8125,43.320396423339844,15.167195448785138,15.754025655357793,0.0,0,EF0,CST-6,24-MAR-16 13:30:00
612839,2016-02-24T18:00:00+00:00,34.998,-78.089,688.59375,9.906486511230469,294.687744140625,291.57330322265625,99908.4375,36.589874267578125,23.386272423261964,28.232054509658,0.0,0,EF0,EST-5,24-FEB-16 12:57:00
612840,2016-02-24T18:00:00+00:00,35.16,-77.974,532.34375,26.85961151123047,294.914306640625,291.30865478515625,99820.4375,36.204132080078125,21.276088206373895,28.73811927986251,1.0,0,EF1,EST-5,24-FEB-16 13:13:00
612163,2016-01-22T00:00:00+00:00,30.8872,-90.5192,250.46875,3.9218783378601074,289.2794494628906,288.44512939453125,99957.375,32.36268615722656,11.450136706431582,23.076125335929728,1.0,0,EF1,CST-6,21-JAN-16 17:58:00
611445,2016-01-27T15:00:00+00:00,26.2349,-80.1809,780.65625,16.390670776367188,296.99884033203125,295.06488037109375,101645.125,51.900970458984375,11.868668720018185,12.692886914731183,1.0,0,EF1,EST-5,27-JAN-16 09:30:00
611448,2016-01-28T16:00:00+00:00,26.4568,-80.1025,199.78125,17.77754020690918,296.4141540527344,294.42926025390625,101237.375,53.87445831298828,11.70411999024893,15.812709292733887,0.0,0,EF0,EST-5,28-JAN-16 10:32:00
613908,2016-02-24T18:00:00+00:00,27.65,-82.06,417.21875,1.4846115112304688,296.181884765625,293.92486572265625,100689.4375,42.982452392578125,10.790478543617219,12.56779311307598,0.0,0,EF0,EST-5,24-FEB-16 12:45:00
613909,2016-02-24T18:00:00+00:00,27.0071,-82.1425,696.59375,1.6408615112304688,294.742431640625,293.34088134765625,101172.4375,46.816436767578125,10.313243039701238,11.46080416566175,0.0,0,EF0,EST-5,24-FEB-16 13:15:00
613910,2016-02-24T18:00:00+00:00,26.9991,-82.0391,955.0,1.7502365112304688,296.651611328125,294.41021728515625,101105.4375,45.669952392578125,11.806912824113677,11.245576097269682,1.0,0,EF1,EST-5,24-FEB-16 13:22:00
613408,2016-02-23T17:00:00+00:00,29.9757,-90.2727,479.375,1.1976393461227417,292.96240234375,290.97467041015625,100570.9375,35.28900146484375,8.206008011148057,15.270585129040098,0.0,0,EF0,CST-6,23-FEB-16 11:11:00
617686,2016-02-23T22:00:00+00:00,30.2195,-90.4354,468.71875,78.06059265136719,292.67376708984375,291.4958801269531,99729.0625,42.456016540527344,16.925926968021713,22.125069510840994,1.0,0,EF1,CST-6,23-FEB-16 16:15:00
617793,2016-02-03T02:00:00+00:00,33.8779,-88.021,230.5,0.2719516456127167,292.8722229003906,290.85223388671875,98860.5625,42.68072509765625,22.322912025134947,24.930835162890983,1.0,0,EF1,CST-6,02-FEB-16 20:10:00
617799,2016-02-03T05:00:00+00:00,33.3956,-88.1635,496.3125,63.75006103515625,292.92401123046875,291.62371826171875,99811.625,43.243629455566406,15.599951896312099,25.365458966681107,0.0,0,EF0,CST-6,02-FEB-16 23:02:00
611765,2016-02-16T14:00:00+00:00,34.8206,-76.4499,101.71875,8.617663383483887,289.47772216796875,287.98883056640625,100509.0625,34.730262756347656,19.60992712320215,28.367372288284262,1.0,0,EF1,EST-5,16-FEB-16 08:51:00
613902,2016-02-24T17:00:00+00:00,27.54,-82.2,804.4375,1.4150371551513672,296.688720703125,294.1935119628906,100947.0,45.10469055175781,12.07469089674587,13.401477114051085,1.0,0,EF1,EST-5,24-FEB-16 12:27:00
618744,2016-02-02T23:00:00+00:00,35.7673,-89.1677,456.5,1.2931978702545166,292.3974609375,290.6463623046875,98848.6875,39.45642852783203,14.741524756030934,25.75398374388469,1.0,0,EF1,CST-6,02-FEB-16 16:55:00
620645,2016-02-23T22:00:00+00:00,33.3941,-87.9672,18.78125,35.35746765136719,291.89349365234375,289.9187316894531,99004.0625,33.194297790527344,16.67678337393184,15.839569781195372,0.0,0,EF0,CST-6,23-FEB-16 16:22:00
609339,2016-01-17T08:00:00+00:00,27.253,-82.5396,554.625,42.312503814697266,292.9901123046875,292.19573974609375,100180.0625,47.83198165893555,17.05407983548166,26.225694064233227,2.0,1,EF2,EST-5,17-JAN-16 03:10:00
609389,2016-01-17T09:00:00+00:00,27.538,-82.219,422.1875,15.484431266784668,293.27301025390625,292.56884765625,99911.875,49.153663635253906,21.726857581915773,28.111277490923644,2.0,1,EF2,EST-5,17-JAN-16 03:35:00
624029,2016-04-01T22:00:00+00:00,31.24,-82.66,73.875,31.67188262939453,294.084716796875,293.02587890625,100540.0625,41.49192810058594,9.750723263883804,21.05451543632802,1.0,0,EF1,EST-5,01-APR-16 16:35:00
620647,2016-02-24T00:00:00+00:00,34.2265,-87.9189,36.4375,13.828129768371582,290.1162109375,289.00982666015625,97823.75,33.376468658447266,14.119860530393439,19.538244345861024,1.0,0,EF1,CST-6,23-FEB-16 18:01:00
620651,2016-02-24T10:00:00+00:00,33.1593,-86.6673,0.5,,285.89007568359375,283.52850341796875,97491.3125,15.261578559875488,14.22590737967918,22.644812326943676,0.0,0,EF0,CST-6,24-FEB-16 04:04:00
621830,2016-02-24T00:00:00+00:00,31.4358,-88.5273,56.3125,1.875004529953003,293.0244140625,291.83306884765625,99067.75,40.274906158447266,19.675645832655352,29.709754162828776,1.0,0,EF1,CST-6,23-FEB-16 17:46:00
619394,2016-04-07T07:00:00+00:00,31.619,-84.8746,163.9375,7.416362285614014,289.510009765625,287.9359130859375,100077.1875,26.263729095458984,14.49425680246296,14.02135681528483,1.0,0,EF1,EST-5,07-APR-16 01:41:00
621846,2016-02-24T02:00:00+00:00,30.5333,-87.1318,883.875,0.11440616846084595,293.5946350097656,291.8086242675781,100031.3125,40.72964859008789,18.16138947284412,19.734405602258043,1.0,0,EF1,CST-6,23-FEB-16 20:17:00
608600,2016-01-22T08:00:00+00:00,30.8969,-86.1972,434.90625,0.7500736117362976,289.75335693359375,288.4147033691406,99913.125,34.74679946899414,18.79466407304418,24.320081991886717,0.0,0,EF0,CST-6,22-JAN-16 01:44:00
608601,2016-01-22T10:00:00+00:00,30.3563,-85.3032,15.25,2.240877628326416,289.74658203125,288.4450378417969,100223.875,32.212615966796875,16.24695302317127,25.878200647921485,0.0,0,EF0,CST-6,22-JAN-16 03:49:00
617692,2016-02-23T22:00:00+00:00,30.9619,-89.7115,56.96875,147.6074676513672,292.62493896484375,291.4880676269531,98915.0625,40.711875915527344,23.778604809078306,31.39167074875913,1.0,0,EF1,CST-6,23-FEB-16 15:50:00
617693,2016-02-23T22:00:00+00:00,30.686,-89.7812,80.4375,127.20121765136719,292.95306396484375,291.7995910644531,99217.0625,41.991172790527344,23.99533311392879,30.418218378877544,1.0,0,EF1,CST-6,23-FEB-16 15:49:00
617672,2016-02-23T19:00:00+00:00,30.6935,-90.5878,390.90625,1.0468873977661133,292.958984375,290.98736572265625,99627.8125,40.50487518310547,13.992009722701903,19.081106152980823,0.0,0,EF0,CST-6,23-FEB-16 13:14:00
615294,2016-02-15T17:00:00+00:00,32.3762,-90.3166,227.6875,22.468809127807617,288.2664794921875,287.0697021484375,99773.875,30.121971130371094,17.97387652143714,18.85706599284727,0.0,0,EF0,CST-6,15-FEB-16 11:00:00
615305,2016-02-15T19:00:00+00:00,33.0346,-89.2791,222.4375,2.609511613845825,287.32281494140625,286.11004638671875,98767.625,30.049034118652344,20.76157123222487,24.600315223905383,1.0,0,EF1,CST-6,15-FEB-16 12:45:00
615101,2016-02-02T22:00:00+00:00,32.7303,-88.5776,33.5,0.6351015567779541,295.56756591796875,294.07470703125,99572.5625,34.94563293457031,19.003658635912004,23.637166925198905,2.0,1,EF2,CST-6,02-FEB-16 15:53:00
612169,2016-02-15T19:00:00+00:00,31.0721,-90.1828,483.8125,11.656386375427246,291.45953369140625,289.55047607421875,99640.625,31.428916931152344,15.855204611724826,20.888615335140454,1.0,0,EF1,CST-6,15-FEB-16 13:15:00
615301,2016-02-15T18:00:00+00:00,32.8155,-89.6062,150.5,0.15566366910934448,287.0072937011719,286.1898193359375,99364.5,29.576658248901367,21.140574707709252,20.87225119952883,1.0,0,EF1,CST-6,15-FEB-16 12:15:00
616379,2016-02-15T18:00:00+00:00,31.696,-90.4023,477.0625,0.5462886691093445,289.6781921386719,288.2025146484375,99445.5,32.25830078125,15.693745169548423,18.917915234854974,2.0,1,EF2,CST-6,15-FEB-16 12:10:00
640452,2016-04-27T23:00:00+00:00,39.305,-89.5999,160.625,3.531522035598755,293.595703125,290.67840576171875,98084.25,25.36831283569336,7.73604987180336,14.992573906765616,0.0,0,EF0,CST-6,27-APR-16 17:23:00
626977,2016-05-26T21:00:00+00:00,39.0938,-95.8586,4266.5,317.67193603515625,298.31201171875,292.757568359375,96951.3125,38.97583770751953,12.57782254265716,7.908597570278634,0.0,0,EF0,CST-6,26-MAY-16 15:06:00
615312,2016-02-15T19:00:00+00:00,31.9468,-89.6273,482.21875,0.2501366436481476,289.24468994140625,288.38153076171875,99269.625,31.958213806152344,16.913702154196177,20.017017083625337,0.0,0,EF0,CST-6,15-FEB-16 13:24:00
615102,2016-02-02T22:00:00+00:00,32.9289,-88.4023,52.8125,0.6976015567779541,295.13104248046875,293.75439453125,99645.5625,35.55696105957031,19.099916785253438,24.702752316732493,0.0,0,EF0,CST-6,02-FEB-16 16:18:00
620331,2016-02-24T22:00:00+00:00,36.3496,-78.5443,1208.25,0.1875043511390686,292.857177734375,290.9960632324219,97833.4375,31.186023712158203,20.562828594816892,33.739540095476,2.0,1,EF2,EST-5,24-FEB-16 16:32:00
616380,2016-02-15T19:00:00+00:00,31.7951,-90.1449,425.875,3.890761613845825,289.78765869140625,288.62176513671875,99447.625,32.294151306152344,14.38102677073534,19.326682187552997,1.0,0,EF1,CST-6,15-FEB-16 12:34:00
615315,2016-02-15T20:00:00+00:00,31.9934,-89.4087,286.15625,2.23126482963562,288.93603515625,287.21221923828125,99193.75,31.455230712890625,15.881094806830472,21.144767776530706,1.0,0,EF1,CST-6,15-FEB-16 13:43:00
623258,2016-03-30T22:00:00+00:00,37.1357,-96.5858,519.625,31.37508773803711,297.23974609375,289.22607421875,95730.75,26.657150268554688,3.1656779830206934,19.999032926612532,0.0,0,EF0,CST-6,30-MAR-16 15:48:00
640269,2016-04-26T18:00:00+00:00,38.6822,-90.9558,1796.0,102.79688262939453,296.145263671875,289.82550048828125,98518.375,31.12141227722168,1.583835718585761,11.698475004791984,0.0,0,EF0,CST-6,26-APR-16 12:24:00
623766,2016-03-08T13:00:00+00:00,32.0833,-98.3435,314.3125,1.6407651901245117,289.54046630859375,288.45135498046875,96269.4375,32.62192916870117,12.494852071541947,17.906776304919827,0.0,0,EF0,CST-6,08-MAR-16 06:30:00
623768,2016-03-08T13:00:00+00:00,32.2055,-98.2172,314.3125,1.6407651901245117,289.54046630859375,288.45135498046875,96269.4375,32.62192916870117,12.494852071541947,17.906776304919827,1.0,0,EF1,CST-6,08-MAR-16 06:55:00
624730,2016-04-30T03:00:00+00:00,32.349,-94.2631,122.125,161.98443603515625,295.908203125,294.08740234375,99385.1875,42.36779022216797,19.98950905827815,25.50697386877265,1.0,0,EF1,CST-6,29-APR-16 21:21:00
615098,2016-02-02T21:00:00+00:00,32.4685,-88.8749,1079.6875,1.4050685167312622,295.3895263671875,293.40313720703125,99159.375,37.85464859008789,19.392948261638015,21.005635913655635,2.0,1,EF2,CST-6,02-FEB-16 15:19:00
617681,2016-02-23T17:00:00+00:00,30.1324,-91.1811,493.75,14.853889465332031,293.96826171875,291.51275634765625,100338.9375,35.55755615234375,8.871123884990396,19.03263069558719,0.0,0,EF0,CST-6,23-FEB-16 11:20:00
613425,2016-02-23T18:00:00+00:00,30.3176,-90.9804,728.25,3.891592502593994,294.40087890625,292.65142822265625,100105.4375,39.257904052734375,9.638931709647688,20.224485496566768,0.0,0,EF0,CST-6,23-FEB-16 12:08:00
617685,2016-02-23T21:00:00+00:00,30.1199,-91.1733,300.1875,84.42192077636719,291.975830078125,291.1410217285156,99913.8125,34.10857391357422,13.595250515360405,22.257679585088635,0.0,0,EF0,CST-6,23-FEB-16 15:10:00
620330,2016-02-24T18:00:00+00:00,35.2169,-77.9213,532.34375,26.85961151123047,294.914306640625,291.30865478515625,99820.4375,36.204132080078125,21.276088206373895,28.73811927986251,0.0,0,EF0,EST-5,24-FEB-16 13:10:00
618443,2016-02-23T22:00:00+00:00,31.0024,-89.7044,56.96875,147.6074676513672,292.62493896484375,291.4880676269531,98915.0625,40.711875915527344,23.778604809078306,31.39167074875913,1.0,0,EF1,CST-6,23-FEB-16 15:54:00
616787,2016-02-23T22:00:00+00:00,31.0586,-89.6481,42.34375,,292.20697021484375,291.1296691894531,98734.0625,39.057579040527344,23.55031004084697,31.844460206268277,0.0,0,EF0,CST-6,23-FEB-16 16:07:00
624242,2016-03-08T14:00:00+00:00,32.4571,-97.7586,151.875,10.218819618225098,289.527587890625,288.74169921875,97617.4375,35.59239196777344,8.311671267891446,10.17593251422045,0.0,0,EF0,CST-6,08-MAR-16 07:36:00
617674,2016-02-23T21:00:00+00:00,29.9903,-91.0794,344.5,34.62504959106445,292.668212890625,291.5580139160156,100006.8125,37.20427703857422,13.139020797283747,20.463982174351756,3.0,1,EF3,CST-6,23-FEB-16 15:21:00
613449,2016-02-23T22:00:00+00:00,30.0408,-90.9632,621.8125,67.04496765136719,293.08978271484375,292.0544738769531,99752.0625,39.425743103027344,16.547103071124454,18.743591043586328,2.0,1,EF2,CST-6,23-FEB-16 15:31:00
617687,2016-02-23T23:00:00+00:00,30.3779,-90.1613,810.25,,292.3653564453125,291.5053405761719,99637.75,40.3254508972168,14.835330313688639,18.360890871664115,0.0,0,EF0,CST-6,23-FEB-16 16:41:00
614979,2016-03-14T18:00:00+00:00,39.882,-84.4272,707.125,22.45314598083496,291.148681640625,288.2204895019531,96960.0625,27.874507904052734,6.935812143882608,8.337640155345017,1.0,0,EF1,EST-5,14-MAR-16 13:16:00
616381,2016-02-15T20:00:00+00:00,32.0506,-89.3413,385.25,2.80938982963562,288.77392578125,287.33428955078125,99315.75,31.702301025390625,17.37854863377257,23.73160953905257,1.0,0,EF1,CST-6,15-FEB-16 13:52:00
616801,2016-02-23T22:00:00+00:00,31.2265,-89.423,22.3125,,292.22259521484375,291.1950988769531,98784.0625,37.879844665527344,20.75601028562502,29.303906221664857,1.0,0,EF1,CST-6,23-FEB-16 16:29:00
615905,2016-02-24T00:00:00+00:00,30.9574,-89.3334,653.1875,,292.90625,292.19537353515625,98863.75,43.677249908447266,26.723865634800337,28.796240075585946,0.0,0,EF0,CST-6,23-FEB-16 18:01:00
620759,2016-02-24T22:00:00+00:00,36.3759,-78.5105,1208.25,0.1875043511390686,292.857177734375,290.9960632324219,97833.4375,31.186023712158203,20.562828594816892,33.739540095476,2.0,1,EF2,EST-5,24-FEB-16 16:35:00
617675,2016-02-23T23:00:00+00:00,30.0732,-90.5067,756.0,29.55267906188965,292.1934814453125,291.2465515136719,99794.75,38.3820915222168,14.796091518074867,16.398144137433395,2.0,1,EF2,CST-6,23-FEB-16 16:32:00
622057,2016-02-25T00:00:00+00:00,41.7153,-76.2871,119.75,,282.965576171875,281.75286865234375,94555.6875,28.872421264648438,18.54430402267769,30.900647945525098,1.0,0,EF1,EST-5,24-FEB-16 19:20:00
619494,2016-04-01T00:00:00+00:00,31.07,-84.27,145.0,,297.577392578125,290.747314453125,100248.875,41.882774353027344,9.923420619361558,12.089765491791722,0.0,0,EF0,EST-5,31-MAR-16 18:38:00
616653,2016-03-24T04:00:00+00:00,36.6784,-93.578,771.125,16.2475528717041,291.3284912109375,287.94818115234375,96295.0625,28.358522415161133,13.822635083632305,16.32779466770631,1.0,0,EF1,CST-6,23-MAR-16 22:08:00
615433,2016-03-14T18:00:00+00:00,39.9615,-84.5441,707.125,22.45314598083496,291.148681640625,288.2204895019531,96960.0625,27.874507904052734,6.935812143882608,8.337640155345017,1.0,0,EF1,EST-5,14-MAR-16 13:26:00
631419,2016-04-18T00:00:00+00:00,28.29,-99.0,1179.125,123.55326843261719,301.4921875,295.4278564453125,99542.0,30.489944458007812,4.632139361689897,9.374001803349355,0.0,0,EF0,CST-6,17-APR-16 18:24:00
616788,2016-02-23T22:00:00+00:00,31.1157,-89.5159,22.3125,,292.22259521484375,291.1950988769531,98784.0625,37.879844665527344,20.75601028562502,29.303906221664857,2.0,1,EF2,CST-6,23-FEB-16 16:15:00
615885,2016-02-23T23:00:00+00:00,32.8184,-90.2652,19.125,67.41205596923828,290.5098876953125,289.4164733886719,98862.75,32.7190055847168,16.817680814129126,16.018064631412955,0.0,0,EF0,CST-6,23-FEB-16 16:42:00
615895,2016-02-23T23:00:00+00:00,31.7717,-90.0531,224.125,47.162052154541016,291.5020751953125,290.5668640136719,98393.75,35.6477165222168,20.93601253681561,24.374347895624734,0.0,0,EF0,CST-6,23-FEB-16 16:46:00
639391,2016-05-30T15:00:00+00:00,27.9722,-97.4104,2751.1875,330.90631103515625,300.41259765625,294.818603515625,101517.25,44.568031311035156,1.3043597565220384,4.1839906069478054,0.0,0,EF0,CST-6,30-MAY-16 08:54:00
620444,2016-02-15T22:00:00+00:00,32.2352,-86.0243,75.078125,4.093838691711426,289.95526123046875,285.15087890625,99416.625,28.215679168701172,16.662158225535283,20.893540783392503,0.0,0,EF0,CST-6,15-FEB-16 16:00:00
614677,2016-02-24T21:00:00+00:00,36.0594,-78.945,1213.75,0.05625743418931961,292.433837890625,290.75164794921875,97703.625,30.106327056884766,20.50975560194119,30.451677718903944,1.0,0,EF1,EST-5,24-FEB-16 16:00:00
624726,2016-04-30T01:00:00+00:00,31.8142,-95.0391,754.375,12.45317268371582,296.12646484375,293.9677734375,98873.9375,51.733123779296875,16.64915479413368,23.280837940212443,1.0,0,EF1,CST-6,29-APR-16 18:54:00
618525,2016-03-13T03:00:00+00:00,36.551,-88.3257,75.125,122.0313491821289,290.27880859375,289.42041015625,99594.8125,33.8831787109375,11.693285560012201,11.271757827695033,0.0,0,EF0,CST-6,12-MAR-16 21:22:00
613442,2016-02-23T19:00:00+00:00,30.496,-90.7592,242.65625,0.3593873977661133,292.7353515625,291.33990478515625,99913.8125,42.38182830810547,14.933420185902731,20.961359910537865,2.0,1,EF2,CST-6,23-FEB-16 12:42:00
617677,2016-02-23T23:00:00+00:00,30.32,-89.9692,1057.1875,76.34955596923828,292.5362548828125,291.4819030761719,99604.75,44.5949821472168,17.640196975689136,22.72252219860905,0.0,0,EF0,CST-6,23-FEB-16 17:13:00
617791,2016-02-03T00:00:00+00:00,33.5399,-87.9153,261.6875,0.05828437581658363,293.9673156738281,292.48602294921875,99586.1875,42.42778015136719,20.126795571445413,22.701526385677823,1.0,0,EF1,CST-6,02-FEB-16 17:36:00
624793,2016-04-30T06:00:00+00:00,32.6301,-94.3715,1279.875,112.96882629394531,295.391357421875,293.716064453125,99319.5625,48.74102783203125,19.58334390707186,23.845300341981254,1.0,0,EF1,CST-6,29-APR-16 23:34:00
620462,2016-02-16T01:00:00+00:00,32.4706,-85.1857,113.453125,7.242552280426025,286.8360595703125,284.0204772949219,99054.125,30.16745376586914,18.051161636545135,24.1492081432639,0.0,0,EF0,CST-6,15-FEB-16 19:07:00
624725,2016-04-30T01:00:00+00:00,31.598,-95.116,1291.25,32.45317077636719,297.27001953125,294.587890625,98955.9375,53.251678466796875,17.229509027189476,23.049258349208912,2.0,1,EF2,CST-6,29-APR-16 18:33:00
617789,2016-02-02T23:00:00+00:00,33.0273,-88.3177,205.1875,0.2775728106498718,294.9169921875,293.3543701171875,100061.6875,39.57166290283203,18.867333085943528,22.8313797347587,2.0,1,EF2,CST-6,02-FEB-16 16:34:00
620453,2016-02-16T01:00:00+00:00,32.3952,-85.2546,113.453125,7.242552280426025,286.8360595703125,284.0204772949219,99054.125,30.16745376586914,18.051161636545135,24.1492081432639,0.0,0,EF0,CST-6,15-FEB-16 19:00:00
620446,2016-02-16T00:00:00+00:00,31.6617,-85.8398,290.234375,0.4532269239425659,288.7716064453125,285.8865966796875,99301.0,33.06416320800781,17.42672662139331,22.381695270776692,1.0,0,EF1,CST-6,15-FEB-16 18:20:00
626926,2016-05-26T02:00:00+00:00,38.85,-96.5614,3080.75,100.0937728881836,300.077392578125,294.3574523925781,96252.5625,28.0261287689209,12.156015841494401,17.80160675418229,1.0,0,EF1,CST-6,25-MAY-16 20:27:00
626933,2016-05-26T03:00:00+00:00,38.7743,-96.1443,5474.375,299.8339538574219,299.36279296875,293.543701171875,96420.0,30.9039363861084,14.182175869456582,13.515571210240955,1.0,0,EF1,CST-6,25-MAY-16 21:25:00
626950,2016-05-26T19:00:00+00:00,39.1976,-96.3104,5590.75,0.3572322726249695,298.261474609375,292.740234375,96683.8125,42.815757751464844,5.42934561005233,10.773587665793888,1.0,0,EF1,CST-6,26-MAY-16 13:20:00
618773,2016-03-28T01:00:00+00:00,37.1179,-87.3237,549.375,8.405607223510742,291.126220703125,288.24810791015625,99251.5625,30.4844970703125,13.604172699615477,17.303640255025538,0.0,0,EF0,CST-6,27-MAR-16 18:35:00
620448,2016-02-16T01:00:00+00:00,32.4,-85.3476,141.25,6.820677280426025,286.7491455078125,284.3505554199219,98958.125,29.36960220336914,17.968924173417513,22.77607625016062,1.0,0,EF1,CST-6,15-FEB-16 18:57:00
612796,2016-02-25T01:00:00+00:00,40.01,-76.0297,979.8125,0.8348557353019714,289.232177734375,287.6409912109375,97613.3125,34.006622314453125,23.24848452178641,32.84403503414491,2.0,1,EF2,EST-5,24-FEB-16 19:38:00
615099,2016-02-02T22:00:00+00:00,32.5775,-88.761,127.1875,0.2288515716791153,295.47772216796875,293.85107421875,99156.5625,37.00813293457031,18.3868643065193,23.6067539888532,1.0,0,EF1,CST-6,02-FEB-16 15:32:00
615896,2016-02-23T22:00:00+00:00,31.3955,-90.5334,109.0625,50.73246765136719,291.07611083984375,290.2742004394531,98213.0625,36.337852478027344,16.646605054654163,23.081624547191964,1.0,0,EF1,CST-6,23-FEB-16 15:45:00
624721,2016-04-29T23:00:00+00:00,32.5007,-95.3712,1281.625,60.06779479980469,294.408203125,292.8741455078125,98520.0,51.16157531738281,14.517094664575628,27.28710445125066,2.0,1,EF2,CST-6,29-APR-16 16:55:00
624723,2016-04-29T23:00:00+00:00,32.7292,-95.1529,788.5,42.45841979980469,294.482421875,292.7354736328125,98691.0,48.57563781738281,15.75402313834766,30.509387865266742,1.0,0,EF1,CST-6,29-APR-16 17:26:00
620465,2016-02-23T12:00:00+00:00,29.2382,-95.8865,538.546875,7.979228973388672,290.951171875,290.0139465332031,100160.3125,38.701202392578125,11.646293939452105,22.335709792786652,0.0,0,EF0,CST-6,23-FEB-16 05:53:00
616382,2016-02-15T20:00:00+00:00,32.0641,-89.3224,338.5625,4.465640068054199,288.11962890625,286.78253173828125,99076.75,31.664215087890625,18.02758577840904,21.83082919290831,1.0,0,EF1,CST-6,15-FEB-16 13:54:00
616745,2016-02-15T16:00:00+00:00,30.9533,-91.9219,893.9375,8.593927383422852,291.19219970703125,290.0816650390625,100778.1875,31.68572235107422,18.483964784352654,18.41537142628577,0.0,0,EF0,CST-6,15-FEB-16 10:22:00
624246,2016-03-08T18:00:00+00:00,32.0112,-96.1692,1508.4375,7.0669145584106445,291.02099609375,289.72613525390625,99545.6875,44.69125747680664,11.766327799862083,13.476371619333069,1.0,0,EF1,CST-6,08-MAR-16 12:23:00
625551,2016-03-24T19:00:00+00:00,30.1915,-93.186,0.0625,,292.439208984375,282.8079833984375,101066.3125,23.058656692504883,2.965292993863253,19.478816139158713,1.0,0,EF1,CST-6,24-MAR-16 12:45:00
624722,2016-04-29T23:00:00+00:00,32.5738,-95.2789,788.5,42.45841979980469,294.482421875,292.7354736328125,98691.0,48.57563781738281,15.75402313834766,30.509387865266742,1.0,0,EF1,CST-6,29-APR-16 17:06:00
615096,2016-02-02T21:00:00+00:00,32.2441,-89.157,1038.0625,0.764443576335907,295.1239013671875,293.27423095703125,99193.375,38.45523452758789,18.83276029836227,20.19184057201572,1.0,0,EF1,CST-6,02-FEB-16 14:48:00
621429,2016-02-03T18:00:00+00:00,35.7989,-80.3185,59.78125,,290.86712646484375,289.74127197265625,98726.5,43.217262268066406,20.5839958633531,19.684322611675587,0.0,0,EF0,EST-5,03-FEB-16 13:02:00
624247,2016-03-08T19:00:00+00:00,32.1285,-96.0874,1462.5,3.3622729778289795,289.969970703125,289.4781188964844,99344.25,43.5077018737793,11.759581240820882,10.299904043878811,0.0,0,EF0,CST-6,08-MAR-16 12:37:00
624637,2016-03-27T22:00:00+00:00,35.9651,-88.1419,610.75,55.031375885009766,290.8017578125,288.69744873046875,99301.75,29.11443328857422,9.906163261093932,16.34970577666035,1.0,0,EF1,CST-6,27-MAR-16 16:24:00
618768,2016-03-28T00:00:00+00:00,37.05,-87.5779,598.0625,32.5839729309082,290.971923828125,288.1458740234375,98986.1875,29.347166061401367,14.968505399179937,15.850390448980887,0.0,0,EF0,CST-6,27-MAR-16 18:11:00
621431,2016-02-03T18:00:00+00:00,35.8451,-80.1522,65.28125,,290.49700927734375,289.33990478515625,98392.5,42.107887268066406,18.963468761906938,20.2804647833581,1.0,0,EF1,EST-5,03-FEB-16 13:14:00
623400,2016-03-31T22:00:00+00:00,35.5957,-87.6105,40.125,115.06256103515625,294.870361328125,289.889892578125,98025.8125,29.33169174194336,9.02955949501211,23.975373405194333,0.0,0,EF0,CST-6,31-MAR-16 15:45:00
623399,2016-03-31T22:00:00+00:00,35.5344,-87.6875,58.375,129.84381103515625,294.576416015625,290.024658203125,97669.8125,30.08755111694336,9.245688896231535,23.688417982651224,0.0,0,EF0,CST-6,31-MAR-16 15:36:00
618767,2016-03-28T00:00:00+00:00,36.9801,-87.6681,522.25,25.24022102355957,290.428955078125,287.9437255859375,99087.1875,29.503416061401367,14.43778918594537,15.812612220892888,2.0,1,EF2,CST-6,27-MAR-16 18:00:00
619455,2016-03-31T19:00:00+00:00,37.6511,-87.1286,538.3125,73.53147888183594,294.029296875,289.662109375,98662.0,28.475265502929688,6.369275785446744,13.574341184501272,1.0,0,EF1,CST-6,31-MAR-16 13:02:00
615105,2016-02-02T23:00:00+00:00,32.98,-88.57,361.3125,0.5275728106498718,294.9228515625,293.0526123046875,99770.6875,41.57947540283203,18.571637422640368,22.893993317962867,1.0,0,EF1,CST-6,02-FEB-16 17:27:00
615110,2016-02-03T01:00:00+00:00,32.6071,-89.1547,679.1875,0.03154568746685982,294.5624084472656,292.45013427734375,98952.0625,45.93567657470703,20.438267369034754,25.612555041874746,1.0,0,EF1,CST-6,02-FEB-16 18:39:00
618164,2016-02-23T21:00:00+00:00,29.8177,-91.538,469.53125,34.04692459106445,293.173095703125,291.5462951660156,100002.8125,34.51384735107422,13.8403855185628,21.495632952236434,1.0,0,EF1,CST-6,23-FEB-16 14:37:00
614874,2016-02-03T22:00:00+00:00,31.8717,-81.6247,4.4375,34.90077209472656,295.1444091796875,293.2005615234375,101031.5,44.433467864990234,14.964510824109764,18.821259759123155,0.0,0,EF0,EST-5,03-FEB-16 17:00:00
615413,2016-03-14T18:00:00+00:00,39.9773,-84.4653,707.125,22.45314598083496,291.148681640625,288.2204895019531,96960.0625,27.874507904052734,6.935812143882608,8.337640155345017,0.0,0,EF0,EST-5,14-MAR-16 13:26:00
624732,2016-04-30T04:00:00+00:00,32.5287,-94.1199,335.5,197.3596649169922,295.946533203125,294.050537109375,99346.1875,40.934783935546875,19.021835273431964,26.680301119850196,1.0,0,EF1,CST-6,29-APR-16 21:46:00
633106,2016-05-09T23:00:00+00:00,33.9647,-95.9914,2232.5,36.531314849853516,296.849365234375,294.2900390625,98373.4375,33.593353271484375,12.191287013679188,18.88927619268996,2.0,1,EF2,CST-6,09-MAY-16 17:22:00
616654,2016-03-24T04:00:00+00:00,36.6784,-93.578,771.125,16.2475528717041,291.3284912109375,287.94818115234375,96295.0625,28.358522415161133,13.822635083632305,16.32779466770631,1.0,0,EF1,CST-6,23-MAR-16 22:11:00
638026,2016-05-09T23:00:00+00:00,34.419,-96.492,2201.1875,339.20318603515625,295.781982421875,291.7451171875,97425.4375,27.910734176635742,9.963940466094002,20.756064111171302,0.0,0,EF0,CST-6,09-MAY-16 16:33:00
625282,2016-03-31T21:00:00+00:00,35.0756,-88.2889,953.0,88.6718978881836,295.781982421875,290.7734375,98576.8125,31.224285125732422,7.4823963931128805,16.886405203656757,1.0,0,EF1,CST-6,31-MAR-16 15:28:00
614978,2016-03-14T18:00:00+00:00,39.694,-84.5835,667.6875,45.296897888183594,291.268798828125,287.7117004394531,97184.0625,28.006343841552734,7.4182765619155004,10.844780940908294,1.0,0,EF1,EST-5,14-MAR-16 12:38:00
615445,2016-03-14T19:00:00+00:00,39.9782,-84.4268,803.9375,5.409458637237549,291.211181640625,287.6134033203125,96864.375,27.270883560180664,6.737415272004036,8.319825256604247,0.0,0,EF0,EST-5,14-MAR-16 13:30:00
621862,2016-02-24T20:00:00+00:00,36.1953,-76.7638,391.5,3.234550714492798,294.338134765625,290.6700744628906,99940.5625,36.543983459472656,21.306078880401127,26.157267344101648,0.0,0,EF0,EST-5,24-FEB-16 14:54:00
623398,2016-03-31T22:00:00+00:00,35.5523,-87.7379,58.375,129.84381103515625,294.576416015625,290.024658203125,97669.8125,30.08755111694336,9.245688896231535,23.688417982651224,0.0,0,EF0,CST-6,31-MAR-16 15:31:00
624047,2016-03-14T01:00:00+00:00,34.5391,-90.9558,573.75,37.609622955322266,292.48828125,286.89404296875,99955.25,30.724315643310547,12.899995643378771,18.282693681906817,0.0,0,EF0,CST-6,13-MAR-16 18:54:00
624050,2016-03-14T02:00:00+00:00,35.3298,-90.5826,172.1875,,290.971923828125,286.5651550292969,99753.375,29.74946403503418,13.888450706377814,15.97451422648151,1.0,0,EF1,CST-6,13-MAR-16 20:10:00
624996,2016-03-24T18:00:00+00:00,41.3747,-86.8731,80.5625,,281.3583984375,280.4375,97205.0625,25.248214721679688,14.52588981348294,19.38569130694139,0.0,0,EF0,CST-6,24-MAR-16 12:26:00
639308,2016-05-23T00:00:00+00:00,38.0628,-101.1347,2077.625,201.29689025878906,297.806884765625,292.3209228515625,89633.0625,26.161354064941406,0.13763649864291544,13.569631453138657,1.0,0,EF1,CST-6,22-MAY-16 18:12:00
639310,2016-05-23T00:00:00+00:00,38.1383,-101.1782,2077.625,201.29689025878906,297.806884765625,292.3209228515625,89633.0625,26.161354064941406,0.13763649864291544,13.569631453138657,0.0,0,EF0,CST-6,22-MAY-16 18:29:00
631005,2016-04-27T11:00:00+00:00,30.7403,-94.0229,1778.5,145.01565551757812,293.626953125,292.4634094238281,100043.1875,43.64826965332031,8.946861690532003,15.26252401635934,1.0,0,EF1,CST-6,27-APR-16 05:22:00
624318,2016-04-27T20:00:00+00:00,40.9737,-95.048,834.375,14.004417419433594,289.072265625,286.2474365234375,95897.125,19.969257354736328,4.064122563470726,9.145258135284706,1.0,0,EF1,CST-6,27-APR-16 14:14:00
619395,2016-04-07T07:00:00+00:00,31.6063,-84.8179,173.78125,15.244486808776855,289.592041015625,288.2425537109375,99974.1875,26.270565032958984,15.001951822437713,13.908471346113176,2.0,1,EF2,EST-5,07-APR-16 01:45:00
619381,2016-04-07T11:00:00+00:00,27.9723,-82.7178,269.4375,23.828264236450195,293.78997802734375,291.47235107421875,101392.8125,29.756032943725586,7.9328944365476985,11.694074760405735,0.0,0,EF0,EST-5,07-APR-16 05:55:00
620725,2016-02-24T20:00:00+00:00,37.2283,-78.8641,578.5625,0.2970505952835083,290.033447265625,288.3937072753906,97239.5625,29.700233459472656,17.850928432342357,32.873951986876996,0.0,0,EF0,EST-5,24-FEB-16 15:27:00
624988,2016-03-24T19:00:00+00:00,41.7925,-86.1027,84.6875,,283.735107421875,282.2620849609375,96867.3125,25.452211380004883,14.738780325734378,17.791270187536806,0.0,0,EF0,EST-5,24-MAR-16 14:14:00
625043,2016-04-27T23:00:00+00:00,37.6886,-87.1343,491.75,76.26589965820312,295.33984375,291.41961669921875,99187.25,42.20327377319336,8.591779021999496,12.73519781702491,0.0,0,EF0,CST-6,27-APR-16 17:22:00
625045,2016-04-28T00:00:00+00:00,37.7682,-87.0605,371.625,90.15625762939453,293.884521484375,290.89874267578125,99161.625,42.169921875,7.947565590675497,11.945703707753564,1.0,0,EF1,CST-6,27-APR-16 17:36:00
632238,2016-04-16T02:00:00+00:00,37.1758,-101.7153,318.1875,30.875106811523438,289.01513671875,285.4532775878906,88801.3125,26.15497398376465,0.3372018800988861,22.110842132417922,0.0,0,EF0,CST-6,15-APR-16 19:52:00
631043,2016-04-30T16:00:00+00:00,30.8207,-91.9543,1796.75,36.42131805419922,297.17333984375,293.340087890625,100666.25,45.339603424072266,12.592287534418968,15.47687526497846,1.0,0,EF1,CST-6,30-APR-16 10:25:00
625852,2016-03-31T00:00:00+00:00,36.2151,-96.0151,1036.625,20.6113338470459,293.55126953125,291.625732421875,97268.5625,32.44009017944336,10.184682318677641,22.393343724668103,1.0,0,EF1,CST-6,30-MAR-16 18:13:00
625854,2016-03-31T00:00:00+00:00,36.218,-96.0013,1036.625,20.6113338470459,293.55126953125,291.625732421875,97268.5625,32.44009017944336,10.184682318677641,22.393343724668103,2.0,1,EF2,CST-6,30-MAR-16 18:14:00
625061,2016-04-27T22:00:00+00:00,37.2626,-87.5092,346.375,230.40638732910156,296.748779296875,291.20562744140625,98724.25,39.74388122558594,9.51707246471457,11.831313327360451,0.0,0,EF0,CST-6,27-APR-16 15:33:00
625054,2016-04-27T22:00:00+00:00,37.5207,-87.5219,585.375,125.48450469970703,296.453857421875,291.35504150390625,98930.25,39.59739685058594,9.541364569279555,11.492619217768214,0.0,0,EF0,CST-6,27-APR-16 16:15:00
626283,2016-04-28T00:00:00+00:00,39.0114,-88.7644,81.875,51.25000762939453,293.607177734375,291.18585205078125,98395.625,25.65234375,11.372186983275107,16.93465217966112,0.0,0,EF0,CST-6,27-APR-16 17:58:00
626284,2016-04-28T01:00:00+00:00,38.756,-88.0792,346.5,122.0468978881836,292.540771484375,290.549560546875,98866.0625,26.942724227905273,12.364674797803023,21.312259029599154,0.0,0,EF0,CST-6,27-APR-16 18:47:00
622201,2016-04-26T21:00:00+00:00,38.984,-96.5904,2093.0,97.62006378173828,294.402099609375,289.925048828125,95563.125,32.684242248535156,5.896454370802968,12.916573987927581,0.0,0,EF0,CST-6,26-APR-16 14:47:00
620077,2016-02-15T22:00:00+00:00,30.8707,-87.381,398.8125,6.812588691711426,289.29803466796875,288.57568359375,99981.625,33.24888229370117,18.440756291844487,19.27748683527598,3.0,1,EF3,CST-6,15-FEB-16 15:32:00
625859,2016-03-31T01:00:00+00:00,36.7291,-95.5523,1012.625,34.57820129394531,293.395263671875,290.819580078125,97236.1875,33.170631408691406,13.099706499373418,19.872456558181373,1.0,0,EF1,CST-6,30-MAR-16 18:48:00
625856,2016-03-31T01:00:00+00:00,36.2358,-95.8153,679.0625,122.03132629394531,293.876708984375,291.200439453125,97528.1875,31.542701721191406,13.190233818378497,21.090090468505288,1.0,0,EF1,CST-6,30-MAR-16 18:39:00
625864,2016-03-31T01:00:00+00:00,36.284,-95.6384,679.0625,122.03132629394531,293.876708984375,291.200439453125,97528.1875,31.542701721191406,13.190233818378497,21.090090468505288,2.0,1,EF2,CST-6,30-MAR-16 19:00:00
640991,2016-05-24T22:00:00+00:00,38.6044,-100.5899,3542.0,168.95880126953125,300.461669921875,290.998046875,91152.0,29.491840362548828,0.5470469469853949,16.276791482535426,0.0,0,EF0,CST-6,24-MAY-16 16:13:00
626747,2016-04-01T03:00:00+00:00,33.8767,-86.6247,457.625,0.7656435966491699,291.60693359375,290.712646484375,98163.75,43.55186462402344,15.819586487710712,26.110190565986976,1.0,0,EF1,CST-6,31-MAR-16 20:42:00
626750,2016-04-01T05:00:00+00:00,32.5338,-85.3794,320.75,39.37501525878906,294.270263671875,293.43603515625,99277.5625,44.250160217285156,16.904030585140543,22.264228584104846,0.0,0,EF0,CST-6,31-MAR-16 23:19:00
622202,2016-04-26T23:00:00+00:00,39.1307,-95.8304,357.875,166.79441833496094,291.96484375,288.71856689453125,96450.625,29.62256622314453,10.538405279559479,12.85272648736548,0.0,0,EF0,CST-6,26-APR-16 16:42:00
620079,2016-02-15T22:00:00+00:00,30.9968,-87.2281,291.484375,2.3907134532928467,289.71502685546875,288.73291015625,100002.625,33.63462448120117,17.744024046703313,19.81173832822446,2.0,1,EF2,CST-6,15-FEB-16 15:50:00
625873,2016-03-31T01:00:00+00:00,36.8151,-95.3178,1088.125,27.937578201293945,293.121826171875,290.594970703125,96980.1875,32.573951721191406,12.707539597384741,17.89892911100058,0.0,0,EF0,CST-6,30-MAR-16 19:18:00
625401,2016-04-27T05:00:00+00:00,36.8628,-94.6139,648.625,27.737089157104492,291.86328125,290.1014404296875,97061.375,39.952659606933594,12.938547987806468,21.81410219362127,1.0,0,EF1,CST-6,26-APR-16 23:21:00
622562,2016-04-17T01:00:00+00:00,32.5993,-100.7865,1203.625,43.20313262939453,292.653076171875,289.7183532714844,92950.5,29.847286224365234,6.650444189909928,10.493372609173715,0.0,0,EF0,CST-6,16-APR-16 18:50:00
624456,2016-03-16T00:00:00+00:00,40.6828,-90.4443,496.25,173.5006561279297,290.46923828125,288.378662109375,97323.625,24.158123016357422,13.289308672361134,23.651089597348623,1.0,0,EF1,CST-6,15-MAR-16 17:56:00
641014,2016-05-24T23:00:00+00:00,38.2619,-100.1344,4645.875,331.171875,298.607666015625,294.0849609375,91646.4375,38.09280014038086,5.721025410980262,13.547632751012268,3.0,1,EF3,CST-6,24-MAY-16 17:19:00
622571,2016-04-16T22:00:00+00:00,32.42,-100.7714,3799.625,41.10951614379883,296.4560546875,291.34893798828125,92661.5,32.93569564819336,3.124047016103343,12.329919804804081,0.0,0,EF0,CST-6,16-APR-16 15:58:00
615370,2016-03-19T19:00:00+00:00,26.1145,-80.1047,619.25,178.14065551757812,298.55615234375,293.96337890625,101093.0,45.516624450683594,4.313530494910386,9.3032131744494,0.0,0,EF0,EST-5,19-MAR-16 13:45:00
639312,2016-05-23T01:00:00+00:00,38.2611,-101.1868,1340.875,276.31939697265625,296.96826171875,291.5293884277344,89653.5625,24.15902328491211,0.12144612304326229,12.454661730816659,1.0,0,EF1,CST-6,22-MAY-16 19:10:00
624459,2016-03-16T01:00:00+00:00,39.7404,-89.8153,1083.9375,,291.345947265625,288.41400146484375,97500.5625,25.588184356689453,11.594124625603849,20.703197056298798,1.0,0,EF1,CST-6,15-MAR-16 18:44:00
640992,2016-05-24T22:00:00+00:00,38.5773,-100.5311,3542.0,168.95880126953125,300.461669921875,290.998046875,91152.0,29.491840362548828,0.5470469469853949,16.276791482535426,0.0,0,EF0,CST-6,24-MAY-16 16:24:00
624955,2016-04-30T06:00:00+00:00,33.2593,-93.4685,333.375,81.71882629394531,294.796630859375,292.943603515625,99478.5625,41.60235595703125,18.044786823258335,29.701384518771462,1.0,0,EF1,CST-6,29-APR-16 23:43:00
618771,2016-03-28T01:00:00+00:00,37.1211,-87.318,549.375,8.405607223510742,291.126220703125,288.24810791015625,99251.5625,30.4844970703125,13.604172699615477,17.303640255025538,0.0,0,EF0,CST-6,27-MAR-16 18:36:00
619874,2016-04-11T18:00:00+00:00,33.25,-93.0941,1150.625,26.328235626220703,291.829833984375,291.505859375,100515.6875,41.31047821044922,11.887248834899923,15.269382106228516,0.0,0,EF0,CST-6,11-APR-16 12:26:00
624460,2016-03-16T01:00:00+00:00,40.7304,-89.6491,969.9375,231.7394256591797,290.371337890625,288.28118896484375,97463.5625,23.987598419189453,14.038631342962788,26.565880338446153,0.0,0,EF0,CST-6,15-MAR-16 19:05:00
640995,2016-05-24T23:00:00+00:00,38.6356,-100.3196,3356.75,166.45314025878906,298.055908203125,293.435546875,91818.4375,40.83010482788086,4.151953200914688,9.060068886488255,0.0,0,EF0,CST-6,24-MAY-16 16:49:00
623816,2016-03-31T13:00:00+00:00,31.1384,-89.4195,228.1875,53.8906364440918,293.84033203125,292.72705078125,99863.4375,40.89551544189453,16.970569653924706,22.522903542229066,1.0,0,EF1,CST-6,31-MAR-16 06:53:00
625545,2016-03-31T22:00:00+00:00,41.4102,-85.3924,21.25,5.531310081481934,288.677978515625,287.011962890625,96298.8125,22.75551986694336,14.423342605895826,22.211432969324775,1.0,0,EF1,EST-5,31-MAR-16 16:49:00
640996,2016-05-24T23:00:00+00:00,37.5031,-100.1355,3538.875,515.859375,298.796142578125,293.9443359375,91656.4375,28.16311264038086,4.307130042454734,8.310476418117055,3.0,1,EF3,CST-6,24-MAY-16 16:55:00
641002,2016-05-24T23:00:00+00:00,37.5342,-100.0931,5484.5,498.96875,297.824462890625,294.2998046875,92094.4375,32.54592514038086,5.192651627203603,11.572945210626202,0.0,0,EF0,CST-6,24-MAY-16 16:59:00
641003,2016-05-24T23:00:00+00:00,38.3054,-100.3457,3225.125,486.46875,300.090087890625,291.498046875,91119.4375,35.52151107788086,3.2786301885022477,10.724707184918598,0.0,0,EF0,CST-6,24-MAY-16 16:59:00
641005,2016-05-24T23:00:00+00:00,38.4185,-100.2717,4159.0,278.234375,298.446533203125,293.6201171875,91746.4375,40.98147201538086,5.85690252648959,11.112426324268057,0.0,0,EF0,CST-6,24-MAY-16 17:04:00
625402,2016-04-27T07:00:00+00:00,37.1345,-93.3621,1030.375,16.06254005432129,291.562255859375,288.8963317871094,96021.8125,36.687744140625,15.180356527924364,18.799190790143072,0.0,0,EF0,CST-6,27-APR-16 00:49:00
624956,2016-04-30T06:00:00+00:00,33.3868,-93.2945,227.75,38.65633010864258,294.203857421875,292.761962890625,99369.5625,41.08966064453125,17.744143194749398,31.213324883863564,1.0,0,EF1,CST-6,30-APR-16 00:09:00
624704,2016-04-19T22:00:00+00:00,30.5879,-102.7235,1170.375,41.933815002441406,296.020263671875,287.20806884765625,89556.625,27.069747924804688,0.20394342682023595,10.252184534376111,0.0,0,EF0,CST-6,19-APR-16 15:53:00
624457,2016-03-16T01:00:00+00:00,40.7135,-89.9146,733.875,220.3331756591797,290.397705078125,288.38763427734375,97450.5625,22.848926544189453,14.001954427269926,27.80901745740215,2.0,1,EF2,CST-6,15-MAR-16 18:42:00
639313,2016-05-23T02:00:00+00:00,38.2902,-101.1258,971.25,483.66644287109375,295.732177734375,291.0220947265625,89688.1875,23.439537048339844,0.17160175682629605,12.070283588592577,0.0,0,EF0,CST-6,22-MAY-16 19:36:00
639314,2016-05-23T02:00:00+00:00,38.2837,-101.0218,920.0,452.26019287109375,295.191162109375,291.0406494140625,90266.1875,24.001060485839844,1.6483935497324211,12.29552898173551,1.0,0,EF1,CST-6,22-MAY-16 20:00:00
639320,2016-05-27T23:00:00+00:00,38.6042,-99.8561,795.125,100.70319366455078,289.127197265625,285.9658203125,91904.4375,24.26449203491211,1.5569335813593614,13.414124513631728,0.0,0,EF0,CST-6,27-MAY-16 17:21:00
618051,2016-03-10T22:00:00+00:00,32.028,-89.5409,616.875,38.984474182128906,294.367919921875,293.08245849609375,99990.8125,50.546199798583984,17.63980646660739,13.270292216788892,0.0,0,EF0,CST-6,10-MAR-16 16:04:00
623733,2016-03-31T04:00:00+00:00,33.4497,-91.4455,62.4375,25.113128662109375,294.31884765625,291.14306640625,100168.75,45.505157470703125,16.851245565227895,25.197580562446653,1.0,0,EF1,CST-6,30-MAR-16 22:11:00
625790,2016-03-31T22:00:00+00:00,40.7463,-86.9763,0.625,,289.184814453125,285.359619140625,97186.8125,15.568020820617676,15.178889096579132,25.88877291594351,0.0,0,EF0,EST-5,31-MAR-16 16:56:00
624720,2016-04-29T23:00:00+00:00,32.4991,-95.4076,1281.625,60.06779479980469,294.408203125,292.8741455078125,98520.0,51.16157531738281,14.517094664575628,27.28710445125066,2.0,1,EF2,CST-6,29-APR-16 16:50:00
623122,2016-03-14T03:00:00+00:00,33.7469,-90.7459,620.3125,26.515790939331055,291.96978759765625,288.33251953125,100258.375,33.12327575683594,13.059028416631207,17.82202871558248,0.0,0,EF0,CST-6,13-MAR-16 21:13:00
624952,2016-03-13T22:00:00+00:00,34.567,-93.438,1081.375,24.18760871887207,290.33642578125,287.97039794921875,97392.6875,24.838041305541992,9.921790303536042,16.83068534522023,1.0,0,EF1,CST-6,13-MAR-16 15:48:00
624944,2016-03-13T21:00:00+00:00,34.8529,-94.2451,392.5625,22.250078201293945,293.49609375,288.5733337402344,96913.75,22.001625061035156,7.968786302570186,16.479706061885473,1.0,0,EF1,CST-6,13-MAR-16 14:56:00
625212,2016-03-13T23:00:00+00:00,34.9355,-92.6487,576.25,35.797027587890625,291.437744140625,288.9945068359375,98689.4375,28.810287475585938,9.766611620646065,16.38542826929672,0.0,0,EF0,CST-6,13-MAR-16 17:15:00
625213,2016-03-13T23:00:00+00:00,34.9445,-92.6206,576.25,35.797027587890625,291.437744140625,288.9945068359375,98689.4375,28.810287475585938,9.766611620646065,16.38542826929672,0.0,0,EF0,CST-6,13-MAR-16 17:16:00
625785,2016-03-31T22:00:00+00:00,40.8085,-85.8807,2.625,13.812560081481934,288.626220703125,286.898681640625,96813.8125,22.52114486694336,14.633875927092914,22.19166101368139,1.0,0,EF1,EST-5,31-MAR-16 16:56:00
622205,2016-04-25T00:00:00+00:00,39.8628,-97.6327,488.125,402.3125,292.792724609375,288.395263671875,94492.375,18.894258499145508,5.150903789534302,21.318479096594025,1.0,0,EF1,CST-6,24-APR-16 17:50:00
627673,2016-04-27T22:00:00+00:00,39.82,-94.13,296.125,205.71888732910156,287.885498046875,284.80230712890625,96780.25,22.87669563293457,9.189663247107292,17.404804272476007,0.0,0,EF0,CST-6,27-APR-16 15:52:00
627341,2016-04-27T02:00:00+00:00,35.71,-97.33,1086.5,6.000121116638184,291.4609375,290.046142578125,96300.75,42.71207809448242,10.53680795231171,13.59239687184915,0.0,0,EF0,CST-6,26-APR-16 19:49:00
627345,2016-04-27T02:00:00+00:00,35.725,-97.31,1086.5,6.000121116638184,291.4609375,290.046142578125,96300.75,42.71207809448242,10.53680795231171,13.59239687184915,0.0,0,EF0,CST-6,26-APR-16 19:50:00
639322,2016-05-27T23:00:00+00:00,38.5046,-100.3449,227.0,52.03132247924805,291.890869140625,282.73828125,91354.4375,19.69027328491211,0.4441259079888178,8.387373440774043,0.0,0,EF0,CST-6,27-MAY-16 17:16:00
639325,2016-05-27T23:00:00+00:00,38.5388,-100.4444,88.875,,292.619384765625,280.970703125,90765.4375,19.27523422241211,0.43418493256126167,5.679398798390676,0.0,0,EF0,CST-6,27-MAY-16 16:42:00
626934,2016-03-31T21:00:00+00:00,40.3684,-86.836,621.5,22.39065170288086,290.174560546875,287.634765625,97063.8125,27.485027313232422,14.933918753216894,16.983116362765838,1.0,0,EF1,EST-5,31-MAR-16 15:40:00
625150,2016-03-14T00:00:00+00:00,34.145,-91.7451,436.4375,13.250118255615234,292.75390625,288.4994201660156,99805.6875,29.305652618408203,12.87861929445977,20.434822305408357,0.0,0,EF0,CST-6,13-MAR-16 17:32:00
625170,2016-03-14T00:00:00+00:00,34.2329,-91.4714,419.125,32.218868255615234,293.4853515625,287.6293029785156,99879.6875,29.465808868408203,12.758344107386623,20.175105381813065,0.0,0,EF0,CST-6,13-MAR-16 18:00:00
641010,2016-05-24T23:00:00+00:00,38.237,-100.1663,4645.875,331.171875,298.607666015625,294.0849609375,91646.4375,38.09280014038086,5.721025410980262,13.547632751012268,0.0,0,EF0,CST-6,24-MAY-16 17:12:00
624832,2016-04-30T10:00:00+00:00,31.2614,-94.1245,139.75,115.06256866455078,295.081298828125,293.46875,99481.875,37.582462310791016,12.053234084027274,20.42775448922495,1.0,0,EF1,CST-6,30-APR-16 03:44:00
625182,2016-03-14T01:00:00+00:00,34.4136,-91.2137,574.3125,14.453373908996582,292.1328125,287.48291015625,99917.25,30.860057830810547,12.697501109459036,17.516502125434542,0.0,0,EF0,CST-6,13-MAR-16 18:32:00
624954,2016-03-14T02:00:00+00:00,33.5505,-91.3498,710.8125,18.433305740356445,291.608642578125,288.5173034667969,100132.375,31.21430778503418,15.92197394947122,18.97298096897145,1.0,0,EF1,CST-6,13-MAR-16 20:22:00
624042,2016-04-01T21:00:00+00:00,31.17,-82.91,625.5625,74.28076171875,296.43701171875,295.33465576171875,100385.125,44.695655822753906,6.435004538592666,20.096148584353298,1.0,0,EF1,EST-5,01-APR-16 16:15:00
640994,2016-05-24T22:00:00+00:00,38.6301,-100.5489,3542.0,168.95880126953125,300.461669921875,290.998046875,91152.0,29.491840362548828,0.5470469469853949,16.276791482535426,0.0,0,EF0,CST-6,24-MAY-16 16:26:00
633013,2016-04-28T00:00:00+00:00,37.6233,-120.756,186.75,37.84375762939453,289.476318359375,284.76885986328125,99587.625,17.884765625,3.049069169439329,3.5437780177746276,0.0,0,EF0,PST-8,27-APR-16 15:31:00
620094,2016-02-15T23:00:00+00:00,31.2724,-86.8483,375.921875,0.6693741083145142,289.2846984863281,288.127197265625,99860.5625,32.916866302490234,18.81944809075641,21.647620044954564,2.0,1,EF2,CST-6,15-FEB-16 16:33:00
619551,2016-04-16T22:00:00+00:00,33.2781,-100.7754,2360.625,107.90638732910156,295.3359375,289.61163330078125,93305.5,31.60854721069336,2.7753498250023982,11.790693901268002,0.0,0,EF0,CST-6,16-APR-16 15:55:00
622156,2016-04-28T23:00:00+00:00,34.3475,-100.8193,867.75,9.12511920928955,296.087158203125,289.46441650390625,93220.0625,30.282236099243164,4.679421789002832,13.069646472792098,0.0,0,EF0,CST-6,28-APR-16 16:40:00
623734,2016-03-31T04:00:00+00:00,33.5182,-91.4503,62.4375,25.113128662109375,294.31884765625,291.14306640625,100168.75,45.505157470703125,16.851245565227895,25.197580562446653,1.0,0,EF1,CST-6,30-MAR-16 22:15:00
624049,2016-03-14T01:00:00+00:00,34.6178,-90.8282,322.4375,22.859622955322266,292.4267578125,286.65869140625,99844.25,29.776073455810547,12.988506375075175,17.937083038876942,0.0,0,EF0,CST-6,13-MAR-16 19:16:00
657524,2016-09-09T23:00:00+00:00,40.0449,-87.7278,2539.0,4.080862045288086,300.0,298.3003845214844,98772.6875,56.7866325378418,9.823800981569113,16.67100061961957,0.0,0,EF0,CST-6,09-SEP-16 17:13:00
625789,2016-03-24T03:00:00+00:00,35.6916,-94.5042,669.0625,5.265667915344238,290.56585693359375,288.9443359375,96669.625,29.078157424926758,14.00884235396813,13.849949425757142,1.0,0,EF1,CST-6,23-MAR-16 20:51:00
625793,2016-03-24T03:00:00+00:00,35.7109,-94.4851,669.0625,5.265667915344238,290.56585693359375,288.9443359375,96669.625,29.078157424926758,14.00884235396813,13.849949425757142,2.0,1,EF2,CST-6,23-MAR-16 20:54:00
625795,2016-03-24T03:00:00+00:00,35.7585,-94.4635,669.0625,5.265667915344238,290.56585693359375,288.9443359375,96669.625,29.078157424926758,14.00884235396813,13.849949425757142,2.0,1,EF2,CST-6,23-MAR-16 20:59:00
624183,2016-03-31T23:00:00+00:00,33.42,-88.37,1021.0,26.83391571044922,295.346923828125,293.4130859375,99495.1875,43.1566276550293,13.003524160805616,12.724756884696992,1.0,0,EF1,CST-6,31-MAR-16 17:18:00
620329,2016-04-16T23:00:00+00:00,33.66,-100.54,1683.75,92.2657241821289,292.94140625,289.5234069824219,93603.9375,32.49391174316406,5.034276932293531,14.576980081910015,0.0,0,EF0,CST-6,16-APR-16 17:05:00
625453,2016-03-24T19:00:00+00:00,41.4392,-86.7301,69.375,,281.872802734375,280.3753662109375,97073.3125,24.704164505004883,13.95529415486048,18.87782256006513,0.0,0,EF0,CST-6,24-MAR-16 12:30:00
625456,2016-03-24T19:00:00+00:00,41.436,-86.679,69.375,,281.872802734375,280.3753662109375,97073.3125,24.704164505004883,13.95529415486048,18.87782256006513,0.0,0,EF0,CST-6,24-MAR-16 12:35:00
626742,2016-04-01T00:00:00+00:00,33.8558,-87.7001,888.25,14.750053405761719,293.407470703125,291.575439453125,98392.875,43.598594665527344,11.701487503563028,21.03563766739249,1.0,0,EF1,CST-6,31-MAR-16 18:27:00
629692,2016-04-26T21:00:00+00:00,37.24,-97.61,1160.625,290.08880615234375,295.503662109375,292.059814453125,95596.125,29.091466903686523,3.2232589427895304,14.641679635272924,0.0,0,EF0,CST-6,26-APR-16 14:58:00
624314,2016-04-27T21:00:00+00:00,41.2742,-96.1195,83.25,,288.559326171875,284.2159423828125,95712.5,18.2169246673584,5.079309675417785,6.563427306191304,1.0,0,EF1,CST-6,27-APR-16 14:43:00
620328,2016-04-16T23:00:00+00:00,33.58,-100.62,1940.5,82.2657241821289,294.087890625,289.1952819824219,92599.9375,31.449968338012695,3.6006964342443184,12.729001056655537,0.0,0,EF0,CST-6,16-APR-16 16:50:00
619440,2016-02-24T20:00:00+00:00,37.2318,-78.8576,578.5625,0.2970505952835083,290.033447265625,288.3937072753906,97239.5625,29.700233459472656,17.850928432342357,32.873951986876996,3.0,1,EF3,EST-5,24-FEB-16 15:28:00
626359,2016-03-04T01:00:00+00:00,31.0333,-86.7249,352.25,16.50019645690918,292.04193115234375,290.0286865234375,100356.25,34.21367263793945,18.27126235470336,23.321912632814733,1.0,0,EF1,CST-6,03-MAR-16 18:36:00
619600,2016-02-24T18:00:00+00:00,36.5985,-80.5038,421.96875,4.687736511230469,286.884033203125,284.96588134765625,92824.4375,21.808624267578125,14.16588718637763,32.24595342288607,1.0,0,EF1,EST-5,24-FEB-16 12:45:00
626744,2016-04-01T01:00:00+00:00,33.651,-87.5288,685.625,42.95317459106445,293.078125,291.0372314453125,98883.125,44.92508316040039,13.733594097511148,21.788754232605072,0.0,0,EF0,CST-6,31-MAR-16 19:05:00
624953,2016-04-30T06:00:00+00:00,33.2428,-93.472,333.375,81.71882629394531,294.796630859375,292.943603515625,99478.5625,41.60235595703125,18.044786823258335,29.701384518771462,1.0,0,EF1,CST-6,29-APR-16 23:41:00
631004,2016-04-27T11:00:00+00:00,30.7679,-94.4145,1364.75,34.156280517578125,292.9140625,291.9331359863281,99821.1875,43.71467590332031,6.884925429015283,13.55799331288358,1.0,0,EF1,CST-6,27-APR-16 04:58:00
624315,2016-04-27T21:00:00+00:00,41.3022,-96.1342,83.25,,288.559326171875,284.2159423828125,95712.5,18.2169246673584,5.079309675417785,6.563427306191304,0.0,0,EF0,CST-6,27-APR-16 14:52:00
624316,2016-04-27T21:00:00+00:00,41.3226,-96.147,309.125,17.281267166137695,287.310302734375,284.7618408203125,95677.5,17.9044246673584,6.025474609112927,4.5578549313635595,0.0,0,EF0,CST-6,27-APR-16 14:53:00
624317,2016-04-27T19:00:00+00:00,41.3889,-96.6872,777.875,42.265655517578125,290.121826171875,285.5172119140625,95057.875,18.64715576171875,10.5618456155479,8.850186954252953,0.0,0,EF0,CST-6,27-APR-16 13:10:00
627075,2016-05-08T00:00:00+00:00,38.48,-87.1532,606.75,32.67195129394531,296.641357421875,287.6676025390625,99220.4375,36.72553634643555,8.832563208628557,10.96126031169886,1.0,0,EF1,EST-5,07-MAY-16 19:20:00
628414,2016-05-10T20:00:00+00:00,36.7551,-88.7525,1330.625,57.218955993652344,293.00439453125,292.130126953125,99679.8125,33.678749084472656,13.935055249016651,21.49573642980293,3.0,1,EF3,CST-6,10-MAY-16 13:44:00
626073,2016-04-15T20:00:00+00:00,38.3743,-102.8185,656.875,236.625,295.479736328125,280.04864501953125,86277.6875,17.980236053466797,0.6585145924029218,9.016540297690332,,0,EFU,MST-7,15-APR-16 13:08:00
626074,2016-04-15T20:00:00+00:00,38.4046,-102.8083,656.875,236.625,295.479736328125,280.04864501953125,86277.6875,17.980236053466797,0.6585145924029218,9.016540297690332,,0,EFU,MST-7,15-APR-16 13:26:00
626078,2016-04-15T21:00:00+00:00,38.4773,-102.7234,1051.4375,309.42193603515625,289.956298828125,282.984619140625,86239.875,19.698474884033203,0.3098632616387469,12.03889957178051,,0,EFU,MST-7,15-APR-16 14:05:00
626076,2016-04-16T00:00:00+00:00,38.1773,-102.7907,365.9375,89.45314025878906,288.445556640625,284.96875,86810.125,21.219158172607422,0.7757464113128745,11.718777601817441,,0,EFU,MST-7,15-APR-16 17:10:00
627347,2016-04-27T03:00:00+00:00,34.905,-96.693,954.5,50.64071273803711,292.843017578125,290.7556457519531,96884.25,39.29751205444336,12.52939838889548,15.730804858638304,1.0,0,EF1,CST-6,26-APR-16 20:50:00
630004,2016-04-01T11:00:00+00:00,32.5974,-84.071,157.375,113.42625427246094,293.1396484375,292.44976806640625,99240.25,44.097991943359375,13.882470738586447,34.0012090780591,0.0,0,EF0,EST-5,01-APR-16 06:05:00
631868,2016-04-27T01:00:00+00:00,39.9122,-99.0499,970.25,66.75265502929688,293.10498046875,287.78582763671875,93229.5625,19.751609802246094,6.3711659705221795,9.76104074991404,0.0,0,EF0,CST-6,26-APR-16 18:47:00
634784,2016-04-26T18:00:00+00:00,38.6947,-91.2761,1686.625,113.93750762939453,295.390380859375,289.81573486328125,98314.375,30.50227165222168,1.4697019730098013,10.430318668724722,1.0,0,EF1,CST-6,26-APR-16 11:52:00
634407,2016-04-19T23:00:00+00:00,39.27,-91.6658,191.125,,294.78076171875,288.048095703125,99014.25,28.759323120117188,1.6289672696875503,1.0122096694214955,0.0,0,EF0,CST-6,19-APR-16 17:18:00
643047,2016-06-19T13:00:00+00:00,48.6111,-94.9904,840.25,94.7168960571289,292.053955078125,290.9087219238281,96958.625,42.50180435180664,13.844111578731532,21.292409459932433,1.0,0,EF1,CST-6,19-JUN-16 07:00:00
661067,2016-09-15T22:00:00+00:00,41.4261,-96.0976,2661.5,4.437535285949707,298.197998046875,294.36865234375,96928.25,45.14493179321289,6.06808950986002,13.276169038707003,0.0,0,EF0,CST-6,15-SEP-16 16:00:00
628399,2016-05-10T20:00:00+00:00,36.8113,-88.4842,975.75,17.687705993652344,292.21728515625,291.619384765625,99825.8125,35.140663146972656,14.878782985764172,21.000541935821936,1.0,0,EF1,CST-6,10-MAY-16 14:16:00
630011,2016-04-01T12:00:00+00:00,32.6231,-83.6776,241.5,66.7031478881836,293.4092712402344,292.66357421875,99493.625,45.28650665283203,13.35811308917922,28.241290157208557,1.0,0,EF1,EST-5,01-APR-16 06:42:00
630023,2016-04-01T13:00:00+00:00,32.573,-83.259,233.0,48.609413146972656,293.37762451171875,292.78546142578125,99838.1875,44.289764404296875,13.58327363828519,23.449965188778304,1.0,0,EF1,EST-5,01-APR-16 07:50:00
630015,2016-04-01T12:00:00+00:00,32.6385,-83.479,157.0,164.90626525878906,293.4649353027344,292.63037109375,99628.625,43.41638946533203,13.177663201212985,30.069284366490812,0.0,0,EF0,EST-5,01-APR-16 07:06:00
631227,2016-05-09T20:00:00+00:00,40.7552,-92.5004,484.6875,109.68756103515625,292.134765625,288.7548828125,97596.25,32.41757583618164,6.665395631669148,10.170969721227856,0.0,0,EF0,CST-6,09-MAY-16 14:06:00
658500,2016-08-16T23:00:00+00:00,43.5649,-75.4457,142.875,26.859418869018555,296.72607421875,294.647216796875,96544.5,53.490028381347656,14.667638874814568,23.220365917421837,0.0,0,EF0,EST-5,16-AUG-16 17:34:00
628409,2016-05-10T22:00:00+00:00,37.1132,-87.3479,1325.875,172.93760681152344,292.57177734375,291.67913818359375,99492.375,28.92587661743164,11.017328142883365,20.272828760230677,1.0,0,EF1,CST-6,10-MAY-16 16:25:00
630026,2016-04-01T13:00:00+00:00,32.5872,-83.2283,233.0,48.609413146972656,293.37762451171875,292.78546142578125,99838.1875,44.289764404296875,13.58327363828519,23.449965188778304,0.0,0,EF0,EST-5,01-APR-16 07:54:00
630003,2016-04-01T11:00:00+00:00,32.595,-84.0926,157.375,113.42625427246094,293.1396484375,292.44976806640625,99240.25,44.097991943359375,13.882470738586447,34.0012090780591,0.0,0,EF0,EST-5,01-APR-16 06:03:00
633644,2016-05-23T22:00:00+00:00,43.01,-95.87,893.5,23.000341415405273,296.898193359375,290.28515625,95910.5,34.20374298095703,5.097465213534807,10.666727817740545,0.0,0,EF0,CST-6,23-MAY-16 15:41:00
633635,2016-05-22T00:00:00+00:00,38.6184,-101.4068,437.75,265.0294494628906,293.901611328125,289.58111572265625,89419.0,26.127323150634766,0.9189805564769755,18.442700403492136,0.0,0,EF0,CST-6,21-MAY-16 18:21:00
630137,2016-05-12T00:00:00+00:00,37.9348,-89.0394,1475.75,260.2189636230469,294.12353515625,290.94091796875,99927.125,36.286827087402344,5.737189589574155,11.020646565668827,0.0,0,EF0,CST-6,11-MAY-16 17:34:00
631233,2016-05-10T01:00:00+00:00,41.7661,-94.6819,708.4375,20.890722274780273,290.627197265625,287.678955078125,95790.5,25.416057586669922,10.532552871807539,6.416332854478045,0.0,0,EF0,CST-6,09-MAY-16 19:18:00
638821,2016-05-24T22:00:00+00:00,35.9085,-96.4836,3776.75,543.2400512695312,301.283935546875,295.8408203125,98138.0,39.82875442504883,4.578127583765622,9.613503804641416,1.0,0,EF1,CST-6,24-MAY-16 16:28:00
632237,2016-04-16T02:00:00+00:00,37.0174,-101.8363,340.0625,46.93760681152344,290.03857421875,284.7735900878906,88768.3125,26.23602867126465,0.21472791236562794,20.445999744536287,1.0,0,EF1,CST-6,15-APR-16 19:30:00
632396,2016-04-27T03:00:00+00:00,36.454,-96.5556,385.125,7.875087261199951,290.502197265625,289.6814270019531,96982.25,39.95669174194336,10.592846025988981,10.17346498902659,1.0,0,EF1,CST-6,26-APR-16 20:44:00
626738,2016-04-01T00:00:00+00:00,33.7762,-87.8708,972.0,78.12505340576172,294.205322265625,292.207275390625,98977.875,45.070274353027344,13.223684466785416,19.9542129791055,1.0,0,EF1,CST-6,31-MAR-16 18:03:00
627171,2016-05-10T02:00:00+00:00,33.6413,-94.6154,1647.375,168.96878051757812,295.87744140625,292.1685791015625,99103.9375,31.65485191345215,17.679509200206706,22.42673965077132,1.0,0,EF1,CST-6,09-MAY-16 20:06:00
633640,2016-05-22T00:00:00+00:00,38.6279,-101.3972,437.75,265.0294494628906,293.901611328125,289.58111572265625,89419.0,26.127323150634766,0.9189805564769755,18.442700403492136,0.0,0,EF0,CST-6,21-MAY-16 18:05:00
633641,2016-05-22T01:00:00+00:00,38.6761,-101.3447,773.25,283.5626220703125,292.5771484375,289.7751159667969,90040.8125,27.237442016601562,0.3074399864627886,18.857406800238426,0.0,0,EF0,CST-6,21-MAY-16 19:15:00
633642,2016-05-22T00:00:00+00:00,38.6767,-101.374,437.75,265.0294494628906,293.901611328125,289.58111572265625,89419.0,26.127323150634766,0.9189805564769755,18.442700403492136,0.0,0,EF0,CST-6,21-MAY-16 18:13:00
638825,2016-05-25T06:00:00+00:00,35.7108,-95.83,1664.75,418.18939208984375,295.69873046875,292.78564453125,99027.8125,36.49833679199219,20.87158675745291,12.079205833415724,1.0,0,EF1,CST-6,25-MAY-16 00:29:00
635550,2016-05-28T19:00:00+00:00,43.26,-96.86,699.3125,14.672026634216309,292.03515625,288.74169921875,95959.4375,29.323505401611328,1.3502821471905975,5.17884527509173,0.0,0,EF0,CST-6,28-MAY-16 13:24:00
627173,2016-05-10T02:00:00+00:00,33.6108,-94.6584,1647.375,168.96878051757812,295.87744140625,292.1685791015625,99103.9375,31.65485191345215,17.679509200206706,22.42673965077132,1.0,0,EF1,CST-6,09-MAY-16 19:59:00
626724,2016-05-27T21:00:00+00:00,38.54,-102.08,32.125,,292.02001953125,278.774658203125,87567.875,17.232526779174805,0.13747952784491194,2.3261244234949756,,0,EFU,MST-7,27-MAY-16 13:43:00
630145,2016-05-11T23:00:00+00:00,38.2102,-87.287,1574.875,31.40631103515625,296.128662109375,292.9556884765625,100123.375,41.92292022705078,2.3576777841587826,8.871659180989191,0.0,0,EF0,CST-6,11-MAY-16 16:58:00
608302,2016-01-06T17:00:00+00:00,36.9381,-121.3815,48.09375,,282.052001953125,280.7480163574219,97533.9375,15.333154678344727,9.006578354274689,15.294742142011959,0.0,0,EF0,PST-8,06-JAN-16 08:50:00
631070,2016-04-26T23:00:00+00:00,33.0303,-99.8271,2064.875,88.2319107055664,298.603515625,291.69415283203125,94396.625,33.28174591064453,9.251598328882475,18.146061909723198,0.0,0,EF0,CST-6,26-APR-16 16:47:00
632401,2016-04-27T03:00:00+00:00,36.5072,-96.4493,385.125,7.875087261199951,290.502197265625,289.6814270019531,96982.25,39.95669174194336,10.592846025988981,10.17346498902659,1.0,0,EF1,CST-6,26-APR-16 20:52:00
636726,2016-05-20T04:00:00+00:00,29.7823,-90.0259,1620.125,157.52149963378906,297.4814453125,295.25146484375,101388.3125,51.129241943359375,2.159717397455992,16.094330568073975,0.0,0,EF0,CST-6,19-MAY-16 22:00:00
635551,2016-05-28T23:00:00+00:00,42.61,-95.98,112.5,20.703128814697266,291.855224609375,287.993408203125,96096.5,29.364639282226562,2.1049657851309256,0.7833868553147658,0.0,0,EF0,CST-6,28-MAY-16 16:52:00
641021,2016-05-24T23:00:00+00:00,37.6281,-100.1146,4091.875,481.921875,298.702392578125,294.0615234375,91455.4375,31.88186264038086,3.938389078677118,10.7858679938371,0.0,0,EF0,CST-6,24-MAY-16 17:20:00
641026,2016-05-24T23:00:00+00:00,37.6601,-100.0816,6051.75,462.234375,298.175048828125,294.30859375,91857.4375,37.31252670288086,5.227000072640805,13.382091029377131,0.0,0,EF0,CST-6,24-MAY-16 17:28:00
641027,2016-05-25T00:00:00+00:00,37.7003,-100.0855,4707.625,482.6875,297.083251953125,293.847412109375,91847.125,33.61860275268555,6.578534847797239,11.845327718015652,1.0,0,EF1,CST-6,24-MAY-16 17:32:00
627092,2016-05-23T00:00:00+00:00,34.66,-100.7,1904.75,147.78126525878906,297.670166015625,293.0377197265625,93058.0625,36.047096252441406,8.264408396202862,10.757796675059879,2.0,1,EF2,CST-6,22-MAY-16 17:44:00
631395,2016-04-16T23:00:00+00:00,32.6256,-100.4174,3470.75,52.671974182128906,296.03125,291.6874694824219,93150.9375,35.59938049316406,4.961794798657116,11.733314022430866,0.0,0,EF0,CST-6,16-APR-16 17:24:00
632457,2016-04-27T05:00:00+00:00,36.3425,-94.4462,471.875,40.36208724975586,292.060546875,290.2117919921875,96361.375,36.697776794433594,15.440625049850738,22.43343066641244,1.0,0,EF1,CST-6,26-APR-16 23:29:00
632458,2016-04-27T06:00:00+00:00,36.3805,-94.2817,451.375,30.468782424926758,290.6884765625,288.6744384765625,95877.0,36.49713897705078,14.457021850327804,21.490813720780523,1.0,0,EF1,CST-6,26-APR-16 23:41:00
632402,2016-04-27T03:00:00+00:00,36.1765,-96.3296,1014.5,2.171962261199951,291.893798828125,290.8904113769531,97333.25,43.53286361694336,9.165312878255866,19.768068005925958,1.0,0,EF1,CST-6,26-APR-16 21:00:00
632405,2016-04-27T03:00:00+00:00,36.217,-96.2478,1014.5,2.171962261199951,291.893798828125,290.8904113769531,97333.25,43.53286361694336,9.165312878255866,19.768068005925958,1.0,0,EF1,CST-6,26-APR-16 21:06:00
640468,2016-04-28T01:00:00+00:00,40.3034,-92.2399,776.0,8.34377384185791,288.946044921875,287.332763671875,97440.0625,28.121435165405273,6.018245387617905,16.38063160183004,0.0,0,EF0,CST-6,27-APR-16 18:47:00
641018,2016-05-24T23:00:00+00:00,37.6182,-100.091,6051.75,462.234375,298.175048828125,294.30859375,91857.4375,37.31252670288086,5.227000072640805,13.382091029377131,1.0,0,EF1,CST-6,24-MAY-16 17:14:00
641028,2016-05-25T00:00:00+00:00,38.338,-100.0412,3606.0,404.9375,298.575439453125,293.844482421875,92292.125,38.73969650268555,7.863029622333089,11.986531265041911,1.0,0,EF1,CST-6,24-MAY-16 17:43:00
641031,2016-05-25T00:00:00+00:00,37.9134,-100.1255,4006.875,472.90625,297.950439453125,293.941162109375,91464.125,33.95258712768555,5.68310448400396,12.172930723067966,0.0,0,EF0,CST-6,24-MAY-16 18:12:00
641036,2016-05-25T00:00:00+00:00,37.7922,-100.0695,4707.625,482.6875,297.083251953125,293.847412109375,91847.125,33.61860275268555,6.578534847797239,11.845327718015652,0.0,0,EF0,CST-6,24-MAY-16 17:55:00
641039,2016-05-25T00:00:00+00:00,38.4058,-99.9547,3606.0,404.9375,298.575439453125,293.844482421875,92292.125,38.73969650268555,7.863029622333089,11.986531265041911,0.0,0,EF0,CST-6,24-MAY-16 17:56:00
633087,2016-05-09T22:00:00+00:00,34.593,-96.884,1032.625,85.08197784423828,299.931396484375,287.4462890625,96472.8125,24.852773666381836,6.27580675588659,19.816473936422746,2.0,1,EF2,CST-6,09-MAY-16 16:13:00
626725,2016-05-27T21:00:00+00:00,38.4645,-102.0629,32.125,,292.02001953125,278.774658203125,87567.875,17.232526779174805,0.13747952784491194,2.3261244234949756,,0,EFU,MST-7,27-MAY-16 13:55:00
626726,2016-05-27T21:00:00+00:00,38.4845,-102.08,32.125,,292.02001953125,278.774658203125,87567.875,17.232526779174805,0.13747952784491194,2.3261244234949756,,0,EFU,MST-7,27-MAY-16 14:04:00
628387,2016-05-10T23:00:00+00:00,37.573,-88.2832,947.75,72.7812728881836,295.3759765625,291.81304931640625,99774.125,29.585372924804688,12.807146188353622,15.516688591705535,0.0,0,EF0,CST-6,10-MAY-16 16:56:00
627351,2016-04-29T20:00:00+00:00,34.792,-98.315,1468.625,204.60948181152344,294.30615234375,293.42572021484375,95893.75,29.362056732177734,3.0218618522372314,14.880838665915972,1.0,0,EF1,CST-6,29-APR-16 14:29:00
631369,2016-04-07T04:00:00+00:00,32.296,-86.2387,258.375,,291.2467346191406,287.37957763671875,100106.9375,26.08699607849121,15.411340217106801,17.975428485052127,0.0,0,EF0,CST-6,06-APR-16 21:55:00
632466,2016-04-27T06:00:00+00:00,35.4087,-94.2595,425.125,12.046906471252441,291.408203125,289.5416259765625,97802.0,34.82233428955078,15.93251336653494,27.542556490384325,1.0,0,EF1,CST-6,26-APR-16 23:53:00
632467,2016-04-27T06:00:00+00:00,35.3185,-94.0778,664.625,29.703157424926758,292.2158203125,289.6051025390625,97694.0,33.98542022705078,15.874446006861154,27.960696652894438,1.0,0,EF1,CST-6,27-APR-16 00:06:00
632469,2016-04-27T06:00:00+00:00,36.0246,-93.9386,713.5625,31.234407424926758,290.0439453125,287.9927978515625,95056.0,34.07135772705078,13.544614866762371,23.534800429005355,1.0,0,EF1,CST-6,27-APR-16 00:12:00
632408,2016-04-27T03:00:00+00:00,35.9751,-96.2571,1394.0,5.156337261199951,292.652587890625,291.1648254394531,97342.25,43.34341049194336,11.338136621662201,20.391812644249043,1.0,0,EF1,CST-6,26-APR-16 21:00:00
632416,2016-04-27T03:00:00+00:00,36.0926,-96.006,1212.375,2.593837261199951,293.048095703125,291.3659973144531,97563.25,42.08559799194336,10.555142163157685,21.7652763578052,1.0,0,EF1,CST-6,26-APR-16 21:18:00
638957,2016-05-02T01:00:00+00:00,40.1701,-86.917,164.75,0.9375175833702087,289.5703125,287.94769287109375,98492.125,25.82628059387207,4.485790066647772,19.422506121036438,0.0,0,EF0,EST-5,01-MAY-16 19:38:00
641244,2016-05-25T00:00:00+00:00,37.8614,-100.0489,4811.875,456.015625,298.134033203125,294.012451171875,92042.125,36.36079025268555,7.4358794414896074,12.959734404458372,3.0,1,EF3,CST-6,24-MAY-16 18:07:00
641250,2016-05-25T00:00:00+00:00,38.4415,-99.8154,3481.0,347.203125,298.711181640625,293.779052734375,92763.125,40.14887619018555,8.964285251822517,11.881569033931004,0.0,0,EF0,CST-6,24-MAY-16 18:17:00
641254,2016-05-25T00:00:00+00:00,37.7859,-99.4057,3205.75,465.6875,297.000244140625,293.916748046875,92766.125,35.68989181518555,9.430203061529769,13.664371164708317,1.0,0,EF1,CST-6,24-MAY-16 18:25:00
641255,2016-05-25T01:00:00+00:00,37.9765,-99.9408,3363.0,610.937744140625,296.955810546875,292.9576110839844,92000.3125,31.29071807861328,7.067223977300494,11.332380004046302,0.0,0,EF0,CST-6,24-MAY-16 18:36:00
641256,2016-05-25T01:00:00+00:00,37.7947,-99.3725,2315.0,508.9845886230469,296.094482421875,292.1705017089844,92740.3125,29.49872589111328,8.172371947455256,10.014084312791686,2.0,1,EF2,CST-6,24-MAY-16 18:49:00
630910,2016-05-22T23:00:00+00:00,32.25,-101.6411,1246.75,231.1532440185547,305.825439453125,289.7520446777344,91651.5,32.3992805480957,2.7310807337073846,10.119384190455134,3.0,1,EF3,CST-6,22-MAY-16 17:13:00
631169,2016-05-23T00:00:00+00:00,32.1571,-101.5585,1819.5,233.57814025878906,305.095947265625,290.4478759765625,91867.0625,32.130104064941406,5.512860957120126,17.160876684967608,0.0,0,EF0,CST-6,22-MAY-16 17:51:00
627354,2016-04-29T21:00:00+00:00,34.9,-98.044,1237.0,162.5563201904297,293.11181640625,291.580810546875,95808.1875,29.47184944152832,4.091891028472999,12.762210374672199,1.0,0,EF1,CST-6,29-APR-16 15:03:00
627352,2016-04-29T21:00:00+00:00,34.873,-98.128,1340.375,187.4156951904297,293.00732421875,290.901123046875,95545.1875,27.49724006652832,3.695093870548466,12.598127384725982,0.0,0,EF0,CST-6,29-APR-16 14:54:00
631370,2016-04-07T04:00:00+00:00,32.2579,-85.9388,395.5625,,291.5865783691406,287.62664794921875,99960.9375,26.02058982849121,15.35428916367573,16.946464787818766,0.0,0,EF0,CST-6,06-APR-16 22:18:00
631371,2016-04-07T04:00:00+00:00,32.1341,-86.0133,395.5625,,291.5865783691406,287.62664794921875,99960.9375,26.02058982849121,15.35428916367573,16.946464787818766,0.0,0,EF0,CST-6,06-APR-16 22:24:00
631372,2016-04-07T05:00:00+00:00,32.5347,-85.5247,329.6875,72.0682373046875,289.0849609375,287.31793212890625,99587.8125,25.45444107055664,13.829020389848914,16.168993433185232,0.0,0,EF0,CST-6,06-APR-16 22:32:00
632473,2016-04-27T06:00:00+00:00,35.4862,-93.9555,664.625,29.703157424926758,292.2158203125,289.6051025390625,97694.0,33.98542022705078,15.874446006861154,27.960696652894438,0.0,0,EF0,CST-6,27-APR-16 00:18:00
632420,2016-04-27T03:00:00+00:00,35.9412,-95.8952,1384.625,6.296962261199951,294.149658203125,291.6843566894531,97546.25,41.87075424194336,12.620257252782118,20.56453724881178,1.0,0,EF1,CST-6,26-APR-16 21:26:00
632421,2016-04-27T04:00:00+00:00,35.9792,-95.7744,954.0,6.937502861022949,292.391357421875,290.316162109375,98000.4375,41.97893142700195,11.464768355025104,20.3850821681056,1.0,0,EF1,CST-6,26-APR-16 21:36:00
623795,2016-04-01T03:00:00+00:00,34.4679,-86.9299,591.875,35.40626907348633,291.30029296875,290.258544921875,98094.75,43.79795837402344,14.62750200658789,25.724376773939607,2.0,1,EF2,CST-6,31-MAR-16 20:54:00
631186,2016-05-23T00:00:00+00:00,32.1076,-101.48,1819.5,233.57814025878906,305.095947265625,290.4478759765625,91867.0625,32.130104064941406,5.512860957120126,17.160876684967608,0.0,0,EF0,CST-6,22-MAY-16 18:17:00
631193,2016-05-23T01:00:00+00:00,32.08,-101.5654,2035.5,216.44439697265625,303.80224609375,291.4483337402344,91914.5625,30.35140609741211,6.139387646088128,16.462392021775884,0.0,0,EF0,CST-6,22-MAY-16 18:38:00
631197,2016-05-23T01:00:00+00:00,32.0391,-101.5283,2194.875,333.50689697265625,303.23193359375,292.5694274902344,91812.5625,29.77718734741211,5.567909270517751,15.235651454881566,2.0,1,EF2,CST-6,22-MAY-16 18:55:00
631373,2016-04-07T05:00:00+00:00,32.54,-85.4183,329.6875,72.0682373046875,289.0849609375,287.31793212890625,99587.8125,25.45444107055664,13.829020389848914,16.168993433185232,0.0,0,EF0,CST-6,06-APR-16 22:44:00
631374,2016-04-07T05:00:00+00:00,32.1271,-85.5662,449.78125,108.5838623046875,289.5673828125,287.77496337890625,99861.8125,25.78647232055664,14.854060095978479,16.10819705888069,2.0,1,EF2,CST-6,06-APR-16 22:54:00
623787,2016-04-01T03:00:00+00:00,34.5537,-86.8052,484.25,25.703144073486328,291.29931640625,290.305419921875,97927.75,43.26866149902344,15.662080695776963,25.910048439671193,0.0,0,EF0,CST-6,31-MAR-16 21:12:00
632423,2016-04-27T04:00:00+00:00,35.9819,-95.7617,954.0,6.937502861022949,292.391357421875,290.316162109375,98000.4375,41.97893142700195,11.464768355025104,20.3850821681056,0.0,0,EF0,CST-6,26-APR-16 21:38:00
632424,2016-04-27T04:00:00+00:00,35.468,-95.5312,842.75,11.31250286102295,292.832763671875,290.280029296875,98008.4375,39.68986892700195,12.475557993663939,20.953837846047286,1.0,0,EF1,CST-6,26-APR-16 22:11:00
632661,2016-04-26T23:00:00+00:00,39.0854,-87.0299,638.625,40.716285705566406,292.728515625,291.09063720703125,98515.625,37.86280059814453,1.1634009491099073,14.020907409686917,0.0,0,EF0,EST-5,26-APR-16 18:20:00
630117,2016-04-07T06:00:00+00:00,32.0639,-84.9134,389.78125,48.32814407348633,289.1614990234375,287.8175048828125,99854.9375,25.377384185791016,14.623068648878702,15.111865275843332,0.0,0,EF0,EST-5,07-APR-16 00:55:00
623741,2016-03-02T00:00:00+00:00,33.326,-86.9965,130.6875,19.20318603515625,290.0071105957031,287.6768493652344,99360.25,27.65641212463379,13.854645881941288,21.367736754708332,2.0,1,EF2,CST-6,01-MAR-16 17:43:00
623765,2016-03-02T01:00:00+00:00,33.1181,-86.2246,390.09375,22.68757438659668,289.8913269042969,287.1836242675781,98874.1875,28.538902282714844,12.336529236188605,18.849861346317667,0.0,0,EF0,CST-6,01-MAR-16 18:42:00
638111,2016-05-10T04:00:00+00:00,34.69,-92.61,1498.125,119.10945129394531,293.683837890625,292.989501953125,98922.3125,37.123687744140625,16.91536002446346,22.374895666641393,1.0,0,EF1,CST-6,09-MAY-16 21:34:00
631200,2016-05-23T02:00:00+00:00,31.8922,-101.4981,2658.0,416.60394287109375,302.097412109375,294.0767822265625,91886.1875,26.893638610839844,6.319751444238435,14.427851745859709,2.0,1,EF2,CST-6,22-MAY-16 19:56:00
629201,2016-05-27T19:00:00+00:00,47.84,-95.92,1.5,,295.69677734375,286.427001953125,96833.1875,23.96649932861328,2.9194385297780587,5.79267268252584,0.0,0,EF0,CST-6,27-MAY-16 13:14:00
630147,2016-05-10T23:00:00+00:00,37.4214,-88.7051,1171.75,56.42190170288086,294.77734375,292.08160400390625,99503.125,30.892013549804688,12.972401644807347,19.469396455425095,0.0,0,EF0,CST-6,10-MAY-16 16:36:00
619392,2016-04-07T07:00:00+00:00,31.6221,-84.8895,163.9375,7.416362285614014,289.510009765625,287.9359130859375,100077.1875,26.263729095458984,14.49425680246296,14.02135681528483,0.0,0,EF0,EST-5,07-APR-16 01:40:00
631375,2016-04-07T05:00:00+00:00,32.4187,-85.2417,567.84375,80.4901123046875,289.16796875,287.72320556640625,99652.8125,26.08334732055664,14.598568508508622,15.406515085271742,1.0,0,EF1,CST-6,06-APR-16 22:57:00
631376,2016-04-07T05:00:00+00:00,31.8815,-85.6408,332.0,,289.6552734375,287.48297119140625,99760.8125,25.78940200805664,15.19270176874824,16.65566976627531,0.0,0,EF0,CST-6,06-APR-16 23:16:00
631038,2016-04-30T11:00:00+00:00,30.5284,-94.0183,160.5,77.08134460449219,296.025146484375,294.283203125,100155.25,32.08671951293945,11.938384379469424,24.751436366840156,2.0,1,EF2,CST-6,30-APR-16 05:08:00
631040,2016-04-30T11:00:00+00:00,30.601,-93.8794,120.5,114.28446960449219,295.492919921875,293.8095703125,99918.25,33.11601638793945,11.519334195552585,25.63821080763159,0.0,0,EF0,CST-6,30-APR-16 05:29:00
632426,2016-04-27T04:00:00+00:00,36.6924,-95.2991,960.75,1.0312527418136597,291.885498046875,290.190185546875,97480.4375,41.27092361450195,11.304138565142262,22.844911557364874,0.0,0,EF0,CST-6,26-APR-16 22:16:00
632430,2016-04-27T05:00:00+00:00,35.6102,-95.2131,654.25,9.768339157104492,291.728515625,290.0242919921875,98026.375,41.314964294433594,10.352499230554203,19.386240471103477,1.0,0,EF1,CST-6,26-APR-16 22:34:00
630119,2016-04-07T06:00:00+00:00,31.9895,-84.5977,529.4375,73.96876525878906,289.4788818359375,288.4005126953125,99770.9375,25.351016998291016,15.634704541006219,15.313498291830435,0.0,0,EF0,EST-5,07-APR-16 01:27:00
631204,2016-05-23T02:00:00+00:00,31.859,-101.4934,2658.0,416.60394287109375,302.097412109375,294.0767822265625,91886.1875,26.893638610839844,6.319751444238435,14.427851745859709,0.0,0,EF0,CST-6,22-MAY-16 20:02:00
628410,2016-05-10T23:00:00+00:00,37.6594,-88.0232,943.75,61.29690170288086,295.0517578125,291.71148681640625,99896.125,29.955490112304688,13.262248061328728,14.961495599057377,1.0,0,EF1,CST-6,10-MAY-16 17:06:00
630093,2016-05-23T02:00:00+00:00,46.852,-98.5419,774.875,97.63519287109375,295.352294921875,290.5894775390625,95080.1875,36.244224548339844,7.9027483812520005,12.892210177509702,0.0,0,EF0,CST-6,22-MAY-16 20:10:00
628827,2016-05-11T22:00:00+00:00,38.2653,-87.7528,2326.0,2.7558183670043945,298.4052734375,293.3858947753906,100139.125,41.94717025756836,3.490916083017739,10.512019718623792,1.0,0,EF1,CST-6,11-MAY-16 16:02:00
628401,2016-05-10T22:00:00+00:00,37.1227,-87.3197,1513.25,158.65635681152344,292.70556640625,291.80999755859375,99515.375,30.34775161743164,10.080394949855965,20.017377711100803,1.0,0,EF1,CST-6,10-MAY-16 16:28:00
622332,2016-04-27T22:00:00+00:00,40.6538,-94.6087,407.5,50.9845085144043,286.199951171875,283.72320556640625,95963.25,24.39818000793457,5.020378715426561,14.37689373024078,0.0,0,EF0,CST-6,27-APR-16 15:40:00
622333,2016-04-27T22:00:00+00:00,40.6682,-94.6057,407.5,50.9845085144043,286.199951171875,283.72320556640625,95963.25,24.39818000793457,5.020378715426561,14.37689373024078,0.0,0,EF0,CST-6,27-APR-16 15:44:00
632660,2016-04-28T20:00:00+00:00,39.9897,-86.3057,243.75,61.596378326416016,294.05419921875,288.0035400390625,97905.375,24.451128005981445,2.6155652778975855,10.886135867318123,1.0,0,EF1,EST-5,28-APR-16 15:26:00
631377,2016-04-07T05:00:00+00:00,32.0982,-85.2216,662.1875,102.6307373046875,289.654296875,288.24957275390625,99944.8125,26.04330825805664,15.361689229911343,15.434105166642548,0.0,0,EF0,CST-6,06-APR-16 23:22:00
621827,2016-02-24T00:00:00+00:00,31.4313,-88.5348,56.3125,1.875004529953003,293.0244140625,291.83306884765625,99067.75,40.274906158447266,19.675645832655352,29.709754162828776,1.0,0,EF1,CST-6,23-FEB-16 17:45:00
621807,2016-02-23T23:00:00+00:00,31.2627,-88.7064,6.625,,292.7237548828125,291.4867858886719,99244.75,38.3518180847168,19.52342700551427,26.536485516425888,1.0,0,EF1,CST-6,23-FEB-16 17:25:00
632433,2016-04-27T05:00:00+00:00,36.3815,-95.1287,571.25,13.987089157104492,291.619140625,290.2469482421875,97594.375,40.519065856933594,8.902722754950155,17.22554171983848,0.0,0,EF0,CST-6,26-APR-16 22:35:00
632436,2016-04-27T05:00:00+00:00,35.6913,-95.0443,547.25,19.737089157104492,291.5712890625,290.5350341796875,97631.375,39.256370544433594,13.493011321466719,20.676724593618562,1.0,0,EF1,CST-6,26-APR-16 22:46:00
631763,2016-04-24T23:00:00+00:00,40.0952,-98.18,628.9375,352.625,291.62060546875,287.969970703125,93746.6875,17.412084579467773,6.52861817104185,15.495901013838756,1.0,0,EF1,CST-6,24-APR-16 17:03:00
640709,2016-05-24T21:00:00+00:00,38.4241,-101.0543,1626.25,366.3126220703125,300.50537109375,286.7603759765625,90341.9375,20.44068145751953,1.105592922725814,14.794786834541425,0.0,0,EF0,CST-6,24-MAY-16 14:56:00
640988,2016-05-24T21:00:00+00:00,38.451,-101.0116,1626.25,366.3126220703125,300.50537109375,286.7603759765625,90341.9375,20.44068145751953,1.105592922725814,14.794786834541425,0.0,0,EF0,CST-6,24-MAY-16 15:04:00
640989,2016-05-24T22:00:00+00:00,38.6029,-100.7326,2888.0,171.42755126953125,301.494873046875,289.3349609375,90713.0,26.641254425048828,0.5122488795386768,14.293526519033177,0.0,0,EF0,CST-6,24-MAY-16 15:55:00
640990,2016-05-24T22:00:00+00:00,38.6067,-100.7222,2888.0,171.42755126953125,301.494873046875,289.3349609375,90713.0,26.641254425048828,0.5122488795386768,14.293526519033177,0.0,0,EF0,CST-6,24-MAY-16 15:55:00
641257,2016-05-25T01:00:00+00:00,38.1035,-100.082,3459.5,560.672119140625,297.917724609375,293.4224548339844,92183.3125,33.54755401611328,7.707133763151976,11.283950622178509,0.0,0,EF0,CST-6,24-MAY-16 18:55:00
641258,2016-05-25T01:00:00+00:00,37.8645,-99.2707,2714.25,561.390869140625,297.281005859375,292.9888610839844,93289.3125,33.02802276611328,9.8504867345031,9.101178846183531,3.0,1,EF3,CST-6,24-MAY-16 19:00:00
641259,2016-05-25T01:00:00+00:00,37.4775,-98.6651,2284.625,717.453369140625,296.077880859375,291.8111267089844,94393.3125,29.15497589111328,11.356006283011974,10.90649555125124,0.0,0,EF0,CST-6,24-MAY-16 19:25:00
641260,2016-05-25T02:00:00+00:00,38.5015,-99.0984,3022.25,580.7814331054688,297.227294921875,291.9710693359375,93416.0625,33.87751007080078,10.277295865723497,7.2080686508098095,0.0,0,EF0,CST-6,24-MAY-16 19:38:00
641262,2016-05-25T00:00:00+00:00,38.2616,-100.0515,4327.625,438.640625,298.665283203125,293.994873046875,92213.125,37.49653244018555,8.241201248065499,13.345723679335308,2.0,1,EF2,CST-6,24-MAY-16 18:22:00
624243,2016-03-08T14:00:00+00:00,32.6547,-97.4828,255.8125,5.031319618225098,289.674072265625,288.93017578125,97847.4375,36.93614196777344,6.347169358912322,10.647214040589404,0.0,0,EF0,CST-6,08-MAR-16 08:03:00
628407,2016-05-11T00:00:00+00:00,36.9345,-87.7013,777.75,119.21891784667969,293.848388671875,291.45587158203125,99500.5625,32.923316955566406,13.947222627467726,17.29583366579437,0.0,0,EF0,CST-6,10-MAY-16 18:17:00
628412,2016-05-11T01:00:00+00:00,36.9111,-87.4818,717.75,64.46878051757812,294.045654296875,291.1980895996094,99416.125,30.70217514038086,13.270053464909937,15.881230539033847,0.0,0,EF0,CST-6,10-MAY-16 18:45:00
622334,2016-04-27T22:00:00+00:00,40.822,-94.5048,676.25,43.7501335144043,287.764404296875,284.20269775390625,95750.25,25.03978157043457,6.3119029765998675,15.821173431902464,0.0,0,EF0,CST-6,27-APR-16 16:12:00
621809,2016-02-24T00:00:00+00:00,31.3112,-88.6494,220.5,3.140629529953003,292.8828125,291.78131103515625,99000.75,41.498538970947266,24.01523082628155,33.44500410411283,1.0,0,EF1,CST-6,23-FEB-16 17:32:00
621845,2016-02-24T02:00:00+00:00,30.4907,-87.2052,883.875,0.11440616846084595,293.5946350097656,291.8086242675781,100031.3125,40.72964859008789,18.16138947284412,19.734405602258043,3.0,1,EF3,CST-6,23-FEB-16 20:10:00
632441,2016-04-27T05:00:00+00:00,36.2027,-94.8572,635.75,6.752713680267334,291.95703125,290.6229248046875,97088.375,40.171409606933594,12.309808005699164,20.5451106503602,1.0,0,EF1,CST-6,26-APR-16 22:58:00
632444,2016-04-27T05:00:00+00:00,34.385,-95.0718,299.875,23.346464157104492,292.2412109375,290.9012451171875,97029.375,33.715354919433594,15.65838109194994,27.042842534570784,1.0,0,EF1,CST-6,26-APR-16 23:03:00
627425,2016-05-08T23:00:00+00:00,40.2441,-100.4049,879.1875,135.75003051757812,288.610107421875,285.436767578125,91265.4375,19.69366455078125,1.920519847156577,6.402996178302676,0.0,0,EF0,CST-6,08-MAY-16 17:25:00
641264,2016-05-25T00:00:00+00:00,37.906,-100.0252,4811.875,456.015625,298.134033203125,294.012451171875,92042.125,36.36079025268555,7.4358794414896074,12.959734404458372,1.0,0,EF1,CST-6,24-MAY-16 18:15:00
641267,2016-05-25T00:00:00+00:00,37.9134,-100.0177,4811.875,456.015625,298.134033203125,294.012451171875,92042.125,36.36079025268555,7.4358794414896074,12.959734404458372,0.0,0,EF0,CST-6,24-MAY-16 18:17:00
623769,2016-03-08T13:00:00+00:00,32.4014,-97.8896,678.5625,13.500140190124512,289.62152099609375,288.70135498046875,97103.4375,35.25962448120117,11.819540361061968,16.956955200948705,0.0,0,EF0,CST-6,08-MAR-16 07:21:00
628413,2016-05-11T00:00:00+00:00,36.9082,-87.6122,777.75,119.21891784667969,293.848388671875,291.45587158203125,99500.5625,32.923316955566406,13.947222627467726,17.29583366579437,0.0,0,EF0,CST-6,10-MAY-16 18:29:00
628501,2016-05-10T21:00:00+00:00,36.9055,-88.0902,805.625,34.421939849853516,292.686767578125,291.75494384765625,99687.625,35.00635528564453,15.304184672099936,21.17393192555537,0.0,0,EF0,CST-6,10-MAY-16 14:55:00
631230,2016-05-10T01:00:00+00:00,41.6517,-94.6394,708.4375,20.890722274780273,290.627197265625,287.678955078125,95790.5,25.416057586669922,10.532552871807539,6.416332854478045,0.0,0,EF0,CST-6,09-MAY-16 18:46:00
622335,2016-04-27T23:00:00+00:00,40.9911,-94.3531,266.5,,285.6767578125,284.48699951171875,95739.25,23.49624252319336,6.044623495929081,13.64856109789894,0.0,0,EF0,CST-6,27-APR-16 16:40:00
632449,2016-04-27T05:00:00+00:00,36.8481,-94.6522,648.625,27.737089157104492,291.86328125,290.1014404296875,97061.375,39.952659606933594,12.938547987806468,21.81410219362127,1.0,0,EF1,CST-6,26-APR-16 23:07:00
632454,2016-04-27T05:00:00+00:00,35.3684,-94.6262,354.0,9.346464157104492,292.3095703125,290.7869873046875,97841.375,36.863792419433594,16.235085828328334,22.388331812651792,1.0,0,EF1,CST-6,26-APR-16 23:23:00
623767,2016-03-02T02:00:00+00:00,32.6832,-85.4056,598.40625,,290.87921142578125,286.51318359375,99053.9375,29.30924415588379,14.912721126120442,19.09480056491444,0.0,0,EF0,CST-6,01-MAR-16 20:27:00
633727,2016-05-24T18:00:00+00:00,46.445,-88.1106,263.0,37.84381103515625,293.630126953125,287.500244140625,95516.3125,30.479705810546875,1.794038187910099,12.013103543092074,1.0,0,EF1,EST-5,24-MAY-16 13:21:00
633730,2016-05-24T19:00:00+00:00,46.4303,-87.8369,372.875,2.156325101852417,294.71533203125,289.489013671875,96286.75,32.8634147644043,2.201315008904388,13.28838912886875,1.0,0,EF1,EST-5,24-MAY-16 13:54:00
636846,2016-05-17T20:00:00+00:00,32.1413,-81.3212,1070.5,14.219014167785645,296.082275390625,293.80322265625,101451.125,51.75541687011719,8.31446301041608,14.053643930866107,1.0,0,EF1,EST-5,17-MAY-16 15:09:00
624244,2016-03-08T14:00:00+00:00,31.1672,-98.175,1020.5625,55.64069366455078,292.096923828125,291.13427734375,96237.4375,37.78575134277344,5.901063193222137,16.5082374182243,0.0,0,EF0,CST-6,08-MAR-16 08:17:00
630791,2016-05-22T07:00:00+00:00,46.2,-119.17,0.375,,286.80078125,279.944091796875,98029.0625,17.24753189086914,8.160207192099909,4.381639422220306,0.0,0,EF0,PST-8,21-MAY-16 22:50:00
623085,2016-04-26T23:00:00+00:00,38.035,-87.6411,290.875,314.5600280761719,291.865234375,289.94903564453125,99331.625,38.72608184814453,5.882904599266251,19.729869900672067,1.0,0,EF1,CST-6,26-APR-16 16:38:00
628124,2016-04-24T22:00:00+00:00,38.84,-97.87,1956.875,52.1563720703125,298.01123046875,289.338623046875,94790.0,27.44503402709961,14.04895512412881,17.668234485317225,0.0,0,EF0,CST-6,24-APR-16 16:19:00
629691,2016-04-25T21:00:00+00:00,40.46,-104.74,5.0,,295.697509765625,270.97027587890625,83712.6875,11.636551856994629,0.2440240666124811,3.3003505958568358,0.0,0,EF0,MST-7,25-APR-16 14:02:00
626734,2016-04-01T00:00:00+00:00,33.4601,-88.2836,952.0,116.78130340576172,294.711181640625,292.773681640625,99495.875,44.294883728027344,14.01558689318558,19.26610735786554,1.0,0,EF1,CST-6,31-MAR-16 17:32:00
629205,2016-05-27T20:00:00+00:00,46.82,-96.7,1.5,,296.831298828125,285.984619140625,97487.125,25.543132781982422,1.1336639428401458,4.715034598945294,0.0,0,EF0,CST-6,27-MAY-16 13:57:00
629206,2016-05-27T20:00:00+00:00,46.9,-96.6,1.5,,296.831298828125,285.984619140625,97487.125,25.543132781982422,1.1336639428401458,4.715034598945294,0.0,0,EF0,CST-6,27-MAY-16 14:01:00
624319,2016-05-09T21:00:00+00:00,40.7365,-96.6106,2026.5,85.82833862304688,295.04443359375,289.159912109375,95350.9375,23.04705047607422,2.5315637869384595,8.146181769361231,1.0,0,EF1,CST-6,09-MAY-16 15:25:00
624320,2016-05-09T22:00:00+00:00,40.6946,-96.583,1405.5,13.878854751586914,291.855224609375,288.701171875,95486.8125,24.941640853881836,3.892884840760736,7.867251313070605,1.0,0,EF1,CST-6,09-MAY-16 15:53:00
624245,2016-03-08T15:00:00+00:00,33.0965,-96.8695,420.6875,55.816932678222656,289.4931640625,287.93109130859375,98585.8125,37.96037292480469,13.214911013245974,17.25004224983426,1.0,0,EF1,CST-6,08-MAR-16 08:53:00
629399,2016-05-20T16:00:00+00:00,29.6487,-82.3552,1088.375,74.40628051757812,299.830322265625,295.75848388671875,101529.125,42.39268493652344,4.6072556878109525,7.483990434875692,0.0,0,EF0,EST-5,20-MAY-16 11:25:00
628123,2016-04-24T21:00:00+00:00,38.62,-98.45,1605.625,46.578182220458984,299.458984375,288.713134765625,93787.5,25.633113861083984,6.182962958514796,13.731469641686578,0.0,0,EF0,CST-6,24-APR-16 15:12:00
627328,2016-04-27T01:00:00+00:00,35.407,-97.707,1537.375,7.080779552459717,293.84130859375,291.28387451171875,95613.5625,42.495750427246094,11.232136671466446,16.883695579423584,0.0,0,EF0,CST-6,26-APR-16 19:08:00
627329,2016-04-27T01:00:00+00:00,35.432,-97.672,1537.375,7.080779552459717,293.84130859375,291.28387451171875,95613.5625,42.495750427246094,11.232136671466446,16.883695579423584,0.0,0,EF0,CST-6,26-APR-16 19:11:00
627338,2016-04-27T02:00:00+00:00,35.606,-97.336,1086.5,6.000121116638184,291.4609375,290.046142578125,96300.75,42.71207809448242,10.53680795231171,13.59239687184915,1.0,0,EF1,CST-6,26-APR-16 19:43:00
633036,2016-04-29T20:00:00+00:00,33.9701,-88.6569,1669.375,295.2032470703125,297.69482421875,292.15423583984375,100245.75,39.651119232177734,5.787708034280058,13.661971955008495,0.0,0,EF0,CST-6,29-APR-16 14:26:00
633037,2016-04-29T21:00:00+00:00,33.8848,-88.4737,1851.5,163.1031951904297,296.99072265625,292.943115234375,100198.1875,41.32536315917969,4.8210818861037055,12.43556642496924,0.0,0,EF0,CST-6,29-APR-16 14:41:00
626735,2016-04-01T00:00:00+00:00,33.4674,-88.1877,952.0,116.78130340576172,294.711181640625,292.773681640625,99495.875,44.294883728027344,14.01558689318558,19.26610735786554,1.0,0,EF1,CST-6,31-MAR-16 17:43:00
624322,2016-05-09T23:00:00+00:00,40.8213,-96.0074,1265.3125,103.71881103515625,292.479248046875,289.548828125,96061.4375,23.441007614135742,7.20096658084532,2.06812718110021,2.0,1,EF2,CST-6,09-MAY-16 16:49:00
640477,2016-04-28T01:00:00+00:00,39.7938,-91.8632,525.375,68.0937728881836,291.666748046875,288.172607421875,97587.0625,23.166357040405273,7.001395122937131,15.441562719103157,0.0,0,EF0,CST-6,27-APR-16 19:23:00
640489,2016-04-28T02:00:00+00:00,39.9576,-91.6278,667.0,47.984439849853516,289.954345703125,288.248779296875,97979.6875,26.148006439208984,4.440396540858359,17.7801502494583,1.0,0,EF1,CST-6,27-APR-16 20:00:00
624248,2016-04-29T22:00:00+00:00,33.3628,-96.7228,1697.25,64.5938720703125,293.890380859375,293.5166015625,97584.875,48.34840393066406,10.291099798869757,22.793454352438847,0.0,0,EF0,CST-6,29-APR-16 15:53:00
624249,2016-04-29T23:00:00+00:00,32.4361,-95.6149,1604.25,82.20841979980469,293.87109375,292.8526611328125,98432.0,53.12739562988281,13.416599614392107,25.308650467414722,0.0,0,EF0,CST-6,29-APR-16 17:28:00
628138,2016-06-04T22:00:00+00:00,39.8822,-84.9612,158.1875,65.2343978881836,293.88525390625,292.4736328125,97045.5625,43.69932556152344,5.826643102985529,17.068013112458235,0.0,0,EF0,EST-5,04-JUN-16 17:25:00
627180,2016-06-01T16:00:00+00:00,33.3092,-102.2315,642.0625,32.312618255615234,292.656982421875,287.233642578125,90025.125,29.323020935058594,0.15474659367228452,4.5294810435800645,,0,EFU,CST-6,01-JUN-16 10:20:00
655481,2016-07-07T12:00:00+00:00,39.1446,-92.403,784.125,92.49232482910156,294.998046875,293.54052734375,98280.3125,56.19884490966797,9.782077689668439,13.585453809161407,0.0,0,EF0,CST-6,07-JUL-16 05:45:00
629823,2016-06-13T20:00:00+00:00,37.18,-104.21,1009.0,24.3857364654541,297.75341796875,284.61083984375,81319.125,25.020334243774414,0.2819288472869012,4.647380428343535,,0,EFU,MST-7,13-JUN-16 12:41:00
629635,2016-06-13T23:00:00+00:00,40.09,-103.79,260.5,63.60942077636719,299.2314453125,285.895263671875,85881.4375,25.917903900146484,0.37146565164149337,4.958835817535331,0.0,0,EF0,MST-7,13-JUN-16 16:24:00
624250,2016-04-29T23:00:00+00:00,31.98,-97.7847,4891.625,129.9271697998047,298.265625,294.2393798828125,96742.0,41.87153625488281,7.661516382395853,5.576820359969925,0.0,0,EF0,CST-6,29-APR-16 16:33:00
627907,2016-06-04T22:00:00+00:00,40.0346,-82.9488,491.75,110.5937728881836,297.33154296875,294.0849609375,97818.5625,44.65147399902344,7.323703898241488,13.568519793091355,0.0,0,EF0,EST-5,04-JUN-16 17:06:00
630797,2016-06-09T03:00:00+00:00,44.54,-119.95,0.0,,289.19189453125,278.061279296875,86389.25,17.337177276611328,0.22750442326732775,4.355710194216514,0.0,0,EF0,PST-8,08-JUN-16 19:22:00
633645,2016-06-23T07:00:00+00:00,39.5518,-83.5538,2196.5,301.5659484863281,294.617919921875,293.543701171875,97591.5,49.224327087402344,19.698264838946873,22.18277955509109,1.0,0,EF1,EST-5,23-JUN-16 02:20:00
633529,2016-06-23T07:00:00+00:00,39.5346,-84.1141,2051.4375,368.6753234863281,296.323974609375,294.934326171875,98038.5,48.151084899902344,19.527500251620488,21.526597372566638,1.0,0,EF1,EST-5,23-JUN-16 02:03:00
640438,2016-06-28T00:00:00+00:00,40.61,-102.47,1173.25,171.10955810546875,301.482177734375,287.280517578125,88942.25,30.632892608642578,0.26901820307693375,5.529638201427517,0.0,0,EF0,MST-7,27-JUN-16 16:30:00
640439,2016-06-27T23:00:00+00:00,40.9,-102.16,893.375,133.7329864501953,301.290283203125,288.436767578125,89431.875,28.538219451904297,0.0385587274502302,8.896770664403672,0.0,0,EF0,MST-7,27-JUN-16 15:40:00
627984,2016-06-05T21:00:00+00:00,41.8659,-79.1605,1075.625,24.687580108642578,295.132568359375,288.5615234375,94323.1875,27.318073272705078,3.6931704313728906,13.24121686924927,1.0,0,EF1,EST-5,05-JUN-16 16:00:00
630226,2016-06-16T20:00:00+00:00,39.7397,-78.3438,1207.25,129.3131866455078,300.27099609375,293.212158203125,97252.8125,36.2314338684082,1.4834405238311823,15.4573777267768,0.0,0,EF0,EST-5,16-JUN-16 14:35:00
637560,2016-05-16T22:00:00+00:00,36.5883,-102.7647,1182.375,73.96878814697266,295.999755859375,281.4375,85958.4375,20.73239517211914,0.36504257925422035,9.424826380223983,0.0,0,EF0,CST-6,16-MAY-16 15:57:00
631049,2016-05-10T00:00:00+00:00,39.5,-97.0,508.0625,245.75009155273438,290.5595703125,286.714111328125,95513.5625,24.359159469604492,7.105989165999963,11.237691649750305,0.0,0,EF0,CST-6,09-MAY-16 17:40:00
638068,2016-06-12T01:00:00+00:00,46.31,-104.25,180.25,,302.29248046875,289.76416015625,90581.4375,35.72441482543945,2.010095041617922,12.60836335432801,3.0,1,EF3,MST-7,11-JUN-16 17:54:00
639591,2016-06-13T22:00:00+00:00,43.8634,-103.2461,182.5,47.00006866455078,299.192138671875,284.299560546875,88090.0625,28.308032989501953,0.34684971814117044,8.330958093117626,2.0,1,EF2,MST-7,13-JUN-16 15:22:00
649096,2016-08-27T21:00:00+00:00,47.86,-97.49,1573.125,42.82557678222656,294.381103515625,286.991455078125,97613.3125,23.868379592895508,3.540764876707154,8.519447670378359,0.0,0,EF0,CST-6,27-AUG-16 15:12:00
629965,2016-06-16T00:00:00+00:00,44.1085,-88.3383,810.375,1.4062532186508179,296.00830078125,291.0530700683594,97618.1875,44.91630935668945,2.7202829241022135,16.54327907674592,,0,EFU,CST-6,15-JUN-16 17:47:00
643539,2016-08-04T02:00:00+00:00,48.23,-98.8,2540.125,111.60939025878906,292.44873046875,291.3890380859375,95244.25,38.38758087158203,11.456957423912467,12.525595575952968,0.0,0,EF0,CST-6,03-AUG-16 19:40:00
643712,2016-08-04T02:00:00+00:00,47.77,-98.86,1983.25,56.4843864440918,293.79443359375,292.6478271484375,95105.25,36.18054962158203,10.057537445070222,12.072684729525456,2.0,1,EF2,CST-6,03-AUG-16 20:10:00
649097,2016-08-27T21:00:00+00:00,47.85,-97.48,1573.125,42.82557678222656,294.381103515625,286.991455078125,97613.3125,23.868379592895508,3.540764876707154,8.519447670378359,1.0,0,EF1,CST-6,27-AUG-16 15:18:00
632205,2016-06-26T08:00:00+00:00,44.4902,-88.8254,1900.5,148.81253051757812,297.705322265625,294.167236328125,98136.0625,50.071170806884766,13.428272475753547,13.658484266298455,1.0,0,EF1,CST-6,26-JUN-16 01:30:00
643541,2016-08-04T02:00:00+00:00,48.2,-98.87,2569.25,150.23439025878906,292.4326171875,291.2318115234375,95228.25,37.13953399658203,11.006909051970789,11.657188315059958,0.0,0,EF0,CST-6,03-AUG-16 19:41:00
641053,2016-06-16T21:00:00+00:00,39.9632,-79.6793,1749.75,31.34760093688965,299.138916015625,293.315673828125,95513.5625,41.39006805419922,5.564937958924061,11.592602342250721,0.0,0,EF0,EST-5,16-JUN-16 15:42:00
655173,2016-06-13T23:00:00+00:00,38.4646,-90.0069,1482.375,152.7187957763672,306.1875,295.768310546875,99396.4375,48.691341400146484,5.992273007228955,5.57286505771427,0.0,0,EF0,CST-6,13-JUN-16 16:30:00
634097,2016-07-01T00:00:00+00:00,44.9746,-89.995,333.125,,290.242919921875,287.800048828125,96677.625,20.659944534301758,7.005934951187756,6.452816333663468,0.0,0,EF0,CST-6,30-JUN-16 18:16:00
628016,2016-06-05T00:00:00+00:00,44.83,-88.5096,72.375,,291.75830078125,287.4013671875,97448.75,27.096803665161133,4.732564024634867,9.397309882627779,0.0,0,EF0,CST-6,04-JUN-16 18:00:00
632581,2016-06-23T19:00:00+00:00,38.4536,-105.1038,322.25,55.60686111450195,300.85595703125,280.1396484375,78015.625,17.857702255249023,0.1825191739328204,1.3229133900895158,,0,EFU,MST-7,23-JUN-16 12:27:00
629415,2016-06-11T01:00:00+00:00,44.3395,-88.4412,1190.625,27.81279182434082,298.176025390625,293.888427734375,98243.75,50.145606994628906,12.068821377821552,17.023999557073488,0.0,0,EF0,CST-6,10-JUN-16 19:00:00
637038,2016-05-22T23:00:00+00:00,35.0616,-100.9416,1829.875,67.79386138916016,296.691650390625,292.2940368652344,90310.5,30.428577423095703,1.229087362781483,12.425567382116842,0.0,0,EF0,CST-6,22-MAY-16 16:30:00
641067,2016-06-16T21:00:00+00:00,39.6498,-80.0719,2008.375,54.347599029541016,298.827392578125,293.763916015625,95558.5625,41.10295867919922,5.9778397562179295,12.624164243416796,0.0,0,EF0,EST-5,16-JUN-16 15:49:00
631220,2016-06-21T19:00:00+00:00,38.2697,-80.5038,2267.0,36.98008346557617,293.094970703125,292.0166015625,91970.8125,40.099483489990234,4.248733079976067,15.304527598530392,1.0,0,EF1,EST-5,21-JUN-16 14:00:00
648183,2016-08-29T01:00:00+00:00,47.62,-96.58,2443.0,38.90634536743164,297.39697265625,295.057373046875,97963.3125,40.84037780761719,14.225757171905606,20.0194839793279,0.0,0,EF0,CST-6,28-AUG-16 19:02:00
648191,2016-08-29T02:00:00+00:00,47.5,-96.41,2713.5,37.437652587890625,295.248779296875,294.458984375,97975.375,41.03156280517578,14.221292506253695,17.113588365289058,2.0,1,EF2,CST-6,28-AUG-16 20:04:00
640287,2016-06-27T21:00:00+00:00,39.0884,-103.0725,228.875,197.41305541992188,305.33740234375,281.8330078125,85892.3125,21.903400421142578,0.0332991715994638,2.013121443896634,0.0,0,EF0,MST-7,27-JUN-16 13:51:00
631989,2016-06-25T18:00:00+00:00,34.7,-76.9971,856.5,48.89250183105469,300.046142578125,295.637939453125,101847.625,44.14405059814453,1.8383226121578213,9.084551600982817,0.0,0,EF0,EST-5,25-JUN-16 12:45:00
633430,2016-06-26T18:00:00+00:00,31.17,-83.54,1654.25,91.80001831054688,305.865234375,292.15185546875,100972.5,54.25462341308594,0.9930663601434594,3.609714014361097,0.0,0,EF0,EST-5,26-JUN-16 12:45:00
631393,2016-04-27T03:00:00+00:00,33.5998,-96.4916,1717.375,324.1407165527344,298.291259765625,291.7673645019531,97800.25,45.40981674194336,15.516122678096359,21.495184194547935,0.0,0,EF0,CST-6,26-APR-16 21:11:00
631394,2016-04-27T02:00:00+00:00,33.6567,-96.8964,1690.0,252.3907470703125,299.2724609375,291.172119140625,97598.75,44.63297653198242,9.625439838776366,20.509273306124115,0.0,0,EF0,CST-6,26-APR-16 20:22:00
642528,2016-07-01T01:00:00+00:00,39.49,-102.47,681.1875,419.921875,295.572998046875,289.373779296875,87528.5625,35.16069793701172,0.27338424296624286,1.9003087489096662,0.0,0,EF0,MST-7,30-JUN-16 17:58:00
639199,2016-06-29T23:00:00+00:00,41.4978,-95.6706,844.25,81.60940551757812,301.399169921875,292.5458984375,97358.5,31.44695281982422,2.339844405154438,9.142029911337364,0.0,0,EF0,CST-6,29-JUN-16 17:06:00
639197,2016-06-29T23:00:00+00:00,41.562,-95.6741,710.125,22.046907424926758,300.632568359375,293.2490234375,97218.5,30.69109344482422,2.6611939853680133,9.316743102294648,0.0,0,EF0,CST-6,29-JUN-16 16:51:00
631396,2016-04-27T03:00:00+00:00,33.5257,-96.6174,1964.875,182.18759155273438,297.824462890625,291.7214660644531,97785.25,48.39516830444336,11.736743924939175,17.427455238042345,0.0,0,EF0,CST-6,26-APR-16 21:00:00
633426,2016-07-01T01:00:00+00:00,42.7676,-114.4308,431.5625,,304.163818359375,282.474365234375,87944.5625,25.938039779663086,0.052103010484054545,9.968462096025789,0.0,0,EF0,MST-7,30-JUN-16 18:12:00
632098,2016-06-14T21:00:00+00:00,44.2106,-93.5253,2251.25,56.32821273803711,297.129150390625,293.06982421875,96565.875,46.24428939819336,4.836581425661029,11.108112929017096,0.0,0,EF0,CST-6,14-JUN-16 15:10:00
649103,2016-08-27T23:00:00+00:00,47.49,-97.1,1366.375,57.234519958496094,294.620361328125,288.835693359375,97859.4375,23.50078582763672,2.8687930062484757,11.93573310320313,3.0,1,EF3,CST-6,27-AUG-16 17:02:00
635464,2016-05-22T23:00:00+00:00,35.062,-100.9521,1829.875,67.79386138916016,296.691650390625,292.2940368652344,90310.5,30.428577423095703,1.229087362781483,12.425567382116842,1.0,0,EF1,CST-6,22-MAY-16 16:39:00
627682,2016-06-03T22:00:00+00:00,45.5488,-94.808,12.5,158.59376525878906,290.57275390625,287.50390625,96753.9375,25.617555618286133,7.214673200633446,10.166295579849816,0.0,0,EF0,CST-6,03-JUN-16 16:08:00
632095,2016-06-14T21:00:00+00:00,43.9589,-94.2033,2876.75,36.96883773803711,297.209228515625,293.46142578125,96753.875,50.01577377319336,8.440808611629212,11.281624365318901,0.0,0,EF0,CST-6,14-JUN-16 14:34:00
632099,2016-06-14T21:00:00+00:00,44.3134,-93.4661,1832.5,51.96883773803711,296.800048828125,293.04443359375,96848.875,46.70327377319336,5.410113029227857,11.236532733935704,0.0,0,EF0,CST-6,14-JUN-16 15:28:00
640588,2016-06-06T19:00:00+00:00,30.2727,-81.8317,3794.125,43.8907585144043,298.832275390625,297.069091796875,100796.3125,61.842628479003906,15.364250360445878,19.6074335089877,1.0,0,EF1,EST-5,06-JUN-16 14:25:00
639275,2016-06-03T23:00:00+00:00,44.1,-96.3105,181.375,222.32000732421875,292.485107421875,286.650390625,95234.1875,25.365951538085938,3.5627498168311127,8.033560342976513,0.0,0,EF0,CST-6,03-JUN-16 16:35:00
632096,2016-06-14T22:00:00+00:00,44.1282,-93.8622,675.25,1.671887993812561,295.378173828125,293.702880859375,97066.5625,49.3731575012207,7.247915955889031,11.190787997134501,0.0,0,EF0,CST-6,14-JUN-16 15:33:00
644777,2016-06-14T00:00:00+00:00,29.71,-91.15,1281.0,119.20319366455078,301.016845703125,296.96240234375,101370.3125,51.13429260253906,3.7386284351413828,7.240150464597638,0.0,0,EF0,CST-6,13-JUN-16 17:35:00
632097,2016-06-14T21:00:00+00:00,44.1973,-93.5417,2251.25,56.32821273803711,297.129150390625,293.06982421875,96565.875,46.24428939819336,4.836581425661029,11.108112929017096,0.0,0,EF0,CST-6,14-JUN-16 15:05:00
627678,2016-05-30T23:00:00+00:00,40.13,-93.74,639.25,607.81201171875,298.35986328125,288.7548828125,98154.5625,33.9742317199707,6.8055865919257075,0.24681377132859716,0.0,0,EF0,CST-6,30-MAY-16 17:29:00
626489,2016-05-17T19:00:00+00:00,27.4876,-80.3791,2344.125,94.9327163696289,301.319580078125,297.243408203125,101541.875,51.6571044921875,5.87466487342689,8.524180382084324,0.0,0,EF0,EST-5,17-MAY-16 14:15:00
632201,2016-04-16T01:00:00+00:00,36.7962,-101.9512,327.0625,20.7969913482666,290.385986328125,286.09857177734375,87978.5,25.815521240234375,0.1586583758358306,21.513202996053888,0.0,0,EF0,CST-6,15-APR-16 19:02:00
645695,2016-06-21T17:00:00+00:00,39.3314,-77.1119,2110.125,156.6851348876953,301.06494140625,292.158447265625,99152.0,42.54800033569336,3.610783949977088,13.602902316913344,0.0,0,EF0,EST-5,21-JUN-16 12:29:00
643939,2016-06-20T00:00:00+00:00,47.0256,-93.2142,4999.25,41.3595085144043,297.925537109375,294.579345703125,96374.625,39.20848083496094,12.628361248918823,18.447388694974048,1.0,0,EF1,CST-6,19-JUN-16 17:50:00
639751,2016-06-01T00:00:00+00:00,27.3794,-97.8829,1520.3125,159.73760986328125,301.51513671875,296.51885986328125,100364.1875,58.258644104003906,8.294448788805783,10.39046951811987,0.0,0,EF0,CST-6,31-MAY-16 17:53:00
633464,2016-04-16T01:00:00+00:00,36.8669,-101.8654,317.0625,25.1251163482666,289.372314453125,286.57904052734375,87952.5,25.823333740234375,0.24424003833255697,22.387037681470293,0.0,0,EF0,CST-6,15-APR-16 19:16:00
635126,2016-04-16T01:00:00+00:00,36.74,-101.988,327.0625,20.7969913482666,290.385986328125,286.09857177734375,87978.5,25.815521240234375,0.1586583758358306,21.513202996053888,0.0,0,EF0,CST-6,15-APR-16 18:50:00
645000,2016-06-20T00:00:00+00:00,47.2785,-92.7227,4252.875,45.5626335144043,297.416748046875,294.659423828125,96185.625,41.78465270996094,12.867309116211942,17.86640957010264,1.0,0,EF1,CST-6,19-JUN-16 18:06:00
647148,2016-06-04T21:00:00+00:00,40.0856,-85.5678,386.25,22.593887329101562,294.76708984375,292.84375,97590.0,44.44618606567383,7.750316919597038,14.401028723003217,0.0,0,EF0,EST-5,04-JUN-16 16:20:00
623764,2016-03-08T00:00:00+00:00,32.79,-97.98,1162.875,17.82820701599121,292.740966796875,290.1805419921875,97051.125,39.30744171142578,12.611003232055848,16.562094935889803,1.0,0,EF1,CST-6,07-MAR-16 18:08:00
637559,2016-05-16T22:00:00+00:00,36.5983,-102.8152,1182.375,73.96878814697266,295.999755859375,281.4375,85958.4375,20.73239517211914,0.36504257925422035,9.424826380223983,0.0,0,EF0,CST-6,16-MAY-16 15:39:00
637276,2016-05-16T23:00:00+00:00,36.1488,-102.9979,602.5,,297.1435546875,275.232666015625,85676.6875,19.07227897644043,0.039358611008143786,9.475117536984486,1.0,0,EF1,CST-6,16-MAY-16 16:40:00
637277,2016-05-16T23:00:00+00:00,36.1401,-102.7837,1470.25,57.59564208984375,297.0634765625,277.680908203125,86539.6875,22.57911491394043,0.1435671292942218,9.057088308908195,0.0,0,EF0,CST-6,16-MAY-16 17:06:00
633089,2016-05-09T22:00:00+00:00,34.391,-96.638,2073.0,65.53510284423828,297.972412109375,291.1474609375,96931.8125,29.510000228881836,6.7411102802500285,18.572548281332715,3.0,1,EF3,CST-6,09-MAY-16 16:18:00
633102,2016-05-09T23:00:00+00:00,36.194,-97.171,1973.0,,298.910888671875,281.4189453125,96330.4375,25.134366989135742,7.593957662353103,21.953809940915328,2.0,1,EF2,CST-6,09-MAY-16 16:58:00
632199,2016-04-16T01:00:00+00:00,36.7467,-101.9433,327.0625,20.7969913482666,290.385986328125,286.09857177734375,87978.5,25.815521240234375,0.1586583758358306,21.513202996053888,1.0,0,EF1,CST-6,15-APR-16 18:56:00
639742,2016-05-31T23:00:00+00:00,28.488,-98.2871,606.125,221.55503845214844,299.010009765625,295.704345703125,99869.75,55.151397705078125,5.191157467185718,10.041192254395648,0.0,0,EF0,CST-6,31-MAY-16 16:33:00
633093,2016-05-09T23:00:00+00:00,34.419,-96.197,2035.5625,108.95318603515625,295.281005859375,292.1845703125,97814.4375,30.599210739135742,10.30349590816165,20.27101721916928,1.0,0,EF1,CST-6,09-MAY-16 17:07:00
633103,2016-05-09T23:00:00+00:00,36.217,-97.141,1973.0,,298.910888671875,281.4189453125,96330.4375,25.134366989135742,7.593957662353103,21.953809940915328,2.0,1,EF2,CST-6,09-MAY-16 17:06:00
643429,2016-04-16T01:00:00+00:00,36.88,-101.86,317.0625,25.1251163482666,289.372314453125,286.57904052734375,87952.5,25.823333740234375,0.24424003833255697,22.387037681470293,0.0,0,EF0,CST-6,15-APR-16 19:19:00
650310,2016-07-11T22:00:00+00:00,45.1237,-94.5454,2295.5,2.1075384616851807,297.516845703125,295.75390625,96214.0,52.08353042602539,10.035800319480684,22.628545602074716,2.0,1,EF2,CST-6,11-JUL-16 16:25:00
650312,2016-07-11T23:00:00+00:00,45.3394,-94.4014,2182.25,32.82135772705078,296.03076171875,295.03515625,96098.0,53.75269317626953,10.054859539887802,24.55229046716164,1.0,0,EF1,CST-6,11-JUL-16 16:58:00
633094,2016-05-09T23:00:00+00:00,34.447,-96.145,2035.5625,108.95318603515625,295.281005859375,292.1845703125,97814.4375,30.599210739135742,10.30349590816165,20.27101721916928,1.0,0,EF1,CST-6,09-MAY-16 17:17:00
638598,2016-05-23T00:00:00+00:00,45.9277,-99.9445,1120.0,25.85938835144043,296.846923828125,290.2818603515625,93575.0625,32.310768127441406,3.6865752323312693,4.851505951267642,0.0,0,EF0,CST-6,22-MAY-16 17:30:00
633088,2016-05-09T22:00:00+00:00,35.2228,-97.2282,698.75,,300.216552734375,283.8134765625,96181.8125,22.654531478881836,5.326560074676314,19.73626403081589,,0,EFU,CST-6,09-MAY-16 16:16:00
633050,2016-05-09T00:00:00+00:00,34.581,-98.076,1379.125,274.2658996582031,295.923095703125,291.915771484375,96118.1875,32.300682067871094,10.35307141945426,17.697754373823003,,0,EFU,CST-6,08-MAY-16 18:03:00
633097,2016-05-09T23:00:00+00:00,34.385,-96.358,2201.1875,339.20318603515625,295.781982421875,291.7451171875,97425.4375,27.910734176635742,9.963940466094002,20.756064111171302,,0,EFU,CST-6,09-MAY-16 16:47:00
633153,2016-05-31T22:00:00+00:00,35.193,-98.019,1248.875,59.77473068237305,297.595458984375,293.306640625,96516.625,39.259891510009766,2.773605479231658,4.4598516382577476,,0,EFU,CST-6,31-MAY-16 16:28:00
633155,2016-05-31T22:00:00+00:00,35.226,-97.986,1248.875,59.77473068237305,297.595458984375,293.306640625,96516.625,39.259891510009766,2.773605479231658,4.4598516382577476,,0,EFU,CST-6,31-MAY-16 16:28:00
633157,2016-05-31T22:00:00+00:00,35.241,-97.96,1248.875,59.77473068237305,297.595458984375,293.306640625,96516.625,39.259891510009766,2.773605479231658,4.4598516382577476,,0,EFU,CST-6,31-MAY-16 16:28:00
625296,2016-03-24T02:00:00+00:00,32.9404,-97.3815,1553.625,483.8594055175781,296.85491943359375,289.4736328125,97493.875,23.908823013305664,12.087452905024143,19.462150258076118,0.0,0,EF0,CST-6,23-MAR-16 20:08:00
642372,2016-06-21T19:00:00+00:00,38.2496,-80.4598,2267.0,36.98008346557617,293.094970703125,292.0166015625,91970.8125,40.099483489990234,4.248733079976067,15.304527598530392,0.0,0,EF0,EST-5,21-JUN-16 14:05:00
626480,2016-05-17T19:00:00+00:00,27.5689,-80.4017,2132.125,59.07333755493164,301.331298828125,297.181884765625,101586.875,51.6961669921875,5.801917798385394,9.450249260906867,1.0,0,EF1,EST-5,17-MAY-16 13:48:00
644181,2016-06-29T01:00:00+00:00,42.24,-101.93,2460.375,342.50030517578125,297.64208984375,289.45166015625,88625.875,36.56111145019531,0.09701106532336097,10.40718070562313,0.0,0,EF0,CST-6,28-JUN-16 18:32:00
648222,2016-05-12T01:00:00+00:00,38.1244,-91.2033,812.875,240.93753051757812,295.015380859375,291.6318359375,98308.9375,30.512645721435547,6.573028176340147,15.072855414413883,2.0,1,EF2,CST-6,11-MAY-16 19:15:00
637279,2016-05-17T02:00:00+00:00,35.8686,-100.3989,1736.125,243.40628051757812,292.8583984375,287.375244140625,91481.625,33.868797302246094,2.688697377017303,12.684061555468041,0.0,0,EF0,CST-6,16-MAY-16 19:52:00
637281,2016-05-17T02:00:00+00:00,35.9193,-100.3029,1593.4375,155.06253051757812,292.87109375,287.586181640625,91973.625,33.066062927246094,4.787408404232114,13.104718033367867,0.0,0,EF0,CST-6,16-MAY-16 20:06:00
664404,2016-10-08T11:00:00+00:00,33.8243,-78.651,319.6875,0.21882158517837524,298.093505859375,296.6993408203125,99796.9375,69.97797393798828,18.59400994872923,26.360915180900253,0.0,0,EF0,EST-5,08-OCT-16 05:46:00
633109,2016-05-24T01:00:00+00:00,36.5066,-99.4119,3434.125,68.02947235107422,296.99365234375,293.84185791015625,93356.3125,34.45721435546875,8.817750411946559,11.538565267043486,0.0,0,EF0,CST-6,23-MAY-16 19:25:00
644182,2016-06-29T01:00:00+00:00,42.09,-101.83,2982.75,390.60968017578125,297.71728515625,289.71240234375,88965.875,37.64607238769531,0.07766619863828675,11.544820250757772,2.0,1,EF2,CST-6,28-JUN-16 18:52:00
637048,2016-05-23T00:00:00+00:00,36.1261,-100.9783,1281.625,378.6875,295.773681640625,291.5377197265625,90572.0625,32.005104064941406,2.5518632452675067,11.629807225973956,0.0,0,EF0,CST-6,22-MAY-16 17:44:00
637059,2016-05-23T00:00:00+00:00,36.134,-100.926,1281.625,378.6875,295.773681640625,291.5377197265625,90572.0625,32.005104064941406,2.5518632452675067,11.629807225973956,1.0,0,EF1,CST-6,22-MAY-16 17:57:00
637282,2016-05-17T03:00:00+00:00,35.8641,-100.0027,1097.625,192.65625,291.427001953125,288.224609375,92505.0625,33.5225715637207,4.3634338405316075,16.200511146393595,0.0,0,EF0,CST-6,16-MAY-16 20:35:00
635577,2016-05-26T03:00:00+00:00,36.4966,-98.0699,4005.875,549.5682983398438,299.74560546875,295.741943359375,96665.0,25.7164363861084,11.494188805855043,19.19238275838771,2.0,1,EF2,CST-6,25-MAY-16 20:53:00
643994,2016-07-10T21:00:00+00:00,46.36,-104.23,1690.375,167.35940551757812,297.941650390625,292.4443359375,89996.125,30.589962005615234,0.2186768749059497,20.274638107702454,0.0,0,EF0,MST-7,10-JUL-16 14:10:00
633110,2016-05-24T02:00:00+00:00,36.617,-99.43,3331.625,216.0157012939453,293.78271484375,292.3428649902344,93899.25,35.292179107666016,8.950363672609399,5.29733537767775,,0,EFU,CST-6,23-MAY-16 20:24:00
633090,2016-05-09T22:00:00+00:00,34.48,-96.755,2073.0,65.53510284423828,297.972412109375,291.1474609375,96931.8125,29.510000228881836,6.7411102802500285,18.572548281332715,,0,EFU,CST-6,09-MAY-16 16:18:00
640378,2016-07-10T23:00:00+00:00,31.5838,-89.9613,146.5,489.0781555175781,303.71630859375,291.13134765625,100193.4375,44.640499114990234,2.8764177744517614,5.787336035816844,1.0,0,EF1,CST-6,10-JUL-16 17:17:00
642059,2016-07-22T19:00:00+00:00,31.5496,-89.1007,2425.625,98.07132720947266,302.05517578125,295.968017578125,100910.875,56.539459228515625,1.8389600532910746,4.937868833682077,0.0,0,EF0,CST-6,22-JUL-16 13:04:00
634177,2016-07-06T02:00:00+00:00,44.6871,-92.2244,3174.25,35.75016403198242,297.826171875,292.2978515625,97256.4375,52.350433349609375,0.5444988231335172,13.42689083038891,0.0,0,EF0,CST-6,05-JUL-16 19:35:00
638069,2016-05-05T18:00:00+00:00,34.2506,-77.8175,21.0,,291.518798828125,284.808349609375,99918.3125,16.011035919189453,3.619234512556293,5.245240763312728,1.0,0,EF1,EST-5,05-MAY-16 13:28:00
638780,2016-05-28T16:00:00+00:00,45.4184,-99.6829,106.25,,292.692626953125,285.611083984375,94297.875,23.660463333129883,1.3392652034135353,0.723648150770925,0.0,0,EF0,CST-6,28-MAY-16 10:02:00
633104,2016-05-09T23:00:00+00:00,36.246,-97.115,1973.0,,298.910888671875,281.4189453125,96330.4375,25.134366989135742,7.593957662353103,21.953809940915328,2.0,1,EF2,CST-6,09-MAY-16 17:15:00
643133,2016-05-30T20:00:00+00:00,41.0807,-103.0907,234.625,,298.88525390625,279.469482421875,87000.0625,17.088865280151367,0.2402971843019366,4.262571940615209,0.0,0,EF0,MST-7,30-MAY-16 13:20:00
638334,2016-07-22T20:00:00+00:00,47.7812,-119.4061,25.375,,297.960693359375,282.52099609375,94301.25,20.19232940673828,0.9553987132088806,3.7022232432655677,0.0,0,EF0,PST-8,22-JUL-16 11:31:00
634174,2016-07-06T02:00:00+00:00,44.566,-92.105,3174.25,35.75016403198242,297.826171875,292.2978515625,97256.4375,52.350433349609375,0.5444988231335172,13.42689083038891,1.0,0,EF1,CST-6,05-JUL-16 19:48:00
637062,2016-05-23T00:00:00+00:00,36.1536,-100.9021,1281.625,378.6875,295.773681640625,291.5377197265625,90572.0625,32.005104064941406,2.5518632452675067,11.629807225973956,1.0,0,EF1,CST-6,22-MAY-16 18:04:00
637063,2016-05-23T00:00:00+00:00,36.1468,-100.8636,1281.625,378.6875,295.773681640625,291.5377197265625,90572.0625,32.005104064941406,2.5518632452675067,11.629807225973956,1.0,0,EF1,CST-6,22-MAY-16 18:15:00
635810,2016-05-17T03:00:00+00:00,35.863,-100.0004,1097.625,192.65625,291.427001953125,288.224609375,92505.0625,33.5225715637207,4.3634338405316075,16.200511146393595,1.0,0,EF1,CST-6,16-MAY-16 20:36:00
639601,2016-05-27T23:00:00+00:00,43.7294,-88.7834,127.375,67.71881866455078,294.807861328125,292.5048828125,97623.4375,42.70687484741211,10.652768570053635,10.69145784587572,1.0,0,EF1,CST-6,27-MAY-16 16:35:00
645637,2016-06-14T20:00:00+00:00,45.3517,-97.622,622.0,52.7188720703125,294.01171875,292.78369140625,94554.4375,36.17787170410156,10.82429051315558,20.846710867411886,0.0,0,EF0,CST-6,14-JUN-16 13:42:00
637471,2016-05-25T00:00:00+00:00,36.04,-101.22,3165.875,422.03125,301.968017578125,291.297607421875,90092.125,20.604930877685547,0.6406089965272544,16.709381865548238,,0,EFU,CST-6,24-MAY-16 17:44:00
657994,2016-07-19T20:00:00+00:00,40.9807,-93.0528,2253.375,91.01577758789062,303.849853515625,294.29248046875,98786.125,51.71208572387695,2.2378549739929703,7.28662869556498,0.0,0,EF0,CST-6,19-JUL-16 13:34:00
643477,2016-08-03T23:00:00+00:00,48.63,-99.47,3261.75,17.32817268371582,296.40185546875,294.0986328125,94807.375,46.018394470214844,9.35174818186233,15.00636053539378,2.0,1,EF2,CST-6,03-AUG-16 16:45:00
650311,2016-07-11T23:00:00+00:00,45.2969,-94.4144,2457.25,12.649480819702148,297.15869140625,295.8642578125,96171.0,54.19019317626953,10.214332849273891,24.28102044191471,2.0,1,EF2,CST-6,11-JUL-16 16:52:00
640375,2016-07-27T22:00:00+00:00,43.0971,-94.3426,1028.0,113.57813262939453,301.35205078125,294.009033203125,97119.0,32.951629638671875,1.7380011054863223,6.407852636132975,0.0,0,EF0,CST-6,27-JUL-16 16:15:00
640376,2016-07-27T23:00:00+00:00,43.4706,-93.7139,851.375,70.398193359375,297.612060546875,293.695556640625,97069.625,37.13966369628906,1.4083540485733974,5.575828996862546,0.0,0,EF0,CST-6,27-JUL-16 17:11:00
645655,2016-06-14T20:00:00+00:00,45.2872,-97.3168,1012.875,6.968871593475342,294.1904296875,292.56787109375,94011.4375,37.30482482910156,8.610522719600166,19.129424363809253,0.0,0,EF0,CST-6,14-JUN-16 14:14:00
645665,2016-06-14T21:00:00+00:00,45.3261,-96.8461,964.75,17.26571273803711,295.837158203125,292.84912109375,94845.875,38.54018783569336,8.670368900377968,18.86619753604784,0.0,0,EF0,CST-6,14-JUN-16 15:14:00
645688,2016-06-14T22:00:00+00:00,45.51,-96.64,174.5,40.5156364440918,292.533447265625,291.359130859375,95928.5625,33.4131965637207,7.634592980629871,10.819469773295552,0.0,0,EF0,CST-6,14-JUN-16 16:10:00
645691,2016-06-14T22:00:00+00:00,45.56,-96.6,155.0,14.45313835144043,291.426025390625,290.843505859375,96309.5625,36.1553840637207,10.127175493305266,13.42562720028049,0.0,0,EF0,CST-6,14-JUN-16 16:26:00
637298,2016-06-15T00:00:00+00:00,41.1595,-89.7102,632.875,48.04688262939453,300.175048828125,295.99951171875,98113.125,47.76026153564453,10.427422715697888,10.464634592477648,0.0,0,EF0,CST-6,14-JUN-16 18:15:00
633779,2016-06-01T21:00:00+00:00,40.5549,-98.5551,0.0,,297.99169921875,285.06884765625,94892.6875,19.423728942871094,0.36795399605032997,9.891975206204753,0.0,0,EF0,CST-6,01-JUN-16 15:28:00
652580,2016-07-11T23:00:00+00:00,45.3265,-94.4055,2182.25,32.82135772705078,296.03076171875,295.03515625,96098.0,53.75269317626953,10.054859539887802,24.55229046716164,0.0,0,EF0,CST-6,11-JUL-16 16:56:00
640377,2016-07-28T00:00:00+00:00,42.8779,-94.3483,955.875,17.203208923339844,298.146728515625,293.751708984375,97146.1875,37.982574462890625,2.4781567085046943,6.000898651675779,0.0,0,EF0,CST-6,27-JUL-16 17:39:00
640108,2016-07-25T21:00:00+00:00,40.58,-74.73,1725.375,36.51588821411133,304.724365234375,294.54833984375,99394.5,55.717498779296875,4.646568858800513,12.763901947399427,1.0,0,EF1,EST-5,25-JUL-16 16:12:00
639744,2016-06-01T00:00:00+00:00,27.4919,-97.8512,1520.3125,159.73760986328125,301.51513671875,296.51885986328125,100364.1875,58.258644104003906,8.294448788805783,10.39046951811987,1.0,0,EF1,CST-6,31-MAY-16 17:30:00
633058,2016-05-09T21:00:00+00:00,34.559,-97.357,637.8125,,301.03369140625,282.031982421875,96331.9375,20.99236297607422,5.697244717230229,13.657499646047967,4.0,1,EF4,CST-6,09-MAY-16 15:06:00
643199,2016-06-22T02:00:00+00:00,46.3101,-102.4018,1597.625,11.265687942504883,294.91748046875,291.56939697265625,91694.9375,35.797908782958984,5.336303406928323,15.011914772310655,1.0,0,EF1,MST-7,21-JUN-16 19:10:00
644906,2016-06-22T03:00:00+00:00,47.81,-103.38,488.375,4.265634536743164,290.9365234375,288.448486328125,93181.1875,28.71087646484375,8.534389688982447,18.702430799860903,0.0,0,EF0,MST-7,21-JUN-16 19:46:00
635127,2016-04-16T03:00:00+00:00,35.5621,-102.625,1543.0,569.703125,290.144775390625,283.6893310546875,87184.875,20.424400329589844,0.39055032733492034,20.06745144314276,0.0,0,EF0,CST-6,15-APR-16 20:50:00
643230,2016-05-23T01:00:00+00:00,36.1,-100.8,1141.25,464.56939697265625,296.09814453125,291.9131774902344,90961.5625,29.16488265991211,4.114367691135412,11.127135199223783,,0,EFU,CST-6,22-MAY-16 18:49:00
657996,2016-07-30T15:00:00+00:00,43.0087,-94.1578,359.0,25.96515464782715,296.041259765625,290.362060546875,97580.5625,28.999732971191406,1.8962937787942336,1.9437671536204075,0.0,0,EF0,CST-6,30-JUL-16 09:29:00
644680,2016-07-27T21:00:00+00:00,45.266,-91.6674,1726.125,46.87502670288086,297.523193359375,292.94189453125,97551.4375,41.84280776977539,5.707754963328739,12.254978830662326,0.0,0,EF0,CST-6,27-JUL-16 14:55:00
639755,2016-06-01T00:00:00+00:00,27.4664,-97.8316,1618.5,291.05010986328125,301.85107421875,296.49639892578125,100597.1875,57.514503479003906,7.1094969945975945,9.693885486219013,1.0,0,EF1,CST-6,31-MAY-16 17:41:00
633084,2016-05-09T22:00:00+00:00,34.565,-97.146,336.875,,301.015380859375,282.478515625,96457.8125,20.337148666381836,4.766288833628987,17.563145623213302,3.0,1,EF3,CST-6,09-MAY-16 15:34:00
633092,2016-05-09T23:00:00+00:00,34.408,-96.341,2035.5625,108.95318603515625,295.281005859375,292.1845703125,97814.4375,30.599210739135742,10.30349590816165,20.27101721916928,1.0,0,EF1,CST-6,09-MAY-16 16:46:00
642736,2016-06-20T00:00:00+00:00,46.496,-94.7789,4820.375,76.59388732910156,298.111083984375,294.474853515625,96254.625,35.48484802246094,10.83587500338886,18.34735253797821,0.0,0,EF0,CST-6,19-JUN-16 17:30:00
643242,2016-05-23T02:00:00+00:00,36.07,-100.55,1396.5,422.82269287109375,295.038818359375,292.1676025390625,91446.1875,28.795982360839844,6.260887092734566,9.9636298738135,0.0,0,EF0,CST-6,22-MAY-16 19:45:00
637476,2016-05-27T01:00:00+00:00,36.05,-100.06,1898.5,600.40625,297.74462890625,291.712646484375,91959.1875,23.46903419494629,6.89910996523086,14.83684443267598,,0,EFU,CST-6,26-MAY-16 19:10:00
643759,2016-07-06T22:00:00+00:00,46.09,-104.36,946.25,68.42191314697266,293.028076171875,289.49951171875,90015.3125,30.589969635009766,0.3159308619311037,12.459201451887864,0.0,0,EF0,MST-7,06-JUL-16 14:40:00
638781,2016-05-28T16:00:00+00:00,45.4163,-99.6853,106.25,,292.692626953125,285.611083984375,94297.875,23.660463333129883,1.3392652034135353,0.723648150770925,0.0,0,EF0,CST-6,28-MAY-16 10:10:00
626483,2016-05-17T19:00:00+00:00,27.5578,-80.4076,2132.125,59.07333755493164,301.331298828125,297.181884765625,101586.875,51.6961669921875,5.801917798385394,9.450249260906867,1.0,0,EF1,EST-5,17-MAY-16 13:51:00
642891,2016-06-20T00:00:00+00:00,46.4449,-93.9158,5611.875,49.2032585144043,298.121826171875,294.510009765625,96535.625,37.12644958496094,14.432652328444037,19.257840148267007,2.0,1,EF2,CST-6,19-JUN-16 18:11:00
643935,2016-06-20T00:00:00+00:00,47.0188,-93.2464,4999.25,41.3595085144043,297.925537109375,294.579345703125,96374.625,39.20848083496094,12.628361248918823,18.447388694974048,1.0,0,EF1,CST-6,19-JUN-16 17:49:00
659100,2016-09-22T00:00:00+00:00,42.9155,-92.7308,1011.875,252.5314178466797,297.1005859375,293.990966796875,97722.25,43.311195373535156,11.936222331752699,17.393561100428887,0.0,0,EF0,CST-6,21-SEP-16 17:32:00
651916,2016-09-17T23:00:00+00:00,41.9103,-79.0334,473.25,17.672060012817383,294.523681640625,293.43798828125,95304.9375,44.92027282714844,11.064962123847486,18.916035857073606,1.0,0,EF1,EST-5,17-SEP-16 17:35:00
649359,2016-09-09T23:00:00+00:00,47.8878,-94.7866,71.875,,289.650390625,286.3492126464844,96722.6875,20.833507537841797,1.372608804060159,6.872840706865267,0.0,0,EF0,CST-6,09-SEP-16 17:20:00
626117,2016-05-09T00:00:00+00:00,40.58,-100.38,548.125,415.4533996582031,288.689697265625,285.428466796875,90641.1875,18.553611755371094,1.138548512155619,5.234490955407316,0.0,0,EF0,CST-6,08-MAY-16 18:29:00
624625,2016-05-09T00:00:00+00:00,39.1367,-99.1623,1123.4375,338.7971496582031,294.575439453125,288.097412109375,92985.1875,24.206932067871094,6.335221518960762,15.80011145849627,1.0,0,EF1,CST-6,08-MAY-16 18:27:00
624622,2016-05-09T00:00:00+00:00,39.133,-99.1814,1123.4375,338.7971496582031,294.575439453125,288.097412109375,92985.1875,24.206932067871094,6.335221518960762,15.80011145849627,2.0,1,EF2,CST-6,08-MAY-16 18:21:00
627023,2016-05-07T22:00:00+00:00,39.9592,-102.5499,466.625,45.93809127807617,293.99951171875,280.0863342285156,87054.625,22.635576248168945,0.7079242066059349,4.118116878179142,0.0,0,EF0,MST-7,07-MAY-16 15:06:00
627562,2016-05-07T23:00:00+00:00,40.1899,-102.4529,527.3125,79.73442840576172,289.4296875,283.38079833984375,87336.6875,22.420387268066406,0.2052182884714253,8.46880447979775,0.0,0,EF0,MST-7,07-MAY-16 15:57:00
659197,2016-09-06T23:00:00+00:00,43.4085,-92.237,1577.25,0.9533296823501587,299.10791015625,296.5556640625,96933.25,48.48322296142578,6.590403181347127,11.96618592922919,0.0,0,EF0,CST-6,06-SEP-16 16:50:00
633604,2016-05-25T02:00:00+00:00,40.2279,-102.7278,974.0,137.4220733642578,291.760498046875,286.8773193359375,86618.0625,19.24762725830078,0.30695223616944595,17.96991138195735,0.0,0,EF0,MST-7,24-MAY-16 18:36:00
638175,2016-05-10T00:00:00+00:00,34.0107,-95.5699,2495.0625,61.14072036743164,295.9091796875,294.083251953125,98613.5625,35.407989501953125,14.359614822734688,19.86535779545912,1.0,0,EF1,CST-6,09-MAY-16 18:02:00
638862,2016-05-21T22:00:00+00:00,46.23,-108.05,749.625,466.5782165527344,295.46826171875,285.8040771484375,88641.4375,21.43228530883789,0.10195022207634169,20.266544817025412,1.0,0,EF1,MST-7,21-MAY-16 14:50:00
636851,2016-05-27T01:00:00+00:00,31.95,-99.31,3018.875,435.671875,299.04736328125,294.000732421875,94883.1875,46.899696350097656,6.731049815265071,17.53292588493668,1.0,0,EF1,CST-6,26-MAY-16 19:01:00
632350,2016-05-26T23:00:00+00:00,39.3611,-102.8663,275.75,43.1394157409668,288.41650390625,280.008056640625,84884.875,20.672473907470703,0.1580014677599085,14.426123465115264,0.0,0,EF0,MST-7,26-MAY-16 16:23:00
660380,2016-09-02T09:00:00+00:00,31.93,-81.03,1178.5,124.21084594726562,299.06640625,297.668701171875,100775.0625,62.145164489746094,16.394061587118994,17.1441190868187,1.0,0,EF1,EST-5,02-SEP-16 04:12:00
627563,2016-05-08T00:00:00+00:00,40.0311,-102.2326,683.1875,333.9375915527344,292.760498046875,281.5816650390625,87757.4375,21.274364471435547,0.2893305902669328,21.589247684038778,0.0,0,EF0,MST-7,07-MAY-16 16:37:00
639290,2016-05-08T23:00:00+00:00,38.7885,-99.9222,531.25,,295.321044921875,282.843994140625,91572.4375,17.00811767578125,3.0056040560669173,17.04410567162415,0.0,0,EF0,CST-6,08-MAY-16 17:00:00
638246,2016-05-10T00:00:00+00:00,34.072,-95.3956,2253.1875,71.73446655273438,294.5205078125,293.181884765625,98248.5625,33.915802001953125,14.460214742518474,20.341443640168077,,0,EFU,CST-6,09-MAY-16 18:25:00
626062,2016-05-24T03:00:00+00:00,34.3068,-100.7142,1255.375,647.068115234375,297.292236328125,293.8017578125,93294.0,20.933151245117188,8.267472143303852,11.639083901469487,,0,EFU,CST-6,23-MAY-16 20:30:00
661352,2016-09-17T22:00:00+00:00,38.8166,-102.3759,56.125,,297.58642578125,282.3612060546875,86731.1875,16.59323501586914,0.31144099630180855,4.714605695278638,0.0,0,EF0,MST-7,17-SEP-16 14:43:00
658907,2016-09-03T01:00:00+00:00,34.725,-76.508,1212.625,3.3569276332855225,298.75634765625,297.0507507324219,100712.3125,65.27070617675781,12.488784165082455,20.830558781018794,1.0,0,EF1,EST-5,02-SEP-16 20:23:00
660382,2016-09-02T08:00:00+00:00,31.66,-81.38,693.875,83.9837646484375,297.573974609375,296.855712890625,100532.25,66.09549713134766,18.920940051076585,22.429475485497846,1.0,0,EF1,EST-5,02-SEP-16 02:50:00
633884,2016-05-10T20:00:00+00:00,42.55,-98.98,369.625,67.40645599365234,294.51806640625,287.575439453125,93277.8125,26.507850646972656,2.2659857248664377,3.0704247398834834,0.0,0,EF0,CST-6,10-MAY-16 14:25:00
638856,2016-05-09T23:00:00+00:00,33.9861,-95.9379,2232.5,36.531314849853516,296.849365234375,294.2900390625,98373.4375,33.593353271484375,12.191287013679188,18.88927619268996,3.0,1,EF3,CST-6,09-MAY-16 17:27:00
626063,2016-05-24T03:00:00+00:00,34.3133,-100.7257,1255.375,647.068115234375,297.292236328125,293.8017578125,93294.0,20.933151245117188,8.267472143303852,11.639083901469487,3.0,1,EF3,CST-6,23-MAY-16 20:34:00
658906,2016-09-03T01:00:00+00:00,34.724,-76.573,1212.625,3.3569276332855225,298.75634765625,297.0507507324219,100712.3125,65.27070617675781,12.488784165082455,20.830558781018794,1.0,0,EF1,EST-5,02-SEP-16 20:20:00
653009,2016-09-08T03:00:00+00:00,46.0618,-94.4521,850.6875,1.9292981624603271,292.900390625,291.05322265625,96476.375,34.85527038574219,9.335305658616734,17.019232540433773,1.0,0,EF1,CST-6,07-SEP-16 21:28:00
660560,2016-09-22T22:00:00+00:00,41.1631,-112.0104,15.25,,291.851318359375,280.73651123046875,83170.9375,18.135963439941406,1.1089238467751081,9.977791601735758,1.0,0,EF1,MST-7,22-SEP-16 14:45:00
660568,2016-09-23T01:00:00+00:00,37.8339,-112.4309,465.3125,17.723976135253906,284.654296875,282.1080322265625,76008.5625,17.218900680541992,0.7159403283040129,8.690024084347986,1.0,0,EF1,MST-7,22-SEP-16 17:54:00
626908,2016-05-25T23:00:00+00:00,39.0566,-97.7891,861.25,168.6776123046875,302.52587890625,292.0650634765625,95917.6875,18.225215911865234,5.390758747406318,13.473727604142772,0.0,0,EF0,CST-6,25-MAY-16 17:08:00
659595,2016-09-18T00:00:00+00:00,32.095,-102.8059,1963.625,209.92190551757812,294.8056640625,292.306884765625,90562.875,38.77933120727539,1.310169143772525,12.493602652218529,1.0,0,EF1,CST-6,17-SEP-16 18:13:00
665907,2016-11-30T00:00:00+00:00,32.9748,-88.8133,924.75,10.79828929901123,293.886474609375,292.0821838378906,99291.4375,38.44696807861328,14.318353969431318,16.712152680751664,1.0,0,EF1,CST-6,29-NOV-16 17:52:00
666154,2016-11-30T00:00:00+00:00,33.7,-88.76,1014.3125,7.048289775848389,293.826904296875,291.9093322753906,99492.4375,41.94989776611328,12.138699149487547,19.58909273053632,1.0,0,EF1,CST-6,29-NOV-16 18:12:00
639291,2016-05-09T00:00:00+00:00,39.0196,-99.5261,1414.9375,,296.604736328125,284.068115234375,92448.1875,22.271385192871094,7.119642969595906,18.78044012243808,0.0,0,EF0,CST-6,08-MAY-16 18:00:00
639296,2016-05-09T00:00:00+00:00,39.05,-99.2218,1118.25,384.5627746582031,294.441650390625,288.039794921875,92924.1875,23.546775817871094,6.139750558130621,16.636684160864153,2.0,1,EF2,CST-6,08-MAY-16 18:08:00
626306,2016-05-25T20:00:00+00:00,45.6989,-95.2829,561.25,4.031362056732178,292.97509765625,290.541015625,96221.375,29.91289520263672,6.862389297450935,12.884453032034436,0.0,0,EF0,CST-6,25-MAY-16 14:10:00
626307,2016-05-25T23:00:00+00:00,45.6894,-94.6042,723.625,81.80261993408203,295.20068359375,290.3258056640625,96459.6875,25.190059661865234,5.542650376151479,14.889266939916485,0.0,0,EF0,CST-6,25-MAY-16 17:09:00
652810,2016-07-17T11:00:00+00:00,41.674,-90.549,671.625,104.79199981689453,294.12353515625,290.589111328125,99118.9375,51.943546295166016,15.787994344391604,20.24238680595515,0.0,0,EF0,CST-6,17-JUL-16 05:27:00
652817,2016-07-17T12:00:00+00:00,41.6437,-90.3935,237.0,90.91313171386719,294.034912109375,290.6259765625,99106.1875,48.44178771972656,14.453447470935865,18.177653775941444,1.0,0,EF1,CST-6,17-JUL-16 05:36:00
652845,2016-07-17T10:00:00+00:00,42.1531,-92.0327,654.125,72.61180877685547,294.152099609375,292.63916015625,98238.875,49.380653381347656,14.333740510130902,24.030322994750346,2.0,1,EF2,CST-6,17-JUL-16 03:58:00
654436,2016-07-17T10:00:00+00:00,41.8785,-91.8316,617.875,107.67430877685547,294.813232421875,292.47314453125,98502.875,49.759559631347656,15.317423622962645,22.465353438111187,2.0,1,EF2,CST-6,17-JUL-16 04:19:00
648028,2016-09-02T01:00:00+00:00,28.4542,-81.6281,1634.625,144.40634155273438,299.072265625,297.060546875,100669.375,64.4652099609375,19.397964311707135,21.341929937005144,0.0,0,EF0,EST-5,01-SEP-16 19:38:00
648041,2016-09-02T01:00:00+00:00,28.8611,-81.9128,1297.5,54.250091552734375,298.767578125,296.966796875,100641.375,67.4593505859375,19.519376653433042,22.51927963496401,0.0,0,EF0,EST-5,01-SEP-16 19:40:00
657335,2016-09-17T00:00:00+00:00,31.9256,-102.4409,1497.5,131.41941833496094,302.03515625,290.38323974609375,90992.6875,38.383201599121094,1.2642257378004118,11.945465721713688,0.0,0,EF0,CST-6,16-SEP-16 17:53:00
650118,2016-09-13T18:00:00+00:00,27.863,-80.549,1488.875,74.1544418334961,301.52978515625,296.51416015625,101497.125,56.07855987548828,6.368593039342901,5.526116259288222,0.0,0,EF0,EST-5,13-SEP-16 12:51:00
656699,2016-09-03T05:00:00+00:00,35.2135,-75.6957,989.875,5.307323455810547,299.05224609375,297.255615234375,100641.1875,64.78605651855469,8.334161579461142,12.832369793385496,0.0,0,EF0,EST-5,03-SEP-16 00:02:00
661358,2016-09-17T22:00:00+00:00,38.8694,-102.3829,56.125,,297.58642578125,282.3612060546875,86731.1875,16.59323501586914,0.31144099630180855,4.714605695278638,0.0,0,EF0,MST-7,17-SEP-16 14:43:00
665518,2016-11-30T02:00:00+00:00,33.404,-88.4813,940.25,0.1981336623430252,293.3411865234375,291.59295654296875,99718.6875,40.36250305175781,18.272430270843564,21.748890544625873,1.0,0,EF1,CST-6,29-NOV-16 20:12:00
633927,2016-05-25T03:00:00+00:00,40.39,-101.64,1501.75,147.95314025878906,288.50439453125,286.81640625,89269.875,28.593486785888672,0.11179460473844884,5.241560248608564,0.0,0,EF0,MST-7,24-MAY-16 20:06:00
643051,2016-06-19T23:00:00+00:00,48.91,-95.72,2579.5,166.5057830810547,299.891357421875,290.585693359375,96670.6875,32.701934814453125,7.519625770933729,19.860726384678678,0.0,0,EF0,CST-6,19-JUN-16 17:22:00
657104,2016-09-15T22:00:00+00:00,32.8,-104.7472,3476.75,164.75003051757812,298.936279296875,290.99072265625,87029.25,34.43594741821289,0.7170117787388572,11.734355334388482,0.0,0,EF0,MST-7,15-SEP-16 15:06:00
654434,2016-07-17T10:00:00+00:00,41.8912,-91.8966,528.875,100.26805877685547,294.863037109375,292.76708984375,98404.875,49.374794006347656,15.164851289877076,22.829253502332776,1.0,0,EF1,CST-6,17-JUL-16 04:15:00
653454,2016-07-18T01:00:00+00:00,41.19,-89.36,4559.875,120.57199096679688,302.31982421875,296.2336120605469,99049.875,47.05738830566406,9.543787084587358,14.457242988949385,0.0,0,EF0,CST-6,17-JUL-16 19:18:00
653455,2016-07-18T01:00:00+00:00,41.22,-89.28,4685.625,107.05636596679688,302.27978515625,296.5343933105469,99130.875,48.04762268066406,10.52552369543813,15.213179238038157,0.0,0,EF0,CST-6,17-JUL-16 19:24:00
630813,2016-04-28T01:00:00+00:00,40.3037,-92.2396,776.0,8.34377384185791,288.946044921875,287.332763671875,97440.0625,28.121435165405273,6.018245387617905,16.38063160183004,1.0,0,EF1,CST-6,27-APR-16 18:48:00
638194,2016-05-10T00:00:00+00:00,34.077,-95.4526,2253.1875,71.73446655273438,294.5205078125,293.181884765625,98248.5625,33.915802001953125,14.460214742518474,20.341443640168077,,0,EFU,CST-6,09-MAY-16 18:18:00
626637,2016-05-10T19:00:00+00:00,37.7725,-86.3001,1523.125,74.9063491821289,296.006103515625,291.342529296875,99000.75,30.364437103271484,6.758893504689849,16.86319614021683,1.0,0,EF1,CST-6,10-MAY-16 13:22:00
626638,2016-05-10T23:00:00+00:00,37.4635,-86.878,1254.125,126.5000228881836,293.419921875,291.82476806640625,99677.125,28.694747924804688,11.458894115504387,19.254548242091396,2.0,1,EF2,CST-6,10-MAY-16 17:06:00
627426,2016-05-08T23:00:00+00:00,38.8911,-100.5182,624.4375,508.9687805175781,292.733154296875,284.573486328125,90764.4375,20.18682861328125,1.4689538203121308,19.758886019523576,0.0,0,EF0,CST-6,08-MAY-16 16:33:00
657185,2016-09-02T22:00:00+00:00,40.22,-102.87,397.625,110.81278991699219,300.66650390625,286.938720703125,86608.8125,34.251041412353516,0.2065057181176527,8.72689559154375,0.0,0,EF0,MST-7,02-SEP-16 15:05:00
627565,2016-05-08T00:00:00+00:00,40.1198,-102.2327,575.125,256.2032165527344,291.291748046875,282.4742431640625,87982.4375,21.629833221435547,0.19122643218047453,16.508464082177316,2.0,1,EF2,MST-7,07-MAY-16 16:53:00
640097,2016-05-27T22:00:00+00:00,37.6499,-96.8398,455.875,24.60806655883789,295.732421875,291.976806640625,95550.4375,32.898807525634766,8.196312745319812,11.460132965147654,0.0,0,EF0,CST-6,27-MAY-16 16:26:00
659597,2016-09-17T23:00:00+00:00,32.6473,-104.1183,2356.875,159.78143310546875,299.079345703125,291.98876953125,89777.9375,36.49839782714844,0.4877241795140098,8.389498806396022,0.0,0,EF0,MST-7,17-SEP-16 15:50:00
668119,2016-03-09T01:00:00+00:00,30.9425,-99.1872,1771.875,361.8807067871094,292.2422180175781,286.74505615234375,94481.4375,27.939773559570312,2.8180902147847364,13.357627054141004,1.0,0,EF1,CST-6,08-MAR-16 19:14:00
624624,2016-03-09T01:00:00+00:00,30.93,-99.2,1771.875,361.8807067871094,292.2422180175781,286.74505615234375,94481.4375,27.939773559570312,2.8180902147847364,13.357627054141004,1.0,0,EF1,CST-6,08-MAR-16 19:10:00
653372,2016-07-23T22:00:00+00:00,42.4235,-91.1265,3076.875,151.71067810058594,300.102783203125,298.125244140625,97719.75,63.19347381591797,10.000601345585276,15.907575340125977,0.0,0,EF0,CST-6,23-JUL-16 15:46:00
637325,2016-05-30T01:00:00+00:00,33.31,-99.05,1467.5,734.2457275390625,299.1962890625,292.143310546875,97150.375,36.63010025024414,2.8727170584348958,10.98461241103861,0.0,0,EF0,CST-6,29-MAY-16 19:09:00
626912,2016-05-26T00:00:00+00:00,38.9917,-97.3713,1084.75,252.5045166015625,302.981201171875,293.67462158203125,96158.6875,16.23638153076172,11.632856355232265,17.635604779870015,4.0,1,EF4,CST-6,25-MAY-16 18:20:00
659594,2016-09-05T02:00:00+00:00,41.61,-100.59,2072.875,82.68763732910156,294.9228515625,291.652587890625,90283.875,40.57558822631836,1.009883866429088,18.172538021984202,0.0,0,EF0,CST-6,04-SEP-16 20:12:00
633886,2016-05-27T21:00:00+00:00,38.5107,-101.7408,0.0,,293.08837890625,278.519775390625,88181.875,16.053815841674805,0.3255008757056222,3.7525515114418893,0.0,0,EF0,MST-7,27-MAY-16 13:51:00
633897,2016-05-27T21:00:00+00:00,38.4766,-101.6671,0.0,,293.08837890625,278.519775390625,88181.875,16.053815841674805,0.3255008757056222,3.7525515114418893,0.0,0,EF0,MST-7,27-MAY-16 14:12:00
633424,2016-06-23T09:00:00+00:00,38.6488,-81.6858,1832.125,98.525634765625,294.758056640625,294.01513671875,98148.5625,47.77228927612305,21.03698139603651,25.634216022589865,1.0,0,EF1,EST-5,23-JUN-16 04:07:00
659957,2016-09-01T23:00:00+00:00,32.3557,-108.7427,44.125,,302.261962890625,286.529296875,85692.75,25.26402473449707,0.02719794722821011,5.503323969999879,,0,EFU,MST-7,01-SEP-16 15:30:00
636236,2016-05-27T18:00:00+00:00,31.0656,-94.1305,1184.375,92.18763732910156,298.7392578125,293.8056640625,100064.375,45.03643035888672,16.34993324694495,16.333448206049855,0.0,0,EF0,CST-6,27-MAY-16 12:28:00
637333,2016-05-29T01:00:00+00:00,30.4034,-99.467,1053.375,521.5184936523438,301.958984375,288.03448486328125,94483.75,28.73809814453125,6.73272897637299,8.780182547307577,2.0,1,EF2,CST-6,28-MAY-16 18:50:00
637721,2016-05-30T02:00:00+00:00,32.8929,-99.363,1079.1875,557.8495483398438,298.573486328125,291.3072509765625,96255.0,41.89869689941406,6.0268240200139065,12.581931216220783,0.0,0,EF0,CST-6,29-MAY-16 20:28:00
627723,2016-05-26T23:00:00+00:00,38.6401,-102.7521,1315.0,295.186279296875,289.05419921875,281.777587890625,85909.875,20.921497344970703,0.7881495007634938,12.027321056775802,0.0,0,EF0,MST-7,26-MAY-16 16:05:00
665904,2016-11-29T22:00:00+00:00,32.5764,-89.4814,1371.875,15.546889305114746,294.68310546875,292.4405517578125,98962.6875,39.64689636230469,9.560270206293387,17.8768307552335,0.0,0,EF0,CST-6,29-NOV-16 16:29:00
633905,2016-05-27T21:00:00+00:00,38.5013,-101.5447,0.0,,293.93994140625,278.403564453125,88781.875,15.191511154174805,0.1877975358484526,7.743288354313142,0.0,0,EF0,CST-6,27-MAY-16 15:13:00
630818,2016-04-28T02:00:00+00:00,40.5058,-92.0175,920.125,8.015687942504883,287.893798828125,286.960693359375,97781.6875,28.535701751708984,5.752153168398059,17.856960661620366,0.0,0,EF0,CST-6,27-APR-16 19:30:00
628225,2016-05-23T00:00:00+00:00,43.0301,-100.4275,3313.75,23.48438835144043,295.537353515625,290.5855712890625,90939.0625,31.027565002441406,3.4522104524209616,16.467057632105096,2.0,1,EF2,CST-6,22-MAY-16 18:25:00
628227,2016-05-23T01:00:00+00:00,43.2654,-100.0451,3100.25,26.63190269470215,294.92724609375,290.5186462402344,92239.5625,34.66976547241211,7.48397636676106,17.554725660752688,1.0,0,EF1,CST-6,22-MAY-16 18:35:00
665517,2016-11-30T00:00:00+00:00,33.3,-88.76,1070.9375,3.6420395374298096,293.803466796875,291.9913635253906,99422.4375,40.36005401611328,13.887815621578739,17.492114559099097,1.0,0,EF1,CST-6,29-NOV-16 17:52:00
655636,2016-09-02T00:00:00+00:00,29.71,-83.47,364.875,7.687509059906006,298.267578125,297.06884765625,100255.9375,67.61590576171875,20.601219700483714,22.202162238951946,0.0,0,EF0,EST-5,01-SEP-16 19:07:00
655637,2016-09-02T01:00:00+00:00,29.91,-83.56,264.875,0.39071765542030334,297.6884765625,296.8564453125,100083.375,71.3929443359375,22.327342290666614,25.650277709854613,0.0,0,EF0,EST-5,01-SEP-16 19:36:00
655638,2016-09-02T03:00:00+00:00,29.87,-83.42,210.75,0.45314159989356995,298.0458984375,297.220703125,99728.875,70.81578063964844,18.905121073552166,19.738154428486055,0.0,0,EF0,EST-5,01-SEP-16 21:39:00
634391,2016-07-05T20:00:00+00:00,45.2506,-95.8705,2574.625,229.54705810546875,304.156494140625,293.78955078125,96801.875,40.877471923828125,1.9305920901647797,11.567983193218378,0.0,0,EF0,CST-6,05-JUL-16 14:01:00
634390,2016-07-05T20:00:00+00:00,45.2445,-95.9863,2574.625,229.54705810546875,304.156494140625,293.78955078125,96801.875,40.877471923828125,1.9305920901647797,11.567983193218378,0.0,0,EF0,CST-6,05-JUL-16 13:54:00
648185,2016-08-29T01:00:00+00:00,47.54,-96.51,2694.125,29.484468460083008,297.60009765625,295.204833984375,97857.3125,39.12358093261719,13.57029853270102,15.506819547008044,0.0,0,EF0,CST-6,28-AUG-16 19:14:00
654696,2016-08-20T18:00:00+00:00,42.763,-85.861,277.625,39.17443084716797,297.100830078125,294.536865234375,97847.0625,54.786476135253906,12.67723847787176,14.280580867366275,1.0,0,EF1,EST-5,20-AUG-16 13:18:00
654697,2016-08-20T19:00:00+00:00,42.8848,-85.7461,369.25,1.9375243186950684,296.603271484375,293.9482421875,97529.1875,54.81198501586914,14.072811645186498,16.154664213806587,0.0,0,EF0,EST-5,20-AUG-16 13:34:00
654154,2016-08-03T22:00:00+00:00,48.56,-99.61,3416.5,75.53131103515625,300.042724609375,296.263427734375,94522.4375,45.3203010559082,9.31087488623591,11.037321661403436,2.0,1,EF2,CST-6,03-AUG-16 16:28:00
656021,2016-08-12T02:00:00+00:00,41.0537,-98.9299,82.625,,298.124755859375,289.16217041015625,93478.625,38.274349212646484,0.9528134510559372,6.677483364730353,0.0,0,EF0,CST-6,11-AUG-16 19:52:00
621865,2016-02-25T00:00:00+00:00,37.8001,-76.9989,1655.0625,0.6406778693199158,291.385498046875,289.27337646484375,98972.6875,35.13023376464844,24.15566570879855,34.3953545435962,1.0,0,EF1,EST-5,24-FEB-16 18:34:00
654699,2016-08-20T19:00:00+00:00,43.068,-85.128,176.375,43.843772888183594,298.078369140625,293.849609375,97195.1875,49.89792251586914,11.811628121045521,16.21978344264788,1.0,0,EF1,EST-5,20-AUG-16 14:10:00
659015,2016-08-09T21:00:00+00:00,41.832,-87.7261,42.0,,301.34716796875,291.6202392578125,99261.9375,42.3472900390625,3.6386363795990326,6.260011640608467,0.0,0,EF0,CST-6,09-AUG-16 14:48:00
621873,2016-02-25T00:00:00+00:00,38.0339,-76.7668,1340.5625,1.5000529289245605,290.850341796875,288.91888427734375,99099.6875,35.04624938964844,25.430060861848286,35.31731225752575,1.0,0,EF1,EST-5,24-FEB-16 18:57:00
653042,2016-08-24T00:00:00+00:00,39.37,-97.57,3653.0,252.2032470703125,305.0322265625,294.784423828125,95930.6875,49.35431671142578,9.162307384226159,12.025618386577799,0.0,0,EF0,CST-6,23-AUG-16 18:15:00
654694,2016-08-20T17:00:00+00:00,42.296,-86.126,277.375,25.95328140258789,297.5361328125,294.34228515625,97916.9375,55.39720153808594,11.736995039036872,13.247352024690313,1.0,0,EF1,EST-5,20-AUG-16 12:13:00
654698,2016-08-20T19:00:00+00:00,42.984,-85.6224,369.25,1.9375243186950684,296.603271484375,293.9482421875,97529.1875,54.81198501586914,14.072811645186498,16.154664213806587,0.0,0,EF0,EST-5,20-AUG-16 13:50:00
642123,2016-08-04T16:00:00+00:00,44.916,-90.207,997.625,470.2031555175781,299.8408203125,293.251220703125,96597.25,50.679840087890625,6.48231892295547,7.1456865222945085,1.0,0,EF1,CST-6,04-AUG-16 10:20:00
658157,2016-08-10T20:00:00+00:00,40.9977,-72.5163,1420.5,2.750150203704834,297.975341796875,296.001953125,101956.3125,59.480987548828125,8.894604295847111,14.582236032184676,0.0,0,EF0,EST-5,10-AUG-16 15:18:00
658162,2016-08-10T17:00:00+00:00,41.3461,-72.8712,764.25,9.555859565734863,297.871337890625,295.9693603515625,100960.25,59.85238265991211,8.487406620824782,13.335213102408186,0.0,0,EF0,EST-5,10-AUG-16 12:29:00
615183,2016-02-16T13:00:00+00:00,26.11,-80.13,426.1875,1.3900208473205566,292.9182434082031,291.879150390625,101375.3125,43.02459716796875,11.126900601054887,14.764703101224034,0.0,0,EF0,EST-5,16-FEB-16 07:34:00
616146,2016-03-08T15:00:00+00:00,30.7522,-97.8314,1571.25,1.7700592279434204,292.2802734375,291.04925537109375,97691.8125,38.70841979980469,12.938739905753632,17.03393760331286,0.0,0,EF0,CST-6,08-MAR-16 09:17:00
624657,2016-05-09T22:00:00+00:00,40.7254,-99.2471,653.375,125.30072784423828,293.737060546875,285.3037109375,92097.8125,17.372304916381836,0.9319597144075572,7.052057861579378,0.0,0,EF0,CST-6,09-MAY-16 15:30:00
621872,2016-02-25T00:00:00+00:00,37.9625,-76.8699,1581.1875,0.5469278693199158,291.061279296875,289.14837646484375,98973.6875,34.77085876464844,24.371246941743486,35.02974040216194,2.0,1,EF2,EST-5,24-FEB-16 18:47:00
621853,2016-02-24T20:00:00+00:00,36.9922,-77.1234,426.625,0.7345505952835083,293.491455078125,290.3849182128906,99409.5625,36.005897521972656,22.342335857802645,30.228684160720263,1.0,0,EF1,EST-5,24-FEB-16 14:31:00
615179,2016-02-16T12:00:00+00:00,26.0747,-80.3628,623.28125,0.17567579448223114,293.70751953125,292.7439880371094,101271.875,43.93667984008789,12.564178596193605,17.612134708338786,0.0,0,EF0,EST-5,16-FEB-16 07:05:00
643397,2016-08-13T19:00:00+00:00,35.96,-107.35,162.375,,298.370361328125,275.685546875,79767.3125,14.80879020690918,0.3338415835439659,0.772012656210435,0.0,0,EF0,MST-7,13-AUG-16 12:25:00
643398,2016-08-13T20:00:00+00:00,36.7707,-103.9517,618.25,87.43544006347656,295.462158203125,287.71337890625,80256.25,18.993261337280273,0.047137283387935776,0.9866961008441646,0.0,0,EF0,MST-7,13-AUG-16 13:02:00
649779,2016-08-11T21:00:00+00:00,41.6734,-99.37,1250.5,423.7656555175781,304.318603515625,291.2015380859375,92487.9375,40.38123321533203,0.44126897068301896,0.5180018827916287,0.0,0,EF0,CST-6,11-AUG-16 14:31:00
654695,2016-08-20T18:00:00+00:00,42.533,-86.023,328.625,32.11193084716797,297.325439453125,295.035888671875,97735.0625,55.693702697753906,12.590841239284861,14.279134663995317,1.0,0,EF1,EST-5,20-AUG-16 12:42:00
655709,2016-08-18T22:00:00+00:00,43.762,-93.2111,2797.5,98.09383392333984,300.06494140625,296.30712890625,96804.5,42.72294616699219,6.901159742094137,7.95389963017095,0.0,0,EF0,CST-6,18-AUG-16 15:31:00
657435,2016-08-25T01:00:00+00:00,41.3591,-83.5246,2139.625,4.612056732177734,298.401123046875,295.03082275390625,99214.9375,54.35436248779297,12.468001219518174,14.44443896080738,0.0,0,EF0,EST-5,24-AUG-16 20:06:00
659310,2016-07-27T17:00:00+00:00,44.9472,-94.026,694.125,193.67955017089844,299.240966796875,292.909423828125,97924.75,38.13518524169922,1.3982854523226262,10.65623872070758,0.0,0,EF0,CST-6,27-JUL-16 11:05:00
634392,2016-07-06T01:00:00+00:00,44.33,-93.2,3681.75,21.046937942504883,295.616943359375,292.664306640625,97182.75,54.234619140625,2.4127128451167206,15.729937342959877,1.0,0,EF1,CST-6,05-JUL-16 18:39:00
653309,2016-08-08T02:00:00+00:00,44.289,-105.3636,1275.125,,297.311767578125,282.10479736328125,85584.3125,32.55140686035156,0.23302349830146094,6.771300594424237,1.0,0,EF1,MST-7,07-AUG-16 18:55:00
658796,2016-08-29T23:00:00+00:00,37.83,-100.3,362.5,25.68758773803711,297.715576171875,290.411376953125,92800.8125,39.3680534362793,0.5394109938883555,4.349935042591511,0.0,0,EF0,CST-6,29-AUG-16 17:12:00
621806,2016-02-24T21:00:00+00:00,37.7597,-78.2912,809.0625,0.431257426738739,291.574462890625,290.23699951171875,98044.625,33.425662994384766,21.138176967961307,31.181032875816893,0.0,0,EF0,EST-5,24-FEB-16 16:10:00
621811,2016-02-24T22:00:00+00:00,36.6047,-78.2435,1208.875,0.0468793548643589,292.832763671875,291.0390319824219,97890.4375,32.2729377746582,20.485238729317633,32.52135842893108,1.0,0,EF1,EST-5,24-FEB-16 16:48:00
658358,2016-08-28T22:00:00+00:00,42.2801,-91.5849,1233.375,167.68765258789062,299.702880859375,295.466796875,98666.5,40.220062255859375,1.1378741644597856,2.0201317108481986,0.0,0,EF0,CST-6,28-AUG-16 15:33:00
621854,2016-02-24T20:00:00+00:00,37.0744,-77.0787,330.125,1.1564255952835083,293.457275390625,289.9825744628906,99584.5625,36.086952209472656,21.86876340949935,31.268735341152368,1.0,0,EF1,EST-5,24-FEB-16 14:38:00
634393,2016-07-06T01:00:00+00:00,44.3938,-92.9217,4597.25,30.875062942504883,297.792724609375,292.815673828125,97206.75,55.699462890625,2.058681089509184,15.921175605296654,0.0,0,EF0,CST-6,05-JUL-16 18:54:00
648264,2016-08-04T22:00:00+00:00,41.2065,-95.8595,908.5,230.89065551757812,305.117919921875,296.41796875,97003.6875,48.72618103027344,2.060724277196213,11.529741480625475,0.0,0,EF0,CST-6,04-AUG-16 16:21:00
615181,2016-02-16T13:00:00+00:00,25.9553,-80.2159,635.8125,2.5775208473205566,293.5793762207031,292.489501953125,101370.3125,43.10272216796875,11.241123287932187,13.98626938208855,1.0,0,EF1,EST-5,16-FEB-16 07:51:00
654753,2016-08-04T21:00:00+00:00,29.9692,-90.0628,3935.125,77.53131103515625,305.06640625,299.367919921875,101345.5625,50.026737213134766,2.325613341645116,5.192787942389771,0.0,0,EF0,CST-6,04-AUG-16 14:30:00
648367,2016-08-11T21:00:00+00:00,41.68,-99.37,1250.5,423.7656555175781,304.318603515625,291.2015380859375,92487.9375,40.38123321533203,0.44126897068301896,0.5180018827916287,0.0,0,EF0,CST-6,11-AUG-16 14:33:00
653518,2016-08-20T05:00:00+00:00,34.6541,-87.0079,1156.0,153.92190551757812,297.5751953125,295.9677734375,99095.5625,56.11709213256836,7.052708646232013,11.745892763373263,,0,EFU,CST-6,19-AUG-16 22:50:00
663706,2016-11-28T23:00:00+00:00,41.5648,-92.5098,223.1875,82.77103424072266,283.609130859375,281.81036376953125,95393.125,14.358332633972168,10.61943489297599,9.622460475733899,0.0,0,EF0,CST-6,28-NOV-16 16:30:00
656691,2016-08-01T21:00:00+00:00,38.34,-75.09,1997.875,36.75014877319336,299.1484375,296.453125,101486.4375,49.08061599731445,7.684073081396053,9.828188378545663,0.0,0,EF0,EST-5,01-AUG-16 15:40:00
647596,2016-08-29T20:00:00+00:00,34.4713,-101.4581,379.0,46.89063262939453,298.220703125,290.37890625,90798.4375,39.68912124633789,0.7899109742623515,1.6320729113420127,,0,EFU,CST-6,29-AUG-16 13:31:00
655843,2016-08-11T22:00:00+00:00,45.7017,-87.6662,1085.125,65.35629272460938,298.46826171875,297.7395935058594,97614.125,43.44654083251953,9.493130225497477,13.573921810258465,1.0,0,EF1,CST-6,11-AUG-16 15:31:00
644054,2016-08-21T00:00:00+00:00,36.9433,-85.873,601.375,13.687596321105957,296.60888671875,295.186767578125,98254.0625,54.20881652832031,9.255316746508736,11.489761694272405,0.0,0,EF0,CST-6,20-AUG-16 17:30:00
625079,2016-03-16T02:00:00+00:00,41.6636,-89.6925,412.1875,256.2225646972656,288.355224609375,286.8062744140625,97150.125,23.953922271728516,8.892455901075309,26.049476198381043,0.0,0,EF0,CST-6,15-MAR-16 19:33:00
646773,2016-05-26T20:00:00+00:00,30.312,-96.2315,2138.25,79.65869903564453,299.8525390625,296.9072265625,100137.6875,61.784202575683594,5.249606650956788,9.312513543239767,0.0,0,EF0,CST-6,26-MAY-16 14:03:00
627420,2016-05-23T20:00:00+00:00,40.6384,-98.4881,1209.75,34.35939025878906,296.1611328125,289.4951171875,93921.4375,29.795881271362305,1.0075446024646515,4.913261064161435,0.0,0,EF0,CST-6,23-MAY-16 13:37:00
621868,2016-02-25T00:00:00+00:00,37.8285,-76.9681,1581.1875,0.5469278693199158,291.061279296875,289.14837646484375,98973.6875,34.77085876464844,24.371246941743486,35.02974040216194,3.0,1,EF3,EST-5,24-FEB-16 18:37:00
634101,2016-04-23T00:00:00+00:00,36.3011,-121.313,0.4375,,288.07568359375,281.9521484375,95838.0,11.832167625427246,5.8209829190676885,16.64617343571003,0.0,0,EF0,PST-8,22-APR-16 16:00:00
656428,2016-08-22T07:00:00+00:00,42.4567,-71.3398,474.125,1.5156519412994385,295.53125,294.61181640625,100140.5625,60.94973373413086,14.058891510287305,9.9285456272479,1.0,0,EF1,EST-5,22-AUG-16 02:20:00
614607,2016-02-16T10:00:00+00:00,26.22,-81.18,1259.9375,10.093753814697266,292.14154052734375,291.4892883300781,101094.8125,43.60093307495117,13.947008152726713,19.284157464279733,0.0,0,EF0,EST-5,16-FEB-16 05:10:00
657208,2016-08-12T15:00:00+00:00,30.5889,-91.0316,1066.5,1.3676007986068726,297.340087890625,296.962158203125,100691.3125,67.16317749023438,12.048837988357532,9.441550521527809,0.0,0,EF0,CST-6,12-AUG-16 08:44:00
658557,2016-08-24T19:00:00+00:00,40.0018,-86.8735,3358.625,41.2895622253418,301.345947265625,295.964111328125,98897.875,53.57801818847656,9.930187885686774,19.53044225053474,2.0,1,EF2,EST-5,24-AUG-16 13:38:00
658562,2016-08-24T19:00:00+00:00,40.4613,-86.1884,1554.5,21.289562225341797,301.186767578125,295.314697265625,98777.875,52.67079162597656,9.727602189672771,18.50228885066073,3.0,1,EF3,EST-5,24-AUG-16 14:20:00
655494,2016-08-24T20:00:00+00:00,39.8031,-86.1108,3318.0,21.23826789855957,302.431396484375,296.25537109375,98841.125,52.542179107666016,9.215958662710586,16.750499110033928,0.0,0,EF0,EST-5,24-AUG-16 15:18:00
658568,2016-08-24T22:00:00+00:00,40.528,-86.4309,1156.0,12.093914985656738,298.506103515625,296.906494140625,98742.0625,49.46363067626953,8.587283200195884,16.6010661351805,1.0,0,EF1,EST-5,24-AUG-16 16:40:00
658567,2016-08-24T23:00:00+00:00,40.4335,-86.1217,809.875,60.43682861328125,298.177001953125,296.404052734375,98621.4375,47.16776657104492,10.75376283655156,17.231960027508265,0.0,0,EF0,EST-5,24-AUG-16 17:58:00
614754,2016-02-16T12:00:00+00:00,26.242,-80.1349,852.9375,0.16005079448223114,294.30615234375,292.9871520996094,101247.875,45.00992202758789,12.15633013129718,16.783539757476607,1.0,0,EF1,EST-5,16-FEB-16 07:10:00
621822,2016-02-25T02:00:00+00:00,37.6485,-76.6492,1009.625,1.562535285949707,289.9658203125,288.27752685546875,99105.8125,28.47119140625,20.438848220623353,34.2997765124058,1.0,0,EF1,EST-5,24-FEB-16 20:35:00
621848,2016-02-25T01:00:00+00:00,37.7488,-76.6854,1729.75,1.1942306756973267,291.015380859375,288.8714599609375,99070.3125,33.657012939453125,23.033222273506833,35.92472672413306,0.0,0,EF0,EST-5,24-FEB-16 20:25:00
662288,2016-11-30T06:00:00+00:00,35.4046,-84.6371,781.25,0.2693687379360199,291.9564208984375,290.3454284667969,97451.0625,36.38005065917969,17.191057127728737,27.16269725797965,2.0,1,EF2,EST-5,30-NOV-16 01:20:00
658570,2016-08-24T22:00:00+00:00,40.5359,-86.3748,1156.0,12.093914985656738,298.506103515625,296.906494140625,98742.0625,49.46363067626953,8.587283200195884,16.6010661351805,1.0,0,EF1,EST-5,24-AUG-16 16:47:00
658565,2016-08-24T23:00:00+00:00,40.3993,-86.2714,809.875,60.43682861328125,298.177001953125,296.404052734375,98621.4375,47.16776657104492,10.75376283655156,17.231960027508265,1.0,0,EF1,EST-5,24-AUG-16 18:00:00
658566,2016-08-24T23:00:00+00:00,40.4038,-86.1562,809.875,60.43682861328125,298.177001953125,296.404052734375,98621.4375,47.16776657104492,10.75376283655156,17.231960027508265,0.0,0,EF0,EST-5,24-AUG-16 18:16:00
658097,2016-08-15T22:00:00+00:00,39.6811,-86.5611,1230.125,33.78353500366211,297.907470703125,296.976318359375,98647.125,51.89781951904297,9.453692538466916,18.00870578402209,1.0,0,EF1,EST-5,15-AUG-16 16:36:00
658553,2016-08-15T22:00:00+00:00,40.5179,-86.9492,553.125,,296.895751953125,295.880615234375,98954.125,54.97008514404297,9.06943384989017,18.831861434490314,0.0,0,EF0,EST-5,15-AUG-16 16:56:00
626922,2016-03-16T01:00:00+00:00,41.7593,-90.4359,456.0,129.0675506591797,287.009033203125,285.78704833984375,97246.5625,26.528614044189453,6.808870153451641,19.13754800157426,0.0,0,EF0,CST-6,15-MAR-16 18:33:00
621851,2016-02-25T01:00:00+00:00,37.7781,-76.6499,1729.75,1.1942306756973267,291.015380859375,288.8714599609375,99070.3125,33.657012939453125,23.033222273506833,35.92472672413306,1.0,0,EF1,EST-5,24-FEB-16 20:29:00
625076,2016-03-16T01:00:00+00:00,41.9164,-90.2883,342.75,53.95817565917969,286.218017578125,284.93548583984375,97178.5625,27.826465606689453,9.557797006324272,20.70552595868912,1.0,0,EF1,CST-6,15-MAR-16 18:57:00
625077,2016-03-15T23:00:00+00:00,40.5621,-90.6736,925.375,10.031347274780273,291.222412109375,288.43035888671875,97280.625,26.090707778930664,12.685310178719847,16.862247772390827,2.0,1,EF2,CST-6,15-MAR-16 17:26:00
626927,2016-03-16T00:00:00+00:00,40.6299,-90.5446,496.25,173.5006561279297,290.46923828125,288.378662109375,97323.625,24.158123016357422,13.289308672361134,23.651089597348623,1.0,0,EF1,CST-6,15-MAR-16 17:42:00
642267,2016-08-10T01:00:00+00:00,47.6505,-117.6196,12.375,,291.211669921875,281.69964599609375,93061.75,20.692203521728516,0.6462823024803966,1.1009102966907502,0.0,0,EF0,PST-8,09-AUG-16 16:35:00
643896,2016-08-20T15:00:00+00:00,44.4514,-87.5222,773.875,1.5625529289245605,295.16162109375,293.5218811035156,97989.125,48.025978088378906,5.766818078256077,12.8705838623174,0.0,0,EF0,CST-6,20-AUG-16 09:03:00
656470,2016-08-28T17:00:00+00:00,42.0363,-83.6665,1234.125,50.20321273803711,302.147705078125,295.236083984375,99677.1875,45.095245361328125,1.716813042700719,10.453065358589253,0.0,0,EF0,EST-5,28-AUG-16 11:52:00
658301,2016-08-26T20:00:00+00:00,37.8,-112.41,586.0,3.4388554096221924,292.915771484375,278.216064453125,76726.5,15.886653900146484,0.41060490691255846,2.5716693546335976,0.0,0,EF0,MST-7,26-AUG-16 12:35:00
658124,2016-08-15T22:00:00+00:00,39.8531,-86.4308,894.0,34.59603500366211,297.476806640625,296.574951171875,98437.125,50.99059295654297,9.411392443092016,18.481624065138583,1.0,0,EF1,EST-5,15-AUG-16 17:06:00
658112,2016-08-15T22:00:00+00:00,39.7854,-86.4195,1230.125,33.78353500366211,297.907470703125,296.976318359375,98647.125,51.89781951904297,9.453692538466916,18.00870578402209,1.0,0,EF1,EST-5,15-AUG-16 17:15:00
658296,2016-08-15T22:00:00+00:00,39.9217,-86.3987,894.0,34.59603500366211,297.476806640625,296.574951171875,98437.125,50.99059295654297,9.411392443092016,18.481624065138583,0.0,0,EF0,EST-5,15-AUG-16 17:19:00
625075,2016-03-16T01:00:00+00:00,41.7592,-90.4356,456.0,129.0675506591797,287.009033203125,285.78704833984375,97246.5625,26.528614044189453,6.808870153451641,19.13754800157426,0.0,0,EF0,CST-6,15-MAR-16 18:34:00
625074,2016-03-16T01:00:00+00:00,41.8052,-90.3175,342.75,53.95817565917969,286.218017578125,284.93548583984375,97178.5625,27.826465606689453,9.557797006324272,20.70552595868912,1.0,0,EF1,CST-6,15-MAR-16 18:49:00
644929,2016-08-20T22:00:00+00:00,40.0649,-84.5053,428.625,29.890626907348633,297.5791015625,295.275146484375,97139.375,52.336578369140625,9.566573461362252,10.63167375016976,0.0,0,EF0,EST-5,20-AUG-16 17:15:00
648265,2016-08-01T21:00:00+00:00,41.0431,-96.465,1101.125,,305.1982421875,291.8388671875,96819.4375,44.48588943481445,5.49134834133953,14.470859748595236,0.0,0,EF0,CST-6,01-AUG-16 15:21:00
658297,2016-08-15T22:00:00+00:00,39.9615,-86.3367,1025.875,20.189786911010742,297.525634765625,296.668701171875,98545.125,50.78551483154297,10.172628145864609,18.607363626714026,2.0,1,EF2,EST-5,15-AUG-16 17:27:00
658551,2016-08-15T23:00:00+00:00,40.1414,-86.1763,1289.75,15.12497329711914,297.35400390625,296.27734375,98466.8125,53.48523712158203,10.217786773685958,18.779159915937537,1.0,0,EF1,EST-5,15-AUG-16 18:04:00
658552,2016-08-16T00:00:00+00:00,40.5218,-85.8678,826.625,2.7656662464141846,297.26513671875,295.89794921875,98584.6875,55.338809967041016,10.304595820078768,17.998405327326,0.0,0,EF0,EST-5,15-AUG-16 19:17:00
644681,2016-07-12T07:00:00+00:00,44.994,-91.37,2206.75,5.406268119812012,295.9150390625,293.21826171875,96986.375,51.63333511352539,15.783215614410096,13.079336546849762,0.0,0,EF0,CST-6,12-JUL-16 01:05:00
644930,2016-08-20T23:00:00+00:00,40.3439,-83.0894,817.75,90.67196655273438,297.1826171875,295.12939453125,96970.375,52.2989616394043,9.735137835628699,12.449592053943181,0.0,0,EF0,EST-5,20-AUG-16 17:37:00
657915,2016-08-04T18:00:00+00:00,30.5912,-81.5723,1228.625,88.26375579833984,302.07568359375,296.25341796875,101492.0625,58.84101867675781,2.6770773702547417,4.14928186195457,1.0,0,EF1,EST-5,04-AUG-16 12:40:00
643982,2016-08-17T15:00:00+00:00,39.0068,-83.8128,229.5,20.07827377319336,296.555419921875,294.67608642578125,98803.9375,55.092071533203125,4.999173267609759,15.187061264353256,0.0,0,EF0,EST-5,17-AUG-16 10:16:00
614717,2016-02-16T10:00:00+00:00,26.8173,-81.1064,650.625,4.546879291534424,290.93353271484375,290.1435852050781,101076.8125,41.92808151245117,13.021806577004602,18.17623440964671,1.0,0,EF1,EST-5,16-FEB-16 04:49:00
645711,2016-06-14T23:00:00+00:00,45.61,-96.53,193.875,3.6407923698425293,292.66015625,291.8720703125,96383.25,34.02140808105469,8.281607932628328,12.0306326394811,0.0,0,EF0,CST-6,14-JUN-16 16:50:00
649510,2016-08-24T01:00:00+00:00,41.4188,-96.1718,3515.25,110.64073181152344,299.165283203125,295.761962890625,96821.0,50.08989715576172,10.129566480717692,13.474393384923497,0.0,0,EF0,CST-6,23-AUG-16 18:58:00
647233,2016-08-27T00:00:00+00:00,39.55,-94.39,657.5,3.593998432159424,299.369873046875,294.806884765625,98146.25,44.71188735961914,6.821418927919364,16.449845008616343,0.0,0,EF0,CST-6,26-AUG-16 18:25:00
649509,2016-08-24T01:00:00+00:00,41.4138,-96.1909,3515.25,110.64073181152344,299.165283203125,295.761962890625,96821.0,50.08989715576172,10.129566480717692,13.474393384923497,0.0,0,EF0,CST-6,23-AUG-16 18:35:00
654691,2016-08-12T18:00:00+00:00,42.6267,-86.1678,519.625,24.441293716430664,297.57470703125,295.7802734375,98841.8125,55.71725845336914,8.97914818898868,17.806583136344635,0.0,0,EF0,EST-5,12-AUG-16 13:10:00
653216,2016-07-15T22:00:00+00:00,38.0591,-101.9092,2065.0,162.03126525878906,302.628173828125,289.41650390625,89123.375,35.894107818603516,0.37987024812342307,13.779736687114815,1.0,0,EF1,MST-7,15-JUL-16 14:48:00
638113,2016-07-09T01:00:00+00:00,28.323,-81.2455,1925.625,277.5625915527344,303.442138671875,294.642578125,101518.0,49.914337158203125,2.2562193652881004,1.9566446925124967,0.0,0,EF0,EST-5,08-JUL-16 19:33:00
638482,2016-07-11T23:00:00+00:00,27.6,-82.12,2124.5,76.18073272705078,302.07080078125,296.6396484375,101447.0,49.06421661376953,4.139660372775516,4.545677956840194,0.0,0,EF0,EST-5,11-JUL-16 18:00:00
658919,2016-10-07T04:00:00+00:00,41.6625,-90.3373,589.75,286.6282653808594,292.751708984375,290.97265625,99042.5,38.78582763671875,18.558095344648894,16.60289381451892,1.0,0,EF1,CST-6,06-OCT-16 21:57:00
636845,2016-05-09T23:00:00+00:00,40.7,-90.53,261.9375,23.421939849853516,289.832763671875,288.9755859375,98367.4375,36.365814208984375,9.349076095304037,4.283120756239069,0.0,0,EF0,CST-6,09-MAY-16 16:41:00
634054,2016-07-04T21:00:00+00:00,38.2239,-81.966,1861.25,72.7344970703125,298.02197265625,296.25927734375,97702.1875,53.62583923339844,7.585823959147969,17.109191637527616,0.0,0,EF0,EST-5,04-JUL-16 15:42:00
634113,2016-07-04T21:00:00+00:00,38.291,-81.642,1710.0,78.8282470703125,298.03466796875,296.53271484375,97245.1875,52.65513610839844,7.1929803868400235,16.667683638786702,0.0,0,EF0,EST-5,04-JUL-16 16:06:00
634138,2016-07-04T20:00:00+00:00,37.4109,-84.4384,1234.125,29.359283447265625,301.185791015625,296.640625,97389.875,54.35806655883789,6.134323794930824,17.36381954466757,1.0,0,EF1,EST-5,04-JUL-16 15:27:00
655892,2016-10-06T19:00:00+00:00,37.1691,-96.9803,2860.25,140.5001678466797,299.908203125,294.593505859375,96800.0625,37.634910583496094,6.997314878786293,14.998509427271872,0.0,0,EF0,CST-6,06-OCT-16 13:26:00
655893,2016-10-06T20:00:00+00:00,37.3197,-96.7012,2972.875,33.093772888183594,299.01318359375,294.371826171875,96330.125,38.679893493652344,8.226288641377671,14.689109808203924,1.0,0,EF1,CST-6,06-OCT-16 14:08:00
656411,2016-10-06T21:00:00+00:00,38.7407,-97.5156,2681.9375,30.62518882751465,298.990966796875,292.896728515625,96001.875,32.617225646972656,9.495722606641815,15.334069730162522,2.0,1,EF2,CST-6,06-OCT-16 15:13:00
661858,2016-10-12T22:00:00+00:00,41.6421,-86.3046,184.0,31.395801544189453,290.489013671875,289.4990234375,98504.4375,37.077919006347656,11.341698310126349,14.562410308907097,0.0,0,EF0,EST-5,12-OCT-16 17:26:00
661859,2016-10-12T23:00:00+00:00,41.6685,-86.2307,136.125,,290.0234375,288.85107421875,98588.875,35.464683532714844,10.630209503467455,15.660699149964751,0.0,0,EF0,EST-5,12-OCT-16 17:30:00
655894,2016-10-06T20:00:00+00:00,37.2268,-96.8084,3015.3125,18.609399795532227,299.93896484375,294.640380859375,96674.125,40.675987243652344,7.971278127940457,13.277661052736214,1.0,0,EF1,CST-6,06-OCT-16 13:42:00
656435,2016-10-06T21:00:00+00:00,38.7815,-97.4704,2681.9375,30.62518882751465,298.990966796875,292.896728515625,96001.875,32.617225646972656,9.495722606641815,15.334069730162522,3.0,1,EF3,CST-6,06-OCT-16 15:19:00
631198,2016-05-23T02:00:00+00:00,31.9235,-101.5261,2658.0,416.60394287109375,302.097412109375,294.0767822265625,91886.1875,26.893638610839844,6.319751444238435,14.427851745859709,3.0,1,EF3,CST-6,22-MAY-16 19:42:00
662852,2016-10-08T19:00:00+00:00,35.323,-77.8625,242.5625,0.6563035845756531,296.446533203125,294.96099853515625,99584.1875,63.196834564208984,17.281170024777577,29.43277456492562,0.0,0,EF0,EST-5,08-OCT-16 13:50:00
640748,2016-07-03T01:00:00+00:00,39.74,-104.42,404.25,,296.457275390625,284.627197265625,82842.4375,26.81519317626953,0.24750376383168948,3.2856238773669726,0.0,0,EF0,MST-7,02-JUL-16 17:31:00
640776,2016-07-27T23:00:00+00:00,40.7,-104.76,302.375,,302.867919921875,282.092041015625,84259.625,21.841812133789062,0.08264485501953431,2.9923212332446907,0.0,0,EF0,MST-7,27-JUL-16 15:54:00
662224,2016-10-14T15:00:00+00:00,45.72,-123.94,418.0,7.812525749206543,285.30712890625,283.510009765625,97860.5625,15.299429893493652,16.487888938460127,20.394247863781136,2.0,1,EF2,PST-8,14-OCT-16 07:18:00
644285,2016-07-03T21:00:00+00:00,36.0979,-96.9938,1307.0,54.90074920654297,305.602294921875,296.572509765625,97532.8125,50.750091552734375,2.278755006624767,9.272368198776874,1.0,0,EF1,CST-6,03-JUL-16 15:11:00
642588,2016-07-06T22:00:00+00:00,44.504,-102.389,1432.25,73.29691314697266,300.689208984375,290.49658203125,91425.3125,38.082157135009766,0.9163890345342524,15.631383218187084,1.0,0,EF1,MST-7,06-JUL-16 15:28:00
647993,2016-08-17T19:00:00+00:00,40.174,-79.866,1102.75,18.710283279418945,296.11279296875,295.2703857421875,97903.75,50.960166931152344,5.815033372842691,13.67891798492231,0.0,0,EF0,EST-5,17-AUG-16 13:41:00
652893,2016-07-02T23:00:00+00:00,38.49,-98.87,1925.0,67.39065551757812,300.8828125,294.731201171875,94085.5,49.514068603515625,3.0507445747415063,12.546184307437773,0.0,0,EF0,CST-6,02-JUL-16 17:26:00
655605,2016-10-06T21:00:00+00:00,39.5423,-97.1833,2386.125,43.89081573486328,298.929443359375,291.625244140625,95990.875,33.068397521972656,10.527318618727609,18.157115635496886,1.0,0,EF1,CST-6,06-OCT-16 15:18:00
634053,2016-07-04T20:00:00+00:00,38.1061,-82.5853,2211.75,91.59365844726562,297.883056640625,296.1875,98165.875,54.22134780883789,7.218517900672434,16.802110626597226,0.0,0,EF0,EST-5,04-JUL-16 14:49:00
634052,2016-07-04T20:00:00+00:00,38.1021,-82.6289,2014.375,98.74990844726562,297.760009765625,296.1845703125,98307.875,54.35611343383789,7.314558194187129,17.431466506910184,2.0,1,EF2,EST-5,04-JUL-16 14:44:00
635812,2016-07-10T19:00:00+00:00,45.22,-112.65,382.25,67.40632629394531,286.664794921875,280.3935546875,79713.6875,15.53818416595459,0.0883563069279225,5.250335195723466,0.0,0,EF0,MST-7,10-JUL-16 11:30:00
636681,2016-07-07T19:00:00+00:00,47.99,-98.31,147.5,21.11725616455078,292.998779296875,289.56103515625,95649.6875,32.58826446533203,1.424588112031455,8.141355921020004,0.0,0,EF0,CST-6,07-JUL-16 13:05:00
644580,2016-06-23T02:00:00+00:00,41.414,-89.3675,1957.125,13.005268096923828,296.915771484375,295.02386474609375,98212.625,48.04066467285156,14.106877464616845,22.37236298621673,1.0,0,EF1,CST-6,22-JUN-16 19:35:00
636833,2016-05-09T22:00:00+00:00,41.2,-91.44,70.375,62.45697784423828,290.613037109375,288.904296875,98304.8125,35.49340057373047,6.353151153825298,10.997015283985755,0.0,0,EF0,CST-6,09-MAY-16 16:18:00
641333,2016-07-13T00:00:00+00:00,45.5045,-117.0445,230.625,175.23452758789062,289.208251953125,283.136474609375,85081.3125,13.685359954833984,0.13272601093583014,7.520390341851495,0.0,0,EF0,PST-8,12-JUL-16 15:58:00
639084,2016-07-15T21:00:00+00:00,38.4685,-102.2827,2123.0,105.17071533203125,304.044189453125,288.7001953125,88046.0,29.917190551757812,0.2625411566900667,11.036392507361763,0.0,0,EF0,MST-7,15-JUL-16 14:00:00
638612,2016-07-06T19:00:00+00:00,37.1526,-88.74,1876.625,26.73454475402832,299.23388671875,294.93505859375,99863.125,55.90392303466797,7.159096660082911,11.55761461913133,1.0,0,EF1,CST-6,06-JUL-16 12:39:00
645230,2016-07-07T01:00:00+00:00,41.4,-101.15,4390.25,502.79705810546875,303.177978515625,294.77154541015625,89384.375,33.979583740234375,0.3399856701985144,10.75646948176116,0.0,0,EF0,CST-6,06-JUL-16 19:08:00
638632,2016-07-06T18:00:00+00:00,37.1711,-88.9102,1672.25,39.563899993896484,301.052490234375,296.107666015625,99857.0,55.32244110107422,6.713849814410923,13.13035821035631,1.0,0,EF1,CST-6,06-JUL-16 12:29:00
636686,2016-07-07T22:00:00+00:00,47.88,-97.19,288.75,21.858184814453125,295.007080078125,291.681396484375,97584.0625,35.0745849609375,2.7380877205452805,5.867548118737783,0.0,0,EF0,CST-6,07-JUL-16 16:06:00
638631,2016-07-06T18:00:00+00:00,37.1743,-88.9435,1672.25,39.563899993896484,301.052490234375,296.107666015625,99857.0,55.32244110107422,6.713849814410923,13.13035821035631,1.0,0,EF1,CST-6,06-JUL-16 12:26:00
638383,2016-07-04T00:00:00+00:00,36.6692,-88.4163,390.125,76.34378051757812,301.10009765625,296.343017578125,99519.25,51.57343292236328,10.137579567634925,16.400931799110175,0.0,0,EF0,CST-6,03-JUL-16 17:40:00
662226,2016-10-14T16:00:00+00:00,45.47,-123.97,548.875,16.64063262939453,286.00390625,284.152587890625,98233.4375,15.634058952331543,15.568152161514346,20.498289013925586,,0,EFU,PST-8,14-OCT-16 08:00:00
636690,2016-07-07T22:00:00+00:00,47.8366,-97.1083,288.75,21.858184814453125,295.007080078125,291.681396484375,97584.0625,35.0745849609375,2.7380877205452805,5.867548118737783,0.0,0,EF0,CST-6,07-JUL-16 16:15:00
653780,2016-07-31T22:00:00+00:00,42.6934,-111.58,223.125,42.8593864440918,301.603759765625,282.1494140625,79651.625,16.420963287353516,0.6775816687712055,5.022909226811162,0.0,0,EF0,MST-7,31-JUL-16 14:35:00
636446,2016-07-17T14:00:00+00:00,29.2668,-94.8259,2193.125,84.00626373291016,301.873046875,297.2314453125,101764.8125,47.77741622924805,1.6422427034543639,3.752023510530408,0.0,0,EF0,CST-6,17-JUL-16 07:30:00
641069,2016-07-26T20:00:00+00:00,46.95,-98.1,1895.375,189.70779418945312,300.894287109375,292.496826171875,96397.0,38.44289779663086,0.37648098780336764,6.819701012841801,0.0,0,EF0,CST-6,26-JUL-16 13:40:00
655600,2016-10-04T23:00:00+00:00,39.4411,-97.0346,1800.75,17.953128814697266,293.181640625,291.39013671875,95516.0625,35.677207946777344,12.399241427544505,17.169892493336103,1.0,0,EF1,CST-6,04-OCT-16 17:27:00
655606,2016-10-06T21:00:00+00:00,39.5669,-97.1268,2076.5,28.01581382751465,297.792724609375,291.853759765625,95817.875,32.974647521972656,8.527635112976705,17.4101224172367,1.0,0,EF1,CST-6,06-OCT-16 15:23:00
655608,2016-10-06T22:00:00+00:00,39.2998,-97.163,1007.625,5.484525680541992,293.418212890625,290.9952392578125,96248.5,34.06193542480469,8.223692375932737,19.441882969601117,1.0,0,EF1,CST-6,06-OCT-16 15:36:00
655630,2016-10-04T23:00:00+00:00,39.2482,-97.4066,1185.0,5.953129291534424,293.2490234375,291.61865234375,95402.0625,34.995567321777344,6.809445356083893,18.558955116495905,0.0,0,EF0,CST-6,04-OCT-16 16:32:00
646644,2016-07-27T23:00:00+00:00,35.29,-113.96,27.75,,310.371826171875,283.012939453125,88229.625,25.260757446289062,0.04997644919609656,2.0246216932497365,0.0,0,EF0,MST-7,27-JUL-16 15:38:00
634492,2016-07-06T23:00:00+00:00,42.19,-102.21,3137.75,255.1627655029297,301.019775390625,290.641357421875,87449.375,42.49724197387695,0.7083830881438562,11.407723400446649,0.0,0,EF0,MST-7,06-JUL-16 15:56:00
634501,2016-07-07T01:00:00+00:00,41.42,-101.49,4094.0,524.3439331054688,303.106689453125,294.72271728515625,88924.375,34.104583740234375,0.1403978826733049,11.087905419845699,0.0,0,EF0,MST-7,06-JUL-16 17:55:00
634507,2016-07-07T00:00:00+00:00,41.4136,-101.3181,5340.0,452.2893981933594,303.060791015625,293.872802734375,89436.875,38.35728454589844,0.18969726623869004,6.3819514945826175,0.0,0,EF0,CST-6,06-JUL-16 18:03:00
641092,2016-07-19T23:00:00+00:00,48.76,-97.86,3713.5,313.6094665527344,300.4638671875,294.12890625,96683.75,39.282936096191406,7.375964177618232,15.148158281497082,1.0,0,EF1,CST-6,19-JUL-16 16:30:00
641096,2016-07-19T23:00:00+00:00,48.54,-97.64,3573.75,316.6094665527344,301.1015625,294.34375,97503.75,41.257545471191406,7.034752820048603,15.016723266791708,1.0,0,EF1,CST-6,19-JUL-16 17:17:00
641097,2016-07-20T00:00:00+00:00,48.45,-97.54,3845.875,273.62518310546875,301.3251953125,294.4111328125,98125.6875,42.23802947998047,7.979191895939721,15.745985324748515,1.0,0,EF1,CST-6,19-JUL-16 17:36:00
649042,2016-07-17T00:00:00+00:00,43.1686,-102.2458,2102.25,205.78143310546875,304.279052734375,284.05029296875,89198.25,31.604427337646484,0.5507694003846055,13.034461057649414,0.0,0,EF0,MST-7,16-JUL-16 17:27:00
635150,2016-07-08T02:00:00+00:00,38.11,-96.37,3841.25,102.55805206298828,300.40283203125,296.47216796875,96152.125,44.79589080810547,2.08015341856686,14.67811379077051,0.0,0,EF0,CST-6,07-JUL-16 19:53:00
648327,2016-07-24T01:00:00+00:00,28.9653,-82.1881,1487.125,119.14379119873047,302.08056640625,295.8498229980469,101251.0,49.882198333740234,1.3586609560516465,1.878147168867653,0.0,0,EF0,EST-5,23-JUL-16 20:00:00
641107,2016-07-20T02:00:00+00:00,47.73,-94.94,1149.625,458.2969970703125,297.8642578125,291.5,96871.8125,37.885555267333984,6.0687200638317105,10.743124412957673,1.0,0,EF1,CST-6,19-JUL-16 20:14:00
641673,2016-07-27T01:00:00+00:00,42.8151,-102.3054,1669.0,529.537841796875,296.130126953125,291.201416015625,89348.375,28.45309829711914,0.3411015093998379,14.054991568563171,2.0,1,EF2,MST-7,26-JUL-16 18:00:00
645185,2016-07-27T02:00:00+00:00,42.88,-102.11,1578.75,565.5006103515625,295.751220703125,290.989501953125,89387.125,29.32646942138672,0.23819829878986395,11.213986300645892,0.0,0,EF0,MST-7,26-JUL-16 18:39:00
650564,2016-07-08T19:00:00+00:00,43.886,-83.956,1548.125,83.17208099365234,298.6083984375,293.8759765625,98309.0625,35.089508056640625,3.2145335058614957,14.25557370765449,0.0,0,EF0,EST-5,08-JUL-16 14:16:00
651120,2016-07-04T21:00:00+00:00,31.9347,-81.1539,2178.5,148.1563720703125,306.90576171875,297.73583984375,101586.1875,53.39830017089844,5.512436662568556,8.648796074122824,,0,EFU,EST-5,04-JUL-16 16:18:00
635213,2016-07-08T04:00:00+00:00,37.69,-95.93,3722.125,296.7345886230469,298.34814453125,297.0634765625,97451.3125,50.24884796142578,10.823998865670934,13.3186093874122,0.0,0,EF0,CST-6,07-JUL-16 21:41:00
641112,2016-07-20T02:00:00+00:00,47.96,-96.49,2361.0,563.9063720703125,298.40234375,292.68359375,97916.8125,39.356258392333984,7.253959543690885,11.5703613069753,1.0,0,EF1,CST-6,19-JUL-16 19:55:00
641113,2016-07-20T02:00:00+00:00,47.95,-96.48,2361.0,563.9063720703125,298.40234375,292.68359375,97916.8125,39.356258392333984,7.253959543690885,11.5703613069753,1.0,0,EF1,CST-6,19-JUL-16 19:58:00
641814,2016-07-14T02:00:00+00:00,39.1395,-84.6093,434.5,511.64581298828125,298.573486328125,293.2568359375,98715.875,46.1649169921875,12.852064711936755,21.482283401287116,0.0,0,EF0,EST-5,13-JUL-16 21:18:00
634493,2016-07-06T23:00:00+00:00,42.15,-102.0,3758.0,221.8815155029297,301.375244140625,291.154052734375,87643.375,43.13396072387695,1.0218701434291737,9.467787274522966,1.0,0,EF1,CST-6,06-JUL-16 17:25:00
634494,2016-07-07T00:00:00+00:00,42.2165,-101.9108,3579.5,585.1800537109375,301.427978515625,291.283935546875,87713.875,39.57994079589844,0.4333112675535145,10.898854655108536,1.0,0,EF1,CST-6,06-JUL-16 17:30:00
634491,2016-07-06T21:00:00+00:00,42.55,-102.76,1453.0,167.2970733642578,303.2109375,285.19140625,87255.625,27.20053482055664,0.2612725078099595,4.989365383727536,0.0,0,EF0,MST-7,06-JUL-16 14:18:00
641029,2016-05-25T00:00:00+00:00,37.6999,-100.0935,4707.625,482.6875,297.083251953125,293.847412109375,91847.125,33.61860275268555,6.578534847797239,11.845327718015652,2.0,1,EF2,CST-6,24-MAY-16 17:52:00
655864,2016-07-12T05:00:00+00:00,46.3618,-90.1578,2045.375,653.9681396484375,299.875244140625,291.73291015625,95787.0,52.69697189331055,15.689072075559396,21.867195394305384,1.0,0,EF1,CST-6,11-JUL-16 22:41:00
663700,2016-11-28T19:00:00+00:00,42.317,-93.4274,448.4375,26.25005531311035,284.680419921875,282.0697021484375,94361.234375,13.570924758911133,8.802166338526392,14.347079571852563,0.0,0,EF0,CST-6,28-NOV-16 12:44:00
663701,2016-11-28T22:00:00+00:00,42.5248,-92.8034,78.6875,,283.149169921875,281.70263671875,94872.5625,13.164994239807129,8.664367161219388,8.1192075726845,0.0,0,EF0,CST-6,28-NOV-16 15:38:00
663702,2016-11-28T22:00:00+00:00,42.5558,-92.7749,141.5,0.39072656631469727,282.975341796875,281.47412109375,94771.5625,13.551712989807129,8.825063038810118,8.356753687158252,0.0,0,EF0,CST-6,28-NOV-16 15:43:00
641042,2016-05-25T00:00:00+00:00,38.1651,-100.0395,4327.625,438.640625,298.665283203125,293.994873046875,92213.125,37.49653244018555,8.241201248065499,13.345723679335308,0.0,0,EF0,CST-6,24-MAY-16 18:03:00
663704,2016-11-28T22:00:00+00:00,41.4947,-92.6257,285.1875,67.0000991821289,284.225341796875,282.06298828125,95542.5625,14.611283302307129,10.488812266070443,9.300858312503935,0.0,0,EF0,CST-6,28-NOV-16 16:11:00
663705,2016-11-28T22:00:00+00:00,41.5091,-92.6005,285.1875,67.0000991821289,284.225341796875,282.06298828125,95542.5625,14.611283302307129,10.488812266070443,9.300858312503935,0.0,0,EF0,CST-6,28-NOV-16 16:15:00
663703,2016-11-28T22:00:00+00:00,42.3463,-92.834,78.6875,,283.149169921875,281.70263671875,94872.5625,13.164994239807129,8.664367161219388,8.1192075726845,0.0,0,EF0,CST-6,28-NOV-16 15:41:00
662422,2016-11-30T19:00:00+00:00,34.1004,-84.2193,304.625,7.296975612640381,294.328857421875,290.4689025878906,96559.9375,41.067420959472656,11.582110566200338,24.1959271596639,0.0,0,EF0,EST-5,30-NOV-16 14:09:00
662423,2016-11-30T20:00:00+00:00,34.2322,-83.5025,301.0625,0.17189893126487732,295.34716796875,289.5528259277344,97545.9375,44.29594039916992,14.302508476050392,25.22690017542273,1.0,0,EF1,EST-5,30-NOV-16 15:04:00
641022,2016-05-24T23:00:00+00:00,37.646,-100.0988,4091.875,481.921875,298.702392578125,294.0615234375,91455.4375,31.88186264038086,3.938389078677118,10.7858679938371,2.0,1,EF2,CST-6,24-MAY-16 17:22:00
661845,2016-11-30T04:00:00+00:00,34.1745,-87.1109,781.75,0.35582759976387024,293.1587829589844,291.40045166015625,98153.125,38.08274841308594,17.66609317209284,23.027835427580055,1.0,0,EF1,CST-6,29-NOV-16 22:05:00
661849,2016-11-30T04:00:00+00:00,34.92,-86.14,692.0,0.7620775699615479,292.1109313964844,290.33892822265625,96959.125,36.85325622558594,17.348400700998003,27.418805957305175,1.0,0,EF1,CST-6,29-NOV-16 22:02:00
627677,2016-05-30T23:00:00+00:00,40.0334,-93.6757,405.875,593.15576171875,298.26025390625,288.62890625,98407.5625,33.6597785949707,6.596354974859414,1.3906814327976351,0.0,0,EF0,CST-6,30-MAY-16 17:14:00
662417,2016-11-30T07:00:00+00:00,34.9393,-85.1015,710.3125,0.12939468026161194,292.5093994140625,290.7362365722656,97305.875,36.837188720703125,17.473305085259426,23.691105294083684,0.0,0,EF0,EST-5,30-NOV-16 01:56:00
641261,2016-05-25T00:00:00+00:00,38.1961,-100.0382,4327.625,438.640625,298.665283203125,293.994873046875,92213.125,37.49653244018555,8.241201248065499,13.345723679335308,3.0,1,EF3,CST-6,24-MAY-16 18:11:00
643732,2016-06-14T01:00:00+00:00,35.788,-101.747,1980.625,192.76565551757812,301.84375,288.907958984375,89728.3125,43.63052749633789,0.17777301279644203,12.110318521104974,0.0,0,EF0,CST-6,13-JUN-16 19:06:00
637090,2016-07-17T22:00:00+00:00,34.8595,-106.255,255.75,,304.719970703125,275.4150390625,79975.125,20.457988739013672,0.3415307923440941,0.4811108737666657,0.0,0,EF0,MST-7,17-JUL-16 15:00:00
661846,2016-11-30T03:00:00+00:00,34.1394,-87.1117,777.3125,0.055670179426670074,292.89898681640625,291.390380859375,98185.4375,39.088382720947266,18.629509498702674,25.283796687676883,1.0,0,EF1,CST-6,29-NOV-16 21:05:00
662424,2016-11-30T20:00:00+00:00,34.2529,-83.4695,301.0625,0.17189893126487732,295.34716796875,289.5528259277344,97545.9375,44.29594039916992,14.302508476050392,25.22690017542273,1.0,0,EF1,EST-5,30-NOV-16 15:10:00
669596,2016-12-13T21:00:00+00:00,30.5158,-89.3681,798.0,10.91637134552002,295.2901611328125,294.03173828125,101255.125,42.82572555541992,10.29219604374062,18.08041299594511,0.0,0,EF0,CST-6,13-DEC-16 15:19:00
665906,2016-11-30T00:00:00+00:00,32.95,-88.84,924.75,10.79828929901123,293.886474609375,292.0821838378906,99291.4375,38.44696807861328,14.318353969431318,16.712152680751664,1.0,0,EF1,CST-6,29-NOV-16 17:49:00
626976,2016-05-26T21:00:00+00:00,39.1198,-95.9632,4266.5,317.67193603515625,298.31201171875,292.757568359375,96951.3125,38.97583770751953,12.57782254265716,7.908597570278634,0.0,0,EF0,CST-6,26-MAY-16 15:00:00
661850,2016-11-30T05:00:00+00:00,34.4315,-86.5032,721.9375,0.6475134491920471,292.964111328125,291.150390625,97683.4375,36.23088073730469,18.034814323466964,23.427223206667403,1.0,0,EF1,CST-6,29-NOV-16 23:05:00
661844,2016-11-30T03:00:00+00:00,34.4406,-87.0913,818.6875,0.13379517197608948,292.72906494140625,291.208740234375,98160.4375,39.041507720947266,18.342598355705455,26.02577704517241,3.0,1,EF3,CST-6,29-NOV-16 20:40:00
627680,2016-06-01T00:00:00+00:00,40.4725,-93.04,514.5,3.3938632011413574,295.34130859375,291.41534423828125,97793.1875,36.185401916503906,1.8466004340062907,3.820032372564085,0.0,0,EF0,CST-6,31-MAY-16 18:04:00
665863,2016-11-30T06:00:00+00:00,34.7298,-85.704,818.0625,1.8787437677383423,292.5501708984375,290.7663269042969,96510.0625,34.64176940917969,16.21749910748546,23.41913888417251,3.0,1,EF3,CST-6,30-NOV-16 00:09:00
643745,2016-06-14T01:00:00+00:00,35.428,-101.643,2072.0,100.8906478881836,301.4228515625,290.468505859375,89465.3125,42.44302749633789,0.17308462169726002,13.10896728413629,1.0,0,EF1,CST-6,13-JUN-16 19:25:00
643746,2016-06-14T02:00:00+00:00,35.4429,-101.6226,1531.0,139.18753051757812,298.63525390625,292.4228515625,89509.4375,42.364444732666016,0.3378320134180641,16.3086953188989,2.0,1,EF2,CST-6,13-JUN-16 19:31:00
665859,2016-11-30T06:00:00+00:00,34.69,-85.78,818.0625,1.8787437677383423,292.5501708984375,290.7663269042969,96510.0625,34.64176940917969,16.21749910748546,23.41913888417251,2.0,1,EF2,CST-6,30-NOV-16 00:02:00
662418,2016-11-30T18:00:00+00:00,33.6646,-85.1613,207.3125,22.359573364257812,294.339599609375,292.0877990722656,96858.0,40.506874084472656,12.173086483483175,26.146743358711912,0.0,0,EF0,EST-5,30-NOV-16 12:53:00
662419,2016-11-30T19:00:00+00:00,33.7786,-84.5406,338.625,5.718850612640381,295.993896484375,290.3614807128906,97312.9375,42.994178771972656,13.00045949934357,26.925322501411763,1.0,0,EF1,EST-5,30-NOV-16 13:39:00
630467,2016-06-19T23:00:00+00:00,46.5,-94.79,6289.25,23.427658081054688,301.085693359375,295.409912109375,96466.6875,44.144317626953125,12.609697459453004,21.161768194149477,0.0,0,EF0,CST-6,19-JUN-16 17:29:00
661847,2016-11-30T03:00:00+00:00,34.74,-86.53,910.3125,0.07129517942667007,292.38726806640625,290.960693359375,97803.4375,38.044437408447266,17.10926711429773,24.737590700557853,2.0,1,EF2,CST-6,29-NOV-16 21:29:00
650340,2016-09-15T06:00:00+00:00,34.325,-103.8229,866.375,208.62051391601562,290.16015625,290.092041015625,86983.5,25.982332229614258,0.401134622566893,10.492609729884487,0.0,0,EF0,MST-7,14-SEP-16 23:07:00
650355,2016-09-15T20:00:00+00:00,32.8964,-105.0691,1902.875,176.508544921875,295.17236328125,288.997314453125,85609.625,25.19156265258789,0.06964894171674955,8.97514015070922,0.0,0,EF0,MST-7,15-SEP-16 13:10:00
633789,2016-05-23T01:00:00+00:00,38.2646,-101.1904,1340.875,276.31939697265625,296.96826171875,291.5293884277344,89653.5625,24.15902328491211,0.12144612304326229,12.454661730816659,0.0,0,EF0,CST-6,22-MAY-16 19:17:00
661848,2016-11-30T04:00:00+00:00,34.84,-86.34,692.0,0.7620775699615479,292.1109313964844,290.33892822265625,96959.125,36.85325622558594,17.348400700998003,27.418805957305175,1.0,0,EF1,CST-6,29-NOV-16 21:45:00
671171,2016-09-15T18:00:00+00:00,34.4262,-105.2874,933.875,144.96255493164062,295.2724609375,283.94921875,82554.1875,19.15782928466797,0.04933375324073795,3.4602129198981904,0.0,0,EF0,MST-7,15-SEP-16 10:47:00
665847,2016-11-30T05:00:00+00:00,34.87,-85.71,710.5625,0.1631384789943695,292.160400390625,290.404296875,96470.4375,34.89396667480469,16.26180901805466,26.217640695303583,1.0,0,EF1,CST-6,29-NOV-16 23:00:00
662640,2016-11-30T00:00:00+00:00,33.7238,-88.7197,1014.3125,7.048289775848389,293.826904296875,291.9093322753906,99492.4375,41.94989776611328,12.138699149487547,19.58909273053632,1.0,0,EF1,CST-6,29-NOV-16 18:15:00
665848,2016-11-30T08:00:00+00:00,34.87,-85.99,640.375,0.966305136680603,291.9573669433594,290.2840881347656,96598.3125,38.00522994995117,17.970573285785793,26.53262250871148,0.0,0,EF0,CST-6,30-NOV-16 02:11:00
662420,2016-11-30T19:00:00+00:00,33.8376,-84.4277,282.9375,10.875101089477539,295.380615234375,290.4737854003906,97100.9375,42.490272521972656,11.845087309731268,25.715574570145943,1.0,0,EF1,EST-5,30-NOV-16 13:50:00
662421,2016-11-30T19:00:00+00:00,34.0905,-84.2336,304.625,7.296975612640381,294.328857421875,290.4689025878906,96559.9375,41.067420959472656,11.582110566200338,24.1959271596639,0.0,0,EF0,EST-5,30-NOV-16 14:07:00
669566,2016-12-05T18:00:00+00:00,30.2695,-90.8874,72.5625,21.533832550048828,287.49755859375,286.4466857910156,100766.625,47.86270523071289,10.366653928742688,24.558970557157423,1.0,0,EF1,CST-6,05-DEC-16 11:47:00
626910,2016-05-26T00:00:00+00:00,38.9955,-97.4365,1084.75,252.5045166015625,302.981201171875,293.67462158203125,96158.6875,16.23638153076172,11.632856355232265,17.635604779870015,3.0,1,EF3,CST-6,25-MAY-16 18:07:00
661842,2016-11-30T01:00:00+00:00,34.5415,-87.9038,1103.0625,9.013223648071289,293.016845703125,290.37408447265625,98176.1875,41.066650390625,13.265907394429716,22.752324421683333,2.0,1,EF2,CST-6,29-NOV-16 19:05:00
627674,2016-05-26T22:00:00+00:00,38.63,-93.62,439.25,140.8828582763672,296.81884765625,292.67333984375,97859.0,37.24651336669922,4.22844577281507,14.83857601594991,0.0,0,EF0,CST-6,26-MAY-16 16:03:00
626974,2016-05-26T19:00:00+00:00,39.1733,-96.3958,5493.625,5.216607093811035,298.420654296875,292.548828125,96455.8125,41.491539001464844,4.6675343586964635,10.693575634407512,0.0,0,EF0,CST-6,26-MAY-16 13:03:00
661843,2016-11-30T01:00:00+00:00,34.5734,-87.8457,785.6875,14.388223648071289,292.749267578125,290.08892822265625,98258.1875,40.666259765625,13.454057520943218,23.133290138646338,1.0,0,EF1,CST-6,29-NOV-16 19:08:00
643093,2016-08-13T23:00:00+00:00,26.66,-81.8043,1463.875,164.84375,303.952392578125,295.39208984375,101382.75,39.4683723449707,4.481641267068592,10.268579119855778,0.0,0,EF0,EST-5,13-AUG-16 18:26:00
648012,2016-08-26T02:00:00+00:00,40.7795,-80.028,723.5,55.07814025878906,299.373046875,295.3280334472656,97613.5625,44.76947784423828,10.905464613974251,13.292046925669899,0.0,0,EF0,EST-5,25-AUG-16 20:43:00
654437,2016-07-23T21:00:00+00:00,42.4393,-91.5984,5020.5,100.95318603515625,298.566162109375,296.3775329589844,97665.6875,56.8026123046875,7.2604913836953795,14.026360327304815,1.0,0,EF1,CST-6,23-JUL-16 15:05:00
636844,2016-05-09T22:00:00+00:00,40.53,-90.48,293.25,,290.514404296875,289.3232421875,98572.8125,36.22679901123047,11.058506422179848,4.134028838544158,0.0,0,EF0,CST-6,09-MAY-16 16:15:00
654438,2016-07-23T21:00:00+00:00,42.4393,-91.5974,5020.5,100.95318603515625,298.566162109375,296.3775329589844,97665.6875,56.8026123046875,7.2604913836953795,14.026360327304815,1.0,0,EF1,CST-6,23-JUL-16 15:06:00
664995,2016-12-25T18:00:00+00:00,40.7708,-98.9236,288.5625,3.3751535415649414,284.0367431640625,283.94482421875,92070.5,25.666894912719727,15.761217939829045,29.36594695276643,0.0,0,EF0,CST-6,25-DEC-16 12:24:00
664992,2016-12-25T18:00:00+00:00,39.503,-99.0182,281.59375,2.3439035415649414,286.8414306640625,286.28369140625,93328.5,28.375879287719727,15.613895968321613,22.123220768449183,0.0,0,EF0,CST-6,25-DEC-16 11:45:00
665448,2016-12-26T21:00:00+00:00,36.9449,-88.446,101.5,,292.73101806640625,290.4822998046875,100338.8125,31.284488677978516,16.11713546281262,19.17297814348964,0.0,0,EF0,CST-6,26-DEC-16 15:08:00
640536,2016-05-26T20:00:00+00:00,30.3244,-96.1074,2138.25,79.65869903564453,299.8525390625,296.9072265625,100137.6875,61.784202575683594,5.249606650956788,9.312513543239767,0.0,0,EF0,CST-6,26-MAY-16 14:20:00
664546,2016-12-25T20:00:00+00:00,38.9351,-97.4384,153.84375,,288.49591064453125,286.43304443359375,95309.25,28.30667495727539,16.355902967682507,23.692184646039795,0.0,0,EF0,CST-6,25-DEC-16 13:53:00
657179,2016-09-18T03:00:00+00:00,35.6876,-101.9797,1794.875,233.72938537597656,293.937744140625,290.661865234375,89522.9375,27.565963745117188,0.27265707563582614,11.521201308829342,0.0,0,EF0,CST-6,17-SEP-16 20:47:00
628304,2016-05-26T20:00:00+00:00,30.3137,-96.0487,1995.25,21.877452850341797,298.75,296.677734375,100089.6875,61.678733825683594,6.7846644607981155,11.759010211438772,1.0,0,EF1,CST-6,26-MAY-16 14:28:00
628307,2016-05-26T20:00:00+00:00,30.3069,-96.0471,1995.25,21.877452850341797,298.75,296.677734375,100089.6875,61.678733825683594,6.7846644607981155,11.759010211438772,2.0,1,EF2,CST-6,26-MAY-16 14:29:00
657184,2016-09-18T03:00:00+00:00,35.7132,-102.0688,1794.875,233.72938537597656,293.937744140625,290.661865234375,89522.9375,27.565963745117188,0.27265707563582614,11.521201308829342,0.0,0,EF0,CST-6,17-SEP-16 20:41:00
624659,2016-05-09T22:00:00+00:00,40.428,-98.0625,1188.375,82.45697784423828,294.419677734375,289.099609375,93812.8125,19.048086166381836,1.7322013181520592,4.8630815155003955,0.0,0,EF0,CST-6,09-MAY-16 16:06:00
644352,2016-06-14T22:00:00+00:00,42.25,-91.95,578.375,44.5312614440918,301.795166015625,295.005615234375,97338.5625,52.3135871887207,6.031202706332037,10.502143696981003,0.0,0,EF0,CST-6,14-JUN-16 16:16:00
658920,2016-10-07T03:00:00+00:00,41.4677,-91.097,1111.875,125.4688720703125,292.925048828125,291.48193359375,98895.1875,41.651283264160156,18.59367457560986,16.27273674828572,1.0,0,EF1,CST-6,06-OCT-16 21:07:00
653943,2016-07-23T21:00:00+00:00,42.4109,-91.3927,5184.875,89.73443603515625,298.847412109375,296.3130798339844,97592.6875,56.6375732421875,6.946825329689862,13.384993820856105,1.0,0,EF1,CST-6,23-JUL-16 15:18:00
658912,2016-10-07T04:00:00+00:00,41.5049,-90.6173,813.5,218.28451538085938,293.195068359375,290.8876953125,98850.5,40.79559326171875,18.441017598723324,14.552352243861316,1.0,0,EF1,CST-6,06-OCT-16 21:36:00
658910,2016-10-07T04:00:00+00:00,41.3796,-90.5125,676.0,,293.223388671875,290.6806640625,98889.5,39.17840576171875,18.252590068573898,15.17415390023684,0.0,0,EF0,CST-6,06-OCT-16 21:41:00
648328,2016-07-18T03:00:00+00:00,40.9996,-88.1923,3173.875,100.50007629394531,297.919677734375,296.672607421875,99407.125,52.504302978515625,14.288687165575565,12.100068466616897,1.0,0,EF1,CST-6,17-JUL-16 20:41:00
655890,2016-10-06T17:00:00+00:00,37.05,-95.18,1496.6875,276.8751220703125,299.206298828125,292.543212890625,98465.6875,41.45262908935547,12.794867678249656,12.856197198385338,0.0,0,EF0,CST-6,06-OCT-16 11:14:00
655891,2016-10-06T17:00:00+00:00,37.0294,-95.2163,1496.6875,276.8751220703125,299.206298828125,292.543212890625,98465.6875,41.45262908935547,12.794867678249656,12.856197198385338,0.0,0,EF0,CST-6,06-OCT-16 10:57:00
672708,2016-12-25T16:00:00+00:00,37.6199,-100.1431,99.6875,8.844078063964844,287.111328125,284.82745361328125,90799.625,20.014509201049805,5.0963412941539366,16.082945371969537,0.0,0,EF0,CST-6,25-DEC-16 09:44:00
672709,2016-12-25T17:00:00+00:00,37.4969,-99.5583,128.6875,0.8130097389221191,287.7281188964844,286.4255676269531,92359.6875,24.21615982055664,8.842281213799485,16.701155468425952,0.0,0,EF0,CST-6,25-DEC-16 10:30:00
667772,2016-12-18T06:00:00+00:00,33.9239,-89.2228,630.8125,3.1721339225769043,287.40240478515625,286.53045654296875,99687.3125,43.562889099121094,6.57766355722945,29.505331924055263,1.0,0,EF1,CST-6,17-DEC-16 23:45:00
657516,2016-09-10T00:00:00+00:00,39.2797,-87.9859,1703.875,3.578463554382324,299.812255859375,296.6902160644531,99117.125,55.564537048339844,11.846403921270273,14.915028969703567,0.0,0,EF0,CST-6,09-SEP-16 17:44:00
672710,2016-12-25T17:00:00+00:00,37.5001,-99.5565,128.6875,0.8130097389221191,287.7281188964844,286.4255676269531,92359.6875,24.21615982055664,8.842281213799485,16.701155468425952,0.0,0,EF0,CST-6,25-DEC-16 10:31:00
672711,2016-12-25T17:00:00+00:00,37.5116,-99.3277,294.8125,23.00050926208496,287.9478454589844,286.4402160644531,92739.6875,27.17123794555664,10.244419209669422,20.3294500089008,0.0,0,EF0,CST-6,25-DEC-16 10:51:00
672712,2016-12-25T17:00:00+00:00,37.3021,-99.2417,259.6875,48.703636169433594,288.5972595214844,286.6238098144531,93362.6875,27.63803482055664,11.2095620622127,19.431604040172928,0.0,0,EF0,CST-6,25-DEC-16 10:58:00
672713,2016-12-25T17:00:00+00:00,38.3995,-99.3807,316.75,1.4223847389221191,287.3746032714844,286.3562316894531,92331.6875,26.16244888305664,12.257453833184691,18.632677277148655,0.0,0,EF0,CST-6,25-DEC-16 10:54:00
639147,2016-05-31T15:00:00+00:00,41.8865,-90.318,391.25,201.32815551757812,296.63916015625,289.72802734375,98951.875,32.402801513671875,7.212105578830414,8.067451144665467,0.0,0,EF0,CST-6,31-MAY-16 09:04:00
640545,2016-05-26T23:00:00+00:00,30.335,-95.5055,1377.75,39.7487907409668,297.41357421875,296.578369140625,100133.875,56.9595832824707,6.642020216320165,4.610121889951404,1.0,0,EF1,CST-6,26-MAY-16 16:52:00
644586,2016-06-23T01:00:00+00:00,41.5052,-89.6737,1989.875,44.48961639404297,297.240234375,295.558837890625,98263.875,49.31431579589844,13.858989200490717,21.525792328078566,0.0,0,EF0,CST-6,22-JUN-16 19:04:00
644591,2016-06-23T01:00:00+00:00,41.516,-89.3762,1998.125,35.08336639404297,297.6201171875,295.959228515625,98224.875,50.04380798339844,13.70700435478977,21.569928436017765,0.0,0,EF0,CST-6,22-JUN-16 18:40:00
664993,2016-12-25T18:00:00+00:00,40.4216,-99.2467,336.46875,0.3282786011695862,284.4605712890625,284.45361328125,91715.5,26.524316787719727,15.291534472581308,24.802823690875798,1.0,0,EF1,CST-6,25-DEC-16 11:50:00
664994,2016-12-25T18:00:00+00:00,40.4255,-98.857,317.25,3.0470285415649414,284.7467041015625,284.69775390625,92116.5,26.597558975219727,15.588782675403934,28.093610935699797,0.0,0,EF0,CST-6,25-DEC-16 12:16:00
666048,2016-12-18T06:00:00+00:00,34.82,-88.08,334.6875,2.0783839225769043,285.34185791015625,284.17498779296875,98560.3125,39.004295349121094,6.503718882670845,33.19353773543348,0.0,0,EF0,CST-6,17-DEC-16 23:37:00
647955,2016-08-14T18:00:00+00:00,40.1,-80.86,717.375,25.14065170288086,296.869384765625,295.719482421875,97984.9375,55.696327209472656,4.338989512143181,10.428346776054157,,0,EFU,EST-5,14-AUG-16 12:58:00
652807,2016-07-17T11:00:00+00:00,42.1471,-90.6023,502.375,33.37012481689453,292.59716796875,290.677001953125,98404.9375,49.793155670166016,14.337962093369388,22.972693438930722,1.0,0,EF1,CST-6,17-JUL-16 05:03:00
657174,2016-09-09T23:00:00+00:00,36.34,-101.41,1156.5,124.19023895263672,306.2353515625,289.7632751464844,90171.6875,27.360851287841797,0.9018128430769556,4.725219963503815,0.0,0,EF0,CST-6,09-SEP-16 17:20:00
666262,2016-12-29T09:00:00+00:00,34.1078,-83.5913,774.25,13.218753814697266,288.5716857910156,287.67901611328125,98135.875,33.41166687011719,18.59292786674267,23.44259449710001,1.0,0,EF1,EST-5,29-DEC-16 03:50:00
666049,2016-12-18T07:00:00+00:00,34.3751,-88.0719,519.3125,0.9382171034812927,288.36248779296875,287.02178955078125,98593.25,41.27599334716797,5.4329458145422915,32.09465525343803,0.0,0,EF0,CST-6,18-DEC-16 00:42:00
657512,2016-09-10T00:00:00+00:00,40.2213,-87.6437,1975.5,0.3753385543823242,298.366943359375,296.7986145019531,98745.125,57.725669860839844,8.723880413972067,15.056923699851993,1.0,0,EF1,CST-6,09-SEP-16 17:34:00
664795,2016-11-27T23:00:00+00:00,40.09,-98.47,254.34375,225.0937957763672,287.593017578125,283.7978515625,92144.5,12.563070297241211,12.971223737445133,21.003980594264803,1.0,0,EF1,CST-6,27-NOV-16 16:32:00
635466,2016-07-08T03:00:00+00:00,37.8411,-96.3154,3591.0,259.4538269042969,297.613525390625,296.568115234375,96660.75,48.58102798461914,5.738354225579076,14.301001728686852,2.0,1,EF2,CST-6,07-JUL-16 20:41:00
663208,2016-12-18T01:00:00+00:00,34.2187,-92.2704,385.6875,0.9334365129470825,290.5919189453125,290.2466735839844,99563.0625,41.0450325012207,7.473312718803368,26.680411351098886,1.0,0,EF1,CST-6,17-DEC-16 19:03:00
653509,2016-07-18T17:00:00+00:00,45.0685,-71.3427,705.25,32.963191986083984,296.0439453125,291.6185302734375,94792.3125,30.497344970703125,5.200864025178446,21.594157336597103,0.0,0,EF0,EST-5,18-JUL-16 11:42:00
652919,2016-07-15T20:00:00+00:00,38.7527,-102.2221,2234.125,143.04127502441406,302.023193359375,289.709716796875,87734.5625,29.303081512451172,0.14349526193901316,11.602148869355375,1.0,0,EF1,MST-7,15-JUL-16 13:08:00
668074,2016-11-30T01:00:00+00:00,34.0002,-87.8754,1295.8125,0.35697394609451294,292.947509765625,290.79693603515625,98704.1875,41.975830078125,14.320653098644948,22.556610266954607,0.0,0,EF0,CST-6,29-NOV-16 19:29:00
651758,2016-07-18T22:00:00+00:00,46.9169,-68.2343,1107.625,80.06251525878906,293.35693359375,289.92919921875,98189.5625,33.1126594543457,13.8849363064417,17.495766793843615,0.0,0,EF0,EST-5,18-JUL-16 16:40:00
668099,2016-11-30T19:00:00+00:00,32.7056,-85.5591,69.6875,,294.252685546875,291.8302307128906,98358.9375,42.664100646972656,15.757647676513551,22.51245187921567,1.0,0,EF1,CST-6,30-NOV-16 12:35:00
642830,2016-07-29T01:00:00+00:00,37.64,-98.3,1133.75,130.12506103515625,301.800537109375,289.557373046875,95563.375,43.923362731933594,2.432572765140359,9.524446901059806,0.0,0,EF0,CST-6,28-JUL-16 19:16:00
652714,2016-07-20T22:00:00+00:00,48.3089,-102.1612,2834.5,109.35636901855469,301.024169921875,296.02490234375,93276.5625,40.26924133300781,3.1644370670088344,12.776798693330727,0.0,0,EF0,CST-6,20-JUL-16 15:42:00
668078,2016-11-30T02:00:00+00:00,34.1946,-87.4701,1103.4375,0.1981336623430252,292.1829833984375,290.36834716796875,98035.6875,39.31953430175781,17.07468434105159,25.117859641349867,2.0,1,EF2,CST-6,29-NOV-16 20:06:00
654221,2016-07-25T19:00:00+00:00,41.7295,-76.4726,986.5,149.1825714111328,300.222900390625,294.313720703125,96124.1875,44.714874267578125,3.3933666513395115,10.295339498187086,1.0,0,EF1,EST-5,25-JUL-16 13:58:00
652917,2016-07-15T20:00:00+00:00,38.7742,-102.2509,2234.125,143.04127502441406,302.023193359375,289.709716796875,87734.5625,29.303081512451172,0.14349526193901316,11.602148869355375,0.0,0,EF0,MST-7,15-JUL-16 13:19:00
654151,2016-07-17T01:00:00+00:00,44.78,-97.73,2049.25,8.968920707702637,295.36376953125,292.57635498046875,95079.1875,41.657798767089844,7.739023612085904,18.130426857491077,0.0,0,EF0,CST-6,16-JUL-16 19:23:00
666193,2016-11-18T19:00:00+00:00,18.43,-66.4825,1018.8125,40.59638595581055,299.298583984375,297.6587829589844,99324.875,54.88816833496094,3.865092618376962,4.384070459842876,0.0,0,EF0,AST-4,18-NOV-16 15:10:00
668098,2016-11-30T11:00:00+00:00,32.4816,-87.6113,34.625,4.078150749206543,294.2811279296875,292.5848388671875,100026.4375,38.34082794189453,17.642512973087552,18.612145509013107,1.0,0,EF1,CST-6,30-NOV-16 05:18:00
668061,2016-11-30T01:00:00+00:00,33.4521,-88.1502,974.3125,0.49759894609451294,293.493408203125,291.50201416015625,99609.1875,40.599853515625,16.570378470155422,21.216902084882435,1.0,0,EF1,CST-6,29-NOV-16 19:15:00
668094,2016-11-30T04:00:00+00:00,34.155,-87.1572,781.75,0.35582759976387024,293.1587829589844,291.40045166015625,98153.125,38.08274841308594,17.66609317209284,23.027835427580055,1.0,0,EF1,CST-6,29-NOV-16 22:20:00
665295,2016-11-30T23:00:00+00:00,35.124,-80.953,210.3125,,292.24462890625,289.96826171875,98312.1875,43.438201904296875,15.118844059143775,25.13755017538287,1.0,0,EF1,EST-5,30-NOV-16 18:26:00
668093,2016-11-30T03:00:00+00:00,34.0699,-87.2016,777.3125,0.055670179426670074,292.89898681640625,291.390380859375,98185.4375,39.088382720947266,18.629509498702674,25.283796687676883,2.0,1,EF2,CST-6,29-NOV-16 20:52:00
668096,2016-11-30T06:00:00+00:00,33.9518,-87.9005,884.5625,0.6131187677383423,293.7347412109375,292.1032409667969,98684.0625,39.13786315917969,20.47226700057818,24.458693414349767,1.0,0,EF1,CST-6,30-NOV-16 00:01:00
668095,2016-11-30T06:00:00+00:00,33.8255,-88.1623,978.375,0.6287437677383423,293.4671630859375,291.9919128417969,99160.0625,39.64762878417969,20.179216749387866,24.84851487865938,1.0,0,EF1,CST-6,29-NOV-16 23:40:00
668097,2016-11-30T11:00:00+00:00,32.4233,-87.6657,34.625,4.078150749206543,294.2811279296875,292.5848388671875,100026.4375,38.34082794189453,17.642512973087552,18.612145509013107,1.0,0,EF1,CST-6,30-NOV-16 05:10:00
665702,2016-11-30T17:00:00+00:00,30.4105,-86.6812,659.625,5.172014236450195,297.03466796875,294.33349609375,100746.375,39.563026428222656,13.668572270242695,15.586445782101523,0.0,0,EF0,CST-6,30-NOV-16 10:38:00
664794,2016-11-27T22:00:00+00:00,40.3,-98.95,418.9375,151.95318603515625,287.5654296875,283.94287109375,91525.75,15.403752326965332,11.563189895183571,21.859565165290473,0.0,0,EF0,CST-6,27-NOV-16 16:02:00
664796,2016-11-27T23:00:00+00:00,40.27,-98.15,316.84375,109.95317077636719,287.261962890625,284.6181640625,92535.5,14.979085922241211,13.828985066094875,23.535174775918268,0.0,0,EF0,CST-6,27-NOV-16 17:00:00
668100,2016-11-30T19:00:00+00:00,32.73,-85.5228,69.6875,,294.252685546875,291.8302307128906,98358.9375,42.664100646972656,15.757647676513551,22.51245187921567,1.0,0,EF1,CST-6,30-NOV-16 12:39:00
666220,2016-11-28T22:00:00+00:00,31.073,-92.0329,608.125,0.18760156631469727,293.020263671875,292.60986328125,99725.5625,38.37788391113281,18.42865146523384,21.029636794015786,0.0,0,EF0,CST-6,28-NOV-16 16:25:00
667876,2016-11-30T03:00:00+00:00,35.3584,-86.2447,759.9375,1.227545142173767,291.45855712890625,290.031982421875,97169.4375,38.866703033447266,15.101053246408465,24.297929804456203,1.0,0,EF1,CST-6,29-NOV-16 21:05:00
665357,2016-11-30T15:00:00+00:00,29.9096,-90.1428,644.25,3.3287642002105713,294.0175476074219,292.1756286621094,100956.75,45.097496032714844,5.688487093581028,15.484290636284005,0.0,0,EF0,CST-6,30-NOV-16 08:45:00
660650,2016-11-22T22:00:00+00:00,39.1999,-96.8252,2.875,,287.58251953125,285.69232177734375,96105.9375,23.426647186279297,7.557626239269835,18.587912349244615,0.0,0,EF0,CST-6,22-NOV-16 15:51:00
652093,2016-07-06T21:00:00+00:00,42.48,-102.77,1453.0,167.2970733642578,303.2109375,285.19140625,87255.625,27.20053482055664,0.2612725078099595,4.989365383727536,0.0,0,EF0,MST-7,06-JUL-16 14:14:00
648521,2016-07-07T20:00:00+00:00,48.8712,-101.7065,1331.75,54.53132247924805,289.57666015625,286.458740234375,94836.6875,23.09714126586914,1.3872057958351391,7.743549207661091,0.0,0,EF0,CST-6,07-JUL-16 13:30:00
650829,2016-07-07T21:00:00+00:00,48.73,-101.01,1254.375,24.52332305908203,291.291259765625,287.498291015625,95559.0625,23.518634796142578,1.8847472002224896,7.43705794791222,0.0,0,EF0,CST-6,07-JUL-16 14:38:00
665290,2016-11-30T22:00:00+00:00,34.785,-82.154,186.875,1.625050663948059,291.008056640625,290.42291259765625,97909.5625,44.72624206542969,13.8398139728365,23.583273011192958,0.0,0,EF0,EST-5,30-NOV-16 16:59:00
665289,2016-11-30T22:00:00+00:00,34.678,-82.378,153.5625,4.5469255447387695,290.669189453125,290.28814697265625,97596.5625,43.82780456542969,11.969370395000503,21.450017875306425,1.0,0,EF1,EST-5,30-NOV-16 16:41:00
668075,2016-11-30T02:00:00+00:00,34.2498,-87.5383,1103.4375,0.1981336623430252,292.1829833984375,290.36834716796875,98035.6875,39.31953430175781,17.07468434105159,25.117859641349867,1.0,0,EF1,CST-6,29-NOV-16 20:04:00
667878,2016-11-30T03:00:00+00:00,35.4572,-86.0559,726.5,2.9775452613830566,291.26519775390625,289.856201171875,96406.4375,37.248538970947266,14.685043247779578,22.90463770627399,1.0,0,EF1,CST-6,29-NOV-16 21:24:00
646570,2016-07-06T02:00:00+00:00,44.3389,-91.7889,5683.25,150.1876678466797,299.197265625,292.0283203125,97493.4375,55.322113037109375,4.606479673184762,14.646781059598107,1.0,0,EF1,CST-6,05-JUL-16 20:10:00
646571,2016-07-06T02:00:00+00:00,44.3315,-91.7228,5683.25,150.1876678466797,299.197265625,292.0283203125,97493.4375,55.322113037109375,4.606479673184762,14.646781059598107,1.0,0,EF1,CST-6,05-JUL-16 20:13:00
652766,2016-07-22T15:00:00+00:00,31.94,-80.95,1766.875,139.0874786376953,302.46533203125,296.25537109375,101925.3125,38.86253356933594,1.5458012706346183,3.9825713476788023,0.0,0,EF0,EST-5,22-JUL-16 10:10:00
635465,2016-07-08T02:00:00+00:00,37.96,-96.45,4121.125,29.90180206298828,303.10302734375,297.13525390625,96073.125,44.60155487060547,4.4085236804306485,15.557788597720451,3.0,1,EF3,CST-6,07-JUL-16 20:10:00
650835,2016-07-09T13:00:00+00:00,46.4899,-101.2514,887.25,865.453125,291.49169921875,286.945068359375,94095.0,28.619226455688477,10.417864893719122,9.918315094809708,0.0,0,EF0,CST-6,09-JUL-16 06:35:00
649267,2016-07-06T04:00:00+00:00,43.4439,-91.0941,3356.75,138.0319366455078,297.645751953125,293.520751953125,97493.875,55.20786666870117,11.174531448554346,16.421426080530438,0.0,0,EF0,CST-6,05-JUL-16 21:31:00
668088,2016-11-30T02:00:00+00:00,33.7722,-87.6959,894.0625,0.08875866234302521,292.9652099609375,291.10467529296875,99000.6875,39.33711242675781,17.942634850459754,23.534901022990272,0.0,0,EF0,CST-6,29-NOV-16 20:06:00
652237,2016-07-27T01:00:00+00:00,46.33,-101.18,1085.75,234.61593627929688,297.575439453125,292.267822265625,94427.375,31.38669204711914,4.384293164329124,8.782824010599759,0.0,0,EF0,MST-7,26-JUL-16 17:50:00
637648,2016-05-30T20:00:00+00:00,41.0018,-103.2068,124.0625,18.68762969970703,299.73876953125,278.793701171875,86585.0625,14.500974655151367,0.42946693277268766,6.365059353506372,1.0,0,EF1,MST-7,30-MAY-16 13:18:00
623541,2016-05-07T21:00:00+00:00,40.23,-104.17,686.125,22.203140258789062,292.133544921875,276.20184326171875,84491.1875,17.10535430908203,0.8582748299615861,8.005017734422351,2.0,1,EF2,MST-7,07-MAY-16 13:55:00
637741,2016-05-07T22:00:00+00:00,40.3459,-103.8355,384.875,24.047468185424805,291.61669921875,279.5609436035156,85250.625,17.072099685668945,1.1505897565623258,8.079383536174335,0.0,0,EF0,MST-7,07-MAY-16 14:35:00
637755,2016-05-07T20:00:00+00:00,40.4167,-104.1187,768.125,23.875009536743164,293.057373046875,277.195068359375,84733.625,17.377685546875,0.6901149448526042,6.559434241123929,0.0,0,EF0,MST-7,07-MAY-16 13:20:00
637759,2016-05-07T20:00:00+00:00,40.5392,-104.1044,768.125,23.875009536743164,293.057373046875,277.195068359375,84733.625,17.377685546875,0.6901149448526042,6.559434241123929,0.0,0,EF0,MST-7,07-MAY-16 13:25:00
665901,2016-11-29T22:00:00+00:00,32.402,-89.7807,1979.625,18.90626335144043,294.44482421875,292.7852783203125,99026.6875,39.43595886230469,9.686582728493272,17.56657509396838,1.0,0,EF1,CST-6,29-NOV-16 15:57:00
665902,2016-11-29T22:00:00+00:00,32.4284,-89.747,1979.625,18.90626335144043,294.44482421875,292.7852783203125,99026.6875,39.43595886230469,9.686582728493272,17.56657509396838,1.0,0,EF1,CST-6,29-NOV-16 16:01:00
640384,2016-05-25T00:00:00+00:00,40.16,-103.21,757.0,93.85938262939453,294.492431640625,283.994873046875,85818.125,24.370555877685547,0.44470774509620165,7.585129210104281,0.0,0,EF0,MST-7,24-MAY-16 16:44:00
640386,2016-05-25T00:00:00+00:00,39.83,-103.71,751.75,91.57813262939453,294.973876953125,281.951904296875,84848.125,18.315868377685547,0.3509717199955772,16.93682649932493,0.0,0,EF0,MST-7,24-MAY-16 16:48:00
640387,2016-05-25T01:00:00+00:00,40.16,-103.21,692.5,128.34397888183594,292.258544921875,284.9205017089844,85746.3125,17.49384307861328,0.21884281268408434,18.595833165866516,0.0,0,EF0,MST-7,24-MAY-16 17:44:00
621696,2016-02-25T00:00:00+00:00,38.2259,-76.6354,1275.0,4.5156779289245605,289.405029296875,287.76068115234375,99086.6875,35.20542907714844,24.671621299183474,36.4174071371145,0.0,0,EF0,EST-5,24-FEB-16 19:12:00
640392,2016-05-25T01:00:00+00:00,40.1647,-103.0467,929.75,49.750221252441406,292.796630859375,284.5298767089844,86052.3125,20.34345245361328,0.0473120906895174,16.136579879959015,1.0,0,EF1,MST-7,24-MAY-16 17:47:00
669599,2016-12-13T21:00:00+00:00,30.5158,-89.3413,761.375,19.260122299194336,294.8624267578125,293.63818359375,101257.125,43.00443649291992,10.164965157638916,18.418986158996624,0.0,0,EF0,CST-6,13-DEC-16 15:21:00
634102,2016-04-27T22:00:00+00:00,38.5126,-122.1178,64.0,,292.101318359375,279.08453369140625,98942.25,13.27708625793457,3.559582683709715,1.794513153038575,0.0,0,EF0,PST-8,27-APR-16 14:24:00
657087,2016-09-04T19:00:00+00:00,43.0661,-110.2556,1642.125,6.630030632019043,284.41796875,282.101318359375,74345.4375,13.28065299987793,0.8415347918541844,3.998459144487723,1.0,0,EF1,MST-7,04-SEP-16 12:06:00
663582,2016-11-30T05:00:00+00:00,35.2534,-85.4383,655.125,1.288138508796692,291.578369140625,289.8779296875,95881.4375,34.94474792480469,13.999198744209856,27.894275634263003,2.0,1,EF2,CST-6,29-NOV-16 23:04:00
656554,2016-07-29T23:00:00+00:00,41.5,-103.27,172.5,,301.34765625,284.475341796875,86958.5,24.761211395263672,0.20568436817184022,7.488294654527908,0.0,0,EF0,MST-7,29-JUL-16 16:22:00
618151,2016-01-21T22:00:00+00:00,31.6919,-90.5363,31.5,56.449462890625,291.34613037109375,286.80517578125,99463.25,29.253623962402344,9.34171988247106,21.459454013748772,0.0,0,EF0,CST-6,21-JAN-16 16:25:00
662323,2016-11-30T07:00:00+00:00,35.1109,-84.7264,766.1875,0.19189468026161194,292.0201416015625,290.2596740722656,96937.875,34.775665283203125,17.71522972585659,24.808293498741794,3.0,1,EF3,EST-5,30-NOV-16 02:28:00
609832,2016-01-21T23:00:00+00:00,31.8656,-90.0125,69.25,49.20692443847656,289.8553466796875,286.2673034667969,99603.25,30.428043365478516,10.43263393157747,21.654651769912682,1.0,0,EF1,CST-6,21-JAN-16 17:20:00
662286,2016-11-30T05:00:00+00:00,35.2481,-85.4459,655.125,1.288138508796692,291.578369140625,289.8779296875,95881.4375,34.94474792480469,13.999198744209856,27.894275634263003,2.0,1,EF2,CST-6,29-NOV-16 23:03:00
633379,2016-04-18T10:00:00+00:00,30.0452,-95.1169,529.0,29.250001907348633,294.02734375,292.9987487792969,101340.6875,47.80219650268555,7.4908352060147925,17.425528053624145,0.0,0,EF0,CST-6,18-APR-16 04:14:00
633372,2016-04-17T17:00:00+00:00,30.061,-95.4782,1054.5625,117.64070129394531,295.809326171875,293.976318359375,100929.4375,33.80937194824219,9.761169832105208,9.388087927876693,0.0,0,EF0,CST-6,17-APR-16 11:10:00
633378,2016-04-18T10:00:00+00:00,29.9212,-95.1611,529.0,29.250001907348633,294.02734375,292.9987487792969,101340.6875,47.80219650268555,7.4908352060147925,17.425528053624145,0.0,0,EF0,CST-6,18-APR-16 04:12:00
633234,2016-04-27T10:00:00+00:00,30.0982,-95.5511,182.75,95.07315063476562,294.01025390625,293.178466796875,99836.875,38.0196647644043,12.163169801141395,15.009205491526625,0.0,0,EF0,CST-6,27-APR-16 03:43:00
657492,2016-08-24T22:00:00+00:00,40.6832,-85.0247,2408.25,7.7814154624938965,300.714111328125,297.473876953125,98312.0625,46.59253692626953,9.066196060553123,18.518928128059972,1.0,0,EF1,EST-5,24-AUG-16 16:49:00
655274,2016-08-24T21:00:00+00:00,41.1475,-84.9187,1040.125,1.6719894409179688,301.189697265625,295.14501953125,98665.625,50.40601348876953,11.179735186181764,15.51447810393378,3.0,1,EF3,EST-5,24-AUG-16 16:27:00
657493,2016-08-24T22:00:00+00:00,40.774,-86.0796,1127.625,65.57829284667969,299.634033203125,297.519775390625,98537.0625,49.59937286376953,6.666629969618823,16.25951338456335,0.0,0,EF0,EST-5,24-AUG-16 17:13:00
657607,2016-08-24T22:00:00+00:00,41.2527,-84.646,1727.375,2.1407902240753174,299.609619140625,297.251220703125,98612.0625,47.74292755126953,11.27475332529847,18.430519182199617,2.0,1,EF2,EST-5,24-AUG-16 17:00:00
623246,2016-04-24T23:00:00+00:00,29.4714,-95.1001,881.125,16.703128814697266,295.21435546875,292.782470703125,100959.6875,41.222633361816406,6.9608331822268035,8.8416804397778,0.0,0,EF0,CST-6,24-APR-16 17:29:00
649308,2016-07-08T22:00:00+00:00,46.32,-85.4065,288.875,130.37503051757812,291.968994140625,289.4755859375,97896.875,25.357316970825195,3.906264315580911,5.903687518484924,0.0,0,EF0,EST-5,08-JUL-16 16:56:00
649529,2016-07-12T05:00:00+00:00,46.3685,-90.13,2045.375,653.9681396484375,299.875244140625,291.73291015625,95787.0,52.69697189331055,15.689072075559396,21.867195394305384,1.0,0,EF1,CST-6,11-JUL-16 22:44:00
649456,2016-07-12T05:00:00+00:00,46.4341,-90.063,1605.0,769.4212646484375,299.534423828125,291.85986328125,95231.0,50.75751876831055,14.61672742704665,21.495828508065387,1.0,0,EF1,CST-6,11-JUL-16 22:55:00
657679,2016-08-24T22:00:00+00:00,41.3231,-84.3803,1284.625,0.6720403432846069,299.005126953125,296.878173828125,98690.0625,50.67847442626953,10.906335392477335,17.445224191224145,2.0,1,EF2,EST-5,24-AUG-16 17:28:00
657682,2016-08-24T23:00:00+00:00,40.8241,-84.7257,3066.375,17.70245361328125,299.700439453125,297.136474609375,98705.4375,51.77421188354492,10.358945387565305,17.665643470100875,1.0,0,EF1,EST-5,24-AUG-16 17:30:00
657701,2016-08-24T23:00:00+00:00,40.9108,-84.5538,2927.75,19.23370361328125,299.589111328125,296.780029296875,98787.4375,51.53690719604492,11.251029531039647,18.755692622020096,0.0,0,EF0,EST-5,24-AUG-16 17:51:00
984808,2016-08-25T00:00:00+00:00,41.1661,-84.1828,2138.375,18.40631866455078,298.818359375,295.989013671875,98929.375,51.908531188964844,11.094507025267424,14.740301825480046,0.0,0,EF0,EST-5,24-AUG-16 18:49:00
657705,2016-08-24T23:00:00+00:00,40.9602,-84.4437,2927.75,19.23370361328125,299.589111328125,296.780029296875,98787.4375,51.53690719604492,11.251029531039647,18.755692622020096,0.0,0,EF0,EST-5,24-AUG-16 18:04:00
657711,2016-08-24T23:00:00+00:00,41.4342,-83.9518,1935.75,6.81182861328125,298.823486328125,296.088623046875,99028.4375,53.55839157104492,11.386272100762575,15.685400269711987,0.0,0,EF0,EST-5,24-AUG-16 18:19:00
644198,2016-06-23T05:00:00+00:00,40.803,-85.4654,1685.75,67.85750579833984,295.63916015625,293.51025390625,97950.8125,49.48939514160156,17.773522840117952,23.912479080987197,1.0,0,EF1,EST-5,22-JUN-16 23:51:00
644199,2016-06-23T05:00:00+00:00,40.81,-85.4355,1666.625,40.795005798339844,295.45068359375,293.28662109375,97956.8125,50.09779357910156,16.09558906795516,23.450915532336218,2.0,1,EF2,EST-5,22-JUN-16 23:57:00
657722,2016-08-25T00:00:00+00:00,41.16,-84.1879,2138.375,18.40631866455078,298.818359375,295.989013671875,98929.375,51.908531188964844,11.094507025267424,14.740301825480046,0.0,0,EF0,EST-5,24-AUG-16 18:48:00
655301,2016-08-20T22:00:00+00:00,41.1614,-85.0551,557.5,,296.7744140625,294.656982421875,97477.375,49.288726806640625,10.133215101489922,9.948776375028249,0.0,0,EF0,EST-5,20-AUG-16 16:42:00
655299,2016-08-20T19:00:00+00:00,41.368,-85.9299,796.25,20.031274795532227,296.250244140625,294.443359375,97410.1875,50.18698501586914,11.905989878702076,12.322408066368375,0.0,0,EF0,EST-5,20-AUG-16 13:53:00
657721,2016-08-24T23:00:00+00:00,41.0479,-84.3071,2680.125,20.26495361328125,299.522705078125,296.115966796875,98791.4375,50.95878219604492,11.915013151981068,19.284427592397837,0.0,0,EF0,EST-5,24-AUG-16 18:26:00
655265,2016-08-24T21:00:00+00:00,40.6103,-85.4249,2002.25,25.96886444091797,301.668212890625,295.82275390625,98569.625,49.47730255126953,10.591123895424671,17.69492259965546,0.0,0,EF0,EST-5,24-AUG-16 15:59:00
655160,2016-08-20T19:00:00+00:00,41.4431,-85.7408,955.5,21.921899795532227,296.259521484375,294.2138671875,97309.1875,50.34030532836914,12.849634601411019,11.981837832087686,0.0,0,EF0,EST-5,20-AUG-16 14:19:00
657691,2016-08-24T23:00:00+00:00,40.8878,-84.6698,3066.375,17.70245361328125,299.700439453125,297.136474609375,98705.4375,51.77421188354492,10.358945387565305,17.665643470100875,0.0,0,EF0,EST-5,24-AUG-16 17:41:00
1021065,2016-04-12T21:00:00+00:00,40.461,-104.7405,38.8125,,294.317138671875,271.83447265625,84895.375,11.428332328796387,0.010548760085402616,0.6271637318041591,,0,EFU,MST-7,12-APR-16 14:02:00
647809,2016-06-23T02:00:00+00:00,41.3406,-88.592,1674.375,70.0677719116211,296.820068359375,294.87542724609375,98574.625,52.18128967285156,13.345414165269018,23.116079171675654,1.0,0,EF1,CST-6,22-JUN-16 20:10:00
647808,2016-06-23T02:00:00+00:00,41.3669,-88.71,1620.125,59.67714309692383,297.179443359375,295.06585693359375,98445.625,51.32582092285156,14.178525128762391,23.67171734324401,2.0,1,EF2,CST-6,22-JUN-16 19:53:00
647811,2016-06-23T03:00:00+00:00,40.9223,-87.9891,1747.875,98.48795318603516,297.389404296875,295.698486328125,98516.375,54.06718444824219,14.407523829297118,22.394748594822854,1.0,0,EF1,CST-6,22-JUN-16 21:12:00
647805,2016-06-23T01:00:00+00:00,41.4641,-89.0885,2056.75,42.23961639404297,298.099609375,296.050048828125,98319.875,51.50376892089844,14.336765646513562,21.563668887435888,1.0,0,EF1,CST-6,22-JUN-16 19:11:00
647806,2016-06-23T02:00:00+00:00,41.414,-88.9084,1685.625,48.95839309692383,297.448974609375,295.28851318359375,98342.625,50.34730529785156,14.366568475297422,23.59919211395748,1.0,0,EF1,CST-6,22-JUN-16 19:32:00
647810,2016-06-23T02:00:00+00:00,41.266,-88.3734,1402.75,56.97401809692383,297.521240234375,295.21331787109375,98494.625,52.89125061035156,13.537069538414972,23.43287383539519,0.0,0,EF0,CST-6,22-JUN-16 20:29:00
647801,2016-06-23T01:00:00+00:00,41.596,-88.9176,1723.5,44.45836639404297,296.8876953125,295.210205078125,98043.875,50.94224548339844,11.491271360897768,22.141938706718392,1.0,0,EF1,CST-6,22-JUN-16 18:59:00
647803,2016-06-23T01:00:00+00:00,41.6152,-88.904,1723.5,44.45836639404297,296.8876953125,295.210205078125,98043.875,50.94224548339844,11.491271360897768,22.141938706718392,1.0,0,EF1,CST-6,22-JUN-16 19:02:00
647804,2016-06-23T01:00:00+00:00,41.563,-88.7753,1817.625,63.42711639404297,296.6337890625,294.999267578125,98182.875,51.74790954589844,11.504593367264734,22.621733563301618,1.0,0,EF1,CST-6,22-JUN-16 19:22:00
648258,2016-06-23T03:00:00+00:00,40.9183,-88.7776,1274.0,107.59732818603516,297.731201171875,296.079345703125,98404.375,50.74296569824219,13.576520574194891,21.08082026960736,2.0,1,EF2,CST-6,22-JUN-16 21:06:00
646368,2016-06-23T00:00:00+00:00,41.6989,-89.1684,2230.375,21.364669799804688,297.59423828125,296.40966796875,98019.0,54.602691650390625,11.836782008638641,21.059756687461203,1.0,0,EF1,CST-6,22-JUN-16 18:19:00
646877,2016-06-23T01:00:00+00:00,41.7134,-89.1286,1757.75,38.58336639404297,296.9375,295.444580078125,98031.875,50.37290954589844,12.232547047404227,22.266337173172385,0.0,0,EF0,CST-6,22-JUN-16 18:31:00
647802,2016-06-23T01:00:00+00:00,41.6233,-88.8999,1723.5,44.45836639404297,296.8876953125,295.210205078125,98043.875,50.94224548339844,11.491271360897768,22.141938706718392,0.0,0,EF0,CST-6,22-JUN-16 18:59:00
648267,2016-06-23T04:00:00+00:00,40.7769,-88.2997,1261.875,61.16763687133789,297.992431640625,295.746826171875,98422.9375,50.04460525512695,14.335619679020661,20.723806634689563,0.0,0,EF0,CST-6,22-JUN-16 21:49:00
648269,2016-06-23T05:00:00+00:00,40.5867,-87.9016,1823.625,84.57625579833984,297.67236328125,295.90869140625,98485.8125,50.24818420410156,14.24117691972852,19.11124079638971,1.0,0,EF1,CST-6,22-JUN-16 22:37:00
647807,2016-06-23T02:00:00+00:00,41.4118,-88.8502,1685.625,48.95839309692383,297.448974609375,295.28851318359375,98342.625,50.34730529785156,14.366568475297422,23.59919211395748,1.0,0,EF1,CST-6,22-JUN-16 19:48:00
