event_id,begin_time_utc,begin_lat,begin_lon,cape,cin,temp_2m,dewpoint_2m,surface_pressure,tcwv,shear_0_1km,shear_0_3km,ef_category,ef_binary,tor_f_scale_raw,cz_timezone,begin_date_time_raw
408409,2012-10-14T02:00:00+00:00,37.2772,-93.4429,426.125,1.3283559083938599,292.678955078125,291.119873046875,96620.5,46.63990783691406,15.091603766117586,19.5443237141291,0,0,EF0,CST-6,13-OCT-12 19:53:00
423947,2012-12-09T22:00:00+00:00,30.7625,-89.5228,417.4375,,294.162841796875,293.66534423828125,100551.375,34.34415817260742,9.172520494445317,11.498532419587297,0,0,EF0,CST-6,09-DEC-12 15:50:00
417985,2012-12-20T04:00:00+00:00,35.399,-94.119,655.84375,29.35563087463379,291.7821044921875,288.89617919921875,98017.3125,32.94154357910156,15.29809688916426,21.060910360991684,1,0,EF1,CST-6,19-DEC-12 21:46:00
359288,2012-03-03T11:00:00+00:00,34.072,-81.076,19.0625,81.53345489501953,291.7447509765625,289.58673095703125,99512.8125,34.69459915161133,18.962577036588687,25.894024630050705,0,0,EF0,EST-5,03-MAR-12 05:35:00
426572,2012-12-25T16:00:00+00:00,31.2131,-95.1956,303.125,2.7387535572052,287.3836669921875,287.1244201660156,99136.9375,26.353416442871094,16.125131500213442,25.851241479470293,0,0,EF0,CST-6,25-DEC-12 09:40:00
364837,2012-02-24T22:00:00+00:00,32.8819,-80.8933,701.625,12.65628433227539,295.157958984375,288.66009521484375,100391.0,41.318077087402344,19.386778563241407,25.799762279347423,1,0,EF1,EST-5,24-FEB-12 17:09:00
362795,2012-03-23T19:00:00+00:00,31.434,-84.9487,177.5,41.84552764892578,298.525634765625,289.0296630859375,100557.5,39.80633544921875,4.12851982897314,6.417398588749636,0,0,EF0,EST-5,23-MAR-12 14:20:00
416427,2012-10-19T23:00:00+00:00,39.609,-76.504,568.6875,5.656482696533203,290.59423828125,289.261962890625,98944.5625,25.295480728149414,10.113720625643918,15.735557482521891,0,0,EF0,EST-5,19-OCT-12 18:07:00
362971,2012-03-15T23:00:00+00:00,41.8623,-83.567,1603.625,117.18769073486328,294.0771484375,288.43658447265625,99321.6875,32.004859924316406,9.222620457640557,8.583623622331983,0,0,EF0,EST-5,15-MAR-12 17:50:00
364438,2012-04-04T00:00:00+00:00,32.965,-93.991,1031.375,264.6875915527344,296.5390625,293.336669921875,99941.5,42.6915283203125,9.767917819953231,15.18572104909441,0,0,EF0,CST-6,03-APR-12 18:08:00
358538,2012-02-24T18:00:00+00:00,33.7119,-81.3239,1056.375,28.829317092895508,296.784912109375,291.96295166015625,99301.9375,42.12886047363281,17.18726397789081,29.482329816949846,1,0,EF1,EST-5,24-FEB-12 13:11:00
358539,2012-02-24T19:00:00+00:00,33.7026,-80.537,1159.75,17.908477783203125,298.8720703125,290.043701171875,99916.4375,40.54092025756836,16.578400197958477,28.74617660792111,0,0,EF0,EST-5,24-FEB-12 13:51:00
355654,2012-01-25T18:00:00+00:00,30.46,-94.43,812.28125,42.45331954956055,293.88238525390625,290.731689453125,100347.75,44.44066619873047,16.43493913874246,21.805052280644393,0,0,EF0,CST-6,25-JAN-12 12:10:00
421430,2012-12-26T20:00:00+00:00,34.79,-76.67,910.875,12.437702178955078,291.293212890625,289.58258056640625,99994.1875,38.280029296875,18.00130873839189,24.244729442064152,1,0,EF1,EST-5,26-DEC-12 14:58:00
411526,2012-10-23T00:00:00+00:00,39.045,-121.091,71.75,14.062647819519043,287.09326171875,281.185302734375,97500.9375,13.71158504486084,8.205663704313949,11.370248272009546,1,0,EF1,PST-8,22-OCT-12 16:28:00
355656,2012-01-25T18:00:00+00:00,30.5388,-94.1903,861.375,41.50019454956055,294.49468994140625,290.660400390625,100521.75,44.87425994873047,15.80838135641148,21.54648749928774,0,0,EF0,CST-6,25-JAN-12 12:28:00
355657,2012-01-25T19:00:00+00:00,30.6494,-93.9221,785.5625,3.31251859664917,293.7457580566406,291.4663391113281,100526.8125,45.907875061035156,17.191710580908364,22.979176158628228,1,0,EF1,CST-6,25-JAN-12 12:57:00
355658,2012-01-25T19:00:00+00:00,30.75,-94.02,788.6875,5.50001859664917,294.1139221191406,290.9468078613281,100221.8125,45.274085998535156,16.37180863025982,21.78612385721931,0,0,EF0,CST-6,25-JAN-12 12:45:00
355659,2012-01-25T20:00:00+00:00,31.1,-93.54,895.5,14.79703140258789,293.3138427734375,291.1370849609375,100032.4375,43.96160125732422,18.106719618895315,20.978258853077588,0,0,EF0,CST-6,25-JAN-12 13:33:00
355668,2012-01-25T21:00:00+00:00,31.33,-92.72,718.9375,14.390728950500488,294.61834716796875,290.7978515625,100386.625,39.634971618652344,17.58462441674173,18.964304742402387,0,0,EF0,CST-6,25-JAN-12 15:15:00
355670,2012-01-25T21:00:00+00:00,31.14,-92.73,835.3125,0.8282285928726196,294.18865966796875,291.4501953125,100382.625,38.684776306152344,17.86815084834867,18.980861159608587,0,0,EF0,CST-6,25-JAN-12 15:02:00
355037,2012-01-25T17:00:00+00:00,31.912,-94.692,95.5625,,290.74127197265625,289.7978820800781,99598.8125,38.30195617675781,14.830039882836468,31.689301538252153,1,0,EF1,CST-6,25-JAN-12 10:32:00
361948,2012-03-20T17:00:00+00:00,31.6453,-93.5389,399.625,27.42687225341797,295.730712890625,290.7822265625,99872.3125,40.21980667114258,16.574252628746155,20.808251060172648,0,0,EF0,CST-6,20-MAR-12 10:36:00
355672,2012-01-25T22:00:00+00:00,31.27,-92.33,259.4375,17.046920776367188,292.63043212890625,290.79351806640625,100711.9375,38.14438247680664,16.044734975944163,14.290463305007387,0,0,EF0,CST-6,25-JAN-12 15:52:00
356064,2012-01-26T00:00:00+00:00,29.7179,-92.7626,340.5625,54.5468864440918,293.3223571777344,291.25201416015625,101111.5625,41.36176300048828,13.592822510596987,16.34035361289622,0,0,EF0,CST-6,25-JAN-12 18:21:00
356069,2012-01-26T02:00:00+00:00,30.2286,-92.1415,451.75,20.73719024658203,294.0565490722656,291.78668212890625,101065.5,40.842620849609375,13.463195957916112,16.431234939127393,0,0,EF0,CST-6,25-JAN-12 19:58:00
361954,2012-03-21T02:00:00+00:00,31.7434,-93.0481,127.375,0.7188008427619934,292.01123046875,291.5819396972656,100267.8125,41.460323333740234,15.335944521003992,22.652453831564365,0,0,EF0,CST-6,20-MAR-12 20:28:00
361952,2012-03-20T18:00:00+00:00,31.9848,-92.8863,727.375,31.056217193603516,297.53515625,290.9095764160156,100111.8125,39.32029342651367,16.952573313787163,18.734282728892204,0,0,EF0,CST-6,20-MAR-12 12:16:00
432100,2012-08-31T20:00:00+00:00,39.1126,-90.4656,489.625,66.20063018798828,297.20654296875,295.8740234375,99599.5625,57.36698913574219,12.743364804913467,17.025320136388864,0,0,EF0,CST-6,31-AUG-12 13:36:00
365372,2012-04-11T20:00:00+00:00,32.0995,-94.9101,1471.3125,,300.08447265625,292.120849609375,100367.8125,32.26877975463867,1.634213888813123,6.001452120451754,0,0,EF0,CST-6,11-APR-12 13:51:00
365373,2012-04-11T20:00:00+00:00,31.9918,-94.7454,1816.5625,60.281272888183594,299.76416015625,292.422607421875,100377.8125,31.967998504638672,1.1778974202364465,6.034785779574228,0,0,EF0,CST-6,11-APR-12 14:22:00
361956,2012-03-21T08:00:00+00:00,32.0508,-92.4855,672.125,3.2656257152557373,290.7373046875,290.25146484375,100204.9375,39.66033172607422,22.749373108003216,25.15852833609088,0,0,EF0,CST-6,21-MAR-12 02:14:00
417663,2012-12-25T22:00:00+00:00,31.36,-86.13,139.125,1.6433647871017456,292.1691589355469,290.677978515625,99737.6875,27.340869903564453,17.188211231873566,20.908082381478334,0,0,EF0,CST-6,25-DEC-12 15:31:00
379499,2012-04-09T22:00:00+00:00,36.3899,-99.4107,515.9375,111.71875,296.24951171875,287.10772705078125,93992.6875,22.328927993774414,3.8084675535869725,9.139758373835486,0,0,EF0,CST-6,09-APR-12 16:23:00
379730,2012-04-14T21:00:00+00:00,36.7874,-99.21,2012.5625,84.03125,300.09375,290.83447265625,93519.5,27.99645233154297,7.134377443642193,14.229634085357638,0,0,EF0,CST-6,14-APR-12 15:26:00
364408,2012-04-03T22:00:00+00:00,33.347,-95.212,147.25,439.1875,295.031982421875,291.8955383300781,99215.3125,40.373802185058594,10.164408138618072,13.489138302921123,0,0,EF0,CST-6,03-APR-12 15:39:00
364410,2012-04-03T22:00:00+00:00,33.465,-95.056,460.875,410.828125,294.871826171875,291.9785461425781,99256.3125,40.534934997558594,9.07973104025105,15.865070432294878,0,0,EF0,CST-6,03-APR-12 15:41:00
364411,2012-04-03T22:00:00+00:00,33.411,-94.702,761.25,421.578125,295.069091796875,292.1045227050781,99364.3125,40.820091247558594,9.446520486785632,16.272950499317233,0,0,EF0,CST-6,03-APR-12 15:44:00
355047,2012-01-25T20:00:00+00:00,31.428,-93.317,1039.5,4.531406402587891,294.4183349609375,290.6898193359375,100112.4375,43.45476531982422,17.63391491612039,20.4787422136481,0,0,EF0,CST-6,25-JAN-12 14:01:00
407744,2012-06-01T21:00:00+00:00,36.28,-76.29,1465.5,67.2187271118164,298.755615234375,294.745361328125,100864.8125,43.167694091796875,11.538504223011993,8.430281781785062,0,0,EF0,EST-5,01-JUN-12 16:18:00
412012,2012-08-31T20:00:00+00:00,38.7787,-90.1336,660.25,63.997501373291016,297.47705078125,296.076171875,99572.5625,57.08378601074219,12.548859016708839,18.084241738196823,0,0,EF0,CST-6,31-AUG-12 13:50:00
379505,2012-04-09T23:00:00+00:00,36.3568,-99.3722,537.71875,105.67192840576172,296.1435546875,287.62896728515625,94061.0625,24.630081176757812,3.7109080581396325,12.091115719558758,1,0,EF1,CST-6,09-APR-12 16:35:00
379508,2012-04-09T23:00:00+00:00,36.3498,-99.3638,537.71875,105.67192840576172,296.1435546875,287.62896728515625,94061.0625,24.630081176757812,3.7109080581396325,12.091115719558758,0,0,EF0,CST-6,09-APR-12 16:45:00
412013,2012-08-31T20:00:00+00:00,39.2823,-90.4076,516.0,130.54437255859375,297.29443359375,295.994140625,99519.5625,56.56230163574219,11.96465170603928,15.439345062358445,0,0,EF0,CST-6,31-AUG-12 14:27:00
368182,2012-04-27T23:00:00+00:00,38.75,-96.44,914.875,,293.532958984375,287.38897705078125,95105.6875,28.26216697692871,10.306572725312481,27.012376608617483,0,0,EF0,CST-6,27-APR-12 16:59:00
360343,2012-01-26T16:00:00+00:00,31.7619,-88.417,582.0625,0.07312627136707306,292.8460998535156,291.77593994140625,100273.875,41.34801483154297,13.268742934279185,21.18071582970162,0,0,EF0,CST-6,26-JAN-12 09:35:00
422369,2012-12-26T01:00:00+00:00,30.7937,-88.4133,509.6875,47.962886810302734,290.945068359375,289.6937255859375,99817.625,36.11674880981445,19.311026448254047,23.80104527008532,1,0,EF1,CST-6,25-DEC-12 19:22:00
422370,2012-12-26T00:00:00+00:00,31.1929,-88.3217,555.3125,10.559586524963379,292.0957946777344,290.3603515625,99646.0625,39.24645233154297,20.668974245375573,26.32946031943448,1,0,EF1,CST-6,25-DEC-12 17:53:00
379509,2012-04-09T23:00:00+00:00,36.2902,-99.3273,661.53125,121.53130340576172,295.8984375,287.75494384765625,94749.0625,24.810745239257812,3.929475172389464,10.613654790513106,0,0,EF0,CST-6,09-APR-12 16:56:00
379740,2012-04-15T00:00:00+00:00,36.4609,-98.9409,2274.1875,346.9531555175781,297.408203125,290.393310546875,94052.75,34.92033767700195,10.280891310873933,20.480220505527726,0,0,EF0,CST-6,14-APR-12 18:01:00
417688,2012-12-26T00:00:00+00:00,31.3537,-85.9817,44.375,0.13771145045757294,292.1407165527344,290.380859375,99723.0625,30.255239486694336,16.597896342869056,24.697104461095517,0,0,EF0,CST-6,25-DEC-12 18:05:00
355112,2012-01-25T17:00:00+00:00,32.006,-94.632,95.5625,,290.74127197265625,289.7978820800781,99598.8125,38.30195617675781,14.830039882836468,31.689301538252153,0,0,EF0,CST-6,25-JAN-12 10:47:00
366404,2012-02-24T23:00:00+00:00,37.3337,-76.3012,543.875,0.7565621733665466,288.3642578125,287.600341796875,99681.25,35.057861328125,18.935126290794745,21.65657441571785,0,0,EF0,EST-5,24-FEB-12 18:25:00
412014,2012-08-31T23:00:00+00:00,38.8178,-90.6671,327.875,10.25029182434082,297.943359375,296.690185546875,99223.4375,61.46882247924805,14.515315211730455,15.265815851689899,0,0,EF0,CST-6,31-AUG-12 16:34:00
363209,2012-03-22T02:00:00+00:00,30.4663,-89.3012,867.8125,1.2500611543655396,293.869384765625,293.18414306640625,101203.625,43.93738555908203,12.185070271400969,14.838866028355989,0,0,EF0,CST-6,21-MAR-12 19:32:00
355113,2012-01-25T17:00:00+00:00,32.018,-94.601,95.5625,,290.74127197265625,289.7978820800781,99598.8125,38.30195617675781,14.830039882836468,31.689301538252153,0,0,EF0,CST-6,25-JAN-12 10:50:00
422371,2012-12-25T23:00:00+00:00,32.0573,-88.3536,155.875,5.578153133392334,290.5653076171875,289.0124816894531,99121.125,38.832698822021484,17.5762009270842,25.127491095032713,2,1,EF2,CST-6,25-DEC-12 16:45:00
422498,2012-12-25T22:00:00+00:00,31.7928,-86.2309,78.5,0.2839897871017456,290.9640808105469,289.936767578125,99348.6875,28.333057403564453,16.96276001305784,22.231782971965348,0,0,EF0,CST-6,25-DEC-12 16:28:00
422497,2012-12-25T22:00:00+00:00,31.7206,-86.272,78.5,0.2839897871017456,290.9640808105469,289.936767578125,99348.6875,28.333057403564453,16.96276001305784,22.231782971965348,0,0,EF0,CST-6,25-DEC-12 16:21:00
392061,2012-05-31T00:00:00+00:00,38.1619,-99.7959,1915.6875,328.2662353515625,298.978515625,287.84088134765625,92803.375,35.231632232666016,2.565605688444004,11.253118063941741,0,0,EF0,CST-6,30-MAY-12 18:25:00
378379,2012-06-21T00:00:00+00:00,47.82,-97.52,247.125,58.093807220458984,292.536865234375,288.11474609375,97095.5,22.545703887939453,4.32254945858973,10.948186188474105,0,0,EF0,CST-6,20-JUN-12 17:49:00
378380,2012-06-21T00:00:00+00:00,47.76,-97.36,247.125,58.093807220458984,292.536865234375,288.11474609375,97095.5,22.545703887939453,4.32254945858973,10.948186188474105,1,0,EF1,CST-6,20-JUN-12 18:02:00
385115,2012-05-13T01:00:00+00:00,30.3535,-87.406,324.5,20.15469741821289,296.45556640625,293.89971923828125,101759.0,47.406959533691406,5.072311533612812,5.118441158891929,0,0,EF0,CST-6,12-MAY-12 19:11:00
391468,2012-06-24T19:00:00+00:00,26.92,-81.34,744.3125,87.01851654052734,298.271728515625,297.236572265625,101018.1875,58.47362518310547,15.027917285671412,16.97243524497082,0,0,EF0,EST-5,24-JUN-12 14:04:00
371311,2012-05-14T17:00:00+00:00,34.827,-79.834,235.125,159.6082763671875,296.913330078125,291.4708251953125,100892.8125,41.25752258300781,7.3447333418216765,9.537379833626032,1,0,EF1,EST-5,14-MAY-12 11:55:00
392063,2012-05-31T01:00:00+00:00,38.0076,-99.895,2207.75,161.88497924804688,299.634765625,289.47100830078125,92261.4375,38.86069107055664,2.413256632273394,10.625607650359917,0,0,EF0,CST-6,30-MAY-12 18:35:00
379840,2012-06-18T00:00:00+00:00,45.89,-96.23,1048.8125,30.750011444091797,298.572265625,294.99072265625,95890.0625,50.81424331665039,8.59668105441382,22.132465494382945,0,0,EF0,CST-6,17-JUN-12 18:02:00
390744,2012-06-30T17:00:00+00:00,29.7876,-93.69,1430.75,88.72490692138672,299.689208984375,296.8212890625,101386.75,55.12620162963867,4.8506872066522035,10.664405071516818,0,0,EF0,CST-6,30-JUN-12 11:00:00
356063,2012-02-01T07:00:00+00:00,30.64,-92.83,178.5625,28.94890594482422,292.1455993652344,291.1997375488281,101875.0,36.010223388671875,8.574155567922238,10.711417504721313,0,0,EF0,CST-6,01-FEB-12 00:30:00
357890,2012-02-18T15:00:00+00:00,30.0265,-92.6158,436.6875,1.5000553131103516,289.35247802734375,288.28533935546875,100856.0625,46.20433807373047,19.016859093588646,25.891713149904863,0,0,EF0,CST-6,18-FEB-12 08:53:00
370724,2012-03-03T01:00:00+00:00,31.1967,-89.3498,663.625,0.5733967423439026,295.09539794921875,293.4045104980469,99646.6875,40.77000427246094,16.389061990741567,16.975844260854984,1,0,EF1,CST-6,02-MAR-12 18:42:00
384337,2012-05-30T21:00:00+00:00,39.43,-101.41,293.9375,47.92190170288086,303.480224609375,278.415283203125,88974.8125,23.20339584350586,0.24023755904963437,3.920387013864657,0,0,EF0,MST-7,30-MAY-12 14:00:00
377661,2012-04-16T11:00:00+00:00,27.92,-97.23,2386.0625,46.328556060791016,293.94189453125,291.91650390625,101231.5625,46.373870849609375,11.91343550849335,13.864890976463139,0,0,EF0,CST-6,16-APR-12 05:20:00
374233,2012-04-05T19:00:00+00:00,36.4351,-89.7013,1058.6875,5.7525224685668945,293.335693359375,288.161865234375,99731.875,25.83663558959961,3.5814769989288284,4.2185641492410095,0,0,EF0,CST-6,05-APR-12 12:30:00
363184,2012-03-21T15:00:00+00:00,30.5278,-90.8284,556.3125,0.7032110095024109,295.04736328125,292.9683837890625,100996.125,43.1206169128418,15.758531861948232,15.366428402338615,1,0,EF1,CST-6,21-MAR-12 09:05:00
382290,2012-05-02T03:00:00+00:00,43.13,-95.37,249.75,47.26565933227539,290.024169921875,289.170654296875,95305.0625,34.22820281982422,7.773006667144159,15.18836029368466,0,0,EF0,CST-6,01-MAY-12 20:40:00
377626,2012-06-08T00:00:00+00:00,41.46,-104.74,639.75,505.9888000488281,291.6845703125,286.68133544921875,82559.9375,18.343320846557617,0.1628183670146877,8.587404143884612,0,0,EF0,MST-7,07-JUN-12 17:25:00
393951,2012-05-26T02:00:00+00:00,38.5594,-99.4527,2296.0625,485.5626220703125,303.334228515625,292.06195068359375,93207.125,37.43773651123047,9.162525058077597,18.211141649910513,0,0,EF0,CST-6,25-MAY-12 20:08:00
395041,2012-05-26T02:00:00+00:00,38.5494,-99.4583,2296.0625,485.5626220703125,303.334228515625,292.06195068359375,93207.125,37.43773651123047,9.162525058077597,18.211141649910513,0,0,EF0,CST-6,25-MAY-12 20:15:00
380475,2012-04-14T17:00:00+00:00,38.2025,-99.5418,1420.0625,96.18724822998047,293.9833984375,289.515869140625,92703.125,30.108604431152344,7.607802584534037,11.161178479926646,1,0,EF1,CST-6,14-APR-12 10:38:00
380476,2012-04-14T17:00:00+00:00,38.432,-99.3267,1670.6875,167.827880859375,294.255859375,290.579345703125,93039.125,31.963096618652344,6.613790989169217,9.24012291820857,1,0,EF1,CST-6,14-APR-12 11:14:00
380478,2012-04-14T22:00:00+00:00,37.4936,-98.7056,2869.5,3.078385829925537,295.895751953125,292.4306640625,93198.375,28.817546844482422,12.19594883508591,20.921992515113324,0,0,EF0,CST-6,14-APR-12 15:44:00
380479,2012-04-14T22:00:00+00:00,37.6711,-98.4953,2723.9375,20.703386306762695,294.916259765625,292.564453125,93498.375,27.717937469482422,14.230102422610756,20.36016737551057,0,0,EF0,CST-6,14-APR-12 16:08:00
380480,2012-04-14T21:00:00+00:00,38.4837,-99.15,1840.1875,113.875,296.890625,290.26611328125,92628.5,25.59899139404297,5.9681591536653755,18.150332508212923,0,0,EF0,CST-6,14-APR-12 15:04:00
377992,2012-04-16T11:00:00+00:00,27.92,-97.26,2386.0625,46.328556060791016,293.94189453125,291.91650390625,101231.5625,46.373870849609375,11.91343550849335,13.864890976463139,0,0,EF0,CST-6,16-APR-12 04:50:00
377994,2012-04-16T14:00:00+00:00,27.294,-97.705,2173.125,285.5782165527344,295.197998046875,294.0859069824219,101277.0,45.93577575683594,8.709104421910906,9.739233832860593,0,0,EF0,CST-6,16-APR-12 07:35:00
370697,2012-05-14T22:00:00+00:00,33.4826,-81.0645,1694.1875,28.79704475402832,296.100830078125,293.3465576171875,100482.125,34.194053649902344,6.448418681837719,10.075343965885809,0,0,EF0,EST-5,14-MAY-12 16:50:00
363187,2012-03-21T17:00:00+00:00,30.4268,-90.1306,1083.4375,2.0937628746032715,294.9150390625,293.59002685546875,101080.0625,46.314964294433594,14.674102525162366,15.668760649134699,0,0,EF0,CST-6,21-MAR-12 11:16:00
363200,2012-03-21T18:00:00+00:00,30.4922,-90.0185,806.375,0.5471466779708862,294.452392578125,293.3330993652344,101062.3125,46.028480529785156,15.056159356627742,12.873005775139042,0,0,EF0,CST-6,21-MAR-12 11:35:00
382734,2012-05-04T20:00:00+00:00,43.63,-95.11,1413.625,29.75010871887207,296.5869140625,290.2969970703125,95996.5,34.62443542480469,2.0497454263716364,9.97872113678702,0,0,EF0,CST-6,04-MAY-12 14:05:00
382726,2012-05-04T19:00:00+00:00,43.63,-95.72,1009.75,42.00004959106445,296.57373046875,290.43218994140625,95724.75,34.96035385131836,2.495036750993807,9.606799090046273,0,0,EF0,CST-6,04-MAY-12 13:03:00
382727,2012-05-04T19:00:00+00:00,43.628,-95.65,1009.75,42.00004959106445,296.57373046875,290.43218994140625,95724.75,34.96035385131836,2.495036750993807,9.606799090046273,0,0,EF0,CST-6,04-MAY-12 13:10:00
382731,2012-05-04T20:00:00+00:00,43.63,-95.25,1413.625,29.75010871887207,296.5869140625,290.2969970703125,95996.5,34.62443542480469,2.0497454263716364,9.97872113678702,0,0,EF0,CST-6,04-MAY-12 13:40:00
391463,2012-06-24T16:00:00+00:00,26.162,-81.542,1551.5,18.890640258789062,298.19970703125,297.214111328125,101214.9375,60.4367790222168,13.512790455643257,15.994735032434784,0,0,EF0,EST-5,24-JUN-12 11:00:00
391465,2012-06-24T16:00:00+00:00,26.37,-81.55,1551.5,18.890640258789062,298.19970703125,297.214111328125,101214.9375,60.4367790222168,13.512790455643257,15.994735032434784,0,0,EF0,EST-5,24-JUN-12 11:25:00
382742,2012-05-04T20:00:00+00:00,43.05,-96.06,2083.5,10.203234672546387,297.4873046875,290.1173095703125,96120.5,35.73966979980469,1.9221033109721035,8.244025284989144,0,0,EF0,CST-6,04-MAY-12 14:22:00
381296,2012-05-01T22:00:00+00:00,39.44,-84.23,736.75,112.31251525878906,296.433349609375,291.3125,98345.875,38.08991622924805,6.6014175337612215,16.590876223670413,0,0,EF0,EST-5,01-MAY-12 17:20:00
390749,2012-06-22T23:00:00+00:00,41.0579,-103.1022,2066.75,790.2656860351562,307.37646484375,286.473876953125,86050.0625,25.627901077270508,0.3461292430837317,9.053324640633356,0,0,EF0,MST-7,22-JUN-12 16:21:00
395043,2012-05-26T02:00:00+00:00,38.5366,-99.4242,2296.0625,485.5626220703125,303.334228515625,292.06195068359375,93207.125,37.43773651123047,9.162525058077597,18.211141649910513,1,0,EF1,CST-6,25-MAY-12 20:22:00
395046,2012-05-26T03:00:00+00:00,38.5345,-99.4087,2784.0,337.0309753417969,302.204345703125,293.52685546875,93128.5625,30.16220474243164,10.215461455911909,18.597325853379985,2,1,EF2,CST-6,25-MAY-12 20:30:00
395063,2012-05-26T03:00:00+00:00,38.5283,-99.3177,3292.25,257.3434753417969,302.279541015625,293.60595703125,93491.5625,33.28915786743164,10.62789616277825,19.51209402733574,1,0,EF1,CST-6,25-MAY-12 20:40:00
395066,2012-05-26T03:00:00+00:00,38.5548,-99.3094,3292.25,257.3434753417969,302.279541015625,293.60595703125,93491.5625,33.28915786743164,10.62789616277825,19.51209402733574,2,1,EF2,CST-6,25-MAY-12 20:45:00
395069,2012-05-26T03:00:00+00:00,38.5641,-99.2351,3292.25,257.3434753417969,302.279541015625,293.60595703125,93491.5625,33.28915786743164,10.62789616277825,19.51209402733574,2,1,EF2,CST-6,25-MAY-12 20:58:00
395071,2012-05-26T03:00:00+00:00,38.6143,-99.1674,3292.25,257.3434753417969,302.279541015625,293.60595703125,93491.5625,33.28915786743164,10.62789616277825,19.51209402733574,1,0,EF1,CST-6,25-MAY-12 21:11:00
380667,2012-04-14T19:00:00+00:00,37.8394,-99.9691,1656.5625,64.8750228881836,293.2978515625,289.8300476074219,91265.125,24.039094924926758,4.2002225794456045,15.456798962006639,1,0,EF1,CST-6,14-APR-12 12:57:00
380673,2012-04-14T19:00:00+00:00,37.9135,-99.8681,1490.6875,96.3750228881836,294.134765625,289.5810241699219,91506.125,23.449251174926758,4.408981625128861,14.096838524643173,1,0,EF1,CST-6,14-APR-12 13:10:00
380676,2012-04-14T20:00:00+00:00,37.833,-99.2047,1818.4375,92.73443603515625,295.398681640625,290.3155822753906,92506.875,25.856834411621094,6.476755554247604,17.225268561334147,1,0,EF1,CST-6,14-APR-12 14:28:00
380686,2012-04-14T21:00:00+00:00,37.2292,-99.1076,2460.5,47.4375,298.662109375,290.96240234375,92874.5,28.21617889404297,6.462762465750728,17.866986820064117,1,0,EF1,CST-6,14-APR-12 14:59:00
380694,2012-04-15T01:00:00+00:00,37.6134,-99.3765,1348.625,139.1562957763672,294.37841796875,289.7938232421875,91612.6875,21.80341339111328,14.069834980545817,24.345174093451032,3,1,EF3,CST-6,14-APR-12 19:27:00
380698,2012-04-15T02:00:00+00:00,37.6848,-99.2544,1905.6875,198.14498901367188,294.437744140625,290.498779296875,92078.3125,24.12812042236328,14.815489300900245,26.169542878222973,1,0,EF1,CST-6,14-APR-12 19:40:00
376456,2012-06-05T22:00:00+00:00,46.5378,-110.8578,1686.5,46.67190170288086,292.934814453125,285.2836608886719,81691.125,23.431455612182617,0.2865801672083715,9.879290499951537,1,0,EF1,MST-7,05-JUN-12 14:40:00
376459,2012-06-06T01:00:00+00:00,48.0388,-109.8201,1084.0,,302.083251953125,285.39501953125,87912.5,20.245325088500977,0.4323380485879924,17.945094583590592,0,0,EF0,MST-7,05-JUN-12 18:10:00
380439,2012-05-23T20:00:00+00:00,29.964,-89.9903,2980.8125,54.343868255615234,302.3525390625,295.599609375,100971.1875,34.03141784667969,2.3627259525525877,4.209454128613504,0,0,EF0,CST-6,23-MAY-12 14:07:00
381301,2012-05-01T22:00:00+00:00,39.47,-84.19,736.75,112.31251525878906,296.433349609375,291.3125,98345.875,38.08991622924805,6.6014175337612215,16.590876223670413,0,0,EF0,EST-5,01-MAY-12 17:24:00
395078,2012-05-26T04:00:00+00:00,38.6973,-99.154,3213.625,532.796875,301.31884765625,292.9345703125,93664.0625,31.778831481933594,10.766459891448589,19.20859554385562,1,0,EF1,CST-6,25-MAY-12 21:40:00
380707,2012-04-15T02:00:00+00:00,37.9451,-98.8958,1915.375,114.20748138427734,293.202392578125,290.036865234375,92557.3125,25.52753448486328,15.613657327348337,27.915898507915287,3,1,EF3,CST-6,14-APR-12 20:10:00
386232,2012-05-13T19:00:00+00:00,32.6557,-85.6899,725.25,4.234385013580322,297.694091796875,292.496826171875,99375.8125,33.67464065551758,9.814206910746414,16.531307448780137,0,0,EF0,CST-6,13-MAY-12 13:02:00
380716,2012-04-15T02:00:00+00:00,38.0697,-98.6614,2023.5625,39.86373519897461,293.064697265625,290.573974609375,93016.3125,26.98847198486328,16.513790817762345,28.205012138972936,1,0,EF1,CST-6,14-APR-12 20:23:00
372403,2012-03-24T19:00:00+00:00,29.75,-82.56,1084.5625,48.666324615478516,297.783203125,290.6083984375,101004.0625,35.23587417602539,9.408005935316998,10.148361263924919,0,0,EF0,EST-5,24-MAR-12 13:40:00
371646,2012-05-01T21:00:00+00:00,39.9821,-88.4897,1654.375,3.0329930782318115,295.179443359375,292.140869140625,98510.25,34.089691162109375,10.443106856042004,20.370565000464932,0,0,EF0,CST-6,01-MAY-12 14:59:00
371651,2012-05-01T22:00:00+00:00,40.024,-88.0801,667.625,2.0468900203704834,296.047607421875,292.6796875,98491.875,29.355541229248047,10.02025785534057,22.540714251166165,0,0,EF0,CST-6,01-MAY-12 15:40:00
380718,2012-04-14T22:00:00+00:00,38.1003,-98.7661,3006.625,41.46900939941406,294.747314453125,292.2724609375,93054.375,26.529460906982422,14.180813792069868,22.47450145882029,1,0,EF1,CST-6,14-APR-12 15:35:00
380719,2012-04-14T20:00:00+00:00,38.3149,-99.4108,1639.75,94.81256103515625,296.565673828125,289.2618713378906,92360.875,24.975975036621094,4.96313241258722,15.734444527380855,1,0,EF1,CST-6,14-APR-12 14:24:00
380720,2012-04-14T21:00:00+00:00,38.3496,-99.3607,2110.75,78.59375,297.3720703125,289.93310546875,92241.5,26.22692108154297,5.808873800487804,19.712877376213502,1,0,EF1,CST-6,14-APR-12 14:30:00
380721,2012-04-30T23:00:00+00:00,37.8839,-100.0565,1331.875,8.8126802444458,292.218017578125,288.85693359375,92241.25,28.19489288330078,2.7375773711625913,8.350618737686645,0,0,EF0,CST-6,30-APR-12 16:52:00
380722,2012-04-30T23:00:00+00:00,37.9514,-99.476,1146.5625,34.203304290771484,293.457275390625,288.97412109375,93294.25,30.63043975830078,4.066472511143775,6.811916783682509,0,0,EF0,CST-6,30-APR-12 16:57:00
380723,2012-05-01T00:00:00+00:00,37.5637,-99.4007,679.0625,26.703136444091797,291.81396484375,289.163818359375,92971.8125,29.340866088867188,3.002530629403718,14.163230451910767,0,0,EF0,CST-6,30-APR-12 17:39:00
380724,2012-05-01T00:00:00+00:00,37.6217,-99.2354,821.3125,5.828136444091797,292.04638671875,289.083740234375,93447.8125,32.10160827636719,3.2635854022644235,12.46453597409865,0,0,EF0,CST-6,30-APR-12 18:12:00
380725,2012-04-30T23:00:00+00:00,37.3016,-99.7276,1509.8125,77.85955810546875,294.882080078125,290.01513671875,93483.25,31.53961944580078,4.257533452626186,11.427809482334643,0,0,EF0,CST-6,30-APR-12 16:38:00
374952,2012-04-15T21:00:00+00:00,44.59,-95.89,351.5,3.3594071865081787,289.960693359375,288.901611328125,94511.0625,25.257902145385742,5.44988697499886,19.82635190705508,0,0,EF0,CST-6,15-APR-12 15:11:00
398730,2012-07-14T17:00:00+00:00,37.6864,-75.6668,290.625,12.297102928161621,297.913818359375,295.289794921875,102307.0,51.2502555847168,4.4855908119635775,7.18578930272004,0,0,EF0,EST-5,14-JUL-12 12:08:00
380726,2012-05-01T01:00:00+00:00,37.0471,-99.0761,1581.3125,10.656254768371582,293.169677734375,290.205810546875,94756.5,40.57986068725586,4.680442423640444,12.903957695140402,2,1,EF2,CST-6,30-APR-12 18:45:00
393341,2012-04-15T02:00:00+00:00,37.872,-99.0224,2098.0,81.89498138427734,294.195556640625,290.821044921875,92519.3125,26.59198760986328,15.771215880307576,27.637570562221423,2,1,EF2,CST-6,14-APR-12 20:01:00
396390,2012-06-15T00:00:00+00:00,38.37,-100.23,1345.125,114.23452758789062,306.060546875,292.1533203125,91765.875,37.239559173583984,6.478901470581914,8.749412609075058,0,0,EF0,CST-6,14-JUN-12 18:18:00
374957,2012-04-21T21:00:00+00:00,43.1,-95.12,38.875,,288.99658203125,278.56024169921875,96156.4375,13.043776512145996,1.8045219039392093,16.607319804622538,0,0,EF0,CST-6,21-APR-12 15:27:00
374959,2012-04-21T22:00:00+00:00,43.0,-94.95,119.5,,288.4794921875,279.23193359375,96328.4375,15.025818824768066,1.4555395322775673,16.73597671120813,0,0,EF0,CST-6,21-APR-12 15:43:00
364397,2012-03-22T06:00:00+00:00,30.4961,-89.0199,886.6875,0.2814534902572632,294.42041015625,293.4169921875,101306.25,39.29838180541992,13.513403517673549,14.407423964845732,1,0,EF1,CST-6,21-MAR-12 23:35:00
364471,2012-03-22T10:00:00+00:00,30.47,-88.9093,1017.25,0.7657054662704468,293.125,293.06201171875,101169.375,42.82655715942383,14.323638688691839,17.27073822901646,0,0,EF0,CST-6,22-MAR-12 04:10:00
366419,2012-04-15T03:00:00+00:00,38.212,-98.472,2417.75,62.17198181152344,291.758056640625,290.23919677734375,93431.3125,28.505863189697266,17.662813409408823,27.600937427014824,1,0,EF1,CST-6,14-APR-12 20:45:00
366377,2012-04-14T23:00:00+00:00,38.406,-98.257,2488.125,55.04026794433594,295.105712890625,292.548828125,93874.4375,26.91115951538086,18.773744497017404,20.13524108711182,2,1,EF2,CST-6,14-APR-12 16:33:00
356527,2012-01-23T05:00:00+00:00,38.3299,-88.0765,388.8125,3.4375810623168945,287.283935546875,285.912841796875,98605.625,35.25712203979492,21.807646205985492,27.517417502724143,1,0,EF1,CST-6,22-JAN-12 22:42:00
394328,2012-07-24T21:00:00+00:00,37.62,-114.16,504.625,289.6836853027344,302.13818359375,286.263916015625,83002.0625,23.862075805664062,0.15024985996946968,1.5071163343905263,0,0,EF0,PST-8,24-JUL-12 12:45:00
366383,2012-04-14T23:00:00+00:00,38.523,-98.008,2280.375,58.71214294433594,295.164306640625,292.3876953125,94254.4375,27.46096420288086,14.572510097570868,19.525632126669038,4,1,EF4,CST-6,14-APR-12 17:00:00
366401,2012-04-14T23:00:00+00:00,38.591,-97.923,2280.375,58.71214294433594,295.164306640625,292.3876953125,94254.4375,27.46096420288086,14.572510097570868,19.525632126669038,0,0,EF0,CST-6,14-APR-12 17:09:00
420139,2012-11-09T21:00:00+00:00,36.1104,-119.2886,5.1875,,287.387451171875,276.01983642578125,99485.0,10.75045394897461,1.1167800411198832,9.691876616378085,0,0,EF0,PST-8,09-NOV-12 12:55:00
422089,2012-12-25T22:00:00+00:00,30.839,-89.341,609.125,2.158989906311035,291.2638854980469,290.178955078125,99365.6875,40.18657302856445,20.04711152402423,24.55991418783107,2,1,EF2,CST-6,25-DEC-12 15:45:00
422106,2012-12-25T23:00:00+00:00,31.1057,-88.8411,623.8125,9.609402656555176,291.4080810546875,290.1238098144531,99509.125,39.130550384521484,20.27952085481501,24.846414174624403,1,0,EF1,CST-6,25-DEC-12 16:32:00
377964,2012-06-08T01:00:00+00:00,39.1282,-104.2474,485.5,,296.569580078125,281.4228515625,80775.0625,17.393123626708984,0.3140339393622148,9.319771930092598,1,0,EF1,MST-7,07-JUN-12 18:15:00
372112,2012-05-19T23:00:00+00:00,37.3576,-98.2344,1761.375,108.328125,302.048828125,288.74951171875,95590.25,32.26321792602539,8.740069853832086,12.843520123323447,3,1,EF3,CST-6,19-MAY-12 17:16:00
355660,2012-01-25T20:00:00+00:00,31.0,-93.19,917.0,11.57828140258789,294.7308349609375,291.0863037109375,100049.4375,42.72429656982422,17.615312888300746,19.79354844755692,0,0,EF0,CST-6,25-JAN-12 14:14:00
355698,2012-01-25T22:00:00+00:00,30.26,-93.31,109.1875,46.09379577636719,293.08355712890625,291.70074462890625,100746.9375,41.82797622680664,18.731679327354136,22.080865564404014,1,0,EF1,CST-6,25-JAN-12 16:27:00
370091,2012-05-04T23:00:00+00:00,43.4873,-93.7653,780.375,62.39064025878906,294.194580078125,289.93798828125,96845.0,37.81060791015625,2.090199414926695,12.512797630494365,1,0,EF1,CST-6,04-MAY-12 16:52:00
424537,2012-12-25T18:00:00+00:00,31.2219,-93.1282,706.375,17.360990524291992,290.1035461425781,289.16748046875,99157.375,31.81686782836914,15.233004259055367,25.606531310119664,0,0,EF0,CST-6,25-DEC-12 12:15:00
420088,2012-12-09T22:00:00+00:00,31.0955,-89.3867,288.875,,294.267333984375,293.51885986328125,100301.375,33.08927536010742,9.821749155935665,12.717817589872235,0,0,EF0,CST-6,09-DEC-12 16:15:00
420091,2012-12-09T23:00:00+00:00,31.6266,-89.011,183.625,,293.9247131347656,292.63775634765625,100407.75,32.600013732910156,10.03066183124725,14.328896289817353,0,0,EF0,CST-6,09-DEC-12 17:20:00
416825,2012-12-20T07:00:00+00:00,34.2969,-92.448,314.5625,36.73439025878906,293.06982421875,291.3084411621094,98979.5625,36.46725845336914,20.122852203953993,22.5974030696801,1,0,EF1,CST-6,20-DEC-12 01:25:00
420402,2012-12-09T21:00:00+00:00,36.7928,-90.7268,567.0,0.1311684548854828,290.30230712890625,289.7646484375,98818.875,27.332426071166992,11.459028211325876,21.058385658580548,1,0,EF1,CST-6,09-DEC-12 15:12:00
420473,2012-12-25T22:00:00+00:00,31.5157,-90.228,575.75,74.47148895263672,290.1281433105469,289.129150390625,98488.6875,34.39946365356445,19.931229414799272,28.16215239936972,2,1,EF2,CST-6,25-DEC-12 15:35:00
420574,2012-12-25T22:00:00+00:00,31.474,-89.028,246.75,0.7214897871017456,290.8820495605469,289.268798828125,99197.6875,39.26372146606445,19.00659551496464,23.90677684149253,1,0,EF1,CST-6,25-DEC-12 16:09:00
420577,2012-12-25T23:00:00+00:00,32.228,-88.715,177.0,7.671903133392334,290.0574951171875,288.6072082519531,98673.125,37.142269134521484,17.209475995327676,25.836444887344545,0,0,EF0,CST-6,25-DEC-12 16:35:00
423953,2012-12-10T15:00:00+00:00,30.2621,-90.935,254.125,17.39076805114746,291.8777770996094,291.1653137207031,100881.375,45.102378845214844,11.767240406398397,18.59962028352037,1,0,EF1,CST-6,10-DEC-12 08:50:00
374385,2012-03-03T05:00:00+00:00,32.8666,-85.9669,749.75,61.83473205566406,293.4046936035156,291.73406982421875,98558.375,41.19481658935547,16.985710750434937,21.047925466950353,2,1,EF2,CST-6,02-MAR-12 22:40:00
398929,2012-07-18T20:00:00+00:00,31.1123,-81.4808,1126.5,99.76759338378906,302.748291015625,295.66357421875,101599.625,51.74412155151367,3.559786270524484,0.9240327083221525,0,0,EF0,EST-5,18-JUL-12 14:42:00
364391,2012-03-19T03:00:00+00:00,41.434,-100.7783,988.5625,232.85939025878906,289.93603515625,286.470947265625,89017.25,17.12578582763672,8.059021588568621,22.767438562450227,0,0,EF0,CST-6,18-MAR-12 20:39:00
420321,2012-12-25T19:00:00+00:00,31.502,-91.905,921.6875,1.7660503387451172,290.7562255859375,289.43603515625,99803.3125,35.733123779296875,17.767100037170145,26.25740948385902,1,0,EF1,CST-6,25-DEC-12 13:19:00
363575,2012-01-23T12:00:00+00:00,33.2957,-86.2951,234.0,4.891468524932861,290.0924377441406,288.820068359375,98779.375,38.441978454589844,17.244246010881696,26.442837769682896,0,0,EF0,CST-6,23-JAN-12 05:35:00
416254,2012-12-10T21:00:00+00:00,28.6255,-81.6247,413.625,26.125164031982422,297.9667663574219,295.286865234375,100731.625,46.008827209472656,7.768376217915261,14.629995354993111,0,0,EF0,EST-5,10-DEC-12 16:26:00
416056,2012-12-10T22:00:00+00:00,28.9112,-80.8675,843.125,9.096211433410645,297.6520690917969,295.30743408203125,100937.875,52.23456573486328,10.70735167883789,17.73281996729667,1,0,EF1,EST-5,10-DEC-12 17:25:00
416245,2012-12-10T22:00:00+00:00,28.9386,-80.832,939.0,37.09621047973633,297.1247253417969,295.03009033203125,100994.875,51.19843292236328,9.931727560681196,16.33241669450643,0,0,EF0,EST-5,10-DEC-12 17:29:00
365423,2012-04-15T00:00:00+00:00,38.9581,-97.4283,2136.4375,90.35939025878906,294.7529296875,291.443115234375,95156.75,28.255298614501953,17.776841991842417,17.284769296515517,1,0,EF1,CST-6,14-APR-12 18:05:00
366414,2012-04-15T02:00:00+00:00,38.424,-97.134,1495.0,113.05123138427734,292.870361328125,290.536865234375,95062.3125,33.75019073486328,13.449421111307352,20.96882918152775,1,0,EF1,CST-6,14-APR-12 19:41:00
415928,2012-12-10T14:00:00+00:00,31.01,-90.18,324.6875,1.4715112447738647,292.5931091308594,292.1849365234375,99884.9375,42.25516891479492,12.889870849589022,24.273556392697987,1,0,EF1,CST-6,10-DEC-12 07:52:00
418500,2012-11-30T21:00:00+00:00,36.9478,-118.2294,0.40625,,279.05303955078125,275.9875183105469,77886.875,11.54511833190918,0.7081167235732906,7.095974815678943,0,0,EF0,PST-8,30-NOV-12 12:45:00
369833,2012-04-21T19:00:00+00:00,45.6107,-96.2239,5.0625,,287.344482421875,279.2060546875,97066.75,13.618109703063965,4.126801821713855,11.406908852443783,0,0,EF0,CST-6,21-APR-12 12:39:00
370157,2012-04-06T14:00:00+00:00,26.168,-81.8121,2138.375,0.13024868071079254,297.13372802734375,294.559326171875,101039.75,36.18596267700195,7.344649891142841,13.640149353196417,0,0,EF0,EST-5,06-APR-12 08:43:00
376759,2012-05-29T19:00:00+00:00,44.6965,-72.2609,1799.125,80.66621398925781,298.146728515625,291.2393798828125,95842.125,37.3831787109375,5.797083859962978,14.996326670582944,0,0,EF0,EST-5,29-MAY-12 14:25:00
361469,2012-03-19T23:00:00+00:00,44.1961,-93.6848,199.375,125.42195129394531,295.86669921875,289.0311279296875,96698.375,33.29494094848633,11.761717535591837,18.922838356676213,0,0,EF0,CST-6,19-MAR-12 17:29:00
374733,2012-05-09T20:00:00+00:00,31.41,-110.9386,575.3125,235.5158233642578,293.005126953125,277.78912353515625,86957.25,16.074607849121094,0.38386583603530533,6.843047093690222,0,0,EF0,MST-7,09-MAY-12 13:00:00
375258,2012-06-01T22:00:00+00:00,40.188,-78.5841,137.375,47.531272888183594,290.272216796875,289.69970703125,94772.5625,37.22888946533203,10.145789845122316,19.493349760426604,0,0,EF0,EST-5,01-JUN-12 17:18:00
372581,2012-04-15T03:00:00+00:00,41.17,-92.3392,207.3125,118.53135681152344,291.174072265625,289.52532958984375,97687.3125,35.459964752197266,13.66917590903882,23.756944036207095,1,0,EF1,CST-6,14-APR-12 20:35:00
375252,2012-05-30T23:00:00+00:00,33.9634,-100.2969,960.0,,305.878173828125,290.703369140625,94284.5625,23.36465072631836,4.9621973864862365,10.200579502476469,0,0,EF0,CST-6,30-MAY-12 17:13:00
366427,2012-04-02T16:00:00+00:00,30.8345,-93.7514,1588.0,95.51963806152344,296.5380859375,291.31365966796875,100230.6875,32.83543395996094,9.055150225948129,11.476960923246624,1,0,EF1,CST-6,02-APR-12 09:46:00
366430,2012-04-15T04:00:00+00:00,37.78,-97.06,1617.9375,72.10941314697266,295.98095703125,292.4043884277344,95217.0625,30.257976531982422,14.81594937543304,20.977483839835784,0,0,EF0,CST-6,14-APR-12 21:55:00
366431,2012-04-15T04:00:00+00:00,37.748,-96.943,1617.9375,72.10941314697266,295.98095703125,292.4043884277344,95217.0625,30.257976531982422,14.81594937543304,20.977483839835784,1,0,EF1,CST-6,14-APR-12 21:55:00
366432,2012-04-15T04:00:00+00:00,37.909,-96.742,1464.625,13.187541961669922,293.93994140625,291.7657165527344,95084.0625,30.870281219482422,13.868581372667554,23.13613446951149,0,0,EF0,CST-6,14-APR-12 22:10:00
374005,2012-03-02T20:00:00+00:00,37.5108,-87.7068,716.4375,47.890655517578125,296.662353515625,289.1327819824219,98089.0625,23.671829223632812,22.309187096663994,30.02471886045741,0,0,EF0,CST-6,02-MAR-12 14:06:00
374009,2012-03-02T20:00:00+00:00,37.7242,-87.5804,574.875,23.218782424926758,294.919189453125,289.5820007324219,98133.0625,24.520462036132812,19.976377327593806,29.951821310448807,0,0,EF0,CST-6,02-MAR-12 13:55:00
373447,2012-05-28T00:00:00+00:00,41.8282,-97.6345,1392.625,33.646263122558594,297.80224609375,293.78680419921875,94099.3125,48.18787384033203,5.708753511197401,16.677777058610747,0,0,EF0,CST-6,27-MAY-12 17:30:00
376421,2012-06-10T16:00:00+00:00,31.07,-85.89,1777.75,0.5396590232849121,298.421630859375,296.4084167480469,100859.5625,54.117027282714844,10.410847772924958,14.896047185940823,1,0,EF1,CST-6,10-JUN-12 10:11:00
366433,2012-04-15T04:00:00+00:00,38.606,-98.145,2495.4375,127.26566314697266,291.54248046875,289.8086853027344,93812.0625,29.292156219482422,17.88947539235283,26.76612745314505,1,0,EF1,CST-6,14-APR-12 22:16:00
367575,2012-04-15T00:00:00+00:00,37.53,-98.29,2027.375,10.656268119812012,292.2724609375,289.999755859375,94177.75,36.88811111450195,11.018838335009043,21.868198141412233,0,0,EF0,CST-6,14-APR-12 17:30:00
369787,2012-04-15T18:00:00+00:00,41.5824,-98.83,25.3125,,288.826904296875,276.17626953125,91552.125,12.22463321685791,4.616972070367837,3.9433898980688036,0,0,EF0,CST-6,15-APR-12 11:37:00
369181,2012-05-03T01:00:00+00:00,41.7292,-77.9733,1097.5,6.7031474113464355,289.6494140625,287.708984375,94447.25,33.011573791503906,10.505977214850084,19.156956548341668,0,0,EF0,EST-5,02-MAY-12 20:15:00
378907,2012-06-04T00:00:00+00:00,48.31,-97.19,11.375,,298.577880859375,285.81298828125,97828.625,26.977886199951172,2.759518816339453,11.63648847049583,0,0,EF0,CST-6,03-JUN-12 18:02:00
374293,2012-03-03T03:00:00+00:00,32.5486,-87.1531,793.375,28.01213264465332,293.3248291015625,292.0927734375,99773.9375,40.882144927978516,17.923512117982757,20.226119771026347,1,0,EF1,CST-6,02-MAR-12 21:15:00
366768,2012-04-21T19:00:00+00:00,46.1787,-96.07,149.3125,48.68752670288086,283.497802734375,279.7021484375,96406.75,13.871039390563965,4.100866738125124,9.89172909080133,1,0,EF1,CST-6,21-APR-12 13:11:00
378032,2012-05-22T22:00:00+00:00,48.9832,-103.5922,162.375,19.656251907348633,292.156005859375,286.66510009765625,92369.0625,26.303091049194336,2.587768934079443,10.68295192641514,0,0,EF0,CST-6,22-MAY-12 16:07:00
381206,2012-05-22T23:00:00+00:00,48.34,-102.03,1046.6875,283.0781555175781,293.500732421875,289.5843505859375,92062.3125,27.33844757080078,4.578382683322361,16.06799440057109,0,0,EF0,CST-6,22-MAY-12 17:21:00
369788,2012-04-27T22:00:00+00:00,39.9549,-99.2984,6.6875,51.3282470703125,290.328857421875,287.2095947265625,92720.0625,19.3387451171875,2.6148507634407427,6.339193048764549,0,0,EF0,CST-6,27-APR-12 15:43:00
365826,2012-04-15T22:00:00+00:00,44.71,-94.38,515.625,1.671879768371582,290.373291015625,288.3837890625,95358.5625,27.457202911376953,12.249517082026452,22.838893357913953,0,0,EF0,CST-6,15-APR-12 16:24:00
361450,2012-03-19T23:00:00+00:00,44.1557,-93.6893,199.375,125.42195129394531,295.86669921875,289.0311279296875,96698.375,33.29494094848633,11.761717535591837,18.922838356676213,0,0,EF0,CST-6,19-MAR-12 17:25:00
365153,2012-03-03T02:00:00+00:00,36.5972,-83.4922,414.25,0.8577175140380859,287.5219421386719,285.98443603515625,94829.0625,27.32123374938965,13.18694568648607,25.463983069044,1,0,EF1,EST-5,02-MAR-12 20:50:00
375768,2012-06-11T02:00:00+00:00,34.32,-81.63,202.625,61.82820510864258,295.500732421875,294.505615234375,100239.9375,51.08606719970703,8.792665113435984,9.126934073392174,0,0,EF0,EST-5,10-JUN-12 20:48:00
375770,2012-06-11T18:00:00+00:00,33.5322,-80.6847,1570.0,48.17304992675781,300.003173828125,295.873779296875,101291.0,50.412628173828125,9.98242790118536,6.920577809211731,0,0,EF0,EST-5,11-JUN-12 12:42:00
374331,2012-03-03T03:00:00+00:00,32.5751,-87.0714,876.125,32.66838455200195,293.3287353515625,292.041015625,99634.9375,40.582340240478516,18.387518479005177,20.475717181004814,1,0,EF1,CST-6,02-MAR-12 21:21:00
374294,2012-03-03T04:00:00+00:00,32.7607,-86.3937,799.75,18.348224639892578,293.3387145996094,292.0216064453125,98798.6875,40.72292709350586,18.446038680075226,21.773738597769285,0,0,EF0,CST-6,02-MAR-12 22:11:00
375376,2012-04-27T09:00:00+00:00,38.4809,-102.4927,1145.5,1.484488844871521,288.1591796875,287.3388671875,86248.3125,25.99713134765625,1.2713210788903944,26.998613357150216,2,1,EF2,MST-7,27-APR-12 01:40:00
366364,2012-04-14T22:00:00+00:00,38.27,-98.54,2916.5625,39.90650939941406,294.606689453125,292.236328125,93456.375,26.164226531982422,14.991997540171525,21.233068468459074,0,0,EF0,CST-6,14-APR-12 15:50:00
366365,2012-04-14T22:00:00+00:00,37.72,-98.39,2723.9375,20.703386306762695,294.916259765625,292.564453125,93498.375,27.717937469482422,14.230102422610756,20.36016737551057,0,0,EF0,CST-6,14-APR-12 16:02:00
366366,2012-04-14T18:00:00+00:00,38.832,-98.855,1116.0625,59.60957717895508,295.58349609375,290.396728515625,93455.1875,31.21764373779297,10.966266086926138,12.23806535521094,0,0,EF0,CST-6,14-APR-12 12:23:00
366369,2012-04-14T19:00:00+00:00,38.939,-98.721,898.1875,85.4531478881836,294.107421875,290.4970397949219,93897.125,29.014680862426758,10.660431487922654,12.429367058485418,0,0,EF0,CST-6,14-APR-12 12:34:00
379945,2012-05-01T02:00:00+00:00,36.7998,-97.7172,874.875,68.53817749023438,296.63916015625,290.7789306640625,96948.6875,41.360836029052734,9.79018025103251,13.53056276880278,1,0,EF1,CST-6,30-APR-12 20:10:00
369752,2012-04-14T19:00:00+00:00,39.2733,-98.4922,734.875,31.984397888183594,294.5791015625,291.0175476074219,94421.125,31.499055862426758,13.162122610128321,17.405012225597247,1,0,EF1,CST-6,14-APR-12 13:03:00
365154,2012-03-03T02:00:00+00:00,36.6759,-83.0574,411.125,0.02959252893924713,286.6674499511719,285.14947509765625,93668.0625,26.69135093688965,10.90803374899747,26.001950663994986,1,0,EF1,EST-5,02-MAR-12 21:10:00
374299,2012-03-03T05:00:00+00:00,32.9598,-85.5929,873.25,26.725357055664062,292.6791076660156,291.12274169921875,97763.375,40.18505096435547,16.815506133279573,21.739123997304734,2,1,EF2,CST-6,02-MAR-12 23:06:00
374379,2012-03-03T04:00:00+00:00,32.7246,-86.5361,799.75,18.348224639892578,293.3387145996094,292.0216064453125,98798.6875,40.72292709350586,18.446038680075226,21.773738597769285,2,1,EF2,CST-6,02-MAR-12 22:01:00
375220,2012-05-30T23:00:00+00:00,34.0009,-100.2832,960.0,,305.878173828125,290.703369140625,94284.5625,23.36465072631836,4.9621973864862365,10.200579502476469,0,0,EF0,CST-6,30-MAY-12 16:59:00
375372,2012-04-27T08:00:00+00:00,38.12,-102.77,1257.9375,3.234389066696167,289.767578125,288.671630859375,86871.1875,24.50534439086914,1.6003343126933112,25.18022304200037,2,1,EF2,MST-7,27-APR-12 00:44:00
366370,2012-04-14T19:00:00+00:00,39.05,-98.616,898.1875,85.4531478881836,294.107421875,290.4970397949219,93897.125,29.014680862426758,10.660431487922654,12.429367058485418,0,0,EF0,CST-6,14-APR-12 12:43:00
366402,2012-04-14T23:00:00+00:00,38.612,-97.898,2280.375,58.71214294433594,295.164306640625,292.3876953125,94254.4375,27.46096420288086,14.572510097570868,19.525632126669038,2,1,EF2,CST-6,14-APR-12 17:13:00
366403,2012-04-15T00:00:00+00:00,38.88,-97.502,2052.0625,89.53126525878906,295.0576171875,291.236083984375,95076.75,30.918384552001953,13.949825446154174,17.073930557294698,0,0,EF0,CST-6,14-APR-12 17:50:00
366406,2012-04-15T00:00:00+00:00,37.69,-98.11,1905.1875,23.562519073486328,291.697265625,289.763427734375,94080.75,35.24260330200195,10.016725584340614,20.504663746337727,0,0,EF0,CST-6,14-APR-12 17:55:00
366407,2012-04-15T00:00:00+00:00,37.81,-98.02,1816.5625,10.796893119812012,292.982421875,290.458740234375,94551.75,35.79240798950195,10.911183130753678,19.206992338175038,0,0,EF0,CST-6,14-APR-12 18:10:00
366408,2012-04-15T01:00:00+00:00,38.192,-97.494,1672.5625,41.39067077636719,292.54150390625,290.3465576171875,94785.6875,36.71356964111328,12.197097825290411,17.815204403539386,0,0,EF0,CST-6,14-APR-12 19:03:00
366409,2012-04-15T01:00:00+00:00,38.2,-97.474,1672.5625,41.39067077636719,292.54150390625,290.3465576171875,94785.6875,36.71356964111328,12.197097825290411,17.815204403539386,1,0,EF1,CST-6,14-APR-12 19:05:00
374621,2012-05-28T19:00:00+00:00,27.287,-80.3072,934.25,127.90628814697266,301.633544921875,294.76318359375,101350.4375,43.33396911621094,2.123060036812514,6.255586180316479,0,0,EF0,EST-5,28-MAY-12 13:58:00
377993,2012-06-01T21:00:00+00:00,27.2902,-80.7899,395.75,2.2187273502349854,298.696044921875,296.757080078125,101198.8125,61.721405029296875,6.669957371969579,15.765326618280062,0,0,EF0,EST-5,01-JUN-12 16:13:00
374308,2012-03-03T04:00:00+00:00,32.6217,-86.9112,782.75,53.67634963989258,294.1365661621094,292.7725830078125,99679.6875,41.87136459350586,18.205796620629805,20.741201611373345,1,0,EF1,CST-6,02-MAR-12 21:32:00
375373,2012-04-27T08:00:00+00:00,37.9909,-102.7032,1257.9375,3.234389066696167,289.767578125,288.671630859375,86871.1875,24.50534439086914,1.6003343126933112,25.18022304200037,2,1,EF2,MST-7,27-APR-12 00:49:00
377625,2012-06-07T23:00:00+00:00,41.44,-104.87,892.875,300.9063415527344,291.265380859375,286.0753173828125,80782.8125,18.54083824157715,0.04165417508422675,4.564042176060161,0,0,EF0,MST-7,07-JUN-12 15:33:00
366417,2012-04-15T03:00:00+00:00,37.298,-97.627,2061.8125,128.59385681152344,296.282470703125,292.21575927734375,95261.3125,30.432621002197266,14.862993160938576,21.34594583092679,1,0,EF1,CST-6,14-APR-12 20:32:00
386219,2012-05-30T23:00:00+00:00,33.87,-99.95,922.0,,306.225830078125,290.907470703125,94891.5625,27.28652572631836,6.313675122082645,8.822948182431363,0,0,EF0,CST-6,30-MAY-12 17:27:00
366557,2012-04-21T20:00:00+00:00,45.1554,-95.6947,89.875,,286.7734375,279.559326171875,97174.1875,14.857306480407715,2.393423323447762,10.130362273988686,0,0,EF0,CST-6,21-APR-12 14:28:00
380477,2012-04-14T19:00:00+00:00,37.4075,-99.7438,1735.8125,55.171897888183594,293.6484375,290.0273132324219,91682.125,24.778352737426758,6.053068162006923,16.215567729240988,1,0,EF1,CST-6,14-APR-12 13:24:00
374408,2012-05-08T19:00:00+00:00,27.334,-80.443,220.75,,304.275634765625,290.295654296875,101074.0625,40.174034118652344,1.9302331130638708,3.8990341527692975,0,0,EF0,EST-5,08-MAY-12 14:08:00
360513,2012-03-02T21:00:00+00:00,38.5565,-85.1058,701.0625,27.015647888183594,291.39208984375,288.65374755859375,96922.875,26.151611328125,18.067400679045857,30.360221103111847,1,0,EF1,EST-5,02-MAR-12 16:12:00
374834,2012-06-04T21:00:00+00:00,34.684,-91.786,1198.25,214.44503784179688,303.771728515625,293.47802734375,100124.4375,42.109615325927734,2.5632188744585767,3.5240214655876563,0,0,EF0,CST-6,04-JUN-12 14:45:00
375374,2012-04-27T08:00:00+00:00,38.0303,-102.6005,1257.9375,3.234389066696167,289.767578125,288.671630859375,86871.1875,24.50534439086914,1.6003343126933112,25.18022304200037,2,1,EF2,MST-7,27-APR-12 00:58:00
375375,2012-04-27T09:00:00+00:00,38.4121,-102.5345,1145.5,1.484488844871521,288.1591796875,287.3388671875,86248.3125,25.99713134765625,1.2713210788903944,26.998613357150216,1,0,EF1,MST-7,27-APR-12 01:35:00
377975,2012-06-14T21:00:00+00:00,37.3,-102.67,0.375,,306.107421875,275.227783203125,85693.4375,13.845608711242676,0.6962335837035852,4.529398053472882,0,0,EF0,MST-7,14-JUN-12 13:37:00
377977,2012-06-14T22:00:00+00:00,37.7661,-102.2156,105.125,,307.65673828125,273.469482421875,87788.9375,13.280346870422363,0.23101312241380362,4.358390282014,0,0,EF0,MST-7,14-JUN-12 14:58:00
369741,2012-04-14T23:00:00+00:00,40.2995,-99.6162,1200.5,201.19651794433594,292.119384765625,289.0283203125,91556.4375,21.60549545288086,6.276019522666525,20.597848769141205,0,0,EF0,CST-6,14-APR-12 17:16:00
369742,2012-04-14T19:00:00+00:00,40.0057,-97.9008,1140.0625,2.062523365020752,292.162109375,290.2704772949219,94422.125,32.428741455078125,9.30250967839706,15.196401312110998,0,0,EF0,CST-6,14-APR-12 13:10:00
369743,2012-04-14T20:00:00+00:00,40.1496,-97.6797,427.9375,4.000062942504883,292.719970703125,290.4005432128906,94585.875,31.153709411621094,11.098633186238759,22.381774455665305,0,0,EF0,CST-6,14-APR-12 13:30:00
369745,2012-04-14T20:00:00+00:00,40.2703,-97.3907,430.75,2.921938180923462,291.416259765625,289.5323791503906,94741.875,31.437889099121094,9.89730969341871,19.503835148169518,0,0,EF0,CST-6,14-APR-12 13:56:00
384044,2012-07-17T19:00:00+00:00,27.5215,-80.3856,1772.5,35.96879577636719,300.248046875,295.544189453125,101546.3125,52.575775146484375,1.9316370431441823,7.108883249905649,0,0,EF0,EST-5,17-JUL-12 14:22:00
377039,2012-06-02T23:00:00+00:00,38.78,-102.58,1741.875,163.546875,299.7626953125,282.756103515625,86401.1875,29.02469253540039,0.8087269036983176,8.355936656772734,0,0,EF0,MST-7,02-JUN-12 16:16:00
374110,2012-05-26T00:00:00+00:00,38.82,-99.02,2443.25,295.9062805175781,303.27294921875,293.019287109375,93824.25,33.91872787475586,5.430158006295626,13.672506672196793,0,0,EF0,CST-6,25-MAY-12 17:48:00
366756,2012-03-03T01:00:00+00:00,35.0945,-84.2639,392.75,0.2921467423439026,289.79852294921875,287.3068542480469,93441.6875,26.525861740112305,9.599677373133304,24.715059196707845,2,1,EF2,EST-5,02-MAR-12 19:44:00
375272,2012-03-23T14:00:00+00:00,31.8379,-86.0439,186.3125,119.83304595947266,294.1318359375,292.6207580566406,100364.0,37.11246109008789,8.245034586466028,11.079348917639534,1,0,EF1,CST-6,23-MAR-12 08:26:00
373377,2012-04-30T07:00:00+00:00,37.8278,-93.5659,993.0,34.484439849853516,291.263671875,290.271240234375,98045.8125,39.97902297973633,14.08553487830048,15.068147692828273,0,0,EF0,CST-6,30-APR-12 00:56:00
376464,2012-04-05T17:00:00+00:00,36.299,-89.7481,840.3125,23.843820571899414,291.138427734375,286.955078125,99829.0625,27.03525161743164,2.655180849232771,5.856482918275089,0,0,EF0,CST-6,05-APR-12 10:49:00
378133,2012-06-17T01:00:00+00:00,37.4424,-102.86,828.6875,704.9393920898438,298.300537109375,282.8583984375,85828.5,22.25454330444336,0.12057641429409865,4.479319110831148,0,0,EF0,MST-7,16-JUN-12 18:02:00
369786,2012-04-15T17:00:00+00:00,41.1721,-99.1923,151.25,,287.81494140625,276.216552734375,90931.875,14.917510032653809,0.7844827594241385,5.099033979377775,0,0,EF0,CST-6,15-APR-12 10:48:00
378641,2012-04-07T22:00:00+00:00,32.09,-101.03,1788.375,42.75749969482422,299.189453125,288.14849853515625,93351.375,30.92348289489746,1.0120523809661093,4.756805019185198,0,0,EF0,CST-6,07-APR-12 15:38:00
379114,2012-06-25T02:00:00+00:00,27.6694,-80.8961,518.625,4.968916416168213,298.470703125,296.74798583984375,100883.5625,59.65324020385742,17.248696459723718,17.942059310709507,0,0,EF0,EST-5,24-JUN-12 20:55:00
377985,2012-05-06T22:00:00+00:00,38.7687,-94.4895,2166.125,210.95375061035156,297.09521484375,294.98736572265625,97541.25,35.77032470703125,7.4280892330519395,9.731317456043149,0,0,EF0,CST-6,06-MAY-12 16:15:00
371645,2012-05-06T22:00:00+00:00,38.79,-94.45,2166.125,210.95375061035156,297.09521484375,294.98736572265625,97541.25,35.77032470703125,7.4280892330519395,9.731317456043149,0,0,EF0,CST-6,06-MAY-12 16:17:00
376466,2012-04-05T17:00:00+00:00,36.2993,-89.7007,840.3125,23.843820571899414,291.138427734375,286.955078125,99829.0625,27.03525161743164,2.655180849232771,5.856482918275089,0,0,EF0,CST-6,05-APR-12 10:51:00
377660,2012-04-16T10:00:00+00:00,27.8748,-97.3063,2361.9375,23.51751136779785,293.5908203125,292.906982421875,101194.5625,43.67913818359375,15.582291203091048,14.997637833272233,1,0,EF1,CST-6,16-APR-12 04:23:00
378911,2012-06-04T00:00:00+00:00,46.95,-98.02,2.25,,299.203857421875,287.47998046875,95863.625,25.920269012451172,1.9469526524245488,7.002305570460284,0,0,EF0,CST-6,03-JUN-12 18:16:00
371638,2012-05-06T23:00:00+00:00,38.89,-94.81,2193.375,194.41281127929688,297.2099609375,294.0457763671875,97415.0,39.33171844482422,7.186371308888456,9.223639059403315,0,0,EF0,CST-6,06-MAY-12 17:10:00
371639,2012-05-06T23:00:00+00:00,38.86,-94.83,2193.375,194.41281127929688,297.2099609375,294.0457763671875,97415.0,39.33171844482422,7.186371308888456,9.223639059403315,0,0,EF0,CST-6,06-MAY-12 17:22:00
362592,2012-02-29T22:00:00+00:00,35.9724,-85.8529,885.53125,78.0937728881836,291.91864013671875,289.836181640625,97810.5,32.29909896850586,17.928857873275703,24.9938609165129,1,0,EF1,CST-6,29-FEB-12 15:46:00
361106,2012-03-19T00:00:00+00:00,34.9,-99.6647,444.0625,110.26567840576172,296.07958984375,286.5255432128906,94693.3125,25.66161346435547,10.54031977624186,16.975105615201922,0,0,EF0,CST-6,18-MAR-12 17:50:00
377959,2012-06-08T02:00:00+00:00,39.07,-104.1885,987.125,835.953125,295.72802734375,282.2121887207031,80837.375,19.14406967163086,0.28378705656900716,11.026904375034245,0,0,EF0,MST-7,07-JUN-12 18:38:00
378945,2012-06-04T00:00:00+00:00,48.22,-97.1,11.375,,298.577880859375,285.81298828125,97828.625,26.977886199951172,2.759518816339453,11.63648847049583,1,0,EF1,CST-6,03-JUN-12 18:20:00
378297,2012-04-27T00:00:00+00:00,35.3789,-88.708,827.75,183.50050354003906,301.048583984375,292.4384765625,99495.75,33.89506530761719,6.641211140463682,11.632679416708589,2,1,EF2,CST-6,26-APR-12 17:44:00
380687,2012-04-14T21:00:00+00:00,37.3185,-99.0017,2710.4375,31.171876907348633,297.779296875,292.07177734375,93324.5,28.67125701904297,7.911492343172049,18.009530174444524,0,0,EF0,CST-6,14-APR-12 15:12:00
366556,2012-04-21T20:00:00+00:00,44.319,-95.4135,105.625,54.93756866455078,286.9306640625,279.015380859375,96563.1875,14.314337730407715,1.6606495616839183,14.284780423831698,0,0,EF0,CST-6,21-APR-12 14:23:00
366558,2012-04-21T20:00:00+00:00,45.1055,-95.8077,110.375,106.96881866455078,287.369140625,279.604248046875,97299.1875,15.069220542907715,2.750671838993274,10.405360144611693,0,0,EF0,CST-6,21-APR-12 13:55:00
382733,2012-05-04T20:00:00+00:00,43.65,-95.17,1413.625,29.75010871887207,296.5869140625,290.2969970703125,95996.5,34.62443542480469,2.0497454263716364,9.97872113678702,0,0,EF0,CST-6,04-MAY-12 13:49:00
382730,2012-05-04T19:00:00+00:00,43.61,-95.47,887.25,67.48442077636719,296.63037109375,290.52984619140625,95773.75,33.83437728881836,2.5367192775645044,9.487948497098657,0,0,EF0,CST-6,04-MAY-12 13:25:00
362596,2012-02-29T23:00:00+00:00,36.0887,-85.1102,962.65625,1.2525033950805664,290.76129150390625,288.69207763671875,95476.0,31.881893157958984,13.757357164178007,24.991868817359375,2,1,EF2,CST-6,29-FEB-12 16:30:00
361107,2012-03-19T00:00:00+00:00,34.9934,-99.569,302.25,358.67193603515625,295.72216796875,286.4396057128906,94512.3125,23.50926971435547,10.335154108635226,16.575693505579125,0,0,EF0,CST-6,18-MAR-12 18:10:00
375967,2012-06-02T01:00:00+00:00,39.0559,-76.0045,232.875,29.00005531311035,296.21875,292.7841796875,100468.4375,40.15065002441406,12.732593070475108,11.47719939945241,0,0,EF0,EST-5,01-JUN-12 19:30:00
379948,2012-05-01T03:00:00+00:00,36.81,-97.459,847.625,31.125062942504883,294.326171875,291.5328369140625,97184.625,41.51411437988281,11.446655046385004,18.031589177099356,1,0,EF1,CST-6,30-APR-12 21:07:00
375204,2012-05-30T23:00:00+00:00,34.0114,-100.2839,960.0,,305.878173828125,290.703369140625,94284.5625,23.36465072631836,4.9621973864862365,10.200579502476469,0,0,EF0,CST-6,30-MAY-12 16:55:00
374841,2012-06-03T23:00:00+00:00,48.54,-97.2,14.875,,298.2890625,286.115966796875,97805.4375,26.619447708129883,2.3734716406620295,12.692444632494366,0,0,EF0,CST-6,03-JUN-12 17:07:00
378923,2012-06-03T23:00:00+00:00,48.52,-97.14,14.875,,298.2890625,286.115966796875,97805.4375,26.619447708129883,2.3734716406620295,12.692444632494366,0,0,EF0,CST-6,03-JUN-12 17:16:00
377624,2012-06-07T21:00:00+00:00,42.05,-105.1064,1575.125,1.8906511068344116,290.9150390625,284.9619140625,82010.125,24.379474639892578,0.5171732096678058,3.7328691951695685,2,1,EF2,MST-7,07-JUN-12 14:07:00
384508,2012-06-05T02:00:00+00:00,36.9736,-89.43,1604.25,642.797119140625,299.50439453125,293.92218017578125,99473.5625,46.21535110473633,6.016021193485581,12.012692486596423,2,1,EF2,CST-6,04-JUN-12 19:44:00
374961,2012-05-24T22:00:00+00:00,42.9661,-91.9604,858.25,1.8438310623168945,294.88720703125,292.31396484375,95687.875,39.862945556640625,10.51494624254025,21.456692153690263,1,0,EF1,CST-6,24-MAY-12 15:56:00
373989,2012-03-03T00:00:00+00:00,32.0859,-86.7779,1145.125,8.316859245300293,296.27886962890625,292.83001708984375,99618.4375,36.9029426574707,16.801860276091855,19.97044078898412,1,0,EF1,CST-6,02-MAR-12 17:53:00
375255,2012-06-01T21:00:00+00:00,39.8593,-76.6224,262.875,6.984352111816406,295.637451171875,290.506103515625,98427.8125,39.746795654296875,11.856900968402135,15.987242300097064,0,0,EF0,EST-5,01-JUN-12 15:32:00
366413,2012-04-15T02:00:00+00:00,36.998,-98.069,2093.4375,77.23873138427734,297.423095703125,291.658935546875,95375.3125,30.73456573486328,14.298255354940505,22.577072882613663,1,0,EF1,CST-6,14-APR-12 19:42:00
375369,2012-04-27T02:00:00+00:00,38.78,-104.27,843.0625,492.60943603515625,290.301513671875,280.453857421875,81362.0,19.862377166748047,0.7654789337756166,11.481748849206,0,0,EF0,MST-7,26-APR-12 18:31:00
378790,2012-04-15T00:00:00+00:00,36.506,-98.86,2274.1875,346.9531555175781,297.408203125,290.393310546875,94052.75,34.92033767700195,10.280891310873933,20.480220505527726,1,0,EF1,CST-6,14-APR-12 18:14:00
378760,2012-04-15T00:00:00+00:00,36.5491,-98.829,2494.375,294.0781555175781,297.7685546875,290.682373046875,94604.75,36.76701736450195,11.736158781708925,20.064792439622703,0,0,EF0,CST-6,14-APR-12 18:19:00
378787,2012-04-15T05:00:00+00:00,36.1133,-99.7837,2549.375,21.973697662353516,290.729736328125,288.68896484375,91806.0625,30.495288848876953,14.093326902454288,20.479620889874585,3,1,EF3,CST-6,14-APR-12 22:42:00
378771,2012-04-15T05:00:00+00:00,36.276,-99.604,2604.625,44.520572662353516,291.319580078125,288.71728515625,91760.0625,30.161304473876953,14.01166207623952,19.383071860650624,3,1,EF3,CST-6,14-APR-12 23:05:00
384349,2012-06-03T00:00:00+00:00,39.285,-102.112,1383.125,220.16830444335938,299.8544921875,282.8232421875,87177.5625,34.069114685058594,0.2762723714233242,16.11058663100279,0,0,EF0,MST-7,02-JUN-12 17:06:00
374115,2012-05-26T02:00:00+00:00,38.79,-99.02,2685.75,282.9376220703125,302.511962890625,292.23773193359375,94180.125,42.20336151123047,7.949613477108312,12.55209269055994,0,0,EF0,CST-6,25-MAY-12 19:35:00
374116,2012-05-26T02:00:00+00:00,38.78,-99.02,2685.75,282.9376220703125,302.511962890625,292.23773193359375,94180.125,42.20336151123047,7.949613477108312,12.55209269055994,0,0,EF0,CST-6,25-MAY-12 19:44:00
374117,2012-05-26T03:00:00+00:00,38.856,-98.854,3589.75,204.14036560058594,301.884033203125,293.60498046875,94034.5625,37.22861099243164,11.075106185606685,20.781527025736533,2,1,EF2,CST-6,25-MAY-12 20:40:00
379773,2012-06-25T03:00:00+00:00,28.1035,-80.876,244.125,11.379141807556152,298.32275390625,296.47412109375,100874.5,58.91858673095703,17.725914804602517,18.147806623298024,0,0,EF0,EST-5,24-JUN-12 21:46:00
382751,2012-05-04T21:00:00+00:00,43.09,-95.69,2330.375,9.562541007995605,299.7197265625,290.76837158203125,95935.75,35.531150817871094,1.713906733790785,8.323548124409983,0,0,EF0,CST-6,04-MAY-12 14:50:00
377003,2012-05-10T18:00:00+00:00,29.1098,-97.912,842.5,52.484561920166016,297.810302734375,294.09307861328125,99603.25,42.965171813964844,4.687567796400133,19.08210712420562,0,0,EF0,CST-6,10-MAY-12 12:25:00
377155,2012-06-05T01:00:00+00:00,33.63,-101.27,277.5,55.906402587890625,297.02392578125,291.2366027832031,91467.125,28.863998413085938,1.1292935825508563,8.751259500406757,0,0,EF0,CST-6,04-JUN-12 19:28:00
366415,2012-04-15T02:00:00+00:00,37.155,-97.8,2040.1875,44.87936019897461,296.854736328125,291.780029296875,95200.3125,32.55097198486328,13.630271602920859,23.487349962991022,3,1,EF3,CST-6,14-APR-12 20:10:00
366426,2012-04-15T04:00:00+00:00,38.591,-97.71,2380.125,35.73441696166992,291.24462890625,289.8409118652344,94642.0625,30.229656219482422,19.800336144598337,25.499992541945367,0,0,EF0,CST-6,14-APR-12 21:44:00
366429,2012-04-15T04:00:00+00:00,37.724,-97.049,1617.9375,72.10941314697266,295.98095703125,292.4043884277344,95217.0625,30.257976531982422,14.81594937543304,20.977483839835784,0,0,EF0,CST-6,14-APR-12 21:49:00
375221,2012-05-30T23:00:00+00:00,34.0018,-100.2805,960.0,,305.878173828125,290.703369140625,94284.5625,23.36465072631836,4.9621973864862365,10.200579502476469,0,0,EF0,CST-6,30-MAY-12 17:00:00
378800,2012-05-01T02:00:00+00:00,34.7451,-100.22,2261.875,190.24130249023438,294.57958984375,290.9234619140625,94032.6875,38.356929779052734,7.06200327974488,16.79618296151485,0,0,EF0,CST-6,30-APR-12 19:30:00
387024,2012-05-11T02:00:00+00:00,28.0908,-98.0255,1446.375,65.43111419677734,297.228271484375,293.19647216796875,99962.9375,47.41087341308594,10.506494652126825,16.71531362888538,0,0,EF0,CST-6,10-MAY-12 19:45:00
373783,2012-05-25T00:00:00+00:00,44.8689,-89.8053,126.875,,301.999755859375,286.8551940917969,95309.0625,36.612205505371094,13.501851798009579,20.76739600147997,0,0,EF0,CST-6,24-MAY-12 18:01:00
379496,2012-04-20T23:00:00+00:00,26.4561,-97.7806,673.75,92.07817077636719,296.848876953125,293.804443359375,100761.625,39.97492599487305,3.488343384029829,11.31466596691145,0,0,EF0,CST-6,20-APR-12 16:45:00
378789,2012-04-15T02:00:00+00:00,36.974,-98.112,2174.625,74.97310638427734,297.531494140625,291.464599609375,95187.3125,30.95136260986328,14.351318904445995,23.478486615121458,0,0,EF0,CST-6,14-APR-12 19:37:00
378751,2012-04-14T22:00:00+00:00,36.236,-99.589,2379.625,84.68775939941406,297.109619140625,290.052734375,92198.375,29.872234344482422,9.9400472335703,17.808496234299366,0,0,EF0,CST-6,14-APR-12 16:18:00
385726,2012-05-10T23:00:00+00:00,29.6992,-96.7935,194.9375,92.3594741821289,298.808349609375,291.18292236328125,99773.3125,38.84733581542969,8.460909914927667,15.62653964976408,2,1,EF2,CST-6,10-MAY-12 16:30:00
380011,2012-05-01T07:00:00+00:00,36.8872,-95.094,931.375,12.8750638961792,293.83837890625,291.4671630859375,98315.75,41.51456069946289,14.85203588098764,12.239980842703194,2,1,EF2,CST-6,01-MAY-12 00:30:00
386890,2012-05-28T01:00:00+00:00,45.5922,-92.4596,1308.0,48.57817077636719,296.612060546875,292.4961853027344,96630.5625,40.789955139160156,10.400041736371922,9.929024986225825,0,0,EF0,CST-6,27-MAY-12 19:13:00
360438,2012-02-28T22:00:00+00:00,41.3836,-100.5651,371.5625,11.375202178955078,283.05706787109375,281.0141296386719,89245.9375,15.558557510375977,6.346505700058218,15.418633944903446,0,0,EF0,CST-6,28-FEB-12 16:13:00
366541,2012-02-03T07:00:00+00:00,35.55,-100.7,399.25,5.167229175567627,284.1456298828125,282.8410949707031,90693.0,19.632495880126953,2.6182640632310057,19.20652363738302,1,0,EF1,CST-6,03-FEB-12 00:42:00
378965,2012-05-01T03:00:00+00:00,36.7766,-97.4327,847.625,31.125062942504883,294.326171875,291.5328369140625,97184.625,41.51411437988281,11.446655046385004,18.031589177099356,1,0,EF1,CST-6,30-APR-12 21:25:00
379487,2012-04-21T00:00:00+00:00,26.1202,-97.733,866.1875,95.62875366210938,296.963623046875,293.903564453125,100741.9375,40.23979187011719,1.13074326196277,14.63503554449557,0,0,EF0,CST-6,20-APR-12 17:30:00
378464,2012-04-13T21:00:00+00:00,35.202,-97.5021,1693.5625,239.96876525878906,293.86669921875,291.55413818359375,96815.75,32.0117073059082,4.389418280177523,11.171560920134343,1,0,EF1,CST-6,13-APR-12 15:00:00
387114,2012-05-11T04:00:00+00:00,28.1961,-97.0014,1137.0,79.28125762939453,297.22509765625,294.47900390625,100800.0,49.52180099487305,7.481800296429543,11.33191673839342,0,0,EF0,CST-6,10-MAY-12 22:17:00
387094,2012-05-11T04:00:00+00:00,28.0014,-97.4671,1445.8125,37.32813262939453,295.60009765625,293.69677734375,100657.0,50.19367599487305,8.860154832221665,13.345159373777438,1,0,EF1,CST-6,10-MAY-12 21:30:00
372090,2012-05-19T23:00:00+00:00,37.64,-98.17,1409.5625,174.78125,303.2080078125,286.93408203125,95095.25,28.72513198852539,9.521392038792161,15.989038166419922,0,0,EF0,CST-6,19-MAY-12 16:49:00
372092,2012-05-19T23:00:00+00:00,37.48,-98.37,1751.875,213.828125,303.22265625,283.66650390625,94645.25,25.45462417602539,8.78379644107565,16.309942042640657,1,0,EF1,CST-6,19-MAY-12 16:38:00
372095,2012-05-19T23:00:00+00:00,37.68,-98.23,1545.625,,303.294921875,285.59521484375,94959.25,26.34915542602539,9.541055153024518,18.013911346889397,0,0,EF0,CST-6,19-MAY-12 16:40:00
378463,2012-04-13T21:00:00+00:00,35.1991,-97.5188,1693.5625,239.96876525878906,293.86669921875,291.55413818359375,96815.75,32.0117073059082,4.389418280177523,11.171560920134343,0,0,EF0,CST-6,13-APR-12 14:59:00
378471,2012-04-13T23:00:00+00:00,34.7493,-99.2926,1282.625,8.093775749206543,291.483154296875,290.61993408203125,95514.5625,32.891170501708984,4.516743550684216,23.813392546181735,0,0,EF0,CST-6,13-APR-12 17:14:00
378469,2012-04-13T23:00:00+00:00,34.7595,-99.3051,1282.625,8.093775749206543,291.483154296875,290.61993408203125,95514.5625,32.891170501708984,4.516743550684216,23.813392546181735,0,0,EF0,CST-6,13-APR-12 17:10:00
378473,2012-04-14T00:00:00+00:00,34.8555,-98.87,686.8125,25.828182220458984,290.986083984375,289.544677734375,95629.5625,34.8114013671875,7.05381434243238,19.915719232952835,0,0,EF0,CST-6,13-APR-12 18:27:00
378472,2012-04-14T00:00:00+00:00,34.8598,-98.8575,686.8125,25.828182220458984,290.986083984375,289.544677734375,95629.5625,34.8114013671875,7.05381434243238,19.915719232952835,0,0,EF0,CST-6,13-APR-12 18:25:00
378474,2012-04-14T00:00:00+00:00,34.8495,-98.8949,686.8125,25.828182220458984,290.986083984375,289.544677734375,95629.5625,34.8114013671875,7.05381434243238,19.915719232952835,1,0,EF1,CST-6,13-APR-12 18:28:00
378477,2012-04-14T01:00:00+00:00,34.9032,-98.7722,928.125,55.03129577636719,291.681640625,290.06585693359375,95732.625,35.887664794921875,11.023723151226372,18.84748664519614,0,0,EF0,CST-6,13-APR-12 18:52:00
378479,2012-04-14T02:00:00+00:00,35.0566,-98.6,924.0,71.78315734863281,291.493408203125,289.49822998046875,95612.3125,35.11817169189453,10.663951942566584,16.3052452560184,0,0,EF0,CST-6,13-APR-12 19:36:00
378480,2012-04-14T02:00:00+00:00,34.993,-98.5459,1042.3125,82.92378234863281,291.986572265625,289.70623779296875,95926.3125,35.45410919189453,12.150942202138,14.62698791083205,0,0,EF0,CST-6,13-APR-12 19:42:00
378481,2012-04-14T02:00:00+00:00,35.0198,-98.5594,1042.3125,82.92378234863281,291.986572265625,289.70623779296875,95926.3125,35.45410919189453,12.150942202138,14.62698791083205,0,0,EF0,CST-6,13-APR-12 19:50:00
378642,2012-04-13T22:00:00+00:00,35.39,-96.9967,1063.125,163.1251983642578,296.326904296875,290.94488525390625,97240.75,32.828487396240234,5.2444696707223235,13.300083223915411,0,0,EF0,CST-6,13-APR-12 16:24:00
371652,2012-05-01T22:00:00+00:00,40.0857,-87.635,698.25,1.2343900203704834,296.337646484375,292.8212890625,98599.875,30.422924041748047,8.498056741654766,22.743143815274543,0,0,EF0,CST-6,01-MAY-12 16:18:00
371125,2012-05-13T20:00:00+00:00,34.0922,-107.2772,599.4375,45.2812614440918,294.21875,278.2759704589844,80655.5625,14.869382858276367,0.28149780089277826,2.480238709829138,1,0,EF1,MST-7,13-MAY-12 12:49:00
372097,2012-05-19T23:00:00+00:00,37.47,-98.31,1409.5625,174.78125,303.2080078125,286.93408203125,95095.25,28.72513198852539,9.521392038792161,15.989038166419922,0,0,EF0,CST-6,19-MAY-12 16:45:00
378518,2012-04-14T06:00:00+00:00,35.4103,-97.726,777.5,390.53131103515625,293.6845703125,289.873046875,96449.9375,34.03876495361328,16.262471498095394,9.229507829829002,1,0,EF1,CST-6,13-APR-12 23:52:00
390985,2012-07-05T22:00:00+00:00,34.03,-106.87,396.625,82.6329116821289,300.6650390625,286.584228515625,82787.875,31.243797302246094,0.14129642762130512,1.8627770145190898,0,0,EF0,MST-7,05-JUL-12 14:36:00
387526,2012-07-30T15:00:00+00:00,35.8118,-75.5487,1216.375,23.8289794921875,298.1796875,295.5821838378906,101690.0,41.242618560791016,1.2732125661561402,4.509273090274258,0,0,EF0,EST-5,30-JUL-12 09:40:00
372100,2012-05-19T23:00:00+00:00,37.43,-98.24,1409.5625,174.78125,303.2080078125,286.93408203125,95095.25,28.72513198852539,9.521392038792161,15.989038166419922,0,0,EF0,CST-6,19-MAY-12 17:02:00
372103,2012-05-19T23:00:00+00:00,37.4322,-98.1943,1409.5625,174.78125,303.2080078125,286.93408203125,95095.25,28.72513198852539,9.521392038792161,15.989038166419922,0,0,EF0,CST-6,19-MAY-12 17:12:00
372114,2012-05-20T00:00:00+00:00,37.27,-98.22,1270.125,244.288330078125,299.444091796875,290.208984375,95684.6875,31.34848403930664,9.08513621449412,14.476483844715284,3,1,EF3,CST-6,19-MAY-12 17:33:00
372116,2012-05-20T00:00:00+00:00,37.3855,-98.1409,1270.125,244.288330078125,299.444091796875,290.208984375,95684.6875,31.34848403930664,9.08513621449412,14.476483844715284,3,1,EF3,CST-6,19-MAY-12 17:30:00
379985,2012-04-30T02:00:00+00:00,36.577,-96.5783,1542.9375,98.24029541015625,293.040283203125,291.5155334472656,97974.875,40.237144470214844,8.394944519440344,13.503402894201166,1,0,EF1,CST-6,29-APR-12 19:57:00
387090,2012-05-11T03:00:00+00:00,27.7528,-97.4795,1658.75,42.171974182128906,298.36669921875,295.2698974609375,100559.375,47.60102081298828,9.196667411449775,14.157219388652987,0,0,EF0,CST-6,10-MAY-12 21:20:00
385926,2012-05-10T18:00:00+00:00,27.4215,-97.9125,1906.75,17.312686920166016,301.374755859375,296.50128173828125,100486.25,42.299156188964844,3.9408267290120036,12.37270910145027,0,0,EF0,CST-6,10-MAY-12 11:40:00
373723,2012-05-29T18:00:00+00:00,29.0348,-82.7569,1075.125,0.8907724022865295,298.806640625,296.4563293457031,101098.5,51.6894645690918,7.639157703001886,8.2440610023114,0,0,EF0,EST-5,29-MAY-12 13:13:00
369013,2012-05-01T21:00:00+00:00,38.6071,-85.364,1247.0625,146.65798950195312,298.818115234375,293.921142578125,98873.25,34.232269287109375,5.2655614515202664,17.03212179176912,0,0,EF0,EST-5,01-MAY-12 15:45:00
379940,2012-04-15T11:00:00+00:00,36.3233,-96.0682,947.8125,285.2467041015625,293.289794921875,290.48382568359375,97613.125,34.01300811767578,15.864852842504765,22.163086842120332,1,0,EF1,CST-6,15-APR-12 04:49:00
379974,2012-04-15T14:00:00+00:00,35.7847,-94.926,1423.375,234.6246337890625,293.23583984375,292.072509765625,97590.6875,38.654396057128906,15.49947741432454,25.49055945856065,1,0,EF1,CST-6,15-APR-12 08:22:00
379975,2012-04-15T15:00:00+00:00,35.8991,-94.8073,1142.125,198.5469207763672,293.655029296875,291.5283203125,97075.0625,37.50910568237305,14.778325984200126,24.524401017784,0,0,EF0,CST-6,15-APR-12 08:35:00
379977,2012-04-15T15:00:00+00:00,35.9009,-94.8047,1142.125,198.5469207763672,293.655029296875,291.5283203125,97075.0625,37.50910568237305,14.778325984200126,24.524401017784,0,0,EF0,CST-6,15-APR-12 08:36:00
386716,2012-05-10T21:00:00+00:00,28.65,-98.0247,1407.75,55.796913146972656,302.228271484375,292.7076416015625,99646.4375,39.11333465576172,5.700789292726335,12.440089263392025,0,0,EF0,CST-6,10-MAY-12 14:58:00
386741,2012-05-10T21:00:00+00:00,28.6756,-98.022,1370.0,39.937538146972656,301.489990234375,291.9449462890625,99478.4375,39.92876434326172,6.051923769873676,12.664399452508277,0,0,EF0,CST-6,10-MAY-12 15:02:00
379995,2012-05-01T01:00:00+00:00,36.7132,-95.712,1239.125,124.60938262939453,297.536865234375,291.507568359375,98265.5,36.08669662475586,9.271827407315074,10.113479228375201,0,0,EF0,CST-6,30-APR-12 19:10:00
379998,2012-05-01T01:00:00+00:00,36.6982,-95.7093,1239.125,124.60938262939453,297.536865234375,291.507568359375,98265.5,36.08669662475586,9.271827407315074,10.113479228375201,1,0,EF1,CST-6,30-APR-12 19:12:00
380000,2012-05-01T01:00:00+00:00,36.7386,-95.692,1239.125,124.60938262939453,297.536865234375,291.507568359375,98265.5,36.08669662475586,9.271827407315074,10.113479228375201,0,0,EF0,CST-6,30-APR-12 19:25:00
380005,2012-05-01T02:00:00+00:00,36.7437,-95.6296,785.875,232.97567749023438,296.84423828125,291.3648681640625,98284.6875,37.691890716552734,10.396353864302238,9.49056865885289,0,0,EF0,CST-6,30-APR-12 19:33:00
378953,2012-05-01T01:00:00+00:00,36.8533,-97.9062,1430.0625,98.09375762939453,297.676513671875,291.456787109375,96663.5,40.79470443725586,9.91316062866068,12.910992630034098,1,0,EF1,CST-6,30-APR-12 19:13:00
368031,2012-04-27T00:00:00+00:00,35.931,-86.8954,1067.25,237.29737854003906,298.863037109375,294.3681640625,98634.75,30.794479370117188,9.054284549867415,17.450347611520044,0,0,EF0,CST-6,26-APR-12 18:00:00
378950,2012-05-01T01:00:00+00:00,36.703,-98.216,1398.8125,61.734378814697266,297.207763671875,291.815185546875,96532.5,41.59841537475586,8.457727432206726,15.034249518891293,0,0,EF0,CST-6,30-APR-12 18:40:00
386995,2012-05-11T00:00:00+00:00,28.0788,-98.328,1187.125,56.54690933227539,299.162841796875,294.37249755859375,99283.5625,43.061588287353516,8.211087691863018,15.277857934728978,0,0,EF0,CST-6,10-MAY-12 18:14:00
382740,2012-05-04T20:00:00+00:00,43.04,-96.2,1917.5,19.62510871887207,297.6435546875,290.1719970703125,96178.5,36.05119323730469,1.8467913842736157,8.225402911719263,0,0,EF0,CST-6,04-MAY-12 14:15:00
370177,2012-05-04T21:00:00+00:00,43.7,-94.73,1040.875,6.953165531158447,297.7587890625,290.93243408203125,96671.75,35.126853942871094,2.1656004038342336,11.961414937610906,0,0,EF0,CST-6,04-MAY-12 14:45:00
380007,2012-05-01T02:00:00+00:00,36.7885,-95.5027,714.375,250.99130249023438,296.81494140625,291.3092041015625,98285.6875,36.227046966552734,9.997683733848971,9.263306088440727,1,0,EF1,CST-6,30-APR-12 19:59:00
373011,2012-04-26T01:00:00+00:00,40.45,-91.842,498.625,129.93756103515625,296.396728515625,291.771240234375,97534.4375,22.808385848999023,5.927642570524319,15.53955738141144,1,0,EF1,CST-6,25-APR-12 19:05:00
379842,2012-03-29T23:00:00+00:00,26.5939,-97.6976,1123.1875,281.2344665527344,298.60986328125,296.47991943359375,100663.0625,41.262298583984375,1.3526619895210812,7.918486791980749,0,0,EF0,CST-6,29-MAR-12 17:18:00
378949,2012-05-01T01:00:00+00:00,36.6631,-98.2242,1398.8125,61.734378814697266,297.207763671875,291.815185546875,96532.5,41.59841537475586,8.457727432206726,15.034249518891293,0,0,EF0,CST-6,30-APR-12 18:34:00
378956,2012-05-01T02:00:00+00:00,36.7947,-97.7492,874.875,68.53817749023438,296.63916015625,290.7789306640625,96948.6875,41.360836029052734,9.79018025103251,13.53056276880278,1,0,EF1,CST-6,30-APR-12 20:06:00
387012,2012-05-11T08:00:00+00:00,26.1367,-97.6165,2476.125,30.141902923583984,297.562255859375,295.4161376953125,100497.25,52.71626281738281,9.132369709038162,13.057471884804821,0,0,EF0,CST-6,11-MAY-12 02:15:00
386764,2012-05-10T21:00:00+00:00,28.4035,-98.2557,1545.375,42.562538146972656,303.177490234375,294.0523681640625,99603.4375,38.10747528076172,5.50076292515132,12.916382462432972,0,0,EF0,CST-6,10-MAY-12 15:10:00
371083,2012-05-09T20:00:00+00:00,29.2206,-90.0237,1207.375,62.92207336425781,298.088134765625,294.90240478515625,101146.25,37.555076599121094,4.363706774567958,12.190760427056153,1,0,EF1,CST-6,09-MAY-12 13:40:00
386041,2012-05-10T19:00:00+00:00,28.62,-98.169,1422.0,21.765684127807617,301.494140625,293.34423828125,99865.5,39.97123718261719,4.239699358119855,13.680245968362426,0,0,EF0,CST-6,10-MAY-12 13:08:00
380008,2012-05-01T06:00:00+00:00,36.6843,-95.7808,1133.625,93.5937728881836,294.99267578125,292.214111328125,98310.3125,42.31325149536133,15.521982777919211,12.360932592920127,1,0,EF1,CST-6,30-APR-12 23:42:00
418737,2012-05-01T03:00:00+00:00,36.9444,-95.349,805.0,201.67193603515625,295.2978515625,291.7926025390625,98155.625,38.59516906738281,11.48854765461169,11.153083346767618,0,0,EF0,CST-6,30-APR-12 21:05:00
379720,2012-04-14T21:00:00+00:00,36.597,-99.408,1611.75,113.53125,300.609375,287.93798828125,92758.5,26.06481170654297,6.670487377423673,13.211508831152988,1,0,EF1,CST-6,14-APR-12 15:00:00
370942,2012-04-09T23:00:00+00:00,36.2686,-99.2726,661.53125,121.53130340576172,295.8984375,287.75494384765625,94749.0625,24.810745239257812,3.929475172389464,10.613654790513106,1,0,EF1,CST-6,09-APR-12 17:06:00
378958,2012-05-01T02:00:00+00:00,36.7058,-98.0053,1068.0,21.53818130493164,295.97119140625,290.7427978515625,96684.6875,42.114742279052734,9.158916844817414,15.328253360224153,1,0,EF1,CST-6,30-APR-12 20:29:00
385990,2012-05-10T15:00:00+00:00,28.526,-99.3947,716.375,2.404447555541992,295.044189453125,293.8782958984375,99231.8125,41.83981704711914,11.375278918493464,15.104513438955234,0,0,EF0,CST-6,10-MAY-12 08:46:00
380171,2012-06-25T01:00:00+00:00,28.4849,-81.6609,324.5,1.4843933582305908,298.36279296875,297.02001953125,100349.4375,66.17513275146484,18.773190557504964,26.78829118180667,0,0,EF0,EST-5,24-JUN-12 19:59:00
383794,2012-05-04T02:00:00+00:00,41.1355,-91.67,1337.5,14.640771865844727,296.770263671875,292.33538818359375,98555.0,41.913536071777344,5.520106933617004,13.531430768785615,2,1,EF2,CST-6,03-MAY-12 19:40:00
385435,2012-05-08T13:00:00+00:00,27.7364,-97.3628,1614.625,58.35945129394531,297.799072265625,295.10662841796875,100985.5,40.34684753417969,6.596883642768954,4.683911864800905,0,0,EF0,CST-6,08-MAY-12 07:15:00
379276,2012-04-07T22:00:00+00:00,32.09,-101.05,1788.375,42.75749969482422,299.189453125,288.14849853515625,93351.375,30.92348289489746,1.0120523809661093,4.756805019185198,0,0,EF0,CST-6,07-APR-12 15:48:00
379277,2012-04-08T00:00:00+00:00,31.69,-101.13,1397.25,83.07818603515625,296.378662109375,288.72918701171875,92976.9375,33.63934326171875,2.21512286411247,9.426924097225333,0,0,EF0,CST-6,07-APR-12 18:12:00
379278,2012-04-08T01:00:00+00:00,31.65,-101.2,1018.625,48.28172302246094,297.501953125,289.86724853515625,93155.6875,33.75676727294922,3.4385969804627585,9.083918462455525,0,0,EF0,CST-6,07-APR-12 18:42:00
379978,2012-04-15T15:00:00+00:00,35.9055,-94.7972,1077.4375,120.20317840576172,294.013427734375,291.0419921875,96849.0625,36.78937911987305,14.436668153134733,24.964721713170412,0,0,EF0,CST-6,15-APR-12 08:37:00
378745,2012-04-14T21:00:00+00:00,36.5291,-99.519,1611.75,113.53125,300.609375,287.93798828125,92758.5,26.06481170654297,6.670487377423673,13.211508831152988,0,0,EF0,CST-6,14-APR-12 14:49:00
378746,2012-04-14T21:00:00+00:00,36.591,-99.413,1611.75,113.53125,300.609375,287.93798828125,92758.5,26.06481170654297,6.670487377423673,13.211508831152988,0,0,EF0,CST-6,14-APR-12 14:59:00
378747,2012-04-14T22:00:00+00:00,36.8243,-99.1631,3080.625,125.48463439941406,298.275634765625,291.0849609375,93283.375,30.667156219482422,12.102342587311187,18.570219796254182,0,0,EF0,CST-6,14-APR-12 15:33:00
379497,2012-04-09T23:00:00+00:00,36.2198,-99.1827,661.53125,121.53130340576172,295.8984375,287.75494384765625,94749.0625,24.810745239257812,3.929475172389464,10.613654790513106,0,0,EF0,CST-6,09-APR-12 17:27:00
387098,2012-05-11T04:00:00+00:00,28.1392,-97.2858,1458.625,29.09375762939453,296.68310546875,294.47216796875,100783.0,50.09601974487305,7.47478304369388,12.025443250523617,0,0,EF0,CST-6,10-MAY-12 21:52:00
379941,2012-05-27T22:00:00+00:00,41.4747,-98.4672,2068.625,35.53141784667969,299.177734375,293.1094055175781,93164.25,38.97373580932617,3.572996595087203,13.521383224015564,0,0,EF0,CST-6,27-MAY-12 16:23:00
386081,2012-05-10T19:00:00+00:00,28.6276,-98.2782,1422.0,21.765684127807617,301.494140625,293.34423828125,99865.5,39.97123718261719,4.239699358119855,13.680245968362426,0,0,EF0,CST-6,10-MAY-12 13:04:00
383913,2012-05-22T02:00:00+00:00,35.3109,-102.7302,571.375,102.5427474975586,294.7978515625,288.328857421875,88499.3125,29.77570152282715,0.4054900292046226,12.737304185042857,0,0,EF0,CST-6,21-MAY-12 19:37:00
384957,2012-05-31T00:00:00+00:00,31.41,-99.75,1424.9375,204.9693603515625,301.66796875,293.30181884765625,94565.375,33.046085357666016,3.6040009007576166,19.04521949543311,0,0,EF0,CST-6,30-MAY-12 18:20:00
380169,2012-04-16T14:00:00+00:00,27.2504,-97.7776,2173.125,285.5782165527344,295.197998046875,294.0859069824219,101277.0,45.93577575683594,8.709104421910906,9.739233832860593,0,0,EF0,CST-6,16-APR-12 07:37:00
365701,2012-04-14T22:00:00+00:00,40.5064,-96.0663,707.8125,9.250261306762695,290.564697265625,290.01171875,96107.375,36.67203903198242,7.083503719517725,24.953126554582642,0,0,EF0,CST-6,14-APR-12 16:08:00
376838,2012-06-13T04:00:00+00:00,33.9607,-103.3363,1176.375,283.859375,293.816162109375,290.0716552734375,87496.9375,26.668495178222656,0.1433321377831853,12.050486126644241,0,0,EF0,MST-7,12-JUN-12 21:07:00
376837,2012-06-13T03:00:00+00:00,34.2418,-103.5309,1555.75,51.5626106262207,295.6318359375,289.9014892578125,87070.125,29.11895751953125,0.04610299755105697,12.767757825087273,1,0,EF1,MST-7,12-JUN-12 20:07:00
376308,2012-05-03T03:00:00+00:00,40.3505,-97.7847,4183.0,171.2349395751953,296.188232421875,290.21881103515625,94867.375,37.965614318847656,9.392289179304548,19.45774826709517,1,0,EF1,CST-6,02-MAY-12 21:06:00
380991,2012-05-30T15:00:00+00:00,34.73,-77.1,373.375,13.109428405761719,295.271240234375,293.80645751953125,100258.875,56.48923110961914,9.269130524616877,7.028357446099352,1,0,EF1,EST-5,30-MAY-12 09:34:00
383802,2012-05-04T02:00:00+00:00,41.1633,-91.6201,1285.875,23.375146865844727,297.022216796875,292.46429443359375,98475.0,39.341270446777344,5.818006243087915,14.19926016463814,2,1,EF2,CST-6,03-MAY-12 19:50:00
384878,2012-05-01T23:00:00+00:00,40.0128,-87.1888,1226.625,1.0694319009780884,294.067626953125,292.16455078125,98559.25,31.91869354248047,9.398697852366489,22.82000988362198,0,0,EF0,EST-5,01-MAY-12 17:57:00
378785,2012-04-14T22:00:00+00:00,36.275,-99.571,2379.625,84.68775939941406,297.109619140625,290.052734375,92198.375,29.872234344482422,9.9400472335703,17.808496234299366,0,0,EF0,CST-6,14-APR-12 16:24:00
378786,2012-04-14T23:00:00+00:00,36.5219,-99.1082,2780.9375,177.30589294433594,296.844970703125,291.0419921875,93284.4375,34.65627670288086,13.086722212739284,18.530922021609836,0,0,EF0,CST-6,14-APR-12 17:15:00
378753,2012-04-15T00:00:00+00:00,36.512,-98.9938,2274.1875,346.9531555175781,297.408203125,290.393310546875,94052.75,34.92033767700195,10.280891310873933,20.480220505527726,0,0,EF0,CST-6,14-APR-12 17:51:00
378759,2012-04-15T00:00:00+00:00,36.4735,-98.9175,2274.1875,346.9531555175781,297.408203125,290.393310546875,94052.75,34.92033767700195,10.280891310873933,20.480220505527726,0,0,EF0,CST-6,14-APR-12 18:06:00
374447,2012-05-06T22:00:00+00:00,40.4572,-87.7268,1065.5,163.26625061035156,296.55517578125,291.55474853515625,98692.25,29.81134033203125,5.769752427986692,9.82737540396514,0,0,EF0,CST-6,06-MAY-12 16:18:00
386033,2012-05-10T19:00:00+00:00,28.5864,-98.2658,1422.0,21.765684127807617,301.494140625,293.34423828125,99865.5,39.97123718261719,4.239699358119855,13.680245968362426,0,0,EF0,CST-6,10-MAY-12 12:46:00
386714,2012-05-10T21:00:00+00:00,28.6193,-98.035,1407.75,55.796913146972656,302.228271484375,292.7076416015625,99646.4375,39.11333465576172,5.700789292726335,12.440089263392025,0,0,EF0,CST-6,10-MAY-12 14:56:00
384893,2012-05-02T00:00:00+00:00,39.9679,-86.7835,942.625,4.140983581542969,292.60400390625,290.56170654296875,98026.8125,32.98062515258789,9.577678508003501,24.027906357763037,1,0,EF1,EST-5,01-MAY-12 18:36:00
384895,2012-05-01T19:00:00+00:00,39.333,-87.1948,561.375,84.3125991821289,294.515869140625,293.12255859375,99247.1875,36.3925666809082,5.731229171505927,16.85014343689121,0,0,EF0,EST-5,01-MAY-12 13:33:00
386213,2012-05-30T01:00:00+00:00,35.6236,-97.7984,2322.125,180.3787078857422,303.1728515625,291.6541748046875,96675.0,44.08774185180664,7.991679534726556,7.140905431553304,1,0,EF1,CST-6,29-MAY-12 19:26:00
378766,2012-04-15T01:00:00+00:00,36.59,-98.6997,2246.875,153.8125457763672,297.82763671875,290.5858154296875,94470.6875,30.26142120361328,12.692337630972185,23.801887698170077,0,0,EF0,CST-6,14-APR-12 18:30:00
378768,2012-04-15T01:00:00+00:00,36.7807,-98.3883,2215.5,104.96879577636719,297.92236328125,290.6170654296875,95060.6875,32.82294464111328,13.561329568607045,24.291338721901244,0,0,EF0,CST-6,14-APR-12 18:57:00
378767,2012-04-15T01:00:00+00:00,36.6946,-98.5168,2215.5,104.96879577636719,297.92236328125,290.6170654296875,95060.6875,32.82294464111328,13.561329568607045,24.291338721901244,1,0,EF1,CST-6,14-APR-12 18:47:00
378788,2012-04-15T01:00:00+00:00,36.8893,-98.2516,2110.625,78.67192077636719,298.02783203125,290.6278076171875,95436.6875,34.07392120361328,13.706489581486275,24.41148730870764,1,0,EF1,CST-6,14-APR-12 19:19:00
386075,2012-05-10T19:00:00+00:00,28.647,-98.099,1422.0,21.765684127807617,301.494140625,293.34423828125,99865.5,39.97123718261719,4.239699358119855,13.680245968362426,0,0,EF0,CST-6,10-MAY-12 13:20:00
384753,2012-07-18T00:00:00+00:00,39.521,-101.495,64.25,,307.445068359375,285.34906005859375,89169.9375,30.780269622802734,0.026263260703704862,5.4612939110347805,0,0,EF0,MST-7,17-JUL-12 16:50:00
375090,2012-05-31T00:00:00+00:00,34.0393,-100.4535,643.875,,304.9970703125,290.78326416015625,93642.375,16.345890045166016,4.191608986533451,16.983901100154466,0,0,EF0,CST-6,30-MAY-12 18:14:00
360884,2012-02-28T22:00:00+00:00,41.3935,-100.5561,371.5625,11.375202178955078,283.05706787109375,281.0141296386719,89245.9375,15.558557510375977,6.346505700058218,15.418633944903446,0,0,EF0,CST-6,28-FEB-12 16:15:00
386002,2012-02-03T07:00:00+00:00,35.619,-100.579,410.75,12.214103698730469,284.5401611328125,283.6164855957031,91582.0,20.777027130126953,5.450510067822898,19.601634061455897,0,0,EF0,CST-6,03-FEB-12 00:55:00
386003,2012-02-03T07:00:00+00:00,35.64,-100.54,410.75,12.214103698730469,284.5401611328125,283.6164855957031,91582.0,20.777027130126953,5.450510067822898,19.601634061455897,0,0,EF0,CST-6,03-FEB-12 01:00:00
386216,2012-05-30T02:00:00+00:00,35.384,-97.99,2187.3125,410.890625,299.413330078125,293.0924072265625,96444.5625,44.03789138793945,12.718275655392798,13.889987415291719,0,0,EF0,CST-6,29-MAY-12 20:15:00
391636,2012-06-01T23:00:00+00:00,37.1791,-77.3817,143.125,106.40631866455078,293.86962890625,292.532470703125,99995.5,44.395973205566406,11.959710029223174,15.231414625446652,0,0,EF0,EST-5,01-JUN-12 18:02:00
368744,2012-05-01T22:00:00+00:00,45.562,-95.0622,94.75,40.87501525878906,294.582763671875,288.154296875,95536.875,28.411205291748047,4.433612874258575,15.645624713847553,0,0,EF0,CST-6,01-MAY-12 15:56:00
368743,2012-05-01T22:00:00+00:00,45.58,-95.25,110.625,95.25001525878906,296.070068359375,287.7666015625,95533.875,27.703197479248047,3.8222382938486312,13.953944593737395,0,0,EF0,CST-6,01-MAY-12 15:48:00
391806,2012-06-01T23:00:00+00:00,39.688,-78.376,193.6875,2.4531972408294678,291.96923828125,290.442626953125,96185.5,40.159645080566406,8.651175740426819,19.250731652138313,1,0,EF1,EST-5,01-JUN-12 17:31:00
395200,2012-06-02T01:00:00+00:00,37.3125,-76.0192,472.125,218.03131103515625,296.603515625,294.7568359375,100721.4375,44.62232971191406,10.89263270632182,14.420508959344195,0,0,EF0,EST-5,01-JUN-12 20:08:00
395074,2012-05-26T04:00:00+00:00,38.6672,-99.14,3213.625,532.796875,301.31884765625,292.9345703125,93664.0625,31.778831481933594,10.766459891448589,19.20859554385562,0,0,EF0,CST-6,25-MAY-12 21:35:00
390657,2012-07-22T03:00:00+00:00,48.82,-103.01,1726.625,71.21556091308594,295.7802734375,287.25439453125,93549.75,33.400169372558594,7.190893563542932,12.020133042503781,0,0,EF0,CST-6,21-JUL-12 21:10:00
393854,2012-07-18T20:00:00+00:00,41.01,-102.07,112.0,,308.443603515625,283.53466796875,89270.625,19.193340301513672,0.16601783224722055,4.087304217559889,0,0,EF0,MST-7,18-JUL-12 13:00:00
387559,2012-06-09T00:00:00+00:00,46.78,-88.03,594.875,61.89067840576172,292.950439453125,292.5633239746094,96853.6875,29.555282592773438,11.365519938802395,18.724724940741645,1,0,EF1,EST-5,08-JUN-12 19:13:00
393570,2012-06-13T02:00:00+00:00,32.3939,-102.8142,330.0,674.6068725585938,302.9921875,290.5820617675781,90223.1875,32.65882873535156,1.044979611551288,10.266355156952555,1,0,EF1,CST-6,12-JUN-12 19:58:00
391779,2012-06-01T22:00:00+00:00,39.487,-76.393,74.875,21.843772888183594,295.268310546875,292.34619140625,99370.5625,40.42713165283203,12.062365030324386,16.11574098974501,1,0,EF1,EST-5,01-JUN-12 16:56:00
368799,2012-03-03T00:00:00+00:00,37.801,-82.6769,348.875,6.551234722137451,290.24371337890625,286.55462646484375,96384.4375,29.577747344970703,15.138621999368404,28.248959346315747,2,1,EF2,EST-5,02-MAR-12 19:25:00
391802,2012-06-01T23:00:00+00:00,39.098,-76.744,202.375,59.26569747924805,296.07666015625,293.116455078125,99986.5,41.026832580566406,11.337208132094792,13.97040661695564,0,0,EF0,EST-5,01-JUN-12 18:06:00
410374,2012-10-12T23:00:00+00:00,35.63,-105.6684,125.875,,287.214599609375,276.44287109375,77433.25,12.549616813659668,0.2843233056873249,11.809670058728425,0,0,EF0,MST-7,12-OCT-12 16:08:00
395450,2012-06-25T18:00:00+00:00,37.843,-77.998,16.75,,302.52099609375,288.46533203125,99415.9375,32.51995086669922,3.0782532451413935,9.189785607529236,0,0,EF0,EST-5,25-JUN-12 13:25:00
386804,2012-07-26T19:00:00+00:00,41.7913,-78.0053,2457.375,65.53128051757812,300.4267578125,293.10400390625,93373.8125,46.36930847167969,3.646631974736816,17.36206803777711,0,0,EF0,EST-5,26-JUL-12 14:15:00
384951,2012-05-31T00:00:00+00:00,31.5789,-99.863,1508.3125,,304.7421875,290.38482666015625,94362.375,32.822452545166016,3.166719696774837,19.113918933815803,0,0,EF0,CST-6,30-MAY-12 17:38:00
384948,2012-05-31T00:00:00+00:00,31.53,-99.8411,1508.3125,,304.7421875,290.38482666015625,94362.375,32.822452545166016,3.166719696774837,19.113918933815803,0,0,EF0,CST-6,30-MAY-12 17:47:00
389378,2012-07-29T23:00:00+00:00,30.23,-84.4,2915.25,135.4687957763672,302.248046875,298.1669616699219,101185.125,53.29630661010742,7.296169393472753,4.452542546079909,1,0,EF1,EST-5,29-JUL-12 17:40:00
359691,2012-02-29T11:00:00+00:00,37.6945,-88.65,817.09375,36.07814407348633,290.2899169921875,287.7737121582031,99067.125,33.57598114013672,19.22730913193276,30.672674316968127,4,1,EF4,CST-6,29-FEB-12 04:51:00
388160,2012-06-15T21:00:00+00:00,39.77,-104.42,943.375,371.7657165527344,301.886474609375,276.99755859375,83114.5,16.138916015625,0.08098726205376501,2.0646190071412547,0,0,EF0,MST-7,15-JUN-12 13:56:00
394766,2012-06-19T01:00:00+00:00,44.5861,-84.5354,643.75,81.51583862304688,298.64794921875,292.3276062011719,96444.125,45.286827087402344,13.048070622619685,20.732043803139202,1,0,EF1,EST-5,18-JUN-12 20:28:00
377970,2012-06-02T23:00:00+00:00,38.4474,-102.8125,1746.625,191.96875,299.6201171875,282.944580078125,86696.1875,31.70730972290039,1.9126028844554923,7.054088989462459,0,0,EF0,MST-7,02-JUN-12 16:08:00
373412,2012-05-01T22:00:00+00:00,45.5478,-94.9837,94.75,40.87501525878906,294.582763671875,288.154296875,95536.875,28.411205291748047,4.433612874258575,15.645624713847553,0,0,EF0,CST-6,01-MAY-12 16:05:00
391510,2012-06-02T23:00:00+00:00,38.459,-102.7617,1746.625,191.96875,299.6201171875,282.944580078125,86696.1875,31.70730972290039,1.9126028844554923,7.054088989462459,0,0,EF0,MST-7,02-JUN-12 16:11:00
391763,2012-06-01T18:00:00+00:00,39.274,-77.232,252.75,15.609405517578125,297.9033203125,290.898681640625,99210.25,38.97018051147461,6.221899292175129,17.034365242023224,0,0,EF0,EST-5,01-JUN-12 13:29:00
390625,2012-06-01T21:00:00+00:00,40.2595,-79.2053,396.625,34.312477111816406,290.865966796875,289.719970703125,94497.8125,36.454803466796875,10.29335694548744,18.058994909640873,1,0,EF1,EST-5,01-JUN-12 16:25:00
391765,2012-06-01T19:00:00+00:00,39.358,-77.139,406.625,69.35977172851562,298.13818359375,290.859375,99106.625,41.434112548828125,9.021656480039566,15.332774322708046,0,0,EF0,EST-5,01-JUN-12 13:48:00
391766,2012-06-01T19:00:00+00:00,39.357,-77.139,406.625,69.35977172851562,298.13818359375,290.859375,99106.625,41.434112548828125,9.021656480039566,15.332774322708046,1,0,EF1,EST-5,01-JUN-12 13:52:00
391775,2012-06-01T21:00:00+00:00,38.944,-76.846,834.0,21.015602111816406,296.807373046875,292.181884765625,99727.8125,41.427459716796875,12.53109460808909,13.445899649598596,0,0,EF0,EST-5,01-JUN-12 16:27:00
391767,2012-06-01T19:00:00+00:00,39.503,-76.952,159.75,199.48477172851562,297.46240234375,289.9404296875,98545.625,38.599151611328125,8.79469252038341,16.09873834570774,1,0,EF1,EST-5,01-JUN-12 14:21:00
380696,2012-04-15T02:00:00+00:00,37.7335,-99.2149,1905.6875,198.14498901367188,294.437744140625,290.498779296875,92078.3125,24.12812042236328,14.815489300900245,26.169542878222973,3,1,EF3,CST-6,14-APR-12 19:42:00
359912,2012-03-02T20:00:00+00:00,38.5156,-85.8678,711.0625,18.468782424926758,289.043212890625,287.1991882324219,97074.0625,26.956985473632812,17.841358200472477,29.20870050611251,4,1,EF4,EST-5,02-MAR-12 15:09:00
390742,2012-07-09T15:00:00+00:00,38.7048,-104.7567,259.375,,291.972900390625,285.5066833496094,81028.875,23.277156829833984,0.16854640759677958,2.5786347319254865,0,0,EF0,MST-7,09-JUL-12 08:00:00
391768,2012-06-01T19:00:00+00:00,39.245,-77.194,406.625,69.35977172851562,298.13818359375,290.859375,99106.625,41.434112548828125,9.021656480039566,15.332774322708046,0,0,EF0,EST-5,01-JUN-12 14:09:00
386892,2012-05-01T23:00:00+00:00,45.35,-93.91,82.375,343.8350524902344,294.614501953125,287.05712890625,96526.25,29.75072479248047,7.625136393335324,17.762085858648003,0,0,EF0,CST-6,01-MAY-12 16:40:00
393363,2012-06-11T21:00:00+00:00,32.381,-80.9795,1802.375,40.53135681152344,300.864013671875,296.92633056640625,101608.75,47.48326110839844,4.332823896612896,8.451561170276156,1,0,EF1,EST-5,11-JUN-12 16:21:00
392889,2012-06-14T01:00:00+00:00,33.5045,-96.2504,2359.0,301.79461669921875,299.981201171875,293.111328125,98995.375,45.10736083984375,7.9991880342683315,8.42804351194407,0,0,EF0,CST-6,13-JUN-12 18:55:00
395185,2012-06-02T00:00:00+00:00,37.0034,-76.3553,146.875,203.52745056152344,295.899169921875,293.3125,100574.5625,43.567630767822266,12.256146837078104,15.563390745516568,1,0,EF1,EST-5,01-JUN-12 19:13:00
391769,2012-06-01T20:00:00+00:00,39.15,-76.878,550.75,13.986297607421875,298.086669921875,291.9326171875,99777.8125,42.34195327758789,9.392836560032494,14.128022621836987,0,0,EF0,EST-5,01-JUN-12 15:29:00
391771,2012-06-01T22:00:00+00:00,39.047,-76.755,207.125,58.421897888183594,296.081787109375,293.45947265625,100075.5625,41.83338165283203,10.682547165448275,13.154985884225862,0,0,EF0,EST-5,01-JUN-12 16:46:00
359463,2012-03-01T19:00:00+00:00,31.0814,-85.5795,744.75,42.53125762939453,298.7919921875,294.15496826171875,100765.9375,39.265071868896484,8.010006403863525,14.425975889853518,1,0,EF1,CST-6,01-MAR-12 13:14:00
359666,2012-03-03T14:00:00+00:00,31.05,-84.43,336.5,0.17379847168922424,293.884765625,292.5853271484375,100203.8125,43.77191162109375,11.917180596540673,18.47029502104491,0,0,EF0,EST-5,03-MAR-12 08:30:00
359737,2012-02-29T13:00:00+00:00,37.3434,-87.493,592.65625,217.0156707763672,291.06256103515625,288.6031494140625,99355.4375,29.473085403442383,22.192092758172883,27.03973314243813,0,0,EF0,CST-6,29-FEB-12 06:40:00
361320,2012-01-21T21:00:00+00:00,32.3404,-84.0641,993.65625,1.406402826309204,294.556884765625,288.55718994140625,100058.1875,32.338966369628906,11.185772597655973,18.231249221989007,1,0,EF1,EST-5,21-JAN-12 15:45:00
359083,2012-02-29T04:00:00+00:00,38.7238,-95.4142,601.0625,0.7031415104866028,287.7740478515625,285.20550537109375,96365.3125,25.423816680908203,17.422307540445757,26.623200423853024,1,0,EF1,CST-6,28-FEB-12 22:06:00
425351,2012-12-26T02:00:00+00:00,32.1521,-86.6818,324.28125,22.453182220458984,291.07366943359375,289.4429931640625,99134.625,37.10702896118164,20.57542692854434,28.169616362944602,0,0,EF0,CST-6,25-DEC-12 20:26:00
359465,2012-03-02T23:00:00+00:00,31.31,-86.19,1076.375,23.24968147277832,296.350830078125,293.7968444824219,99889.3125,36.640968322753906,13.311593269366242,18.00213775222126,0,0,EF0,CST-6,02-MAR-12 17:01:00
355498,2012-01-23T02:00:00+00:00,34.2319,-91.6456,825.5,1.7105196714401245,293.0547790527344,290.9503173828125,99783.4375,35.58883285522461,20.265150983165665,25.903489556150703,1,0,EF1,CST-6,22-JAN-12 20:21:00
360325,2012-03-03T12:00:00+00:00,31.1964,-84.683,553.625,0.033098265528678894,294.23193359375,292.73333740234375,100088.875,40.06013107299805,12.319422598326769,19.636820359399994,0,0,EF0,EST-5,03-MAR-12 07:15:00
361323,2012-01-21T17:00:00+00:00,33.3142,-84.7583,185.28125,0.9063341021537781,289.316650390625,288.580322265625,98331.5,29.773975372314453,16.477251167340665,24.017091829449427,1,0,EF1,EST-5,21-JAN-12 12:10:00
355031,2012-01-26T13:00:00+00:00,30.9895,-89.5605,612.25,0.06686471402645111,292.4906311035156,291.6911926269531,100135.0625,39.415931701660156,14.116981082341914,19.816896122821817,0,0,EF0,CST-6,26-JAN-12 06:44:00
359095,2012-02-29T00:00:00+00:00,39.6189,-97.9322,508.9375,44.73439025878906,288.65655517578125,285.794189453125,94356.1875,22.225021362304688,16.732887161570535,20.63553263886393,0,0,EF0,CST-6,28-FEB-12 17:36:00
418330,2012-12-17T19:00:00+00:00,31.9394,-83.0396,172.34375,19.718759536743164,291.446044921875,289.83477783203125,99987.4375,41.88017272949219,17.029454240057913,20.370515520106217,0,0,EF0,EST-5,17-DEC-12 13:48:00
423358,2012-12-14T23:00:00+00:00,34.9372,-100.7865,233.1875,26.265684127807617,286.55206298828125,282.6647033691406,91248.5,23.225109100341797,5.020533451038959,21.99748603838066,0,0,EF0,CST-6,14-DEC-12 16:53:00
425352,2012-12-26T03:00:00+00:00,32.2043,-86.6041,354.71875,24.484405517578125,290.0163879394531,287.93560791015625,99262.1875,35.16685104370117,20.943285095052683,26.172202058782414,2,1,EF2,CST-6,25-DEC-12 20:32:00
361097,2012-03-02T15:00:00+00:00,34.8162,-86.7853,834.09375,30.140634536743164,292.8248291015625,289.93658447265625,98031.25,28.71108627319336,14.243704364912475,23.970580792228564,3,1,EF3,CST-6,02-MAR-12 09:25:00
355501,2012-01-23T03:00:00+00:00,34.2073,-91.4365,693.25,3.453148603439331,293.0681457519531,290.806640625,99879.5625,31.740610122680664,19.84446327499342,27.81098360224658,1,0,EF1,CST-6,22-JAN-12 20:45:00
361317,2012-01-23T06:00:00+00:00,35.585,-88.3925,947.78125,1.120617151260376,290.57427978515625,288.85955810546875,98821.375,35.938453674316406,19.93708237045388,26.95421694657496,1,0,EF1,CST-6,22-JAN-12 23:55:00
411522,2012-10-23T00:00:00+00:00,38.387,-121.35,3.3125,,290.76220703125,278.259521484375,101061.9375,13.37760066986084,5.1168200202984275,9.514524628829468,1,0,EF1,PST-8,22-OCT-12 15:45:00
359100,2012-02-29T00:00:00+00:00,39.7876,-97.6795,398.25,45.89064025878906,287.56768798828125,285.201416015625,94274.1875,20.555099487304688,16.703069567526548,22.36590944938856,0,0,EF0,CST-6,28-FEB-12 18:05:00
418331,2012-12-17T19:00:00+00:00,32.0708,-82.7317,98.78125,,291.248779296875,289.74591064453125,100076.4375,40.24443054199219,17.516954901311728,22.172217681393015,1,0,EF1,EST-5,17-DEC-12 13:49:00
423360,2012-12-14T22:00:00+00:00,35.1941,-101.5768,148.21875,41.143253326416016,285.2080383300781,280.05877685546875,88373.6875,18.67221450805664,0.12096857091723512,20.717135224134545,0,0,EF0,CST-6,14-DEC-12 16:17:00
427335,2012-12-14T23:00:00+00:00,34.91,-100.78,233.1875,26.265684127807617,286.55206298828125,282.6647033691406,91248.5,23.225109100341797,5.020533451038959,21.99748603838066,0,0,EF0,CST-6,14-DEC-12 16:58:00
423975,2012-12-25T21:00:00+00:00,31.078,-91.067,695.625,1.453381896018982,291.35784912109375,290.2865295410156,99001.3125,31.412708282470703,17.766508468642947,27.604198418497827,1,0,EF1,CST-6,25-DEC-12 14:31:00
423982,2012-12-25T21:00:00+00:00,30.65,-89.681,613.375,14.906506538391113,294.17425537109375,289.9935607910156,100032.3125,35.9820442199707,18.75142359773379,26.173976155401082,3,1,EF3,CST-6,25-DEC-12 15:20:00
422348,2012-12-25T23:00:00+00:00,30.67,-88.09,209.9375,11.593777656555176,293.1942138671875,289.8474426269531,100123.125,36.320003509521484,17.24277453789529,21.216091108549655,2,1,EF2,CST-6,25-DEC-12 16:54:00
419180,2012-02-29T03:00:00+00:00,38.7948,-95.9477,546.75,1.093772053718567,287.89959716796875,285.7598876953125,95747.3125,25.99175262451172,18.9540462632709,28.63445032064188,2,1,EF2,CST-6,28-FEB-12 21:04:00
360518,2012-01-11T23:00:00+00:00,35.7587,-81.3777,154.75,,285.2974853515625,283.7557373046875,95591.1875,19.34285545349121,10.48242185772099,17.384330184091564,0,0,EF0,EST-5,11-JAN-12 18:17:00
360868,2012-03-11T19:00:00+00:00,31.5734,-94.1269,298.9375,14.927536010742188,292.228515625,291.4805908203125,100331.5,41.325157165527344,21.071100048890372,24.362137292791857,0,0,EF0,CST-6,11-MAR-12 13:15:00
361151,2012-03-02T21:00:00+00:00,35.2116,-86.7422,861.1875,45.375022888183594,299.72705078125,291.56585693359375,97239.875,28.512939453125,16.77378976164685,20.314003279709294,0,0,EF0,CST-6,02-MAR-12 14:45:00
421931,2012-12-20T11:00:00+00:00,30.6671,-88.1383,324.6875,0.10947311669588089,293.8099060058594,292.7812805175781,100640.0625,38.440608978271484,18.192277275530014,19.68435425854983,1,0,EF1,CST-6,20-DEC-12 04:49:00
359701,2012-02-29T12:00:00+00:00,37.9434,-87.4148,607.15625,29.4295597076416,290.3134765625,288.0415344238281,99236.3125,32.75634765625,20.508166974280055,31.89371331349549,1,0,EF1,CST-6,29-FEB-12 06:03:00
355191,2012-01-17T19:00:00+00:00,36.0371,-86.4742,411.5,7.570766448974609,288.7524719238281,287.406982421875,98742.125,25.49196434020996,16.585228369120422,24.01349727809949,0,0,EF0,CST-6,17-JAN-12 13:27:00
425328,2012-12-25T21:00:00+00:00,32.0238,-87.8687,528.1875,8.515881538391113,290.32269287109375,289.6087951660156,99818.3125,32.8746223449707,15.716184157117398,21.091086994723355,1,0,EF1,CST-6,25-DEC-12 15:15:00
360514,2012-01-11T22:00:00+00:00,35.351,-81.794,158.125,,286.09210205078125,284.0692138671875,96661.1875,20.446516036987305,10.422796970424251,16.039114996149294,2,1,EF2,EST-5,11-JAN-12 17:21:00
355489,2012-01-23T01:00:00+00:00,33.7634,-92.5452,935.3125,0.4040328860282898,292.8714599609375,290.8507080078125,99595.3125,35.36496353149414,20.309112434243914,24.356750898017513,1,0,EF1,CST-6,22-JAN-12 19:13:00
425349,2012-12-26T02:00:00+00:00,32.0513,-86.8505,381.90625,15.859431266784668,291.13031005859375,289.4830322265625,99301.625,37.17441177368164,21.00047552336179,27.60340938092698,1,0,EF1,CST-6,25-DEC-12 20:09:00
359478,2012-03-03T14:00:00+00:00,30.4738,-84.6159,520.09375,1.5644234418869019,294.396484375,292.6878662109375,100259.8125,45.65960693359375,11.628635700578094,18.49713102113834,0,0,EF0,EST-5,03-MAR-12 09:25:00
425358,2012-12-26T04:00:00+00:00,31.7252,-86.1472,668.09375,22.232242584228516,289.95843505859375,288.1842041015625,98992.875,36.2906379699707,19.96577001754187,24.407748343758897,2,1,EF2,CST-6,25-DEC-12 22:24:00
425359,2012-12-26T04:00:00+00:00,32.3527,-86.0452,348.46875,92.59161376953125,290.02191162109375,288.1636962890625,99114.875,35.5425910949707,19.61786768811497,25.92583855499018,1,0,EF1,CST-6,25-DEC-12 22:29:00
356524,2012-01-23T04:00:00+00:00,38.0331,-88.3652,322.3125,9.859399795532227,287.58099365234375,286.21807861328125,98604.5,34.37018966674805,21.937400873016593,27.922303798052223,2,1,EF2,CST-6,22-JAN-12 22:18:00
359467,2012-03-03T00:00:00+00:00,31.1271,-85.669,1316.875,3.863734483718872,295.98785400390625,293.73626708984375,100377.4375,39.9341926574707,13.3743624365816,15.075925374939754,0,0,EF0,CST-6,02-MAR-12 18:17:00
359464,2012-03-01T19:00:00+00:00,31.0809,-85.6989,485.6875,95.10938262939453,298.84765625,294.15594482421875,100826.9375,38.826595306396484,8.00187836672901,13.688073228995467,1,0,EF1,CST-6,01-MAR-12 13:02:00
355500,2012-01-23T03:00:00+00:00,34.329,-91.4269,693.25,3.453148603439331,293.0681457519531,290.806640625,99879.5625,31.740610122680664,19.84446327499342,27.81098360224658,2,1,EF2,CST-6,22-JAN-12 20:36:00
355495,2012-01-23T02:00:00+00:00,34.1925,-91.7274,825.5,1.7105196714401245,293.0547790527344,290.9503173828125,99783.4375,35.58883285522461,20.265150983165665,25.903489556150703,2,1,EF2,CST-6,22-JAN-12 20:15:00
355491,2012-01-23T01:00:00+00:00,33.7998,-92.4902,935.3125,0.4040328860282898,292.8714599609375,290.8507080078125,99595.3125,35.36496353149414,20.309112434243914,24.356750898017513,2,1,EF2,CST-6,22-JAN-12 19:17:00
360515,2012-01-11T23:00:00+00:00,35.659,-81.485,154.75,,285.2974853515625,283.7557373046875,95591.1875,19.34285545349121,10.48242185772099,17.384330184091564,2,1,EF2,EST-5,11-JAN-12 18:03:00
359779,2012-02-29T15:00:00+00:00,37.1984,-87.1882,418.53125,33.29689407348633,292.4522705078125,287.78509521484375,99301.9375,28.447425842285156,19.64052077785327,28.523666229536488,1,0,EF1,CST-6,29-FEB-12 08:45:00
359693,2012-02-29T12:00:00+00:00,37.173,-88.7846,745.5625,56.02330780029297,290.28125,287.9995422363281,99346.3125,31.712404251098633,22.546377618315294,25.23428032840282,2,1,EF2,CST-6,29-FEB-12 05:35:00
359735,2012-02-29T15:00:00+00:00,37.2015,-87.1722,418.53125,33.29689407348633,292.4522705078125,287.78509521484375,99301.9375,28.447425842285156,19.64052077785327,28.523666229536488,2,1,EF2,CST-6,29-FEB-12 08:45:00
359237,2012-02-29T04:00:00+00:00,38.7388,-95.382,601.0625,0.7031415104866028,287.7740478515625,285.20550537109375,96365.3125,25.423816680908203,17.422307540445757,26.623200423853024,1,0,EF1,CST-6,28-FEB-12 22:08:00
359087,2012-02-29T03:00:00+00:00,38.7815,-95.9822,546.75,1.093772053718567,287.89959716796875,285.7598876953125,95747.3125,25.99175262451172,18.9540462632709,28.63445032064188,2,1,EF2,CST-6,28-FEB-12 21:02:00
355499,2012-01-23T02:00:00+00:00,34.1347,-91.8409,764.3125,4.023019790649414,292.8428649902344,291.1973876953125,99672.4375,33.53805160522461,21.067182342269568,26.725060990284934,1,0,EF1,CST-6,22-JAN-12 20:05:00
361149,2012-03-02T20:00:00+00:00,34.9155,-87.0466,1094.75,117.53128051757812,298.052978515625,290.8583679199219,97492.0625,25.913040161132812,14.681873801841231,17.855652384115917,0,0,EF0,CST-6,02-MAR-12 13:55:00
355030,2012-01-26T13:00:00+00:00,29.3038,-89.3808,865.6875,20.660614013671875,293.7269592285156,292.2117004394531,101108.0625,42.731361389160156,7.808445158435472,13.190648488724316,0,0,EF0,CST-6,26-JAN-12 07:25:00
414939,2012-10-13T23:00:00+00:00,34.1942,-97.5205,1362.625,33.672027587890625,294.55224609375,293.3701171875,97501.4375,48.373985290527344,12.513975323057595,18.60251858938005,1,0,EF1,CST-6,13-OCT-12 16:46:00
365371,2012-04-15T05:00:00+00:00,38.2165,-96.1982,1306.6875,4.176823139190674,292.939697265625,290.56689453125,95787.0625,31.219898223876953,15.280235093608136,22.242743713933223,0,0,EF0,CST-6,14-APR-12 23:06:00
355502,2012-01-23T03:00:00+00:00,34.4847,-91.1255,787.0,0.4531486928462982,293.0710754394531,290.587890625,99860.5625,33.54236602783203,19.734170561158795,27.463096852562742,1,0,EF1,CST-6,22-JAN-12 21:03:00
418329,2012-12-17T19:00:00+00:00,32.1676,-82.7411,75.71875,,291.085693359375,289.26055908203125,99989.4375,41.49345397949219,16.59038328758663,23.723913451609473,1,0,EF1,EST-5,17-DEC-12 13:46:00
417470,2012-10-01T10:00:00+00:00,32.8089,-86.2405,57.625,0.2969721555709839,295.3037109375,294.462890625,98266.5625,47.446739196777344,16.13920481835043,20.454208309282205,0,0,EF0,CST-6,01-OCT-12 03:47:00
423976,2012-12-25T21:00:00+00:00,31.0833,-91.0592,695.625,1.453381896018982,291.35784912109375,290.2865295410156,99001.3125,31.412708282470703,17.766508468642947,27.604198418497827,1,0,EF1,CST-6,25-DEC-12 14:33:00
361148,2012-03-02T22:00:00+00:00,34.9182,-86.8581,541.75,9.980058670043945,295.05029296875,290.0936279296875,97432.1875,26.375831604003906,14.76662249160361,19.276433384705605,1,0,EF1,CST-6,02-MAR-12 15:39:00
361951,2012-03-20T18:00:00+00:00,31.9817,-92.8959,727.375,31.056217193603516,297.53515625,290.9095764160156,100111.8125,39.32029342651367,16.952573313787163,18.734282728892204,0,0,EF0,CST-6,20-MAR-12 12:15:00
361958,2012-03-21T14:00:00+00:00,32.0427,-92.131,204.6875,59.39076232910156,288.474365234375,287.76678466796875,100401.9375,41.08564376831055,4.2685151210740955,20.11056096191478,1,0,EF1,CST-6,21-MAR-12 07:30:00
361143,2012-03-02T16:00:00+00:00,34.8502,-86.5702,1127.4375,81.1720199584961,293.9548645019531,291.18377685546875,97663.25,27.45136260986328,15.275677202670783,23.81288949689423,2,1,EF2,CST-6,02-MAR-12 10:06:00
361096,2012-03-02T15:00:00+00:00,34.7597,-86.9531,882.03125,25.656259536743164,293.1490478515625,290.11920166015625,98314.25,28.40932846069336,15.291015508022006,23.605750320417023,2,1,EF2,CST-6,02-MAR-12 09:10:00
424162,2012-12-10T11:00:00+00:00,33.5359,-86.8436,34.625,0.052108488976955414,291.5859375,290.3909912109375,98927.3125,37.33441162109375,14.55745582728868,17.03078961898535,1,0,EF1,CST-6,10-DEC-12 04:43:00
361150,2012-03-02T21:00:00+00:00,34.8564,-87.0143,665.5,40.953147888183594,298.86083984375,291.20159912109375,98041.875,28.907470703125,14.568199357769476,19.398456005236454,0,0,EF0,CST-6,02-MAR-12 15:26:00
359711,2012-02-29T10:00:00+00:00,37.0398,-89.7391,808.1875,120.8906478881836,290.7130126953125,287.6634521484375,99432.4375,31.368186950683594,19.828560718652323,25.525299049184255,1,0,EF1,CST-6,29-FEB-12 04:27:00
423987,2012-12-26T00:00:00+00:00,29.8751,-90.0979,868.3125,84.84083557128906,292.7061462402344,291.1923828125,100296.0625,34.01403045654297,17.06587949522759,22.723493308545738,0,0,EF0,CST-6,25-DEC-12 18:20:00
357889,2012-02-18T15:00:00+00:00,30.0241,-92.6377,436.6875,1.5000553131103516,289.35247802734375,288.28533935546875,100856.0625,46.20433807373047,19.016859093588646,25.891713149904863,0,0,EF0,CST-6,18-FEB-12 08:52:00
366714,2012-04-15T05:00:00+00:00,41.0074,-96.2553,1324.375,188.08306884765625,292.309814453125,288.97705078125,95569.0625,32.19841384887695,17.79541595233777,26.927464292566036,1,0,EF1,CST-6,14-APR-12 23:18:00
365427,2012-04-15T01:00:00+00:00,39.13,-97.2,1820.3125,118.01567077636719,295.21630859375,291.2947998046875,95318.6875,32.37763214111328,14.818851278745766,15.253566885378724,0,0,EF0,CST-6,14-APR-12 18:31:00
364186,2012-02-29T06:00:00+00:00,37.5536,-93.1831,418.65625,120.75004577636719,290.67950439453125,287.1109619140625,96434.375,28.410568237304688,17.15218246644923,29.100785389211815,2,1,EF2,CST-6,28-FEB-12 23:59:00
364183,2012-02-29T06:00:00+00:00,37.5933,-92.8139,423.75,181.7500457763672,290.27227783203125,286.8414306640625,96024.375,23.423263549804688,16.584755228980267,28.805427786237875,1,0,EF1,CST-6,29-FEB-12 00:18:00
354106,2012-01-17T16:00:00+00:00,38.2839,-85.6328,220.6875,,286.94866943359375,284.9990234375,98467.8125,27.733661651611328,20.86492149890841,27.730410829162174,1,0,EF1,EST-5,17-JAN-12 11:12:00
362758,2012-01-23T09:00:00+00:00,33.3257,-87.6579,1150.96875,0.23823189735412598,292.37738037109375,291.3414306640625,99939.375,35.4323616027832,20.82281600185347,26.638281340260185,2,1,EF2,CST-6,23-JAN-12 02:42:00
362778,2012-01-23T09:00:00+00:00,33.3961,-87.444,998.46875,0.12885689735412598,291.90277099609375,290.9888916015625,99752.375,35.6442756652832,21.017745890754128,27.204217549850554,2,1,EF2,CST-6,23-JAN-12 03:00:00
362779,2012-01-23T09:00:00+00:00,33.4316,-87.3071,886.4375,0.378856897354126,291.43109130859375,290.5367431640625,99375.375,35.1110725402832,21.762450933457025,29.217782153066388,1,0,EF1,CST-6,23-JAN-12 03:09:00
363558,2012-01-23T09:00:00+00:00,33.4354,-87.284,886.4375,0.378856897354126,291.43109130859375,290.5367431640625,99375.375,35.1110725402832,21.762450933457025,29.217782153066388,2,1,EF2,CST-6,23-JAN-12 03:12:00
363340,2012-02-29T06:00:00+00:00,37.5145,-93.6242,674.59375,14.640666961669922,290.10430908203125,287.1304931640625,96837.375,30.923263549804688,18.058955271351955,29.929363206594356,1,0,EF1,CST-6,28-FEB-12 23:38:00
366372,2012-04-14T22:00:00+00:00,40.4976,-96.0699,707.8125,9.250261306762695,290.564697265625,290.01171875,96107.375,36.67203903198242,7.083503719517725,24.953126554582642,0,0,EF0,CST-6,14-APR-12 16:07:00
363339,2012-02-29T05:00:00+00:00,37.4533,-93.8529,382.75,186.07199096679688,289.94927978515625,287.5152587890625,96820.5,27.301616668701172,18.514544724144017,29.249557190192768,1,0,EF1,CST-6,28-FEB-12 23:26:00
363341,2012-02-29T07:00:00+00:00,36.6994,-93.9178,1155.21875,0.2032175064086914,289.85931396484375,287.59326171875,95895.125,28.159378051757812,16.882268961866558,24.165166128959264,2,1,EF2,CST-6,29-FEB-12 00:42:00
364191,2012-02-29T07:00:00+00:00,37.7349,-91.8124,482.3125,223.82821655273438,289.64447021484375,286.72021484375,96717.125,24.883987426757812,18.05148605861725,27.841349059448806,1,0,EF1,CST-6,29-FEB-12 01:10:00
366716,2012-04-15T05:00:00+00:00,41.0139,-96.2448,1324.375,188.08306884765625,292.309814453125,288.97705078125,95569.0625,32.19841384887695,17.79541595233777,26.927464292566036,1,0,EF1,CST-6,14-APR-12 23:19:00
361723,2012-02-29T20:00:00+00:00,37.1792,-84.5777,364.59375,13.4844388961792,290.8330078125,288.81085205078125,96884.9375,31.739274978637695,19.113151105170857,29.716431497776387,1,0,EF1,EST-5,29-FEB-12 14:53:00
361892,2012-01-09T17:00:00+00:00,29.3492,-95.5771,507.15625,15.053234100341797,292.8812255859375,290.55731201171875,101352.8125,39.63157653808594,10.226071405807199,15.069606068197114,0,0,EF0,CST-6,09-JAN-12 11:15:00
361893,2012-01-09T18:00:00+00:00,29.2654,-95.44,448.03125,21.546588897705078,292.9774169921875,290.80548095703125,101265.25,39.185821533203125,9.143647340756921,16.281425657457863,0,0,EF0,CST-6,09-JAN-12 11:32:00
356502,2012-01-23T05:00:00+00:00,36.5,-88.32,638.34375,2.5469560623168945,289.500732421875,288.106201171875,98578.625,36.83720016479492,23.531655430786838,30.698125798107522,1,0,EF1,CST-6,22-JAN-12 23:03:00
432102,2012-09-25T22:00:00+00:00,38.5233,-89.6472,2735.5,53.9376335144043,298.159912109375,293.890380859375,99309.0625,41.612693786621094,8.553318958099112,14.363901714798953,0,0,EF0,CST-6,25-SEP-12 16:17:00
361884,2012-01-09T15:00:00+00:00,29.666,-95.8121,354.25,8.490226745605469,291.1214904785156,289.9862060546875,101138.375,40.11152648925781,9.791579405185969,19.607778756208205,0,0,EF0,CST-6,09-JAN-12 08:45:00
361888,2012-01-09T15:00:00+00:00,29.6756,-95.6565,354.25,8.490226745605469,291.1214904785156,289.9862060546875,101138.375,40.11152648925781,9.791579405185969,19.607778756208205,1,0,EF1,CST-6,09-JAN-12 09:05:00
367124,2012-02-04T01:00:00+00:00,30.49,-96.47,1024.625,0.5328201651573181,294.58990478515625,292.1592712402344,100385.5,31.822349548339844,8.137891483734855,7.15429445934359,1,0,EF1,CST-6,03-FEB-12 18:45:00
364194,2012-02-29T07:00:00+00:00,36.6223,-93.46,820.21875,30.765716552734375,291.46966552734375,287.13525390625,96520.125,30.241409301757812,18.85684611746256,30.102575148516863,2,1,EF2,CST-6,29-FEB-12 01:13:00
361894,2012-01-09T18:00:00+00:00,29.2827,-95.4356,448.03125,21.546588897705078,292.9774169921875,290.80548095703125,101265.25,39.185821533203125,9.143647340756921,16.281425657457863,0,0,EF0,CST-6,09-JAN-12 11:34:00
361900,2012-01-09T19:00:00+00:00,29.407,-95.0294,476.71875,1.5623255968093872,292.07366943359375,289.8985595703125,101245.9375,39.88910675048828,11.105997169536606,15.77989177133648,0,0,EF0,CST-6,09-JAN-12 12:56:00
426570,2012-12-25T15:00:00+00:00,31.1613,-95.3208,409.75,1.8750823736190796,288.9264831542969,288.585205078125,99021.25,29.6136417388916,12.779732855248056,24.515121349793294,3,1,EF3,CST-6,25-DEC-12 09:05:00
358357,2012-02-24T19:00:00+00:00,31.299,-83.577,237.25,139.73660278320312,296.8837890625,292.218505859375,99995.4375,35.25674057006836,11.599165026007451,18.27647968948956,0,0,EF0,EST-5,24-FEB-12 13:42:00
354251,2012-01-17T16:00:00+00:00,38.1721,-85.6041,220.6875,,286.94866943359375,284.9990234375,98467.8125,27.733661651611328,20.86492149890841,27.730410829162174,1,0,EF1,EST-5,17-JAN-12 11:20:00
354254,2012-01-17T17:00:00+00:00,38.1973,-84.6631,116.5,,285.6174621582031,283.68316650390625,97779.625,26.832443237304688,21.43286488910521,25.688913902081318,1,0,EF1,EST-5,17-JAN-12 12:12:00
354253,2012-01-17T18:00:00+00:00,36.7045,-86.4118,509.375,15.093755722045898,288.03564453125,286.1917724609375,98587.0,28.733890533447266,16.58549965497213,24.73014388044537,2,1,EF2,CST-6,17-JAN-12 12:20:00
354252,2012-01-17T18:00:00+00:00,36.7019,-86.4652,509.375,15.093755722045898,288.03564453125,286.1917724609375,98587.0,28.733890533447266,16.58549965497213,24.73014388044537,0,0,EF0,CST-6,17-JAN-12 12:20:00
365156,2012-02-23T03:00:00+00:00,34.2588,-85.1454,203.625,0.3780324459075928,287.798583984375,286.41357421875,97470.5,22.254791259765625,15.3939384788179,25.215667359192736,1,0,EF1,EST-5,22-FEB-12 22:12:00
367125,2012-02-04T01:00:00+00:00,30.522,-96.4313,1024.625,0.5328201651573181,294.58990478515625,292.1592712402344,100385.5,31.822349548339844,8.137891483734855,7.15429445934359,2,1,EF2,CST-6,03-FEB-12 18:48:00
366362,2012-04-13T23:00:00+00:00,40.7086,-116.0748,34.125,,280.961669921875,269.51055908203125,80719.5625,7.438046455383301,0.0620266574840218,3.500835861819818,0,0,EF0,PST-8,13-APR-12 15:25:00
364192,2012-02-29T07:00:00+00:00,37.787,-91.6534,482.3125,223.82821655273438,289.64447021484375,286.72021484375,96717.125,24.883987426757812,18.05148605861725,27.841349059448806,1,0,EF1,CST-6,29-FEB-12 01:19:00
363338,2012-02-29T05:00:00+00:00,37.3908,-94.5557,492.3125,94.32199096679688,290.54595947265625,287.7213134765625,96957.5,30.084819793701172,18.33590933675559,29.869848943405767,1,0,EF1,CST-6,28-FEB-12 22:52:00
365183,2012-03-03T01:00:00+00:00,33.8681,-85.2964,420.125,2.104646682739258,293.14715576171875,290.3439636230469,96927.6875,31.275861740112305,14.88899627344796,21.63713967974237,3,1,EF3,EST-5,02-MAR-12 20:09:00
364189,2012-02-29T07:00:00+00:00,37.708,-91.877,464.5625,170.92196655273438,289.99993896484375,286.48876953125,96855.125,27.649612426757812,17.935531938815142,28.26544183485221,1,0,EF1,CST-6,29-FEB-12 01:06:00
366677,2012-04-13T01:00:00+00:00,40.21,-101.05,1107.3125,126.79690551757812,288.366943359375,287.04962158203125,90137.0,22.042930603027344,0.47732604343517127,20.74450375675143,0,0,EF0,CST-6,12-APR-12 18:45:00
359741,2012-02-29T11:00:00+00:00,37.1609,-88.9046,788.46875,62.07814407348633,290.2938232421875,287.8215637207031,99336.125,33.00469207763672,20.617203900413298,28.11547966480307,2,1,EF2,CST-6,29-FEB-12 05:17:00
378640,2012-04-07T21:00:00+00:00,32.11,-101.03,2214.125,46.281288146972656,302.980712890625,285.7064208984375,93478.5,29.74549102783203,0.4893849959841415,2.6516727978758357,0,0,EF0,CST-6,07-APR-12 15:23:00
360680,2012-01-27T11:00:00+00:00,26.998,-82.028,224.625,62.359413146972656,293.51470947265625,293.0765380859375,101470.75,40.97943115234375,10.30247262437041,17.030174739247652,1,0,EF1,EST-5,27-JAN-12 05:35:00
421948,2012-12-25T19:00:00+00:00,30.932,-92.896,975.6875,0.641050398349762,292.3187255859375,290.55322265625,99175.3125,31.532928466796875,12.292354501319988,30.05509727649574,0,0,EF0,CST-6,25-DEC-12 12:43:00
421974,2012-12-25T19:00:00+00:00,31.36,-92.487,854.5,3.562925338745117,291.2542724609375,289.90771484375,99641.3125,32.306365966796875,14.952794156720632,25.734513169246227,2,1,EF2,CST-6,25-DEC-12 12:45:00
421978,2012-12-25T19:00:00+00:00,31.3,-92.453,854.5,3.562925338745117,291.2542724609375,289.90771484375,99641.3125,32.306365966796875,14.952794156720632,25.734513169246227,2,1,EF2,CST-6,25-DEC-12 12:50:00
358537,2012-02-24T18:00:00+00:00,33.7063,-81.3797,1013.25,26.751192092895508,295.959716796875,291.93267822265625,98978.9375,41.22163391113281,17.406886868237937,30.13887835637066,2,1,EF2,EST-5,24-FEB-12 13:07:00
365184,2012-03-03T01:00:00+00:00,33.8915,-85.0369,377.0,9.729646682739258,293.30047607421875,290.0334167480469,96946.6875,31.513166427612305,14.36063314454178,22.008555278477957,2,1,EF2,EST-5,02-MAR-12 20:28:00
420094,2012-12-10T14:00:00+00:00,31.1112,-89.9252,328.125,10.049635887145996,293.0022888183594,292.3499755859375,100040.9375,41.79813766479492,12.541805560836728,23.217116482748796,1,0,EF1,CST-6,10-DEC-12 08:19:00
422090,2012-12-25T22:00:00+00:00,30.9687,-89.1381,478.875,0.7839897871017456,291.1720886230469,289.843017578125,99204.6875,40.42973709106445,19.807531355046788,24.971744368408395,2,1,EF2,CST-6,25-DEC-12 16:05:00
359917,2012-02-29T10:00:00+00:00,37.5978,-89.2188,674.5,156.82815551757812,289.7354736328125,287.5169677734375,98856.4375,31.200218200683594,21.344463552260923,28.349595226365636,2,1,EF2,CST-6,29-FEB-12 04:18:00
420570,2012-12-25T22:00:00+00:00,30.9067,-89.2375,478.875,0.7839897871017456,291.1720886230469,289.843017578125,99204.6875,40.42973709106445,19.807531355046788,24.971744368408395,2,1,EF2,CST-6,25-DEC-12 15:55:00
425334,2012-12-26T00:00:00+00:00,32.4762,-87.8228,37.5,23.903335571289062,290.3946228027344,288.662109375,99626.0625,36.72692108154297,18.185109802169166,27.46381232200978,1,0,EF1,CST-6,25-DEC-12 17:50:00
364618,2012-03-19T05:00:00+00:00,32.0282,-102.3386,2532.5625,176.703125,293.088623046875,286.9775390625,90493.5,22.795852661132812,2.5869922469227156,16.808692673083645,2,1,EF2,CST-6,18-MAR-12 23:28:00
365066,2012-02-02T02:00:00+00:00,33.9735,-88.2286,344.125,67.32817077636719,287.7886047363281,286.42919921875,100448.5,30.241479873657227,9.145387475257879,11.740357901394358,0,0,EF0,CST-6,01-FEB-12 20:14:00
422499,2012-12-26T00:00:00+00:00,31.618,-87.8672,325.4375,20.778335571289062,292.1377868652344,290.1533203125,99706.0625,39.32750701904297,21.58791739188416,27.886378135420838,2,1,EF2,CST-6,25-DEC-12 18:00:00
365185,2012-03-03T02:00:00+00:00,33.9798,-84.4608,531.0,1.138967514038086,292.9858093261719,289.87115478515625,97074.0625,32.13471221923828,15.998598182810472,21.906115603198703,1,0,EF1,EST-5,02-MAR-12 21:14:00
359740,2012-02-29T11:00:00+00:00,37.1439,-89.0991,810.9375,73.0781478881836,290.6824951171875,287.8391418457031,99671.125,32.15801239013672,20.385272999504558,25.77185336381375,2,1,EF2,CST-6,29-FEB-12 05:07:00
361322,2012-01-23T03:00:00+00:00,34.5441,-91.0534,761.875,0.4062736928462982,293.3132629394531,290.5380859375,99919.5625,35.35388946533203,20.227035781509546,26.24999631524044,1,0,EF1,CST-6,22-JAN-12 21:08:00
359783,2012-02-29T12:00:00+00:00,37.9073,-87.545,607.15625,29.4295597076416,290.3134765625,288.0415344238281,99236.3125,32.75634765625,20.508166974280055,31.89371331349549,1,0,EF1,CST-6,29-FEB-12 05:57:00
359708,2012-02-29T10:00:00+00:00,37.5,-89.73,593.125,52.28127670288086,289.6641845703125,286.8216552734375,98678.4375,32.666038513183594,20.169321245220004,30.903490838155683,2,1,EF2,CST-6,29-FEB-12 03:47:00
362792,2012-03-23T18:00:00+00:00,31.1502,-85.559,129.8125,52.96885681152344,297.8671875,289.6253967285156,101040.25,40.65631103515625,5.11984386439072,6.404389827037321,0,0,EF0,CST-6,23-MAR-12 11:48:00
425184,2012-12-22T15:00:00+00:00,36.88,-121.83,144.3125,2.984516143798828,284.6346435546875,283.27130126953125,99654.75,21.521839141845703,10.713753297310152,19.516801642095842,0,0,EF0,PST-8,22-DEC-12 06:59:00
363587,2012-01-23T11:00:00+00:00,32.7068,-87.3096,684.40625,3.2969982624053955,292.688232421875,290.8237609863281,100030.0,41.57044982910156,18.825401888887686,24.433080754452916,1,0,EF1,CST-6,23-JAN-12 04:33:00
364351,2012-01-23T11:00:00+00:00,32.7685,-87.0179,613.21875,4.093873023986816,292.393310546875,290.5913391113281,99773.0,41.32435607910156,18.34350326927852,24.20276482663492,2,1,EF2,CST-6,23-JAN-12 04:57:00
364298,2012-03-30T21:00:00+00:00,30.2967,-85.7547,472.375,40.96877670288086,294.68359375,292.45703125,101257.0,38.96625518798828,7.597401867663932,8.046315805329238,0,0,EF0,CST-6,30-MAR-12 14:52:00
364184,2012-02-29T06:00:00+00:00,37.7125,-92.8359,379.15625,174.5156707763672,290.36016845703125,286.4400634765625,96598.375,25.565841674804688,17.441238100353598,28.752974333581452,1,0,EF1,CST-6,29-FEB-12 00:22:00
359047,2012-02-29T01:00:00+00:00,37.9217,-98.0237,685.6875,1.9844675064086914,289.6685485839844,287.3311462402344,94450.0,22.499107360839844,13.434788220457309,26.625138038974562,0,0,EF0,CST-6,28-FEB-12 18:43:00
362966,2012-03-02T16:00:00+00:00,34.9904,-86.2433,1237.78125,18.53139305114746,292.8972473144531,290.30682373046875,96732.25,26.87323760986328,15.560569153617108,25.744038797053754,0,0,EF0,CST-6,02-MAR-12 10:09:00
356944,2012-01-23T05:00:00+00:00,34.0797,-90.7148,485.9375,1.234455943107605,291.759521484375,289.629638671875,100180.625,27.956340789794922,20.26893172376689,25.118846468648062,2,1,EF2,CST-6,22-JAN-12 22:34:00
361971,2012-01-25T15:00:00+00:00,30.7241,-95.5765,251.4375,,291.14691162109375,289.6132507324219,99973.6875,40.216148376464844,16.07371000937581,25.70569154505399,0,0,EF0,CST-6,25-JAN-12 09:06:00
361973,2012-01-25T15:00:00+00:00,30.7247,-95.5659,251.4375,,291.14691162109375,289.6132507324219,99973.6875,40.216148376464844,16.07371000937581,25.70569154505399,0,0,EF0,CST-6,25-JAN-12 09:09:00
363581,2012-01-23T13:00:00+00:00,32.7288,-86.6329,1062.5,1.9219564199447632,292.35723876953125,290.36712646484375,99540.9375,39.53782272338867,14.94883149298122,22.975178496399966,1,0,EF1,CST-6,23-JAN-12 06:36:00
364185,2012-02-29T06:00:00+00:00,37.55,-93.1902,418.65625,120.75004577636719,290.67950439453125,287.1109619140625,96434.375,28.410568237304688,17.15218246644923,29.100785389211815,1,0,EF1,CST-6,28-FEB-12 23:58:00
365587,2012-04-14T22:00:00+00:00,40.4923,-96.2579,708.9375,2.469010829925537,290.236572265625,289.8916015625,95733.375,36.04801559448242,4.63682070916608,25.3450309342937,2,1,EF2,CST-6,14-APR-12 15:56:00
356848,2012-01-17T22:00:00+00:00,31.079,-89.7422,183.0625,21.48443603515625,292.9976806640625,291.77001953125,100646.5625,39.40818405151367,14.179183876995879,19.63321116530715,2,1,EF2,CST-6,17-JAN-12 16:02:00
361313,2012-01-23T05:00:00+00:00,34.2617,-90.3036,524.53125,1.671955943107605,291.670654296875,289.521240234375,100012.625,31.889934539794922,20.22281448625704,25.740435071326104,0,0,EF0,CST-6,22-JAN-12 23:00:00
361991,2012-01-25T18:00:00+00:00,29.5691,-95.2846,913.34375,4.843944549560547,292.69879150390625,290.974853515625,100715.75,44.70531463623047,16.223899885463563,21.964894155693937,0,0,EF0,CST-6,25-JAN-12 12:05:00
361947,2012-01-25T13:00:00+00:00,30.2318,-96.3729,245.75,4.8907670974731445,292.01507568359375,290.33563232421875,99768.75,40.22146987915039,16.772014993935485,27.022822318752183,0,0,EF0,CST-6,25-JAN-12 07:17:00
364297,2012-01-23T10:00:00+00:00,33.7105,-86.5251,230.25,0.31314563751220703,290.09954833984375,288.48870849609375,98521.4375,36.5310173034668,19.15131536098364,27.17526744771178,1,0,EF1,CST-6,23-JAN-12 04:16:00
363567,2012-01-23T09:00:00+00:00,32.6567,-88.1705,1364.15625,0.363231897354126,293.97601318359375,292.3228759765625,100514.375,37.3825569152832,19.608346703168518,26.199949861917535,0,0,EF0,CST-6,23-JAN-12 03:21:00
365556,2012-04-15T23:00:00+00:00,35.4434,-92.2984,382.5,58.781272888183594,296.11767578125,290.524658203125,98071.125,40.30532455444336,17.01945478986964,23.847094510449622,1,0,EF1,CST-6,15-APR-12 17:11:00
365425,2012-04-15T00:00:00+00:00,39.0593,-97.3653,2136.4375,90.35939025878906,294.7529296875,291.443115234375,95156.75,28.255298614501953,17.776841991842417,17.284769296515517,1,0,EF1,CST-6,14-APR-12 18:17:00
362962,2012-03-02T16:00:00+00:00,34.985,-86.2552,1237.78125,18.53139305114746,292.8972473144531,290.30682373046875,96732.25,26.87323760986328,15.560569153617108,25.744038797053754,1,0,EF1,CST-6,02-MAR-12 10:08:00
362595,2012-02-29T22:00:00+00:00,36.0213,-85.5298,645.90625,29.703149795532227,291.08367919921875,289.209228515625,96379.5,31.39284896850586,16.039130458808526,23.825812064142113,0,0,EF0,CST-6,29-FEB-12 16:02:00
362597,2012-02-29T22:00:00+00:00,36.0114,-85.6422,797.53125,54.312522888183594,291.54949951171875,289.742431640625,97472.5,32.32937240600586,17.63439147768203,24.522534102252482,1,0,EF1,CST-6,29-FEB-12 15:58:00
361941,2012-01-25T13:00:00+00:00,30.4506,-96.73,618.09375,9.703267097473145,291.97210693359375,290.04364013671875,99637.75,41.82400894165039,16.156536753558903,28.94079976124679,1,0,EF1,CST-6,25-JAN-12 06:43:00
361953,2012-01-25T14:00:00+00:00,30.9667,-95.9702,275.8125,71.50016784667969,291.37554931640625,290.47747802734375,99889.3125,38.270484924316406,13.166133021673891,31.568196742301204,0,0,EF0,CST-6,25-JAN-12 08:00:00
363584,2012-01-23T14:00:00+00:00,32.5209,-86.4119,1146.21875,36.812522888183594,291.2100830078125,290.05718994140625,100287.6875,39.548641204833984,16.779124545500196,20.879913315307945,1,0,EF1,CST-6,23-JAN-12 07:48:00
359048,2012-02-29T01:00:00+00:00,37.9385,-98.0039,685.6875,1.9844675064086914,289.6685485839844,287.3311462402344,94450.0,22.499107360839844,13.434788220457309,26.625138038974562,0,0,EF0,CST-6,28-FEB-12 18:47:00
359049,2012-02-29T01:00:00+00:00,38.1828,-97.5105,559.0,14.953217506408691,289.5601501464844,287.4190368652344,94720.0,24.936607360839844,14.088050666880006,25.832488561677703,0,0,EF0,CST-6,28-FEB-12 19:17:00
366236,2012-04-15T04:00:00+00:00,40.8591,-96.9433,1443.8125,117.48441314697266,292.24658203125,289.0137634277344,94753.0625,32.58903121948242,18.34596275048325,26.500211370718844,1,0,EF1,CST-6,14-APR-12 22:26:00
355494,2012-01-23T01:00:00+00:00,33.8625,-92.3681,935.3125,0.4040328860282898,292.8714599609375,290.8507080078125,99595.3125,35.36496353149414,20.309112434243914,24.356750898017513,2,1,EF2,CST-6,22-JAN-12 19:27:00
354102,2012-01-17T16:00:00+00:00,38.3306,-85.758,220.6875,,286.94866943359375,284.9990234375,98467.8125,27.733661651611328,20.86492149890841,27.730410829162174,0,0,EF0,EST-5,17-JAN-12 11:06:00
354103,2012-01-17T16:00:00+00:00,38.7601,-85.4625,213.1875,,286.27874755859375,284.46875,97961.8125,26.619403839111328,18.400505570424574,28.707408939164516,0,0,EF0,EST-5,17-JAN-12 10:40:00
357706,2012-01-26T17:00:00+00:00,32.4383,-87.4989,381.75,1.068778395652771,292.98834228515625,291.34765625,100320.4375,41.618709564208984,11.880451628612223,19.4944868319331,0,0,EF0,CST-6,26-JAN-12 11:00:00
363358,2012-03-29T02:00:00+00:00,38.55,-96.21,890.125,43.640846252441406,291.6357421875,287.72198486328125,96732.1875,26.52259063720703,11.593162292281896,11.688914180505474,0,0,EF0,CST-6,28-MAR-12 19:32:00
365582,2012-04-14T22:00:00+00:00,40.4612,-96.3731,682.875,0.8596358895301819,289.823486328125,289.642578125,95338.375,35.42887496948242,4.1025726873718105,25.564920326728064,0,0,EF0,CST-6,14-APR-12 15:50:00
355177,2012-01-25T09:00:00+00:00,30.3221,-97.6536,1780.3125,5.392714023590088,292.0379638671875,291.5720520019531,98195.6875,36.72795104980469,18.317375266542836,22.08630869083855,1,0,EF1,CST-6,25-JAN-12 02:58:00
355176,2012-01-25T10:00:00+00:00,29.4556,-98.6645,338.78125,0.531353771686554,289.90313720703125,288.442138671875,97171.3125,34.96843338012695,9.763845711406201,10.644766963826614,0,0,EF0,CST-6,25-JAN-12 04:15:00
354105,2012-01-17T16:00:00+00:00,38.3075,-85.8888,244.6875,,286.89984130859375,284.978515625,98321.8125,27.146747589111328,19.72024931020278,27.259293197994232,1,0,EF1,EST-5,17-JAN-12 11:00:00
364295,2012-01-23T10:00:00+00:00,33.6228,-86.7411,291.1875,0.922520637512207,290.66107177734375,289.15472412109375,98783.4375,37.1648063659668,19.621881663766473,26.385754115437184,3,1,EF3,CST-6,23-JAN-12 03:58:00
356060,2012-02-04T14:00:00+00:00,30.7954,-93.3441,226.0,68.89085388183594,293.279052734375,292.6263427734375,101078.375,43.973697662353516,11.457194172491134,14.552281232032671,1,0,EF1,CST-6,04-FEB-12 07:59:00
359709,2012-02-29T10:00:00+00:00,36.9,-90.1891,914.0,64.7187728881836,290.6710205078125,287.4652099609375,99406.4375,31.921897888183594,19.745730817561487,26.382684189681534,3,1,EF3,CST-6,29-FEB-12 04:00:00
359710,2012-02-29T10:00:00+00:00,37.03,-89.8119,808.1875,120.8906478881836,290.7130126953125,287.6634521484375,99432.4375,31.368186950683594,19.828560718652323,25.525299049184255,1,0,EF1,CST-6,29-FEB-12 04:24:00
363533,2012-01-25T12:00:00+00:00,29.8544,-97.3407,339.5,0.06250122934579849,291.425537109375,290.0754699707031,99212.3125,40.16249084472656,14.931068491764321,22.980587891654658,0,0,EF0,CST-6,25-JAN-12 05:30:00
355179,2012-01-25T06:00:00+00:00,30.0675,-100.398,279.5,42.75007629394531,286.838623046875,285.811767578125,93373.5,28.033390045166016,0.7512950697406293,13.653508332220436,0,0,EF0,CST-6,24-JAN-12 23:30:00
354257,2012-01-17T15:00:00+00:00,38.3302,-86.9226,272.8125,,287.158935546875,285.37969970703125,98859.875,27.587539672851562,16.810555090382834,25.694415328810873,1,0,EF1,EST-5,17-JAN-12 09:54:00
354258,2012-01-17T15:00:00+00:00,38.2794,-86.9999,272.8125,,287.158935546875,285.37969970703125,98859.875,27.587539672851562,16.810555090382834,25.694415328810873,0,0,EF0,EST-5,17-JAN-12 09:44:00
364350,2012-01-23T11:00:00+00:00,32.7159,-87.2748,684.40625,3.2969982624053955,292.688232421875,290.8237609863281,100030.0,41.57044982910156,18.825401888887686,24.433080754452916,2,1,EF2,CST-6,23-JAN-12 04:37:00
360326,2012-03-03T18:00:00+00:00,31.008,-83.2517,582.625,1.4220390319824219,295.9483337402344,293.8154296875,99957.3125,47.112701416015625,14.513448998331361,15.137177100365983,2,1,EF2,EST-5,03-MAR-12 12:56:00
371919,2012-03-03T08:00:00+00:00,35.257,-80.687,721.25,0.06266436725854874,288.61175537109375,287.29620361328125,97874.875,37.14738464355469,16.5028235892386,29.934244894284472,2,1,EF2,EST-5,03-MAR-12 02:35:00
374002,2012-03-02T18:00:00+00:00,35.128,-85.1608,1169.1875,154.36354064941406,293.600341796875,290.49078369140625,97287.5,27.520233154296875,16.118637342897078,24.409864187765656,3,1,EF3,EST-5,02-MAR-12 12:41:00
359389,2012-03-02T21:00:00+00:00,38.6333,-85.4328,535.875,25.703147888183594,291.24365234375,288.66351318359375,97084.875,24.934814453125,18.760128354020715,30.832230336759356,2,1,EF2,EST-5,02-MAR-12 15:35:00
368180,2012-04-27T22:00:00+00:00,39.4537,-97.641,655.5625,131.8126220703125,290.759521484375,289.3834228515625,94674.0625,29.1024169921875,13.51231796214793,19.00790228137284,0,0,EF0,CST-6,27-APR-12 15:38:00
359078,2012-02-29T15:00:00+00:00,37.6199,-85.9034,418.28125,65.8281478881836,291.0245361328125,288.39447021484375,98262.9375,26.113441467285156,18.561244735671284,28.63697401117716,2,1,EF2,EST-5,29-FEB-12 09:55:00
366031,2012-03-03T00:00:00+00:00,38.0974,-82.2411,271.875,8.941859245300293,289.10504150390625,285.74212646484375,96186.4375,28.273059844970703,14.908078258029052,28.442550962230424,1,0,EF1,EST-5,02-MAR-12 18:57:00
366064,2012-03-03T01:00:00+00:00,38.1468,-82.157,336.125,7.526521682739258,288.78973388671875,286.3547058105469,96310.6875,31.302228927612305,14.485539578777752,29.749964013112663,1,0,EF1,EST-5,02-MAR-12 19:32:00
379512,2012-04-14T00:00:00+00:00,34.78,-99.2067,988.75,8.890682220458984,290.794677734375,289.852294921875,95622.5625,34.6483154296875,5.334841495862091,20.96397855069645,0,0,EF0,CST-6,13-APR-12 17:30:00
371844,2012-03-03T02:00:00+00:00,35.1845,-83.187,237.0,0.26396751403808594,286.3041687011719,284.59185791015625,89322.0625,23.28803062438965,0.2747816124402696,24.135472054111315,0,0,EF0,EST-5,02-MAR-12 21:03:00
365281,2012-04-15T00:00:00+00:00,41.0303,-94.4712,606.8125,22.390644073486328,290.9794921875,289.075927734375,95905.75,36.71135330200195,12.18463275273991,26.065349665486163,2,1,EF2,CST-6,14-APR-12 17:53:00
374103,2012-03-02T18:00:00+00:00,35.2306,-84.7154,849.75,125.3010482788086,292.344482421875,289.42633056640625,97126.5,27.448944091796875,16.0224245969158,25.23981056158126,1,0,EF1,EST-5,02-MAR-12 13:13:00
359380,2012-03-02T22:00:00+00:00,36.8685,-86.3141,672.75,28.823808670043945,293.79443359375,289.6268310546875,97286.1875,28.552589416503906,16.21934601287245,25.752731525489814,1,0,EF1,CST-6,02-MAR-12 16:05:00
368667,2012-04-29T02:00:00+00:00,32.98,-100.42,451.375,244.234375,298.434326171875,287.9064025878906,93993.625,30.09445571899414,6.785914998074056,9.665534849058917,0,0,EF0,CST-6,28-APR-12 19:45:00
366013,2012-03-02T23:00:00+00:00,37.974,-83.0155,467.875,15.437180519104004,290.448486328125,287.2304382324219,96456.3125,27.784523010253906,18.97134033772942,28.544237405403603,3,1,EF3,EST-5,02-MAR-12 18:10:00
366066,2012-03-03T01:00:00+00:00,37.8326,-82.4039,325.25,3.745271682739258,289.12664794921875,286.4181823730469,96256.6875,30.563947677612305,15.063161653623325,29.44082414603016,2,1,EF2,EST-5,02-MAR-12 19:38:00
359896,2012-03-02T20:00:00+00:00,38.4316,-86.1893,673.3125,12.828157424926758,288.477783203125,286.7802429199219,96957.0625,26.092727661132812,18.0687998790896,29.86187252483749,4,1,EF4,EST-5,02-MAR-12 14:50:00
366422,2012-03-21T09:00:00+00:00,30.073,-92.6798,1293.75,2.437613010406494,294.089111328125,293.0601806640625,100713.4375,40.34834289550781,23.58441065154688,21.41371553342075,1,0,EF1,CST-6,21-MAR-12 03:17:00
366418,2012-03-21T10:00:00+00:00,29.9746,-92.5181,1017.75,2.4687554836273193,295.89410400390625,293.5884094238281,100562.0,42.7737922668457,16.93785044314783,16.381806824511578,2,1,EF2,CST-6,21-MAR-12 03:40:00
372204,2012-03-03T00:00:00+00:00,36.3848,-85.1045,616.75,1.254359483718872,290.92437744140625,288.29486083984375,95452.4375,28.866809844970703,14.121955453445649,24.824368001093063,0,0,EF0,CST-6,02-MAR-12 17:56:00
374118,2012-03-02T18:00:00+00:00,35.2672,-84.5871,732.125,84.0197982788086,291.596435546875,288.74078369140625,96092.5,26.740936279296875,14.746326758223228,25.376573941998675,2,1,EF2,EST-5,02-MAR-12 13:25:00
374085,2012-03-02T19:00:00+00:00,35.3681,-84.3061,655.375,58.64719772338867,290.2744140625,287.90997314453125,94121.3125,24.204612731933594,11.19774545343467,25.528442500193442,2,1,EF2,EST-5,02-MAR-12 13:47:00
364383,2012-03-19T02:00:00+00:00,41.0149,-100.8717,680.8125,366.6094665527344,293.142822265625,284.3072814941406,89076.375,17.336606979370117,7.823467838999608,22.25741391694499,3,1,EF3,CST-6,18-MAR-12 20:10:00
364393,2012-03-19T03:00:00+00:00,42.9193,-100.5922,277.8125,592.78125,291.35205078125,285.254150390625,89962.25,17.70781707763672,10.334191781884916,19.590477041786794,0,0,EF0,CST-6,18-MAR-12 21:19:00
364384,2012-03-19T02:00:00+00:00,41.1153,-100.8614,680.8125,366.6094665527344,293.142822265625,284.3072814941406,89076.375,17.336606979370117,7.823467838999608,22.25741391694499,1,0,EF1,CST-6,18-MAR-12 20:13:00
366020,2012-03-02T23:00:00+00:00,37.9921,-82.9198,467.875,15.437180519104004,290.448486328125,287.2304382324219,96456.3125,27.784523010253906,18.97134033772942,28.544237405403603,3,1,EF3,EST-5,02-MAR-12 18:18:00
368709,2012-03-03T00:00:00+00:00,37.7012,-83.2745,373.25,14.269984245300293,290.09136962890625,287.25482177734375,96071.4375,30.839466094970703,14.457151099881031,29.35826927686417,1,0,EF1,EST-5,02-MAR-12 18:50:00
359707,2012-02-29T09:00:00+00:00,37.452,-90.1188,827.71875,175.2188720703125,291.3885498046875,289.8885498046875,97768.875,28.30392837524414,20.267811053437153,26.65073694026902,1,0,EF1,CST-6,29-FEB-12 03:20:00
364385,2012-03-19T02:00:00+00:00,41.1444,-100.8722,680.8125,366.6094665527344,293.142822265625,284.3072814941406,89076.375,17.336606979370117,7.823467838999608,22.25741391694499,3,1,EF3,CST-6,18-MAR-12 20:14:00
364386,2012-03-19T02:00:00+00:00,41.1745,-100.8688,503.8125,371.4219665527344,293.246337890625,283.7379455566406,89023.375,17.480161666870117,7.860454383185631,21.497403425736213,2,1,EF2,CST-6,18-MAR-12 20:18:00
368238,2012-02-29T10:00:00+00:00,37.4707,-89.8623,611.6875,9.687524795532227,289.2413330078125,286.4222412109375,98244.4375,31.549827575683594,19.78279315355015,31.916475256436563,2,1,EF2,CST-6,29-FEB-12 03:38:00
369033,2012-03-03T06:00:00+00:00,31.5876,-89.7643,512.0,1.0157837867736816,292.52508544921875,291.51617431640625,99516.125,40.09964370727539,10.702263552100591,20.293177639917648,0,0,EF0,CST-6,02-MAR-12 23:47:00
368120,2012-03-20T06:00:00+00:00,29.535,-98.412,1371.9375,249.4918212890625,293.685546875,292.23455810546875,97265.1875,37.194522857666016,14.033380082840802,16.30665833465023,0,0,EF0,CST-6,19-MAR-12 23:55:00
368119,2012-03-20T01:00:00+00:00,29.144,-98.942,1599.75,360.5157165527344,298.13623046875,291.9609069824219,97916.625,39.4985237121582,15.640388727169384,15.033342949367281,2,1,EF2,CST-6,19-MAR-12 18:50:00
368934,2012-03-03T00:00:00+00:00,31.1077,-89.5219,904.875,2.098109483718872,295.21441650390625,293.55853271484375,99788.4375,39.9136848449707,15.24903872967004,17.528952554614122,1,0,EF1,CST-6,02-MAR-12 18:23:00
361113,2012-03-19T01:00:00+00:00,35.1264,-99.5474,571.5,161.8750457763672,295.383544921875,287.1563415527344,94547.75,26.733251571655273,12.009273606532625,13.991886638278682,0,0,EF0,CST-6,18-MAR-12 18:37:00
366995,2012-04-15T00:00:00+00:00,41.027,-94.4806,606.8125,22.390644073486328,290.9794921875,289.075927734375,95905.75,36.71135330200195,12.18463275273991,26.065349665486163,1,0,EF1,CST-6,14-APR-12 17:52:00
370312,2012-03-02T23:00:00+00:00,37.9856,-82.9725,467.875,15.437180519104004,290.448486328125,287.2304382324219,96456.3125,27.784523010253906,18.97134033772942,28.544237405403603,1,0,EF1,EST-5,02-MAR-12 18:13:00
359385,2012-03-02T21:00:00+00:00,37.83,-86.6483,584.875,71.4531478881836,296.01708984375,290.53070068359375,97724.875,22.897705078125,23.006480056147367,30.674565780212937,2,1,EF2,CST-6,02-MAR-12 14:43:00
359386,2012-03-02T21:00:00+00:00,37.8815,-86.2367,477.0625,7.515647888183594,294.12158203125,290.75238037109375,97260.875,24.585205078125,21.849417854154197,32.68526621055391,0,0,EF0,EST-5,02-MAR-12 16:02:00
365151,2012-03-03T03:00:00+00:00,36.025,-83.7746,251.75,2.3246328830718994,289.1265869140625,287.900390625,96207.9375,29.245426177978516,14.083186432521128,24.223786148865596,0,0,EF0,EST-5,02-MAR-12 22:00:00
365152,2012-03-03T03:00:00+00:00,35.9228,-84.1722,203.5,1.0746327638626099,288.9371337890625,287.984375,96108.9375,28.974918365478516,13.119815936771472,22.470357191315237,0,0,EF0,EST-5,02-MAR-12 21:33:00
374190,2012-03-23T17:00:00+00:00,37.5177,-89.5226,691.4375,10.85939884185791,289.42138671875,286.0577087402344,99397.125,21.757030487060547,5.3605411437465635,18.494070979884178,1,0,EF1,CST-6,23-MAR-12 10:38:00
374200,2012-03-23T18:00:00+00:00,38.273,-88.814,226.9375,58.34385681152344,293.9228515625,285.2005920410156,99404.25,18.06939697265625,2.5906598357512025,18.443130479777626,2,1,EF2,CST-6,23-MAR-12 12:26:00
374196,2012-04-11T21:00:00+00:00,37.8778,-121.3328,55.875,,290.3095703125,279.888671875,101019.75,14.629898071289062,3.7144245793313795,4.901829452457027,0,0,EF0,PST-8,11-APR-12 13:00:00
366116,2012-03-22T02:00:00+00:00,32.0165,-89.0203,571.6875,14.21881103515625,293.638916015625,292.04547119140625,100252.625,42.34265899658203,15.866943295799821,16.021127923791738,0,0,EF0,CST-6,21-MAR-12 20:03:00
368118,2012-03-20T01:00:00+00:00,29.182,-98.841,1548.375,296.6094665527344,295.81396484375,291.7851257324219,97292.625,39.1684455871582,14.592779245297969,16.6463357386344,1,0,EF1,CST-6,19-MAR-12 19:05:00
366030,2012-03-03T00:00:00+00:00,38.0334,-82.5354,337.375,11.754359245300293,289.34136962890625,286.41107177734375,96599.4375,29.510364532470703,14.995092261313825,28.928118971191452,3,1,EF3,EST-5,02-MAR-12 18:38:00
393596,2012-03-02T18:00:00+00:00,38.0378,-88.1708,842.9375,0.09792277216911316,292.030029296875,289.60894775390625,98119.5,26.861053466796875,20.14019170876433,26.231676205442877,0,0,EF0,CST-6,02-MAR-12 12:28:00
368408,2012-04-21T14:00:00+00:00,29.7168,-84.7454,601.875,79.75360870361328,293.986572265625,291.57177734375,100727.9375,39.567909240722656,4.641095552899511,7.746306970891217,0,0,EF0,EST-5,21-APR-12 09:16:00
368234,2012-02-29T10:00:00+00:00,37.4689,-89.9047,611.6875,9.687524795532227,289.2413330078125,286.4222412109375,98244.4375,31.549827575683594,19.78279315355015,31.916475256436563,2,1,EF2,CST-6,29-FEB-12 03:34:00
369769,2012-03-12T01:00:00+00:00,32.8775,-91.4978,8.125,,293.3466796875,289.6241455078125,101351.8125,37.74225616455078,17.207882998701976,24.3051685302459,0,0,EF0,CST-6,11-MAR-12 18:57:00
369876,2012-03-03T00:00:00+00:00,36.2898,-85.4929,584.625,3.988734483718872,291.37750244140625,288.76751708984375,96265.4375,29.137317657470703,15.766318030106616,24.713906659805417,1,0,EF1,CST-6,02-MAR-12 17:31:00
365929,2012-03-21T16:00:00+00:00,32.0713,-90.904,242.1875,98.39076232910156,295.48486328125,291.99578857421875,100463.75,40.661712646484375,21.533499888677557,20.225334279195803,2,1,EF2,CST-6,21-MAR-12 09:51:00
373099,2012-03-20T01:00:00+00:00,35.5205,-94.9951,69.0,33.56257629394531,290.90185546875,289.5214538574219,98050.625,35.0375862121582,16.177667643315836,23.744621166934223,0,0,EF0,CST-6,19-MAR-12 19:20:00
365948,2012-03-21T19:00:00+00:00,32.2918,-89.8404,323.375,39.43751525878906,294.979736328125,291.025634765625,99872.5625,42.140567779541016,17.593958950362822,18.343834695539602,2,1,EF2,CST-6,21-MAR-12 13:04:00
369877,2012-03-03T00:00:00+00:00,36.302,-85.4673,584.625,3.988734483718872,291.37750244140625,288.76751708984375,96265.4375,29.137317657470703,15.766318030106616,24.713906659805417,2,1,EF2,CST-6,02-MAR-12 17:33:00
368505,2012-03-29T02:00:00+00:00,38.08,-96.13,478.9375,80.2345962524414,291.66015625,288.22100830078125,96735.1875,22.56262969970703,12.278593452824817,11.305379480881166,0,0,EF0,CST-6,28-MAR-12 19:37:00
365931,2012-03-21T16:00:00+00:00,32.1242,-90.893,242.1875,98.39076232910156,295.48486328125,291.99578857421875,100463.75,40.661712646484375,21.533499888677557,20.225334279195803,2,1,EF2,CST-6,21-MAR-12 09:54:00
365940,2012-03-21T16:00:00+00:00,32.3001,-90.8592,202.125,95.81263732910156,295.74755859375,291.74090576171875,100650.75,40.383392333984375,21.819249378640297,21.09537056883952,1,0,EF1,CST-6,21-MAR-12 10:11:00
374041,2012-03-01T07:00:00+00:00,35.8273,-83.8022,458.3125,0.17200104892253876,288.76739501953125,287.46746826171875,95576.125,15.078004837036133,10.334768938853069,20.913746005770122,0,0,EF0,EST-5,01-MAR-12 02:05:00
363179,2012-03-21T15:00:00+00:00,30.2836,-90.9638,763.1875,1.2657110691070557,294.30810546875,292.9273681640625,101085.125,45.0190544128418,17.758616630249897,16.341551782677115,1,0,EF1,CST-6,21-MAR-12 08:34:00
365283,2012-04-15T02:00:00+00:00,41.2498,-92.5092,353.3125,150.89498901367188,292.754150390625,288.848388671875,97641.3125,35.75214385986328,12.02840861398821,22.87917513244645,1,0,EF1,CST-6,14-APR-12 20:22:00
366760,2012-04-21T18:00:00+00:00,46.82,-96.5,174.0,,284.096923828125,280.4541015625,97063.0625,13.698328018188477,4.556740576518072,7.285086049211811,0,0,EF0,CST-6,21-APR-12 11:41:00
365991,2012-03-09T17:00:00+00:00,21.3927,-157.7154,175.625,,293.0933837890625,289.7472229003906,101182.5625,30.68185043334961,5.170487877137643,9.656242369120184,0,0,EF0,HST-10,09-MAR-12 07:10:00
368506,2012-03-29T02:00:00+00:00,38.1068,-96.0679,245.3125,186.98458862304688,291.931640625,288.42218017578125,97226.1875,22.01282501220703,11.36034224338812,10.956146915852473,0,0,EF0,CST-6,28-MAR-12 20:17:00
371414,2012-04-14T23:00:00+00:00,41.093,-100.7386,792.8125,4.74339485168457,287.947509765625,285.5048828125,89467.4375,25.03518295288086,3.3923998629004917,10.513572757865756,0,0,EF0,CST-6,14-APR-12 16:47:00
371415,2012-04-15T00:00:00+00:00,40.8377,-100.8094,542.1875,55.45314407348633,285.8466796875,284.436279296875,89464.75,20.540454864501953,2.4539433735381464,19.66074956304122,0,0,EF0,CST-6,14-APR-12 17:36:00
362536,2012-03-23T19:00:00+00:00,38.0855,-85.6225,700.375,61.00177764892578,292.332275390625,291.4290771484375,99008.5,29.532896041870117,8.71815107464705,16.588049097654668,1,0,EF1,EST-5,23-MAR-12 14:07:00
362553,2012-03-23T19:00:00+00:00,38.1489,-85.2886,369.375,48.36115264892578,292.603759765625,291.1868896484375,98661.5,32.62371826171875,8.347292398937716,16.565584094521657,1,0,EF1,EST-5,23-MAR-12 14:28:00
360328,2012-03-03T18:00:00+00:00,31.0254,-83.185,582.625,1.4220390319824219,295.9483337402344,293.8154296875,99957.3125,47.112701416015625,14.513448998331361,15.137177100365983,3,1,EF3,EST-5,03-MAR-12 13:00:00
371434,2012-04-15T19:00:00+00:00,42.0,-98.48,90.125,,290.314208984375,274.476318359375,91755.8125,15.181743621826172,2.639070248798918,13.197970925126329,0,0,EF0,CST-6,15-APR-12 12:55:00
371436,2012-04-15T18:00:00+00:00,41.8258,-98.6046,38.625,,288.949951171875,274.24169921875,91359.125,13.43361759185791,0.9832107659090411,3.1614700648783267,0,0,EF0,CST-6,15-APR-12 12:05:00
373438,2012-05-27T22:00:00+00:00,41.9,-97.97,2036.9375,14.234541893005371,299.6748046875,292.3906555175781,93599.25,39.89268112182617,4.096381447851616,12.663112775125937,0,0,EF0,CST-6,27-MAY-12 16:06:00
373444,2012-05-27T23:00:00+00:00,41.82,-97.87,1466.6875,30.000226974487305,296.532470703125,292.65057373046875,93603.75,42.631256103515625,4.051858684695566,15.361190422945256,0,0,EF0,CST-6,27-MAY-12 17:05:00
373906,2012-05-30T02:00:00+00:00,33.31,-80.36,88.0625,50.1250114440918,296.359619140625,294.5631103515625,100473.5625,56.57011795043945,10.880573473062263,10.282704106326536,1,0,EF1,EST-5,29-MAY-12 21:03:00
366728,2012-03-03T01:00:00+00:00,36.5827,-83.6789,553.75,0.8858967423439026,289.16180419921875,286.5441589355469,95129.6875,28.466291427612305,14.399120429838337,25.14174620393831,2,1,EF2,EST-5,02-MAR-12 20:26:00
370183,2012-05-04T23:00:00+00:00,43.5353,-93.7538,780.375,62.39064025878906,294.194580078125,289.93798828125,96845.0,37.81060791015625,2.090199414926695,12.512797630494365,0,0,EF0,CST-6,04-MAY-12 16:45:00
366416,2012-03-12T04:00:00+00:00,30.27,-92.62,528.9375,61.859474182128906,292.72607421875,291.9281311035156,101793.3125,38.91660690307617,14.008704258873205,11.476005714400062,1,0,EF1,CST-6,11-MAR-12 22:02:00
365642,2012-04-14T22:00:00+00:00,40.6807,-95.8905,472.3125,6.234635829925537,289.924072265625,289.369140625,96153.375,36.20426559448242,4.210472893528633,24.463594795807847,1,0,EF1,CST-6,14-APR-12 16:21:00
362791,2012-03-01T01:00:00+00:00,35.6911,-84.1285,552.9375,5.000018119812012,291.4476623535156,288.17791748046875,97023.125,27.093364715576172,17.656962353778507,27.384612190367843,0,0,EF0,EST-5,29-FEB-12 19:30:00
368122,2012-03-20T09:00:00+00:00,28.881,-97.7177,1126.3125,407.32818603515625,293.9515380859375,290.8981018066406,98915.5,37.35536575317383,19.652281377468594,20.05285095704127,0,0,EF0,CST-6,20-MAR-12 03:05:00
367954,2012-03-20T01:00:00+00:00,29.245,-98.761,1285.125,215.2188262939453,296.73876953125,292.1659851074219,97564.625,38.1772346496582,14.249370960631229,15.812811374103141,2,1,EF2,CST-6,19-MAR-12 19:22:00
359384,2012-03-02T21:00:00+00:00,37.8345,-86.7814,584.875,71.4531478881836,296.01708984375,290.53070068359375,97724.875,22.897705078125,23.006480056147367,30.674565780212937,1,0,EF1,CST-6,02-MAR-12 14:38:00
359388,2012-03-02T21:00:00+00:00,38.6563,-85.3236,651.75,22.171897888183594,290.65185546875,288.00628662109375,96789.875,25.621337890625,18.704673010074014,29.809961632266802,3,1,EF3,EST-5,02-MAR-12 15:41:00
373982,2012-03-02T19:00:00+00:00,38.083,-87.8494,567.6875,2.928448438644409,292.0546875,289.76055908203125,98132.3125,25.197776794433594,19.199418042366975,28.812881045724605,2,1,EF2,CST-6,02-MAR-12 12:37:00
374189,2012-03-23T17:00:00+00:00,37.3264,-89.5046,333.375,24.765647888183594,290.04345703125,286.2901306152344,99695.125,21.089061737060547,5.094000939612257,17.33339535661329,0,0,EF0,CST-6,23-MAR-12 10:33:00
374197,2012-03-23T17:00:00+00:00,37.9472,-89.1812,542.5,30.687522888183594,291.34716796875,286.1885681152344,99566.125,21.508007049560547,4.1703018383882124,18.350141111331933,1,0,EF1,CST-6,23-MAR-12 11:24:00
365282,2012-04-15T01:00:00+00:00,41.1884,-93.6702,633.5625,65.62504577636719,291.77587890625,288.9656982421875,96815.6875,37.24677276611328,13.01738797417164,24.625825587516175,1,0,EF1,CST-6,14-APR-12 18:54:00
359918,2012-03-02T21:00:00+00:00,38.5374,-85.2893,701.0625,27.015647888183594,291.39208984375,288.65374755859375,96922.875,26.151611328125,18.067400679045857,30.360221103111847,0,0,EF0,EST-5,02-MAR-12 16:01:00
359079,2012-02-29T16:00:00+00:00,37.4819,-86.1576,415.25,2.709766149520874,291.65716552734375,288.855224609375,98451.0,29.77404022216797,16.72481603753385,24.270207962984223,2,1,EF2,CST-6,29-FEB-12 09:42:00
373425,2012-05-24T23:00:00+00:00,41.7164,-97.6028,0.0,,292.2998046875,284.0252685546875,94041.3125,17.748247146606445,1.7955470592443783,16.155672407355237,2,1,EF2,CST-6,24-MAY-12 16:36:00
366420,2012-03-21T13:00:00+00:00,29.6777,-91.3063,738.625,6.7657270431518555,295.4738464355469,293.72943115234375,101011.3125,43.63988494873047,15.923753796425027,14.458849918617942,0,0,EF0,CST-6,21-MAR-12 07:10:00
366423,2012-03-21T11:00:00+00:00,29.8816,-92.1028,884.8125,8.312578201293945,295.7701416015625,293.70147705078125,100733.75,43.72516632080078,15.501818293117486,14.411446537583432,0,0,EF0,CST-6,21-MAR-12 04:53:00
360508,2012-03-12T23:00:00+00:00,43.7124,-84.5681,147.1875,6.87504768371582,287.46533203125,286.070068359375,97931.8125,27.197498321533203,14.472082022628749,26.400592626567423,1,0,EF1,EST-5,12-MAR-12 17:43:00
359390,2012-03-02T21:00:00+00:00,38.5154,-85.8758,479.75,6.734397888183594,290.00732421875,288.09124755859375,97055.875,23.392822265625,19.47473307259728,32.02100274578454,1,0,EF1,EST-5,02-MAR-12 15:30:00
359713,2012-02-29T10:00:00+00:00,37.5555,-89.5207,630.5625,105.9375228881836,289.7774658203125,287.2093505859375,98838.4375,32.324241638183594,20.783100854633048,29.649845770167417,2,1,EF2,CST-6,29-FEB-12 04:00:00
359690,2012-02-29T10:00:00+00:00,37.63,-89.05,669.1875,189.46878051757812,289.6768798828125,287.5697021484375,98821.4375,29.223655700683594,21.690723861662818,27.21961053059089,2,1,EF2,CST-6,29-FEB-12 04:26:00
359692,2012-02-29T11:00:00+00:00,37.11,-89.2,810.9375,73.0781478881836,290.6824951171875,287.8391418457031,99671.125,32.15801239013672,20.385272999504558,25.77185336381375,2,1,EF2,CST-6,29-FEB-12 05:00:00
359697,2012-02-29T11:00:00+00:00,37.771,-88.3751,839.59375,71.9062728881836,290.2127685546875,287.8674621582031,99188.125,34.16973114013672,19.704548780525524,30.009570097829947,4,1,EF4,CST-6,29-FEB-12 05:04:00
365575,2012-02-29T09:00:00+00:00,37.3983,-90.5331,901.8125,136.8751220703125,291.6453857421875,290.0477294921875,98145.875,29.59396743774414,20.236182968149766,27.733623878476582,2,1,EF2,CST-6,29-FEB-12 02:55:00
360696,2012-02-28T23:00:00+00:00,39.5788,-97.9836,280.625,32.21889114379883,287.80926513671875,285.06060791015625,94539.5625,18.065597534179688,15.792026563078167,23.464594644918012,0,0,EF0,CST-6,28-FEB-12 17:28:00
371938,2012-03-03T08:00:00+00:00,35.264,-80.659,721.25,0.06266436725854874,288.61175537109375,287.29620361328125,97874.875,37.14738464355469,16.5028235892386,29.934244894284472,2,1,EF2,EST-5,03-MAR-12 02:37:00
378445,2012-03-02T20:00:00+00:00,35.536,-83.434,354.0625,141.07815551757812,286.680908203125,284.7987976074219,89885.0625,20.005813598632812,0.5122832557142553,25.291281772729043,0,0,EF0,EST-5,02-MAR-12 14:52:00
362955,2012-03-15T21:00:00+00:00,42.3956,-83.9571,1337.5,48.59376525878906,297.015625,289.0585632324219,98309.125,25.550323486328125,8.393547289728417,6.062487110613958,3,1,EF3,EST-5,15-MAR-12 16:18:00
359916,2012-03-02T20:00:00+00:00,38.6061,-85.5808,744.4375,22.125032424926758,289.804931640625,287.1366882324219,97077.0625,26.895462036132812,15.768504657128602,27.49214012679776,4,1,EF4,EST-5,02-MAR-12 15:25:00
371398,2012-04-14T22:00:00+00:00,41.1142,-100.7828,1104.25,22.828386306762695,289.727783203125,286.138671875,89286.375,22.029460906982422,1.5513633308116959,10.292005624785567,0,0,EF0,CST-6,14-APR-12 16:18:00
359080,2012-02-29T16:00:00+00:00,37.5566,-85.7672,475.8125,21.084766387939453,291.88470458984375,288.491943359375,98336.0,28.86974334716797,17.068766466343998,25.171545020534687,2,1,EF2,EST-5,29-FEB-12 11:05:00
365951,2012-03-21T21:00:00+00:00,31.4219,-89.2508,391.875,0.8127084374427795,294.38720703125,291.07025146484375,100396.75,43.0458869934082,16.615668716756453,11.858506973806792,0,0,EF0,CST-6,21-MAR-12 15:00:00
374045,2012-03-02T18:00:00+00:00,35.1733,-85.0051,899.875,165.56666564941406,292.746826171875,289.78472900390625,97501.5,27.566131591796875,16.154615914378887,25.01933073550706,2,1,EF2,EST-5,02-MAR-12 12:53:00
366424,2012-03-21T11:00:00+00:00,29.9477,-92.0917,746.25,7.859452724456787,295.5386962890625,293.63507080078125,100691.75,43.38922882080078,17.56275551936683,15.540083305682147,1,0,EF1,CST-6,21-MAR-12 04:59:00
359915,2012-03-02T20:00:00+00:00,38.6096,-85.57,744.4375,22.125032424926758,289.804931640625,287.1366882324219,97077.0625,26.895462036132812,15.768504657128602,27.49214012679776,4,1,EF4,EST-5,02-MAR-12 15:26:00
372674,2012-03-02T23:00:00+00:00,35.5031,-84.942,653.875,2.030930757522583,290.503173828125,288.0097351074219,96027.3125,27.139991760253906,14.476671403756054,24.178715972684913,0,0,EF0,EST-5,02-MAR-12 17:52:00
372675,2012-03-02T17:00:00+00:00,35.05,-85.5416,1106.875,,293.294189453125,289.90643310546875,96641.0,26.71511459350586,15.915312743993187,25.791872671914522,1,0,EF1,CST-6,02-MAR-12 11:15:00
359081,2012-02-29T16:00:00+00:00,37.5607,-85.7295,475.8125,21.084766387939453,291.88470458984375,288.491943359375,98336.0,28.86974334716797,17.068766466343998,25.171545020534687,2,1,EF2,EST-5,29-FEB-12 11:12:00
359082,2012-02-29T19:00:00+00:00,37.1343,-85.6843,376.5,14.952459335327148,291.798828125,289.4380187988281,98039.8125,32.657257080078125,18.628580991670884,29.642898495090883,1,0,EF1,CST-6,29-FEB-12 12:47:00
359076,2012-02-29T19:00:00+00:00,37.1185,-85.0814,399.3125,6.327459812164307,291.30078125,288.8520812988281,97604.8125,31.539091110229492,18.95281991195185,28.211165896722957,2,1,EF2,CST-6,29-FEB-12 13:22:00
366764,2012-04-21T18:00:00+00:00,46.3788,-96.6058,93.4375,,286.292236328125,280.3125,97447.0625,12.958093643188477,4.649718173648996,9.431204541572464,0,0,EF0,CST-6,21-APR-12 11:35:00
361724,2012-02-29T19:00:00+00:00,37.8744,-83.3714,133.1875,27.96808433532715,292.9228515625,288.2143859863281,97219.8125,30.712919235229492,18.13078305479498,28.290501304912368,2,1,EF2,EST-5,29-FEB-12 13:42:00
366096,2012-03-21T23:00:00+00:00,31.7272,-89.3293,203.0,38.29692077636719,293.157958984375,292.3736877441406,100220.25,43.38072204589844,18.010719332761674,14.203450903992469,0,0,EF0,CST-6,21-MAR-12 16:31:00
365679,2012-04-15T06:00:00+00:00,41.2727,-95.7393,1505.75,187.89065551757812,291.35791015625,288.7243347167969,95672.3125,32.49894714355469,17.670393109786303,26.07298834242874,1,0,EF1,CST-6,14-APR-12 23:55:00
367960,2012-03-02T23:00:00+00:00,36.2898,-85.4929,569.75,9.077805519104004,291.885009765625,287.5087585449219,96022.3125,26.648780822753906,14.42661315947838,23.44322522144709,2,1,EF2,CST-6,02-MAR-12 17:26:00
360701,2012-02-29T01:00:00+00:00,41.55,-98.6074,142.25,13.250092506408691,282.0601501464844,280.9141540527344,92087.0,15.490318298339844,11.316757106102909,21.469093726816826,0,0,EF0,CST-6,28-FEB-12 19:00:00
373102,2012-03-20T03:00:00+00:00,35.5753,-94.4545,0.0,47.43769073486328,291.71923828125,288.974365234375,97696.4375,28.493019104003906,16.194338118354977,22.32712637253488,1,0,EF1,CST-6,19-MAR-12 20:52:00
373108,2012-03-20T03:00:00+00:00,36.0851,-94.1375,0.0,,290.31884765625,287.737060546875,95813.4375,25.949073791503906,14.690131773079093,23.251561767983418,0,0,EF0,CST-6,19-MAR-12 21:20:00
362964,2012-03-15T23:00:00+00:00,43.1261,-83.4336,910.125,139.29705810546875,294.2138671875,288.43853759765625,98409.6875,27.49607276916504,6.796866005288384,8.136071951819469,2,1,EF2,EST-5,15-MAR-12 17:49:00
373346,2012-05-18T20:00:00+00:00,42.2527,-104.8455,93.4375,,298.489990234375,271.921142578125,83377.6875,13.756294250488281,0.3961778250542841,3.054290092607418,0,0,EF0,MST-7,18-MAY-12 13:09:00
371401,2012-04-14T22:00:00+00:00,40.95,-100.87,947.3125,17.234636306762695,289.543212890625,285.9287109375,88975.375,22.417156219482422,1.0799682793114882,8.721092392953999,0,0,EF0,CST-6,14-APR-12 16:27:00
374127,2012-03-01T06:00:00+00:00,36.63,-82.2165,354.09375,1.6407594680786133,288.0048522949219,286.3843994140625,94392.25,17.472219467163086,10.685580603847226,21.154569043198183,0,0,EF0,EST-5,01-MAR-12 00:32:00
374202,2012-03-23T17:00:00+00:00,37.7599,-89.2742,471.9375,9.43752384185791,290.69775390625,286.0284118652344,99543.125,21.399608612060547,4.182911935957896,19.230745784248207,0,0,EF0,CST-6,23-MAR-12 11:14:00
372598,2012-04-14T23:00:00+00:00,41.0799,-100.7984,792.8125,4.74339485168457,287.947509765625,285.5048828125,89467.4375,25.03518295288086,3.3923998629004917,10.513572757865756,0,0,EF0,CST-6,14-APR-12 16:32:00
366546,2012-03-19T12:00:00+00:00,39.7715,-98.0431,290.875,48.89811706542969,290.550048828125,287.6309814453125,94668.125,26.594463348388672,10.405514579124238,15.832098319321451,0,0,EF0,CST-6,19-MAR-12 05:55:00
368121,2012-03-20T06:00:00+00:00,29.488,-98.377,1371.9375,249.4918212890625,293.685546875,292.23455810546875,97265.1875,37.194522857666016,14.033380082840802,16.30665833465023,0,0,EF0,CST-6,19-MAR-12 23:59:00
368123,2012-03-02T22:00:00+00:00,36.0973,-87.1214,1435.0,41.69880676269531,293.89697265625,289.7889404296875,97303.1875,27.272315979003906,15.524288726380828,24.0289512891596,1,0,EF1,CST-6,02-MAR-12 15:48:00
372652,2012-03-21T15:00:00+00:00,35.73,-76.63,61.0625,,293.85791015625,289.6187744140625,102562.125,28.979991912841797,1.0796679191366454,4.578488487431848,0,0,EF0,EST-5,21-MAR-12 10:00:00
371411,2012-04-14T22:00:00+00:00,41.0356,-100.8195,1104.25,22.828386306762695,289.727783203125,286.138671875,89286.375,22.029460906982422,1.5513633308116959,10.292005624785567,0,0,EF0,CST-6,14-APR-12 16:28:00
371406,2012-04-14T22:00:00+00:00,41.0351,-100.8195,1104.25,22.828386306762695,289.727783203125,286.138671875,89286.375,22.029460906982422,1.5513633308116959,10.292005624785567,0,0,EF0,CST-6,14-APR-12 16:28:00
372686,2012-03-02T23:00:00+00:00,35.0475,-85.5362,566.125,4.546555519104004,291.207275390625,288.8056335449219,96342.3125,28.490577697753906,14.331442127821173,22.654220730359793,1,0,EF1,CST-6,02-MAR-12 17:10:00
373771,2012-03-03T02:00:00+00:00,36.5815,-83.5322,414.25,0.8577175140380859,287.5219421386719,285.98443603515625,94829.0625,27.32123374938965,13.18694568648607,25.463983069044,1,0,EF1,EST-5,02-MAR-12 20:45:00
430360,2012-03-17T23:00:00+00:00,36.63,-120.32,38.5625,,283.72705078125,278.99737548828125,97479.25,13.26501178741455,1.5325939929623487,3.0951641308826443,0,0,EF0,PST-8,17-MAR-12 14:30:00
359077,2012-02-29T19:00:00+00:00,37.1185,-84.9761,399.3125,6.327459812164307,291.30078125,288.8520812988281,97604.8125,31.539091110229492,18.95281991195185,28.211165896722957,2,1,EF2,EST-5,29-FEB-12 14:26:00
366428,2012-04-14T19:00:00+00:00,42.1429,-96.0131,19.75,,294.2578125,285.0546569824219,96507.125,24.458040237426758,5.530906808419443,7.645810882759219,0,0,EF0,CST-6,14-APR-12 13:28:00
386303,2012-07-10T22:00:00+00:00,35.42,-76.07,714.625,40.20320129394531,298.322021484375,296.8056640625,101324.5625,58.75442886352539,3.575360691213561,6.090097975689691,0,0,EF0,EST-5,10-JUL-12 16:40:00
409087,2012-08-21T20:00:00+00:00,38.2809,-114.0446,286.0,3.070830821990967,300.181396484375,281.218505859375,79642.5,22.8698673248291,0.10466977739538792,1.5296790634463697,0,0,EF0,MST-7,21-AUG-12 13:11:00
409451,2012-08-07T22:00:00+00:00,38.5103,-76.6628,863.5,80.18751525878906,300.37353515625,296.654052734375,101102.875,41.71705627441406,0.8875771430005402,3.128447275901333,0,0,EF0,EST-5,07-AUG-12 16:55:00
403691,2012-08-23T23:00:00+00:00,38.4256,-102.2394,183.625,,300.562744140625,287.571533203125,87412.875,34.9877815246582,0.3172225783006509,7.345448869009481,0,0,EF0,MST-7,23-AUG-12 16:23:00
402183,2012-08-31T23:00:00+00:00,39.6371,-90.0916,327.125,54.00028991699219,299.1435546875,295.787841796875,99186.4375,62.24616622924805,11.465647424698187,11.620009082735665,0,0,EF0,CST-6,31-AUG-12 16:32:00
407001,2012-08-09T16:00:00+00:00,46.73,-92.04,529.0,22.593769073486328,291.838623046875,287.4970703125,98440.4375,22.712417602539062,1.1313490212010888,2.378833646397673,0,0,EF0,CST-6,09-AUG-12 10:11:00
373987,2012-03-02T19:00:00+00:00,38.0924,-87.5707,669.0,8.850323677062988,292.4453125,290.07501220703125,98055.3125,26.904808044433594,19.020033641320463,28.483574497114297,0,0,EF0,CST-6,02-MAR-12 13:00:00
409679,2012-09-01T17:00:00+00:00,40.8944,-89.1222,160.5,0.4377930760383606,295.965087890625,294.4941101074219,98935.375,57.296852111816406,8.822279568846287,6.986429790626734,0,0,EF0,CST-6,01-SEP-12 11:03:00
409681,2012-09-01T17:00:00+00:00,40.9265,-89.1672,136.25,7.125293254852295,296.273681640625,294.7841491699219,99111.375,58.841773986816406,9.190352696279556,5.552762324336237,0,0,EF0,CST-6,01-SEP-12 11:08:00
412720,2012-09-18T20:00:00+00:00,35.82,-78.34,552.375,28.828187942504883,297.491943359375,294.417236328125,99922.1875,53.11456298828125,12.361486195987467,16.78479173256666,0,0,EF0,EST-5,18-SEP-12 14:38:00
409682,2012-09-01T18:00:00+00:00,40.9624,-89.447,269.5,1.0447938442230225,295.875732421875,294.403564453125,99027.25,57.2995491027832,9.341437283750105,6.6224187491154956,0,0,EF0,CST-6,01-SEP-12 11:32:00
409683,2012-09-01T18:00:00+00:00,41.0485,-89.687,270.75,1.3260438442230225,296.218505859375,294.708251953125,98858.25,57.3151741027832,9.00529246286113,6.031291187865703,0,0,EF0,CST-6,01-SEP-12 12:08:00
369714,2012-03-02T16:00:00+00:00,38.5528,-89.6933,350.03125,14.937642097473145,288.8874816894531,287.39569091796875,97896.25,22.97968292236328,18.97327784064227,26.3302232011438,0,0,EF0,CST-6,02-MAR-12 10:11:00
396962,2012-08-30T08:00:00+00:00,31.19,-86.14,432.625,11.722505569458008,297.970458984375,296.457763671875,100236.5,52.46384811401367,13.774407462623715,14.704588794537134,1,0,EF1,CST-6,30-AUG-12 01:44:00
366410,2012-04-15T19:00:00+00:00,42.58,-98.04,392.375,23.437511444091797,291.970458984375,271.656982421875,93014.8125,13.378032684326172,4.014650728244327,12.419091307542242,0,0,EF0,CST-6,15-APR-12 13:27:00
383248,2012-07-12T22:00:00+00:00,47.71,-97.08,393.375,84.00005340576172,301.529296875,291.495361328125,97857.9375,36.362728118896484,1.8842992920684656,2.302776450421908,1,0,EF1,CST-6,12-JUL-12 15:38:00
396963,2012-08-30T08:00:00+00:00,31.196,-86.14,432.625,11.722505569458008,297.970458984375,296.457763671875,100236.5,52.46384811401367,13.774407462623715,14.704588794537134,0,0,EF0,CST-6,30-AUG-12 01:45:00
414463,2012-09-01T22:00:00+00:00,42.52,-113.5611,419.625,51.34393310546875,297.599853515625,283.88427734375,85937.9375,22.0372314453125,0.2840133405890457,3.315189954785808,0,0,EF0,MST-7,01-SEP-12 15:20:00
414464,2012-09-01T23:00:00+00:00,42.4422,-113.4975,332.875,126.65628814697266,294.068359375,286.49365234375,86035.5,22.52072525024414,0.2179554190757093,5.349202593276371,0,0,EF0,MST-7,01-SEP-12 15:40:00
391635,2012-06-01T22:00:00+00:00,45.65,-98.32,13.5,4.000023365020752,290.889404296875,285.66455078125,96234.5625,20.97595977783203,4.206526037834206,13.675350306278172,0,0,EF0,CST-6,01-JUN-12 16:27:00
391645,2012-06-02T02:00:00+00:00,44.7,-97.64,139.75,14.639439582824707,287.171875,284.970458984375,95004.9375,19.253894805908203,4.622788409997778,16.645266007913577,0,0,EF0,CST-6,01-JUN-12 19:48:00
391650,2012-06-02T02:00:00+00:00,44.58,-97.64,116.625,34.42068862915039,287.6123046875,285.200927734375,95269.9375,19.354480743408203,5.223812258287581,17.815407574864555,0,0,EF0,CST-6,01-JUN-12 20:14:00
409678,2012-09-01T17:00:00+00:00,40.8415,-89.0868,155.75,1.3596680164337158,296.059814453125,294.4833679199219,98924.375,56.886695861816406,9.381563363639604,7.379499927826392,0,0,EF0,CST-6,01-SEP-12 10:48:00
387527,2012-07-30T15:00:00+00:00,35.8288,-75.617,1519.375,25.9227294921875,298.61669921875,295.6983947753906,101664.0,40.069766998291016,1.3469205181245385,4.0681867255032,0,0,EF0,EST-5,30-JUL-12 10:01:00
403499,2012-08-02T00:00:00+00:00,32.61,-80.12,2191.875,112.09385681152344,301.05078125,297.72998046875,101144.1875,43.08074951171875,5.574471982032014,8.797103513018472,0,0,EF0,EST-5,01-AUG-12 19:17:00
409685,2012-09-01T18:00:00+00:00,41.1198,-89.7729,270.75,1.3260438442230225,296.218505859375,294.708251953125,98858.25,57.3151741027832,9.00529246286113,6.031291187865703,0,0,EF0,CST-6,01-SEP-12 12:24:00
404743,2012-07-31T18:00:00+00:00,40.4411,-88.3735,2551.5,63.340232849121094,305.51708984375,293.88671875,98609.125,34.50060272216797,3.0181236958557744,8.319457399709412,0,0,EF0,CST-6,31-JUL-12 12:18:00
409167,2012-08-30T16:00:00+00:00,31.9,-88.283,628.75,27.004119873046875,298.136474609375,296.667724609375,100471.625,60.93513488769531,18.070303655746784,20.203326309195656,0,0,EF0,CST-6,30-AUG-12 09:58:00
409095,2012-09-17T21:00:00+00:00,31.1077,-86.0501,384.0625,33.99494171142578,297.4580078125,294.83154296875,100367.6875,50.31879425048828,9.170655622469319,11.975059844204903,0,0,EF0,CST-6,17-SEP-12 15:12:00
371786,2012-05-06T22:00:00+00:00,40.7651,-87.6868,953.25,229.01625061035156,296.73876953125,291.05865478515625,98749.25,28.60723876953125,6.818530046967729,10.357360432421872,1,0,EF1,CST-6,06-MAY-12 15:48:00
409004,2012-10-14T03:00:00+00:00,36.316,-94.2055,663.125,31.218950271606445,292.40625,291.218994140625,96364.3125,47.89192581176758,15.680172899876258,22.74907215217921,1,0,EF1,CST-6,13-OCT-12 20:36:00
388879,2012-07-05T02:00:00+00:00,46.57,-95.03,3471.5,541.7500610351562,302.91015625,295.70208740234375,95851.5,45.69562911987305,7.754442091942975,12.679807691868055,1,0,EF1,CST-6,04-JUL-12 20:05:00
414466,2012-09-30T21:00:00+00:00,30.7127,-89.1502,1057.1875,14.453264236450195,297.750732421875,296.955078125,99685.0,49.630340576171875,12.594076145208383,11.486083904220525,1,0,EF1,CST-6,30-SEP-12 15:19:00
389658,2012-08-08T22:00:00+00:00,41.6571,-96.8843,210.75,525.5960693359375,303.900634765625,291.404541015625,95934.25,30.755146026611328,0.3856499616693159,9.260257895619306,0,0,EF0,CST-6,08-AUG-12 15:36:00
407315,2012-09-27T21:00:00+00:00,39.74,-104.22,1282.875,7.799728870391846,291.409912109375,283.037353515625,84297.8125,18.348873138427734,0.18218831656091267,4.744113082872022,0,0,EF0,MST-7,27-SEP-12 14:28:00
407316,2012-09-27T23:00:00+00:00,40.2,-104.37,219.625,80.87506103515625,288.61474609375,283.019775390625,85654.1875,18.942190170288086,0.44765849482964076,3.8075519548762804,0,0,EF0,MST-7,27-SEP-12 15:57:00
403860,2012-07-24T20:00:00+00:00,41.9406,-70.5691,660.25,154.1910400390625,295.16748046875,293.32275390625,100026.875,38.40934371948242,6.697052383454253,9.62898815024207,0,0,EF0,EST-5,24-JUL-12 15:08:00
400669,2012-07-26T20:00:00+00:00,42.06,-77.129,1491.75,37.10940933227539,302.186279296875,293.890869140625,94847.25,50.46581268310547,4.106694704836629,16.128002721597166,1,0,EF1,EST-5,26-JUL-12 14:38:00
386045,2012-07-24T22:00:00+00:00,35.619,-106.037,8.625,,301.716552734375,279.446533203125,80071.0625,18.762149810791016,0.07782858245898702,1.2943084347995986,0,0,EF0,MST-7,24-JUL-12 14:57:00
400686,2012-07-26T21:00:00+00:00,42.03,-75.76,1053.125,36.40668487548828,302.894287109375,294.221923828125,95239.875,50.02473831176758,4.170109124306928,20.88009233970383,0,0,EF0,EST-5,26-JUL-12 15:52:00
379208,2012-06-24T14:00:00+00:00,27.4,-81.78,401.5,75.60945129394531,297.95654296875,296.942626953125,101052.5,57.3068962097168,15.796422242507303,17.60394103237014,0,0,EF0,EST-5,24-JUN-12 09:15:00
379209,2012-06-24T16:00:00+00:00,27.04,-81.36,527.0625,108.70314025878906,297.85009765625,296.765869140625,101143.9375,60.4016227722168,15.54489701418171,16.10758341207012,0,0,EF0,EST-5,24-JUN-12 11:23:00
379585,2012-06-24T19:00:00+00:00,27.27,-81.44,844.6875,54.518516540527344,298.104736328125,296.987548828125,100888.1875,57.67186737060547,16.352039505981637,17.96931948584112,1,0,EF1,EST-5,24-JUN-12 14:23:00
380272,2012-06-24T23:00:00+00:00,27.96,-81.68,700.0,0.7500019669532776,298.030029296875,296.83770751953125,100381.25,63.022342681884766,14.911550630544333,23.02990177721295,0,0,EF0,EST-5,24-JUN-12 17:55:00
380273,2012-06-25T00:00:00+00:00,27.95,-81.68,531.0,0.9220247268676758,298.21435546875,297.18060302734375,100347.0,64.4996337890625,18.36947812209884,22.080541801258107,2,1,EF2,EST-5,24-JUN-12 19:04:00
380274,2012-06-25T00:00:00+00:00,27.7,-82.74,827.25,4.250149726867676,299.29345703125,297.76263427734375,100584.0,65.3082275390625,12.666456927131113,14.399629223808923,1,0,EF1,EST-5,24-JUN-12 19:21:00
380275,2012-06-25T02:00:00+00:00,28.7,-82.47,464.25,0.17204122245311737,297.5673828125,296.79779052734375,100407.5625,66.76750183105469,18.031344527073202,19.804351413134917,1,0,EF1,EST-5,24-JUN-12 20:57:00
380485,2012-06-26T14:00:00+00:00,27.2714,-81.023,68.25,3.031268358230591,300.30908203125,297.05078125,100582.0,56.04140090942383,16.316044546242118,14.916791790012294,0,0,EF0,EST-5,26-JUN-12 09:25:00
380487,2012-06-24T21:00:00+00:00,28.2372,-82.715,837.875,26.593751907348633,298.596923828125,296.7493896484375,100661.0,66.24903106689453,13.88141421941445,17.50347179973411,1,0,EF1,EST-5,24-JUN-12 16:17:00
400696,2012-07-26T21:00:00+00:00,41.78,-75.87,1393.25,44.32855987548828,305.156005859375,293.069580078125,95701.875,51.50520706176758,4.165092108932255,19.356806507823233,1,0,EF1,EST-5,26-JUL-12 16:00:00
407000,2012-08-09T16:00:00+00:00,46.72,-92.05,529.0,22.593769073486328,291.838623046875,287.4970703125,98440.4375,22.712417602539062,1.1313490212010888,2.378833646397673,0,0,EF0,CST-6,09-AUG-12 10:19:00
407743,2012-06-01T23:00:00+00:00,37.79,-77.4,192.5,23.796947479248047,293.19384765625,291.981689453125,99862.5,45.450660705566406,11.379966935807982,15.138367203552908,0,0,EF0,EST-5,01-JUN-12 18:17:00
400179,2012-07-21T02:00:00+00:00,30.1553,-93.0636,3396.75,401.7835388183594,300.610595703125,296.452880859375,101368.8125,53.73179626464844,5.98513005268441,9.371072498951463,0,0,EF0,CST-6,20-JUL-12 20:25:00
391188,2012-07-28T21:00:00+00:00,39.58,-105.63,301.0,102.35260009765625,288.810791015625,283.13641357421875,70314.8125,18.12919807434082,0.22008911568857314,0.5285160543990394,0,0,EF0,MST-7,28-JUL-12 13:45:00
398193,2012-06-07T21:00:00+00:00,43.5077,-103.589,628.0,46.96877670288086,292.23828125,289.9482421875,87382.125,27.403888702392578,0.0895375677651009,6.598186635267945,1,0,EF1,MST-7,07-JUN-12 13:55:00
400682,2012-07-26T20:00:00+00:00,42.106,-76.6947,1185.0,46.54690933227539,303.170654296875,294.448486328125,95581.25,49.42967987060547,3.461607730253401,19.04896567805598,1,0,EF1,EST-5,26-JUL-12 15:01:00
400715,2012-07-26T22:00:00+00:00,41.01,-75.9,616.75,86.98441314697266,302.928466796875,294.648193359375,96030.0625,44.97208786010742,7.016222670857824,21.629925455604248,1,0,EF1,EST-5,26-JUL-12 16:44:00
405917,2012-07-17T22:00:00+00:00,43.6406,-71.7585,97.875,,303.21044921875,290.6104736328125,96947.0,45.52633285522461,8.4356263094361,20.583121807191926,0,0,EF0,EST-5,17-JUL-12 17:15:00
380488,2012-06-24T20:00:00+00:00,27.8783,-82.8437,926.5,37.53216552734375,299.008544921875,297.029541015625,100748.25,64.71204376220703,11.489051054047811,12.707205695436976,1,0,EF1,EST-5,24-JUN-12 14:40:00
383446,2012-07-13T20:00:00+00:00,29.0995,-90.1936,2061.625,78.60939025878906,299.736572265625,296.86767578125,101617.0625,46.98078155517578,3.1001091589593073,4.037826369240157,0,0,EF0,CST-6,13-JUL-12 14:10:00
406739,2012-09-01T22:00:00+00:00,36.6,-90.25,2216.0,5.031434535980225,302.312744140625,298.93701171875,99938.9375,58.0391845703125,14.328050362439685,15.461713196660662,0,0,EF0,CST-6,01-SEP-12 15:43:00
397347,2012-07-12T19:00:00+00:00,26.8397,-81.1282,229.75,291.3724365234375,302.8193359375,293.787109375,101526.625,52.47993850708008,1.695730652689518,2.7138835072848435,0,0,EF0,EST-5,12-JUL-12 14:12:00
405895,2012-07-25T00:00:00+00:00,43.9889,-69.7671,513.75,406.7540588378906,295.72216796875,291.274169921875,99740.5625,29.585147857666016,9.740814417735034,4.430285988709732,0,0,EF0,EST-5,24-JUL-12 18:30:00
404532,2012-07-15T19:00:00+00:00,38.2233,-76.7515,2598.625,125.15560913085938,305.0068359375,294.677490234375,101517.375,50.98109436035156,5.409537021362534,6.993631939174197,0,0,EF0,EST-5,15-JUL-12 14:24:00
400672,2012-07-26T20:00:00+00:00,42.12,-77.02,1320.125,37.18753433227539,302.887451171875,294.101806640625,95268.25,50.53319549560547,3.660088978082123,17.308989399297545,1,0,EF1,EST-5,26-JUL-12 14:44:00
400069,2012-07-15T21:00:00+00:00,41.78,-76.8,163.25,,296.847900390625,293.88623046875,96382.625,43.00154113769531,7.48678522869558,10.838415748941728,0,0,EF0,EST-5,15-JUL-12 15:50:00
400671,2012-07-26T20:00:00+00:00,42.095,-76.921,1320.125,37.18753433227539,302.887451171875,294.101806640625,95268.25,50.53319549560547,3.660088978082123,17.308989399297545,1,0,EF1,EST-5,26-JUL-12 15:00:00
488208,2012-10-14T04:00:00+00:00,35.0843,-94.1114,720.8125,143.6719207763672,294.863525390625,291.574951171875,97990.6875,47.4332389831543,18.81501556607107,21.395562289269797,1,0,EF1,CST-6,13-OCT-12 21:39:00
400178,2012-07-21T02:00:00+00:00,30.19,-93.15,3249.875,417.7835388183594,300.825439453125,296.345458984375,101332.8125,52.64488220214844,5.767957969364109,9.512863591971582,1,0,EF1,CST-6,20-JUL-12 20:24:00
407314,2012-09-27T19:00:00+00:00,39.18,-104.75,1536.125,7.812560081481934,289.211669921875,277.514404296875,80016.5,14.552358627319336,0.10856450790904432,5.060711534690435,0,0,EF0,MST-7,27-SEP-12 12:19:00
413276,2012-09-30T20:00:00+00:00,30.5428,-89.4792,1229.875,12.767659187316895,298.4970703125,297.2587890625,100073.9375,50.827701568603516,12.852289046734448,11.686356504394654,1,0,EF1,CST-6,30-SEP-12 14:20:00
413559,2012-09-01T23:00:00+00:00,39.7876,-86.1762,472.25,6.390666484832764,296.7353515625,295.80126953125,98495.5,49.99924087524414,8.981062714829772,12.293196404316427,0,0,EF0,EST-5,01-SEP-12 17:41:00
409537,2012-09-17T21:00:00+00:00,35.4472,-86.3374,533.4375,3.338691473007202,294.814453125,293.98681640625,97648.6875,50.07855987548828,9.354115591465762,14.19734608675037,0,0,EF0,CST-6,17-SEP-12 15:02:00
364196,2012-02-29T07:00:00+00:00,36.6354,-93.3211,708.78125,119.70321655273438,291.69622802734375,287.22314453125,96739.125,29.682815551757812,18.846590862447275,29.528383963095646,2,1,EF2,CST-6,29-FEB-12 01:19:00
412965,2012-11-11T23:00:00+00:00,32.76,-93.84,298.40625,0.34568801522254944,292.3631591796875,292.32568359375,100641.4375,39.75830841064453,12.294602618312496,16.03835288668765,0,0,EF0,CST-6,11-NOV-12 17:15:00
408714,2012-09-18T20:00:00+00:00,35.04,-77.46,495.75,48.17193603515625,298.618896484375,295.148681640625,100747.1875,56.31378173828125,13.922062285255661,13.330041328472515,0,0,EF0,EST-5,18-SEP-12 15:20:00
407353,2012-08-05T19:00:00+00:00,41.1642,-80.7037,361.0,1.5334147214889526,297.508544921875,296.423583984375,97832.8125,52.055843353271484,10.595927239727322,12.892864184369678,0,0,EF0,EST-5,05-AUG-12 13:35:00
412966,2012-11-11T23:00:00+00:00,32.769,-93.785,298.40625,0.34568801522254944,292.3631591796875,292.32568359375,100641.4375,39.75830841064453,12.294602618312496,16.03835288668765,0,0,EF0,CST-6,11-NOV-12 17:20:00
400292,2012-09-05T01:00:00+00:00,42.9089,-90.995,1172.75,,301.837890625,290.21923828125,97655.3125,32.796478271484375,9.761411519150824,10.860128836739392,2,1,EF2,CST-6,04-SEP-12 18:37:00
411519,2012-10-22T23:00:00+00:00,39.235,-121.456,340.125,20.15634536743164,287.666748046875,281.43603515625,98373.9375,14.894749641418457,7.577549193499905,12.372069358372594,0,0,EF0,PST-8,22-OCT-12 15:10:00
409115,2012-10-18T00:00:00+00:00,34.6159,-91.8358,362.75,2.7769298553466797,295.07958984375,292.83868408203125,99343.375,43.72237014770508,13.195073460251898,21.443659746117543,0,0,EF0,CST-6,17-OCT-12 17:53:00
398958,2012-08-20T00:00:00+00:00,32.4892,-89.9812,1139.125,144.8906707763672,299.712646484375,295.09619140625,99920.125,37.630523681640625,0.06142863698908698,5.217089985164397,0,0,EF0,CST-6,19-AUG-12 17:45:00
399980,2012-08-12T23:00:00+00:00,33.7689,-117.1978,211.875,,308.376220703125,290.4697265625,94672.8125,31.254573822021484,0.6006475242465312,4.262221759476732,0,0,EF0,PST-8,12-AUG-12 14:30:00
408679,2012-10-13T00:00:00+00:00,33.942,-101.7959,999.5625,292.3750305175781,296.7470703125,288.795166015625,90053.75,32.887786865234375,0.31829256282971813,14.426884516118122,0,0,EF0,CST-6,12-OCT-12 18:05:00
411059,2012-10-14T12:00:00+00:00,36.7354,-88.6631,4.75,,293.353271484375,289.883544921875,99628.25,38.74800109863281,19.73404480427931,20.933613010716687,1,0,EF1,CST-6,14-OCT-12 05:42:00
357492,2012-01-26T01:00:00+00:00,31.74,-90.22,407.875,113.25003814697266,293.588134765625,289.7854309082031,100020.0625,37.21875762939453,10.953633970877556,11.731370728385123,1,0,EF1,CST-6,25-JAN-12 18:49:00
392869,2012-08-09T21:00:00+00:00,31.1834,-90.2059,1808.875,117.85943603515625,296.786865234375,294.649169921875,99941.3125,55.1036262512207,5.4435454250318545,9.308078354195183,0,0,EF0,CST-6,09-AUG-12 15:07:00
411919,2012-09-08T05:00:00+00:00,39.173,-84.144,407.0625,32.82830047607422,293.6630859375,292.76171875,97627.9375,47.563907623291016,14.476098494634734,16.1150470520442,0,0,EF0,EST-5,07-SEP-12 23:36:00
402175,2012-08-31T22:00:00+00:00,39.6112,-90.0419,266.0,221.09390258789062,301.52490234375,296.019775390625,99065.625,57.70475769042969,10.510464751413771,10.597098699198387,1,0,EF1,CST-6,31-AUG-12 16:12:00
408826,2012-10-13T00:00:00+00:00,34.032,-101.7027,999.5625,292.3750305175781,296.7470703125,288.795166015625,90053.75,32.887786865234375,0.31829256282971813,14.426884516118122,0,0,EF0,CST-6,12-OCT-12 18:14:00
408864,2012-10-18T01:00:00+00:00,34.6906,-91.3159,402.375,10.734477043151855,295.505859375,292.866943359375,99473.375,42.71609115600586,13.53231209706583,22.289049869462197,1,0,EF1,CST-6,17-OCT-12 18:40:00
407845,2012-08-19T18:00:00+00:00,35.6083,-75.4663,826.1875,13.297008514404297,297.912841796875,295.85302734375,101199.25,48.970664978027344,2.3571349596264675,11.03636637398479,0,0,EF0,EST-5,19-AUG-12 13:19:00
411119,2012-08-30T15:00:00+00:00,31.9934,-88.4957,473.0,39.342803955078125,297.96142578125,296.5865478515625,100054.25,60.73358917236328,19.473276516118776,21.76357219814582,1,0,EF1,CST-6,30-AUG-12 08:49:00
409415,2012-08-27T21:00:00+00:00,27.9397,-82.434,603.25,41.42698669433594,300.99560546875,297.49053955078125,100550.1875,59.6729850769043,15.84887241996511,14.611137007412294,0,0,EF0,EST-5,27-AUG-12 15:44:00
410421,2012-10-20T00:00:00+00:00,39.8002,-76.2631,580.0,5.062590599060059,291.086669921875,289.9708251953125,98708.0625,24.099403381347656,10.340888436615534,16.655744912772292,1,0,EF1,EST-5,19-OCT-12 19:00:00
407633,2012-09-29T22:00:00+00:00,29.338,-97.0655,730.1875,46.75481414794922,299.87548828125,297.490478515625,99706.75,54.205631256103516,7.721816507996158,10.151994582962546,0,0,EF0,CST-6,29-SEP-12 16:02:00
408615,2012-08-03T23:00:00+00:00,44.85,-98.5395,2139.875,47.98454284667969,296.670166015625,293.37640380859375,96142.75,47.63394546508789,4.911874960948264,12.157108660674263,0,0,EF0,CST-6,03-AUG-12 16:45:00
408542,2012-08-03T23:00:00+00:00,45.11,-98.1,2139.75,51.70329284667969,294.859619140625,293.38421630859375,95948.75,47.01871109008789,5.763809369254239,9.700391075411012,0,0,EF0,CST-6,03-AUG-12 17:05:00
407449,2012-08-21T23:00:00+00:00,29.6681,-94.8788,2.75,,302.617919921875,292.70263671875,101364.875,39.94189453125,2.0030533655339973,5.202959881899764,0,0,EF0,CST-6,21-AUG-12 16:50:00
409690,2012-08-10T18:00:00+00:00,40.72,-73.16,792.875,46.612022399902344,297.971435546875,295.19091796875,100706.125,58.4734992980957,6.281859401518136,16.18721230830799,0,0,EF0,EST-5,10-AUG-12 13:06:00
411467,2012-09-30T22:00:00+00:00,41.4652,-100.2252,485.25,88.64080810546875,296.0283203125,283.312744140625,91337.25,21.366718292236328,0.4352592297736283,11.119914463586731,0,0,EF0,CST-6,30-SEP-12 16:05:00
411120,2012-08-30T15:00:00+00:00,32.2436,-88.5303,403.75,44.045928955078125,297.88671875,296.5582275390625,99958.25,60.12616729736328,19.153254491115742,21.512659576429733,1,0,EF1,CST-6,30-AUG-12 09:18:00
411603,2012-09-09T21:00:00+00:00,33.78,-117.23,1.875,,308.60009765625,286.37939453125,94869.875,34.448699951171875,1.4071065222604742,9.917995033428543,0,0,EF0,PST-8,09-SEP-12 13:00:00
410069,2012-08-29T22:00:00+00:00,30.367,-89.0847,326.875,8.015667915344238,299.624755859375,298.2213134765625,99891.5625,67.74240112304688,17.459008342140656,12.607343742905554,1,0,EF1,CST-6,29-AUG-12 16:18:00
410072,2012-08-30T12:00:00+00:00,30.344,-88.553,1210.625,9.233038902282715,299.58056640625,298.032958984375,100641.75,61.20500564575195,13.69549710895444,16.31202521543052,2,1,EF2,CST-6,30-AUG-12 06:10:00
411507,2012-10-22T22:00:00+00:00,39.0621,-121.63,349.3125,20.29696273803711,290.498779296875,279.6494140625,100716.0625,14.123689651489258,6.410277687242255,11.766871315252994,1,0,EF1,PST-8,22-OCT-12 14:03:00
410073,2012-08-30T00:00:00+00:00,30.362,-88.749,1060.5,44.7679443359375,299.83642578125,297.8050842285156,100105.4375,68.4263916015625,13.590747253579678,14.55342906771701,1,0,EF1,CST-6,29-AUG-12 18:14:00
374012,2012-03-02T20:00:00+00:00,37.7451,-87.9085,661.5,39.812530517578125,295.059814453125,288.8124694824219,98215.0625,21.664993286132812,20.86966607049876,28.980809960662523,2,1,EF2,CST-6,02-MAR-12 13:38:00
411518,2012-10-22T23:00:00+00:00,39.0791,-121.5268,162.6875,,289.118896484375,280.60302734375,99615.9375,14.617405891418457,6.138847900097456,11.00346085595113,1,0,EF1,PST-8,22-OCT-12 14:30:00
413258,2012-09-17T20:00:00+00:00,38.93,-95.9,596.625,88.85953521728516,293.9296875,288.927978515625,97184.9375,33.837066650390625,2.1428890620651972,6.432933694869387,0,0,EF0,CST-6,17-SEP-12 14:20:00
411034,2012-08-11T21:00:00+00:00,35.605,-77.817,1258.375,87.5312728881836,298.88818359375,295.03369140625,100938.875,51.329647064208984,9.498831326900929,8.76676104610288,1,0,EF1,EST-5,11-AUG-12 16:09:00
412633,2012-11-11T05:00:00+00:00,44.8507,-93.1744,86.6875,16.265438079833984,288.9637451171875,285.7212829589844,96653.0,28.036943435668945,14.717459766438242,17.137060462955127,0,0,EF0,CST-6,10-NOV-12 23:05:00
417582,2012-12-20T23:00:00+00:00,30.1158,-83.5814,121.59375,4.015664100646973,293.6870422363281,292.835693359375,100795.9375,48.19234848022461,17.019280885488193,20.765329580260428,0,0,EF0,EST-5,20-DEC-12 17:42:00
406740,2012-09-01T22:00:00+00:00,36.8022,-90.2868,1826.625,12.187684059143066,300.882080078125,298.48388671875,99700.9375,58.5469970703125,13.97960206677066,13.795594182715957,0,0,EF0,CST-6,01-SEP-12 15:32:00
412723,2012-11-11T05:00:00+00:00,45.0801,-92.9605,42.75,22.765438079833984,288.6405029296875,285.9800720214844,96684.0,26.951982498168945,14.585813330491208,17.725513883175395,0,0,EF0,CST-6,10-NOV-12 23:21:00
416448,2012-10-01T18:00:00+00:00,35.49,-86.49,495.625,0.32825082540512085,294.034912109375,293.19775390625,97142.1875,37.49786376953125,13.401472564971254,15.390684246423058,0,0,EF0,CST-6,01-OCT-12 12:25:00
416450,2012-10-01T23:00:00+00:00,36.1738,-86.087,435.75,2.7658798694610596,294.0810546875,293.304931640625,97305.3125,36.58122634887695,12.52947808739731,16.614207442943687,1,0,EF1,CST-6,01-OCT-12 16:31:00
416449,2012-10-01T22:00:00+00:00,36.007,-86.1394,487.625,2.2034800052642822,294.2197265625,293.54931640625,97335.4375,34.4534912109375,12.360298457409531,15.4421982191415,0,0,EF0,CST-6,01-OCT-12 16:07:00
408638,2012-08-10T20:00:00+00:00,41.1494,-71.57,1038.25,3.6250431537628174,297.56982421875,295.95849609375,101042.25,56.69279479980469,9.584391184229734,15.902787892349837,0,0,EF0,EST-5,10-AUG-12 14:54:00
365649,2012-04-14T22:00:00+00:00,40.7514,-95.8194,481.875,14.812761306762695,289.979736328125,289.2822265625,96379.375,36.86051559448242,5.418219355984909,24.389622910165137,2,1,EF2,CST-6,14-APR-12 16:28:00
406688,2012-09-27T20:00:00+00:00,40.186,-80.136,229.125,2.1854498386383057,289.506103515625,289.167236328125,97941.5,38.7142448425293,6.513697037943717,11.60682808475929,0,0,EF0,EST-5,27-SEP-12 14:57:00
387851,2012-06-08T01:00:00+00:00,39.1996,-104.1995,345.375,203.54708862304688,296.869384765625,281.2939453125,81043.0625,17.704647064208984,0.3526902082990172,7.623684792093761,2,1,EF2,MST-7,07-JUN-12 17:45:00
415886,2012-09-25T22:00:00+00:00,38.4475,-89.5425,2492.375,54.1876335144043,297.584716796875,293.886474609375,99294.0625,40.843162536621094,8.878199353739323,14.538859521330956,1,0,EF1,CST-6,25-SEP-12 16:23:00
406689,2012-09-27T21:00:00+00:00,40.367,-79.864,259.625,4.143478870391846,290.309326171875,289.363525390625,97966.8125,38.438716888427734,7.858930249627316,11.45394125447394,0,0,EF0,EST-5,27-SEP-12 15:44:00
404822,2012-09-25T20:00:00+00:00,37.6695,-106.3506,645.375,11.18753719329834,284.70654296875,274.56884765625,72261.25,11.89716625213623,0.32220336608885564,0.6409094360035826,0,0,EF0,MST-7,25-SEP-12 12:55:00
417706,2012-12-25T23:00:00+00:00,31.5943,-85.7819,16.375,0.12502805888652802,290.5272216796875,289.1238098144531,99456.125,27.908870697021484,16.079189703934915,21.177949354699365,0,0,EF0,CST-6,25-DEC-12 17:27:00
414693,2012-09-13T19:00:00+00:00,18.28,-66.879,1073.75,19.32929801940918,300.103759765625,294.68115234375,98996.4375,49.7355842590332,1.96368536935721,4.185587661227291,0,0,EF0,AST-4,13-SEP-12 15:10:00
417471,2012-10-15T05:00:00+00:00,33.3076,-86.9574,314.0625,133.6932373046875,293.3037109375,292.859619140625,99504.1875,36.365020751953125,11.30613757526932,12.882751606764653,0,0,EF0,CST-6,14-OCT-12 23:18:00
412516,2012-11-11T05:00:00+00:00,44.9058,-93.1247,80.25,17.234188079833984,287.9217529296875,285.9644470214844,96642.0,27.869951248168945,16.923206112050597,17.93669125853524,0,0,EF0,CST-6,10-NOV-12 23:10:00
412950,2012-09-04T23:00:00+00:00,39.8772,-75.0975,3107.125,32.55183792114258,300.6484375,296.57958984375,100885.625,54.53468322753906,9.568599671767984,9.464898815666968,0,0,EF0,EST-5,04-SEP-12 17:31:00
407815,2012-07-26T20:00:00+00:00,42.0971,-76.5531,949.125,56.78128433227539,303.559814453125,294.551025390625,95913.25,47.87499237060547,3.381997186286011,20.228444108729548,1,0,EF1,EST-5,26-JUL-12 15:07:00
412632,2012-11-11T05:00:00+00:00,44.75,-93.3,86.6875,16.265438079833984,288.9637451171875,285.7212829589844,96653.0,28.036943435668945,14.717459766438242,17.137060462955127,0,0,EF0,CST-6,10-NOV-12 22:58:00
410756,2012-10-14T00:00:00+00:00,30.4024,-96.957,1358.5625,104.09383392333984,298.1220703125,296.30078125,99801.1875,52.294677734375,14.221143146540065,13.035657199366689,0,0,EF0,CST-6,13-OCT-12 17:50:00
404778,2012-08-04T22:00:00+00:00,41.6599,-86.621,433.375,336.0229187011719,303.207763671875,293.639892578125,98606.5625,45.544403076171875,6.06168479324204,11.118610066460734,1,0,EF1,CST-6,04-AUG-12 16:20:00
414613,2012-09-01T21:00:00+00:00,36.4478,-90.5853,1940.25,18.096128463745117,304.21728515625,297.73028564453125,99781.6875,56.98164367675781,11.85497205507941,17.577959415822146,0,0,EF0,CST-6,01-SEP-12 15:22:00
413984,2012-09-01T21:00:00+00:00,36.4075,-90.6526,1437.0,11.189878463745117,303.08251953125,298.12188720703125,99709.6875,57.44062805175781,11.595469361787847,17.127903894421667,2,1,EF2,CST-6,01-SEP-12 15:19:00
409680,2012-09-01T17:00:00+00:00,40.9039,-89.152,160.5,0.4377930760383606,295.965087890625,294.4941101074219,98935.375,57.296852111816406,8.822279568846287,6.986429790626734,0,0,EF0,CST-6,01-SEP-12 11:05:00
412200,2012-09-03T19:00:00+00:00,39.0979,-75.5648,2117.125,42.18967819213867,298.923095703125,295.793212890625,101636.125,53.0629997253418,5.846058620663404,5.244034997896336,0,0,EF0,EST-5,03-SEP-12 14:20:00
414295,2012-09-08T15:00:00+00:00,40.5468,-73.9329,989.375,39.24950408935547,299.0791015625,295.837646484375,100597.25,39.73552703857422,9.65426907151244,13.845367940537908,0,0,EF0,EST-5,08-SEP-12 09:58:00
415067,2012-10-01T22:00:00+00:00,34.4358,-78.4397,377.25,44.2816047668457,296.99609375,295.99755859375,100830.4375,52.9241943359375,10.78373090284417,15.400796198562928,0,0,EF0,EST-5,01-OCT-12 17:18:00
414612,2012-09-29T22:00:00+00:00,28.6179,-96.6423,789.5,47.87981414794922,301.32861328125,298.515869140625,100463.75,52.855045318603516,6.953975828445498,8.52251456475828,0,0,EF0,CST-6,29-SEP-12 16:11:00
415016,2012-10-01T21:00:00+00:00,34.3277,-78.5773,516.375,43.82860565185547,298.017578125,295.9248046875,100791.9375,53.103248596191406,7.505781958813853,12.3324775637322,0,0,EF0,EST-5,01-OCT-12 16:22:00
415028,2012-10-01T22:00:00+00:00,34.4111,-78.4724,377.25,44.2816047668457,296.99609375,295.99755859375,100830.4375,52.9241943359375,10.78373090284417,15.400796198562928,0,0,EF0,EST-5,01-OCT-12 16:58:00
391467,2012-06-24T18:00:00+00:00,25.966,-80.118,1765.625,76.83495330810547,300.77001953125,297.643310546875,101358.875,56.39279556274414,10.57700542872859,11.004275787905918,0,0,EF0,EST-5,24-JUN-12 13:05:00
396491,2012-07-01T00:00:00+00:00,37.69,-77.29,1416.0,83.90643310546875,306.439208984375,294.7801513671875,100425.625,45.81571960449219,5.301296978024076,20.1839037744777,0,0,EF0,EST-5,30-JUN-12 19:11:00
368695,2012-03-02T23:00:00+00:00,37.905,-83.6146,542.375,16.14030647277832,289.823486328125,287.5849304199219,96423.3125,29.268898010253906,19.680006978123956,30.56317210119512,3,1,EF3,EST-5,02-MAR-12 17:39:00
368666,2012-03-02T23:00:00+00:00,38.1367,-83.7781,542.375,16.14030647277832,289.823486328125,287.5849304199219,96423.3125,29.268898010253906,19.680006978123956,30.56317210119512,1,0,EF1,EST-5,02-MAR-12 18:08:00
381495,2012-06-11T01:00:00+00:00,44.5432,-93.8064,789.125,4.29665470123291,297.374267578125,293.266845703125,97048.4375,47.67145538330078,12.423163161499499,18.278963633458215,0,0,EF0,CST-6,10-JUN-12 19:16:00
368739,2012-03-03T00:00:00+00:00,37.7083,-83.2572,373.25,14.269984245300293,290.09136962890625,287.25482177734375,96071.4375,30.839466094970703,14.457151099881031,29.35826927686417,3,1,EF3,EST-5,02-MAR-12 18:51:00
368754,2012-03-03T00:00:00+00:00,37.7611,-82.9362,387.5,16.26998519897461,290.19879150390625,287.05853271484375,96213.4375,30.463489532470703,14.668653429110876,28.825084566337285,3,1,EF3,EST-5,02-MAR-12 19:08:00
368706,2012-03-02T23:00:00+00:00,37.9109,-83.4784,553.125,10.124680519104004,289.953369140625,287.4413757324219,96211.3125,28.720069885253906,18.91326776037956,30.282637375198433,3,1,EF3,EST-5,02-MAR-12 17:46:00
387834,2012-06-07T23:00:00+00:00,39.66,-104.16,841.125,354.1407165527344,303.101318359375,281.1925048828125,83672.8125,22.47150230407715,0.3901786633059416,5.148944285616497,0,0,EF0,MST-7,07-JUN-12 16:21:00
400156,2012-07-24T04:00:00+00:00,43.19,-75.48,606.5,61.453155517578125,295.1748046875,293.411376953125,97495.0,39.534053802490234,12.231326758418794,14.766647911760465,1,0,EF1,EST-5,23-JUL-12 23:02:00
401239,2012-06-25T23:00:00+00:00,43.6497,-71.3119,160.5,,289.492919921875,288.963623046875,97977.5,28.621335983276367,0.43910369243390207,5.970584418633441,0,0,EF0,EST-5,25-JUN-12 18:05:00
395562,2012-08-27T16:00:00+00:00,27.6256,-80.4956,579.875,23.33391571044922,300.60400390625,297.35552978515625,101130.375,63.82603454589844,14.191082180169285,14.496806830947369,0,0,EF0,EST-5,27-AUG-12 11:03:00
398054,2012-06-18T00:00:00+00:00,45.46,-96.96,1352.125,48.9218864440918,298.6298828125,294.70068359375,94601.0625,47.26736831665039,6.4319885937391295,22.16449897474561,0,0,EF0,CST-6,17-JUN-12 18:00:00
396967,2012-08-29T22:00:00+00:00,30.8762,-85.1543,1357.125,36.37504196166992,299.763427734375,298.3511962890625,100580.5625,58.56661605834961,12.170396841825657,12.946287322857915,0,0,EF0,CST-6,29-AUG-12 16:12:00
396968,2012-08-29T22:00:00+00:00,30.9929,-85.5149,856.75,54.25004196166992,299.520263671875,297.8502197265625,100388.5625,57.89083480834961,10.439660802941246,12.237680301657178,0,0,EF0,CST-6,29-AUG-12 16:24:00
387824,2012-06-08T00:00:00+00:00,39.35,-104.11,365.25,265.9263000488281,298.791015625,279.87371826171875,80998.9375,17.703672409057617,0.29201547690083046,8.539622285739561,0,0,EF0,MST-7,07-JUN-12 17:18:00
371042,2012-03-23T19:00:00+00:00,38.5766,-88.78,329.875,93.59552764892578,292.374267578125,285.1488037109375,99225.5,19.335630416870117,2.6776319776268678,15.69088491597923,0,0,EF0,CST-6,23-MAR-12 12:57:00
391456,2012-06-23T20:00:00+00:00,26.274,-81.789,1020.625,36.890647888183594,299.761474609375,297.4779052734375,101324.125,54.8717041015625,10.524647452823734,14.84029770798189,0,0,EF0,EST-5,23-JUN-12 15:00:00
387761,2012-06-06T23:00:00+00:00,39.87,-104.67,1879.0,,300.400146484375,281.898193359375,83001.9375,25.05508041381836,0.30275109503060876,7.067690055056383,0,0,EF0,MST-7,06-JUN-12 16:05:00
387762,2012-06-07T01:00:00+00:00,40.87,-104.23,809.375,21.125036239624023,296.044677734375,284.37451171875,84107.6875,27.207977294921875,0.30755471793877814,9.376357409393123,0,0,EF0,MST-7,06-JUN-12 17:38:00
387763,2012-06-07T02:00:00+00:00,39.61,-104.61,1257.125,,296.288330078125,280.7784423828125,81127.125,24.674358367919922,0.24357947225522517,13.63878307132052,0,0,EF0,MST-7,06-JUN-12 18:45:00
387764,2012-06-07T02:00:00+00:00,39.41,-104.67,1257.125,,296.288330078125,280.7784423828125,81127.125,24.674358367919922,0.24357947225522517,13.63878307132052,0,0,EF0,MST-7,06-JUN-12 18:40:00
387765,2012-06-07T02:00:00+00:00,39.29,-104.63,1213.625,,295.302001953125,276.9923095703125,79396.125,22.434123992919922,0.1811010140520861,15.009052094630185,0,0,EF0,MST-7,06-JUN-12 18:30:00
387767,2012-06-07T02:00:00+00:00,39.47,-104.62,1257.125,,296.288330078125,280.7784423828125,81127.125,24.674358367919922,0.24357947225522517,13.63878307132052,0,0,EF0,MST-7,06-JUN-12 18:44:00
395199,2012-08-24T02:00:00+00:00,44.8067,-94.0009,761.25,230.73448181152344,297.19873046875,292.470458984375,97386.625,33.02857971191406,11.230766586128311,7.818060970253046,0,0,EF0,CST-6,23-AUG-12 19:43:00
387768,2012-06-07T03:00:00+00:00,39.51,-104.6,1277.625,,292.3544921875,279.708251953125,81150.75,22.54703140258789,0.4407771441513725,13.409608770479549,0,0,EF0,MST-7,06-JUN-12 19:51:00
393342,2012-06-23T02:00:00+00:00,43.104,-103.83,1283.5,548.875,303.60400390625,287.684814453125,87373.0,25.51166534423828,0.4033664850490443,10.788904648851476,2,1,EF2,MST-7,22-JUN-12 18:58:00
392719,2012-07-04T02:00:00+00:00,41.13,-102.36,235.875,,303.9638671875,283.528564453125,87821.1875,30.922330856323242,0.6089436771883568,5.508573750295769,0,0,EF0,MST-7,03-JUL-12 18:51:00
396438,2012-08-27T07:00:00+00:00,28.2707,-81.2232,379.0,1.7053415775299072,298.546630859375,296.972412109375,100777.5,63.62351989746094,15.62434539371883,16.0830593676059,0,0,EF0,EST-5,27-AUG-12 02:09:00
391455,2012-06-23T20:00:00+00:00,26.11,-81.747,1071.75,15.23439884185791,299.864990234375,297.5452880859375,101319.125,55.3228759765625,9.216325004454523,13.963415566831282,0,0,EF0,EST-5,23-JUN-12 14:35:00
393252,2012-06-18T01:00:00+00:00,45.1349,-95.3788,1881.875,58.75193786621094,299.7841796875,294.730224609375,95794.5625,49.519737243652344,17.476635357429142,24.94542543622396,0,0,EF0,CST-6,17-JUN-12 18:59:00
393257,2012-06-18T02:00:00+00:00,45.0769,-95.7455,1969.0625,175.46875,299.7958984375,294.0599365234375,95844.0625,47.33714294433594,16.757305498967813,24.61584376025545,0,0,EF0,CST-6,17-JUN-12 19:43:00
391461,2012-06-24T15:00:00+00:00,26.84,-81.52,598.0,70.81529235839844,297.641357421875,296.7652587890625,101201.375,60.08281707763672,14.712840656813535,15.568257660444377,0,0,EF0,EST-5,24-JUN-12 10:00:00
391462,2012-06-24T15:00:00+00:00,25.762,-81.641,1498.375,2.94028902053833,299.363037109375,297.2310791015625,101269.375,58.72734832763672,10.247425101526265,9.877546124829824,0,0,EF0,EST-5,24-JUN-12 10:10:00
398027,2012-06-18T00:00:00+00:00,45.92,-96.34,1007.0625,28.078136444091797,298.251953125,295.02587890625,95934.0625,50.40311050415039,5.758772175300716,20.733058384221252,0,0,EF0,CST-6,17-JUN-12 17:52:00
391466,2012-06-24T17:00:00+00:00,26.697,-80.068,931.4375,43.73440170288086,299.76416015625,297.60406494140625,101457.6875,58.02493667602539,8.359844349072189,7.929026960593329,0,0,EF0,EST-5,24-JUN-12 12:25:00
391464,2012-06-24T16:00:00+00:00,26.634,-80.0645,1633.375,32.31251525878906,300.13916015625,297.405517578125,101440.9375,56.7102165222168,8.845385536762906,9.111256976526574,0,0,EF0,EST-5,24-JUN-12 11:25:00
381494,2012-06-11T01:00:00+00:00,44.5368,-93.8098,789.125,4.29665470123291,297.374267578125,293.266845703125,97048.4375,47.67145538330078,12.423163161499499,18.278963633458215,0,0,EF0,CST-6,10-JUN-12 19:15:00
394783,2012-06-18T01:00:00+00:00,45.4025,-96.6214,1225.3125,153.23631286621094,300.326171875,294.915771484375,94956.5625,42.691612243652344,7.855934563772174,22.97257209710289,1,0,EF1,CST-6,17-JUN-12 18:53:00
413057,2012-10-18T03:00:00+00:00,33.859,-89.8434,958.625,1.2429029941558838,294.027587890625,292.80303955078125,99483.0,42.277015686035156,18.703922734340846,24.230704620868213,1,0,EF1,CST-6,17-OCT-12 21:12:00
413042,2012-10-18T02:00:00+00:00,33.9672,-90.7018,615.375,1.4395086765289307,295.322998046875,292.3610534667969,99720.5625,44.251014709472656,17.63170699020458,25.699303842376857,2,1,EF2,CST-6,17-OCT-12 20:07:00
413061,2012-10-18T04:00:00+00:00,32.9887,-90.6564,1221.125,1.2343829870224,295.388427734375,293.58477783203125,100111.5,43.335113525390625,14.732462813637639,19.391927070050603,2,1,EF2,CST-6,17-OCT-12 21:43:00
413060,2012-10-18T04:00:00+00:00,32.9946,-90.7006,1221.125,1.2343829870224,295.388427734375,293.58477783203125,100111.5,43.335113525390625,14.732462813637639,19.391927070050603,2,1,EF2,CST-6,17-OCT-12 21:40:00
413064,2012-10-18T04:00:00+00:00,32.9506,-90.5072,1366.125,1.1093829870224,295.159912109375,293.50567626953125,99988.5,43.469879150390625,16.99189461251425,20.844193923442834,1,0,EF1,CST-6,17-OCT-12 21:56:00
413066,2012-10-18T04:00:00+00:00,32.8795,-90.1245,1276.125,0.3750079274177551,295.026123046875,293.36993408203125,99636.5,43.092926025390625,19.07137605299865,21.25986033839596,1,0,EF1,CST-6,17-OCT-12 22:29:00
416518,2012-10-18T04:00:00+00:00,32.9638,-90.6077,1221.125,1.2343829870224,295.388427734375,293.58477783203125,100111.5,43.335113525390625,14.732462813637639,19.391927070050603,1,0,EF1,CST-6,17-OCT-12 21:46:00
412029,2012-10-18T06:00:00+00:00,32.4374,-89.4521,1061.9375,0.6406404972076416,293.968994140625,292.9903869628906,99091.75,40.21617889404297,17.78419980707322,19.33143021029531,3,1,EF3,CST-6,17-OCT-12 23:46:00
412030,2012-10-18T06:00:00+00:00,32.4129,-89.323,975.75,0.7031404972076416,293.923095703125,292.7833557128906,99038.75,40.74352264404297,17.97537964340138,19.692236605850898,3,1,EF3,CST-6,17-OCT-12 23:58:00
412031,2012-10-18T06:00:00+00:00,32.3657,-90.4337,802.8125,4.562515735626221,294.302978515625,293.7814025878906,99690.75,41.49254608154297,12.165738478398579,17.942190887689403,1,0,EF1,CST-6,18-OCT-12 00:01:00
412025,2012-10-18T05:00:00+00:00,32.7391,-89.724,1197.625,1.0331751108169556,293.61669921875,292.67169189453125,99316.0625,42.078407287597656,18.62999524834157,20.215165761111713,1,0,EF1,CST-6,17-OCT-12 23:11:00
412027,2012-10-18T06:00:00+00:00,32.7495,-89.5056,905.625,1.1875154972076416,293.692626953125,292.9327697753906,99094.75,39.50426483154297,17.17301661704617,19.028164871901506,1,0,EF1,CST-6,17-OCT-12 23:32:00
412032,2012-10-18T06:00:00+00:00,32.66,-89.07,1015.8125,2.2500154972076416,293.479736328125,292.5577697753906,98956.75,40.73668670654297,18.0621492001025,19.97824119290542,1,0,EF1,CST-6,18-OCT-12 00:12:00
356571,2012-01-23T06:00:00+00:00,36.9858,-87.1818,391.46875,15.292491912841797,288.26763916015625,286.44647216796875,98383.375,34.097633361816406,22.645306386658852,32.08473170976802,0,0,EF0,CST-6,23-JAN-12 00:15:00
374006,2012-03-02T20:00:00+00:00,37.7615,-87.0509,541.75,19.406282424926758,293.578369140625,289.3925476074219,98031.0625,25.869094848632812,19.427980858184696,31.07747709547491,0,0,EF0,CST-6,02-MAR-12 14:22:00
374135,2012-03-21T15:00:00+00:00,30.3418,-90.9425,763.1875,1.2657110691070557,294.30810546875,292.9273681640625,101085.125,45.0190544128418,17.758616630249897,16.341551782677115,1,0,EF1,CST-6,21-MAR-12 08:43:00
366411,2012-04-15T20:00:00+00:00,42.8392,-97.86,672.5,73.6407241821289,293.883544921875,274.703125,93580.5,18.262723922729492,6.874186549363236,17.732103295155365,0,0,EF0,CST-6,15-APR-12 13:35:00
355504,2012-01-23T01:00:00+00:00,34.5156,-91.9074,901.75,2.7634079456329346,291.9036865234375,289.8868408203125,99494.3125,37.13840103149414,19.975350876438558,26.486136159593464,1,0,EF1,CST-6,22-JAN-12 19:29:00
430812,2012-12-26T01:00:00+00:00,31.8283,-87.5244,385.625,21.650386810302734,291.348388671875,289.6341552734375,99262.625,37.22807693481445,21.148620759297557,27.959524167666707,1,0,EF1,CST-6,25-DEC-12 18:36:00
391641,2012-06-02T01:00:00+00:00,44.91,-97.88,191.75,20.50005531311035,288.857421875,285.6357421875,95423.4375,19.964126586914062,5.141847371519983,16.606000102133716,0,0,EF0,CST-6,01-JUN-12 18:59:00
362760,2012-01-23T09:00:00+00:00,32.9287,-88.2364,1489.78125,2.035106897354126,293.59906005859375,292.1597900390625,100381.375,37.1091194152832,19.762799367572132,26.262050263384726,0,0,EF0,CST-6,23-JAN-12 02:36:00
366421,2012-04-15T03:00:00+00:00,37.548,-97.348,1972.0625,95.81260681152344,295.970947265625,292.38665771484375,95289.3125,31.070316314697266,14.42882996086317,22.28841784990492,3,1,EF3,CST-6,14-APR-12 21:21:00
425333,2012-12-26T00:00:00+00:00,31.618,-85.7709,22.1875,0.10646145045757294,291.5616149902344,290.033203125,99473.0625,29.552114486694336,16.673873565808393,24.068793079930906,1,0,EF1,CST-6,25-DEC-12 17:30:00
395374,2012-08-26T18:00:00+00:00,39.7547,-77.7536,799.0,1.0717554092407227,296.464599609375,294.187255859375,99734.625,38.295936584472656,8.763382029437448,10.506283013446822,0,0,EF0,EST-5,26-AUG-12 12:56:00
361028,2012-01-21T21:00:00+00:00,32.2264,-83.7964,1008.0,1.234527826309204,294.570556640625,288.04547119140625,100191.1875,32.080177307128906,12.048418256396785,18.57997358164037,0,0,EF0,EST-5,21-JAN-12 16:15:00
413987,2012-09-01T23:00:00+00:00,36.0903,-90.2149,1844.75,23.218791961669922,303.4443359375,297.53564453125,100162.5,56.54416275024414,12.384832919841179,16.01945481676353,0,0,EF0,CST-6,01-SEP-12 17:03:00
380717,2012-04-14T21:00:00+00:00,38.1477,-98.7337,2014.875,78.734375,294.669921875,291.59619140625,93324.5,26.91832733154297,7.005739300510503,18.33061244957213,1,0,EF1,CST-6,14-APR-12 15:25:00
366559,2012-04-21T21:00:00+00:00,45.7689,-95.5901,242.125,,284.15576171875,278.79852294921875,96248.4375,13.393385887145996,2.1794427589459224,9.613102592424848,0,0,EF0,CST-6,21-APR-12 14:30:00
366405,2012-04-15T00:00:00+00:00,38.892,-97.502,2052.0625,89.53126525878906,295.0576171875,291.236083984375,95076.75,30.918384552001953,13.949825446154174,17.073930557294698,1,0,EF1,CST-6,14-APR-12 17:55:00
414332,2012-09-08T15:00:00+00:00,40.582,-73.9165,989.375,39.24950408935547,299.0791015625,295.837646484375,100597.25,39.73552703857422,9.65426907151244,13.845367940537908,1,0,EF1,EST-5,08-SEP-12 10:01:00
381293,2012-05-01T21:00:00+00:00,39.41,-84.86,926.0,71.28298950195312,294.428466796875,292.113525390625,98098.25,36.547698974609375,4.476589017025919,17.48460968866926,1,0,EF1,EST-5,01-MAY-12 16:28:00
361109,2012-03-19T00:00:00+00:00,35.0666,-99.559,302.25,358.67193603515625,295.72216796875,286.4396057128906,94512.3125,23.50926971435547,10.335154108635226,16.575693505579125,0,0,EF0,CST-6,18-MAR-12 18:27:00
379905,2012-05-11T05:00:00+00:00,27.078,-98.8846,1859.6875,43.200965881347656,294.677978515625,292.4834289550781,98906.9375,39.292545318603516,8.27684395349261,10.761785775165398,0,0,EF0,CST-6,10-MAY-12 22:59:00
380489,2012-06-24T21:00:00+00:00,28.1506,-82.3747,680.125,0.2968769967556,298.128173828125,296.7220458984375,100685.0,65.25489044189453,16.030404281271036,21.107036818853043,0,0,EF0,EST-5,24-JUN-12 15:39:00
409684,2012-09-01T18:00:00+00:00,41.0786,-89.6521,270.75,1.3260438442230225,296.218505859375,294.708251953125,98858.25,57.3151741027832,9.00529246286113,6.031291187865703,0,0,EF0,CST-6,01-SEP-12 12:11:00
365370,2012-04-15T02:00:00+00:00,38.59,-96.93,1435.875,65.66060638427734,293.259033203125,290.750732421875,95122.3125,35.82733917236328,13.270434004564976,19.368909451136773,0,0,EF0,CST-6,14-APR-12 20:01:00
371650,2012-05-01T21:00:00+00:00,39.9767,-88.438,1654.375,3.0329930782318115,295.179443359375,292.140869140625,98510.25,34.089691162109375,10.443106856042004,20.370565000464932,1,0,EF1,CST-6,01-MAY-12 15:06:00
368708,2012-03-03T00:00:00+00:00,37.1954,-84.2114,344.0,4.816859722137451,289.96929931640625,287.30364990234375,95936.4375,29.307239532470703,14.523883212891024,28.044328413056697,2,1,EF2,EST-5,02-MAR-12 19:04:00
387815,2012-06-08T03:00:00+00:00,40.78,-104.87,553.625,242.44688415527344,289.548828125,284.84033203125,82617.9375,20.83563995361328,0.43964641830337076,4.212775999277263,0,0,EF0,MST-7,07-JUN-12 19:45:00
423948,2012-12-10T13:00:00+00:00,30.5656,-91.2045,436.4375,0.06271489709615707,292.85284423828125,292.193359375,100747.9375,44.45813751220703,13.65685382993556,22.10020389300925,1,0,EF1,CST-6,10-DEC-12 06:48:00
374946,2012-04-15T20:00:00+00:00,42.87,-97.85,672.5,73.6407241821289,293.883544921875,274.703125,93580.5,18.262723922729492,6.874186549363236,17.732103295155365,0,0,EF0,CST-6,15-APR-12 13:40:00
376422,2012-06-10T17:00:00+00:00,31.1963,-85.82,1351.0,0.4451275169849396,298.62353515625,296.4681396484375,100580.75,52.493736267089844,10.56343972407189,13.37551358077054,0,0,EF0,CST-6,10-JUN-12 10:33:00
378752,2012-04-15T00:00:00+00:00,36.4012,-99.0937,1804.8125,255.10939025878906,297.0625,289.887451171875,93038.75,31.875415802001953,8.75412751304153,24.807162703088093,0,0,EF0,CST-6,14-APR-12 17:50:00
391764,2012-06-01T19:00:00+00:00,39.099,-77.446,613.5,38.984771728515625,298.12255859375,292.2734375,99271.625,42.025909423828125,9.93179056852882,14.896035147285795,0,0,EF0,EST-5,01-JUN-12 13:37:00
415077,2012-10-01T22:00:00+00:00,34.3807,-78.9451,406.625,32.9847297668457,297.7421875,296.12646484375,100709.4375,51.1556396484375,10.84069911013199,14.954947880874698,0,0,EF0,EST-5,01-OCT-12 17:15:00
376307,2012-05-03T03:00:00+00:00,40.3415,-97.7877,4183.0,171.2349395751953,296.188232421875,290.21881103515625,94867.375,37.965614318847656,9.392289179304548,19.45774826709517,1,0,EF1,CST-6,02-MAY-12 21:03:00
365914,2012-03-21T15:00:00+00:00,31.6382,-91.0257,302.75,40.75008773803711,294.54443359375,291.9527587890625,100029.125,40.3881950378418,18.32136565125176,18.107893078614804,1,0,EF1,CST-6,21-MAR-12 09:23:00
372099,2012-05-19T23:00:00+00:00,37.57,-98.15,1409.5625,174.78125,303.2080078125,286.93408203125,95095.25,28.72513198852539,9.521392038792161,15.989038166419922,0,0,EF0,CST-6,19-MAY-12 16:57:00
379771,2012-06-25T04:00:00+00:00,28.5314,-80.8614,304.875,4.974679470062256,298.041015625,296.19677734375,100915.4375,60.67469787597656,15.857294036002372,18.472381614169528,0,0,EF0,EST-5,24-JUN-12 22:37:00
372151,2012-03-24T00:00:00+00:00,39.3991,-83.9829,138.125,59.828643798828125,291.35498046875,288.7749328613281,97740.5625,29.497234344482422,10.418949994165438,17.03423878405516,0,0,EF0,EST-5,23-MAR-12 18:50:00
372096,2012-03-23T21:00:00+00:00,38.8307,-85.047,338.8125,25.78126335144043,292.23193359375,289.8118896484375,98369.5625,30.36640167236328,7.411756355866149,14.993656714970811,0,0,EF0,EST-5,23-MAR-12 15:30:00
369148,2012-03-02T21:00:00+00:00,39.0667,-85.407,764.5625,8.984397888183594,289.52392578125,287.27679443359375,96563.875,23.528564453125,18.833790480723344,28.876907350407652,3,1,EF3,EST-5,02-MAR-12 15:52:00
369383,2012-03-02T22:00:00+00:00,38.8457,-84.3051,632.375,8.651933670043945,289.27587890625,287.1239013671875,96688.1875,28.003761291503906,20.421672472448925,33.7708513737556,3,1,EF3,EST-5,02-MAR-12 16:41:00
370184,2012-03-02T23:00:00+00:00,39.0121,-83.0978,474.0,4.937180519104004,288.515869140625,286.7431335449219,96473.3125,27.076515197753906,19.629904281391386,35.319029081862524,0,0,EF0,EST-5,02-MAR-12 17:53:00
372152,2012-03-24T01:00:00+00:00,39.3218,-84.0703,280.5625,39.87995910644531,290.883544921875,288.4485778808594,97675.1875,28.000192642211914,10.802034633046247,14.914445037826308,0,0,EF0,EST-5,23-MAR-12 19:30:00
369434,2012-03-02T22:00:00+00:00,38.9035,-84.0357,736.5,3.495683431625366,289.38037109375,287.2235107421875,96502.1875,28.824073791503906,19.266310337295057,33.35635765396621,1,0,EF1,EST-5,02-MAR-12 16:58:00
370181,2012-03-02T23:00:00+00:00,38.9581,-83.207,474.0,4.937180519104004,288.515869140625,286.7431335449219,96473.3125,27.076515197753906,19.629904281391386,35.319029081862524,0,0,EF0,EST-5,02-MAR-12 17:46:00
370182,2012-03-02T23:00:00+00:00,38.9595,-83.204,474.0,4.937180519104004,288.515869140625,286.7431335449219,96473.3125,27.076515197753906,19.629904281391386,35.319029081862524,0,0,EF0,EST-5,02-MAR-12 17:47:00
369205,2012-03-02T21:00:00+00:00,38.791,-84.633,909.9375,23.765647888183594,290.90087890625,287.86859130859375,96951.875,28.081298828125,17.9066522330005,29.9908683118631,3,1,EF3,EST-5,02-MAR-12 16:23:00
369180,2012-03-02T21:00:00+00:00,38.6,-84.89,892.3125,22.468772888183594,291.51904296875,288.56488037109375,96891.875,27.542236328125,17.669983927174254,29.905720876857895,2,1,EF2,EST-5,02-MAR-12 16:24:00
370272,2012-03-02T23:00:00+00:00,38.7796,-83.5716,457.625,2.937180757522583,289.019775390625,286.9853210449219,96434.3125,27.058937072753906,19.93160670361306,34.90945960367414,0,0,EF0,EST-5,02-MAR-12 17:30:00
369474,2012-03-02T21:00:00+00:00,38.796,-84.6092,909.9375,23.765647888183594,290.90087890625,287.86859130859375,96951.875,28.081298828125,17.9066522330005,29.9908683118631,4,1,EF4,EST-5,02-MAR-12 16:24:00
370170,2012-03-02T22:00:00+00:00,38.955,-83.588,843.125,8.480058670043945,288.44384765625,286.7196044921875,96224.1875,29.134620666503906,19.499086394139837,31.25094573120628,1,0,EF1,EST-5,02-MAR-12 17:25:00
370174,2012-03-02T23:00:00+00:00,38.811,-83.5182,457.625,2.937180757522583,289.019775390625,286.9853210449219,96434.3125,27.058937072753906,19.93160670361306,34.90945960367414,2,1,EF2,EST-5,02-MAR-12 17:33:00
369352,2012-03-02T22:00:00+00:00,38.693,-84.17,632.375,8.651933670043945,289.27587890625,287.1239013671875,96688.1875,28.003761291503906,20.421672472448925,33.7708513737556,0,0,EF0,EST-5,02-MAR-12 17:02:00
369380,2012-03-02T22:00:00+00:00,38.835,-84.353,565.75,11.526933670043945,289.33837890625,287.0584716796875,96753.1875,27.047706604003906,21.63925559552108,33.55950538115109,3,1,EF3,EST-5,02-MAR-12 16:39:00
370176,2012-03-02T23:00:00+00:00,38.8455,-83.2138,592.875,4.999680519104004,288.968994140625,287.1064147949219,96595.3125,28.232765197753906,19.521139776901983,35.01351268071458,0,0,EF0,EST-5,02-MAR-12 17:46:00
369131,2012-03-02T21:00:00+00:00,38.661,-85.2636,651.75,22.171897888183594,290.65185546875,288.00628662109375,96789.875,25.621337890625,18.704673010074014,29.809961632266802,1,0,EF1,EST-5,02-MAR-12 15:44:00
369430,2012-03-02T22:00:00+00:00,38.859,-84.2328,632.375,8.651933670043945,289.27587890625,287.1239013671875,96688.1875,28.003761291503906,20.421672472448925,33.7708513737556,3,1,EF3,EST-5,02-MAR-12 16:46:00
377457,2012-04-03T20:00:00+00:00,33.1215,-95.8967,1045.875,186.9688262939453,298.34130859375,293.6305847167969,99167.0625,36.82838439941406,8.532622783440427,11.229299494706577,0,0,EF0,CST-6,03-APR-12 14:20:00
377593,2012-04-03T18:00:00+00:00,32.492,-96.8595,1523.5,112.78135681152344,298.510986328125,294.06317138671875,98753.75,35.89238357543945,5.409475018443765,19.581507714281436,0,0,EF0,CST-6,03-APR-12 12:00:00
375257,2012-04-03T20:00:00+00:00,33.1582,-97.1376,915.0,18.81257438659668,293.87646484375,291.6139831542969,98324.0625,35.74049377441406,3.0991500194360775,15.193540677259092,0,0,EF0,CST-6,03-APR-12 13:40:00
375256,2012-04-03T18:00:00+00:00,32.4361,-97.3581,2389.5,41.2188606262207,293.954345703125,292.51824951171875,98002.75,36.70488357543945,3.177898249886226,15.678380370661817,1,0,EF1,CST-6,03-APR-12 11:41:00
377573,2012-04-03T21:00:00+00:00,32.7495,-96.47,1263.875,46.60942077636719,294.171875,292.1399230957031,99176.4375,38.302650451660156,7.383298041994644,12.555554925998822,3,1,EF3,CST-6,03-APR-12 14:33:00
375510,2012-04-03T19:00:00+00:00,32.9469,-96.9936,1035.75,42.5781364440918,295.891845703125,293.5084228515625,98925.25,36.41912078857422,3.061105506368865,14.564182548872367,0,0,EF0,CST-6,03-APR-12 13:23:00
375515,2012-04-03T23:00:00+00:00,33.0095,-95.3556,489.875,366.91754150390625,294.92431640625,292.0302429199219,99153.875,42.00387191772461,12.641602191386147,13.744985018018728,0,0,EF0,CST-6,03-APR-12 16:36:00
377469,2012-04-03T21:00:00+00:00,33.1837,-95.5946,861.625,319.8750305175781,294.22265625,292.6965637207031,99179.4375,35.944252014160156,10.025576654221725,12.229041581571652,0,0,EF0,CST-6,03-APR-12 14:54:00
378595,2012-04-03T18:00:00+00:00,32.6306,-97.2194,2192.5,28.26573371887207,296.490478515625,293.70379638671875,98335.75,36.56523513793945,4.5890164592327345,17.96695741435307,2,1,EF2,CST-6,03-APR-12 12:21:00
377580,2012-04-03T21:00:00+00:00,32.878,-96.3286,1239.125,75.14067077636719,294.849609375,292.4836730957031,99185.4375,38.919837951660156,9.188981353398729,10.98765263419804,3,1,EF3,CST-6,03-APR-12 14:56:00
379183,2012-04-03T18:00:00+00:00,32.5375,-97.2825,2192.5,28.26573371887207,296.490478515625,293.70379638671875,98335.75,36.56523513793945,4.5890164592327345,17.96695741435307,0,0,EF0,CST-6,03-APR-12 12:08:00
377515,2012-04-03T21:00:00+00:00,33.0361,-96.1358,1087.125,86.70317077636719,295.0400390625,292.2463684082031,98991.4375,37.671791076660156,8.582306477952985,11.302225112945859,0,0,EF0,CST-6,03-APR-12 15:27:00
377596,2012-04-03T18:00:00+00:00,32.5473,-96.8238,1614.875,178.73448181152344,299.517822265625,294.18133544921875,99191.75,35.28984451293945,5.844601495562329,20.391125735398997,2,1,EF2,CST-6,03-APR-12 12:08:00
375505,2012-04-03T19:00:00+00:00,32.7773,-96.6908,1336.5,33.3750114440918,298.546142578125,294.2935791015625,99208.25,36.64373016357422,3.2076285296881335,15.87259624192218,0,0,EF0,CST-6,03-APR-12 12:54:00
377444,2012-04-03T20:00:00+00:00,32.7982,-96.6156,1280.625,18.10944938659668,294.78173828125,292.3923034667969,99093.0625,36.29127502441406,3.2211900394698096,18.736284724370076,0,0,EF0,CST-6,03-APR-12 14:22:00
377586,2012-04-03T21:00:00+00:00,32.8998,-96.2968,1239.125,75.14067077636719,294.849609375,292.4836730957031,99185.4375,38.919837951660156,9.188981353398729,10.98765263419804,2,1,EF2,CST-6,03-APR-12 15:02:00
375259,2012-04-03T19:00:00+00:00,32.7725,-97.0623,1033.875,12.75001335144043,296.487548828125,293.6002197265625,99003.25,36.14763641357422,3.8790794487595757,16.976387369661428,0,0,EF0,CST-6,03-APR-12 12:58:00
375507,2012-04-03T19:00:00+00:00,32.8566,-96.9847,1033.875,12.75001335144043,296.487548828125,293.6002197265625,99003.25,36.14763641357422,3.8790794487595757,16.976387369661428,0,0,EF0,CST-6,03-APR-12 13:08:00
375514,2012-04-03T20:00:00+00:00,33.0425,-95.7136,1012.625,273.03131103515625,296.37548828125,293.3278503417969,99273.0625,34.98854064941406,9.472956874066831,10.349566317661829,0,0,EF0,CST-6,03-APR-12 14:24:00
